utt_id,label,pred,p_angry,p_disgust,p_fear,p_happy,p_sad,p_surprise,p_neutral
121_7_2332_2498,1,1,0.202415,0.351293,0.035383,0.219956,0.064924,0.074939,0.051091
121_8_108_264,5,3,0.013672,0.00506,0.015139,0.893605,0.01063,0.055564,0.00633
121_8_1279_1374,4,3,0.015834,0.005989,0.011549,0.915595,0.004724,0.006267,0.040043
121_7_1952_2181,3,1,0.128652,0.620231,0.046208,0.050984,0.041776,0.076775,0.035374
121_7_1031_1261,4,2,0.013198,0.116185,0.447118,0.081485,0.13129,0.141834,0.06889
121_7_1665_1823,4,3,0.017535,0.038326,0.037946,0.793143,0.017562,0.062247,0.03324
121_7_1396_1583,4,3,0.009944,0.013849,0.013054,0.752877,0.011976,0.185126,0.013173
121_8_2186_2318,3,3,0.181381,0.088289,0.021775,0.438959,0.022352,0.188672,0.058572
121_8_841_1015,6,0,0.294318,0.170488,0.025552,0.274401,0.023408,0.10987,0.101963
121_8_584_694,3,3,0.024502,0.031059,0.035268,0.824497,0.020299,0.030141,0.034235
121_7_278_368,1,3,0.021432,0.039282,0.081904,0.648014,0.093289,0.032103,0.083977
121_7_469_559,4,3,0.01261,0.016248,0.014554,0.818371,0.014629,0.099398,0.024192
121_7_31_104,5,3,0.008926,0.003133,0.018902,0.876222,0.009406,0.073039,0.010373
121_8_368_468,5,3,0.028627,0.027217,0.017846,0.802811,0.017981,0.062051,0.043467
121_7_715_829,5,3,0.017363,0.087472,0.036284,0.448653,0.041651,0.112345,0.256233
121_8_1823_1949,3,3,0.102695,0.053793,0.021987,0.419322,0.021733,0.363203,0.017266
121_8_1596_1646,4,3,0.039299,0.101518,0.017951,0.713201,0.047874,0.016043,0.064115
122_8_92_128,5,5,0.012707,0.029805,0.080267,0.003539,0.026157,0.690841,0.156683
122_8_1177_1308,0,0,0.648843,0.254685,0.020388,0.019027,0.016683,0.013209,0.027165
122_7_2035_2131,4,0,0.592035,0.270289,0.010782,0.015164,0.039589,0.037945,0.034197
122_8_1645_1733,0,0,0.63128,0.239015,0.028205,0.015854,0.010567,0.056928,0.01815
122_7_147_262,1,3,0.042969,0.192492,0.102708,0.266143,0.07319,0.097347,0.225151
122_7_1750_1901,4,5,0.154053,0.166966,0.021193,0.058199,0.045573,0.503597,0.050419
122_8_2136_2290,1,0,0.627999,0.189293,0.028725,0.008266,0.039547,0.089396,0.016776
122_8_887_1069,0,0,0.340723,0.325838,0.043167,0.108632,0.035297,0.05433,0.092013
122_7_1313_1442,1,1,0.255147,0.264847,0.040261,0.038765,0.075899,0.237838,0.087243
122_8_514_630,0,0,0.847061,0.113809,0.006707,0.002187,0.007446,0.019384,0.003406
122_7_1077_1162,5,5,0.033061,0.106349,0.082842,0.007181,0.015344,0.707911,0.047312
122_8_269_347,1,1,0.396356,0.491743,0.045008,0.005831,0.017741,0.030493,0.012828
122_7_356_496,4,3,0.026109,0.203174,0.159116,0.231767,0.116004,0.114033,0.149797
122_7_31_90,1,6,0.024048,0.077082,0.219876,0.023902,0.131237,0.094238,0.429617
122_8_1468_1583,1,1,0.144551,0.227041,0.090654,0.196139,0.075883,0.09581,0.169922
122_7_642_880,1,1,0.101254,0.25414,0.13135,0.068915,0.237758,0.071723,0.134861
122_7_1595_1640,4,1,0.068378,0.325867,0.099145,0.263046,0.07023,0.024026,0.149309
122_8_1911_1995,0,0,0.687114,0.224791,0.012076,0.016004,0.009379,0.031527,0.019109
124_7_2416_2524,1,4,0.017879,0.197287,0.134023,0.015074,0.580287,0.006929,0.04852
124_7_31_210,1,2,0.014072,0.226763,0.557177,0.032409,0.106112,0.045548,0.01792
124_8_1064_1253,4,0,0.212743,0.189534,0.081824,0.144917,0.141065,0.108775,0.121141
124_8_231_337,1,4,0.097274,0.201801,0.118918,0.038163,0.290083,0.239351,0.014409
124_8_1389_1544,4,1,0.159124,0.402471,0.130623,0.058737,0.063641,0.114425,0.070979
124_8_2535_2703,4,4,0.018356,0.035125,0.08278,0.181297,0.536833,0.029194,0.116415
124_7_859_1054,1,3,0.012227,0.188532,0.217045,0.286084,0.083448,0.162873,0.049791
124_7_1328_1364,1,4,0.039549,0.19178,0.303946,0.010169,0.402739,0.013931,0.037886
124_8_1989_2099,4,5,0.057218,0.106334,0.11424,0.012296,0.058638,0.561146,0.090128
124_7_1624_1790,6,4,0.021298,0.230506,0.19585,0.066122,0.402124,0.020425,0.063674
124_7_615_665,1,1,0.199764,0.40888,0.076029,0.033718,0.208465,0.046575,0.026569
124_7_2109_2283,6,2,0.010617,0.188027,0.273451,0.108368,0.099693,0.15159,0.168254
124_7_1921_1971,1,1,0.053944,0.463343,0.045267,0.04567,0.191464,0.026132,0.174179
124_8_1814_1885,4,5,0.055768,0.225605,0.273887,0.016177,0.091719,0.279618,0.057227
124_8_477_575,1,5,0.071526,0.077702,0.039574,0.280247,0.136541,0.302598,0.091812
124_7_378_441,1,1,0.120735,0.51309,0.084459,0.056077,0.15121,0.037474,0.036955
124_8_2306_2375,6,1,0.099585,0.426662,0.159419,0.015554,0.126425,0.096238,0.076117
124_8_746_825,1,3,0.04606,0.034004,0.083637,0.611791,0.041145,0.160391,0.022973
124_7_2763_2804,3,2,0.019063,0.210219,0.312316,0.10149,0.230828,0.048348,0.077737
125_7_108_240,5,6,0.013011,0.079827,0.173133,0.145539,0.084327,0.055837,0.448325
125_8_1239_1335,6,4,0.0127,0.039308,0.104141,0.029357,0.753688,0.006537,0.054269
125_7_1938_2047,1,3,0.01499,0.066887,0.135237,0.468614,0.04031,0.23459,0.039374
125_7_1079_1239,4,4,0.02342,0.259216,0.234213,0.038139,0.2908,0.037034,0.117178
125_8_1548_1689,3,3,0.017438,0.03166,0.038901,0.782571,0.038965,0.064642,0.025823
125_8_243_351,1,5,0.024256,0.127512,0.12164,0.031385,0.058085,0.594688,0.042433
125_8_1759_1934,3,3,0.028758,0.046771,0.035881,0.789764,0.018472,0.058924,0.021431
125_7_1376_1544,4,4,0.021564,0.233901,0.123128,0.031913,0.478798,0.024461,0.086234
125_8_2053_2301,3,3,0.029487,0.144829,0.051181,0.659671,0.027598,0.01765,0.069584
125_7_838_944,4,4,0.020752,0.112846,0.133619,0.031863,0.619363,0.029564,0.051993
125_8_951_1061,6,3,0.023802,0.100677,0.121323,0.354314,0.083301,0.077449,0.239134
125_7_592_724,5,5,0.026697,0.099555,0.190711,0.007239,0.049465,0.594028,0.032305
125_7_2312_2345,3,4,0.025467,0.127704,0.107744,0.063346,0.446723,0.016935,0.212082
125_8_431_565,3,6,0.016042,0.057004,0.044699,0.299163,0.026269,0.124696,0.432127
125_7_31_59,3,2,0.024023,0.103682,0.314644,0.036324,0.092068,0.13656,0.292698
125_8_60_95,0,5,0.050055,0.288869,0.079735,0.01879,0.015744,0.455614,0.091194
125_7_1708_1758,0,1,0.313409,0.349401,0.065706,0.010717,0.038822,0.184248,0.037698
125_7_352_407,6,6,0.030433,0.145424,0.090383,0.156229,0.105155,0.066268,0.406108
125_8_724_818,6,6,0.014044,0.042544,0.029134,0.073118,0.025832,0.221154,0.594173
126_8_1277_1351,2,1,0.187772,0.395517,0.156287,0.008235,0.058026,0.173175,0.020989
126_7_1928_2127,2,1,0.078321,0.398907,0.315732,0.018654,0.150309,0.021346,0.016729
126_8_1016_1184,0,1,0.178436,0.444872,0.082972,0.013052,0.02467,0.181819,0.074178
126_7_1647_1820,2,2,0.025779,0.308725,0.400111,0.028457,0.107041,0.057554,0.072334
126_8_251_331,3,1,0.280475,0.38822,0.064946,0.023036,0.079922,0.058121,0.10528
126_7_1379_1510,2,2,0.00697,0.251558,0.574978,0.016046,0.046015,0.06275,0.041682
126_7_869_1011,1,1,0.017948,0.426677,0.216802,0.047184,0.073097,0.099262,0.119029
126_7_164_234,3,2,0.01558,0.154997,0.584882,0.004091,0.113638,0.060698,0.066115
126_7_551_721,1,2,0.01386,0.059122,0.527739,0.069965,0.233094,0.031061,0.065158
126_8_31_116,5,5,0.037924,0.022897,0.062239,0.117369,0.036559,0.528826,0.194185
126_7_354_476,1,6,0.016028,0.160872,0.118086,0.069966,0.28832,0.01386,0.332869
126_8_1522_1646,5,5,0.221208,0.123462,0.131861,0.007938,0.034151,0.469191,0.012189
126_7_1184_1260,6,5,0.007068,0.108041,0.064177,0.014819,0.018722,0.776102,0.01107
126_8_736_867,5,5,0.064904,0.06692,0.031001,0.002285,0.066993,0.762518,0.005379
126_8_1828_1927,0,0,0.346139,0.221912,0.314903,0.00488,0.046444,0.046197,0.019525
126_8_488_534,2,5,0.040242,0.083798,0.035661,0.00754,0.021687,0.584712,0.226361
129_7_2309_2502,6,0,0.370445,0.365273,0.045063,0.047824,0.049604,0.038628,0.083164
129_7_1087_1337,4,6,0.020049,0.111287,0.199686,0.057327,0.255391,0.045777,0.310484
129_7_140_401,4,2,0.009802,0.034297,0.471097,0.029222,0.285279,0.040406,0.129897
129_7_2676_2889,6,6,0.035489,0.198043,0.133956,0.069057,0.184409,0.041117,0.337929
129_8_1338_1478,1,1,0.117978,0.40839,0.188855,0.007704,0.062267,0.193132,0.021675
129_8_2518_2671,1,0,0.575915,0.352431,0.017358,0.005716,0.032662,0.008676,0.007242
129_7_824_1029,4,2,0.016086,0.139271,0.520781,0.050354,0.116271,0.107894,0.049344
129_8_2898_2998,1,1,0.394451,0.397873,0.042052,0.041577,0.030291,0.053889,0.039868
129_7_2059_2180,6,1,0.047193,0.383119,0.16411,0.122754,0.17151,0.040833,0.070481
129_7_1753_1948,6,1,0.104573,0.387444,0.068235,0.059108,0.202083,0.023095,0.155463
129_7_638_685,4,4,0.023867,0.203239,0.073087,0.047525,0.55791,0.0211,0.073271
129_8_1652_1743,1,0,0.519717,0.390297,0.026103,0.005488,0.024852,0.023133,0.01041
129_7_1512_1623,6,6,0.016682,0.23458,0.214813,0.049882,0.14105,0.051613,0.29138
129_8_401_619,5,5,0.019425,0.031496,0.158723,0.006073,0.057279,0.721934,0.00507
129_8_2181_2305,0,2,0.04118,0.061264,0.395775,0.013518,0.091959,0.373818,0.022485
129_8_71_115,5,5,0.006485,0.050154,0.131566,0.004817,0.013042,0.76321,0.030726
129_8_704_808,0,0,0.358081,0.24766,0.155671,0.0171,0.10145,0.081122,0.038917
129_8_1952_2055,0,0,0.407374,0.394035,0.065326,0.011278,0.044405,0.043302,0.03428
129_7_3008_3075,1,1,0.292921,0.380797,0.028464,0.106173,0.045342,0.017465,0.128838
129_8_1037_1082,5,5,0.022187,0.145355,0.30428,0.003462,0.098963,0.40577,0.019983
129_7_31_71,4,3,0.03049,0.030297,0.063791,0.712136,0.053187,0.04424,0.065859
131_7_108_190,1,2,0.008588,0.065829,0.576811,0.139532,0.058002,0.117065,0.034173
131_7_1292_1421,1,1,0.143342,0.423896,0.046558,0.102043,0.181084,0.047194,0.055883
131_8_1100_1288,0,0,0.85533,0.076706,0.012893,0.009375,0.015,0.023217,0.007478
131_8_197_401,1,0,0.785698,0.124916,0.019053,0.005012,0.011979,0.046915,0.006428
131_7_2720_2835,3,1,0.186714,0.47273,0.0681,0.101172,0.134047,0.011947,0.025289
131_8_1424_1491,1,0,0.488429,0.351958,0.039808,0.019894,0.040913,0.028336,0.030662
131_8_2491_2719,1,0,0.658965,0.227545,0.018576,0.011359,0.027811,0.037719,0.018024
131_8_759_945,0,0,0.869655,0.055488,0.008719,0.001685,0.010006,0.050005,0.004442
131_7_2002_2079,6,4,0.008677,0.073695,0.091392,0.011016,0.776075,0.008951,0.030193
131_7_1717_1806,1,1,0.119591,0.333942,0.024552,0.245306,0.089244,0.008112,0.179253
131_7_2309_2483,6,1,0.164623,0.272991,0.063344,0.14683,0.196551,0.05036,0.1053
131_8_1628_1717,0,0,0.337422,0.262777,0.031257,0.012514,0.0403,0.296884,0.018845
131_7_1514_1588,6,2,0.054317,0.261898,0.2791,0.059964,0.249292,0.056804,0.038625
131_8_555_634,1,0,0.807208,0.146311,0.013297,0.005027,0.010154,0.013167,0.004836
131_8_2104_2287,1,0,0.766623,0.142543,0.007274,0.003786,0.014326,0.061046,0.004401
131_8_1844_1975,1,0,0.581426,0.320451,0.012888,0.004445,0.029796,0.044163,0.006831
131_7_954_1088,6,1,0.160161,0.456057,0.07242,0.07345,0.102858,0.087748,0.047306
131_7_421_540,1,0,0.564882,0.310901,0.0237,0.033547,0.023437,0.034239,0.009295
131_8_31_108,1,0,0.448436,0.181701,0.077776,0.115626,0.025486,0.128777,0.022199
133_8_2303_2510,6,3,0.005862,0.011919,0.024356,0.863557,0.010542,0.046468,0.037295
133_7_31_179,3,3,0.008997,0.01446,0.036824,0.708407,0.042359,0.025366,0.163586
133_7_1181_1513,6,2,0.009704,0.193652,0.331018,0.031283,0.040014,0.316259,0.07807
133_8_179_345,5,5,0.007216,0.026644,0.042198,0.11284,0.02079,0.737435,0.052876
133_7_2763_2939,3,3,0.011733,0.009807,0.007888,0.823218,0.007382,0.123961,0.016012
133_8_2650_2763,3,3,0.012983,0.011931,0.014038,0.843208,0.012301,0.028136,0.077402
133_7_3001_3196,3,3,0.016594,0.031972,0.023202,0.68738,0.029192,0.021665,0.189995
133_7_2527_2649,3,3,0.009224,0.006492,0.010257,0.762482,0.012129,0.010057,0.189358
133_7_781_947,6,6,0.011242,0.072166,0.063566,0.027452,0.032081,0.093856,0.699636
133_8_2946_3001,3,3,0.015848,0.00546,0.012148,0.826367,0.011861,0.021475,0.106841
133_8_953_1166,6,5,0.056666,0.135818,0.048986,0.272805,0.035022,0.416838,0.033866
133_8_2033_2107,3,3,0.025991,0.041841,0.016608,0.828376,0.016172,0.027735,0.043278
133_7_1729_1854,3,3,0.019734,0.019378,0.011314,0.759211,0.009977,0.084865,0.095521
133_7_353_647,3,3,0.008517,0.023304,0.049865,0.644919,0.021631,0.232631,0.019134
133_8_1520_1728,6,1,0.068433,0.259388,0.071862,0.232958,0.033189,0.215371,0.118799
133_7_2115_2302,3,2,0.006628,0.121472,0.557742,0.045704,0.032122,0.139909,0.096422
133_8_1855_1955,3,3,0.008477,0.011265,0.020032,0.85942,0.011035,0.054374,0.035397
133_8_651_752,6,5,0.017381,0.079151,0.040453,0.160746,0.019444,0.375103,0.307722
133_7_1956_2030,3,5,0.016028,0.041686,0.051258,0.271935,0.019345,0.408276,0.191474
133_8_3202_3250,3,3,0.020889,0.021357,0.011078,0.84661,0.014981,0.010844,0.074241
134_7_31_208,3,3,0.015041,0.114195,0.122442,0.410195,0.046134,0.201361,0.090633
134_8_1262_1371,6,3,0.012166,0.019324,0.281316,0.536349,0.020304,0.071538,0.059001
134_8_1949_2085,3,3,0.005498,0.001722,0.008702,0.962667,0.003503,0.005322,0.012586
134_7_1088_1251,6,1,0.029438,0.353382,0.352595,0.011847,0.124806,0.071036,0.056897
134_8_1576_1805,3,3,0.007283,0.005334,0.013366,0.908864,0.027422,0.023215,0.014517
134_8_216_290,1,3,0.035207,0.144471,0.230563,0.351025,0.023504,0.137267,0.077963
134_7_1818_1925,3,3,0.045819,0.126794,0.042045,0.536056,0.126223,0.038844,0.084219
134_7_1390_1546,3,4,0.024046,0.265972,0.095656,0.058339,0.305848,0.104871,0.145267
134_8_2215_2328,3,3,0.012245,0.016942,0.024916,0.87254,0.011107,0.03314,0.029109
134_8_925_1063,4,3,0.023141,0.106216,0.227661,0.444771,0.068404,0.095019,0.034788
134_8_577_774,3,3,0.012407,0.019069,0.020755,0.878627,0.006763,0.051523,0.010856
134_7_305_567,3,3,0.030985,0.150122,0.09284,0.290137,0.041306,0.265109,0.129501
134_7_2103_2214,3,3,0.014093,0.027203,0.090151,0.667117,0.071315,0.028734,0.101387
134_7_824_895,5,2,0.016471,0.156453,0.519124,0.016,0.046445,0.158786,0.086721
135_8_2413_2548,3,3,0.014539,0.007262,0.024863,0.911074,0.008585,0.00838,0.025297
135_7_31_178,5,2,0.086086,0.145606,0.352859,0.068122,0.0584,0.042786,0.246141
135_8_1223_1342,6,6,0.017728,0.05982,0.234237,0.097177,0.040857,0.087018,0.463163
135_7_2015_2193,6,3,0.027645,0.073334,0.043915,0.622443,0.036778,0.033655,0.162229
135_7_1094_1186,6,6,0.056044,0.1457,0.066098,0.068439,0.021994,0.06185,0.579876
135_8_1615_1685,3,3,0.020266,0.009895,0.010453,0.845307,0.013251,0.035481,0.065346
135_8_179_317,4,3,0.021384,0.016299,0.100369,0.701365,0.042416,0.084562,0.033604
135_8_1811_1988,3,3,0.019771,0.032877,0.025948,0.766066,0.019247,0.031081,0.105009
135_7_1704_1810,4,2,0.032696,0.079728,0.264794,0.049725,0.238327,0.134273,0.200456
135_7_1343_1597,4,6,0.012043,0.067234,0.081953,0.154995,0.141543,0.143674,0.398559
135_8_2195_2347,3,3,0.012487,0.003203,0.012664,0.898953,0.006237,0.056952,0.009504
135_8_896_1078,4,2,0.018473,0.042533,0.316601,0.274374,0.083221,0.078297,0.186501
135_8_469_617,1,2,0.029755,0.107046,0.266494,0.229823,0.074479,0.104231,0.188171
135_7_322_468,6,6,0.031018,0.084842,0.081056,0.025292,0.023362,0.050644,0.703786
135_7_637_855,4,2,0.010846,0.122589,0.688392,0.016144,0.100816,0.030058,0.031156
135_7_2347_2402,3,5,0.009188,0.024565,0.031028,0.387435,0.010761,0.521219,0.015803
135_7_2551_2585,3,3,0.025034,0.027904,0.022182,0.822091,0.015206,0.025418,0.062165
138_8_1202_1318,1,3,0.013726,0.040615,0.073938,0.40186,0.011538,0.286325,0.171998
138_7_1824_2061,6,1,0.1755,0.48342,0.091095,0.020916,0.127453,0.028708,0.07291
138_8_1604_1816,1,3,0.028242,0.074544,0.13847,0.423579,0.05312,0.065217,0.216828
138_8_221_280,1,3,0.02364,0.052595,0.114263,0.36424,0.020043,0.266271,0.158948
138_7_1337_1570,6,5,0.033251,0.110308,0.097679,0.126537,0.090348,0.433377,0.108499
138_7_839_929,6,1,0.095071,0.216606,0.207289,0.011955,0.076916,0.191095,0.201067
138_8_951_1090,5,5,0.009341,0.032558,0.105327,0.011239,0.01775,0.806997,0.016787
138_7_141_211,0,0,0.549461,0.236807,0.040181,0.032609,0.020532,0.074712,0.045698
138_7_501_671,6,1,0.164472,0.399563,0.072367,0.032653,0.040668,0.057145,0.233132
138_7_1100_1181,5,5,0.112914,0.282367,0.082471,0.062379,0.035665,0.291711,0.132492
138_7_286_380,0,0,0.753665,0.200354,0.005558,0.00665,0.00648,0.020999,0.006294
138_8_404_487,6,5,0.016017,0.054289,0.089842,0.095156,0.015666,0.650951,0.078079
138_7_31_95,0,1,0.166395,0.279525,0.052286,0.047358,0.021961,0.19692,0.235555
138_8_2077_2151,6,3,0.011708,0.046813,0.025263,0.548968,0.027038,0.028461,0.311748
138_8_95_118,6,3,0.011846,0.018902,0.03052,0.694112,0.010097,0.135304,0.099219
138_8_703_805,1,5,0.00945,0.021589,0.209069,0.222921,0.015883,0.470531,0.050557
139_7_31_134,3,3,0.016248,0.016874,0.214083,0.539614,0.020968,0.03699,0.155221
139_8_1222_1329,5,2,0.007965,0.021382,0.406538,0.04901,0.090354,0.331327,0.093425
139_7_1033_1202,5,2,0.018621,0.052197,0.404353,0.010224,0.018868,0.403398,0.092339
139_7_180_295,6,6,0.039943,0.048674,0.18928,0.16281,0.029903,0.053009,0.476381
139_8_1453_1563,6,2,0.019798,0.063145,0.557807,0.058018,0.040277,0.187689,0.073267
139_8_832_1030,6,2,0.03165,0.122774,0.430957,0.020034,0.092399,0.066375,0.23581
139_7_1330_1431,5,5,0.019643,0.11053,0.156037,0.053973,0.023171,0.450726,0.18592
139_8_578_682,5,2,0.008052,0.009121,0.510389,0.048676,0.016591,0.238623,0.168549
139_8_302_408,6,5,0.023105,0.026035,0.313709,0.162772,0.012996,0.354901,0.106482
139_7_427_560,6,2,0.032265,0.056308,0.413409,0.196901,0.04095,0.105667,0.154501
139_7_700_816,6,2,0.046788,0.073943,0.305269,0.008425,0.223094,0.056263,0.286218
139_8_135_171,3,3,0.015396,0.013303,0.017981,0.886272,0.009229,0.024823,0.032996
140_7_1089_1334,4,4,0.012447,0.166188,0.146735,0.220989,0.289411,0.081317,0.082913
140_7_1968_2143,3,3,0.005682,0.012225,0.021239,0.849569,0.010807,0.037277,0.063201
140_7_1478_1802,3,3,0.008014,0.01268,0.028006,0.857031,0.007724,0.030173,0.056372
140_8_130_282,3,3,0.033834,0.0281,0.034448,0.712004,0.026067,0.144977,0.02057
140_8_1811_1967,5,3,0.006694,0.002906,0.011313,0.84748,0.003704,0.12423,0.003674
140_7_31_125,3,3,0.006013,0.005558,0.010943,0.547933,0.006442,0.411327,0.011785
140_8_823_1076,3,3,0.009911,0.005266,0.019966,0.89786,0.01226,0.033751,0.020985
140_8_1346_1455,4,4,0.023756,0.041318,0.09248,0.08871,0.396685,0.044467,0.312584
140_8_445_689,3,3,0.013487,0.00638,0.018423,0.892399,0.017001,0.017616,0.034694
140_7_283_437,3,5,0.007147,0.032683,0.084368,0.16972,0.048732,0.6163,0.04105
140_7_701_814,3,3,0.012955,0.017554,0.040518,0.695911,0.0391,0.147169,0.046793
140_8_2147_2197,3,3,0.007116,0.001559,0.008134,0.952907,0.00531,0.013177,0.011797
141_8_115_282,6,3,0.013034,0.012868,0.026222,0.534045,0.019035,0.034599,0.360197
141_8_1272_1411,1,2,0.029316,0.064048,0.673238,0.018548,0.151182,0.039505,0.024163
141_8_1936_2051,6,3,0.019773,0.01407,0.299089,0.424526,0.083969,0.016786,0.141787
141_7_1110_1254,6,4,0.014011,0.052574,0.167993,0.061136,0.652983,0.02327,0.028032
141_8_1608_1815,6,2,0.004062,0.033539,0.770357,0.00589,0.043106,0.116641,0.026405
141_7_1820_1935,6,6,0.023334,0.056099,0.059283,0.199757,0.082476,0.032537,0.546514
141_7_1419_1607,6,2,0.011026,0.070438,0.461488,0.033035,0.318382,0.087562,0.018069
141_8_948_1106,5,2,0.006021,0.015905,0.543731,0.019398,0.071464,0.318086,0.025395
141_7_282_432,6,6,0.029796,0.133348,0.11267,0.035188,0.203156,0.093289,0.392554
141_8_595_834,6,3,0.017788,0.00798,0.094044,0.628461,0.013735,0.021816,0.216176
141_8_433_534,5,3,0.015576,0.022499,0.108944,0.499803,0.034384,0.149347,0.169447
141_7_31_96,6,6,0.023701,0.091783,0.29611,0.051003,0.132455,0.025421,0.379528
141_7_842_912,6,6,0.020876,0.118052,0.24941,0.088472,0.065406,0.165014,0.29277
141_7_534_564,6,6,0.030057,0.102834,0.059016,0.237189,0.027214,0.050693,0.492997
142_8_94_128,5,3,0.014158,0.001155,0.004181,0.92394,0.003447,0.047252,0.005866
142_8_718_839,6,3,0.049248,0.04006,0.06452,0.452591,0.030628,0.29912,0.063833
142_7_31_86,5,5,0.098794,0.119537,0.05291,0.150868,0.018314,0.451954,0.107623
142_7_965_1014,6,5,0.051386,0.049111,0.024188,0.086542,0.026608,0.681076,0.08109
142_7_128_279,3,3,0.041703,0.051761,0.015431,0.448983,0.023484,0.393044,0.025594
142_7_354_451,0,1,0.312563,0.568599,0.014326,0.049214,0.017122,0.017592,0.020585
142_7_613_710,3,1,0.17408,0.596108,0.024814,0.053941,0.080945,0.020026,0.050085
142_8_887_961,1,0,0.430114,0.147705,0.021369,0.241951,0.039433,0.066698,0.05273
142_8_451_605,3,3,0.204503,0.165726,0.01729,0.50007,0.028467,0.055798,0.028144
142_8_280_354,3,3,0.096987,0.042746,0.02923,0.707024,0.018737,0.083517,0.02176
142_7_846_874,6,6,0.083383,0.235811,0.025429,0.048821,0.071538,0.03151,0.503507
143_7_766_810,3,3,0.01128,0.004434,0.010806,0.914109,0.007101,0.01532,0.03695
143_8_627_766,3,3,0.011623,0.005794,0.015117,0.799296,0.007622,0.010624,0.149925
143_8_236_399,3,3,0.012555,0.007845,0.013584,0.877793,0.009629,0.0156,0.062993
143_7_400_419,3,3,0.022912,0.022915,0.009514,0.84945,0.013711,0.030346,0.051151
143_7_165_221,3,3,0.016295,0.016324,0.020913,0.809237,0.011214,0.050124,0.075892
143_8_430_498,3,3,0.016179,0.007166,0.015424,0.705345,0.016902,0.051614,0.18737
143_7_503_611,3,3,0.008168,0.010634,0.039282,0.793193,0.012642,0.100451,0.03563
143_7_31_58,3,0,0.287506,0.203964,0.035605,0.232355,0.01527,0.054551,0.170749
143_8_846_906,3,3,0.014054,0.023996,0.03694,0.778398,0.020785,0.013214,0.112612
144_8_54_219,3,3,0.006935,0.002199,0.006119,0.931645,0.004992,0.029557,0.018552
144_8_765_905,3,3,0.012351,0.007742,0.00788,0.840534,0.009945,0.018592,0.102956
144_7_219_377,3,3,0.007083,0.006451,0.009164,0.787905,0.007412,0.1194,0.062584
144_8_984_1044,3,3,0.013819,0.004329,0.010309,0.921793,0.008176,0.020102,0.021472
144_8_382_448,3,3,0.012446,0.003778,0.005771,0.931086,0.007459,0.02512,0.01434
144_8_585_660,3,3,0.01729,0.016504,0.010577,0.826543,0.016315,0.008993,0.103778
144_7_660_749,3,6,0.027481,0.060733,0.057361,0.156856,0.026685,0.327559,0.343325
144_7_915_971,3,3,0.010038,0.010786,0.00968,0.873623,0.008535,0.039484,0.047855
144_7_448_584,3,3,0.013391,0.0258,0.011816,0.720295,0.01676,0.11098,0.100957
144_7_31_54,3,3,0.011395,0.001828,0.007158,0.93795,0.005087,0.013936,0.022646
148_7_31_190,4,2,0.01488,0.010084,0.700573,0.06634,0.137559,0.03664,0.033924
148_8_798_865,2,5,0.034015,0.102533,0.130356,0.043781,0.022333,0.428896,0.238086
148_8_965_1030,2,3,0.010524,0.009737,0.034613,0.554865,0.012171,0.08774,0.29035
148_7_748_789,3,5,0.019086,0.050358,0.236998,0.180263,0.037565,0.271298,0.204432
148_7_247_382,6,2,0.028584,0.034483,0.583108,0.059626,0.070578,0.153508,0.070113
148_8_385_429,2,6,0.04276,0.08049,0.051079,0.024368,0.079566,0.103449,0.618288
148_7_537_668,6,6,0.104513,0.102983,0.022274,0.316022,0.024426,0.028488,0.401293
148_8_685_736,2,5,0.005857,0.02578,0.082597,0.009867,0.010148,0.793199,0.072551
148_7_874_945,4,2,0.087842,0.25495,0.318936,0.022856,0.204813,0.01267,0.097933
148_8_194_239,2,6,0.07007,0.191706,0.049262,0.256336,0.027106,0.148331,0.257188
148_7_435_485,6,6,0.023697,0.094123,0.027847,0.075677,0.043873,0.081835,0.652948
148_7_1043_1124,3,3,0.014056,0.034783,0.204954,0.428595,0.041139,0.167147,0.109326
148_8_488_528,2,6,0.04016,0.134734,0.049638,0.09141,0.031626,0.125357,0.527074
149_7_82_131,3,6,0.120692,0.155197,0.025253,0.146416,0.030781,0.010858,0.510803
149_7_955_1184,4,3,0.033532,0.062386,0.11648,0.42645,0.181115,0.105692,0.074345
149_7_805_851,3,3,0.011261,0.01757,0.10207,0.609263,0.020421,0.137922,0.101492
149_8_31_75,5,5,0.014372,0.046185,0.033961,0.162903,0.021214,0.502025,0.21934
149_8_746_801,3,3,0.016833,0.006362,0.028336,0.869246,0.015626,0.013356,0.050241
149_8_145_276,1,2,0.029597,0.242619,0.259813,0.01402,0.066688,0.13802,0.249243
149_7_276_431,1,2,0.013283,0.099317,0.401067,0.210625,0.084612,0.055874,0.135222
149_7_520_727,4,6,0.012067,0.04407,0.068973,0.184239,0.052077,0.05693,0.581644
149_8_856_950,4,1,0.169108,0.340946,0.137743,0.0089,0.082723,0.053123,0.207458
149_8_452_515,6,6,0.016568,0.01376,0.009351,0.140601,0.015816,0.027179,0.776725
150_8_123_197,3,3,0.015129,0.010145,0.02905,0.539698,0.013189,0.011776,0.381013
150_8_795_844,2,5,0.025583,0.270059,0.164299,0.017764,0.01698,0.3658,0.139516
150_8_31_87,2,6,0.038223,0.088748,0.101649,0.050751,0.022812,0.304399,0.393417
150_8_721_769,1,5,0.01465,0.114745,0.265776,0.00677,0.046739,0.450556,0.100764
150_7_205_389,4,3,0.009395,0.087696,0.165295,0.41385,0.140288,0.038594,0.144882
150_8_400_547,2,2,0.0051,0.061912,0.658763,0.02201,0.03854,0.126612,0.087063
150_7_548_717,1,2,0.027515,0.175934,0.320955,0.079863,0.167586,0.049643,0.178505
150_7_854_970,1,3,0.011599,0.041161,0.04552,0.482927,0.02136,0.046247,0.351186
150_7_87_102,3,6,0.012652,0.026074,0.019577,0.418764,0.012634,0.043858,0.466441
151_7_91_229,3,3,0.01171,0.011055,0.041684,0.819266,0.010242,0.040862,0.065182
151_8_939_1155,3,3,0.023282,0.020229,0.011871,0.789977,0.009118,0.040785,0.104737
151_7_774_816,6,3,0.022277,0.022976,0.026534,0.628405,0.012908,0.26127,0.025629
151_8_31_85,3,3,0.010282,0.002361,0.008424,0.792058,0.00541,0.124757,0.056708
151_8_600_774,6,3,0.009478,0.004662,0.05084,0.672746,0.011096,0.169314,0.081863
151_8_237_305,3,3,0.01455,0.005283,0.023041,0.686074,0.00711,0.128391,0.135551
151_8_353_475,3,3,0.008702,0.006023,0.012724,0.84499,0.007668,0.096762,0.023131
151_7_890_937,4,2,0.027429,0.015753,0.506442,0.313608,0.072768,0.030788,0.033212
151_7_491_593,3,3,0.013197,0.008901,0.027257,0.810243,0.018343,0.100098,0.021963
151_8_828_865,5,3,0.027249,0.016173,0.210188,0.403665,0.013947,0.263032,0.065747
151_7_315_352,6,3,0.026049,0.045616,0.020276,0.728337,0.019284,0.09567,0.064768
152_8_125_203,6,6,0.021894,0.07299,0.091723,0.061699,0.167244,0.047883,0.536567
152_8_1229_1313,6,1,0.089891,0.340155,0.210512,0.034387,0.196,0.074809,0.054246
152_8_1023_1208,6,2,0.020685,0.048362,0.423366,0.016504,0.158705,0.17199,0.160388
152_8_1407_1821,3,4,0.026832,0.17933,0.210401,0.125807,0.270256,0.049025,0.138349
152_7_881_1023,6,2,0.015587,0.135348,0.376582,0.017121,0.059344,0.318671,0.077347
152_7_1325_1397,4,4,0.041968,0.298244,0.161616,0.047496,0.307407,0.025986,0.117283
152_7_561_678,4,6,0.021879,0.091238,0.365956,0.020901,0.05652,0.038975,0.40453
152_7_306_402,4,2,0.009074,0.053361,0.644253,0.025872,0.082396,0.05449,0.130554
152_8_422_548,4,4,0.012059,0.069023,0.322273,0.013694,0.325529,0.033363,0.224058
152_7_31_100,6,1,0.251294,0.492851,0.04519,0.025212,0.071949,0.038081,0.075423
152_8_689_842,4,6,0.015571,0.018066,0.063871,0.04915,0.04623,0.377545,0.429568
153_8_86_144,4,2,0.008327,0.021671,0.44528,0.001975,0.186323,0.019724,0.316699
153_7_31_86,6,6,0.081222,0.296783,0.084958,0.017147,0.096491,0.108244,0.315154
153_7_822_976,4,2,0.036487,0.307573,0.41583,0.00818,0.106282,0.06277,0.062878
153_8_702_784,5,2,0.26738,0.087,0.273816,0.17053,0.040195,0.118974,0.042107
153_7_155_267,6,2,0.008249,0.112785,0.605653,0.008604,0.02059,0.190436,0.053683
153_8_987_1097,4,4,0.099932,0.168544,0.112852,0.048534,0.251928,0.081448,0.236762
153_8_267_496,2,2,0.013143,0.016454,0.611992,0.005261,0.212712,0.031953,0.108485
153_7_617_687,6,6,0.014085,0.033729,0.223765,0.202345,0.010131,0.04622,0.469726
153_8_554_595,6,6,0.019156,0.064297,0.291018,0.014056,0.1333,0.093896,0.384278
153_7_500_548,6,6,0.077941,0.17515,0.122319,0.068313,0.022017,0.248072,0.286189
154_8_89_146,3,3,0.008669,0.003287,0.009038,0.902937,0.005077,0.053808,0.017183
154_8_784_915,4,3,0.059052,0.08801,0.036678,0.649023,0.051641,0.055107,0.060489
154_7_31_82,3,3,0.008899,0.004398,0.00641,0.830214,0.004962,0.10296,0.042158
154_7_930_1023,6,3,0.021636,0.041782,0.026291,0.419097,0.027666,0.365391,0.098137
154_7_637_782,5,6,0.011808,0.051515,0.038778,0.222203,0.164941,0.163139,0.347616
154_8_220_348,4,3,0.046726,0.102661,0.043609,0.620244,0.043464,0.08706,0.056235
154_8_1025_1058,3,3,0.020574,0.061636,0.014456,0.733775,0.030817,0.015183,0.123558
154_7_349_456,6,5,0.028195,0.116978,0.074415,0.192916,0.101409,0.382574,0.103512
154_7_153_220,6,2,0.003273,0.056267,0.759115,0.008847,0.102189,0.041754,0.028555
154_8_462_619,6,3,0.019835,0.016307,0.015664,0.773962,0.026905,0.081547,0.065781
155_7_788_876,3,3,0.044172,0.034948,0.053975,0.717237,0.060878,0.024352,0.064439
155_7_31_76,3,3,0.057814,0.022886,0.075812,0.696349,0.036808,0.037234,0.073097
155_8_883_1029,1,5,0.006863,0.073794,0.124964,0.032196,0.040281,0.64872,0.073181
155_7_323_491,6,6,0.018583,0.027405,0.038469,0.066153,0.045793,0.013665,0.789933
155_7_593_711,6,1,0.165641,0.331614,0.060574,0.101647,0.168291,0.071166,0.101067
155_8_268_304,1,2,0.010302,0.024298,0.529472,0.00767,0.063768,0.147799,0.21669
155_8_134_209,5,5,0.021026,0.054452,0.180992,0.252622,0.039677,0.295628,0.155603
155_8_753_783,1,6,0.015094,0.043076,0.054241,0.016822,0.071523,0.01902,0.780224
155_7_217_250,3,3,0.070157,0.053817,0.018496,0.731033,0.024015,0.044526,0.057956
155_8_510_582,1,2,0.015341,0.027084,0.632815,0.065316,0.08682,0.050633,0.121991
156_7_31_143,5,3,0.009058,0.004626,0.010731,0.806085,0.013922,0.07569,0.079887
156_8_1100_1218,3,3,0.013141,0.004051,0.010843,0.939489,0.007028,0.018283,0.007165
156_7_740_869,5,3,0.027355,0.109578,0.071528,0.306036,0.051933,0.265273,0.168298
156_8_876_988,3,3,0.016111,0.013438,0.012122,0.864308,0.013087,0.011404,0.069531
156_8_155_277,3,3,0.006119,0.002234,0.005264,0.952077,0.005798,0.015246,0.013262
156_7_988_1081,6,6,0.018241,0.076256,0.02572,0.326586,0.016751,0.032347,0.504099
156_8_350_490,3,3,0.076726,0.085345,0.022922,0.581524,0.037261,0.058976,0.137246
156_7_508_656,5,3,0.008047,0.020978,0.028841,0.477394,0.019251,0.399704,0.045786
156_8_657_739,3,3,0.017978,0.010903,0.008327,0.881153,0.014401,0.024008,0.04323
156_7_286_332,5,5,0.016574,0.055849,0.080418,0.076628,0.040712,0.648251,0.081568
157_8_127_255,5,1,0.245084,0.430794,0.116013,0.012124,0.046309,0.103354,0.046321
157_8_1239_1407,1,3,0.02807,0.085169,0.223,0.368904,0.036211,0.217385,0.041261
157_7_1121_1229,6,3,0.024312,0.066344,0.023394,0.551891,0.051972,0.033825,0.248261
157_7_31_122,5,5,0.016523,0.149892,0.129474,0.045253,0.019076,0.364859,0.274923
157_7_762_942,2,3,0.018304,0.07739,0.046331,0.4335,0.067658,0.07094,0.285878
157_7_534_616,6,1,0.135319,0.472325,0.071715,0.040638,0.113457,0.025664,0.140883
157_8_965_1112,1,3,0.083099,0.236709,0.100683,0.255106,0.030276,0.075719,0.218407
157_7_264_370,0,2,0.01811,0.143312,0.560273,0.011727,0.054235,0.129248,0.083094
157_8_633_746,6,6,0.014619,0.129536,0.087003,0.191034,0.142401,0.04008,0.395327
157_8_382_500,0,1,0.352988,0.486376,0.049749,0.004503,0.042965,0.034629,0.02879
158_7_31_131,6,6,0.040077,0.10473,0.260749,0.011886,0.047782,0.236902,0.297874
158_8_1239_1362,2,5,0.053951,0.115351,0.120679,0.09983,0.0423,0.326535,0.241354
158_7_1123_1233,2,2,0.014449,0.147693,0.521272,0.007348,0.210616,0.037394,0.061228
158_7_192_316,6,5,0.007425,0.049093,0.156623,0.014652,0.019645,0.634208,0.118355
158_7_726_949,3,2,0.014274,0.155793,0.56971,0.004137,0.160327,0.030571,0.065189
158_7_464_617,3,5,0.022551,0.155425,0.163483,0.219417,0.088253,0.250823,0.100048
158_8_132_187,6,5,0.040266,0.071529,0.070587,0.020084,0.01228,0.667457,0.117798
158_8_956_1111,6,2,0.014339,0.041413,0.331327,0.015272,0.094159,0.302261,0.201229
158_8_331_445,6,3,0.022477,0.017323,0.021804,0.733633,0.012293,0.114088,0.078382
158_8_630_723,3,2,0.044872,0.123064,0.339205,0.036925,0.17767,0.082352,0.195911
159_8_1169_1295,1,0,0.689363,0.205822,0.02921,0.014662,0.01945,0.024349,0.017144
159_8_124_227,0,5,0.06385,0.075411,0.072522,0.030379,0.025152,0.720229,0.012457
159_7_1077_1162,0,0,0.65345,0.222392,0.018529,0.032302,0.015684,0.046856,0.010787
159_7_805_957,0,1,0.37363,0.443007,0.039884,0.027848,0.020897,0.077811,0.016923
159_7_31_121,0,0,0.54273,0.237635,0.050696,0.01538,0.024173,0.066257,0.063129
159_8_649_796,0,0,0.627788,0.284099,0.014045,0.010525,0.017613,0.033464,0.012466
159_7_230_309,0,0,0.342359,0.29105,0.056334,0.030929,0.013793,0.056157,0.209378
159_8_979_1077,1,0,0.286514,0.281623,0.139108,0.016993,0.071304,0.147009,0.05745
159_8_328_469,0,0,0.688504,0.223809,0.017213,0.009178,0.018496,0.027884,0.014916
159_7_504_641,0,0,0.524328,0.361465,0.038921,0.010051,0.038689,0.009383,0.017164
160_8_31_212,2,3,0.033197,0.051419,0.12001,0.418621,0.039896,0.297564,0.039294
160_8_923_1147,2,2,0.068802,0.181968,0.631516,0.027595,0.038191,0.043335,0.008593
160_8_604_719,2,2,0.022429,0.099738,0.556639,0.043851,0.201737,0.041371,0.034234
160_7_422_447,1,5,0.049698,0.20719,0.055756,0.008274,0.01799,0.601866,0.059225
160_7_557_594,1,5,0.038276,0.080465,0.045332,0.007103,0.031433,0.764889,0.032502
160_8_369_412,2,2,0.019236,0.099849,0.611753,0.008435,0.14284,0.08233,0.035557
160_7_318_362,1,5,0.017079,0.051065,0.055965,0.01097,0.010257,0.810319,0.044346
160_8_507_547,2,6,0.080196,0.110656,0.03507,0.097471,0.027786,0.089572,0.55925
204_12_1265_1332,1,1,0.188036,0.600194,0.062734,0.029536,0.052056,0.018511,0.048934
204_11_1066_1265,0,0,0.833321,0.139098,0.004082,0.005901,0.006544,0.004918,0.006136
204_11_231_309,1,3,0.043111,0.056575,0.032654,0.562207,0.00761,0.077835,0.220009
204_12_1427_1491,1,1,0.118976,0.694242,0.030366,0.005947,0.115205,0.005541,0.029724
204_11_872_981,0,0,0.452435,0.237313,0.045242,0.122602,0.02401,0.089032,0.029367
204_12_197_230,6,6,0.040593,0.10165,0.024776,0.208613,0.014768,0.207572,0.402028
204_11_1333_1423,0,0,0.929802,0.041839,0.002975,0.007115,0.004649,0.008968,0.004651
204_12_559_655,1,1,0.442523,0.508875,0.008471,0.00443,0.016692,0.013529,0.005479
204_12_310_343,2,5,0.043887,0.13161,0.045528,0.017244,0.013803,0.721025,0.026904
204_12_983_1054,1,0,0.492993,0.395903,0.015929,0.018054,0.016713,0.032291,0.028117
204_11_360_558,1,0,0.458321,0.377063,0.029549,0.030249,0.022689,0.035151,0.046978
204_11_31_115,0,0,0.565637,0.160522,0.032535,0.11015,0.018527,0.049286,0.063343
204_11_1496_1600,6,0,0.308361,0.214425,0.02821,0.192814,0.014157,0.099216,0.142817
204_12_798_856,1,0,0.580516,0.360774,0.01092,0.015361,0.009743,0.009558,0.013128
204_11_656_798,1,0,0.541692,0.346988,0.035971,0.008349,0.044602,0.00937,0.013028
206_12_102_161,6,3,0.118523,0.070734,0.017197,0.582374,0.035208,0.04125,0.134714
206_12_1104_1184,2,5,0.012037,0.069518,0.087209,0.013079,0.018543,0.780238,0.019376
206_11_167_269,6,3,0.048576,0.270311,0.04411,0.314376,0.113542,0.030331,0.178754
206_11_807_969,2,0,0.342809,0.316861,0.102291,0.031836,0.05641,0.121558,0.028234
206_12_1303_1415,5,5,0.017667,0.042179,0.272193,0.006428,0.104616,0.524083,0.032834
206_12_582_652,6,5,0.010119,0.09329,0.142572,0.043846,0.016057,0.609605,0.08451
206_12_281_363,6,3,0.016491,0.015684,0.025365,0.845106,0.011336,0.053604,0.032415
206_11_1000_1097,2,1,0.34762,0.366275,0.062176,0.049262,0.04244,0.081255,0.050971
206_11_420_505,5,5,0.014167,0.026033,0.039764,0.052621,0.020703,0.800793,0.045919
206_12_31_54,3,3,0.005962,0.004129,0.011851,0.825282,0.005338,0.013957,0.133481
206_11_1199_1289,2,0,0.622496,0.240954,0.016307,0.024693,0.015124,0.072911,0.007515
206_11_54_102,6,3,0.013443,0.013401,0.017311,0.624679,0.010342,0.150399,0.170425
206_11_706_738,5,5,0.148906,0.081211,0.025863,0.020752,0.021731,0.660311,0.041228
206_12_505_530,6,3,0.013928,0.037475,0.019313,0.680025,0.017101,0.075136,0.157022
206_12_738_790,2,2,0.010742,0.057669,0.492551,0.002539,0.160035,0.221378,0.055086
206_11_540_582,2,5,0.013948,0.023359,0.026636,0.01194,0.005549,0.88092,0.037649
206_12_969_1000,5,5,0.0185,0.050036,0.026328,0.049571,0.011284,0.823689,0.020592
207_11_121_149,5,0,0.671642,0.165559,0.025308,0.022232,0.018378,0.074537,0.022345
207_11_1206_1365,3,3,0.10449,0.071678,0.028712,0.665025,0.030347,0.061546,0.038201
207_12_1065_1206,3,3,0.017971,0.025007,0.016872,0.825711,0.026779,0.028455,0.059204
207_11_242_355,5,3,0.172938,0.19361,0.018722,0.465812,0.016424,0.040372,0.092122
207_11_1449_1551,5,3,0.079523,0.164771,0.06418,0.324,0.048445,0.134517,0.184564
207_12_855_1015,3,1,0.085802,0.226332,0.17593,0.225136,0.135151,0.115755,0.035893
207_12_173_240,3,3,0.033564,0.050134,0.008502,0.488575,0.009249,0.110661,0.299314
207_11_503_680,3,6,0.125935,0.144956,0.047975,0.24661,0.08286,0.06957,0.282095
207_11_1015_1065,3,6,0.121824,0.191113,0.018703,0.302083,0.01144,0.036723,0.318114
207_12_373_503,3,3,0.033321,0.014525,0.010985,0.829159,0.020859,0.04254,0.048613
207_12_31_72,3,3,0.045398,0.023239,0.05934,0.635209,0.018992,0.114233,0.103588
207_12_680_758,3,3,0.015048,0.013248,0.014608,0.810787,0.023722,0.096105,0.026482
207_12_1365_1449,5,3,0.031289,0.081547,0.017946,0.473127,0.047955,0.091583,0.256554
207_11_766_819,3,6,0.049452,0.214845,0.029615,0.246886,0.075364,0.038071,0.345767
208_12_31_140,0,1,0.090383,0.256007,0.200769,0.112278,0.189003,0.054492,0.097068
208_12_1096_1314,0,0,0.843133,0.119847,0.006676,0.00674,0.008474,0.009857,0.005272
208_11_1623_1849,6,1,0.302197,0.500594,0.022414,0.056862,0.021157,0.021383,0.075393
208_11_140_286,6,3,0.035729,0.184448,0.01408,0.649771,0.042575,0.014228,0.059169
208_11_1440_1532,0,0,0.753967,0.192326,0.010734,0.007504,0.006028,0.011561,0.01788
208_12_848_984,0,0,0.457184,0.448584,0.013961,0.013975,0.043731,0.013139,0.009427
208_11_1327_1405,0,0,0.679996,0.177892,0.010993,0.077606,0.00728,0.021099,0.025134
208_12_499_618,0,0,0.441771,0.366642,0.020917,0.048043,0.047402,0.020359,0.054867
208_12_286_388,0,0,0.500499,0.393051,0.014675,0.023424,0.036224,0.013823,0.018305
208_11_634_833,6,1,0.053725,0.338263,0.059973,0.064788,0.240676,0.033665,0.208909
208_11_997_1085,1,0,0.835173,0.112275,0.007173,0.005319,0.005529,0.008798,0.025733
208_11_388_499,6,1,0.238554,0.552356,0.029341,0.028155,0.06715,0.012963,0.071481
208_12_1532_1619,0,0,0.581553,0.312058,0.024628,0.021471,0.017013,0.015344,0.027934
208_12_1405_1440,5,0,0.64719,0.239599,0.0126,0.014587,0.013669,0.054486,0.017869
210_11_108_158,6,6,0.082949,0.235826,0.020404,0.060056,0.007613,0.293637,0.299515
210_12_1240_1522,1,1,0.047339,0.366427,0.063171,0.238765,0.114843,0.066645,0.10281
210_11_1112_1240,5,3,0.041395,0.189332,0.023325,0.339727,0.033498,0.074268,0.298454
210_12_1645_1732,1,2,0.026132,0.064879,0.382644,0.154888,0.312881,0.018488,0.040088
210_11_250_470,4,1,0.041639,0.475968,0.157833,0.116308,0.06682,0.056031,0.0854
210_12_158_250,6,6,0.01387,0.106976,0.114447,0.233427,0.031874,0.142652,0.356754
210_11_523_672,1,1,0.056623,0.491376,0.121275,0.016123,0.258807,0.011631,0.044165
210_12_1076_1112,3,3,0.007861,0.005034,0.009423,0.935726,0.008769,0.0142,0.018987
210_11_982_1076,5,6,0.008961,0.04245,0.014424,0.218996,0.022865,0.045451,0.646853
210_12_470_523,6,3,0.010135,0.034995,0.029497,0.83808,0.012183,0.016493,0.058617
210_11_31_84,5,3,0.016523,0.039527,0.010452,0.67833,0.013594,0.133523,0.108052
210_11_1522_1645,1,1,0.20784,0.381616,0.020568,0.057686,0.041411,0.215898,0.07498
210_12_672_825,4,3,0.010679,0.076899,0.033081,0.498425,0.016406,0.045405,0.319105
210_12_84_108,3,3,0.01636,0.027659,0.013113,0.809772,0.013748,0.0549,0.064448
211_12_1239_1336,1,1,0.268631,0.294633,0.051682,0.033057,0.197815,0.089317,0.064864
211_12_1657_1815,0,1,0.215504,0.344825,0.094902,0.03609,0.229491,0.031456,0.047731
211_12_232_326,1,3,0.031839,0.114596,0.064906,0.511183,0.075643,0.031339,0.170495
211_12_1449_1554,0,4,0.189084,0.254187,0.069728,0.048119,0.330256,0.058667,0.049959
211_11_767_986,1,3,0.027738,0.068031,0.023106,0.488268,0.070411,0.284725,0.037721
211_11_142_232,1,1,0.155387,0.681699,0.026732,0.016024,0.069333,0.035049,0.015776
211_12_518_594,4,3,0.035498,0.048358,0.035564,0.713071,0.040218,0.071825,0.055466
211_11_1064_1179,1,0,0.239519,0.220239,0.025303,0.207236,0.052112,0.038338,0.217253
211_12_1033_1064,1,2,0.020061,0.02772,0.435048,0.023156,0.048259,0.356842,0.088914
211_11_381_483,1,1,0.190611,0.490879,0.04475,0.05272,0.045795,0.075293,0.099953
211_12_31_59,6,6,0.017583,0.058098,0.025266,0.029397,0.077815,0.040075,0.751765
211_11_1865_1932,1,4,0.100268,0.199655,0.042825,0.040239,0.53038,0.015667,0.070967
211_11_647_718,1,6,0.021511,0.099612,0.016799,0.136689,0.039328,0.012717,0.673343
211_11_1554_1623,1,4,0.112554,0.240337,0.051145,0.082795,0.455408,0.027863,0.029897
211_11_1372_1410,1,4,0.025538,0.163056,0.034578,0.02516,0.565182,0.008405,0.178081
211_12_753_767,1,3,0.025106,0.111953,0.088195,0.325147,0.175673,0.047752,0.226175
212_11_102_139,5,5,0.033293,0.077441,0.029937,0.042872,0.01397,0.61055,0.191937
212_12_1190_1315,1,1,0.163746,0.427914,0.064608,0.104521,0.082968,0.086533,0.069709
212_11_1101_1190,1,6,0.068213,0.259053,0.041525,0.204272,0.121565,0.018453,0.28692
212_11_233_343,1,1,0.366635,0.549371,0.009107,0.021311,0.02565,0.01207,0.015857
212_12_1380_1471,1,3,0.122883,0.227997,0.02444,0.393381,0.090254,0.016809,0.124236
212_11_870_1038,0,0,0.65088,0.254413,0.015015,0.017435,0.044444,0.009381,0.008431
212_12_139_233,1,1,0.30408,0.515036,0.027945,0.01911,0.081729,0.017202,0.034898
212_11_1315_1380,4,0,0.494274,0.397691,0.014675,0.02618,0.01555,0.015546,0.036084
212_11_447_618,1,0,0.592395,0.326371,0.007325,0.029379,0.02084,0.011761,0.01193
212_12_618_661,1,1,0.202318,0.41933,0.023298,0.13989,0.027157,0.15773,0.030277
212_12_31_102,4,2,0.017819,0.070995,0.476833,0.075909,0.24978,0.048201,0.060463
212_12_343_447,0,1,0.134862,0.351089,0.097021,0.077564,0.106468,0.166259,0.066736
212_12_750_870,1,1,0.090558,0.313713,0.049348,0.262135,0.144965,0.030064,0.109217
212_11_661_750,1,3,0.037652,0.176849,0.104181,0.203841,0.088835,0.203606,0.185035
212_12_1038_1101,4,1,0.160617,0.479236,0.040583,0.0567,0.113391,0.019061,0.130411
213_11_1143_1303,5,1,0.236591,0.443678,0.037877,0.030974,0.138515,0.024294,0.088072
213_11_209_312,2,6,0.044438,0.274608,0.074186,0.011952,0.088072,0.022503,0.484241
213_12_824_1016,5,5,0.149159,0.199355,0.057444,0.030529,0.039067,0.517907,0.006538
213_12_1303_1432,3,3,0.010541,0.009785,0.026601,0.732494,0.095687,0.072091,0.052801
213_12_591_623,5,5,0.014412,0.045057,0.147238,0.004669,0.013863,0.754321,0.020441
213_12_1049_1110,3,5,0.015414,0.038337,0.136074,0.202022,0.070901,0.514313,0.022939
213_11_329_591,5,1,0.259241,0.310686,0.091392,0.041112,0.093771,0.068047,0.135751
213_11_623_824,5,5,0.039279,0.135025,0.136528,0.141692,0.093802,0.34859,0.105083
213_11_1016_1049,5,3,0.088032,0.124211,0.015928,0.499395,0.007816,0.132648,0.131969
213_12_31_74,6,5,0.015585,0.05442,0.087316,0.047524,0.06083,0.459866,0.274457
213_11_129_145,2,6,0.194762,0.221491,0.034029,0.076596,0.041657,0.046445,0.385021
213_12_312_329,6,6,0.008703,0.062602,0.021052,0.352749,0.024459,0.094011,0.436424
213_12_145_172,6,5,0.011396,0.0401,0.102208,0.009159,0.011368,0.761094,0.064675
214_11_31_133,1,3,0.165827,0.08643,0.048508,0.361117,0.107064,0.191558,0.039496
214_12_1274_1340,1,1,0.046166,0.553501,0.096869,0.034047,0.18333,0.00658,0.079507
214_11_1139_1274,1,0,0.588337,0.316184,0.014018,0.011315,0.017052,0.043007,0.010086
214_12_1645_1745,1,3,0.030942,0.159249,0.093345,0.541038,0.008217,0.152221,0.014988
214_11_211_341,1,6,0.055709,0.325763,0.074675,0.089709,0.090022,0.015028,0.349095
214_11_1745_1830,0,0,0.690247,0.271982,0.008626,0.006949,0.006948,0.006889,0.00836
214_11_1340_1645,0,3,0.203788,0.150273,0.031645,0.208552,0.077263,0.175109,0.153371
214_11_938_1082,1,1,0.166066,0.584618,0.020103,0.095633,0.058617,0.026569,0.048393
214_12_133_211,1,3,0.015427,0.014728,0.033638,0.769435,0.011534,0.136532,0.018706
214_12_504_685,3,3,0.01467,0.018331,0.03792,0.791503,0.0094,0.064818,0.063357
214_12_1082_1139,5,1,0.021974,0.396881,0.184958,0.023087,0.070367,0.190519,0.112215
214_11_450_504,1,1,0.115059,0.572199,0.01362,0.132771,0.053593,0.013829,0.09893
214_12_341_450,1,3,0.018475,0.141285,0.046702,0.441021,0.03846,0.026741,0.287316
214_12_748_893,3,3,0.013808,0.033238,0.020975,0.794659,0.013866,0.047084,0.07637
214_11_685_748,5,5,0.015534,0.031573,0.041942,0.036428,0.014727,0.794866,0.064929
216_11_31_187,5,3,0.278862,0.117126,0.033203,0.391835,0.023661,0.137824,0.017489
216_12_1220_1316,6,2,0.014381,0.055687,0.340309,0.136596,0.149549,0.233689,0.06979
216_11_1904_2096,6,1,0.062201,0.347214,0.335759,0.078433,0.044818,0.07322,0.058354
216_11_1531_1726,0,0,0.702823,0.231213,0.014874,0.006317,0.021137,0.004653,0.018983
216_12_253_297,5,5,0.008951,0.025049,0.089273,0.022539,0.033762,0.805218,0.015207
216_12_1726_1845,6,1,0.041089,0.339998,0.258732,0.058263,0.140242,0.12481,0.036865
216_12_890_976,4,4,0.004284,0.014182,0.146088,0.017193,0.802133,0.008341,0.007779
216_11_1316_1454,1,3,0.247534,0.127412,0.026421,0.433879,0.029377,0.047774,0.087603
216_12_538_783,5,5,0.051641,0.206616,0.115628,0.004679,0.195081,0.420651,0.005703
216_11_297_364,1,2,0.025783,0.202329,0.404062,0.143648,0.071928,0.111546,0.040704
216_11_976_1072,6,1,0.285844,0.435611,0.01792,0.090365,0.016564,0.013527,0.14017
216_11_394_538,1,1,0.087531,0.706617,0.117167,0.015674,0.039487,0.018313,0.015211
216_12_1485_1531,4,4,0.018982,0.051367,0.278566,0.057143,0.543596,0.025317,0.025029
216_11_783_890,1,1,0.184252,0.568254,0.08174,0.052273,0.047204,0.018746,0.047532
216_12_364_394,5,6,0.114313,0.295377,0.063506,0.028823,0.031207,0.079632,0.387141
217_12_127_214,5,5,0.004753,0.035113,0.055375,0.022484,0.010958,0.841004,0.030315
217_12_1281_1353,5,0,0.383221,0.133401,0.011291,0.277706,0.017756,0.154067,0.022558
217_11_1084_1240,6,2,0.020075,0.206732,0.275591,0.079766,0.231855,0.025366,0.160615
217_12_1673_1755,3,3,0.023407,0.16186,0.060341,0.602758,0.022395,0.047948,0.081291
217_11_214_275,3,2,0.027811,0.144975,0.544807,0.026691,0.037925,0.159565,0.058225
217_11_1353_1480,6,1,0.026404,0.631087,0.164583,0.06991,0.035099,0.038237,0.03468
217_11_83_127,3,1,0.101185,0.61997,0.030892,0.108092,0.040892,0.039674,0.059294
217_11_923_1008,6,1,0.039194,0.640883,0.086259,0.024534,0.107521,0.028471,0.073138
217_12_580_675,3,3,0.034981,0.047904,0.034079,0.782567,0.022322,0.042479,0.035668
217_12_320_376,5,3,0.011123,0.011768,0.023263,0.591488,0.009548,0.342961,0.009849
217_12_1008_1047,5,5,0.007789,0.04246,0.053578,0.016167,0.007645,0.820205,0.052156
217_11_376_580,3,5,0.01436,0.044415,0.078402,0.361692,0.0314,0.434877,0.034854
217_12_31_83,5,5,0.031074,0.06893,0.081485,0.020584,0.021943,0.692627,0.083357
217_12_1524_1582,5,3,0.009719,0.00577,0.023678,0.897346,0.009747,0.043,0.010741
217_12_724_923,3,3,0.020592,0.034236,0.028996,0.806053,0.025225,0.06505,0.019847
217_11_675_724,5,5,0.121493,0.177698,0.06124,0.181513,0.019131,0.282801,0.156124
217_11_1582_1673,6,1,0.241429,0.670118,0.024296,0.006405,0.03971,0.003777,0.014265
218_11_98_158,5,1,0.108568,0.494282,0.059672,0.061053,0.085774,0.043457,0.147193
218_11_1284_1351,3,3,0.012313,0.019262,0.008578,0.846582,0.013211,0.064193,0.035861
218_12_1151_1284,3,3,0.013305,0.007624,0.018611,0.853177,0.008634,0.009226,0.089421
218_11_202_314,1,1,0.048377,0.414494,0.208677,0.045657,0.140615,0.066726,0.075455
218_11_1435_1469,3,3,0.017598,0.047864,0.035236,0.539645,0.017808,0.142055,0.199794
218_12_905_958,3,3,0.027177,0.103525,0.040542,0.687724,0.035622,0.02388,0.08153
218_11_573_752,6,3,0.012578,0.022268,0.017967,0.627085,0.02985,0.23413,0.056122
218_11_1080_1151,6,3,0.027788,0.071302,0.060867,0.614372,0.038263,0.085392,0.102016
218_12_158_202,4,1,0.139705,0.595072,0.01833,0.061036,0.042307,0.039727,0.103823
218_12_314_427,2,2,0.008326,0.212228,0.567642,0.025654,0.128897,0.010754,0.0465
218_12_1034_1080,3,3,0.008398,0.003807,0.011725,0.920958,0.009745,0.014595,0.030771
218_11_427_506,6,3,0.023762,0.048396,0.152461,0.445211,0.040125,0.18696,0.103084
218_12_31_54,3,5,0.011655,0.01964,0.027621,0.026667,0.02091,0.518388,0.375118
218_12_752_835,3,3,0.043447,0.08127,0.051759,0.683754,0.077853,0.028008,0.033909
218_12_1351_1435,3,3,0.014834,0.027364,0.011809,0.842488,0.014889,0.007013,0.081604
218_12_506_573,6,3,0.035,0.121601,0.089412,0.416795,0.045262,0.10231,0.18962
218_11_835_905,5,5,0.015838,0.016028,0.0195,0.158833,0.012599,0.754427,0.022775
218_11_958_1034,3,3,0.014159,0.067681,0.013044,0.80064,0.016182,0.015847,0.072447
220_11_121_177,5,0,0.846878,0.030877,0.015015,0.007817,0.008249,0.081939,0.009223
220_11_1186_1300,4,0,0.615984,0.263652,0.026626,0.018759,0.040834,0.026206,0.00794
220_12_1673_1730,3,3,0.003475,0.001404,0.005205,0.947175,0.003168,0.01006,0.029513
220_12_210_263,3,3,0.007782,0.005471,0.027398,0.709411,0.010946,0.039185,0.199807
220_12_1793_1811,3,3,0.018808,0.009069,0.016202,0.858153,0.007628,0.04086,0.04928
220_11_1436_1673,3,3,0.160539,0.196046,0.029078,0.374798,0.044701,0.045915,0.148923
220_12_926_1026,3,3,0.010719,0.025223,0.027216,0.812928,0.020559,0.020203,0.083151
220_12_1332_1373,3,3,0.034694,0.099949,0.026559,0.525775,0.040635,0.040617,0.231771
220_11_440_605,3,0,0.795855,0.092656,0.013895,0.011728,0.059368,0.018509,0.007989
220_12_1077_1176,3,3,0.016401,0.041609,0.025051,0.655993,0.096261,0.017976,0.14671
220_11_1734_1793,3,3,0.06869,0.089582,0.01297,0.589251,0.018542,0.019566,0.201399
220_11_282_363,5,6,0.048558,0.032019,0.039172,0.336946,0.028293,0.069225,0.445787
220_12_605_670,5,5,0.021196,0.02287,0.023203,0.06523,0.011678,0.828612,0.027211
220_12_31_61,3,3,0.016165,0.022576,0.02995,0.719243,0.01232,0.030463,0.169283
220_11_675_926,3,0,0.518695,0.217526,0.015147,0.049943,0.03546,0.153639,0.009589
220_12_375_430,3,3,0.008872,0.005894,0.010516,0.885756,0.007147,0.061988,0.019827
221_12_78_143,2,2,0.006452,0.04218,0.537806,0.004678,0.376656,0.005686,0.026542
221_11_1208_1344,1,1,0.267016,0.431757,0.023321,0.093247,0.023814,0.021511,0.139334
221_12_1149_1208,4,2,0.01561,0.083394,0.396315,0.016574,0.226117,0.013427,0.248563
221_11_143_302,0,0,0.710343,0.22878,0.009622,0.014492,0.008924,0.01736,0.01048
221_12_915_961,4,6,0.034692,0.047167,0.287676,0.194893,0.06955,0.018314,0.347708
221_12_1344_1407,4,3,0.02398,0.061461,0.085776,0.391953,0.040361,0.09469,0.301779
221_12_561_621,2,2,0.031008,0.088215,0.383895,0.177239,0.22195,0.019473,0.07822
221_12_302_459,2,2,0.015241,0.023739,0.680844,0.040711,0.131657,0.007548,0.100259
221_11_621_662,1,1,0.214723,0.394884,0.026887,0.10547,0.013438,0.119083,0.125516
221_11_1001_1092,1,0,0.647765,0.268266,0.017,0.014645,0.018069,0.00651,0.027745
221_11_459_561,0,0,0.470709,0.436219,0.016192,0.019274,0.022568,0.012751,0.022287
221_11_31_78,0,0,0.728175,0.045007,0.007811,0.032004,0.005451,0.090594,0.090958
221_11_686_825,1,3,0.01833,0.010007,0.0055,0.793199,0.007347,0.137927,0.027691
221_12_666_686,4,3,0.011317,0.030809,0.018102,0.576891,0.017275,0.027072,0.318534
221_11_867_915,1,5,0.108405,0.134405,0.057932,0.053755,0.029081,0.530183,0.08624
221_12_825_867,4,6,0.055844,0.097828,0.056262,0.304975,0.026517,0.137873,0.320702
223_12_101_169,3,3,0.004975,0.002266,0.005665,0.94745,0.005149,0.010986,0.02351
223_12_1067_1374,3,6,0.034269,0.110945,0.033369,0.184765,0.048015,0.042287,0.54635
223_11_186_268,3,4,0.023303,0.148726,0.036716,0.01913,0.684388,0.021937,0.065799
223_12_833_1002,3,3,0.027514,0.038283,0.021033,0.679117,0.02283,0.050386,0.160837
223_11_565_677,5,1,0.270321,0.446591,0.020377,0.024776,0.054339,0.103571,0.080025
223_12_268_376,4,6,0.010356,0.043882,0.015188,0.270309,0.042255,0.023721,0.594288
223_11_1002_1067,5,6,0.020798,0.060458,0.088504,0.07589,0.076096,0.141355,0.536899
223_12_429_565,3,3,0.024182,0.082959,0.014232,0.471244,0.028961,0.017801,0.36062
223_11_31_101,3,5,0.030223,0.09851,0.051771,0.238684,0.041052,0.336021,0.20374
223_11_791_833,5,5,0.018195,0.040419,0.024704,0.043492,0.018478,0.802907,0.051806
223_12_686_788,3,3,0.013844,0.017845,0.008949,0.68105,0.008408,0.009595,0.260309
223_11_382_429,5,1,0.287503,0.571746,0.017595,0.023371,0.032694,0.013985,0.053106
223_11_1393_1427,3,3,0.020031,0.034439,0.039303,0.516807,0.073248,0.200391,0.115781
223_12_1427_1459,3,3,0.031148,0.092916,0.075929,0.4223,0.057406,0.06342,0.256881
224_12_1147_1206,1,1,0.175882,0.313641,0.074246,0.134294,0.031089,0.16297,0.107879
224_11_207_346,3,3,0.014504,0.055885,0.017118,0.658576,0.066413,0.026518,0.160985
224_12_870_975,1,2,0.078995,0.182838,0.335048,0.033735,0.109996,0.113299,0.146089
224_12_1332_1411,4,6,0.020646,0.078033,0.177333,0.214964,0.179026,0.01019,0.319807
224_12_585_679,4,6,0.040949,0.11154,0.043251,0.16465,0.069961,0.170581,0.39907
224_11_1107_1146,0,1,0.114759,0.361001,0.118517,0.052034,0.054807,0.184651,0.11423
224_12_1034_1080,4,2,0.057511,0.189277,0.312953,0.116064,0.076944,0.036426,0.210824
224_12_382_509,4,2,0.083785,0.166233,0.433065,0.024491,0.126462,0.0252,0.140764
224_12_31_75,4,3,0.016843,0.024796,0.055373,0.679114,0.011885,0.043221,0.168768
224_11_1241_1277,0,2,0.030805,0.242825,0.364712,0.009659,0.236666,0.022168,0.093164
224_11_822_869,0,5,0.103775,0.102497,0.046738,0.023004,0.016438,0.663787,0.04376
224_11_709_764,0,3,0.121708,0.209705,0.047565,0.456744,0.027248,0.087892,0.049138
224_11_520_561,0,5,0.027678,0.045425,0.038174,0.018708,0.012915,0.752604,0.104496
224_12_765_821,0,2,0.133897,0.130971,0.346362,0.053579,0.199696,0.073373,0.062122
224_11_982_1033,0,5,0.059256,0.072695,0.056055,0.021509,0.014194,0.717693,0.058598
225_11_1267_1345,3,2,0.036395,0.125169,0.45366,0.076644,0.228713,0.022665,0.056755
225_12_910_1260,3,3,0.020574,0.007482,0.06273,0.795985,0.026221,0.023293,0.063714
225_12_1372_1776,3,3,0.007403,0.008625,0.021858,0.905754,0.012823,0.021544,0.021993
225_11_1788_1948,5,3,0.016461,0.031071,0.072552,0.753053,0.045781,0.053928,0.027152
225_12_140_215,3,3,0.026852,0.058049,0.085045,0.661284,0.042712,0.060119,0.065939
225_12_546_613,3,3,0.015864,0.045006,0.071869,0.535186,0.019307,0.225134,0.087634
225_12_280_470,3,3,0.008931,0.005431,0.010216,0.822424,0.018362,0.006944,0.127693
225_11_613_692,5,3,0.015986,0.016622,0.018664,0.76752,0.023726,0.022982,0.1345
225_12_31_87,3,3,0.011628,0.008938,0.113675,0.630002,0.038351,0.056878,0.140527
225_12_702_863,3,3,0.014561,0.005792,0.01634,0.783929,0.011503,0.012435,0.15544
225_11_494_546,5,5,0.011121,0.071237,0.042083,0.041067,0.009538,0.692738,0.132216
225_11_863_910,6,3,0.028881,0.138714,0.038342,0.407903,0.030123,0.097089,0.258948
225_11_219_246,1,6,0.039472,0.133628,0.104795,0.262276,0.093346,0.086953,0.279529
226_11_90_194,3,3,0.006178,0.0041,0.02242,0.734068,0.007045,0.186047,0.040141
226_12_1238_1408,3,3,0.021201,0.020387,0.034039,0.756422,0.021482,0.013895,0.132574
226_11_1151_1238,3,3,0.018659,0.022277,0.035208,0.707991,0.117584,0.036611,0.06167
226_12_223_291,6,3,0.015556,0.054442,0.210366,0.246669,0.209273,0.063161,0.200533
226_12_1452_1508,6,3,0.022494,0.04242,0.028518,0.713721,0.116676,0.01066,0.065512
226_11_749_1044,6,4,0.025521,0.044123,0.213191,0.116963,0.430509,0.03713,0.132564
226_11_580_651,6,1,0.089684,0.270255,0.094384,0.210868,0.222258,0.074213,0.038339
226_12_1044_1136,4,3,0.026016,0.071965,0.135307,0.356851,0.126459,0.026007,0.257396
226_11_339_497,4,2,0.013912,0.112173,0.368825,0.091124,0.318851,0.044757,0.050358
226_12_31_90,3,3,0.004596,0.001645,0.007166,0.917888,0.004183,0.047723,0.0168
226_11_1508_1628,3,3,0.010951,0.01471,0.107446,0.706892,0.034675,0.063072,0.062254
226_12_651_722,2,2,0.006436,0.029865,0.474756,0.019688,0.378644,0.024992,0.065618
226_11_1408_1452,5,1,0.131909,0.477504,0.062914,0.026744,0.213095,0.019915,0.06792
226_12_497_569,4,2,0.002858,0.007548,0.816495,0.000831,0.157185,0.013104,0.001979
227_11_122_166,0,0,0.81388,0.132264,0.010288,0.006345,0.0074,0.007718,0.022105
227_11_1253_1298,3,5,0.019477,0.071335,0.092846,0.122845,0.026432,0.486389,0.180675
227_12_1159_1209,6,3,0.020377,0.022436,0.028144,0.763077,0.021345,0.028114,0.116507
227_12_185_276,5,3,0.015834,0.036461,0.248004,0.450874,0.046089,0.121403,0.081336
227_11_940_1006,5,6,0.020677,0.135062,0.073062,0.161366,0.193368,0.025551,0.390914
227_12_545_689,6,3,0.024987,0.069871,0.077391,0.537608,0.077341,0.015125,0.197677
227_11_1134_1159,3,3,0.040177,0.278023,0.077817,0.318565,0.094361,0.017874,0.173184
227_12_1006_1129,6,3,0.012149,0.013214,0.011435,0.814413,0.013597,0.008686,0.126506
227_11_299_511,0,0,0.658189,0.290024,0.007304,0.011217,0.007518,0.016939,0.008808
227_12_1298_1350,6,3,0.021652,0.036617,0.037309,0.705589,0.035849,0.025712,0.137273
227_12_31_61,5,6,0.018526,0.025327,0.037639,0.158245,0.033244,0.151323,0.575697
227_12_807_928,6,3,0.033905,0.110041,0.054207,0.584975,0.064369,0.025332,0.12717
227_11_724_804,5,2,0.028036,0.161399,0.517475,0.02847,0.034015,0.148765,0.08184
228_12_31_150,5,5,0.017464,0.028238,0.336103,0.030183,0.03056,0.53214,0.025311
228_11_1255_1300,1,6,0.03672,0.166576,0.114069,0.024632,0.025957,0.248667,0.383379
228_12_1126_1255,1,1,0.178921,0.708384,0.036997,0.011814,0.016726,0.034906,0.012251
228_12_187_289,2,2,0.009404,0.050065,0.650555,0.029089,0.01617,0.220617,0.024098
228_11_1367_1528,1,1,0.060579,0.53221,0.045727,0.189512,0.106289,0.027942,0.037743
228_11_876_945,0,1,0.40145,0.457232,0.020162,0.027933,0.021444,0.049268,0.02251
228_12_945_987,5,1,0.091609,0.405068,0.259871,0.076293,0.038464,0.082953,0.045741
228_11_559_609,1,5,0.11907,0.207519,0.064581,0.009649,0.029075,0.552057,0.01805
228_11_150_187,6,5,0.060623,0.222443,0.076954,0.008767,0.022793,0.566425,0.041995
228_11_1071_1126,1,1,0.11038,0.379413,0.068493,0.025284,0.046274,0.227966,0.14219
228_11_289_367,6,5,0.040497,0.273798,0.213582,0.005943,0.03427,0.419674,0.012237
228_12_1300_1343,1,1,0.061618,0.408269,0.272386,0.021912,0.04618,0.083589,0.106046
228_12_367_454,5,5,0.014278,0.033342,0.04616,0.320025,0.005718,0.551659,0.028817
228_11_767_843,1,5,0.072022,0.256265,0.091515,0.021872,0.031575,0.465183,0.061568
228_12_645_713,1,3,0.031619,0.035194,0.155745,0.580752,0.018909,0.138785,0.038996
228_12_510_559,5,5,0.006332,0.024463,0.205946,0.050655,0.020954,0.666309,0.025341
228_11_480_506,6,5,0.016783,0.056247,0.042758,0.037311,0.018352,0.765208,0.063341
228_12_843_876,5,5,0.015174,0.035505,0.048088,0.085444,0.016988,0.743652,0.055148
229_12_78_171,4,4,0.0245,0.108691,0.296434,0.109691,0.305679,0.011885,0.14312
229_11_1205_1345,6,6,0.025168,0.083099,0.022889,0.077898,0.026146,0.12805,0.63675
229_12_1624_1748,3,3,0.022781,0.01701,0.032894,0.742022,0.019877,0.073973,0.091442
229_11_171_327,0,6,0.141447,0.223448,0.047004,0.10523,0.043353,0.136914,0.302603
229_11_1419_1468,3,3,0.015447,0.026723,0.027316,0.706629,0.007571,0.135705,0.080609
229_12_889_939,3,3,0.017659,0.013443,0.029075,0.877425,0.013332,0.027509,0.021558
229_11_588_720,1,1,0.059667,0.347157,0.110652,0.095792,0.069966,0.15761,0.159156
229_12_1124_1170,3,3,0.010823,0.006392,0.018814,0.876636,0.009738,0.017979,0.059617
229_11_955_1124,3,6,0.088242,0.3217,0.039996,0.119593,0.053968,0.018743,0.357759
229_12_327_396,4,2,0.023376,0.115355,0.536107,0.120368,0.139854,0.033367,0.031574
229_11_396_534,1,1,0.149859,0.543791,0.10898,0.025201,0.047581,0.022446,0.102142
229_11_31_78,0,1,0.328151,0.368563,0.077104,0.044612,0.062792,0.015115,0.103664
229_12_1468_1549,3,3,0.022789,0.026052,0.016851,0.827791,0.021278,0.016101,0.069138
229_11_819_889,3,3,0.037304,0.12981,0.016089,0.629197,0.019987,0.024846,0.142766
229_11_1575_1620,5,5,0.042492,0.066726,0.028647,0.055579,0.015002,0.577657,0.213898
229_12_1392_1419,3,3,0.014304,0.015148,0.0185,0.843039,0.018106,0.017961,0.072942
229_11_1850_1878,1,6,0.051206,0.205101,0.03537,0.105263,0.029072,0.013389,0.560599
229_12_762_819,3,3,0.020807,0.027013,0.046792,0.803277,0.030748,0.013256,0.058108
229_12_534_588,4,3,0.024928,0.058181,0.051719,0.732738,0.020653,0.013837,0.097944
230_12_123_222,6,6,0.045916,0.197575,0.038104,0.037915,0.028331,0.053224,0.598935
230_12_1291_1380,2,3,0.035331,0.165193,0.107187,0.382485,0.049434,0.194822,0.065548
230_12_862_1190,1,2,0.008507,0.046204,0.460614,0.2945,0.050007,0.072867,0.067301
230_12_1650_1721,4,3,0.007215,0.030251,0.037941,0.50439,0.013376,0.034176,0.372652
230_11_222_315,5,6,0.009144,0.024346,0.014455,0.374687,0.019267,0.077457,0.480643
230_11_1721_1879,3,3,0.014514,0.069748,0.021441,0.669255,0.018048,0.180033,0.026962
230_11_1380_1650,1,1,0.061901,0.684474,0.065701,0.053825,0.044919,0.037535,0.051644
230_11_31_123,6,3,0.023202,0.079059,0.081711,0.383925,0.019316,0.157745,0.255042
230_11_501_764,1,1,0.14835,0.348982,0.016423,0.199009,0.037275,0.155071,0.094891
230_12_315_404,3,3,0.017541,0.065297,0.031289,0.539315,0.042465,0.030289,0.273803
230_12_457_501,3,3,0.024143,0.048856,0.049577,0.616466,0.014689,0.065235,0.181033
230_11_404_457,5,5,0.007533,0.008474,0.018849,0.362874,0.005991,0.463087,0.133192
230_11_1190_1291,4,5,0.012575,0.097354,0.119139,0.06629,0.022696,0.620872,0.061074
230_11_815_862,1,5,0.045338,0.115037,0.032362,0.01606,0.028674,0.682584,0.079945
230_12_1879_1969,1,3,0.012965,0.075932,0.055466,0.503237,0.013166,0.026237,0.312998
230_12_764_815,1,1,0.052749,0.374701,0.282937,0.055573,0.058435,0.098555,0.07705
230_11_1969_2031,3,3,0.029373,0.047863,0.024732,0.597525,0.020326,0.046258,0.233923
231_11_31_171,3,3,0.015808,0.033717,0.013386,0.604437,0.029082,0.046075,0.257495
231_12_1130_1187,3,3,0.006102,0.002222,0.005066,0.93732,0.003131,0.01327,0.032889
231_11_1784_1879,3,3,0.020007,0.024918,0.013459,0.835424,0.019747,0.031174,0.055271
231_11_862_982,5,4,0.047016,0.171999,0.0528,0.083196,0.333707,0.06997,0.241311
231_12_171_216,3,3,0.012838,0.021973,0.036132,0.741857,0.022186,0.044144,0.120869
231_11_534_716,3,6,0.058835,0.128398,0.032371,0.277441,0.065092,0.024305,0.413557
231_11_1034_1130,5,6,0.022367,0.026847,0.016862,0.344553,0.050323,0.169863,0.369184
231_12_1702_1784,3,3,0.004469,0.000816,0.004386,0.970557,0.003697,0.003963,0.012112
231_12_1487_1530,6,3,0.014544,0.015743,0.023757,0.826914,0.011029,0.027615,0.080399
231_12_1879_1938,3,3,0.020951,0.049659,0.084937,0.581498,0.054578,0.009986,0.19839
231_12_716_760,2,3,0.012465,0.061097,0.127946,0.40495,0.044161,0.127427,0.221955
231_12_374_433,2,5,0.015374,0.028447,0.187585,0.282902,0.049655,0.386891,0.049146
231_12_982_1034,3,3,0.008703,0.005597,0.019152,0.922529,0.007356,0.018803,0.017859
232_12_82_145,3,3,0.007957,0.023461,0.018347,0.675093,0.008095,0.0701,0.196946
232_11_1167_1331,1,1,0.287282,0.449255,0.008242,0.105789,0.062183,0.019476,0.067773
232_11_1601_1741,0,3,0.05149,0.100559,0.044434,0.349307,0.03407,0.103235,0.316904
232_11_145_274,5,5,0.057774,0.140119,0.027489,0.288394,0.011748,0.418813,0.055663
232_12_1741_1832,1,6,0.021357,0.099344,0.226702,0.220887,0.168849,0.025683,0.237178
232_12_1331_1566,1,2,0.001655,0.02238,0.937997,0.003212,0.016031,0.007599,0.011126
232_11_929_994,0,3,0.030248,0.070446,0.047765,0.498119,0.021899,0.077592,0.253931
232_11_533_604,5,5,0.020493,0.017888,0.019128,0.021462,0.015271,0.897943,0.007816
232_12_1031_1167,1,2,0.003493,0.053757,0.83387,0.010891,0.052834,0.010486,0.034669
232_12_274_342,1,3,0.015069,0.025478,0.027902,0.732436,0.011914,0.087434,0.099768
232_12_392_533,1,3,0.007289,0.014491,0.014857,0.66795,0.010037,0.013357,0.272019
232_11_31_82,5,5,0.013852,0.037488,0.040565,0.100666,0.013283,0.627419,0.166727
232_12_790_891,1,3,0.015065,0.063936,0.102619,0.561137,0.013061,0.077728,0.166454
232_11_715_790,5,5,0.011601,0.056949,0.073714,0.042707,0.019963,0.720799,0.074267
232_11_342_392,5,5,0.019265,0.033873,0.028019,0.023699,0.013557,0.82785,0.053737
232_12_604_637,3,3,0.014616,0.021238,0.024491,0.77049,0.013492,0.026386,0.129287
233_11_112_170,5,5,0.078921,0.160041,0.247544,0.03305,0.090195,0.275793,0.114456
233_12_1160_1211,2,2,0.071713,0.314277,0.332925,0.005582,0.261183,0.011081,0.00324
233_12_787_863,1,1,0.237063,0.579415,0.098093,0.001155,0.051118,0.02652,0.006636
233_12_31_98,5,3,0.037343,0.02674,0.02939,0.726815,0.016888,0.091508,0.071317
233_12_946_1024,1,1,0.417346,0.460865,0.050429,0.003146,0.045058,0.009073,0.014084
233_12_700_753,5,0,0.314855,0.267624,0.14275,0.00565,0.026822,0.224756,0.017542
233_11_223_258,5,5,0.024705,0.056538,0.110115,0.039053,0.012814,0.709,0.047775
233_11_1024_1125,0,1,0.205358,0.375015,0.066202,0.102816,0.039073,0.106243,0.105293
233_11_345_453,0,0,0.325181,0.27126,0.119583,0.071479,0.03745,0.145107,0.02994
233_11_645_700,0,3,0.112816,0.043819,0.01271,0.678052,0.009322,0.074197,0.069084
233_11_863_946,0,0,0.439014,0.189534,0.071145,0.047858,0.0301,0.185045,0.037304
233_12_170_223,2,2,0.266811,0.185849,0.337997,0.041595,0.055118,0.09852,0.01411
233_12_591_645,5,5,0.257538,0.202854,0.115396,0.005032,0.022944,0.376775,0.01946
233_12_463_522,1,1,0.152424,0.475287,0.136289,0.02404,0.032055,0.072787,0.107119
233_11_753_787,0,0,0.552154,0.162372,0.025088,0.127173,0.013359,0.025416,0.094437
233_12_307_345,2,1,0.27977,0.388232,0.146498,0.021187,0.053402,0.063579,0.047332
233_11_563_591,0,1,0.051244,0.449657,0.085189,0.271351,0.039191,0.017965,0.085404
236_11_31_215,6,6,0.034814,0.077252,0.017511,0.189739,0.021024,0.038145,0.621515
236_11_1274_1344,6,5,0.099337,0.15087,0.103627,0.09334,0.0397,0.271565,0.241559
236_11_964_1191,0,0,0.556765,0.297834,0.039867,0.032612,0.024516,0.024887,0.023518
236_11_1511_1911,6,3,0.115635,0.16673,0.02511,0.306055,0.028181,0.057594,0.300694
236_12_244_303,2,6,0.023038,0.096359,0.336862,0.043987,0.082641,0.045587,0.371525
236_11_1377_1478,6,3,0.027225,0.115865,0.024769,0.622474,0.033692,0.024989,0.150986
236_12_821_964,4,2,0.008603,0.175703,0.598672,0.0569,0.073263,0.019372,0.067487
236_12_1344_1377,4,6,0.02276,0.147218,0.18012,0.111274,0.064106,0.01503,0.459493
236_12_584_650,2,2,0.01177,0.089322,0.702042,0.008692,0.108922,0.014054,0.065199
236_12_328_390,2,2,0.020322,0.052767,0.65734,0.114469,0.052413,0.056703,0.045986
236_11_430_479,5,5,0.132494,0.210977,0.070457,0.015843,0.041111,0.482385,0.046733
236_12_1191_1274,4,4,0.005979,0.055542,0.383218,0.004833,0.529384,0.005498,0.015545
236_12_1478_1511,6,3,0.012017,0.021285,0.128895,0.55702,0.009596,0.048064,0.223123
236_11_712_821,0,5,0.192084,0.165831,0.018217,0.03314,0.034429,0.509504,0.046795
236_12_1911_1960,6,3,0.018554,0.095998,0.053472,0.504669,0.038064,0.022612,0.26663
236_11_303_328,6,1,0.070751,0.303189,0.107056,0.091092,0.059447,0.160923,0.207541
237_11_31_177,4,4,0.01219,0.244729,0.091261,0.022663,0.506953,0.018236,0.103968
237_11_1239_1350,1,1,0.164674,0.314448,0.09738,0.060485,0.04112,0.224169,0.097724
237_12_1015_1184,1,2,0.045234,0.179069,0.371582,0.16698,0.119889,0.088508,0.028738
237_12_1631_1736,3,3,0.008419,0.002478,0.005681,0.920934,0.005462,0.036058,0.020968
237_12_205_402,1,1,0.021681,0.298437,0.211122,0.210448,0.064174,0.116891,0.077248
237_11_1789_1897,6,3,0.107858,0.107991,0.05057,0.384512,0.016089,0.059753,0.273226
237_11_936_1015,0,1,0.072767,0.367602,0.04055,0.074871,0.024711,0.347854,0.071646
237_12_1350_1455,5,3,0.016819,0.036097,0.074422,0.652012,0.016739,0.189692,0.014219
237_12_468_681,1,3,0.025599,0.081915,0.042404,0.709177,0.034816,0.040256,0.065832
237_12_1758_1789,5,3,0.022417,0.034323,0.047107,0.569878,0.031872,0.208727,0.085675
237_11_402_468,0,3,0.074865,0.139771,0.035156,0.352471,0.010762,0.157032,0.229943
237_11_1511_1631,6,1,0.069109,0.432512,0.062312,0.150775,0.0929,0.032342,0.160051
237_12_788_886,1,2,0.011947,0.114246,0.528726,0.012226,0.048901,0.094436,0.189519
237_12_1897_2001,1,1,0.099613,0.290468,0.080152,0.245221,0.166006,0.050954,0.067587
237_11_1736_1758,6,3,0.040463,0.034539,0.018362,0.587349,0.014132,0.068842,0.236314
237_11_681_788,1,1,0.457766,0.476746,0.008895,0.011563,0.016531,0.021256,0.007242
238_11_31_132,6,6,0.023466,0.038795,0.046003,0.042577,0.018781,0.100189,0.73019
238_11_1283_1398,3,3,0.067054,0.264267,0.079143,0.436049,0.029483,0.088854,0.03515
238_12_1997_2066,3,3,0.016233,0.016322,0.017693,0.802306,0.015459,0.015093,0.116892
238_11_982_1226,6,3,0.009337,0.012869,0.007442,0.85788,0.019121,0.017493,0.075859
238_11_1673_1738,6,6,0.088684,0.251323,0.02987,0.233233,0.017553,0.080564,0.298773
238_12_133_283,2,2,0.015295,0.072576,0.58992,0.113275,0.050394,0.12262,0.035919
238_12_1738_1886,3,3,0.019454,0.025944,0.020919,0.664238,0.017373,0.014413,0.237659
238_12_1398_1546,3,3,0.016017,0.012581,0.085976,0.774539,0.016411,0.075534,0.018943
238_12_924_982,3,3,0.061572,0.138241,0.201069,0.353032,0.101061,0.106735,0.038289
238_12_555_627,2,5,0.074809,0.172341,0.105287,0.055936,0.025935,0.52035,0.045342
238_11_283_334,6,6,0.029499,0.073869,0.032005,0.160208,0.016714,0.195429,0.492276
238_11_627_924,6,3,0.054862,0.190351,0.053624,0.332588,0.134108,0.075429,0.15904
238_12_334_515,2,2,0.012853,0.126325,0.404553,0.029802,0.287612,0.01236,0.126495
238_12_1226_1283,3,3,0.090609,0.252809,0.093336,0.254168,0.208997,0.031397,0.068684
238_11_1886_1997,5,3,0.014358,0.021627,0.038375,0.593562,0.018604,0.115368,0.198107
238_12_1587_1673,3,3,0.041883,0.018178,0.042244,0.73564,0.034914,0.042603,0.084537
238_11_1546_1587,5,1,0.213369,0.525613,0.062679,0.021332,0.040668,0.048657,0.087683
238_11_515_555,5,1,0.180787,0.395967,0.079677,0.021253,0.029568,0.154993,0.137755
239_11_2175_2586,3,3,0.012185,0.032843,0.03867,0.739854,0.037768,0.014535,0.124144
239_11_1254_1318,5,5,0.015688,0.141664,0.118094,0.104576,0.015281,0.477955,0.126742
239_11_1664_2102,3,4,0.026792,0.070547,0.0945,0.093251,0.581912,0.067168,0.06583
239_12_1099_1254,3,3,0.01488,0.007398,0.006832,0.842786,0.007648,0.022136,0.09832
239_11_176_354,2,4,0.017078,0.100326,0.241416,0.012115,0.587722,0.011734,0.029609
239_12_1318_1624,3,3,0.008061,0.005622,0.006651,0.827784,0.011491,0.008753,0.131638
239_12_2586_2692,3,3,0.007973,0.008879,0.007695,0.866152,0.007768,0.007225,0.094308
239_12_889_988,3,3,0.005962,0.0034,0.00352,0.910458,0.004739,0.005279,0.066641
239_11_517_889,1,1,0.164559,0.411533,0.110172,0.056596,0.068869,0.148363,0.039908
239_11_988_1099,5,5,0.019734,0.171724,0.118365,0.036339,0.00779,0.575255,0.070793
239_12_354_517,3,3,0.006882,0.008809,0.020203,0.868291,0.011826,0.01507,0.068918
239_12_31_74,3,3,0.012566,0.007189,0.040434,0.751285,0.009436,0.019716,0.159374
239_12_2102_2134,3,3,0.045808,0.108312,0.067547,0.540385,0.079612,0.039553,0.118782
240_11_97_135,3,3,0.014464,0.024263,0.022107,0.869286,0.005571,0.018896,0.045413
240_11_1269_1322,3,3,0.027812,0.039798,0.012584,0.521876,0.009371,0.066816,0.321742
240_12_238_302,3,3,0.007106,0.001321,0.009887,0.947523,0.005343,0.023116,0.005703
240_12_1396_1514,3,3,0.006249,0.002012,0.013844,0.946552,0.007453,0.009595,0.014295
240_12_876_948,3,3,0.041756,0.045377,0.014214,0.780099,0.009225,0.090293,0.019036
240_11_948_1035,3,3,0.00598,0.008941,0.018918,0.814723,0.009983,0.018215,0.123241
240_11_193_238,3,3,0.012604,0.009008,0.008706,0.929838,0.005984,0.014463,0.019398
240_12_527_657,3,3,0.005667,0.002486,0.03925,0.919393,0.008297,0.0132,0.011707
240_12_1097_1177,1,3,0.010775,0.011047,0.007418,0.784557,0.006147,0.01439,0.165666
240_12_135_193,3,3,0.079492,0.035337,0.041795,0.762476,0.012289,0.049497,0.019114
240_11_302_353,3,3,0.004096,0.002227,0.01085,0.861243,0.006268,0.101816,0.013499
240_11_414_527,3,3,0.008067,0.012713,0.003778,0.937593,0.004316,0.02001,0.013522
240_12_31_97,5,3,0.009998,0.013644,0.014383,0.715275,0.012582,0.086028,0.148091
240_11_1514_1547,3,3,0.011274,0.009996,0.013956,0.874032,0.00562,0.06679,0.018333
240_12_1224_1269,3,3,0.010134,0.003315,0.005847,0.918016,0.002915,0.011149,0.048624
240_11_792_876,3,3,0.107716,0.27428,0.071569,0.285904,0.050454,0.171453,0.038625
240_11_1187_1213,3,6,0.012221,0.049277,0.119748,0.286585,0.024218,0.067199,0.440751
240_11_657_697,3,3,0.108595,0.161979,0.056468,0.376689,0.02295,0.016481,0.256839
240_12_697_792,1,3,0.024783,0.035907,0.023044,0.807709,0.017715,0.015423,0.075419
240_12_353_414,3,3,0.015421,0.028716,0.022164,0.599593,0.019731,0.285163,0.029213
363_19_31_166,3,3,0.008787,0.00894,0.022292,0.660284,0.043654,0.140728,0.115314
363_19_1035_1196,3,3,0.010952,0.037796,0.030715,0.432065,0.061561,0.288165,0.138747
363_20_180_266,3,3,0.029373,0.020505,0.030782,0.725272,0.037067,0.043145,0.113857
363_20_1425_1579,4,3,0.008573,0.014802,0.010715,0.757663,0.015822,0.04096,0.151465
363_20_916_1027,3,3,0.013209,0.017018,0.03461,0.839902,0.021159,0.050919,0.023183
363_19_1300_1406,4,4,0.019643,0.264536,0.152527,0.009249,0.413808,0.025335,0.114902
363_19_540_664,3,1,0.025081,0.286588,0.086703,0.100591,0.044125,0.227045,0.229867
363_19_275_338,3,3,0.008791,0.002687,0.006538,0.923958,0.00561,0.016234,0.036182
363_20_356_530,3,3,0.032086,0.094911,0.02149,0.321227,0.092872,0.165238,0.272176
363_20_1204_1293,4,5,0.01298,0.039448,0.090047,0.159392,0.25207,0.315382,0.130681
363_19_816_904,3,3,0.034296,0.078559,0.046463,0.419349,0.026787,0.357159,0.037386
363_20_683_812,3,3,0.02079,0.08636,0.019125,0.412087,0.134902,0.096564,0.230171
363_19_1588_1631,3,3,0.003883,0.001838,0.007766,0.902118,0.009361,0.046136,0.028898
364_19_31_137,1,3,0.126459,0.188492,0.078829,0.329972,0.032952,0.158516,0.084781
364_19_1260_1406,3,3,0.014901,0.094303,0.027381,0.49294,0.051064,0.066709,0.252703
364_20_1129_1249,4,6,0.025371,0.061265,0.013909,0.126758,0.05773,0.038007,0.676961
364_19_1599_1739,3,3,0.03236,0.055075,0.021885,0.594164,0.021748,0.043834,0.230934
364_20_163_353,1,1,0.254264,0.4108,0.031074,0.081313,0.130786,0.045776,0.045986
364_20_1753_1929,5,5,0.010233,0.017202,0.017394,0.277868,0.07295,0.53728,0.067073
364_20_1422_1592,5,5,0.031204,0.095647,0.039356,0.014714,0.11363,0.685926,0.019523
364_20_898_1004,1,5,0.013138,0.053847,0.024337,0.024648,0.033908,0.798474,0.051649
364_20_488_639,1,1,0.144907,0.583251,0.047373,0.053081,0.050077,0.098732,0.022579
364_19_1013_1122,1,1,0.028368,0.441484,0.031265,0.280818,0.079573,0.033053,0.105439
364_19_375_462,1,4,0.033064,0.20341,0.078049,0.148754,0.267501,0.082509,0.186713
364_19_758_889,3,3,0.022139,0.061945,0.022052,0.709991,0.029726,0.058612,0.095535
364_19_642_681,3,3,0.142675,0.131658,0.018444,0.530708,0.032301,0.06456,0.079653
364_20_695_756,5,3,0.015238,0.043973,0.015959,0.541394,0.033468,0.067856,0.282111
364_19_1936_2034,3,3,0.016315,0.072788,0.012989,0.519435,0.017426,0.033621,0.327426
365_19_31_194,4,4,0.020098,0.209933,0.14683,0.022327,0.499779,0.079877,0.021156
365_19_1268_1404,1,1,0.084564,0.47438,0.059474,0.043215,0.046177,0.251742,0.040447
365_20_1160_1255,5,3,0.022604,0.044655,0.061465,0.400647,0.055446,0.327695,0.087488
365_20_1651_1725,6,6,0.10956,0.130312,0.038943,0.186772,0.028766,0.128851,0.376796
365_20_232_294,6,2,0.038067,0.153725,0.346771,0.034634,0.172572,0.04307,0.211161
365_20_1415_1516,1,1,0.14586,0.421689,0.038435,0.101081,0.093336,0.031999,0.1676
365_19_865_1143,1,4,0.025543,0.283588,0.235039,0.007289,0.389349,0.02965,0.029542
365_20_503_621,1,6,0.028302,0.080468,0.086195,0.051621,0.229454,0.038981,0.484978
365_19_1745_1793,4,4,0.027121,0.112085,0.079523,0.127562,0.493207,0.020132,0.140369
365_19_326_484,4,4,0.014503,0.080352,0.241307,0.01736,0.532525,0.107028,0.006926
365_19_1529_1645,1,1,0.090346,0.496221,0.046569,0.009138,0.325196,0.00824,0.02429
365_20_792_857,1,4,0.061895,0.304912,0.109708,0.014901,0.343402,0.023884,0.141298
365_19_648_766,1,1,0.220951,0.601083,0.041397,0.006111,0.078893,0.026582,0.024983
367_20_31_143,5,6,0.010692,0.018473,0.025291,0.37996,0.048338,0.112966,0.404281
367_19_1102_1408,6,6,0.011016,0.056408,0.017205,0.393758,0.042378,0.024963,0.454273
367_19_158_290,3,3,0.033267,0.057955,0.029318,0.388633,0.070534,0.248832,0.17146
367_20_1418_1485,3,3,0.012635,0.010801,0.014643,0.879584,0.015324,0.013485,0.053528
367_19_927_977,6,3,0.032393,0.087124,0.043166,0.489294,0.069449,0.054505,0.224069
367_20_535_697,6,3,0.020432,0.097323,0.048373,0.331599,0.04361,0.163806,0.294858
367_20_303_417,3,3,0.0063,0.006938,0.009662,0.830261,0.009863,0.026613,0.110364
367_20_996_1082,6,3,0.006604,0.008955,0.013583,0.835643,0.023884,0.015464,0.095867
367_19_436_524,5,5,0.207201,0.176746,0.036082,0.044401,0.069491,0.370477,0.095601
367_20_811_909,6,3,0.008332,0.014893,0.005518,0.495157,0.010209,0.014352,0.45154
367_19_718_797,3,5,0.028309,0.089174,0.061017,0.202313,0.041024,0.342956,0.235206
368_19_1030_1302,1,1,0.34614,0.529795,0.021137,0.027833,0.034482,0.014582,0.026031
368_20_1582_1685,2,4,0.025086,0.08424,0.129032,0.187263,0.424716,0.036781,0.112881
368_19_216_284,1,0,0.388554,0.329324,0.045812,0.017884,0.058496,0.115324,0.044607
368_19_1443_1566,1,1,0.32219,0.448008,0.04345,0.020857,0.125443,0.017406,0.022648
368_20_777_988,4,1,0.266299,0.321962,0.062424,0.020746,0.060662,0.250234,0.017673
368_20_1308_1417,6,1,0.063611,0.40105,0.157932,0.026546,0.269775,0.018758,0.062328
368_19_541_765,1,1,0.123411,0.463901,0.028777,0.033681,0.041924,0.290897,0.017409
368_20_305_516,5,4,0.017794,0.105887,0.123145,0.034122,0.393651,0.213018,0.112383
368_20_139_180,5,5,0.048007,0.128305,0.032687,0.024231,0.121722,0.3235,0.321548
369_19_31_179,3,6,0.021571,0.071956,0.102627,0.171657,0.089763,0.110376,0.432049
369_20_1271_1357,3,3,0.011551,0.013228,0.010222,0.822058,0.015345,0.018135,0.109461
369_19_899_1076,3,3,0.010855,0.026063,0.01059,0.640957,0.020265,0.038816,0.252455
369_20_182_253,3,3,0.007964,0.002792,0.010205,0.922308,0.008124,0.025936,0.022671
369_20_364_621,3,3,0.015366,0.037346,0.015404,0.730749,0.026777,0.027837,0.146521
369_20_1089_1181,3,3,0.005945,0.0038,0.006807,0.914163,0.006016,0.044475,0.018795
369_19_257_355,3,1,0.017258,0.512503,0.033149,0.072945,0.134631,0.053257,0.176257
369_19_1195_1263,3,2,0.018675,0.075629,0.41602,0.055786,0.211186,0.046696,0.176008
369_20_734_884,3,3,0.015226,0.024991,0.016956,0.760853,0.016649,0.04199,0.123334
369_19_647_721,3,6,0.042866,0.113095,0.010414,0.194963,0.025256,0.078405,0.535001
370_20_98_307,2,5,0.022419,0.06703,0.058765,0.147188,0.203009,0.347558,0.154032
370_20_1281_1316,4,4,0.014393,0.081057,0.041738,0.04808,0.590386,0.019945,0.204401
370_19_1348_1474,6,6,0.032124,0.155617,0.060515,0.181555,0.224721,0.023474,0.321993
370_19_797_1008,6,4,0.022514,0.082358,0.042063,0.096562,0.535373,0.013867,0.207261
370_20_1020_1180,4,4,0.011188,0.047886,0.035487,0.04771,0.772553,0.029414,0.055761
370_19_323_404,6,6,0.040194,0.270765,0.025906,0.038111,0.075919,0.024559,0.524545
370_20_603_770,1,3,0.022425,0.188973,0.08091,0.219137,0.171251,0.105282,0.212022
370_19_31_85,2,6,0.028725,0.096802,0.235655,0.025646,0.226302,0.071177,0.315694
370_20_429_473,1,1,0.139684,0.479829,0.024089,0.13024,0.039975,0.032683,0.1535
370_20_1494_1582,3,3,0.019456,0.037056,0.034127,0.534858,0.129804,0.123013,0.121686
370_19_1188_1271,4,1,0.052809,0.347324,0.055222,0.035704,0.32079,0.009653,0.178497
370_19_490_587,4,4,0.010974,0.035188,0.163437,0.010949,0.675259,0.024339,0.079854
373_20_94_153,6,6,0.018241,0.049782,0.02277,0.391049,0.100545,0.016852,0.40076
373_19_1142_1287,0,0,0.477074,0.246036,0.023501,0.03913,0.073543,0.09881,0.041907
373_19_167_348,5,1,0.248146,0.307199,0.058565,0.042086,0.039518,0.276638,0.027848
373_19_748_1028,1,1,0.109421,0.308555,0.11735,0.040187,0.128055,0.035954,0.260478
373_20_1297_1396,1,1,0.16543,0.243106,0.081347,0.151953,0.070682,0.09458,0.192901
373_20_558_715,6,1,0.057869,0.344387,0.078536,0.041548,0.221618,0.038485,0.217558
373_20_1049_1125,1,1,0.226689,0.507651,0.0316,0.013184,0.184435,0.008724,0.027718
373_19_469_525,0,0,0.768194,0.185372,0.008266,0.004887,0.008079,0.013802,0.011399
373_19_31_81,6,6,0.046245,0.058012,0.032386,0.036213,0.110052,0.141882,0.575208
373_20_370_448,1,4,0.069013,0.295835,0.072387,0.024377,0.399745,0.072865,0.065778
375_19_31_143,3,3,0.008297,0.006403,0.010362,0.527802,0.009145,0.414654,0.023337
375_20_762_845,6,6,0.015707,0.085665,0.036722,0.09902,0.105922,0.031108,0.625856
375_20_956_1067,6,3,0.043093,0.069557,0.046708,0.386578,0.037077,0.057364,0.359624
375_19_234_337,3,1,0.077055,0.301862,0.045653,0.06324,0.086464,0.160582,0.265144
375_20_362_447,3,3,0.012179,0.030938,0.008754,0.571043,0.014527,0.037388,0.32517
375_19_639_739,6,1,0.104984,0.38437,0.092338,0.01986,0.22983,0.04668,0.121939
375_19_857_943,3,5,0.015185,0.028144,0.023264,0.024396,0.017205,0.874679,0.017128
375_20_153_218,3,3,0.006832,0.010407,0.011551,0.809256,0.010225,0.064076,0.087652
375_20_548_622,2,1,0.060723,0.255637,0.233643,0.027588,0.236489,0.025952,0.159969
375_19_450_527,3,6,0.038449,0.087936,0.157469,0.084223,0.084129,0.273386,0.274409
376_19_31_132,3,6,0.019467,0.183702,0.128759,0.049259,0.134961,0.153893,0.32996
376_20_1096_1328,3,3,0.006782,0.018966,0.009111,0.559111,0.016017,0.01992,0.370093
376_20_161_360,2,6,0.024211,0.187465,0.063544,0.125795,0.06698,0.076652,0.455353
376_20_1417_1620,3,3,0.018017,0.03985,0.040115,0.48284,0.049184,0.071849,0.298145
376_19_885_1079,3,6,0.017484,0.108784,0.053452,0.350097,0.077744,0.036799,0.35564
376_19_1348_1404,6,6,0.024934,0.054884,0.025688,0.253196,0.021887,0.056283,0.563129
376_20_454_657,6,6,0.023205,0.0861,0.031017,0.303203,0.099262,0.086948,0.370266
376_19_377_441,6,6,0.015066,0.035165,0.01949,0.034173,0.015066,0.16831,0.712731
376_20_757_858,3,6,0.023461,0.031078,0.027439,0.375912,0.031025,0.019193,0.491892
376_19_680_744,3,3,0.013208,0.011636,0.022603,0.52152,0.026674,0.17251,0.231848
376_19_1635_1675,3,3,0.016946,0.012082,0.011976,0.729547,0.021187,0.01984,0.188422
378_20_102_202,6,5,0.014278,0.027558,0.050352,0.00288,0.111081,0.788974,0.004877
378_20_1141_1305,5,5,0.043551,0.112984,0.122028,0.024707,0.152603,0.512142,0.031985
378_19_229_327,2,6,0.010903,0.021561,0.032298,0.276007,0.077903,0.007615,0.573714
378_20_1690_1939,6,4,0.066736,0.330594,0.044475,0.078657,0.378174,0.022884,0.078481
378_20_1419_1563,6,4,0.029884,0.098714,0.036081,0.013363,0.777448,0.011551,0.032959
378_20_838_982,6,4,0.053721,0.140873,0.052164,0.02649,0.42129,0.232545,0.072917
378_19_1331_1406,4,4,0.023766,0.079547,0.119631,0.039078,0.659241,0.010187,0.06855
378_19_530_803,1,4,0.027714,0.129766,0.056297,0.014403,0.745042,0.010618,0.016159
378_19_1001_1130,2,2,0.020462,0.283839,0.39602,0.022385,0.131817,0.035463,0.110013
378_20_337_499,5,5,0.010302,0.080679,0.089694,0.004013,0.14827,0.644782,0.022261
378_19_31_89,6,6,0.022241,0.080601,0.148022,0.069121,0.192765,0.172744,0.314505
378_19_1593_1667,6,3,0.02017,0.049553,0.016091,0.615404,0.033616,0.043697,0.221469
378_19_1965_2026,6,4,0.070981,0.104605,0.043091,0.05071,0.578918,0.025705,0.12599
380_19_1296_1480,1,1,0.069752,0.72207,0.053224,0.018139,0.066814,0.035893,0.034107
380_20_1154_1278,0,5,0.006323,0.024306,0.026934,0.004648,0.047922,0.885934,0.003932
380_20_1498_1696,2,4,0.051661,0.208955,0.055675,0.020606,0.590561,0.048968,0.023574
380_20_131_288,1,4,0.081711,0.156429,0.118366,0.093245,0.460067,0.066401,0.023781
380_19_1710_1864,6,5,0.012177,0.103694,0.128181,0.01482,0.073379,0.647601,0.020148
380_20_785_955,1,1,0.101884,0.37398,0.039704,0.053162,0.194232,0.142824,0.094214
380_20_447_642,1,4,0.033198,0.223256,0.068246,0.109918,0.314027,0.178576,0.072778
380_19_985_1136,6,1,0.053743,0.427634,0.165003,0.056525,0.106915,0.084491,0.105689
380_19_31_109,3,4,0.033307,0.099592,0.077692,0.064693,0.30863,0.120508,0.295577
380_19_666_754,6,6,0.021766,0.18284,0.03963,0.054404,0.160324,0.022824,0.518212
380_19_339_428,6,1,0.027855,0.504932,0.109568,0.020831,0.16195,0.037338,0.137526
381_19_1278_1595,3,5,0.016419,0.049735,0.022496,0.320462,0.073595,0.380494,0.1368
381_20_1084_1256,3,4,0.023412,0.101969,0.031848,0.270171,0.27593,0.091648,0.205022
381_20_1607_1689,2,6,0.04846,0.144878,0.032497,0.182811,0.218498,0.118768,0.254087
381_20_141_344,3,3,0.025867,0.083103,0.036818,0.601493,0.08712,0.089011,0.076588
381_19_1695_1821,3,3,0.018666,0.034173,0.029385,0.527866,0.010906,0.111531,0.267474
381_19_711_1066,3,3,0.014948,0.054283,0.042053,0.442977,0.05624,0.274381,0.115119
381_20_462_696,2,4,0.025045,0.129208,0.040265,0.100843,0.352157,0.304943,0.047539
381_19_31_119,3,3,0.022821,0.048867,0.028787,0.559038,0.020933,0.242286,0.077268
381_20_1837_1948,3,3,0.010751,0.020472,0.015031,0.583977,0.015477,0.246893,0.1074
381_19_362_425,3,3,0.035393,0.036289,0.031959,0.657617,0.017812,0.151081,0.069849
382_20_85_193,6,6,0.015167,0.053245,0.049694,0.236607,0.03943,0.24172,0.364137
382_20_1161_1280,3,3,0.014783,0.01176,0.007629,0.813725,0.018139,0.016971,0.116993
382_19_210_423,5,5,0.116242,0.311022,0.017108,0.092191,0.040041,0.387187,0.036209
382_20_1726_1809,3,3,0.010154,0.008064,0.012449,0.741914,0.014954,0.159594,0.052872
382_19_1315_1490,6,6,0.029968,0.272674,0.044791,0.199546,0.063138,0.040727,0.349156
382_20_722_1063,3,3,0.007489,0.008568,0.006714,0.758729,0.024027,0.047208,0.147265
382_19_523_699,5,5,0.013133,0.08415,0.022666,0.217453,0.014049,0.575854,0.072695
382_19_1079_1146,3,3,0.014453,0.023398,0.03043,0.588825,0.021267,0.237296,0.08433
382_20_442_511,6,6,0.019542,0.025661,0.006891,0.308273,0.021136,0.065381,0.553115
382_19_31_76,6,5,0.026454,0.054802,0.052006,0.235382,0.036986,0.36949,0.224881
382_20_1506_1675,3,3,0.006542,0.010718,0.013988,0.772045,0.018304,0.051009,0.127394
382_19_1683_1716,3,3,0.015637,0.014301,0.0185,0.758723,0.015558,0.046587,0.130694
385_20_109_171,2,5,0.12567,0.359231,0.044582,0.01046,0.035258,0.376791,0.048009
385_20_1049_1311,2,1,0.249194,0.479331,0.059826,0.027184,0.10658,0.025735,0.05215
385_20_243_392,5,5,0.032202,0.022987,0.082861,0.058811,0.066813,0.716431,0.019896
385_19_1343_1478,0,1,0.16078,0.546146,0.186027,0.003715,0.080633,0.010736,0.011964
385_20_904_972,2,1,0.154128,0.317118,0.06152,0.023163,0.300461,0.024486,0.119124
385_19_185_236,2,1,0.049847,0.595451,0.129065,0.011332,0.151033,0.015749,0.047523
385_19_442_610,0,1,0.07191,0.50845,0.333516,0.006678,0.031276,0.032921,0.015249
385_20_620_820,0,1,0.232555,0.49492,0.068432,0.030736,0.053983,0.078424,0.04095
385_19_31_80,2,2,0.045627,0.287055,0.417485,0.02325,0.11984,0.057397,0.049347
385_20_1486_1647,0,0,0.519592,0.2673,0.056419,0.009425,0.032159,0.098906,0.0162
385_19_832_892,2,1,0.061641,0.568302,0.187327,0.001343,0.16122,0.003696,0.016471
385_19_993_1029,2,1,0.057966,0.569015,0.188527,0.005697,0.069542,0.080852,0.028401
386_19_31_163,3,3,0.023251,0.109696,0.032481,0.47523,0.031227,0.079084,0.249031
386_20_1176_1442,5,6,0.020271,0.060485,0.028949,0.157585,0.083114,0.223553,0.426044
386_20_1586_1924,6,3,0.011563,0.027621,0.012587,0.575752,0.056513,0.0571,0.258862
386_20_171_289,5,3,0.018347,0.025943,0.016697,0.382854,0.036053,0.272654,0.247451
386_19_1455_1575,3,6,0.018757,0.237247,0.050436,0.136371,0.054806,0.174051,0.328332
386_20_872_953,5,5,0.004134,0.008281,0.013427,0.070393,0.014226,0.879915,0.009625
386_20_441_658,5,5,0.012694,0.064249,0.043398,0.217777,0.071664,0.487931,0.102286
386_19_965_1162,3,3,0.020541,0.11337,0.031461,0.610053,0.023675,0.089769,0.111131
386_19_308_425,3,1,0.021121,0.275699,0.090017,0.255698,0.021675,0.201519,0.134271
386_19_681_862,3,3,0.014828,0.182931,0.129415,0.257064,0.020577,0.147755,0.247429
387_20_110_159,1,3,0.011556,0.036578,0.012855,0.542815,0.014363,0.032274,0.34956
387_20_252_283,5,5,0.112112,0.154772,0.053107,0.034815,0.016243,0.530776,0.098175
387_20_1302_1461,0,5,0.082456,0.188989,0.066873,0.157111,0.057212,0.265224,0.182136
387_19_833_964,0,1,0.13954,0.39278,0.066094,0.02685,0.040119,0.212015,0.122603
387_19_192_245,0,1,0.276853,0.564575,0.053138,0.010721,0.049829,0.023782,0.021102
387_20_574_827,1,5,0.081573,0.201809,0.069109,0.024473,0.103382,0.383837,0.135816
387_20_970_1180,0,5,0.063802,0.069318,0.1224,0.053158,0.102185,0.580283,0.008854
387_19_292_560,0,0,0.513379,0.353384,0.02876,0.00615,0.033263,0.043709,0.021355
387_19_31_89,5,5,0.045351,0.12081,0.064961,0.138043,0.020652,0.416863,0.19332
387_19_1189_1295,0,0,0.415638,0.381804,0.059994,0.047427,0.022666,0.0431,0.029372
388_20_117_377,6,6,0.01378,0.050481,0.017981,0.062963,0.285345,0.116114,0.453336
388_19_1231_1427,3,1,0.05555,0.483905,0.039862,0.277978,0.046779,0.034919,0.061007
388_20_967_1212,1,3,0.024952,0.095232,0.016758,0.321505,0.128887,0.233328,0.179339
388_19_1631_1689,3,1,0.072022,0.551941,0.052798,0.139931,0.051039,0.022081,0.110188
388_20_1431_1615,6,3,0.041152,0.081914,0.026785,0.563673,0.047517,0.026073,0.212886
388_19_887_955,3,1,0.238051,0.347391,0.024357,0.213774,0.039358,0.027908,0.109163
388_19_534_638,3,3,0.046291,0.12411,0.051853,0.610448,0.028663,0.03381,0.104826
388_19_31_104,6,6,0.024607,0.052954,0.024404,0.067548,0.018605,0.185819,0.626064
388_19_390_470,5,5,0.042781,0.273111,0.040534,0.23184,0.037404,0.302627,0.071702
388_20_648_869,6,3,0.01991,0.094232,0.088519,0.230413,0.192691,0.216685,0.157548
388_20_480_521,5,5,0.003271,0.011304,0.0119,0.010913,0.017154,0.905793,0.039665
389_20_78_336,3,5,0.018128,0.109173,0.033524,0.037458,0.165949,0.603521,0.032247
389_19_1280_1472,4,4,0.035236,0.272101,0.058266,0.026443,0.525622,0.026835,0.055498
389_20_1150_1255,5,5,0.005539,0.011576,0.030351,0.008027,0.026771,0.901925,0.015809
389_20_795_1021,6,3,0.03733,0.146126,0.016598,0.262665,0.23733,0.058656,0.241295
389_19_1038_1134,4,1,0.039009,0.513927,0.083913,0.021049,0.259323,0.01855,0.064229
389_19_1695_1794,4,1,0.239442,0.390496,0.039853,0.075452,0.057438,0.07089,0.126429
389_19_607_788,4,1,0.117309,0.383504,0.040614,0.028147,0.359065,0.033311,0.038049
389_19_366_491,4,4,0.01473,0.18792,0.259674,0.024837,0.308441,0.104462,0.099935
389_19_31_65,5,1,0.067148,0.28931,0.117183,0.021345,0.24815,0.05949,0.197374
389_20_1507_1673,5,4,0.044014,0.103124,0.050731,0.029673,0.584524,0.068231,0.119702
389_20_503_575,4,1,0.185974,0.410526,0.022238,0.024358,0.210203,0.020449,0.126252
391_20_31_131,3,6,0.054106,0.051455,0.026476,0.247251,0.039224,0.05537,0.526118
391_19_1270_1497,6,3,0.008655,0.010051,0.012518,0.822605,0.01328,0.009678,0.123212
391_20_1153_1250,3,3,0.023282,0.026181,0.012517,0.698517,0.018637,0.016363,0.204502
391_19_1600_1770,1,3,0.028884,0.06523,0.030403,0.640176,0.049661,0.024648,0.160997
391_19_149_364,1,6,0.037997,0.153512,0.063818,0.221885,0.062393,0.05113,0.409265
391_20_1775_1817,3,3,0.017936,0.012597,0.011656,0.885038,0.013307,0.020381,0.039085
391_20_762_940,4,5,0.012567,0.019306,0.05091,0.297128,0.126995,0.470412,0.022683
391_19_580_722,6,6,0.041068,0.241123,0.055981,0.169324,0.179888,0.041134,0.271482
391_19_958_1144,5,6,0.043598,0.164249,0.115575,0.082234,0.248349,0.036719,0.309276
391_20_373_557,4,4,0.01786,0.066525,0.218467,0.084118,0.53448,0.0344,0.04415
391_20_1501_1583,3,3,0.006062,0.001648,0.007257,0.944209,0.004404,0.016895,0.019525
393_19_1204_1330,4,0,0.448237,0.276451,0.038486,0.084456,0.061564,0.033583,0.057222
393_20_1335_1597,3,3,0.007901,0.011635,0.020729,0.867206,0.033478,0.048692,0.01036
393_19_842_972,4,1,0.10694,0.526827,0.05856,0.040065,0.048862,0.154308,0.064438
393_20_131_235,4,4,0.03809,0.248624,0.029758,0.109173,0.360106,0.022979,0.191269
393_19_528_695,2,1,0.043207,0.419139,0.088306,0.071228,0.09948,0.054044,0.224596
393_20_984_1178,4,1,0.047946,0.573406,0.05658,0.020391,0.235084,0.0515,0.015094
393_19_260_402,2,5,0.040147,0.081532,0.194746,0.192924,0.106019,0.214248,0.170385
393_20_423_498,3,6,0.020939,0.199305,0.069274,0.067506,0.215578,0.11309,0.314308
393_19_31_99,3,3,0.017397,0.027227,0.037467,0.670457,0.012967,0.147415,0.08707
393_20_713_819,4,4,0.012339,0.091091,0.07504,0.026289,0.714372,0.016589,0.06428
394_19_31_134,3,6,0.015187,0.044263,0.037072,0.237551,0.025227,0.073581,0.567118
394_19_1229_1308,0,1,0.048522,0.552754,0.03178,0.017668,0.208607,0.01262,0.12805
394_20_961_1210,0,4,0.034008,0.205093,0.034179,0.174733,0.206074,0.14133,0.204582
394_19_1458_1499,3,3,0.05071,0.100657,0.019027,0.575228,0.027178,0.023205,0.203996
394_19_743_959,1,1,0.021082,0.353214,0.114412,0.041343,0.271081,0.061691,0.137177
394_20_142_241,4,3,0.014072,0.036495,0.030196,0.7038,0.032968,0.032906,0.149563
394_20_1330_1445,0,4,0.010057,0.043,0.033437,0.005049,0.85752,0.004934,0.046003
394_19_466_592,1,1,0.096213,0.403558,0.054431,0.02515,0.210723,0.040198,0.169727
394_19_270_342,3,3,0.054874,0.159648,0.043018,0.478766,0.084112,0.019129,0.160453
394_20_594_726,1,4,0.027057,0.155224,0.11154,0.169816,0.268323,0.091253,0.176788
394_20_351_445,4,3,0.066399,0.269861,0.061994,0.286429,0.084519,0.070974,0.159823
395_20_101_319,1,3,0.029124,0.193562,0.092153,0.320043,0.063218,0.140859,0.161041
395_19_1181_1294,6,5,0.021687,0.070743,0.179201,0.091619,0.069599,0.457244,0.109906
395_19_908_1034,1,6,0.006571,0.07746,0.34016,0.038093,0.126521,0.046981,0.364215
395_20_1301_1420,4,3,0.015619,0.031938,0.040708,0.383512,0.112335,0.103675,0.312214
395_20_1038_1164,4,5,0.021369,0.112689,0.10764,0.06421,0.056215,0.594078,0.0438
395_19_621_809,4,6,0.065437,0.180954,0.100323,0.014312,0.248346,0.051198,0.33943
395_20_462_581,5,5,0.038633,0.044702,0.170478,0.01187,0.145866,0.576018,0.012433
395_19_31_91,1,6,0.028099,0.057008,0.237979,0.065225,0.236795,0.108856,0.266038
395_19_335_449,4,2,0.010249,0.030581,0.421686,0.008893,0.332511,0.021567,0.174514
395_20_816_863,4,2,0.012412,0.033404,0.479421,0.013692,0.244419,0.076446,0.140205
398_20_1223_1306,1,3,0.046885,0.094852,0.019465,0.463864,0.123136,0.032725,0.219072
398_20_119_291,5,5,0.007374,0.013558,0.020754,0.236884,0.019984,0.626514,0.074931
398_19_1149_1203,3,3,0.063577,0.190798,0.048883,0.311111,0.029041,0.097512,0.259079
398_20_739_928,5,5,0.003655,0.003666,0.007747,0.064573,0.02152,0.890579,0.008259
398_19_31_109,3,6,0.022126,0.212832,0.095277,0.085033,0.02366,0.154378,0.406695
398_19_944_1013,3,6,0.028863,0.047862,0.020636,0.252209,0.055506,0.073493,0.521432
398_20_1025_1133,5,4,0.027534,0.153407,0.037144,0.152261,0.446928,0.131021,0.051705
398_19_393_506,3,3,0.021358,0.20046,0.058692,0.327696,0.019608,0.084564,0.287622
398_19_653_732,6,6,0.080871,0.214586,0.104126,0.052476,0.120788,0.098942,0.32821
398_20_520_632,5,5,0.005485,0.012409,0.016331,0.07733,0.036444,0.807973,0.044029
398_20_347_388,6,6,0.058736,0.050019,0.025207,0.108438,0.015575,0.363422,0.378603
398_19_300_332,1,6,0.0251,0.139692,0.063179,0.060642,0.027376,0.324582,0.359428
399_19_31_128,1,1,0.223279,0.579755,0.055759,0.020473,0.051272,0.025393,0.044069
399_19_1281_1337,1,5,0.018591,0.060229,0.032383,0.27339,0.030796,0.459979,0.124633
399_20_1063_1270,1,3,0.04064,0.112119,0.05032,0.485467,0.094627,0.075151,0.141677
399_20_136_291,1,1,0.104254,0.386594,0.071405,0.165879,0.053399,0.121175,0.097293
399_19_1445_1516,1,6,0.015879,0.037821,0.019832,0.356592,0.022044,0.091201,0.456631
399_19_846_1046,1,1,0.132806,0.672944,0.041392,0.006298,0.037131,0.093309,0.01612
399_20_1346_1430,1,3,0.013891,0.032089,0.015127,0.566531,0.033719,0.017151,0.321492
399_19_591_744,1,5,0.016996,0.079062,0.021933,0.131399,0.029759,0.604643,0.116209
399_19_316_423,1,5,0.026223,0.100514,0.047871,0.073079,0.019332,0.45037,0.282612
399_20_439_553,5,5,0.00306,0.008488,0.025944,0.011526,0.023195,0.919468,0.008319
399_20_753_823,5,5,0.008633,0.02348,0.036204,0.032183,0.039206,0.806529,0.053765
400_20_128_257,3,3,0.006537,0.004604,0.009247,0.824583,0.012842,0.100996,0.041191
400_20_1223_1496,1,1,0.299178,0.478278,0.016423,0.068056,0.051752,0.061163,0.02515
400_19_937_1210,0,1,0.127488,0.631822,0.039831,0.039815,0.032277,0.093301,0.035465
400_20_590_655,5,5,0.004762,0.01139,0.016863,0.003448,0.020651,0.939676,0.00321
400_19_272_342,3,6,0.023072,0.097423,0.03001,0.268159,0.013736,0.064742,0.502859
400_19_31_115,3,3,0.016198,0.017014,0.0237,0.723433,0.010646,0.030774,0.178236
400_20_361_471,5,5,0.006422,0.035429,0.017525,0.029853,0.041674,0.787559,0.081537
400_19_1500_1545,1,1,0.227038,0.410218,0.032253,0.169441,0.077706,0.02479,0.058554
400_19_667_823,0,1,0.12992,0.492664,0.025334,0.029815,0.028966,0.263267,0.030034
400_20_1555_1606,1,1,0.112592,0.424149,0.104122,0.080181,0.147624,0.088479,0.042852
400_19_478_585,1,1,0.087729,0.794543,0.042446,0.021346,0.021167,0.01677,0.015999
400_20_831_911,1,5,0.011577,0.048561,0.045392,0.025416,0.025337,0.817837,0.02588
601_31_31_245,6,6,0.016055,0.035816,0.031188,0.157495,0.028772,0.129686,0.600987
601_31_1237_1502,6,6,0.029338,0.039648,0.04019,0.124914,0.042305,0.084743,0.638862
601_32_1112_1229,6,6,0.014625,0.088717,0.074547,0.008269,0.036278,0.046728,0.730836
601_31_1609_1690,6,6,0.012607,0.029505,0.017667,0.368711,0.012406,0.050567,0.508537
601_32_252_348,6,6,0.012477,0.048238,0.021031,0.38619,0.022194,0.117039,0.392832
601_31_1821_1868,3,3,0.015738,0.009937,0.007513,0.782687,0.007879,0.044036,0.132211
601_32_1696_1811,3,3,0.037136,0.035894,0.022731,0.48787,0.033624,0.063736,0.319009
601_31_797_1072,6,2,0.024096,0.099324,0.423542,0.033455,0.235492,0.058677,0.125415
601_32_580_783,6,3,0.025128,0.028438,0.026968,0.803305,0.018982,0.038384,0.058797
601_31_379_570,6,6,0.011765,0.085558,0.063098,0.190937,0.04976,0.069127,0.529754
601_32_1525_1587,6,6,0.014539,0.012589,0.014869,0.194199,0.017568,0.035217,0.711018
601_32_1872_1930,6,6,0.032041,0.08556,0.01247,0.027804,0.013737,0.002535,0.825853
602_31_31_157,5,5,0.039359,0.041412,0.012011,0.32501,0.013185,0.454126,0.114898
602_32_1255_1471,5,3,0.046229,0.060236,0.023064,0.716008,0.045591,0.089589,0.019284
602_31_1023_1254,6,3,0.056028,0.293616,0.015355,0.373998,0.0696,0.020371,0.171032
602_32_1575_1765,6,3,0.094437,0.096099,0.013403,0.6344,0.031486,0.032216,0.097959
602_32_167_362,5,3,0.02485,0.030077,0.033028,0.552123,0.039692,0.305274,0.014956
602_31_1769_1994,5,3,0.044874,0.067239,0.021297,0.51673,0.048129,0.115399,0.186331
602_32_849_1004,5,1,0.078899,0.336627,0.057353,0.010315,0.086845,0.234714,0.195246
602_32_491_594,5,3,0.059585,0.067291,0.030802,0.684649,0.045371,0.071162,0.04114
602_31_611_836,6,3,0.027568,0.102085,0.019132,0.436799,0.061738,0.0226,0.330078
602_31_396_470,6,6,0.014043,0.026202,0.015776,0.107235,0.085103,0.045671,0.70597
602_31_1487_1562,5,5,0.024648,0.021297,0.02679,0.04115,0.017273,0.824874,0.043969
603_32_93_215,5,5,0.049234,0.015798,0.021887,0.044506,0.016644,0.784512,0.067419
603_32_1259_1518,5,6,0.015045,0.026425,0.026947,0.18305,0.021817,0.084871,0.641845
603_32_1869_2097,1,4,0.049848,0.215765,0.078634,0.007355,0.442357,0.029532,0.176509
603_31_1158_1251,6,6,0.018397,0.025113,0.030958,0.221374,0.020786,0.051798,0.631574
603_31_1523_1830,1,4,0.027688,0.143406,0.085708,0.108699,0.28642,0.190071,0.158009
603_31_244_407,6,3,0.010766,0.005705,0.011462,0.495762,0.030308,0.019231,0.426765
603_31_2145_2371,6,3,0.022162,0.043181,0.020637,0.562975,0.044605,0.026039,0.280402
603_32_901_1123,1,3,0.05663,0.222037,0.045793,0.23415,0.209172,0.152212,0.080004
603_32_599_688,1,6,0.037452,0.053132,0.061541,0.046587,0.142614,0.047019,0.611656
603_32_423_492,6,6,0.009019,0.02057,0.007131,0.045317,0.02509,0.003859,0.889014
603_31_31_79,5,6,0.015029,0.020859,0.025153,0.062919,0.008678,0.395286,0.472077
603_31_759_896,5,5,0.017051,0.015035,0.020078,0.316982,0.022093,0.583794,0.024968
603_31_506_562,5,6,0.205024,0.270527,0.090801,0.011321,0.046103,0.087302,0.288923
604_31_1270_1336,5,5,0.064811,0.142223,0.072537,0.091499,0.024157,0.360603,0.244169
604_32_1975_2050,6,3,0.084829,0.271728,0.099267,0.283563,0.152599,0.035731,0.072284
604_32_1118_1246,3,3,0.017759,0.045913,0.044787,0.591117,0.106612,0.022816,0.170996
604_31_1633_1938,6,3,0.020613,0.080588,0.025415,0.552704,0.089521,0.037615,0.193544
604_32_145_509,1,5,0.056934,0.177707,0.042044,0.031604,0.112087,0.441207,0.138418
604_32_1352_1591,5,1,0.192747,0.364881,0.042651,0.148464,0.073212,0.064613,0.113432
604_31_815_1087,6,6,0.005131,0.012499,0.005731,0.157007,0.024735,0.014962,0.779934
604_32_614_776,5,6,0.014246,0.05954,0.117148,0.079266,0.172309,0.151683,0.405809
604_31_31_120,6,4,0.010124,0.032533,0.015526,0.013899,0.913927,0.002629,0.011363
604_31_2073_2151,3,3,0.016589,0.015632,0.0063,0.630645,0.01517,0.012928,0.302735
604_31_527_589,6,4,0.015344,0.090732,0.038045,0.100302,0.367146,0.03561,0.35282
607_31_1144_1395,6,1,0.083309,0.435784,0.081671,0.080756,0.056056,0.044784,0.217639
607_32_1410_1767,6,3,0.058719,0.244027,0.015796,0.448773,0.036138,0.015654,0.180893
607_31_234_378,6,4,0.022773,0.070033,0.111245,0.159109,0.498963,0.015957,0.121921
607_31_1804_1865,6,3,0.009091,0.010635,0.01267,0.815383,0.027101,0.023976,0.101144
607_32_822_1122,3,3,0.015691,0.04342,0.028604,0.514094,0.010445,0.122695,0.265051
607_32_136_214,3,3,0.010388,0.009043,0.011871,0.811712,0.011307,0.020424,0.125254
607_32_403_725,6,6,0.039079,0.070921,0.030633,0.268421,0.037261,0.127985,0.4257
607_31_31_116,6,3,0.041069,0.020467,0.01401,0.487815,0.009835,0.1977,0.229104
607_31_751_821,1,4,0.016897,0.230498,0.068507,0.098317,0.323711,0.013948,0.248122
608_31_2272_2714,6,6,0.068932,0.062264,0.021955,0.293431,0.054484,0.062246,0.436687
608_31_31_158,6,6,0.043295,0.08124,0.03415,0.03884,0.040112,0.098814,0.663549
608_32_1005_1264,6,5,0.054532,0.240873,0.166525,0.005262,0.064366,0.344764,0.123677
608_32_169_524,1,4,0.031293,0.320361,0.106809,0.004817,0.359291,0.021888,0.15554
608_32_2745_2987,5,6,0.156624,0.205882,0.118198,0.01011,0.08751,0.166842,0.254835
608_31_1297_1754,5,6,0.053396,0.103842,0.042584,0.172931,0.073506,0.045051,0.50869
608_31_576_981,5,6,0.020322,0.031904,0.023955,0.141438,0.030072,0.069133,0.683177
608_31_1860_2189,5,1,0.121134,0.267776,0.159044,0.034837,0.228603,0.078123,0.110482
608_32_1791_1839,6,5,0.080969,0.102207,0.097357,0.053449,0.024429,0.363942,0.277647
608_32_2222_2254,3,6,0.123931,0.239134,0.072049,0.060146,0.025547,0.208414,0.270778
610_31_31_216,4,4,0.035858,0.039645,0.146983,0.196685,0.459308,0.062977,0.058544
610_32_1191_1296,6,1,0.033094,0.349273,0.074763,0.040616,0.040509,0.201353,0.260391
610_31_2038_2300,6,4,0.015061,0.067736,0.059319,0.021259,0.797471,0.006237,0.032916
610_32_1678_1999,6,6,0.028621,0.129664,0.055942,0.094674,0.03358,0.249644,0.407876
610_31_1341_1651,1,4,0.024321,0.117862,0.054382,0.02764,0.717341,0.01503,0.043425
610_32_661_1008,0,1,0.276742,0.460513,0.030032,0.005943,0.189436,0.00558,0.031754
610_32_2301_2388,6,6,0.045576,0.139351,0.063916,0.263101,0.063291,0.044792,0.379973
610_31_480_644,4,2,0.01573,0.028469,0.62893,0.00726,0.255987,0.041968,0.021655
610_31_1103_1150,4,4,0.047924,0.13694,0.132566,0.013549,0.605543,0.016457,0.047021
610_32_266_446,6,6,0.066543,0.195047,0.024193,0.083794,0.243321,0.01312,0.373983
611_32_2166_2512,6,6,0.027106,0.042365,0.031823,0.176766,0.021164,0.093745,0.60703
611_31_31_131,5,3,0.039703,0.019552,0.015155,0.571171,0.028218,0.049917,0.276283
611_32_1202_1459,6,3,0.024257,0.022173,0.015871,0.425538,0.014849,0.34132,0.155991
611_31_1119_1202,1,4,0.026665,0.185983,0.05014,0.047259,0.593744,0.027616,0.068593
611_32_143_565,3,3,0.014482,0.009374,0.021454,0.464958,0.05457,0.042185,0.392977
611_32_2693_2846,6,6,0.041439,0.052654,0.104835,0.141806,0.020095,0.132019,0.507151
611_31_2554_2629,1,4,0.16224,0.182401,0.163468,0.032931,0.32587,0.069948,0.063142
611_32_765_1104,6,3,0.028136,0.06712,0.037658,0.645046,0.066254,0.058344,0.097441
611_31_2036_2149,6,5,0.045273,0.103196,0.237247,0.021857,0.054042,0.409457,0.128928
611_32_1523_2024,1,5,0.115092,0.170923,0.05633,0.206207,0.05915,0.233665,0.158634
611_31_581_758,1,3,0.037667,0.035266,0.029377,0.655988,0.045401,0.099735,0.096567
611_31_1469_1511,1,2,0.014281,0.083902,0.368305,0.196065,0.16867,0.013235,0.155542
613_32_2435_2720,4,1,0.138627,0.355705,0.117785,0.005627,0.332818,0.019532,0.029906
613_31_31_157,6,3,0.005152,0.003083,0.013187,0.89256,0.00798,0.022911,0.055128
613_31_837_1539,1,1,0.075586,0.278647,0.2309,0.057606,0.119553,0.073014,0.164693
613_32_185_415,6,4,0.019208,0.112361,0.162483,0.018684,0.594931,0.036142,0.056191
613_31_2762_3094,6,6,0.106848,0.081395,0.090464,0.168397,0.238701,0.042272,0.271924
613_32_3106_3234,6,2,0.033812,0.054916,0.433451,0.014365,0.410393,0.006588,0.046475
613_32_1649_2051,4,4,0.0124,0.057749,0.330255,0.023746,0.48475,0.033659,0.057443
613_31_457_629,6,3,0.043678,0.029809,0.019352,0.544179,0.057369,0.055187,0.250426
613_31_2089_2426,6,6,0.013232,0.052885,0.06255,0.041131,0.093101,0.015235,0.721865
613_32_658_808,2,3,0.020425,0.075944,0.11787,0.239968,0.118665,0.237159,0.189969
614_32_127_309,5,5,0.00677,0.020562,0.030285,0.113318,0.014246,0.547572,0.267247
614_31_1097_1388,1,4,0.039441,0.173019,0.086712,0.228652,0.324864,0.054319,0.092992
614_32_1955_2389,3,3,0.022164,0.03395,0.018639,0.702975,0.026144,0.128234,0.067895
614_32_1392_1725,3,3,0.028464,0.026177,0.014051,0.775436,0.018745,0.106006,0.031122
614_31_1775_1923,6,6,0.014552,0.014515,0.031635,0.080353,0.011763,0.041739,0.805444
614_31_661_996,6,3,0.025105,0.016694,0.011552,0.441258,0.027764,0.049503,0.428124
614_32_498_624,6,3,0.01709,0.02002,0.018222,0.790632,0.014512,0.020299,0.119225
614_32_1030_1091,6,6,0.018608,0.038264,0.058544,0.071455,0.025306,0.273134,0.514689
614_31_31_118,6,6,0.008583,0.017822,0.142726,0.166556,0.022506,0.03362,0.608186
614_31_338_447,6,2,0.017779,0.038494,0.390318,0.049128,0.227005,0.032384,0.244892
615_31_2407_2549,5,6,0.017878,0.025566,0.067886,0.273672,0.124306,0.037807,0.452885
615_31_31_194,2,6,0.044559,0.221143,0.173366,0.124868,0.081033,0.081856,0.273175
615_31_1013_1322,1,6,0.03646,0.13512,0.061227,0.206519,0.173979,0.048209,0.338485
615_31_1835_2189,2,6,0.02662,0.023948,0.251401,0.13771,0.199381,0.109375,0.251565
615_32_1338_1791,6,6,0.039618,0.160449,0.107031,0.021497,0.247362,0.043688,0.380356
615_32_198_316,6,5,0.027198,0.043429,0.165797,0.266299,0.046801,0.309617,0.140859
615_32_2208_2376,6,6,0.005549,0.037408,0.038723,0.092329,0.018165,0.122402,0.685425
615_32_2583_2686,6,6,0.009388,0.009676,0.01303,0.326822,0.017752,0.022062,0.601271
615_32_723_983,5,6,0.009175,0.077172,0.094114,0.007655,0.044515,0.122765,0.644604
615_31_354_714,6,6,0.028357,0.032088,0.015016,0.275429,0.068109,0.019508,0.561494
616_32_960_1322,6,3,0.026037,0.033801,0.044628,0.545246,0.18792,0.106703,0.055665
616_31_1905_2141,3,3,0.028692,0.040686,0.026687,0.634982,0.112942,0.024193,0.131819
616_32_1607_1838,3,3,0.017463,0.032001,0.023128,0.763677,0.048082,0.050263,0.065386
616_32_131_261,6,3,0.084544,0.053786,0.013523,0.562346,0.016655,0.057398,0.211749
616_31_1342_1576,3,3,0.011489,0.010938,0.013388,0.869886,0.037099,0.02491,0.032291
616_32_2160_2241,6,3,0.03833,0.022371,0.0114,0.745534,0.021432,0.030811,0.130122
616_31_299_441,4,2,0.048717,0.194023,0.219285,0.118832,0.196125,0.142942,0.080075
616_31_608_920,2,4,0.034834,0.069073,0.051486,0.114772,0.423238,0.026645,0.279952
616_32_475_568,6,6,0.032934,0.060071,0.01636,0.066354,0.059279,0.083228,0.681773
616_31_31_104,5,6,0.047906,0.054695,0.040557,0.258182,0.061809,0.139614,0.397238
617_32_2025_2250,0,0,0.461476,0.379841,0.065818,0.003436,0.023954,0.029656,0.035817
617_32_1353_1782,1,1,0.022242,0.273118,0.118801,0.010055,0.120542,0.210284,0.244959
617_31_1802_1979,1,1,0.224982,0.368652,0.066817,0.047942,0.051333,0.097447,0.142827
617_31_31_122,6,6,0.017358,0.038282,0.020336,0.105258,0.022474,0.053499,0.742792
617_31_699_997,6,6,0.134187,0.218747,0.038649,0.068406,0.162433,0.043544,0.334034
617_32_572_684,1,5,0.030539,0.155302,0.101202,0.014577,0.068462,0.328803,0.301115
617_32_1043_1167,1,6,0.008351,0.046542,0.072776,0.035936,0.051562,0.013291,0.771542
617_32_136_197,5,6,0.013483,0.021045,0.021974,0.21429,0.014845,0.099528,0.614835
617_31_257_501,6,6,0.018236,0.039742,0.031985,0.327231,0.020969,0.020065,0.541772
617_31_1189_1207,6,6,0.036951,0.156829,0.048631,0.098894,0.161105,0.022492,0.475099
619_31_1190_1475,1,4,0.012102,0.075098,0.215774,0.016999,0.61862,0.026689,0.034719
619_32_2022_2142,2,4,0.01146,0.023181,0.136012,0.015138,0.768339,0.018765,0.027104
619_31_1668_1972,1,4,0.002753,0.00871,0.008778,0.002096,0.968402,0.001251,0.00801
619_32_157_425,4,4,0.044466,0.181066,0.17383,0.044202,0.33659,0.073798,0.146047
619_31_2206_2319,6,3,0.045809,0.150705,0.060654,0.246115,0.245197,0.01155,0.23997
619_32_813_1129,1,4,0.013932,0.141966,0.078728,0.072793,0.333039,0.040209,0.319332
619_31_499_791,2,4,0.034928,0.230037,0.144323,0.058495,0.333162,0.09643,0.102626
619_32_2336_2469,6,3,0.015091,0.01904,0.013192,0.635256,0.019138,0.035905,0.262378
619_31_31_116,1,6,0.06238,0.124845,0.091651,0.025071,0.028737,0.249475,0.41784
619_32_1540_1622,2,4,0.047351,0.20483,0.058149,0.021881,0.562242,0.014312,0.091236
621_31_31_204,3,6,0.043027,0.069705,0.027973,0.264077,0.062723,0.138171,0.394323
621_31_1226_1377,6,3,0.006788,0.002072,0.005158,0.908784,0.009271,0.014263,0.053664
621_31_1566_1791,6,6,0.033006,0.047567,0.014729,0.243109,0.024566,0.025126,0.611896
621_32_238_355,3,3,0.034292,0.005482,0.006546,0.904481,0.006121,0.020478,0.0226
621_32_1803_1842,6,3,0.040883,0.028215,0.015522,0.504432,0.008342,0.107732,0.294874
621_32_1401_1534,6,3,0.020405,0.008094,0.009692,0.885211,0.012186,0.013908,0.050504
621_31_933_1057,6,3,0.02346,0.020847,0.007913,0.605006,0.012258,0.064997,0.265519
621_32_514_904,3,3,0.027371,0.020569,0.019941,0.761483,0.032855,0.093125,0.044656
621_32_1079_1157,6,3,0.024145,0.021847,0.010228,0.721423,0.010313,0.031262,0.180781
621_31_387_492,5,5,0.023599,0.027954,0.048146,0.20782,0.04986,0.566043,0.076578
622_31_1769_2661,1,4,0.03796,0.045547,0.052895,0.013377,0.819966,0.006923,0.023332
622_31_31_246,4,4,0.006631,0.005903,0.05761,0.006822,0.909093,0.006967,0.006974
622_31_1065_1378,2,4,0.040959,0.05024,0.046195,0.116986,0.431701,0.048126,0.265792
622_32_2771_3180,6,4,0.05361,0.16999,0.102726,0.01621,0.344503,0.031784,0.281177
622_32_1394_1730,6,1,0.188086,0.369343,0.086403,0.009311,0.095049,0.03556,0.216249
622_31_3243_3487,1,4,0.032557,0.082845,0.033015,0.012583,0.822551,0.008601,0.007848
622_32_775_1029,1,1,0.243707,0.439624,0.049534,0.034091,0.091726,0.016743,0.124574
622_31_497_748,1,4,0.023292,0.045407,0.040283,0.001811,0.877859,0.003878,0.00747
622_32_3513_3624,6,4,0.037289,0.119408,0.06246,0.018765,0.65358,0.005664,0.102834
622_32_271_460,1,1,0.325258,0.351815,0.084421,0.056514,0.075376,0.051294,0.055322
623_31_2466_2771,0,0,0.801549,0.144001,0.010442,0.008204,0.012763,0.011527,0.011513
623_31_31_168,1,6,0.146022,0.186591,0.072137,0.049226,0.094674,0.167985,0.283365
623_31_1055_1396,0,0,0.490221,0.386746,0.031214,0.013593,0.043106,0.013535,0.021585
623_32_2790_2986,1,0,0.701419,0.250562,0.013462,0.004925,0.011553,0.003637,0.014443
623_32_1408_1773,1,0,0.521321,0.34001,0.028447,0.008515,0.041635,0.013648,0.046425
623_32_790_1023,6,0,0.465092,0.355162,0.048908,0.009596,0.080839,0.014501,0.025902
623_32_201_230,1,6,0.030818,0.117996,0.136571,0.018431,0.111,0.044975,0.540208
623_32_1869_2404,1,1,0.125129,0.444459,0.098768,0.019822,0.091113,0.043567,0.177142
623_31_263_759,0,0,0.567558,0.281714,0.037952,0.015717,0.043698,0.022954,0.030406
623_31_1787_1804,0,5,0.10093,0.164255,0.016134,0.067468,0.020825,0.59742,0.032968
625_31_31_151,1,3,0.041758,0.19077,0.03936,0.381517,0.17096,0.026402,0.149233
625_32_1286_1552,0,0,0.40928,0.351017,0.044772,0.011986,0.15301,0.009224,0.02071
625_32_1864_2058,6,3,0.021064,0.083621,0.068819,0.587639,0.080553,0.0404,0.117905
625_31_1604_1822,1,1,0.198761,0.462396,0.042391,0.071101,0.130102,0.01434,0.080909
625_31_239_358,1,6,0.047179,0.102445,0.087587,0.093284,0.057568,0.126376,0.485561
625_32_888_1172,1,1,0.273996,0.421941,0.046883,0.009881,0.201639,0.029184,0.016477
625_31_551_874,0,1,0.248831,0.434699,0.038931,0.099307,0.080019,0.039094,0.05912
625_32_174_191,5,5,0.118581,0.179186,0.053137,0.017889,0.033882,0.417806,0.179519
625_32_392_533,0,0,0.459096,0.418033,0.013139,0.031306,0.013406,0.033577,0.031444
625_31_1186_1266,0,0,0.434227,0.303693,0.018179,0.021782,0.025617,0.18246,0.014041
626_31_2140_2692,1,1,0.322687,0.432922,0.048348,0.035458,0.060424,0.026734,0.073427
626_31_31_302,1,1,0.172693,0.551929,0.03737,0.02906,0.100061,0.061896,0.04699
626_31_1020_1339,1,6,0.121008,0.265202,0.047849,0.11497,0.130995,0.042129,0.277848
626_32_2716_2801,1,4,0.141293,0.360141,0.039093,0.031353,0.380731,0.026113,0.021275
626_31_1450_1829,1,1,0.400916,0.417945,0.018157,0.043373,0.050579,0.028027,0.041003
626_32_909_985,5,5,0.021981,0.071952,0.057636,0.022034,0.052029,0.720638,0.053729
626_32_1868_2092,6,1,0.038436,0.577439,0.029866,0.03131,0.186964,0.019069,0.116915
626_32_334_633,6,1,0.319525,0.477029,0.031242,0.015041,0.101894,0.029432,0.025837
626_31_677_878,1,1,0.18848,0.454311,0.042836,0.068041,0.158262,0.054753,0.033316
626_32_1356_1431,1,3,0.015898,0.110888,0.025536,0.455436,0.036327,0.194068,0.161848
627_31_31_315,6,3,0.023218,0.030042,0.022726,0.449226,0.080321,0.081896,0.312571
627_31_1044_1373,6,3,0.068396,0.088661,0.009022,0.647563,0.028512,0.063338,0.094508
627_32_1911_2185,3,3,0.014884,0.013622,0.012543,0.821994,0.019766,0.093748,0.023443
627_31_1482_1895,6,4,0.037937,0.115402,0.067799,0.037945,0.595845,0.013833,0.131237
627_31_2216_2483,4,4,0.022408,0.132326,0.043568,0.125945,0.342836,0.031708,0.301209
627_32_2534_2650,4,4,0.006183,0.035532,0.029872,0.037768,0.534597,0.069515,0.286534
627_32_896_1001,6,1,0.198127,0.295779,0.021479,0.176425,0.03549,0.14913,0.12357
627_32_336_591,4,4,0.091461,0.152261,0.030023,0.094633,0.540542,0.028445,0.062633
627_31_652_879,6,6,0.019364,0.050185,0.016376,0.407118,0.078921,0.01863,0.409406
627_32_1391_1440,5,5,0.064538,0.024604,0.020612,0.396897,0.015812,0.455871,0.021666
629_31_2214_2522,1,4,0.029419,0.072566,0.081453,0.093199,0.63444,0.032232,0.05669
629_31_31_257,1,2,0.02045,0.040341,0.252597,0.235135,0.191321,0.093278,0.166879
629_31_1193_1546,1,4,0.049643,0.084274,0.133615,0.035606,0.588513,0.045419,0.062931
629_32_2522_2770,1,3,0.024422,0.065598,0.152218,0.373817,0.187997,0.142686,0.053261
629_32_882_1172,6,3,0.044699,0.141413,0.100144,0.474603,0.09776,0.044605,0.096776
629_32_2039_2204,6,3,0.039814,0.097736,0.04217,0.608293,0.025077,0.068029,0.118881
629_32_1600_1861,6,3,0.082778,0.077101,0.032022,0.604172,0.051077,0.036486,0.116364
629_32_258_691,6,3,0.018967,0.040371,0.030051,0.558667,0.02857,0.181546,0.141829
629_31_1882_2019,1,0,0.383168,0.345592,0.054826,0.02506,0.025604,0.101885,0.063864
629_31_709_879,1,0,0.243684,0.197858,0.180201,0.016999,0.146834,0.147056,0.067368
631_32_2473_2600,6,3,0.098099,0.150116,0.033173,0.459,0.030572,0.043971,0.185068
631_31_31_340,0,1,0.431393,0.483772,0.023732,0.009323,0.028095,0.01591,0.007774
631_32_1075_1382,6,3,0.017432,0.056088,0.073436,0.438149,0.056381,0.297413,0.061101
631_32_2028_2179,6,3,0.013095,0.049273,0.020279,0.644673,0.102842,0.003872,0.165966
631_32_1580_1839,6,6,0.017042,0.254475,0.085392,0.14006,0.191928,0.048869,0.262233
631_31_1388_1579,6,3,0.009915,0.003586,0.007931,0.917853,0.015627,0.017113,0.027975
631_31_2190_2463,6,1,0.181242,0.230563,0.16039,0.118353,0.034533,0.090202,0.184718
631_31_639_1052,6,3,0.025275,0.057624,0.106219,0.394083,0.072061,0.079705,0.265032
631_32_365_612,6,1,0.123889,0.453936,0.072162,0.065752,0.103226,0.066647,0.114388
631_31_1859_2002,6,3,0.013441,0.043848,0.018784,0.55969,0.032101,0.064783,0.267352
632_31_31_159,1,4,0.019184,0.111671,0.087846,0.008067,0.747059,0.011323,0.014851
632_32_1270_1573,0,0,0.751296,0.156106,0.010782,0.022859,0.021905,0.027076,0.009975
632_31_2036_2127,4,3,0.035336,0.067534,0.036915,0.565883,0.057205,0.015049,0.222078
632_31_1067_1253,1,4,0.007019,0.009569,0.059667,0.005574,0.907516,0.005726,0.00493
632_31_1639_1853,4,4,0.008362,0.015133,0.070189,0.038412,0.825766,0.006123,0.036014
632_32_181_320,0,0,0.718968,0.198263,0.017788,0.014404,0.030156,0.01034,0.010081
632_32_2128_2236,6,3,0.137365,0.210026,0.058123,0.355327,0.049117,0.105879,0.084164
632_32_791_1039,6,0,0.642835,0.183677,0.030524,0.015993,0.095124,0.017023,0.014824
632_31_359_783,1,4,0.007875,0.005743,0.05391,0.015388,0.901957,0.010892,0.004235
632_32_1857_2018,6,3,0.036728,0.051157,0.058947,0.491647,0.06865,0.195139,0.097734
634_32_112_200,6,3,0.015623,0.011319,0.026109,0.52911,0.007084,0.122903,0.287851
634_32_1249_1443,6,4,0.041043,0.121529,0.178428,0.168952,0.229926,0.075627,0.184495
634_32_1533_2092,6,3,0.060482,0.119269,0.100133,0.314429,0.08547,0.130556,0.189663
634_31_1007_1199,1,1,0.02213,0.243831,0.236574,0.079479,0.163639,0.077187,0.177159
634_31_221_455,6,6,0.027258,0.048379,0.051468,0.188051,0.0378,0.080458,0.566586
634_31_2116_2239,6,3,0.013835,0.011902,0.019346,0.711102,0.005629,0.083164,0.155022
634_32_492_979,6,3,0.048878,0.053736,0.025588,0.577191,0.044978,0.104993,0.144635
634_32_2262_2311,6,3,0.015894,0.004903,0.021537,0.814355,0.004641,0.074514,0.064156
634_31_31_109,6,6,0.015751,0.019706,0.060968,0.418489,0.02886,0.026208,0.430018
634_31_1463_1502,6,6,0.010748,0.033362,0.036495,0.029717,0.017556,0.169326,0.702797
635_32_2280_2613,6,1,0.16251,0.445067,0.081704,0.029829,0.070049,0.018762,0.192079
635_31_31_193,6,6,0.01987,0.042271,0.250252,0.049259,0.057666,0.16471,0.415972
635_32_1125_1594,1,3,0.0124,0.068658,0.091959,0.687972,0.027504,0.083225,0.028282
635_31_2009_2209,6,6,0.021705,0.094377,0.06959,0.055457,0.106024,0.021624,0.631223
635_31_1611_1738,6,3,0.020273,0.021208,0.012087,0.789206,0.007062,0.082193,0.067972
635_32_204_282,6,5,0.012296,0.039965,0.187797,0.015186,0.021682,0.598479,0.124595
635_32_1780_1940,6,3,0.017734,0.019622,0.015323,0.754224,0.011126,0.114369,0.067601
635_31_916_1107,6,5,0.023384,0.036387,0.058765,0.290382,0.012426,0.486196,0.09246
635_31_296_659,6,3,0.015835,0.023502,0.037703,0.655417,0.054312,0.031458,0.181774
635_32_681_845,1,6,0.009053,0.056164,0.013217,0.026732,0.025253,0.053112,0.81647
636_31_2165_2532,1,1,0.053027,0.569165,0.067461,0.058178,0.147491,0.089191,0.015487
636_31_31_141,6,3,0.010588,0.005319,0.010864,0.901795,0.006272,0.038756,0.026405
636_32_1275_1400,6,5,0.29508,0.205709,0.035378,0.011624,0.082082,0.328729,0.041398
636_31_914_1257,4,1,0.200569,0.346413,0.04554,0.036774,0.124173,0.208899,0.037631
636_31_1435_1825,1,1,0.357416,0.478145,0.022799,0.030787,0.036353,0.026925,0.047576
636_32_1834_2160,0,0,0.675215,0.129757,0.00992,0.004491,0.017496,0.160221,0.0029
636_31_412_691,1,4,0.042866,0.130644,0.089142,0.028033,0.654133,0.028052,0.02713
636_32_692_880,6,0,0.620462,0.304898,0.017213,0.00577,0.016537,0.024024,0.011097
637_31_31_137,0,0,0.690751,0.173601,0.015729,0.004663,0.024322,0.083742,0.007192
637_31_1601_1709,6,3,0.01374,0.00988,0.030373,0.814065,0.049799,0.044192,0.037951
637_32_1745_2021,1,4,0.095698,0.279198,0.110329,0.061282,0.325817,0.01334,0.114336
637_32_1297_1586,6,1,0.075105,0.532883,0.152675,0.020045,0.092188,0.033475,0.09363
637_31_702_1056,1,0,0.596539,0.315267,0.018059,0.008936,0.03548,0.012496,0.013223
637_32_146_229,6,0,0.46044,0.326922,0.077563,0.013591,0.041282,0.016612,0.063591
637_32_520_669,1,1,0.333256,0.475787,0.030528,0.039252,0.050134,0.019559,0.051484
637_32_1057_1179,0,5,0.130135,0.271716,0.055833,0.026925,0.015486,0.436209,0.063696
637_31_275_503,0,1,0.330617,0.47479,0.04103,0.015815,0.115473,0.010189,0.012085
637_31_1190_1284,0,1,0.310164,0.356401,0.121374,0.038379,0.046353,0.080479,0.046851
638_31_31_149,6,2,0.121055,0.077537,0.240463,0.095586,0.194224,0.11051,0.160625
638_32_1214_1593,6,4,0.028556,0.109802,0.090414,0.057017,0.548503,0.067329,0.09838
638_31_2033_2260,6,4,0.108801,0.131123,0.048454,0.103309,0.332215,0.021093,0.255007
638_31_994_1197,6,1,0.180824,0.310872,0.045009,0.013996,0.216685,0.032197,0.200416
638_31_1624_1886,6,1,0.222209,0.492534,0.080252,0.016048,0.023494,0.108834,0.056629
638_32_166_451,1,4,0.055631,0.182916,0.238717,0.005226,0.447037,0.015883,0.054589
638_32_796_931,5,5,0.032736,0.05018,0.036158,0.035577,0.022845,0.798268,0.024235
638_32_2278_2437,6,6,0.02795,0.038765,0.040266,0.279168,0.054413,0.027232,0.532206
638_31_575_771,1,4,0.030857,0.225007,0.227643,0.010819,0.435887,0.018738,0.05105
638_32_1903_2018,6,4,0.022625,0.382789,0.082815,0.00202,0.452256,0.003684,0.053811
639_31_2270_2493,2,1,0.124067,0.447633,0.098849,0.018104,0.247125,0.009001,0.05522
639_31_31_170,1,6,0.047803,0.200271,0.182295,0.066859,0.055874,0.057662,0.389236
639_31_1188_1386,1,1,0.118269,0.454937,0.254886,0.012366,0.107964,0.025435,0.026145
639_31_1536_2026,6,1,0.040229,0.330857,0.210839,0.015082,0.23589,0.026191,0.140913
639_32_212_560,6,4,0.008129,0.095866,0.165993,0.007737,0.657374,0.006282,0.058617
639_32_1404_1506,6,4,0.031352,0.327356,0.165374,0.008338,0.362816,0.011001,0.093762
639_32_2066_2232,6,1,0.033339,0.350921,0.105641,0.0262,0.224068,0.015586,0.244245
639_32_2542_2627,6,1,0.083125,0.25859,0.099729,0.235029,0.101201,0.042465,0.179861
639_32_894_1165,6,1,0.035698,0.2935,0.096156,0.257969,0.096203,0.022848,0.197626
639_31_606_826,1,4,0.060222,0.32475,0.057442,0.006553,0.533447,0.00329,0.014296
683_35_97_178,3,3,0.009839,0.024976,0.025544,0.563394,0.008924,0.087494,0.279829
683_36_1228_1343,3,1,0.020189,0.291895,0.291266,0.178541,0.030171,0.119263,0.068677
683_35_1177_1217,3,3,0.0133,0.033201,0.057099,0.579559,0.014307,0.090893,0.211641
683_35_1498_1680,1,3,0.01391,0.018133,0.034615,0.701127,0.016984,0.055845,0.159385
683_35_1788_1929,1,3,0.02422,0.108962,0.253653,0.3599,0.045211,0.165777,0.042277
683_36_1407_1491,3,3,0.008246,0.063773,0.096846,0.682203,0.020066,0.015949,0.112917
683_36_915_942,2,3,0.021504,0.029069,0.284331,0.413602,0.035521,0.109016,0.106957
683_35_1343_1375,1,2,0.020305,0.029864,0.471238,0.209945,0.057056,0.045802,0.16579
683_36_1070_1156,3,3,0.01896,0.03515,0.029966,0.792103,0.014366,0.061307,0.048148
683_36_329_368,6,5,0.033048,0.305067,0.198789,0.006903,0.011027,0.41776,0.027407
683_35_969_1070,1,3,0.028397,0.031207,0.124716,0.591681,0.035243,0.019704,0.169052
683_35_419_581,6,6,0.026053,0.21988,0.121694,0.200096,0.074125,0.077904,0.280248
683_36_31_95,5,5,0.037617,0.067327,0.022046,0.268227,0.015628,0.533086,0.056069
683_36_659_845,5,5,0.01308,0.086226,0.053648,0.175696,0.024525,0.361087,0.285737
683_36_1718_1761,2,5,0.017271,0.076556,0.036637,0.024788,0.015341,0.789941,0.039465
683_35_846_883,6,6,0.012748,0.012951,0.009597,0.427222,0.004891,0.02059,0.512
683_36_1968_2034,6,6,0.037763,0.098002,0.070784,0.270585,0.018961,0.01418,0.489725
683_36_209_249,5,5,0.031688,0.086764,0.087373,0.055901,0.037925,0.540544,0.159805
683_35_260_290,6,6,0.033545,0.136952,0.043332,0.241256,0.088472,0.043781,0.412661
684_35_118_282,6,6,0.013031,0.055319,0.020039,0.064242,0.031592,0.072922,0.742854
684_35_1148_1219,3,5,0.016046,0.04029,0.024343,0.302127,0.017969,0.592275,0.006951
684_36_804_814,5,3,0.008595,0.003915,0.008561,0.880351,0.005476,0.04002,0.053083
684_36_31_92,6,6,0.14743,0.156306,0.021635,0.274027,0.030178,0.094218,0.276206
684_36_846_988,1,3,0.023531,0.148547,0.076537,0.279055,0.027002,0.217529,0.227799
684_35_727_758,3,3,0.007223,0.01031,0.025253,0.480427,0.010274,0.399375,0.067136
684_35_1008_1080,5,5,0.003639,0.003054,0.015382,0.42294,0.007348,0.54186,0.005776
684_36_393_455,1,3,0.009497,0.015205,0.011657,0.773064,0.007242,0.029082,0.154253
684_35_617_670,3,3,0.010822,0.019387,0.013356,0.73357,0.013502,0.104451,0.104913
684_36_672_721,3,3,0.009982,0.014201,0.004595,0.708043,0.005893,0.022928,0.234359
684_36_537_609,6,6,0.037543,0.043542,0.014772,0.346782,0.041852,0.056465,0.459044
684_36_1100_1126,6,3,0.026623,0.085791,0.037642,0.336814,0.025899,0.156033,0.331199
684_35_814_834,3,5,0.017281,0.061695,0.062038,0.267212,0.032561,0.346618,0.212594
684_35_476_537,1,3,0.026048,0.129473,0.042021,0.361263,0.076437,0.025339,0.33942
684_36_321_367,6,6,0.047322,0.065072,0.016534,0.281888,0.013925,0.072744,0.502515
684_35_367_383,3,3,0.012181,0.026927,0.013306,0.566564,0.015372,0.022204,0.343446
685_35_99_131,1,2,0.043185,0.237111,0.238008,0.06092,0.206058,0.061516,0.153203
685_35_1171_1279,1,1,0.197554,0.396884,0.0293,0.254833,0.016749,0.061982,0.042699
685_35_233_293,1,3,0.015662,0.035571,0.028034,0.569271,0.018957,0.018457,0.314048
685_36_1341_1502,1,1,0.218202,0.673245,0.022214,0.036167,0.017607,0.017501,0.015064
685_36_910_1028,1,1,0.033632,0.831847,0.039165,0.029193,0.016223,0.012349,0.03759
685_35_485_713,1,3,0.021419,0.034387,0.023443,0.759439,0.020278,0.092085,0.048949
685_36_1109_1151,1,5,0.14498,0.261655,0.06278,0.064263,0.029525,0.401537,0.03526
685_36_147_187,1,1,0.048679,0.28357,0.147898,0.011894,0.038545,0.270908,0.198507
685_35_1030_1109,1,3,0.029365,0.049116,0.029086,0.41654,0.021931,0.406641,0.047322
685_36_307_355,1,1,0.107475,0.415425,0.101858,0.022361,0.028096,0.128615,0.196169
685_36_397_478,1,1,0.042195,0.58177,0.140136,0.010214,0.075677,0.13708,0.012929
685_36_31_71,1,1,0.03882,0.381655,0.199709,0.011206,0.026951,0.300138,0.04152
685_36_724_874,1,5,0.075925,0.297539,0.080566,0.06026,0.030336,0.436266,0.019109
685_35_874_900,1,5,0.04777,0.22816,0.110484,0.06188,0.074762,0.325702,0.151242
685_35_355_370,1,6,0.055495,0.165647,0.093373,0.276197,0.095794,0.032357,0.281138
686_35_1141_1364,3,3,0.010985,0.010959,0.010375,0.885868,0.006522,0.027878,0.047412
686_35_250_264,3,3,0.067349,0.022889,0.015577,0.486392,0.008787,0.042175,0.356831
686_35_1423_1496,3,3,0.134943,0.290897,0.021275,0.417441,0.015579,0.081883,0.037982
686_35_791_977,3,1,0.094367,0.243948,0.031679,0.227242,0.07505,0.089193,0.238521
686_35_491_621,3,1,0.174308,0.414962,0.073681,0.102369,0.152217,0.030003,0.052459
686_36_1091_1127,5,5,0.017857,0.03724,0.035665,0.021704,0.01707,0.830172,0.040293
686_35_1031_1078,3,3,0.010201,0.006861,0.005671,0.912604,0.004777,0.015983,0.043904
686_36_31_89,4,2,0.012842,0.157157,0.570568,0.007244,0.203498,0.020239,0.028451
686_36_421_475,5,5,0.017449,0.044427,0.047395,0.025791,0.013255,0.813911,0.037771
686_36_1516_1543,1,5,0.072504,0.171314,0.092534,0.015501,0.015222,0.430424,0.202501
686_36_701_771,4,2,0.01293,0.134809,0.515037,0.006988,0.297973,0.016657,0.015606
686_36_1381_1423,1,1,0.089921,0.256298,0.173812,0.178487,0.098007,0.123682,0.079793
686_35_1551_1586,3,4,0.077224,0.1663,0.102292,0.012829,0.479722,0.040906,0.120726
686_36_991_1022,5,6,0.02196,0.083501,0.044317,0.012177,0.012888,0.404273,0.420883
686_35_351_386,6,6,0.014648,0.048175,0.305736,0.094106,0.145589,0.083506,0.308239
686_36_295_319,4,5,0.038521,0.176769,0.075108,0.013177,0.038564,0.515912,0.141949
688_36_119_151,6,6,0.053722,0.280025,0.057297,0.128749,0.151734,0.024495,0.303978
688_35_1131_1276,1,0,0.372767,0.361337,0.060811,0.057132,0.05267,0.036018,0.059266
688_36_936_979,1,1,0.167125,0.643124,0.03213,0.036973,0.058453,0.021825,0.040371
688_35_172_224,1,5,0.169749,0.130824,0.041353,0.005694,0.050847,0.594639,0.006895
688_36_1311_1393,3,3,0.026662,0.101074,0.209184,0.401621,0.098334,0.131477,0.031648
688_36_1046_1127,1,1,0.32387,0.365665,0.068921,0.054164,0.100069,0.028439,0.058873
688_35_618_711,0,0,0.550893,0.148983,0.030254,0.121798,0.039327,0.032212,0.076534
688_35_341_487,1,1,0.124592,0.330611,0.06231,0.127067,0.087097,0.196315,0.07201
688_35_31_82,5,5,0.081464,0.059865,0.026407,0.076141,0.01826,0.673138,0.064725
688_35_789_914,0,0,0.706695,0.081485,0.032277,0.065315,0.02548,0.039438,0.04931
688_36_723_788,1,0,0.60537,0.169007,0.022499,0.089598,0.017525,0.044888,0.051112
688_35_1406_1451,1,0,0.296054,0.147826,0.063517,0.222642,0.076249,0.017324,0.176387
688_36_500_561,1,1,0.086251,0.683417,0.029175,0.018021,0.15874,0.006261,0.018136
688_35_979_1028,1,0,0.727208,0.209315,0.016533,0.013124,0.011294,0.010824,0.011701
688_36_263_321,1,5,0.095038,0.134815,0.043896,0.06126,0.035919,0.580674,0.048398
693_36_123_132,6,5,0.234082,0.195733,0.034698,0.078653,0.031703,0.266082,0.159049
693_35_1413_1593,1,3,0.029605,0.062968,0.017912,0.485986,0.029473,0.314454,0.059601
693_36_851_1020,1,3,0.014619,0.043202,0.021409,0.554977,0.03479,0.083866,0.247137
693_35_173_207,3,3,0.006229,0.004891,0.007457,0.837529,0.00861,0.015264,0.12002
693_35_553_609,3,5,0.099449,0.184983,0.073431,0.230829,0.055325,0.292688,0.063294
693_35_1103_1127,0,1,0.094597,0.343556,0.037782,0.064986,0.107885,0.01714,0.334053
693_36_631_672,1,0,0.455639,0.418392,0.024303,0.020264,0.035745,0.011573,0.034085
693_36_469_536,1,1,0.359559,0.444919,0.066932,0.0252,0.062008,0.025799,0.015583
693_35_31_67,3,3,0.029125,0.078401,0.009913,0.739215,0.012508,0.036184,0.094655
693_35_692_763,3,0,0.478366,0.200462,0.012381,0.197757,0.023719,0.054895,0.032421
693_36_1269_1283,5,5,0.030693,0.059934,0.051374,0.016748,0.031119,0.739957,0.070173
693_35_340_371,1,6,0.107568,0.17385,0.044441,0.130236,0.126864,0.045211,0.371831
693_36_275_293,1,1,0.112815,0.246268,0.027578,0.180751,0.024454,0.230334,0.1778
694_35_31_169,6,5,0.010543,0.124149,0.19096,0.077543,0.056435,0.361527,0.178843
694_36_1179_1338,1,0,0.553082,0.267513,0.018818,0.058022,0.018477,0.028668,0.055419
694_36_204_353,1,6,0.032672,0.048477,0.018581,0.312892,0.021508,0.012741,0.553129
694_36_1451_1588,1,0,0.636876,0.182703,0.012871,0.048256,0.019168,0.084013,0.016112
694_36_532_599,1,1,0.330939,0.440472,0.038907,0.054654,0.05512,0.05801,0.021898
694_35_1113_1151,3,3,0.025421,0.04065,0.061252,0.726397,0.053617,0.060754,0.031908
694_36_980_1105,1,0,0.538472,0.256409,0.0312,0.028229,0.048491,0.040615,0.056584
694_35_417_453,6,5,0.007212,0.107649,0.139928,0.026259,0.012417,0.549552,0.156982
694_36_800_864,1,5,0.184425,0.148634,0.028048,0.205957,0.017913,0.373661,0.041361
694_35_1365_1421,4,2,0.016582,0.131754,0.44264,0.005681,0.317744,0.021808,0.063791
694_35_878_913,2,6,0.034436,0.11579,0.118555,0.18285,0.155655,0.034164,0.35855
694_35_1647_1678,6,1,0.132479,0.423688,0.097387,0.02838,0.209593,0.031221,0.077252
694_35_739_742,3,5,0.005944,0.011737,0.021636,0.015256,0.021936,0.87033,0.053161
695_35_91_150,3,3,0.009442,0.017634,0.006581,0.543011,0.005266,0.017541,0.400525
695_35_1214_1375,1,1,0.156755,0.500898,0.04882,0.035752,0.137681,0.051276,0.068818
695_36_1450_1493,1,1,0.12526,0.475081,0.033281,0.072018,0.051679,0.03427,0.208409
695_36_194_221,6,6,0.018482,0.049415,0.017167,0.16922,0.01054,0.177336,0.557839
695_35_1099_1111,1,5,0.014506,0.034416,0.071667,0.041649,0.050655,0.509994,0.277114
695_35_954_1049,1,2,0.060577,0.184672,0.435827,0.004736,0.169696,0.099201,0.045291
695_36_31_61,6,3,0.017734,0.028261,0.023383,0.438052,0.026247,0.093053,0.373269
695_35_1534_1621,1,1,0.181303,0.659264,0.031131,0.018435,0.059088,0.019903,0.030878
695_36_853_907,5,5,0.081382,0.104356,0.045086,0.036367,0.027978,0.603575,0.101256
695_36_1644_1674,1,1,0.070864,0.278034,0.115147,0.088946,0.142511,0.067886,0.236611
695_36_1153_1165,6,5,0.023208,0.054087,0.024961,0.046042,0.018352,0.632752,0.200598
695_36_293_315,6,6,0.06237,0.043516,0.009518,0.317212,0.013115,0.050883,0.503386
695_35_229_251,3,6,0.009344,0.014181,0.005239,0.358431,0.007063,0.054486,0.551256
695_36_1077_1082,5,5,0.017739,0.027706,0.015287,0.039669,0.015612,0.737522,0.146464
695_35_327_331,3,6,0.01884,0.045987,0.011664,0.227803,0.059258,0.042116,0.594332
696_36_1295_1317,1,6,0.035077,0.068851,0.100452,0.137336,0.036818,0.250387,0.371078
696_35_1159_1256,1,6,0.012051,0.032833,0.013228,0.144259,0.016871,0.090832,0.689925
696_35_887_1058,1,1,0.039922,0.403814,0.089258,0.104555,0.071495,0.10746,0.183495
696_35_1330_1392,1,1,0.207634,0.355741,0.094582,0.038494,0.04432,0.199642,0.059588
696_36_1091_1141,1,6,0.021836,0.057059,0.044202,0.069195,0.054131,0.279527,0.474049
696_36_159_202,6,6,0.071161,0.089726,0.020619,0.145011,0.02582,0.043777,0.603886
696_35_291_387,1,1,0.037385,0.258323,0.185296,0.100887,0.10886,0.242051,0.067198
696_36_433_439,4,5,0.019525,0.033294,0.021705,0.012238,0.01757,0.83726,0.058407
696_36_814_842,1,5,0.019205,0.030011,0.017483,0.158434,0.015094,0.721901,0.037871
696_35_649_743,1,3,0.023822,0.232188,0.064079,0.406948,0.016545,0.053069,0.20335
696_36_606_630,6,3,0.021109,0.019678,0.009695,0.523967,0.014433,0.057903,0.353214
696_35_498_566,1,3,0.011143,0.009316,0.016598,0.750003,0.009272,0.109367,0.0943
696_35_93_111,6,5,0.009132,0.035929,0.025367,0.051675,0.014762,0.520912,0.342222
696_36_31_35,6,6,0.089866,0.141429,0.020273,0.053813,0.043613,0.196632,0.454374
698_35_117_233,3,3,0.009798,0.031267,0.043264,0.505837,0.017685,0.161772,0.230377
698_36_1191_1314,1,0,0.472021,0.336258,0.027602,0.028612,0.024284,0.076916,0.034306
698_36_1725_1815,1,1,0.224985,0.402075,0.05561,0.177042,0.047676,0.034054,0.058557
698_35_826_949,2,5,0.01829,0.091744,0.299138,0.009216,0.088162,0.420517,0.072934
698_35_1351_1387,1,1,0.086953,0.351911,0.326631,0.005297,0.147537,0.023704,0.057967
698_36_587_620,0,1,0.177329,0.353541,0.030088,0.066284,0.025172,0.113069,0.234517
698_35_1084_1148,2,2,0.010634,0.027642,0.768089,0.022071,0.103446,0.025872,0.042246
698_36_999_1041,1,6,0.060607,0.241028,0.026058,0.082515,0.016535,0.173886,0.399371
698_36_1490_1560,1,0,0.343309,0.334197,0.023999,0.081578,0.02581,0.149217,0.04189
698_36_703_784,1,1,0.127412,0.377342,0.126908,0.015463,0.014046,0.273319,0.065511
698_35_670_677,6,5,0.006492,0.029335,0.030687,0.008727,0.016135,0.876586,0.032038
698_36_31_53,1,6,0.083194,0.241553,0.077581,0.04837,0.042625,0.21858,0.288097
698_35_1593_1615,3,4,0.02581,0.069082,0.279973,0.231625,0.31886,0.020518,0.054133
700_36_1277_1429,3,3,0.034367,0.03116,0.018926,0.48894,0.034384,0.045306,0.346916
700_35_1103_1240,3,3,0.018619,0.069071,0.047246,0.45024,0.075138,0.053059,0.286627
700_36_236_342,5,2,0.019991,0.142975,0.356559,0.045689,0.077542,0.158349,0.198895
700_35_1459_1498,3,3,0.010659,0.019326,0.009343,0.86594,0.004437,0.03711,0.053185
700_35_935_988,3,3,0.015538,0.025064,0.14175,0.639003,0.016921,0.060188,0.101535
700_36_459_622,6,6,0.065491,0.126766,0.032368,0.214967,0.031918,0.071661,0.456828
700_35_178_187,3,3,0.01971,0.04479,0.025041,0.446431,0.02437,0.036594,0.403063
700_36_1014_1051,3,3,0.016477,0.020925,0.013929,0.862476,0.017661,0.018991,0.049543
700_36_31_72,6,1,0.201316,0.537285,0.037628,0.019989,0.059739,0.018345,0.125698
700_36_722_867,3,6,0.060404,0.177308,0.025168,0.030582,0.050003,0.021613,0.634922
700_35_385_415,3,3,0.009365,0.00151,0.00463,0.954721,0.003053,0.007928,0.018794
700_35_646_663,5,5,0.008896,0.027597,0.068345,0.027798,0.009214,0.720804,0.137347
700_36_134_171,6,6,0.091464,0.252226,0.031891,0.013318,0.013667,0.105668,0.491765
700_35_94_108,3,3,0.025424,0.010251,0.19057,0.358292,0.036187,0.264208,0.115066
701_36_31_188,3,3,0.011722,0.014493,0.024671,0.825866,0.009733,0.023798,0.089717
701_36_1224_1348,1,4,0.091674,0.259417,0.10985,0.048108,0.434126,0.027434,0.02939
701_35_1135_1197,0,0,0.467447,0.385097,0.023125,0.033741,0.024024,0.026615,0.039952
701_35_1656_1824,1,0,0.693089,0.211378,0.021332,0.015888,0.025641,0.018371,0.014301
701_36_1446_1591,0,0,0.714875,0.139431,0.039542,0.013958,0.06485,0.01085,0.016494
701_35_855_1006,0,0,0.730621,0.174329,0.01598,0.031816,0.009888,0.026769,0.010598
701_35_1348_1407,1,0,0.447887,0.391945,0.015562,0.071802,0.018163,0.027789,0.026852
701_35_501_593,0,0,0.840455,0.128093,0.008706,0.005127,0.00628,0.004019,0.00732
701_36_1037_1134,1,0,0.576005,0.347342,0.014053,0.010375,0.022619,0.012161,0.017446
701_36_598_688,1,0,0.534476,0.203606,0.009167,0.031704,0.008247,0.181748,0.031051
701_36_450_500,5,5,0.107806,0.191472,0.016162,0.013272,0.020453,0.608756,0.04208
701_35_396_448,1,1,0.282818,0.508428,0.041218,0.02945,0.049239,0.032042,0.056805
701_36_750_846,1,0,0.465045,0.407207,0.014166,0.050858,0.022089,0.016419,0.024215
701_35_689_741,0,0,0.743777,0.164624,0.017878,0.020597,0.009682,0.020566,0.022876
701_36_351_396,1,5,0.085272,0.184168,0.060757,0.022424,0.022456,0.447325,0.177598
701_35_281_298,1,1,0.227193,0.636148,0.012082,0.036963,0.038883,0.022247,0.026484
702_36_110_254,6,1,0.089307,0.415204,0.096503,0.032826,0.051631,0.247334,0.067194
702_36_1217_1406,0,0,0.640028,0.254131,0.011147,0.046772,0.010749,0.016244,0.02093
702_35_1097_1212,1,0,0.655208,0.271422,0.017283,0.004188,0.028078,0.01416,0.009661
702_35_254_290,4,5,0.020378,0.151314,0.224225,0.017408,0.077257,0.427964,0.081453
702_35_1424_1511,1,5,0.132856,0.136254,0.015158,0.020465,0.025189,0.658203,0.011875
702_35_933_988,1,0,0.40445,0.253419,0.035274,0.014202,0.087197,0.142206,0.063252
702_35_562_729,4,1,0.126831,0.60862,0.040645,0.023363,0.108618,0.055386,0.036538
702_36_989_1086,1,1,0.181308,0.29852,0.035465,0.168701,0.087909,0.142379,0.085718
702_35_462_499,4,1,0.075925,0.403246,0.050434,0.054244,0.149974,0.056566,0.209611
702_35_31_70,4,4,0.083531,0.142943,0.231719,0.044106,0.345524,0.032312,0.119866
702_36_335_460,6,1,0.03803,0.377383,0.121634,0.057469,0.043296,0.199371,0.162817
702_36_757_921,1,0,0.461855,0.344227,0.01317,0.074298,0.014467,0.06707,0.024913
702_36_512_547,1,1,0.019114,0.42235,0.371843,0.020631,0.061148,0.032844,0.072071
705_36_1264_1320,1,0,0.36993,0.369233,0.046294,0.036641,0.050597,0.075832,0.051472
705_35_1161_1263,1,1,0.098855,0.488691,0.061181,0.094089,0.13241,0.043214,0.081559
705_36_192_303,6,6,0.01744,0.04588,0.024882,0.190461,0.041272,0.040299,0.639766
705_36_31_126,6,3,0.044166,0.035535,0.008175,0.538931,0.017358,0.03334,0.322494
705_35_756_958,1,1,0.042519,0.423688,0.194981,0.012625,0.305163,0.011259,0.009765
705_36_540_692,6,6,0.026089,0.123514,0.064043,0.113017,0.039632,0.067438,0.566268
705_36_1026_1144,1,3,0.219099,0.201117,0.054255,0.226109,0.054422,0.091282,0.153715
705_35_331_403,5,5,0.008783,0.051377,0.05447,0.004766,0.015997,0.786688,0.077919
705_35_473_520,4,2,0.011081,0.055437,0.499337,0.010071,0.327992,0.021865,0.074218
705_36_406_442,1,6,0.043783,0.076885,0.013603,0.314941,0.013701,0.159761,0.377326
705_36_1479_1530,1,0,0.448717,0.318043,0.0248,0.049767,0.017213,0.112335,0.029125
705_35_1387_1453,1,1,0.041782,0.401742,0.090488,0.05425,0.295816,0.019611,0.096311
705_35_693_716,5,5,0.006631,0.037498,0.017577,0.020811,0.013272,0.830675,0.073535
705_36_726_747,6,6,0.040541,0.131557,0.093015,0.075425,0.073809,0.169617,0.416038
705_35_155_177,6,2,0.038877,0.135483,0.216498,0.161558,0.124471,0.183429,0.139684
710_36_96_218,1,5,0.055122,0.110417,0.100144,0.012276,0.020195,0.495094,0.206751
710_35_1647_1820,4,1,0.330334,0.373071,0.05956,0.018012,0.147073,0.064155,0.007797
710_35_218_263,4,4,0.061563,0.295238,0.096022,0.010248,0.508295,0.011126,0.017508
710_35_824_1139,1,1,0.31374,0.56161,0.045789,0.003737,0.037467,0.026775,0.010882
710_35_1329_1448,1,1,0.221307,0.556866,0.054061,0.011671,0.066498,0.056321,0.033275
710_35_589_771,1,1,0.143229,0.640832,0.041105,0.007722,0.014647,0.146155,0.006312
710_35_31_96,4,4,0.034083,0.123551,0.05185,0.013793,0.735057,0.00743,0.034235
710_35_369_447,1,1,0.146059,0.358689,0.047797,0.008251,0.078756,0.302886,0.057562
710_36_1504_1647,1,5,0.176851,0.296286,0.036472,0.041054,0.037071,0.39886,0.013407
710_36_1202_1275,1,1,0.201828,0.308698,0.073703,0.104562,0.043935,0.183788,0.083487
710_36_771_824,1,5,0.180083,0.276783,0.016838,0.019367,0.009725,0.473081,0.024123
710_36_512_589,0,5,0.094186,0.153351,0.170972,0.007825,0.026263,0.526347,0.021057
710_36_272_318,1,5,0.034633,0.040466,0.0437,0.012304,0.007654,0.771362,0.089881
711_36_1246_1332,2,1,0.223799,0.326664,0.054396,0.098099,0.07272,0.066435,0.157888
711_35_1162_1193,4,1,0.104201,0.504538,0.06285,0.042705,0.216483,0.029945,0.039279
711_36_199_292,2,5,0.039562,0.088024,0.033543,0.256373,0.017555,0.41503,0.149913
711_36_1796_1885,6,3,0.035126,0.100375,0.110721,0.364355,0.064461,0.071642,0.253319
711_36_1443_1600,1,3,0.036787,0.088748,0.042978,0.636805,0.073988,0.049404,0.071291
711_35_2133_2277,1,1,0.359468,0.390644,0.030396,0.022152,0.026779,0.158754,0.011806
711_35_910_1008,0,1,0.083586,0.361136,0.043639,0.136543,0.083904,0.138415,0.152777
711_35_1332_1357,1,3,0.015587,0.130688,0.086494,0.353529,0.077745,0.067868,0.268089
711_36_2277_2405,6,0,0.429728,0.313784,0.017531,0.127216,0.036505,0.050724,0.024513
711_35_592_634,1,6,0.026313,0.052229,0.039203,0.259443,0.041128,0.180186,0.401499
711_36_1069_1162,2,3,0.027329,0.020221,0.019016,0.679235,0.019313,0.139637,0.095248
711_36_2068_2117,1,5,0.016992,0.025917,0.029156,0.020306,0.012683,0.873882,0.021063
711_35_1691_1796,0,1,0.200077,0.457632,0.060513,0.027787,0.219749,0.01567,0.018571
711_35_327_347,6,5,0.068096,0.124958,0.042552,0.038752,0.028679,0.600634,0.096329
711_36_435_501,2,3,0.061237,0.173223,0.161842,0.28047,0.036321,0.124178,0.162729
711_35_31_82,6,5,0.018375,0.154464,0.076795,0.034898,0.024863,0.651876,0.038729
711_35_1885_2030,1,1,0.357711,0.48133,0.048023,0.017396,0.044627,0.015106,0.035807
711_36_845_856,2,4,0.035438,0.127541,0.199045,0.027908,0.365525,0.049838,0.194706
712_35_1219_1306,1,1,0.06165,0.333043,0.082746,0.015457,0.197279,0.203072,0.106752
712_36_31_132,1,3,0.159874,0.153663,0.031172,0.400423,0.041648,0.168622,0.044597
712_36_1088_1219,1,1,0.225261,0.692477,0.019499,0.011622,0.027613,0.009811,0.013718
712_36_736_808,1,2,0.080114,0.283416,0.291155,0.006851,0.158404,0.072571,0.107488
712_36_168_280,1,3,0.175283,0.122756,0.026726,0.322378,0.036099,0.283187,0.033572
712_35_997_1088,1,1,0.097565,0.475765,0.05485,0.033358,0.096536,0.149617,0.092309
712_36_379_503,1,5,0.044826,0.088569,0.013622,0.262556,0.021338,0.322451,0.246638
712_36_622_663,1,1,0.117659,0.692907,0.044677,0.026347,0.025732,0.02196,0.070717
712_35_663_736,3,5,0.019445,0.040282,0.016429,0.098246,0.010785,0.783221,0.031592
712_35_132_168,6,3,0.012562,0.017242,0.06623,0.392624,0.017471,0.371889,0.121982
712_36_925_966,5,5,0.183275,0.062231,0.029642,0.01007,0.007872,0.686246,0.020664
712_35_808_890,6,1,0.045719,0.318764,0.099515,0.14995,0.113531,0.077299,0.195222
712_35_280_325,3,3,0.00703,0.020697,0.010854,0.727961,0.013042,0.132833,0.087583
712_35_503_552,3,3,0.011869,0.007641,0.007422,0.835339,0.01928,0.038245,0.080204
713_36_31_171,4,4,0.010676,0.09551,0.066887,0.003655,0.799962,0.005318,0.017991
713_35_1296_1307,5,5,0.008184,0.028063,0.028026,0.003216,0.015075,0.822846,0.094591
713_35_1543_1742,2,0,0.60569,0.278226,0.036966,0.010292,0.03348,0.017593,0.017753
713_36_1770_1859,1,1,0.108067,0.495308,0.038778,0.179116,0.072105,0.088538,0.018089
713_36_1450_1543,1,5,0.041025,0.22526,0.216951,0.058952,0.026557,0.391626,0.03963
713_36_1340_1388,0,0,0.395382,0.256518,0.048276,0.028108,0.039629,0.212653,0.019434
713_35_1065_1149,5,2,0.010421,0.027615,0.365624,0.008708,0.27442,0.047138,0.266073
713_35_295_397,5,5,0.025565,0.077613,0.171573,0.007573,0.109415,0.319239,0.289022
713_35_611_656,1,2,0.020796,0.191781,0.427252,0.007895,0.181333,0.084715,0.086228
713_36_452_550,4,4,0.006854,0.051612,0.247446,0.013077,0.592162,0.033885,0.054964
713_35_1388_1450,5,0,0.749945,0.13139,0.032329,0.004277,0.027292,0.039956,0.014811
713_36_861_927,0,0,0.300857,0.294887,0.061574,0.04902,0.025339,0.193638,0.074686
713_36_1196_1247,1,3,0.051062,0.168992,0.01884,0.432675,0.015068,0.054979,0.258385
713_35_841_861,5,1,0.136979,0.333191,0.057169,0.019012,0.108457,0.059091,0.286101
713_36_731_752,1,5,0.04476,0.060917,0.04395,0.011631,0.018162,0.691259,0.129321
714_36_1290_1440,3,3,0.024714,0.007209,0.044837,0.79014,0.072267,0.010095,0.050737
714_35_1141_1245,0,0,0.593992,0.29666,0.0123,0.033088,0.020089,0.030018,0.013853
714_35_1591_1701,3,1,0.408205,0.434125,0.027415,0.023229,0.021517,0.034428,0.051082
714_35_247_325,3,3,0.012358,0.031479,0.023266,0.63964,0.018884,0.153079,0.121293
714_35_1440_1486,1,1,0.074766,0.410055,0.167493,0.033315,0.157359,0.111527,0.045485
714_35_891_1040,0,0,0.58712,0.230896,0.038509,0.007275,0.035636,0.090795,0.009769
714_36_145_247,3,3,0.078745,0.104286,0.161084,0.270105,0.043363,0.175145,0.167272
714_36_1040_1141,1,1,0.088199,0.337974,0.291677,0.035999,0.161362,0.047715,0.037073
714_36_325_411,1,1,0.044964,0.55601,0.039794,0.131802,0.069797,0.044484,0.113148
714_36_603_641,1,4,0.041219,0.186957,0.068762,0.192205,0.253066,0.060012,0.197779
714_35_411_543,5,2,0.010044,0.208005,0.318669,0.034158,0.061329,0.188186,0.17961
714_35_31_114,4,3,0.034073,0.163162,0.228698,0.245762,0.031904,0.239866,0.056534
714_36_1501_1591,5,0,0.576544,0.18862,0.080324,0.021268,0.036618,0.057303,0.039323
714_35_641_795,5,1,0.049343,0.294083,0.275157,0.01115,0.117017,0.190154,0.063095
714_36_828_891,5,5,0.020627,0.169343,0.097424,0.04614,0.045745,0.508028,0.112693
715_36_31_211,4,1,0.025432,0.387481,0.334468,0.028882,0.037695,0.088591,0.097451
715_36_1249_1297,1,5,0.020157,0.088159,0.034269,0.158797,0.021922,0.492526,0.18417
715_35_1087_1249,5,5,0.020097,0.167512,0.081423,0.064642,0.020758,0.530985,0.114583
715_35_1545_1684,1,1,0.025798,0.546051,0.103046,0.009349,0.285611,0.006216,0.023928
715_35_249_312,6,1,0.137811,0.598754,0.069889,0.026923,0.08034,0.024301,0.061983
715_35_882_1033,4,1,0.108186,0.654255,0.051894,0.014561,0.05786,0.079834,0.03341
715_35_1319_1357,5,5,0.008271,0.043668,0.061416,0.029221,0.017512,0.79237,0.047542
715_35_425_619,5,5,0.019064,0.341887,0.152354,0.008635,0.048564,0.419434,0.010063
715_36_1033_1087,3,1,0.046739,0.324838,0.084684,0.109461,0.067897,0.270076,0.096305
715_36_674_826,6,6,0.028259,0.113204,0.01491,0.319887,0.024983,0.031993,0.466765
715_36_347_425,4,6,0.014529,0.229604,0.285182,0.04005,0.101663,0.02365,0.305321
715_36_1357_1460,1,5,0.020526,0.130374,0.045742,0.154279,0.071966,0.351862,0.225251
716_36_31_146,1,1,0.083874,0.449723,0.115978,0.093787,0.021622,0.194645,0.040371
716_35_1238_1387,3,3,0.007232,0.020738,0.009663,0.811707,0.007904,0.062988,0.079768
716_36_1138_1238,0,1,0.296469,0.494452,0.033382,0.038333,0.027792,0.052558,0.057015
716_36_1590_1835,1,1,0.254526,0.376299,0.021777,0.170701,0.022849,0.054119,0.099729
716_35_146_320,3,5,0.007269,0.03446,0.032305,0.261502,0.010818,0.557489,0.096157
716_36_1387_1489,0,1,0.291058,0.563595,0.064788,0.004883,0.022241,0.046738,0.006697
716_35_807_937,3,3,0.005748,0.002877,0.010147,0.909233,0.005435,0.032885,0.033674
716_36_937_1033,1,1,0.040399,0.792439,0.037674,0.029515,0.021803,0.045274,0.032897
716_35_524_718,1,1,0.061211,0.54405,0.026801,0.096925,0.025818,0.157359,0.087836
716_35_1033_1138,3,3,0.062851,0.178216,0.023059,0.436909,0.038296,0.115887,0.144783
716_36_397_524,1,1,0.061656,0.760298,0.040615,0.057439,0.011644,0.024457,0.043892
716_35_1489_1590,5,5,0.08629,0.241444,0.047105,0.005499,0.057881,0.543961,0.017819
716_35_1835_1990,0,0,0.72744,0.196601,0.025977,0.007019,0.021088,0.016071,0.005805
716_36_718_807,1,1,0.01681,0.343768,0.25296,0.094552,0.035465,0.060492,0.195954
718_35_103_145,1,5,0.047967,0.244655,0.078907,0.026899,0.0246,0.539856,0.037116
718_36_1201_1317,4,1,0.069778,0.273283,0.018523,0.230349,0.04721,0.154671,0.206185
718_35_1835_2059,1,1,0.253981,0.432758,0.061329,0.026072,0.101215,0.079555,0.04509
718_35_984_1201,0,0,0.442708,0.406407,0.022767,0.022055,0.021725,0.047298,0.03704
718_36_1499_1813,3,3,0.030691,0.029727,0.007345,0.787921,0.0233,0.071658,0.049358
718_35_1371_1499,1,1,0.053699,0.530591,0.073268,0.18561,0.058128,0.060801,0.037902
718_36_864_984,5,5,0.108829,0.081988,0.011319,0.062248,0.011605,0.699998,0.024013
718_35_562_660,4,5,0.042419,0.354113,0.134784,0.009809,0.027792,0.408183,0.0229
718_36_145_198,3,3,0.114144,0.173132,0.035277,0.334207,0.027237,0.104639,0.211364
718_35_314_436,3,5,0.046806,0.168485,0.02685,0.046656,0.015169,0.660804,0.035231
718_36_436_548,3,3,0.063617,0.094492,0.016183,0.473855,0.01768,0.129147,0.205025
718_36_31_103,3,3,0.126483,0.093591,0.023877,0.51876,0.053908,0.040038,0.143342
718_35_767_864,0,1,0.153368,0.539928,0.049662,0.069873,0.062109,0.009091,0.115969
718_36_660_767,3,3,0.076477,0.017009,0.017269,0.731433,0.019145,0.104754,0.033912
719_36_113_133,1,6,0.056577,0.205065,0.015387,0.055337,0.065916,0.014303,0.587414
719_35_1134_1311,3,1,0.016274,0.364264,0.085494,0.079908,0.025153,0.275778,0.153129
719_36_1343_1505,3,3,0.013682,0.017517,0.081927,0.545479,0.013602,0.227851,0.099942
719_35_920_1010,3,2,0.041511,0.163114,0.450359,0.078083,0.12297,0.026455,0.117509
719_36_567_643,1,2,0.018622,0.114975,0.319225,0.243997,0.047405,0.120787,0.134988
719_35_400_520,5,5,0.010541,0.121675,0.062846,0.104005,0.013473,0.561486,0.125975
719_35_31_76,5,5,0.026391,0.170283,0.080814,0.090145,0.086567,0.309117,0.236684
719_35_1505_1620,3,3,0.007489,0.006181,0.021533,0.871536,0.007419,0.022893,0.062949
719_36_727_886,4,1,0.021959,0.337156,0.132838,0.182697,0.032692,0.212473,0.080185
719_35_677_727,3,6,0.051442,0.200592,0.022505,0.15704,0.036137,0.025644,0.506639
719_36_1044_1089,5,5,0.023291,0.039198,0.072391,0.296065,0.013707,0.3562,0.199148
719_36_302_328,1,6,0.035754,0.113856,0.021751,0.316391,0.046953,0.048261,0.417033
719_35_222_250,5,6,0.018207,0.069256,0.084632,0.059524,0.062616,0.120065,0.5857
720_35_85_186,1,4,0.035873,0.186647,0.090933,0.00441,0.628204,0.01013,0.043804
720_36_1173_1427,3,3,0.007568,0.009045,0.00664,0.886295,0.017199,0.057284,0.01597
720_35_1980_2053,0,5,0.148802,0.188661,0.119269,0.027348,0.127165,0.348016,0.04074
720_36_1561_1720,3,5,0.036707,0.031823,0.031818,0.181939,0.012198,0.69221,0.013304
720_36_186_263,4,1,0.118967,0.394107,0.063236,0.091518,0.03363,0.165966,0.132575
720_35_1767_1872,0,5,0.074,0.256543,0.056443,0.006134,0.035479,0.550999,0.020402
720_35_1427_1492,0,5,0.020398,0.191335,0.103247,0.020867,0.027764,0.583008,0.053382
720_36_877_983,2,5,0.044103,0.160573,0.032051,0.088411,0.013207,0.628984,0.032672
720_36_575_684,4,5,0.031244,0.151397,0.02597,0.246244,0.017559,0.28196,0.245627
720_35_1026_1173,1,1,0.148551,0.435307,0.035897,0.00545,0.361835,0.004187,0.008773
720_36_2053_2192,1,5,0.029754,0.219018,0.210215,0.109251,0.031052,0.387044,0.013665
720_35_263_445,4,1,0.19442,0.671682,0.02648,0.010951,0.036552,0.051618,0.008296
720_36_445_523,4,1,0.167813,0.419702,0.02419,0.074236,0.024142,0.141815,0.148103
720_36_31_85,4,5,0.153086,0.329372,0.038038,0.047545,0.06073,0.34445,0.026778
720_35_817_877,0,1,0.130925,0.420155,0.055214,0.016483,0.01863,0.335523,0.02307
720_36_1872_1980,3,2,0.016524,0.049319,0.467569,0.155988,0.039495,0.255109,0.015995
720_35_523_575,0,5,0.024286,0.128781,0.101538,0.012301,0.023552,0.655755,0.053787
1000_49_2411_2693,1,1,0.062665,0.535809,0.108484,0.044288,0.062862,0.135566,0.050326
1000_49_123_203,3,3,0.00443,0.000971,0.002772,0.968365,0.003875,0.010825,0.008762
1000_50_1278_1361,2,3,0.053517,0.092419,0.069837,0.364282,0.066587,0.018661,0.334697
1000_49_1127_1217,1,4,0.013198,0.312614,0.134363,0.011313,0.429934,0.004427,0.094152
1000_50_250_305,3,3,0.013517,0.01163,0.012615,0.7938,0.030228,0.014196,0.124015
1000_50_2739_2824,4,4,0.080988,0.110344,0.091591,0.066031,0.45814,0.142366,0.05054
1000_49_924_944,2,5,0.027195,0.134177,0.097802,0.007938,0.041023,0.664033,0.027832
1000_50_2067_2410,2,6,0.030678,0.094918,0.026049,0.148779,0.073137,0.063632,0.562807
1000_50_1004_1106,3,6,0.028607,0.019854,0.012978,0.166343,0.042282,0.022773,0.707162
1000_50_1465_1947,2,3,0.055688,0.102246,0.073626,0.369263,0.109373,0.082351,0.207454
1000_49_639_685,5,5,0.006025,0.01414,0.007805,0.168645,0.00946,0.785004,0.00892
1000_50_517_632,3,3,0.055791,0.054231,0.050036,0.477304,0.142226,0.026926,0.193487
1000_49_1392_1455,1,1,0.017352,0.411304,0.220355,0.055648,0.182567,0.047121,0.065653
1000_49_1977_2049,1,3,0.105879,0.08196,0.021116,0.541373,0.042124,0.090291,0.117257
1000_50_854_896,3,6,0.062874,0.098583,0.052765,0.07586,0.072512,0.039622,0.597784
1000_49_333_459,3,3,0.018918,0.089133,0.029557,0.655583,0.073918,0.055902,0.07699
1000_50_31_107,3,3,0.003814,0.000932,0.002174,0.932219,0.003977,0.009918,0.046966
962_50_104_183,5,6,0.021463,0.032747,0.042882,0.022037,0.111587,0.342158,0.427126
962_50_1146_1187,1,0,0.39897,0.333321,0.031395,0.047814,0.087757,0.020181,0.080562
962_49_197_268,5,5,0.034795,0.117036,0.054622,0.019685,0.063614,0.681588,0.02866
962_49_942_1108,1,0,0.516438,0.367145,0.031586,0.020536,0.024286,0.014662,0.025348
962_50_1312_1397,1,3,0.008128,0.003935,0.006464,0.931684,0.014159,0.016222,0.019408
962_49_584_694,3,1,0.040317,0.3655,0.118329,0.021333,0.271359,0.035061,0.1481
962_50_301_360,6,4,0.0365,0.088619,0.045473,0.02133,0.664784,0.015337,0.127956
962_49_389_504,1,1,0.031488,0.589833,0.12526,0.037118,0.057158,0.064301,0.094842
962_49_31_83,5,1,0.044467,0.276778,0.133621,0.020183,0.157665,0.153771,0.213516
962_49_1217_1279,1,0,0.47636,0.341284,0.044374,0.043047,0.030815,0.005869,0.05825
962_49_785_831,3,1,0.053467,0.299889,0.148746,0.071926,0.081505,0.078885,0.265582
962_50_710_764,3,3,0.016305,0.025146,0.011744,0.479889,0.025262,0.010162,0.431492
962_49_1408_1459,3,0,0.405854,0.302863,0.019037,0.200294,0.020818,0.016596,0.034538
962_50_514_548,2,4,0.022505,0.097442,0.288523,0.0133,0.416126,0.086918,0.075186
962_50_860_912,1,1,0.122612,0.343456,0.029771,0.146568,0.181543,0.00988,0.16617
965_50_112_260,3,4,0.051084,0.196839,0.025703,0.227586,0.283947,0.021062,0.193779
965_49_1174_1261,4,3,0.027187,0.049099,0.038648,0.561496,0.070214,0.039379,0.213976
965_49_1414_1529,3,3,0.017124,0.027519,0.024952,0.749485,0.068728,0.022056,0.090135
965_50_928_1007,3,3,0.00776,0.012103,0.006091,0.850227,0.00575,0.014089,0.10398
965_50_1303_1378,3,4,0.02573,0.094036,0.042378,0.173376,0.43343,0.017351,0.213699
965_49_519_637,3,1,0.189023,0.373702,0.031913,0.228685,0.037233,0.051534,0.087911
965_50_1091_1137,3,3,0.007927,0.010595,0.006658,0.823035,0.011286,0.014224,0.126276
965_49_292_386,3,3,0.032823,0.047674,0.01374,0.727201,0.026641,0.012314,0.139607
965_49_1026_1087,3,3,0.03524,0.116554,0.01485,0.711252,0.03551,0.044687,0.041906
965_50_422_488,3,1,0.107947,0.378634,0.113905,0.107357,0.15086,0.013951,0.127346
965_49_31_89,1,1,0.077745,0.742244,0.036237,0.014147,0.084172,0.027085,0.01837
965_50_661_802,3,3,0.012541,0.033189,0.025105,0.819724,0.02712,0.021648,0.060673
965_50_1544_1612,3,4,0.028345,0.031656,0.039634,0.352202,0.468935,0.024872,0.054355
965_49_824_913,3,0,0.341196,0.301927,0.017397,0.188732,0.023412,0.078888,0.048447
966_49_1281_1434,1,1,0.275203,0.537039,0.053937,0.007708,0.094517,0.008759,0.022837
966_50_1111_1241,0,0,0.839716,0.065818,0.008654,0.012072,0.006671,0.055904,0.011166
966_49_210_298,3,3,0.114121,0.225757,0.035679,0.409861,0.055382,0.044789,0.114411
966_50_888_953,0,0,0.426644,0.077728,0.023051,0.012432,0.018839,0.422322,0.018984
966_50_129_184,3,3,0.045565,0.012701,0.025932,0.61139,0.024724,0.102107,0.177582
966_50_333_384,1,1,0.158273,0.477197,0.044722,0.048149,0.155208,0.033053,0.083398
966_49_623_672,5,1,0.06531,0.392933,0.073487,0.036482,0.235992,0.084641,0.111155
966_49_981_1100,5,1,0.107533,0.711232,0.039662,0.023715,0.033005,0.075118,0.009736
966_49_407_493,1,1,0.188745,0.479485,0.016605,0.226771,0.01477,0.031678,0.041946
966_49_31_105,5,4,0.075352,0.245755,0.085706,0.03191,0.417512,0.070915,0.07285
966_50_1468_1571,0,0,0.949894,0.033606,0.001917,0.004004,0.003381,0.004995,0.002202
966_49_815_880,5,1,0.232092,0.569091,0.014331,0.009688,0.018031,0.145414,0.011352
966_50_714_768,0,0,0.463073,0.247065,0.010963,0.154402,0.025976,0.011333,0.087188
966_49_1596_1666,1,1,0.336654,0.490298,0.045551,0.056724,0.023869,0.019446,0.027459
966_50_522_590,1,1,0.208598,0.526868,0.030417,0.054517,0.103993,0.011381,0.064225
967_49_31_175,6,1,0.122404,0.48305,0.151019,0.034616,0.118838,0.018838,0.071235
967_49_1253_1547,1,1,0.089933,0.62512,0.125227,0.00996,0.108479,0.032681,0.008601
967_49_2025_2122,0,0,0.592508,0.276803,0.051911,0.013498,0.022042,0.018181,0.025056
967_50_1160_1214,1,1,0.329379,0.537256,0.015417,0.013646,0.037493,0.050202,0.016608
967_50_203_280,1,0,0.281293,0.275866,0.01313,0.037593,0.018394,0.099342,0.274382
967_49_1689_1847,1,0,0.506184,0.37111,0.037406,0.013163,0.042182,0.007845,0.02211
967_50_911_969,1,1,0.373001,0.424966,0.034244,0.02598,0.031553,0.043939,0.066317
967_49_549_677,6,1,0.048472,0.454801,0.143222,0.084651,0.067446,0.10433,0.097077
967_49_1005_1133,1,1,0.151015,0.60647,0.075961,0.003105,0.144694,0.004419,0.014336
967_49_304_375,1,1,0.156269,0.471342,0.113416,0.096649,0.041974,0.0529,0.067451
967_50_385_510,1,0,0.890816,0.085439,0.004387,0.005844,0.00531,0.004475,0.003728
967_49_794_883,1,0,0.471427,0.447894,0.023748,0.004648,0.025944,0.013639,0.012699
967_50_1848_1994,1,5,0.149781,0.07752,0.010716,0.070269,0.041317,0.634032,0.016365
967_50_700_768,1,1,0.373677,0.505498,0.022351,0.007911,0.067918,0.009375,0.013269
967_50_1575_1652,0,0,0.54425,0.265404,0.012153,0.017554,0.021989,0.078957,0.059694
968_49_94_165,5,3,0.013575,0.00736,0.010565,0.601773,0.012786,0.343894,0.010047
968_49_1196_1382,5,3,0.012284,0.043894,0.020843,0.745958,0.021443,0.084097,0.07148
968_49_1565_1766,0,3,0.096739,0.125071,0.046673,0.592229,0.021608,0.10746,0.010221
968_50_201_272,1,4,0.097009,0.285259,0.14766,0.038589,0.354845,0.021394,0.055244
968_50_1390_1561,6,3,0.03521,0.128932,0.05979,0.415191,0.136936,0.062698,0.161245
968_49_877_1000,6,6,0.009639,0.11248,0.035498,0.3481,0.05072,0.085672,0.357891
968_50_540_616,1,4,0.017936,0.196328,0.239368,0.071887,0.326093,0.031158,0.11723
968_50_1036_1169,6,6,0.02656,0.079237,0.063404,0.129474,0.033453,0.02662,0.641252
968_49_279_343,5,3,0.041886,0.070424,0.011464,0.778653,0.009036,0.068613,0.019924
968_49_632_732,6,3,0.013232,0.18847,0.033482,0.451246,0.02268,0.154003,0.136887
968_49_425_502,3,3,0.010744,0.02983,0.014877,0.656902,0.022257,0.062508,0.202882
968_50_31_91,6,6,0.038723,0.03372,0.012495,0.153876,0.033176,0.035429,0.692581
968_50_733_848,6,3,0.048549,0.114505,0.05784,0.347068,0.06932,0.253857,0.108862
968_50_344_409,1,3,0.043777,0.084481,0.030291,0.4657,0.05828,0.061814,0.255657
969_49_123_214,6,1,0.015051,0.337734,0.170409,0.185215,0.107933,0.037456,0.146202
969_49_1271_1379,6,3,0.031157,0.109909,0.028283,0.653928,0.035798,0.062691,0.078233
969_50_1071_1248,1,3,0.04979,0.156035,0.032792,0.511379,0.090174,0.075392,0.084438
969_49_1625_1731,1,3,0.033146,0.106105,0.055737,0.718926,0.022543,0.04649,0.017052
969_50_226_322,6,3,0.010194,0.059521,0.029761,0.646986,0.020543,0.026369,0.206626
969_50_1746_1833,1,6,0.225359,0.19695,0.020624,0.104641,0.071687,0.100248,0.280491
969_50_1421_1589,1,1,0.318062,0.344364,0.033217,0.083856,0.146062,0.036334,0.038106
969_50_906_968,6,3,0.055523,0.046014,0.024061,0.667537,0.032502,0.031524,0.142839
969_50_517_595,6,3,0.00695,0.006473,0.011077,0.843298,0.00459,0.01773,0.109882
969_49_598_688,3,3,0.03067,0.099754,0.030009,0.669467,0.013667,0.059012,0.097422
969_49_980_1049,3,3,0.012015,0.017555,0.008056,0.882484,0.007933,0.008851,0.063106
969_49_343_496,6,3,0.018186,0.291818,0.051721,0.304213,0.029796,0.079175,0.225091
969_50_31_104,6,3,0.032969,0.128875,0.025782,0.500373,0.065494,0.055959,0.190547
969_49_812_904,3,3,0.026316,0.023865,0.016289,0.833433,0.021705,0.028296,0.050097
969_49_1845_1961,1,3,0.021295,0.069218,0.019175,0.777619,0.019213,0.074032,0.019448
969_50_727_797,6,3,0.004731,0.005911,0.006686,0.767852,0.009696,0.005745,0.19938
970_49_31_150,6,0,0.418806,0.344201,0.025837,0.026419,0.041017,0.09084,0.052882
970_49_1135_1348,5,1,0.308503,0.479079,0.072669,0.005918,0.053717,0.043019,0.037096
970_50_1648_1796,5,2,0.014203,0.078837,0.315931,0.051954,0.143998,0.246618,0.148458
970_50_206_258,5,2,0.038706,0.121404,0.406844,0.057272,0.162523,0.140724,0.072527
970_49_1802_2030,5,1,0.089296,0.669369,0.09819,0.012148,0.064228,0.033984,0.032786
970_50_1349_1463,5,5,0.037552,0.013181,0.023437,0.01216,0.017593,0.890559,0.005517
970_50_866_962,6,6,0.162087,0.279253,0.045214,0.131501,0.048562,0.023476,0.309907
970_49_512_597,1,1,0.396682,0.40911,0.057893,0.007243,0.039992,0.021134,0.067945
970_50_1056_1111,6,3,0.049219,0.109288,0.042423,0.534674,0.016416,0.072509,0.175471
970_49_261_357,5,0,0.473943,0.144412,0.037456,0.004286,0.027763,0.306039,0.006101
970_50_616_727,5,2,0.011149,0.040293,0.436034,0.018651,0.412951,0.069046,0.011876
970_49_986_1043,6,6,0.055032,0.281879,0.054549,0.117872,0.018887,0.186729,0.285051
970_50_366_492,5,1,0.211204,0.45245,0.08986,0.042408,0.111833,0.04287,0.049376
970_49_1476_1627,5,1,0.281359,0.562667,0.047116,0.011885,0.023838,0.059764,0.013371
970_49_746_848,0,1,0.42788,0.448338,0.041397,0.002573,0.059589,0.009776,0.010447
971_49_1203_1386,0,5,0.22361,0.297184,0.035933,0.0123,0.033158,0.390024,0.007791
971_50_1417_1734,2,0,0.298951,0.222347,0.050323,0.097691,0.093058,0.100174,0.137456
971_50_225_311,2,1,0.188648,0.356872,0.04022,0.162045,0.112363,0.03161,0.108242
971_49_1761_1870,0,1,0.411767,0.466175,0.030697,0.009981,0.05813,0.014605,0.008645
971_49_941_1049,0,5,0.202207,0.34792,0.022278,0.009856,0.031486,0.383168,0.003086
971_49_499_601,5,0,0.728875,0.109689,0.010261,0.004247,0.013325,0.127631,0.005972
971_50_1101_1179,2,1,0.085707,0.240883,0.160381,0.095118,0.153045,0.122014,0.142851
971_49_326_400,5,5,0.291569,0.18297,0.025545,0.006532,0.025858,0.460177,0.007348
971_50_626_698,2,4,0.023399,0.078252,0.065326,0.039621,0.730633,0.006863,0.055906
971_50_416_484,2,1,0.092454,0.226218,0.169312,0.076523,0.112103,0.106026,0.217364
971_50_31_118,2,4,0.072319,0.097032,0.162315,0.079108,0.540034,0.030414,0.018778
971_49_716_821,0,0,0.704186,0.22792,0.008378,0.006037,0.016281,0.032069,0.005127
971_49_139_178,5,5,0.01217,0.077863,0.055522,0.005557,0.020324,0.813692,0.014871
971_50_845_919,2,3,0.073456,0.140458,0.030312,0.401954,0.076532,0.081196,0.196091
972_49_107_219,1,1,0.311154,0.404851,0.030451,0.016351,0.035347,0.162773,0.039072
972_50_1243_1421,0,4,0.202763,0.249664,0.099761,0.020566,0.339345,0.051746,0.036154
972_49_1029_1217,1,5,0.108319,0.227473,0.115123,0.127643,0.062062,0.263451,0.095929
972_49_1457_1715,0,0,0.657668,0.289508,0.015916,0.004826,0.017904,0.008601,0.005576
972_50_1761_1849,4,4,0.11186,0.2963,0.123022,0.017472,0.40568,0.017463,0.028203
972_50_933_1001,1,0,0.406056,0.187349,0.017106,0.186928,0.00925,0.029731,0.16358
972_49_610_661,0,1,0.336544,0.584501,0.012394,0.004287,0.046679,0.006884,0.008711
972_49_367_494,0,1,0.319256,0.497319,0.059259,0.006461,0.050541,0.046398,0.020766
972_50_31_78,6,6,0.114861,0.078761,0.027349,0.068833,0.022754,0.102025,0.585418
972_49_799_917,1,1,0.158065,0.548091,0.050682,0.016942,0.140783,0.022468,0.062968
972_50_704_758,2,4,0.067313,0.112677,0.060844,0.032194,0.672211,0.010284,0.044475
972_50_519_549,1,0,0.477254,0.182392,0.051616,0.007545,0.095531,0.037407,0.148255
972_50_261_328,4,4,0.119518,0.16512,0.07496,0.121696,0.45511,0.027395,0.036202
973_49_1267_1417,0,0,0.754524,0.180482,0.014342,0.00352,0.014102,0.029591,0.003438
973_50_1179_1228,1,1,0.076737,0.259863,0.091234,0.241329,0.171387,0.07092,0.088531
973_49_1626_1690,6,0,0.595969,0.339112,0.013849,0.012255,0.008349,0.011351,0.019114
973_49_233_316,0,1,0.242975,0.56636,0.035668,0.026497,0.031762,0.013257,0.083481
973_50_1458_1594,1,1,0.2094,0.428129,0.022713,0.11155,0.047505,0.02708,0.153623
973_49_97_125,5,5,0.015299,0.05708,0.022289,0.056605,0.017167,0.736432,0.095128
973_50_877_956,0,0,0.363716,0.166773,0.068199,0.014619,0.033119,0.321818,0.031756
973_50_144_200,6,3,0.054397,0.019343,0.016678,0.586986,0.008601,0.021139,0.292855
973_49_1000_1124,6,4,0.046189,0.326234,0.057914,0.023071,0.432357,0.051173,0.063063
973_49_454_559,6,1,0.200837,0.586271,0.035035,0.013046,0.095543,0.023813,0.045454
973_50_31_78,6,6,0.019041,0.039073,0.010803,0.184907,0.057696,0.010413,0.678066
973_50_601_629,6,6,0.013057,0.107696,0.028894,0.031614,0.188116,0.015754,0.614869
973_49_662_860,2,1,0.056857,0.495783,0.136777,0.007229,0.272825,0.009237,0.021292
973_50_339_424,1,5,0.244142,0.169027,0.086336,0.016311,0.118286,0.327139,0.038759
974_49_1213_1712,4,4,0.030138,0.201217,0.034823,0.007377,0.69279,0.005289,0.028365
974_50_1748_2063,6,4,0.014785,0.035603,0.036888,0.13524,0.697557,0.010294,0.069633
974_49_251_328,3,3,0.022033,0.016373,0.0107,0.845037,0.00969,0.019398,0.076769
974_50_933_993,6,3,0.027541,0.027884,0.01262,0.459121,0.060961,0.008794,0.403078
974_50_130_218,3,3,0.01194,0.012696,0.008978,0.842022,0.040318,0.009493,0.074554
974_50_1130_1180,6,3,0.012245,0.004965,0.006957,0.815146,0.024962,0.027286,0.10844
974_50_604_756,6,3,0.056804,0.078926,0.021151,0.375717,0.167257,0.041545,0.2586
974_49_1023_1086,6,6,0.050369,0.216707,0.025447,0.236418,0.036743,0.009624,0.424692
974_49_460_570,6,3,0.016876,0.027219,0.022146,0.706421,0.043516,0.010528,0.173294
974_49_31_103,6,6,0.024208,0.23734,0.024094,0.074517,0.049776,0.007235,0.582829
974_49_787_895,6,3,0.022749,0.094652,0.032709,0.458407,0.104696,0.008146,0.27864
974_49_2089_2168,3,3,0.015109,0.087882,0.023591,0.429851,0.078198,0.007182,0.358186
974_50_367_427,3,3,0.011284,0.005793,0.008977,0.905474,0.007729,0.035069,0.025673
976_49_99_221,6,4,0.025757,0.181951,0.062425,0.038941,0.47215,0.024629,0.194148
976_49_1845_2049,4,4,0.032703,0.212895,0.028913,0.017686,0.609366,0.01943,0.079008
976_50_1305_1799,6,1,0.070875,0.233779,0.093599,0.153768,0.126616,0.098357,0.223006
976_50_2098_2242,6,1,0.107091,0.366343,0.03395,0.032744,0.304037,0.010321,0.145514
976_50_801_939,1,1,0.166818,0.50066,0.059175,0.012616,0.192999,0.028125,0.039606
976_50_561_619,5,5,0.037489,0.17106,0.044994,0.014379,0.056908,0.541298,0.133873
976_50_1121_1178,6,3,0.021614,0.077327,0.040162,0.409819,0.183457,0.015129,0.252492
976_50_268_354,6,1,0.069013,0.401044,0.071294,0.018574,0.283964,0.031469,0.124641
976_49_974_1055,4,4,0.016189,0.133565,0.04142,0.002634,0.783912,0.002139,0.020141
976_49_386_508,6,1,0.05375,0.651365,0.051034,0.029936,0.079143,0.024243,0.11053
976_50_31_70,4,4,0.026946,0.184836,0.022587,0.007861,0.423007,0.005716,0.329048
976_49_1209_1264,6,1,0.263712,0.318785,0.079378,0.094873,0.058002,0.093954,0.091294
976_49_652_747,2,1,0.073484,0.413175,0.061167,0.008041,0.354108,0.068187,0.021837
978_49_90_139,1,1,0.164514,0.559002,0.070864,0.003586,0.090973,0.098676,0.012386
978_49_1201_1505,1,1,0.027063,0.782761,0.076036,0.004913,0.081163,0.010999,0.017065
978_50_1878_2052,4,3,0.019024,0.117936,0.046788,0.433634,0.042424,0.039544,0.30065
978_50_1082_1184,4,1,0.055487,0.272299,0.117749,0.053634,0.261032,0.0358,0.203997
978_50_1527_1738,4,6,0.010609,0.157447,0.080264,0.071208,0.046457,0.162916,0.471099
978_49_216_291,3,3,0.019905,0.165261,0.060898,0.412429,0.088029,0.110021,0.143458
978_49_1757_1851,3,6,0.030164,0.135683,0.020723,0.256779,0.046321,0.2201,0.290231
978_50_811_940,4,1,0.087955,0.325863,0.077675,0.224938,0.142043,0.047995,0.093531
978_50_531_641,4,1,0.024197,0.329121,0.140589,0.045402,0.143652,0.039677,0.277363
978_50_141_202,4,4,0.026704,0.105107,0.188588,0.037717,0.57841,0.014515,0.04896
978_50_315_456,4,1,0.069165,0.374539,0.076443,0.083854,0.145653,0.060144,0.190202
978_49_956_1063,3,3,0.018254,0.065555,0.020738,0.708405,0.019917,0.032394,0.134736
978_49_458_516,3,1,0.055594,0.616283,0.026254,0.048659,0.05007,0.04519,0.15795
978_50_31_80,4,4,0.034675,0.085334,0.027342,0.01766,0.801115,0.005235,0.028638
978_49_669_795,3,1,0.057774,0.42609,0.04346,0.011152,0.280479,0.017048,0.163996
981_49_1182_1434,3,3,0.005218,0.004355,0.014634,0.853255,0.011617,0.104493,0.006428
981_49_1602_1802,3,3,0.022096,0.035716,0.008346,0.834292,0.017225,0.060882,0.021443
981_49_194_284,5,3,0.020779,0.016519,0.037075,0.665383,0.035512,0.085161,0.139571
981_49_877_996,3,3,0.020098,0.009942,0.015252,0.883089,0.009625,0.037096,0.024898
981_49_582_708,3,3,0.02496,0.019071,0.013182,0.826277,0.013949,0.059182,0.043379
981_50_1084_1170,3,2,0.016707,0.076804,0.645073,0.057246,0.139811,0.044732,0.019626
981_50_322_382,3,2,0.033034,0.078435,0.290074,0.121373,0.062139,0.190908,0.224036
981_49_31_91,5,2,0.008698,0.042208,0.491577,0.024727,0.170653,0.038937,0.223202
981_49_400_439,3,3,0.0568,0.132588,0.054251,0.524904,0.056313,0.049927,0.125219
981_50_1485_1582,3,3,0.025727,0.043221,0.020062,0.684107,0.077768,0.08036,0.068754
981_50_712_872,3,5,0.03127,0.082115,0.129863,0.103684,0.14859,0.417583,0.086893
981_50_1828_1888,3,3,0.018334,0.043012,0.08195,0.628459,0.076435,0.090527,0.061283
981_50_482_569,3,5,0.014946,0.026229,0.028943,0.221596,0.014624,0.505895,0.187767
981_50_131_176,5,5,0.016449,0.031255,0.170209,0.050315,0.076969,0.335763,0.31904
982_49_1267_1785,3,3,0.010361,0.012617,0.025633,0.749091,0.055068,0.018179,0.129051
982_50_1180_1243,3,4,0.029403,0.118663,0.064532,0.069958,0.442135,0.022623,0.252685
982_50_888_1014,3,3,0.020235,0.042531,0.040514,0.491835,0.224391,0.018276,0.162218
982_50_131_241,3,4,0.00885,0.020652,0.043709,0.027794,0.877205,0.004536,0.017256
982_50_587_644,3,3,0.096328,0.176569,0.037603,0.282419,0.08447,0.122617,0.199994
982_49_1055_1129,3,3,0.032143,0.137894,0.091255,0.29696,0.228608,0.102962,0.110178
982_49_259_339,3,3,0.022085,0.034364,0.018775,0.732982,0.035823,0.092805,0.063166
982_49_471_530,3,3,0.012599,0.010305,0.008613,0.84629,0.009861,0.022849,0.089483
982_49_31_108,6,3,0.004912,0.001999,0.005699,0.922025,0.006591,0.023155,0.035621
982_50_376_442,3,3,0.0084,0.003183,0.010872,0.914976,0.01164,0.025614,0.025314
982_49_663_834,5,1,0.031397,0.365482,0.062537,0.119086,0.060514,0.149531,0.211453
982_50_1832_2021,3,3,0.024171,0.00757,0.044405,0.500627,0.116741,0.266754,0.039732
983_50_1137_1329,4,4,0.015108,0.071638,0.036587,0.006298,0.804511,0.008622,0.057236
983_50_1613_1747,4,4,0.036938,0.153825,0.076683,0.036665,0.61314,0.020552,0.062196
983_50_165_264,4,6,0.022018,0.054846,0.033383,0.080166,0.098268,0.166245,0.545074
983_49_1778_1840,6,6,0.011459,0.088908,0.039712,0.213569,0.125046,0.130948,0.390357
983_49_1356_1583,3,5,0.031263,0.165317,0.018201,0.313848,0.055342,0.320878,0.095152
983_50_924_1010,4,4,0.019063,0.091737,0.034292,0.020681,0.683421,0.012421,0.138385
983_49_331_375,3,3,0.022637,0.015038,0.023953,0.650511,0.033535,0.146727,0.107599
983_50_408_475,4,6,0.036248,0.210605,0.028526,0.217759,0.207807,0.023655,0.275401
983_49_749_865,6,1,0.023268,0.324431,0.040395,0.030157,0.247818,0.0849,0.249031
983_49_80_114,3,3,0.01636,0.023816,0.008264,0.723304,0.028205,0.024597,0.175454
983_50_643_704,4,4,0.019214,0.067318,0.03082,0.101286,0.660649,0.015347,0.105366
983_49_502_590,3,3,0.044726,0.043296,0.015226,0.616945,0.023774,0.240006,0.016027
983_49_1058_1094,6,1,0.020911,0.361685,0.183628,0.044834,0.236366,0.04071,0.111866
983_50_31_49,6,6,0.044156,0.024981,0.010155,0.068624,0.032237,0.066662,0.753184
984_49_80_136,3,3,0.01863,0.015013,0.015143,0.786617,0.019508,0.014498,0.13059
984_50_1129_1344,4,4,0.058368,0.171779,0.20611,0.102367,0.357841,0.033431,0.070104
984_50_2022_2063,4,3,0.033169,0.064722,0.013057,0.433635,0.132141,0.016354,0.306923
984_50_1625_1849,4,6,0.027055,0.07613,0.031323,0.040133,0.321103,0.026421,0.477834
984_50_152_271,4,3,0.025826,0.049196,0.027855,0.637831,0.165923,0.031529,0.06184
984_49_1375_1578,3,1,0.026155,0.500557,0.068069,0.06756,0.14823,0.113007,0.076421
984_50_875_955,4,4,0.041015,0.219753,0.119263,0.032422,0.496985,0.022671,0.067891
984_49_563_612,3,3,0.060575,0.132543,0.061221,0.494018,0.067485,0.158109,0.02605
984_49_306_356,3,5,0.102736,0.066088,0.032404,0.318441,0.092149,0.329306,0.058874
984_49_982_1091,3,3,0.05111,0.199906,0.015789,0.551062,0.051282,0.063204,0.067647
984_50_403_518,4,6,0.020678,0.030478,0.02187,0.041011,0.076741,0.008798,0.800425
984_49_1878_1994,3,3,0.00947,0.010246,0.0113,0.707032,0.008972,0.236284,0.016696
984_50_643_722,4,3,0.028916,0.167805,0.056834,0.320264,0.124617,0.075746,0.225818
984_49_737_818,3,3,0.018209,0.070461,0.010427,0.667818,0.030862,0.020868,0.181356
984_50_31_49,1,6,0.198808,0.101457,0.02136,0.071272,0.02448,0.226632,0.355992
985_49_105_141,3,3,0.01093,0.010375,0.0091,0.883309,0.008698,0.026602,0.050987
985_50_1148_1325,4,4,0.101562,0.16126,0.145311,0.055172,0.346113,0.077732,0.112851
985_50_166_298,1,5,0.121567,0.146085,0.039091,0.04675,0.043827,0.424507,0.178173
985_50_1726_1849,4,4,0.021116,0.074677,0.041587,0.088056,0.669885,0.020102,0.084577
985_49_1364_1665,1,1,0.123383,0.338401,0.03666,0.260977,0.115544,0.079832,0.045204
985_50_948_1024,4,4,0.015694,0.083464,0.075655,0.002638,0.753646,0.003901,0.065002
985_49_544_611,3,3,0.063013,0.085939,0.011948,0.661034,0.021237,0.132464,0.024365
985_49_1053_1113,3,3,0.040736,0.118927,0.038378,0.438128,0.09701,0.02855,0.238271
985_50_629_754,1,6,0.115426,0.28641,0.039074,0.029414,0.113265,0.029016,0.387395
985_50_446_526,1,6,0.081757,0.193819,0.016384,0.139566,0.046546,0.046156,0.475772
985_50_31_77,4,6,0.051316,0.077197,0.02473,0.032159,0.042006,0.044159,0.728433
985_49_773_893,3,3,0.039163,0.197747,0.016318,0.618813,0.035171,0.035902,0.056887
985_49_340_422,3,3,0.022723,0.02932,0.019018,0.509349,0.033593,0.246304,0.139692
985_49_1899_2043,3,3,0.11274,0.315734,0.02783,0.339609,0.109655,0.055546,0.038886
986_50_1198_1396,4,0,0.48141,0.296031,0.01162,0.028304,0.094349,0.0188,0.069485
986_49_1943_2073,6,1,0.038362,0.461675,0.067238,0.054024,0.285629,0.032082,0.060989
986_50_1577_1680,4,2,0.025147,0.138103,0.312636,0.148915,0.141663,0.126494,0.107042
986_49_238_346,6,1,0.064698,0.487289,0.047873,0.024884,0.138901,0.081182,0.155173
986_49_1719_1831,3,3,0.019677,0.051692,0.037254,0.682203,0.06018,0.04752,0.101473
986_49_1439_1527,3,3,0.041598,0.116276,0.039151,0.614706,0.093395,0.060486,0.034388
986_49_852_930,0,1,0.097797,0.387076,0.133368,0.105702,0.051661,0.108412,0.115985
986_50_132_220,4,0,0.314685,0.269187,0.031684,0.014731,0.159208,0.116119,0.094388
986_49_553_684,4,4,0.034344,0.327033,0.043909,0.019193,0.49213,0.017799,0.065593
986_49_1037_1133,3,1,0.17395,0.381731,0.036457,0.181427,0.099327,0.087544,0.039564
986_50_373_512,4,1,0.085189,0.272723,0.103352,0.023405,0.269751,0.085691,0.159889
986_49_31_105,5,5,0.02267,0.104924,0.03276,0.006713,0.055027,0.754168,0.023738
986_50_709_844,1,1,0.103171,0.336769,0.171642,0.007655,0.246033,0.081164,0.053566
986_50_1854_1918,1,6,0.020176,0.096347,0.068562,0.189269,0.190763,0.04104,0.393842
986_50_2113_2208,4,1,0.103946,0.618517,0.02404,0.007722,0.220575,0.005422,0.019778
986_50_956_1020,1,1,0.259739,0.388434,0.033621,0.017652,0.025819,0.093469,0.181267
989_49_31_136,4,3,0.018486,0.072089,0.073649,0.404584,0.05295,0.296632,0.08161
989_50_1266_1488,4,4,0.016983,0.051442,0.021365,0.011634,0.86872,0.006781,0.023075
989_50_1917_2290,4,4,0.012252,0.026083,0.03201,0.004388,0.892396,0.005958,0.026914
989_49_1076_1214,5,5,0.098173,0.311116,0.028769,0.049678,0.068604,0.425028,0.018633
989_49_1547_1850,1,6,0.020979,0.285976,0.088402,0.114693,0.115056,0.063328,0.311566
989_49_227_325,4,1,0.025539,0.379727,0.092104,0.076543,0.185011,0.064541,0.176535
989_49_871_982,1,1,0.042332,0.293865,0.035038,0.229707,0.089682,0.224376,0.085
989_50_164_190,1,6,0.061018,0.174513,0.025732,0.02554,0.068742,0.035211,0.609244
989_50_1001_1062,1,0,0.361687,0.343035,0.021159,0.013585,0.021834,0.190269,0.048431
989_50_598_631,1,6,0.089655,0.116587,0.029999,0.02683,0.101962,0.250761,0.384207
989_50_382_460,0,5,0.067028,0.177369,0.037135,0.074328,0.029436,0.355089,0.259616
989_50_777_855,0,1,0.212663,0.301308,0.052806,0.059974,0.164466,0.042791,0.165992
989_49_680_745,1,6,0.018487,0.24355,0.036161,0.155811,0.131429,0.029272,0.38529
989_49_502_587,1,3,0.023833,0.077756,0.069807,0.513873,0.161273,0.03193,0.121528
990_49_31_147,4,3,0.024527,0.035629,0.023798,0.675725,0.061129,0.024447,0.154745
990_49_1264_1560,1,3,0.014663,0.008637,0.019885,0.863424,0.026021,0.025784,0.041586
990_50_1139_1202,4,4,0.026883,0.208648,0.120943,0.020511,0.548539,0.014359,0.060117
990_50_177_241,3,4,0.110772,0.09966,0.177541,0.119629,0.314638,0.061702,0.116057
990_49_543_617,1,3,0.02236,0.064748,0.02795,0.750845,0.043682,0.034839,0.055575
990_49_274_380,4,3,0.020785,0.025695,0.024762,0.691147,0.119775,0.015103,0.102732
990_49_991_1100,1,3,0.027049,0.060752,0.020594,0.538876,0.069121,0.01789,0.265717
990_50_427_501,5,5,0.065226,0.099164,0.034882,0.068669,0.047085,0.439193,0.24578
990_49_770_830,1,3,0.020594,0.049286,0.015625,0.819251,0.027568,0.01724,0.050436
990_49_1688_1759,1,3,0.032754,0.061197,0.042301,0.70764,0.091795,0.024597,0.039716
990_50_683_741,3,6,0.201651,0.14199,0.013405,0.152081,0.060078,0.154172,0.276622
990_50_1584_1667,3,3,0.142206,0.173343,0.058694,0.264906,0.188633,0.06563,0.106588
990_50_869_924,3,3,0.076876,0.187604,0.032962,0.333745,0.065329,0.088035,0.215449
991_50_31_192,3,3,0.016052,0.017121,0.043442,0.69414,0.131425,0.055641,0.04218
991_50_1228_1341,3,1,0.104897,0.265185,0.042008,0.230891,0.098599,0.104839,0.153581
991_49_1357_1703,1,5,0.056376,0.05198,0.027101,0.366566,0.053508,0.426913,0.017556
991_50_1742_1842,3,0,0.412363,0.160797,0.012638,0.107131,0.070455,0.025063,0.211553
991_50_945_1024,3,6,0.015964,0.01801,0.008733,0.446144,0.038588,0.024603,0.447958
991_50_531_596,3,6,0.024965,0.133035,0.024945,0.176369,0.09353,0.023053,0.524103
991_49_1064_1131,3,3,0.009081,0.003092,0.005997,0.938125,0.007922,0.017642,0.018141
991_50_283_360,5,1,0.286362,0.341312,0.037549,0.06892,0.118375,0.03394,0.113542
991_49_635_659,3,3,0.026185,0.029038,0.013077,0.593783,0.030033,0.18801,0.119874
991_49_404_492,3,3,0.030636,0.068205,0.014093,0.747959,0.037721,0.052571,0.048815
991_49_829_901,3,3,0.033211,0.091615,0.021502,0.736938,0.031247,0.055953,0.029533
991_50_724_796,4,6,0.025249,0.040848,0.073687,0.256435,0.25066,0.044088,0.309034
991_49_210_250,3,3,0.028482,0.050291,0.016552,0.695263,0.021686,0.155731,0.031995
992_50_2451_2753,4,4,0.013617,0.083241,0.121908,0.026033,0.718352,0.019098,0.017751
992_49_31_141,4,4,0.009395,0.086308,0.095773,0.027003,0.720868,0.012748,0.047904
992_50_1238_1317,4,3,0.09483,0.109181,0.047568,0.482716,0.104965,0.076376,0.084363
992_49_1106_1235,4,4,0.007267,0.08357,0.120036,0.003791,0.771801,0.005339,0.008195
992_49_1362_1525,4,4,0.017969,0.245652,0.107975,0.004224,0.589202,0.012543,0.022436
992_49_857_959,1,1,0.165916,0.621342,0.03293,0.00732,0.144246,0.018637,0.009608
992_50_163_216,1,5,0.042927,0.066968,0.2765,0.009261,0.156604,0.39125,0.05649
992_49_1859_2388,4,4,0.004964,0.018578,0.017769,0.002886,0.948235,0.003007,0.004561
992_50_1590_1837,4,4,0.018511,0.024879,0.06613,0.009971,0.861921,0.009159,0.00943
992_49_485_672,4,4,0.00381,0.034896,0.04225,0.002652,0.908454,0.001817,0.006121
992_50_683_834,4,4,0.005249,0.007566,0.114034,0.017341,0.832675,0.01701,0.006126
992_50_1003_1084,1,4,0.114772,0.225128,0.042363,0.015,0.556112,0.013321,0.033303
992_50_346_464,4,4,0.009196,0.022709,0.194902,0.011993,0.680766,0.037342,0.043092
992_49_258_341,4,4,0.001948,0.025084,0.032721,0.002361,0.919123,0.003442,0.015322
993_50_108_226,6,6,0.097078,0.153297,0.026183,0.194993,0.11323,0.064937,0.350282
993_49_1231_1503,1,3,0.033557,0.076868,0.061837,0.564884,0.089936,0.151851,0.021068
993_50_1161_1205,6,3,0.010675,0.006776,0.013519,0.667758,0.044068,0.022947,0.234257
993_50_1522_1720,4,4,0.022546,0.026537,0.055001,0.04357,0.790159,0.031676,0.030511
993_49_244_310,3,5,0.013344,0.028705,0.009326,0.334729,0.012273,0.570914,0.030708
993_49_1743_1928,3,3,0.020017,0.084335,0.050831,0.570625,0.047491,0.172071,0.054629
993_50_946_1022,1,4,0.052807,0.051035,0.097824,0.249783,0.299656,0.066214,0.182681
993_49_1040_1142,6,6,0.097866,0.242081,0.044779,0.196069,0.103278,0.057057,0.25887
993_50_607_656,6,6,0.116336,0.092143,0.10054,0.184318,0.039591,0.126276,0.340796
993_49_474_581,3,3,0.01445,0.020859,0.01345,0.750225,0.0264,0.153156,0.021459
993_49_31_87,6,3,0.115581,0.178286,0.02495,0.390746,0.013867,0.219676,0.056895
993_50_360_460,6,6,0.025718,0.089231,0.018602,0.263672,0.116135,0.057452,0.429189
993_49_780_912,3,3,0.012845,0.038994,0.02049,0.704215,0.060302,0.047869,0.115284
993_49_675_730,3,3,0.022497,0.018015,0.009232,0.843525,0.023276,0.033443,0.050013
993_50_742_778,6,4,0.037411,0.050582,0.048684,0.163606,0.547005,0.033325,0.119386
994_49_117_269,6,6,0.008068,0.104189,0.025334,0.145756,0.081626,0.055571,0.579456
994_50_1233_1534,1,1,0.246825,0.456797,0.105288,0.031588,0.089262,0.04015,0.03009
994_50_1846_2057,1,6,0.049653,0.212272,0.053606,0.245418,0.089066,0.056573,0.293412
994_49_1123_1217,6,1,0.163023,0.549612,0.088068,0.017263,0.102015,0.016141,0.063878
994_49_1549_1796,1,1,0.025768,0.431369,0.065954,0.054778,0.295206,0.028106,0.098819
994_49_879_974,6,6,0.014945,0.153165,0.098636,0.150787,0.150738,0.072536,0.359194
994_49_591_657,5,5,0.003626,0.056513,0.042809,0.028547,0.013182,0.830288,0.025035
994_50_303_390,5,5,0.011663,0.013494,0.031769,0.278725,0.016614,0.474233,0.173502
994_50_999_1087,1,1,0.071344,0.380214,0.085256,0.122294,0.271619,0.023606,0.045667
994_49_419_491,1,1,0.025883,0.478611,0.175031,0.042162,0.092502,0.041228,0.144583
994_50_31_85,6,6,0.05891,0.082765,0.080707,0.09514,0.075868,0.077131,0.529479
994_50_695_855,1,3,0.021291,0.126936,0.04276,0.457452,0.087995,0.190762,0.072805
994_50_511_582,6,4,0.024579,0.136151,0.048757,0.070546,0.408188,0.026658,0.285121
995_49_1943_2073,3,3,0.023986,0.027321,0.008603,0.768562,0.010604,0.154556,0.006368
995_49_1134_1261,3,3,0.009053,0.004684,0.010577,0.903109,0.006794,0.058982,0.0068
995_49_1554_1742,3,3,0.01252,0.017437,0.020295,0.71075,0.012821,0.195902,0.030276
995_50_1753_1931,3,3,0.028939,0.043975,0.024814,0.36659,0.124369,0.214532,0.196781
995_50_1307_1543,6,6,0.044024,0.124562,0.086966,0.059012,0.096914,0.040711,0.547811
995_49_132_219,3,3,0.010428,0.007889,0.015379,0.577672,0.016896,0.351265,0.020472
995_49_556_641,3,3,0.017935,0.012048,0.006679,0.881387,0.008476,0.041979,0.031496
995_50_958_1119,3,3,0.024366,0.009667,0.033561,0.472142,0.026622,0.41938,0.014262
995_50_264_364,6,5,0.034638,0.094635,0.162649,0.188368,0.178722,0.200786,0.140203
995_49_384_480,3,3,0.022813,0.025148,0.010218,0.837901,0.0135,0.067993,0.022427
995_50_31_112,6,3,0.195682,0.126084,0.024982,0.339129,0.082068,0.143549,0.088505
995_49_806_922,3,3,0.012975,0.007282,0.007366,0.873581,0.007543,0.078427,0.012826
995_50_660_777,5,5,0.002422,0.001887,0.007355,0.112388,0.003476,0.869378,0.003094
995_50_491_551,6,3,0.049984,0.036442,0.02661,0.543742,0.023955,0.235567,0.083699
996_49_104_205,6,6,0.011515,0.043505,0.018349,0.08803,0.327236,0.047199,0.464166
996_50_1121_1202,6,3,0.058308,0.056648,0.088238,0.399505,0.129319,0.044628,0.223354
996_49_1462_1894,3,3,0.012617,0.018068,0.014194,0.865821,0.021103,0.030705,0.037491
996_50_223_259,6,1,0.123735,0.343458,0.073792,0.057053,0.26223,0.036283,0.103449
996_50_875_985,1,1,0.174103,0.206074,0.028836,0.196947,0.064214,0.188154,0.141672
996_50_1313_1443,6,1,0.142847,0.450753,0.028804,0.067303,0.10068,0.035897,0.173716
996_50_594_695,1,1,0.075041,0.532642,0.054289,0.061132,0.04502,0.127971,0.103906
996_49_1002_1077,3,3,0.028082,0.043217,0.042508,0.727353,0.064142,0.031388,0.06331
996_49_435_576,1,3,0.020329,0.033412,0.025921,0.745145,0.032934,0.038757,0.103501
996_50_31_74,6,6,0.113235,0.091135,0.031435,0.274113,0.0356,0.079457,0.375025
996_49_1208_1285,3,3,0.01792,0.017979,0.013149,0.721636,0.009156,0.19472,0.02544
996_49_716_826,1,1,0.03219,0.530266,0.081487,0.172838,0.07359,0.031365,0.078263
996_50_368_417,6,4,0.033542,0.058927,0.278269,0.010658,0.428497,0.030888,0.15922
996_50_1924_2020,6,3,0.014584,0.016009,0.023284,0.526975,0.024908,0.066436,0.327804
996_49_276_331,3,3,0.018416,0.031634,0.024632,0.777246,0.087655,0.025756,0.034662
998_50_107_128,5,5,0.067179,0.067108,0.020039,0.015304,0.017167,0.435361,0.377842
998_49_1080_1565,3,3,0.008198,0.01353,0.020533,0.883774,0.029378,0.027638,0.016948
998_50_1609_1709,3,3,0.018397,0.008509,0.011598,0.842252,0.010742,0.096957,0.011546
998_49_149_245,3,3,0.012466,0.01724,0.012516,0.830868,0.012361,0.015133,0.099417
998_49_573_695,3,3,0.007018,0.002744,0.004058,0.931968,0.005866,0.010801,0.037544
998_49_1718_1783,3,3,0.009888,0.004328,0.004151,0.945087,0.006239,0.00974,0.020567
998_50_260_339,3,5,0.009833,0.013209,0.021376,0.286559,0.037701,0.621988,0.009334
998_50_995_1049,4,4,0.007183,0.054657,0.036211,0.019331,0.845319,0.007432,0.029868
998_50_467_557,3,3,0.008514,0.012075,0.011059,0.849431,0.023156,0.01928,0.076487
998_49_31_88,3,3,0.021412,0.053356,0.037424,0.396186,0.047303,0.289364,0.154955
998_49_368_446,3,3,0.010282,0.005973,0.007681,0.915009,0.008436,0.022134,0.030486
998_49_823_906,3,3,0.016039,0.047843,0.016402,0.747876,0.022132,0.06706,0.082648
998_50_728_792,4,3,0.011894,0.004185,0.011024,0.773151,0.020835,0.15867,0.020241
1641_83_2425_2584,6,6,0.008814,0.05476,0.021204,0.03794,0.036806,0.046056,0.794419
1641_83_97_219,3,3,0.016288,0.035425,0.060267,0.573052,0.041854,0.027402,0.245713
1641_84_1082_1334,3,3,0.021164,0.062478,0.024432,0.651935,0.03508,0.079767,0.125144
1641_84_2691_2768,4,6,0.019992,0.050613,0.020648,0.379052,0.021373,0.088231,0.420092
1641_84_1412_1497,6,6,0.035531,0.113166,0.22146,0.128574,0.129047,0.071311,0.30091
1641_84_3429_3660,3,3,0.078479,0.058592,0.0169,0.761781,0.022403,0.027934,0.03391
1641_84_3145_3196,1,3,0.104653,0.11335,0.025048,0.383917,0.023852,0.122712,0.226469
1641_84_3259_3337,1,3,0.102808,0.215362,0.038112,0.303642,0.043332,0.07092,0.225824
1641_83_2793_2855,6,6,0.012459,0.175126,0.108114,0.021628,0.223189,0.012426,0.447057
1641_83_1345_1389,6,6,0.033435,0.158777,0.112478,0.200624,0.031367,0.049923,0.413396
1641_83_2959_3127,1,2,0.010024,0.186685,0.440853,0.042919,0.144471,0.076038,0.099011
1641_84_2056_2227,3,3,0.122764,0.097844,0.022467,0.603635,0.042132,0.04356,0.067598
1641_84_1734_1856,3,3,0.017824,0.006159,0.006474,0.730127,0.012435,0.008132,0.218849
1641_84_584_643,3,3,0.021715,0.035459,0.028455,0.758241,0.018208,0.024907,0.113015
1641_83_1520_1715,6,1,0.103357,0.338214,0.11178,0.039024,0.278813,0.029599,0.099212
1641_83_3360_3413,6,6,0.010827,0.073583,0.199233,0.049925,0.028838,0.061808,0.575787
1641_83_1889_2040,6,6,0.025484,0.131406,0.058544,0.051321,0.076136,0.084709,0.572399
1641_83_842_883,6,6,0.012606,0.030027,0.058,0.340777,0.03002,0.007907,0.520662
1641_83_946_1051,6,6,0.09428,0.129025,0.041695,0.226601,0.037702,0.228369,0.242326
1641_83_270_571,6,3,0.032135,0.077343,0.032842,0.598538,0.026202,0.057082,0.175858
1641_84_2317_2409,1,1,0.07411,0.286611,0.095461,0.242278,0.026889,0.163472,0.11118
1641_83_3213_3229,6,3,0.016431,0.037678,0.014311,0.565533,0.007726,0.084854,0.273466
1641_83_2256_2300,6,6,0.036053,0.173297,0.062552,0.1207,0.05361,0.041699,0.512088
1641_83_2659_2674,5,1,0.060689,0.28078,0.095938,0.143473,0.05543,0.153686,0.210004
1641_84_2887_2943,6,3,0.018526,0.023919,0.073624,0.657475,0.03722,0.068769,0.120467
1641_84_31_66,3,3,0.052362,0.112482,0.020433,0.570565,0.031207,0.016267,0.196684
1641_84_2608_2637,3,3,0.032565,0.093537,0.019915,0.630983,0.028988,0.06044,0.133572
1641_84_239_243,3,3,0.018547,0.012139,0.009999,0.827481,0.009427,0.010686,0.11172
1641_84_898_913,3,3,0.020064,0.053616,0.014149,0.632924,0.024556,0.052058,0.202634
1642_84_2199_2633,0,3,0.027448,0.240512,0.070988,0.359803,0.038566,0.120757,0.141927
1642_84_88_130,3,3,0.046714,0.08747,0.036337,0.587522,0.09956,0.031028,0.111369
1642_84_1258_1328,3,3,0.057799,0.162202,0.030937,0.588086,0.047147,0.075665,0.038164
1642_84_1101_1200,3,3,0.024454,0.09372,0.019709,0.718049,0.015176,0.044239,0.084653
1642_84_236_460,3,3,0.014551,0.020362,0.018012,0.788692,0.032728,0.020936,0.104719
1642_83_1331_1463,1,1,0.087228,0.687543,0.082397,0.025551,0.051972,0.032399,0.03291
1642_84_522_956,1,1,0.105394,0.290297,0.063052,0.274046,0.125194,0.06022,0.081798
1642_83_143_226,5,1,0.050032,0.231614,0.209672,0.095415,0.168322,0.029231,0.215714
1642_83_2040_2189,1,1,0.053109,0.667038,0.052521,0.035662,0.115879,0.026212,0.049579
1642_83_1725_1980,1,1,0.045159,0.272333,0.063817,0.247783,0.072537,0.104563,0.193809
1642_83_2634_2710,5,1,0.054107,0.49352,0.099053,0.05997,0.017242,0.173111,0.102997
1642_84_1465_1720,1,1,0.088731,0.586558,0.084794,0.090197,0.031899,0.072005,0.045814
1642_83_1201_1257,5,5,0.013871,0.036825,0.040559,0.187878,0.010798,0.65815,0.051919
1642_84_1981_2019,3,3,0.016415,0.009885,0.011484,0.907098,0.009611,0.030132,0.015375
1642_83_958_1099,5,6,0.01973,0.154209,0.194211,0.158535,0.083674,0.033346,0.356295
1642_83_461_520,5,3,0.005181,0.011451,0.017243,0.462625,0.005828,0.445637,0.052035
1642_83_31_77,5,3,0.014524,0.055444,0.051915,0.406979,0.051405,0.09469,0.325043
1643_84_2020_2534,1,1,0.067128,0.445774,0.048162,0.174087,0.032086,0.200862,0.031901
1643_83_123_210,2,1,0.028653,0.446187,0.106893,0.127223,0.116109,0.039275,0.135661
1643_83_1258_1384,5,6,0.007266,0.039028,0.037924,0.066993,0.025894,0.063997,0.758898
1643_84_881_1243,3,3,0.026452,0.182019,0.061744,0.442613,0.058149,0.068979,0.160044
1643_84_214_256,3,3,0.026422,0.038433,0.01907,0.771313,0.012374,0.117503,0.014885
1643_84_2796_3080,3,3,0.026482,0.053066,0.014161,0.614405,0.03399,0.087587,0.17031
1643_83_2733_2773,5,3,0.016397,0.030629,0.050068,0.513143,0.022128,0.058966,0.30867
1643_84_1392_1737,3,3,0.064121,0.303566,0.028995,0.384937,0.038142,0.056178,0.124062
1643_83_2535_2621,6,6,0.019169,0.214323,0.08524,0.24011,0.056804,0.100707,0.283647
1643_83_1741_1892,5,5,0.033526,0.16202,0.040294,0.18786,0.032559,0.508482,0.03526
1643_83_566_777,5,1,0.136369,0.254956,0.064719,0.209243,0.063512,0.16582,0.105381
1643_84_2631_2723,3,3,0.021471,0.053109,0.018906,0.756687,0.023025,0.022992,0.103809
1643_84_31_116,0,1,0.091091,0.392432,0.17123,0.084108,0.043693,0.194957,0.022489
1643_84_1901_1992,5,3,0.01573,0.050061,0.022682,0.645256,0.01091,0.22626,0.029101
1643_84_309_556,0,1,0.045392,0.414992,0.083183,0.206589,0.024934,0.151033,0.073877
1643_83_829_872,5,0,0.505859,0.34959,0.023292,0.020775,0.010659,0.043488,0.046337
1643_83_257_303,6,3,0.012678,0.0314,0.032197,0.671412,0.011921,0.034974,0.205419
1643_84_778_819,3,3,0.052582,0.086007,0.011976,0.757304,0.015629,0.054688,0.021814
1643_83_1993_2011,5,5,0.024522,0.100692,0.048378,0.062161,0.020874,0.675218,0.068155
1644_83_2468_2541,3,5,0.01359,0.069448,0.039275,0.368992,0.010953,0.405941,0.091802
1644_84_111_220,3,3,0.009739,0.005366,0.010477,0.840456,0.00582,0.114991,0.013151
1644_84_1180_1588,1,1,0.132938,0.466373,0.039488,0.103518,0.052974,0.055044,0.149665
1644_84_1802_2302,0,1,0.159995,0.366676,0.043974,0.18732,0.055715,0.106734,0.079585
1644_83_1607_1801,5,1,0.117881,0.416541,0.100417,0.033876,0.041569,0.176169,0.113548
1644_83_233_366,5,1,0.045348,0.469364,0.094202,0.116519,0.040831,0.106389,0.127347
1644_84_896_939,6,3,0.176749,0.225351,0.023314,0.349837,0.058603,0.028,0.138146
1644_83_943_963,5,5,0.005894,0.021763,0.044941,0.012266,0.00746,0.830249,0.077427
1644_83_2303_2423,5,3,0.024522,0.061421,0.021172,0.580787,0.016408,0.160653,0.135038
1644_83_499_662,5,5,0.014374,0.260459,0.139308,0.099506,0.014003,0.383283,0.089067
1644_83_1128_1172,5,1,0.349186,0.525674,0.022255,0.010706,0.011844,0.059744,0.020592
1644_84_1043_1120,5,5,0.037545,0.107531,0.056646,0.135458,0.030542,0.586846,0.045433
1644_84_369_497,1,1,0.102895,0.460937,0.024273,0.237334,0.034364,0.106684,0.033513
1644_84_31_64,3,3,0.020848,0.022534,0.01745,0.864676,0.008061,0.035282,0.031149
1644_84_2430_2467,5,5,0.011843,0.019486,0.012448,0.154757,0.008232,0.773271,0.019963
1644_83_716_895,5,1,0.125138,0.536301,0.05273,0.040452,0.11775,0.04709,0.080539
1644_83_68_110,3,3,0.007621,0.012209,0.017704,0.68661,0.005795,0.233101,0.036961
1644_84_663_698,3,3,0.021334,0.011676,0.013749,0.877205,0.01061,0.038843,0.026583
1644_84_966_994,3,1,0.211771,0.288872,0.020914,0.287625,0.021993,0.025872,0.142951
1644_83_1003_1027,5,1,0.040996,0.273981,0.178209,0.021473,0.185635,0.271116,0.028589
1646_84_2404_2563,1,3,0.034711,0.259417,0.091822,0.286739,0.116034,0.054147,0.157129
1646_83_89_145,5,6,0.044172,0.297251,0.078399,0.065599,0.033718,0.039439,0.441423
1646_84_1155_1298,1,1,0.044812,0.254055,0.18139,0.102776,0.165322,0.053679,0.197966
1646_84_1941_2215,0,1,0.02779,0.275803,0.077674,0.216258,0.084723,0.0857,0.232052
1646_83_1599_1695,1,1,0.080289,0.429803,0.145412,0.015066,0.035699,0.19881,0.094921
1646_84_146_322,0,1,0.097428,0.477663,0.045507,0.202446,0.036293,0.048058,0.092604
1646_84_1714_1882,5,6,0.018047,0.152072,0.107282,0.20649,0.023809,0.121257,0.371043
1646_84_1409_1586,1,1,0.06261,0.612984,0.065961,0.094254,0.049365,0.063256,0.05157
1646_83_2216_2390,0,1,0.070761,0.379864,0.079986,0.023094,0.054294,0.353683,0.038318
1646_83_2604_2702,0,1,0.384733,0.513339,0.018452,0.008506,0.038086,0.006479,0.030405
1646_84_939_1115,0,1,0.102828,0.367981,0.159653,0.062928,0.099433,0.070436,0.136742
1646_83_1309_1405,0,1,0.082748,0.422257,0.104403,0.023129,0.149342,0.061985,0.156136
1646_83_447_638,0,1,0.401531,0.446709,0.023986,0.00917,0.021033,0.079568,0.018003
1646_83_334_407,1,1,0.235933,0.644868,0.037637,0.008506,0.020497,0.041942,0.010616
1646_84_31_80,0,3,0.028656,0.231638,0.029703,0.568643,0.047149,0.050122,0.04409
1646_83_1889_1939,1,0,0.375298,0.27777,0.031384,0.033787,0.011007,0.21459,0.056165
1646_83_1117_1139,1,5,0.058904,0.225937,0.062951,0.089403,0.030973,0.295244,0.236589
1646_84_661_820,1,1,0.334666,0.375433,0.067251,0.06923,0.032583,0.079801,0.041036
1646_83_829_921,5,1,0.053492,0.35085,0.054537,0.079781,0.03456,0.253463,0.173317
1646_84_407_437,0,5,0.040648,0.166288,0.091712,0.072443,0.018606,0.430614,0.179688
1647_83_2377_2584,1,4,0.022891,0.120431,0.238322,0.025922,0.552254,0.0151,0.025079
1647_84_31_157,1,3,0.026051,0.196484,0.063414,0.431299,0.057315,0.060301,0.165137
1647_84_1187_1521,1,1,0.032602,0.450932,0.102551,0.033994,0.031326,0.287694,0.060901
1647_83_1094_1186,5,5,0.012732,0.06569,0.083417,0.022056,0.010558,0.77111,0.034437
1647_83_172_376,5,1,0.328569,0.371317,0.034843,0.020192,0.037659,0.164578,0.042842
1647_84_2874_3036,0,1,0.053678,0.437867,0.12284,0.05597,0.0285,0.202743,0.098401
1647_83_2709_2868,1,1,0.212624,0.601956,0.054127,0.009087,0.087754,0.011423,0.023029
1647_84_3151_3405,1,6,0.013674,0.068793,0.108228,0.231256,0.074034,0.050799,0.453218
1647_84_909_1081,5,3,0.011343,0.054472,0.0824,0.371239,0.029242,0.339582,0.111722
1647_83_1949_2243,1,6,0.019743,0.167387,0.142008,0.064639,0.213381,0.139882,0.25296
1647_83_1744_1863,0,1,0.237726,0.579253,0.020209,0.053562,0.026914,0.057772,0.024564
1647_84_525_739,1,4,0.030817,0.190002,0.160215,0.160119,0.231895,0.108158,0.118794
1647_84_2589_2701,1,1,0.028109,0.640806,0.075167,0.04007,0.129588,0.030984,0.055277
1647_83_1522_1695,1,1,0.142342,0.522366,0.086985,0.022332,0.078262,0.068711,0.079001
1647_84_2249_2341,1,6,0.069254,0.261323,0.053165,0.183764,0.058368,0.057439,0.316687
1647_84_1870_1914,3,1,0.025409,0.330186,0.16638,0.152382,0.017352,0.248547,0.059743
1647_83_740_905,5,5,0.007629,0.03649,0.011213,0.073796,0.018492,0.842961,0.009418
1647_83_3047_3139,1,1,0.059354,0.48574,0.133344,0.019438,0.075193,0.076494,0.150438
1647_84_389_490,6,6,0.063087,0.225673,0.046457,0.201504,0.087716,0.077869,0.297695
1647_83_492_523,6,6,0.045442,0.21833,0.077509,0.172868,0.117737,0.031412,0.336702
1647_84_1699_1731,3,6,0.062875,0.239021,0.058201,0.17223,0.091788,0.036018,0.339868
1648_84_2183_2566,0,0,0.391149,0.390392,0.018544,0.071787,0.037456,0.04046,0.050212
1648_83_31_143,4,1,0.089052,0.398724,0.108125,0.014746,0.042401,0.218503,0.128451
1648_84_1167_1317,3,1,0.206967,0.411621,0.045152,0.119968,0.028282,0.041159,0.14685
1648_84_159_339,4,1,0.023483,0.261017,0.089434,0.235556,0.043999,0.152148,0.194363
1648_83_2865_2916,4,1,0.042864,0.269864,0.180218,0.138601,0.043869,0.195721,0.128862
1648_84_2691_2843,3,1,0.274622,0.3715,0.019585,0.180152,0.044211,0.059567,0.050363
1648_83_1440_1517,4,1,0.136657,0.296072,0.0252,0.044969,0.030551,0.278266,0.188285
1648_84_3388_3641,3,3,0.030935,0.065762,0.096797,0.645074,0.042082,0.079048,0.040302
1648_84_2924_3250,3,3,0.025731,0.190789,0.063804,0.524048,0.030243,0.148486,0.016899
1648_83_3269_3365,4,1,0.169089,0.5007,0.019339,0.149784,0.03979,0.026341,0.094956
1648_83_2571_2681,4,1,0.117854,0.508668,0.079291,0.056351,0.082401,0.054267,0.101168
1648_84_633_996,4,6,0.015248,0.204694,0.102341,0.191724,0.054266,0.159722,0.272006
1648_83_1327_1379,4,1,0.212864,0.493212,0.0479,0.041856,0.089217,0.030469,0.084482
1648_83_999_1158,3,3,0.018768,0.07485,0.032282,0.528353,0.02322,0.243396,0.07913
1648_83_1961_2178,4,1,0.111114,0.583722,0.103466,0.028918,0.102032,0.020849,0.0499
1648_84_1523_1948,3,3,0.051936,0.255856,0.044843,0.304524,0.042028,0.203646,0.097168
1648_83_546_628,0,1,0.043355,0.398886,0.087121,0.098936,0.060306,0.054305,0.257091
1648_83_3650_3827,3,3,0.031235,0.062619,0.035066,0.512762,0.133657,0.041769,0.182892
1648_84_1385_1430,3,1,0.065422,0.309075,0.106536,0.26654,0.029589,0.095966,0.126871
1648_83_344_361,5,5,0.037062,0.098275,0.048672,0.069375,0.020218,0.43481,0.291588
1648_84_377_531,0,1,0.047061,0.566812,0.105106,0.064235,0.084205,0.080204,0.052378
1649_83_2470_2519,1,0,0.664308,0.241956,0.0078,0.006417,0.007895,0.041243,0.030381
1649_84_31_367,3,3,0.023168,0.057068,0.031867,0.680305,0.025992,0.074706,0.106895
1649_83_1273_1348,0,0,0.681966,0.203195,0.011521,0.014663,0.013904,0.068154,0.006597
1649_84_1024_1267,0,3,0.097838,0.210745,0.041456,0.376109,0.033066,0.072817,0.167969
1649_83_2733_2880,2,1,0.129178,0.461698,0.039771,0.199052,0.036221,0.069868,0.064212
1649_84_1352_1536,3,1,0.272778,0.461418,0.032236,0.100005,0.02938,0.056093,0.04809
1649_84_2545_2728,0,0,0.420234,0.322099,0.026566,0.077699,0.037109,0.04096,0.075334
1649_84_801_964,3,3,0.258517,0.250801,0.031265,0.264415,0.045395,0.074156,0.075451
1649_84_2032_2092,3,3,0.037273,0.090251,0.016069,0.688127,0.035411,0.040896,0.091973
1649_83_1540_1780,1,3,0.026506,0.11283,0.051789,0.494196,0.056983,0.102408,0.155288
1649_83_371_796,1,1,0.174109,0.238529,0.039358,0.226259,0.148996,0.116726,0.056022
1649_84_2138_2466,3,3,0.033294,0.120715,0.056762,0.469451,0.027204,0.157279,0.135293
1649_84_1785_1906,3,3,0.071997,0.113672,0.02162,0.634812,0.029582,0.081463,0.046854
1649_83_2007_2030,5,5,0.093862,0.189964,0.026551,0.0196,0.020904,0.333607,0.315513
1649_84_1947_1998,4,3,0.057745,0.282999,0.026618,0.445551,0.02267,0.090079,0.074337
1649_83_969_1011,5,1,0.259592,0.425923,0.04195,0.021127,0.021419,0.190192,0.039797
1649_83_1915_1942,5,5,0.083982,0.134014,0.03093,0.018715,0.01759,0.640231,0.074539
1649_83_2106_2133,2,6,0.026518,0.06194,0.022952,0.139771,0.014598,0.177238,0.556982
1650_84_31_217,3,1,0.056791,0.51177,0.070763,0.174215,0.034986,0.081092,0.070383
1650_84_1139_1522,3,3,0.022378,0.066709,0.019562,0.5455,0.025005,0.056057,0.264789
1650_84_2006_2132,0,1,0.339877,0.495297,0.023281,0.031291,0.041456,0.051415,0.017384
1650_83_222_412,3,3,0.019337,0.044447,0.025731,0.507026,0.014774,0.079036,0.309648
1650_83_1778_1882,1,3,0.138431,0.22653,0.029496,0.274873,0.020011,0.03824,0.272418
1650_83_2152_2246,1,3,0.079706,0.120064,0.046532,0.294571,0.055276,0.128144,0.275707
1650_84_861_1000,3,3,0.023945,0.131081,0.053304,0.576129,0.046482,0.089405,0.079654
1650_84_2283_2417,0,1,0.234735,0.296811,0.042695,0.211093,0.043357,0.036969,0.13434
1650_84_521_594,3,1,0.043998,0.346653,0.029269,0.284678,0.015386,0.087093,0.192923
1650_83_1016_1136,1,5,0.157777,0.222933,0.019006,0.091243,0.025668,0.279412,0.203961
1650_84_441_488,3,3,0.039932,0.13713,0.023405,0.541052,0.020133,0.146845,0.091503
1650_83_761_847,1,0,0.330805,0.295168,0.042016,0.013618,0.045445,0.19173,0.081218
1650_84_1896_1954,3,1,0.127945,0.456133,0.046801,0.08365,0.181525,0.014711,0.089235
1650_84_645_746,0,3,0.02681,0.08958,0.030075,0.402027,0.047591,0.025182,0.378736
1650_83_1541_1663,1,1,0.031061,0.276131,0.077267,0.188338,0.08139,0.1118,0.234013
1650_84_1685_1755,0,5,0.09626,0.184129,0.065018,0.028414,0.020271,0.586577,0.019331
1650_83_494_509,5,3,0.066988,0.164089,0.043649,0.285047,0.045986,0.112601,0.28164
1650_83_1969_1985,4,5,0.016186,0.03579,0.032316,0.018251,0.011653,0.791621,0.094183
1650_83_612_629,1,5,0.038036,0.095368,0.051643,0.032224,0.023499,0.626643,0.132587
1651_83_121_248,3,3,0.015484,0.039533,0.01349,0.768454,0.013328,0.096788,0.052923
1651_83_1191_1386,4,1,0.040424,0.339911,0.052317,0.108778,0.108715,0.103008,0.246847
1651_84_2877_2935,3,1,0.077694,0.368424,0.053108,0.195684,0.093092,0.09726,0.114738
1651_83_2647_2868,6,5,0.022544,0.298927,0.052191,0.076284,0.06193,0.352875,0.135249
1651_84_1391_1491,0,1,0.096269,0.569518,0.046395,0.11693,0.035563,0.063132,0.072192
1651_84_3369_3608,3,3,0.017686,0.07164,0.037352,0.503311,0.040252,0.035726,0.294033
1651_84_2977_3224,3,6,0.019936,0.240018,0.09783,0.16219,0.045831,0.121185,0.31301
1651_83_3232_3362,5,6,0.012682,0.211286,0.043494,0.080076,0.02988,0.20669,0.415891
1651_84_2507_2637,3,1,0.029387,0.237803,0.166725,0.227794,0.076495,0.164421,0.097376
1651_84_918_1172,3,1,0.078199,0.317746,0.067019,0.179482,0.130455,0.073343,0.153756
1651_83_2944_2968,5,5,0.020469,0.065855,0.034659,0.104212,0.01941,0.460652,0.294744
1651_83_2044_2142,5,5,0.029479,0.110338,0.035667,0.023469,0.01691,0.734322,0.049814
1651_84_1661_1874,0,1,0.012764,0.263936,0.22835,0.109229,0.036315,0.252487,0.096919
1651_84_475_706,3,3,0.021128,0.03433,0.060161,0.535134,0.058893,0.252635,0.037718
1651_83_2300_2473,1,3,0.011118,0.04568,0.022296,0.444617,0.011635,0.361797,0.102858
1651_83_1513_1648,1,6,0.015718,0.16071,0.053305,0.038758,0.09634,0.116934,0.518236
1651_84_2147_2292,0,1,0.06906,0.344531,0.047422,0.199894,0.025501,0.051794,0.261798
1651_83_1883_1917,5,6,0.049357,0.315776,0.033819,0.060214,0.013069,0.191699,0.336065
1651_84_31_114,4,3,0.011157,0.004563,0.009361,0.928813,0.0062,0.030775,0.009131
1651_84_1928_2041,1,1,0.022998,0.402836,0.117648,0.11977,0.068681,0.095204,0.172864
1651_83_728_908,3,1,0.094982,0.314745,0.028299,0.285643,0.035868,0.055378,0.185085
1651_83_326_456,3,3,0.047857,0.232957,0.027863,0.481424,0.023404,0.094382,0.092114
1651_84_257_312,3,3,0.031254,0.033164,0.019358,0.750131,0.019925,0.118906,0.027262
1653_83_2478_2694,4,2,0.015766,0.218037,0.34465,0.064491,0.148968,0.042615,0.165474
1653_84_66_132,0,1,0.124363,0.385212,0.058372,0.034676,0.048893,0.322612,0.025873
1653_84_1152_1295,4,1,0.18206,0.363726,0.042883,0.242026,0.068458,0.036111,0.064736
1653_84_192_272,0,1,0.108974,0.287555,0.104601,0.081595,0.03069,0.265057,0.121526
1653_84_2702_2878,0,2,0.019415,0.117865,0.362483,0.087946,0.02807,0.337767,0.046454
1653_84_1440_1481,5,5,0.024733,0.088943,0.058536,0.047111,0.026402,0.687079,0.067196
1653_84_847_1059,3,1,0.253505,0.399135,0.0605,0.082955,0.035063,0.141295,0.027547
1653_83_1307_1433,2,2,0.013381,0.20049,0.461031,0.010063,0.240439,0.021814,0.052781
1653_83_2898_3027,4,1,0.117172,0.551164,0.081974,0.016979,0.111466,0.030836,0.090409
1653_83_1064_1149,1,1,0.21381,0.516097,0.10555,0.006785,0.041811,0.067126,0.048821
1653_84_2017_2193,5,5,0.032368,0.049165,0.031534,0.034756,0.019539,0.817091,0.015546
1653_84_2403_2471,4,5,0.023611,0.085837,0.069298,0.169908,0.017157,0.572114,0.062076
1653_83_1580_1721,2,6,0.07469,0.294219,0.048148,0.035087,0.057628,0.026225,0.464002
1653_83_1490_1535,4,6,0.04724,0.203499,0.092638,0.054104,0.027735,0.052699,0.522084
1653_84_526_635,4,5,0.007319,0.028758,0.038657,0.012582,0.008884,0.885101,0.0187
1653_83_2206_2391,1,3,0.016744,0.054128,0.042657,0.547753,0.037434,0.154286,0.146997
1653_83_1771_2008,2,1,0.044816,0.380092,0.178798,0.041037,0.096594,0.071035,0.187627
1653_84_678_789,0,0,0.331015,0.283435,0.044083,0.064366,0.03428,0.216264,0.026557
1653_83_650_664,4,4,0.012617,0.15669,0.099022,0.023548,0.567217,0.009409,0.131497
1653_84_332_460,0,5,0.067993,0.299149,0.092218,0.010965,0.047816,0.463611,0.018249
1653_83_142_180,4,2,0.008415,0.184832,0.605535,0.00595,0.165214,0.007144,0.02291
1653_83_471_505,1,1,0.135574,0.453173,0.050103,0.018947,0.065494,0.018636,0.258073
1653_83_799_839,4,1,0.118992,0.667204,0.091158,0.0064,0.058004,0.011089,0.047154
1653_83_287_322,4,1,0.033458,0.373474,0.139703,0.008131,0.336911,0.00746,0.100862
1653_83_31_53,4,4,0.037555,0.22977,0.142037,0.003992,0.565513,0.004076,0.017056
1653_84_1538_1541,4,6,0.051164,0.123529,0.012951,0.175743,0.014347,0.036737,0.58553
1653_84_3035_3057,0,5,0.071658,0.076555,0.032603,0.099449,0.024537,0.659228,0.03597
1653_84_1723_1751,2,6,0.022601,0.105239,0.042695,0.269049,0.027514,0.152369,0.380534
1654_83_111_161,4,4,0.028008,0.291025,0.124165,0.006135,0.482437,0.005105,0.063125
1654_84_1107_1314,0,1,0.216441,0.26781,0.047341,0.211832,0.051999,0.093045,0.111532
1654_84_1930_2118,1,1,0.184868,0.61631,0.062802,0.029047,0.050201,0.03086,0.025913
1654_83_1480_1907,4,1,0.060954,0.482855,0.265692,0.011185,0.097644,0.070174,0.011496
1654_84_932_990,0,1,0.098773,0.368843,0.139502,0.062237,0.055635,0.060612,0.214398
1654_84_176_206,4,1,0.134476,0.377986,0.068128,0.084497,0.040165,0.080244,0.214504
1654_83_1334_1395,4,1,0.147599,0.540289,0.044913,0.01805,0.074441,0.011783,0.162926
1654_83_581_906,4,6,0.018795,0.156609,0.154925,0.047484,0.26547,0.021644,0.335073
1654_84_281_347,0,1,0.13637,0.498303,0.05747,0.02966,0.030799,0.130696,0.116702
1654_83_1018_1090,4,1,0.061927,0.349992,0.059404,0.069881,0.136107,0.027773,0.294916
1654_83_375_497,4,6,0.029994,0.283557,0.116226,0.056352,0.09272,0.043202,0.377949
1654_84_31_93,4,1,0.040525,0.438842,0.246939,0.042091,0.143089,0.055617,0.032897
1654_84_1412_1460,1,1,0.086993,0.646304,0.047204,0.058868,0.069802,0.049721,0.041108
1654_84_510_549,0,1,0.094606,0.385712,0.208616,0.020133,0.024257,0.255174,0.011503
1654_83_2128_2176,4,6,0.018954,0.054027,0.03157,0.223106,0.049499,0.078073,0.544771
1654_83_223_247,4,6,0.060871,0.289285,0.02492,0.009831,0.068386,0.018918,0.527787
1655_84_115_167,1,1,0.299968,0.333859,0.042004,0.099525,0.020295,0.109633,0.094716
1655_84_1135_1317,1,0,0.67145,0.218829,0.021205,0.020114,0.023685,0.017937,0.02678
1655_84_2047_2117,1,1,0.115231,0.584645,0.062423,0.040853,0.038959,0.017171,0.140718
1655_84_1642_1734,1,3,0.105074,0.162006,0.032345,0.57204,0.018483,0.046099,0.063951
1655_83_200_267,4,4,0.022004,0.083301,0.305208,0.050432,0.341456,0.017874,0.179724
1655_83_1762_1890,2,2,0.030639,0.098588,0.428363,0.008811,0.288851,0.019687,0.125061
1655_83_1332_1615,4,1,0.039127,0.54853,0.133721,0.007171,0.238485,0.015093,0.017872
1655_83_2152_2218,0,1,0.429666,0.474941,0.034449,0.008396,0.020881,0.015519,0.016148
1655_84_927_1039,1,1,0.347043,0.35176,0.053,0.05538,0.035706,0.059386,0.097726
1655_83_523_642,1,1,0.240552,0.562453,0.063728,0.010285,0.07555,0.013304,0.034128
1655_83_1059_1115,1,1,0.243221,0.544711,0.040754,0.013597,0.031826,0.017034,0.108857
1655_84_300_350,1,6,0.075163,0.25713,0.131717,0.050795,0.03271,0.146777,0.305708
1655_84_395_506,1,3,0.021819,0.142144,0.116889,0.414816,0.051873,0.084996,0.167464
1655_84_31_57,1,4,0.060375,0.340056,0.114783,0.0179,0.390502,0.015982,0.060403
1655_83_71_97,1,1,0.208155,0.361102,0.038071,0.013522,0.043525,0.097893,0.237732
1655_84_671_815,1,1,0.057564,0.425808,0.107535,0.115769,0.177574,0.050372,0.065378
1655_84_1909_1971,1,1,0.182322,0.55735,0.084581,0.0393,0.044201,0.061635,0.030611
1655_83_838_912,0,0,0.345963,0.301226,0.03444,0.09963,0.030709,0.078102,0.109931
1655_83_1993_2020,4,1,0.093245,0.569681,0.043427,0.016129,0.034285,0.030108,0.213126
1655_83_377_381,4,6,0.107568,0.108598,0.016492,0.29395,0.030507,0.034311,0.408573
1657_83_2449_2563,1,6,0.064735,0.248715,0.029672,0.27652,0.028104,0.03255,0.319705
1657_83_88_165,6,3,0.013566,0.120429,0.044417,0.357172,0.057012,0.057122,0.350283
1657_83_1175_1272,6,6,0.026576,0.096505,0.1266,0.194792,0.03192,0.114695,0.408912
1657_84_208_309,3,3,0.021,0.047763,0.028441,0.678753,0.029999,0.069991,0.124053
1657_84_2787_2907,3,3,0.012302,0.009581,0.020937,0.83737,0.009314,0.096381,0.014114
1657_83_2630_2764,6,1,0.144105,0.345743,0.045728,0.013749,0.040985,0.083239,0.326452
1657_84_3105_3201,1,1,0.043541,0.529112,0.062981,0.138066,0.03997,0.081365,0.104966
1657_84_881_957,4,2,0.006217,0.124627,0.702227,0.003899,0.079185,0.067417,0.016427
1657_84_1315_1448,6,3,0.013259,0.049647,0.021035,0.671256,0.031616,0.02923,0.183957
1657_83_2940_3095,4,1,0.151412,0.540485,0.044669,0.02703,0.04401,0.074876,0.117519
1657_84_1055_1155,3,3,0.009925,0.02714,0.014175,0.697498,0.014605,0.024026,0.21263
1657_84_1927_2140,6,6,0.036557,0.085412,0.013497,0.372808,0.019572,0.02485,0.447305
1657_84_503_687,0,3,0.029564,0.125184,0.055736,0.32157,0.039524,0.125363,0.303059
1657_83_1652_1759,3,6,0.015131,0.129219,0.019395,0.271359,0.02241,0.043005,0.499482
1657_83_1481_1553,6,6,0.062254,0.156529,0.046135,0.204276,0.021457,0.150942,0.358407
1657_84_2241_2449,3,3,0.028054,0.016951,0.012578,0.827897,0.014138,0.061943,0.038439
1657_83_2183_2222,5,6,0.014986,0.060069,0.081745,0.248008,0.059643,0.237427,0.298122
1657_83_1873_1898,6,6,0.054213,0.336932,0.039493,0.049848,0.015759,0.153241,0.350513
1657_84_1573_1619,6,3,0.014508,0.025267,0.015589,0.7509,0.010082,0.083151,0.100502
1657_84_1780_1858,3,3,0.026602,0.044337,0.026366,0.691418,0.016791,0.086599,0.107887
1657_83_957_1007,6,1,0.073219,0.527667,0.049119,0.028137,0.053989,0.026336,0.241532
1657_83_727_845,1,1,0.026855,0.539906,0.092254,0.040239,0.088501,0.018232,0.194014
1657_84_2586_2606,5,5,0.087608,0.080481,0.035048,0.142505,0.023739,0.36591,0.264708
1657_83_343_477,1,1,0.058059,0.629225,0.082358,0.063354,0.027952,0.05873,0.080322
1657_84_31_60,3,3,0.018193,0.010076,0.021126,0.743402,0.009109,0.084013,0.114082
1658_83_2446_2501,5,6,0.0161,0.09875,0.087156,0.039806,0.056566,0.224322,0.477299
1658_84_114_167,5,1,0.283413,0.376732,0.035279,0.011879,0.017854,0.185426,0.089417
1658_84_1147_1568,1,2,0.025198,0.078752,0.434919,0.043535,0.297179,0.061115,0.059302
1658_84_2799_3054,1,0,0.402835,0.320057,0.087239,0.012952,0.112496,0.026944,0.037477
1658_83_2729_2759,6,1,0.065893,0.55452,0.061967,0.076273,0.110873,0.018108,0.112365
1658_84_2516_2713,1,2,0.055449,0.21319,0.248365,0.090852,0.21559,0.069968,0.106586
1658_83_189_230,5,5,0.118887,0.248299,0.080411,0.106034,0.027227,0.308623,0.110518
1658_84_2045_2157,6,1,0.060806,0.259031,0.096257,0.183012,0.088057,0.071168,0.241668
1658_83_948_1118,6,5,0.069908,0.195618,0.129976,0.014685,0.170907,0.256769,0.162136
1658_84_1684_1782,1,6,0.083255,0.246654,0.033188,0.219456,0.033014,0.030139,0.354294
1658_83_376_859,1,1,0.096705,0.66999,0.113394,0.01084,0.061881,0.025383,0.021807
1658_84_2230_2425,1,4,0.04662,0.205953,0.154536,0.074861,0.25657,0.04648,0.21498
1658_83_2194_2219,2,1,0.064124,0.40064,0.145356,0.070907,0.042612,0.088817,0.187542
1658_83_1813_1904,5,5,0.042192,0.128672,0.099958,0.008955,0.016836,0.513868,0.189519
1658_83_1973_2031,5,6,0.030493,0.058082,0.224948,0.007609,0.151194,0.154311,0.373365
1658_84_878_907,4,4,0.02245,0.227814,0.262407,0.079886,0.300293,0.041187,0.065963
1658_83_3073_3128,5,5,0.011968,0.056605,0.078055,0.123366,0.047819,0.565124,0.117062
1658_83_31_100,6,1,0.233175,0.565034,0.026496,0.00977,0.013345,0.049365,0.102815
1658_83_1604_1658,6,5,0.032865,0.14294,0.072502,0.011668,0.014459,0.678595,0.046971
1658_84_259_344,1,3,0.069384,0.129485,0.027385,0.556692,0.042223,0.076999,0.097831
1658_84_1935_1946,1,1,0.117141,0.433972,0.05974,0.053689,0.055147,0.066484,0.213827
1659_84_125_206,1,1,0.04112,0.404934,0.075068,0.30749,0.034125,0.039838,0.097425
1659_83_1295_1351,5,6,0.061865,0.154085,0.121741,0.040187,0.128699,0.115814,0.37761
1659_83_1961_2157,1,6,0.018738,0.093332,0.042053,0.218333,0.221939,0.030484,0.375122
1659_83_1182_1197,5,5,0.07224,0.116762,0.025871,0.012586,0.018948,0.490126,0.263467
1659_83_1606_1738,1,1,0.341685,0.395274,0.057601,0.028322,0.131009,0.014243,0.031867
1659_83_234_308,1,1,0.094921,0.385473,0.140211,0.025294,0.045508,0.081278,0.227314
1659_84_1767_1933,0,1,0.38031,0.423736,0.069574,0.021382,0.051807,0.020498,0.032693
1659_84_1374_1595,0,1,0.290747,0.601484,0.044245,0.016044,0.01487,0.018181,0.014429
1659_84_927_1176,1,1,0.357031,0.367913,0.078733,0.015268,0.124971,0.031622,0.024461
1659_84_473_724,1,2,0.031598,0.302965,0.374165,0.123343,0.039127,0.062452,0.06635
1659_84_324_391,1,1,0.205262,0.665072,0.036068,0.032389,0.019602,0.013015,0.028592
1659_83_31_104,6,6,0.024334,0.078371,0.016183,0.127873,0.010451,0.026262,0.716525
1659_83_395_462,1,5,0.03715,0.189442,0.081489,0.232547,0.033443,0.234858,0.191071
1659_84_1223_1271,1,1,0.24423,0.531612,0.052871,0.021024,0.020414,0.064373,0.065477
1659_84_777_832,0,1,0.143101,0.501638,0.043171,0.050082,0.032496,0.086664,0.142848
1659_83_853_909,2,4,0.015721,0.035447,0.277272,0.103126,0.367589,0.035196,0.165649
1659_83_745_766,5,5,0.05556,0.15665,0.047911,0.03384,0.020325,0.425051,0.260662
1660_84_2443_2696,0,1,0.378819,0.430072,0.08073,0.016057,0.054482,0.023038,0.016802
1660_83_98_185,1,1,0.168929,0.373315,0.081567,0.187103,0.051573,0.07433,0.063183
1660_84_1226_1476,0,0,0.612885,0.285115,0.026718,0.012205,0.02982,0.012043,0.021215
1660_83_1166_1214,1,3,0.065929,0.218438,0.031085,0.382613,0.020565,0.055114,0.226257
1660_84_201_312,0,2,0.01394,0.311677,0.457919,0.015409,0.032634,0.119418,0.049003
1660_83_869_974,1,0,0.430568,0.384467,0.031845,0.025314,0.020698,0.075478,0.031631
1660_84_982_1164,0,0,0.701176,0.226358,0.018562,0.008041,0.013592,0.023335,0.008937
1660_84_2058_2129,1,1,0.216191,0.399421,0.130693,0.012379,0.210167,0.012855,0.018293
1660_83_1716_1782,1,1,0.301054,0.583454,0.01978,0.014378,0.042339,0.012451,0.026544
1660_84_566_710,1,5,0.018261,0.263513,0.163404,0.222363,0.031331,0.266455,0.034673
1660_84_1645_1702,0,0,0.410622,0.404869,0.03088,0.038783,0.010578,0.05528,0.048988
1660_83_1506_1628,1,0,0.558224,0.358378,0.013719,0.01765,0.025534,0.010511,0.015984
1660_83_2139_2435,1,1,0.168093,0.400476,0.113407,0.032982,0.184065,0.031687,0.06929
1660_84_1788_1929,0,0,0.475597,0.260508,0.054692,0.049606,0.088469,0.031511,0.039616
1660_83_1942_2050,1,0,0.517494,0.390904,0.013479,0.015371,0.01192,0.039713,0.011118
1660_83_729_775,1,1,0.188832,0.39623,0.062048,0.024568,0.127443,0.028819,0.17206
1660_83_329_416,1,1,0.101323,0.416255,0.059434,0.016672,0.124245,0.021948,0.260123
1660_83_2696_2743,3,3,0.057827,0.167021,0.02372,0.483697,0.034595,0.037059,0.196081
1660_84_431_505,0,1,0.178954,0.414766,0.080834,0.032035,0.093875,0.055476,0.144059
1660_84_31_90,1,1,0.110442,0.360886,0.103942,0.027534,0.146428,0.108347,0.142421
1660_83_516_561,1,1,0.314079,0.620726,0.014493,0.010003,0.020965,0.006542,0.013193
1660_84_783_852,0,0,0.385894,0.363463,0.056483,0.010227,0.029282,0.129012,0.02564
1661_83_2285_2589,5,1,0.199947,0.444668,0.168724,0.010692,0.065777,0.067513,0.04268
1661_84_88_239,0,1,0.25943,0.468592,0.052655,0.064649,0.031222,0.093195,0.030257
1661_83_1187_1320,1,1,0.163714,0.458772,0.073202,0.024551,0.031709,0.11078,0.137272
1661_84_997_1186,1,1,0.07808,0.362579,0.085654,0.115489,0.048758,0.098998,0.210442
1661_83_247_306,1,4,0.033055,0.243985,0.162398,0.013384,0.410844,0.009506,0.126828
1661_83_2713_3288,5,2,0.049028,0.280526,0.371363,0.016936,0.099204,0.145683,0.037261
1661_83_1359_1556,5,1,0.066317,0.303001,0.191353,0.036086,0.04044,0.25452,0.108283
1661_84_2589_2706,1,2,0.009766,0.070347,0.561716,0.016818,0.173426,0.162148,0.005778
1661_83_878_996,5,5,0.042365,0.21777,0.074044,0.048167,0.026868,0.509514,0.081272
1661_84_2036_2111,2,5,0.007571,0.074286,0.256388,0.024108,0.059717,0.563479,0.014451
1661_83_1683_2036,5,1,0.239542,0.442469,0.044502,0.030453,0.040935,0.137859,0.064241
1661_84_512_649,5,5,0.024606,0.188862,0.109253,0.014437,0.054748,0.574935,0.03316
1661_84_2161_2273,5,2,0.006181,0.057384,0.795329,0.001789,0.063988,0.063858,0.011472
1661_84_1321_1343,5,1,0.063561,0.357808,0.061503,0.192289,0.034133,0.090059,0.200648
1661_84_1561_1679,1,5,0.013772,0.111685,0.114476,0.009659,0.032477,0.705488,0.012443
1661_83_653_806,2,1,0.047643,0.348476,0.093925,0.048039,0.071826,0.084465,0.305625
1661_84_328_360,5,6,0.09016,0.26548,0.071101,0.092628,0.041779,0.137254,0.301598
1661_83_371_500,5,3,0.018442,0.023751,0.028593,0.451984,0.017561,0.090612,0.369056
1661_84_821_877,5,5,0.012644,0.144964,0.169513,0.015051,0.014676,0.631338,0.011815
1661_83_31_77,1,5,0.060488,0.177797,0.220835,0.064699,0.051663,0.399676,0.024842
1661_83_2113_2154,1,1,0.424188,0.482379,0.024866,0.009582,0.037355,0.008854,0.012776
1663_84_2355_2585,3,3,0.017212,0.023171,0.021829,0.812328,0.012791,0.09717,0.015498
1663_84_101_171,3,3,0.025684,0.032882,0.018891,0.652785,0.016728,0.222671,0.030359
1663_83_1218_1638,3,3,0.07526,0.088062,0.026059,0.595093,0.052911,0.139929,0.022687
1663_84_1108_1211,1,3,0.206891,0.255441,0.029973,0.343944,0.04289,0.0525,0.068362
1663_84_249_278,5,3,0.013313,0.018693,0.0198,0.496005,0.010912,0.423059,0.018218
1663_83_2595_2768,3,3,0.089274,0.063626,0.046885,0.59162,0.036874,0.078729,0.092993
1663_84_861_948,3,3,0.04212,0.052704,0.02217,0.483309,0.018568,0.369777,0.011351
1663_83_183_247,3,3,0.04449,0.067686,0.038839,0.644173,0.048353,0.134571,0.021886
1663_84_2036_2142,3,3,0.020379,0.074507,0.024449,0.759575,0.014033,0.095497,0.01156
1663_83_954_1105,5,3,0.08817,0.172631,0.029737,0.404487,0.047707,0.221392,0.035878
1663_83_1710_1995,3,3,0.021711,0.047898,0.035092,0.710474,0.035122,0.123372,0.026331
1663_84_603_647,3,3,0.025135,0.023579,0.009093,0.589789,0.011059,0.326801,0.014544
1663_84_1639_1698,3,3,0.01778,0.013621,0.015559,0.576831,0.009518,0.356404,0.010288
1663_83_2154_2345,3,3,0.025404,0.028395,0.028037,0.734145,0.023218,0.151239,0.009562
1663_84_703_733,3,3,0.025325,0.142828,0.037723,0.654806,0.048083,0.06149,0.029745
1663_83_481_601,3,3,0.039621,0.047221,0.020168,0.706678,0.026444,0.14144,0.018427
1663_83_648_696,3,3,0.044571,0.070391,0.010492,0.797371,0.018383,0.033461,0.025331
1663_83_285_365,3,3,0.046087,0.055253,0.036479,0.688537,0.044941,0.070917,0.057786
1663_83_400_449,3,3,0.018597,0.026244,0.014656,0.550336,0.014866,0.036013,0.339288
1663_83_761_860,3,0,0.3026,0.286632,0.037944,0.177932,0.095981,0.049177,0.049733
1663_83_31_98,3,3,0.014093,0.009224,0.021177,0.819156,0.005847,0.123815,0.006688
1663_84_450_471,5,3,0.019336,0.036244,0.014445,0.664891,0.014729,0.165595,0.084759
1663_84_367_387,5,3,0.032676,0.066475,0.016607,0.63348,0.034901,0.03769,0.178172
1665_84_2371_2622,5,1,0.160435,0.574049,0.135689,0.003987,0.083663,0.033787,0.008391
1665_84_126_238,1,1,0.114297,0.480358,0.056982,0.084837,0.086952,0.033417,0.143157
1665_83_1231_1428,4,2,0.027332,0.256293,0.404476,0.032569,0.118052,0.048313,0.112965
1665_84_1153_1218,5,2,0.008167,0.045026,0.708438,0.007574,0.030852,0.156608,0.043336
1665_83_244_296,4,5,0.006743,0.014444,0.020985,0.434357,0.028788,0.444588,0.050096
1665_83_2629_2895,1,1,0.037179,0.37298,0.10796,0.020146,0.339382,0.01863,0.103723
1665_84_1429_1486,1,2,0.037332,0.284613,0.409727,0.040172,0.101863,0.050978,0.075315
1665_83_853_959,4,2,0.024288,0.211984,0.259894,0.04059,0.194573,0.10834,0.160332
1665_84_2912_3006,6,3,0.027119,0.146441,0.197682,0.292451,0.077786,0.032697,0.225825
1665_83_1848_2114,1,1,0.088939,0.609986,0.102387,0.01029,0.132944,0.030025,0.025429
1665_83_1071_1138,4,5,0.023583,0.083027,0.144691,0.075812,0.020854,0.366222,0.285812
1665_83_1497_1782,1,1,0.215133,0.483241,0.083241,0.011267,0.123561,0.024713,0.058845
1665_83_548_781,4,1,0.03296,0.354228,0.115207,0.059842,0.172243,0.049717,0.215804
1665_84_2253_2310,5,6,0.017241,0.121497,0.070986,0.073558,0.055573,0.200721,0.460425
1665_83_2189_2244,1,6,0.081108,0.22116,0.035982,0.025943,0.04213,0.076395,0.517283
1665_83_31_117,6,6,0.013087,0.057171,0.04028,0.407698,0.02251,0.040417,0.418837
1665_84_1786_1839,1,1,0.069278,0.331876,0.235936,0.087386,0.082792,0.117129,0.075602
1665_84_3064_3139,0,1,0.158155,0.459293,0.047844,0.149346,0.030748,0.042098,0.112515
1665_84_981_1064,5,5,0.030074,0.109224,0.237693,0.007884,0.049968,0.54737,0.017787
1665_83_341_451,4,2,0.01958,0.247408,0.350863,0.021407,0.237125,0.019536,0.104082
1665_84_453_534,5,5,0.00461,0.044118,0.142748,0.007604,0.014164,0.779818,0.006937
1665_83_2312_2361,1,1,0.156679,0.62344,0.018987,0.031245,0.053064,0.018391,0.098194
1665_83_3014_3055,5,1,0.183138,0.478417,0.069909,0.013952,0.018071,0.169316,0.067196
1665_84_801_840,5,5,0.007928,0.068766,0.104285,0.008159,0.01814,0.776225,0.016498
1665_84_301_325,5,5,0.004675,0.027635,0.022707,0.007635,0.01027,0.909582,0.017496
1665_84_2131_2168,5,6,0.069446,0.192572,0.057114,0.020305,0.033664,0.251889,0.37501
1666_83_2412_2699,2,1,0.114331,0.448085,0.150259,0.028828,0.101116,0.071542,0.085839
1666_83_102_521,2,2,0.011381,0.143334,0.320941,0.035049,0.133547,0.051931,0.303817
1666_83_1178_1475,2,6,0.064336,0.169593,0.191291,0.0851,0.14692,0.090569,0.252192
1666_83_2848_3159,4,2,0.028508,0.152211,0.379919,0.053678,0.275437,0.064214,0.046033
1666_84_2722_2816,2,1,0.052911,0.433206,0.417244,0.007884,0.045204,0.031435,0.012117
1666_84_864_941,5,1,0.105509,0.345451,0.120169,0.057395,0.046763,0.274904,0.049811
1666_84_1117_1152,6,6,0.015917,0.067882,0.028754,0.137827,0.017261,0.078854,0.653506
1666_83_970_1104,2,1,0.091454,0.385584,0.063661,0.056598,0.026313,0.07145,0.30494
1666_83_1612_1873,2,5,0.023804,0.151138,0.171674,0.087203,0.117337,0.282988,0.165855
1666_83_634_839,2,1,0.228621,0.298284,0.10489,0.039143,0.087662,0.103029,0.13837
1666_84_1491_1597,5,5,0.026417,0.178303,0.093466,0.022054,0.020237,0.648014,0.01151
1666_84_2282_2392,2,1,0.079282,0.499512,0.123161,0.027678,0.075145,0.163295,0.031927
1666_83_2147_2265,2,1,0.270374,0.444044,0.064981,0.030527,0.036857,0.122673,0.030543
1666_84_1888_1952,1,1,0.065958,0.59589,0.196188,0.01043,0.081045,0.02241,0.02808
1666_84_2080_2121,2,6,0.038929,0.157607,0.108873,0.034509,0.081949,0.286943,0.29119
1666_83_1978_2063,2,6,0.045718,0.226401,0.071863,0.076389,0.028508,0.153481,0.39764
1666_84_540_595,2,2,0.039971,0.180423,0.253173,0.164249,0.086853,0.050988,0.224343
1666_84_3180_3258,2,4,0.059599,0.247406,0.263182,0.013976,0.348224,0.041685,0.025926
1666_84_31_69,6,6,0.024701,0.113247,0.271447,0.037641,0.094412,0.161546,0.297006
1667_83_2489_2583,1,1,0.134795,0.278755,0.042929,0.085754,0.037863,0.161508,0.258395
1667_83_97_147,6,6,0.016274,0.078725,0.009472,0.104273,0.021238,0.028034,0.741984
1667_83_1136_1285,1,1,0.077188,0.465045,0.035392,0.146409,0.071297,0.03514,0.169529
1667_83_2658_2924,1,1,0.097006,0.313685,0.102763,0.034498,0.25465,0.126639,0.070759
1667_83_1415_1475,1,6,0.008612,0.156205,0.03379,0.089587,0.020886,0.076202,0.614718
1667_84_3140_3178,4,1,0.123832,0.437557,0.067569,0.017586,0.331467,0.007177,0.014812
1667_83_804_963,1,1,0.04509,0.400739,0.046457,0.161627,0.069533,0.055009,0.221546
1667_84_170_219,2,5,0.01718,0.073054,0.229972,0.059997,0.061956,0.3733,0.184541
1667_84_1312_1386,2,1,0.099182,0.438468,0.153771,0.072246,0.079006,0.118274,0.039052
1667_84_2948_2968,1,2,0.04475,0.190255,0.281583,0.075844,0.273259,0.040412,0.093897
1667_83_2026_2387,1,1,0.044604,0.400586,0.053439,0.054741,0.071564,0.075503,0.299563
1667_83_258_721,6,1,0.039782,0.28806,0.072076,0.111901,0.173908,0.122485,0.191788
1667_84_1490_1752,2,3,0.029332,0.215671,0.044793,0.449753,0.037826,0.06926,0.153364
1667_83_1780_1900,1,3,0.026648,0.304363,0.022426,0.359854,0.040374,0.059526,0.186809
1667_84_1910_1996,2,5,0.003937,0.02644,0.054598,0.020988,0.012386,0.860857,0.020794
1667_83_2980_3104,1,6,0.108152,0.252445,0.0456,0.094351,0.035492,0.202376,0.261584
1667_84_992_1103,3,1,0.164732,0.475039,0.044113,0.138328,0.047889,0.036065,0.093834
1667_84_31_79,3,3,0.01837,0.016823,0.093897,0.541844,0.05435,0.118618,0.156097
1667_84_2408_2443,5,5,0.03739,0.147397,0.220113,0.0175,0.042003,0.396181,0.139416
1667_84_730_764,2,6,0.02595,0.12654,0.043696,0.110688,0.054508,0.034693,0.603925
1667_84_2600_2615,1,4,0.019997,0.193688,0.174665,0.007441,0.570785,0.012835,0.020589
1668_84_2476_2573,4,0,0.498392,0.30292,0.033281,0.048938,0.035615,0.02045,0.060405
1668_83_31_415,4,6,0.022805,0.238919,0.077674,0.02674,0.275527,0.028842,0.329494
1668_84_1246_1576,4,1,0.031544,0.376301,0.225828,0.028658,0.197834,0.027065,0.11277
1668_83_1106_1220,1,4,0.037364,0.166884,0.24622,0.0086,0.269313,0.047176,0.224443
1668_83_2605_2775,4,4,0.016289,0.147351,0.184928,0.046289,0.426805,0.020142,0.158196
1668_83_911_941,1,1,0.054707,0.752821,0.03345,0.044433,0.029289,0.019979,0.065321
1668_84_2069_2111,4,1,0.08356,0.491025,0.05135,0.027616,0.307967,0.007881,0.030601
1668_83_1753_1824,4,6,0.044901,0.187317,0.032931,0.223898,0.079425,0.096088,0.335441
1668_84_604_906,4,4,0.010306,0.135646,0.307876,0.010076,0.4976,0.015721,0.022776
1668_84_1662_1710,4,0,0.528893,0.32233,0.020016,0.014638,0.035499,0.046812,0.031813
1668_83_2139_2447,1,1,0.148918,0.627746,0.048142,0.018001,0.095177,0.015682,0.046336
1668_83_1917_2044,4,1,0.173566,0.476215,0.034349,0.009929,0.112919,0.012934,0.180088
1668_84_1853_1895,4,1,0.10394,0.38411,0.04665,0.103579,0.040602,0.027678,0.293441
1668_83_1593_1631,1,6,0.019381,0.20368,0.068267,0.036912,0.222318,0.018252,0.431191
1668_83_527_575,4,6,0.009913,0.064406,0.213647,0.025045,0.170719,0.032883,0.483387
1668_84_967_1071,4,1,0.091813,0.424039,0.124757,0.029826,0.094301,0.038669,0.196595
1668_84_430_491,4,1,0.04371,0.342249,0.259555,0.007871,0.315578,0.013829,0.017207
1669_84_2436_2636,1,3,0.023438,0.14746,0.091956,0.406711,0.150392,0.046581,0.133462
1669_84_1231_1430,1,2,0.025592,0.2405,0.241363,0.104622,0.119194,0.186469,0.08226
1669_83_1039_1206,2,3,0.026763,0.067971,0.06673,0.281093,0.191658,0.092535,0.27325
1669_83_251_267,5,6,0.021476,0.032744,0.017897,0.22093,0.019848,0.15622,0.530885
1669_83_2654_2814,2,2,0.018337,0.239214,0.469599,0.03002,0.130826,0.024516,0.087487
1669_83_1449_1481,5,6,0.039999,0.085135,0.029138,0.029257,0.037775,0.090243,0.688452
1669_84_877_1008,6,1,0.038134,0.43328,0.119272,0.038343,0.09532,0.069767,0.205883
1669_84_148_227,1,6,0.109814,0.173026,0.033202,0.241244,0.123227,0.062434,0.257054
1669_84_1947_2149,2,2,0.025542,0.209046,0.514171,0.005771,0.084728,0.135166,0.025577
1669_84_521_789,1,1,0.018552,0.351634,0.151024,0.132808,0.057279,0.119876,0.168827
1669_84_1498_1756,1,2,0.020644,0.149553,0.393528,0.079271,0.098134,0.077154,0.181716
1669_84_2241_2332,3,1,0.101013,0.577547,0.09919,0.056544,0.080956,0.021015,0.063735
1669_83_2167_2218,2,6,0.024885,0.17089,0.145558,0.059049,0.059232,0.178349,0.362036
1669_83_31_123,5,6,0.043625,0.310483,0.107796,0.032954,0.119987,0.049427,0.335727
1669_83_1904_1925,5,5,0.017759,0.061291,0.101926,0.038202,0.041532,0.664725,0.074565
1669_84_1807_1869,2,1,0.222805,0.48999,0.103241,0.01333,0.045025,0.080217,0.045391
1669_83_1776_1792,5,6,0.079683,0.196975,0.051438,0.076979,0.042422,0.193237,0.359267
1669_84_291_399,1,2,0.018936,0.187251,0.272127,0.151197,0.148717,0.030591,0.191181
1669_83_2346_2419,0,1,0.187448,0.406935,0.093307,0.014519,0.06844,0.139188,0.090163
1669_83_810_860,5,6,0.018396,0.117376,0.097792,0.074734,0.071986,0.21712,0.402595
1669_83_453_503,5,5,0.037213,0.213811,0.035654,0.225355,0.061458,0.261644,0.164865
1670_84_2350_2750,0,1,0.103503,0.414141,0.09904,0.043975,0.271274,0.047543,0.020523
1670_84_31_138,0,0,0.424428,0.33274,0.037823,0.061031,0.03332,0.042115,0.068542
1670_84_1252_1496,0,0,0.703448,0.239361,0.013822,0.009568,0.015493,0.010688,0.007621
1670_83_1100_1226,1,1,0.301371,0.495665,0.052138,0.010339,0.04891,0.019159,0.072418
1670_84_210_272,0,1,0.237514,0.344328,0.119924,0.080855,0.084545,0.045114,0.087719
1670_84_2867_2882,6,6,0.022657,0.073036,0.063372,0.257957,0.217279,0.021961,0.343738
1670_84_794_955,0,0,0.449293,0.425831,0.021234,0.025814,0.017418,0.02809,0.032319
1670_83_2774_2842,4,3,0.024386,0.193096,0.217472,0.227705,0.102845,0.028206,0.20629
1670_84_1882_2250,6,1,0.105726,0.397428,0.159039,0.056208,0.185533,0.044886,0.051179
1670_83_1723_1781,1,1,0.338855,0.598398,0.01159,0.007035,0.023088,0.010458,0.010576
1670_84_1624_1699,0,0,0.711606,0.093148,0.012844,0.013679,0.011605,0.141506,0.015613
1670_83_1520_1613,0,0,0.552102,0.385101,0.008533,0.01178,0.009102,0.016749,0.016633
1670_84_522_634,0,1,0.243118,0.492563,0.053715,0.016961,0.159324,0.018581,0.015738
1670_83_2298_2339,4,1,0.044934,0.360966,0.061235,0.074588,0.155961,0.008654,0.293662
1670_83_666_755,0,0,0.558774,0.357523,0.013232,0.01331,0.012588,0.021174,0.023399
1670_84_1019_1061,1,1,0.332962,0.513887,0.032082,0.025838,0.037628,0.012782,0.044821
1670_83_976_1006,1,0,0.445216,0.424803,0.019659,0.009872,0.023819,0.039643,0.036987
1670_84_370_433,1,1,0.141788,0.434008,0.095394,0.091443,0.1535,0.036213,0.047654
1670_83_167_180,1,5,0.089984,0.22154,0.032803,0.054294,0.040005,0.321593,0.239781
1670_83_455_478,6,0,0.510538,0.302679,0.009479,0.012087,0.032833,0.027997,0.104388
1670_83_304_330,0,1,0.131706,0.334682,0.030173,0.043769,0.035856,0.147472,0.276342
1672_83_2473_2562,0,0,0.483676,0.412027,0.029047,0.013051,0.031207,0.009705,0.021287
1672_84_31_177,1,1,0.029936,0.316857,0.157965,0.099432,0.258353,0.058272,0.079184
1672_83_1162_1394,6,1,0.092169,0.613339,0.061352,0.021023,0.057939,0.01984,0.134339
1672_83_194_330,6,6,0.014725,0.1538,0.17316,0.026916,0.145734,0.106702,0.378962
1672_83_2718_2816,0,0,0.433695,0.393237,0.010223,0.027283,0.031679,0.028329,0.075554
1672_84_1414_1549,1,1,0.198113,0.441086,0.06522,0.062749,0.028323,0.089571,0.114937
1672_83_3085_3181,6,1,0.261366,0.453538,0.034148,0.018721,0.052812,0.014708,0.164706
1672_83_791_1044,1,1,0.093297,0.570727,0.124498,0.009143,0.089853,0.016519,0.095963
1672_84_3327_3443,3,3,0.022307,0.032515,0.030067,0.734809,0.040366,0.117912,0.022023
1672_84_1070_1143,0,1,0.155407,0.455686,0.05926,0.106845,0.113416,0.018479,0.090908
1672_84_2024_2175,6,3,0.017434,0.03711,0.024718,0.699728,0.063363,0.037264,0.120384
1672_84_1679_1962,6,6,0.014705,0.099258,0.059858,0.12252,0.140258,0.036364,0.527036
1672_83_619_700,0,1,0.219511,0.57136,0.035363,0.025628,0.023795,0.02894,0.095403
1672_84_2584_2698,0,1,0.291738,0.431151,0.046146,0.067312,0.034175,0.021152,0.108325
1672_84_367_604,1,1,0.077539,0.707455,0.080766,0.007779,0.064512,0.022752,0.039197
1672_84_2298_2450,1,1,0.026997,0.393824,0.074017,0.035123,0.332293,0.021426,0.11632
1672_83_2198_2282,6,5,0.091121,0.211247,0.030832,0.056813,0.020047,0.362229,0.227711
1672_83_3276_3321,6,6,0.140306,0.355694,0.025849,0.039396,0.023823,0.036636,0.378296
1672_83_1572_1629,6,6,0.138857,0.323776,0.023738,0.016966,0.014634,0.116001,0.36603
1672_84_715_785,5,5,0.026194,0.125656,0.066284,0.023146,0.024392,0.664973,0.069356
1672_84_2985_3072,6,1,0.098313,0.412172,0.084186,0.026777,0.154467,0.048324,0.175759
1672_84_3211_3245,6,1,0.12701,0.334917,0.047927,0.035566,0.038501,0.204457,0.211622
1672_83_1982_2007,6,6,0.1166,0.202448,0.038263,0.014183,0.017534,0.286576,0.324398
1672_84_2838_2873,6,1,0.139853,0.431615,0.026595,0.088799,0.025608,0.065099,0.222431
1672_83_2894_2949,1,1,0.231413,0.548511,0.021909,0.034919,0.030984,0.016271,0.115994
1673_84_2415_2539,5,2,0.016129,0.117933,0.314418,0.099155,0.090224,0.266457,0.095683
1673_83_31_158,5,5,0.020635,0.087202,0.099056,0.187505,0.037795,0.478788,0.089019
1673_84_1232_1357,1,1,0.068675,0.469246,0.137614,0.016584,0.053287,0.162239,0.092355
1673_83_1128_1223,5,3,0.080116,0.159344,0.027943,0.469374,0.017108,0.169898,0.076217
1673_84_173_257,5,3,0.018811,0.032817,0.016863,0.57986,0.017007,0.180618,0.154024
1673_83_2846_2982,5,1,0.145387,0.744308,0.02572,0.01281,0.04368,0.012719,0.015375
1673_83_2552_2750,5,1,0.184148,0.361837,0.021915,0.063475,0.048177,0.054709,0.265739
1673_83_1364_1672,2,1,0.159654,0.433048,0.064642,0.02798,0.055015,0.10487,0.154792
1673_83_747_976,5,6,0.019645,0.153232,0.029554,0.147989,0.022633,0.085051,0.541896
1673_84_2751_2840,1,1,0.297315,0.585081,0.028933,0.021422,0.02632,0.022965,0.017964
1673_83_1946_2198,2,6,0.054698,0.151739,0.018484,0.059588,0.035503,0.084245,0.595742
1673_84_1086_1124,3,3,0.021535,0.045226,0.025862,0.755269,0.016197,0.109786,0.026125
1673_84_622_730,5,1,0.130549,0.374325,0.116158,0.027228,0.053985,0.222597,0.075158
1673_83_351_610,5,1,0.034952,0.361647,0.171295,0.019282,0.147927,0.035383,0.229515
1673_83_1772_1900,2,6,0.061578,0.241047,0.04301,0.122431,0.038452,0.158449,0.335034
1673_84_1912_1941,5,5,0.005021,0.019843,0.097652,0.013732,0.016924,0.837382,0.009446
1673_84_1682_1757,1,2,0.015099,0.236697,0.481171,0.008952,0.083631,0.160261,0.014187
1673_83_1023_1082,3,1,0.393456,0.47931,0.018541,0.02913,0.013,0.0344,0.032163
1673_84_981_1004,3,5,0.035321,0.099697,0.044704,0.261281,0.020791,0.416089,0.122118
1673_83_2306_2402,5,1,0.258073,0.450515,0.022316,0.038911,0.018285,0.151677,0.060223
1673_84_2218_2286,2,2,0.010854,0.406987,0.425232,0.002108,0.110774,0.014228,0.029818
1673_84_321_338,5,5,0.013721,0.044507,0.033027,0.021248,0.021476,0.841317,0.024704
1673_83_269_306,5,1,0.1853,0.65157,0.055188,0.019707,0.023823,0.029339,0.035072
1677_83_2384_2777,1,1,0.212697,0.258476,0.055184,0.218952,0.11988,0.048882,0.085929
1677_84_1172_1360,1,3,0.029924,0.354844,0.036661,0.422088,0.021177,0.069968,0.065338
1677_84_204_256,1,3,0.048877,0.115034,0.022234,0.547805,0.015524,0.043305,0.207221
1677_83_1369_1524,1,1,0.194333,0.587614,0.03114,0.047039,0.03686,0.056723,0.046291
1677_84_900_1000,1,3,0.045237,0.173168,0.021771,0.497119,0.014512,0.096759,0.151434
1677_83_1032_1169,1,1,0.032861,0.476047,0.155874,0.067774,0.145182,0.046213,0.076049
1677_83_2058_2251,1,1,0.03874,0.381849,0.048598,0.193692,0.060085,0.037378,0.239658
1677_83_133_191,1,5,0.02045,0.043947,0.027637,0.237862,0.017495,0.57633,0.076279
1677_84_1538_1770,1,1,0.207908,0.403994,0.034496,0.18541,0.024655,0.06417,0.079367
1677_84_552_614,1,3,0.054572,0.244681,0.069249,0.292926,0.032318,0.165813,0.140442
1677_84_2251_2369,1,1,0.236982,0.606665,0.036757,0.015479,0.055386,0.011878,0.036854
1677_83_1774_1908,1,3,0.042735,0.104768,0.01705,0.696957,0.023053,0.043507,0.071931
1677_84_1923_2018,1,1,0.09437,0.466602,0.048845,0.13687,0.027308,0.124521,0.101485
1677_83_800_880,2,5,0.020465,0.148215,0.076504,0.107374,0.021983,0.53827,0.087188
1677_83_445_512,2,1,0.241194,0.578668,0.056201,0.013582,0.034743,0.033415,0.042198
1677_84_31_103,3,5,0.015196,0.059379,0.042613,0.376441,0.009284,0.401109,0.095979
1677_83_272_348,1,1,0.201866,0.427243,0.063793,0.031545,0.132,0.035323,0.10823
1677_84_376_427,1,1,0.106448,0.650203,0.038923,0.057826,0.053031,0.0121,0.081468
1679_83_2436_2688,1,1,0.299094,0.579526,0.019562,0.017925,0.057797,0.012999,0.013097
1679_83_31_152,3,3,0.008471,0.009612,0.011442,0.866509,0.02048,0.044793,0.038692
1679_83_959_1184,1,5,0.051797,0.262082,0.029272,0.115256,0.069121,0.384872,0.087599
1679_83_197_350,3,1,0.218847,0.266612,0.037828,0.230449,0.0578,0.131405,0.057059
1679_83_2786_2927,1,1,0.14152,0.716982,0.018503,0.041087,0.027156,0.02151,0.033243
1679_84_2703_2770,1,3,0.020133,0.056913,0.110911,0.359767,0.089114,0.12621,0.236952
1679_83_1301_1531,1,1,0.015736,0.671788,0.126295,0.02593,0.052053,0.060369,0.047829
1679_83_2972_3171,3,3,0.015859,0.103611,0.01276,0.57167,0.036468,0.095241,0.164389
1679_84_846_959,3,3,0.018356,0.044036,0.027726,0.577651,0.026225,0.132449,0.173556
1679_83_1921_2099,1,1,0.431934,0.463377,0.015247,0.015955,0.031449,0.020197,0.021842
1679_84_159_195,3,5,0.018522,0.024664,0.043412,0.393524,0.01336,0.476488,0.03003
1679_83_1689_1870,3,3,0.009402,0.101253,0.019505,0.623014,0.028668,0.102652,0.115505
1679_83_491_832,3,3,0.025971,0.206742,0.044977,0.367605,0.033464,0.052853,0.268388
1679_84_1554_1689,3,3,0.05948,0.145805,0.036801,0.43971,0.081494,0.119675,0.117035
1679_84_2131_2436,1,1,0.263426,0.490381,0.042416,0.045245,0.094145,0.038825,0.025563
1679_84_1189_1294,1,5,0.121224,0.366373,0.024132,0.032017,0.02451,0.399009,0.032734
1679_84_1870_1900,3,3,0.007771,0.009631,0.027673,0.505383,0.00854,0.420938,0.020064
1679_84_363_478,3,3,0.09837,0.100555,0.014705,0.593871,0.03868,0.114169,0.03965
1679_84_2927_2949,3,5,0.03802,0.032467,0.029342,0.233106,0.022906,0.614147,0.03001
1680_84_2276_2510,3,3,0.033523,0.15485,0.052936,0.523775,0.044522,0.076212,0.114182
1680_83_86_135,2,5,0.013703,0.120337,0.06368,0.017594,0.01773,0.729171,0.037786
1680_83_1200_1314,2,1,0.231124,0.521275,0.042551,0.029261,0.032672,0.101819,0.041299
1680_84_1030_1188,3,1,0.112126,0.311525,0.061459,0.16903,0.030021,0.292933,0.022906
1680_84_2825_2890,3,3,0.017112,0.023616,0.025727,0.698934,0.016206,0.182231,0.036173
1680_84_2681_2794,3,3,0.011326,0.011087,0.010882,0.832076,0.01955,0.008746,0.106332
1680_83_1429_1524,2,1,0.029682,0.353662,0.239317,0.059792,0.081058,0.074523,0.161966
1680_83_2524_2669,5,2,0.018448,0.158795,0.47578,0.012207,0.295944,0.017399,0.021427
1680_83_899_1018,1,0,0.389314,0.278269,0.023287,0.017187,0.019711,0.258987,0.013244
1680_83_2795_2820,5,5,0.025817,0.046532,0.039497,0.074595,0.016466,0.766623,0.03047
1680_83_188_246,2,5,0.020898,0.194338,0.142212,0.017782,0.01847,0.574283,0.032018
1680_84_1320_1410,1,3,0.033796,0.032355,0.021201,0.653519,0.03259,0.200231,0.026307
1680_84_1915_2156,3,3,0.007584,0.014162,0.016183,0.798069,0.012635,0.017192,0.134175
1680_83_1672_1881,2,3,0.015439,0.064903,0.075423,0.403206,0.018374,0.349324,0.07333
1680_84_554_723,1,3,0.085093,0.156433,0.035875,0.475113,0.041787,0.110815,0.094884
1680_83_2173_2268,2,3,0.034787,0.140228,0.052464,0.315763,0.022493,0.157101,0.277164
1680_84_1535_1666,3,3,0.010283,0.029424,0.027116,0.725592,0.019141,0.066948,0.121496
1680_84_834_887,3,2,0.010932,0.099552,0.555765,0.196316,0.034794,0.056545,0.046096
1680_84_259_393,3,2,0.019081,0.280048,0.361755,0.041693,0.035164,0.226237,0.036022
1680_84_137_159,2,4,0.016678,0.319131,0.11361,0.015636,0.46402,0.014485,0.056439
1680_83_399_444,2,1,0.089898,0.544523,0.040316,0.042444,0.030899,0.015937,0.235983
1680_84_450_499,3,3,0.016093,0.0136,0.024862,0.547304,0.015537,0.247879,0.134725
1680_84_31_86,2,5,0.00946,0.057561,0.358,0.039896,0.016131,0.461297,0.057657
1680_83_735_828,1,1,0.111342,0.387987,0.226468,0.019494,0.058955,0.116149,0.079604
1680_83_505_530,2,5,0.075608,0.259223,0.077657,0.021649,0.029634,0.338448,0.197781
1961_100_125_199,5,5,0.013383,0.047066,0.055772,0.007501,0.00462,0.862125,0.009535
1961_99_1247_1308,1,1,0.11528,0.53285,0.130651,0.00614,0.139069,0.027289,0.048722
1961_100_1108_1247,0,1,0.301335,0.465213,0.064441,0.05445,0.049709,0.049778,0.015074
1961_99_199_376,1,1,0.047251,0.3937,0.138372,0.003682,0.38459,0.014768,0.017637
1961_99_31_125,1,1,0.079762,0.447032,0.109572,0.006137,0.310869,0.009901,0.036727
1961_100_861_1048,0,1,0.337713,0.392682,0.125123,0.013606,0.086415,0.033438,0.011023
1961_100_1308_1381,1,0,0.759396,0.178592,0.022323,0.002609,0.010225,0.021986,0.004868
1961_99_579_644,1,1,0.069472,0.572779,0.210638,0.001321,0.115646,0.022542,0.007602
1961_99_1048_1108,1,1,0.088706,0.584823,0.050206,0.001927,0.266095,0.001896,0.006347
1961_99_418_496,1,1,0.473835,0.483347,0.009328,0.002802,0.020043,0.004384,0.006259
1961_99_755_861,1,4,0.019544,0.273867,0.081881,0.002688,0.600259,0.003279,0.018482
1961_100_644_755,0,0,0.73258,0.185756,0.008226,0.003815,0.009365,0.057286,0.002972
1961_100_376_418,5,0,0.537011,0.129242,0.03118,0.011643,0.014074,0.262534,0.014316
1961_99_1381_1442,1,1,0.255357,0.51068,0.054854,0.003411,0.147634,0.011423,0.016641
1961_100_496_579,1,0,0.609357,0.290199,0.013681,0.004521,0.015338,0.063638,0.003265
1962_100_31_141,3,3,0.012548,0.0047,0.012171,0.746887,0.010532,0.197613,0.015549
1962_100_1258_1349,5,5,0.337302,0.106637,0.024651,0.022257,0.012283,0.484214,0.012655
1962_99_1182_1258,1,1,0.181957,0.656584,0.038661,0.008296,0.050055,0.02872,0.035727
1962_99_141_310,1,0,0.493114,0.421798,0.017098,0.004331,0.035169,0.01711,0.011379
1962_100_799_948,5,3,0.033816,0.034125,0.01957,0.76437,0.025986,0.101679,0.020454
1962_99_948_1069,1,1,0.395454,0.491858,0.024408,0.004872,0.02845,0.044627,0.010332
1962_99_1349_1420,1,1,0.377813,0.544236,0.018671,0.002539,0.033889,0.008935,0.013917
1962_100_529_657,1,1,0.240717,0.456779,0.071554,0.05105,0.022497,0.117246,0.040157
1962_100_1069_1182,5,0,0.73723,0.088303,0.008484,0.036101,0.014867,0.109415,0.0056
1962_100_310_441,5,5,0.175299,0.13895,0.029459,0.164836,0.046514,0.430776,0.014167
1962_99_441_529,1,1,0.271347,0.474293,0.068878,0.005366,0.039862,0.112054,0.0282
1962_99_657_799,1,0,0.599993,0.305105,0.018222,0.003164,0.017528,0.049781,0.006207
1963_100_95_218,0,0,0.622888,0.242636,0.030104,0.007116,0.029962,0.05356,0.013733
1963_99_1134_1319,0,0,0.538448,0.372205,0.02347,0.001772,0.050472,0.005384,0.008248
1963_99_218_304,1,1,0.18043,0.530371,0.044048,0.001868,0.230682,0.003971,0.008629
1963_99_879_998,1,0,0.421973,0.375478,0.023957,0.007754,0.146809,0.00639,0.017639
1963_100_1319_1395,0,0,0.345031,0.287134,0.031678,0.01128,0.025469,0.272722,0.026686
1963_100_590_694,1,5,0.234116,0.241898,0.059825,0.020853,0.01073,0.299953,0.132626
1963_100_998_1134,0,0,0.72579,0.166266,0.021645,0.003609,0.013344,0.061335,0.008011
1963_100_304_448,1,1,0.340808,0.49803,0.05063,0.007949,0.028667,0.042643,0.031272
1963_99_448_590,1,0,0.626687,0.267923,0.024977,0.002325,0.037669,0.027377,0.013042
1963_99_31_95,1,4,0.051696,0.183217,0.263875,0.002563,0.339146,0.020925,0.138578
1963_100_822_879,0,1,0.107566,0.40981,0.058843,0.038715,0.033708,0.046529,0.304829
1963_99_694_822,1,1,0.274831,0.430647,0.089562,0.009476,0.098722,0.053536,0.043226
1963_99_1395_1431,0,0,0.739161,0.2236,0.010662,0.007668,0.006194,0.004218,0.008497
1964_100_31_173,2,1,0.243418,0.412549,0.087158,0.00943,0.015032,0.174624,0.057789
1964_99_1278_1411,4,4,0.012288,0.070815,0.319009,0.001371,0.583752,0.003009,0.009755
1964_100_1164_1278,2,2,0.031527,0.129354,0.695054,0.007438,0.042896,0.080866,0.012865
1964_100_233_299,5,5,0.018986,0.011801,0.035262,0.016854,0.007215,0.900577,0.009304
1964_100_1411_1469,2,1,0.078563,0.41068,0.281616,0.011706,0.111736,0.060887,0.044813
1964_100_907_977,2,2,0.023494,0.107365,0.687763,0.012574,0.016637,0.131863,0.020304
1964_99_173_233,4,5,0.068961,0.183119,0.210788,0.00853,0.042785,0.461809,0.024007
1964_99_580_625,4,6,0.025357,0.189114,0.195634,0.004867,0.152745,0.036902,0.395381
1964_99_977_1164,4,2,0.003382,0.025958,0.680383,0.000781,0.283002,0.003214,0.003279
1964_99_299_386,4,2,0.00801,0.101712,0.564888,0.001487,0.286094,0.005826,0.031984
1964_100_625_699,2,5,0.265707,0.104538,0.039621,0.021709,0.026655,0.516439,0.025331
1964_100_386_580,5,5,0.009897,0.034594,0.18046,0.004259,0.022644,0.741597,0.006549
1964_99_699_907,4,2,0.006273,0.054035,0.583157,0.001249,0.304073,0.011251,0.039963
1966_99_86_258,2,2,0.059644,0.233221,0.282495,0.00494,0.137123,0.065055,0.217523
1966_100_1250_1321,4,1,0.042553,0.560033,0.174953,0.008453,0.075413,0.026319,0.112277
1966_99_1090_1250,4,1,0.120428,0.516547,0.160047,0.010433,0.077152,0.027118,0.088276
1966_99_898_1013,6,6,0.043641,0.186694,0.249683,0.009126,0.198335,0.046252,0.266268
1966_99_1321_1386,1,1,0.338504,0.563661,0.035426,0.004159,0.025109,0.009973,0.023168
1966_99_512_645,5,1,0.209745,0.27922,0.118999,0.007625,0.181793,0.068096,0.134522
1966_99_332_406,5,0,0.438306,0.257833,0.023689,0.01657,0.014572,0.061397,0.187633
1966_100_1013_1090,2,6,0.127006,0.225829,0.141036,0.012339,0.01544,0.236824,0.241525
1966_100_406_512,5,5,0.024073,0.021871,0.051587,0.100647,0.041435,0.717588,0.0428
1966_100_31_86,6,6,0.049139,0.070586,0.055843,0.03938,0.015398,0.083739,0.685915
1966_100_742_898,2,1,0.04639,0.426159,0.181183,0.008033,0.231833,0.026649,0.079753
1966_100_645_672,2,1,0.21222,0.330289,0.163717,0.024809,0.164845,0.054542,0.049578
1966_99_672_742,4,1,0.045972,0.277911,0.263499,0.018979,0.267268,0.050801,0.075569
1966_100_258_332,2,6,0.016491,0.053989,0.027995,0.112422,0.041684,0.149847,0.597571
1967_100_31_151,2,2,0.04835,0.346343,0.429518,0.002521,0.085611,0.047275,0.040383
1967_100_1251_1393,5,3,0.009494,0.022843,0.044395,0.575556,0.016417,0.143675,0.18762
1967_99_1131_1251,5,5,0.062031,0.058041,0.096621,0.006272,0.028183,0.73244,0.016412
1967_99_151_272,2,2,0.025472,0.194986,0.664898,0.002665,0.067681,0.031682,0.012616
1967_99_1393_1496,2,2,0.020864,0.108554,0.487538,0.008639,0.062911,0.30243,0.009063
1967_99_868_944,2,2,0.011324,0.104716,0.387784,0.018979,0.053026,0.282151,0.14202
1967_100_944_1131,2,2,0.011991,0.110441,0.410217,0.136439,0.050045,0.115067,0.1658
1967_100_571_661,0,1,0.284269,0.299911,0.066168,0.173575,0.034495,0.098592,0.04299
1967_100_272_418,2,5,0.020147,0.10848,0.138584,0.177674,0.051362,0.332017,0.171735
1967_99_418_571,2,2,0.065872,0.221551,0.52243,0.00139,0.177731,0.007302,0.003725
1967_100_797_868,6,5,0.022455,0.031214,0.20403,0.097036,0.019503,0.5115,0.114261
1967_99_661_797,2,1,0.188399,0.588884,0.113402,0.00481,0.072551,0.014175,0.017779
1968_100_1132_1386,2,5,0.179091,0.127777,0.105959,0.143167,0.064158,0.31637,0.06348
1968_100_1811_2060,2,0,0.267957,0.133652,0.082397,0.120064,0.062356,0.242191,0.091382
1968_100_1466_1700,2,5,0.038807,0.191756,0.27118,0.00718,0.026743,0.438765,0.025569
1968_99_233_289,6,1,0.181345,0.586145,0.087914,0.019864,0.061007,0.035312,0.028413
1968_99_1718_1799,2,5,0.004851,0.040522,0.41069,0.004711,0.018412,0.503436,0.017379
1968_100_2135_2239,2,5,0.061008,0.154449,0.125597,0.024921,0.019158,0.521658,0.09321
1968_99_2397_2486,2,5,0.068839,0.253673,0.237729,0.004708,0.074634,0.256364,0.104054
1968_99_31_124,6,2,0.028644,0.18229,0.483499,0.020791,0.044756,0.128194,0.111826
1968_100_924_990,2,2,0.101441,0.176736,0.397297,0.004967,0.023678,0.21982,0.076062
1968_100_152_214,3,1,0.196109,0.45895,0.140045,0.028925,0.014318,0.058948,0.102705
1968_100_2289_2365,5,3,0.032318,0.070592,0.043199,0.322596,0.035186,0.255128,0.240981
1968_99_417_638,6,5,0.011177,0.053856,0.239306,0.019526,0.072836,0.472657,0.130642
1968_99_1024_1118,2,2,0.001297,0.019147,0.933791,0.000861,0.026179,0.015469,0.003256
1968_100_322_415,3,3,0.047254,0.051285,0.055804,0.391879,0.016914,0.168628,0.268236
1968_100_671_855,3,5,0.04331,0.096197,0.065034,0.224934,0.048957,0.335353,0.186215
1968_99_1409_1445,2,2,0.012475,0.063473,0.518216,0.020827,0.023521,0.292054,0.069434
1968_99_879_904,2,2,0.019389,0.074837,0.550308,0.003365,0.026265,0.271678,0.054157
1968_99_2072_2112,2,1,0.220466,0.31927,0.075354,0.002588,0.026976,0.165437,0.18991
1968_99_2557_2570,5,3,0.007332,0.003172,0.007794,0.887082,0.003265,0.083513,0.007841
1968_99_2257_2268,5,5,0.102017,0.346882,0.063736,0.004818,0.020906,0.413699,0.047942
1968_100_2517_2527,6,0,0.40146,0.141603,0.134139,0.026049,0.015993,0.201365,0.079391
1970_99_120_213,4,1,0.138695,0.559885,0.120995,0.003545,0.161451,0.008417,0.007013
1970_99_1255_1388,1,4,0.033307,0.162798,0.323458,0.002301,0.441712,0.029882,0.006542
1970_100_251_337,1,0,0.702395,0.21029,0.021126,0.014186,0.01305,0.015336,0.023617
1970_100_1424_1510,4,4,0.044512,0.184692,0.066475,0.043168,0.627032,0.01373,0.020391
1970_100_475_625,1,1,0.293157,0.461431,0.097987,0.005896,0.069647,0.026884,0.044999
1970_99_1067_1168,0,1,0.242685,0.496454,0.139288,0.01058,0.044909,0.029632,0.036452
1970_99_640_703,1,1,0.346685,0.520246,0.048452,0.00586,0.040675,0.012311,0.025771
1970_100_961_1052,1,1,0.345694,0.412828,0.108835,0.004538,0.056864,0.049014,0.022227
1970_100_31_87,1,1,0.258636,0.321132,0.098017,0.002082,0.0115,0.128847,0.179785
1970_99_367_463,1,1,0.380674,0.399909,0.095959,0.005251,0.061439,0.035161,0.021606
1970_100_1187_1245,1,1,0.267809,0.635456,0.013977,0.004049,0.06762,0.003871,0.007218
1970_100_721_792,2,0,0.625081,0.240171,0.032043,0.00818,0.064466,0.020036,0.010023
1970_99_827_926,0,0,0.693502,0.249693,0.012708,0.005026,0.013501,0.01712,0.00845
1971_100_31_239,3,3,0.012904,0.013456,0.018857,0.855956,0.016711,0.038632,0.043484
1971_99_1238_1361,1,1,0.134421,0.457297,0.078854,0.076427,0.052386,0.067585,0.13303
1971_100_1077_1217,5,6,0.032347,0.145325,0.067147,0.043214,0.018219,0.059671,0.634076
1971_100_1404_1528,5,1,0.129493,0.385043,0.261153,0.003152,0.18271,0.013039,0.025411
1971_100_886_977,5,0,0.415161,0.311177,0.100486,0.002161,0.020418,0.117167,0.03343
1971_99_494_723,1,1,0.27573,0.548846,0.059868,0.010225,0.045084,0.03717,0.023077
1971_99_265_334,1,2,0.077547,0.138736,0.246664,0.139458,0.079949,0.10758,0.210067
1971_100_368_471,5,0,0.319237,0.229543,0.084337,0.038225,0.024709,0.271619,0.032331
1971_99_808_856,1,1,0.150417,0.483507,0.087794,0.039478,0.019095,0.184159,0.035553
1971_100_755_791,5,2,0.03559,0.091047,0.3773,0.066657,0.041825,0.254865,0.132716
1971_99_998_1031,6,6,0.012586,0.214951,0.144247,0.002455,0.230257,0.020532,0.374972
1972_100_31_138,2,3,0.021908,0.011668,0.021165,0.830707,0.017769,0.050189,0.046593
1972_99_1254_1393,1,0,0.444126,0.388718,0.073684,0.00813,0.043351,0.021377,0.020614
1972_100_1139_1231,2,1,0.14116,0.251408,0.100544,0.195971,0.01261,0.226989,0.071318
1972_100_1637_1725,3,3,0.021888,0.018707,0.014116,0.836006,0.023423,0.027445,0.058414
1972_100_201_399,5,2,0.036648,0.136685,0.528515,0.004075,0.019668,0.205685,0.068724
1972_100_1411_1513,2,3,0.221839,0.167042,0.132983,0.242205,0.045222,0.13625,0.05446
1972_100_818_952,5,1,0.154039,0.316272,0.075237,0.031176,0.013188,0.168373,0.241716
1972_100_447_645,5,3,0.029225,0.063576,0.024325,0.61613,0.027284,0.189932,0.049529
1972_99_165_183,6,5,0.035952,0.13712,0.09484,0.002839,0.051715,0.585102,0.09243
1972_99_976_1113,1,2,0.00554,0.03536,0.768419,0.00101,0.182257,0.004587,0.002826
1972_99_1754_1767,1,4,0.018793,0.242107,0.27157,0.007796,0.412688,0.020319,0.026728
1972_99_1536_1608,2,1,0.143956,0.390806,0.063599,0.022651,0.073279,0.029785,0.275926
1972_99_674_797,5,5,0.08358,0.132866,0.075753,0.008584,0.056346,0.603896,0.038976
1972_99_410_424,5,5,0.055162,0.211685,0.096964,0.008207,0.0246,0.519171,0.08421
1973_100_31_146,5,5,0.028586,0.111063,0.201492,0.003626,0.013176,0.607022,0.035035
1973_100_1279_1454,1,3,0.022928,0.095576,0.090531,0.483055,0.063752,0.186647,0.057511
1973_99_1643_1690,2,2,0.011601,0.07451,0.710233,0.001079,0.197064,0.004366,0.001147
1973_99_168_291,1,1,0.081468,0.366132,0.297953,0.01065,0.1628,0.030217,0.05078
1973_100_852_947,5,2,0.010801,0.114205,0.410912,0.006671,0.042913,0.387714,0.026784
1973_100_454_638,5,1,0.138917,0.475552,0.195155,0.00569,0.029084,0.070149,0.085454
1973_100_1113_1179,2,2,0.112434,0.328061,0.392655,0.003295,0.089013,0.027051,0.04749
1973_99_957_1087,1,2,0.00112,0.011134,0.9375,0.001375,0.044032,0.002923,0.001917
1973_99_1194_1262,5,2,0.050002,0.185756,0.371814,0.015145,0.096156,0.233453,0.047674
1973_99_1463_1526,2,1,0.234191,0.400111,0.17366,0.014899,0.07545,0.030319,0.07137
1973_99_656_831,1,2,0.027537,0.147339,0.555469,0.003182,0.246512,0.008965,0.010998
1973_99_344_425,1,2,0.010706,0.13126,0.685843,0.007985,0.093151,0.030604,0.04045
1973_100_1550_1628,5,5,0.029798,0.105964,0.231073,0.006481,0.038843,0.559226,0.028615
1973_100_311_325,5,5,0.00286,0.005955,0.023548,0.008724,0.002487,0.947858,0.008567
1974_99_31_186,5,2,0.08182,0.239106,0.335463,0.022512,0.095821,0.154536,0.070742
1974_99_1259_1396,2,1,0.208334,0.355956,0.237605,0.006941,0.071516,0.084455,0.035193
1974_100_2005_2049,1,1,0.384837,0.453249,0.050365,0.006175,0.076128,0.014586,0.014659
1974_100_1176_1242,1,3,0.080613,0.14501,0.034862,0.534284,0.049505,0.120664,0.035062
1974_99_1591_1710,2,1,0.073734,0.314216,0.246235,0.015733,0.225768,0.075529,0.048786
1974_100_206_328,5,5,0.013407,0.049966,0.17648,0.004745,0.028566,0.717239,0.009597
1974_100_1733_1852,1,1,0.025959,0.355508,0.184385,0.019412,0.235491,0.033853,0.145392
1974_100_1417_1583,5,5,0.021551,0.129968,0.10853,0.094059,0.008761,0.34026,0.29687
1974_99_904_976,1,2,0.027542,0.262563,0.419793,0.017958,0.051495,0.122629,0.09802
1974_100_487_652,2,1,0.283474,0.479388,0.08034,0.003537,0.124154,0.007839,0.021269
1974_99_1110_1156,1,1,0.189543,0.64579,0.064325,0.004894,0.052882,0.021362,0.021204
1974_100_1023_1110,1,6,0.009926,0.11402,0.134526,0.030213,0.294831,0.019072,0.397412
1974_99_347_468,1,4,0.116112,0.28065,0.212568,0.005415,0.348274,0.01387,0.023109
1974_100_793_891,3,3,0.067085,0.051485,0.069265,0.418956,0.063529,0.209991,0.119689
1974_99_1874_1984,1,4,0.125321,0.235508,0.244489,0.040847,0.25191,0.073974,0.027952
1974_99_666_770,2,2,0.129268,0.236265,0.291296,0.024434,0.21472,0.062485,0.041533
1979_99_98_133,3,1,0.255098,0.596756,0.047492,0.005421,0.059471,0.021957,0.013806
1979_99_1104_1378,1,0,0.573227,0.354916,0.018916,0.004807,0.024185,0.014294,0.009655
1979_99_2013_2113,1,0,0.595352,0.334643,0.020494,0.005416,0.019951,0.014017,0.010126
1979_100_1401_1723,0,0,0.553551,0.300451,0.041713,0.020131,0.027249,0.031837,0.025069
1979_99_240_321,3,5,0.09945,0.237659,0.074236,0.018286,0.046869,0.490928,0.032573
1979_99_1735_1856,1,1,0.436229,0.474463,0.03214,0.006755,0.019987,0.016304,0.014122
1979_100_906_1093,0,0,0.469809,0.220136,0.041001,0.011599,0.035665,0.211755,0.010035
1979_100_159_228,1,6,0.033047,0.057343,0.047389,0.192457,0.02485,0.07415,0.570764
1979_100_613_798,1,0,0.592604,0.245063,0.02557,0.005749,0.02616,0.100586,0.00427
1979_100_340_522,1,1,0.367431,0.491965,0.053792,0.005027,0.023696,0.048275,0.009815
1979_100_31_74,3,5,0.045976,0.037004,0.037825,0.076752,0.018787,0.543922,0.239734
1979_100_1878_2001,1,0,0.766025,0.139595,0.01886,0.014493,0.017925,0.019004,0.024098
1979_99_825_881,1,0,0.588487,0.351268,0.017194,0.014594,0.012316,0.009036,0.007105
1979_99_538_586,0,1,0.222138,0.48074,0.114061,0.014799,0.038639,0.09405,0.035574
1979_99_2223_2273,1,0,0.683915,0.204802,0.018805,0.024093,0.022082,0.035941,0.010362
1979_100_2130_2212,1,1,0.163548,0.477611,0.07289,0.018143,0.019306,0.204563,0.043939
1980_99_1288_1395,4,5,0.026119,0.258503,0.144687,0.093866,0.068584,0.296052,0.11219
1980_100_235_426,1,1,0.042435,0.267157,0.162051,0.117658,0.067388,0.23486,0.108451
1980_99_1790_1879,4,1,0.202818,0.26487,0.118745,0.037996,0.061356,0.052857,0.261358
1980_100_1416_1486,1,0,0.494789,0.224676,0.03533,0.009269,0.040029,0.182349,0.013558
1980_100_946_1106,5,5,0.044451,0.191664,0.230609,0.057887,0.110863,0.290199,0.074327
1980_99_136_211,1,5,0.053578,0.200561,0.071502,0.055513,0.046278,0.433491,0.139076
1980_99_1121_1157,5,1,0.098429,0.303583,0.09697,0.018025,0.018244,0.206331,0.258419
1980_100_1683_1772,1,5,0.027018,0.053593,0.043559,0.068861,0.017075,0.777391,0.012502
1980_100_603_752,1,3,0.054722,0.11355,0.050261,0.505837,0.047781,0.136423,0.091426
1980_99_447_582,1,1,0.139974,0.712546,0.035822,0.008446,0.07498,0.009744,0.018489
1980_100_31_117,3,3,0.013369,0.00756,0.019878,0.852874,0.016455,0.032354,0.057511
1980_99_1503_1674,1,1,0.219942,0.57397,0.063421,0.010679,0.056407,0.033197,0.042385
1980_100_1185_1275,1,3,0.009357,0.126188,0.097463,0.376078,0.009186,0.121808,0.259921
1980_99_768_922,1,1,0.190386,0.483056,0.099915,0.024645,0.114585,0.029662,0.057751
1980_100_1910_1964,1,1,0.091421,0.411149,0.28933,0.025655,0.065681,0.074132,0.042632
1982_100_1236_1349,1,0,0.574348,0.365394,0.01738,0.003772,0.017083,0.012441,0.009581
1982_99_1138_1212,4,0,0.239719,0.208318,0.105907,0.012811,0.175285,0.082452,0.175509
1982_100_1676_1753,1,1,0.275126,0.551033,0.047536,0.020042,0.030992,0.029729,0.045542
1982_99_236_335,4,5,0.083466,0.131883,0.114247,0.007123,0.069008,0.475315,0.118959
1982_99_1768_1844,0,0,0.514791,0.27983,0.042189,0.007726,0.046294,0.080196,0.028975
1982_100_1460_1563,1,1,0.368191,0.446822,0.050795,0.014468,0.031925,0.02168,0.066121
1982_100_861_1122,6,1,0.113726,0.364525,0.181651,0.016112,0.109046,0.030031,0.184908
1982_100_140_220,1,1,0.028478,0.427913,0.117867,0.018497,0.100098,0.028192,0.278955
1982_100_603_692,1,1,0.0682,0.581547,0.130668,0.001866,0.19017,0.004529,0.02302
1982_99_472_570,4,4,0.005773,0.051085,0.446885,0.004,0.457828,0.021726,0.012703
1982_99_31_118,5,5,0.117377,0.225446,0.114672,0.004597,0.110412,0.392671,0.034825
1982_100_362_460,1,1,0.014287,0.323806,0.23112,0.003895,0.256602,0.028511,0.14178
1982_99_709_833,4,1,0.256766,0.277561,0.144712,0.005256,0.089876,0.073954,0.151876
1982_100_1868_1945,1,6,0.070632,0.218814,0.057632,0.153025,0.024378,0.230726,0.244792
1982_99_1577_1659,0,1,0.292013,0.319067,0.150336,0.025574,0.120643,0.038465,0.053903
1982_99_1368_1434,4,1,0.271245,0.377838,0.140767,0.006131,0.081673,0.113325,0.009021
1982_99_1964_2008,0,0,0.624687,0.287429,0.022819,0.009347,0.028165,0.010415,0.017139
1984_100_31_133,1,6,0.012402,0.21416,0.121829,0.0437,0.056931,0.133686,0.417293
1984_100_1148_1302,2,1,0.34405,0.499568,0.072663,0.006393,0.024763,0.027373,0.02519
1984_100_1660_1776,5,1,0.311246,0.492928,0.060044,0.003435,0.012233,0.107756,0.012358
1984_100_210_353,5,1,0.029937,0.409211,0.148164,0.022808,0.014958,0.272106,0.102817
1984_100_1382_1527,5,0,0.44285,0.310221,0.026597,0.013316,0.013104,0.177974,0.015938
1984_99_912_965,5,5,0.043545,0.052915,0.050275,0.007314,0.015706,0.813816,0.016427
1984_99_133_210,5,1,0.073731,0.54954,0.233582,0.006521,0.042438,0.059864,0.034323
1984_99_1302_1382,5,5,0.191167,0.136785,0.042835,0.156764,0.046556,0.377785,0.048108
1984_99_572_623,5,5,0.018386,0.025804,0.029177,0.042679,0.016338,0.832465,0.035151
1984_99_1077_1148,1,2,0.068179,0.111733,0.694054,0.011797,0.075368,0.0311,0.007767
1984_100_623_912,5,6,0.021525,0.233375,0.10426,0.031523,0.008909,0.22111,0.3793
1984_100_965_1077,1,5,0.256053,0.117594,0.053972,0.071868,0.016622,0.47462,0.009271
1984_100_409_572,5,5,0.022983,0.082456,0.05125,0.061622,0.007373,0.492926,0.281391
1984_99_1527_1660,1,1,0.186713,0.393433,0.043196,0.171642,0.045932,0.03146,0.127624
1984_99_353_409,5,5,0.07115,0.115771,0.156081,0.095057,0.047096,0.399684,0.115161
1985_99_116_261,5,1,0.052753,0.536967,0.124111,0.045108,0.023891,0.099456,0.117712
1985_100_1220_1328,5,5,0.048129,0.209179,0.069563,0.065913,0.015652,0.544235,0.047329
1985_100_1968_2076,5,3,0.007496,0.002371,0.008023,0.913826,0.004704,0.045475,0.018105
1985_99_1144_1220,5,1,0.374961,0.417185,0.107565,0.008367,0.050528,0.02798,0.013414
1985_99_1637_1680,5,2,0.024904,0.304458,0.347372,0.006774,0.235711,0.021546,0.059236
1985_100_1680_1868,2,2,0.046098,0.295821,0.553885,0.005424,0.040251,0.043076,0.015445
1985_100_1453_1637,1,0,0.635117,0.190352,0.034575,0.031888,0.01143,0.065793,0.030845
1985_99_914_982,0,0,0.691151,0.222093,0.020146,0.009799,0.028874,0.018744,0.009194
1985_99_1328_1453,5,1,0.211589,0.522086,0.079233,0.007087,0.039206,0.105992,0.034806
1985_100_488_637,2,6,0.017729,0.100096,0.186985,0.124697,0.040013,0.097682,0.432799
1985_100_982_1144,2,5,0.034607,0.121402,0.298619,0.167232,0.03463,0.311492,0.032018
1985_100_261_357,5,3,0.04057,0.052108,0.16893,0.452849,0.023222,0.200199,0.062121
1985_99_637_746,5,2,0.051856,0.123834,0.38203,0.065888,0.078385,0.126235,0.171771
1985_99_357_488,1,1,0.337114,0.400891,0.1328,0.006309,0.057896,0.053711,0.011278
1985_100_31_116,5,3,0.013142,0.014969,0.011976,0.65876,0.014763,0.053997,0.232392
1985_100_746_914,2,3,0.025949,0.082271,0.123881,0.407784,0.020131,0.326797,0.013186
1985_99_1868_1968,2,2,0.0212,0.171634,0.584413,0.021161,0.133271,0.043236,0.025086
1985_99_2076_2157,1,1,0.230652,0.423698,0.253639,0.003842,0.052988,0.026659,0.008521
1986_100_31_142,5,3,0.005528,0.009015,0.013458,0.840473,0.016743,0.068883,0.045899
1986_99_1215_1323,1,5,0.025162,0.188775,0.191181,0.027614,0.054248,0.284285,0.228735
1986_100_1085_1215,5,3,0.013075,0.008342,0.011408,0.898574,0.016769,0.019885,0.031947
1986_100_1510_1717,5,0,0.551641,0.158918,0.029758,0.118975,0.0384,0.074776,0.027531
1986_99_219_298,1,0,0.570449,0.286332,0.04417,0.00825,0.041259,0.036018,0.013521
1986_99_1717_1802,1,0,0.51669,0.344037,0.050346,0.00368,0.040821,0.021235,0.023191
1986_99_1419_1510,1,2,0.060467,0.337573,0.45686,0.001528,0.056578,0.059944,0.02705
1986_100_737_1006,3,3,0.00588,0.006315,0.00758,0.875202,0.006612,0.061961,0.03645
1986_100_165_219,3,3,0.036329,0.016401,0.010252,0.776374,0.01161,0.09703,0.052004
1986_100_1323_1419,5,5,0.009576,0.143424,0.055025,0.075453,0.025866,0.641896,0.048761
1986_100_547_660,3,3,0.336318,0.068199,0.020135,0.410791,0.012434,0.046715,0.105409
1986_100_298_501,3,3,0.086842,0.046982,0.018365,0.696469,0.034705,0.090721,0.025916
1986_99_1006_1085,5,3,0.042205,0.184672,0.110911,0.214137,0.073024,0.181669,0.193382
1986_99_660_737,5,5,0.017678,0.031678,0.0206,0.040692,0.014244,0.862611,0.012495
1986_99_501_547,5,5,0.119445,0.212766,0.068456,0.011881,0.01915,0.484296,0.084006
1986_99_142_165,1,5,0.020217,0.029773,0.046395,0.003954,0.010976,0.869349,0.019336
1987_100_31_180,3,3,0.010441,0.010444,0.040884,0.553302,0.016905,0.052523,0.315502
1987_100_1291_1364,3,3,0.014282,0.007163,0.010459,0.896583,0.015409,0.03002,0.026084
1987_99_1163_1291,1,3,0.017783,0.100249,0.070151,0.551994,0.034159,0.131475,0.094189
1987_99_1603_1792,5,3,0.071894,0.155723,0.061604,0.375861,0.061321,0.215147,0.058451
1987_100_239_418,5,3,0.004538,0.015752,0.021112,0.6452,0.011239,0.276352,0.025807
1987_100_1792_1873,5,5,0.346336,0.075002,0.016082,0.079999,0.02255,0.447056,0.012974
1987_99_1364_1466,5,5,0.036135,0.098277,0.160158,0.061408,0.095651,0.467509,0.080862
1987_100_822_935,3,3,0.007707,0.002189,0.005479,0.932559,0.00621,0.03571,0.010147
1987_99_935_1021,3,3,0.013559,0.110479,0.065124,0.587266,0.034058,0.028946,0.160568
1987_99_180_239,5,5,0.211141,0.096163,0.061245,0.02172,0.037814,0.542768,0.029148
1987_100_538_606,1,5,0.018406,0.123322,0.074491,0.194057,0.046994,0.492643,0.050088
1987_100_1021_1163,5,5,0.06722,0.133256,0.043416,0.06439,0.029709,0.654314,0.007696
1987_99_606_822,1,1,0.144697,0.656184,0.036786,0.019101,0.064968,0.034304,0.043961
1987_99_418_538,4,1,0.070561,0.557054,0.111243,0.005431,0.211205,0.016922,0.027585
1987_100_1466_1603,3,3,0.041744,0.027601,0.010159,0.798352,0.020447,0.020496,0.0812
1987_99_1873_1967,1,1,0.289977,0.543572,0.067693,0.007451,0.03383,0.040976,0.016502
1990_100_118_211,3,3,0.053727,0.020743,0.019338,0.7681,0.024703,0.043012,0.070378
1990_100_1190_1345,1,5,0.096433,0.240777,0.046262,0.008577,0.025799,0.576656,0.005494
1990_100_251_367,3,3,0.006527,0.001667,0.004212,0.936576,0.00535,0.016695,0.028973
1990_99_1348_1495,1,0,0.367584,0.261544,0.050095,0.074447,0.0652,0.125985,0.055146
1990_100_904_968,1,1,0.127985,0.292243,0.151815,0.011359,0.029869,0.237263,0.149466
1990_99_561_635,1,6,0.029899,0.039245,0.051063,0.068238,0.031577,0.046219,0.733759
1990_99_986_1163,1,1,0.097296,0.310446,0.102341,0.136487,0.079096,0.097384,0.176951
1990_100_471_560,5,5,0.066507,0.230538,0.05571,0.079729,0.046196,0.377369,0.14395
1990_100_31_93,3,3,0.00989,0.002583,0.013713,0.887486,0.007176,0.059322,0.019831
1990_99_368_470,1,3,0.056706,0.04689,0.01568,0.6008,0.027286,0.152068,0.10057
1990_100_1496_1546,1,1,0.082339,0.525328,0.132148,0.006028,0.19088,0.020956,0.042322
1990_99_707_903,1,5,0.234822,0.278551,0.058205,0.044814,0.063784,0.278731,0.041093
1990_100_662_706,0,5,0.016507,0.090613,0.088051,0.00193,0.014977,0.77207,0.015853
1990_99_94_117,3,5,0.033495,0.096431,0.042958,0.123834,0.012405,0.462463,0.228413
1990_99_236_250,3,5,0.034445,0.091759,0.034097,0.283734,0.024245,0.410291,0.121429
1991_100_1198_1517,5,3,0.012961,0.009726,0.011718,0.809517,0.014916,0.034733,0.10643
1991_99_1147_1198,4,5,0.015692,0.020581,0.02628,0.019862,0.014791,0.891601,0.011194
1991_100_1628_1684,1,5,0.023145,0.129216,0.040007,0.109527,0.008893,0.661438,0.027774
1991_99_234_349,4,5,0.08006,0.143648,0.021394,0.037297,0.035709,0.661822,0.020071
1991_99_911_993,3,3,0.015229,0.006602,0.022276,0.512095,0.014318,0.394561,0.034918
1991_100_155_233,4,3,0.0192,0.04106,0.024232,0.508984,0.018067,0.064804,0.323654
1991_99_491_613,0,0,0.465131,0.260668,0.039161,0.119069,0.037331,0.052051,0.026589
1991_100_1005_1125,3,3,0.012036,0.015145,0.030074,0.631705,0.006513,0.051245,0.253282
1991_99_1685_1774,1,3,0.283092,0.219129,0.036841,0.330722,0.014046,0.052652,0.063517
1991_100_614_767,3,3,0.012996,0.008773,0.007088,0.881721,0.017896,0.021673,0.049853
1991_100_31_116,6,6,0.103484,0.155193,0.047117,0.125804,0.036488,0.119192,0.412721
1991_100_350_468,1,1,0.141276,0.230516,0.058123,0.20819,0.106995,0.09844,0.15646
1991_99_1518_1601,1,0,0.396659,0.351415,0.047363,0.057727,0.059451,0.044457,0.042928
1991_100_818_886,6,3,0.042972,0.027064,0.017681,0.804679,0.021469,0.02102,0.065116
1991_99_778_800,1,6,0.063291,0.183938,0.038497,0.122366,0.035703,0.180146,0.376059
1991_99_148_154,6,5,0.226007,0.121512,0.03846,0.063049,0.04234,0.272329,0.236303
1992_100_31_181,1,6,0.020142,0.042363,0.102968,0.176185,0.015599,0.25843,0.384313
1992_100_1077_1348,3,3,0.083508,0.065664,0.06789,0.501588,0.036739,0.200121,0.04449
1992_99_184_298,1,3,0.087303,0.102919,0.07894,0.306419,0.027394,0.228047,0.168978
1992_99_1807_1892,0,1,0.280088,0.399111,0.103111,0.018893,0.061282,0.12884,0.008675
1992_100_1681_1806,4,3,0.01666,0.073146,0.121467,0.50897,0.036646,0.176209,0.066902
1992_99_1349_1652,1,0,0.428045,0.196057,0.101658,0.014188,0.09908,0.122171,0.0388
1992_100_861_974,3,3,0.030541,0.016729,0.016626,0.778418,0.012613,0.015703,0.12937
1992_99_523_604,1,5,0.189298,0.119492,0.052702,0.073334,0.037983,0.491757,0.035433
1992_100_320_376,3,3,0.025082,0.015873,0.025931,0.374664,0.011811,0.185654,0.360985
1992_100_611_699,1,3,0.128213,0.072891,0.013436,0.667219,0.024019,0.056762,0.037461
1992_99_999_1053,1,0,0.380248,0.160965,0.018895,0.030466,0.027009,0.371481,0.010936
1992_99_405_481,1,1,0.098294,0.322306,0.025656,0.246952,0.01612,0.028058,0.262614
1992_99_700_844,1,0,0.544546,0.23844,0.031673,0.029777,0.043035,0.061055,0.051472
1992_100_487_522,1,3,0.025463,0.008553,0.014107,0.791473,0.010394,0.034455,0.115554
1994_100_126_231,3,3,0.039338,0.016548,0.02101,0.567492,0.044939,0.041877,0.268797
1994_100_1285_1454,1,5,0.071816,0.251597,0.08656,0.060515,0.041777,0.415193,0.072541
1994_99_1787_2081,0,0,0.505151,0.316597,0.055528,0.003288,0.093797,0.01592,0.009719
1994_99_1170_1269,4,1,0.231211,0.410561,0.055439,0.012915,0.080632,0.074116,0.135125
1994_100_1628_1786,1,5,0.090861,0.28316,0.097607,0.060607,0.031238,0.42707,0.009456
1994_99_251_292,4,5,0.07668,0.173348,0.053667,0.003264,0.114331,0.380132,0.198578
1994_99_1455_1601,1,0,0.472387,0.325035,0.057422,0.007709,0.047841,0.07519,0.014416
1994_99_841_993,1,1,0.250351,0.557999,0.034379,0.001858,0.129066,0.006655,0.019692
1994_99_454_602,4,4,0.029963,0.085721,0.187432,0.007249,0.615353,0.042802,0.031481
1994_100_1127_1162,5,5,0.004341,0.012702,0.023784,0.01514,0.005462,0.913066,0.025505
1994_99_1098_1113,4,6,0.0489,0.170929,0.024566,0.05873,0.017609,0.02651,0.652757
1994_100_321_439,3,3,0.015983,0.014945,0.016029,0.841794,0.01444,0.042741,0.054068
1994_100_631_840,5,0,0.543927,0.314299,0.036267,0.016131,0.023131,0.046052,0.020193
1994_100_1007_1097,0,6,0.0832,0.209383,0.123539,0.042515,0.011451,0.20967,0.320242
1994_99_31_109,4,6,0.019162,0.02004,0.226704,0.170686,0.050445,0.068758,0.444203
1994_100_2097_2153,0,1,0.05375,0.477272,0.164913,0.002724,0.275042,0.007286,0.019014
1995_100_123_250,3,5,0.026126,0.24248,0.084171,0.256879,0.056824,0.291385,0.042136
1995_99_1274_1474,4,5,0.063183,0.257362,0.19094,0.016268,0.092065,0.351936,0.028246
1995_100_1066_1247,3,1,0.148904,0.292068,0.033669,0.196293,0.037919,0.076464,0.214684
1995_99_1681_1814,4,1,0.079279,0.346239,0.094086,0.191354,0.107622,0.070712,0.110709
1995_100_737_933,6,3,0.261896,0.151422,0.015258,0.38663,0.049855,0.079582,0.055358
1995_100_526_605,2,3,0.118217,0.124494,0.027312,0.54856,0.04468,0.062469,0.074268
1995_100_331_421,1,1,0.069834,0.537227,0.097051,0.050336,0.06928,0.080112,0.096161
1995_99_629_715,1,0,0.430072,0.340977,0.133073,0.004503,0.050444,0.028524,0.012407
1995_99_959_1049,4,2,0.017241,0.035168,0.35976,0.009174,0.249977,0.313394,0.015287
1995_99_444_502,1,0,0.503133,0.340325,0.068029,0.003608,0.030879,0.046856,0.00717
1995_99_31_87,4,4,0.114901,0.22433,0.157988,0.002331,0.303112,0.033695,0.163644
1995_100_1508_1653,3,3,0.02132,0.026842,0.015078,0.810024,0.021445,0.064385,0.040905
1995_99_1909_1925,1,2,0.024272,0.205919,0.493635,0.009798,0.12861,0.079967,0.057799
1995_100_1842_1891,1,0,0.460434,0.193789,0.019464,0.027934,0.024437,0.256542,0.017399
1995_99_274_310,6,1,0.168185,0.28107,0.156834,0.002069,0.193481,0.069223,0.129138
1997_100_102_173,3,3,0.023769,0.00927,0.010253,0.845472,0.01493,0.050766,0.04554
1997_99_1193_1303,6,6,0.03371,0.126954,0.165866,0.173814,0.088571,0.067512,0.343574
1997_99_1636_1734,1,0,0.494124,0.340247,0.030425,0.012505,0.048915,0.052035,0.021749
1997_100_226_294,3,3,0.025444,0.010841,0.012125,0.83484,0.00914,0.018862,0.088747
1997_100_1765_1842,2,5,0.074158,0.115232,0.041141,0.105578,0.015441,0.621762,0.026688
1997_99_1439_1504,1,0,0.591315,0.154599,0.033131,0.095755,0.036274,0.068477,0.020448
1997_99_889_1047,1,1,0.411185,0.489263,0.012135,0.029783,0.016564,0.02302,0.01805
1997_99_190_209,6,6,0.062742,0.123628,0.028385,0.02475,0.014765,0.357969,0.387761
1997_100_1319_1426,3,3,0.018832,0.026076,0.040143,0.733348,0.013943,0.069205,0.098453
1997_100_1076_1167,2,5,0.047814,0.203828,0.169951,0.046799,0.067909,0.341028,0.122671
1997_99_313_340,5,5,0.083854,0.041815,0.01943,0.010152,0.014957,0.794572,0.03522
1997_99_595_679,2,1,0.267383,0.541538,0.054072,0.012154,0.032708,0.050453,0.041692
1997_100_365_574,3,3,0.079472,0.110913,0.03024,0.368517,0.030988,0.258337,0.121532
1997_100_1529_1618,1,0,0.263919,0.148162,0.065727,0.136991,0.041119,0.220756,0.123326
1997_100_704_879,3,0,0.429492,0.164265,0.035183,0.153947,0.041035,0.141532,0.034546
1997_99_31_46,6,6,0.014275,0.012343,0.057962,0.161076,0.026691,0.133906,0.593748
2204_111_31_202,5,2,0.013792,0.050248,0.825977,0.009481,0.066296,0.029743,0.004463
2204_111_1289_1413,2,1,0.034535,0.46354,0.316422,0.023479,0.088094,0.023445,0.050485
2204_112_1092_1285,1,1,0.027303,0.332908,0.236415,0.052612,0.194258,0.107514,0.04899
2204_111_1664_1781,2,1,0.032303,0.538513,0.254422,0.012436,0.131237,0.007757,0.023331
2204_112_217_304,5,0,0.306118,0.289275,0.220265,0.01141,0.07978,0.062559,0.030594
2204_112_1458_1658,1,2,0.011319,0.148815,0.568028,0.008855,0.243982,0.010823,0.008177
2204_111_863_1072,1,1,0.121935,0.476998,0.196221,0.010025,0.149956,0.026149,0.018715
2204_112_454_644,5,5,0.358416,0.150366,0.021281,0.007329,0.034544,0.422498,0.005566
2204_111_322_429,5,2,0.007224,0.033883,0.664904,0.013431,0.258609,0.010833,0.011116
2204_112_1826_1991,2,2,0.005628,0.097375,0.526898,0.011465,0.329644,0.00813,0.02086
2204_111_645_759,5,2,0.023297,0.137016,0.407605,0.169529,0.105808,0.047883,0.108862
2204_111_2004_2036,2,1,0.208176,0.43529,0.101623,0.070338,0.131454,0.020024,0.033095
2204_112_790_820,5,4,0.027079,0.252383,0.186193,0.004134,0.460298,0.011837,0.058077
2202_112_126_287,6,5,0.028203,0.191194,0.075234,0.100838,0.091499,0.469597,0.043435
2202_112_1260_1566,0,0,0.422967,0.418164,0.030959,0.016868,0.071065,0.024951,0.015026
2202_111_1075_1219,0,1,0.316578,0.562378,0.053623,0.007392,0.031973,0.013648,0.014407
2202_111_1592_1696,1,1,0.090808,0.402864,0.144978,0.016557,0.287096,0.029377,0.02832
2202_111_1812_1848,2,1,0.330549,0.526679,0.025366,0.014904,0.03344,0.034186,0.034876
2202_112_1716_1811,0,1,0.055403,0.367351,0.160967,0.031464,0.327098,0.01682,0.040898
2202_112_825_1075,0,1,0.426307,0.470602,0.025515,0.011426,0.045095,0.014257,0.006799
2202_112_409_605,2,1,0.046918,0.664746,0.07282,0.041121,0.084027,0.029922,0.060447
2202_111_296_401,5,5,0.123321,0.306544,0.074728,0.005122,0.031716,0.451227,0.007342
2202_111_618_723,0,0,0.72322,0.240082,0.009749,0.004181,0.01106,0.007411,0.004296
2202_111_31_114,5,5,0.254214,0.260637,0.055932,0.009129,0.02046,0.369052,0.030576
2202_112_1848_1884,0,0,0.442322,0.415417,0.027987,0.032679,0.019276,0.01185,0.050469
2202_111_766_792,5,5,0.071095,0.173738,0.045334,0.010203,0.025114,0.654268,0.020249
2202_112_737_758,1,1,0.06378,0.367249,0.135015,0.016486,0.360205,0.033413,0.023853
2207_111_31_151,1,1,0.15192,0.609608,0.036782,0.003543,0.188374,0.005931,0.003842
2207_111_1287_1418,2,2,0.018474,0.213202,0.578972,0.015306,0.148199,0.01614,0.009708
2207_112_2006_2097,2,4,0.074575,0.293246,0.14422,0.050868,0.35506,0.007403,0.074628
2207_112_1117_1271,1,1,0.054348,0.46774,0.149221,0.010015,0.274475,0.007019,0.037181
2207_112_189_295,2,1,0.055964,0.468233,0.128677,0.119603,0.113873,0.026743,0.086908
2207_111_1695_1971,1,1,0.086858,0.511299,0.159141,0.010282,0.21278,0.008208,0.011432
2207_112_1446_1659,1,1,0.084869,0.533107,0.064474,0.019039,0.262067,0.01152,0.024924
2207_111_2118_2277,2,1,0.126372,0.542333,0.187996,0.016332,0.080696,0.02659,0.019681
2207_111_866_1108,2,1,0.098728,0.527216,0.15106,0.004995,0.205555,0.006847,0.005598
2207_112_2308_2368,5,1,0.074748,0.334434,0.08685,0.031409,0.304146,0.019273,0.149139
2207_111_307_565,0,1,0.208211,0.64091,0.045547,0.004642,0.085942,0.009335,0.005414
2207_112_612_847,2,4,0.028191,0.259671,0.217591,0.028478,0.434376,0.006205,0.025488
2210_112_81_212,5,5,0.015551,0.077836,0.018638,0.025181,0.014718,0.824579,0.023497
2210_111_1261_1515,1,1,0.069543,0.475545,0.125873,0.102622,0.125051,0.062069,0.039297
2210_111_1621_1727,0,1,0.03532,0.610675,0.140157,0.044206,0.129218,0.017884,0.022539
2210_111_218_291,1,2,0.011442,0.215855,0.374941,0.076091,0.139763,0.027271,0.154637
2210_112_1734_1925,2,1,0.050504,0.693677,0.062121,0.009658,0.145639,0.015832,0.02257
2210_111_640_972,5,2,0.020118,0.309538,0.331104,0.179259,0.035199,0.08012,0.044662
2210_112_555_633,5,1,0.313872,0.42397,0.036907,0.026483,0.049487,0.089532,0.05975
2210_111_1093_1172,1,3,0.030848,0.293012,0.101351,0.319082,0.158403,0.030391,0.066913
2210_112_312_441,5,5,0.032831,0.115208,0.022992,0.044126,0.046991,0.714829,0.023024
2210_112_987_1079,5,3,0.032583,0.137248,0.065314,0.326484,0.212546,0.013772,0.212053
2210_111_442_545,5,3,0.020052,0.108319,0.062271,0.355552,0.151748,0.044423,0.257635
2210_111_31_80,5,2,0.023955,0.120534,0.402406,0.010497,0.189473,0.061986,0.191149
2210_112_1536_1615,1,1,0.031045,0.348626,0.12764,0.112037,0.323592,0.014199,0.042861
2210_112_1185_1255,5,3,0.04593,0.190667,0.056815,0.310088,0.055674,0.195024,0.145802
2215_112_31_166,1,1,0.058621,0.267282,0.200866,0.208563,0.102489,0.014709,0.14747
2215_111_1877_2197,6,3,0.018587,0.049421,0.173784,0.585202,0.10977,0.041396,0.021841
2215_112_945_1287,0,1,0.341829,0.442684,0.034011,0.003496,0.048013,0.12433,0.005636
2215_112_1461_1869,0,1,0.279283,0.38269,0.037345,0.016054,0.039437,0.236104,0.009088
2215_111_196_351,0,1,0.177137,0.390451,0.157053,0.01729,0.041863,0.184279,0.031927
2215_111_1306_1435,2,4,0.016577,0.04744,0.189431,0.186113,0.309859,0.009264,0.241315
2215_112_2235_2392,1,1,0.279805,0.450862,0.063532,0.00629,0.156066,0.026342,0.017103
2215_112_618_776,1,1,0.285776,0.388197,0.029848,0.046661,0.04268,0.139143,0.067694
2215_112_374_483,1,6,0.029388,0.182244,0.106633,0.113753,0.090989,0.120243,0.356749
2215_111_803_913,2,4,0.041036,0.219025,0.197413,0.034079,0.451155,0.012537,0.044756
2215_111_525_542,2,1,0.136969,0.341604,0.143065,0.103664,0.170199,0.059716,0.044784
2214_111_31_257,0,0,0.635326,0.263113,0.033596,0.00422,0.043502,0.012436,0.007807
2214_111_1256_1586,2,2,0.019216,0.085274,0.486784,0.233775,0.11827,0.035786,0.020896
2214_111_1987_2072,2,3,0.019916,0.027203,0.014114,0.870094,0.014785,0.02023,0.033658
2214_112_890_1206,0,0,0.581938,0.280324,0.015787,0.023153,0.043049,0.038264,0.017485
2214_112_1586_1774,0,0,0.477581,0.368895,0.031639,0.012608,0.054143,0.011601,0.043534
2214_111_1791_1893,1,3,0.018582,0.012548,0.088084,0.822495,0.014967,0.030144,0.01318
2214_111_2199_2226,1,1,0.077427,0.332553,0.258993,0.027732,0.253864,0.029172,0.020259
2214_112_280_460,1,4,0.005168,0.043242,0.017555,0.002212,0.918846,0.001232,0.011746
2214_112_619_783,1,1,0.039134,0.496596,0.049957,0.010826,0.357083,0.003464,0.04294
2214_111_786_877,1,1,0.162751,0.554676,0.110934,0.015885,0.118107,0.017295,0.020352
2214_112_2077_2159,0,0,0.52175,0.431186,0.010548,0.008887,0.007599,0.003336,0.016693
2214_112_1899_1982,0,0,0.694858,0.248218,0.009603,0.003661,0.014229,0.013806,0.015625
2214_111_478_588,1,1,0.127744,0.459089,0.102284,0.00507,0.241768,0.044813,0.019233
2216_111_2379_2547,2,4,0.01296,0.050683,0.235084,0.030349,0.651732,0.007389,0.011803
2216_111_31_149,2,2,0.016278,0.080099,0.499544,0.039262,0.283583,0.009423,0.071811
2216_111_1035_1236,1,4,0.016668,0.136091,0.330285,0.01151,0.490782,0.005954,0.00871
2216_112_192_459,1,1,0.114054,0.454927,0.111656,0.026915,0.196293,0.087461,0.008694
2216_112_2577_2799,1,4,0.024949,0.357687,0.182373,0.006169,0.396215,0.009897,0.022709
2216_111_1302_1752,6,3,0.01441,0.082465,0.148417,0.469838,0.118054,0.052545,0.114269
2216_112_610_1002,0,1,0.115801,0.604781,0.065869,0.038198,0.130575,0.020273,0.024503
2216_111_1966_2162,6,2,0.030674,0.120999,0.480485,0.113955,0.200979,0.022671,0.030237
2216_112_2216_2362,2,4,0.017393,0.201028,0.23507,0.013023,0.504481,0.006672,0.022333
2216_112_1788_1942,5,1,0.067928,0.374032,0.084925,0.00945,0.204022,0.244898,0.014744
2216_111_488_581,2,4,0.046664,0.290357,0.116222,0.045542,0.406449,0.005,0.089766
2216_112_1263_1280,1,4,0.035984,0.325801,0.102342,0.020572,0.482338,0.004604,0.028357
2213_112_123_274,2,2,0.016539,0.31361,0.363744,0.017822,0.259658,0.009377,0.019251
2213_111_1114_1381,0,0,0.605421,0.318804,0.022327,0.005334,0.031351,0.012683,0.004079
2213_111_2008_2101,0,1,0.413445,0.488602,0.016979,0.035376,0.020397,0.011815,0.013385
2213_112_1424_1723,1,1,0.039016,0.565093,0.09184,0.032847,0.232397,0.00836,0.030448
2213_111_1732_1851,0,1,0.09274,0.424049,0.24183,0.101623,0.054356,0.06888,0.016522
2213_111_929_975,1,3,0.025448,0.069187,0.045772,0.749694,0.033776,0.025291,0.050832
2213_111_295_429,1,1,0.401126,0.501806,0.038059,0.005808,0.029352,0.014962,0.008887
2213_111_594_716,1,1,0.39474,0.464982,0.034106,0.011651,0.066189,0.016016,0.012317
2213_112_989_1096,0,1,0.228391,0.594393,0.045875,0.009995,0.06549,0.046632,0.009223
2213_112_457_586,0,0,0.506087,0.389343,0.022076,0.015512,0.03606,0.018533,0.01239
2213_111_31_94,0,1,0.391582,0.519137,0.019622,0.002846,0.053773,0.007218,0.005821
2213_112_734_915,1,1,0.280704,0.503279,0.02683,0.034278,0.052461,0.052668,0.049781
2213_112_1877_1994,0,1,0.30644,0.537061,0.034132,0.034507,0.042725,0.015411,0.029724
2213_112_2115_2196,1,1,0.188633,0.618078,0.086257,0.027264,0.045241,0.012589,0.021938
2217_112_2443_2779,4,4,0.012049,0.049431,0.344408,0.009004,0.558253,0.004778,0.022077
2217_111_31_144,4,2,0.008011,0.025724,0.675357,0.006749,0.27225,0.006876,0.005032
2217_111_1101_1365,1,2,0.04104,0.09369,0.389809,0.292904,0.093219,0.070835,0.018504
2217_112_163_388,5,4,0.074351,0.200458,0.181246,0.00423,0.471784,0.055193,0.012738
2217_112_1389_1841,1,2,0.007814,0.084762,0.568244,0.006072,0.312771,0.008978,0.01136
2217_111_659_1011,4,2,0.016551,0.163305,0.563164,0.081222,0.122904,0.042729,0.010124
2217_111_2798_2826,4,4,0.045095,0.186232,0.169377,0.074896,0.459788,0.015947,0.048666
2217_111_1891_2105,4,4,0.01732,0.059833,0.040162,0.008825,0.865973,0.004955,0.002933
2217_112_548_642,1,5,0.025598,0.180361,0.191495,0.01157,0.112974,0.448304,0.029697
2217_111_2235_2428,1,2,0.035504,0.164747,0.578804,0.030881,0.169399,0.016001,0.004664
2217_112_2124_2216,1,2,0.009646,0.039897,0.711657,0.002268,0.22434,0.002222,0.009969
2217_112_1017_1081,4,4,0.051978,0.26933,0.275483,0.006314,0.369491,0.008812,0.018592
2217_111_397_530,4,2,0.043401,0.193816,0.403383,0.087138,0.187367,0.055826,0.029069
2218_112_88_205,1,1,0.029168,0.504705,0.210256,0.008342,0.210978,0.013573,0.022977
2218_111_1290_1386,0,1,0.139304,0.64368,0.103908,0.016039,0.034419,0.035008,0.027642
2218_112_1034_1271,1,4,0.043251,0.211269,0.25163,0.040976,0.31327,0.099077,0.040525
2218_112_1658_1797,1,6,0.044179,0.33731,0.026087,0.155967,0.074425,0.010954,0.351079
2218_111_221_275,5,5,0.051801,0.178138,0.077308,0.019172,0.033375,0.620729,0.019478
2218_111_1818_1852,0,0,0.707789,0.251248,0.01256,0.004381,0.010551,0.006833,0.006636
2218_112_1401_1548,1,4,0.014066,0.182497,0.181357,0.008082,0.578584,0.004716,0.030698
2218_111_880_1020,0,1,0.423633,0.474565,0.038041,0.006052,0.023801,0.017424,0.016484
2218_112_297_608,1,1,0.046298,0.482172,0.106545,0.004696,0.339136,0.009247,0.011906
2218_111_620_698,2,1,0.206344,0.521544,0.129166,0.005621,0.077975,0.025055,0.034296
2218_111_31_68,5,5,0.151607,0.260052,0.081887,0.005943,0.019991,0.459375,0.021145
2218_112_720_871,1,4,0.011873,0.13835,0.187934,0.009883,0.564315,0.023648,0.063997
2218_111_1571_1632,1,1,0.24254,0.579661,0.029857,0.025718,0.021556,0.082723,0.017944
2219_111_2420_2519,0,0,0.77475,0.180216,0.012694,0.005948,0.012505,0.007499,0.006388
2219_111_31_203,1,1,0.020976,0.620349,0.10997,0.028226,0.159902,0.019564,0.041015
2219_111_1275_1442,5,2,0.062479,0.365939,0.488282,0.002421,0.043202,0.034199,0.003477
2219_112_1922_2094,2,1,0.04467,0.422147,0.17567,0.004612,0.32505,0.011643,0.016209
2219_112_939_1265,2,1,0.042612,0.37031,0.181725,0.007289,0.318493,0.020661,0.058911
2219_111_1607_1906,0,1,0.283787,0.293417,0.11897,0.007241,0.269215,0.019723,0.007646
2219_112_216_373,1,1,0.199559,0.6295,0.074416,0.030014,0.017926,0.027706,0.020878
2219_112_1442_1598,2,4,0.064033,0.30706,0.117922,0.05029,0.318699,0.049642,0.092353
2219_111_2107_2308,0,0,0.540943,0.317439,0.060273,0.003884,0.068399,0.004697,0.004365
2219_112_558_812,0,1,0.394226,0.474228,0.033163,0.008594,0.031316,0.049229,0.009245
2219_112_2318_2420,1,1,0.272557,0.585292,0.038238,0.005335,0.077695,0.006741,0.014142
2219_111_373_549,5,5,0.061839,0.382289,0.085308,0.031024,0.036302,0.388112,0.015125
2219_111_830_923,5,5,0.103895,0.150579,0.040904,0.006875,0.020766,0.665695,0.011285
2220_111_31_236,2,2,0.006026,0.167086,0.61216,0.013069,0.167831,0.014194,0.019633
2220_112_1201_1389,1,1,0.075788,0.59732,0.07719,0.061653,0.076707,0.081513,0.02983
2220_111_2036_2077,3,3,0.018879,0.0571,0.073703,0.779088,0.031469,0.018635,0.021126
2220_111_1042_1191,1,1,0.07988,0.545213,0.09176,0.04465,0.118782,0.043794,0.075921
2220_112_1601_1750,1,1,0.308639,0.582754,0.017692,0.007166,0.03376,0.038217,0.011772
2220_112_1806_1986,1,1,0.057195,0.679956,0.072986,0.082881,0.038262,0.028832,0.039889
2220_111_1429_1600,4,2,0.031161,0.308615,0.351096,0.010199,0.248518,0.025426,0.024985
2220_112_775_1031,3,1,0.065477,0.571772,0.0864,0.062882,0.165623,0.0149,0.032946
2220_112_361_659,1,1,0.123444,0.725112,0.033138,0.032779,0.042671,0.022265,0.020591
2220_111_1760_1791,3,2,0.024927,0.212876,0.379035,0.130428,0.062517,0.139934,0.050284
2220_111_294_354,3,1,0.169566,0.745414,0.020556,0.016064,0.010028,0.025094,0.013279
2220_111_662_767,1,1,0.193807,0.657156,0.01847,0.035672,0.0227,0.055218,0.016978
2220_112_2089_2205,3,3,0.034336,0.15762,0.039765,0.480037,0.063989,0.048481,0.175772
2220_112_256_289,5,1,0.101594,0.555739,0.097028,0.011446,0.060658,0.132173,0.041362
2224_111_1090_1356,2,2,0.046129,0.38821,0.390176,0.005832,0.128083,0.029708,0.011863
2224_111_1977_2067,2,2,0.001103,0.007294,0.929063,0.001288,0.059955,0.000688,0.000609
2224_111_1542_1797,4,2,0.048425,0.17054,0.400473,0.00832,0.357694,0.012173,0.002376
2224_112_159_311,1,4,0.030078,0.285275,0.197498,0.022006,0.341364,0.017166,0.106613
2224_112_1437_1524,1,3,0.025675,0.095255,0.042173,0.478579,0.052368,0.082074,0.223876
2224_112_891_1053,1,4,0.024773,0.226236,0.091804,0.016642,0.48234,0.020303,0.137903
2224_112_576_633,4,1,0.070628,0.354045,0.055031,0.101,0.203726,0.027045,0.188525
2224_111_316_548,4,2,0.011094,0.240102,0.632136,0.003651,0.058158,0.049061,0.005798
2224_111_31_108,4,2,0.005105,0.067265,0.793264,0.007976,0.100251,0.011336,0.014803
2224_111_658_868,1,2,0.015326,0.211375,0.457519,0.012029,0.055541,0.243391,0.00482
2224_112_1830_1950,1,1,0.065882,0.508602,0.076805,0.033033,0.231298,0.032443,0.051936
2224_112_2098_2118,4,1,0.090582,0.702441,0.029347,0.011285,0.133562,0.00316,0.029624
2227_112_1229_1280,1,0,0.627803,0.303636,0.015102,0.019865,0.009489,0.011789,0.012317
2227_111_101_209,5,5,0.105669,0.237634,0.093287,0.006947,0.031983,0.513235,0.011245
2227_111_1131_1214,1,0,0.759189,0.160115,0.015803,0.003394,0.024644,0.031271,0.005583
2227_112_738_921,1,1,0.379069,0.526468,0.034134,0.008597,0.025637,0.015522,0.010573
2227_112_31_83,1,1,0.047764,0.314817,0.119765,0.011134,0.125853,0.178443,0.202224
2227_111_937_1009,1,1,0.101275,0.713091,0.071635,0.028746,0.039839,0.016676,0.028738
2227_112_230_335,1,1,0.175388,0.443946,0.04059,0.019325,0.031808,0.252891,0.03605
2227_111_357_433,1,1,0.162351,0.632483,0.079582,0.010174,0.084647,0.010477,0.020286
2227_111_654_718,1,2,0.021244,0.159766,0.399371,0.050659,0.319164,0.018409,0.031386
2227_112_1037_1110,0,0,0.425092,0.424386,0.024551,0.022691,0.043625,0.034233,0.025423
2227_112_466_636,1,5,0.092821,0.281545,0.031623,0.06285,0.060729,0.454431,0.016001
2223_111_1134_1370,4,0,0.36719,0.353272,0.09788,0.005176,0.163604,0.006769,0.006108
2223_111_1587_1812,2,0,0.431227,0.225703,0.169613,0.006999,0.150551,0.008864,0.007043
2223_112_139_366,1,1,0.291303,0.448178,0.076595,0.014733,0.0722,0.09024,0.006751
2223_112_1397_1577,1,0,0.490145,0.385932,0.019087,0.018533,0.023236,0.053434,0.009633
2223_111_31_127,2,2,0.003238,0.025329,0.895413,0.002835,0.058606,0.010967,0.003612
2223_112_901_1115,1,0,0.671156,0.258858,0.022153,0.0087,0.018107,0.010663,0.010363
2223_111_399_594,2,0,0.596701,0.223567,0.075981,0.002277,0.086992,0.008793,0.005688
2223_112_2063_2172,1,0,0.739613,0.171585,0.026201,0.012972,0.016339,0.029186,0.004104
2223_112_616_744,1,0,0.777224,0.133214,0.022463,0.010247,0.019628,0.021985,0.015238
2223_111_763_876,2,0,0.473928,0.350112,0.051749,0.027476,0.044455,0.029161,0.02312
2223_112_1842_1886,1,0,0.512459,0.384585,0.028216,0.024554,0.015754,0.013996,0.020436
2223_111_2239_2244,2,1,0.183927,0.341439,0.134681,0.052811,0.231178,0.028763,0.027202
2223_111_1918_2017,1,1,0.296105,0.438807,0.134207,0.00699,0.078024,0.012193,0.033674
2222_112_119_159,1,2,0.047,0.092173,0.598387,0.015827,0.207784,0.00841,0.030419
2222_111_1273_1570,2,0,0.427752,0.425378,0.05869,0.004061,0.070247,0.006237,0.007634
2222_112_980_1253,1,0,0.684902,0.230498,0.030938,0.003569,0.024925,0.019456,0.005713
2222_112_1580_1701,0,0,0.900968,0.078496,0.004123,0.001547,0.004302,0.008292,0.002274
2222_111_213_302,2,5,0.049449,0.203247,0.212199,0.004999,0.055906,0.46172,0.012481
2222_112_1804_1878,1,1,0.232265,0.555096,0.101351,0.029175,0.037061,0.029536,0.015518
2222_111_886_965,2,1,0.128974,0.611231,0.12951,0.016319,0.065028,0.024155,0.024783
2222_112_551_849,1,0,0.766486,0.163934,0.019355,0.003119,0.016476,0.028356,0.002274
2222_111_1715_1788,2,2,0.00638,0.059022,0.686397,0.003242,0.238398,0.003772,0.002789
2222_112_313_427,1,0,0.549814,0.346114,0.037892,0.008442,0.037708,0.006932,0.013099
2222_111_31_77,1,2,0.044311,0.315899,0.336941,0.009397,0.060465,0.204201,0.028785
2222_111_1902_1937,2,1,0.097952,0.317407,0.238758,0.069234,0.228433,0.016062,0.032154
2222_111_483_509,0,1,0.206857,0.385958,0.138064,0.024596,0.203168,0.025394,0.015963
2231_111_2361_2491,0,1,0.128184,0.453952,0.229332,0.008339,0.161534,0.009946,0.008713
2231_112_31_245,4,4,0.0138,0.15561,0.194907,0.034903,0.520387,0.018041,0.062352
2231_112_1977_2329,2,1,0.07384,0.377924,0.075146,0.032538,0.156337,0.256762,0.027452
2231_112_1081_1279,4,4,0.068272,0.272016,0.119715,0.007889,0.50633,0.01704,0.008738
2231_111_1670_1953,4,0,0.53177,0.382699,0.030972,0.009187,0.028054,0.007887,0.009431
2231_111_807_1030,4,0,0.491037,0.304862,0.0665,0.008326,0.053952,0.070564,0.004758
2231_111_1313_1428,0,1,0.301312,0.494483,0.045115,0.044352,0.036908,0.025217,0.052613
2231_112_471_787,4,4,0.020593,0.296758,0.062376,0.007477,0.559903,0.012065,0.040828
2231_111_306_432,1,0,0.488188,0.437115,0.019937,0.005491,0.010885,0.03164,0.006744
2231_112_1478_1649,1,4,0.019887,0.224102,0.262157,0.034932,0.357877,0.007481,0.093564
2231_112_2530_2604,1,2,0.01258,0.170537,0.435231,0.006048,0.325958,0.020387,0.029259
2229_111_2486_2507,1,1,0.173613,0.376729,0.194013,0.062991,0.126496,0.02687,0.039288
2229_112_119_288,0,1,0.340155,0.491625,0.048068,0.020044,0.071559,0.022947,0.005602
2229_111_1277_1435,0,0,0.534341,0.095025,0.178713,0.016753,0.074474,0.094689,0.006004
2229_112_2007_2278,1,1,0.02041,0.275117,0.132497,0.090946,0.245499,0.158735,0.076795
2229_112_952_1263,1,5,0.06747,0.213481,0.04535,0.027007,0.046693,0.589359,0.01064
2229_112_1493_1798,4,1,0.081159,0.33757,0.233724,0.033087,0.260926,0.032876,0.020657
2229_111_1817_1975,1,0,0.729838,0.111705,0.059798,0.013247,0.049802,0.024145,0.011465
2229_111_701_931,1,0,0.365708,0.157382,0.14897,0.02065,0.051062,0.25167,0.004558
2229_111_2290_2320,1,1,0.364708,0.55829,0.026053,0.018257,0.013597,0.008314,0.010781
2229_112_489_701,0,1,0.193258,0.247535,0.032312,0.209177,0.058436,0.207416,0.051865
2229_111_306_457,0,0,0.764679,0.172717,0.022263,0.006332,0.017624,0.008233,0.008152
2229_111_31_56,0,0,0.583375,0.21775,0.036989,0.005735,0.025627,0.117272,0.013253
2229_112_2348_2475,4,2,0.051847,0.258635,0.286857,0.115752,0.070758,0.125271,0.090879
2230_112_1221_1311,4,1,0.317936,0.525224,0.023129,0.010466,0.079554,0.01996,0.023732
2230_111_1094_1197,4,0,0.458135,0.288645,0.101935,0.010156,0.086898,0.030829,0.023402
2230_112_1493_1763,4,4,0.040122,0.308995,0.122755,0.067554,0.409273,0.018012,0.033289
2230_111_239_338,5,0,0.465596,0.074761,0.083221,0.006517,0.039496,0.323112,0.007296
2230_111_1311_1466,4,0,0.5017,0.177353,0.104155,0.030711,0.130203,0.031358,0.02452
2230_111_914_937,1,1,0.148772,0.440828,0.161972,0.053767,0.110265,0.05521,0.029186
2230_112_149_225,1,5,0.01145,0.107513,0.07585,0.124406,0.053995,0.526837,0.09995
2230_111_532_624,1,0,0.713321,0.229449,0.014301,0.007191,0.007938,0.017052,0.010749
2230_112_992_1077,1,0,0.534417,0.371984,0.027537,0.012427,0.030083,0.010817,0.012736
2230_112_357_521,1,1,0.207031,0.677449,0.050932,0.003328,0.044765,0.007608,0.008888
2230_111_31_119,0,0,0.679694,0.21116,0.034233,0.011321,0.028201,0.01713,0.01826
2230_112_642_897,0,0,0.595492,0.320788,0.025997,0.004347,0.03772,0.009753,0.005903
2225_112_111_231,1,4,0.015937,0.13673,0.123294,0.009012,0.598839,0.093867,0.022322
2225_111_1289_1382,1,1,0.316857,0.590975,0.041987,0.005816,0.019442,0.012218,0.012704
2225_112_1155_1268,1,1,0.118633,0.622916,0.047291,0.058648,0.047011,0.04148,0.064021
2225_111_246_337,2,1,0.105075,0.640243,0.078394,0.001724,0.047881,0.082563,0.044119
2225_112_1407_1469,1,0,0.480355,0.448596,0.021569,0.022968,0.010467,0.009395,0.006651
2225_112_862_1038,1,4,0.024048,0.267922,0.200563,0.068556,0.304829,0.032099,0.101984
2225_111_524_629,2,2,0.018871,0.16557,0.570966,0.004895,0.158437,0.038437,0.042825
2225_111_1089_1150,1,2,0.024667,0.305808,0.368218,0.162972,0.084711,0.017981,0.035644
2225_111_31_93,2,1,0.083828,0.58788,0.090553,0.002628,0.09096,0.037871,0.10628
2225_112_362_463,2,4,0.067666,0.294485,0.08236,0.005841,0.519719,0.006423,0.023507
2225_112_1528_1569,1,1,0.177417,0.640256,0.0335,0.071649,0.039719,0.015093,0.022365
2225_111_1491_1510,1,1,0.207496,0.492418,0.060238,0.040025,0.029838,0.104031,0.065954
2225_111_729_825,2,1,0.169854,0.582478,0.048782,0.040641,0.03439,0.062971,0.060884
2225_112_661_727,1,1,0.109553,0.294634,0.083935,0.075107,0.087097,0.245062,0.104613
2226_111_1221_1341,1,1,0.053612,0.510115,0.184559,0.072095,0.118677,0.031538,0.029404
2226_112_1177_1218,1,5,0.033441,0.223374,0.039354,0.005409,0.069889,0.58988,0.038652
2226_111_221_343,1,2,0.022088,0.22877,0.570187,0.014968,0.103304,0.024603,0.03608
2226_111_1446_1544,1,4,0.012302,0.078515,0.341577,0.018195,0.519034,0.010659,0.019717
2226_111_31_124,5,2,0.020143,0.058607,0.665865,0.113486,0.036655,0.041478,0.063766
2226_111_778_963,2,2,0.025131,0.175965,0.714104,0.006072,0.045945,0.019501,0.013282
2226_111_412_641,1,1,0.104903,0.643579,0.163397,0.012813,0.036515,0.02676,0.012033
2226_111_1069_1172,1,3,0.060938,0.252041,0.168899,0.354926,0.051072,0.078757,0.033367
2226_112_149_194,5,5,0.009747,0.063727,0.030113,0.008188,0.068953,0.792185,0.027086
2226_112_988_1059,1,4,0.029143,0.200973,0.144055,0.054029,0.427934,0.040681,0.103184
2226_112_669_749,1,2,0.048322,0.261143,0.296546,0.041636,0.255914,0.072488,0.023952
2226_112_360_392,1,1,0.089695,0.397832,0.069039,0.011685,0.072941,0.282253,0.076555
2226_112_1382_1443,4,4,0.040278,0.213218,0.034376,0.008448,0.571681,0.014554,0.117444
2233_111_31_212,0,0,0.6198,0.243921,0.04203,0.01391,0.038684,0.016446,0.025208
2233_112_1171_1386,1,1,0.092856,0.580488,0.050488,0.019,0.19888,0.031068,0.02722
2233_111_1899_2060,1,4,0.103868,0.239226,0.222384,0.021606,0.382375,0.019475,0.011065
2233_112_233_346,3,3,0.019444,0.107545,0.052886,0.387097,0.024737,0.296895,0.111396
2233_112_1694_1885,1,1,0.17249,0.508694,0.020863,0.035684,0.106114,0.140055,0.0161
2233_111_1428_1653,0,0,0.628567,0.219922,0.026436,0.046294,0.02714,0.019468,0.032174
2233_112_2091_2230,3,4,0.040301,0.301927,0.081112,0.049464,0.421879,0.022196,0.083122
2233_112_939_1010,1,6,0.038435,0.229347,0.053961,0.098345,0.257113,0.011255,0.311544
2233_112_456_753,1,1,0.090649,0.715001,0.052774,0.014298,0.086095,0.018544,0.022639
2233_111_1015_1147,0,1,0.250148,0.377785,0.125335,0.091645,0.083521,0.038264,0.033302
2233_111_795_903,0,4,0.05569,0.276945,0.126258,0.108962,0.326017,0.012608,0.093519
2233_111_409_425,0,1,0.146646,0.355928,0.200959,0.02135,0.24361,0.014159,0.017348
2232_111_31_152,0,2,0.038082,0.343893,0.384959,0.019788,0.033469,0.149862,0.029947
2232_111_1180_1303,0,0,0.880678,0.097699,0.005758,0.003298,0.00483,0.004151,0.003585
2232_111_1985_2112,0,0,0.519232,0.322293,0.046506,0.021696,0.07119,0.010585,0.008499
2232_112_1328_1685,1,1,0.059602,0.596828,0.12851,0.023976,0.127107,0.031936,0.03204
2232_112_182_399,3,3,0.013382,0.117823,0.049156,0.365437,0.033697,0.327858,0.092647
2232_112_1805_1966,1,1,0.256319,0.575815,0.064441,0.011582,0.051728,0.024056,0.016058
2232_112_2147_2282,3,3,0.022611,0.197165,0.145846,0.358966,0.103453,0.036249,0.13571
2232_111_874_1048,0,0,0.792483,0.133684,0.024752,0.00412,0.026034,0.014805,0.004122
2232_111_2293_2336,0,0,0.683166,0.169237,0.069593,0.009234,0.035984,0.018518,0.014268
2232_112_572_874,1,1,0.084919,0.475934,0.108508,0.019598,0.245132,0.047938,0.01797
2232_112_1073_1163,1,1,0.045391,0.424327,0.318681,0.004885,0.185494,0.00477,0.016451
2232_111_1705_1791,0,0,0.482275,0.262032,0.079293,0.004989,0.042868,0.122035,0.006508
2232_111_406_534,0,0,0.546598,0.343138,0.034125,0.012383,0.022601,0.02718,0.013975
2235_111_31_280,2,0,0.653292,0.252665,0.033711,0.003747,0.035929,0.012255,0.008401
2235_112_1278_1489,6,1,0.027883,0.361809,0.140034,0.124885,0.122406,0.168044,0.054939
2235_112_997_1189,1,5,0.033189,0.218423,0.063389,0.133507,0.142383,0.274602,0.134508
2235_111_1509_1725,0,1,0.418751,0.428289,0.051607,0.008293,0.067201,0.009792,0.016067
2235_112_1748_1869,1,1,0.032066,0.536254,0.082092,0.039087,0.155096,0.038983,0.116422
2235_111_866_979,0,1,0.307319,0.527957,0.052456,0.02302,0.038348,0.021229,0.02967
2235_111_524_622,1,1,0.156317,0.636743,0.05484,0.052678,0.033266,0.016901,0.049255
2235_112_309_522,1,3,0.013776,0.066341,0.054468,0.507805,0.03823,0.175444,0.143936
2235_112_637_861,1,1,0.073912,0.535559,0.130144,0.017085,0.187528,0.022537,0.033235
2235_111_1226_1243,1,1,0.108093,0.325811,0.25396,0.059113,0.204549,0.019215,0.029258
2234_112_2454_2577,1,4,0.010909,0.140129,0.164419,0.00601,0.629669,0.004329,0.044535
2234_112_1986_2366,4,4,0.016761,0.242461,0.155742,0.031307,0.498413,0.01854,0.036776
2234_111_981_1267,2,0,0.367076,0.221886,0.221507,0.018397,0.040793,0.123106,0.007235
2234_111_1678_1907,0,0,0.780715,0.157689,0.019389,0.004563,0.019107,0.010122,0.008415
2234_112_131_279,3,3,0.006018,0.011676,0.030775,0.840046,0.011055,0.040954,0.059476
2234_112_1307_1666,1,1,0.039834,0.483759,0.174044,0.049042,0.121419,0.06935,0.062553
2234_111_2591_2629,0,0,0.669971,0.101856,0.086156,0.015435,0.064711,0.042859,0.019011
2234_112_817_969,3,3,0.018531,0.101998,0.061846,0.455615,0.057525,0.0097,0.294784
2234_112_421_656,3,3,0.006697,0.016346,0.024057,0.850362,0.026369,0.03179,0.04438
2234_111_286_379,1,1,0.329696,0.496571,0.051968,0.02757,0.025416,0.028762,0.040018
2234_111_31_107,5,5,0.060422,0.150878,0.153399,0.01684,0.023704,0.568419,0.026338
2234_111_666_780,1,1,0.100966,0.375803,0.139356,0.165457,0.055046,0.128261,0.035111
2234_111_2393_2424,1,1,0.291556,0.596367,0.037841,0.006038,0.051119,0.006173,0.010905
2238_111_31_137,4,4,0.007267,0.049394,0.174757,0.002556,0.753812,0.003882,0.008332
2238_111_1189_1637,4,4,0.003731,0.014127,0.160656,0.002658,0.814756,0.002154,0.001918
2238_111_1781_2055,4,4,0.016965,0.136926,0.21289,0.00543,0.620452,0.003163,0.004174
2238_112_1655_1752,6,6,0.0185,0.121071,0.127349,0.04478,0.306308,0.035043,0.346949
2238_112_143_273,6,2,0.018672,0.173244,0.322895,0.118558,0.196642,0.043696,0.126295
2238_112_2149_2312,6,4,0.01432,0.103941,0.144919,0.253252,0.348779,0.011018,0.123772
2238_111_638_964,4,2,0.002764,0.054593,0.863367,0.007414,0.045299,0.009977,0.016586
2238_112_548_613,6,3,0.02241,0.049198,0.164876,0.505583,0.087926,0.051146,0.118862
2238_112_975_1179,2,4,0.008351,0.112253,0.219503,0.005699,0.637311,0.003414,0.01347
2238_111_281_516,4,2,0.009001,0.016117,0.559879,0.007237,0.398444,0.002497,0.006826
2238_111_2357_2422,1,1,0.080885,0.648276,0.062419,0.023693,0.155337,0.00574,0.023649
2237_111_31_187,0,0,0.753628,0.188898,0.012577,0.007497,0.013861,0.018104,0.005434
2237_112_1232_1327,1,1,0.251434,0.433768,0.054951,0.033816,0.094122,0.0814,0.050509
2237_111_1110_1213,1,0,0.547914,0.300348,0.023656,0.048767,0.026916,0.031304,0.021095
2237_112_1412_1696,4,4,0.007711,0.103045,0.192351,0.010581,0.666831,0.007666,0.011815
2237_112_216_315,6,3,0.010757,0.040048,0.054548,0.505688,0.037904,0.308398,0.042657
2237_112_1821_1930,3,6,0.0215,0.072354,0.052761,0.254525,0.15535,0.066785,0.376724
2237_111_771_950,1,0,0.593484,0.28883,0.032153,0.02504,0.030086,0.020589,0.009819
2237_111_1331_1385,2,0,0.711443,0.205908,0.028328,0.012323,0.02256,0.009164,0.010273
2237_111_1696_1791,0,0,0.507181,0.264031,0.064364,0.033151,0.058064,0.032329,0.040881
2237_111_316_566,2,0,0.385113,0.357665,0.122624,0.021144,0.085584,0.015848,0.012021
2237_112_597_767,1,1,0.054191,0.359209,0.178119,0.031479,0.331546,0.023992,0.021463
2237_112_967_1096,6,1,0.078247,0.457073,0.089738,0.060223,0.182214,0.025399,0.107107
2236_112_1173_1329,1,3,0.042603,0.157551,0.047706,0.30502,0.099733,0.251912,0.095475
2236_111_2018_2206,4,2,0.021935,0.089547,0.549752,0.033589,0.231592,0.019203,0.054383
2236_112_1598_1764,1,1,0.095448,0.422618,0.043492,0.075651,0.140657,0.080551,0.141583
2236_112_147_373,1,4,0.010565,0.205333,0.147309,0.188467,0.274106,0.075286,0.098934
2236_111_1769_1894,0,0,0.730364,0.17804,0.036176,0.013684,0.021291,0.010295,0.010151
2236_111_1333_1579,0,0,0.447843,0.426878,0.03104,0.022851,0.041556,0.021562,0.00827
2236_112_2211_2295,0,0,0.504331,0.333762,0.041053,0.016101,0.040204,0.033893,0.030655
2236_111_775_1155,0,0,0.479174,0.331962,0.048072,0.015404,0.092947,0.010968,0.021473
2236_112_464_760,3,3,0.019388,0.169218,0.068144,0.294686,0.130434,0.106263,0.211866
2236_111_31_120,2,4,0.027568,0.185461,0.203271,0.008705,0.525216,0.004953,0.044825
2236_111_378_434,0,1,0.159675,0.39445,0.133239,0.029045,0.225246,0.01126,0.047085
2236_112_1908_2000,0,1,0.128806,0.601078,0.073586,0.019688,0.112289,0.039868,0.024685
2239_112_31_206,2,4,0.011292,0.045921,0.133564,0.07303,0.592895,0.024597,0.118701
2239_111_1902_2066,0,4,0.020422,0.064186,0.12952,0.013576,0.750084,0.005524,0.016689
2239_111_968_1272,4,2,0.011268,0.039215,0.497605,0.005033,0.440053,0.003923,0.002903
2239_111_1391_1713,4,2,0.030303,0.26213,0.359381,0.027948,0.283842,0.014342,0.022054
2239_112_1738_1869,6,4,0.010534,0.156181,0.294453,0.008119,0.454482,0.016837,0.059393
2239_112_2098_2229,6,1,0.059068,0.525789,0.095987,0.086593,0.09181,0.032443,0.108311
2239_112_904_966,2,4,0.014062,0.312571,0.096528,0.008762,0.541155,0.003035,0.023887
2239_112_1309_1367,6,2,0.01464,0.099109,0.358102,0.145543,0.122318,0.028876,0.231412
2239_111_2242_2371,1,4,0.059806,0.291188,0.229092,0.009347,0.395707,0.005144,0.009716
2239_111_270_502,4,4,0.020477,0.104676,0.161808,0.01816,0.660645,0.005247,0.028987
2239_111_601_881,4,4,0.014373,0.193148,0.25975,0.070062,0.394556,0.026868,0.041243
2239_112_521_574,6,6,0.015078,0.086383,0.157448,0.251416,0.144973,0.070594,0.274107
2240_111_31_142,5,5,0.183862,0.065281,0.122367,0.006983,0.026077,0.591509,0.003922
2240_112_1286_1380,4,4,0.006436,0.04282,0.389677,0.012838,0.532724,0.004746,0.010759
2240_111_1129_1285,4,2,0.031219,0.21258,0.583123,0.010209,0.093575,0.063928,0.005367
2240_112_1631_1807,3,1,0.043784,0.528551,0.122914,0.05215,0.110693,0.026666,0.115243
2240_111_239_468,1,0,0.534083,0.331834,0.057357,0.007667,0.04494,0.019996,0.004123
2240_111_1412_1604,2,1,0.307051,0.456054,0.1028,0.008801,0.075925,0.041367,0.008003
2240_111_718_933,0,0,0.501809,0.239538,0.077386,0.038761,0.100463,0.02577,0.016273
2240_112_502_718,6,4,0.007631,0.016885,0.173246,0.029499,0.71707,0.029571,0.026098
2240_112_952_1115,3,2,0.00272,0.02777,0.523377,0.013424,0.418352,0.010762,0.003594
2240_111_1843_2040,4,4,0.028019,0.109225,0.198691,0.024683,0.617226,0.011893,0.010263
2240_112_2085_2183,4,4,0.044157,0.243197,0.258109,0.006576,0.424085,0.008357,0.01552
2240_112_151_177,6,4,0.019255,0.062888,0.205454,0.036944,0.527249,0.011051,0.137159
2403_122_114_284,3,3,0.051584,0.061541,0.112746,0.626431,0.036551,0.068815,0.042332
2403_121_1004_1325,1,1,0.202318,0.680527,0.019525,0.021105,0.056803,0.007006,0.012716
2403_122_1745_2153,1,0,0.557622,0.304608,0.049976,0.006774,0.053867,0.021689,0.005465
2403_121_1580_1739,1,1,0.389125,0.532985,0.013645,0.007943,0.028663,0.02248,0.005159
2403_122_1325_1567,1,0,0.520721,0.25852,0.101113,0.00506,0.055284,0.057398,0.001905
2403_122_782_985,1,0,0.605542,0.319829,0.020253,0.004128,0.026796,0.017834,0.005618
2403_122_515_620,1,0,0.480282,0.370217,0.05439,0.003628,0.04104,0.039251,0.011191
2403_121_298_508,1,1,0.195861,0.298131,0.079705,0.279122,0.046742,0.073974,0.026464
2403_121_634_782,1,1,0.402838,0.482083,0.025778,0.020047,0.028693,0.024766,0.015794
2403_121_31_113,3,3,0.005316,0.008345,0.020988,0.933426,0.006136,0.009022,0.016766
2402_121_31_575,1,1,0.171282,0.430871,0.061865,0.208786,0.073467,0.024447,0.029283
2402_122_1240_1326,1,5,0.034954,0.057353,0.074716,0.009914,0.027685,0.76434,0.031039
2402_122_1863_2142,1,0,0.688649,0.243346,0.013095,0.010144,0.019319,0.019026,0.006421
2402_121_1114_1240,1,3,0.012883,0.021717,0.029338,0.899551,0.008225,0.015732,0.012554
2402_122_1653_1778,1,1,0.181653,0.558498,0.047021,0.056643,0.032038,0.06111,0.063037
2402_121_1792_1863,0,1,0.361892,0.411349,0.039027,0.00943,0.024819,0.133409,0.020075
2402_122_1374_1574,1,1,0.342853,0.500227,0.049297,0.017379,0.038075,0.039781,0.012388
2402_122_584_1005,1,0,0.534003,0.299074,0.048116,0.007377,0.042496,0.060367,0.008567
2402_121_1337_1355,1,6,0.013521,0.184675,0.075919,0.240098,0.103969,0.014574,0.367244
2402_121_1013_1060,1,3,0.006837,0.003216,0.00638,0.961481,0.001613,0.015534,0.004939
2402_121_1588_1640,1,3,0.043904,0.097529,0.122193,0.409356,0.062592,0.082673,0.181753
2402_122_1066_1102,1,5,0.141851,0.202026,0.212604,0.007875,0.026661,0.398569,0.010414
2401_122_31_279,1,2,0.107788,0.211754,0.26812,0.047703,0.097922,0.224819,0.041894
2401_122_1216_1369,1,2,0.087094,0.267326,0.342908,0.078181,0.092442,0.036818,0.095232
2401_121_1964_2069,1,2,0.005764,0.050875,0.617301,0.004568,0.308728,0.008119,0.004645
2401_121_981_1202,2,2,0.012356,0.083307,0.754147,0.008213,0.132764,0.005623,0.00359
2401_121_1381_1742,2,2,0.007293,0.056655,0.666897,0.003592,0.258692,0.004347,0.002523
2401_122_1752_1939,1,1,0.208598,0.649021,0.059442,0.004779,0.051629,0.008952,0.017578
2401_121_2175_2369,0,1,0.327384,0.549775,0.028795,0.006316,0.07899,0.005802,0.002939
2401_122_857_963,1,2,0.089116,0.19563,0.545838,0.005765,0.056829,0.093881,0.012941
2401_122_2069_2150,0,0,0.518936,0.38134,0.030518,0.007873,0.030542,0.016943,0.013848
2401_121_295_385,2,2,0.007923,0.038203,0.824378,0.004458,0.119899,0.002422,0.002717
2401_121_597_842,4,2,0.002325,0.028846,0.925648,0.003532,0.032265,0.006516,0.000869
2401_122_435_588,1,5,0.179267,0.152427,0.079823,0.006349,0.023663,0.554263,0.004208
2407_122_31_135,0,0,0.635154,0.296606,0.015321,0.004134,0.013388,0.030352,0.005045
2407_122_1082_1361,1,0,0.590747,0.360575,0.011468,0.001492,0.028544,0.003804,0.00337
2407_122_235_525,1,0,0.625572,0.325936,0.014995,0.004382,0.014189,0.009411,0.005515
2407_121_1383_1524,3,3,0.010601,0.025613,0.074739,0.825352,0.038437,0.017183,0.008074
2407_122_618_1030,1,0,0.681382,0.269825,0.015806,0.001905,0.015959,0.009935,0.005188
2407_121_148_228,1,1,0.073711,0.390488,0.117452,0.339062,0.034328,0.021981,0.022978
2407_121_537_618,1,1,0.145415,0.419775,0.057813,0.25832,0.022419,0.057775,0.038482
2407_121_1030_1076,1,1,0.220837,0.698597,0.03153,0.003206,0.035024,0.00289,0.007916
2407_122_1524_1601,1,0,0.424935,0.344561,0.090253,0.00643,0.058489,0.067672,0.007659
2407_121_1617_1657,1,1,0.458423,0.473097,0.027201,0.008525,0.021987,0.006192,0.004575
2408_121_121_229,3,3,0.01329,0.014624,0.023011,0.868449,0.015438,0.020934,0.044255
2408_122_1272_1518,1,1,0.277448,0.63343,0.042145,0.005117,0.025907,0.009704,0.006249
2408_121_1183_1261,2,2,0.001085,0.021713,0.863411,0.001334,0.109946,0.001005,0.001505
2408_121_1529_1712,2,2,0.020445,0.335798,0.459625,0.016389,0.152273,0.01026,0.00521
2408_122_235_526,1,0,0.715344,0.204858,0.022777,0.001841,0.017141,0.03592,0.002119
2408_122_1712_1976,1,1,0.238631,0.598633,0.085496,0.006677,0.03671,0.016262,0.017591
2408_121_919_1004,2,2,0.018775,0.065436,0.72327,0.04106,0.052839,0.096607,0.002013
2408_121_533_629,3,1,0.103375,0.324644,0.312208,0.141438,0.040001,0.071333,0.007
2408_122_1020_1169,1,1,0.328868,0.527756,0.078358,0.005895,0.032125,0.019202,0.007796
2408_122_31_117,1,0,0.511511,0.433846,0.020247,0.002234,0.017436,0.00765,0.007076
2408_122_645_913,1,0,0.56427,0.34308,0.035144,0.002632,0.027316,0.021138,0.006419
2405_121_2404_2581,4,2,0.000894,0.006314,0.903677,0.000756,0.086664,0.000978,0.000717
2405_122_31_223,2,0,0.425234,0.383352,0.068433,0.002322,0.053553,0.060578,0.006529
2405_121_1190_1483,2,2,0.007878,0.053987,0.787301,0.073978,0.048216,0.014339,0.0143
2405_121_1992_2274,4,2,0.005829,0.037264,0.846916,0.004358,0.101476,0.002412,0.001746
2405_121_1530_1914,2,2,0.045633,0.164666,0.606799,0.015153,0.149694,0.011994,0.00606
2405_121_237_290,2,2,0.008013,0.035368,0.799671,0.003671,0.141704,0.005025,0.006548
2405_121_903_1042,2,2,0.01832,0.096773,0.697472,0.023342,0.140724,0.010878,0.01249
2405_122_2285_2397,1,2,0.08153,0.221657,0.465939,0.011018,0.121745,0.087736,0.010375
2405_122_291_710,1,1,0.210012,0.464321,0.168211,0.006264,0.046779,0.096505,0.007908
2405_122_1064_1182,1,2,0.085566,0.101142,0.519974,0.005438,0.037162,0.242392,0.008327
2405_122_1490_1519,2,5,0.042332,0.048774,0.282525,0.005595,0.018699,0.590133,0.011942
2405_122_780_880,1,1,0.130668,0.470336,0.258269,0.022568,0.0765,0.023154,0.018504
2405_121_727_762,2,2,0.004664,0.014463,0.908233,0.006592,0.059027,0.003963,0.003059
2405_122_1917_1976,1,2,0.010373,0.039189,0.705713,0.012328,0.024493,0.193558,0.014345
2411_122_1221_1513,1,1,0.297326,0.563023,0.033175,0.027396,0.034571,0.015206,0.029303
2411_121_1137_1208,1,1,0.044676,0.323468,0.099484,0.278573,0.083513,0.058525,0.111762
2411_122_1626_1716,5,5,0.169098,0.192881,0.068177,0.073485,0.055158,0.409726,0.031475
2411_122_201_353,5,2,0.147982,0.179729,0.51204,0.022037,0.06418,0.06257,0.011462
2411_122_784_1116,1,2,0.12298,0.259314,0.40507,0.037753,0.105545,0.048512,0.020826
2411_122_430_626,6,1,0.281931,0.477909,0.082681,0.024173,0.055748,0.026534,0.051026
2411_121_133_184,3,3,0.006401,0.003465,0.028814,0.917988,0.007707,0.019823,0.015803
2411_122_31_117,6,1,0.107339,0.284514,0.20894,0.070768,0.101377,0.036933,0.190129
2411_121_1521_1611,3,3,0.019708,0.02336,0.075503,0.808965,0.022974,0.035361,0.014129
2411_121_645_768,5,5,0.076576,0.161524,0.061725,0.012148,0.05116,0.631497,0.00537
2411_121_357_420,3,3,0.005037,0.001597,0.010865,0.962841,0.003649,0.006915,0.009097
2409_122_125_321,1,5,0.088802,0.137757,0.193548,0.003986,0.093837,0.474047,0.008023
2409_122_2027_2293,2,1,0.200265,0.394046,0.194473,0.012276,0.158371,0.024741,0.015827
2409_122_1012_1243,1,0,0.512635,0.437286,0.015428,0.001838,0.023554,0.005415,0.003844
2409_121_1656_2020,1,1,0.140051,0.620017,0.073802,0.088851,0.047207,0.013841,0.01623
2409_122_1305_1638,1,1,0.167444,0.41094,0.216148,0.007789,0.169757,0.020505,0.007416
2409_122_824_933,1,1,0.066807,0.530905,0.332088,0.003041,0.039106,0.023727,0.004326
2409_121_944_1004,2,2,0.033292,0.068608,0.561381,0.156064,0.016028,0.124024,0.040603
2409_122_496_602,1,0,0.465349,0.329606,0.056897,0.01689,0.034349,0.088464,0.008444
2409_121_325_386,3,3,0.032175,0.0417,0.061583,0.681872,0.025192,0.145837,0.011641
2409_121_602_812,1,3,0.035829,0.033696,0.027952,0.770152,0.025818,0.077241,0.029313
2409_121_426_490,3,3,0.010151,0.009448,0.055402,0.810956,0.009244,0.041195,0.063605
2409_121_31_108,3,3,0.005843,0.002466,0.037976,0.887118,0.02162,0.019416,0.02556
2409_121_1243_1295,3,3,0.026631,0.018746,0.013186,0.910699,0.004254,0.014706,0.011778
2409_122_393_426,1,5,0.068558,0.125092,0.178046,0.018214,0.044294,0.510862,0.054936
2412_122_112_369,5,5,0.044006,0.038546,0.163021,0.319567,0.039563,0.382529,0.012769
2412_122_1179_1438,3,1,0.173146,0.442471,0.072586,0.073679,0.100032,0.056927,0.081159
2412_122_1604_1751,5,1,0.239892,0.499438,0.070198,0.013049,0.155637,0.010078,0.011708
2412_121_1760_1995,1,3,0.013728,0.013007,0.057491,0.880851,0.011359,0.01567,0.007895
2412_121_1453_1586,1,1,0.111124,0.523903,0.073283,0.215508,0.051183,0.010457,0.014541
2412_122_922_1090,2,1,0.098819,0.402453,0.112384,0.06899,0.103127,0.132577,0.081649
2412_122_518_765,5,1,0.109912,0.325174,0.207339,0.052982,0.067379,0.179087,0.058127
2412_121_1100_1163,0,1,0.291542,0.52806,0.064842,0.029487,0.042532,0.018704,0.024834
2412_121_382_510,1,1,0.369579,0.446474,0.046972,0.06635,0.019138,0.034774,0.016712
2412_121_31_103,3,3,0.004948,0.002209,0.020121,0.954342,0.004923,0.002892,0.010564
2412_121_770_900,3,3,0.005594,0.002573,0.023571,0.936906,0.008195,0.008768,0.014393
2412_122_1996_2016,6,3,0.021809,0.018919,0.036496,0.806629,0.010161,0.050027,0.05596
2410_122_103_188,1,5,0.102712,0.066152,0.277978,0.005684,0.031753,0.507719,0.008001
2410_121_1159_1361,1,3,0.007896,0.023034,0.025953,0.899427,0.010965,0.007851,0.024873
2410_122_1990_2050,1,0,0.522581,0.384416,0.032056,0.001974,0.029948,0.019697,0.009327
2410_121_1429_1691,1,1,0.05988,0.382757,0.149506,0.03764,0.293799,0.017667,0.058751
2410_121_192_295,1,1,0.06634,0.455949,0.100124,0.139499,0.046722,0.045939,0.145427
2410_122_1696_1837,1,0,0.596375,0.341615,0.02194,0.002792,0.024702,0.007272,0.005304
2410_121_2068_2260,1,1,0.05232,0.488067,0.123942,0.050071,0.25074,0.01266,0.022201
2410_122_707_1148,1,0,0.529563,0.314359,0.055143,0.006423,0.076696,0.012422,0.005394
2410_121_521_702,2,2,0.025057,0.286808,0.316722,0.16171,0.126588,0.02757,0.055545
2410_122_305_509,1,2,0.225999,0.185404,0.372878,0.020356,0.042498,0.138786,0.014079
2410_121_31_92,2,2,0.038107,0.167069,0.470977,0.012926,0.135418,0.15025,0.025253
2410_121_1854_1977,2,3,0.00942,0.019711,0.069873,0.834382,0.022611,0.009734,0.034269
2410_122_1366_1416,1,1,0.185773,0.421327,0.150957,0.004647,0.044547,0.167814,0.024936
2419_121_111_353,4,4,0.024173,0.049182,0.389632,0.055388,0.466578,0.007296,0.00775
2419_121_1007_1410,4,2,0.013441,0.031843,0.561399,0.050886,0.313696,0.011433,0.017301
2419_122_1542_1824,1,4,0.060327,0.30953,0.147596,0.009499,0.452289,0.005651,0.015107
2419_122_1430_1489,2,2,0.108108,0.166398,0.278145,0.025911,0.193124,0.140451,0.087863
2419_121_732_938,6,3,0.011562,0.020109,0.110279,0.676766,0.048086,0.044666,0.08853
2419_121_549_627,4,3,0.03802,0.302297,0.156457,0.326703,0.067836,0.011483,0.097205
2419_122_372_532,2,4,0.124451,0.186084,0.233,0.047097,0.243725,0.110518,0.055125
2419_122_31_91,2,1,0.131952,0.329888,0.180338,0.004878,0.180501,0.140631,0.031811
2419_122_648_709,5,1,0.275354,0.381281,0.12824,0.00389,0.05418,0.145904,0.011149
2419_121_1507_1531,4,4,0.01914,0.121737,0.078502,0.008992,0.715068,0.004797,0.051765
2419_122_966_986,5,5,0.03426,0.075153,0.18988,0.006353,0.043574,0.62545,0.02533
2417_122_31_171,1,1,0.074499,0.477966,0.130931,0.013588,0.223,0.013698,0.066319
2417_121_1197_1336,6,3,0.0062,0.00519,0.022239,0.934422,0.006793,0.003955,0.021202
2417_121_1573_1721,6,3,0.085955,0.127065,0.170346,0.39889,0.112281,0.070634,0.034829
2417_122_240_375,5,1,0.114313,0.477581,0.169082,0.015822,0.107478,0.044096,0.071627
2417_122_1356_1553,3,1,0.27548,0.438831,0.135925,0.041488,0.057117,0.040662,0.010497
2417_122_846_1010,6,1,0.370862,0.458624,0.055425,0.003907,0.070977,0.028233,0.011972
2417_121_189_225,6,3,0.073354,0.158047,0.108257,0.392048,0.065473,0.0713,0.131521
2417_122_490_703,6,1,0.191657,0.530284,0.06573,0.039623,0.083985,0.042697,0.046025
2417_122_1137_1179,5,1,0.281116,0.408058,0.082287,0.008817,0.061373,0.123097,0.035252
2417_121_1032_1112,4,4,0.011658,0.096351,0.181914,0.095175,0.587712,0.006357,0.020834
2417_121_406_481,3,3,0.020663,0.032154,0.06229,0.813871,0.015095,0.035356,0.020572
2417_121_727_830,6,3,0.024496,0.034547,0.106609,0.577614,0.041522,0.085681,0.12953
2422_121_31_415,3,3,0.012595,0.009619,0.100908,0.851022,0.007561,0.013622,0.004672
2422_121_1291_1420,3,3,0.038962,0.115238,0.034028,0.62633,0.04558,0.05556,0.084303
2422_122_1155_1277,5,1,0.131263,0.480246,0.170853,0.031473,0.036639,0.132838,0.016687
2422_122_1430_1521,5,5,0.079237,0.159279,0.21326,0.040162,0.030913,0.455699,0.021451
2422_121_787_1012,3,3,0.009221,0.006813,0.111685,0.810431,0.018949,0.027454,0.015447
2422_121_465_715,3,3,0.038374,0.080017,0.118893,0.668472,0.037815,0.033081,0.023348
2422_121_1088_1144,3,3,0.009603,0.003126,0.014771,0.930493,0.003091,0.034033,0.004883
2422_122_1016_1077,3,2,0.01702,0.030737,0.439348,0.277357,0.026359,0.186533,0.022645
2422_122_424_454,3,1,0.278032,0.557062,0.022492,0.105592,0.016561,0.01503,0.00523
2422_121_1531_1612,1,1,0.207361,0.572068,0.036532,0.125004,0.016117,0.023115,0.019803
2422_122_724_779,3,2,0.015136,0.051032,0.61155,0.098077,0.025741,0.187918,0.010546
2413_122_114_197,5,5,0.039822,0.088895,0.147817,0.020897,0.033215,0.627905,0.04145
2413_121_1284_1360,6,3,0.013362,0.010065,0.054323,0.820788,0.011958,0.035981,0.053523
2413_121_1129_1223,6,3,0.004509,0.002161,0.064927,0.900114,0.00751,0.00824,0.01254
2413_121_1460_1691,3,3,0.010307,0.012247,0.076513,0.851021,0.021465,0.021574,0.006873
2413_121_212_288,6,3,0.007182,0.004968,0.037368,0.887186,0.010467,0.008775,0.044054
2413_122_1696_1840,5,5,0.014732,0.010638,0.040242,0.364151,0.015845,0.546004,0.008388
2413_122_917_1106,5,3,0.061326,0.160623,0.096459,0.482344,0.083598,0.056757,0.058894
2413_121_583_674,3,3,0.021495,0.022027,0.053309,0.788774,0.017434,0.079439,0.017523
2413_122_297_413,6,1,0.054146,0.302273,0.18601,0.152577,0.060962,0.154439,0.089594
2413_122_477_573,5,2,0.057184,0.171683,0.372813,0.038437,0.065441,0.238341,0.056102
2413_121_31_101,6,3,0.012547,0.007213,0.112868,0.807448,0.013733,0.018837,0.027353
2413_121_423_460,3,3,0.020572,0.035286,0.092985,0.791932,0.014382,0.028176,0.016668
2413_122_1231_1276,5,5,0.031381,0.084272,0.205697,0.067558,0.023176,0.432375,0.155541
2413_121_759_912,5,3,0.005743,0.006553,0.018625,0.924941,0.015104,0.003935,0.0251
2413_122_692_746,5,0,0.623295,0.264717,0.024738,0.004225,0.023825,0.044621,0.014579
2413_122_1378_1446,6,3,0.048392,0.068435,0.060216,0.48105,0.029384,0.061164,0.251359
2418_121_1265_1344,3,3,0.011335,0.009394,0.018213,0.900301,0.013449,0.026866,0.020442
2418_122_1135_1243,6,3,0.102963,0.183065,0.125879,0.319165,0.04958,0.047681,0.171666
2418_121_1667_1784,1,1,0.092557,0.339591,0.145114,0.306977,0.076303,0.017994,0.021462
2418_122_141_285,3,3,0.024176,0.065252,0.076262,0.6656,0.060902,0.021836,0.085972
2418_122_1366_1470,6,2,0.035119,0.124217,0.381987,0.279832,0.0987,0.014834,0.065311
2418_122_846_986,0,0,0.486707,0.358227,0.056203,0.016155,0.03763,0.039845,0.005234
2418_122_538_732,3,3,0.058315,0.095736,0.113293,0.503169,0.084289,0.031333,0.113864
2418_121_1001_1105,6,3,0.017683,0.146323,0.07485,0.461082,0.136895,0.010815,0.152352
2418_121_321_373,6,3,0.068739,0.086772,0.192212,0.275562,0.237216,0.04406,0.09544
2418_121_468_517,2,3,0.013957,0.067177,0.288432,0.348919,0.197586,0.028312,0.055616
2418_121_31_116,6,3,0.018932,0.011658,0.117326,0.723447,0.046089,0.036024,0.046524
2418_122_392_443,6,2,0.051475,0.12396,0.369611,0.147611,0.137579,0.139186,0.030579
2418_121_1490_1560,1,1,0.083829,0.33593,0.224212,0.099919,0.094963,0.109275,0.051872
2418_121_753_824,6,3,0.036236,0.107104,0.143344,0.384308,0.100685,0.024787,0.203536
2418_122_1576_1646,3,3,0.130125,0.235847,0.099075,0.278986,0.060909,0.023881,0.171177
2420_121_90_188,1,1,0.258104,0.67948,0.01386,0.022947,0.009589,0.00992,0.006099
2420_122_1290_1376,0,0,0.502485,0.350119,0.062864,0.001945,0.023677,0.055935,0.002975
2420_122_1093_1184,5,5,0.112135,0.170195,0.28063,0.003529,0.042039,0.385149,0.006322
2420_122_1505_1699,0,0,0.739947,0.180544,0.022654,0.00128,0.021458,0.03184,0.002277
2420_122_202_343,0,0,0.43032,0.396475,0.050033,0.008523,0.070804,0.024675,0.019171
2420_121_1397_1485,1,1,0.296162,0.56739,0.044733,0.021359,0.046386,0.019997,0.003973
2420_121_894_965,6,1,0.099936,0.440264,0.10624,0.01243,0.295608,0.008194,0.037327
2420_122_405_870,2,1,0.203072,0.565324,0.112012,0.01116,0.073656,0.017876,0.016901
2420_121_1719_1775,0,0,0.526674,0.427224,0.009656,0.011441,0.011671,0.009338,0.003996
2420_121_1021_1075,6,1,0.032402,0.365405,0.084789,0.027344,0.278717,0.010584,0.200759
2420_122_31_67,0,1,0.304918,0.452511,0.08919,0.005978,0.092133,0.014599,0.040671
2420_121_1197_1261,0,1,0.223713,0.660066,0.037976,0.012604,0.042243,0.012854,0.010545
2420_122_985_997,5,5,0.087951,0.099744,0.166465,0.002943,0.042294,0.573723,0.026879
2420_121_359_379,1,1,0.332916,0.620689,0.01248,0.008847,0.013113,0.004823,0.007133
2423_121_31_360,4,4,0.036432,0.109967,0.178905,0.062659,0.541272,0.018987,0.051778
2423_122_1143_1217,1,4,0.038751,0.332138,0.199212,0.009048,0.354347,0.017437,0.049068
2423_122_935_1022,1,1,0.200033,0.354293,0.204327,0.005417,0.205815,0.02063,0.009486
2423_122_1306_1358,1,1,0.200648,0.729142,0.016955,0.002737,0.038843,0.004487,0.007188
2423_122_572_798,1,1,0.25098,0.478622,0.124103,0.008922,0.106147,0.023371,0.007856
2423_121_1036_1131,1,1,0.190098,0.342637,0.035223,0.300608,0.035278,0.054349,0.041807
2423_121_427_569,4,1,0.105803,0.383561,0.128317,0.033818,0.310754,0.013858,0.023888
2423_121_1227_1295,5,5,0.083604,0.153397,0.10882,0.032911,0.057479,0.55328,0.010511
2423_121_807_920,4,4,0.02207,0.212881,0.096934,0.037052,0.52995,0.014402,0.086711
2423_122_372_419,1,2,0.012603,0.032567,0.508147,0.00247,0.430009,0.006864,0.00734
2421_122_1215_1302,3,3,0.073486,0.160635,0.258772,0.297715,0.06171,0.11875,0.028931
2421_122_123_204,1,5,0.137876,0.215975,0.166421,0.005122,0.045497,0.421599,0.007511
2421_122_1112_1154,5,5,0.125747,0.121136,0.191926,0.007536,0.027469,0.504111,0.022075
2421_121_1167_1205,3,3,0.005111,0.001092,0.006239,0.965978,0.001901,0.00371,0.015969
2421_121_634_834,3,3,0.007839,0.00411,0.029673,0.926823,0.00756,0.019353,0.004642
2421_121_31_113,5,3,0.010168,0.005576,0.100888,0.809982,0.019021,0.035479,0.018886
2421_121_966_1101,3,3,0.00658,0.00396,0.015079,0.93104,0.005589,0.011693,0.026058
2421_121_222_289,5,1,0.095333,0.274664,0.266214,0.247946,0.052727,0.032451,0.030665
2421_122_292_440,1,1,0.174878,0.303597,0.172017,0.037825,0.254218,0.020077,0.037388
2421_122_845_952,1,1,0.093648,0.31549,0.300526,0.032666,0.066066,0.147928,0.043676
2421_122_536_629,1,1,0.133036,0.429253,0.097677,0.063564,0.103739,0.049147,0.123585
2421_121_460_526,5,3,0.049029,0.121981,0.175774,0.360914,0.02726,0.205675,0.059368
2426_121_126_164,4,2,0.030003,0.143344,0.592198,0.019647,0.135935,0.029429,0.049444
2426_121_1202_1350,1,1,0.134116,0.622094,0.017243,0.001428,0.221354,0.001303,0.002463
2426_121_1822_2047,4,3,0.06043,0.175299,0.184901,0.243814,0.147464,0.168309,0.019784
2426_122_1675_1818,1,2,0.109279,0.177903,0.254619,0.049675,0.170578,0.117533,0.120414
2426_122_1361_1505,1,2,0.080373,0.243073,0.286682,0.216327,0.077604,0.047816,0.048125
2426_121_855_1031,4,4,0.028637,0.077703,0.267607,0.179087,0.405611,0.01024,0.031114
2426_122_192_227,4,2,0.114342,0.234355,0.30947,0.035883,0.045533,0.069597,0.19082
2426_122_489_616,1,1,0.12669,0.458446,0.143947,0.031027,0.116668,0.049172,0.07405
2426_122_1072_1172,1,5,0.096344,0.101636,0.208956,0.208797,0.08307,0.225977,0.07522
2426_121_272_472,3,3,0.015292,0.018795,0.045094,0.853204,0.014268,0.037522,0.015825
2426_122_31_98,4,1,0.300675,0.494548,0.072546,0.003926,0.050763,0.029008,0.048533
2426_121_647_707,4,3,0.068447,0.314581,0.088749,0.381142,0.076593,0.030194,0.040293
2426_121_1552_1650,1,1,0.396414,0.500264,0.013004,0.028936,0.023906,0.021312,0.016163
2426_122_731_802,1,1,0.108239,0.27132,0.127108,0.056313,0.230361,0.066281,0.140378
2429_121_116_223,3,3,0.004091,0.004112,0.005533,0.947584,0.007186,0.004769,0.026725
2429_122_1165_1358,0,1,0.432117,0.498494,0.01769,0.004715,0.034375,0.005202,0.007407
2429_122_1548_1753,1,0,0.524526,0.394251,0.026202,0.001548,0.044432,0.006866,0.002175
2429_122_231_478,1,1,0.328865,0.503662,0.062802,0.007216,0.054809,0.03672,0.005927
2429_121_1400_1523,4,3,0.01891,0.066359,0.239061,0.516141,0.115171,0.012615,0.031743
2429_122_904_948,1,0,0.472165,0.424541,0.027515,0.020851,0.022376,0.018263,0.014289
2429_121_968_1133,3,3,0.03692,0.115138,0.079063,0.641394,0.058777,0.033765,0.034944
2429_122_615_736,1,1,0.123314,0.466529,0.240328,0.022823,0.06176,0.056002,0.029244
2429_122_31_100,1,1,0.138601,0.581404,0.116327,0.008463,0.057959,0.046444,0.050801
2429_121_758_887,3,3,0.026318,0.138818,0.056311,0.643166,0.042169,0.020014,0.073204
2429_121_510_591,4,3,0.037631,0.117496,0.074058,0.487393,0.102566,0.010058,0.170798
2431_122_100_288,6,1,0.054741,0.224351,0.206149,0.199443,0.037647,0.060061,0.217609
2431_121_1276_1323,4,6,0.02676,0.178266,0.26141,0.092187,0.044067,0.064999,0.332311
2431_122_863_1254,3,3,0.030685,0.121019,0.056262,0.528997,0.027166,0.0839,0.151971
2431_121_1382_1488,1,3,0.01109,0.039324,0.076778,0.50478,0.041038,0.048343,0.278648
2431_122_1340_1370,5,5,0.098162,0.137941,0.12736,0.006273,0.038197,0.563766,0.028301
2431_121_472_626,1,1,0.222934,0.555196,0.077166,0.040893,0.053363,0.036119,0.014329
2431_121_315_341,1,4,0.031169,0.307547,0.172768,0.045025,0.339513,0.021854,0.082125
2431_121_31_75,1,2,0.041802,0.209076,0.473057,0.061428,0.059253,0.094045,0.061339
2431_122_376_444,5,5,0.089472,0.218057,0.238502,0.008134,0.054872,0.379469,0.011494
2431_122_1510_1658,0,0,0.609787,0.297884,0.033254,0.007036,0.025165,0.023842,0.003032
2431_121_808_834,5,5,0.013875,0.10098,0.242989,0.007375,0.020349,0.584446,0.029985
2431_122_646_794,1,1,0.120916,0.543787,0.075007,0.110687,0.052274,0.046026,0.051303
2435_122_31_200,1,1,0.261308,0.546525,0.085192,0.011637,0.045636,0.026312,0.023391
2435_121_1191_1384,0,1,0.105771,0.425579,0.091945,0.166536,0.112272,0.03346,0.064436
2435_121_222_333,1,3,0.026115,0.145779,0.113331,0.592036,0.040566,0.055432,0.026742
2435_121_1701_1816,0,0,0.397513,0.353955,0.059312,0.093044,0.050875,0.018654,0.026647
2435_122_1401_1667,0,0,0.70011,0.241415,0.01278,0.001813,0.022689,0.018186,0.003007
2435_122_889_1165,0,0,0.634065,0.294248,0.021387,0.00238,0.024448,0.020302,0.003171
2435_121_576_642,1,1,0.116475,0.504542,0.163394,0.023479,0.139509,0.013209,0.039393
2435_122_351_553,0,0,0.676823,0.282606,0.013204,0.002228,0.015128,0.005599,0.004412
2435_121_799_861,3,3,0.003202,0.001709,0.002623,0.982303,0.001142,0.003694,0.005326
2435_122_1837_2020,1,0,0.703282,0.22826,0.01802,0.004344,0.01892,0.011827,0.015347
2435_122_662_777,1,0,0.566823,0.384494,0.012829,0.003105,0.018708,0.01084,0.003201
2433_122_111_220,2,2,0.035313,0.234612,0.411447,0.024877,0.162184,0.081179,0.050388
2433_122_1269_1591,2,0,0.275854,0.27119,0.262943,0.039762,0.095488,0.044602,0.01016
2433_121_1121_1248,5,1,0.250764,0.445939,0.103766,0.035374,0.050416,0.090088,0.023653
2433_121_253_364,4,3,0.019441,0.066117,0.076317,0.622782,0.094513,0.017144,0.103685
2433_122_871_935,1,2,0.042889,0.055236,0.610981,0.07068,0.088662,0.055392,0.07616
2433_121_550_851,1,3,0.035545,0.205464,0.258411,0.295787,0.149015,0.022525,0.033254
2433_122_1685_1793,1,4,0.076584,0.146771,0.194117,0.034141,0.438122,0.023853,0.086411
2433_122_1002_1090,2,2,0.037521,0.135705,0.708927,0.013592,0.028119,0.048233,0.027903
2433_122_399_519,1,1,0.106186,0.32073,0.311905,0.060182,0.108339,0.019255,0.073404
2433_121_31_90,2,2,0.021545,0.097296,0.551052,0.101876,0.085784,0.040187,0.10226
2433_121_1611_1663,2,1,0.06688,0.451322,0.203781,0.008806,0.253611,0.007367,0.008233
2433_121_960_995,6,5,0.058942,0.182158,0.100611,0.051373,0.03596,0.434913,0.136043
2439_121_128_229,4,2,0.022862,0.15514,0.458187,0.107527,0.091671,0.078505,0.086109
2439_122_994_1417,3,4,0.027402,0.051842,0.218839,0.115053,0.51586,0.020398,0.050606
2439_122_1906_2074,3,3,0.040664,0.090969,0.142001,0.438433,0.19199,0.045192,0.050752
2439_121_1657_1889,4,4,0.002247,0.008334,0.272129,0.002141,0.709724,0.003078,0.002348
2439_122_245_333,5,2,0.076857,0.143834,0.372483,0.042522,0.161185,0.164441,0.038679
2439_121_1450_1553,4,4,0.003576,0.01505,0.34088,0.009384,0.620687,0.003623,0.006801
2439_121_615_979,4,4,0.019143,0.059547,0.279248,0.031056,0.58102,0.013694,0.016291
2439_122_560_592,4,4,0.036531,0.167716,0.313548,0.00595,0.426032,0.024108,0.026115
2439_121_357_545,4,4,0.00262,0.01825,0.329249,0.002363,0.641012,0.003074,0.003432
2439_122_31_107,5,2,0.021443,0.089594,0.665205,0.00145,0.168635,0.048325,0.005348
2439_122_1572_1633,4,4,0.043719,0.201022,0.082096,0.023125,0.570151,0.008164,0.071723
2436_121_88_197,5,2,0.018964,0.036823,0.385771,0.298269,0.096664,0.127066,0.036443
2436_121_1234_1339,3,3,0.012964,0.023149,0.030042,0.811028,0.019824,0.007862,0.09513
2436_122_1121_1209,3,5,0.030836,0.019494,0.073811,0.09537,0.030824,0.744267,0.005398
2436_122_1669_1872,4,4,0.026941,0.063386,0.332859,0.049919,0.4794,0.031761,0.015735
2436_122_212_343,4,1,0.11482,0.422957,0.204809,0.004308,0.236902,0.01076,0.005445
2436_122_1355_1494,4,4,0.051285,0.226427,0.070289,0.004066,0.633046,0.004709,0.010179
2436_121_944_1106,5,3,0.032706,0.110676,0.126527,0.455185,0.157108,0.097605,0.020193
2436_122_499_620,1,1,0.100862,0.5739,0.126297,0.005206,0.175663,0.011739,0.006334
2436_121_367_490,1,1,0.190539,0.625566,0.056472,0.03017,0.060129,0.015007,0.022118
2436_122_31_70,4,4,0.01092,0.070491,0.066586,0.001565,0.847001,0.001047,0.002391
2436_121_1515_1654,4,3,0.068567,0.250497,0.073789,0.307221,0.135609,0.104611,0.059706
2436_121_1888_2015,3,3,0.007401,0.007369,0.016518,0.941006,0.006962,0.004653,0.016092
2436_121_647_810,5,3,0.061424,0.259561,0.061256,0.354563,0.098853,0.05397,0.110373
2436_122_827_928,4,4,0.019728,0.113933,0.161897,0.014109,0.667436,0.005131,0.017766
2440_122_1147_1312,0,0,0.723815,0.179874,0.033193,0.002135,0.050243,0.007253,0.003486
2440_122_1388_1545,0,0,0.706654,0.186535,0.034275,0.002802,0.043687,0.013313,0.012734
2440_121_31_122,1,1,0.231465,0.601735,0.039041,0.010301,0.060347,0.016561,0.04055
2440_121_889_963,2,1,0.134396,0.49018,0.159032,0.00967,0.172114,0.025298,0.00931
2440_122_132_234,0,0,0.789766,0.172699,0.006878,0.001857,0.011588,0.012071,0.005142
2440_121_1332_1372,2,4,0.064968,0.300799,0.087845,0.001638,0.530254,0.001665,0.012833
2440_122_371_619,0,0,0.751515,0.201123,0.010409,0.001519,0.016241,0.017197,0.001996
2440_121_1051_1137,1,1,0.361859,0.543638,0.026726,0.002508,0.046818,0.010666,0.007786
2440_121_257_360,4,1,0.291008,0.508358,0.067809,0.003377,0.107455,0.011811,0.010182
2440_122_718_861,0,0,0.810189,0.136235,0.015897,0.001767,0.021254,0.006964,0.007694
2440_121_644_708,4,2,0.018862,0.25569,0.563347,0.002444,0.139628,0.014791,0.005237
2440_122_984_1033,0,0,0.791209,0.179827,0.007546,0.001004,0.01286,0.003918,0.003637
2434_122_112_151,3,2,0.024871,0.028463,0.556903,0.114554,0.043804,0.169191,0.062214
2434_122_941_1207,3,1,0.253643,0.325436,0.104426,0.152598,0.092763,0.045344,0.02579
2434_121_1651_1797,1,1,0.327079,0.555962,0.035446,0.017989,0.046647,0.00602,0.010857
2434_121_172_406,3,3,0.006887,0.012543,0.073947,0.816482,0.020298,0.008088,0.061755
2434_121_1417_1517,4,2,0.009394,0.098786,0.665836,0.029024,0.178082,0.00593,0.012947
2434_122_1303_1386,3,1,0.118513,0.326156,0.106125,0.271415,0.049643,0.060511,0.067637
2434_122_526_701,3,5,0.028806,0.049019,0.171622,0.246532,0.030523,0.454884,0.018615
2434_121_470_509,3,3,0.011976,0.002359,0.010081,0.937506,0.004028,0.015491,0.018559
2434_121_31_94,3,3,0.008885,0.008729,0.018425,0.90541,0.012644,0.009686,0.036221
2434_122_431_446,3,5,0.028822,0.063302,0.122256,0.104407,0.01996,0.622449,0.038804
2434_122_1535_1633,3,3,0.029628,0.040626,0.086164,0.633979,0.021751,0.178531,0.009322
2434_121_1236_1282,4,1,0.140758,0.591934,0.07983,0.023654,0.124952,0.017941,0.020932
2434_121_878_921,1,1,0.339517,0.49047,0.049761,0.063305,0.015469,0.024754,0.016724
2434_121_742_807,3,3,0.009943,0.011527,0.02952,0.905525,0.007818,0.010498,0.025168
2434_122_827_857,3,2,0.037931,0.099753,0.445185,0.143993,0.043367,0.156079,0.073692
3041_154_924_1000,1,1,0.229913,0.602031,0.019072,0.042219,0.028893,0.044317,0.033555
3041_154_191_228,6,6,0.063378,0.141897,0.039194,0.036549,0.059077,0.098421,0.561483
3041_154_1322_1441,1,4,0.012583,0.053227,0.093067,0.023344,0.786963,0.009008,0.021808
3041_154_529_685,1,1,0.06521,0.225432,0.083522,0.169216,0.206428,0.123354,0.126839
3041_154_286_444,5,6,0.035839,0.091948,0.027447,0.083237,0.022082,0.254823,0.484623
3041_153_447_500,6,0,0.423165,0.200544,0.015795,0.1409,0.047582,0.109534,0.062481
3041_154_31_92,6,6,0.063883,0.161086,0.03445,0.097714,0.090846,0.189479,0.362542
3041_154_771_815,1,5,0.079649,0.202399,0.124302,0.046066,0.045541,0.421578,0.080466
3044_153_31_211,6,3,0.079895,0.052825,0.218091,0.340984,0.116195,0.050221,0.141789
3044_154_1246_1341,1,6,0.045807,0.270784,0.048008,0.237576,0.068532,0.016216,0.313077
3044_153_1046_1236,0,5,0.12719,0.288133,0.109987,0.049282,0.061547,0.310278,0.053583
3044_154_1571_1715,2,1,0.158887,0.397442,0.110741,0.099935,0.051831,0.045355,0.135809
3044_154_1818_1913,1,3,0.035075,0.045111,0.024409,0.541925,0.060799,0.035532,0.257151
3044_154_1406_1461,1,1,0.302997,0.395779,0.044613,0.128992,0.031778,0.013388,0.082453
3044_154_826_981,1,1,0.212152,0.260448,0.048726,0.137784,0.114006,0.052602,0.174282
3044_154_496_606,1,6,0.02164,0.033836,0.012607,0.172064,0.09046,0.018784,0.650608
3044_153_646_816,0,0,0.576695,0.285524,0.024202,0.01128,0.076025,0.015292,0.010982
3044_153_376_410,1,5,0.176901,0.180523,0.038175,0.010509,0.025162,0.524225,0.044505
3044_153_1726_1751,0,5,0.020331,0.021972,0.027292,0.035373,0.012308,0.869616,0.013108
3045_154_31_129,1,1,0.097221,0.327669,0.086161,0.069996,0.284847,0.069312,0.064793
3045_154_1245_1331,2,1,0.119536,0.348813,0.091501,0.037267,0.042513,0.100473,0.259895
3045_153_1122_1245,6,1,0.135504,0.470948,0.041718,0.064571,0.072539,0.1092,0.10552
3045_154_219_348,1,1,0.229255,0.534617,0.047163,0.012108,0.100222,0.010358,0.066277
3045_153_1380_1520,3,3,0.01378,0.02326,0.02569,0.625504,0.159101,0.062295,0.09037
3045_154_699_938,1,1,0.120138,0.447185,0.0355,0.212824,0.045504,0.064908,0.073941
3045_153_940_1031,6,5,0.033358,0.10319,0.026305,0.116039,0.021221,0.450147,0.24974
3045_153_139_217,6,3,0.057304,0.09719,0.046689,0.330591,0.043863,0.215798,0.208566
3045_154_434_622,1,4,0.205758,0.342072,0.065861,0.002809,0.358144,0.004358,0.020998
3045_154_1045_1112,6,6,0.176575,0.275328,0.028625,0.03007,0.088868,0.010733,0.389801
3045_153_627_699,5,5,0.003398,0.005271,0.013016,0.008699,0.005795,0.958088,0.005734
3045_154_1520_1627,1,2,0.049025,0.08366,0.392398,0.205024,0.193755,0.064301,0.011836
3045_153_362_419,6,1,0.193947,0.420263,0.025931,0.112959,0.057264,0.093804,0.095832
3047_153_95_248,6,3,0.008347,0.014395,0.0442,0.470957,0.062653,0.027562,0.371887
3047_154_1068_1292,6,3,0.039221,0.107825,0.016564,0.695711,0.023205,0.040877,0.076598
3047_154_1582_1771,6,0,0.358675,0.269536,0.050146,0.070076,0.048561,0.174293,0.028713
3047_153_1310_1567,0,0,0.833454,0.091535,0.006872,0.013474,0.012297,0.035511,0.006856
3047_153_926_1060,0,0,0.692122,0.186503,0.013044,0.036794,0.014652,0.03754,0.019344
3047_153_586_674,6,6,0.052442,0.107455,0.022397,0.253108,0.026467,0.063512,0.47462
3047_153_329_449,3,3,0.015704,0.025156,0.037341,0.646233,0.027853,0.073618,0.174094
3047_154_456_571,1,5,0.070387,0.1068,0.036711,0.031878,0.018222,0.711459,0.024543
3047_154_31_87,6,2,0.023529,0.244168,0.303455,0.004417,0.207553,0.040922,0.175955
3047_154_680_903,1,0,0.575544,0.333193,0.012504,0.023517,0.025374,0.017684,0.012184
3047_154_268_305,5,5,0.295868,0.068744,0.01863,0.0948,0.015097,0.477886,0.028974
3048_154_31_163,1,1,0.09246,0.349555,0.14469,0.02104,0.283752,0.070122,0.038382
3048_154_1291_1381,3,5,0.115569,0.080011,0.073193,0.026428,0.026212,0.664199,0.014387
3048_154_212_310,1,0,0.500176,0.252712,0.048523,0.032506,0.03082,0.104341,0.030923
3048_153_1394_1568,0,0,0.780744,0.148796,0.005553,0.016178,0.010285,0.027734,0.010711
3048_154_833_950,1,0,0.386333,0.379872,0.02,0.056931,0.017669,0.053793,0.085402
3048_154_432_725,1,0,0.788603,0.13009,0.021815,0.009387,0.028215,0.009328,0.012562
3048_154_1100_1181,1,1,0.338734,0.497641,0.0299,0.042593,0.028978,0.02454,0.037614
3048_153_314_413,5,5,0.164222,0.088863,0.012306,0.024588,0.03378,0.65928,0.016961
3048_153_958_1090,1,1,0.260676,0.528071,0.077344,0.02124,0.0855,0.012331,0.014838
3054_153_1239_1448,3,3,0.019913,0.020012,0.027571,0.562582,0.036046,0.236894,0.09698
3054_154_993_1197,6,6,0.007219,0.014175,0.043155,0.020158,0.270384,0.004648,0.64026
3054_154_243_290,6,6,0.009524,0.029362,0.015976,0.025799,0.024297,0.022721,0.87232
3054_153_1712_1822,1,2,0.032146,0.070651,0.512626,0.092697,0.110982,0.139364,0.041534
3054_154_1454_1658,1,3,0.007481,0.031398,0.104974,0.402971,0.020046,0.343244,0.089885
3054_154_669_932,1,5,0.080892,0.058119,0.076699,0.017851,0.132312,0.488689,0.145439
3054_153_942_982,6,6,0.027495,0.028782,0.025885,0.174788,0.023764,0.082438,0.636848
3054_153_192_233,6,6,0.097137,0.17611,0.052187,0.085776,0.034704,0.219717,0.334369
3054_153_592_659,6,3,0.018806,0.010604,0.063424,0.443409,0.052017,0.199992,0.211749
3054_154_139_190,6,6,0.00873,0.010535,0.020285,0.145208,0.020186,0.039828,0.755229
3054_153_303_369,6,5,0.077581,0.149425,0.156853,0.074246,0.055635,0.26338,0.222881
3054_154_382_551,6,6,0.013852,0.078323,0.035589,0.13993,0.012689,0.031213,0.688403
3054_153_31_109,6,5,0.017163,0.014978,0.035462,0.190578,0.036021,0.393966,0.311832
3055_153_1262_1354,0,0,0.813357,0.12037,0.00949,0.012294,0.006674,0.02766,0.010156
3055_154_1129_1243,3,3,0.238529,0.09985,0.028562,0.398878,0.049424,0.098734,0.086024
3055_153_2507_2715,6,1,0.255158,0.54359,0.024254,0.08635,0.029227,0.02531,0.036111
3055_154_2058_2093,3,1,0.066719,0.306956,0.061972,0.097784,0.144234,0.024082,0.298253
3055_153_1042_1129,0,3,0.036866,0.044396,0.046332,0.645598,0.032193,0.103842,0.090772
3055_154_1626_1776,3,3,0.078199,0.251546,0.032144,0.307433,0.033954,0.185764,0.110959
3055_153_578_696,0,0,0.726353,0.186709,0.017763,0.020136,0.016449,0.015903,0.016687
3055_154_2300_2483,6,0,0.522079,0.267372,0.023457,0.050426,0.040964,0.020275,0.075428
3055_153_1476_1617,1,0,0.66588,0.15581,0.024877,0.05962,0.028753,0.036315,0.028746
3055_153_2152_2283,1,0,0.473812,0.436758,0.020699,0.014961,0.029196,0.008259,0.016315
3055_153_1807_2008,0,0,0.814852,0.121862,0.006065,0.023143,0.009496,0.016231,0.008351
3055_154_699_914,3,1,0.145094,0.426666,0.060266,0.132935,0.048075,0.117399,0.069566
3055_154_1361_1440,1,0,0.846184,0.119946,0.004894,0.00463,0.007955,0.010128,0.006263
3055_153_315_478,1,0,0.434366,0.244109,0.029996,0.165891,0.02882,0.037542,0.059275
3055_154_496_558,3,3,0.064413,0.226273,0.103751,0.34113,0.083736,0.025324,0.155372
3055_154_11_40,6,1,0.148868,0.433707,0.09267,0.004829,0.292173,0.017657,0.010096
3051_153_31_200,5,5,0.032249,0.131421,0.178671,0.014817,0.108469,0.49076,0.043613
3051_154_1268_1383,5,1,0.02479,0.3169,0.306501,0.00769,0.025644,0.246036,0.072439
3051_153_1124_1248,1,2,0.065176,0.120054,0.516674,0.011307,0.043007,0.242079,0.001703
3051_154_204_295,5,5,0.017587,0.09569,0.177118,0.002918,0.025823,0.666808,0.014057
3051_154_1788_1897,2,1,0.084908,0.245536,0.19052,0.033608,0.063136,0.228401,0.153892
3051_153_1397_1522,1,1,0.318373,0.487484,0.074593,0.008357,0.074112,0.03035,0.00673
3051_153_939_970,2,0,0.543625,0.255623,0.020563,0.025709,0.013376,0.072217,0.068887
3051_153_483_596,2,1,0.220467,0.392841,0.145076,0.063399,0.028441,0.134965,0.014812
3051_154_975_1116,2,5,0.01324,0.072704,0.175981,0.006219,0.0072,0.696906,0.027749
3051_153_1709_1776,2,2,0.038314,0.133361,0.462435,0.098527,0.042136,0.198005,0.027221
3051_153_297_423,2,5,0.071425,0.128247,0.083857,0.019974,0.027092,0.636579,0.032827
3051_154_613_660,1,3,0.051384,0.074252,0.100172,0.37509,0.035655,0.238396,0.125051
3051_154_424_467,1,6,0.02101,0.239204,0.061886,0.015337,0.028698,0.011395,0.622469
3051_153_691_919,2,1,0.166647,0.367389,0.329241,0.007042,0.043465,0.075346,0.010871
3051_154_1538_1676,1,0,0.451033,0.28516,0.130104,0.002977,0.099309,0.01516,0.016258
3053_154_98_162,3,5,0.083892,0.076953,0.067443,0.111268,0.021456,0.602932,0.036056
3053_153_1004_1330,6,3,0.009938,0.027064,0.108865,0.628868,0.12555,0.039025,0.06069
3053_154_2008_2100,3,3,0.065957,0.268469,0.025948,0.487236,0.048644,0.025128,0.078618
3053_153_1656_1703,3,3,0.004158,0.003673,0.012906,0.922438,0.005894,0.013311,0.037619
3053_153_168_264,3,3,0.04061,0.088076,0.066745,0.331952,0.095388,0.092374,0.284855
3053_154_1810_1932,6,3,0.068592,0.142044,0.016787,0.435929,0.044942,0.047108,0.244597
3053_154_727_974,3,1,0.2539,0.289576,0.032407,0.077784,0.088514,0.2276,0.03022
3053_154_1342_1459,4,6,0.014642,0.105097,0.052163,0.124441,0.138838,0.210315,0.354504
3053_154_554_608,3,3,0.016396,0.009809,0.008419,0.843839,0.008544,0.052251,0.060742
3053_154_1717_1766,6,5,0.063341,0.054644,0.031206,0.043385,0.032697,0.658888,0.115839
3053_154_264_362,5,5,0.009634,0.025707,0.021594,0.151066,0.022208,0.728336,0.041456
3053_153_609_716,6,3,0.014883,0.026662,0.019327,0.770149,0.023217,0.072144,0.073617
3053_153_391_538,6,3,0.007466,0.003443,0.01143,0.84842,0.021355,0.083291,0.024595
3053_153_31_84,3,3,0.008314,0.005006,0.009387,0.861433,0.011528,0.020071,0.084262
3053_153_1468_1569,3,3,0.006548,0.022646,0.010984,0.789616,0.013134,0.01887,0.138202
3053_154_1580_1623,6,3,0.055946,0.094337,0.040672,0.375683,0.033338,0.025808,0.374216
3053_153_1776_1795,6,1,0.155458,0.254685,0.132439,0.11821,0.209193,0.021989,0.108028
3053_153_1947_1998,5,3,0.042932,0.032436,0.022407,0.765036,0.019083,0.013523,0.104582
3050_153_92_164,3,3,0.007875,0.009814,0.011958,0.920122,0.010001,0.012108,0.028123
3050_154_1203_1344,3,3,0.02369,0.029495,0.039967,0.745898,0.039023,0.079429,0.042498
3050_153_1139_1203,2,3,0.025713,0.045885,0.068544,0.70051,0.065502,0.022928,0.070919
3050_153_225_305,1,3,0.058407,0.221709,0.04203,0.405666,0.044872,0.036143,0.191174
3050_153_1701_1836,6,3,0.01129,0.005638,0.019366,0.827951,0.007249,0.083,0.045506
3050_153_1377_1555,3,3,0.011842,0.018914,0.018801,0.596179,0.017618,0.295732,0.040914
3050_154_774_952,3,3,0.00346,0.001245,0.029734,0.677024,0.011154,0.274571,0.002812
3050_154_174_209,1,6,0.121243,0.235417,0.047883,0.02866,0.121373,0.091493,0.353931
3050_154_591_689,5,5,0.006305,0.012635,0.01948,0.006487,0.007257,0.918549,0.029287
3050_154_2049_2204,3,0,0.491684,0.17571,0.084504,0.078889,0.074145,0.029025,0.066043
3050_154_1046_1114,3,3,0.069748,0.023036,0.063155,0.647569,0.025007,0.154441,0.017046
3050_154_315_379,1,0,0.619944,0.311687,0.007893,0.014321,0.016557,0.015802,0.013796
3050_153_406_566,3,5,0.073752,0.225516,0.094037,0.169038,0.043427,0.307379,0.086851
3050_154_21_81,6,4,0.024513,0.032289,0.090094,0.346207,0.389127,0.027551,0.09022
3050_154_1838_1945,1,5,0.043857,0.232346,0.167696,0.173177,0.057715,0.259706,0.065504
3050_153_712_761,3,5,0.015431,0.024287,0.090073,0.149272,0.010732,0.595184,0.115021
3050_154_1569_1676,3,3,0.042749,0.023526,0.053201,0.499969,0.043874,0.316985,0.019696
3050_153_1974_2039,0,3,0.263759,0.100862,0.027028,0.412895,0.040353,0.09384,0.061263
3050_153_966_1022,3,3,0.057864,0.154169,0.013663,0.492281,0.035672,0.017654,0.228697
3057_153_31_129,1,3,0.119204,0.321083,0.072784,0.395546,0.023164,0.043504,0.024716
3057_153_1128_1953,0,1,0.244997,0.51373,0.070089,0.011165,0.113523,0.019823,0.026672
3057_153_2043_2205,1,4,0.021937,0.353146,0.083533,0.01265,0.45997,0.021583,0.047181
3057_153_203_260,1,6,0.12743,0.179089,0.028373,0.093391,0.047557,0.092336,0.431824
3057_153_781_966,1,1,0.035339,0.252293,0.202947,0.132898,0.22634,0.098445,0.051737
3057_153_2282_2334,0,4,0.030578,0.114893,0.065687,0.057772,0.51563,0.012086,0.203355
3057_153_523_668,1,1,0.033561,0.304055,0.272555,0.078186,0.133125,0.116183,0.062335
3057_154_147_193,6,6,0.014155,0.041367,0.023684,0.298714,0.026227,0.107357,0.488495
3057_154_272_365,1,6,0.069689,0.243298,0.017845,0.051044,0.030599,0.050154,0.537371
3057_154_976_1093,1,1,0.247499,0.540477,0.061972,0.031447,0.04054,0.019875,0.058188
3057_154_462_515,6,1,0.172865,0.404976,0.023907,0.00534,0.181997,0.004958,0.205957
3057_153_381_440,1,1,0.276714,0.577462,0.034325,0.018835,0.036463,0.019899,0.036303
3057_154_682_766,1,6,0.050028,0.249815,0.020059,0.12491,0.027894,0.047317,0.479976
3057_154_2222_2274,6,1,0.196176,0.384147,0.025444,0.009735,0.289912,0.003834,0.090752
3057_154_1967_2025,1,1,0.05399,0.532275,0.272069,0.01071,0.048938,0.060932,0.021086
3060_153_126_173,5,5,0.020281,0.11202,0.032878,0.17311,0.017789,0.551159,0.092762
3060_154_1286_1364,3,3,0.012191,0.037869,0.045288,0.672634,0.021272,0.070846,0.1399
3060_153_1101_1281,3,3,0.004682,0.002245,0.005152,0.922731,0.009893,0.011091,0.044206
3060_154_204_288,5,6,0.03533,0.111563,0.029372,0.057908,0.008738,0.017188,0.739902
3060_153_923_1022,3,3,0.008399,0.008955,0.005817,0.901663,0.021534,0.012584,0.041047
3060_154_531_617,3,6,0.033352,0.157276,0.16511,0.113593,0.022041,0.089267,0.41936
3060_154_326_381,6,3,0.024701,0.026636,0.017764,0.492305,0.011417,0.022629,0.404549
3060_153_627_649,3,6,0.020374,0.094197,0.018774,0.181913,0.100108,0.020102,0.56453
3060_154_1035_1073,3,3,0.018196,0.057989,0.239094,0.425151,0.109839,0.014298,0.135433
3060_154_31_106,6,6,0.027604,0.07314,0.037392,0.056428,0.011273,0.103564,0.690599
3060_154_437_463,6,5,0.02548,0.020951,0.027233,0.172818,0.012269,0.490278,0.250971
3060_153_723_836,3,3,0.014788,0.024203,0.032464,0.71682,0.031851,0.101067,0.078806
3060_154_662_703,6,6,0.026614,0.043694,0.023079,0.058013,0.023757,0.022264,0.802578
3060_153_388_436,5,5,0.022392,0.055325,0.050412,0.047667,0.02439,0.732912,0.066902
3060_154_846_896,6,6,0.027272,0.162605,0.078841,0.090217,0.036083,0.101714,0.503268
3060_153_494_514,6,3,0.00706,0.012419,0.007647,0.799875,0.009031,0.029654,0.134313
3060_153_300_324,5,3,0.01525,0.042628,0.031197,0.447437,0.031472,0.177699,0.254317
3063_153_115_178,6,6,0.01258,0.022567,0.019408,0.326008,0.013135,0.009618,0.596684
3063_154_1262_1310,4,1,0.135385,0.614743,0.028164,0.130433,0.033225,0.011528,0.046522
3063_153_1172_1250,3,3,0.017562,0.014294,0.034694,0.772157,0.037678,0.100877,0.022738
3063_154_201_279,5,6,0.006753,0.008898,0.019837,0.072245,0.015124,0.404705,0.472438
3063_154_1457_1547,3,3,0.015952,0.026256,0.018692,0.568877,0.012895,0.01479,0.342537
3063_154_923_945,6,6,0.070094,0.160605,0.039283,0.139069,0.059847,0.116366,0.414736
3063_153_1329_1440,6,3,0.018409,0.046857,0.096007,0.721678,0.036444,0.028743,0.051862
3063_154_1100_1155,3,3,0.023491,0.033086,0.032498,0.618609,0.018717,0.024185,0.249414
3063_153_595_664,3,3,0.02128,0.021122,0.035157,0.827614,0.031319,0.031485,0.032023
3063_153_450_477,4,3,0.040522,0.11819,0.200026,0.314813,0.113458,0.027357,0.185633
3063_154_31_100,6,2,0.013944,0.043871,0.441985,0.046181,0.025636,0.231596,0.196786
3063_153_758_914,6,3,0.018224,0.048126,0.028245,0.722631,0.040333,0.024169,0.118272
3063_154_693_752,6,6,0.078514,0.050353,0.099386,0.19564,0.027709,0.152123,0.396275
3063_154_347_402,6,6,0.016253,0.126958,0.08164,0.029132,0.018028,0.255261,0.472727
3063_153_1574_1637,3,3,0.020683,0.022174,0.064736,0.70618,0.037085,0.023014,0.126128
3063_154_517_584,3,6,0.021021,0.026198,0.012534,0.059161,0.009774,0.101896,0.769416
3063_153_1050_1089,6,3,0.018016,0.034694,0.04759,0.537568,0.015326,0.133125,0.213679
3063_153_299_331,6,3,0.018649,0.036258,0.16885,0.510526,0.032444,0.034353,0.19892
3066_154_1175_1268,0,2,0.121935,0.222403,0.352639,0.020053,0.117632,0.021068,0.14427
3066_153_230_334,2,1,0.040137,0.207263,0.150895,0.028934,0.179023,0.201739,0.192009
3066_154_1728_1896,0,0,0.622413,0.17875,0.027109,0.028615,0.019586,0.0198,0.103728
3066_154_1340_1611,0,0,0.807174,0.127205,0.010525,0.009019,0.007965,0.00555,0.032562
3066_154_891_1088,0,0,0.794758,0.136517,0.031462,0.002583,0.017593,0.008926,0.008161
3066_154_157_210,0,0,0.274688,0.201542,0.025834,0.037322,0.019131,0.236344,0.20514
3066_154_581_825,0,0,0.63503,0.207192,0.028104,0.012161,0.071345,0.013324,0.032845
3066_154_364_477,1,0,0.571287,0.199145,0.028199,0.045894,0.025654,0.064744,0.065077
3066_154_31_107,0,0,0.643217,0.213236,0.048239,0.00502,0.053909,0.018459,0.017921
3066_153_851_876,2,4,0.037147,0.136871,0.157715,0.010567,0.566586,0.028586,0.062527
3061_153_2445_2512,3,3,0.032166,0.093684,0.058799,0.552343,0.14379,0.03276,0.086458
3061_154_111_157,4,6,0.018329,0.066087,0.067671,0.034109,0.101429,0.060938,0.651439
3061_153_1281_1363,4,4,0.005528,0.037605,0.031151,0.003476,0.880121,0.006976,0.035143
3061_153_1993_2082,4,4,0.008562,0.04182,0.03138,0.010384,0.881659,0.002582,0.023613
3061_154_1083_1251,4,1,0.081714,0.430083,0.065666,0.017437,0.181533,0.061781,0.161787
3061_154_1508_1684,4,4,0.03066,0.163157,0.168709,0.185688,0.290589,0.064425,0.096773
3061_153_177_275,3,5,0.054027,0.148119,0.047301,0.101656,0.075758,0.386475,0.186664
3061_154_1782_1966,4,4,0.030076,0.373849,0.074503,0.015794,0.376318,0.019504,0.109956
3061_154_1363_1480,4,6,0.029857,0.145278,0.04336,0.114125,0.03225,0.179759,0.455372
3061_153_2201_2336,3,6,0.01783,0.054544,0.014735,0.326257,0.040735,0.043046,0.502853
3061_154_886_1013,4,6,0.035777,0.178706,0.095589,0.005779,0.258297,0.022171,0.40368
3061_154_467_601,4,6,0.044697,0.211909,0.014342,0.226,0.122785,0.014514,0.365753
3061_153_1731_1767,4,5,0.066531,0.099578,0.055246,0.043383,0.051693,0.360067,0.323503
3061_154_293_337,4,1,0.171102,0.327635,0.01008,0.018787,0.195204,0.008655,0.268536
3061_153_1027_1073,5,5,0.011374,0.013169,0.011652,0.015433,0.010437,0.924821,0.013113
3061_153_31_111,4,3,0.013874,0.010819,0.053737,0.614354,0.058201,0.148815,0.1002
3061_153_337_452,5,5,0.004271,0.007531,0.010522,0.08729,0.012812,0.865194,0.012379
3061_153_1480_1508,4,5,0.018562,0.065579,0.057023,0.015239,0.053804,0.538197,0.251597
3061_153_807_857,3,4,0.013986,0.028766,0.202884,0.09075,0.430171,0.087081,0.146362
3061_153_642_683,3,6,0.038231,0.075752,0.016652,0.048401,0.010754,0.287889,0.522322
3061_154_2110_2194,4,6,0.011524,0.076564,0.03066,0.08528,0.109064,0.017967,0.668941
3061_154_704_802,4,4,0.019258,0.120923,0.292401,0.047699,0.371621,0.042323,0.105776
3061_154_2342_2416,4,4,0.05883,0.233024,0.113705,0.161201,0.246562,0.028283,0.158394
3065_153_1251_1378,6,1,0.034065,0.281221,0.043509,0.211227,0.154729,0.02087,0.25438
3065_154_1125_1234,6,6,0.016629,0.072884,0.045536,0.282304,0.029929,0.100028,0.45269
3065_153_1675_1816,6,3,0.011665,0.017297,0.015832,0.879312,0.019924,0.014342,0.041629
3065_154_1402_1467,3,6,0.045686,0.149651,0.034381,0.180581,0.018159,0.01376,0.557782
3065_154_815_931,6,6,0.014034,0.101155,0.081745,0.270782,0.105332,0.028982,0.397969
3065_153_135_252,3,3,0.018939,0.100716,0.070885,0.507618,0.118808,0.021829,0.161206
3065_154_558_660,6,5,0.020731,0.249716,0.138772,0.011104,0.030965,0.338506,0.210205
3065_153_956_1120,6,3,0.00837,0.013163,0.012992,0.760913,0.017775,0.009732,0.177054
3065_153_477_548,6,3,0.034698,0.09802,0.055038,0.468132,0.086137,0.021476,0.236499
3065_154_31_106,6,6,0.037718,0.190349,0.121254,0.142844,0.048978,0.138893,0.319965
3065_154_384_460,6,6,0.027376,0.179894,0.102994,0.022696,0.022756,0.293398,0.350885
3065_153_1480_1570,6,3,0.013641,0.032494,0.028811,0.84365,0.020757,0.027953,0.032693
3065_154_717_755,6,3,0.008449,0.005958,0.008796,0.877002,0.005216,0.059869,0.034709
3065_154_1570_1662,3,3,0.080861,0.242564,0.021878,0.327827,0.02256,0.146125,0.158183
3065_153_765_815,6,3,0.013594,0.009162,0.029007,0.90178,0.010605,0.009184,0.026667
3065_153_338_379,3,3,0.02023,0.009616,0.023295,0.887368,0.021889,0.011694,0.025907
3065_154_275_330,6,3,0.012795,0.012393,0.021527,0.784737,0.00595,0.127033,0.035566
3065_153_674_692,6,3,0.012732,0.027722,0.03465,0.641374,0.02079,0.058511,0.20422
3073_154_1115_1244,1,0,0.5443,0.268363,0.024052,0.054939,0.015077,0.016903,0.076365
3073_154_1408_1462,1,6,0.058517,0.184909,0.135814,0.225878,0.069792,0.021994,0.303096
3073_154_148_220,1,0,0.366765,0.351146,0.030329,0.023402,0.029305,0.040022,0.15903
3073_154_415_547,0,0,0.76838,0.163245,0.017012,0.009903,0.012228,0.009059,0.020174
3073_154_750_833,0,0,0.866519,0.068262,0.012082,0.008949,0.010607,0.008348,0.025233
3068_153_1264_1298,5,3,0.022551,0.022042,0.017388,0.706652,0.064107,0.030773,0.136486
3068_154_1118_1230,3,3,0.013428,0.012202,0.013934,0.87004,0.011783,0.04989,0.028722
3068_153_216_402,5,5,0.017923,0.236676,0.103297,0.065924,0.087575,0.289688,0.198917
3068_154_1430_1491,6,6,0.062679,0.173063,0.028873,0.074678,0.037697,0.012244,0.610766
3068_154_1311_1384,6,3,0.014277,0.109154,0.052196,0.377121,0.058892,0.035007,0.353353
3068_153_519_666,6,6,0.017928,0.037912,0.017726,0.388019,0.015782,0.053722,0.468912
3068_154_156_189,6,6,0.021435,0.289608,0.162644,0.050643,0.111409,0.046597,0.317664
3068_153_1029_1118,5,3,0.005075,0.00531,0.005841,0.823134,0.006232,0.104787,0.049621
3068_154_420_506,5,5,0.025187,0.178973,0.056509,0.068184,0.016425,0.348025,0.306697
3068_153_31_90,6,6,0.038503,0.047362,0.01229,0.307021,0.016388,0.025416,0.55302
3068_153_1494_1518,6,3,0.016055,0.064503,0.021393,0.515304,0.020088,0.019209,0.343448
3068_154_674_826,6,6,0.004899,0.061898,0.026878,0.025118,0.101269,0.008958,0.770981
3068_153_1394_1430,3,6,0.036255,0.078065,0.013712,0.124145,0.050359,0.009877,0.687588
3068_153_840_881,5,5,0.011522,0.052449,0.057096,0.032122,0.022982,0.738954,0.084875
3068_154_987_1029,6,6,0.023769,0.137974,0.098446,0.057524,0.034091,0.102717,0.54548
3064_154_104_257,6,6,0.104121,0.159555,0.021372,0.057049,0.029844,0.026467,0.601591
3064_154_1285_1318,4,2,0.028878,0.191889,0.275642,0.059453,0.160772,0.066344,0.217021
3064_154_1996_2114,5,5,0.013549,0.084457,0.189296,0.05852,0.04567,0.382223,0.226286
3064_153_1546_1682,5,5,0.058473,0.102951,0.04105,0.338743,0.023444,0.342251,0.093088
3064_154_1711_1811,6,5,0.013495,0.019171,0.03844,0.096082,0.007562,0.664654,0.160595
3064_153_1338_1470,6,1,0.066922,0.352915,0.125121,0.050962,0.289332,0.050213,0.064533
3064_153_819_954,6,4,0.078181,0.291267,0.080626,0.120663,0.356849,0.033047,0.039366
3064_154_538_638,3,2,0.012258,0.305785,0.366269,0.057746,0.0668,0.058898,0.132243
3064_154_1124_1170,6,6,0.039876,0.07915,0.034121,0.018767,0.01276,0.121785,0.693541
3064_153_1041_1107,6,1,0.131385,0.482569,0.063238,0.036824,0.136753,0.025989,0.123242
3064_154_330_425,6,6,0.021814,0.189307,0.046708,0.096125,0.020932,0.055274,0.56984
3064_153_442_526,6,3,0.031949,0.091866,0.074633,0.491791,0.062491,0.021403,0.225866
3064_153_31_90,6,6,0.042867,0.041517,0.142872,0.199649,0.054237,0.100221,0.418636
3064_154_1487_1536,6,2,0.008945,0.092401,0.316568,0.163285,0.020336,0.271073,0.127392
3064_153_1190_1285,6,6,0.008105,0.010258,0.016878,0.092939,0.016426,0.058352,0.797043
3064_153_1825_1970,6,5,0.013135,0.058955,0.06469,0.262031,0.026203,0.509842,0.065144
3064_153_652_728,6,3,0.019997,0.039154,0.023754,0.816182,0.029333,0.025972,0.045608
3064_154_740_811,4,6,0.011294,0.025265,0.047759,0.045504,0.033484,0.047009,0.789686
3064_154_961_1033,4,3,0.018144,0.088379,0.055932,0.316057,0.012828,0.265001,0.243658
3064_153_272_330,6,5,0.012845,0.024242,0.040628,0.146069,0.008126,0.509397,0.258693
3070_153_31_162,6,3,0.00984,0.018668,0.03139,0.660315,0.045315,0.096801,0.137671
3070_153_1241_1446,6,5,0.042216,0.105663,0.145278,0.093949,0.040922,0.292715,0.279257
3070_153_1878_2145,3,3,0.022218,0.033153,0.08171,0.48209,0.075252,0.035901,0.269676
3070_154_1459_1730,5,6,0.011085,0.100494,0.225713,0.0309,0.056282,0.115557,0.459968
3070_153_1748_1805,5,5,0.012608,0.055763,0.052244,0.041989,0.04987,0.588038,0.199487
3070_154_923_968,6,6,0.025252,0.245494,0.14287,0.009768,0.276141,0.018925,0.28155
3070_154_182_223,3,2,0.024101,0.124883,0.395329,0.085175,0.166884,0.047778,0.15585
3070_154_459_643,5,3,0.008877,0.188425,0.242462,0.333779,0.042688,0.123844,0.059925
3070_153_1048_1159,6,5,0.007212,0.024091,0.032576,0.018342,0.016502,0.829732,0.071545
3070_153_259_448,6,3,0.02042,0.022377,0.017279,0.697922,0.035004,0.163725,0.043273
3070_153_643_892,6,3,0.030217,0.093901,0.128905,0.260788,0.127441,0.256215,0.102533
3070_154_1828_1849,6,6,0.019194,0.068887,0.057776,0.01841,0.155482,0.009004,0.671247
3070_154_1196_1216,6,4,0.022075,0.156067,0.256929,0.008095,0.377087,0.011727,0.168021
3070_154_2145_2213,6,6,0.014569,0.071513,0.070171,0.221379,0.192872,0.016052,0.413445
3074_154_1293_1357,1,2,0.013384,0.111699,0.309802,0.043532,0.277848,0.039141,0.204595
3074_153_1111_1270,4,6,0.009141,0.024155,0.009933,0.448869,0.018427,0.010756,0.478717
3074_154_1632_1766,1,3,0.020344,0.22156,0.087769,0.365165,0.108937,0.032363,0.163862
3074_154_184_305,3,6,0.009596,0.054905,0.063502,0.229466,0.033319,0.129741,0.47947
3074_153_1784_1852,4,3,0.006819,0.010585,0.017226,0.830184,0.014645,0.01348,0.107062
3074_153_1385_1551,3,3,0.012224,0.024839,0.019893,0.54463,0.03318,0.106164,0.259071
3074_153_701_953,3,3,0.003827,0.00219,0.014783,0.900464,0.003009,0.020636,0.055091
3074_154_444_626,3,6,0.017064,0.253181,0.142353,0.188066,0.07326,0.049233,0.276843
3074_154_1010_1083,3,6,0.014697,0.029462,0.020092,0.234322,0.009626,0.10162,0.59018
3074_153_348_406,3,3,0.012116,0.010165,0.007646,0.611672,0.012057,0.035897,0.310447
3071_153_31_209,3,3,0.017473,0.025437,0.037424,0.618952,0.093913,0.084664,0.122136
3071_153_1043_1308,1,1,0.35806,0.436781,0.024154,0.053242,0.056916,0.051646,0.0192
3071_153_1573_1707,3,3,0.008922,0.029621,0.018427,0.832366,0.024304,0.021489,0.064872
3071_154_209_389,3,3,0.033147,0.166971,0.02689,0.623974,0.024831,0.03731,0.086877
3071_153_897_975,1,1,0.357177,0.472749,0.040284,0.021324,0.058087,0.020918,0.02946
3071_154_1326_1397,3,3,0.038967,0.044768,0.015721,0.618389,0.017337,0.037156,0.227662
3071_154_499_637,1,6,0.097267,0.250915,0.077972,0.126959,0.102973,0.026637,0.317278
3071_153_409_478,3,3,0.012093,0.005971,0.011231,0.804838,0.020159,0.032291,0.113417
3071_154_1473_1573,3,6,0.005239,0.030737,0.012624,0.062858,0.016149,0.019228,0.853166
3071_154_725_881,0,0,0.723965,0.168407,0.015559,0.014554,0.020446,0.012441,0.044628
3071_153_651_709,1,1,0.281786,0.592637,0.01598,0.022355,0.056197,0.010922,0.020124
3071_153_1419_1438,3,3,0.013525,0.012388,0.026158,0.86766,0.01842,0.006055,0.055796
3071_154_982_1009,3,3,0.031902,0.101477,0.026631,0.551755,0.02457,0.01006,0.253606
3071_154_1707_1746,3,3,0.013004,0.018154,0.014131,0.86648,0.012622,0.018215,0.057395
3067_153_110_140,6,5,0.011227,0.062739,0.021625,0.007396,0.023038,0.818937,0.055038
3067_154_1268_1376,4,1,0.057629,0.719087,0.064669,0.03559,0.091106,0.010657,0.021263
3067_153_1173_1255,4,3,0.051079,0.156454,0.067008,0.544791,0.088198,0.044055,0.048416
3067_153_194_255,3,5,0.012357,0.029719,0.100624,0.065324,0.045156,0.739833,0.006987
3067_153_1396_1528,6,3,0.037629,0.147665,0.081458,0.312339,0.311815,0.014624,0.09447
3067_153_867_944,3,3,0.011184,0.009514,0.020875,0.866162,0.006786,0.068478,0.017001
3067_154_581_683,3,3,0.012817,0.044486,0.030205,0.756932,0.020883,0.097987,0.036689
3067_154_152_184,6,3,0.027601,0.056168,0.043006,0.399491,0.014256,0.062182,0.397295
3067_154_1088_1132,4,4,0.045911,0.206479,0.079549,0.114866,0.456746,0.004767,0.091682
3067_154_255_340,3,3,0.013705,0.012753,0.018534,0.890789,0.009408,0.048061,0.006751
3067_153_1008_1056,3,3,0.009654,0.006979,0.01501,0.919688,0.013293,0.026077,0.009299
3067_154_31_88,3,3,0.011815,0.016299,0.017733,0.498232,0.006009,0.405589,0.044323
3067_154_436_453,3,3,0.074227,0.285358,0.0627,0.327853,0.060134,0.130332,0.059396
3067_154_823_854,5,3,0.014501,0.007729,0.013935,0.833801,0.007182,0.082101,0.04075
3067_153_703_781,3,3,0.011418,0.009545,0.036671,0.840702,0.022068,0.066772,0.012824
3067_153_384_425,4,2,0.015789,0.035783,0.598296,0.044439,0.101421,0.184683,0.019589
3067_154_1557_1606,4,4,0.01347,0.126851,0.049657,0.012246,0.772607,0.004517,0.020652
3067_153_479_581,3,3,0.005171,0.001616,0.014129,0.790635,0.002795,0.184097,0.001557
3067_154_962_991,3,3,0.005713,0.003077,0.004603,0.955823,0.003358,0.018484,0.008942
3077_153_1173_1346,4,1,0.346775,0.414568,0.045359,0.011248,0.161422,0.007823,0.012806
3077_153_214_344,0,0,0.501267,0.340573,0.013181,0.047129,0.03451,0.024549,0.03879
3077_153_1723_1950,4,4,0.125871,0.285727,0.159415,0.037111,0.323394,0.024678,0.043805
3077_154_1460_1644,4,4,0.023335,0.080414,0.344301,0.026061,0.436023,0.018639,0.071228
3077_154_31_122,1,1,0.358677,0.394658,0.014473,0.005791,0.073544,0.034782,0.118073
3077_154_920_1043,4,1,0.118164,0.45305,0.163026,0.0233,0.068302,0.036264,0.137893
3077_154_370_628,1,0,0.506324,0.325489,0.02698,0.022754,0.041304,0.014589,0.062561
3077_153_2066_2173,6,3,0.02442,0.102686,0.041777,0.433002,0.067021,0.025381,0.305712
3077_153_681_911,4,0,0.758546,0.158713,0.007765,0.013918,0.017675,0.037116,0.006268
3077_154_2002_2040,6,6,0.066293,0.109305,0.04307,0.035784,0.042744,0.191019,0.511785
3076_153_1436_1493,0,1,0.140784,0.413464,0.108452,0.028247,0.241401,0.04994,0.017711
3076_154_853_969,1,1,0.332418,0.444217,0.022349,0.029153,0.052314,0.044854,0.074696
3076_153_167_254,2,4,0.101996,0.235552,0.119713,0.049506,0.287617,0.04481,0.160808
3076_154_568_625,0,0,0.467451,0.384748,0.015947,0.023181,0.01439,0.02546,0.068822
3076_153_1082_1139,0,5,0.035299,0.070365,0.021469,0.182044,0.061959,0.463694,0.165172
3076_153_470_502,0,0,0.370858,0.346635,0.015941,0.041679,0.06144,0.027882,0.135565
3076_154_31_115,4,4,0.020195,0.229665,0.108908,0.004554,0.493111,0.005344,0.138223
3076_154_1186_1285,6,1,0.161086,0.492327,0.182623,0.005829,0.120618,0.015539,0.021979
3076_153_659_827,0,0,0.413907,0.369345,0.084418,0.01076,0.042337,0.059757,0.019475
3076_154_335_369,1,4,0.124528,0.261425,0.09865,0.004214,0.320904,0.021046,0.169234
3075_154_1157_1187,6,1,0.027182,0.322921,0.190273,0.031775,0.035978,0.091686,0.300184
3075_154_1606_1689,0,1,0.186834,0.541824,0.054072,0.014285,0.051011,0.009009,0.142964
3075_153_1767_1929,4,6,0.023212,0.041075,0.241346,0.072385,0.064386,0.156738,0.400857
3075_154_1298_1496,6,6,0.050353,0.281205,0.095881,0.016692,0.041892,0.015091,0.498886
3075_153_782_949,0,1,0.15495,0.343174,0.259499,0.015575,0.148594,0.046965,0.031243
3075_153_138_239,6,4,0.075137,0.188589,0.264216,0.009179,0.401069,0.037123,0.024688
3075_153_479_657,6,2,0.031842,0.171958,0.550068,0.006744,0.206715,0.015606,0.017068
3075_154_31_69,6,6,0.032188,0.122985,0.051814,0.041535,0.03821,0.024375,0.688893
3075_153_1242_1266,6,6,0.042833,0.073907,0.165819,0.086843,0.061972,0.105574,0.463052
3075_154_681_745,1,6,0.0134,0.197265,0.22597,0.008971,0.066346,0.041216,0.446831
3075_154_362_407,6,6,0.031383,0.103185,0.16937,0.061833,0.10106,0.229999,0.303169
3075_153_1571_1606,4,6,0.019784,0.055229,0.016727,0.194357,0.013111,0.00751,0.693282
3075_154_1940_1991,6,1,0.144874,0.69715,0.060597,0.015049,0.033123,0.006571,0.042636
3079_154_1183_1451,5,3,0.039863,0.020712,0.033444,0.686281,0.097985,0.095796,0.025919
3079_154_850_989,5,3,0.032167,0.123741,0.069402,0.357361,0.038632,0.264005,0.114692
3079_154_141_240,5,6,0.05859,0.140955,0.081585,0.02727,0.247954,0.172966,0.27068
3079_153_467_745,3,3,0.006335,0.003291,0.006635,0.916553,0.017253,0.023811,0.026123
3079_153_1005_1183,3,3,0.041694,0.046584,0.053003,0.629417,0.062718,0.107643,0.058942
3079_154_31_82,6,5,0.00761,0.012423,0.02611,0.051551,0.005602,0.822354,0.07435
3079_153_1476_1588,3,3,0.010375,0.01813,0.031138,0.814824,0.028672,0.020953,0.075908
3079_154_347_431,5,0,0.415958,0.152547,0.035765,0.085714,0.031645,0.11152,0.166851
3079_154_1588_1618,3,3,0.020579,0.025731,0.012149,0.769118,0.011629,0.03787,0.122925
3079_154_762_789,3,5,0.023995,0.033947,0.025749,0.183196,0.016899,0.604217,0.111997
3079_153_268_332,3,3,0.006144,0.007229,0.009487,0.676744,0.016745,0.005743,0.277907
3078_153_69_149,5,5,0.005333,0.002347,0.049121,0.348699,0.008165,0.565563,0.020772
3078_153_1218_1311,5,5,0.006577,0.005076,0.009327,0.133889,0.012004,0.813479,0.019648
3078_154_1148_1194,6,6,0.019091,0.050194,0.007958,0.094345,0.012228,0.013439,0.802746
3078_154_707_967,5,3,0.028426,0.031263,0.020653,0.432301,0.034031,0.41816,0.035166
3078_154_149_250,3,5,0.042886,0.013483,0.043689,0.366911,0.042014,0.476597,0.01442
3078_154_1326_1400,3,0,0.730929,0.099474,0.028927,0.029013,0.020763,0.045837,0.045057
3078_154_443_627,5,5,0.092192,0.05448,0.032224,0.055402,0.033391,0.725881,0.00643
3078_153_1015_1133,5,3,0.007708,0.006994,0.012448,0.744154,0.023908,0.159697,0.045092
3078_153_272_423,3,3,0.040519,0.020458,0.012752,0.812841,0.023596,0.033345,0.05649
3078_154_31_69,5,5,0.017999,0.012896,0.015811,0.028536,0.009615,0.893408,0.021735
3078_153_652_707,3,6,0.023127,0.06335,0.015464,0.370132,0.018071,0.015089,0.494767
3078_153_1424_1452,3,3,0.024571,0.104248,0.059261,0.3729,0.062905,0.217341,0.158774
3080_153_116_211,1,3,0.014479,0.038298,0.014209,0.76389,0.038734,0.006274,0.124116
3080_154_1212_1349,3,3,0.010756,0.01576,0.019628,0.786625,0.012262,0.055696,0.099273
3080_153_1979_2057,6,2,0.019804,0.041699,0.452908,0.100373,0.342549,0.011595,0.031072
3080_153_1593_1768,1,3,0.008547,0.017832,0.121181,0.533988,0.104034,0.185854,0.028563
3080_154_213_310,5,6,0.036095,0.086941,0.019814,0.277813,0.020899,0.138661,0.419779
3080_154_1789_1954,5,3,0.010389,0.029415,0.103526,0.453517,0.025852,0.349193,0.028108
3080_154_1401_1564,6,3,0.005885,0.009626,0.023865,0.793741,0.00688,0.060185,0.099818
3080_153_2181_2238,6,3,0.005937,0.002849,0.020886,0.859899,0.008753,0.087705,0.01397
3080_153_789_948,6,3,0.005098,0.011223,0.008348,0.898053,0.016237,0.009567,0.051474
3080_153_519_685,1,1,0.149388,0.36182,0.032774,0.176567,0.140279,0.030111,0.109061
3080_154_2057_2153,5,3,0.016899,0.076136,0.063589,0.420084,0.041727,0.10361,0.277953
3080_154_31_96,6,6,0.007911,0.00661,0.007683,0.174692,0.00454,0.020112,0.778453
3080_154_436_455,5,5,0.012569,0.024845,0.014892,0.020067,0.010998,0.834358,0.08227
3080_154_696_747,3,3,0.017131,0.131843,0.031789,0.469953,0.019623,0.185446,0.144215
3080_153_351_423,6,3,0.017908,0.037508,0.020073,0.555944,0.023569,0.007458,0.337539
3080_154_959_991,6,3,0.008947,0.005685,0.012448,0.554965,0.005385,0.339125,0.073444
3322_167_2476_2596,4,2,0.014306,0.02151,0.735259,0.049374,0.150496,0.008097,0.020957
3322_168_86_146,3,5,0.032521,0.032575,0.050815,0.092043,0.017146,0.476922,0.297978
3322_167_901_1329,3,3,0.032834,0.105231,0.044899,0.363824,0.225197,0.053938,0.174077
3322_167_1903_2298,3,4,0.027584,0.144989,0.131444,0.106636,0.480465,0.019848,0.089034
3322_167_1539_1809,5,3,0.007249,0.010326,0.026194,0.785071,0.04899,0.103994,0.018177
3322_167_171_261,5,4,0.030276,0.054616,0.264723,0.0258,0.476968,0.07863,0.068987
3322_168_1420_1461,3,5,0.011983,0.018994,0.295318,0.15464,0.100071,0.360246,0.058747
3322_168_581_685,3,4,0.010442,0.10318,0.203844,0.016107,0.542016,0.009525,0.114886
3322_168_2330_2436,5,3,0.005896,0.01022,0.09461,0.745123,0.097736,0.023675,0.02274
3322_168_312_396,5,3,0.009421,0.045182,0.034743,0.423587,0.057891,0.037541,0.391635
3322_167_426_531,3,5,0.025558,0.036049,0.036571,0.032186,0.024669,0.809251,0.035717
3322_168_821_866,3,5,0.016154,0.03169,0.115664,0.003961,0.035868,0.778311,0.018352
3322_167_716_769,5,2,0.019378,0.027014,0.257311,0.202312,0.127897,0.149588,0.216501
3322_168_1866_1875,5,5,0.007421,0.014245,0.016161,0.02418,0.010593,0.841887,0.085513
3322_167_31_46,5,5,0.017691,0.02246,0.037488,0.054865,0.009783,0.597189,0.260524
3328_167_1128_1561,3,3,0.03369,0.097656,0.045622,0.605325,0.092019,0.018364,0.107324
3328_167_1867_2070,3,3,0.043695,0.065441,0.070095,0.671047,0.031603,0.051247,0.066872
3328_168_1600_1849,3,1,0.047197,0.296185,0.081237,0.247276,0.21958,0.011516,0.097009
3328_167_2157_2243,3,3,0.084918,0.160138,0.028082,0.480243,0.062126,0.030422,0.154072
3328_168_936_1114,3,3,0.005098,0.003631,0.037715,0.510499,0.392554,0.032063,0.01844
3328_168_151_245,5,4,0.143415,0.365969,0.028435,0.014475,0.380096,0.019423,0.048187
3328_168_2276_2395,3,3,0.011298,0.031292,0.121006,0.727072,0.04821,0.018708,0.042413
3328_167_316_596,3,3,0.009563,0.019203,0.016757,0.778507,0.05392,0.012112,0.109938
3328_168_635_773,4,3,0.054514,0.128935,0.047512,0.405672,0.273146,0.052319,0.037902
3328_167_790_907,3,3,0.034455,0.058905,0.046542,0.529086,0.044959,0.029508,0.256545
3328_167_2395_2425,3,3,0.022286,0.014351,0.037502,0.814629,0.012591,0.065974,0.032667
3328_168_2100_2118,5,6,0.029623,0.172906,0.084222,0.169781,0.17389,0.012387,0.357191
3328_167_31_49,3,0,0.374838,0.049104,0.197473,0.15446,0.045199,0.136402,0.042525
3323_168_1219_1464,1,1,0.10379,0.496791,0.060435,0.08177,0.064877,0.079443,0.112894
3323_168_144_276,5,5,0.025238,0.064293,0.030294,0.134001,0.022127,0.706303,0.017744
3323_167_1704_1877,4,1,0.240328,0.293033,0.069798,0.055282,0.290895,0.012739,0.037925
3323_168_724_955,0,1,0.342081,0.535987,0.015492,0.010383,0.073084,0.006832,0.01614
3323_168_2224_2399,3,3,0.012388,0.033805,0.028052,0.694908,0.028306,0.028667,0.173873
3323_168_379_614,3,3,0.028077,0.217691,0.097841,0.23585,0.192428,0.066263,0.161849
3323_167_1027_1149,4,2,0.018191,0.036707,0.249497,0.199335,0.20508,0.225413,0.065776
3323_167_2053_2109,1,1,0.145683,0.37049,0.125446,0.145322,0.061999,0.04463,0.10643
3323_167_287_346,3,3,0.011511,0.025278,0.025832,0.636015,0.046812,0.072516,0.182035
3323_167_31_97,3,3,0.014682,0.01286,0.070411,0.693405,0.026837,0.0291,0.152706
3323_167_1504_1542,3,1,0.187496,0.345104,0.043599,0.040094,0.036043,0.038786,0.308879
3323_168_2492_2566,3,6,0.056019,0.223606,0.018882,0.149871,0.118688,0.029798,0.403138
3323_167_2407_2473,3,3,0.025302,0.052713,0.027953,0.471901,0.04645,0.135857,0.239823
3323_167_652_678,4,6,0.018299,0.090051,0.251723,0.119715,0.138586,0.076349,0.305277
3323_168_2114_2140,0,1,0.176311,0.307519,0.022766,0.165592,0.053245,0.0226,0.251967
3323_168_1914_1984,1,4,0.054273,0.176379,0.194667,0.015475,0.275596,0.034435,0.249175
3323_168_1556_1602,0,0,0.597256,0.347223,0.005812,0.014548,0.016965,0.00384,0.014356
3323_167_2156_2169,4,3,0.01737,0.021894,0.021292,0.710637,0.015024,0.057931,0.155851
3326_168_115_128,0,6,0.029268,0.062751,0.063403,0.021467,0.017801,0.153644,0.651666
3326_168_1096_1326,0,2,0.054382,0.363253,0.396977,0.010435,0.120101,0.027291,0.027561
3326_168_1933_2178,0,5,0.070129,0.199627,0.014175,0.066816,0.034775,0.602724,0.011754
3326_167_1790_1920,1,1,0.335932,0.339777,0.032196,0.04334,0.024482,0.199191,0.025081
3326_167_1346_1674,1,0,0.424459,0.421685,0.048783,0.00881,0.063588,0.018946,0.013729
3326_167_917_1079,0,1,0.38078,0.473225,0.042427,0.00514,0.063249,0.010792,0.024386
3326_167_133_225,1,6,0.170634,0.270095,0.047091,0.165508,0.036994,0.022116,0.287562
3326_167_570_720,1,1,0.121233,0.601512,0.103043,0.008363,0.126229,0.019163,0.020456
3326_168_1693_1781,0,1,0.243545,0.608111,0.021386,0.024731,0.054113,0.023209,0.024905
3326_167_278_374,0,0,0.720342,0.107683,0.01834,0.020962,0.010991,0.110156,0.011526
3326_168_415_523,0,2,0.007937,0.020426,0.492774,0.071165,0.319258,0.006754,0.081687
3326_168_753_894,1,1,0.065232,0.485586,0.163868,0.017943,0.182237,0.01068,0.074453
3326_167_60_110,3,3,0.011768,0.097112,0.081912,0.530691,0.022952,0.125117,0.130447
3326_168_230_250,1,6,0.054126,0.12624,0.042972,0.037815,0.021433,0.064157,0.653256
3326_168_31_50,0,6,0.063057,0.204003,0.059307,0.025367,0.080641,0.042696,0.524927
3327_167_31_139,5,2,0.017689,0.115264,0.577227,0.006871,0.102439,0.093547,0.086962
3327_168_1271_1444,1,6,0.047878,0.276458,0.035389,0.237229,0.087582,0.013338,0.302125
3327_167_1085_1203,4,4,0.011154,0.116437,0.13327,0.003404,0.694253,0.011929,0.029554
3327_168_1633_1683,5,6,0.040075,0.145696,0.050158,0.100633,0.056321,0.131573,0.475546
3327_168_161_279,1,5,0.022316,0.12081,0.059017,0.013661,0.097329,0.552842,0.134025
3327_167_1707_1813,5,6,0.030329,0.228486,0.109982,0.020906,0.222036,0.147012,0.24125
3327_167_926_959,4,6,0.054235,0.222724,0.160224,0.024221,0.145796,0.0382,0.3546
3327_167_493_719,0,1,0.142347,0.448826,0.052221,0.016508,0.298355,0.013713,0.02803
3327_168_2048_2070,1,4,0.042673,0.309766,0.035902,0.050943,0.429849,0.013056,0.11781
3327_168_981_1041,1,5,0.013839,0.039646,0.104937,0.075115,0.057982,0.566296,0.142185
3327_167_1471_1535,5,6,0.015324,0.108315,0.195205,0.06063,0.2672,0.066999,0.286327
3327_168_779_858,1,1,0.184234,0.632009,0.035827,0.026316,0.075792,0.017478,0.028344
3327_168_1826_1912,1,3,0.014037,0.058218,0.021635,0.673288,0.027741,0.099544,0.105537
3327_167_336_402,1,4,0.015079,0.145395,0.087446,0.00826,0.649801,0.013614,0.080405
3327_167_1938_2033,3,6,0.017151,0.161969,0.040832,0.027565,0.172617,0.010997,0.568869
3327_168_425_431,1,1,0.064226,0.392692,0.174828,0.019379,0.236592,0.036195,0.076089
3321_168_2356_2506,0,1,0.172453,0.522418,0.028551,0.040369,0.04908,0.057732,0.129397
3321_167_1276_1508,3,3,0.004733,0.002448,0.010464,0.935425,0.016235,0.008825,0.02187
3321_168_1156_1236,6,4,0.022029,0.122015,0.236505,0.217591,0.257473,0.026592,0.117795
3321_167_219_281,2,4,0.008467,0.039954,0.041644,0.003108,0.88732,0.005884,0.013625
3321_167_2876_2984,3,3,0.012049,0.020874,0.010162,0.806406,0.042814,0.016366,0.091328
3321_168_2656_2861,6,4,0.172359,0.313455,0.083257,0.038875,0.318376,0.023733,0.049945
3321_167_873_931,4,4,0.05402,0.193782,0.035031,0.018073,0.639972,0.015599,0.043523
3321_168_178_189,6,1,0.181916,0.245611,0.046776,0.024756,0.049304,0.223286,0.228352
3321_167_1056_1132,5,0,0.456193,0.303651,0.059366,0.02075,0.051299,0.080461,0.02828
3321_168_1746_1928,1,4,0.063535,0.278305,0.026259,0.063854,0.533126,0.008594,0.026326
3321_168_619_682,5,5,0.029185,0.053468,0.03494,0.009666,0.033191,0.803235,0.036316
3321_167_2136_2316,2,4,0.045813,0.105674,0.178828,0.017958,0.612008,0.02967,0.010048
3321_167_31_121,2,2,0.015246,0.045244,0.413262,0.022413,0.389317,0.073322,0.041195
3321_167_720_751,2,6,0.011416,0.067408,0.122951,0.164091,0.100765,0.041259,0.49211
3321_168_2041_2069,3,3,0.07047,0.283575,0.047485,0.457292,0.046474,0.030103,0.0646
3321_167_454_573,2,4,0.014478,0.057966,0.400067,0.045452,0.405527,0.019942,0.056568
3321_168_983_1006,1,5,0.069256,0.208738,0.049609,0.018632,0.028672,0.546964,0.078129
3321_167_2586_2596,3,4,0.021558,0.120378,0.131884,0.074069,0.321131,0.07501,0.255971
3321_168_319_371,6,4,0.070031,0.231834,0.080451,0.057087,0.332312,0.035063,0.193222
3321_167_1967_2009,6,5,0.019923,0.034059,0.019713,0.063503,0.011639,0.75331,0.097854
3321_168_786_840,0,1,0.151366,0.591421,0.013027,0.008753,0.183683,0.005476,0.046274
3321_167_1621_1653,6,3,0.20978,0.114565,0.07163,0.322102,0.04806,0.079619,0.154244
3321_168_1531_1565,6,1,0.054654,0.260967,0.125748,0.048515,0.174393,0.095464,0.240259
3330_167_31_143,0,3,0.16716,0.093887,0.037294,0.338584,0.05422,0.208587,0.100268
3330_167_1138_1305,1,0,0.823683,0.121323,0.011202,0.004645,0.011755,0.021363,0.006029
3330_168_2026_2117,1,2,0.031666,0.229713,0.377816,0.026302,0.179629,0.05773,0.097145
3330_167_1618_1724,0,0,0.818961,0.148537,0.010483,0.00361,0.007347,0.005896,0.005166
3330_167_229_347,0,0,0.732795,0.156618,0.024835,0.016309,0.016918,0.038793,0.013733
3330_168_1744_1907,1,3,0.075659,0.31127,0.05992,0.436003,0.062155,0.028136,0.026857
3330_168_1316_1466,0,0,0.612467,0.243198,0.035406,0.009511,0.018029,0.067959,0.01343
3330_167_689_986,1,5,0.100242,0.206141,0.035421,0.193316,0.044954,0.39185,0.028076
3330_168_163_218,6,5,0.044599,0.205038,0.070834,0.009588,0.073805,0.526266,0.069869
3330_168_590_668,1,1,0.208367,0.530869,0.024587,0.043181,0.038438,0.031763,0.122794
3330_168_1023_1124,0,0,0.567958,0.310287,0.026057,0.010499,0.038946,0.031854,0.0144
3330_167_468_573,4,5,0.186185,0.176282,0.037975,0.022668,0.07117,0.486625,0.019096
3330_168_363_456,1,1,0.223461,0.675687,0.028206,0.00395,0.034908,0.013628,0.020161
3330_168_1555_1595,0,1,0.333526,0.395613,0.032981,0.021784,0.076197,0.025703,0.114195
3330_167_1498_1535,1,0,0.472106,0.383825,0.020234,0.0109,0.052421,0.042648,0.017865
3330_167_1923_2004,1,3,0.040492,0.153406,0.022222,0.586884,0.021334,0.032006,0.143655
3324_167_31_146,2,0,0.687434,0.152266,0.034026,0.016852,0.026546,0.060771,0.022106
3324_168_1221_1368,3,4,0.051249,0.24824,0.04509,0.110899,0.39106,0.018465,0.134996
3324_167_1067_1199,1,0,0.763037,0.131078,0.040206,0.015597,0.022153,0.019497,0.008434
3324_168_1671_1710,1,1,0.154658,0.60816,0.052028,0.023226,0.11935,0.006518,0.036062
3324_167_221_257,4,5,0.184526,0.154484,0.06953,0.043426,0.0864,0.292498,0.169136
3324_168_877_955,1,1,0.061812,0.442306,0.047824,0.043367,0.315044,0.008148,0.081499
3324_167_431_607,1,0,0.630371,0.263776,0.020581,0.019898,0.033102,0.016758,0.015514
3324_168_181_200,1,6,0.080559,0.249667,0.088949,0.025191,0.099713,0.198472,0.257448
3324_167_325_375,4,0,0.601336,0.250448,0.01101,0.037457,0.03159,0.019616,0.048544
3324_168_625_731,1,1,0.409582,0.442203,0.024253,0.006278,0.070167,0.007428,0.040088
3324_168_1493_1536,3,1,0.117268,0.66733,0.020521,0.076988,0.093804,0.005183,0.018906
3324_168_383_419,1,1,0.169752,0.635072,0.018795,0.017345,0.118531,0.004126,0.036379
3324_167_1419_1438,1,3,0.052329,0.083939,0.041192,0.543698,0.038508,0.016776,0.223558
3324_167_738_782,2,0,0.754447,0.138064,0.014601,0.034211,0.011716,0.008488,0.038475
3324_167_1564_1611,3,3,0.003227,0.000737,0.004038,0.962,0.004587,0.01249,0.012921
3324_167_963_995,1,0,0.627571,0.168414,0.029984,0.049674,0.019896,0.04786,0.0566
3324_168_1011_1031,1,6,0.02789,0.198848,0.036857,0.183789,0.083105,0.022706,0.446804
3324_167_1722_1730,3,3,0.029993,0.033194,0.026273,0.591989,0.020405,0.193491,0.104654
3324_168_278_316,1,1,0.168349,0.433977,0.027901,0.012483,0.049489,0.023816,0.283985
3333_168_2191_2602,3,4,0.016607,0.125197,0.054457,0.273857,0.43702,0.015579,0.077284
3333_167_1262_1351,1,1,0.088961,0.595298,0.0242,0.006988,0.244554,0.003089,0.03691
3333_168_1144_1241,1,1,0.125673,0.356726,0.033465,0.225536,0.11889,0.094401,0.04531
3333_167_241_581,4,1,0.181312,0.502103,0.063459,0.011743,0.201417,0.010684,0.029281
3333_167_1460_1735,0,4,0.04194,0.181252,0.065423,0.200934,0.231667,0.119956,0.158829
3333_167_761_1174,1,4,0.03176,0.137088,0.058997,0.00372,0.754566,0.003369,0.0105
3333_167_1819_2128,3,3,0.021174,0.014069,0.097819,0.569261,0.232871,0.03828,0.026526
3333_168_1747_1783,3,3,0.021885,0.012935,0.045123,0.78007,0.019832,0.102753,0.017402
3333_167_2621_2733,3,3,0.007503,0.005146,0.009164,0.910824,0.014466,0.00961,0.043287
3333_167_31_119,4,6,0.040097,0.048228,0.126043,0.082587,0.311112,0.023733,0.368199
3333_168_657_728,4,6,0.024848,0.214298,0.028199,0.158065,0.22984,0.017461,0.327288
3333_168_1371_1454,3,4,0.017859,0.133602,0.197116,0.065795,0.43177,0.09323,0.060626
3333_168_139_157,5,5,0.011518,0.026319,0.024378,0.00427,0.014264,0.899963,0.019288
3335_167_31_204,0,0,0.7786,0.052162,0.032755,0.014804,0.009627,0.095992,0.01606
3335_167_923_1394,1,1,0.168233,0.527444,0.085437,0.018893,0.074015,0.10154,0.024438
3335_167_1639_1754,1,1,0.089063,0.320944,0.112524,0.15589,0.160424,0.029195,0.13196
3335_168_1764_2000,1,0,0.380258,0.347589,0.092779,0.026256,0.094011,0.014349,0.044758
3335_168_1413_1625,6,4,0.051334,0.105474,0.263787,0.247733,0.277858,0.022891,0.030923
3335_167_565_737,0,0,0.359564,0.351248,0.148197,0.011625,0.094283,0.016877,0.018207
3335_167_276_466,0,0,0.570612,0.203082,0.0759,0.013885,0.033361,0.084775,0.018384
3335_168_787_914,6,4,0.023624,0.107351,0.218881,0.159544,0.445808,0.01077,0.034023
3335_168_504_551,1,6,0.067716,0.226944,0.192892,0.023052,0.191709,0.05173,0.245957
3335_167_2004_2036,0,0,0.539083,0.065017,0.035377,0.051603,0.013199,0.255672,0.040049
3335_168_214_224,5,5,0.023134,0.032924,0.023082,0.039748,0.016489,0.804713,0.05991
3332_167_2389_2517,3,3,0.007235,0.005621,0.015012,0.849112,0.017821,0.007964,0.097235
3332_168_1275_1404,6,6,0.035408,0.096415,0.143033,0.188669,0.144857,0.068857,0.32276
3332_168_1924_2072,3,3,0.02482,0.086993,0.027768,0.383097,0.105099,0.023687,0.348536
3332_167_1669_1714,2,3,0.045528,0.106626,0.096638,0.454774,0.030538,0.172651,0.093246
3332_168_1730_1808,6,3,0.047193,0.367429,0.032007,0.396979,0.056274,0.021394,0.078725
3332_167_1457_1489,2,5,0.028976,0.120703,0.072665,0.031461,0.021235,0.620462,0.104497
3332_168_749_1000,4,4,0.024647,0.134789,0.071034,0.096842,0.509793,0.012567,0.150329
3332_168_150_252,4,3,0.017097,0.10547,0.02688,0.544343,0.183496,0.023122,0.099592
3332_168_2227_2372,3,4,0.008535,0.0683,0.02827,0.082501,0.513198,0.013856,0.28534
3332_168_369_637,4,1,0.037694,0.299542,0.036645,0.236513,0.291018,0.027477,0.071111
3332_167_1029_1182,3,3,0.016807,0.024156,0.023491,0.731277,0.038243,0.009249,0.156777
3332_167_270_355,3,3,0.013352,0.027063,0.017781,0.590349,0.046861,0.024056,0.280539
3332_167_31_104,3,4,0.011807,0.018944,0.072736,0.31439,0.446745,0.048921,0.086457
3332_168_1511_1650,6,3,0.032126,0.139223,0.020866,0.413128,0.043603,0.038492,0.312562
3332_167_1854_1898,2,4,0.042748,0.130704,0.127702,0.186395,0.256057,0.098399,0.157996
3332_167_655_738,4,3,0.039797,0.15852,0.114029,0.259873,0.152114,0.029591,0.246076
3332_167_2122_2207,3,6,0.034501,0.081436,0.045206,0.372498,0.060503,0.019216,0.386639
3334_168_31_147,1,1,0.153213,0.334064,0.079301,0.181034,0.087878,0.030306,0.134204
3334_168_1150_1395,1,3,0.019307,0.095388,0.069143,0.510502,0.064212,0.14899,0.092458
3334_168_2003_2136,3,3,0.024082,0.077952,0.081263,0.698298,0.049252,0.025055,0.044098
3334_168_1654_1914,3,3,0.034013,0.062001,0.033458,0.67581,0.031049,0.141408,0.022261
3334_168_232_258,1,3,0.038972,0.210175,0.044597,0.295718,0.110827,0.032868,0.266842
3334_167_1410_1644,5,0,0.387944,0.182018,0.028044,0.034254,0.054898,0.301104,0.011738
3334_167_2148_2251,1,0,0.802832,0.106545,0.040412,0.005853,0.023693,0.014726,0.005939
3334_167_880_1138,1,0,0.432861,0.329255,0.040011,0.016248,0.051139,0.117839,0.012647
3334_167_194_219,2,5,0.021491,0.085654,0.132498,0.029116,0.052974,0.366868,0.311398
3334_167_441_636,5,0,0.686034,0.153876,0.026671,0.012748,0.014557,0.10356,0.002554
3334_168_328_424,1,6,0.06255,0.076592,0.060782,0.232702,0.038321,0.20443,0.324623
3334_168_706_838,1,1,0.10325,0.494555,0.111182,0.020617,0.171153,0.059743,0.039501
3334_167_269_324,2,5,0.038946,0.11136,0.315532,0.010752,0.144181,0.3377,0.04153
3334_167_1924_1959,3,0,0.421379,0.291932,0.023952,0.077318,0.046537,0.05989,0.078993
3338_168_1250_1303,3,3,0.027422,0.027216,0.020755,0.769242,0.018144,0.02954,0.107681
3338_167_1147_1236,3,3,0.014669,0.023016,0.027028,0.840625,0.008313,0.055223,0.031126
3338_168_196_266,0,5,0.185757,0.296873,0.04674,0.01165,0.046219,0.395989,0.016772
3338_168_771_932,0,1,0.290028,0.428054,0.040761,0.013679,0.023154,0.180512,0.023811
3338_167_1324_1364,1,1,0.095649,0.31112,0.045381,0.297704,0.046041,0.093317,0.110788
3338_167_564_666,3,3,0.020636,0.021618,0.011475,0.666124,0.008821,0.013757,0.257569
3338_167_321_361,3,3,0.017664,0.014055,0.012331,0.83849,0.005815,0.008311,0.103334
3338_167_954_1059,4,2,0.01689,0.095557,0.484628,0.019891,0.172826,0.046532,0.163675
3338_167_466_492,1,3,0.013984,0.018514,0.008129,0.829962,0.011536,0.027226,0.090649
3338_167_31_64,6,3,0.013915,0.015799,0.015998,0.745666,0.023568,0.017382,0.167672
3338_168_389_448,5,3,0.006523,0.003361,0.008137,0.724609,0.002956,0.244729,0.009685
3338_168_1105_1122,5,5,0.043705,0.17967,0.247461,0.019117,0.031651,0.405127,0.073268
3338_168_82_100,1,3,0.016557,0.02569,0.013727,0.677427,0.024905,0.04779,0.193904
3338_167_716_756,1,3,0.041001,0.063183,0.016667,0.580673,0.022032,0.014745,0.261698
3338_168_506_542,0,3,0.00564,0.003743,0.00475,0.936851,0.006311,0.020374,0.02233
3338_167_136_167,5,3,0.013488,0.005952,0.014583,0.817191,0.005774,0.122035,0.020977
3338_168_687_698,5,0,0.32053,0.255518,0.027949,0.019127,0.030245,0.211133,0.135498
3343_168_1250_1350,1,4,0.073897,0.297684,0.073973,0.049032,0.308295,0.016466,0.180653
3343_167_2017_2095,3,4,0.03118,0.265269,0.046044,0.164954,0.284748,0.009542,0.198264
3343_167_1670_1799,3,1,0.248259,0.402899,0.031097,0.049307,0.124234,0.036036,0.108168
3343_168_1817_1986,0,6,0.145572,0.196512,0.025573,0.108876,0.13659,0.0658,0.321078
3343_167_1380_1476,0,3,0.021375,0.023912,0.014771,0.628554,0.050832,0.078343,0.182212
3343_168_951_968,5,3,0.006795,0.012751,0.008982,0.725395,0.00916,0.118174,0.118742
3343_167_508_660,0,3,0.066218,0.090197,0.038307,0.336186,0.035118,0.10271,0.331264
3343_167_1012_1168,3,0,0.429346,0.230599,0.056611,0.076555,0.058018,0.074907,0.073963
3343_167_141_190,3,3,0.017211,0.037147,0.021023,0.597993,0.017191,0.044735,0.264701
3343_168_317_344,1,1,0.146556,0.424498,0.066648,0.018244,0.12645,0.136214,0.08139
3343_168_401_493,1,1,0.029088,0.458452,0.094096,0.047629,0.052356,0.181036,0.137342
3343_168_1523_1630,3,6,0.021282,0.054679,0.016654,0.397927,0.033066,0.018329,0.458063
3343_167_801_878,0,3,0.060107,0.12595,0.067184,0.504861,0.021806,0.122514,0.097578
3343_168_2119_2179,1,1,0.052753,0.485296,0.064785,0.024022,0.147395,0.027368,0.198381
3343_168_713_787,1,1,0.058949,0.414868,0.09552,0.09371,0.052589,0.15092,0.133444
3343_167_2193_2217,1,1,0.282585,0.418831,0.021237,0.017256,0.188776,0.008439,0.062876
3343_167_31_52,6,0,0.318708,0.28808,0.07386,0.071249,0.043638,0.060174,0.14429
3343_168_96_103,5,1,0.194539,0.357344,0.046131,0.02843,0.067682,0.127455,0.17842
3343_167_354_371,3,6,0.01743,0.045082,0.042434,0.369814,0.040827,0.027405,0.45701
3341_167_2031_2221,3,4,0.061483,0.113049,0.042392,0.188535,0.473819,0.027814,0.092908
3341_168_1162_1263,1,1,0.062103,0.399001,0.085182,0.062534,0.262334,0.012828,0.116017
3341_167_1647_1750,6,4,0.010671,0.03205,0.161793,0.00452,0.697597,0.018915,0.074454
3341_167_252_311,4,0,0.687268,0.223705,0.013382,0.014359,0.021086,0.021191,0.019008
3341_168_1786_1976,5,0,0.345232,0.210405,0.085149,0.005981,0.034885,0.313558,0.00479
3341_167_1366_1511,6,4,0.021259,0.089039,0.215596,0.010691,0.301802,0.126256,0.235357
3341_167_31_122,6,6,0.01413,0.059229,0.038917,0.224535,0.171526,0.033441,0.458222
3341_168_862_977,1,1,0.101379,0.60961,0.07808,0.020386,0.134092,0.016412,0.04004
3341_168_181_239,1,1,0.149503,0.557894,0.106195,0.019249,0.09001,0.043647,0.033503
3341_167_541_649,5,5,0.013348,0.062991,0.093705,0.028034,0.030384,0.698637,0.072901
3341_167_996_1098,3,3,0.12783,0.247402,0.023362,0.314534,0.041382,0.020243,0.225247
3341_168_341_518,0,2,0.035436,0.283314,0.420031,0.033121,0.17212,0.016964,0.039013
3341_167_2433_2457,6,1,0.101849,0.371407,0.022203,0.243116,0.02459,0.019885,0.21695
3341_167_772_846,3,1,0.146644,0.435658,0.050316,0.1366,0.092098,0.01559,0.123093
3341_168_674_740,1,1,0.088764,0.589538,0.042646,0.018459,0.050344,0.130154,0.080095
3341_168_1544_1622,6,6,0.057572,0.181781,0.067348,0.005957,0.175076,0.247256,0.26501
3341_168_2381_2421,1,2,0.010837,0.072383,0.554952,0.001262,0.324355,0.003718,0.032494
3344_167_31_136,3,6,0.023624,0.121927,0.095762,0.188306,0.159381,0.054314,0.356687
3344_167_2044_2095,1,3,0.009955,0.018725,0.023383,0.538154,0.225351,0.014677,0.169754
3344_167_1179_1205,1,1,0.200913,0.58541,0.042794,0.021032,0.091711,0.008588,0.049552
3344_168_1481_1724,0,6,0.089505,0.253849,0.046356,0.050077,0.137647,0.144136,0.27843
3344_167_1743_1823,1,1,0.174138,0.257746,0.08174,0.039287,0.09979,0.170221,0.177076
3344_167_1311_1470,1,1,0.153074,0.331734,0.044233,0.059946,0.246847,0.047496,0.11667
3344_168_912_950,1,1,0.117378,0.470381,0.042058,0.093948,0.189146,0.013695,0.073395
3344_168_171_240,1,6,0.021679,0.192961,0.058192,0.007961,0.287901,0.010468,0.420838
3344_168_590_797,1,4,0.038272,0.206557,0.324675,0.022867,0.355573,0.030584,0.021472
3344_168_1084_1158,1,3,0.036176,0.095544,0.046801,0.611072,0.13099,0.024665,0.054751
3344_167_267_334,2,4,0.011361,0.068405,0.167166,0.015508,0.614859,0.021277,0.101425
3344_167_989_1062,1,1,0.111564,0.389306,0.048945,0.049022,0.299392,0.02258,0.079192
3344_167_425_576,2,1,0.145073,0.490439,0.092239,0.008089,0.148608,0.052641,0.062912
3344_168_1229_1288,1,1,0.111213,0.394665,0.070923,0.168699,0.101331,0.044005,0.109165
3344_167_807_883,1,1,0.144339,0.435986,0.017206,0.106079,0.021709,0.265388,0.009292
3344_168_1885_1914,1,6,0.093979,0.168109,0.013141,0.134394,0.060757,0.047261,0.48236
3344_168_376_400,1,1,0.208412,0.55751,0.035547,0.026276,0.0814,0.023678,0.067176
3340_167_1241_1386,1,1,0.240799,0.620472,0.021628,0.010774,0.057976,0.026777,0.021574
3340_168_1124_1218,1,2,0.032179,0.21781,0.313378,0.057209,0.221897,0.029635,0.127892
3340_167_1533_1708,1,3,0.023158,0.071663,0.040658,0.548817,0.167564,0.056225,0.091915
3340_167_228_262,0,1,0.290316,0.468943,0.031442,0.005138,0.076583,0.090411,0.037166
3340_168_1726_1894,0,1,0.146548,0.485611,0.027088,0.098704,0.146076,0.022438,0.073535
3340_168_1401_1520,1,5,0.111511,0.276734,0.022857,0.028574,0.028607,0.412323,0.119394
3340_167_853_962,2,1,0.071478,0.186494,0.181433,0.166488,0.185132,0.114006,0.09497
3340_168_180_211,0,6,0.047718,0.087497,0.022979,0.071861,0.031327,0.157012,0.581606
3340_168_574_632,1,1,0.089042,0.383578,0.041417,0.322462,0.052005,0.08717,0.024326
3340_168_276_350,0,1,0.367171,0.389217,0.055762,0.022633,0.055851,0.052544,0.056822
3340_167_364_541,2,5,0.093216,0.171177,0.036858,0.016209,0.041482,0.611816,0.029241
3340_168_31_90,4,5,0.102819,0.217431,0.073201,0.033092,0.039191,0.46599,0.068275
3340_168_696_826,0,1,0.131144,0.571608,0.030712,0.084238,0.035501,0.087482,0.059315
3340_167_651_691,0,1,0.151959,0.585329,0.030146,0.079308,0.041686,0.015542,0.096031
3340_168_973_997,1,1,0.282019,0.322513,0.043454,0.157523,0.02297,0.116561,0.054961
3340_167_140_144,2,4,0.029918,0.207178,0.049429,0.010636,0.603133,0.011552,0.088154
3340_167_1929_2010,0,0,0.753176,0.193999,0.009687,0.019873,0.00969,0.005929,0.007645
3340_167_1042_1081,2,4,0.041713,0.193223,0.084482,0.013924,0.590246,0.004735,0.071677
3342_167_1296_1560,0,5,0.065497,0.115002,0.013273,0.074788,0.069336,0.644597,0.017507
3342_168_1033_1270,0,1,0.270121,0.514246,0.041245,0.024974,0.028631,0.071367,0.049416
3342_167_1670_1733,4,3,0.060638,0.247339,0.038975,0.277813,0.070723,0.055309,0.249202
3342_167_235_370,0,0,0.439215,0.316656,0.026652,0.011958,0.031436,0.164542,0.009541
3342_168_931_983,0,1,0.406369,0.472428,0.015753,0.007369,0.024896,0.021222,0.051962
3342_168_188_204,3,6,0.032963,0.155652,0.016085,0.100848,0.034736,0.085979,0.573737
3342_168_563_709,0,0,0.480862,0.416576,0.011717,0.030598,0.01354,0.027368,0.01934
3342_167_460_553,0,1,0.414754,0.443471,0.038644,0.006528,0.037049,0.039181,0.020371
3342_167_31_84,5,5,0.090574,0.095699,0.030587,0.051572,0.029499,0.420306,0.281764
3342_168_416_450,5,1,0.318053,0.493192,0.011815,0.026819,0.032105,0.008922,0.109094
3342_168_752_843,5,1,0.269059,0.529674,0.070217,0.005172,0.043489,0.02491,0.057479
3342_168_107_119,3,6,0.028757,0.154345,0.022357,0.096785,0.050464,0.066124,0.581167
3342_167_720_747,1,1,0.269034,0.383224,0.019733,0.082661,0.033511,0.044553,0.167285
3342_168_1600_1661,0,6,0.033185,0.235205,0.125399,0.035794,0.249886,0.010924,0.309606
3342_167_863_906,0,0,0.565201,0.247357,0.026515,0.007028,0.016535,0.10583,0.031533
3342_167_138_158,5,0,0.378765,0.164925,0.036454,0.04551,0.035501,0.23029,0.108554
3342_167_999_1019,0,5,0.090634,0.065512,0.026039,0.021037,0.013222,0.687912,0.095644
3337_168_2271_2533,5,1,0.281295,0.527414,0.051662,0.014345,0.044377,0.040855,0.040052
3337_168_31_147,0,1,0.358232,0.423794,0.041873,0.006991,0.030814,0.107999,0.030297
3337_168_197_261,0,1,0.111815,0.607852,0.046638,0.059921,0.050587,0.048751,0.074435
3337_168_2630_2930,3,3,0.021795,0.08334,0.023946,0.723605,0.088305,0.023184,0.035825
3337_167_1450_1500,3,3,0.013515,0.00982,0.01266,0.841893,0.006168,0.108073,0.007871
3337_167_1556_2585,4,4,0.025135,0.143811,0.176253,0.22972,0.236792,0.036091,0.152198
3337_168_812_1018,1,1,0.16037,0.637907,0.030223,0.005216,0.056265,0.035663,0.074357
3337_168_1347_1424,0,6,0.061887,0.241645,0.020938,0.126947,0.068188,0.031747,0.448649
3337_168_1131_1147,5,1,0.156537,0.411822,0.022652,0.070368,0.05061,0.014448,0.273563
3337_167_160_188,5,4,0.029331,0.091725,0.161764,0.00456,0.634779,0.023475,0.054366
3337_167_1068_1120,3,6,0.017621,0.043826,0.06597,0.074578,0.02469,0.060019,0.713296
3337_168_1510_1751,3,3,0.040289,0.127127,0.022789,0.645372,0.04766,0.030322,0.08644
3337_167_572_608,5,4,0.018393,0.181709,0.21498,0.001866,0.524694,0.012243,0.046115
3337_167_1205_1285,3,3,0.090334,0.216822,0.054093,0.312777,0.088429,0.062711,0.174833
3337_167_2084_2137,4,1,0.201833,0.42588,0.101237,0.057589,0.071783,0.027192,0.114487
3337_168_1900_2054,4,3,0.017589,0.223154,0.070836,0.599583,0.02818,0.015342,0.045317
3337_168_656_722,1,1,0.069487,0.44636,0.030051,0.302286,0.076773,0.016737,0.058306
3337_167_1781_1887,4,6,0.01757,0.124951,0.074909,0.112008,0.037607,0.038771,0.594184
3337_167_346_457,4,2,0.013188,0.079884,0.590428,0.007062,0.281033,0.011325,0.01708
3337_168_477_498,1,5,0.021292,0.073179,0.032793,0.005751,0.020674,0.78137,0.064941
3337_168_1170_1180,6,1,0.121767,0.258688,0.176599,0.032128,0.210693,0.104374,0.09575
3337_167_766_803,3,4,0.035628,0.170584,0.109404,0.009768,0.502838,0.006778,0.165
3346_167_31_150,6,2,0.020386,0.044497,0.464399,0.042479,0.270638,0.144954,0.012647
3346_167_1039_1279,3,6,0.015533,0.071403,0.050193,0.366611,0.019367,0.062681,0.414214
3346_168_189_323,6,2,0.033662,0.112389,0.249409,0.056942,0.187581,0.146828,0.21319
3346_167_1751_1832,3,3,0.01238,0.026808,0.019729,0.672723,0.044018,0.051315,0.173027
3346_168_479_619,5,5,0.010149,0.048259,0.021374,0.063651,0.035795,0.417357,0.403414
3346_167_336_461,2,6,0.016248,0.126135,0.08475,0.171316,0.179251,0.138232,0.284067
3346_168_1531_1599,1,1,0.04627,0.407567,0.061227,0.231131,0.189932,0.019863,0.04401
3346_167_1481_1508,3,6,0.040108,0.084021,0.022275,0.33493,0.028265,0.041311,0.44909
3346_167_808_920,3,3,0.010959,0.050047,0.0293,0.575852,0.087185,0.01972,0.226936
3346_168_1872_1927,6,6,0.007437,0.013542,0.011076,0.162412,0.033978,0.010064,0.76149
3346_167_641_694,6,6,0.011387,0.060899,0.02194,0.264481,0.039759,0.059986,0.541549
3346_167_1610_1678,3,6,0.023885,0.101447,0.05586,0.243231,0.041617,0.169046,0.364915
3346_168_1369_1458,3,3,0.009196,0.016036,0.011884,0.658402,0.027777,0.031407,0.245297
3346_168_1688_1696,5,5,0.014002,0.024989,0.012245,0.021777,0.01111,0.875796,0.040082
3346_168_727_785,1,6,0.057428,0.150713,0.0554,0.124023,0.059209,0.231103,0.322125
3346_168_963_1004,6,6,0.019849,0.059782,0.020447,0.171949,0.014317,0.148605,0.565051
3346_167_1942_1988,3,6,0.02029,0.024108,0.007388,0.315651,0.006594,0.006399,0.61957
3345_167_73_152,3,3,0.004329,0.001795,0.007714,0.878109,0.006393,0.087826,0.013833
3345_168_1271_1412,4,4,0.01178,0.091607,0.038221,0.098374,0.508919,0.020859,0.230239
3345_168_2026_2162,6,4,0.017347,0.076763,0.051536,0.155887,0.356652,0.010417,0.331398
3345_168_1558_1909,1,4,0.015393,0.097449,0.032533,0.193103,0.328696,0.024615,0.308211
3345_168_197_256,3,1,0.241405,0.592717,0.011082,0.040351,0.042325,0.043135,0.028985
3345_167_1429_1534,4,3,0.036685,0.124436,0.08415,0.404178,0.138981,0.062826,0.148744
3345_167_2177_2222,3,3,0.01189,0.005759,0.013309,0.773096,0.009965,0.162328,0.023655
3345_167_891_936,4,2,0.014628,0.041911,0.407785,0.128894,0.084212,0.05326,0.26931
3345_167_548_616,3,3,0.020951,0.063985,0.045595,0.41048,0.060923,0.061122,0.336943
3345_168_1101_1153,4,1,0.097989,0.532245,0.036952,0.018686,0.245568,0.010436,0.058124
3345_167_275_338,3,3,0.010794,0.008559,0.046172,0.690646,0.043365,0.160911,0.039554
3345_168_370_526,6,3,0.019908,0.060891,0.024828,0.606917,0.12508,0.02524,0.137136
3345_167_1188_1238,5,3,0.015001,0.022276,0.018254,0.798711,0.043499,0.057107,0.045151
3345_168_650_748,6,6,0.018288,0.045496,0.043884,0.021261,0.061771,0.096186,0.713114
3345_167_778_822,4,4,0.009434,0.10912,0.081282,0.01809,0.700065,0.006402,0.075608
3345_168_959_1024,6,6,0.008701,0.044831,0.019753,0.065257,0.163167,0.010865,0.687427
3345_168_31_52,3,6,0.011531,0.050784,0.01439,0.162041,0.03346,0.013351,0.714443
3345_168_847_873,6,6,0.06869,0.279794,0.079143,0.012559,0.059956,0.11502,0.384838
3345_167_1931_1975,3,6,0.01388,0.049913,0.086337,0.136717,0.034283,0.117791,0.561077
3345_167_1048_1059,3,4,0.01525,0.068929,0.208425,0.081644,0.459186,0.006891,0.159674
3351_168_100_400,3,4,0.006296,0.029691,0.067741,0.01721,0.853319,0.011643,0.0141
3351_167_1107_1226,4,4,0.017454,0.023585,0.038326,0.11144,0.741526,0.007259,0.06041
3351_167_1754_1846,6,4,0.019382,0.060232,0.045353,0.174923,0.365627,0.006817,0.327666
3351_168_1341_1466,3,4,0.017377,0.035617,0.107728,0.266578,0.455898,0.012619,0.104183
3351_168_877_984,4,4,0.022709,0.090377,0.123431,0.065167,0.477332,0.082808,0.138176
3351_167_600_849,4,4,0.009642,0.024558,0.216214,0.016842,0.697179,0.004042,0.031524
3351_167_31_64,3,4,0.011713,0.00642,0.067865,0.27672,0.582628,0.02072,0.033933
3351_167_415_448,3,3,0.00505,0.001341,0.009898,0.926264,0.03094,0.010259,0.016249
3351_167_1542_1667,3,3,0.017401,0.028013,0.051688,0.550066,0.198664,0.022549,0.13162
3351_168_500_580,6,4,0.017237,0.018354,0.280237,0.082489,0.512179,0.033026,0.056478
3351_168_1725_1735,3,3,0.023138,0.079176,0.046002,0.565567,0.109148,0.019981,0.156987
3350_168_31_151,1,3,0.027167,0.160259,0.115697,0.398976,0.059147,0.112629,0.126125
3350_168_1172_1308,1,4,0.073746,0.377878,0.067366,0.05636,0.378916,0.01233,0.033406
3350_167_1676_1755,3,3,0.016022,0.02494,0.0275,0.672804,0.069856,0.053988,0.134889
3350_167_165_328,2,4,0.01485,0.04472,0.161486,0.018125,0.735738,0.00948,0.015601
3350_168_1791_1907,4,6,0.011312,0.029935,0.023362,0.377441,0.130074,0.015109,0.412767
3350_168_1406_1495,5,5,0.0483,0.181205,0.038647,0.024041,0.057414,0.562539,0.087854
3350_167_895_1112,1,1,0.096648,0.360495,0.087042,0.080644,0.071712,0.209372,0.094088
3350_167_1332_1389,6,3,0.022421,0.046895,0.036304,0.456601,0.041995,0.085437,0.310348
3350_167_591_615,3,3,0.053122,0.068315,0.022854,0.613228,0.016107,0.043674,0.182699
3350_168_459_568,5,6,0.03139,0.096386,0.018378,0.081891,0.02357,0.197687,0.550699
3350_167_1507_1550,4,6,0.051018,0.138208,0.026202,0.209613,0.034343,0.118108,0.422508
3350_168_655_876,5,1,0.120948,0.390025,0.06291,0.055401,0.043314,0.288491,0.038911
3350_168_1583_1637,3,3,0.016719,0.031603,0.044275,0.701473,0.156513,0.024243,0.025174
3350_168_348_375,1,5,0.061568,0.225646,0.062235,0.035549,0.041571,0.314225,0.259207
3350_167_400_430,3,3,0.022435,0.047419,0.016522,0.641245,0.050065,0.008998,0.213316
3348_168_122_217,5,1,0.066179,0.428519,0.060642,0.165075,0.18389,0.018075,0.077619
3348_168_1246_1353,5,3,0.035561,0.25749,0.038275,0.379207,0.165045,0.021797,0.102625
3348_168_2037_2147,1,3,0.132334,0.287344,0.029074,0.397285,0.032768,0.049199,0.071996
3348_168_1167_1185,5,5,0.040894,0.080153,0.143783,0.013097,0.044818,0.491606,0.185649
3348_168_1640_1795,1,3,0.032392,0.099032,0.03767,0.478196,0.125937,0.031061,0.195712
3348_167_244_284,5,5,0.048558,0.12654,0.026634,0.021962,0.091463,0.514204,0.170639
3348_167_1821_1841,3,5,0.016098,0.0526,0.028323,0.171874,0.027242,0.365912,0.337951
3348_167_1379_1577,4,2,0.035123,0.226103,0.275812,0.078812,0.183423,0.085045,0.115683
3348_167_2188_2255,1,1,0.192545,0.627406,0.014191,0.054923,0.053872,0.031865,0.025198
3348_168_811_1011,3,3,0.041221,0.256602,0.064472,0.359674,0.073016,0.01548,0.189534
3348_168_528_662,4,3,0.035375,0.090446,0.124048,0.464459,0.121516,0.01422,0.149936
3348_167_1017_1143,1,6,0.017716,0.168589,0.055812,0.081427,0.152068,0.091278,0.433109
3348_168_300_427,4,1,0.08743,0.344943,0.024557,0.213125,0.198028,0.03091,0.101007
3348_167_454_498,1,1,0.059083,0.63946,0.089325,0.00808,0.180098,0.012602,0.011351
3348_167_31_101,5,5,0.00849,0.007614,0.021146,0.345391,0.012392,0.527442,0.077525
3348_168_1857_1958,1,1,0.06294,0.334431,0.105935,0.208021,0.072195,0.166143,0.050335
3348_167_739_778,5,1,0.036411,0.477694,0.108507,0.017016,0.230515,0.056208,0.073649
3348_167_1217_1230,4,4,0.056362,0.14816,0.180854,0.024004,0.267838,0.176464,0.146319
3348_167_1992_2025,0,0,0.544497,0.284603,0.018017,0.013472,0.012666,0.092678,0.034067
3349_167_112_137,3,6,0.024846,0.079747,0.127605,0.193833,0.076999,0.077481,0.419488
3349_167_1190_1304,3,3,0.022995,0.09064,0.057171,0.415609,0.11947,0.017067,0.277048
3349_167_1922_2064,3,4,0.006578,0.018228,0.020952,0.001883,0.94295,0.000829,0.00858
3349_168_1656_1836,1,1,0.165031,0.477717,0.02976,0.078515,0.078422,0.045261,0.125292
3349_167_233_292,5,5,0.012607,0.065716,0.162085,0.039382,0.080073,0.419978,0.220161
3349_167_1438_1469,3,6,0.039509,0.091706,0.036987,0.279939,0.082763,0.02742,0.441675
3349_168_2133_2308,3,1,0.09315,0.41621,0.080665,0.009672,0.345143,0.027225,0.027935
3349_168_937_985,3,1,0.081949,0.379074,0.044979,0.028141,0.171803,0.044356,0.249699
3349_168_152_207,5,5,0.020889,0.08563,0.050671,0.016187,0.015594,0.683754,0.127275
3349_168_1338_1391,3,3,0.021686,0.022233,0.133258,0.475583,0.020754,0.228804,0.097684
3349_168_584_628,0,3,0.019699,0.084699,0.034765,0.526534,0.019262,0.098665,0.216376
3349_168_1102_1137,3,1,0.081799,0.274367,0.078622,0.1991,0.069414,0.047172,0.249528
3349_168_321_457,5,4,0.043655,0.205416,0.160334,0.006644,0.379954,0.041303,0.162694
3349_167_637_740,1,1,0.293031,0.456193,0.097539,0.009796,0.062568,0.046265,0.034609
3349_167_1010_1046,3,1,0.149686,0.570868,0.032618,0.019533,0.116075,0.014106,0.097113
3349_167_477_537,3,2,0.025925,0.114727,0.35926,0.116399,0.082969,0.190139,0.110581
3349_168_31_83,0,1,0.218137,0.351275,0.01386,0.301666,0.022841,0.04108,0.05114
3349_168_754_859,3,3,0.025427,0.062645,0.020995,0.78998,0.029854,0.04902,0.022078
3349_167_1551_1619,3,3,0.056431,0.087848,0.124823,0.398033,0.051414,0.087281,0.194169
3349_168_1512_1526,3,3,0.030096,0.027052,0.029616,0.783374,0.025471,0.04422,0.060171
3349_167_893_913,3,1,0.156692,0.379053,0.053165,0.125975,0.14473,0.022177,0.118208
3356_168_71_225,5,5,0.233397,0.108715,0.015884,0.013481,0.02935,0.588738,0.010435
3356_168_1216_1345,4,0,0.72899,0.131994,0.005563,0.004585,0.00987,0.115725,0.003273
3356_168_1540_1759,4,0,0.541566,0.388076,0.019761,0.002597,0.034919,0.006976,0.006105
3356_167_240_362,4,4,0.038182,0.168035,0.044916,0.042547,0.578996,0.057073,0.070251
3356_167_1407_1527,0,4,0.094107,0.305748,0.038577,0.010443,0.420555,0.013836,0.116734
3356_168_943_1154,0,0,0.536819,0.307336,0.018276,0.064207,0.033669,0.019649,0.020044
3356_168_589_615,1,1,0.164594,0.303535,0.033954,0.023963,0.02578,0.168746,0.279428
3356_167_1681_1794,4,1,0.142207,0.360552,0.145339,0.017269,0.286354,0.00989,0.03839
3356_167_629_751,2,4,0.048103,0.170757,0.054197,0.181781,0.40476,0.023578,0.116825
3356_168_373_538,1,0,0.672005,0.24962,0.00888,0.005381,0.019953,0.030892,0.013269
3356_167_31_61,2,4,0.023837,0.172718,0.241188,0.018974,0.370839,0.023757,0.148687
3356_168_769_824,1,5,0.101,0.099607,0.016055,0.021946,0.014805,0.690301,0.056286
3356_167_1186_1201,0,4,0.016585,0.081079,0.388889,0.01693,0.440301,0.006756,0.049461
3356_167_859_910,2,6,0.026463,0.216937,0.134428,0.060042,0.144719,0.024108,0.393302
3356_167_551_575,4,1,0.088482,0.43009,0.019302,0.045526,0.271853,0.015441,0.129305
3358_167_1278_1471,1,0,0.585789,0.319753,0.022899,0.00857,0.033288,0.015989,0.013712
3358_167_1004_1189,0,0,0.474534,0.373958,0.016554,0.01032,0.026866,0.091912,0.005855
3358_168_860_973,1,6,0.021248,0.081175,0.13393,0.026893,0.206942,0.006346,0.523466
3358_168_140_187,5,5,0.008283,0.018966,0.067322,0.113706,0.042633,0.667567,0.081524
3358_168_303_388,5,2,0.01229,0.052366,0.36684,0.045345,0.301195,0.020866,0.201098
3358_168_612_746,1,2,0.011304,0.035768,0.557042,0.137446,0.146354,0.008457,0.10363
3358_167_402_577,1,1,0.151937,0.352632,0.148556,0.03772,0.112639,0.103158,0.093359
3358_167_31_60,6,3,0.04133,0.070317,0.019289,0.493448,0.021548,0.029523,0.324545
3358_168_1520_1675,1,4,0.01512,0.109779,0.271551,0.076114,0.421115,0.009303,0.097017
3358_167_788_823,1,0,0.45497,0.242921,0.022234,0.040389,0.022027,0.110861,0.106598
3358_167_1680_1720,0,0,0.49972,0.324493,0.026264,0.059697,0.01349,0.021717,0.054618
3358_168_1197_1223,2,6,0.127058,0.311764,0.044721,0.096619,0.043998,0.040065,0.335777
3358_167_207_244,6,6,0.026896,0.047532,0.036465,0.226867,0.015623,0.043111,0.603505
3357_167_1252_1501,4,4,0.012293,0.039818,0.166677,0.00631,0.650854,0.029165,0.094882
3357_168_1181_1240,1,6,0.065893,0.328884,0.055153,0.01863,0.0335,0.040711,0.457229
3357_168_1593_1720,5,1,0.053867,0.326819,0.275959,0.006797,0.16997,0.118475,0.048113
3357_167_233_321,4,4,0.009151,0.08727,0.106743,0.057149,0.656597,0.013019,0.07007
3357_167_1745_2038,4,4,0.004825,0.009904,0.09557,0.000492,0.884588,0.001444,0.003176
3357_168_2116_2300,1,2,0.009683,0.064066,0.510152,0.004786,0.374426,0.006358,0.030529
3357_168_140_222,1,6,0.013491,0.068675,0.050861,0.087225,0.071992,0.025076,0.68268
3357_168_541_919,6,4,0.011307,0.162857,0.302224,0.020333,0.384921,0.03555,0.082807
3357_167_1126_1161,2,1,0.086448,0.438601,0.070248,0.008129,0.315781,0.014763,0.06603
3357_167_2322_2389,4,3,0.013056,0.011409,0.057842,0.63665,0.047871,0.069462,0.16371
3357_168_990_1107,1,6,0.016607,0.120804,0.035438,0.007594,0.135981,0.0135,0.670077
3357_167_386_521,2,4,0.027637,0.117541,0.07163,0.112487,0.44724,0.008066,0.215399
3357_167_31_104,4,4,0.015272,0.098967,0.114775,0.028539,0.586515,0.009846,0.146086
3357_167_956_963,5,5,0.008646,0.019584,0.016443,0.033504,0.012325,0.87941,0.030087
3357_168_2391_2421,1,6,0.04532,0.172979,0.041742,0.079529,0.069586,0.026881,0.563963
3357_168_343_363,1,5,0.030208,0.067884,0.044648,0.009097,0.01852,0.587942,0.241701
3359_167_2045_2089,5,0,0.795429,0.04063,0.006441,0.009724,0.007446,0.124559,0.015771
3359_168_1026_1202,1,6,0.043428,0.188629,0.080287,0.027859,0.186901,0.019153,0.453745
3359_167_1802_1900,0,5,0.092718,0.143699,0.062205,0.270885,0.069106,0.278156,0.083231
3359_168_1317_1540,1,1,0.137737,0.42942,0.113858,0.033402,0.15318,0.05867,0.073734
3359_167_898_1012,0,1,0.320424,0.441395,0.047575,0.017513,0.11423,0.031918,0.026945
3359_167_134_220,0,0,0.869101,0.072754,0.01047,0.008729,0.003762,0.029945,0.005239
3359_167_556_697,0,6,0.031677,0.18509,0.035821,0.233788,0.027519,0.043556,0.442549
3359_168_1728_1786,1,1,0.075139,0.245871,0.158193,0.069045,0.23073,0.081735,0.139288
3359_168_473_490,5,6,0.013462,0.033186,0.053931,0.025781,0.021418,0.29489,0.557332
3359_167_336_444,0,4,0.013994,0.049084,0.338252,0.022257,0.521885,0.014712,0.039816
3359_167_1212_1288,0,0,0.502543,0.351438,0.023354,0.026182,0.029351,0.022664,0.044469
3359_168_709_882,5,2,0.01174,0.050811,0.476761,0.074018,0.135745,0.212878,0.038046
3359_168_2110_2190,0,6,0.062274,0.203921,0.10294,0.183353,0.148661,0.05063,0.24822
3359_167_1552_1665,0,0,0.559191,0.334127,0.020415,0.016811,0.030946,0.017915,0.020594
3359_168_1936_2035,1,4,0.028308,0.14887,0.317056,0.019226,0.362264,0.013569,0.110707
3359_168_278_291,5,5,0.015628,0.031279,0.033358,0.021286,0.024327,0.795985,0.078137
3359_167_31_41,0,6,0.106825,0.130393,0.053292,0.06043,0.070907,0.025851,0.552303
3355_168_1975_2095,3,3,0.025827,0.039386,0.05717,0.712282,0.053543,0.063409,0.048381
3355_167_1066_1292,4,1,0.307962,0.459299,0.039153,0.017189,0.095247,0.044011,0.037139
3355_168_1616_1691,1,6,0.022713,0.091252,0.065597,0.134411,0.034135,0.054175,0.597718
3355_168_196_281,1,0,0.49768,0.429555,0.007267,0.0282,0.005539,0.013474,0.018284
3355_167_1751_1951,5,5,0.015435,0.063433,0.058613,0.034108,0.038241,0.756114,0.034056
3355_167_1391_1565,3,3,0.147004,0.201951,0.017054,0.302781,0.072414,0.021213,0.237582
3355_167_876_936,4,0,0.45417,0.316319,0.031725,0.03401,0.102182,0.018131,0.043462
3355_168_1308_1373,1,0,0.578553,0.230631,0.012253,0.018215,0.013084,0.094376,0.052888
3355_168_572_673,1,0,0.493314,0.393956,0.016522,0.006256,0.055581,0.011365,0.023007
3355_167_288_344,4,1,0.196124,0.237055,0.065624,0.10803,0.140825,0.047138,0.205203
3355_167_423_553,3,0,0.429679,0.316078,0.042511,0.015452,0.049704,0.037764,0.108812
3355_168_70_98,1,1,0.184468,0.683005,0.010702,0.05799,0.024403,0.008885,0.030545
3355_167_2121_2216,5,1,0.342314,0.345879,0.01747,0.057413,0.030894,0.029988,0.176042
3355_167_689_739,1,0,0.550871,0.313231,0.028042,0.009274,0.039333,0.015054,0.044195
3355_168_344_398,0,0,0.651665,0.271254,0.016939,0.006164,0.022894,0.018553,0.012531
3355_168_758_791,1,1,0.377798,0.523372,0.015923,0.004734,0.05242,0.002686,0.023068
3355_168_2260_2300,3,3,0.013892,0.047366,0.020159,0.799833,0.062987,0.008773,0.04699
3355_168_972_1027,0,0,0.37531,0.315783,0.024672,0.066796,0.030516,0.149876,0.037048
3355_167_134_162,4,1,0.243738,0.413677,0.043858,0.072161,0.061065,0.04698,0.118521
3355_167_31_50,6,6,0.038991,0.083098,0.021321,0.298821,0.034214,0.064369,0.459187
3352_167_1243_1301,0,2,0.016082,0.156271,0.670518,0.001873,0.120928,0.023691,0.010637
3352_168_1629_1697,4,3,0.023826,0.072621,0.044126,0.754624,0.039191,0.019058,0.046554
3352_167_241_285,5,0,0.716631,0.136515,0.020947,0.00824,0.007207,0.060141,0.050319
3352_168_88_126,5,5,0.024627,0.090992,0.078982,0.021096,0.013816,0.734599,0.035887
3352_168_915_943,0,1,0.261166,0.67317,0.008853,0.007655,0.028147,0.004432,0.016578
3352_168_200_221,5,1,0.292262,0.308637,0.030414,0.029986,0.017359,0.241703,0.07964
3352_168_1318_1460,0,1,0.443351,0.496266,0.011423,0.019222,0.009828,0.010288,0.009623
3352_167_1127_1154,3,2,0.014432,0.051312,0.431427,0.003103,0.386846,0.054285,0.058595
3352_167_1707_1768,0,1,0.370719,0.384309,0.04384,0.049711,0.089211,0.017381,0.044829
3352_168_611_651,1,3,0.018952,0.122607,0.03658,0.59723,0.021896,0.01961,0.183124
3352_167_1029_1044,5,3,0.156944,0.18608,0.192596,0.260547,0.075998,0.089037,0.038798
3352_168_468_550,5,3,0.022713,0.074122,0.063204,0.493211,0.019403,0.088264,0.239083
3352_167_31_79,5,2,0.090095,0.094872,0.40062,0.060127,0.024335,0.3212,0.008751
3352_167_1493_1586,3,0,0.650343,0.246361,0.040871,0.004993,0.030583,0.014056,0.012793
3352_167_731_875,0,0,0.725431,0.191835,0.033169,0.003832,0.013022,0.026183,0.006529
3352_168_1187_1235,2,5,0.012941,0.142302,0.059056,0.160268,0.080596,0.332612,0.212225
3352_167_554_587,0,0,0.59549,0.355701,0.012223,0.006069,0.010944,0.01056,0.009014
3352_168_1070_1100,4,5,0.089872,0.080653,0.035969,0.004956,0.014181,0.728913,0.045456
3352_167_351_373,0,0,0.467818,0.434612,0.025577,0.011045,0.022779,0.014896,0.023273
3352_167_140_157,5,1,0.3028,0.418303,0.087425,0.019007,0.03538,0.047842,0.089244
3352_168_310_331,0,5,0.018722,0.181926,0.057562,0.014467,0.034993,0.638436,0.053895
3801_191_31_131,3,6,0.04674,0.103399,0.051807,0.249767,0.031787,0.193849,0.322651
3801_191_1286_1367,6,6,0.01746,0.041072,0.042379,0.340842,0.02112,0.134937,0.402189
3801_191_1891_2050,1,5,0.074072,0.103687,0.061517,0.009415,0.030929,0.711865,0.008514
3801_192_1121_1262,5,1,0.040035,0.525214,0.095505,0.14303,0.053613,0.065362,0.07724
3801_192_1641_1862,3,3,0.00882,0.035329,0.019694,0.487857,0.037474,0.338697,0.072128
3801_191_2191_2240,1,3,0.010699,0.026615,0.044802,0.77173,0.015765,0.050979,0.079409
3801_192_884_956,5,5,0.024606,0.095675,0.024244,0.17952,0.013934,0.509439,0.152582
3801_192_141_241,3,5,0.011432,0.023835,0.041516,0.264675,0.039752,0.332792,0.285998
3801_191_509_646,1,1,0.209512,0.499423,0.06517,0.025406,0.024367,0.159078,0.017043
3801_192_2056_2180,5,3,0.03458,0.08006,0.017931,0.544814,0.018947,0.259135,0.044533
3801_191_968_1111,6,1,0.039494,0.220203,0.210964,0.018068,0.185167,0.2136,0.112504
3801_191_262_426,1,1,0.085578,0.459041,0.108063,0.027089,0.037424,0.239895,0.042911
3801_192_428_508,5,5,0.028477,0.1059,0.03026,0.03563,0.024602,0.749999,0.025131
3801_191_1462_1634,5,5,0.009041,0.239299,0.249644,0.044836,0.088191,0.332134,0.036855
3801_191_767_867,0,1,0.319674,0.353343,0.169695,0.022111,0.068202,0.04864,0.018335
3801_192_647_757,1,3,0.062979,0.065698,0.022318,0.590198,0.013837,0.211934,0.033036
3801_192_1378_1432,5,3,0.024547,0.086249,0.018572,0.658577,0.012377,0.016334,0.183344
3803_192_114_223,3,3,0.006272,0.014098,0.044247,0.634672,0.049644,0.012689,0.238378
3803_192_1092_1404,3,3,0.013137,0.02035,0.015851,0.775399,0.045831,0.031111,0.09832
3803_191_2030_2065,3,5,0.016428,0.079479,0.076647,0.272819,0.022645,0.385892,0.14609
3803_191_224_290,1,1,0.014898,0.319518,0.259333,0.005228,0.296254,0.05218,0.052588
3803_191_1688_1862,3,1,0.074381,0.488349,0.07725,0.010019,0.033357,0.293684,0.02296
3803_191_1424_1462,4,4,0.03079,0.336579,0.151159,0.006738,0.365719,0.015437,0.093578
3803_191_2200_2219,3,3,0.018634,0.007024,0.016778,0.887759,0.004973,0.039505,0.025327
3803_191_859_1002,1,1,0.1536,0.537338,0.137331,0.0054,0.126017,0.017105,0.023209
3803_191_2296_2317,3,3,0.018501,0.008865,0.019551,0.841263,0.008423,0.06058,0.042817
3803_191_524_648,4,4,0.023114,0.112542,0.273189,0.005593,0.491077,0.04836,0.046125
3803_192_2069_2141,3,3,0.029163,0.118068,0.040592,0.67444,0.021524,0.055629,0.060584
3803_192_294_505,1,2,0.011647,0.152019,0.428147,0.005914,0.323583,0.019164,0.059525
3803_191_31_104,1,2,0.022091,0.233325,0.471832,0.001901,0.237539,0.015169,0.018144
3803_192_1479_1669,3,3,0.019998,0.130782,0.042379,0.679455,0.04987,0.020363,0.057152
3803_192_664_840,3,5,0.013747,0.02576,0.205582,0.249162,0.069257,0.362995,0.073497
3803_192_1864_2006,3,3,0.011016,0.026574,0.055842,0.806518,0.020724,0.009411,0.069916
3803_192_2220_2289,3,3,0.013476,0.008724,0.017744,0.790891,0.006934,0.023383,0.138848
3808_192_118_275,5,5,0.02229,0.163743,0.073212,0.050753,0.033616,0.581115,0.075271
3808_192_1158_1537,6,3,0.015978,0.180993,0.151236,0.364642,0.034886,0.213326,0.038939
3808_192_1923_2047,3,3,0.02978,0.199287,0.110803,0.31362,0.050561,0.024818,0.271131
3808_191_1563_1700,5,1,0.108568,0.4218,0.106156,0.01155,0.083837,0.183435,0.084654
3808_192_1705_1868,6,3,0.010963,0.09914,0.043291,0.465625,0.029774,0.09395,0.257256
3808_192_733_1038,5,1,0.098908,0.461028,0.083192,0.199229,0.056653,0.052637,0.048352
3808_192_356_645,6,3,0.017411,0.191195,0.05004,0.307261,0.132659,0.037799,0.263636
3808_191_1050_1156,1,5,0.008416,0.091408,0.12047,0.022133,0.042788,0.548231,0.166554
3808_191_283_348,1,1,0.025876,0.397866,0.254566,0.015482,0.064736,0.118919,0.122556
3808_191_31_95,1,6,0.038754,0.244283,0.099879,0.061382,0.084783,0.040821,0.430097
3808_191_1881_1906,3,3,0.024788,0.091029,0.027874,0.558924,0.022103,0.044127,0.231154
3808_191_648_732,1,2,0.005878,0.178144,0.523589,0.016291,0.144882,0.076246,0.05497
3802_191_31_211,5,6,0.020715,0.160101,0.066834,0.142754,0.069851,0.131888,0.407857
3802_192_1146_1356,5,3,0.012036,0.081028,0.148512,0.390325,0.097438,0.204952,0.065708
3802_191_2019_2124,1,5,0.034572,0.108693,0.047992,0.005658,0.040179,0.746282,0.016624
3802_192_1678_1714,3,3,0.021902,0.048131,0.023771,0.628772,0.029503,0.149331,0.098589
3802_192_218_408,3,5,0.010101,0.024914,0.02646,0.289299,0.026704,0.573061,0.049461
3802_191_1728_1824,3,1,0.065391,0.317245,0.069745,0.118768,0.061018,0.087749,0.280085
3802_192_1461_1621,3,3,0.004399,0.009373,0.012974,0.787464,0.010725,0.145204,0.029862
3802_192_2136_2285,5,5,0.029534,0.029582,0.016109,0.218801,0.035457,0.634945,0.035572
3802_191_828_1146,6,3,0.007532,0.07695,0.063304,0.388712,0.06194,0.058908,0.342654
3802_191_2302_2425,5,5,0.006414,0.027445,0.158061,0.028994,0.034654,0.726009,0.018424
3802_192_603_686,3,3,0.011665,0.006884,0.022863,0.806812,0.017544,0.085701,0.048531
3802_191_418_566,1,1,0.040866,0.349803,0.050144,0.053118,0.059214,0.278359,0.168496
3802_192_2436_2463,3,3,0.014888,0.069465,0.03222,0.528567,0.031524,0.032292,0.291045
3802_192_1868_1990,5,3,0.0215,0.062221,0.022435,0.692373,0.034669,0.073588,0.093213
3802_191_698_765,6,6,0.018956,0.137526,0.143931,0.183499,0.04486,0.060424,0.410804
3802_191_1371_1460,1,5,0.010437,0.159927,0.158554,0.017314,0.041675,0.576042,0.036051
3802_191_1623_1677,3,3,0.011562,0.010941,0.020992,0.840561,0.014789,0.028002,0.073153
3802_192_768_822,3,5,0.003928,0.016631,0.010472,0.101016,0.006792,0.844215,0.016946
3804_191_31_166,3,3,0.039907,0.082814,0.054475,0.478968,0.052011,0.114019,0.177805
3804_191_1261_1371,3,4,0.026789,0.135368,0.331458,0.032139,0.348359,0.027603,0.098285
3804_192_1996_2104,3,3,0.013871,0.017277,0.011807,0.854194,0.017737,0.018957,0.066158
3804_192_1123_1242,0,1,0.308708,0.459044,0.05096,0.074029,0.035222,0.03603,0.036008
3804_191_1604_1714,1,1,0.266985,0.56246,0.037177,0.012529,0.023305,0.085228,0.012315
3804_191_231_337,3,3,0.014856,0.026861,0.025502,0.663425,0.019743,0.124513,0.1251
3804_192_1726_1834,3,3,0.028476,0.079481,0.026444,0.661591,0.028394,0.035032,0.140582
3804_191_1444_1487,1,4,0.012482,0.234956,0.118442,0.023522,0.304646,0.088105,0.217848
3804_192_781_976,1,1,0.348347,0.521102,0.0525,0.020886,0.029421,0.017264,0.010479
3804_192_171_205,1,3,0.026124,0.136195,0.033173,0.611108,0.025702,0.066747,0.100951
3804_192_566_626,5,5,0.039467,0.086192,0.035356,0.058134,0.01673,0.736907,0.027214
3804_191_987_1116,0,1,0.404057,0.459642,0.050184,0.003769,0.040248,0.03735,0.00475
3804_191_426_558,1,0,0.558384,0.354976,0.016987,0.008929,0.017484,0.022176,0.021063
3804_192_1511_1584,1,6,0.055051,0.081279,0.070967,0.174339,0.059947,0.244004,0.314413
3804_191_1846_1987,1,0,0.613867,0.342078,0.008177,0.003881,0.014383,0.012586,0.005028
3804_191_648_781,1,0,0.476261,0.375951,0.021231,0.01316,0.024043,0.019316,0.070038
3804_191_2122_2202,1,1,0.281453,0.588587,0.030499,0.01325,0.030673,0.024766,0.030773
3804_192_338_418,0,5,0.026747,0.078798,0.025493,0.030021,0.02535,0.80611,0.007481
3804_192_1384_1431,3,3,0.017245,0.07377,0.076576,0.423358,0.045299,0.063136,0.300619
3807_192_101_171,0,1,0.081872,0.724841,0.046462,0.019283,0.063295,0.01048,0.053767
3807_192_1100_1359,3,3,0.013737,0.027306,0.048504,0.792553,0.037076,0.033682,0.047141
3807_191_1593_1681,2,1,0.32124,0.385787,0.073263,0.009695,0.139901,0.01887,0.051243
3807_191_186_263,5,5,0.005447,0.022814,0.042294,0.006228,0.023105,0.886967,0.013144
3807_191_1391_1478,6,1,0.030739,0.33175,0.170082,0.01439,0.081888,0.291123,0.080029
3807_192_753_979,1,4,0.034727,0.192314,0.056949,0.015793,0.649327,0.038363,0.012526
3807_192_499_647,0,1,0.138337,0.538469,0.133465,0.019251,0.103929,0.024654,0.041894
3807_192_1731_1774,3,3,0.011332,0.014107,0.017277,0.897759,0.006946,0.014616,0.037963
3807_192_272_406,0,4,0.015583,0.151463,0.174812,0.055017,0.539013,0.018062,0.04605
3807_191_1014_1100,2,1,0.028883,0.357199,0.207202,0.013062,0.285042,0.08287,0.025742
3807_191_31_90,6,6,0.012401,0.046137,0.024422,0.028353,0.018851,0.069056,0.800779
3807_191_419_468,2,5,0.008045,0.011221,0.036833,0.012131,0.021682,0.889175,0.020913
3807_192_1481_1571,3,1,0.135912,0.620173,0.082437,0.015226,0.093367,0.013244,0.039641
3807_191_649_735,5,6,0.055101,0.187955,0.142756,0.017846,0.113171,0.109896,0.373277
3813_192_31_134,1,3,0.114173,0.070203,0.029449,0.481566,0.029319,0.166993,0.108297
3813_192_1126_1382,1,1,0.304939,0.327425,0.032071,0.141472,0.118697,0.035106,0.04029
3813_192_2028_2082,0,1,0.230971,0.241149,0.080495,0.230611,0.03488,0.111703,0.07019
3813_192_1454_1890,0,0,0.49511,0.354217,0.029802,0.037537,0.042363,0.009661,0.031308
3813_192_222_400,1,0,0.506561,0.324121,0.026459,0.043662,0.032639,0.022954,0.043604
3813_192_720_973,0,0,0.721797,0.169753,0.01256,0.013601,0.020134,0.057484,0.004671
3813_191_169_209,6,1,0.072038,0.393812,0.054854,0.047956,0.140688,0.033074,0.257578
3813_192_516_626,0,0,0.533508,0.273627,0.042369,0.033238,0.035773,0.058444,0.023041
3813_191_991_1098,4,1,0.097394,0.51825,0.077427,0.005478,0.105214,0.180526,0.01571
3813_191_426_488,1,1,0.020684,0.61736,0.12533,0.017638,0.017265,0.174919,0.026804
3813_191_643_706,1,1,0.166054,0.653393,0.073469,0.010638,0.027632,0.056169,0.012646
3813_191_1917_1965,0,1,0.320769,0.324457,0.154668,0.031726,0.075535,0.045098,0.047747
3810_192_1041_1301,0,3,0.028143,0.134741,0.038443,0.507285,0.050364,0.031589,0.209435
3810_192_216_310,0,0,0.495553,0.251103,0.035523,0.015362,0.020743,0.15689,0.024826
3810_191_921_938,2,1,0.014765,0.300502,0.210745,0.038058,0.207079,0.026861,0.201988
3810_192_950_999,0,1,0.343654,0.379268,0.024111,0.088913,0.018584,0.034738,0.110732
3810_191_171_215,1,1,0.131264,0.524999,0.074429,0.027902,0.069794,0.094432,0.077181
3810_192_1347_1407,0,1,0.07733,0.571886,0.081725,0.058825,0.069748,0.018152,0.122334
3810_192_356_607,0,1,0.330668,0.49297,0.062193,0.014151,0.043047,0.035144,0.021828
3810_191_311_354,2,0,0.444131,0.438399,0.03342,0.004228,0.052223,0.010632,0.016967
3810_191_611_643,2,1,0.010524,0.418789,0.302568,0.003061,0.245359,0.005263,0.014436
3810_192_31_84,0,3,0.140631,0.074737,0.057728,0.369384,0.033071,0.07946,0.244989
3810_192_784_914,0,1,0.067775,0.282574,0.063228,0.195122,0.094641,0.058703,0.237957
3810_191_1311_1335,2,4,0.039158,0.251023,0.222487,0.012353,0.326194,0.019817,0.128968
3810_192_651_759,0,1,0.218101,0.535424,0.045992,0.035542,0.073504,0.023211,0.068227
3810_191_761_779,2,6,0.019876,0.170933,0.060675,0.138778,0.128275,0.029628,0.451835
3810_191_1001_1027,2,2,0.040982,0.128844,0.436105,0.02556,0.198847,0.04341,0.126252
3806_191_2315_2530,3,1,0.195099,0.549173,0.042974,0.082964,0.068277,0.01989,0.041624
3806_191_96_151,0,4,0.038359,0.27269,0.068129,0.011926,0.280663,0.155225,0.173009
3806_191_1278_1368,5,5,0.024886,0.08584,0.051063,0.003302,0.025542,0.801894,0.007472
3806_192_2039_2304,4,3,0.014402,0.08024,0.089596,0.462758,0.254381,0.016434,0.082188
3806_192_1020_1275,2,4,0.019599,0.115237,0.151439,0.033135,0.624069,0.024801,0.031719
3806_192_1625_1811,3,3,0.022772,0.063479,0.032438,0.655296,0.040289,0.012174,0.173552
3806_191_245_273,5,5,0.063062,0.112431,0.030755,0.064525,0.015945,0.547623,0.165658
3806_191_1812_2022,0,1,0.242175,0.536434,0.042133,0.007468,0.087531,0.076251,0.008007
3806_192_1385_1471,6,1,0.078588,0.395175,0.074049,0.155649,0.126063,0.030767,0.139708
3806_191_865_1009,2,1,0.053659,0.370075,0.07724,0.081912,0.057601,0.216156,0.143357
3806_192_155_229,2,1,0.111754,0.417619,0.135756,0.042275,0.205775,0.02101,0.065812
3806_192_556_646,5,5,0.039769,0.129149,0.103072,0.009789,0.047544,0.645776,0.024901
3806_192_292_447,5,1,0.059653,0.324961,0.149058,0.163856,0.183818,0.035848,0.082806
3806_191_458_544,4,5,0.022149,0.162486,0.051217,0.0201,0.102393,0.623147,0.018508
3806_191_31_55,6,6,0.074693,0.208057,0.031909,0.178763,0.046276,0.042939,0.417364
3806_191_1475_1623,6,5,0.018151,0.084801,0.041964,0.015047,0.02373,0.720349,0.095957
3806_192_815_853,2,1,0.046621,0.416464,0.058431,0.11027,0.170773,0.023078,0.174363
3806_192_57_87,6,5,0.013253,0.047359,0.031572,0.023281,0.010895,0.781452,0.092188
3806_191_660_810,0,1,0.246776,0.535638,0.049196,0.031182,0.068472,0.037073,0.031662
3806_192_2540_2580,3,3,0.004291,0.001335,0.008099,0.947364,0.006945,0.005913,0.026053
3814_192_2380_2493,3,3,0.015543,0.038809,0.177366,0.601741,0.075671,0.048165,0.042706
3814_192_80_176,2,5,0.017566,0.042687,0.108765,0.015513,0.057371,0.71545,0.042648
3814_192_946_1581,4,5,0.023314,0.142911,0.082353,0.024221,0.124494,0.566491,0.036214
3814_191_2047_2049,4,6,0.02435,0.115819,0.056852,0.047387,0.185035,0.042726,0.527831
3814_191_1597_1729,4,1,0.273625,0.595644,0.027782,0.004698,0.080219,0.006095,0.011938
3814_191_201_294,4,1,0.065875,0.478111,0.128598,0.00364,0.245954,0.020712,0.05711
3814_192_1746_1948,4,2,0.011678,0.0489,0.595911,0.008399,0.301217,0.010974,0.022922
3814_192_2079_2309,6,3,0.012806,0.083539,0.04321,0.707669,0.037948,0.026066,0.088761
3814_192_469_643,6,5,0.009805,0.084239,0.028782,0.032949,0.019436,0.803009,0.02178
3814_191_2325_2373,3,3,0.013383,0.042266,0.026957,0.66754,0.028577,0.0237,0.197578
3814_192_314_396,5,5,0.008403,0.044685,0.039009,0.033441,0.011212,0.811899,0.051351
3814_191_424_451,4,1,0.115363,0.715618,0.046714,0.003808,0.0922,0.007674,0.018623
3814_191_663_919,4,1,0.09227,0.6335,0.073722,0.012292,0.12959,0.013518,0.045108
3814_192_2005_2034,6,6,0.011219,0.033312,0.050855,0.083169,0.088357,0.064653,0.668436
3814_191_31_37,4,3,0.021318,0.046685,0.032685,0.453835,0.077297,0.027672,0.340508
3814_191_1963_1965,4,6,0.033065,0.117294,0.036561,0.036348,0.236121,0.025855,0.514755
3811_191_2464_2619,4,6,0.022205,0.161917,0.134333,0.018923,0.24592,0.033666,0.383036
3811_191_31_182,3,6,0.013065,0.059419,0.08583,0.319235,0.064975,0.083347,0.374129
3811_192_1081_1265,6,3,0.015515,0.062675,0.041708,0.684387,0.025818,0.050239,0.119658
3811_192_212_408,3,3,0.008999,0.014214,0.012154,0.596757,0.024881,0.021191,0.321804
3811_191_2866_2945,4,2,0.035959,0.087381,0.264581,0.035246,0.161372,0.198109,0.217352
3811_192_2643_2834,2,4,0.012053,0.045563,0.293697,0.026543,0.361701,0.143985,0.116459
3811_192_3027_3506,4,4,0.021465,0.11509,0.128736,0.131907,0.420812,0.037026,0.144964
3811_191_917_1065,4,6,0.009906,0.080486,0.135724,0.074215,0.161571,0.086577,0.451522
3811_191_1319_1456,6,2,0.011159,0.147067,0.250668,0.057366,0.095264,0.213944,0.224532
3811_191_2003_2125,4,1,0.030936,0.325945,0.195393,0.011861,0.11275,0.052027,0.271088
3811_191_1752_1839,4,2,0.010469,0.183517,0.595241,0.00437,0.146478,0.034807,0.025117
3811_191_596_661,6,6,0.012821,0.021497,0.015016,0.075329,0.030529,0.008547,0.836262
3811_192_1484_1692,5,3,0.027482,0.080409,0.040659,0.391641,0.064141,0.24413,0.151539
3811_192_2221_2428,5,5,0.024814,0.066616,0.051369,0.011848,0.025224,0.811537,0.008593
3811_192_1859_1972,2,1,0.188578,0.340096,0.06182,0.033676,0.021585,0.257251,0.096994
3811_192_700_897,6,3,0.038959,0.118076,0.059258,0.477204,0.048051,0.069354,0.189097
3811_191_3547_3641,4,1,0.411505,0.414375,0.048949,0.010005,0.049376,0.01649,0.049299
3811_192_515_570,6,6,0.09042,0.252464,0.047696,0.031038,0.038879,0.2432,0.296302
3811_191_3750_3789,3,3,0.039661,0.080953,0.019533,0.650476,0.015323,0.04747,0.146586
3811_191_432_493,6,6,0.033006,0.20434,0.13587,0.027272,0.117714,0.154902,0.326896
3811_192_3716_3726,3,5,0.005865,0.02104,0.025687,0.039926,0.012411,0.868894,0.026177
3816_191_31_159,1,1,0.173773,0.634546,0.046434,0.015056,0.0472,0.047366,0.035626
3816_192_1095_1300,6,2,0.039614,0.244718,0.293524,0.144114,0.150539,0.068924,0.058567
3816_192_1473_1869,6,3,0.024489,0.091469,0.043969,0.573089,0.112893,0.027227,0.126865
3816_192_867_947,5,5,0.043556,0.198629,0.109657,0.11896,0.023404,0.494133,0.011661
3816_192_178_237,5,5,0.006126,0.018236,0.026124,0.004791,0.0131,0.902589,0.029034
3816_191_1335_1450,0,0,0.475828,0.387717,0.037491,0.010801,0.045916,0.020254,0.021993
3816_192_595_748,6,3,0.048761,0.11344,0.070361,0.259118,0.216328,0.218192,0.0738
3816_191_977_1084,1,0,0.557014,0.191963,0.017509,0.014647,0.034649,0.176946,0.007272
3816_191_451_578,4,1,0.454834,0.473744,0.017924,0.009234,0.02652,0.008963,0.008781
3816_191_771_851,1,4,0.013195,0.147136,0.045576,0.027563,0.543488,0.022746,0.200296
3816_191_1884_1960,6,3,0.026875,0.177589,0.040133,0.518283,0.040864,0.035967,0.160288
3816_192_346_431,5,5,0.009527,0.028015,0.025189,0.012593,0.03422,0.86745,0.023005
3816_191_262_329,1,1,0.349082,0.526291,0.029447,0.004851,0.050612,0.017208,0.022509
3817_191_92_130,5,5,0.024476,0.172306,0.081342,0.019291,0.027294,0.515424,0.159866
3817_192_1183_1315,6,3,0.014589,0.061126,0.032912,0.62156,0.041624,0.035751,0.192437
3817_191_1625_1688,5,5,0.007767,0.06727,0.07759,0.016743,0.053988,0.746192,0.030448
3817_192_152_353,1,6,0.018263,0.066315,0.228959,0.193845,0.123045,0.074708,0.294865
3817_192_1700_1853,3,3,0.013559,0.045172,0.046801,0.695942,0.059283,0.013611,0.125633
3817_191_1344_1472,1,1,0.12772,0.642707,0.119951,0.00821,0.079897,0.010179,0.011336
3817_192_874_1038,6,6,0.015736,0.058601,0.083164,0.262924,0.068867,0.044889,0.465819
3817_192_493_793,1,6,0.016496,0.075201,0.042209,0.247489,0.069156,0.052992,0.496458
3817_191_1046_1178,5,5,0.016535,0.063759,0.029314,0.030344,0.04945,0.785794,0.024803
3817_191_377_480,1,5,0.018708,0.107896,0.067882,0.006727,0.016314,0.770121,0.012352
3817_191_31_64,5,6,0.041875,0.126405,0.04654,0.091165,0.134318,0.041357,0.518342
3817_192_1476_1608,3,2,0.02075,0.052817,0.51607,0.184588,0.078137,0.115486,0.032152
3817_191_809_857,1,4,0.095737,0.225469,0.092183,0.008867,0.311819,0.205665,0.06026
3817_192_71_91,6,5,0.014403,0.056823,0.039322,0.024653,0.016463,0.654122,0.194214
3815_191_2456_2619,0,1,0.167597,0.337964,0.130567,0.027534,0.176166,0.037573,0.1226
3815_192_681_1316,1,1,0.070465,0.412638,0.055508,0.098042,0.196748,0.037976,0.128622
3815_191_2688_2899,0,0,0.502333,0.208239,0.041465,0.052729,0.039187,0.050678,0.10537
3815_191_3101_3164,3,3,0.007089,0.004028,0.013189,0.808855,0.00857,0.148088,0.010181
3815_192_144_251,5,5,0.017518,0.084153,0.023385,0.065472,0.019546,0.726365,0.063561
3815_191_1337_1456,4,1,0.32484,0.404332,0.0283,0.063867,0.04615,0.015052,0.117459
3815_192_2927_3086,1,3,0.037403,0.149186,0.046448,0.410356,0.073877,0.016634,0.266097
3815_192_1466_1850,1,1,0.086724,0.710066,0.0615,0.03203,0.049803,0.017181,0.042695
3815_191_575_663,4,1,0.378523,0.478705,0.02082,0.015536,0.065485,0.010713,0.030219
3815_192_2097_2226,0,0,0.583365,0.315186,0.021395,0.020631,0.023004,0.009714,0.026706
3815_191_1882_1995,0,0,0.492836,0.34129,0.031052,0.017586,0.044257,0.019543,0.053436
3815_191_31_119,2,4,0.019412,0.20312,0.117661,0.094415,0.282705,0.057587,0.2251
3815_192_2645_2657,0,5,0.052673,0.103813,0.035589,0.059685,0.035473,0.604737,0.10803
3815_191_275_380,1,4,0.193006,0.285578,0.035352,0.026168,0.361398,0.014196,0.084301
3815_192_409_553,6,1,0.122566,0.369715,0.025981,0.134075,0.06363,0.054326,0.229706
3815_191_2256_2300,1,1,0.404765,0.423498,0.033514,0.008695,0.099477,0.008445,0.021606
3815_192_2397_2431,0,3,0.198475,0.157485,0.058408,0.244904,0.051184,0.228832,0.060712
3818_191_31_128,4,1,0.026414,0.266952,0.075945,0.173775,0.142328,0.067964,0.246623
3818_191_1149_1306,5,1,0.015519,0.654208,0.140863,0.008522,0.045226,0.111696,0.023966
3818_192_1465_1718,3,3,0.053995,0.173583,0.050535,0.506679,0.067262,0.067596,0.08035
3818_191_251_449,4,6,0.04204,0.155721,0.046836,0.179868,0.097795,0.132172,0.345567
3818_191_903_962,5,5,0.00261,0.010958,0.021709,0.078369,0.008446,0.870352,0.007557
3818_192_135_227,5,5,0.019934,0.083228,0.023885,0.047675,0.021227,0.761494,0.042557
3818_192_1318_1422,3,3,0.015747,0.024179,0.021042,0.850329,0.021877,0.011253,0.055574
3818_192_466_593,3,5,0.011908,0.021753,0.100834,0.212737,0.025826,0.600626,0.026316
3818_192_970_1132,3,3,0.019273,0.077776,0.025375,0.571035,0.038795,0.038038,0.229708
3818_191_1725_1783,3,3,0.021992,0.054628,0.112662,0.686737,0.047533,0.033804,0.042644
3818_191_606_698,6,3,0.004918,0.013652,0.007287,0.788883,0.010713,0.041742,0.132805
3818_192_709_890,3,3,0.017088,0.027053,0.024914,0.822444,0.030402,0.035966,0.042133
3818_191_1428_1455,3,3,0.029296,0.029477,0.024262,0.823393,0.019358,0.028686,0.045528
3821_191_31_129,1,6,0.014748,0.068176,0.030312,0.186895,0.051482,0.042411,0.605975
3821_191_1071_1312,6,3,0.009461,0.051643,0.044149,0.508121,0.028366,0.090682,0.267577
3821_192_1666_1719,3,5,0.047886,0.085964,0.035218,0.094661,0.033513,0.436482,0.266275
3821_192_139_367,5,5,0.032878,0.10353,0.025949,0.046767,0.046837,0.718998,0.025041
3821_191_1730_1839,3,3,0.006162,0.003933,0.008138,0.923529,0.009719,0.019387,0.029132
3821_192_1324_1521,3,3,0.007967,0.022878,0.040674,0.754433,0.024024,0.023627,0.126397
3821_192_906_1053,5,3,0.008494,0.041044,0.025033,0.416718,0.029179,0.344859,0.134673
3821_192_487_610,6,5,0.013808,0.077969,0.035314,0.138551,0.042653,0.553723,0.137981
3821_191_631_697,6,3,0.015546,0.04705,0.048851,0.525945,0.033309,0.057596,0.271704
3821_191_382_482,1,1,0.054914,0.350217,0.068179,0.044427,0.240894,0.032199,0.209169
3821_191_1524_1545,3,3,0.00758,0.003292,0.004031,0.952767,0.003626,0.007341,0.021362
3821_191_790_895,1,6,0.022134,0.177116,0.115171,0.081475,0.040604,0.141791,0.421709
3821_192_1853_2008,3,3,0.008452,0.017591,0.019499,0.790172,0.017094,0.040656,0.106538
3821_192_718_769,5,5,0.018511,0.052362,0.038456,0.07606,0.023008,0.725228,0.066374
3821_191_1615_1660,3,3,0.006566,0.00373,0.009677,0.939234,0.006713,0.021805,0.012275
3821_192_1568_1608,3,3,0.004583,0.00252,0.011463,0.962424,0.00532,0.009381,0.004308
3820_192_2452_2602,3,3,0.017637,0.074261,0.032103,0.577019,0.107104,0.021204,0.170672
3820_191_90_236,3,3,0.014974,0.017985,0.045047,0.806409,0.032974,0.031855,0.050756
3820_192_1984_2251,3,3,0.011335,0.034335,0.034416,0.700263,0.06274,0.090649,0.066261
3820_191_1170_1213,5,5,0.011434,0.033719,0.017723,0.004107,0.01265,0.909794,0.010573
3820_192_1618_1807,6,3,0.018921,0.120551,0.041375,0.456773,0.068049,0.077766,0.216565
3820_192_250_570,3,3,0.015342,0.056437,0.065527,0.524261,0.052327,0.052875,0.233231
3820_191_1353_1609,4,1,0.078596,0.384263,0.047576,0.03463,0.302667,0.04863,0.103639
3820_192_915_1006,6,3,0.023668,0.053257,0.039983,0.418577,0.046641,0.155024,0.262851
3820_191_2265_2438,4,5,0.010827,0.2416,0.187131,0.083691,0.065561,0.319274,0.091916
3820_191_582_627,1,5,0.065116,0.264787,0.054623,0.011391,0.049756,0.528062,0.026265
3820_192_1087_1161,3,3,0.032101,0.109916,0.035692,0.547294,0.050766,0.050721,0.17351
3820_191_1019_1072,1,1,0.095462,0.794542,0.025204,0.012496,0.047635,0.011725,0.012936
3820_192_1229_1290,6,3,0.015136,0.098891,0.028647,0.433594,0.042076,0.039372,0.342284
3820_192_644_854,3,3,0.009857,0.121551,0.079747,0.337876,0.100829,0.034032,0.316107
3820_191_1837_1977,4,1,0.020342,0.298714,0.262919,0.00947,0.208238,0.144483,0.055834
3820_191_859_901,5,1,0.060107,0.369365,0.259475,0.006566,0.082317,0.125425,0.096745
3820_191_2616_2653,1,4,0.014343,0.190657,0.070289,0.006756,0.624108,0.006408,0.08744
3820_192_61_80,6,5,0.006962,0.024076,0.042986,0.0132,0.015468,0.855869,0.041439
3820_191_31_50,6,6,0.05564,0.175729,0.046901,0.121716,0.094508,0.054678,0.450829
3824_192_127_146,5,5,0.007355,0.027809,0.033757,0.011619,0.014476,0.853077,0.051906
3824_192_1287_1402,3,3,0.060247,0.250448,0.05325,0.322755,0.085967,0.0451,0.182233
3824_191_1115_1252,3,3,0.012006,0.018537,0.013575,0.883538,0.020335,0.016456,0.035553
3824_192_1547_1689,3,3,0.018834,0.068855,0.015825,0.739962,0.036507,0.079621,0.040396
3824_191_1410_1533,3,3,0.018282,0.042768,0.02104,0.778466,0.044748,0.02906,0.065636
3824_192_910_989,6,3,0.014063,0.02703,0.123441,0.491072,0.047635,0.149557,0.147202
3824_191_162_254,6,6,0.025821,0.085221,0.061973,0.137061,0.038488,0.050305,0.601131
3824_192_532_628,1,5,0.075615,0.216577,0.126143,0.015999,0.057566,0.478639,0.029461
3824_192_1081_1108,3,5,0.010621,0.025416,0.018842,0.34206,0.012775,0.549854,0.040432
3824_192_1745_1777,3,3,0.004322,0.001578,0.003926,0.906212,0.004673,0.021474,0.057816
3824_192_263_370,1,5,0.028706,0.057266,0.073441,0.090764,0.023517,0.686651,0.039655
3824_191_1003_1062,3,3,0.008955,0.003342,0.010376,0.739031,0.003603,0.230266,0.004426
3824_191_383_515,6,6,0.03769,0.186314,0.06278,0.090413,0.087974,0.023097,0.511732
3824_191_31_117,6,6,0.043262,0.255444,0.125275,0.090351,0.129236,0.047295,0.309136
3824_192_729_828,1,5,0.01574,0.097146,0.06904,0.157937,0.033452,0.381919,0.244766
3824_191_648_715,1,1,0.114133,0.348897,0.071959,0.031355,0.099278,0.036094,0.298284
3824_191_832_885,6,5,0.011067,0.080825,0.06897,0.074591,0.042579,0.479448,0.24252
3824_191_1693_1718,3,1,0.11801,0.502261,0.02972,0.110328,0.073134,0.025047,0.1415
3822_191_117_153,5,5,0.010438,0.044058,0.060391,0.010654,0.013988,0.789061,0.071411
3822_192_1254_1339,3,3,0.02391,0.027645,0.045351,0.667891,0.042812,0.057934,0.134456
3822_191_1982_2208,4,1,0.07992,0.441331,0.10832,0.080951,0.080233,0.099224,0.110021
3822_191_1111_1236,4,3,0.02042,0.128142,0.10782,0.359315,0.064854,0.124911,0.194538
3822_191_1554_1684,1,3,0.012692,0.076167,0.046117,0.725612,0.026304,0.076119,0.036989
3822_191_228_291,1,1,0.019318,0.329738,0.23805,0.010078,0.113899,0.190084,0.098834
3822_191_1771_1919,3,3,0.008609,0.013531,0.011527,0.691483,0.015381,0.008167,0.251302
3822_192_1386_1537,3,3,0.007178,0.013589,0.019307,0.786009,0.021564,0.01243,0.139923
3822_191_900_976,3,3,0.013924,0.017374,0.014533,0.846582,0.01934,0.067789,0.020458
3822_192_167_211,3,3,0.020528,0.052212,0.079971,0.307592,0.031283,0.290309,0.218105
3822_191_1347_1366,3,3,0.013267,0.039281,0.025526,0.649762,0.043612,0.019446,0.209106
3822_192_2222_2320,3,3,0.012949,0.013686,0.020633,0.857243,0.015977,0.009193,0.07032
3822_192_563_893,3,3,0.013562,0.043014,0.035013,0.695563,0.027226,0.098721,0.086899
3822_192_1693_1763,3,3,0.011347,0.022753,0.018454,0.857775,0.020742,0.011866,0.057061
3822_192_302_414,3,3,0.021428,0.075975,0.043651,0.485772,0.028841,0.201064,0.143269
3822_192_987_1091,3,3,0.021108,0.035489,0.032318,0.715675,0.027041,0.059194,0.109177
3822_191_421_548,1,5,0.026615,0.222778,0.066149,0.027941,0.060952,0.53032,0.065245
3822_192_31_106,6,3,0.0168,0.085645,0.034437,0.432429,0.064291,0.014711,0.351686
3822_192_1930_1960,5,5,0.046325,0.165613,0.123642,0.082668,0.073603,0.329013,0.179136
3823_192_2414_2709,1,2,0.042191,0.150659,0.332241,0.08329,0.208138,0.124267,0.059214
3823_191_96_198,6,3,0.021782,0.043762,0.052116,0.293984,0.111742,0.187177,0.289438
3823_191_1285_1492,2,1,0.073177,0.491153,0.234779,0.058622,0.054377,0.056392,0.0315
3823_192_1073_1271,1,2,0.0186,0.120955,0.630305,0.056671,0.03779,0.096978,0.038702
3823_192_203_261,5,5,0.010459,0.066713,0.049172,0.012528,0.017295,0.788184,0.055649
3823_191_2727_2872,2,1,0.347987,0.491806,0.062673,0.004071,0.042537,0.034586,0.016339
3823_191_849_1035,1,1,0.042881,0.350654,0.118417,0.07011,0.099553,0.151648,0.166738
3823_192_2884_3042,0,4,0.04458,0.215639,0.193462,0.057524,0.390358,0.013726,0.084711
3823_191_1974_2152,1,1,0.288077,0.571231,0.041091,0.009278,0.030906,0.01878,0.040637
3823_192_1500_1777,1,2,0.015918,0.109507,0.652311,0.015273,0.136483,0.027738,0.04277
3823_191_452_631,1,6,0.047364,0.113217,0.215209,0.026062,0.273925,0.033549,0.290674
3823_191_2251_2351,1,1,0.033076,0.382657,0.161533,0.007016,0.167977,0.046102,0.20164
3823_192_2166_2233,5,5,0.024492,0.045583,0.03238,0.008851,0.011697,0.861156,0.01584
3823_192_1882_1957,0,2,0.025511,0.144538,0.362964,0.219027,0.056042,0.065583,0.126334
3823_192_652_831,1,5,0.019238,0.106277,0.2023,0.007812,0.064693,0.588271,0.011409
3823_191_1796_1879,2,6,0.018902,0.183992,0.134538,0.089446,0.053977,0.17234,0.346804
3823_191_3049_3086,6,5,0.063903,0.054708,0.034249,0.149486,0.019675,0.378554,0.299425
3823_191_275_395,1,1,0.308933,0.511669,0.022354,0.018057,0.038997,0.023176,0.076815
3823_192_409_430,5,5,0.011403,0.038837,0.030399,0.008136,0.011671,0.857599,0.041956
3823_192_60_76,5,5,0.010602,0.04486,0.038071,0.018262,0.018414,0.804202,0.065591
3823_191_31_56,3,6,0.01245,0.027827,0.00895,0.349769,0.01816,0.020855,0.561989
3831_191_2473_2548,1,1,0.153869,0.546358,0.069588,0.018893,0.05245,0.08183,0.077011
3831_191_31_222,6,5,0.041616,0.077423,0.015607,0.024625,0.019846,0.775993,0.044889
3831_191_1129_1389,6,5,0.064517,0.256213,0.072337,0.01153,0.179527,0.279193,0.136684
3831_191_1935_2089,6,5,0.103924,0.295391,0.023245,0.015427,0.070222,0.398561,0.09323
3831_192_1673_1935,6,3,0.009659,0.032476,0.035299,0.481933,0.026554,0.166365,0.247714
3831_192_222_432,6,3,0.03264,0.151601,0.130307,0.25912,0.04168,0.162927,0.221724
3831_192_1389_1546,1,2,0.018379,0.138261,0.407989,0.011858,0.063196,0.173166,0.187151
3831_192_2089_2473,6,6,0.010949,0.065549,0.093355,0.096734,0.111982,0.309678,0.311753
3831_192_879_1129,6,6,0.017407,0.062126,0.061573,0.210156,0.035986,0.295288,0.317464
3831_192_533_754,6,3,0.009687,0.059362,0.032686,0.406989,0.037134,0.196915,0.257226
3831_191_461_533,6,6,0.0238,0.233868,0.061364,0.021259,0.033473,0.272007,0.354229
3831_191_754_879,6,6,0.038786,0.155753,0.049085,0.127852,0.221289,0.084575,0.322661
3831_191_1546_1673,1,1,0.030447,0.351894,0.067992,0.043581,0.3409,0.011686,0.1535
3832_192_31_174,0,0,0.808261,0.11722,0.017896,0.008295,0.014715,0.017768,0.015846
3832_191_1247_1526,4,2,0.021235,0.130843,0.489367,0.008418,0.283771,0.030638,0.035728
3832_192_1886_2321,3,4,0.034768,0.144032,0.219279,0.075484,0.354518,0.086618,0.085301
3832_192_1086_1247,0,1,0.162927,0.61848,0.089619,0.019283,0.028169,0.062626,0.018896
3832_192_1526_1766,6,1,0.091902,0.534721,0.151696,0.030762,0.101901,0.023012,0.066006
3832_192_212_415,0,0,0.843926,0.107957,0.010861,0.004465,0.011272,0.015695,0.005823
3832_191_1766_1886,4,2,0.016316,0.164898,0.337465,0.014737,0.329278,0.054367,0.082939
3832_191_722_1086,2,1,0.164296,0.420802,0.118111,0.00838,0.23547,0.016816,0.036125
3832_191_174_212,4,1,0.231163,0.466363,0.04775,0.007506,0.139711,0.014908,0.092599
3832_192_563_722,0,0,0.794164,0.133481,0.016033,0.009571,0.012768,0.026181,0.007803
3832_191_2321_2358,4,4,0.042094,0.298143,0.159322,0.009075,0.40458,0.011076,0.075711
3832_192_448_529,0,0,0.755013,0.14057,0.013931,0.009324,0.01456,0.051394,0.015208
3832_191_415_448,4,1,0.073217,0.535591,0.067403,0.013082,0.18477,0.019779,0.106159
3832_191_529_563,4,1,0.090627,0.409335,0.091625,0.03334,0.164208,0.030462,0.180403
3827_191_104_157,5,5,0.020097,0.087266,0.043685,0.006543,0.021362,0.797052,0.023995
3827_191_1271_1426,6,5,0.009965,0.104144,0.043764,0.035368,0.034353,0.743813,0.028593
3827_191_2008_2201,2,1,0.168729,0.541086,0.153292,0.016331,0.047609,0.058527,0.014427
3827_192_1145_1255,3,3,0.014352,0.028548,0.019619,0.825265,0.01916,0.018669,0.074388
3827_191_1530_1688,6,6,0.013261,0.200579,0.058173,0.251714,0.034276,0.116263,0.325734
3827_192_1694_1963,1,5,0.007131,0.051659,0.04628,0.007009,0.03608,0.839923,0.011917
3827_192_1428_1521,5,5,0.005334,0.009832,0.010342,0.051515,0.00983,0.862271,0.050875
3827_192_2213_2315,1,3,0.045661,0.211337,0.205178,0.241738,0.123724,0.036596,0.135766
3827_191_919_942,5,5,0.008315,0.027903,0.048429,0.023096,0.015808,0.862198,0.014252
3827_192_184_253,1,5,0.00885,0.077842,0.131664,0.018298,0.018547,0.70366,0.041138
3827_191_554_665,2,3,0.030482,0.19605,0.038528,0.360472,0.035856,0.039261,0.299352
3827_191_2335_2375,6,1,0.109691,0.524635,0.066688,0.099909,0.063502,0.022293,0.113282
3827_191_1071_1138,1,1,0.182754,0.744869,0.016869,0.006482,0.034906,0.004831,0.009289
3827_192_952_1061,1,3,0.018429,0.042345,0.018636,0.698384,0.021339,0.036274,0.164592
3827_192_31_92,5,5,0.018549,0.047735,0.044826,0.008775,0.013365,0.845759,0.020991
3827_192_383_460,5,5,0.006099,0.007238,0.018571,0.070796,0.006804,0.883388,0.007104
3827_192_669_909,1,1,0.083719,0.407479,0.265169,0.079217,0.055198,0.076054,0.033164
3827_192_512_529,5,5,0.03365,0.044323,0.028137,0.035939,0.012502,0.730716,0.114732
3827_191_481_501,2,4,0.01122,0.155166,0.326077,0.010275,0.415603,0.015206,0.066453
3827_191_273_310,1,1,0.243221,0.463767,0.053821,0.018574,0.067942,0.120531,0.032145
3828_191_108_138,1,1,0.299045,0.491613,0.027658,0.027374,0.053364,0.05029,0.050656
3828_192_1241_1362,3,3,0.032327,0.147041,0.076851,0.50472,0.060809,0.084513,0.093738
3828_191_1132_1234,1,1,0.024388,0.299862,0.068657,0.117703,0.083251,0.18655,0.219588
3828_191_1613_1689,1,1,0.044349,0.426766,0.064364,0.105128,0.060695,0.051731,0.246968
3828_191_1394_1505,1,1,0.085512,0.641559,0.093686,0.016812,0.050117,0.051781,0.060534
3828_192_916_1129,3,3,0.006375,0.014597,0.014619,0.767086,0.022289,0.047005,0.128029
3828_192_145_252,1,1,0.290209,0.41279,0.076799,0.01496,0.092093,0.076418,0.03673
3828_191_524_622,1,1,0.128092,0.588918,0.077883,0.011771,0.06946,0.069891,0.053986
3828_191_305_334,4,2,0.011781,0.158232,0.42573,0.021793,0.131804,0.133388,0.117271
3828_192_633_675,1,6,0.092912,0.229731,0.048445,0.11239,0.033867,0.122734,0.359921
3828_192_432_510,1,5,0.139533,0.098578,0.028613,0.037633,0.034651,0.580846,0.080146
3828_192_31_95,1,1,0.331832,0.387846,0.049458,0.04073,0.049653,0.084723,0.055759
3828_192_1516_1602,3,1,0.080185,0.455579,0.041101,0.136433,0.083446,0.041413,0.161841
3828_192_802_877,1,6,0.046266,0.20242,0.049662,0.140261,0.117854,0.035859,0.407678
3828_191_693_779,1,0,0.540169,0.388483,0.026659,0.00284,0.027589,0.007472,0.006789
3828_192_348_389,0,6,0.08263,0.267222,0.048004,0.052688,0.041558,0.12026,0.387638
3828_191_884_905,5,5,0.021795,0.046453,0.023722,0.013704,0.016821,0.838326,0.03918
3828_191_399_421,1,3,0.053173,0.13736,0.028013,0.385732,0.044501,0.031735,0.319487
3825_192_101_206,3,5,0.00773,0.034225,0.064298,0.265787,0.029042,0.465574,0.133346
3825_192_1284_1514,3,3,0.009645,0.061928,0.02081,0.657203,0.041934,0.017601,0.190879
3825_192_1663_1722,3,3,0.031798,0.065053,0.032832,0.671811,0.026694,0.140081,0.03173
3825_191_221_281,1,1,0.099705,0.730523,0.018022,0.040602,0.065989,0.013018,0.032141
3825_192_1770_1904,3,3,0.019398,0.072696,0.0172,0.755947,0.021695,0.023458,0.089605
3825_192_919_986,6,2,0.015528,0.093911,0.365746,0.087854,0.060208,0.200084,0.17667
3825_191_573_676,1,4,0.027066,0.324443,0.117186,0.040327,0.366018,0.022256,0.102705
3825_192_1037_1174,1,3,0.020929,0.138342,0.033344,0.623002,0.046212,0.012419,0.125751
3825_191_2050_2076,3,3,0.027197,0.025476,0.033077,0.825263,0.018064,0.025937,0.044985
3825_192_294_344,3,3,0.006966,0.009478,0.006484,0.890357,0.007632,0.014799,0.064285
3825_192_439_559,3,3,0.008706,0.013631,0.013937,0.855533,0.016163,0.007542,0.084488
3825_191_31_79,1,6,0.013065,0.076863,0.038724,0.178806,0.056128,0.13261,0.503803
3825_191_1535_1652,1,1,0.170848,0.657893,0.060615,0.007022,0.057248,0.021413,0.024961
3825_191_1191_1271,1,1,0.110578,0.714188,0.060697,0.011232,0.071417,0.017206,0.014682
3825_191_802_903,1,6,0.020516,0.236341,0.074577,0.166181,0.026129,0.181942,0.294313
3825_191_1723_1759,6,3,0.020069,0.027109,0.017985,0.813489,0.013164,0.06163,0.046554
3825_192_704_782,5,6,0.017596,0.059593,0.036786,0.264301,0.028632,0.282353,0.31074
3825_191_363_426,6,5,0.005922,0.046119,0.040206,0.150029,0.015345,0.655127,0.087251
3825_191_1911_1937,3,3,0.008379,0.005973,0.008574,0.593536,0.004275,0.37249,0.006773
3825_192_1954_2041,3,3,0.050726,0.059286,0.015402,0.725781,0.029648,0.035855,0.083303
3825_191_993_1030,3,5,0.007552,0.040995,0.031131,0.030369,0.017232,0.826392,0.046327
3830_192_77_194,2,4,0.011631,0.066432,0.247582,0.008734,0.617245,0.032484,0.015893
3830_191_212_270,4,1,0.013791,0.405954,0.067528,0.059955,0.116273,0.030185,0.306315
3830_191_1443_1503,1,1,0.232183,0.624612,0.011005,0.029617,0.048202,0.02145,0.032931
3830_192_893_945,4,1,0.043471,0.257798,0.098761,0.044478,0.105724,0.243348,0.20642
3830_191_1309_1366,0,1,0.102328,0.348471,0.046855,0.103592,0.119609,0.130952,0.148193
3830_191_1129_1177,3,3,0.011871,0.0115,0.012677,0.725159,0.015673,0.121739,0.10138
3830_192_1009_1129,1,5,0.007972,0.059739,0.064252,0.08206,0.022234,0.693711,0.070032
3830_192_286_371,2,5,0.012327,0.028052,0.098753,0.033871,0.033633,0.688022,0.105341
3830_192_597_661,6,6,0.023961,0.054153,0.118051,0.037234,0.059556,0.285657,0.421388
3830_192_454_545,4,5,0.00496,0.015954,0.013422,0.00735,0.012581,0.932851,0.012881
3830_191_31_67,2,5,0.075757,0.093663,0.114945,0.11428,0.034761,0.450379,0.116214
3830_191_379_439,6,6,0.096314,0.353324,0.027871,0.032286,0.020676,0.022971,0.446558
3830_192_1503_1590,3,3,0.007423,0.011157,0.020727,0.605064,0.012632,0.085515,0.257482
3830_192_1191_1260,6,1,0.046115,0.605122,0.078648,0.041229,0.110318,0.050111,0.068458
3830_192_729_830,2,3,0.010906,0.049601,0.099593,0.288859,0.128711,0.180857,0.241472
3830_191_1597_1668,1,1,0.097209,0.614184,0.022659,0.080189,0.041174,0.026836,0.117749
3830_192_1366_1434,3,3,0.008213,0.008745,0.016139,0.840838,0.014638,0.013231,0.098197
3830_191_672_694,1,6,0.027698,0.158324,0.094551,0.071508,0.057387,0.275142,0.31539
3830_191_953_1009,3,3,0.008642,0.01373,0.007518,0.867319,0.007696,0.004688,0.090408
3830_191_830_866,6,1,0.169801,0.320963,0.030453,0.168107,0.028734,0.038079,0.243862
3830_191_546_568,6,6,0.018342,0.15552,0.046932,0.11673,0.1865,0.020389,0.455587
3839_191_114_194,1,2,0.019216,0.217112,0.410075,0.035727,0.020228,0.047502,0.250141
3839_191_1066_1402,1,2,0.021587,0.279443,0.490499,0.016779,0.05006,0.039909,0.101723
3839_191_1595_1786,1,1,0.178059,0.493103,0.069794,0.004986,0.159185,0.048122,0.046751
3839_192_233_316,1,5,0.022681,0.060509,0.027485,0.088589,0.018907,0.71756,0.064268
3839_192_1411_1585,1,3,0.027082,0.050682,0.038366,0.607735,0.076623,0.12276,0.076752
3839_192_941_1050,1,3,0.015133,0.019406,0.054026,0.734478,0.049577,0.061524,0.065856
3839_192_539_698,1,5,0.043013,0.103473,0.077556,0.213808,0.091302,0.389281,0.081568
3839_191_327_523,1,2,0.007322,0.159473,0.625161,0.010795,0.019348,0.042513,0.135389
3839_191_31_64,6,6,0.118204,0.295462,0.11536,0.007796,0.102488,0.028965,0.331725
3839_191_719_863,1,1,0.027454,0.485206,0.271347,0.014148,0.02913,0.049878,0.122836
3839_192_80_99,5,5,0.007883,0.013064,0.04205,0.039485,0.019469,0.847944,0.030105
3839_192_1901_2002,1,3,0.010352,0.010948,0.007546,0.867536,0.010291,0.01157,0.081757
3839_191_2013_2023,6,3,0.044504,0.02085,0.060188,0.506466,0.022359,0.147011,0.198622
3835_192_2344_2561,3,3,0.0249,0.121887,0.057893,0.691685,0.03736,0.024005,0.042269
3835_191_123_153,3,3,0.027875,0.034435,0.030913,0.729863,0.009877,0.037368,0.129669
3835_192_1077_1309,1,1,0.021802,0.341361,0.167044,0.081363,0.058254,0.288592,0.041583
3835_192_2026_2161,5,5,0.062457,0.119245,0.018515,0.210976,0.05009,0.487418,0.051298
3835_191_1646_1854,5,1,0.035727,0.338979,0.173153,0.02467,0.102776,0.242359,0.082337
3835_192_170_301,5,5,0.01389,0.031784,0.036707,0.181916,0.018549,0.682422,0.034732
3835_191_1316_1467,5,1,0.033948,0.2698,0.140619,0.015394,0.192272,0.142932,0.205035
3835_191_2166_2327,3,3,0.016824,0.105327,0.022917,0.478615,0.037549,0.073548,0.265221
3835_191_806_1073,6,1,0.026209,0.343937,0.093893,0.136691,0.075038,0.13869,0.185543
3835_191_519_602,1,2,0.038199,0.308279,0.417448,0.003368,0.053655,0.118912,0.06014
3835_191_306_349,5,2,0.064539,0.24872,0.282693,0.002648,0.05506,0.267374,0.078966
3835_192_628_803,3,3,0.019921,0.043256,0.024403,0.819314,0.015576,0.058629,0.0189
3835_192_361_506,1,3,0.030611,0.092223,0.069286,0.584859,0.061178,0.029756,0.132088
3835_192_31_119,3,3,0.009164,0.011222,0.024842,0.808087,0.025777,0.025959,0.094951
3835_192_1480_1633,2,3,0.017853,0.209128,0.140829,0.448523,0.089098,0.043595,0.050973
3835_192_1866_1940,3,3,0.015125,0.019747,0.024397,0.648348,0.016124,0.171992,0.104267
3835_191_1951_2006,3,3,0.020512,0.190531,0.044885,0.462027,0.049859,0.037333,0.194852
3836_192_2476_2570,3,3,0.010987,0.009568,0.023457,0.849146,0.017117,0.009979,0.079747
3836_191_31_138,3,3,0.017013,0.060966,0.087135,0.364825,0.064484,0.107828,0.29775
3836_192_1295_1428,3,3,0.015855,0.025261,0.046581,0.712359,0.028719,0.025444,0.145782
3836_192_2015_2108,3,3,0.01531,0.026518,0.032533,0.732795,0.030236,0.019694,0.142914
3836_191_1133_1288,2,4,0.044796,0.207103,0.114182,0.008852,0.481378,0.024205,0.119484
3836_191_1436_1844,5,3,0.013326,0.018773,0.027995,0.636186,0.020997,0.266636,0.016088
3836_191_239_568,1,2,0.025594,0.176139,0.273377,0.067529,0.175554,0.115195,0.166611
3836_191_2120_2286,3,3,0.004398,0.003363,0.014641,0.798743,0.007014,0.161532,0.010308
3836_191_744_937,4,1,0.173122,0.58195,0.056874,0.003753,0.05094,0.114561,0.0188
3836_192_949_1122,4,3,0.013732,0.075559,0.186432,0.387446,0.216892,0.057659,0.062281
3836_192_145_226,3,3,0.00994,0.033824,0.035679,0.534304,0.041896,0.012064,0.332293
3836_192_2290_2379,3,3,0.004726,0.004193,0.009235,0.904299,0.009965,0.006224,0.061358
3836_192_581_728,4,4,0.010449,0.09855,0.180666,0.019275,0.653194,0.011795,0.02607
3836_191_2391_2475,3,3,0.007943,0.02505,0.01843,0.528313,0.017462,0.011601,0.3912
3836_192_1845_1961,3,3,0.014172,0.023524,0.043296,0.762822,0.03253,0.02047,0.103184
3836_191_1966_2001,5,6,0.018555,0.072851,0.06991,0.056242,0.031877,0.34867,0.401896
3834_191_2479_2518,2,4,0.017966,0.075477,0.236643,0.003234,0.640978,0.004119,0.021583
3834_191_31_144,4,1,0.034231,0.428553,0.161674,0.006516,0.322073,0.016899,0.030054
3834_191_1167_1339,4,4,0.028481,0.202258,0.254349,0.013633,0.341848,0.034119,0.125312
3834_192_166_406,0,5,0.050171,0.121524,0.21549,0.076187,0.066337,0.37795,0.092342
3834_191_2731_2777,1,4,0.080457,0.24746,0.058368,0.012008,0.441433,0.014271,0.146003
3834_191_1440_1673,4,2,0.039938,0.224894,0.334781,0.018982,0.291053,0.025772,0.06458
3834_192_2518_2731,4,2,0.035041,0.22367,0.252313,0.244957,0.081632,0.088738,0.073648
3834_191_843_1085,4,4,0.017954,0.087743,0.353483,0.004066,0.466937,0.014246,0.055572
3834_192_1339_1440,0,0,0.489493,0.092713,0.032334,0.014656,0.019672,0.337002,0.01413
3834_192_1097_1167,0,0,0.700206,0.148318,0.014885,0.006933,0.010178,0.112494,0.006985
3834_191_1845_2200,2,4,0.060254,0.163935,0.235921,0.010241,0.503694,0.011394,0.014562
3834_192_1673_1810,0,1,0.177686,0.599968,0.077261,0.006183,0.110105,0.013172,0.015625
3834_191_565_646,4,4,0.03214,0.184586,0.229009,0.005944,0.503881,0.012627,0.031814
3834_192_2200_2476,1,1,0.137638,0.607296,0.147401,0.009404,0.048697,0.035223,0.014342
3834_192_656_745,5,5,0.02273,0.020456,0.013492,0.012442,0.009418,0.909114,0.012348
3834_191_406_514,4,4,0.055966,0.378948,0.123729,0.005822,0.397827,0.011218,0.026489
3834_192_514_555,1,5,0.036743,0.109721,0.076998,0.031222,0.01664,0.525,0.203676
3834_192_789_837,0,0,0.46022,0.273724,0.027122,0.029553,0.028179,0.140556,0.040646
3834_191_745_768,4,2,0.02366,0.18668,0.246895,0.045468,0.229118,0.056148,0.212031
3838_191_2375_2552,2,1,0.114699,0.615206,0.052779,0.059818,0.083307,0.019694,0.054497
3838_191_1272_1469,6,3,0.009433,0.104529,0.114397,0.369532,0.031605,0.102946,0.267559
3838_192_244_321,3,6,0.017289,0.056374,0.045664,0.245652,0.042105,0.221769,0.371147
3838_192_2573_2750,3,3,0.022921,0.169679,0.208294,0.305883,0.135774,0.059678,0.097771
3838_192_748_963,3,3,0.027485,0.021494,0.036232,0.607872,0.040947,0.211738,0.054233
3838_191_1099_1174,5,1,0.090682,0.486433,0.061296,0.050487,0.135268,0.029239,0.146595
3838_191_2061_2221,3,3,0.01482,0.09559,0.081542,0.473609,0.044377,0.034582,0.25548
3838_192_169_198,5,5,0.022273,0.042544,0.041865,0.310832,0.027916,0.348957,0.205614
3838_192_1715_2047,3,3,0.010213,0.045002,0.02076,0.617302,0.041629,0.045682,0.219413
3838_191_489_739,6,6,0.024504,0.172501,0.041013,0.08745,0.023537,0.081073,0.569921
3838_191_1630_1692,1,1,0.027047,0.709149,0.074967,0.003188,0.163237,0.004453,0.017959
3838_192_1483_1605,3,3,0.023268,0.035838,0.109619,0.551431,0.152031,0.034407,0.093406
3838_192_2247_2344,5,5,0.00754,0.033324,0.01411,0.011632,0.017351,0.893386,0.022656
3838_192_1190_1261,5,5,0.033153,0.078063,0.026756,0.29916,0.037914,0.34023,0.184723
3838_191_81_124,1,1,0.053069,0.458198,0.050606,0.129884,0.040143,0.015382,0.252718
3838_192_1031_1087,1,5,0.040446,0.064856,0.035588,0.036283,0.022679,0.757708,0.042441
3838_191_981_1024,5,1,0.132971,0.633007,0.070913,0.033704,0.037071,0.039887,0.052446
3838_191_329_392,1,6,0.016748,0.193085,0.058505,0.033302,0.058547,0.026053,0.61376
3838_192_418_476,3,6,0.015108,0.054398,0.19663,0.075763,0.072755,0.127381,0.457966
3838_192_31_67,3,6,0.025751,0.05122,0.038441,0.274224,0.03165,0.136694,0.442019
3838_191_219_226,1,6,0.021769,0.063799,0.039009,0.162658,0.064599,0.014561,0.633605
3840_192_31_316,2,3,0.024501,0.05519,0.049067,0.576342,0.04941,0.068422,0.177069
3840_192_1294_1320,2,1,0.068221,0.356456,0.032846,0.157381,0.153633,0.016888,0.214575
3840_192_835_1184,2,2,0.126569,0.209292,0.349416,0.033041,0.219387,0.029088,0.033208
3840_192_1642_1726,1,3,0.09167,0.189598,0.034889,0.394321,0.0361,0.025753,0.227669
3840_192_1791_1908,2,1,0.236705,0.32783,0.101378,0.134343,0.070975,0.025885,0.102884
3840_192_1448_1484,5,5,0.007779,0.02988,0.044059,0.006918,0.013062,0.776555,0.121748
3840_192_483_592,2,3,0.249843,0.121651,0.042233,0.273269,0.074262,0.172148,0.066593
3840_191_1733_1782,1,1,0.155189,0.763827,0.019303,0.010978,0.016204,0.015129,0.019371
3840_191_317_348,1,6,0.041447,0.252627,0.037463,0.273037,0.060699,0.037454,0.297272
3840_191_599_634,1,1,0.105976,0.425609,0.029297,0.049742,0.049222,0.025591,0.314563
3840_192_369_452,2,3,0.019068,0.020217,0.02469,0.649393,0.03355,0.023976,0.229105
3840_191_454_463,6,6,0.019899,0.147422,0.020328,0.045746,0.042598,0.016836,0.707171
3840_191_1496_1548,1,4,0.027897,0.166084,0.183289,0.017598,0.334234,0.081876,0.189021
3840_191_1195_1264,1,1,0.151609,0.557562,0.05824,0.016539,0.072475,0.038731,0.104844
3840_191_726_823,1,1,0.105868,0.511043,0.048715,0.021726,0.177724,0.030067,0.104857
3840_192_647_713,2,5,0.100322,0.05281,0.030164,0.342584,0.068704,0.360026,0.045391
3840_191_1605_1628,6,1,0.113207,0.369396,0.045389,0.054487,0.099588,0.029161,0.288772
3840_191_1391_1420,5,1,0.082653,0.437097,0.052892,0.020347,0.232392,0.019186,0.155433
3840_192_1564_1576,5,5,0.008348,0.02244,0.018546,0.011394,0.009978,0.891998,0.037295
3925_198_117_429,1,1,0.262111,0.359595,0.057074,0.050723,0.231707,0.017843,0.020947
3925_197_1226_1329,1,1,0.310044,0.537557,0.021603,0.021042,0.029903,0.041582,0.038269
3925_198_1886_2358,1,1,0.128413,0.297687,0.038727,0.179616,0.103705,0.050027,0.201824
3925_198_1024_1201,1,1,0.095671,0.458229,0.023049,0.177654,0.025755,0.090635,0.129006
3925_198_1346_1684,1,3,0.070908,0.220566,0.036034,0.344125,0.153138,0.04443,0.130798
3925_197_1695_1860,0,0,0.601514,0.318064,0.026793,0.006893,0.02591,0.011959,0.008866
3925_197_877_990,0,1,0.322833,0.430669,0.031653,0.02302,0.047579,0.008091,0.136154
3925_198_541_864,1,1,0.360562,0.480084,0.026985,0.022492,0.071348,0.019022,0.019507
3925_197_439_528,1,1,0.315381,0.458115,0.032099,0.007416,0.024401,0.149344,0.013245
3925_197_31_79,1,2,0.032155,0.322932,0.375869,0.00304,0.211232,0.007543,0.04723
3925_197_2389_2481,1,3,0.039433,0.158801,0.139514,0.388723,0.089209,0.054651,0.129669
3928_198_31_149,5,5,0.19134,0.18872,0.110073,0.027923,0.075568,0.383771,0.022605
3928_197_1160_1356,4,3,0.015684,0.096967,0.059722,0.513878,0.137269,0.014736,0.161744
3928_198_1963_2172,1,3,0.016426,0.124417,0.028252,0.528084,0.10981,0.0488,0.144212
3928_198_1634_1781,1,1,0.211514,0.309784,0.034675,0.105968,0.051354,0.1155,0.171205
3928_198_248_318,1,5,0.055539,0.197502,0.142987,0.022699,0.070984,0.288707,0.221581
3928_197_1809_1962,3,3,0.018451,0.097784,0.312457,0.336731,0.082743,0.045536,0.106299
3928_198_1373_1584,0,5,0.040735,0.06175,0.036319,0.081713,0.050169,0.557732,0.171582
3928_198_929_1130,0,1,0.054075,0.312188,0.084484,0.050824,0.088938,0.222564,0.186927
3928_197_154_237,4,2,0.013703,0.262147,0.413558,0.079283,0.104977,0.033217,0.093116
3928_198_559_764,1,0,0.51827,0.225895,0.04132,0.009973,0.167633,0.031209,0.005701
3928_197_346_545,6,4,0.013665,0.180556,0.280395,0.057864,0.339179,0.012108,0.116235
3928_197_800_926,4,6,0.015725,0.264727,0.17242,0.021495,0.227488,0.007889,0.290255
3928_197_1604_1608,5,5,0.016649,0.051638,0.047397,0.018604,0.02363,0.792306,0.049775
3927_197_31_165,2,2,0.016193,0.020633,0.406421,0.313913,0.059496,0.018359,0.164986
3927_198_1209_1418,1,1,0.12918,0.629161,0.029455,0.033187,0.06949,0.047311,0.062216
3927_197_1622_1708,6,6,0.142521,0.262191,0.096218,0.145984,0.058182,0.023462,0.271442
3927_198_178_307,1,5,0.026911,0.073115,0.078842,0.058203,0.040171,0.604544,0.118213
3927_197_1418_1479,4,4,0.010624,0.190173,0.139254,0.001613,0.63944,0.001716,0.017181
3927_197_844_971,5,2,0.029805,0.239611,0.355587,0.007731,0.282067,0.021907,0.063293
3927_197_587_664,3,3,0.03648,0.070607,0.22414,0.253046,0.228753,0.013821,0.173153
3927_197_1119_1178,5,2,0.011398,0.092293,0.453544,0.022506,0.053025,0.167684,0.199551
3927_197_317_464,6,2,0.012763,0.111828,0.356166,0.233188,0.144138,0.013324,0.128594
3927_198_988_1101,1,1,0.058522,0.567062,0.071741,0.034722,0.145174,0.016725,0.106052
3927_198_465_571,5,5,0.007658,0.028468,0.036975,0.078705,0.025157,0.746137,0.076899
3927_198_1535_1611,4,4,0.035898,0.167497,0.083904,0.160711,0.395154,0.029418,0.127419
3927_198_674_833,3,3,0.012021,0.017121,0.02732,0.825145,0.03113,0.023084,0.064179
3931_198_99_156,6,6,0.085888,0.187749,0.158449,0.083941,0.046458,0.142994,0.29452
3931_197_1163_1346,1,1,0.251576,0.575429,0.033413,0.007807,0.115234,0.004865,0.011675
3931_197_1575_1691,1,1,0.270882,0.540486,0.037923,0.015006,0.049752,0.009364,0.076588
3931_198_231_256,6,6,0.110172,0.245423,0.175537,0.023288,0.069349,0.127275,0.248954
3931_198_1715_1870,0,0,0.505573,0.329665,0.042182,0.011344,0.033024,0.041716,0.036496
3931_198_1374_1563,0,1,0.330671,0.516119,0.043744,0.007981,0.05756,0.020108,0.023817
3931_198_918_1149,1,1,0.086709,0.301572,0.194854,0.023637,0.091016,0.167127,0.135084
3931_197_168_205,3,3,0.020264,0.08548,0.026569,0.622813,0.045647,0.008277,0.19095
3931_198_576_721,1,1,0.394051,0.438663,0.04808,0.007983,0.039116,0.05213,0.019978
3931_197_344_548,6,1,0.027811,0.404521,0.144121,0.06417,0.048327,0.092445,0.218605
3931_197_31_85,3,3,0.010525,0.016719,0.034077,0.713056,0.036671,0.014399,0.174554
3931_197_736_901,6,1,0.253783,0.558591,0.031623,0.013091,0.058896,0.01494,0.069076
3923_197_74_226,6,0,0.479032,0.373105,0.056136,0.004279,0.021457,0.04543,0.020561
3923_197_1189_1390,1,2,0.005111,0.09635,0.728276,0.002122,0.130848,0.019968,0.017325
3923_198_1956_2189,1,1,0.054139,0.316601,0.227358,0.077166,0.217071,0.047608,0.060058
3923_198_1594_1713,1,6,0.013313,0.069199,0.107236,0.057809,0.054525,0.044672,0.653247
3923_198_243_276,1,1,0.249915,0.398097,0.043712,0.022523,0.044798,0.019923,0.221031
3923_197_1727_1951,5,2,0.02936,0.279758,0.484152,0.006243,0.082545,0.077045,0.040896
3923_198_1417_1483,1,2,0.011866,0.090078,0.644896,0.059645,0.029583,0.057067,0.106864
3923_197_2208_2247,4,2,0.014544,0.157352,0.451375,0.017923,0.216993,0.02815,0.113663
3923_198_815_945,2,6,0.028012,0.131448,0.1621,0.036017,0.063049,0.089945,0.48943
3923_198_511_669,1,2,0.009659,0.033402,0.608501,0.064715,0.104651,0.065379,0.113693
3923_198_1045_1169,1,4,0.059666,0.227964,0.192486,0.045098,0.351985,0.049446,0.073355
3923_198_31_66,1,1,0.303431,0.473545,0.062907,0.006097,0.03568,0.061033,0.057306
3923_197_437_467,6,6,0.064302,0.188298,0.115438,0.005371,0.043916,0.22031,0.362366
3923_197_1487_1577,1,1,0.054335,0.692356,0.126666,0.009436,0.046931,0.016953,0.053322
3923_197_689_791,5,5,0.020139,0.177623,0.222659,0.006908,0.028604,0.384455,0.159611
3923_197_964_1033,5,5,0.017071,0.091295,0.183089,0.002781,0.023715,0.665795,0.016254
3933_198_112_200,3,3,0.008979,0.013613,0.011916,0.74547,0.018129,0.057626,0.144268
3933_197_1243_1344,3,3,0.060625,0.178783,0.052276,0.525289,0.03853,0.025752,0.118744
3933_198_1161_1240,5,5,0.029923,0.010115,0.016588,0.448298,0.012496,0.4691,0.013479
3933_197_1444_1699,5,5,0.050913,0.098888,0.083906,0.005293,0.028317,0.725617,0.007066
3933_198_253_332,1,1,0.28237,0.535784,0.021724,0.047491,0.028985,0.012652,0.070993
3933_197_858_1144,5,5,0.272295,0.147119,0.057712,0.011793,0.017954,0.477413,0.015713
3933_197_567_705,5,3,0.015438,0.010775,0.019892,0.85354,0.007994,0.080972,0.011388
3933_198_1709_1783,5,5,0.013483,0.006484,0.020032,0.304911,0.010923,0.624677,0.01949
3933_198_446_555,3,6,0.019835,0.049412,0.222787,0.259815,0.113613,0.050067,0.284471
3933_197_31_104,6,6,0.076028,0.13217,0.022159,0.084425,0.02424,0.053425,0.607553
3933_198_712_841,5,3,0.016209,0.009596,0.02476,0.742977,0.017058,0.171518,0.01788
3933_197_1831_1926,1,5,0.049262,0.144871,0.113581,0.010761,0.132558,0.333604,0.215362
3933_197_339_415,1,3,0.114859,0.271805,0.030529,0.318658,0.025869,0.025372,0.212907
3933_198_1374_1434,3,2,0.016403,0.082714,0.539685,0.129678,0.113773,0.047926,0.069821
3933_197_207_247,3,3,0.026673,0.028526,0.014387,0.834718,0.009286,0.005029,0.081381
3934_197_85_201,6,1,0.0224,0.28268,0.15138,0.085947,0.149285,0.042332,0.265977
3934_197_1210_1410,3,3,0.038404,0.083635,0.028291,0.513509,0.02971,0.010714,0.295737
3934_198_945_1201,3,3,0.021421,0.042007,0.040689,0.385788,0.061141,0.377967,0.070988
3934_198_1698_1881,1,5,0.115694,0.062518,0.071158,0.148424,0.03358,0.490884,0.077741
3934_198_1440_1560,1,2,0.067884,0.1383,0.528942,0.013201,0.19083,0.032168,0.028675
3934_197_510_609,1,0,0.492532,0.417195,0.019347,0.006583,0.024946,0.004369,0.035029
3934_197_264_356,3,6,0.020571,0.081349,0.060315,0.091738,0.114222,0.064209,0.567596
3934_198_616_677,3,1,0.12329,0.671443,0.014806,0.077794,0.075897,0.008952,0.027819
3934_198_365_506,3,1,0.2469,0.485897,0.022339,0.143454,0.02533,0.032852,0.043228
3934_198_31_76,5,5,0.034811,0.07363,0.11244,0.009706,0.076057,0.502864,0.190492
3934_197_693_919,3,3,0.012992,0.034264,0.041968,0.836153,0.017864,0.020329,0.03643
3934_197_1577_1649,5,5,0.086993,0.237479,0.063353,0.010426,0.026034,0.456622,0.119092
3934_198_212_243,3,3,0.014483,0.021059,0.022912,0.659221,0.026994,0.095531,0.1598
3936_197_126_210,5,5,0.059485,0.071557,0.02295,0.071511,0.015274,0.743502,0.015722
3936_198_1148_1426,3,3,0.012744,0.012117,0.063807,0.499698,0.021857,0.05457,0.335208
3936_197_1652_1709,3,3,0.013113,0.011782,0.029332,0.873478,0.011781,0.028257,0.032256
3936_198_221_446,3,3,0.012997,0.032057,0.030508,0.696984,0.036796,0.112057,0.078602
3936_197_1434_1514,3,3,0.017346,0.017533,0.01192,0.844141,0.010922,0.074064,0.024074
3936_197_928_979,6,2,0.013406,0.268249,0.383512,0.006545,0.218624,0.021303,0.088361
3936_198_556_654,3,3,0.019428,0.015192,0.032144,0.484941,0.073509,0.027352,0.347436
3936_197_1097_1126,3,3,0.043545,0.065131,0.118247,0.407289,0.074746,0.079521,0.211521
3936_198_1724_1790,3,3,0.018946,0.076625,0.043865,0.555952,0.074335,0.015292,0.214985
3936_198_994_1079,3,3,0.013635,0.030575,0.110849,0.545011,0.020242,0.026405,0.253283
3936_197_460_542,3,3,0.013138,0.038895,0.02829,0.837074,0.028578,0.018918,0.035106
3936_198_31_102,3,6,0.013154,0.009728,0.073496,0.07495,0.009875,0.050167,0.76863
3936_198_1532_1646,3,6,0.0924,0.088384,0.031319,0.252072,0.019925,0.054477,0.461423
3936_198_812_916,3,2,0.03614,0.126264,0.324681,0.071056,0.098323,0.057632,0.285903
3936_197_694_785,3,6,0.011105,0.111557,0.078628,0.101489,0.106391,0.008036,0.582794
3940_198_128_250,0,4,0.01198,0.111461,0.248943,0.069566,0.441491,0.068213,0.048346
3940_198_1180_1285,1,1,0.063245,0.477468,0.117114,0.008463,0.26078,0.022211,0.05072
3940_198_1657_1814,1,4,0.020999,0.196593,0.03569,0.025114,0.540856,0.014462,0.166287
3940_198_1396_1521,1,1,0.029032,0.402035,0.105272,0.097035,0.107003,0.046273,0.213349
3940_198_818_1024,1,1,0.252385,0.544033,0.038503,0.026045,0.079995,0.027776,0.031264
3940_197_1312_1386,1,1,0.02747,0.376402,0.150795,0.023958,0.35729,0.016336,0.047749
3940_197_1043_1168,4,4,0.025438,0.383467,0.14889,0.007017,0.400511,0.003782,0.030895
3940_198_307_403,4,6,0.067644,0.199766,0.035639,0.0888,0.08758,0.044008,0.476562
3940_198_600_721,1,4,0.015792,0.16846,0.092395,0.013835,0.642514,0.011431,0.055572
3940_197_403_589,3,5,0.01316,0.06777,0.168654,0.02562,0.046934,0.642399,0.035462
3940_197_31_108,3,6,0.011348,0.094222,0.033628,0.003924,0.026115,0.048284,0.78248
3940_197_721_805,1,1,0.055292,0.59001,0.05294,0.008614,0.274874,0.003065,0.015205
3940_197_1547_1628,4,4,0.012997,0.207201,0.331121,0.015363,0.415407,0.00306,0.014851
3940_197_267_287,5,5,0.026757,0.09255,0.046363,0.006712,0.017898,0.677906,0.131813
3938_197_31_131,5,3,0.021116,0.062335,0.066304,0.687077,0.043836,0.057087,0.062244
3938_197_1249_1473,3,1,0.056696,0.520454,0.104725,0.079215,0.184107,0.017737,0.037066
3938_197_223_365,3,3,0.0265,0.253849,0.052747,0.350148,0.060583,0.028299,0.227874
3938_197_919_945,3,3,0.022579,0.097568,0.027204,0.537852,0.08076,0.00858,0.225458
3938_198_138_216,3,3,0.01431,0.027625,0.045756,0.68526,0.028328,0.078012,0.120709
3938_198_550_715,4,3,0.019815,0.082223,0.146435,0.520323,0.051162,0.09921,0.080831
3938_197_1033_1170,3,3,0.074021,0.151056,0.02032,0.632895,0.033469,0.048333,0.039906
3938_198_453_488,3,6,0.053712,0.202856,0.044719,0.186502,0.04894,0.016991,0.446279
3938_197_411_445,5,3,0.059988,0.023248,0.021655,0.614978,0.016352,0.113858,0.149921
3938_198_1490_1595,3,4,0.023507,0.102707,0.032447,0.275953,0.31477,0.032017,0.218599
3938_198_385_391,3,6,0.022497,0.023357,0.009272,0.38478,0.012964,0.041421,0.505711
3938_197_508_542,3,3,0.034868,0.081981,0.023056,0.454591,0.026451,0.02287,0.356184
3938_198_827_905,5,5,0.018679,0.041209,0.107314,0.117432,0.064933,0.394523,0.25591
3938_197_730_816,4,1,0.018696,0.410476,0.161225,0.020544,0.297521,0.007174,0.084365
3938_198_964_1021,5,6,0.039596,0.179446,0.061464,0.131744,0.184809,0.126033,0.276909
3938_198_1215_1242,3,3,0.015995,0.060998,0.028349,0.690733,0.044808,0.069879,0.089239
3948_198_93_142,6,5,0.012397,0.026354,0.252025,0.02498,0.070089,0.582013,0.032142
3948_197_1222_1366,0,0,0.727494,0.210142,0.006929,0.018282,0.011094,0.016629,0.009431
3948_197_1811_2064,1,1,0.30178,0.324571,0.040257,0.100632,0.071258,0.145853,0.015649
3948_198_975_1191,1,1,0.297518,0.425734,0.056563,0.025194,0.054224,0.095572,0.045195
3948_198_1380_1795,0,0,0.604292,0.246156,0.007215,0.022241,0.020523,0.089879,0.009692
3948_197_163_260,6,3,0.016523,0.21432,0.046928,0.455976,0.114502,0.032168,0.119583
3948_198_2221_2384,1,1,0.147114,0.394225,0.074949,0.098055,0.03587,0.071692,0.178095
3948_197_486_779,1,1,0.276542,0.46514,0.026987,0.100065,0.061919,0.022418,0.046928
3948_198_287_465,6,3,0.014585,0.076952,0.066592,0.417869,0.037083,0.166696,0.220222
3948_197_31_71,2,6,0.039159,0.153957,0.091479,0.122844,0.083107,0.031914,0.47754
3948_198_802_901,1,4,0.013764,0.062077,0.224479,0.016125,0.653933,0.012531,0.017089
3948_197_2113_2206,0,0,0.664929,0.217612,0.018976,0.036037,0.009879,0.019046,0.03352
3948_197_2404_2421,1,3,0.017656,0.063088,0.020397,0.526809,0.019948,0.064389,0.287714
3948_197_937_946,5,5,0.029019,0.05818,0.049889,0.031846,0.043749,0.706283,0.081034
3948_198_2074_2103,1,0,0.528118,0.348281,0.025251,0.032206,0.011783,0.015602,0.038758
3949_197_1262_1418,3,3,0.022465,0.145477,0.099198,0.293355,0.250458,0.018482,0.170565
3949_197_1769_2063,6,3,0.014368,0.106365,0.071918,0.434004,0.068118,0.016078,0.289149
3949_198_1504_1710,4,2,0.031565,0.14656,0.630879,0.006591,0.06443,0.076332,0.043644
3949_198_155_298,2,2,0.011248,0.034559,0.696292,0.011725,0.134184,0.013674,0.098318
3949_198_2110_2283,6,6,0.016644,0.057135,0.161895,0.099623,0.022103,0.03267,0.609931
3949_197_913_1171,6,2,0.013183,0.201682,0.233236,0.147998,0.145708,0.025669,0.232523
3949_198_479_599,5,5,0.027703,0.033408,0.045496,0.005853,0.014109,0.861452,0.01198
3949_197_315_461,3,3,0.011045,0.028626,0.025659,0.764822,0.015339,0.085484,0.069025
3949_198_31_75,2,2,0.006738,0.018495,0.893204,0.002187,0.047497,0.015835,0.016044
3949_198_799_880,4,2,0.018302,0.088946,0.391989,0.018283,0.018097,0.376969,0.087414
3949_197_644_767,3,3,0.020395,0.072586,0.096253,0.508267,0.082426,0.008362,0.211711
3949_197_103_115,3,6,0.015104,0.055396,0.023992,0.164579,0.035117,0.033252,0.67256
3949_198_1202_1247,5,5,0.012855,0.037212,0.039746,0.008473,0.009069,0.872135,0.020511
3953_198_114_257,1,5,0.032825,0.102713,0.166074,0.007717,0.09035,0.574807,0.025515
3953_197_2011_2131,3,3,0.021964,0.065231,0.038454,0.608138,0.035702,0.021403,0.209108
3953_197_1005_1205,3,3,0.012658,0.034154,0.057597,0.712777,0.013777,0.097468,0.071569
3953_197_1581_1691,3,1,0.056274,0.294396,0.194761,0.036857,0.100887,0.089713,0.227111
3953_198_1712_2009,3,6,0.02396,0.080821,0.075114,0.225411,0.068911,0.072491,0.453292
3953_198_737_975,1,2,0.02055,0.093345,0.407265,0.015135,0.336152,0.030151,0.097403
3953_197_1297_1451,3,6,0.020943,0.137417,0.094535,0.300224,0.04128,0.054692,0.350909
3953_198_378_606,1,2,0.014132,0.218107,0.348377,0.014341,0.047167,0.112088,0.245789
3953_197_290_378,4,5,0.01939,0.172314,0.269598,0.002152,0.026863,0.490274,0.019408
3953_197_607_730,4,4,0.018815,0.179466,0.132345,0.007106,0.57626,0.013985,0.072022
3953_197_31_114,3,3,0.034162,0.025685,0.054857,0.728494,0.026213,0.03541,0.09518
3953_198_1463_1569,6,6,0.045477,0.116064,0.152817,0.059799,0.03578,0.087211,0.502851
3953_198_1219_1293,5,5,0.014456,0.017589,0.050069,0.042878,0.015606,0.640906,0.218496
3951_198_2240_2692,1,3,0.035502,0.084086,0.054117,0.37215,0.118695,0.100509,0.234942
3951_198_124_402,6,6,0.028096,0.071556,0.0282,0.242008,0.094807,0.080659,0.454675
3951_197_1136_1389,3,3,0.040623,0.081448,0.089084,0.508573,0.062337,0.069784,0.148151
3951_197_2693_2976,3,3,0.017261,0.045631,0.033374,0.591522,0.025318,0.097827,0.189067
3951_198_1397_1869,1,6,0.021787,0.155983,0.07851,0.03699,0.273869,0.060613,0.372249
3951_198_3435_3552,6,6,0.027599,0.118814,0.232387,0.133519,0.127232,0.022439,0.33801
3951_197_3085_3432,3,6,0.026675,0.159694,0.174222,0.095706,0.063218,0.034835,0.44565
3951_198_698_1129,6,6,0.039338,0.106167,0.060111,0.2109,0.170729,0.063328,0.349427
3951_197_1870_2239,4,6,0.018394,0.156732,0.123436,0.058269,0.111751,0.080534,0.450883
3951_197_529_690,3,5,0.007642,0.073387,0.380141,0.049913,0.042024,0.381335,0.065558
3951_198_2986_3076,6,3,0.008762,0.014919,0.118223,0.543414,0.013939,0.049884,0.250859
3951_197_403_464,5,6,0.032539,0.117259,0.19236,0.068401,0.032412,0.221232,0.335797
3951_198_465_527,6,6,0.044281,0.187464,0.168198,0.126867,0.197697,0.067588,0.207906
3951_197_31_113,3,6,0.02927,0.097217,0.04034,0.213855,0.035651,0.067384,0.516282
3955_197_2351_2842,1,4,0.018719,0.028035,0.18694,0.069793,0.614272,0.007441,0.0748
3955_197_1232_1333,1,1,0.170285,0.425632,0.072629,0.020961,0.239323,0.01169,0.05948
3955_198_770_1217,4,4,0.115311,0.237731,0.028655,0.069273,0.496851,0.023114,0.029065
3955_198_169_625,1,4,0.058011,0.282297,0.023669,0.011986,0.596707,0.009784,0.017545
3955_198_1365_1947,1,1,0.16649,0.377713,0.096373,0.032753,0.244898,0.033597,0.048177
3955_197_3034_3473,1,4,0.021539,0.115338,0.248651,0.064715,0.378989,0.039,0.131769
3955_198_2945_2971,1,6,0.026712,0.075167,0.091659,0.151245,0.097748,0.068176,0.489292
3955_198_2116_2328,1,4,0.071162,0.154491,0.175218,0.014162,0.5299,0.032943,0.022123
3955_197_31_125,1,4,0.047952,0.169172,0.194392,0.023615,0.419139,0.017138,0.128592
3955_197_643_737,1,4,0.028526,0.197262,0.036208,0.004398,0.712947,0.00191,0.018749
3955_197_1979_2055,1,4,0.020826,0.321707,0.105655,0.010335,0.460333,0.020317,0.060827
3955_198_3568_3703,1,4,0.003751,0.038698,0.068299,0.033845,0.78587,0.004278,0.065259
3954_198_1280_1668,1,4,0.031738,0.092282,0.130588,0.019165,0.665404,0.033145,0.027677
3954_197_150_272,1,5,0.050057,0.073865,0.052374,0.002964,0.014691,0.797574,0.008474
3954_198_1791_1923,1,4,0.011547,0.037682,0.178818,0.00503,0.686312,0.008276,0.072334
3954_198_2073_2261,1,1,0.074478,0.397766,0.085608,0.050043,0.141577,0.047744,0.202785
3954_198_31_127,4,4,0.019585,0.082224,0.234661,0.01212,0.622316,0.0086,0.020494
3954_198_569_1152,1,4,0.024384,0.060859,0.073198,0.018556,0.752991,0.023344,0.046668
3954_198_294_364,1,4,0.040617,0.295261,0.104041,0.016904,0.483464,0.021265,0.038448
3954_197_388_543,1,1,0.160045,0.527194,0.08204,0.012484,0.045977,0.06695,0.105309
3954_197_2281_2291,1,5,0.016363,0.058278,0.057999,0.01892,0.021151,0.770005,0.057284
3954_197_1200_1245,1,1,0.091737,0.338148,0.251976,0.00629,0.091367,0.151328,0.069153
3954_197_1931_2007,1,1,0.125549,0.421624,0.058617,0.017999,0.233227,0.014778,0.128205
3954_197_1709_1744,1,2,0.013851,0.096126,0.470253,0.009234,0.045953,0.261027,0.103556
3952_197_31_133,5,6,0.137122,0.242463,0.133605,0.020285,0.036487,0.139628,0.29041
3952_197_1272_1388,1,2,0.018235,0.31489,0.355802,0.005216,0.214785,0.008889,0.082183
3952_198_1606_1691,1,1,0.074539,0.272562,0.25567,0.01188,0.032387,0.227456,0.125508
3952_198_141_281,2,2,0.044979,0.181144,0.508825,0.020683,0.144528,0.077376,0.022465
3952_197_1447_1601,1,1,0.079099,0.291111,0.144166,0.107041,0.075368,0.024624,0.278591
3952_198_943_1060,1,0,0.352836,0.300208,0.02716,0.055406,0.024507,0.017018,0.222865
3952_197_510_683,1,1,0.066595,0.618989,0.117253,0.008358,0.055633,0.008655,0.124517
3952_197_1083_1182,1,1,0.13661,0.522857,0.099852,0.017237,0.096172,0.009878,0.117394
3952_197_1735_1776,0,4,0.02114,0.122205,0.170769,0.008837,0.539394,0.005345,0.13231
3952_197_292_407,0,1,0.202216,0.595254,0.035967,0.008048,0.021345,0.008486,0.128684
3952_198_417_501,5,5,0.035696,0.083262,0.266873,0.00579,0.011804,0.499849,0.096726
3952_198_1193_1255,2,6,0.039723,0.0772,0.108003,0.02031,0.014166,0.164798,0.5758
3952_198_699_829,1,5,0.041025,0.037435,0.104389,0.02297,0.025391,0.730362,0.038429
3952_198_1403_1433,1,5,0.012908,0.024182,0.030941,0.026719,0.011524,0.808218,0.085507
3952_197_871_906,1,3,0.025032,0.10048,0.090969,0.38916,0.041559,0.033062,0.319738
3959_197_31_146,3,3,0.02974,0.032746,0.224102,0.326917,0.245086,0.05153,0.089878
3959_198_1177_1586,4,4,0.014763,0.037055,0.191108,0.083346,0.559258,0.098581,0.015889
3959_198_2016_2170,5,4,0.007735,0.055387,0.215877,0.019284,0.366865,0.162759,0.172092
3959_197_1592_1732,4,4,0.01,0.050902,0.114143,0.040211,0.743175,0.010649,0.03092
3959_198_174_395,6,4,0.005022,0.033198,0.018628,0.005747,0.926135,0.002158,0.009112
3959_197_1821_1982,5,2,0.016607,0.093155,0.33315,0.00542,0.203839,0.290395,0.057435
3959_198_1761_1809,5,5,0.016963,0.03429,0.04904,0.006998,0.074884,0.767173,0.050652
3959_197_2197_2247,5,2,0.014053,0.06365,0.578414,0.004932,0.058069,0.134949,0.145934
3959_198_760_947,6,1,0.036155,0.310042,0.091843,0.106126,0.159055,0.065949,0.230831
3959_197_436_605,4,3,0.018997,0.112329,0.048226,0.357641,0.357068,0.02452,0.08122
3959_197_1007_1174,2,4,0.013314,0.22217,0.199302,0.087112,0.300452,0.030852,0.146799
3959_198_629_699,6,4,0.046918,0.299056,0.103659,0.088741,0.330698,0.033592,0.097336
3959_197_715_734,4,3,0.02977,0.05983,0.125986,0.527895,0.048982,0.095527,0.112011
3958_198_2414_2753,3,4,0.06293,0.256296,0.08304,0.055475,0.499954,0.019946,0.02236
3958_197_31_238,5,2,0.022331,0.154125,0.423344,0.013366,0.035639,0.274032,0.077163
3958_197_1241_1511,5,3,0.021911,0.057861,0.040534,0.364905,0.320133,0.074227,0.120429
3958_198_1089_1219,6,1,0.051828,0.315433,0.040042,0.284882,0.070836,0.040916,0.196064
3958_197_2788_2954,1,1,0.042751,0.548231,0.142527,0.023949,0.195244,0.011136,0.036162
3958_197_808_1055,3,5,0.025002,0.052088,0.094895,0.356805,0.059666,0.386384,0.02516
3958_198_2050_2264,1,4,0.023271,0.115569,0.110306,0.205746,0.359937,0.060027,0.125143
3958_198_1532_1883,6,1,0.073434,0.362906,0.092653,0.199015,0.096618,0.129008,0.046365
3958_197_441_676,5,3,0.013179,0.097265,0.09501,0.339443,0.053886,0.311584,0.089633
3958_197_2276_2389,3,4,0.023112,0.099804,0.284969,0.111488,0.314977,0.078631,0.087019
3958_197_1884_2034,4,2,0.007484,0.087481,0.485582,0.037017,0.260899,0.035298,0.08624
3958_198_704_774,3,5,0.034192,0.059014,0.06854,0.06661,0.036544,0.668385,0.066715
3958_198_3013_3087,3,3,0.015503,0.013574,0.016184,0.849254,0.008602,0.024325,0.072557
3958_198_268_414,3,5,0.010312,0.01536,0.053939,0.016138,0.020143,0.858957,0.025151
3963_199_1213_1451,3,3,0.013515,0.028355,0.066697,0.691495,0.112091,0.034251,0.053595
3963_199_2040_2145,3,3,0.020762,0.07841,0.079674,0.580035,0.077388,0.01617,0.147561
3963_200_1017_1199,3,3,0.010124,0.014184,0.022216,0.426583,0.057083,0.411075,0.058735
3963_199_1575_1786,3,1,0.11087,0.439277,0.069168,0.219595,0.097097,0.017757,0.046236
3963_199_250_502,1,4,0.032445,0.06022,0.076683,0.214902,0.505194,0.064027,0.046529
3963_200_1803_2025,2,3,0.013338,0.069468,0.126292,0.301565,0.284698,0.101459,0.10318
3963_199_784_1009,3,3,0.006291,0.003498,0.015644,0.903868,0.010101,0.046899,0.013698
3963_200_130_248,5,5,0.020684,0.034046,0.009228,0.006905,0.011305,0.912802,0.005029
3963_200_518_657,1,4,0.017243,0.153876,0.156908,0.137005,0.301124,0.085464,0.14838
3963_199_31_110,5,6,0.021364,0.059379,0.133293,0.173542,0.240925,0.047019,0.324477
3963_200_1464_1560,3,3,0.023039,0.077908,0.035306,0.680643,0.040632,0.0243,0.118171
3963_199_670_728,3,3,0.018685,0.01348,0.034713,0.771691,0.0186,0.083867,0.058963
3963_200_735_771,5,5,0.006253,0.021452,0.025812,0.009724,0.011123,0.895027,0.030609
3963_200_2156_2178,3,3,0.021415,0.051677,0.026309,0.615539,0.045807,0.040594,0.198658
3966_199_31_131,1,5,0.032885,0.21892,0.154031,0.022222,0.105162,0.342874,0.123906
3966_199_1277_1659,1,1,0.120781,0.390322,0.055929,0.024343,0.368223,0.01462,0.025783
3966_199_1912_2131,3,3,0.011585,0.012654,0.019594,0.851674,0.039852,0.009613,0.055029
3966_200_1106_1262,1,1,0.048578,0.244606,0.052607,0.242653,0.142272,0.12638,0.142905
3966_199_244_342,1,6,0.058515,0.189747,0.039407,0.235393,0.123088,0.052994,0.300856
3966_200_1689_1799,0,0,0.513583,0.434739,0.017851,0.004353,0.017687,0.004643,0.007143
3966_199_928_1050,1,1,0.130683,0.537149,0.043041,0.086966,0.081067,0.083765,0.037329
3966_200_164_236,5,1,0.06836,0.240249,0.131616,0.081513,0.199064,0.075723,0.203475
3966_200_594_680,3,3,0.004888,0.006578,0.011569,0.880659,0.007716,0.031604,0.056985
3966_199_467_555,3,4,0.014503,0.149245,0.230767,0.041349,0.239695,0.121015,0.203426
3966_200_397_446,3,5,0.026794,0.094068,0.063686,0.069861,0.08474,0.355584,0.305268
3966_199_689_838,4,4,0.034883,0.171692,0.092201,0.050401,0.291263,0.287345,0.072214
3966_200_844_914,1,2,0.025056,0.180459,0.235387,0.152686,0.206113,0.053082,0.147215
3967_199_31_139,1,5,0.089371,0.278841,0.066254,0.006734,0.026228,0.507377,0.025193
3967_199_1144_1433,1,1,0.231099,0.495065,0.038239,0.03707,0.081507,0.068088,0.048932
3967_199_1581_1788,1,0,0.587461,0.359738,0.011046,0.005689,0.015323,0.015328,0.005414
3967_200_1822_2024,0,1,0.265158,0.643093,0.027819,0.003581,0.048452,0.00693,0.004968
3967_200_1455_1578,0,0,0.88294,0.085538,0.004197,0.00471,0.006916,0.011661,0.004039
3967_199_903_992,1,5,0.04178,0.060143,0.015236,0.004389,0.025882,0.844971,0.007599
3967_200_180_252,1,1,0.158041,0.608935,0.108332,0.002974,0.037842,0.060448,0.023427
3967_200_458_683,0,0,0.480464,0.387343,0.032033,0.021668,0.032817,0.017855,0.02782
3967_200_1017_1131,1,1,0.13439,0.762338,0.019982,0.004353,0.02521,0.009843,0.043883
3967_199_277_437,1,1,0.342303,0.499383,0.048972,0.013481,0.031595,0.039084,0.025181
3967_200_779_886,1,1,0.151303,0.731072,0.022743,0.002361,0.058735,0.009016,0.024769
3967_199_691_758,0,1,0.112907,0.476999,0.064557,0.025824,0.027997,0.203435,0.08828
3968_200_2018_2120,1,1,0.171678,0.533149,0.037393,0.069158,0.044446,0.089456,0.054721
3968_199_945_1269,3,3,0.039625,0.100079,0.023093,0.700926,0.037128,0.077316,0.021833
3968_200_159_310,3,0,0.454619,0.130338,0.009782,0.061257,0.029345,0.307632,0.007028
3968_199_1792_1983,3,3,0.105878,0.098089,0.037703,0.606504,0.050885,0.066164,0.034777
3968_199_1434_1645,3,3,0.020556,0.043575,0.016965,0.8176,0.05138,0.024386,0.025538
3968_200_1300_1408,1,3,0.030352,0.085654,0.014764,0.677979,0.030701,0.031239,0.12931
3968_200_1692_1790,4,3,0.054827,0.145059,0.052454,0.537788,0.085326,0.024204,0.100343
3968_199_327_499,3,3,0.061001,0.065814,0.065021,0.378179,0.351515,0.067966,0.010504
3968_199_594_812,3,3,0.066332,0.132769,0.015312,0.632654,0.072631,0.064514,0.015787
3968_199_31_117,3,3,0.004633,0.00112,0.006917,0.961166,0.005948,0.012155,0.008061
3968_199_2120_2206,1,1,0.229978,0.311226,0.050414,0.256844,0.030719,0.108254,0.012566
3968_200_827_918,1,1,0.302219,0.371825,0.033419,0.031855,0.03272,0.213127,0.014835
3968_200_552_577,0,0,0.438085,0.347799,0.018033,0.034502,0.039404,0.05685,0.065328
3971_199_31_294,4,1,0.339546,0.518653,0.027274,0.021983,0.062606,0.017652,0.012287
3971_200_1220_1311,1,0,0.630606,0.271924,0.007483,0.019619,0.017364,0.033424,0.01958
3971_199_2004_2226,1,1,0.428137,0.455003,0.01843,0.004944,0.082089,0.005265,0.006132
3971_199_968_1195,1,1,0.267322,0.415433,0.110215,0.02687,0.054672,0.110694,0.014795
3971_200_1653_1740,0,0,0.533758,0.351897,0.012526,0.03384,0.013292,0.01412,0.040567
3971_199_1773_1925,5,5,0.095357,0.225279,0.164992,0.015474,0.033435,0.444092,0.02137
3971_200_736_940,4,0,0.793017,0.155046,0.007596,0.011416,0.011259,0.009828,0.011839
3971_200_2260_2333,0,0,0.757264,0.129503,0.015024,0.035833,0.012333,0.025386,0.024657
3971_199_413_705,1,1,0.275717,0.450641,0.051519,0.060851,0.038214,0.083113,0.039944
3971_200_331_407,0,0,0.720152,0.220762,0.007518,0.008504,0.010267,0.018164,0.014633
3971_199_1532_1608,1,1,0.209444,0.636262,0.033343,0.018434,0.053355,0.017094,0.032068
3971_200_1962_1985,1,1,0.063966,0.353317,0.168706,0.010877,0.294998,0.033265,0.074871
3974_199_2056_2566,4,4,0.071434,0.227159,0.209491,0.131869,0.239324,0.046016,0.074706
3974_200_31_175,0,0,0.825562,0.085563,0.022425,0.017431,0.011754,0.02643,0.010835
3974_199_1214_1768,1,4,0.055116,0.137627,0.28442,0.129148,0.28478,0.037886,0.071023
3974_200_1030_1192,0,0,0.893581,0.056554,0.003872,0.022799,0.005655,0.008395,0.009145
3974_199_205_583,4,3,0.028315,0.137339,0.22598,0.331267,0.153466,0.017499,0.106134
3974_199_746_1002,4,1,0.100549,0.321529,0.128581,0.157373,0.132848,0.031116,0.128005
3974_200_607_714,0,0,0.881739,0.068599,0.006323,0.004377,0.008435,0.02728,0.003247
3974_200_2595_2702,0,0,0.718359,0.084465,0.028827,0.064558,0.032854,0.05531,0.015626
3974_199_2722_2746,4,2,0.04743,0.112325,0.36168,0.129146,0.257828,0.054206,0.037385
3974_200_1799_2040,0,0,0.924619,0.041844,0.007428,0.00197,0.007301,0.014876,0.001962
3970_199_31_132,1,5,0.026252,0.237417,0.173746,0.024742,0.034,0.444517,0.059326
3970_199_1262_1349,1,1,0.289163,0.440029,0.053678,0.018058,0.110432,0.052817,0.035824
3970_199_1964_2166,1,1,0.125098,0.65463,0.094209,0.016089,0.039556,0.048914,0.021503
3970_200_1079_1234,3,1,0.230787,0.459908,0.064484,0.027223,0.15425,0.02248,0.040869
3970_199_1643_1809,1,1,0.127015,0.510097,0.055813,0.136265,0.060952,0.026904,0.082954
3970_199_244_410,1,1,0.211269,0.668595,0.025832,0.012177,0.024362,0.051444,0.006321
3970_199_1461_1572,1,1,0.212706,0.532933,0.054671,0.022481,0.110455,0.020535,0.046219
3970_199_559_1065,1,0,0.490834,0.42522,0.019561,0.012144,0.020396,0.021732,0.010112
3970_200_168_243,5,5,0.006144,0.015282,0.012778,0.006017,0.008876,0.930361,0.020542
3970_200_451_547,1,1,0.13698,0.299441,0.05371,0.158238,0.033206,0.023524,0.2949
3970_200_1829_1961,3,1,0.154124,0.353617,0.100063,0.013555,0.118993,0.210081,0.049568
3970_200_1374_1440,1,1,0.185151,0.520659,0.062764,0.050089,0.036691,0.102045,0.0426
3970_200_1591_1612,5,5,0.012528,0.019726,0.024004,0.032701,0.011608,0.86732,0.032114
3975_200_31_158,0,0,0.757574,0.164699,0.009339,0.029322,0.012188,0.01655,0.010328
3975_199_975_1399,3,3,0.027697,0.045092,0.032384,0.577557,0.038307,0.21772,0.061244
3975_199_1492_1735,3,3,0.04113,0.116394,0.057303,0.615249,0.065026,0.050201,0.054697
3975_199_177_305,4,3,0.085506,0.047136,0.031294,0.399609,0.113136,0.021071,0.302248
3975_200_1771_2026,3,3,0.065664,0.213901,0.063629,0.441934,0.106007,0.073915,0.034949
3975_200_1425_1490,5,5,0.008555,0.004715,0.105081,0.039004,0.031768,0.773609,0.037268
3975_199_479_867,3,3,0.016859,0.032458,0.05545,0.728956,0.0675,0.023514,0.075263
3975_199_2049_2155,3,3,0.05155,0.338014,0.059968,0.432001,0.028356,0.05228,0.037831
3969_199_112_273,4,4,0.009327,0.012641,0.232078,0.018906,0.642597,0.066605,0.017846
3969_199_2006_2108,3,3,0.013584,0.005686,0.175318,0.704183,0.034029,0.030508,0.036692
3969_199_1076_1240,3,3,0.0207,0.011494,0.158004,0.657673,0.107252,0.028861,0.016016
3969_200_1576_1756,3,3,0.010566,0.006233,0.075911,0.870293,0.007895,0.022219,0.006882
3969_199_1796_1922,3,3,0.021454,0.049035,0.110341,0.608736,0.135919,0.028368,0.046147
3969_200_942_1069,4,2,0.006403,0.01869,0.774785,0.000824,0.189745,0.006151,0.003402
3969_200_1317_1460,3,3,0.013274,0.005295,0.043619,0.788384,0.009052,0.133352,0.007025
3969_199_2224_2472,3,3,0.007187,0.005488,0.010309,0.939225,0.006892,0.009407,0.021492
3969_199_556_607,1,4,0.035845,0.034495,0.112479,0.053116,0.525243,0.03278,0.206042
3969_200_285_536,2,5,0.02296,0.106935,0.142973,0.025338,0.042748,0.639578,0.019468
3969_200_626_776,2,2,0.017773,0.199129,0.468367,0.006062,0.043316,0.25201,0.013343
3969_200_31_90,2,2,0.017102,0.125309,0.644546,0.0038,0.041509,0.159533,0.008202
3969_199_1466_1531,3,3,0.039836,0.052198,0.128921,0.470419,0.141938,0.104385,0.062302
3969_199_791_916,3,4,0.018718,0.052929,0.099464,0.045456,0.706352,0.034079,0.043002
3969_200_2157_2217,2,2,0.036237,0.268087,0.298885,0.039338,0.208387,0.084305,0.064761
3969_200_1953_1990,3,3,0.022751,0.025381,0.13316,0.549589,0.050972,0.195095,0.023052
3977_199_109_172,4,6,0.012611,0.150894,0.037857,0.021382,0.201236,0.0145,0.561521
3977_199_1263_1448,3,3,0.008463,0.021425,0.040081,0.695256,0.10879,0.01708,0.108905
3977_199_846_931,4,4,0.017126,0.208924,0.06559,0.177045,0.362097,0.012977,0.156241
3977_200_200_240,5,5,0.002704,0.011544,0.005532,0.004537,0.006994,0.957726,0.010963
3977_199_493_715,4,4,0.106478,0.353901,0.0374,0.048391,0.404647,0.016598,0.032586
3977_199_1018_1177,4,4,0.019651,0.235043,0.121944,0.167252,0.342741,0.022214,0.091155
3977_200_313_468,4,5,0.026544,0.188306,0.155,0.025354,0.072411,0.514708,0.017677
3977_200_31_82,4,6,0.077597,0.134238,0.029117,0.018013,0.15627,0.108865,0.4759
3977_200_1469_1577,3,3,0.014628,0.00592,0.015398,0.869542,0.014956,0.06845,0.011106
3977_200_751_776,6,6,0.096346,0.107783,0.026591,0.082393,0.020955,0.16109,0.504841
3977_200_965_1015,4,1,0.025084,0.412804,0.163713,0.006841,0.280332,0.016176,0.095049
3977_200_1204_1246,3,3,0.012431,0.003565,0.011683,0.905494,0.018307,0.036744,0.011777
3977_199_259_291,4,6,0.00888,0.026991,0.014051,0.257917,0.039469,0.012283,0.640409
3981_200_128_214,5,5,0.022901,0.037741,0.022033,0.087768,0.016177,0.78769,0.025691
3981_199_1978_2159,4,1,0.068772,0.468791,0.137793,0.055957,0.137197,0.053726,0.077763
3981_200_970_1191,4,0,0.359022,0.358999,0.035812,0.069233,0.094038,0.049324,0.033573
3981_199_1533_1714,4,2,0.032446,0.198651,0.308646,0.24973,0.088312,0.072982,0.049234
3981_199_240_393,1,1,0.103978,0.498002,0.149781,0.03374,0.11211,0.044582,0.057807
3981_200_1732_1954,1,1,0.381275,0.435202,0.033775,0.036655,0.049483,0.040772,0.022837
3981_200_1319_1499,1,5,0.054418,0.067182,0.022394,0.007518,0.040537,0.801822,0.006128
3981_200_2185_2264,1,0,0.866891,0.088611,0.005249,0.009156,0.005127,0.017945,0.007021
3981_199_919_942,5,5,0.05261,0.124086,0.080539,0.013108,0.039509,0.435942,0.254204
3981_199_555_743,4,1,0.088618,0.575074,0.055608,0.079394,0.139213,0.0167,0.045392
3981_200_436_519,4,6,0.049665,0.285086,0.114441,0.066389,0.05521,0.140383,0.288826
3981_199_31_103,1,5,0.034238,0.127267,0.081745,0.004483,0.046394,0.611301,0.094571
3981_199_1225_1284,3,4,0.018162,0.07369,0.1751,0.249697,0.385109,0.067855,0.030388
3981_200_791_906,4,1,0.09552,0.555729,0.028072,0.00135,0.309935,0.003684,0.005711
3978_199_31_183,3,3,0.03188,0.174493,0.079829,0.432429,0.139498,0.091756,0.050116
3978_199_1270_1303,5,5,0.013509,0.028381,0.018504,0.064476,0.013271,0.821227,0.040632
3978_199_983_1193,3,3,0.175279,0.172111,0.025713,0.421443,0.041148,0.145195,0.019111
3978_199_1654_1725,5,6,0.016281,0.180743,0.078309,0.160501,0.048695,0.105272,0.410197
3978_200_227_304,3,3,0.019718,0.02528,0.023233,0.739097,0.025174,0.104055,0.063443
3978_200_1745_1848,6,3,0.018146,0.024684,0.014127,0.824804,0.016781,0.023713,0.077745
3978_199_1378_1470,4,1,0.094076,0.406852,0.036503,0.22986,0.06903,0.054393,0.109285
3978_200_844_971,1,3,0.023667,0.041218,0.015414,0.775319,0.033805,0.017114,0.093462
3978_200_1318_1361,6,6,0.019193,0.08108,0.026691,0.258549,0.024493,0.087607,0.502387
3978_199_568_719,3,3,0.008356,0.009759,0.013272,0.916877,0.013048,0.017359,0.021328
3978_199_322_394,3,3,0.013749,0.006523,0.016696,0.761901,0.014771,0.157912,0.028448
3978_200_412_541,3,3,0.007536,0.009992,0.010513,0.899752,0.015544,0.013441,0.043222
3978_200_1503_1636,1,3,0.030887,0.115708,0.01862,0.432124,0.04766,0.024458,0.330543
3978_199_798_823,6,3,0.019969,0.027966,0.049368,0.443901,0.020752,0.403047,0.034996
3978_200_756_780,3,3,0.017991,0.014537,0.022083,0.803645,0.065022,0.046217,0.030506
3978_200_1208_1241,1,6,0.039884,0.124043,0.045944,0.065302,0.086575,0.064332,0.573919
3984_199_124_220,5,5,0.015562,0.027908,0.029105,0.293803,0.024095,0.600485,0.009041
3984_199_1062_1399,3,3,0.02082,0.067979,0.054097,0.601859,0.183217,0.043763,0.028266
3984_199_2008_2105,3,3,0.012011,0.010621,0.00838,0.869416,0.013036,0.027199,0.059337
3984_200_1589_1726,3,3,0.008232,0.01277,0.011825,0.883183,0.013243,0.012819,0.057927
3984_200_221_553,3,3,0.013551,0.028134,0.018845,0.735766,0.042683,0.017098,0.143922
3984_199_1728_1823,5,3,0.016243,0.039346,0.042064,0.624351,0.026319,0.203174,0.048503
3984_200_1401_1519,3,3,0.014617,0.024037,0.017927,0.644764,0.031208,0.203151,0.064296
3984_200_2112_2348,3,3,0.022465,0.184054,0.050746,0.432561,0.108469,0.060826,0.14088
3984_200_31_122,3,3,0.015356,0.047283,0.037872,0.661193,0.059634,0.086076,0.092586
3984_199_774_990,3,3,0.013964,0.026235,0.01466,0.86975,0.027209,0.020967,0.027215
3984_199_553_636,3,3,0.007709,0.004263,0.010377,0.936561,0.007571,0.018529,0.014991
3984_200_638_773,1,6,0.01021,0.121674,0.030632,0.255094,0.075358,0.04008,0.466952
3984_200_990_1062,3,1,0.069108,0.361559,0.073433,0.108429,0.141941,0.136149,0.109382
3984_199_1526_1581,3,3,0.016491,0.047594,0.023895,0.788693,0.042156,0.010201,0.070971
3984_200_1829_2006,3,6,0.013503,0.139378,0.048727,0.140566,0.19375,0.055156,0.408919
3984_199_2356_2431,3,3,0.029175,0.178852,0.080405,0.485945,0.108444,0.082654,0.034524
3987_199_1260_1360,1,5,0.017111,0.097785,0.031697,0.036899,0.037046,0.745617,0.033844
3987_200_1875_2075,1,3,0.111862,0.274123,0.06312,0.340802,0.03227,0.126009,0.051814
3987_200_1039_1245,1,3,0.018602,0.040478,0.018098,0.793615,0.009623,0.045099,0.074484
3987_199_1569_1686,3,3,0.01095,0.009311,0.013702,0.534226,0.011865,0.400365,0.019582
3987_200_155_263,1,1,0.035441,0.580263,0.143261,0.0288,0.073243,0.089777,0.049215
3987_200_1702_1830,1,1,0.279825,0.555707,0.008251,0.063868,0.030741,0.034396,0.027212
3987_200_1378_1546,1,5,0.05898,0.134893,0.029341,0.180508,0.026158,0.480764,0.089354
3987_200_749_935,1,1,0.051774,0.422049,0.189638,0.052176,0.143364,0.07572,0.065279
3987_199_945_1025,5,5,0.011779,0.015547,0.014357,0.007467,0.010617,0.928089,0.012144
3987_199_569_734,1,3,0.034122,0.095893,0.067081,0.602674,0.08335,0.080211,0.036669
3987_200_356_552,1,4,0.009635,0.030477,0.158796,0.008355,0.770692,0.013277,0.008767
3987_199_31_98,1,3,0.061941,0.206086,0.033415,0.418482,0.03054,0.108834,0.140703
3987_199_273_333,1,3,0.038452,0.168221,0.078766,0.360788,0.184084,0.055064,0.114625
3987_199_1842_1849,1,5,0.00794,0.027498,0.031963,0.026017,0.032083,0.819931,0.054567
3983_200_31_130,3,3,0.020436,0.038159,0.028187,0.32525,0.024541,0.294275,0.269152
3983_199_1137_1299,3,3,0.012633,0.017908,0.090387,0.58053,0.071092,0.054552,0.172898
3983_199_2005_2135,3,1,0.051437,0.447423,0.132973,0.066946,0.204885,0.022306,0.07403
3983_200_1637_1715,3,3,0.007993,0.007356,0.010277,0.91175,0.007625,0.031832,0.023167
3983_199_130_267,3,3,0.031561,0.141531,0.070013,0.361959,0.134308,0.109418,0.151211
3983_199_1731_1862,1,3,0.028675,0.20642,0.167686,0.413553,0.044642,0.045068,0.093956
3983_199_1407_1630,3,2,0.009469,0.028464,0.41914,0.306936,0.073217,0.065568,0.097207
3983_199_812_969,1,1,0.020714,0.282156,0.185336,0.164094,0.200754,0.114439,0.032507
3983_200_1302_1398,1,1,0.0411,0.616191,0.077624,0.118715,0.02817,0.053508,0.064691
3983_200_581_625,3,3,0.008848,0.004412,0.012956,0.899832,0.016654,0.048818,0.00848
3983_200_978_1124,4,3,0.067575,0.184999,0.095173,0.494069,0.052654,0.078751,0.026779
3983_200_273_418,3,3,0.019696,0.088663,0.151381,0.35684,0.231374,0.020724,0.131321
3983_199_638_742,3,3,0.010027,0.03541,0.064932,0.53691,0.162452,0.023723,0.166546
3983_199_425_570,1,4,0.008849,0.049521,0.164826,0.109037,0.628412,0.013641,0.025713
3983_200_1883_1993,3,3,0.026576,0.065559,0.090271,0.569425,0.134922,0.017058,0.09619
3983_200_750_810,1,3,0.032571,0.161431,0.037515,0.499129,0.129416,0.012613,0.127324
3985_200_2414_2537,4,3,0.018924,0.100489,0.065704,0.573409,0.109692,0.073228,0.058553
3985_199_92_175,3,1,0.105575,0.403452,0.072272,0.143324,0.103798,0.02456,0.14702
3985_199_1184_1304,0,0,0.617646,0.235526,0.028121,0.018655,0.041981,0.029125,0.028946
3985_200_1964_2052,4,3,0.012092,0.065407,0.049233,0.533381,0.079792,0.033682,0.226413
3985_200_1574_1822,1,3,0.03156,0.173566,0.041603,0.29038,0.228855,0.155958,0.078079
3985_200_181_356,0,0,0.679561,0.219501,0.008334,0.021024,0.011998,0.04975,0.00983
3985_199_1446_1567,0,1,0.391472,0.408273,0.041842,0.033451,0.051997,0.052127,0.020837
3985_199_2059_2413,0,1,0.186988,0.52303,0.041001,0.080283,0.107807,0.031295,0.029596
3985_200_839_1025,4,1,0.030349,0.292993,0.131065,0.188578,0.140907,0.194838,0.02127
3985_200_1304_1439,4,3,0.101155,0.201121,0.041703,0.468616,0.057131,0.036225,0.094048
3985_200_576_632,5,5,0.023508,0.080191,0.028356,0.016313,0.023651,0.810231,0.01775
3985_200_1065_1182,1,1,0.106717,0.431283,0.076479,0.123729,0.070612,0.050533,0.140647
3985_199_632_837,1,3,0.052893,0.197846,0.019387,0.434429,0.032701,0.096411,0.166333
3985_199_1025_1065,1,5,0.012776,0.027232,0.015562,0.112639,0.017827,0.748712,0.065252
3985_199_364_554,1,1,0.136585,0.589277,0.075837,0.04552,0.082096,0.048462,0.022222
3985_200_31_84,1,1,0.129423,0.243894,0.047064,0.226225,0.032749,0.103221,0.217423
3985_199_1829_1953,0,0,0.555113,0.194016,0.027492,0.027862,0.108915,0.079716,0.006886
3994_200_2489_2632,5,1,0.07659,0.364712,0.155405,0.158261,0.036083,0.188981,0.019967
3994_199_31_205,3,3,0.018827,0.030392,0.039795,0.736993,0.101406,0.024054,0.048532
3994_200_1157_1576,6,4,0.021924,0.068504,0.072922,0.29482,0.356381,0.057726,0.127724
3994_199_1938_2285,4,4,0.029317,0.138476,0.164868,0.163981,0.255769,0.195333,0.052257
3994_199_1589_1749,4,5,0.034062,0.068721,0.20839,0.030651,0.229816,0.403648,0.024712
3994_200_232_475,3,3,0.007626,0.002812,0.013106,0.923065,0.021101,0.022677,0.009612
3994_200_1792_1922,6,3,0.034915,0.083333,0.049664,0.502776,0.112099,0.038593,0.17862
3994_199_857_1131,3,3,0.026339,0.0204,0.037193,0.689766,0.156532,0.032099,0.037672
3994_200_2298_2328,6,3,0.029619,0.120165,0.096263,0.440184,0.083915,0.136346,0.093509
3994_199_498_593,3,3,0.043207,0.10314,0.041811,0.677794,0.052974,0.02293,0.058143
3994_200_616_812,3,3,0.024808,0.058194,0.049292,0.496886,0.256694,0.035845,0.078281
3994_199_2359_2480,4,2,0.087998,0.20213,0.305952,0.035412,0.294114,0.025441,0.048954
3993_200_2330_2508,1,1,0.363724,0.543623,0.01286,0.009977,0.038353,0.018124,0.013339
3993_199_31_329,4,4,0.040003,0.13658,0.132265,0.028402,0.555563,0.051533,0.055653
3993_199_1117_1453,1,1,0.200969,0.552572,0.094176,0.019654,0.081658,0.036831,0.01414
3993_199_2541_2909,5,5,0.026689,0.080332,0.032714,0.176277,0.028068,0.635683,0.020237
3993_200_889_1082,1,1,0.177133,0.627398,0.037014,0.027474,0.050049,0.022422,0.05851
3993_200_2926_3036,0,0,0.717392,0.218834,0.013197,0.012176,0.011763,0.008364,0.018274
3993_199_1909_2305,1,3,0.078323,0.101088,0.0325,0.611527,0.05294,0.048985,0.074637
3993_200_1745_1875,0,1,0.243394,0.426586,0.057733,0.069089,0.035411,0.081658,0.08613
3993_200_1479_1562,1,1,0.091895,0.562944,0.071102,0.004854,0.133659,0.010337,0.125208
3993_200_346_615,1,0,0.499811,0.417314,0.011766,0.008182,0.018902,0.037449,0.006576
3993_199_645_866,4,1,0.048726,0.409109,0.173243,0.062079,0.235864,0.037563,0.033416
3993_199_1590_1666,2,3,0.018459,0.121724,0.232417,0.291338,0.213502,0.036439,0.086122
3993_199_3058_3084,1,4,0.059133,0.396775,0.069669,0.026574,0.403316,0.007357,0.037176
3992_200_116_253,1,1,0.195688,0.447209,0.033025,0.113127,0.068493,0.033253,0.109204
3992_200_1098_1359,1,0,0.480117,0.416933,0.022358,0.031599,0.022891,0.011425,0.014676
3992_200_1961_2213,0,0,0.341952,0.20355,0.028739,0.214041,0.116231,0.055586,0.039901
3992_200_1564_1797,0,0,0.735456,0.122106,0.011659,0.07163,0.020168,0.025776,0.013204
3992_199_1822_1947,1,1,0.134763,0.486563,0.088623,0.03298,0.107326,0.069776,0.079969
3992_199_1374_1547,4,4,0.046561,0.115606,0.138173,0.028277,0.638125,0.011462,0.021795
3992_199_893_1058,4,4,0.03727,0.222653,0.091832,0.143021,0.348359,0.033638,0.123226
3992_199_2254_2379,3,3,0.034328,0.053449,0.058784,0.685268,0.05997,0.030455,0.077746
3992_199_541_649,4,1,0.091866,0.476595,0.141377,0.042401,0.145657,0.067374,0.03473
3992_199_271_404,4,4,0.029189,0.178559,0.120892,0.071546,0.482107,0.039489,0.078216
3992_200_414_522,1,3,0.047217,0.141971,0.018182,0.492486,0.083933,0.020439,0.195773
3992_199_31_79,5,2,0.029658,0.060652,0.484419,0.01192,0.232011,0.121474,0.059866
3992_200_2399_2466,1,1,0.16463,0.336285,0.199102,0.006988,0.064453,0.214046,0.014495
3992_200_662_886,0,0,0.462689,0.452079,0.013434,0.005246,0.039957,0.020527,0.006068
3991_200_114_161,6,6,0.084779,0.160053,0.017505,0.068829,0.03532,0.037892,0.595623
3991_200_1161_1293,1,3,0.053386,0.164517,0.022228,0.502817,0.040987,0.04163,0.174436
3991_200_1434_1669,3,1,0.228009,0.390179,0.017809,0.175737,0.034309,0.087873,0.066085
3991_200_926_1032,4,4,0.01733,0.347611,0.119883,0.008879,0.424085,0.005868,0.076344
3991_199_177_243,5,1,0.080888,0.360381,0.164634,0.020482,0.255229,0.06126,0.057125
3991_199_1310_1412,4,1,0.035835,0.452133,0.098269,0.096089,0.204211,0.022433,0.091029
3991_199_546_644,4,3,0.031076,0.057783,0.253455,0.304997,0.164801,0.030651,0.157237
3991_199_1065_1133,4,4,0.01672,0.093863,0.313399,0.110781,0.319878,0.01975,0.125609
3991_200_256_417,3,3,0.016961,0.030925,0.01936,0.768175,0.062106,0.024976,0.077495
3991_199_432_502,4,2,0.010937,0.103243,0.429793,0.086011,0.287923,0.007816,0.074278
3991_199_31_84,5,2,0.011941,0.019731,0.411983,0.239902,0.051542,0.020574,0.244327
3991_199_720_907,4,3,0.021441,0.071957,0.21207,0.452672,0.128745,0.060761,0.052354
3991_200_659_703,4,1,0.113765,0.381822,0.077847,0.045997,0.059811,0.10643,0.214328
3991_200_515_529,5,5,0.005969,0.011729,0.010613,0.010001,0.009835,0.920184,0.031668
3996_199_31_147,1,4,0.03369,0.138306,0.072721,0.109504,0.602947,0.009614,0.033217
3996_200_1159_1393,1,3,0.007616,0.018433,0.022965,0.787758,0.076645,0.054541,0.032041
3996_199_2036_2162,4,4,0.018646,0.086402,0.283691,0.019255,0.552989,0.028102,0.010914
3996_200_1543_1774,1,1,0.042079,0.644268,0.173312,0.028086,0.04048,0.022842,0.048932
3996_200_175_455,1,1,0.113845,0.567362,0.086995,0.008908,0.203162,0.00947,0.010258
3996_199_1781_1868,1,3,0.049034,0.05084,0.066097,0.297389,0.077759,0.293303,0.165577
3996_199_1403_1502,4,4,0.013553,0.082242,0.0408,0.026371,0.782873,0.004378,0.049783
3996_200_887_1018,3,3,0.009579,0.010887,0.015959,0.778963,0.026533,0.014143,0.143935
3996_199_1025_1146,4,4,0.015543,0.120823,0.045428,0.086016,0.646468,0.046664,0.039057
3996_200_595_713,3,3,0.031836,0.023159,0.046694,0.74549,0.027046,0.096226,0.029549
3996_199_466_576,3,3,0.025737,0.03099,0.245773,0.319278,0.259186,0.010945,0.108091
3996_199_728_867,3,3,0.028329,0.226982,0.029943,0.293949,0.264615,0.069341,0.086841
3996_200_1888_2028,1,1,0.104963,0.33788,0.0566,0.310732,0.037729,0.079455,0.072641
3997_199_2257_2494,3,3,0.10759,0.304845,0.047593,0.326136,0.116146,0.038994,0.058696
3997_199_31_463,3,3,0.024579,0.020255,0.077867,0.698299,0.091899,0.062023,0.025078
3997_199_1289_1389,3,3,0.022949,0.028306,0.02567,0.823206,0.028578,0.037374,0.033917
3997_199_1942_2121,3,3,0.055514,0.08198,0.126699,0.284653,0.187745,0.184481,0.078927
3997_200_1107_1283,3,3,0.010203,0.019346,0.022657,0.551258,0.022403,0.358522,0.015611
3997_200_1529_1767,5,5,0.009133,0.0174,0.014903,0.068316,0.034956,0.848641,0.006652
3997_199_1796_1893,4,3,0.04082,0.051406,0.253968,0.334253,0.256185,0.026942,0.036427
3997_200_1407_1463,5,0,0.318016,0.16515,0.028533,0.079731,0.067007,0.170289,0.171274
3997_200_2170_2247,3,3,0.029726,0.023805,0.047253,0.811255,0.021914,0.040295,0.025752
3997_199_731_1091,4,3,0.020498,0.035926,0.08818,0.668994,0.055589,0.080041,0.050772
3997_200_484_698,3,3,0.025264,0.154908,0.023023,0.634863,0.050455,0.053913,0.057574
3997_199_1475_1513,3,3,0.025445,0.060928,0.139007,0.460908,0.049508,0.024922,0.239282
3997_200_1898_1927,5,5,0.013315,0.058514,0.045886,0.167265,0.020655,0.624738,0.069628
3999_200_2449_2577,1,5,0.004721,0.015601,0.026223,0.010822,0.059498,0.875831,0.007304
3999_200_126_385,3,3,0.02251,0.036611,0.014409,0.720556,0.052333,0.033374,0.120207
3999_200_820_1297,3,3,0.009661,0.016111,0.013469,0.876571,0.017573,0.028099,0.038516
3999_200_1815_2071,3,3,0.030746,0.039384,0.045684,0.76966,0.037563,0.043573,0.033389
3999_199_1506_1780,3,3,0.026856,0.072058,0.027701,0.696408,0.105016,0.038668,0.033294
3999_200_1421_1470,3,3,0.020445,0.021534,0.031585,0.788286,0.041628,0.015669,0.080853
3999_199_1310_1411,3,5,0.016825,0.036226,0.154932,0.198895,0.10385,0.377394,0.111878
3999_199_2305_2431,3,4,0.009597,0.041028,0.068075,0.025918,0.809121,0.005992,0.040269
3999_199_617_788,3,3,0.008112,0.004578,0.024473,0.673158,0.020601,0.263862,0.005218
3999_199_407_478,3,3,0.006153,0.00219,0.010036,0.779223,0.005573,0.190758,0.006067
3999_199_31_101,3,3,0.016915,0.009012,0.237032,0.407959,0.02585,0.180558,0.122674
3999_199_2116_2201,3,4,0.01299,0.047359,0.372801,0.029047,0.501372,0.014592,0.021839
3999_200_504_589,3,3,0.010225,0.00661,0.011592,0.893179,0.028327,0.016236,0.03383
3999_200_2240_2291,5,5,0.019224,0.063102,0.054319,0.009341,0.130403,0.631455,0.092157
4000_199_2328_2711,3,3,0.041522,0.1193,0.041564,0.571109,0.10408,0.053352,0.069072
4000_199_31_359,3,3,0.032655,0.024406,0.042378,0.604685,0.205386,0.016927,0.073564
4000_199_724_1385,3,3,0.026538,0.041772,0.07657,0.632551,0.038788,0.134959,0.048822
4000_200_2757_2946,1,3,0.036225,0.113952,0.071979,0.342684,0.309213,0.073029,0.052918
4000_200_1405_1608,5,5,0.006406,0.017696,0.02177,0.213224,0.011875,0.706945,0.022084
4000_199_1744_2168,3,3,0.024252,0.044185,0.038486,0.620473,0.144167,0.045997,0.082441
4000_199_474_610,3,3,0.017807,0.038358,0.051667,0.724793,0.094989,0.026661,0.045725
4000_200_2222_2318,1,3,0.044707,0.125251,0.038329,0.643751,0.047054,0.056485,0.044422
4000_199_2962_3070,3,3,0.014033,0.015715,0.013155,0.812524,0.027992,0.022623,0.093958
4000_200_650_720,5,5,0.101052,0.358536,0.017871,0.029793,0.043715,0.383346,0.065687
4000_200_386_454,5,5,0.01295,0.033405,0.029147,0.071884,0.023218,0.795463,0.033932
4000_199_1624_1677,3,4,0.028214,0.103585,0.270072,0.049355,0.477353,0.015876,0.055545
4000_200_1699_1727,5,5,0.023,0.041805,0.058429,0.166936,0.036358,0.563372,0.110101
3995_200_31_171,1,0,0.831244,0.095026,0.009949,0.007522,0.022936,0.025755,0.007567
3995_199_1245_1381,1,0,0.700686,0.178557,0.019971,0.029345,0.015893,0.040083,0.015466
3995_200_1159_1222,0,0,0.787215,0.166785,0.003809,0.017343,0.003636,0.006208,0.015005
3995_200_232_417,0,0,0.724396,0.153129,0.00792,0.050229,0.01897,0.01632,0.029036
3995_200_1387_1504,0,0,0.681236,0.188058,0.014095,0.046409,0.025515,0.017147,0.02754
3995_199_833_971,1,1,0.366908,0.434146,0.043478,0.051576,0.033298,0.02158,0.049013
3995_199_427_622,1,0,0.801586,0.10424,0.009808,0.012884,0.010443,0.048226,0.012812
3995_199_1114_1151,1,0,0.784642,0.157324,0.008396,0.00379,0.013674,0.025741,0.006432
3995_200_635_816,0,0,0.599394,0.162834,0.013259,0.132644,0.01861,0.021372,0.051887
3995_199_1511_1570,0,0,0.54282,0.31413,0.025559,0.033241,0.021364,0.022308,0.040578
3995_200_1574_1616,0,0,0.66929,0.084043,0.02683,0.106312,0.015269,0.015535,0.082722
3995_199_1623_1677,1,1,0.205325,0.430958,0.047058,0.122191,0.049418,0.052325,0.092726
4323_217_31_155,4,6,0.017062,0.040101,0.015111,0.223369,0.032831,0.313716,0.357811
4323_217_1277_1379,1,5,0.023489,0.243146,0.05181,0.060709,0.068099,0.498546,0.054201
4323_218_1098_1268,1,1,0.026402,0.367402,0.153594,0.146616,0.074342,0.092512,0.139132
4323_217_211_572,4,1,0.045905,0.32021,0.047873,0.246141,0.150479,0.072957,0.116435
4323_218_1398_1552,1,1,0.031279,0.386393,0.041076,0.243218,0.034941,0.062681,0.200412
4323_218_801_1048,0,1,0.013682,0.343781,0.160993,0.035037,0.127449,0.115996,0.203063
4323_218_166_183,5,5,0.012531,0.03207,0.01719,0.017277,0.010588,0.846123,0.064222
4323_217_1727_1786,1,1,0.056639,0.624261,0.055496,0.031864,0.040785,0.134635,0.05632
4323_218_604_731,4,1,0.037735,0.498587,0.097225,0.017567,0.056561,0.226329,0.065996
4323_217_1566_1672,1,1,0.025911,0.306926,0.073481,0.245072,0.095694,0.083107,0.169808
4323_218_1681_1716,3,5,0.046137,0.052632,0.023558,0.359438,0.021484,0.441772,0.05498
4323_217_743_756,2,5,0.038046,0.059605,0.017866,0.097259,0.037339,0.379533,0.370352
4323_217_1061_1078,1,5,0.016237,0.058227,0.028063,0.042962,0.023179,0.683842,0.14749
4322_218_118_331,1,0,0.47841,0.33056,0.013211,0.008793,0.022107,0.141599,0.00532
4322_218_1096_1297,3,3,0.04139,0.193245,0.03968,0.499168,0.055514,0.063148,0.107856
4322_218_1369_1478,3,1,0.316704,0.479323,0.025276,0.043408,0.03923,0.071464,0.024594
4322_218_899_1022,3,3,0.017138,0.037494,0.016481,0.582741,0.012691,0.327953,0.005502
4322_217_1302_1361,1,1,0.113396,0.37641,0.058242,0.27865,0.01838,0.1043,0.050621
4322_217_498_670,5,1,0.048869,0.263567,0.073607,0.145032,0.132603,0.240563,0.095759
4322_217_1029_1068,3,5,0.014257,0.027025,0.022474,0.380243,0.023067,0.505598,0.027336
4322_218_417_492,5,0,0.389503,0.195733,0.027623,0.012479,0.017051,0.340126,0.017484
4322_217_31_94,3,3,0.034369,0.037478,0.031483,0.570147,0.022768,0.023579,0.280176
4322_217_1489_1607,3,3,0.03781,0.088838,0.033504,0.482332,0.060635,0.026433,0.270447
4322_217_749_879,4,1,0.107797,0.612407,0.043669,0.051105,0.057073,0.033132,0.094817
4322_218_702_739,1,5,0.114597,0.126584,0.040703,0.053912,0.030437,0.388768,0.245
4322_217_352_394,5,5,0.03407,0.039003,0.032773,0.010818,0.01497,0.81722,0.051146
4322_218_1623_1630,3,3,0.003675,0.002904,0.003146,0.907891,0.01039,0.016436,0.055558
4321_218_108_144,0,5,0.036209,0.139069,0.047272,0.012444,0.030202,0.70858,0.026224
4321_218_1193_1344,1,5,0.045947,0.182904,0.048574,0.226838,0.065895,0.254277,0.175565
4321_217_1126_1184,6,3,0.072501,0.206474,0.041095,0.360375,0.119121,0.040388,0.160046
4321_218_1657_1696,1,0,0.553544,0.225156,0.044611,0.032137,0.035021,0.082427,0.027103
4321_217_153_284,3,3,0.031279,0.033574,0.025123,0.651137,0.058312,0.099148,0.101426
4321_217_1360_1463,0,0,0.555173,0.301804,0.020361,0.018715,0.036905,0.040458,0.026583
4321_218_858_1115,0,0,0.363213,0.359112,0.046175,0.022966,0.073292,0.115989,0.019254
4321_217_486_659,1,1,0.141289,0.448919,0.084009,0.126215,0.081755,0.026457,0.091355
4321_218_304_462,4,1,0.121343,0.525165,0.032918,0.115982,0.039504,0.141549,0.02354
4321_217_31_88,3,3,0.049795,0.119494,0.0189,0.478693,0.02866,0.133493,0.170964
4321_218_1487_1559,0,1,0.277912,0.47062,0.035246,0.125462,0.025911,0.026974,0.037873
4321_217_795_846,1,1,0.123146,0.588455,0.04529,0.060906,0.041286,0.076484,0.064433
4321_218_664_789,5,5,0.166768,0.196737,0.047996,0.109858,0.028764,0.393478,0.0564
4321_217_1581_1635,0,3,0.015473,0.074617,0.023703,0.648721,0.024946,0.091839,0.1207
4324_217_31_437,4,1,0.095199,0.311638,0.08359,0.035474,0.253581,0.044922,0.175597
4324_218_1130_1214,1,3,0.078379,0.235893,0.04973,0.307998,0.028043,0.199179,0.100778
4324_217_1631_1750,1,1,0.053851,0.449974,0.053849,0.04918,0.283036,0.046015,0.064095
4324_218_1806_2038,3,1,0.036437,0.321409,0.266807,0.026781,0.27972,0.03264,0.036206
4324_217_1389_1535,1,5,0.018595,0.0724,0.028831,0.297816,0.040822,0.499031,0.042505
4324_218_611_1007,3,3,0.029481,0.106568,0.027734,0.520781,0.038651,0.123774,0.153011
4324_218_1298_1377,3,5,0.049102,0.185611,0.035796,0.208202,0.038198,0.440252,0.042838
4324_217_1027_1119,1,1,0.042966,0.433127,0.054806,0.004823,0.385033,0.014,0.065246
4324_218_456_520,1,5,0.021243,0.123064,0.226965,0.025227,0.046739,0.347827,0.208934
4324_217_1247_1276,5,5,0.063306,0.124019,0.038298,0.012543,0.041734,0.701095,0.019006
4324_217_546_590,4,4,0.006897,0.085064,0.048293,0.003691,0.77988,0.002317,0.073858
4324_218_1571_1606,3,3,0.032601,0.03859,0.099987,0.454393,0.026674,0.118786,0.228968
4326_218_986_1315,3,3,0.015125,0.022703,0.031717,0.796557,0.020972,0.053142,0.059784
4326_218_166_273,6,6,0.010811,0.025892,0.029653,0.259467,0.050001,0.025806,0.59837
4326_218_1693_1805,3,3,0.01726,0.006172,0.019466,0.82933,0.024009,0.018477,0.085286
4326_218_1388_1590,3,3,0.021654,0.071128,0.041844,0.555954,0.05613,0.070402,0.182888
4326_217_31_127,1,2,0.010294,0.07709,0.60296,0.029554,0.163353,0.017229,0.099521
4326_218_457_606,3,3,0.007523,0.00986,0.019723,0.83117,0.012577,0.096485,0.022663
4326_217_305_426,1,6,0.039574,0.219362,0.16514,0.073679,0.109628,0.01972,0.372896
4326_217_634_705,1,2,0.008052,0.131419,0.639665,0.001928,0.19531,0.004601,0.019025
4326_217_1320_1345,1,3,0.060709,0.171288,0.060863,0.275252,0.150348,0.05631,0.22523
4326_217_810_921,1,6,0.049273,0.23534,0.194284,0.025088,0.091737,0.071337,0.33294
4326_217_1834_1905,1,6,0.016921,0.020712,0.06661,0.316381,0.123487,0.017928,0.437959
4326_218_721_779,3,3,0.012217,0.007316,0.0217,0.844287,0.010974,0.080902,0.022604
4326_217_1619_1675,1,1,0.061262,0.349518,0.104001,0.202425,0.103999,0.029579,0.149216
4325_217_1162_1223,0,1,0.268923,0.431288,0.021729,0.121091,0.019347,0.0281,0.109521
4325_218_193_265,0,0,0.678519,0.188315,0.018828,0.011915,0.01647,0.072001,0.013951
4325_217_1314_1566,4,1,0.348931,0.349842,0.040034,0.055386,0.106041,0.045189,0.054577
4325_218_941_964,0,1,0.220576,0.273551,0.031396,0.27214,0.026519,0.091139,0.08468
4325_217_475_627,4,1,0.13551,0.26512,0.036878,0.205632,0.079137,0.14539,0.132334
4325_218_1082_1139,0,1,0.213953,0.589966,0.078706,0.022377,0.029523,0.017123,0.048352
4325_217_280_370,2,6,0.030539,0.046638,0.039309,0.341651,0.06887,0.055374,0.41762
4325_218_637_785,0,1,0.295414,0.45493,0.089691,0.036272,0.033226,0.064933,0.025535
4325_217_1003_1076,4,1,0.034971,0.400626,0.188846,0.011042,0.300509,0.016827,0.047179
4325_217_31_64,3,3,0.033136,0.058245,0.034477,0.717919,0.023887,0.054717,0.077619
4325_218_377_465,0,0,0.474699,0.384293,0.049151,0.007048,0.023695,0.0567,0.004413
4325_218_1235_1286,1,0,0.477791,0.445879,0.024765,0.004578,0.01509,0.012237,0.019659
4325_217_796_925,4,0,0.4651,0.308063,0.079251,0.025869,0.057632,0.01669,0.047396
4325_218_92_119,5,5,0.036397,0.20441,0.061565,0.034623,0.029624,0.582618,0.050763
4325_217_129_169,3,3,0.242898,0.249666,0.049694,0.286343,0.046152,0.087552,0.037695
4325_218_1594_1606,5,5,0.016101,0.016824,0.044048,0.012246,0.027098,0.858274,0.025408
4328_218_79_213,5,5,0.029036,0.020281,0.023467,0.117355,0.029471,0.749148,0.031242
4328_217_250_345,3,3,0.004148,0.002624,0.009225,0.897435,0.010208,0.026392,0.049969
4328_217_804_979,6,1,0.055288,0.287849,0.203473,0.075769,0.136185,0.191001,0.050435
4328_217_1303_1367,1,1,0.074135,0.452733,0.063539,0.036941,0.245571,0.014757,0.112325
4328_217_456_611,1,1,0.080085,0.527337,0.053123,0.039231,0.221903,0.037691,0.040629
4328_218_1051_1177,6,1,0.268379,0.333073,0.109542,0.046301,0.192422,0.034739,0.015542
4328_217_31_58,3,3,0.011446,0.005821,0.012446,0.850254,0.004112,0.008978,0.106943
4328_218_1517_1565,3,3,0.007091,0.005175,0.011411,0.781909,0.018397,0.042515,0.133502
4328_218_1252_1282,6,1,0.217899,0.537931,0.061848,0.040608,0.029115,0.055439,0.057159
4328_218_718_780,5,2,0.025185,0.032737,0.395216,0.053786,0.036794,0.229674,0.226608
4328_218_376_437,3,5,0.046393,0.095291,0.119188,0.053958,0.070963,0.461209,0.152998
4328_218_1391_1451,6,6,0.109192,0.067161,0.011298,0.212469,0.015456,0.011768,0.572655
4328_217_1199_1214,3,3,0.016733,0.049166,0.018327,0.608312,0.02139,0.047215,0.238858
4328_217_1472_1493,4,6,0.013457,0.076043,0.031526,0.376532,0.063805,0.038917,0.39972
4329_218_108_144,0,5,0.02797,0.093636,0.022954,0.053504,0.020753,0.450419,0.330763
4329_218_1218_1310,1,5,0.149448,0.168416,0.057673,0.022445,0.017013,0.501459,0.083545
4329_218_236_256,0,5,0.02972,0.107241,0.038482,0.011294,0.02233,0.654228,0.136705
4329_218_941_989,0,1,0.061617,0.380233,0.05526,0.004681,0.2206,0.107573,0.170037
4329_217_1337_1367,1,1,0.130145,0.469592,0.104232,0.017772,0.038241,0.086677,0.15334
4329_217_490_752,1,3,0.033865,0.11097,0.082621,0.580843,0.074503,0.083266,0.033932
4329_217_1013_1172,6,1,0.088856,0.599166,0.043716,0.040555,0.092247,0.019719,0.115742
4329_217_284_360,6,3,0.027316,0.137688,0.040422,0.449866,0.049676,0.026233,0.268799
4329_217_31_101,1,1,0.169654,0.355064,0.158589,0.018591,0.22059,0.024633,0.05288
4329_218_391_473,0,5,0.037489,0.234708,0.214722,0.012445,0.029652,0.373911,0.097074
4329_218_786_866,0,1,0.124693,0.40515,0.072071,0.046399,0.05157,0.030497,0.26962
4329_218_1386_1426,1,5,0.021368,0.115672,0.138993,0.02658,0.039829,0.334991,0.322566
4329_217_158_180,6,1,0.193331,0.387241,0.086117,0.023074,0.191369,0.027389,0.09148
4329_217_883_924,4,1,0.062787,0.40627,0.116581,0.07683,0.261028,0.021675,0.054829
4337_218_101_257,3,3,0.035083,0.083291,0.116764,0.63483,0.044907,0.050348,0.034777
4337_218_1253_1349,0,0,0.441454,0.399921,0.028096,0.030452,0.029431,0.0464,0.024246
4337_217_928_1231,1,3,0.08481,0.156799,0.049803,0.375703,0.085721,0.073898,0.173267
4337_217_1626_1830,0,3,0.076638,0.173237,0.050474,0.408712,0.028547,0.208391,0.054002
4337_217_1371_1490,0,0,0.368655,0.295144,0.021847,0.18751,0.031356,0.050347,0.045141
4337_217_576_691,1,3,0.03058,0.245501,0.038619,0.533869,0.028176,0.041547,0.081708
4337_217_282_365,5,3,0.011076,0.007841,0.023439,0.661751,0.010015,0.254382,0.031496
4337_218_405_557,3,3,0.012221,0.015379,0.031729,0.813437,0.019282,0.031243,0.076709
4337_217_31_69,3,3,0.014393,0.014533,0.034401,0.451086,0.012307,0.382575,0.090705
4337_218_1509_1623,0,0,0.425121,0.408922,0.017608,0.069833,0.018097,0.046639,0.01378
4337_218_721_891,0,5,0.075885,0.19795,0.035072,0.026687,0.026901,0.618326,0.019179
4337_218_1892_1926,4,4,0.036237,0.182995,0.270103,0.040158,0.385154,0.035277,0.050076
4336_218_31_150,3,3,0.089658,0.055361,0.019088,0.415896,0.017919,0.056724,0.345354
4336_218_1151_1201,0,2,0.036365,0.276688,0.319392,0.042718,0.119533,0.186841,0.018464
4336_218_803_929,0,0,0.580943,0.18075,0.025217,0.025348,0.032475,0.134213,0.021056
4336_217_938_1043,1,3,0.008931,0.009322,0.021651,0.710646,0.007219,0.23409,0.008142
4336_217_686_764,5,5,0.019383,0.043308,0.036531,0.371075,0.019583,0.456539,0.053581
4336_218_297_418,1,0,0.375213,0.364362,0.031548,0.031944,0.054292,0.126173,0.016468
4336_218_578_685,6,3,0.035352,0.105922,0.024506,0.678004,0.046995,0.029697,0.079524
4336_217_170_248,3,3,0.010049,0.00726,0.039858,0.818537,0.008899,0.00821,0.107187
4336_217_428_570,1,3,0.015443,0.050687,0.048645,0.752164,0.024179,0.026871,0.082012
4336_217_1126_1148,3,3,0.013484,0.027344,0.016717,0.549003,0.010114,0.152409,0.230929
4336_218_1077_1123,0,5,0.031737,0.07451,0.028781,0.009465,0.018705,0.822285,0.014516
4338_217_90_171,1,1,0.236638,0.481056,0.042659,0.091435,0.017576,0.102005,0.028631
4338_218_1044_1305,1,1,0.251423,0.362869,0.072188,0.067579,0.066731,0.080597,0.098612
4338_218_171_379,3,3,0.024001,0.146479,0.038158,0.585888,0.038348,0.123992,0.043134
4338_217_899_1044,1,3,0.1259,0.246441,0.05588,0.286125,0.040635,0.088321,0.156698
4338_217_1305_1362,3,3,0.016309,0.015914,0.029289,0.833049,0.012113,0.027063,0.066262
4338_218_583_745,1,5,0.0384,0.072521,0.045218,0.006547,0.026077,0.80181,0.009427
4338_217_379_583,1,0,0.643682,0.183367,0.027029,0.021615,0.01719,0.093837,0.013279
4338_218_31_90,3,3,0.032433,0.168752,0.063755,0.444858,0.09175,0.030024,0.168429
4338_218_802_899,5,5,0.010872,0.132017,0.196842,0.03093,0.061142,0.518076,0.05012
4338_218_1362_1442,3,5,0.076364,0.086926,0.053452,0.334093,0.032348,0.341893,0.074924
4338_217_745_802,1,5,0.031881,0.120258,0.052186,0.302797,0.017497,0.333591,0.14179
4331_217_126_298,5,5,0.008498,0.049332,0.118684,0.051546,0.078398,0.641988,0.051553
4331_217_1282_1313,6,4,0.012677,0.122423,0.070759,0.023102,0.591393,0.006888,0.172758
4331_218_1161_1269,6,6,0.016502,0.091918,0.052567,0.118398,0.014186,0.060985,0.645442
4331_217_1613_1715,0,4,0.031705,0.072696,0.121305,0.010679,0.512717,0.035826,0.215072
4331_218_1774_1859,1,1,0.119426,0.450349,0.071431,0.146643,0.091625,0.01586,0.104665
4331_217_1388_1526,0,1,0.060389,0.483334,0.172327,0.033366,0.141597,0.029443,0.079542
4331_218_949_1034,6,2,0.010517,0.041414,0.602638,0.018663,0.147194,0.030497,0.149076
4331_218_1338_1358,1,5,0.147825,0.121829,0.023897,0.00992,0.070114,0.455837,0.170576
4331_217_439_614,0,1,0.059049,0.487696,0.198015,0.010679,0.110353,0.123217,0.01099
4331_217_1059_1129,5,2,0.033276,0.245544,0.561449,0.005421,0.042212,0.060933,0.051165
4331_218_323_422,6,6,0.054589,0.220894,0.022199,0.088581,0.052279,0.027188,0.534269
4331_218_638_789,3,3,0.141422,0.218564,0.022924,0.528513,0.020454,0.031031,0.037091
4331_218_31_107,6,6,0.051006,0.186831,0.062579,0.061333,0.061472,0.022549,0.554229
4331_217_806_888,2,1,0.172307,0.427925,0.034005,0.077907,0.035696,0.157591,0.09457
4331_218_1541_1575,6,6,0.095051,0.103101,0.043213,0.039624,0.068857,0.235289,0.414866
4334_218_1168_1234,5,5,0.016322,0.264818,0.244559,0.013766,0.09991,0.317326,0.043299
4334_218_111_143,5,5,0.012404,0.039065,0.023234,0.132512,0.011788,0.718581,0.062416
4334_217_786_936,3,3,0.040737,0.071854,0.049456,0.419347,0.025508,0.357103,0.035994
4334_217_31_99,3,3,0.009155,0.014813,0.029592,0.637955,0.013304,0.015051,0.28013
4334_218_951_1024,0,5,0.153235,0.232582,0.046703,0.026474,0.019757,0.501752,0.019495
4334_218_638_765,0,3,0.015722,0.088999,0.024418,0.506312,0.015459,0.301099,0.04799
4334_218_397_456,3,3,0.024002,0.215087,0.030358,0.560488,0.013915,0.083929,0.072221
4334_217_261_383,5,5,0.007053,0.024058,0.02172,0.020906,0.013489,0.890007,0.022767
4334_217_151_213,6,6,0.019386,0.084805,0.04258,0.275639,0.032633,0.178516,0.36644
4334_217_1026_1148,1,5,0.067312,0.352846,0.067659,0.026294,0.040769,0.391133,0.053987
4334_217_462_636,1,3,0.02392,0.031169,0.010694,0.655898,0.006896,0.253417,0.018007
4334_218_215_244,5,5,0.016258,0.14721,0.102638,0.021226,0.033087,0.621465,0.058116
4335_217_2476_2618,0,0,0.45162,0.227723,0.034216,0.116306,0.053295,0.040212,0.076628
4335_217_31_226,3,3,0.015527,0.055058,0.124084,0.554055,0.10805,0.083395,0.059831
4335_217_1026_1311,3,3,0.011024,0.017739,0.014245,0.742863,0.025017,0.117739,0.071373
4335_217_2701_2773,3,1,0.117618,0.297283,0.050525,0.21258,0.053755,0.0593,0.208938
4335_218_1412_1656,1,4,0.031825,0.26702,0.275796,0.016992,0.338644,0.041641,0.028083
4335_218_911_1019,5,0,0.630413,0.214961,0.022892,0.005023,0.027079,0.084211,0.01542
4335_218_2793_2833,5,5,0.015401,0.026767,0.02037,0.021314,0.008525,0.858841,0.048783
4335_218_2007_2143,2,1,0.096296,0.538804,0.093321,0.020474,0.16621,0.033631,0.051264
4335_217_1703_1966,3,3,0.267227,0.224292,0.043216,0.31763,0.039456,0.05799,0.050189
4335_217_486_893,1,1,0.220555,0.436834,0.031778,0.103293,0.059088,0.093499,0.054954
4335_218_2626_2692,3,3,0.01015,0.011866,0.022962,0.797797,0.005325,0.142491,0.00941
4335_217_2156_2376,3,5,0.043857,0.08748,0.156849,0.248266,0.101168,0.332404,0.029977
4335_218_291_471,1,0,0.313251,0.275072,0.027046,0.202362,0.031803,0.061274,0.089192
4335_218_2408_2459,3,0,0.452687,0.264488,0.020504,0.065431,0.030146,0.152149,0.014596
4332_218_1218_1349,0,1,0.257593,0.448314,0.061294,0.045078,0.042926,0.082242,0.062552
4332_218_2031_2063,0,1,0.116208,0.547619,0.094441,0.038609,0.063057,0.088978,0.051088
4332_218_1653_1700,4,4,0.030175,0.122786,0.244823,0.03695,0.514156,0.00827,0.042841
4332_217_250_485,0,1,0.232817,0.52863,0.057894,0.002839,0.155884,0.01061,0.011325
4332_217_1723_1993,0,0,0.550607,0.298781,0.025274,0.022506,0.035139,0.035085,0.032609
4332_217_1378_1525,0,1,0.08625,0.550572,0.204567,0.0034,0.119055,0.028209,0.007947
4332_217_98_124,0,4,0.040533,0.391252,0.114861,0.006113,0.404289,0.010125,0.032827
4332_217_933_977,0,5,0.060483,0.079514,0.015208,0.016236,0.032094,0.777415,0.01905
4332_218_195_224,2,2,0.012307,0.077631,0.637541,0.04833,0.113797,0.047098,0.063296
4332_217_1060_1176,0,1,0.104324,0.425246,0.083379,0.073536,0.116093,0.02343,0.173992
4332_217_603_821,0,0,0.514098,0.243228,0.026952,0.016578,0.029529,0.148795,0.02082
4332_218_996_1035,1,1,0.100122,0.543548,0.086958,0.036544,0.069275,0.054016,0.109537
4332_218_31_57,2,2,0.017762,0.037606,0.378266,0.084709,0.096149,0.205156,0.180352
4332_218_858_895,0,4,0.066459,0.290791,0.083807,0.008107,0.481989,0.010649,0.058197
4332_218_540_574,4,4,0.014131,0.064957,0.098446,0.034255,0.759215,0.007345,0.02165
4341_218_111_477,0,1,0.089379,0.493625,0.205867,0.028298,0.108876,0.052143,0.021812
4341_218_1227_1490,0,1,0.289938,0.429395,0.050279,0.096462,0.020792,0.05361,0.059524
4341_217_1052_1227,1,0,0.67313,0.21344,0.022704,0.019163,0.024644,0.032281,0.014638
4341_218_1611_1745,1,0,0.392232,0.308329,0.065821,0.050923,0.101352,0.059649,0.021695
4341_218_846_1052,0,1,0.294682,0.434774,0.053913,0.056529,0.029958,0.035379,0.094765
4341_218_583_699,1,1,0.166709,0.381685,0.101571,0.062942,0.059107,0.190812,0.037174
4341_217_31_111,4,1,0.219887,0.394981,0.03816,0.062463,0.148099,0.024062,0.112347
4341_217_1490_1611,4,4,0.049708,0.143171,0.156469,0.01971,0.582821,0.01321,0.034911
4341_217_699_846,1,2,0.054768,0.244908,0.286079,0.018218,0.217296,0.106596,0.072134
4341_217_477_583,1,0,0.472657,0.27204,0.06069,0.021117,0.063548,0.043521,0.066428
4340_218_114_159,5,5,0.022978,0.044645,0.028438,0.058731,0.015044,0.79193,0.038232
4340_218_1262_1476,3,3,0.031229,0.064252,0.03077,0.49541,0.023924,0.338394,0.016022
4340_218_1058_1211,5,5,0.023124,0.030299,0.020913,0.387784,0.013646,0.506889,0.017345
4340_218_1595_1711,1,0,0.369852,0.320828,0.051144,0.037078,0.030434,0.157969,0.032696
4340_217_159_315,1,0,0.371053,0.271742,0.11109,0.052321,0.04257,0.13009,0.021134
4340_217_796_1058,0,0,0.553503,0.297467,0.027033,0.024277,0.024609,0.060492,0.012619
4340_217_350_704,1,0,0.481546,0.222698,0.038647,0.081604,0.043024,0.086889,0.045592
4340_218_315_350,5,5,0.01589,0.036631,0.028301,0.08308,0.014586,0.687602,0.133909
4340_217_31_114,0,3,0.070314,0.233976,0.097366,0.339232,0.011653,0.189989,0.057469
4340_217_1476_1595,6,3,0.022982,0.028012,0.012529,0.651874,0.008483,0.026838,0.249281
4340_217_1211_1262,3,3,0.034327,0.071606,0.072856,0.643038,0.049095,0.04005,0.089028
4340_218_704_796,5,3,0.02896,0.053115,0.082468,0.65222,0.024807,0.145312,0.013118
4339_218_2070_2548,3,3,0.01565,0.020085,0.116111,0.608888,0.038718,0.163459,0.037091
4339_218_31_195,4,3,0.048045,0.212987,0.036598,0.416783,0.064297,0.095373,0.125917
4339_218_1239_1618,1,5,0.005616,0.033968,0.068971,0.027369,0.015264,0.84001,0.008802
4339_217_1175_1239,5,5,0.007461,0.024135,0.036844,0.045887,0.016794,0.534855,0.334024
4339_217_195_285,4,5,0.025184,0.073134,0.282178,0.029202,0.150101,0.303418,0.136782
4339_218_2661_2999,3,3,0.009431,0.009352,0.018552,0.860092,0.008383,0.083217,0.010973
4339_217_2548_2661,3,3,0.006332,0.002201,0.007937,0.768826,0.005482,0.204706,0.004516
4339_218_848_1175,3,5,0.176009,0.148287,0.112458,0.051511,0.136863,0.330715,0.044158
4339_217_1965_2070,3,3,0.022774,0.029318,0.021032,0.672791,0.014895,0.221797,0.017393
4339_218_1717_1965,1,0,0.343042,0.295001,0.146197,0.017805,0.092557,0.056242,0.049155
4339_218_534_757,3,5,0.0497,0.074621,0.083593,0.315125,0.034585,0.413654,0.028722
4339_217_1618_1717,3,5,0.011166,0.008098,0.015633,0.466545,0.009193,0.478165,0.011199
4339_218_285_403,4,4,0.056922,0.317238,0.101276,0.025885,0.432322,0.020763,0.045593
4339_217_403_534,4,2,0.007132,0.016955,0.535484,0.000911,0.417227,0.004228,0.018063
4339_217_757_848,3,5,0.00776,0.011442,0.039472,0.12395,0.007387,0.787119,0.02287
4344_217_31_154,3,3,0.030785,0.015373,0.063045,0.70738,0.027169,0.043419,0.112829
4344_217_1167_1316,1,3,0.036502,0.105622,0.028184,0.595796,0.047996,0.100395,0.085505
4344_217_222_338,1,1,0.312902,0.372038,0.049205,0.109883,0.022858,0.100705,0.032408
4344_217_1453_1608,3,3,0.008575,0.00375,0.012842,0.803918,0.007991,0.155192,0.007732
4344_217_893_944,3,3,0.008979,0.006469,0.027348,0.891082,0.011008,0.012534,0.042579
4344_218_154_222,1,5,0.024371,0.026843,0.022779,0.059711,0.019978,0.761554,0.084764
4344_217_555_717,0,0,0.65162,0.171175,0.036276,0.035607,0.034727,0.045554,0.025042
4344_218_1009_1167,1,1,0.148684,0.533902,0.071013,0.096799,0.021275,0.100776,0.027551
4344_218_418_555,5,5,0.021125,0.053232,0.057093,0.046577,0.008663,0.781894,0.031417
4344_218_758_893,5,5,0.007219,0.019323,0.015312,0.087949,0.016775,0.835231,0.018191
4344_218_1365_1453,1,1,0.106589,0.505874,0.053364,0.132753,0.053484,0.032445,0.115492
4343_218_1227_1303,1,5,0.017916,0.038151,0.016328,0.255955,0.006772,0.627859,0.03702
4343_217_31_138,1,2,0.010426,0.079005,0.330707,0.014374,0.314079,0.127785,0.123625
4343_217_1117_1227,0,0,0.424642,0.294276,0.030378,0.079927,0.015219,0.125839,0.029719
4343_218_769_823,1,6,0.012955,0.215979,0.053102,0.073928,0.213094,0.073427,0.357515
4343_218_967_1117,1,1,0.160787,0.470336,0.053559,0.074809,0.05188,0.123991,0.064638
4343_217_694_769,1,1,0.134992,0.486404,0.032289,0.212983,0.039281,0.048549,0.045503
4343_217_238_297,1,1,0.041351,0.480749,0.046784,0.038564,0.048685,0.049475,0.294392
4343_217_370_501,1,1,0.37294,0.49017,0.026671,0.024323,0.018606,0.045735,0.021554
4343_218_501_694,1,3,0.012366,0.081287,0.021762,0.530449,0.011041,0.096808,0.246287
4343_218_138_238,6,3,0.017316,0.039717,0.04391,0.667884,0.051117,0.031346,0.14871
4343_217_823_967,3,3,0.019129,0.038691,0.022929,0.777132,0.028525,0.021207,0.092387
4343_218_297_370,1,3,0.047545,0.212595,0.021785,0.549054,0.019603,0.045348,0.10407
4346_217_31_166,1,1,0.194932,0.49123,0.039348,0.020882,0.060537,0.164048,0.029023
4346_217_1225_1320,1,3,0.024083,0.018054,0.010493,0.842594,0.015791,0.026673,0.062312
4346_218_815_1225,2,1,0.087978,0.285017,0.088929,0.231437,0.148951,0.051292,0.106395
4346_218_1433_1745,5,5,0.01357,0.018924,0.157821,0.117504,0.01813,0.617053,0.056998
4346_218_190_449,2,2,0.126128,0.278773,0.368666,0.03838,0.085762,0.078539,0.023752
4346_217_2122_2326,5,3,0.041801,0.017449,0.021562,0.580813,0.013854,0.318726,0.005794
4346_218_584_701,1,1,0.137327,0.427531,0.045281,0.072474,0.063791,0.183332,0.070264
4346_217_449_584,1,1,0.296897,0.597537,0.031631,0.005855,0.046187,0.01214,0.009753
4346_217_1860_1987,5,5,0.027883,0.107084,0.051785,0.014133,0.025556,0.766019,0.007539
4346_217_701_815,1,1,0.276665,0.6081,0.033763,0.009297,0.050418,0.0072,0.014557
4346_218_2071_2122,5,5,0.010376,0.047828,0.299838,0.006748,0.006477,0.613437,0.015296
4345_218_118_177,1,1,0.293356,0.38604,0.029445,0.013303,0.075227,0.124262,0.078368
4345_218_1252_1368,1,1,0.197265,0.501236,0.06778,0.004784,0.038846,0.171801,0.018288
4345_217_1097_1208,1,0,0.66606,0.271368,0.017753,0.006336,0.019117,0.009328,0.010036
4345_218_1549_1742,4,4,0.039582,0.248292,0.174304,0.037235,0.448166,0.024658,0.027764
4345_217_177_274,0,0,0.422754,0.147472,0.052666,0.215626,0.014112,0.106046,0.041325
4345_217_1368_1461,1,0,0.52754,0.388624,0.018507,0.009327,0.028751,0.017329,0.009922
4345_217_769_1013,1,0,0.517975,0.370776,0.032093,0.017655,0.020953,0.028706,0.011842
4345_217_378_599,0,0,0.842469,0.122042,0.004712,0.008096,0.006678,0.013032,0.002971
4345_218_274_378,5,5,0.310636,0.236501,0.070899,0.011002,0.044588,0.315457,0.010917
4345_217_31_118,0,0,0.577895,0.097143,0.031659,0.132128,0.024728,0.076778,0.059668
4345_218_663_769,5,1,0.139138,0.571789,0.096734,0.010057,0.081554,0.079589,0.021139
4345_218_1066_1097,4,4,0.05341,0.258308,0.054404,0.021424,0.513035,0.019333,0.080086
4348_217_31_202,1,4,0.016306,0.037424,0.296131,0.067748,0.333216,0.016121,0.233055
4348_217_1929_2075,3,3,0.007381,0.002914,0.011025,0.936174,0.008874,0.018608,0.015024
4348_217_1118_1241,4,2,0.043729,0.133709,0.461939,0.008723,0.324627,0.009356,0.017917
4348_218_1659_1753,3,3,0.011714,0.01252,0.011959,0.863788,0.006872,0.031441,0.061706
4348_218_244_319,1,2,0.014969,0.206572,0.64577,0.013857,0.042606,0.042798,0.033429
4348_218_1810_1929,3,3,0.010491,0.017073,0.023158,0.809488,0.02403,0.040386,0.075374
4348_217_1753_1810,3,3,0.006653,0.002248,0.007799,0.928576,0.004949,0.017144,0.032631
4348_218_1320_1591,1,2,0.100457,0.253665,0.408101,0.059057,0.068974,0.061978,0.047768
4348_217_793_958,1,2,0.051987,0.158361,0.332364,0.058007,0.190308,0.174335,0.034637
4348_218_462_793,1,1,0.057847,0.460862,0.231568,0.034245,0.098124,0.068305,0.049048
4348_218_989_1118,1,1,0.063449,0.293733,0.228473,0.11789,0.174004,0.044219,0.078232
4348_217_319_462,4,1,0.069768,0.401483,0.184639,0.057948,0.165261,0.051813,0.069088
4348_217_1591_1659,3,3,0.016388,0.009648,0.069588,0.807247,0.015962,0.027232,0.053936
4350_218_94_159,3,3,0.020307,0.045157,0.033451,0.512268,0.017402,0.157342,0.214073
4350_218_1213_1307,1,1,0.182184,0.362617,0.161545,0.035363,0.088132,0.099394,0.070764
4350_217_172_325,2,2,0.029224,0.078498,0.44765,0.273798,0.102711,0.024788,0.043331
4350_218_1454_1570,0,3,0.067786,0.070631,0.014937,0.492278,0.01836,0.053217,0.282791
4350_218_945_1075,0,0,0.521102,0.303899,0.018099,0.069185,0.021556,0.030713,0.035447
4350_217_1314_1393,1,3,0.042768,0.156755,0.061611,0.459637,0.128401,0.021403,0.129426
4350_218_577_783,1,0,0.715673,0.193562,0.050924,0.002579,0.022889,0.008716,0.005656
4350_217_1091_1152,2,2,0.03086,0.130008,0.452266,0.096263,0.154953,0.025363,0.110287
4350_218_326_401,1,1,0.321908,0.514089,0.032859,0.037855,0.034415,0.023643,0.035231
4350_217_420_557,3,4,0.05407,0.182097,0.133881,0.108748,0.266906,0.034511,0.219788
4350_217_31_87,3,3,0.015028,0.034184,0.066533,0.527199,0.055647,0.076723,0.224685
4350_217_795_904,4,1,0.160975,0.459818,0.05432,0.042814,0.108188,0.092873,0.081012
4349_218_127_267,3,3,0.010937,0.042616,0.032263,0.693511,0.024296,0.114223,0.082155
4349_217_1290_1415,1,1,0.323987,0.392975,0.065796,0.02483,0.134273,0.027129,0.03101
4349_218_932_1290,5,3,0.019919,0.026285,0.026993,0.678896,0.034629,0.194042,0.019236
4349_218_1491_1683,1,3,0.020461,0.0574,0.1096,0.466429,0.095487,0.239975,0.010648
4349_217_31_127,1,2,0.013742,0.051622,0.386719,0.101626,0.113051,0.118173,0.215067
4349_217_853_932,3,3,0.017644,0.023265,0.015372,0.723871,0.013315,0.059106,0.147427
4349_218_581_650,3,3,0.004888,0.00155,0.00565,0.950933,0.004958,0.01611,0.015909
4349_217_456_581,1,4,0.020272,0.054131,0.17314,0.107642,0.586069,0.031443,0.027303
4349_218_409_456,5,3,0.039788,0.267047,0.10289,0.412658,0.05967,0.041148,0.0768
4349_218_811_853,5,5,0.005963,0.01828,0.021029,0.007843,0.006454,0.917075,0.023356
4349_217_650_762,1,3,0.01057,0.015223,0.028793,0.598938,0.006083,0.3052,0.035194
4349_217_1683_1735,1,1,0.092874,0.449951,0.180185,0.085453,0.069703,0.067626,0.054208
4349_217_267_321,4,6,0.009765,0.073073,0.130729,0.048618,0.096002,0.149536,0.492276
4351_218_109_245,5,5,0.045733,0.068742,0.018506,0.006429,0.018875,0.834496,0.007219
4351_217_1981_2068,1,3,0.03837,0.133467,0.051065,0.439382,0.025455,0.099291,0.21297
4351_218_1080_1190,0,0,0.437904,0.408465,0.040277,0.019823,0.021936,0.052032,0.019563
4351_218_1573_1716,5,5,0.007567,0.112473,0.381244,0.015472,0.031472,0.439405,0.012367
4351_217_1737_1806,0,3,0.066031,0.220091,0.058701,0.272139,0.039777,0.220174,0.123088
4351_217_1403_1520,1,1,0.089712,0.433739,0.100685,0.07834,0.167347,0.068538,0.061638
4351_217_884_1060,1,1,0.368511,0.489326,0.026864,0.022286,0.014188,0.060055,0.01877
4351_218_1344_1381,4,5,0.105282,0.273298,0.180894,0.021283,0.044347,0.315543,0.059353
4351_218_565_652,1,5,0.035535,0.064362,0.02443,0.005396,0.013887,0.846918,0.009472
4351_217_31_101,4,2,0.003841,0.011687,0.84871,0.001771,0.113191,0.006196,0.014603
4351_218_342_470,5,5,0.00799,0.033165,0.026232,0.004029,0.028943,0.895068,0.004573
4351_217_1210_1283,1,3,0.06792,0.170848,0.148571,0.229213,0.113674,0.043437,0.226336
4351_218_817_872,0,5,0.181885,0.234591,0.027357,0.033045,0.022476,0.480897,0.019749
4351_218_1840_1968,1,0,0.628447,0.290584,0.014977,0.006888,0.013608,0.039449,0.006047
4351_217_672_801,0,0,0.395922,0.392852,0.04032,0.040843,0.057268,0.037705,0.03509
4351_217_487_538,1,3,0.025293,0.088391,0.023171,0.521082,0.021578,0.045689,0.274796
4351_217_260_317,1,4,0.018554,0.030592,0.313839,0.106877,0.32849,0.010564,0.191083
4352_218_127_268,3,5,0.156136,0.328982,0.026605,0.013118,0.030657,0.432265,0.012236
4352_218_1281_1512,5,3,0.01845,0.026851,0.015011,0.79665,0.013971,0.116802,0.012265
4352_217_2010_2125,0,0,0.365996,0.28225,0.041932,0.051552,0.02693,0.201298,0.030042
4352_217_1059_1249,1,3,0.057471,0.102864,0.014776,0.40195,0.018984,0.308148,0.095808
4352_218_1620_1742,1,3,0.037895,0.115345,0.036058,0.586987,0.023563,0.179552,0.0206
4352_217_1761_1843,0,3,0.040135,0.084514,0.017014,0.622443,0.021945,0.088971,0.124978
4352_218_2154_2237,1,1,0.174323,0.403623,0.066966,0.047832,0.044058,0.217815,0.045383
4352_218_915_1052,0,3,0.178676,0.257156,0.022737,0.355527,0.033659,0.118945,0.0333
4352_217_540_604,5,6,0.024226,0.105088,0.02611,0.208937,0.044861,0.047609,0.543171
4352_217_294_443,3,0,0.319873,0.288783,0.041909,0.080976,0.033136,0.13524,0.100083
4352_218_626_703,3,3,0.015394,0.009087,0.015525,0.840341,0.016276,0.0599,0.043477
4352_217_31_108,3,6,0.013971,0.022437,0.038509,0.140045,0.048191,0.069197,0.66765
4352_217_1523_1578,0,3,0.073674,0.232915,0.036308,0.324632,0.033075,0.098127,0.201269
4352_217_715_892,1,5,0.099395,0.234353,0.014504,0.12572,0.016166,0.487238,0.022623
4352_218_1902_1989,3,1,0.133943,0.418397,0.127687,0.220505,0.055759,0.027577,0.016132
4352_218_488_522,3,3,0.022235,0.021864,0.017201,0.743862,0.009047,0.166854,0.018936
4352_217_2253_2270,5,3,0.030283,0.026606,0.026897,0.459414,0.014888,0.200778,0.241135
4354_218_2270_2520,3,3,0.005612,0.003901,0.014329,0.927596,0.010308,0.020282,0.017971
4354_218_1161_1331,3,3,0.137949,0.215205,0.047659,0.328919,0.065527,0.024781,0.179959
4354_217_1673_1773,0,1,0.144194,0.43221,0.05524,0.109666,0.096144,0.037559,0.124987
4354_218_151_330,3,3,0.029657,0.058083,0.086871,0.461604,0.151582,0.023736,0.188467
4354_218_1813_1963,3,3,0.011454,0.006515,0.018133,0.884267,0.013533,0.010955,0.055143
4354_218_1424_1670,3,1,0.259582,0.381486,0.031822,0.130347,0.042054,0.125399,0.029309
4354_217_867_1104,1,6,0.050218,0.191961,0.070175,0.207267,0.153988,0.061212,0.265179
4354_218_469_643,4,1,0.178051,0.295304,0.088212,0.2685,0.056036,0.088133,0.025764
4354_218_2050_2207,3,3,0.006488,0.001458,0.012049,0.950866,0.005241,0.014065,0.009833
4354_217_31_116,6,4,0.015942,0.047686,0.288462,0.026664,0.328014,0.028914,0.264319
4354_217_358_445,1,1,0.093717,0.372953,0.081559,0.079942,0.047826,0.116458,0.207546
4354_217_664_815,1,4,0.014052,0.157891,0.310047,0.024936,0.388766,0.023638,0.080669
4354_217_1357_1402,2,1,0.045415,0.490396,0.104044,0.177409,0.041196,0.080146,0.061394
4354_217_2539_2596,1,2,0.008019,0.033492,0.542326,0.017608,0.319836,0.012269,0.066449
4354_217_2228_2247,5,5,0.01134,0.059388,0.074847,0.05321,0.02555,0.628496,0.147169
4354_218_828_847,3,5,0.006366,0.020867,0.029701,0.008093,0.011296,0.881986,0.04169
4354_217_1980_1995,4,4,0.01503,0.053736,0.289672,0.008829,0.59698,0.004984,0.030769
4355_217_31_137,3,6,0.030984,0.030258,0.199224,0.133454,0.051031,0.073259,0.481789
4355_218_1954_2123,4,1,0.225223,0.562074,0.095473,0.018744,0.032854,0.053715,0.011917
4355_218_1041_1189,0,1,0.275715,0.533257,0.030683,0.004637,0.137821,0.009893,0.007993
4355_218_1503_1716,0,1,0.156754,0.465418,0.139357,0.008028,0.055783,0.158428,0.016232
4355_218_149_262,4,5,0.018146,0.083116,0.061004,0.057554,0.030656,0.721371,0.028153
4355_217_1743_1925,1,6,0.04469,0.191265,0.058697,0.190259,0.156138,0.027142,0.331809
4355_217_1435_1488,1,6,0.006788,0.063592,0.105313,0.027141,0.188707,0.020031,0.588429
4355_217_2156_2326,3,3,0.067478,0.264428,0.039721,0.265947,0.026707,0.148826,0.186892
4355_217_846_946,3,1,0.281604,0.360474,0.015219,0.169334,0.028214,0.017374,0.127781
4355_218_431_662,1,1,0.344565,0.460273,0.06582,0.002329,0.094744,0.026068,0.006201
4355_217_293_379,3,5,0.033657,0.051547,0.046303,0.209399,0.022215,0.584161,0.052717
4355_217_1209_1295,1,0,0.406478,0.267067,0.051814,0.066146,0.051322,0.073109,0.084064
4355_217_2520_2608,3,2,0.017829,0.100608,0.614317,0.041696,0.126852,0.038703,0.059996
4355_218_2348_2480,5,5,0.008799,0.015188,0.057016,0.319977,0.016496,0.545248,0.037275
4355_217_693_727,3,6,0.017072,0.0129,0.012924,0.106406,0.020481,0.026599,0.803619
4355_218_1367_1402,1,1,0.079549,0.461309,0.085224,0.010949,0.073447,0.209928,0.079595
4355_218_799_820,4,2,0.034873,0.07283,0.381565,0.070932,0.222957,0.016511,0.200333
4359_218_31_129,3,0,0.353664,0.214595,0.026853,0.091875,0.042597,0.18138,0.089036
4359_217_1106_1231,0,1,0.080304,0.398658,0.151615,0.004545,0.127769,0.082548,0.154561
4359_217_1594_1721,0,1,0.17718,0.398022,0.068243,0.078453,0.098142,0.033549,0.14641
4359_218_217_344,3,5,0.091864,0.281944,0.047693,0.145468,0.029029,0.322908,0.081095
4359_218_1754_1886,1,2,0.043717,0.323528,0.456764,0.02004,0.068241,0.077293,0.010418
4359_218_1312_1364,2,2,0.010078,0.21159,0.545332,0.013731,0.091974,0.07736,0.049936
4359_218_519_598,3,3,0.049022,0.166239,0.028263,0.648243,0.031557,0.033242,0.043433
4359_217_152_184,1,5,0.018171,0.101375,0.089954,0.020695,0.021396,0.432304,0.316105
4359_217_617_659,1,1,0.15466,0.536989,0.052975,0.00502,0.061798,0.067272,0.121286
4359_218_960_1080,0,0,0.450816,0.22351,0.039469,0.019838,0.033638,0.165929,0.066801
4359_217_361_489,0,1,0.09152,0.521319,0.120909,0.031329,0.086456,0.054731,0.093737
4359_218_1462_1573,0,1,0.261808,0.426428,0.015264,0.019323,0.025844,0.239801,0.011532
4359_217_783_920,1,1,0.16358,0.348058,0.039652,0.173802,0.095959,0.048986,0.129963
4359_218_680_732,1,1,0.060038,0.298827,0.064375,0.185549,0.033122,0.16641,0.191679
4359_217_1909_2028,0,1,0.210082,0.312288,0.028075,0.226449,0.064336,0.026195,0.132574
4359_217_1385_1433,1,1,0.133621,0.538327,0.074854,0.027289,0.085889,0.012023,0.127998
4357_218_115_316,3,3,0.010215,0.041414,0.278388,0.291352,0.169951,0.015965,0.192715
4357_217_1932_2096,0,1,0.183156,0.493883,0.040452,0.090617,0.062421,0.063066,0.066403
4357_218_1128_1229,6,6,0.025569,0.051354,0.260967,0.103127,0.088298,0.04844,0.422244
4357_217_1667_1756,1,3,0.012616,0.071279,0.022272,0.659532,0.023706,0.049478,0.161117
4357_218_1782_1921,5,3,0.027969,0.099995,0.081598,0.273748,0.063453,0.252775,0.200461
4357_218_1309_1637,3,3,0.023675,0.09074,0.044102,0.654129,0.025114,0.072314,0.089927
4357_218_918_1021,3,3,0.01207,0.021494,0.023526,0.74358,0.00681,0.171073,0.021447
4357_218_543_797,3,3,0.010266,0.037502,0.099039,0.562764,0.030191,0.249589,0.010648
4357_217_462_505,1,3,0.030128,0.068342,0.180767,0.511795,0.057653,0.029887,0.121428
4357_217_801_894,1,4,0.009551,0.04768,0.180449,0.11465,0.518563,0.008963,0.120144
4357_217_71_86,5,5,0.016909,0.053701,0.032942,0.03949,0.027003,0.65571,0.174244
4357_217_1040_1096,1,3,0.013041,0.028189,0.161573,0.613326,0.038298,0.11076,0.034812
4357_217_335_380,5,5,0.027174,0.080461,0.112629,0.190366,0.066454,0.328277,0.19464
4357_218_407_437,3,3,0.022806,0.135079,0.035969,0.500347,0.070178,0.014738,0.220883
4357_218_31_46,6,6,0.074268,0.155137,0.096515,0.111809,0.079131,0.115859,0.367281
4358_217_89_190,6,3,0.031207,0.023752,0.17172,0.444682,0.027906,0.07778,0.222954
4358_218_1188_1347,1,3,0.048028,0.112934,0.126431,0.291311,0.122698,0.089914,0.208684
4358_217_1918_2168,3,3,0.003823,0.001131,0.012129,0.940475,0.003919,0.033295,0.005227
4358_218_205_294,5,5,0.015317,0.030154,0.037436,0.017877,0.020472,0.856375,0.022369
4358_217_1687_1819,3,3,0.008452,0.009792,0.009446,0.852887,0.006735,0.007597,0.105091
4358_217_1365_1481,3,5,0.008293,0.008641,0.030056,0.257001,0.009223,0.672626,0.014161
4358_218_2212_2253,1,6,0.012586,0.062121,0.069214,0.119605,0.088594,0.013576,0.634304
4358_217_847_934,3,3,0.020912,0.023045,0.011248,0.853417,0.01485,0.004024,0.072504
4358_217_2269_2382,6,6,0.016408,0.082416,0.07016,0.315079,0.057762,0.010049,0.448127
4358_218_527_637,1,1,0.097156,0.279787,0.072625,0.022739,0.232813,0.022751,0.272128
4358_217_1028_1151,0,1,0.178194,0.637327,0.026464,0.093401,0.023217,0.013088,0.028309
4358_217_316_496,1,3,0.114204,0.252694,0.026486,0.290378,0.050898,0.040895,0.224444
4358_218_1506_1672,1,4,0.062057,0.163344,0.147011,0.198621,0.240923,0.022458,0.165586
4358_218_2431_2458,1,1,0.122744,0.341026,0.270825,0.01849,0.178611,0.016148,0.052157
4358_218_1879_1901,0,6,0.057418,0.160678,0.032051,0.10712,0.035774,0.042579,0.564381
4358_217_656_750,3,3,0.015565,0.026538,0.010741,0.644315,0.020963,0.012663,0.269215
4358_218_770_819,5,5,0.025814,0.0396,0.046388,0.029379,0.022852,0.800037,0.03593
4358_218_968_996,1,1,0.122373,0.439843,0.094076,0.080459,0.081487,0.072187,0.109575
4358_217_31_49,6,6,0.085804,0.079276,0.076281,0.214337,0.013472,0.147386,0.383444
4358_218_67_74,5,5,0.006148,0.019022,0.031991,0.0156,0.020069,0.787111,0.120058
4360_218_99_154,3,3,0.011614,0.014107,0.01256,0.626682,0.00992,0.033277,0.291841
4360_218_2016_2129,3,4,0.041215,0.146268,0.18038,0.102291,0.397889,0.019097,0.11286
4360_218_1107_1288,3,3,0.007354,0.010664,0.010997,0.789356,0.010313,0.153369,0.017947
4360_218_1688_1855,3,3,0.004082,0.003543,0.012773,0.861702,0.007059,0.076396,0.034445
4360_218_1457_1526,3,3,0.010784,0.015497,0.009188,0.761199,0.01367,0.012523,0.17714
4360_217_2178_2242,3,3,0.008344,0.004158,0.013604,0.913086,0.008289,0.010143,0.042375
4360_218_853_988,5,5,0.008624,0.023472,0.014213,0.016861,0.015948,0.881107,0.039775
4360_217_172_251,3,3,0.012451,0.018685,0.009761,0.642716,0.011254,0.010758,0.294376
4360_217_1321_1433,6,3,0.017876,0.071115,0.032069,0.558773,0.088875,0.084464,0.146828
4360_218_2278_2383,5,5,0.014343,0.024418,0.125674,0.209148,0.042677,0.454914,0.128826
4360_217_584_629,3,3,0.027045,0.043567,0.026811,0.548837,0.054629,0.062859,0.236252
4360_218_275_341,3,6,0.013631,0.026595,0.028259,0.355846,0.025881,0.032931,0.516857
4360_217_1018_1067,6,1,0.063392,0.32813,0.055547,0.047486,0.220977,0.017367,0.267101
4360_218_463_561,3,3,0.034602,0.133222,0.095096,0.432562,0.138821,0.038176,0.127521
4360_217_31_61,3,6,0.020128,0.004808,0.015878,0.270379,0.020631,0.020354,0.647821
4360_217_787_837,3,3,0.061525,0.085123,0.091189,0.441295,0.163766,0.020693,0.136409
4360_217_1878_1968,3,3,0.013114,0.010885,0.020348,0.789349,0.013592,0.12936,0.023351
4360_218_663_750,3,1,0.086782,0.355113,0.038673,0.248306,0.029411,0.087249,0.154466
4360_217_360_434,3,3,0.006557,0.012319,0.007943,0.690431,0.00964,0.013283,0.259827
4360_217_1551_1662,3,3,0.013037,0.009435,0.011062,0.840389,0.011328,0.00662,0.108129
4482_225_109_158,6,3,0.008301,0.00717,0.022543,0.613785,0.014202,0.192579,0.14142
4482_226_1167_1202,3,6,0.021399,0.081997,0.038994,0.112289,0.042915,0.215745,0.486661
4482_225_776_869,1,4,0.020096,0.092278,0.171654,0.009769,0.35848,0.032654,0.315069
4482_226_31_82,3,3,0.033821,0.042709,0.173593,0.352397,0.070488,0.215652,0.11134
4482_226_881_1070,2,3,0.022672,0.059035,0.028572,0.33982,0.07072,0.16004,0.319141
4482_226_615_718,3,3,0.019247,0.049561,0.077321,0.54448,0.06015,0.168543,0.080697
4482_225_257_302,6,5,0.006669,0.026377,0.067347,0.022993,0.027325,0.805729,0.043561
4482_226_179_233,1,6,0.013163,0.062989,0.044747,0.115734,0.044285,0.099228,0.619853
4482_225_559_595,1,6,0.039351,0.137054,0.044716,0.137383,0.145006,0.049522,0.446968
4482_225_1086_1136,6,6,0.018979,0.084363,0.054576,0.235151,0.166241,0.038539,0.40215
4482_226_443_547,5,5,0.005484,0.012187,0.01069,0.02927,0.008743,0.919671,0.013955
4482_226_314_395,3,5,0.018735,0.021412,0.007334,0.006966,0.010176,0.926938,0.008438
4482_225_402_416,6,6,0.070003,0.116237,0.06269,0.163961,0.055649,0.159547,0.371913
4484_225_1245_1333,1,5,0.29694,0.275583,0.028705,0.019536,0.027797,0.344083,0.007355
4484_226_922_1237,0,1,0.261662,0.601959,0.049507,0.006799,0.045441,0.023277,0.011354
4484_225_246_300,6,5,0.023123,0.152104,0.045802,0.009882,0.019152,0.688995,0.060943
4484_226_91_121,6,3,0.019007,0.04503,0.028715,0.656601,0.019796,0.019099,0.211752
4484_226_181_231,1,1,0.124853,0.581458,0.052659,0.032468,0.097173,0.035027,0.076361
4484_226_1349_1397,1,1,0.418465,0.476808,0.027705,0.00863,0.021897,0.011499,0.034995
4484_226_577_626,1,1,0.066675,0.349409,0.08871,0.034297,0.15885,0.02647,0.27559
4484_226_333_491,1,1,0.143507,0.638949,0.05553,0.027298,0.061245,0.027095,0.046374
4484_225_31_77,6,6,0.015378,0.054796,0.070346,0.058228,0.088479,0.255272,0.4575
4484_226_727_825,1,6,0.029081,0.264096,0.075859,0.081134,0.199292,0.050459,0.300079
4484_225_667_696,1,5,0.013213,0.034263,0.045445,0.006433,0.016378,0.866607,0.017662
4484_225_510_565,5,5,0.041481,0.138904,0.071564,0.004622,0.175439,0.549603,0.018386
4484_225_837_922,4,0,0.444855,0.334159,0.078622,0.017278,0.048172,0.041903,0.03501
4484_225_135_164,1,5,0.037197,0.1656,0.061037,0.020113,0.028775,0.552088,0.13519
4485_225_114_163,6,3,0.02256,0.030063,0.023462,0.550049,0.014023,0.040095,0.319749
4485_226_1149_1286,5,3,0.027269,0.098343,0.057867,0.706639,0.019783,0.047846,0.042252
4485_226_879_1014,1,6,0.072748,0.173268,0.032455,0.232199,0.046153,0.158893,0.284284
4485_226_188_244,1,3,0.026007,0.06992,0.086984,0.407021,0.032501,0.106609,0.270957
4485_226_1350_1442,4,1,0.259692,0.622373,0.034728,0.003017,0.049774,0.007603,0.022814
4485_225_473_643,1,5,0.085957,0.265472,0.042882,0.019326,0.136825,0.433631,0.015907
4485_225_1037_1140,3,3,0.022967,0.024145,0.013622,0.804604,0.0166,0.059422,0.05864
4485_226_316_417,1,2,0.021286,0.061687,0.441348,0.283003,0.078254,0.069518,0.044904
4485_225_1309_1350,4,4,0.006659,0.14162,0.029381,0.017108,0.687996,0.018919,0.098318
4485_225_795_846,3,5,0.021392,0.02622,0.021453,0.120568,0.025816,0.745613,0.038938
4485_226_70_103,1,1,0.228965,0.566562,0.061511,0.008142,0.046534,0.059385,0.028902
4485_226_736_779,3,3,0.008866,0.007734,0.008881,0.904955,0.002976,0.009017,0.057571
4485_225_257_297,4,6,0.013759,0.023009,0.016063,0.194393,0.027671,0.020467,0.704638
4485_225_31_48,6,6,0.026539,0.075687,0.061109,0.190272,0.03973,0.078309,0.528354
4486_226_117_219,1,1,0.17065,0.704198,0.038013,0.007892,0.046714,0.007401,0.025132
4486_226_1118_1215,5,3,0.00452,0.008039,0.006083,0.843953,0.007792,0.014613,0.114999
4486_225_31_95,2,6,0.014605,0.067633,0.063691,0.164747,0.050495,0.10443,0.5344
4486_226_935_1034,0,0,0.712825,0.1899,0.012293,0.021937,0.013595,0.032708,0.016743
4486_225_725_799,6,6,0.038407,0.198907,0.038732,0.114128,0.228584,0.084211,0.297031
4486_225_239_274,6,5,0.038218,0.138273,0.047726,0.088777,0.046912,0.46842,0.171675
4486_225_353_474,3,3,0.012427,0.025084,0.024301,0.635997,0.036592,0.067089,0.19851
4486_225_602_667,3,3,0.031871,0.074642,0.023821,0.586122,0.025655,0.025167,0.232722
4486_226_678_714,1,1,0.28014,0.501908,0.025768,0.020996,0.043102,0.089595,0.03849
4486_225_1062_1118,3,6,0.068909,0.120679,0.020551,0.211572,0.043721,0.030675,0.503894
4486_226_811_841,5,5,0.021123,0.020206,0.022111,0.027273,0.017448,0.854388,0.037451
4486_226_286_333,1,3,0.032708,0.134211,0.041562,0.367408,0.021851,0.043176,0.359085
4486_225_849_901,6,6,0.023185,0.06564,0.022108,0.069229,0.082152,0.097537,0.64015
4486_226_495_589,4,1,0.242974,0.596186,0.039663,0.008725,0.026517,0.028547,0.057389
4487_226_120_168,1,5,0.012769,0.016483,0.030474,0.062019,0.027531,0.790679,0.060046
4487_226_1608_1739,6,6,0.02214,0.103981,0.045937,0.283904,0.10259,0.129207,0.312242
4487_226_1399_1551,3,6,0.057642,0.195732,0.054824,0.133296,0.183555,0.173485,0.201467
4487_226_572_937,6,6,0.029645,0.058619,0.01881,0.297786,0.08686,0.070877,0.437403
4487_225_191_241,4,5,0.011536,0.030843,0.043837,0.006527,0.011948,0.87979,0.015519
4487_225_1308_1391,4,4,0.009488,0.022668,0.130652,0.001872,0.805138,0.007813,0.022368
4487_226_1018_1149,4,3,0.037197,0.144179,0.036346,0.340854,0.056778,0.065502,0.319144
4487_226_258_474,1,5,0.052848,0.071777,0.044695,0.091528,0.071122,0.568342,0.099688
4487_225_31_101,6,6,0.025135,0.139387,0.051629,0.195503,0.086414,0.045719,0.456215
4487_226_1195_1292,4,6,0.060376,0.193499,0.036719,0.047023,0.082507,0.047958,0.531918
4487_225_481_551,2,1,0.116503,0.32996,0.087136,0.054205,0.053434,0.133967,0.224794
4487_225_955_994,4,5,0.025792,0.075143,0.266917,0.013474,0.15584,0.327613,0.135221
4487_225_1568_1606,1,1,0.089229,0.318472,0.059305,0.060208,0.156661,0.047224,0.268901
4487_225_1158_1181,4,4,0.01709,0.058461,0.169827,0.010602,0.665583,0.008683,0.069754
4495_226_111_137,3,6,0.033068,0.046675,0.035991,0.225881,0.023461,0.195308,0.439616
4495_225_1129_1170,3,3,0.006683,0.012533,0.016241,0.763771,0.016262,0.009408,0.175102
4495_226_733_901,6,3,0.006752,0.008913,0.012299,0.668949,0.030274,0.038816,0.233997
4495_225_31_99,2,6,0.01185,0.052237,0.026949,0.186007,0.020968,0.08919,0.6128
4495_226_965_1119,3,3,0.0094,0.022531,0.049053,0.614414,0.060993,0.047265,0.196344
4495_226_252_357,1,5,0.01974,0.016734,0.048932,0.013469,0.045929,0.783255,0.07194
4495_225_380_465,4,6,0.015423,0.056262,0.070415,0.138378,0.224985,0.035154,0.459384
4495_226_479_690,1,5,0.019368,0.066958,0.12554,0.253837,0.148857,0.263456,0.121984
4495_225_916_941,5,5,0.006406,0.013521,0.029269,0.010111,0.014585,0.903868,0.022239
4495_225_161_234,1,1,0.050941,0.460865,0.08822,0.038559,0.100507,0.064872,0.196035
4495_225_700_724,2,6,0.028393,0.111748,0.074346,0.121836,0.217952,0.021203,0.424522
4490_226_1146_1225,4,4,0.020903,0.201773,0.038652,0.029187,0.626336,0.025006,0.058142
4490_226_1542_1710,4,6,0.014049,0.095906,0.04661,0.357964,0.069398,0.030762,0.38531
4490_226_138_320,4,6,0.017905,0.148714,0.056282,0.189798,0.148209,0.130509,0.308583
4490_226_1335_1480,4,6,0.00775,0.032661,0.019577,0.308022,0.042569,0.021274,0.568147
4490_226_916_966,1,6,0.009096,0.034998,0.021242,0.055267,0.031098,0.200686,0.647613
4490_225_615_698,4,4,0.023674,0.153891,0.028395,0.223335,0.376969,0.020015,0.17372
4490_225_989_1088,4,4,0.027657,0.25895,0.041203,0.054211,0.361025,0.043749,0.213205
4490_225_353_477,6,4,0.014541,0.06094,0.058401,0.117542,0.603887,0.045168,0.099521
4490_225_31_115,4,4,0.016114,0.063474,0.142134,0.010868,0.294334,0.208643,0.264432
4490_225_1246_1278,4,4,0.015796,0.068706,0.279624,0.004679,0.546229,0.014072,0.070894
4490_226_711_817,1,5,0.008663,0.029834,0.026492,0.089208,0.032948,0.699641,0.113214
4490_226_501_582,4,5,0.014715,0.040217,0.106729,0.003749,0.142275,0.661549,0.030767
4490_225_828_909,4,4,0.022756,0.094665,0.069752,0.134957,0.3447,0.057673,0.275497
4490_225_1498_1525,5,5,0.00816,0.013397,0.014503,0.015644,0.008178,0.925478,0.01464
4490_225_1721_1754,3,3,0.019578,0.026633,0.009968,0.667725,0.012062,0.02408,0.239954
4496_226_77_168,6,5,0.010931,0.011263,0.020773,0.300481,0.04586,0.49048,0.120213
4496_226_1094_1315,3,3,0.010856,0.049468,0.048259,0.662037,0.068934,0.040057,0.120389
4496_226_1607_1712,2,3,0.017045,0.044448,0.022235,0.714722,0.021512,0.060763,0.119275
4496_226_1800_1861,3,3,0.003441,0.002154,0.003026,0.910145,0.003764,0.00347,0.074
4496_226_1400_1524,3,3,0.007928,0.01576,0.013278,0.783126,0.014511,0.010424,0.154972
4496_226_812_959,4,2,0.014719,0.068971,0.429617,0.0493,0.35644,0.050506,0.030446
4496_225_176_254,2,6,0.006131,0.025897,0.060003,0.315493,0.03872,0.122115,0.43164
4496_225_1329_1385,3,5,0.003268,0.005457,0.019432,0.040188,0.014643,0.909581,0.007431
4496_225_570_787,4,4,0.019876,0.055146,0.304417,0.017809,0.334634,0.22991,0.038207
4496_225_1720_1792,3,3,0.01803,0.027303,0.012334,0.870274,0.010177,0.013228,0.048654
4496_226_259_394,3,5,0.004027,0.019608,0.020879,0.06388,0.029108,0.85298,0.009517
4496_225_1000_1080,4,4,0.013593,0.04185,0.060422,0.013144,0.833149,0.004815,0.033026
4496_226_459_558,4,4,0.014673,0.187403,0.203632,0.010205,0.547504,0.014479,0.022105
4496_225_31_65,6,3,0.004683,0.003238,0.008737,0.80464,0.006121,0.025465,0.147116
4496_225_1547_1590,3,3,0.002234,0.000618,0.004353,0.964526,0.005303,0.008953,0.014013
4496_225_405_433,3,6,0.037832,0.175431,0.098632,0.189991,0.100531,0.060926,0.336657
4497_226_73_180,1,5,0.026175,0.038669,0.014234,0.21922,0.047885,0.596037,0.057779
4497_226_1281_1341,4,1,0.013768,0.331857,0.031728,0.107736,0.24335,0.028275,0.243286
4497_225_1012_1272,1,4,0.026605,0.145256,0.13292,0.081968,0.341834,0.034272,0.237145
4497_226_1501_1710,6,3,0.005774,0.03328,0.011821,0.601729,0.026598,0.043795,0.277003
4497_225_196_319,5,5,0.005902,0.012239,0.018047,0.005892,0.013662,0.939454,0.004805
4497_226_1788_1889,3,1,0.03773,0.376471,0.040937,0.289718,0.088668,0.017679,0.148797
4497_225_1389_1477,5,5,0.026521,0.112377,0.101305,0.003804,0.114297,0.626085,0.01561
4497_226_537_597,3,3,0.009037,0.012987,0.010097,0.595448,0.011068,0.187357,0.174006
4497_225_1737_1788,3,3,0.013891,0.029792,0.037409,0.68365,0.099249,0.025582,0.110427
4497_226_328_418,1,1,0.109845,0.527781,0.025831,0.083897,0.075605,0.067425,0.109617
4497_225_613_674,5,6,0.007461,0.011499,0.011304,0.308798,0.008536,0.06551,0.586891
4497_225_430_522,2,5,0.014319,0.188684,0.151627,0.024572,0.069187,0.437991,0.11362
4497_225_817_922,4,4,0.013968,0.135222,0.098565,0.011553,0.611927,0.046118,0.082649
4497_226_681_773,6,3,0.012502,0.0289,0.013145,0.428866,0.024311,0.152239,0.340037
4497_226_963_1004,5,5,0.011731,0.0252,0.013312,0.012165,0.014702,0.892844,0.030046
4497_225_31_52,6,6,0.028124,0.053255,0.022895,0.284438,0.016375,0.115502,0.479411
4499_226_31_132,1,1,0.085754,0.196561,0.192896,0.138793,0.133443,0.126229,0.126324
4499_225_1219_1351,5,6,0.015298,0.070776,0.067675,0.19896,0.23435,0.056455,0.356486
4499_226_1109_1219,1,0,0.617489,0.302463,0.01532,0.008646,0.033987,0.010992,0.011103
4499_225_1559_1688,5,4,0.015467,0.036333,0.295136,0.076058,0.511146,0.028853,0.037006
4499_226_170_271,1,6,0.033266,0.188716,0.165287,0.084226,0.114413,0.118925,0.295166
4499_226_1351_1559,1,3,0.017544,0.034853,0.081388,0.609904,0.141182,0.032439,0.08269
4499_226_827_1062,1,1,0.310874,0.447328,0.058604,0.02771,0.077264,0.041847,0.036372
4499_226_506_736,1,3,0.023553,0.092898,0.04996,0.361098,0.157982,0.07774,0.23677
4499_225_1062_1109,5,5,0.108599,0.242854,0.047957,0.048067,0.146952,0.344049,0.061522
4499_226_309_456,1,2,0.026993,0.140132,0.277099,0.130188,0.113641,0.161159,0.150788
4499_225_456_506,5,5,0.100289,0.240645,0.021219,0.041162,0.068606,0.475815,0.052263
4499_225_736_827,5,4,0.023845,0.070414,0.231297,0.081779,0.281334,0.1129,0.198431
4499_226_1688_1729,3,3,0.00312,0.001816,0.004864,0.931848,0.006394,0.017006,0.034951
4499_225_271_309,1,5,0.019218,0.073863,0.132083,0.032069,0.16162,0.392693,0.188454
4498_226_76_142,6,3,0.015448,0.020917,0.021613,0.645595,0.016865,0.032543,0.247018
4498_225_1162_1450,4,4,0.025652,0.086356,0.21513,0.012866,0.532367,0.044659,0.082971
4498_225_2034_2058,6,3,0.010419,0.017524,0.0243,0.719714,0.028866,0.015471,0.183707
4498_226_1661_1839,3,3,0.013521,0.063669,0.014336,0.591882,0.050957,0.018915,0.24672
4498_225_155_267,2,5,0.011437,0.056313,0.068754,0.012799,0.074096,0.743204,0.033396
4498_226_800_932,4,1,0.124594,0.412466,0.051034,0.021249,0.276693,0.028717,0.085247
4498_225_941_996,5,5,0.012989,0.029061,0.025412,0.030762,0.019425,0.792431,0.08992
4498_226_555_689,4,4,0.039503,0.142569,0.206916,0.002549,0.591895,0.005701,0.010866
4498_226_1014_1123,4,1,0.150885,0.354463,0.02835,0.126696,0.125891,0.062263,0.151452
4498_226_291_374,2,4,0.016102,0.052958,0.153347,0.006287,0.729669,0.019308,0.02233
4498_225_398_521,4,4,0.040303,0.239431,0.19309,0.00594,0.454205,0.013954,0.053076
4498_225_31_67,6,6,0.012615,0.076073,0.03015,0.307147,0.044062,0.028188,0.501764
4498_226_1476_1565,3,4,0.009933,0.075009,0.081442,0.007336,0.798025,0.004499,0.023757
4498_225_1854_1949,2,1,0.198655,0.414352,0.091547,0.063692,0.12495,0.039631,0.067173
4498_225_714_782,1,6,0.05582,0.234837,0.035572,0.122867,0.109977,0.033067,0.40786
4498_225_1587_1646,4,4,0.00301,0.037499,0.068541,0.001969,0.878007,0.002324,0.00865
4498_226_1965_2034,3,3,0.010291,0.034275,0.009029,0.583036,0.020524,0.017463,0.325382
4502_226_31_154,0,0,0.539432,0.205112,0.045175,0.024324,0.042881,0.076515,0.06656
4502_225_1295_1355,3,3,0.002504,0.000872,0.008529,0.846823,0.00656,0.127359,0.007353
4502_226_1099_1295,1,3,0.021428,0.094727,0.074332,0.555692,0.073317,0.034516,0.145988
4502_226_1678_1727,1,3,0.015236,0.080887,0.034358,0.410284,0.088218,0.015102,0.355916
4502_226_193_363,0,0,0.6416,0.146732,0.022157,0.01656,0.082208,0.048287,0.042456
4502_226_1355_1501,1,3,0.080129,0.129218,0.072036,0.320507,0.102858,0.13028,0.164972
4502_226_796_936,5,1,0.056206,0.365978,0.096885,0.153553,0.076595,0.107864,0.14292
4502_225_936_1099,1,2,0.068063,0.219729,0.259567,0.022622,0.249041,0.060008,0.12097
4502_225_550_796,1,2,0.02471,0.030599,0.528841,0.029504,0.236162,0.05562,0.094564
4502_225_154_193,2,4,0.072451,0.242038,0.084552,0.010338,0.390317,0.017522,0.182783
4502_226_475_550,5,5,0.032647,0.050847,0.066863,0.024877,0.084195,0.590856,0.149714
4502_225_363_475,1,2,0.007565,0.020285,0.476034,0.00174,0.467667,0.007746,0.018963
4502_226_1522_1625,1,0,0.464595,0.34184,0.06145,0.018823,0.063353,0.021965,0.027973
4502_225_1625_1678,2,3,0.053367,0.175902,0.04422,0.369443,0.056712,0.019377,0.280978
4502_225_1501_1522,5,3,0.020581,0.016261,0.025406,0.64969,0.016113,0.052514,0.219435
4503_226_106_174,5,5,0.0109,0.045684,0.032301,0.106936,0.026218,0.704492,0.073469
4503_225_1256_1321,1,4,0.019211,0.248336,0.283981,0.002387,0.376117,0.030796,0.039172
4503_226_1178_1256,3,3,0.005454,0.004046,0.022936,0.86797,0.00997,0.018347,0.071276
4503_225_174_270,5,5,0.013564,0.020239,0.013332,0.338391,0.015528,0.561316,0.037629
4503_226_890_959,3,5,0.010119,0.113512,0.161981,0.20907,0.020904,0.44952,0.034894
4503_226_1321_1398,5,3,0.053802,0.108988,0.032791,0.421045,0.020371,0.125886,0.237117
4503_225_535_627,5,3,0.013229,0.034764,0.029591,0.48244,0.034845,0.075595,0.329535
4503_226_1059_1154,3,3,0.008098,0.023302,0.015264,0.818624,0.014941,0.025604,0.094168
4503_226_270_434,1,1,0.131784,0.666982,0.097111,0.00458,0.056743,0.024072,0.018728
4503_226_627_733,1,1,0.043886,0.613776,0.137318,0.003611,0.184301,0.007305,0.009804
4503_225_959_1059,3,3,0.008281,0.01447,0.010009,0.767177,0.033165,0.136501,0.030398
4503_225_434_482,6,6,0.008573,0.020636,0.012403,0.148158,0.030788,0.030567,0.748876
4503_225_31_106,1,4,0.025624,0.410392,0.031887,0.029732,0.425625,0.020544,0.056195
4503_225_733_890,5,3,0.017431,0.030836,0.018913,0.762313,0.028108,0.066976,0.075423
4503_226_482_535,1,1,0.068412,0.601942,0.099612,0.028293,0.031112,0.050401,0.120228
4503_225_1154_1178,5,5,0.010371,0.01806,0.012257,0.082387,0.009069,0.819099,0.048758
4500_226_118_282,1,3,0.031516,0.061959,0.083323,0.355146,0.059931,0.325886,0.082238
4500_225_1213_1329,4,4,0.028081,0.231607,0.047236,0.019858,0.6004,0.015891,0.056927
4500_226_1078_1213,1,6,0.021238,0.086662,0.053375,0.162594,0.163909,0.059232,0.45299
4500_225_1666_1772,1,4,0.006255,0.051761,0.069079,0.016612,0.781348,0.01787,0.057076
4500_225_1820_1892,5,3,0.037789,0.105001,0.017212,0.389955,0.093223,0.035174,0.321647
4500_226_1772_1820,5,5,0.080984,0.064299,0.012448,0.024661,0.028004,0.767523,0.022082
4500_225_1404_1562,5,5,0.055469,0.092891,0.061496,0.039945,0.069657,0.640185,0.040357
4500_226_901_1022,1,6,0.026982,0.154345,0.032301,0.245001,0.067359,0.105769,0.368243
4500_226_1329_1404,5,3,0.011075,0.010463,0.045552,0.774881,0.037724,0.044694,0.07561
4500_226_509_705,1,1,0.040846,0.221181,0.08219,0.184451,0.167139,0.127858,0.176336
4500_225_282_401,5,5,0.022778,0.042294,0.014866,0.004168,0.016677,0.890635,0.008581
4500_225_1022_1078,5,5,0.017052,0.055494,0.111564,0.003938,0.286122,0.447837,0.077994
4500_225_474_509,5,5,0.05144,0.073144,0.01958,0.063676,0.01552,0.621635,0.155005
4500_225_31_118,5,5,0.023956,0.076209,0.154418,0.060497,0.13264,0.422481,0.1298
4500_225_705_901,5,5,0.07156,0.231281,0.029435,0.027535,0.17124,0.455047,0.013902
4500_226_1892_2007,5,3,0.010609,0.019137,0.166468,0.509658,0.199104,0.056257,0.038768
4500_226_1562_1666,3,3,0.015794,0.047163,0.046024,0.640235,0.05728,0.080486,0.113018
4504_226_108_184,5,3,0.007843,0.026112,0.008636,0.625016,0.012643,0.050306,0.269443
4504_225_1212_1331,1,1,0.331714,0.393158,0.049797,0.080961,0.044018,0.032001,0.068352
4504_226_1148_1212,1,1,0.386321,0.480618,0.024237,0.015085,0.041681,0.020492,0.031565
4504_226_1605_1729,5,3,0.022043,0.07905,0.023024,0.734777,0.019686,0.057701,0.063719
4504_225_184_357,5,3,0.009677,0.029516,0.032409,0.51541,0.043161,0.1847,0.185127
4504_226_1331_1498,5,1,0.043531,0.635137,0.035476,0.076969,0.062498,0.03346,0.112928
4504_226_790_946,1,1,0.068487,0.689546,0.088675,0.021383,0.083724,0.020092,0.028095
4504_225_946_1020,1,4,0.010538,0.108335,0.021812,0.001426,0.845538,0.00145,0.010902
4504_226_564_679,1,1,0.219266,0.656616,0.024056,0.016585,0.040975,0.011333,0.031168
4504_225_1079_1148,0,0,0.51101,0.334687,0.057889,0.007123,0.06685,0.007767,0.014674
4504_226_1020_1079,1,1,0.137647,0.542379,0.03911,0.022101,0.181576,0.010736,0.06645
4504_226_357_504,5,5,0.033742,0.095372,0.037883,0.162437,0.053528,0.572259,0.044778
4504_225_31_108,5,1,0.124483,0.28046,0.068461,0.028561,0.02688,0.251061,0.220093
4504_225_1498_1605,1,1,0.244691,0.431484,0.03585,0.05831,0.072517,0.032958,0.124189
4504_225_679_790,1,6,0.029535,0.366467,0.029459,0.084829,0.076302,0.035773,0.377634
4504_225_504_564,1,6,0.066284,0.205157,0.041065,0.098109,0.07993,0.079572,0.429884
4508_226_99_234,5,3,0.013006,0.031932,0.025313,0.620751,0.021278,0.209352,0.078368
4508_226_1219_1464,5,3,0.004447,0.017266,0.015474,0.747417,0.017137,0.039251,0.159008
4508_225_1129_1219,1,1,0.057619,0.505079,0.019548,0.002028,0.406988,0.001776,0.006962
4508_226_1613_1696,3,3,0.003559,0.003723,0.00586,0.813626,0.008549,0.013231,0.151452
4508_225_234_320,1,1,0.12513,0.72067,0.02563,0.014001,0.082635,0.009559,0.022376
4508_226_1751_1801,3,3,0.010213,0.01632,0.014139,0.825481,0.012135,0.034264,0.087447
4508_225_881_963,1,1,0.108012,0.65201,0.05797,0.013389,0.100834,0.024198,0.043587
4508_226_518_601,1,5,0.009559,0.027634,0.016404,0.0922,0.026026,0.702796,0.12538
4508_226_963_1129,1,3,0.006319,0.046797,0.027945,0.77002,0.037319,0.024066,0.087533
4508_226_320_468,5,4,0.014623,0.098465,0.12541,0.155815,0.284805,0.129688,0.191194
4508_225_601_684,5,6,0.053896,0.248247,0.087903,0.056927,0.045554,0.043865,0.463608
4508_225_468_518,1,1,0.038581,0.422244,0.027157,0.084546,0.094368,0.020723,0.312382
4508_225_31_99,1,1,0.077115,0.727363,0.031385,0.006245,0.135231,0.004602,0.01806
4508_225_1464_1613,3,3,0.007198,0.003608,0.007367,0.632484,0.016444,0.316546,0.016354
4508_226_684_881,1,1,0.036095,0.458914,0.188734,0.172054,0.052249,0.043569,0.048385
4508_225_1696_1751,3,3,0.013233,0.010913,0.01338,0.705525,0.012532,0.230356,0.01406
4507_226_106_165,5,5,0.02405,0.038919,0.028386,0.005619,0.014479,0.861605,0.026943
4507_226_1233_1424,1,1,0.024227,0.502576,0.076869,0.042307,0.138636,0.039569,0.175816
4507_225_1054_1233,1,1,0.225884,0.532371,0.017148,0.044476,0.044494,0.08451,0.051117
4507_226_1594_1729,3,1,0.064422,0.332872,0.069508,0.117576,0.047716,0.069168,0.298737
4507_225_165_294,3,3,0.011697,0.026969,0.026188,0.48633,0.053296,0.056058,0.339462
4507_226_1820_1941,5,3,0.013297,0.041886,0.03756,0.56694,0.046681,0.066876,0.22676
4507_225_1729_1820,3,5,0.023064,0.047682,0.141377,0.261454,0.045934,0.373071,0.107418
4507_225_1424_1594,1,3,0.101049,0.116187,0.039,0.320818,0.155445,0.073628,0.193872
4507_226_727_932,5,1,0.111786,0.632746,0.029987,0.012883,0.125116,0.026891,0.060591
4507_225_932_958,5,5,0.030006,0.063904,0.062485,0.006,0.037202,0.743119,0.057285
4507_226_470_610,1,1,0.08073,0.486366,0.031612,0.04234,0.120605,0.08213,0.156217
4507_226_294_403,5,5,0.022954,0.027179,0.015915,0.007294,0.024584,0.893841,0.008233
4507_225_610_727,5,5,0.02936,0.295082,0.078406,0.021434,0.160823,0.369281,0.045615
4507_226_958_1054,1,4,0.082867,0.360712,0.050544,0.005629,0.399921,0.017218,0.083109
4507_225_31_106,3,6,0.026827,0.041377,0.033561,0.304729,0.055823,0.04025,0.497433
4507_225_403_470,2,4,0.049101,0.247829,0.126089,0.005976,0.33822,0.036336,0.196449
4507_225_1941_2034,3,1,0.096125,0.240907,0.036821,0.15846,0.184211,0.054436,0.22904
4506_226_101_230,5,5,0.016461,0.042244,0.044456,0.295176,0.022833,0.495321,0.08351
4506_226_1281_1388,5,3,0.010596,0.016102,0.062323,0.501671,0.017714,0.360112,0.031482
4506_225_1172_1281,5,3,0.020176,0.201176,0.061667,0.30367,0.124939,0.068242,0.22013
4506_225_1560_1687,1,3,0.046959,0.109611,0.021142,0.667644,0.050858,0.044345,0.059441
4506_225_230_348,5,5,0.00297,0.008847,0.010776,0.031922,0.009359,0.921562,0.014563
4506_226_1437_1560,5,5,0.01767,0.060677,0.022955,0.123451,0.02269,0.728056,0.0245
4506_226_823_1016,5,3,0.026343,0.106283,0.162175,0.480868,0.076727,0.094824,0.052781
4506_225_539_618,3,5,0.009549,0.015019,0.016985,0.4371,0.015803,0.479806,0.025737
4506_226_1108_1172,3,3,0.039678,0.080366,0.030489,0.638889,0.027136,0.077325,0.106117
4506_225_1016_1108,1,5,0.020414,0.197803,0.054385,0.023428,0.041498,0.629269,0.033203
4506_226_618_674,3,3,0.017617,0.04837,0.041302,0.556867,0.022175,0.139053,0.174615
4506_226_420_539,1,5,0.023172,0.185259,0.047842,0.146743,0.028832,0.452642,0.11551
4506_225_31_101,5,5,0.006311,0.022342,0.036742,0.006304,0.015609,0.859562,0.05313
4506_225_674_823,1,2,0.010135,0.258997,0.269421,0.037602,0.152326,0.227379,0.044139
4506_225_380_420,3,5,0.019466,0.02628,0.01772,0.311691,0.012712,0.587538,0.024593
4506_225_1388_1437,3,3,0.01381,0.036596,0.011622,0.686822,0.015023,0.048829,0.187298
4506_226_348_380,5,3,0.011361,0.047276,0.025437,0.403585,0.018494,0.13734,0.356507
4510_226_90_154,5,5,0.005105,0.006782,0.023826,0.051811,0.011477,0.88211,0.018888
4510_225_1204_1464,4,4,0.002483,0.013415,0.431991,0.001995,0.53753,0.004008,0.008578
4510_226_1042_1204,4,3,0.01359,0.047458,0.06008,0.517863,0.073647,0.203106,0.084255
4510_225_1586_1688,5,5,0.003969,0.009127,0.072682,0.048731,0.03875,0.78699,0.039751
4510_226_246_367,5,5,0.006609,0.018462,0.037091,0.027284,0.026087,0.853486,0.030981
4510_226_1688_1910,3,3,0.024825,0.08736,0.054451,0.501845,0.06912,0.070098,0.192302
4510_225_849_1042,5,3,0.008966,0.022524,0.039882,0.566635,0.051475,0.161071,0.149447
4510_225_154_246,5,2,0.005565,0.027631,0.353507,0.030927,0.25451,0.126088,0.201772
4510_225_546_610,5,3,0.024324,0.119282,0.043319,0.531815,0.019865,0.088657,0.172737
4510_226_610_692,5,6,0.006947,0.016108,0.0184,0.267493,0.009829,0.300486,0.380736
4510_225_367_520,2,6,0.032915,0.162325,0.032187,0.268673,0.02395,0.041886,0.438064
4510_225_31_90,1,3,0.008656,0.010725,0.047269,0.576446,0.025261,0.041243,0.290399
4510_226_1464_1586,5,5,0.012981,0.028049,0.085526,0.210803,0.079835,0.40246,0.180346
4510_226_772_849,5,5,0.011728,0.02111,0.02965,0.044572,0.067222,0.762679,0.063039
4510_225_692_772,4,6,0.01539,0.045638,0.044504,0.183066,0.051856,0.04182,0.617726
4510_226_520_546,5,5,0.009567,0.023446,0.02884,0.067634,0.011808,0.593278,0.265426
4512_226_122_159,6,6,0.008342,0.07381,0.075493,0.075942,0.150206,0.116254,0.499952
4512_226_1198_1302,3,3,0.007432,0.003036,0.029261,0.903627,0.016199,0.028282,0.012162
4512_225_179_294,2,5,0.025295,0.141194,0.037383,0.024327,0.106077,0.599262,0.066462
4512_225_1312_1465,4,4,0.031751,0.160209,0.139681,0.017756,0.539111,0.042022,0.06947
4512_226_949_1022,4,3,0.015491,0.029694,0.097414,0.536522,0.071085,0.151662,0.098133
4512_225_581_920,6,6,0.021826,0.19642,0.099779,0.099797,0.093147,0.236482,0.25255
4512_225_1032_1140,3,6,0.020247,0.065834,0.024933,0.157376,0.092899,0.03788,0.600832
4512_226_322_464,6,1,0.022764,0.395654,0.106297,0.036655,0.261978,0.062439,0.114213
4512_225_474_536,4,4,0.006862,0.130428,0.057714,0.000674,0.775254,0.004106,0.024961
4512_225_31_90,6,6,0.027204,0.05053,0.097759,0.037401,0.184917,0.144415,0.457774
4512_225_1522_1610,6,6,0.011333,0.046468,0.06272,0.025787,0.212503,0.057479,0.583711
4512_226_566_573,5,5,0.018993,0.040041,0.027012,0.016,0.017866,0.775003,0.105085
4512_226_1471_1492,5,6,0.017785,0.075731,0.045273,0.047101,0.041348,0.366411,0.40635
4509_226_71_150,5,3,0.023125,0.035621,0.035241,0.619703,0.02849,0.10148,0.15634
4509_225_1275_1386,2,2,0.003324,0.030699,0.766802,0.007229,0.121023,0.024073,0.046849
4509_225_1081_1192,5,5,0.019395,0.037755,0.0308,0.011647,0.016959,0.805205,0.078238
4509_226_1599_1725,3,3,0.005299,0.005864,0.008177,0.850024,0.011241,0.013275,0.10612
4509_226_204_361,5,5,0.005481,0.04908,0.0182,0.013055,0.016119,0.874126,0.02394
4509_226_1386_1544,5,3,0.014064,0.031316,0.014589,0.716113,0.024005,0.047658,0.152255
4509_225_879_957,5,5,0.005934,0.0204,0.031702,0.042609,0.040015,0.82244,0.0369
4509_225_150_204,5,5,0.004474,0.015246,0.026986,0.048108,0.023355,0.791522,0.090309
4509_226_531_654,5,5,0.022362,0.049821,0.027396,0.061932,0.030851,0.767218,0.04042
4509_226_957_1081,5,3,0.020373,0.049122,0.038684,0.552823,0.021009,0.232648,0.085341
4509_225_361_531,5,5,0.005898,0.049299,0.043423,0.033943,0.07766,0.751247,0.03853
4509_225_31_71,3,3,0.006251,0.004023,0.025419,0.770803,0.014097,0.021818,0.157589
4509_226_1192_1275,3,3,0.0072,0.007191,0.01123,0.859834,0.012304,0.015375,0.086866
4509_226_708_879,1,3,0.011934,0.038904,0.025467,0.558327,0.03268,0.071892,0.260795
4509_225_654_708,5,5,0.00611,0.018226,0.031196,0.025241,0.008996,0.868572,0.041659
4509_225_1544_1599,3,3,0.005562,0.004023,0.008492,0.908186,0.00599,0.008691,0.059056
4509_225_1725_1756,3,3,0.017572,0.00413,0.014434,0.885267,0.006899,0.041089,0.030609
4511_226_122_195,6,2,0.026558,0.059876,0.333674,0.071934,0.024799,0.320858,0.1623
4511_226_1273_1342,6,3,0.010188,0.012152,0.012391,0.732839,0.010566,0.127327,0.094537
4511_226_1176_1206,6,5,0.019122,0.041309,0.022126,0.063007,0.024501,0.509938,0.319997
4511_226_1384_1462,3,6,0.006738,0.008654,0.013424,0.302167,0.023679,0.034428,0.610909
4511_226_884_987,5,3,0.02117,0.053083,0.046829,0.584698,0.029719,0.14897,0.115531
4511_225_592_636,5,2,0.048005,0.047853,0.369531,0.008984,0.092469,0.18784,0.245317
4511_225_1021_1096,5,5,0.009041,0.017358,0.024503,0.008182,0.008559,0.912568,0.019789
4511_226_352_495,2,6,0.032134,0.128419,0.20864,0.083422,0.078394,0.191642,0.277349
4511_225_1219_1265,1,5,0.008861,0.029007,0.029881,0.245211,0.018725,0.584319,0.083996
4511_225_71_86,5,5,0.011271,0.059461,0.033732,0.01887,0.018743,0.522346,0.335577
4511_226_647_817,6,5,0.073081,0.390971,0.051138,0.023776,0.025351,0.397982,0.037702
4511_226_31_53,6,6,0.047474,0.124467,0.060653,0.124778,0.032479,0.257952,0.352196
4511_225_844_862,6,5,0.015634,0.022738,0.04188,0.030701,0.008857,0.553636,0.326553
4511_225_267_333,6,5,0.005411,0.018289,0.074607,0.00724,0.009908,0.857453,0.027091
4511_225_1365_1383,5,5,0.008685,0.021538,0.024246,0.070916,0.010116,0.817244,0.047255
4513_225_100_352,1,1,0.254415,0.594172,0.02626,0.014126,0.048261,0.04509,0.017677
4513_225_1166_1323,1,1,0.078813,0.409814,0.061522,0.03865,0.242528,0.024207,0.144465
4513_226_2001_2092,0,5,0.062023,0.091727,0.019799,0.023236,0.015491,0.771563,0.01616
4513_226_1653_1730,0,1,0.227688,0.54794,0.072429,0.015426,0.078111,0.040953,0.017453
4513_225_1730_2001,1,1,0.314801,0.515574,0.030778,0.01011,0.08515,0.031026,0.012561
4513_225_1460_1653,1,1,0.175577,0.500445,0.07331,0.011735,0.160869,0.039367,0.038698
4513_226_865_941,1,5,0.266552,0.2632,0.024014,0.009624,0.029128,0.38201,0.025472
4513_225_941_1070,1,1,0.099266,0.604994,0.070972,0.031019,0.087438,0.020797,0.085514
4513_226_1323_1460,0,0,0.598295,0.352981,0.012158,0.005938,0.014853,0.010406,0.005369
4513_225_423_612,1,5,0.031591,0.25883,0.099188,0.021361,0.15898,0.295959,0.134091
4513_226_1070_1166,5,1,0.059147,0.344479,0.046662,0.081836,0.097071,0.223828,0.146976
4513_226_612_743,1,0,0.438644,0.418173,0.021746,0.008037,0.03875,0.062899,0.011751
4513_226_31_100,1,5,0.026738,0.183638,0.088514,0.018618,0.061585,0.545914,0.074995
4513_225_743_865,1,1,0.122277,0.410564,0.087204,0.022012,0.101401,0.192083,0.064459
4513_226_352_423,1,1,0.156178,0.433831,0.031354,0.025962,0.059145,0.258642,0.034888
4514_226_127_234,3,6,0.007635,0.0134,0.038482,0.037353,0.168757,0.061379,0.672994
4514_226_1281_1332,6,5,0.022444,0.173121,0.029905,0.046611,0.023615,0.544675,0.159631
4514_226_1164_1216,5,5,0.106319,0.112088,0.021871,0.011891,0.015352,0.664756,0.067723
4514_225_234_330,5,5,0.003619,0.023742,0.01813,0.029055,0.022978,0.880761,0.021716
4514_225_1332_1534,1,5,0.125644,0.318948,0.017483,0.004067,0.038234,0.49116,0.004465
4514_225_31_127,6,6,0.01097,0.051928,0.032173,0.048572,0.055001,0.382822,0.418534
4514_226_850_1079,3,5,0.009533,0.089869,0.013722,0.033135,0.038886,0.762832,0.052022
4514_226_514_704,3,5,0.012538,0.315264,0.08769,0.026623,0.069964,0.334472,0.153449
4514_225_1079_1164,5,5,0.016497,0.055146,0.02247,0.010584,0.015878,0.855899,0.023526
4514_226_330_387,3,6,0.021807,0.208561,0.036794,0.191686,0.083923,0.034832,0.422396
4514_225_387_514,5,5,0.012643,0.192621,0.071762,0.007512,0.133243,0.509463,0.072756
4514_226_1534_1628,3,1,0.02611,0.282708,0.109348,0.113455,0.124841,0.081733,0.261805
4514_225_1216_1281,1,5,0.051834,0.329453,0.025517,0.003918,0.027186,0.545187,0.016905
4514_225_704_850,5,1,0.120984,0.667788,0.029028,0.009073,0.063002,0.090255,0.01987
4518_225_2291_2523,2,6,0.034197,0.151194,0.052997,0.113422,0.078763,0.052403,0.517025
4518_226_84_214,5,5,0.00512,0.017502,0.021985,0.010191,0.04434,0.877271,0.02359
4518_225_1255_1438,4,4,0.015507,0.097441,0.123176,0.020817,0.45761,0.187201,0.098248
4518_225_1678_2066,1,4,0.011315,0.025545,0.053577,0.010699,0.863398,0.00599,0.029476
4518_226_1159_1223,1,2,0.015027,0.015566,0.326345,0.077283,0.281869,0.136663,0.147246
4518_225_224_495,3,3,0.011747,0.018057,0.04562,0.365488,0.035185,0.21812,0.305783
4518_226_2110_2268,4,4,0.009963,0.056927,0.388103,0.002413,0.502719,0.010192,0.029683
4518_226_2544_2624,4,6,0.010792,0.020543,0.030559,0.139996,0.034854,0.011335,0.751922
4518_225_862_1134,4,1,0.114323,0.51005,0.051142,0.012282,0.134719,0.019574,0.15791
4518_226_514_674,1,6,0.01271,0.056132,0.037963,0.165614,0.121012,0.066616,0.539951
4518_225_31_68,6,6,0.053308,0.267784,0.043205,0.087784,0.08444,0.016665,0.446813
4518_226_1473_1667,6,4,0.040327,0.190547,0.028657,0.192369,0.285541,0.039229,0.223332
4518_226_817_846,5,5,0.019611,0.063107,0.045618,0.005311,0.033767,0.774797,0.057789
4518_225_699_808,4,4,0.019911,0.092523,0.028711,0.005591,0.727089,0.005376,0.1208
4516_226_96_190,5,5,0.005881,0.028136,0.034458,0.00281,0.061357,0.854608,0.01275
4516_226_1040_1204,1,2,0.102153,0.316981,0.351131,0.050174,0.123616,0.031298,0.024648
4516_226_712_831,1,5,0.029086,0.130794,0.091803,0.010993,0.09624,0.626054,0.01503
4516_225_31_67,4,4,0.02611,0.369035,0.025136,0.008667,0.467425,0.012389,0.091238
4516_225_936_1015,4,1,0.046121,0.331935,0.041749,0.030882,0.283669,0.010889,0.254756
4516_225_191_295,1,1,0.084133,0.53501,0.037089,0.011109,0.163558,0.02698,0.142121
4516_225_369_436,5,6,0.040019,0.228824,0.027005,0.058265,0.051071,0.189801,0.405015
4516_225_635_698,1,4,0.011803,0.127589,0.033811,0.002377,0.718357,0.004483,0.10158
4516_226_587_620,1,2,0.015421,0.09987,0.302852,0.01225,0.192868,0.193162,0.183577
4516_226_441_518,5,5,0.009491,0.043287,0.024446,0.007048,0.022558,0.884859,0.008311
4516_225_836_870,1,1,0.023881,0.260361,0.130099,0.013475,0.130841,0.25294,0.188403
4516_226_316_358,4,5,0.022757,0.103195,0.147332,0.003434,0.074819,0.618388,0.030076
4516_226_882_921,1,5,0.01099,0.128599,0.125296,0.025104,0.029994,0.353396,0.326621
4516_225_521_565,6,6,0.045467,0.095376,0.020603,0.34358,0.031219,0.062569,0.401186
4520_226_802_1360,1,5,0.057355,0.059741,0.07416,0.020106,0.056003,0.715309,0.017326
4520_225_1938_2110,1,1,0.168262,0.47295,0.042589,0.033911,0.131415,0.084468,0.066404
4520_225_1609_1697,5,6,0.019758,0.091866,0.098667,0.060821,0.120216,0.238932,0.369739
4520_226_129_282,1,1,0.133612,0.39103,0.24156,0.00662,0.173938,0.029089,0.024151
4520_226_1749_1899,1,1,0.111194,0.282454,0.151211,0.087018,0.216918,0.086589,0.064616
4520_225_1409_1506,1,0,0.277653,0.266758,0.254781,0.009184,0.14938,0.030182,0.012062
4520_225_2210_2325,1,1,0.168182,0.473239,0.091414,0.041413,0.15364,0.021054,0.051059
4520_226_520_639,1,1,0.123183,0.299818,0.142268,0.015466,0.186533,0.11899,0.113742
4520_225_335_507,6,1,0.282969,0.432035,0.080917,0.010171,0.107329,0.073367,0.013212
4520_225_31_83,1,1,0.151922,0.548031,0.020932,0.003721,0.264525,0.004051,0.006817
4520_226_1522_1576,1,4,0.103675,0.285476,0.05238,0.006805,0.502639,0.007906,0.04112
4520_225_646_784,6,1,0.095372,0.369613,0.10524,0.036465,0.161128,0.047127,0.185054
4520_226_2346_2413,3,3,0.015052,0.042449,0.019549,0.442806,0.059747,0.014569,0.405827
4520_226_2141_2188,3,4,0.018365,0.048507,0.030988,0.062147,0.796051,0.006846,0.037096
4723_238_124_266,1,1,0.218968,0.590888,0.068481,0.003277,0.052804,0.0538,0.011782
4723_237_1294_1309,5,5,0.014916,0.098688,0.141745,0.02002,0.032049,0.634044,0.058537
4723_238_1181_1286,6,1,0.021607,0.476161,0.175674,0.067672,0.056573,0.055617,0.146697
4723_237_1500_1699,1,1,0.173084,0.49866,0.121106,0.006408,0.070158,0.109692,0.020892
4723_238_1350_1487,5,5,0.013461,0.124182,0.076259,0.027898,0.047448,0.651286,0.059466
4723_237_904_996,5,5,0.110793,0.219389,0.056776,0.008595,0.037048,0.555785,0.011614
4723_237_428_617,0,1,0.335402,0.539469,0.042333,0.002687,0.055972,0.012439,0.011698
4723_237_1039_1167,1,1,0.025506,0.594028,0.166081,0.01173,0.074468,0.114343,0.013843
4723_238_1717_1775,1,1,0.13379,0.645642,0.136975,0.009986,0.036621,0.013741,0.023245
4723_238_332_421,1,2,0.009553,0.307299,0.328255,0.020847,0.036585,0.170015,0.127445
4723_238_622_710,1,1,0.078859,0.63975,0.085009,0.006139,0.153001,0.013587,0.023655
4723_237_31_110,1,5,0.008682,0.125833,0.133438,0.018848,0.031265,0.637542,0.044392
4723_238_811_897,6,5,0.014134,0.102164,0.058526,0.266635,0.014702,0.455813,0.088027
4723_237_721_798,1,1,0.039708,0.562964,0.147744,0.007699,0.04022,0.174943,0.02672
4723_238_1004_1034,1,6,0.043443,0.296883,0.088024,0.036139,0.133089,0.06975,0.332672
4723_237_277_322,1,2,0.007643,0.159615,0.587136,0.004632,0.03085,0.117084,0.093039
4727_238_117_190,5,5,0.004386,0.055042,0.04762,0.01151,0.017357,0.84182,0.022265
4727_238_1241_1398,1,2,0.015737,0.291975,0.347598,0.057843,0.136232,0.101063,0.049551
4727_237_1092_1241,1,1,0.117997,0.752529,0.032589,0.02537,0.02411,0.02614,0.021265
4727_237_1398_1680,1,1,0.23511,0.618001,0.050703,0.008426,0.057173,0.017061,0.013526
4727_237_190_368,1,5,0.020361,0.169643,0.077388,0.160246,0.02167,0.424427,0.126265
4727_237_776_933,3,6,0.013704,0.107042,0.197283,0.278041,0.049263,0.06775,0.286915
4727_238_933_1092,1,2,0.009039,0.096938,0.712773,0.021733,0.063072,0.055921,0.040524
4727_237_466_684,5,2,0.004629,0.164154,0.55679,0.029437,0.034268,0.085335,0.125388
4727_237_31_117,5,6,0.007771,0.03521,0.189883,0.245341,0.029685,0.157893,0.334217
4727_238_368_466,5,2,0.008034,0.18785,0.58073,0.003948,0.095463,0.090611,0.033365
4727_238_1680_1759,5,1,0.051527,0.326244,0.22415,0.016732,0.258438,0.028028,0.094881
4727_238_684_776,5,5,0.013262,0.082665,0.192174,0.022328,0.044153,0.619461,0.025956
4728_238_107_170,5,5,0.033444,0.182846,0.081906,0.020106,0.025665,0.608066,0.047967
4728_237_1187_1340,1,1,0.060767,0.796298,0.039975,0.026996,0.021103,0.030286,0.024574
4728_238_1080_1187,5,3,0.010444,0.043504,0.104399,0.489152,0.009702,0.305898,0.0369
4728_237_170_290,5,5,0.007934,0.047313,0.072833,0.01976,0.059119,0.764943,0.028098
4728_238_1340_1502,3,5,0.045666,0.282406,0.069328,0.10107,0.04919,0.356313,0.096027
4728_238_841_959,5,5,0.008407,0.040972,0.071736,0.021944,0.03005,0.806522,0.020369
4728_238_579_684,5,2,0.00928,0.048559,0.740604,0.014075,0.059605,0.09049,0.037387
4728_238_290_400,3,3,0.008342,0.010261,0.032752,0.726232,0.008211,0.183178,0.031025
4728_237_959_1080,1,1,0.018972,0.354243,0.320455,0.025493,0.161784,0.032035,0.087018
4728_237_440_579,3,3,0.017307,0.041218,0.070304,0.619671,0.049178,0.067565,0.134756
4728_237_31_107,5,5,0.014255,0.057667,0.223108,0.038623,0.063394,0.397249,0.205703
4728_237_1502_1543,5,3,0.026637,0.034343,0.057556,0.576157,0.0332,0.107035,0.165072
4728_237_684_841,5,5,0.045606,0.327455,0.164285,0.01685,0.044468,0.372197,0.029139
4724_238_125_208,1,5,0.025046,0.144427,0.114001,0.011584,0.032333,0.661362,0.011246
4724_238_1286_1468,3,1,0.024935,0.394366,0.178451,0.074436,0.057771,0.098087,0.171956
4724_237_1586_1700,1,1,0.117721,0.748122,0.038499,0.00265,0.067938,0.015278,0.009792
4724_237_218_279,5,5,0.004709,0.018564,0.073996,0.003837,0.018528,0.871397,0.00897
4724_238_1717_1812,1,1,0.15704,0.421128,0.13742,0.01351,0.063647,0.189869,0.017386
4724_238_847_984,4,1,0.051282,0.516998,0.226747,0.015652,0.132402,0.030659,0.02626
4724_237_548_617,4,2,0.013749,0.190097,0.461042,0.013526,0.105484,0.184611,0.031491
4724_238_1104_1175,6,6,0.01023,0.08637,0.049992,0.106666,0.071773,0.052714,0.622254
4724_238_293_533,1,1,0.1109,0.611286,0.1212,0.007966,0.089746,0.024359,0.034544
4724_237_1002_1083,1,4,0.035115,0.193054,0.259931,0.084052,0.285049,0.023073,0.119727
4724_237_31_112,1,1,0.052478,0.294223,0.192714,0.007779,0.146957,0.218905,0.086944
4724_238_1527_1579,1,6,0.011873,0.034543,0.02097,0.095494,0.022908,0.01092,0.803294
4724_237_1187_1265,5,5,0.047071,0.137722,0.045452,0.003663,0.038861,0.719112,0.008119
4724_237_1482_1512,5,5,0.016849,0.106544,0.129258,0.006446,0.022145,0.630825,0.087933
4724_237_724_830,4,2,0.02157,0.174879,0.45675,0.076115,0.081017,0.079152,0.110517
4724_238_641_716,4,6,0.027634,0.201586,0.142084,0.027372,0.076935,0.241444,0.282945
4729_238_126_208,5,5,0.010515,0.100357,0.087183,0.022736,0.021819,0.719228,0.038162
4729_238_1174_1327,5,1,0.019655,0.576721,0.170094,0.017208,0.099741,0.078934,0.037647
4729_238_1656_1801,1,1,0.394257,0.455389,0.033363,0.024071,0.043398,0.022435,0.027087
4729_237_208_388,5,5,0.00702,0.039281,0.058432,0.159009,0.013293,0.457337,0.265628
4729_237_1801_1925,1,3,0.016831,0.162141,0.24536,0.423453,0.040788,0.033783,0.077643
4729_237_1327_1476,1,1,0.020615,0.584782,0.220408,0.008667,0.058343,0.069178,0.038006
4729_237_31_126,5,3,0.011015,0.047671,0.081911,0.46562,0.023392,0.213986,0.156405
4729_237_760_947,5,2,0.014645,0.209716,0.30718,0.066402,0.022108,0.240594,0.139356
4729_238_947_1042,1,1,0.087342,0.682788,0.108742,0.006381,0.058143,0.048511,0.008093
4729_237_470_635,5,1,0.046434,0.535136,0.255608,0.011023,0.042661,0.083957,0.025181
4729_237_1042_1174,1,2,0.021021,0.243096,0.309522,0.232413,0.02501,0.108285,0.060652
4729_238_635_760,1,5,0.017199,0.151095,0.156777,0.048355,0.067172,0.387726,0.171675
4729_238_388_470,5,5,0.011329,0.086885,0.070324,0.060758,0.035388,0.686614,0.048703
4729_238_1476_1554,1,1,0.034032,0.340729,0.101665,0.132237,0.074697,0.152524,0.164116
4729_237_1554_1656,1,4,0.005209,0.020029,0.334896,0.027677,0.5981,0.007044,0.007045
4732_238_75_202,5,5,0.004819,0.034842,0.028978,0.213549,0.010165,0.667199,0.040448
4732_237_1256_1330,3,3,0.008933,0.011098,0.013983,0.841978,0.01278,0.006184,0.105044
4732_237_1037_1194,3,3,0.017643,0.24191,0.150262,0.503093,0.017936,0.031436,0.03772
4732_237_202_323,3,3,0.006791,0.017373,0.026,0.815564,0.007352,0.023823,0.103097
4732_237_649_956,3,5,0.011731,0.198202,0.15616,0.121757,0.019555,0.431953,0.060642
4732_238_1330_1368,3,3,0.005786,0.002739,0.005361,0.932317,0.00697,0.011809,0.035018
4732_237_380_602,6,1,0.025664,0.400643,0.370542,0.024104,0.03238,0.076111,0.070556
4732_238_323_380,5,5,0.007411,0.04722,0.069307,0.04015,0.026423,0.737289,0.072199
4732_238_602_649,3,5,0.036769,0.123764,0.046641,0.212693,0.015105,0.509673,0.055355
4732_238_956_1037,3,5,0.022083,0.125576,0.119141,0.207397,0.037861,0.448689,0.039253
4732_237_31_75,3,6,0.01872,0.054015,0.122061,0.186158,0.042673,0.041618,0.534755
4732_238_1194_1256,3,3,0.021454,0.076404,0.040053,0.532196,0.034741,0.023233,0.271918
4733_238_2408_2504,2,2,0.029661,0.136252,0.490689,0.111096,0.069589,0.039787,0.122927
4733_238_127_307,5,5,0.208396,0.323885,0.059169,0.007233,0.038573,0.354255,0.008489
4733_238_1095_1386,2,1,0.223207,0.60901,0.034948,0.009723,0.022956,0.090415,0.00974
4733_238_1948_2105,2,1,0.025687,0.51897,0.198517,0.02057,0.021174,0.118529,0.096553
4733_237_1623_1744,2,4,0.005573,0.030304,0.147684,0.002568,0.765125,0.008064,0.040682
4733_238_1744_1887,2,6,0.019149,0.082514,0.0633,0.343078,0.050488,0.058704,0.382768
4733_238_1450_1623,2,1,0.261801,0.616778,0.027689,0.011465,0.016434,0.056975,0.00886
4733_238_2138_2284,2,1,0.01719,0.315342,0.275343,0.160761,0.045974,0.059235,0.126154
4733_237_31_127,4,4,0.008786,0.060769,0.142918,0.072951,0.583929,0.014093,0.116553
4733_237_862_1095,1,2,0.015364,0.140991,0.37066,0.035778,0.115372,0.08334,0.238495
4733_237_2284_2408,2,2,0.009595,0.065154,0.61534,0.000713,0.296798,0.005786,0.006615
4733_237_307_705,1,2,0.024007,0.364474,0.439152,0.013838,0.072779,0.054182,0.031569
4733_238_705_862,5,5,0.003643,0.012716,0.034252,0.014503,0.009938,0.917702,0.007245
4733_237_1887_1948,2,4,0.007604,0.059182,0.306838,0.003209,0.54576,0.013775,0.063632
4733_237_2105_2138,5,5,0.032406,0.085978,0.062173,0.008354,0.024364,0.744966,0.041759
4733_237_1386_1450,2,5,0.024466,0.189483,0.125447,0.025756,0.10588,0.270822,0.258147
4741_237_31_179,1,1,0.069397,0.453669,0.116584,0.056171,0.028766,0.259376,0.016036
4741_237_988_1353,1,1,0.088741,0.541793,0.229297,0.019841,0.076033,0.019379,0.024916
4741_238_1638_1740,6,3,0.018453,0.013919,0.04747,0.61501,0.096358,0.143173,0.065617
4741_238_202_414,3,3,0.019234,0.173086,0.177708,0.391201,0.081864,0.078566,0.078341
4741_237_1762_1866,1,3,0.010492,0.015917,0.043184,0.690287,0.100794,0.070593,0.068733
4741_238_1378_1524,1,2,0.013097,0.108264,0.324998,0.020967,0.31179,0.154429,0.066457
4741_237_808_943,1,1,0.072174,0.494155,0.29068,0.009096,0.066658,0.043584,0.023655
4741_237_436_592,1,4,0.021833,0.261136,0.094583,0.241166,0.312008,0.026211,0.043063
4741_238_614_791,1,1,0.036908,0.380126,0.132802,0.100018,0.093241,0.214077,0.042829
4741_237_1541_1586,1,4,0.029237,0.16139,0.074347,0.005033,0.707877,0.002601,0.019516
4741_238_953_969,5,5,0.012025,0.038901,0.06848,0.011924,0.037986,0.80566,0.025024
4740_237_86_306,1,4,0.032756,0.214337,0.234869,0.070032,0.347785,0.02362,0.076601
4740_237_1025_1440,5,4,0.026203,0.129203,0.146906,0.011,0.643674,0.02198,0.021033
4740_237_2031_2348,1,5,0.026851,0.092541,0.060774,0.23058,0.044628,0.337221,0.207405
4740_237_1773_1895,1,1,0.056102,0.445401,0.096471,0.022821,0.164803,0.133352,0.08105
4740_238_1459_1640,3,2,0.024341,0.139426,0.263256,0.243215,0.088807,0.200873,0.040084
4740_238_2383_2487,3,5,0.03058,0.080842,0.145409,0.1362,0.129685,0.324569,0.152715
4740_238_615_1002,1,4,0.021211,0.283172,0.129527,0.049018,0.384073,0.046713,0.086287
4740_238_316_422,1,1,0.023796,0.367191,0.257786,0.021817,0.116831,0.148819,0.063759
4740_237_430_590,1,2,0.018834,0.287942,0.345332,0.101007,0.163826,0.059764,0.023296
4740_238_31_73,3,1,0.0409,0.328697,0.147556,0.00792,0.058871,0.278375,0.137681
4740_238_1692_1744,5,2,0.012841,0.101919,0.387191,0.005837,0.132193,0.202132,0.157888
4740_238_1921_2021,3,1,0.020728,0.275347,0.189031,0.079051,0.093157,0.167728,0.174958
4740_237_1659_1670,5,5,0.010989,0.045732,0.037774,0.008532,0.025093,0.845848,0.026032
4739_238_1294_1484,1,1,0.006807,0.480314,0.364133,0.022407,0.030884,0.038358,0.057096
4739_237_1163_1263,5,5,0.02959,0.273293,0.229235,0.009649,0.028305,0.352602,0.077326
4739_237_1509_1723,1,1,0.03846,0.304291,0.160102,0.059193,0.06255,0.165259,0.210145
4739_238_137_278,1,1,0.015354,0.334085,0.174826,0.023503,0.164639,0.023484,0.264109
4739_238_1736_1805,1,1,0.062658,0.408169,0.150369,0.054296,0.032205,0.077805,0.214498
4739_237_2063_2263,1,3,0.018008,0.070789,0.071408,0.449958,0.141226,0.0351,0.213512
4739_238_937_1143,1,1,0.015842,0.491951,0.150504,0.035043,0.08829,0.028366,0.190004
4739_238_2281_2342,3,6,0.037385,0.188388,0.033876,0.281369,0.056126,0.033579,0.369277
4739_237_310_598,5,3,0.02989,0.183308,0.190817,0.214495,0.173026,0.090508,0.117958
4739_238_627_690,1,1,0.062909,0.519505,0.040856,0.021124,0.112305,0.010815,0.232485
4739_237_31_95,6,2,0.018597,0.174565,0.369657,0.032297,0.038639,0.157484,0.208762
4739_237_717_907,5,5,0.01521,0.132883,0.072186,0.020717,0.026671,0.688205,0.044128
4739_237_1824_1959,1,6,0.008843,0.044781,0.038441,0.247212,0.03008,0.124883,0.50576
4739_238_1984_2046,1,6,0.019213,0.114722,0.091525,0.096915,0.032826,0.054584,0.590215
4738_238_31_129,6,2,0.010729,0.288765,0.588886,0.004765,0.050377,0.031552,0.024926
4738_238_1062_1544,4,2,0.011959,0.146031,0.368432,0.011588,0.348977,0.085004,0.028009
4738_237_1974_2238,4,3,0.014996,0.194108,0.148553,0.363131,0.112589,0.051812,0.11481
4738_238_1639_1687,6,2,0.020064,0.153283,0.565341,0.008778,0.101083,0.072346,0.079104
4738_237_159_273,5,5,0.014796,0.097366,0.234108,0.010996,0.036584,0.593916,0.012234
4738_237_1715_1812,6,4,0.021281,0.247938,0.216421,0.043612,0.324771,0.036553,0.109423
4738_238_823_961,6,2,0.017864,0.242558,0.34645,0.043879,0.113256,0.142739,0.093254
4738_238_605_693,4,4,0.019559,0.100918,0.141219,0.006709,0.702841,0.009362,0.019392
4738_238_354_475,4,1,0.073849,0.612949,0.067016,0.012825,0.131205,0.014411,0.087744
4738_238_1835_1949,6,5,0.017599,0.07303,0.200947,0.031598,0.086111,0.574931,0.015784
4738_237_718_799,5,2,0.022453,0.16589,0.352927,0.008552,0.133835,0.039549,0.276794
4738_237_1556_1599,3,3,0.026939,0.07219,0.105081,0.636244,0.060076,0.007139,0.092332
4738_237_489_573,6,4,0.006541,0.03055,0.412821,0.012902,0.52547,0.00495,0.006766
4738_237_982_1033,3,5,0.021481,0.114806,0.098016,0.238973,0.018208,0.461547,0.046968
4738_238_2259_2276,6,4,0.034235,0.094008,0.19479,0.034503,0.257721,0.158616,0.226126
4742_237_1141_1491,2,2,0.008418,0.044746,0.404071,0.025488,0.341548,0.128441,0.047287
4742_237_1849_2064,2,2,0.01052,0.139882,0.514977,0.039283,0.162123,0.05927,0.073944
4742_237_1621_1718,2,4,0.031869,0.13407,0.34363,0.01562,0.393321,0.02226,0.059229
4742_238_134_283,5,5,0.024132,0.138709,0.103065,0.005146,0.119069,0.596053,0.013826
4742_238_1763_1831,5,5,0.10606,0.221891,0.205656,0.010571,0.071259,0.365254,0.019309
4742_237_909_991,2,5,0.017096,0.14263,0.239902,0.108226,0.037448,0.269004,0.185693
4742_238_578_669,5,5,0.01089,0.074549,0.098101,0.003313,0.031956,0.768744,0.012447
4742_238_1004_1112,1,1,0.043685,0.40366,0.257301,0.022238,0.073424,0.099708,0.099984
4742_237_313_559,2,2,0.017276,0.045015,0.392117,0.052797,0.268603,0.146248,0.077944
4742_237_31_108,2,2,0.012741,0.059059,0.399862,0.027502,0.100783,0.131689,0.268364
4742_238_1508_1610,5,2,0.004391,0.044849,0.693713,0.003124,0.031748,0.206285,0.01589
4742_238_798_856,5,2,0.004858,0.056688,0.665595,0.002047,0.05894,0.199785,0.012086
4742_237_728_778,1,4,0.050974,0.306882,0.13546,0.030918,0.382046,0.010064,0.083656
4743_237_31_599,2,2,0.031975,0.135971,0.46951,0.007021,0.319492,0.020874,0.015157
4743_237_1036_1325,2,2,0.006862,0.017687,0.614174,0.004589,0.33043,0.021589,0.004669
4743_237_1648_1812,2,2,0.033227,0.102427,0.408965,0.012225,0.39494,0.036088,0.012128
4743_237_1418_1587,1,2,0.009932,0.048604,0.533386,0.002012,0.281649,0.105854,0.018562
4743_237_746_955,2,2,0.012109,0.087512,0.543051,0.004935,0.233425,0.097978,0.020991
4743_238_1346_1392,4,2,0.006646,0.04858,0.698339,0.001829,0.161381,0.047585,0.03564
4743_238_630_723,1,2,0.004414,0.016795,0.817251,0.004281,0.039824,0.112071,0.005363
4743_237_1896_1995,2,2,0.013128,0.02277,0.442816,0.291873,0.07702,0.113277,0.039117
4743_238_1598_1625,2,2,0.002973,0.024053,0.823633,0.000931,0.026757,0.118109,0.003543
4743_238_1840_1879,5,2,0.013232,0.094612,0.577962,0.006929,0.048003,0.194417,0.064845
4743_238_968_998,1,2,0.004532,0.017473,0.727621,0.001292,0.069876,0.170075,0.009131
4743_238_1999_2036,2,1,0.082745,0.346849,0.166198,0.066124,0.103393,0.111345,0.123345
4744_237_942_1188,4,2,0.017471,0.160219,0.443339,0.021907,0.212293,0.120927,0.023844
4744_237_149_290,1,2,0.01248,0.092483,0.550189,0.032141,0.272157,0.01102,0.029531
4744_238_1421_1474,1,4,0.018864,0.160092,0.141173,0.073456,0.468697,0.031402,0.106316
4744_238_31_124,1,1,0.254087,0.462545,0.096701,0.008217,0.03626,0.12943,0.012762
4744_237_1297_1391,4,2,0.031991,0.282027,0.305352,0.011469,0.149167,0.194447,0.025547
4744_238_574_647,1,4,0.019474,0.216039,0.221909,0.016663,0.456969,0.027241,0.041706
4744_238_326_453,1,1,0.148488,0.70469,0.062203,0.007745,0.032072,0.024358,0.020443
4744_237_472_511,4,4,0.009959,0.038639,0.119161,0.012745,0.80162,0.002842,0.015034
4744_237_1494_1609,4,4,0.029238,0.293632,0.124322,0.026754,0.463832,0.011174,0.051048
4744_238_1201_1280,0,5,0.046143,0.304115,0.15246,0.034994,0.037023,0.349129,0.076138
4744_238_813_923,1,5,0.045171,0.178204,0.11099,0.051193,0.041223,0.550953,0.022267
4744_237_673_782,4,4,0.013812,0.081827,0.298062,0.038324,0.482459,0.023321,0.062195
4746_237_31_175,3,3,0.012019,0.026953,0.018032,0.838596,0.011446,0.04187,0.051084
4746_238_1795_2048,4,3,0.028858,0.271384,0.118978,0.308459,0.127842,0.054659,0.08982
4746_238_1112_1199,4,1,0.077651,0.490682,0.138993,0.009159,0.226086,0.038389,0.019039
4746_238_1601_1687,4,4,0.051139,0.286658,0.169532,0.086532,0.31501,0.03821,0.05292
4746_238_194_259,5,5,0.01237,0.130683,0.131575,0.015571,0.029671,0.65425,0.025878
4746_237_1451_1579,4,2,0.015721,0.194779,0.363641,0.008039,0.207718,0.192699,0.017402
4746_237_931_1090,1,3,0.022075,0.158191,0.238557,0.32979,0.056411,0.091597,0.103378
4746_238_1309_1423,4,1,0.014971,0.331872,0.192414,0.028961,0.05113,0.091384,0.289268
4746_238_545_912,4,2,0.010434,0.056672,0.404873,0.081995,0.232784,0.101267,0.111974
4746_237_1707_1767,4,4,0.122867,0.411292,0.0294,0.007292,0.412909,0.0046,0.01164
4746_237_274_528,3,4,0.040702,0.289282,0.155453,0.058833,0.416788,0.012608,0.026334
4746_237_1209_1284,5,5,0.00279,0.010775,0.037298,0.015091,0.011522,0.917257,0.005268
4745_238_31_156,1,2,0.016653,0.302905,0.39024,0.011938,0.199811,0.056654,0.021798
4745_238_1286_1373,3,6,0.019907,0.027908,0.171522,0.225696,0.054432,0.086074,0.41446
4745_237_1136_1262,3,3,0.008461,0.029439,0.097192,0.76597,0.013282,0.016802,0.068854
4745_237_1649_1736,1,3,0.029494,0.084437,0.138812,0.341719,0.15138,0.021158,0.233
4745_237_180_398,1,2,0.011802,0.131381,0.381641,0.071094,0.287522,0.039336,0.077224
4745_237_1793_1948,1,3,0.023113,0.149113,0.153765,0.417278,0.087819,0.038059,0.130852
4745_237_1388_1530,3,3,0.00856,0.040341,0.159895,0.577049,0.025516,0.015619,0.173019
4745_237_913_1000,6,6,0.013949,0.074487,0.166414,0.216501,0.078861,0.124642,0.325146
4745_237_575_739,4,1,0.068782,0.59463,0.055192,0.055661,0.162191,0.021759,0.041784
4745_238_1028_1115,3,6,0.015556,0.085824,0.191805,0.253165,0.03225,0.168193,0.253207
4745_238_1747_1773,1,5,0.009834,0.019386,0.387031,0.103654,0.023877,0.414248,0.041969
4745_238_422_557,1,2,0.009556,0.022522,0.361683,0.105884,0.084172,0.208026,0.208157
4745_238_753_888,4,5,0.006912,0.09033,0.062769,0.036482,0.064873,0.664975,0.073659
4745_238_1559_1637,3,3,0.011954,0.005841,0.026277,0.736609,0.013203,0.132011,0.074105
4745_238_1964_2002,5,5,0.003136,0.012032,0.104573,0.01801,0.027334,0.815158,0.019757
4751_237_31_177,5,5,0.010712,0.023838,0.04774,0.046105,0.023997,0.827637,0.019972
4751_238_1237_1298,5,5,0.005147,0.021814,0.019222,0.16327,0.007607,0.769285,0.013654
4751_237_942_1237,5,5,0.050973,0.136138,0.058524,0.010601,0.033188,0.705434,0.005141
4751_237_1635_1784,5,3,0.024768,0.140141,0.137113,0.554523,0.022826,0.024193,0.096436
4751_238_177_290,3,3,0.030578,0.066692,0.112358,0.345137,0.210059,0.147649,0.087528
4751_238_1784_2022,1,1,0.015155,0.246841,0.246317,0.167883,0.067114,0.177931,0.078759
4751_238_1428_1635,1,1,0.061582,0.650423,0.077531,0.009827,0.035124,0.155306,0.010206
4751_238_785_942,5,5,0.010517,0.278685,0.155635,0.053789,0.016096,0.415522,0.069756
4751_237_1298_1428,5,1,0.242628,0.476667,0.103719,0.009633,0.080634,0.054232,0.032486
4751_237_552_785,1,1,0.087609,0.43957,0.121738,0.008475,0.071181,0.246691,0.024735
4751_237_290_412,5,3,0.011227,0.023687,0.056655,0.727295,0.029477,0.11005,0.041609
4751_238_412_552,1,1,0.034247,0.429919,0.236233,0.026294,0.11794,0.122845,0.032522
4752_237_127_267,1,1,0.03013,0.397491,0.271914,0.066109,0.189885,0.030817,0.013654
4752_237_1249_1359,5,2,0.005643,0.073435,0.726773,0.089957,0.071684,0.012566,0.019943
4752_238_1147_1249,5,5,0.010752,0.061307,0.149715,0.004594,0.03178,0.737462,0.004391
4752_237_1592_1763,5,1,0.077956,0.382608,0.07015,0.04303,0.064927,0.310425,0.050904
4752_238_1763_1866,1,1,0.061395,0.613356,0.168873,0.022087,0.044005,0.066083,0.024201
4752_238_1359_1592,5,2,0.003747,0.077814,0.769072,0.004704,0.07402,0.044001,0.026642
4752_238_31_127,5,2,0.013882,0.086329,0.269495,0.097814,0.199117,0.157488,0.175875
4752_237_717_982,5,2,0.012765,0.131984,0.451836,0.04418,0.08406,0.255338,0.019837
4752_238_530_717,5,2,0.007921,0.092037,0.695969,0.007732,0.036632,0.140131,0.019578
4752_237_1036_1147,1,4,0.011034,0.038357,0.361759,0.014543,0.484381,0.013497,0.07643
4752_238_267_344,5,2,0.002691,0.010203,0.552655,0.001493,0.40959,0.016371,0.006997
4752_238_982_1036,5,2,0.011166,0.173465,0.444791,0.012398,0.268506,0.061472,0.028203
4752_237_344_530,1,4,0.013503,0.209611,0.312405,0.006971,0.400814,0.012788,0.043908
4750_237_31_154,5,5,0.014736,0.042881,0.059466,0.006859,0.08368,0.777912,0.014466
4750_237_1270_1537,1,1,0.079759,0.281446,0.220334,0.092417,0.200136,0.057743,0.068165
4750_238_1141_1270,5,2,0.00979,0.170647,0.487896,0.021735,0.101254,0.170314,0.038365
4750_237_1624_1749,1,4,0.003139,0.028948,0.243037,0.001352,0.701418,0.016754,0.005352
4750_237_241_350,1,5,0.020777,0.263285,0.266393,0.006734,0.12446,0.287742,0.030609
4750_237_1800_1850,1,4,0.018527,0.070856,0.343506,0.016991,0.395217,0.022199,0.132704
4750_238_1749_1800,5,5,0.006739,0.023936,0.322479,0.009065,0.029064,0.590706,0.018011
4750_238_820_1007,1,2,0.007146,0.044931,0.676759,0.067101,0.098276,0.050463,0.055324
4750_238_154_241,5,5,0.019452,0.18894,0.251314,0.058427,0.041336,0.292771,0.14776
4750_237_477_820,5,5,0.027218,0.036626,0.161537,0.024913,0.163482,0.573,0.013224
4750_237_1007_1141,1,4,0.013843,0.112808,0.061827,0.003673,0.780884,0.006337,0.020628
4750_238_350_477,5,2,0.008122,0.154779,0.607502,0.004584,0.160541,0.03133,0.033142
4750_238_1850_1988,1,2,0.038208,0.222558,0.496318,0.012428,0.113587,0.058764,0.058136
4750_238_1537_1624,5,4,0.014686,0.01735,0.263191,0.135536,0.35596,0.087644,0.125632
4754_238_902_1295,4,2,0.004189,0.208172,0.708996,0.0039,0.026608,0.033055,0.01508
4754_238_1538_1829,4,1,0.131762,0.60148,0.142404,0.007516,0.093779,0.013029,0.01003
4754_237_235_319,5,2,0.03845,0.200062,0.371437,0.005065,0.141548,0.170107,0.07333
4754_237_1332_1495,5,1,0.159207,0.359986,0.233707,0.013675,0.042073,0.188054,0.003298
4754_237_2210_2242,0,1,0.242007,0.629138,0.024793,0.016661,0.021347,0.020985,0.04507
4754_238_2067_2178,4,2,0.003721,0.030657,0.738917,0.000534,0.127575,0.016053,0.082543
4754_238_625_745,4,2,0.012678,0.066121,0.468866,0.000763,0.405686,0.009028,0.036858
4754_238_369_502,4,2,0.00379,0.040075,0.686553,0.002014,0.248527,0.009351,0.00969
4754_237_31_71,5,1,0.263947,0.445023,0.068417,0.005162,0.032855,0.047586,0.13701
4754_237_782_842,5,5,0.008078,0.050137,0.174052,0.003019,0.014703,0.723187,0.026824
4754_237_1857_1948,2,2,0.018121,0.165487,0.448771,0.003482,0.035296,0.310384,0.018459
4754_237_2011_2031,5,5,0.048402,0.13511,0.18194,0.0114,0.162034,0.311505,0.149609
4754_238_1978_2006,4,2,0.033893,0.198836,0.375784,0.020957,0.227275,0.024298,0.118956
4754_238_188_194,4,4,0.023558,0.042566,0.411892,0.014765,0.471152,0.017852,0.018214
4754_237_546_563,5,0,0.389335,0.156743,0.036383,0.02945,0.022644,0.332993,0.032452
4753_237_111_149,1,1,0.067013,0.473977,0.163602,0.033618,0.168024,0.012082,0.081685
4753_237_1011_1353,5,2,0.017029,0.332462,0.477239,0.005248,0.036696,0.07328,0.058044
4753_237_1458_1876,1,1,0.197033,0.62914,0.073028,0.017338,0.029652,0.024761,0.029049
4753_238_177_222,6,2,0.020619,0.200275,0.475296,0.003029,0.080882,0.202106,0.017792
4753_237_542_627,6,3,0.010996,0.022427,0.106941,0.777327,0.011836,0.029919,0.040554
4753_237_257_378,1,2,0.018168,0.217696,0.370916,0.007999,0.332554,0.015886,0.036781
4753_238_403_520,3,1,0.083057,0.515029,0.166135,0.005311,0.176145,0.02656,0.027764
4753_238_31_84,6,2,0.009812,0.034168,0.500017,0.021543,0.265735,0.041481,0.127243
4753_237_761_907,4,1,0.078025,0.508909,0.205894,0.014084,0.115826,0.039778,0.037484
4753_238_682_736,5,5,0.005525,0.017499,0.05238,0.075513,0.011214,0.808892,0.028977
4753_238_1383_1432,6,3,0.050603,0.18357,0.051731,0.370769,0.032004,0.032647,0.278676
4753_238_952_1009,1,5,0.02701,0.209421,0.117738,0.0305,0.035513,0.364912,0.214906
4753_238_1931_2036,5,2,0.004501,0.063549,0.695185,0.003338,0.075531,0.116943,0.040952
4758_238_1922_2123,1,1,0.03186,0.234452,0.183302,0.183663,0.115953,0.094089,0.156681
4758_237_1113_1271,0,0,0.667719,0.18472,0.014844,0.048797,0.015901,0.062639,0.00538
4758_238_1600_1817,1,1,0.032494,0.403129,0.210012,0.051074,0.178009,0.0569,0.068383
4758_238_1311_1471,1,4,0.055532,0.236077,0.122295,0.008494,0.543253,0.010915,0.023433
4758_238_827_1107,1,4,0.034062,0.21769,0.157146,0.087107,0.408306,0.023577,0.072112
4758_238_130_225,1,1,0.046075,0.309056,0.131627,0.211628,0.113937,0.028,0.159676
4758_237_259_573,1,0,0.64989,0.303851,0.006647,0.007658,0.008551,0.018716,0.004687
4758_238_640_701,3,3,0.040251,0.210867,0.134502,0.410948,0.051646,0.087888,0.063897
4758_237_31_90,0,0,0.504543,0.349702,0.030379,0.006831,0.029962,0.068202,0.010382
4758_237_1483_1570,0,1,0.235523,0.506266,0.046758,0.145951,0.017706,0.017016,0.030781
4758_237_725_801,1,1,0.283967,0.32615,0.050305,0.039855,0.034879,0.239105,0.025738
4758_237_1839_1857,0,1,0.101389,0.343392,0.1668,0.026896,0.310003,0.032268,0.019251
4757_238_1216_1383,0,0,0.441306,0.440316,0.03292,0.015617,0.029038,0.013324,0.02748
4757_238_1798_2093,1,1,0.308515,0.610216,0.01961,0.00407,0.045608,0.007837,0.004143
4757_237_1087_1186,4,1,0.137855,0.65674,0.052769,0.018568,0.110654,0.0153,0.008113
4757_237_1669_1780,4,4,0.023803,0.31658,0.111327,0.006304,0.490247,0.028081,0.023658
4757_238_133_318,1,1,0.237966,0.537076,0.053531,0.026102,0.114419,0.018798,0.012106
4757_237_1398_1526,4,4,0.015741,0.124395,0.154641,0.01389,0.656892,0.021542,0.0129
4757_237_789_955,1,0,0.510107,0.401294,0.020475,0.015014,0.019297,0.018781,0.015032
4757_238_2226_2392,4,1,0.101571,0.434563,0.08416,0.015488,0.311039,0.015177,0.038001
4757_237_342_662,4,1,0.178099,0.57804,0.080189,0.026427,0.091521,0.025177,0.020547
4757_238_971_1064,0,1,0.404472,0.442696,0.043538,0.024893,0.020339,0.016716,0.047346
4757_237_31_100,4,4,0.005097,0.028702,0.351323,0.007701,0.554672,0.00859,0.043917
4757_237_2415_2469,4,4,0.033808,0.197298,0.1245,0.010445,0.573986,0.02933,0.030634
4757_237_2111_2205,4,4,0.01171,0.06653,0.22763,0.001727,0.674874,0.003496,0.014033
4757_238_694_779,0,1,0.356908,0.514226,0.039121,0.010092,0.022286,0.036662,0.020705
4757_238_1542_1649,1,1,0.284263,0.584393,0.041612,0.009117,0.04947,0.014545,0.016599
4760_238_87_148,2,4,0.00863,0.066594,0.291656,0.005314,0.56547,0.03798,0.024356
4760_238_1180_1437,4,4,0.010496,0.057562,0.156895,0.135264,0.470747,0.114473,0.054564
4760_238_1738_2063,3,1,0.068439,0.429738,0.206069,0.025297,0.204101,0.027863,0.038494
4760_237_1595_1717,1,1,0.282571,0.557528,0.022113,0.056941,0.016482,0.02752,0.036844
4760_237_162_256,1,1,0.026925,0.610194,0.10878,0.019124,0.151936,0.014953,0.068087
4760_237_1447_1477,3,3,0.012328,0.040431,0.038901,0.795348,0.024551,0.014284,0.074157
4760_238_2210_2463,2,1,0.05357,0.344312,0.238501,0.042297,0.14686,0.099975,0.074485
4760_237_864_1151,5,1,0.03917,0.450041,0.257421,0.012908,0.056246,0.167535,0.016679
4760_238_576_677,1,4,0.017397,0.124814,0.196532,0.044894,0.511371,0.027526,0.077465
4760_238_282_429,1,1,0.024598,0.4604,0.199452,0.013108,0.16562,0.071834,0.064987
4760_237_438_563,3,3,0.009246,0.018662,0.059971,0.758147,0.044326,0.016341,0.093306
4760_237_31_58,3,5,0.019852,0.083698,0.115418,0.043132,0.050562,0.585709,0.101629
4760_238_1505_1580,5,1,0.050026,0.281096,0.194744,0.116203,0.113444,0.078095,0.166391
4760_238_794_849,2,2,0.012054,0.049896,0.616079,0.013238,0.223572,0.053321,0.031841
4760_237_2074_2183,1,1,0.044185,0.396715,0.102852,0.078944,0.278479,0.010728,0.088097
4760_237_692_766,1,2,0.015214,0.147723,0.382109,0.041168,0.178785,0.044713,0.190288
4759_237_106_171,4,1,0.06313,0.608249,0.179899,0.004959,0.105303,0.016656,0.021802
4759_237_1659_1771,4,1,0.103857,0.637703,0.143303,0.008332,0.082908,0.013651,0.010245
4759_238_215_311,5,1,0.353334,0.479709,0.032892,0.011768,0.027455,0.077803,0.01704
4759_238_1792_1875,1,1,0.314644,0.561686,0.055302,0.008347,0.024336,0.022204,0.013481
4759_237_1411_1541,0,1,0.136563,0.664584,0.09191,0.012239,0.024139,0.05419,0.016374
4759_238_921_979,5,2,0.019845,0.167028,0.454064,0.004181,0.081725,0.260884,0.012273
4759_238_1319_1385,5,5,0.011913,0.096103,0.194119,0.006468,0.024783,0.652435,0.01418
4759_238_576_741,5,1,0.318892,0.532648,0.033888,0.012471,0.020008,0.078807,0.003286
4759_237_992_1125,4,1,0.45326,0.485753,0.014651,0.013462,0.014761,0.009238,0.008874
4759_237_402_560,1,1,0.08381,0.654949,0.094301,0.041623,0.064206,0.017959,0.04315
4759_238_31_75,5,5,0.016404,0.05679,0.317232,0.006729,0.155877,0.359204,0.087764
4759_237_1192_1267,0,2,0.048906,0.193563,0.347992,0.006677,0.091278,0.300906,0.010678
4759_237_762_906,4,1,0.107864,0.661837,0.074923,0.01404,0.090672,0.019607,0.031057
4759_237_1896_2044,4,4,0.034795,0.215327,0.288234,0.022292,0.400214,0.021351,0.017787
4759_238_1557_1644,1,1,0.12976,0.681401,0.041165,0.008014,0.110855,0.011094,0.017711
4759_238_1151_1178,5,5,0.033038,0.239635,0.247831,0.010818,0.04055,0.402425,0.025703
4922_247_31_143,2,4,0.028828,0.227399,0.168169,0.036333,0.415067,0.028006,0.096198
4922_247_1239_1321,1,1,0.023322,0.242049,0.202586,0.087484,0.175883,0.076908,0.191768
4922_248_1173_1238,5,2,0.01123,0.073863,0.39761,0.004513,0.074673,0.267851,0.17026
4922_248_160_305,5,1,0.034449,0.614694,0.130489,0.015425,0.071856,0.106956,0.026131
4922_247_897_991,3,3,0.006837,0.012281,0.017869,0.625163,0.014205,0.014878,0.308768
4922_248_1351_1452,5,5,0.007922,0.271125,0.108682,0.06001,0.082298,0.328482,0.141481
4922_247_543_687,1,4,0.008103,0.035351,0.14861,0.018108,0.625316,0.008856,0.155657
4922_247_1082_1156,1,2,0.007414,0.111975,0.307608,0.022955,0.271734,0.107495,0.17082
4922_247_322_424,3,3,0.013713,0.034898,0.126404,0.42989,0.019058,0.079655,0.296382
4922_248_1017_1080,5,2,0.004434,0.066399,0.678469,0.00522,0.081949,0.139627,0.023901
4922_248_452_531,5,5,0.011717,0.14115,0.081138,0.101082,0.079022,0.38239,0.2035
4922_247_769_860,3,6,0.013614,0.171139,0.069071,0.288382,0.072274,0.077554,0.307967
4922_248_692_753,4,2,0.00271,0.066532,0.564703,0.005938,0.291225,0.055421,0.013471
4922_248_861_883,5,5,0.005927,0.028503,0.046969,0.017102,0.011612,0.852268,0.037619
4921_247_1204_1274,2,2,0.003342,0.029477,0.753491,0.001932,0.187978,0.008636,0.015143
4921_248_31_191,6,5,0.026092,0.146272,0.135781,0.192569,0.03316,0.306907,0.159218
4921_248_1063_1178,6,5,0.015758,0.114312,0.157832,0.148679,0.033249,0.474222,0.055947
4921_247_743_808,2,2,0.029715,0.12422,0.284772,0.043888,0.171483,0.169849,0.176072
4921_247_982_1046,2,4,0.00883,0.056772,0.281891,0.050322,0.530239,0.020934,0.051012
4921_248_411_545,6,1,0.068227,0.529237,0.176691,0.020888,0.111884,0.052338,0.040735
4921_248_637_732,6,6,0.010135,0.087563,0.048661,0.286181,0.234473,0.029685,0.303302
4921_248_260_344,5,5,0.003636,0.008041,0.010067,0.128012,0.003889,0.839088,0.007267
4921_248_1299_1349,5,5,0.03153,0.193857,0.120922,0.177313,0.024036,0.405669,0.046673
4921_248_835_963,5,5,0.008088,0.139881,0.081611,0.068752,0.044703,0.637232,0.019732
4921_247_199_245,2,3,0.008758,0.017374,0.033647,0.605549,0.021759,0.019639,0.293274
4921_247_550_619,1,5,0.10122,0.329949,0.087068,0.002538,0.025808,0.441697,0.01172
4921_247_349_405,2,6,0.013082,0.030495,0.270783,0.022939,0.090691,0.234799,0.337212
4924_247_31_167,1,2,0.010527,0.100589,0.497768,0.003307,0.354673,0.014569,0.018567
4924_247_1210_1410,3,3,0.012146,0.020791,0.143603,0.639315,0.024618,0.059694,0.099832
4924_248_1026_1209,5,5,0.004789,0.045863,0.029461,0.18519,0.009854,0.700383,0.024459
4924_247_1660_1734,4,2,0.002146,0.015165,0.778049,0.000632,0.192072,0.004257,0.007679
4924_248_169_341,5,5,0.010901,0.179185,0.043591,0.029092,0.035039,0.693427,0.008765
4924_248_1422_1495,5,2,0.025587,0.156494,0.262078,0.178405,0.07557,0.119913,0.181952
4924_248_755_939,5,5,0.005891,0.037217,0.052674,0.332481,0.035513,0.462441,0.073783
4924_247_581_753,3,3,0.007391,0.009246,0.021984,0.705529,0.009965,0.044745,0.201141
4924_248_1742_1773,5,5,0.015192,0.121858,0.067706,0.013072,0.01892,0.7434,0.019852
4924_247_349_485,3,3,0.00785,0.014035,0.057853,0.751629,0.041419,0.022612,0.104601
4924_248_1552_1648,1,5,0.01472,0.100439,0.052177,0.201009,0.030836,0.487717,0.113102
4924_248_494_580,5,5,0.006978,0.040567,0.036741,0.10093,0.012201,0.775139,0.027445
4924_247_953_989,3,3,0.010734,0.004556,0.025524,0.791989,0.005302,0.018428,0.143467
4924_247_1509_1529,1,5,0.019676,0.058283,0.082348,0.024505,0.02907,0.714479,0.071641
4923_247_31_139,1,2,0.008654,0.143648,0.592603,0.075172,0.058384,0.047555,0.073983
4923_248_1289_1311,5,5,0.02081,0.097585,0.030655,0.020979,0.021215,0.781548,0.027208
4923_248_1169_1227,5,5,0.013948,0.231471,0.129365,0.05714,0.039748,0.351322,0.177007
4923_247_1661_1784,1,4,0.017496,0.157371,0.136773,0.02636,0.525246,0.018956,0.117798
4923_247_229_324,3,3,0.006301,0.018552,0.257397,0.359797,0.056382,0.03553,0.266042
4923_248_1800_1859,5,1,0.027396,0.481087,0.14977,0.016998,0.153202,0.081785,0.089763
4923_248_1399_1529,5,1,0.043682,0.624257,0.112509,0.008414,0.07136,0.099112,0.040666
4923_248_743_980,1,4,0.006374,0.188513,0.186334,0.028768,0.452237,0.063208,0.074567
4923_248_168_210,5,1,0.024207,0.379034,0.130295,0.01891,0.043407,0.163338,0.240809
4923_247_1319_1391,1,1,0.048493,0.318644,0.273399,0.006771,0.293342,0.030198,0.029153
4923_247_439_724,1,2,0.014135,0.079651,0.511951,0.018951,0.325931,0.015033,0.034348
4923_247_990_1167,4,3,0.010183,0.026635,0.054647,0.664971,0.032305,0.019751,0.191506
4923_248_332_422,5,5,0.023719,0.303315,0.220016,0.013934,0.06275,0.344046,0.032221
4923_247_1532_1560,4,2,0.010684,0.112326,0.467831,0.011461,0.320881,0.009256,0.067561
4923_247_1243_1270,1,2,0.021734,0.093804,0.372453,0.049314,0.305875,0.017873,0.138947
4923_248_1602_1633,5,1,0.038722,0.450953,0.130189,0.01197,0.089433,0.203901,0.074831
4925_247_31_140,1,3,0.018071,0.096022,0.142409,0.262964,0.188607,0.039338,0.252588
4925_248_1255_1721,1,4,0.009779,0.275387,0.162966,0.008533,0.477929,0.02535,0.040056
4925_247_2012_2051,3,3,0.006224,0.001796,0.024921,0.927352,0.005952,0.007557,0.026198
4925_248_1120_1204,5,5,0.014889,0.087,0.309961,0.022718,0.069902,0.426066,0.069464
4925_247_250_420,1,4,0.004604,0.027799,0.09449,0.002631,0.847546,0.003051,0.019881
4925_248_1752_2004,1,6,0.012051,0.159335,0.073614,0.087479,0.246795,0.03832,0.382404
4925_248_835_942,5,1,0.025064,0.503954,0.098521,0.023955,0.080081,0.170972,0.097452
4925_247_950_1108,1,4,0.019572,0.125104,0.147612,0.044626,0.456221,0.02116,0.185706
4925_248_145_245,5,5,0.041903,0.223179,0.054138,0.01377,0.028657,0.620761,0.017593
4925_247_490_623,1,4,0.014056,0.069216,0.234516,0.028579,0.509759,0.007794,0.136081
4925_248_640_696,5,5,0.024306,0.107143,0.07088,0.093758,0.027235,0.439679,0.237
4925_248_424_449,5,5,0.008233,0.030892,0.018756,0.030743,0.015426,0.886146,0.009804
4925_247_710_823,1,3,0.008201,0.015972,0.052902,0.527986,0.037759,0.045291,0.311889
4925_247_1215_1238,5,5,0.007549,0.025942,0.04017,0.014042,0.013491,0.865694,0.033112
4925_247_1722_1750,5,5,0.00407,0.020268,0.035014,0.022755,0.009385,0.897097,0.01141
4927_248_31_136,0,1,0.049299,0.496772,0.141142,0.020377,0.100629,0.158828,0.032953
4927_248_961_1343,6,1,0.033745,0.482912,0.228648,0.026922,0.032573,0.135098,0.060102
4927_247_1596_1755,2,2,0.001129,0.004705,0.902183,0.000347,0.089572,0.001618,0.000448
4927_247_141_265,2,5,0.009714,0.085298,0.33533,0.010182,0.032465,0.512996,0.014015
4927_248_1760_1936,4,4,0.019646,0.220472,0.315339,0.041551,0.341506,0.032277,0.029209
4927_247_1415_1489,2,4,0.02369,0.18523,0.148558,0.00701,0.573866,0.011956,0.04969
4927_247_791_957,5,2,0.003591,0.015682,0.923168,0.000778,0.041715,0.012207,0.002859
4927_248_280_599,0,1,0.017852,0.337303,0.23486,0.037868,0.154019,0.127779,0.090319
4927_247_601_670,5,5,0.013944,0.118977,0.185008,0.011555,0.019366,0.625283,0.025866
4927_248_1494_1591,5,5,0.040818,0.299908,0.149783,0.009743,0.038123,0.454466,0.007159
4927_248_674_787,0,5,0.021023,0.07974,0.049708,0.029626,0.033386,0.77689,0.009627
4927_247_1353_1375,5,2,0.005894,0.027905,0.587542,0.001725,0.35993,0.007281,0.009722
4927_248_1380_1411,1,5,0.03487,0.112962,0.085151,0.02038,0.045961,0.57962,0.121056
4926_247_122_206,1,1,0.067906,0.319428,0.149067,0.02302,0.246488,0.116096,0.077995
4926_248_1135_1324,0,0,0.551723,0.371124,0.024889,0.007579,0.027662,0.006802,0.010222
4926_247_2042_2129,1,0,0.386119,0.244138,0.170872,0.008018,0.161114,0.01612,0.013619
4926_247_1675_1750,5,5,0.004922,0.014281,0.044806,0.012174,0.02065,0.89012,0.013047
4926_248_223_359,1,1,0.211257,0.387959,0.054994,0.050609,0.112269,0.016106,0.166806
4926_248_1764_2036,1,3,0.030904,0.097211,0.037615,0.396455,0.096907,0.032948,0.307961
4926_248_874_1062,1,1,0.106705,0.503155,0.0973,0.02972,0.203664,0.031538,0.027919
4926_247_1329_1417,0,0,0.650835,0.241052,0.050259,0.011245,0.022544,0.014148,0.009916
4926_248_480_782,1,1,0.098419,0.336143,0.108436,0.059386,0.240598,0.036342,0.120676
4926_247_1063_1124,1,3,0.039212,0.079313,0.019113,0.550304,0.099865,0.039366,0.172826
4926_248_31_107,6,3,0.056517,0.117669,0.127354,0.348012,0.050209,0.073466,0.226772
4926_247_362_466,0,1,0.336306,0.492752,0.045192,0.00783,0.080645,0.016275,0.021
4926_248_1464_1657,0,1,0.288107,0.403439,0.060217,0.030458,0.156981,0.010917,0.049881
4926_247_787_856,1,5,0.021345,0.030432,0.027851,0.018169,0.018021,0.858914,0.025267
4930_247_1264_1328,5,5,0.00859,0.047479,0.105025,0.052437,0.069008,0.547443,0.170019
4930_248_1118_1250,0,1,0.365855,0.51658,0.040016,0.006414,0.02825,0.029691,0.013194
4930_248_131_269,0,1,0.038738,0.556122,0.144652,0.007213,0.040571,0.181953,0.030751
4930_248_1336_1614,0,1,0.352868,0.54024,0.057198,0.002671,0.026633,0.014179,0.00621
4930_248_803_981,0,1,0.133397,0.702112,0.071547,0.00896,0.022706,0.04875,0.012528
4930_247_1000_1105,2,4,0.041913,0.19782,0.190217,0.022697,0.365028,0.056741,0.125584
4930_247_598_659,2,3,0.015695,0.016461,0.13956,0.693336,0.015227,0.067686,0.052035
4930_247_31_114,0,2,0.012634,0.073832,0.543993,0.018304,0.047857,0.260779,0.0426
4930_247_423_469,2,2,0.023436,0.128306,0.555341,0.020676,0.07531,0.044356,0.152574
4930_248_682_739,0,1,0.056915,0.313495,0.089562,0.020919,0.106041,0.289061,0.124007
4930_248_349_407,0,1,0.028046,0.309178,0.291521,0.009189,0.036833,0.223017,0.102216
4930_248_480_579,5,5,0.010047,0.053739,0.033,0.004426,0.02152,0.869843,0.007424
4930_247_755_782,5,5,0.01462,0.024156,0.100794,0.029278,0.018078,0.794815,0.01826
4930_247_299_321,4,2,0.0096,0.037706,0.747931,0.006187,0.166497,0.010828,0.021252
4931_247_31_216,5,2,0.034131,0.190464,0.436927,0.011237,0.023355,0.298744,0.005143
4931_248_1148_1373,0,1,0.421309,0.507807,0.025253,0.004122,0.008062,0.02548,0.007967
4931_248_1671_1815,0,1,0.372113,0.496259,0.041734,0.00815,0.04043,0.024515,0.016798
4931_248_233_617,0,1,0.391704,0.527424,0.029134,0.002197,0.019739,0.020052,0.00975
4931_247_1386_1478,0,0,0.453106,0.155967,0.142269,0.069526,0.046757,0.104884,0.027491
4931_247_926_1146,0,1,0.261755,0.439307,0.139623,0.012162,0.036218,0.098544,0.012391
4931_247_631_681,1,2,0.011464,0.140653,0.537992,0.0216,0.060888,0.155364,0.072039
4931_248_1484_1567,0,1,0.158667,0.348385,0.051819,0.08328,0.043839,0.092632,0.221378
4931_247_783_892,1,2,0.013963,0.197773,0.453024,0.009231,0.101521,0.183611,0.040878
4931_248_1875_1984,0,1,0.073731,0.479741,0.203964,0.025976,0.047256,0.147422,0.021909
4931_248_698_777,0,1,0.235238,0.512774,0.062181,0.012434,0.040909,0.100521,0.035942
4931_247_1571_1658,0,1,0.26337,0.317697,0.056092,0.166972,0.061403,0.071193,0.063272
4931_247_1828_1859,0,1,0.067033,0.390199,0.192143,0.023592,0.039757,0.267131,0.020145
4931_248_892_918,5,5,0.079269,0.084111,0.024446,0.007639,0.013693,0.776501,0.01434
4936_247_31_141,4,2,0.01303,0.051445,0.331624,0.033946,0.233623,0.090515,0.245817
4936_247_1166_1333,1,1,0.072334,0.576631,0.064695,0.0905,0.071474,0.06755,0.056814
4936_247_249_367,6,3,0.012718,0.028143,0.029495,0.725462,0.027681,0.104133,0.072368
4936_247_1382_1527,3,3,0.009916,0.022939,0.018096,0.610618,0.020729,0.046305,0.271397
4936_248_742_951,3,3,0.013354,0.059045,0.070756,0.465658,0.115325,0.214104,0.061757
4936_248_179_215,3,6,0.021697,0.059389,0.073381,0.232003,0.071913,0.218491,0.323125
4936_248_1345_1360,5,5,0.015241,0.048191,0.056391,0.345211,0.023551,0.391624,0.119789
4936_247_411_683,3,3,0.017011,0.038437,0.032929,0.759306,0.023149,0.044617,0.084552
4936_248_1044_1156,4,4,0.007864,0.108362,0.14383,0.058414,0.507023,0.033319,0.141188
4936_248_386_391,5,5,0.042515,0.061814,0.027092,0.110042,0.037596,0.40964,0.3113
4936_247_1620_1674,4,2,0.013156,0.066439,0.489039,0.023478,0.156383,0.09905,0.152454
4936_248_1559_1604,5,3,0.096801,0.230968,0.049549,0.256844,0.02786,0.131485,0.206492
4936_247_973_981,3,3,0.011884,0.007191,0.02318,0.893446,0.01856,0.021889,0.023849
4934_247_31_160,3,3,0.018165,0.016626,0.04823,0.599504,0.026389,0.067945,0.223142
4934_248_1295_1326,3,3,0.010392,0.004389,0.015387,0.864648,0.013376,0.026886,0.064922
4934_247_1105_1273,3,3,0.009037,0.013013,0.028616,0.844015,0.020745,0.022997,0.061577
4934_247_1368_1502,0,2,0.00445,0.036799,0.874682,0.003289,0.040438,0.027586,0.012756
4934_247_917_984,3,3,0.028136,0.037384,0.042402,0.512574,0.035634,0.067363,0.276507
4934_248_189_247,5,5,0.007671,0.025688,0.015601,0.164347,0.015833,0.73273,0.038131
4934_247_518_614,3,3,0.007818,0.00948,0.042824,0.666216,0.028997,0.013009,0.231656
4934_247_278_464,3,3,0.004404,0.001699,0.015928,0.925062,0.007039,0.014061,0.031807
4934_248_630_722,3,2,0.018602,0.153219,0.208314,0.174313,0.121839,0.206823,0.116889
4934_248_1006_1067,3,2,0.007805,0.057323,0.67149,0.017643,0.197362,0.032024,0.016353
4934_248_1540_1563,5,5,0.025642,0.125754,0.076521,0.039745,0.023239,0.494475,0.214623
4934_248_864_891,5,5,0.035931,0.174545,0.091165,0.167331,0.041106,0.279963,0.209957
4934_247_742_815,3,3,0.007754,0.001875,0.010399,0.93577,0.010792,0.01105,0.022359
4934_248_486_502,5,6,0.012658,0.041331,0.019723,0.21227,0.011792,0.31265,0.389576
4935_247_1242_1306,0,1,0.256724,0.408179,0.055272,0.048233,0.022493,0.07665,0.13245
4935_248_1176_1213,1,1,0.071029,0.620726,0.091709,0.019564,0.042176,0.036994,0.117802
4935_247_188_287,4,2,0.021862,0.127361,0.305284,0.023749,0.248635,0.020313,0.252796
4935_247_1432_1521,0,5,0.039792,0.101979,0.130341,0.308215,0.062043,0.316053,0.041577
4935_247_943_1144,0,2,0.155571,0.178857,0.34335,0.012608,0.237454,0.032086,0.040073
4935_248_1328_1403,6,2,0.013854,0.145626,0.354782,0.034201,0.213852,0.052792,0.184892
4935_247_435_663,4,2,0.018554,0.046655,0.719473,0.003922,0.197299,0.007565,0.006534
4935_248_320_396,1,1,0.019255,0.381039,0.284841,0.069638,0.064766,0.129052,0.051409
4935_247_31_120,4,4,0.055609,0.102958,0.129794,0.003225,0.5694,0.019978,0.119037
4935_247_784_849,5,2,0.080153,0.123586,0.365361,0.035342,0.042175,0.321787,0.031596
4935_248_693_754,6,6,0.012778,0.09017,0.091618,0.25194,0.028616,0.017747,0.507132
4935_248_1554_1587,3,1,0.050544,0.470944,0.12482,0.088649,0.078482,0.033074,0.153488
4935_248_865_893,6,3,0.020635,0.076188,0.055895,0.392048,0.054526,0.03522,0.365488
4935_248_145_169,5,6,0.033057,0.109819,0.040011,0.055118,0.022195,0.162519,0.577282
4939_248_31_154,1,1,0.05763,0.552092,0.111761,0.051588,0.064743,0.153099,0.009087
4939_247_1163_1386,5,2,0.075338,0.140889,0.299328,0.005969,0.176465,0.283368,0.018643
4939_248_1844_2083,1,1,0.033233,0.576158,0.150608,0.006871,0.132117,0.054026,0.046987
4939_247_1631_1827,1,1,0.220369,0.314585,0.131765,0.017884,0.087086,0.206929,0.021383
4939_248_1427_1617,1,1,0.014269,0.403192,0.240538,0.043764,0.099093,0.079361,0.119784
4939_247_2089_2260,1,0,0.509654,0.259593,0.084203,0.011507,0.068644,0.049487,0.016914
4939_247_897_1088,1,2,0.167312,0.209646,0.361062,0.005468,0.140283,0.100433,0.015794
4939_248_2305_2358,1,1,0.151001,0.435969,0.053346,0.064553,0.023983,0.193127,0.078021
4939_247_568_702,5,2,0.04553,0.0762,0.591862,0.012902,0.068821,0.181119,0.023566
4939_248_1090_1151,5,5,0.032918,0.129132,0.048496,0.006543,0.024951,0.745217,0.012743
4939_247_263_347,5,5,0.093299,0.044117,0.102156,0.041316,0.016449,0.67037,0.032292
4939_248_402_556,5,6,0.009834,0.207167,0.146722,0.056179,0.051677,0.162198,0.366223
4939_248_733_888,1,5,0.009583,0.194118,0.103357,0.037943,0.016257,0.58552,0.053223
4939_247_2372_2431,5,2,0.046596,0.048849,0.264263,0.224952,0.036856,0.132601,0.245885
4937_248_1273_1419,1,1,0.024035,0.373779,0.154254,0.033571,0.25587,0.042793,0.115698
4937_247_130_264,6,2,0.010434,0.053894,0.292275,0.047993,0.124355,0.22,0.251048
4937_247_1435_1493,5,1,0.077218,0.3757,0.120509,0.016743,0.073751,0.301051,0.035027
4937_247_798_1076,1,3,0.008706,0.01346,0.016361,0.785994,0.018343,0.115274,0.041863
4937_248_1088_1181,4,6,0.017314,0.188809,0.13942,0.139292,0.12509,0.151423,0.238652
4937_248_290_348,1,1,0.038225,0.398772,0.086405,0.007046,0.171417,0.079788,0.218346
4937_247_601_700,1,1,0.104189,0.547171,0.080527,0.044469,0.043341,0.078008,0.102296
4937_247_361_504,1,4,0.013867,0.091718,0.275947,0.017904,0.348953,0.163146,0.088465
4937_248_31_109,6,6,0.022394,0.207287,0.152851,0.135513,0.076021,0.09233,0.313603
4937_248_1522_1652,3,3,0.009062,0.06019,0.049549,0.494178,0.059006,0.239153,0.088862
4937_248_732_771,1,1,0.040359,0.350161,0.210141,0.130652,0.025311,0.111074,0.132301
4937_248_542_588,1,1,0.039379,0.502453,0.079713,0.025341,0.047651,0.083432,0.222031
4937_247_1205_1242,5,6,0.068016,0.228732,0.122421,0.040746,0.040425,0.173655,0.326006
4940_248_101_303,5,3,0.009944,0.042454,0.189043,0.290861,0.137425,0.210218,0.120054
4940_248_1087_1359,6,3,0.009578,0.050772,0.182996,0.485971,0.07946,0.058801,0.132423
4940_247_1669_1717,3,3,0.008694,0.009222,0.011047,0.874663,0.008998,0.016072,0.071305
4940_247_1811_1874,3,3,0.098212,0.177652,0.092765,0.311275,0.054483,0.160652,0.10496
4940_248_1738_1808,3,6,0.06226,0.203244,0.035338,0.230791,0.051843,0.025741,0.390782
4940_247_868_1075,6,3,0.019824,0.12904,0.20194,0.219116,0.074836,0.21209,0.143155
4940_247_488_613,3,3,0.006052,0.002349,0.022788,0.800075,0.016087,0.14563,0.007019
4940_247_309_404,5,5,0.006167,0.009356,0.019752,0.054845,0.014527,0.886214,0.009139
4940_248_624_866,3,5,0.015341,0.075644,0.252537,0.097673,0.23977,0.28458,0.034455
4940_248_408_483,6,6,0.013208,0.062626,0.042436,0.334492,0.056473,0.097776,0.392989
4940_247_31_91,5,5,0.021246,0.06326,0.191046,0.010599,0.045941,0.633303,0.034605
4940_248_1472_1658,6,6,0.016124,0.214905,0.065374,0.226238,0.129741,0.024527,0.323092
4940_247_1362_1449,1,4,0.034136,0.210944,0.092758,0.094088,0.221932,0.164999,0.181144
4938_247_2400_2491,6,5,0.017976,0.08223,0.114175,0.023055,0.023894,0.710387,0.028283
4938_247_31_231,6,2,0.001532,0.003727,0.956152,0.007882,0.006344,0.021428,0.002933
4938_248_1235_1365,6,1,0.015891,0.472302,0.060019,0.085706,0.077388,0.176741,0.111952
4938_247_1172_1232,6,6,0.012185,0.011191,0.292762,0.182733,0.080101,0.090032,0.330996
4938_248_1615_1892,1,1,0.129034,0.666023,0.094168,0.015707,0.049116,0.026507,0.019445
4938_247_1409_1587,1,2,0.019194,0.09138,0.440442,0.056461,0.153749,0.143915,0.094859
4938_248_2210_2374,1,2,0.006763,0.234043,0.298024,0.049515,0.17254,0.08238,0.156735
4938_248_2550_2641,3,3,0.024189,0.13835,0.092577,0.391183,0.027955,0.182036,0.14371
4938_248_730_1137,6,6,0.010848,0.319448,0.068397,0.060884,0.053232,0.14609,0.341102
4938_248_274_338,5,5,0.023986,0.145656,0.094113,0.247566,0.075578,0.362643,0.05046
4938_247_616_713,6,5,0.017899,0.081498,0.19803,0.119886,0.025239,0.311391,0.246056
4938_247_364_501,3,3,0.01333,0.011903,0.035569,0.804827,0.025617,0.034004,0.074749
4938_247_2085_2188,6,3,0.015661,0.007851,0.197096,0.515681,0.041737,0.048616,0.173358
4938_247_1905_2011,6,3,0.018829,0.014037,0.202817,0.624067,0.037052,0.017866,0.085333
4938_248_518_572,3,3,0.012622,0.023492,0.046365,0.670756,0.020273,0.071444,0.155049
4938_248_2022_2041,3,3,0.229622,0.224457,0.068964,0.232347,0.024545,0.096097,0.123968
4942_248_31_289,1,1,0.046716,0.384124,0.25888,0.022112,0.244528,0.01178,0.031861
4942_248_891_1338,1,2,0.009045,0.221011,0.37297,0.012112,0.320666,0.020391,0.043806
4942_248_2501_2776,1,1,0.016345,0.328177,0.314864,0.044839,0.215364,0.027887,0.052523
4942_248_1426_1579,1,6,0.022955,0.143003,0.083331,0.225826,0.189099,0.076693,0.259093
4942_247_1342_1406,1,0,0.559203,0.280757,0.022431,0.008935,0.016623,0.097902,0.01415
4942_248_2041_2349,2,2,0.009559,0.155835,0.380569,0.031623,0.332086,0.020614,0.069713
4942_247_1641_1818,0,0,0.590068,0.211201,0.011338,0.0638,0.030566,0.073516,0.019512
4942_248_490_746,1,1,0.079738,0.458882,0.150236,0.018919,0.206593,0.017772,0.067859
4942_248_1833_1924,1,4,0.009117,0.080592,0.103248,0.046456,0.46489,0.040274,0.255424
4942_247_1931_2032,1,2,0.064051,0.409105,0.422178,0.024251,0.034741,0.026915,0.01876
4942_247_302_473,3,4,0.053662,0.218994,0.164177,0.146824,0.229468,0.088768,0.098108
4942_247_2374_2448,1,1,0.145944,0.323927,0.050404,0.206755,0.044981,0.077513,0.150477
4942_247_753_856,1,2,0.054086,0.189014,0.233012,0.141101,0.212148,0.06802,0.102619
4941_247_112_258,0,0,0.728509,0.216677,0.012873,0.007691,0.017838,0.009884,0.006528
4941_248_1140_1321,1,1,0.125357,0.618935,0.097527,0.014442,0.054126,0.028168,0.061445
4941_247_1529_1749,0,1,0.105692,0.309472,0.09079,0.182628,0.124916,0.053582,0.13292
4941_247_1801_1861,0,3,0.27421,0.064648,0.032988,0.34829,0.02804,0.232891,0.018932
4941_248_1764_1799,1,4,0.058222,0.177278,0.142057,0.174391,0.205169,0.062345,0.180538
4941_247_1323_1482,0,0,0.763477,0.175429,0.008257,0.014445,0.008206,0.020692,0.009494
4941_247_915_1121,0,0,0.381484,0.282845,0.031906,0.113278,0.06112,0.08059,0.048777
4941_247_502_667,0,3,0.151365,0.242351,0.05091,0.273125,0.077974,0.086805,0.11747
4941_248_264_393,2,3,0.025367,0.237281,0.222579,0.276869,0.098415,0.042815,0.096675
4941_248_469_497,5,5,0.006106,0.022712,0.032342,0.020904,0.009699,0.874996,0.033242
4941_248_31_97,2,4,0.026181,0.17188,0.209591,0.078754,0.33695,0.069139,0.107505
4941_247_395_462,0,0,0.292122,0.225664,0.033741,0.253872,0.033422,0.085504,0.075675
4941_248_1484_1520,1,2,0.002799,0.02474,0.57856,0.001633,0.382305,0.00144,0.008523
4941_248_679_912,1,2,0.011951,0.32394,0.365711,0.007881,0.209099,0.01329,0.068127
4946_248_31_133,6,6,0.009671,0.098788,0.084774,0.211873,0.154649,0.133507,0.306738
4946_248_1232_1390,4,4,0.00931,0.17158,0.095075,0.008272,0.645016,0.007348,0.063399
4946_247_1992_2067,3,3,0.00526,0.002894,0.005117,0.745381,0.003092,0.236034,0.002222
4946_247_1174_1193,5,5,0.014335,0.03896,0.037021,0.009101,0.020196,0.840823,0.039564
4946_248_1619_1701,4,5,0.00572,0.034361,0.018362,0.028107,0.018007,0.885783,0.009659
4946_248_247_380,4,4,0.006753,0.070582,0.354348,0.0169,0.428436,0.059619,0.063363
4946_247_1708_1839,3,3,0.009518,0.018881,0.068545,0.530511,0.022043,0.057801,0.292701
4946_247_1406_1611,0,1,0.093252,0.503297,0.079255,0.044348,0.23004,0.021123,0.028684
4946_247_927_1015,4,3,0.015009,0.016354,0.02731,0.494894,0.203613,0.046807,0.196012
4946_247_142_230,1,3,0.009914,0.050187,0.031626,0.46661,0.170587,0.069213,0.201863
4946_247_584_729,1,4,0.039206,0.316359,0.120751,0.051208,0.362372,0.065558,0.044546
4946_248_1030_1162,4,4,0.01102,0.109403,0.068923,0.241903,0.32355,0.040556,0.204645
4946_248_452_545,4,5,0.012555,0.076981,0.194663,0.128286,0.049236,0.414267,0.124011
4946_248_753_911,1,4,0.014666,0.186318,0.140979,0.123956,0.259557,0.197213,0.077313
4946_248_1860_1976,4,3,0.010471,0.098127,0.155624,0.326169,0.057565,0.153748,0.198296
4946_247_386_435,5,2,0.007252,0.035656,0.617543,0.027247,0.153751,0.104482,0.05407
4948_248_65_140,3,5,0.008119,0.071723,0.083632,0.175703,0.02806,0.570437,0.062326
4948_248_1201_1315,5,5,0.019533,0.215946,0.148656,0.00878,0.178019,0.392553,0.036513
4948_247_1119_1191,2,2,0.012677,0.08727,0.402764,0.008467,0.400488,0.017122,0.071212
4948_247_1662_1740,3,3,0.014875,0.023966,0.085525,0.635534,0.027826,0.068574,0.1437
4948_247_147_265,2,3,0.006393,0.008991,0.029694,0.673424,0.044255,0.07758,0.159664
4948_247_867_976,3,3,0.015062,0.020473,0.029559,0.621963,0.022436,0.046924,0.243583
4948_247_1326_1455,1,3,0.005439,0.011579,0.013468,0.728901,0.016297,0.014749,0.209568
4948_247_568_708,4,1,0.087763,0.312309,0.14846,0.11171,0.097087,0.079662,0.163009
4948_248_281_430,6,3,0.012407,0.120043,0.103296,0.341585,0.100014,0.18241,0.140246
4948_248_982_1096,3,3,0.025556,0.167181,0.077711,0.590945,0.020009,0.104085,0.014512
4948_247_438_540,1,2,0.034253,0.099083,0.271618,0.158857,0.092338,0.204638,0.139213
4948_247_31_61,3,3,0.02158,0.043075,0.01575,0.64592,0.018926,0.030148,0.224601
4948_248_1465_1657,2,3,0.005707,0.015816,0.076589,0.649404,0.020201,0.220112,0.012172
4948_248_724_863,3,5,0.037649,0.15627,0.099275,0.145986,0.042843,0.493873,0.024104
4948_248_544_564,1,5,0.035982,0.211937,0.045949,0.144477,0.020595,0.459606,0.081455
4949_248_1279_1420,1,2,0.037583,0.257419,0.321462,0.119938,0.036145,0.208632,0.018822
4949_247_1091_1261,5,5,0.006208,0.007863,0.020864,0.136834,0.013049,0.79648,0.018701
4949_248_1490_1703,6,3,0.010683,0.050671,0.084792,0.53928,0.020873,0.225411,0.068289
4949_247_240_376,0,1,0.128849,0.458633,0.204355,0.021684,0.037458,0.120694,0.028326
4949_248_1796_1965,1,1,0.074743,0.485744,0.052231,0.053881,0.036181,0.120502,0.176718
4949_247_1438_1478,5,2,0.019382,0.052367,0.289956,0.17847,0.081344,0.172745,0.205737
4949_247_873_938,5,1,0.049996,0.284075,0.187542,0.01906,0.148649,0.193456,0.117222
4949_248_948_1063,1,1,0.010776,0.279541,0.181072,0.207614,0.030184,0.086289,0.204524
4949_248_134_208,6,3,0.008813,0.041262,0.024617,0.584323,0.022615,0.07789,0.24048
4949_247_500_604,1,5,0.029026,0.271439,0.032516,0.102803,0.035759,0.44047,0.087986
4949_247_1721_1794,5,6,0.006167,0.072451,0.276329,0.026948,0.113662,0.178687,0.325757
4949_248_607_869,3,5,0.006956,0.062004,0.039691,0.247738,0.029752,0.481649,0.132211
4949_248_381_487,1,5,0.005441,0.034359,0.042471,0.283068,0.009221,0.562854,0.062586
4949_247_31_80,3,3,0.015553,0.033626,0.056046,0.600965,0.034026,0.111076,0.148708
4943_248_116_170,1,1,0.133756,0.479706,0.10738,0.021517,0.057576,0.115551,0.084513
4943_247_1266_1342,1,4,0.004962,0.056547,0.378308,0.00301,0.459576,0.013523,0.084075
4943_248_1091_1265,1,1,0.165427,0.387766,0.056991,0.101201,0.122175,0.098684,0.067756
4943_247_1672_1764,3,3,0.011172,0.011176,0.008662,0.635828,0.011548,0.026504,0.295111
4943_248_1791_1896,6,3,0.029213,0.107465,0.11846,0.399712,0.099349,0.059619,0.186181
4943_247_1451_1617,5,4,0.085556,0.198452,0.117837,0.111753,0.267928,0.081928,0.136546
4943_248_859_1010,1,4,0.016364,0.089357,0.172351,0.117844,0.286756,0.057577,0.25975
4943_247_192_243,2,5,0.005007,0.038309,0.243895,0.023452,0.060142,0.526448,0.102747
4943_247_522_594,5,3,0.080066,0.190089,0.065571,0.241283,0.045536,0.20241,0.175044
4943_248_625_723,5,2,0.016029,0.069597,0.29372,0.109196,0.13923,0.157955,0.214273
4943_247_1021_1079,5,5,0.041444,0.126294,0.114912,0.019454,0.045836,0.596878,0.055181
4943_248_406_521,1,4,0.023298,0.117194,0.174132,0.021174,0.31099,0.134173,0.219039
4943_248_31_65,5,5,0.018594,0.071783,0.092573,0.12668,0.023917,0.478341,0.188113
4943_247_724_841,2,6,0.010332,0.030756,0.072032,0.221976,0.074965,0.036815,0.553125
4943_247_1897_1927,3,3,0.012287,0.030154,0.063186,0.691654,0.021921,0.107723,0.073075
4943_247_71_96,5,5,0.006846,0.020676,0.02251,0.021658,0.012154,0.890257,0.0259
4943_247_339_398,2,4,0.015894,0.05317,0.171369,0.073215,0.385239,0.046063,0.25505
4943_248_1361_1435,1,4,0.029688,0.23017,0.129925,0.036194,0.292155,0.22613,0.055738
4943_248_1618_1657,1,5,0.017384,0.053736,0.031447,0.014738,0.009703,0.8124,0.060592
4943_248_268_319,1,1,0.037496,0.326432,0.285282,0.026537,0.107477,0.149393,0.067384
4947_248_80_133,5,6,0.039986,0.21362,0.05478,0.161874,0.022632,0.23811,0.269
4947_248_1204_1388,3,3,0.024547,0.10959,0.043909,0.371747,0.116631,0.149119,0.184456
4947_247_1096_1192,3,3,0.023656,0.050983,0.061707,0.546052,0.161228,0.067423,0.088951
4947_248_182_367,5,5,0.069075,0.1312,0.048634,0.027049,0.037179,0.67584,0.011022
4947_247_1401_1558,3,3,0.012926,0.059806,0.049888,0.626294,0.111975,0.026731,0.11238
4947_248_854_972,3,5,0.007698,0.04664,0.0961,0.145207,0.076661,0.613559,0.014136
4947_248_517_749,3,5,0.006823,0.055045,0.052113,0.189958,0.050474,0.638188,0.007398
4947_247_986_1038,3,3,0.00735,0.004203,0.019902,0.880151,0.010619,0.062722,0.015054
4947_247_466_512,3,3,0.032034,0.069184,0.033436,0.424981,0.018664,0.207277,0.214425
4947_247_31_74,3,3,0.00411,0.000772,0.006846,0.954997,0.003536,0.012427,0.017314
4947_248_412_463,5,2,0.096677,0.200166,0.23444,0.087253,0.201105,0.092558,0.087801
4947_248_1562_1633,3,3,0.012657,0.016496,0.021356,0.805796,0.013983,0.077843,0.051869
4947_247_775_815,3,3,0.017923,0.029299,0.018641,0.701557,0.012655,0.048278,0.171647
4947_248_1045_1094,3,5,0.013632,0.049122,0.021026,0.222558,0.014242,0.659893,0.019527
4947_247_137_172,3,3,0.01843,0.043249,0.028532,0.735028,0.021916,0.028922,0.123924
4947_247_367_384,3,3,0.014927,0.012509,0.009116,0.903189,0.008828,0.010942,0.040489
4953_248_31_283,6,1,0.011794,0.299844,0.17121,0.027137,0.237408,0.160243,0.092363
4953_248_1258_1343,6,1,0.032702,0.453316,0.083809,0.012029,0.312073,0.043623,0.062448
4953_248_2035_2170,4,4,0.006293,0.136488,0.174056,0.065944,0.300007,0.041151,0.276061
4953_247_879_1209,4,1,0.054244,0.3292,0.190582,0.093345,0.189243,0.11156,0.031826
4953_247_1823_1844,6,5,0.008678,0.037249,0.036766,0.125194,0.016079,0.635778,0.140256
4953_247_1388_1661,1,4,0.040552,0.218597,0.182415,0.006302,0.496159,0.043501,0.012473
4953_247_2191_2280,5,5,0.006786,0.01321,0.079952,0.14674,0.072031,0.666647,0.014634
4953_248_407_605,6,1,0.006886,0.272816,0.074139,0.041657,0.182325,0.241643,0.180534
4953_248_1693_1798,6,6,0.012554,0.115993,0.121527,0.114343,0.223499,0.057081,0.355003
4953_247_319_388,5,1,0.095587,0.388731,0.245732,0.002546,0.070526,0.171684,0.025195
4953_247_629_749,4,5,0.012058,0.149628,0.183069,0.012269,0.066609,0.568694,0.007673
4953_248_778_840,1,1,0.088103,0.721198,0.070283,0.0151,0.066564,0.014718,0.024034
4953_247_1896_2012,6,2,0.037703,0.121902,0.331107,0.109992,0.073783,0.127943,0.197569
4953_248_1871_1878,6,3,0.008599,0.042814,0.009887,0.533013,0.012658,0.14153,0.251498
4953_248_2312_2331,0,6,0.008594,0.053471,0.01741,0.182539,0.01626,0.342732,0.378994
4950_247_1291_1334,3,3,0.008346,0.023048,0.012624,0.626246,0.019564,0.019581,0.290591
4950_247_1091_1191,5,5,0.010269,0.016586,0.026725,0.312556,0.022484,0.59017,0.021211
4950_248_1620_1774,3,3,0.004768,0.008081,0.011517,0.808408,0.014348,0.12785,0.025028
4950_248_135_293,0,3,0.023604,0.198283,0.093762,0.287962,0.029826,0.133382,0.233182
4950_247_1416_1599,3,3,0.009837,0.030254,0.025951,0.558486,0.051427,0.043293,0.280752
4950_247_31_121,3,5,0.021107,0.208538,0.141821,0.136264,0.034349,0.250585,0.207336
4950_248_920_1071,2,5,0.011932,0.228058,0.076242,0.127308,0.044286,0.281377,0.230796
4950_248_509_620,1,4,0.014066,0.233821,0.116249,0.047718,0.302827,0.173326,0.111993
4950_247_297_384,1,5,0.047529,0.164406,0.093498,0.023023,0.045445,0.481611,0.144488
4950_247_628_914,3,5,0.013833,0.045073,0.112325,0.203193,0.102471,0.401368,0.121736
4950_247_454_489,1,5,0.191426,0.268952,0.029698,0.021664,0.019632,0.391352,0.077276
4950_248_401_446,1,1,0.101001,0.409326,0.078609,0.124459,0.033018,0.071005,0.182582
4950_248_1201_1272,1,5,0.014152,0.046147,0.049369,0.173811,0.009987,0.68031,0.026223
4950_248_1362_1408,3,5,0.01772,0.133499,0.065055,0.058434,0.021624,0.670501,0.033167
4951_248_115_184,5,6,0.020666,0.077835,0.061592,0.113899,0.016587,0.199159,0.510262
4951_248_1221_1331,4,4,0.022747,0.260203,0.150051,0.017566,0.45295,0.039699,0.056784
4951_247_199_276,1,5,0.023299,0.086721,0.204379,0.036606,0.101378,0.332414,0.215202
4951_248_891_943,6,2,0.016065,0.110998,0.254776,0.131596,0.134987,0.179736,0.171842
4951_247_539_594,6,6,0.02047,0.022658,0.116351,0.28472,0.049026,0.206963,0.299812
4951_248_1080_1130,6,1,0.038947,0.432464,0.075,0.031549,0.12774,0.118352,0.175947
4951_248_297_349,6,6,0.021719,0.138452,0.187371,0.212292,0.045357,0.084296,0.310515
4951_248_613_753,1,1,0.018685,0.319431,0.093893,0.034925,0.186505,0.187622,0.158939
4951_247_971_1038,5,6,0.01083,0.029916,0.080526,0.071491,0.102258,0.294213,0.410765
4951_248_475_515,1,1,0.044077,0.427793,0.02986,0.234984,0.037563,0.08499,0.140732
4951_247_31_91,6,3,0.050992,0.031223,0.251445,0.382668,0.070888,0.036543,0.17624
4951_247_383_460,6,6,0.008393,0.0092,0.032778,0.262348,0.026012,0.126998,0.53427
4951_247_769_854,6,5,0.009589,0.032363,0.075175,0.017044,0.043336,0.742131,0.080363
4951_247_1356_1431,1,3,0.024785,0.081165,0.073734,0.64872,0.036153,0.062132,0.073311
4951_247_1159_1165,3,3,0.056447,0.038842,0.032759,0.375511,0.025562,0.251472,0.219407
4956_248_31_150,6,6,0.017676,0.051455,0.100413,0.250981,0.019241,0.147116,0.413118
4956_248_1227_1326,6,2,0.013609,0.124887,0.336607,0.050207,0.057168,0.316546,0.100976
4956_247_171_325,5,5,0.004741,0.014386,0.036159,0.023116,0.022232,0.889478,0.00989
4956_247_1370_1508,6,4,0.039812,0.118231,0.198641,0.017831,0.274078,0.239531,0.111875
4956_248_792_930,4,4,0.002887,0.092814,0.227846,0.006538,0.602827,0.037755,0.029333
4956_247_939_1019,5,5,0.013305,0.051447,0.025149,0.004197,0.038572,0.856966,0.010364
4956_247_426_630,6,5,0.004603,0.021723,0.018799,0.041332,0.035202,0.859984,0.018357
4956_247_1124_1183,5,5,0.010638,0.034051,0.026716,0.01183,0.02398,0.822776,0.070011
4956_248_1028_1102,6,6,0.016527,0.167572,0.0469,0.039225,0.14566,0.034725,0.549391
4956_248_1531_1643,6,1,0.013207,0.429539,0.173897,0.008304,0.078958,0.099632,0.196464
4956_248_663_687,6,6,0.026362,0.172741,0.070158,0.034429,0.061694,0.031843,0.602772
4956_247_722_747,4,3,0.021173,0.03573,0.048222,0.376602,0.302375,0.040886,0.175012
4956_248_347_387,6,6,0.039673,0.11227,0.135305,0.161185,0.159727,0.07042,0.321421
4956_247_1661_1676,4,5,0.027659,0.165796,0.184184,0.018949,0.165329,0.411715,0.026368
4957_247_1289_1358,1,1,0.17574,0.513377,0.029298,0.056537,0.075609,0.108579,0.040859
4957_247_1103_1235,5,5,0.007363,0.053015,0.043333,0.007119,0.06446,0.81614,0.008569
4957_248_1505_1758,5,5,0.014067,0.214618,0.198842,0.021554,0.195367,0.265675,0.089879
4957_247_193_417,1,1,0.139055,0.608025,0.036609,0.019023,0.112475,0.059986,0.024826
4957_247_1767_1921,5,5,0.033373,0.141799,0.021515,0.008616,0.029669,0.753426,0.011602
4957_247_1402_1500,1,4,0.017819,0.077689,0.065537,0.190599,0.313694,0.114207,0.220455
4957_247_917_950,5,5,0.009616,0.098455,0.176839,0.037699,0.073239,0.446555,0.157596
4957_248_429_915,1,1,0.007759,0.400686,0.188923,0.019719,0.073834,0.289797,0.019282
4957_248_952_1083,1,1,0.015717,0.580413,0.16364,0.013672,0.045089,0.149391,0.032078
4957_248_31_58,5,5,0.028141,0.121658,0.039351,0.035086,0.025731,0.709271,0.040762
4957_248_1236_1272,1,1,0.039866,0.64434,0.041155,0.038294,0.019644,0.1735,0.043201
4957_247_63_94,4,3,0.025521,0.083329,0.061555,0.399258,0.076853,0.101901,0.251584
4957_248_1362_1391,5,5,0.017385,0.16758,0.039515,0.035462,0.024936,0.691539,0.023584
4957_248_141_178,3,3,0.015825,0.080674,0.022655,0.454898,0.011069,0.388749,0.02613
4957_248_1932_2015,1,4,0.007635,0.302258,0.160975,0.027968,0.384876,0.043058,0.07323
4959_247_763_849,0,3,0.057472,0.12561,0.024955,0.504263,0.01796,0.246563,0.023176
4959_248_31_101,0,1,0.243185,0.547413,0.058925,0.031226,0.033898,0.032566,0.052788
4959_248_1002_1070,1,1,0.030615,0.482355,0.270006,0.026159,0.043609,0.12223,0.025025
4959_247_385_429,1,5,0.01942,0.164159,0.193971,0.050279,0.045661,0.498923,0.027588
4959_248_569_659,1,1,0.031496,0.60317,0.081122,0.010975,0.170832,0.069454,0.032951
4959_247_666_703,1,5,0.012558,0.05808,0.196464,0.273743,0.023214,0.405617,0.030324
4959_247_934_968,1,5,0.021664,0.244967,0.186199,0.045168,0.026632,0.389412,0.085958
4959_248_858_932,1,1,0.067646,0.765402,0.031797,0.023587,0.01721,0.079701,0.014657
4959_247_1073_1091,1,3,0.012869,0.021008,0.01946,0.802252,0.013999,0.070548,0.059864
4959_248_441_498,1,5,0.013224,0.129264,0.244356,0.028059,0.047772,0.508754,0.028571
4959_247_273_300,5,5,0.039471,0.074581,0.046679,0.043909,0.021807,0.739762,0.033791
4959_248_321_374,5,5,0.030308,0.231503,0.175705,0.012071,0.059595,0.458704,0.032113
4959_248_705_727,1,1,0.018175,0.381751,0.078652,0.080747,0.040631,0.297259,0.102785
4959_247_502_564,0,5,0.061132,0.155556,0.097568,0.01533,0.056747,0.573396,0.040271
4958_247_31_391,0,1,0.328852,0.472801,0.037444,0.010755,0.055281,0.079539,0.015329
4958_247_1224_1338,1,1,0.223775,0.5229,0.034131,0.056028,0.019045,0.085068,0.059053
4958_248_1176_1222,1,1,0.150714,0.458809,0.048764,0.016981,0.027278,0.266487,0.030967
4958_248_1361_1510,1,5,0.007391,0.178642,0.048605,0.022387,0.060123,0.63298,0.049872
4958_247_938_1014,1,2,0.007891,0.046611,0.603333,0.030184,0.24606,0.042122,0.023799
4958_247_1123_1161,1,5,0.200347,0.187319,0.029275,0.06554,0.035049,0.323434,0.159036
4958_248_1021_1122,1,1,0.042119,0.502021,0.090097,0.130333,0.019494,0.191559,0.024377
4958_248_603_649,5,1,0.071974,0.493248,0.047445,0.015344,0.042675,0.28736,0.041955
4958_247_434_578,1,4,0.016005,0.201023,0.153432,0.066794,0.333394,0.077635,0.151719
4958_247_1516_1621,1,0,0.55606,0.393314,0.01068,0.004066,0.011805,0.017483,0.006593
4958_247_650_676,5,5,0.022459,0.076796,0.039583,0.016741,0.018469,0.785354,0.040598
4958_248_696_731,5,5,0.022767,0.110232,0.027422,0.01556,0.016749,0.747685,0.059585
4958_248_832_918,5,5,0.02814,0.254927,0.07415,0.044284,0.057928,0.385425,0.155145
4958_247_743_818,5,6,0.056007,0.253732,0.035144,0.209501,0.04234,0.143483,0.259793
4958_248_392_420,5,5,0.029619,0.14222,0.037385,0.065318,0.018827,0.657199,0.049434
5161_259_31_315,0,1,0.112813,0.586195,0.051964,0.0062,0.085767,0.140271,0.016789
5161_259_1215_1419,0,1,0.252459,0.568969,0.058943,0.005662,0.079706,0.02861,0.005651
5161_260_2024_2104,3,1,0.21754,0.608164,0.076722,0.011964,0.03026,0.042408,0.012941
5161_260_1101_1209,3,1,0.051239,0.553788,0.17885,0.025291,0.176813,0.003419,0.010599
5161_259_1594_1728,3,3,0.028153,0.12278,0.036952,0.59886,0.046334,0.076389,0.090533
5161_260_1739_1835,3,1,0.029692,0.502354,0.182644,0.11907,0.085828,0.017803,0.062609
5161_260_1439_1592,3,1,0.111558,0.48063,0.04391,0.103365,0.188905,0.011157,0.060475
5161_260_934_1007,3,3,0.035598,0.158337,0.048644,0.534334,0.033766,0.03551,0.153811
5161_259_590_689,1,4,0.006689,0.043279,0.098827,0.00435,0.780144,0.013243,0.053468
5161_259_1017_1099,1,1,0.191702,0.672814,0.013028,0.004802,0.096569,0.00504,0.016045
5161_260_341_570,3,5,0.008743,0.043561,0.023278,0.434895,0.01429,0.458961,0.016271
5161_259_776_884,1,1,0.019026,0.339543,0.097373,0.031547,0.069508,0.224662,0.218341
5161_259_1849_2002,1,1,0.198438,0.644435,0.023773,0.015735,0.037486,0.010739,0.069395
5161_260_699_774,3,1,0.051402,0.521069,0.096174,0.045953,0.037687,0.043609,0.204106
5162_260_76_206,1,3,0.020327,0.052091,0.015036,0.528857,0.030934,0.099657,0.253099
5162_259_1291_1399,3,1,0.241979,0.656973,0.010565,0.033802,0.014751,0.031385,0.010546
5162_260_1988_2063,3,1,0.079736,0.597047,0.03789,0.067986,0.065928,0.01669,0.134723
5162_260_941_1278,3,1,0.060764,0.370156,0.068742,0.161534,0.199615,0.041833,0.097356
5162_259_1541_1986,3,1,0.070699,0.713292,0.064245,0.011914,0.074671,0.035872,0.029307
5162_259_216_335,1,1,0.123027,0.695297,0.047803,0.011352,0.049564,0.013734,0.059223
5162_260_1433_1525,3,0,0.497519,0.331258,0.020689,0.057868,0.034633,0.018211,0.039822
5162_260_2121_2293,3,1,0.18562,0.454198,0.02644,0.137837,0.050855,0.034167,0.110884
5162_259_721_931,4,1,0.053512,0.508006,0.13235,0.002632,0.274978,0.007766,0.020756
5162_259_2305_2375,3,3,0.047261,0.097662,0.041705,0.331953,0.140835,0.029831,0.310755
5162_260_586_669,1,1,0.084817,0.337271,0.130836,0.039505,0.068309,0.28945,0.049812
5162_259_2066_2120,3,0,0.488566,0.363801,0.020154,0.014044,0.018169,0.024603,0.070662
5162_259_426_575,1,1,0.351901,0.502479,0.03225,0.003212,0.032374,0.069858,0.007925
5162_259_31_74,1,1,0.077035,0.652462,0.022256,0.003262,0.218224,0.002951,0.023808
5162_260_337_416,1,1,0.20562,0.580559,0.035337,0.016857,0.117021,0.012401,0.032204
5166_259_31_172,3,4,0.020912,0.171047,0.089886,0.051348,0.396469,0.040062,0.230277
5166_260_1253_1297,3,3,0.049056,0.27209,0.099535,0.286377,0.051914,0.045354,0.195675
5166_259_1087_1232,3,5,0.082114,0.330706,0.046138,0.03143,0.037548,0.456934,0.01513
5166_259_1592_1730,4,4,0.018776,0.296667,0.099514,0.00427,0.533039,0.019472,0.028262
5166_260_1742_1834,3,3,0.017663,0.027761,0.015128,0.788421,0.013622,0.087988,0.049416
5166_259_1317_1507,3,1,0.019724,0.353023,0.089657,0.145709,0.108249,0.06844,0.215198
5166_260_878_1077,3,3,0.011104,0.06286,0.033035,0.800663,0.021284,0.053088,0.017967
5166_260_200_247,3,5,0.015668,0.04489,0.09569,0.156354,0.01678,0.563872,0.106745
5166_259_265_602,3,3,0.018417,0.015531,0.05043,0.592301,0.054746,0.181373,0.087203
5166_260_629_711,3,3,0.055885,0.037987,0.021604,0.667781,0.017673,0.106126,0.092944
5166_259_735_852,3,5,0.022379,0.092308,0.1552,0.217713,0.024207,0.449019,0.039174
5166_260_1540_1577,3,3,0.014984,0.012101,0.010847,0.889195,0.005838,0.008279,0.058755
5164_260_1217_1433,3,1,0.095264,0.463281,0.228499,0.019691,0.036153,0.132707,0.024406
5164_259_977_1215,3,5,0.017068,0.059956,0.036356,0.003198,0.013948,0.859802,0.009672
5164_260_1585_1697,1,1,0.040379,0.598426,0.178023,0.016209,0.105592,0.028473,0.032898
5164_259_1698_1872,5,5,0.024012,0.086806,0.022137,0.011367,0.033468,0.805611,0.016598
5164_259_1437_1461,5,5,0.014753,0.036143,0.050872,0.010798,0.011584,0.850258,0.025591
5164_260_747_977,3,5,0.089175,0.273366,0.138383,0.092565,0.062701,0.288881,0.054929
5164_259_139_252,3,5,0.024566,0.043187,0.080233,0.358658,0.049007,0.414298,0.03005
5164_260_560_619,3,3,0.046807,0.064175,0.017904,0.815928,0.012354,0.013893,0.02894
5164_260_278_376,3,1,0.152237,0.640213,0.038634,0.103298,0.021739,0.005376,0.038503
5164_259_621_728,3,3,0.030136,0.055583,0.0332,0.51555,0.040005,0.049552,0.275975
5164_259_377_558,3,1,0.436353,0.484515,0.01927,0.011163,0.02168,0.021115,0.005904
5164_260_31_112,3,3,0.085607,0.253777,0.087632,0.467845,0.030338,0.020495,0.054304
5164_259_1511_1577,4,1,0.120395,0.575758,0.03705,0.002701,0.23255,0.006984,0.024562
5164_260_1874_2005,3,1,0.027702,0.468402,0.185708,0.017503,0.202068,0.020961,0.077657
5164_260_1467_1493,3,0,0.615759,0.262903,0.029113,0.008332,0.023803,0.011213,0.048877
5168_259_70_331,3,1,0.079225,0.548521,0.063658,0.057509,0.028215,0.1894,0.033473
5168_259_1637_1686,5,1,0.034156,0.418503,0.117368,0.012092,0.064169,0.309861,0.043852
5168_259_1437_1520,3,3,0.016543,0.043525,0.098786,0.435687,0.076184,0.091945,0.23733
5168_260_804_949,3,1,0.041257,0.262903,0.153233,0.131006,0.085489,0.102549,0.223563
5168_260_1320_1355,3,6,0.046655,0.205423,0.044285,0.180941,0.074014,0.014524,0.434158
5168_259_584_619,1,1,0.031668,0.479442,0.101237,0.011547,0.173637,0.057809,0.14466
5168_259_1084_1107,3,6,0.031316,0.152294,0.27569,0.00925,0.101463,0.098465,0.331522
5168_260_334_436,3,1,0.03973,0.657138,0.08198,0.044211,0.031217,0.016877,0.128846
5168_260_621_678,1,1,0.053085,0.605739,0.070951,0.038359,0.059651,0.006154,0.16606
5168_259_455_514,4,2,0.010356,0.196014,0.418491,0.004677,0.253987,0.062289,0.054186
5168_260_31_68,3,1,0.043861,0.546121,0.114951,0.026536,0.02093,0.099335,0.148265
5168_259_705_786,3,4,0.01699,0.160113,0.294032,0.009161,0.29876,0.019821,0.201123
5168_260_1569_1623,3,3,0.007797,0.005953,0.006162,0.918781,0.004078,0.026023,0.031206
5168_260_515_574,3,1,0.048997,0.427681,0.154768,0.022974,0.114946,0.008193,0.22244
5172_259_126_134,5,5,0.002891,0.010759,0.017326,0.011558,0.0104,0.863209,0.083856
5172_259_1238_1436,6,1,0.033296,0.367552,0.112129,0.025537,0.089691,0.085246,0.286549
5172_260_1143_1200,6,6,0.01179,0.082111,0.029937,0.068978,0.214524,0.013675,0.578986
5172_259_1520_1719,6,6,0.009408,0.251384,0.084415,0.125672,0.0381,0.239064,0.251956
5172_259_251_492,6,5,0.011832,0.100053,0.240052,0.118651,0.049756,0.392677,0.086979
5172_260_1816_1839,3,4,0.025207,0.059553,0.077399,0.047961,0.742655,0.008893,0.038332
5172_259_884_1115,6,6,0.011945,0.232351,0.088508,0.024679,0.072117,0.058749,0.51165
5172_259_580_819,6,6,0.038764,0.323797,0.054467,0.008602,0.049381,0.12179,0.403199
5172_260_1477_1499,3,3,0.007316,0.034305,0.02004,0.829713,0.018549,0.012797,0.07728
5172_260_508_553,6,1,0.085358,0.442898,0.079813,0.036098,0.021662,0.265544,0.068628
5172_260_171_182,3,3,0.023084,0.021781,0.029656,0.678194,0.017821,0.053403,0.17606
5172_260_31_53,3,3,0.022606,0.024498,0.034291,0.735507,0.019361,0.038156,0.12558
5172_260_834_869,5,1,0.047563,0.428404,0.103331,0.014507,0.079236,0.165162,0.161797
5167_259_1194_1435,3,3,0.017282,0.034549,0.096201,0.499269,0.051064,0.24794,0.053695
5167_260_1088_1189,1,1,0.042108,0.318986,0.224,0.018316,0.048736,0.181979,0.165875
5167_260_1673_1710,1,1,0.034862,0.467106,0.165389,0.021383,0.042067,0.139576,0.129618
5167_260_247_289,1,2,0.005377,0.183278,0.452771,0.005454,0.279266,0.027252,0.046602
5167_259_179_225,3,6,0.010572,0.158232,0.167797,0.041018,0.216415,0.060654,0.345313
5167_260_397_606,1,1,0.033191,0.328639,0.284884,0.008552,0.252055,0.040364,0.052315
5167_259_324_377,3,6,0.053665,0.261077,0.046257,0.184185,0.105026,0.041548,0.308243
5167_259_609_833,3,1,0.011067,0.42361,0.302355,0.004698,0.124929,0.095257,0.038084
5167_259_960_1076,2,5,0.006723,0.0373,0.130577,0.039499,0.038313,0.720415,0.027173
5167_259_31_65,3,3,0.016208,0.003956,0.010348,0.878975,0.005538,0.0138,0.071175
5167_259_1524_1620,3,1,0.040201,0.509669,0.096895,0.05523,0.073421,0.0845,0.140083
5167_260_1471_1520,1,2,0.003494,0.099406,0.816633,0.00316,0.034549,0.034789,0.007968
5167_260_71_113,1,6,0.017789,0.069271,0.067269,0.151695,0.054592,0.207125,0.432259
5167_260_835_898,1,2,0.009212,0.133636,0.366291,0.017208,0.349496,0.081783,0.042374
5175_259_31_159,6,1,0.248732,0.588502,0.035807,0.004899,0.063776,0.015122,0.043162
5175_259_733_1203,6,1,0.252911,0.580948,0.039367,0.010013,0.052503,0.040472,0.023786
5175_260_1626_1698,1,1,0.070319,0.329117,0.081736,0.096756,0.035853,0.232709,0.153511
5175_260_174_335,4,4,0.026791,0.256869,0.085572,0.112941,0.361723,0.01653,0.139574
5175_260_523_717,6,1,0.084673,0.682101,0.049297,0.043648,0.039378,0.078874,0.02203
5175_260_1328_1349,4,1,0.216002,0.459309,0.054942,0.022971,0.177948,0.003096,0.065733
5175_259_349_497,4,1,0.254678,0.58144,0.038965,0.013099,0.045929,0.053547,0.012342
5175_259_1466_1591,1,0,0.661663,0.293275,0.014706,0.00188,0.015338,0.00692,0.006217
5175_260_1244_1268,4,1,0.196044,0.564889,0.049699,0.005272,0.156072,0.004052,0.023972
5175_259_1360_1377,6,1,0.199255,0.460408,0.0669,0.004667,0.120039,0.111678,0.037054
5175_260_1404_1430,2,3,0.037351,0.105662,0.05809,0.598949,0.078624,0.007399,0.113925
5175_259_1306_1314,3,1,0.203571,0.46816,0.039302,0.016168,0.099079,0.03049,0.143229
5173_259_1223_1294,6,3,0.033194,0.04744,0.038058,0.70661,0.022534,0.027085,0.125078
5173_259_115_201,5,5,0.008911,0.047259,0.032857,0.002902,0.015334,0.855863,0.036875
5173_260_1162_1210,3,1,0.152176,0.391875,0.025445,0.261773,0.067027,0.017097,0.084605
5173_259_784_920,6,6,0.014294,0.093353,0.089573,0.18331,0.060498,0.18162,0.377352
5173_260_935_1027,3,3,0.004512,0.002554,0.005847,0.946157,0.004854,0.023687,0.01239
5173_260_388_502,1,1,0.040583,0.251408,0.064613,0.24196,0.233873,0.058029,0.109534
5173_259_524_675,6,6,0.011274,0.139085,0.083529,0.216496,0.17594,0.095703,0.277973
5173_260_70_87,3,6,0.016816,0.042816,0.031925,0.284072,0.02644,0.094597,0.503334
5173_260_693_744,3,3,0.011284,0.014887,0.007805,0.640443,0.013182,0.01283,0.299568
5173_259_1039_1123,3,1,0.177523,0.644515,0.011899,0.01671,0.054311,0.021463,0.073578
5173_259_273_364,1,2,0.01498,0.190053,0.22722,0.10913,0.117282,0.213202,0.128134
5173_260_214_234,3,6,0.083149,0.161906,0.017467,0.182036,0.015391,0.075568,0.464483
5173_259_31_38,5,5,0.001969,0.023609,0.010554,0.017614,0.013768,0.912458,0.020027
5171_259_31_155,4,1,0.037189,0.362883,0.168719,0.015016,0.219623,0.05743,0.13914
5171_260_2026_2095,6,1,0.150073,0.7019,0.044658,0.017442,0.037941,0.014251,0.033735
5171_259_1156_1197,4,4,0.035071,0.262135,0.084504,0.000655,0.596227,0.002803,0.018605
5171_260_1566_1702,1,1,0.094327,0.741373,0.053305,0.010768,0.051298,0.008905,0.040024
5171_260_205_467,6,1,0.075489,0.35113,0.097286,0.137874,0.095629,0.108912,0.13368
5171_259_1726_2010,1,1,0.120563,0.526388,0.051491,0.009427,0.251106,0.009191,0.031834
5171_259_1326_1530,6,1,0.091227,0.572694,0.065337,0.011005,0.166985,0.020572,0.072179
5171_260_2203_2287,6,1,0.03949,0.520008,0.141065,0.008028,0.201449,0.026281,0.063679
5171_259_798_1067,4,1,0.062694,0.624746,0.087293,0.004804,0.091741,0.085281,0.04344
5171_259_2304_2406,1,1,0.227992,0.566282,0.066483,0.003285,0.101297,0.010348,0.024313
5171_259_497_660,4,1,0.04975,0.620637,0.167662,0.014719,0.089466,0.043348,0.014419
5171_260_1082_1127,6,1,0.123776,0.760131,0.033634,0.011958,0.021228,0.006201,0.043071
5171_260_1211_1293,6,1,0.141104,0.644111,0.05341,0.016538,0.055611,0.017099,0.072127
5171_260_707_752,3,1,0.110909,0.501528,0.030819,0.238565,0.030698,0.036433,0.051048
5171_259_2131_2182,6,1,0.09815,0.478662,0.219189,0.006761,0.103504,0.060887,0.032848
5178_259_31_158,6,1,0.050637,0.436289,0.175932,0.010309,0.058087,0.230922,0.037824
5178_259_1191_1320,6,5,0.031245,0.153093,0.046339,0.015825,0.067896,0.653282,0.03232
5178_259_1504_1802,4,5,0.019849,0.077647,0.059151,0.008897,0.100553,0.724097,0.009805
5178_260_182_287,1,1,0.232997,0.519328,0.029888,0.097584,0.036245,0.018478,0.065481
5178_259_542_651,5,5,0.099306,0.273032,0.113115,0.003124,0.048082,0.45271,0.01063
5178_260_1122_1147,6,1,0.097704,0.528424,0.113195,0.007815,0.141004,0.024941,0.086917
5178_259_328_447,5,5,0.029771,0.068195,0.11198,0.022456,0.017402,0.733833,0.016363
5178_260_1859_1908,3,1,0.079028,0.37686,0.026524,0.175738,0.021983,0.010947,0.308921
5178_260_680_792,5,5,0.227516,0.237315,0.107887,0.015422,0.036466,0.354991,0.020404
5178_260_1368_1454,1,3,0.021211,0.124536,0.077077,0.612783,0.0062,0.127949,0.030245
5178_260_978_1016,5,1,0.036616,0.367723,0.196816,0.008369,0.053815,0.302947,0.033715
5178_259_1060_1100,5,5,0.026617,0.251359,0.253807,0.001613,0.098722,0.330883,0.037
5178_260_484_519,5,1,0.150535,0.605786,0.0901,0.007024,0.036746,0.099679,0.01013
5178_259_904_919,5,1,0.188853,0.356462,0.058299,0.004771,0.071551,0.285633,0.03443
5182_259_31_373,3,1,0.016636,0.448748,0.057918,0.11646,0.098438,0.187136,0.074664
5182_260_1008_1311,4,1,0.022387,0.472155,0.189409,0.019985,0.170037,0.052262,0.073764
5182_259_1915_2099,4,6,0.007968,0.077408,0.055404,0.279564,0.108975,0.16783,0.302851
5182_260_1679_1872,3,3,0.006623,0.028508,0.017168,0.728407,0.013076,0.038847,0.167372
5182_259_1312_1673,4,5,0.015745,0.284961,0.067176,0.11579,0.065874,0.308767,0.141687
5182_259_941_1004,5,6,0.007747,0.037912,0.229569,0.038201,0.090949,0.170026,0.425596
5182_259_526_690,3,3,0.011281,0.027747,0.021532,0.769362,0.020177,0.063476,0.086426
5182_260_387_506,4,3,0.014329,0.094439,0.034577,0.609004,0.03908,0.04843,0.16014
5182_260_802_919,3,6,0.015708,0.075615,0.0192,0.256901,0.015945,0.024835,0.591797
5182_260_2125_2146,3,3,0.004714,0.006692,0.003846,0.872034,0.003554,0.015397,0.093763
5182_260_715_753,4,1,0.269225,0.359588,0.041824,0.104976,0.057371,0.086913,0.080103
5182_259_774_789,5,5,0.011935,0.102465,0.109484,0.006254,0.034965,0.647124,0.087773
5183_259_31_202,3,3,0.007109,0.004899,0.007388,0.908741,0.009593,0.016963,0.045306
5183_259_1213_1355,5,2,0.009482,0.076293,0.549441,0.040646,0.043363,0.1983,0.082474
5183_260_2038_2118,3,1,0.016202,0.420711,0.142244,0.087414,0.048083,0.1744,0.110945
5183_260_1077_1194,4,1,0.032078,0.366324,0.084688,0.278736,0.044797,0.066239,0.127137
5183_259_1424_1747,3,5,0.028773,0.23893,0.15954,0.152522,0.064031,0.300258,0.055947
5183_260_203_353,3,3,0.003203,0.002004,0.004319,0.930259,0.005991,0.013577,0.040647
5183_260_1789_1828,3,3,0.024206,0.088143,0.030261,0.673949,0.011721,0.12727,0.04445
5183_259_740_1075,4,1,0.034242,0.448885,0.099329,0.129333,0.176228,0.059232,0.052751
5183_260_586_702,4,1,0.127852,0.584491,0.041877,0.025506,0.137045,0.007912,0.075319
5183_260_466_526,4,1,0.092874,0.508215,0.04195,0.207094,0.067813,0.053454,0.0286
5183_259_1842_2033,5,1,0.090677,0.497116,0.126099,0.026407,0.097918,0.053303,0.108479
5183_259_354_431,3,3,0.007016,0.003591,0.00776,0.858685,0.002842,0.11369,0.006416
5183_260_1375_1395,5,6,0.062648,0.11051,0.023655,0.048271,0.018388,0.268457,0.468071
5183_259_560_566,5,5,0.038536,0.082568,0.225951,0.098,0.069245,0.391741,0.093959
5186_259_31_263,0,1,0.406924,0.516728,0.018213,0.002397,0.031201,0.016609,0.007928
5186_260_1275_1639,0,0,0.632694,0.301995,0.015867,0.007801,0.023813,0.011218,0.006611
5186_259_1671_1787,4,1,0.290886,0.532275,0.035172,0.001723,0.106044,0.010854,0.023047
5186_260_1789_2033,0,0,0.678355,0.234564,0.013232,0.005199,0.019736,0.039392,0.009523
5186_259_2081_2452,4,1,0.370424,0.520925,0.031128,0.003829,0.057772,0.00854,0.007382
5186_260_933_1173,0,0,0.840656,0.12986,0.008525,0.002476,0.011062,0.004479,0.002942
5186_260_318_399,4,1,0.211099,0.702829,0.017614,0.010679,0.038053,0.007355,0.012372
5186_260_601_824,4,4,0.057996,0.275234,0.057414,0.03212,0.47907,0.010746,0.087419
5186_259_405_556,4,1,0.249489,0.630005,0.044007,0.004492,0.049919,0.011725,0.010362
5186_259_1199_1275,2,2,0.035687,0.277656,0.533301,0.001769,0.09239,0.04326,0.015937
5186_259_851_912,0,0,0.562218,0.365135,0.021223,0.001919,0.020104,0.023572,0.00583
5180_260_126_205,6,3,0.02107,0.102547,0.057238,0.494712,0.032606,0.025447,0.26638
5180_259_1247_1354,6,1,0.1658,0.478409,0.029483,0.039308,0.048279,0.018337,0.220383
5180_259_1878_2086,6,5,0.010868,0.261639,0.096869,0.085961,0.022729,0.401611,0.120323
5180_260_1183_1223,3,3,0.025947,0.132387,0.021979,0.597423,0.019366,0.011485,0.191414
5180_259_1553_1722,6,1,0.026138,0.319428,0.087195,0.060444,0.092106,0.12255,0.292139
5180_259_228_542,3,4,0.008131,0.160923,0.044088,0.140462,0.339151,0.028472,0.278774
5180_260_1726_1865,3,3,0.012239,0.015847,0.022711,0.874063,0.00979,0.010714,0.054635
5180_259_1461_1476,6,1,0.08021,0.356376,0.049251,0.049685,0.064637,0.086643,0.313198
5180_260_924_1014,3,3,0.02163,0.050927,0.014423,0.840289,0.011826,0.022664,0.03824
5180_260_584_704,6,3,0.042992,0.128178,0.048235,0.477,0.038014,0.101109,0.164471
5180_259_1058_1140,3,3,0.059593,0.17232,0.02289,0.617024,0.029162,0.016575,0.082435
5180_259_31_102,6,1,0.033845,0.481833,0.106843,0.032019,0.149918,0.054569,0.140973
5180_260_1492_1531,6,1,0.106234,0.568215,0.044745,0.046325,0.027289,0.005711,0.20148
5180_259_779_910,4,1,0.011069,0.330832,0.250313,0.01281,0.151559,0.209057,0.034359
5180_260_1393_1455,6,1,0.093414,0.507194,0.157726,0.027751,0.032101,0.133835,0.047979
5187_260_31_371,0,0,0.566198,0.368759,0.008255,0.010269,0.025467,0.015389,0.005663
5187_260_1192_1585,4,4,0.051015,0.264344,0.247803,0.026928,0.352664,0.019625,0.037622
5187_259_1855_2071,4,4,0.07371,0.187106,0.051079,0.001922,0.670096,0.006527,0.009561
5187_259_1668_1691,4,4,0.002081,0.004531,0.075761,0.000478,0.915074,0.000656,0.001419
5187_260_927_975,1,1,0.125855,0.768934,0.022893,0.002922,0.068453,0.002653,0.008289
5187_260_521_755,0,0,0.793825,0.164761,0.013657,0.003904,0.01143,0.006122,0.006301
5187_260_1724_1764,4,1,0.070952,0.272247,0.16587,0.064378,0.143261,0.018228,0.265064
5187_259_1035_1058,4,4,0.052689,0.346989,0.228989,0.002043,0.347941,0.008829,0.012519
5187_259_452_487,4,4,0.008501,0.025671,0.214261,0.000417,0.744832,0.002434,0.003883
5187_259_812_887,4,4,0.006897,0.014822,0.356977,0.002115,0.602699,0.008609,0.007882
5189_260_120_208,5,3,0.011275,0.012802,0.085651,0.532057,0.01963,0.198067,0.140518
5189_259_1758_2084,4,4,0.140986,0.226908,0.049695,0.001627,0.569834,0.00663,0.00432
5189_259_1133_1277,4,1,0.065106,0.54101,0.087782,0.028487,0.082651,0.04605,0.148914
5189_260_1606_1717,3,1,0.169469,0.615735,0.063979,0.043353,0.049452,0.023133,0.03488
5189_259_210_387,4,1,0.059882,0.559711,0.021571,0.077839,0.191151,0.015103,0.074742
5189_260_1308_1498,3,3,0.009339,0.089704,0.046073,0.661066,0.018211,0.030714,0.144892
5189_259_729_1031,5,2,0.062932,0.252647,0.286641,0.005954,0.215416,0.167638,0.008772
5189_260_498_692,4,1,0.03695,0.328967,0.198955,0.079655,0.118786,0.094319,0.142368
5189_260_1033_1128,3,3,0.030243,0.136693,0.028207,0.588981,0.031944,0.021263,0.162671
5189_259_446_481,4,6,0.022429,0.182919,0.030713,0.024315,0.184588,0.022515,0.532521
5189_259_31_93,4,1,0.053896,0.60131,0.051745,0.001889,0.272093,0.005777,0.01329
5189_259_1503_1584,4,5,0.011216,0.104568,0.053378,0.011213,0.059475,0.611713,0.148436
5189_260_397_432,5,6,0.014647,0.029668,0.017178,0.167091,0.024868,0.028081,0.718469
5191_259_2456_2558,4,4,0.025279,0.044626,0.347285,0.001912,0.54539,0.010599,0.024909
5191_260_115_262,3,4,0.007643,0.015943,0.048979,0.087966,0.680577,0.022178,0.136714
5191_259_1262_1535,0,1,0.119026,0.594854,0.052696,0.004142,0.20262,0.010838,0.015823
5191_260_1134_1262,6,4,0.031455,0.201497,0.212066,0.064215,0.254926,0.078771,0.15707
5191_260_2558_2905,4,1,0.107517,0.299274,0.13086,0.120886,0.180857,0.021094,0.139512
5191_260_618_940,5,2,0.014927,0.115575,0.402367,0.264936,0.040305,0.125938,0.035952
5191_260_2005_2368,3,3,0.019255,0.094872,0.176147,0.573762,0.041678,0.045983,0.048303
5191_259_1065_1134,4,4,0.00853,0.084684,0.17003,0.000951,0.692593,0.007543,0.035668
5191_259_1726_1972,4,4,0.053832,0.292897,0.306661,0.002919,0.308771,0.019984,0.014935
5191_260_1535_1726,5,3,0.040296,0.290045,0.146399,0.36338,0.050048,0.06899,0.040841
5191_260_351_417,3,6,0.087836,0.239433,0.090677,0.027391,0.18483,0.055736,0.314097
5191_259_484_538,0,2,0.032946,0.131984,0.396329,0.00452,0.329846,0.02949,0.074885
5191_259_297_351,6,4,0.005867,0.088876,0.091259,0.066007,0.416329,0.013538,0.318123
5191_259_31_61,4,6,0.047493,0.187307,0.131804,0.0253,0.070307,0.138119,0.399671
5192_259_31_191,6,1,0.114278,0.505926,0.050921,0.00318,0.2826,0.008152,0.034944
5192_260_1236_1404,3,3,0.012637,0.007283,0.015687,0.858481,0.012915,0.015748,0.077249
5192_259_1178_1236,4,4,0.042255,0.192891,0.059869,0.011263,0.608952,0.006233,0.078537
5192_259_1577_1713,3,1,0.052148,0.404751,0.093506,0.068082,0.202681,0.119505,0.059327
5192_260_251_282,3,1,0.032773,0.320592,0.057344,0.173522,0.06824,0.077157,0.270372
5192_260_1435_1577,5,1,0.057383,0.318108,0.04801,0.242335,0.067611,0.058904,0.20765
5192_260_804_1028,3,1,0.060931,0.264919,0.205278,0.234918,0.154808,0.027917,0.05123
5192_260_423_630,3,1,0.186015,0.51822,0.092712,0.025225,0.151394,0.009062,0.017372
5192_259_630_732,4,4,0.094745,0.301717,0.088693,0.006517,0.488196,0.01089,0.009241
5192_259_1404_1435,3,5,0.041349,0.116854,0.074239,0.107361,0.050532,0.470581,0.139083
5192_259_392_423,4,4,0.006914,0.027374,0.019292,0.001347,0.938345,0.001094,0.005633
5193_260_81_292,6,6,0.015594,0.238901,0.04315,0.211277,0.052724,0.019658,0.418695
5193_260_1071_1459,3,1,0.058797,0.394867,0.088608,0.315177,0.029761,0.060427,0.052362
5193_259_1459_1722,6,1,0.044604,0.515038,0.063574,0.048184,0.201465,0.024279,0.102856
5193_260_1722_1869,3,3,0.012299,0.061309,0.040968,0.591855,0.05666,0.019071,0.217838
5193_260_791_975,5,1,0.072333,0.561414,0.06205,0.075112,0.02112,0.021848,0.186121
5193_260_467_621,6,1,0.122034,0.66979,0.040456,0.02619,0.0446,0.017742,0.079188
5193_259_292_351,5,6,0.04012,0.237958,0.090108,0.028505,0.039066,0.271705,0.292538
5193_259_621_791,1,1,0.047833,0.645599,0.036786,0.050837,0.121142,0.026836,0.070967
5193_259_975_1071,6,1,0.103355,0.371089,0.021,0.105393,0.036735,0.310545,0.051882
5193_259_31_81,6,6,0.010131,0.044741,0.015164,0.031084,0.01788,0.074572,0.806428
5193_259_389_467,1,1,0.053963,0.644671,0.039119,0.064754,0.063327,0.039093,0.095072
5193_259_1869_2038,6,4,0.01993,0.289377,0.286872,0.009324,0.302481,0.038282,0.053735
5193_260_351_389,6,1,0.05026,0.336027,0.056844,0.143091,0.039382,0.063274,0.311123
5197_259_2397_2670,2,2,0.01557,0.110752,0.559807,0.005181,0.28149,0.022246,0.004955
5197_259_31_136,1,2,0.01043,0.146893,0.605345,0.002959,0.169886,0.044932,0.019556
5197_259_1811_2318,0,1,0.136181,0.523172,0.102793,0.010825,0.124885,0.072247,0.029897
5197_260_849_1267,0,1,0.182417,0.583946,0.035826,0.017806,0.065716,0.094952,0.019337
5197_259_1304_1712,2,4,0.063062,0.370966,0.05136,0.007803,0.463009,0.015561,0.028239
5197_260_151_293,4,1,0.031935,0.475566,0.02205,0.075078,0.180267,0.042385,0.172719
5197_259_333_596,4,1,0.146278,0.668015,0.047854,0.005023,0.061902,0.062735,0.008194
5197_260_2327_2383,1,1,0.209012,0.597167,0.044798,0.012886,0.091383,0.021326,0.023428
5197_260_1745_1781,1,5,0.058624,0.12184,0.045977,0.013816,0.017034,0.660066,0.082644
5197_260_607_646,1,6,0.077624,0.24281,0.046771,0.03827,0.014334,0.228667,0.351524
5197_259_677_829,0,1,0.145281,0.539357,0.025243,0.008374,0.250378,0.012976,0.01839
5194_259_31_170,4,4,0.060082,0.178313,0.112066,0.007653,0.46692,0.074291,0.100675
5194_260_1196_1316,5,5,0.106098,0.138264,0.025543,0.014601,0.01756,0.672106,0.025829
5194_259_826_1187,3,1,0.059191,0.362375,0.108594,0.21268,0.114979,0.088498,0.053682
5194_259_1667_1712,6,3,0.05941,0.192824,0.047531,0.313725,0.045733,0.147707,0.193071
5194_259_211_438,2,5,0.02914,0.158947,0.102846,0.006149,0.164282,0.516691,0.021945
5194_260_1717_1883,4,5,0.036423,0.226533,0.076515,0.030715,0.105658,0.492144,0.032012
5194_259_1317_1499,3,1,0.121073,0.632058,0.043333,0.007393,0.068152,0.09207,0.035922
5194_259_538_782,3,5,0.019537,0.18159,0.031305,0.250976,0.066282,0.410591,0.039719
5194_260_171_198,1,1,0.141926,0.54436,0.039185,0.009917,0.047866,0.003633,0.213114
5194_260_441_531,4,4,0.047157,0.37749,0.032876,0.00315,0.518054,0.004242,0.01703
5194_260_1502_1666,1,1,0.012518,0.275122,0.125823,0.096613,0.018843,0.26418,0.206901
5194_260_801_824,3,3,0.022717,0.032853,0.026718,0.752714,0.017087,0.066506,0.081405
5194_259_1884_1997,4,2,0.01918,0.232919,0.421259,0.002662,0.273107,0.047144,0.00373
5195_259_115_228,1,1,0.026601,0.321415,0.060223,0.058184,0.227287,0.082959,0.22333
5195_259_1249_1575,0,1,0.148339,0.523129,0.082022,0.007049,0.173345,0.05432,0.011794
5195_260_1059_1215,1,1,0.289174,0.610832,0.03099,0.021207,0.01667,0.015803,0.015324
5195_260_1580_1692,2,2,0.022169,0.193334,0.397932,0.27967,0.049284,0.019023,0.038588
5195_260_240_268,3,3,0.042029,0.074215,0.027413,0.498295,0.018141,0.287128,0.05278
5195_260_852_975,3,1,0.091119,0.652669,0.078384,0.09339,0.020711,0.03185,0.031877
5195_259_288_353,2,1,0.085558,0.453623,0.053104,0.006973,0.338226,0.011768,0.050747
5195_260_612_699,3,3,0.021032,0.145752,0.029574,0.501579,0.031077,0.033676,0.23731
5195_259_976_1058,3,5,0.077154,0.253757,0.089436,0.146081,0.026233,0.388852,0.018486
5195_259_465_552,3,1,0.100537,0.498645,0.047007,0.149131,0.069954,0.055465,0.07926
5195_260_31_96,3,6,0.033204,0.194346,0.077373,0.19997,0.036244,0.073486,0.385377
5195_259_713_850,3,5,0.026882,0.166496,0.112858,0.008387,0.043735,0.626242,0.015401
5195_260_358_414,3,1,0.135415,0.410076,0.034853,0.262256,0.013869,0.083607,0.059924
5200_259_1128_1313,4,4,0.025558,0.122291,0.082351,0.010874,0.591817,0.007503,0.159607
5200_260_1633_1718,2,4,0.021253,0.298954,0.262049,0.000981,0.354891,0.028249,0.033621
5200_259_207_368,6,4,0.022741,0.235379,0.086191,0.012197,0.344366,0.012986,0.286139
5200_259_1761_1867,4,4,0.007584,0.114603,0.068656,0.001401,0.765281,0.002167,0.040307
5200_259_1411_1598,1,1,0.096663,0.66403,0.053456,0.006082,0.129794,0.009813,0.040163
5200_259_778_934,6,1,0.067466,0.450036,0.067464,0.002974,0.304523,0.006351,0.101186
5200_260_950_1039,4,6,0.076573,0.254122,0.049502,0.076325,0.105578,0.019367,0.418533
5200_260_1342_1371,2,2,0.023317,0.216289,0.362727,0.011357,0.016861,0.338258,0.031191
5200_260_391_604,0,1,0.331703,0.492286,0.031515,0.012836,0.041236,0.059685,0.030739
5200_260_132_195,1,6,0.083022,0.167913,0.08125,0.080637,0.02986,0.268688,0.288631
5200_259_627_702,6,1,0.116712,0.744552,0.020494,0.004083,0.06505,0.007406,0.041703
5200_259_31_111,1,1,0.116064,0.486506,0.08589,0.005547,0.221223,0.014878,0.069893
5200_260_712_762,0,1,0.065116,0.501415,0.0375,0.018252,0.040048,0.07076,0.266907
5199_259_31_160,4,1,0.045477,0.384413,0.166919,0.015608,0.325712,0.02381,0.038061
5199_259_1211_1296,1,1,0.029435,0.533182,0.040933,0.014721,0.347646,0.009754,0.024328
5199_260_995_1184,1,1,0.090595,0.433419,0.059803,0.013164,0.050229,0.332459,0.020331
5199_259_1521_1800,2,1,0.032843,0.586099,0.057764,0.060765,0.053762,0.133592,0.075176
5199_260_175_300,3,1,0.225607,0.517439,0.039474,0.031976,0.025758,0.142414,0.017332
5199_260_1322_1500,3,1,0.05828,0.40493,0.080982,0.22135,0.060376,0.050939,0.123143
5199_260_507_617,3,1,0.060834,0.482401,0.073332,0.069127,0.053794,0.167149,0.093364
5199_259_308_504,1,1,0.104294,0.738057,0.0453,0.007325,0.0315,0.04601,0.027514
5199_259_631_654,1,5,0.01727,0.059394,0.044526,0.014927,0.019551,0.768355,0.075977
5199_260_658_833,3,5,0.216571,0.279904,0.043138,0.08552,0.040698,0.318755,0.015413
5199_259_1891_1957,4,1,0.177398,0.670747,0.017286,0.005282,0.100599,0.002993,0.025695
5199_260_1824_1870,4,1,0.072651,0.384081,0.049367,0.038064,0.030641,0.068479,0.356718
5199_259_857_926,0,1,0.344113,0.568912,0.022347,0.004346,0.041175,0.00817,0.010937
123_8_2371_2493,6,1,0.048514,0.295223,0.138219,0.152561,0.165493,0.035023,0.164967
123_8_78_219,6,5,0.032334,0.074951,0.111342,0.028241,0.077991,0.63167,0.04347
123_7_1200_1318,3,1,0.086729,0.328518,0.091168,0.190818,0.057091,0.073402,0.172275
123_8_1047_1199,1,2,0.132118,0.193847,0.237834,0.075454,0.23146,0.040328,0.088958
123_7_228_370,6,5,0.038724,0.108655,0.04075,0.026876,0.040278,0.705062,0.039654
123_7_2875_2961,1,5,0.011159,0.027319,0.031312,0.077748,0.020629,0.8204,0.011432
123_8_2634_2850,0,0,0.303983,0.277467,0.153751,0.045885,0.144106,0.045083,0.029725
123_7_1453_1667,3,3,0.144723,0.282271,0.043847,0.363563,0.053327,0.03959,0.07268
123_7_2502_2619,3,3,0.047217,0.117665,0.121297,0.321793,0.088657,0.050251,0.25312
123_7_871_1022,1,5,0.097828,0.198805,0.147795,0.171678,0.082653,0.242931,0.05831
123_8_1969_2171,0,0,0.426642,0.133049,0.075726,0.076058,0.050617,0.223649,0.014259
123_8_1673_1763,1,1,0.105508,0.419815,0.093329,0.288527,0.02226,0.048083,0.022479
123_8_598_850,1,0,0.310361,0.213822,0.078512,0.018968,0.195621,0.137177,0.045539
123_7_2198_2367,3,3,0.062998,0.104907,0.052823,0.529082,0.058079,0.062351,0.12976
123_7_1785_1968,6,3,0.042706,0.221151,0.018744,0.546985,0.03044,0.05727,0.082703
123_8_1352_1430,1,1,0.185426,0.32913,0.116629,0.014935,0.146728,0.172324,0.034827
123_8_2962_3023,0,0,0.60772,0.201576,0.083204,0.008926,0.016907,0.056559,0.025109
123_7_487_584,6,1,0.046275,0.431598,0.099366,0.166769,0.059899,0.029083,0.167009
123_8_381_477,1,5,0.049729,0.088911,0.088709,0.083668,0.078456,0.532129,0.078399
123_7_31_73,6,6,0.157819,0.179348,0.038688,0.129817,0.026241,0.178046,0.290041
130_8_127_246,5,5,0.004022,0.005013,0.012699,0.011434,0.008807,0.943478,0.014546
130_8_1238_1363,2,6,0.036575,0.133166,0.140354,0.222902,0.069924,0.160504,0.236574
130_8_1996_2190,3,3,0.053065,0.040746,0.038283,0.650325,0.03411,0.148815,0.034658
130_7_1101_1238,6,3,0.020943,0.045029,0.025286,0.604395,0.04729,0.018457,0.2386
130_7_1658_1762,1,6,0.030428,0.236624,0.123321,0.069015,0.183168,0.080891,0.276554
130_7_246_353,6,3,0.012209,0.00728,0.012586,0.701038,0.014029,0.047987,0.20487
130_8_1769_1909,2,3,0.037094,0.048451,0.096317,0.650849,0.073605,0.038665,0.055018
130_7_1398_1486,2,4,0.056548,0.258708,0.209747,0.027988,0.339636,0.022806,0.084568
130_7_2191_2294,3,3,0.008058,0.011225,0.021451,0.717908,0.010887,0.051555,0.178917
130_7_31_126,3,3,0.011319,0.00336,0.017301,0.853004,0.013087,0.045694,0.056236
130_7_836_1005,1,1,0.093065,0.456566,0.053112,0.130779,0.080285,0.126855,0.059338
130_8_2305_2427,3,3,0.023034,0.033178,0.016449,0.772767,0.025827,0.01689,0.111856
130_7_599_727,1,1,0.08433,0.294504,0.060457,0.223751,0.185083,0.02692,0.124955
130_8_1010_1100,1,3,0.049471,0.065548,0.022613,0.583745,0.036639,0.03726,0.204723
130_7_410_499,6,3,0.03869,0.069065,0.027181,0.465686,0.038353,0.052677,0.308348
130_8_1495_1653,2,3,0.056235,0.071573,0.028535,0.452555,0.043922,0.294224,0.052955
130_8_727_833,3,3,0.010965,0.004061,0.005902,0.871853,0.005004,0.097125,0.00509
130_8_359_405,3,3,0.176618,0.081809,0.019794,0.542914,0.029919,0.111658,0.037288
130_7_1910_1996,6,6,0.047642,0.244081,0.060587,0.212131,0.076045,0.046137,0.313377
130_8_508_590,5,3,0.018738,0.00917,0.012216,0.858734,0.010866,0.046568,0.043708
132_7_31_139,6,6,0.043035,0.119273,0.138809,0.056224,0.078032,0.238123,0.326505
132_7_1231_1373,3,3,0.010994,0.016659,0.041086,0.46814,0.015273,0.404261,0.043588
132_8_1925_2088,6,5,0.128219,0.211739,0.238438,0.115097,0.042812,0.246922,0.016771
132_8_1605_1775,1,2,0.071395,0.164249,0.374416,0.01313,0.042469,0.293132,0.041209
132_7_1784_1925,1,0,0.368853,0.35663,0.068622,0.015518,0.081907,0.022196,0.086273
132_8_1387_1539,6,3,0.012021,0.021094,0.082874,0.67358,0.011283,0.147981,0.051168
132_8_807_929,6,5,0.035343,0.04418,0.014746,0.006754,0.008249,0.875905,0.014824
132_7_951_1086,1,2,0.021476,0.126764,0.504377,0.008638,0.275306,0.031426,0.032013
132_8_146_229,6,5,0.017947,0.020921,0.01626,0.01216,0.009201,0.893138,0.030373
132_8_1102_1182,6,3,0.020257,0.084419,0.089423,0.464035,0.017581,0.183152,0.141132
132_7_256_405,4,1,0.04254,0.349457,0.148911,0.00778,0.290635,0.025696,0.134981
132_7_593_769,6,6,0.035943,0.141988,0.112619,0.201049,0.03609,0.203953,0.268358
132_8_426_550,1,6,0.087376,0.180003,0.03627,0.129813,0.028072,0.070206,0.46826
132_7_2097_2212,1,4,0.023332,0.286206,0.10813,0.024453,0.340399,0.016418,0.201062
132_7_1545_1595,5,5,0.011531,0.033669,0.025041,0.009654,0.010971,0.808089,0.101045
132_8_2222_2298,6,6,0.055606,0.210214,0.07415,0.0882,0.152922,0.046711,0.372196
136_8_120_170,5,5,0.020129,0.039035,0.144439,0.039399,0.023018,0.671438,0.062541
136_7_1171_1329,6,1,0.040606,0.430806,0.188635,0.017953,0.062577,0.103306,0.156117
136_7_1528_1746,3,3,0.018184,0.093724,0.293025,0.323929,0.05851,0.10578,0.106849
136_8_243_297,6,2,0.003985,0.032234,0.738381,0.016845,0.012653,0.190476,0.005426
136_8_1755_1873,3,3,0.016953,0.010014,0.014779,0.889292,0.016255,0.014422,0.038285
136_8_1360_1506,4,5,0.010753,0.044375,0.126615,0.271466,0.014062,0.429047,0.103682
136_7_825_1000,6,2,0.032704,0.301286,0.470737,0.007807,0.041575,0.127916,0.017976
136_7_185_223,5,2,0.013659,0.096131,0.48033,0.012784,0.018779,0.364448,0.013869
136_8_513_699,1,5,0.003238,0.015024,0.076728,0.024788,0.01116,0.855826,0.013236
136_8_1003_1169,4,5,0.007767,0.032526,0.056374,0.01465,0.057905,0.817279,0.013499
136_7_297_488,5,2,0.001983,0.032929,0.905346,0.001209,0.03306,0.022239,0.003234
136_7_31_117,6,2,0.020349,0.181213,0.409103,0.021098,0.128841,0.147424,0.091973
136_7_1888_1978,3,3,0.010428,0.008072,0.015833,0.815116,0.011679,0.006621,0.132252
136_7_699_753,5,5,0.033593,0.0682,0.193735,0.07165,0.018659,0.566716,0.047446
136_8_769_820,5,5,0.025837,0.095779,0.133994,0.019039,0.021021,0.671135,0.033195
137_7_2391_2507,6,3,0.013917,0.03144,0.095438,0.487734,0.025779,0.130166,0.215524
137_8_1031_1328,3,3,0.032742,0.021682,0.026022,0.742308,0.017931,0.040637,0.118679
137_7_212_302,6,2,0.00991,0.08836,0.400325,0.083866,0.028139,0.113135,0.276265
137_8_2864_3077,3,3,0.021465,0.011575,0.035023,0.857299,0.012689,0.022781,0.039169
137_7_2703_2858,6,6,0.009303,0.104178,0.118135,0.04916,0.037619,0.175808,0.505796
137_7_1328_1596,5,3,0.012702,0.092214,0.124303,0.450237,0.025416,0.192779,0.102349
137_8_3472_3576,3,3,0.014967,0.004391,0.035976,0.899844,0.009472,0.015453,0.019897
137_7_3090_3224,6,1,0.131576,0.353316,0.094898,0.049745,0.114298,0.062002,0.194164
137_8_3230_3323,6,3,0.036564,0.015666,0.048558,0.758731,0.016781,0.066306,0.057395
137_8_2507_2702,6,3,0.021959,0.008117,0.020104,0.841222,0.008531,0.023201,0.076866
137_7_923_1031,5,1,0.109957,0.554716,0.144141,0.008928,0.083964,0.03948,0.058814
137_7_3324_3472,3,3,0.008883,0.003927,0.013735,0.920378,0.009016,0.011418,0.032642
137_8_131_205,3,3,0.022565,0.004768,0.020012,0.814261,0.009841,0.092616,0.035937
137_8_1973_2164,3,3,0.017246,0.006163,0.015776,0.892499,0.007986,0.020466,0.039864
137_8_1596_1844,6,3,0.016353,0.003852,0.022808,0.897075,0.00887,0.018827,0.032215
137_7_583_672,5,6,0.011538,0.072986,0.092978,0.025449,0.034524,0.151958,0.610567
137_8_2280_2391,6,3,0.02754,0.007332,0.02152,0.854988,0.015487,0.027127,0.046008
137_7_2165_2279,5,6,0.020767,0.027801,0.104736,0.283071,0.019836,0.13626,0.40753
137_7_1859_1973,5,5,0.0457,0.127143,0.052358,0.04196,0.018026,0.637515,0.077296
137_7_79_119,6,3,0.011222,0.004551,0.010933,0.900572,0.00467,0.028614,0.039438
137_8_675_891,3,3,0.021822,0.014893,0.019547,0.822827,0.010959,0.029326,0.080626
137_8_308_564,3,3,0.00933,0.002184,0.017095,0.91742,0.007588,0.035284,0.011099
137_8_31_78,3,3,0.01103,0.001683,0.010232,0.928037,0.004051,0.027455,0.017513
201_12_1205_1249,3,3,0.0139,0.015287,0.019865,0.83776,0.009368,0.026687,0.077133
201_12_93_238,3,3,0.012354,0.016385,0.049041,0.437862,0.028906,0.426071,0.02938
201_11_1138_1204,3,6,0.047266,0.193938,0.171339,0.07544,0.079162,0.025275,0.407579
201_11_795_935,6,3,0.008228,0.016707,0.019166,0.810671,0.027563,0.02181,0.095854
201_11_31_93,3,6,0.03585,0.094525,0.109934,0.333965,0.058707,0.028185,0.338834
201_12_937_1010,3,3,0.013746,0.013967,0.019904,0.868088,0.01243,0.049956,0.021909
201_12_645_779,6,3,0.020945,0.020035,0.019863,0.799498,0.030668,0.037604,0.071387
201_11_238_395,3,3,0.173262,0.10541,0.025159,0.373035,0.082711,0.127169,0.113253
201_11_1024_1057,6,2,0.034246,0.06522,0.314859,0.273329,0.022501,0.195154,0.094692
201_12_403_461,3,3,0.016313,0.039205,0.029472,0.604485,0.057825,0.019214,0.233485
201_11_579_644,5,3,0.007457,0.006325,0.029254,0.772409,0.017611,0.143434,0.02351
201_12_1057_1093,3,3,0.032906,0.05767,0.018729,0.547642,0.028536,0.015927,0.298591
201_11_465_504,3,3,0.004794,0.004445,0.019025,0.898616,0.011034,0.054046,0.00804
201_12_504_571,3,3,0.010153,0.009598,0.006914,0.900028,0.008028,0.020509,0.04477
202_12_1282_1320,5,5,0.030231,0.080935,0.016448,0.008127,0.01818,0.829794,0.016284
202_12_944_1210,6,3,0.049802,0.050864,0.02482,0.598276,0.066092,0.066655,0.143491
202_11_1631_1734,3,3,0.015084,0.01386,0.102769,0.684732,0.064029,0.108767,0.010759
202_11_195_261,1,3,0.062806,0.070603,0.053952,0.345587,0.018199,0.237215,0.211638
202_12_1399_1601,6,1,0.174196,0.331727,0.049716,0.192381,0.067157,0.05708,0.127744
202_11_611_944,2,0,0.368881,0.367133,0.059032,0.01052,0.136546,0.036202,0.021685
202_11_1324_1398,6,1,0.351546,0.433885,0.037664,0.0607,0.050549,0.036375,0.029281
202_12_571_609,6,6,0.066401,0.138085,0.023426,0.139698,0.033369,0.03496,0.564062
202_12_155_191,6,5,0.028056,0.064034,0.03522,0.051558,0.022168,0.53962,0.259343
202_11_312_406,1,1,0.265287,0.590701,0.040578,0.02488,0.018127,0.042374,0.018052
202_12_431_489,1,3,0.132324,0.196775,0.038389,0.285068,0.039814,0.114824,0.192806
202_11_31_116,1,0,0.778639,0.129782,0.009083,0.016859,0.009197,0.031858,0.024582
202_11_1223_1274,6,0,0.437986,0.381119,0.025452,0.022039,0.031717,0.030783,0.070904
202_11_489_570,1,1,0.329099,0.408097,0.017689,0.151411,0.024067,0.024323,0.045313
202_12_265_311,6,5,0.004272,0.027709,0.049277,0.024639,0.009658,0.851228,0.033217
205_12_1262_1308,0,0,0.516938,0.335449,0.038464,0.021465,0.023744,0.050747,0.013194
205_11_1095_1230,0,0,0.812903,0.137495,0.006872,0.018318,0.009366,0.00761,0.007437
205_12_243_389,3,3,0.016003,0.021742,0.023608,0.506362,0.01681,0.404715,0.010761
205_11_844_939,1,0,0.725392,0.189476,0.018561,0.018155,0.01846,0.020128,0.009826
205_12_942_1091,1,1,0.180722,0.519733,0.059061,0.044568,0.047572,0.084904,0.06344
205_11_197_243,1,1,0.291689,0.358743,0.037496,0.035258,0.013706,0.206144,0.056965
205_11_1308_1390,0,0,0.857408,0.110349,0.010139,0.004143,0.005808,0.00675,0.005403
205_11_535_687,1,1,0.108146,0.593895,0.037977,0.176432,0.03145,0.027814,0.024287
205_12_160_187,6,3,0.025027,0.041979,0.042035,0.399066,0.016174,0.285949,0.18977
205_12_451_485,3,3,0.022382,0.032801,0.026356,0.766699,0.012949,0.105402,0.033413
205_11_31_90,0,0,0.536846,0.067997,0.031686,0.243431,0.015756,0.047639,0.056645
205_11_396_451,2,5,0.012406,0.019659,0.019895,0.068921,0.007912,0.850142,0.021064
205_11_1470_1517,1,0,0.607775,0.325194,0.008799,0.019827,0.003708,0.01064,0.024056
205_12_687_844,3,3,0.043548,0.168506,0.024968,0.554738,0.041773,0.080469,0.085998
205_12_1396_1460,1,0,0.670346,0.281551,0.01801,0.002688,0.012931,0.00948,0.004994
209_12_1211_1595,3,3,0.015649,0.013628,0.015327,0.883748,0.019046,0.021686,0.030915
209_11_1042_1211,1,0,0.60998,0.283561,0.009945,0.033969,0.017719,0.030245,0.01458
209_11_1595_1691,1,4,0.028921,0.166698,0.177001,0.018192,0.582864,0.014818,0.011507
209_12_204_365,6,3,0.036482,0.072718,0.024585,0.563425,0.043728,0.180449,0.078613
209_11_1748_1803,0,1,0.157723,0.385844,0.075298,0.088517,0.087446,0.09553,0.109643
209_12_897_960,6,6,0.066151,0.188304,0.036451,0.158491,0.079932,0.021082,0.449589
209_11_155_204,6,1,0.358893,0.578998,0.01081,0.013107,0.015746,0.009699,0.012747
209_11_552_658,1,0,0.528571,0.412987,0.006049,0.021064,0.010401,0.013237,0.007692
209_12_1010_1042,6,1,0.104619,0.239683,0.065824,0.134576,0.044843,0.174188,0.236267
209_11_410_506,6,1,0.190822,0.576546,0.022804,0.066392,0.047914,0.038824,0.056697
209_12_31_106,3,3,0.019793,0.029046,0.0146,0.462932,0.031289,0.06774,0.3746
209_12_744_843,6,3,0.024415,0.035817,0.015767,0.820543,0.02162,0.03381,0.04803
209_12_658_704,3,4,0.031568,0.1228,0.142193,0.039672,0.433367,0.041421,0.188978
209_11_704_744,1,5,0.102381,0.22067,0.054138,0.015316,0.017877,0.548259,0.041359
209_12_1691_1748,6,3,0.029027,0.060332,0.02892,0.637409,0.035163,0.01427,0.194878
209_12_506_552,1,1,0.119991,0.619224,0.042398,0.027982,0.020654,0.065172,0.10458
209_11_960_1010,5,5,0.126525,0.090848,0.031188,0.099497,0.02576,0.598081,0.028101
209_11_882_897,1,5,0.106218,0.135363,0.036943,0.053001,0.039291,0.467632,0.161553
366_20_1116_1244,1,1,0.178432,0.394205,0.039915,0.17426,0.056153,0.103058,0.053977
366_20_108_230,3,6,0.016406,0.030966,0.006823,0.437034,0.035111,0.024824,0.448836
366_19_1258_1290,3,3,0.02724,0.084065,0.023129,0.46029,0.029806,0.010298,0.365173
366_19_779_827,3,5,0.073899,0.165953,0.045818,0.013995,0.035697,0.584533,0.080105
366_19_31_106,3,6,0.038863,0.039849,0.039834,0.316579,0.028421,0.052307,0.484147
366_20_832_1049,3,3,0.016825,0.02325,0.012895,0.528308,0.062403,0.274103,0.082216
366_20_685_773,1,5,0.037917,0.182046,0.044704,0.25315,0.086598,0.291268,0.104318
366_19_246_306,3,6,0.034054,0.144291,0.025319,0.262905,0.043278,0.014137,0.476016
366_20_318_545,2,5,0.03773,0.058961,0.034259,0.159358,0.05817,0.635606,0.015916
366_19_553_676,3,3,0.011607,0.041129,0.017737,0.451014,0.02776,0.040319,0.410434
366_19_1059_1101,2,6,0.045641,0.1349,0.047297,0.289941,0.03033,0.06227,0.38962
372_19_126_179,3,6,0.012937,0.014508,0.005275,0.260345,0.010241,0.022539,0.674155
372_20_1141_1182,6,1,0.188375,0.411774,0.02617,0.049703,0.148783,0.012982,0.162213
372_19_631_823,1,1,0.135486,0.576766,0.044689,0.025885,0.127276,0.026323,0.063574
372_20_31_112,5,6,0.024885,0.06918,0.049788,0.268736,0.038019,0.18727,0.362121
372_20_962_1040,6,6,0.030299,0.075699,0.029204,0.321614,0.039315,0.081465,0.422405
372_20_186_263,5,3,0.027822,0.0345,0.033125,0.662294,0.036393,0.165989,0.039878
372_19_277_419,3,1,0.283314,0.400186,0.0256,0.20062,0.02869,0.025975,0.035615
372_19_885_949,6,3,0.154978,0.175598,0.039303,0.470461,0.038034,0.035078,0.086547
372_20_435_611,6,1,0.199855,0.555831,0.016993,0.037096,0.102076,0.027988,0.060162
372_19_1048_1117,3,3,0.064314,0.161334,0.041546,0.525609,0.026462,0.111316,0.069419
372_20_836_876,1,3,0.030954,0.096177,0.075326,0.613981,0.051473,0.079148,0.052941
377_19_31_158,6,3,0.013299,0.028808,0.020488,0.429625,0.025108,0.078539,0.404133
377_19_1296_1445,3,0,0.561526,0.249712,0.02027,0.033871,0.024974,0.046078,0.063569
377_20_1101_1275,5,5,0.020641,0.03243,0.007836,0.00719,0.059508,0.867122,0.005273
377_20_184_311,1,5,0.04921,0.155156,0.014207,0.10398,0.208555,0.288904,0.179989
377_20_1461_1593,6,5,0.057766,0.131933,0.036821,0.020474,0.143735,0.590438,0.018832
377_19_880_1087,3,3,0.006122,0.01032,0.008885,0.840128,0.020435,0.022763,0.091346
377_19_548_636,6,6,0.110305,0.243034,0.035839,0.165841,0.059864,0.102126,0.282992
377_20_445_529,6,4,0.030425,0.088343,0.02575,0.05367,0.360142,0.33349,0.10818
377_20_652_865,5,5,0.010797,0.024779,0.01262,0.271605,0.088105,0.511483,0.080611
377_19_335_425,6,1,0.227201,0.304628,0.028454,0.128948,0.030964,0.058249,0.221555
383_19_31_144,3,6,0.018423,0.097278,0.077952,0.164223,0.036049,0.243762,0.362313
383_19_1270_1431,4,1,0.026443,0.323151,0.081717,0.026659,0.110019,0.299089,0.132922
383_19_1570_1749,6,6,0.00485,0.131052,0.037638,0.044015,0.048805,0.04677,0.68687
383_20_161_350,6,5,0.004928,0.021518,0.027519,0.006023,0.036533,0.887554,0.015926
383_19_1815_1880,3,6,0.028607,0.122575,0.034889,0.148527,0.137684,0.009859,0.51786
383_20_1444_1544,6,6,0.014015,0.087791,0.079754,0.038105,0.141598,0.285185,0.353552
383_19_904_1174,1,1,0.045798,0.659689,0.061628,0.019126,0.057397,0.0386,0.117762
383_20_571_888,1,4,0.103259,0.259233,0.083502,0.045994,0.402402,0.08372,0.021891
383_20_1756_1790,6,4,0.024013,0.076255,0.032307,0.045625,0.634171,0.022535,0.165094
383_19_381_554,6,1,0.055132,0.589405,0.069722,0.02713,0.06692,0.091294,0.100398
383_20_1191_1256,6,6,0.019904,0.056666,0.145201,0.116524,0.185597,0.208707,0.267399
383_20_1896_2015,3,3,0.014211,0.046269,0.014599,0.505343,0.070657,0.166144,0.182777
390_20_1096_1275,3,3,0.013731,0.017143,0.021759,0.508778,0.021232,0.355618,0.06174
390_20_1399_1696,3,3,0.017142,0.019803,0.008876,0.690968,0.020347,0.167455,0.075409
390_19_143_285,3,6,0.027252,0.199047,0.033892,0.156456,0.045064,0.042534,0.495755
390_19_1726_1810,3,1,0.092087,0.528532,0.076658,0.147478,0.041544,0.084831,0.028871
390_20_763_977,3,3,0.007086,0.004419,0.007319,0.758051,0.011393,0.202767,0.008965
390_19_1297_1375,3,3,0.09295,0.201317,0.021815,0.562281,0.019119,0.0229,0.079618
390_20_563_634,6,3,0.035703,0.107403,0.035554,0.374621,0.065826,0.040832,0.340061
390_20_300_368,6,6,0.013822,0.020984,0.011196,0.409084,0.021093,0.039691,0.48413
390_19_1007_1080,0,1,0.097658,0.457672,0.070182,0.105412,0.088854,0.103869,0.076353
390_19_397_546,1,6,0.022306,0.135238,0.030815,0.101844,0.043626,0.050152,0.616019
390_20_31_115,3,3,0.008472,0.004571,0.00717,0.759101,0.013192,0.028027,0.179466
390_19_678_756,3,3,0.017354,0.041355,0.020634,0.63421,0.018652,0.056728,0.211067
392_20_126_321,5,3,0.025244,0.17023,0.094946,0.354956,0.062695,0.22028,0.071649
392_20_1117_1330,3,1,0.06,0.345447,0.061855,0.267336,0.07205,0.121088,0.072224
392_20_1446_1582,3,3,0.015056,0.020264,0.033046,0.825078,0.02395,0.058831,0.023776
392_19_866_1107,3,3,0.075149,0.088608,0.025679,0.468318,0.069609,0.228756,0.043881
392_19_1346_1445,3,3,0.01797,0.015615,0.023468,0.573405,0.016332,0.340856,0.012354
392_19_599_754,3,3,0.110364,0.180975,0.019699,0.413279,0.104559,0.065902,0.105222
392_20_459_569,1,1,0.068613,0.348526,0.03356,0.091631,0.03224,0.212449,0.212981
392_19_31_110,3,3,0.009799,0.003563,0.02005,0.829366,0.006649,0.122643,0.007931
392_19_347_452,3,3,0.070009,0.200871,0.02184,0.488832,0.068109,0.093997,0.056342
392_20_769_815,1,1,0.250802,0.523813,0.024201,0.108032,0.030468,0.028315,0.034368
396_19_31_153,3,3,0.059691,0.066024,0.042101,0.318767,0.025732,0.270061,0.217625
396_19_1295_1390,4,1,0.023297,0.374729,0.229705,0.039323,0.162226,0.015425,0.155295
396_20_1156_1285,5,5,0.003387,0.015125,0.289153,0.00998,0.05323,0.623273,0.005852
396_20_173_377,3,3,0.014797,0.038236,0.05265,0.503154,0.14695,0.024341,0.219872
396_20_1396_1666,4,4,0.026893,0.170048,0.129979,0.174621,0.287732,0.022276,0.18845
396_20_810_988,4,3,0.00983,0.022887,0.017774,0.651681,0.030703,0.015925,0.2512
396_20_540_643,4,1,0.152597,0.421143,0.080207,0.028187,0.171595,0.028888,0.117383
396_19_1001_1147,1,3,0.026014,0.062376,0.097041,0.242049,0.120111,0.211242,0.241167
396_19_385_524,3,3,0.013859,0.019733,0.016336,0.659019,0.064552,0.071626,0.154876
396_19_670_801,3,1,0.122099,0.502369,0.066574,0.038097,0.092476,0.03513,0.143254
618_31_1247_1449,5,3,0.005234,0.005257,0.016392,0.666881,0.008342,0.252416,0.045477
618_32_1067_1241,6,6,0.026256,0.054439,0.034956,0.123184,0.028128,0.294013,0.439024
618_31_2514_2703,3,3,0.015584,0.005853,0.012866,0.834911,0.013247,0.030685,0.086854
618_31_920_980,1,6,0.032823,0.078228,0.03896,0.212057,0.033579,0.027064,0.577288
618_32_137_254,5,5,0.043767,0.05268,0.212382,0.054951,0.025453,0.351444,0.259323
618_31_1809_2334,6,3,0.040984,0.094312,0.032479,0.454567,0.059934,0.045954,0.271771
618_32_1570_1807,5,5,0.013338,0.013724,0.038506,0.328855,0.018727,0.520989,0.06586
618_32_540_890,6,3,0.029367,0.053637,0.14467,0.392555,0.10121,0.165567,0.112993
618_32_2372_2477,6,6,0.062162,0.057988,0.006698,0.064184,0.010759,0.020269,0.777942
618_31_273_526,6,3,0.013809,0.021435,0.033229,0.743045,0.036486,0.098579,0.053417
618_31_31_107,6,6,0.008804,0.016396,0.042945,0.019204,0.017263,0.116978,0.77841
618_32_2730_2745,3,3,0.011027,0.012268,0.018693,0.804545,0.01296,0.025141,0.115366
624_31_31_244,2,4,0.051306,0.235752,0.045596,0.075651,0.501044,0.037039,0.053612
624_32_1048_1434,6,1,0.213591,0.284696,0.136462,0.040583,0.090756,0.150683,0.083228
624_31_2047_2116,1,1,0.231529,0.420627,0.034671,0.033181,0.038664,0.05352,0.187809
624_31_1480_1733,1,1,0.157301,0.296371,0.093588,0.028233,0.143065,0.23619,0.045251
624_32_1772_2031,0,0,0.481955,0.440889,0.011901,0.011316,0.023571,0.007025,0.023343
624_32_2132_2349,1,0,0.393406,0.310369,0.08409,0.0386,0.096642,0.034115,0.042778
624_32_691_965,1,4,0.125379,0.350493,0.042898,0.015453,0.391479,0.013466,0.060832
624_31_414_676,6,1,0.06918,0.409481,0.082048,0.045174,0.16099,0.038094,0.195033
624_32_268_397,6,2,0.060533,0.191956,0.267516,0.041015,0.123628,0.136171,0.179182
624_31_990_1031,1,1,0.120916,0.670092,0.032417,0.008242,0.147312,0.003876,0.017145
628_31_31_164,5,5,0.017817,0.008336,0.010512,0.3447,0.007399,0.599393,0.011843
628_32_1125_1364,6,3,0.009255,0.012784,0.010071,0.821329,0.011487,0.007216,0.127858
628_32_1973_2048,6,3,0.007964,0.003484,0.008615,0.918074,0.003888,0.033824,0.024153
628_32_1619_1815,6,3,0.16105,0.145541,0.012589,0.541107,0.034193,0.065787,0.039733
628_32_170_329,3,3,0.012436,0.009122,0.014599,0.817002,0.024012,0.059712,0.063116
628_31_1364_1618,1,5,0.252474,0.163782,0.058288,0.067849,0.115786,0.267784,0.074037
628_31_878_1074,6,3,0.022921,0.076233,0.015531,0.63496,0.022111,0.019421,0.208824
628_31_331_705,3,1,0.112171,0.366772,0.04129,0.154705,0.138754,0.054598,0.13171
628_32_713_852,6,3,0.014106,0.011463,0.009685,0.803208,0.019598,0.012298,0.129642
628_31_1852_1972,6,3,0.016131,0.006996,0.016164,0.890851,0.018081,0.011524,0.040252
630_32_118_234,5,5,0.160008,0.176041,0.088292,0.039653,0.03497,0.41178,0.089255
630_31_1024_1352,6,6,0.02219,0.110825,0.038076,0.235471,0.059073,0.018148,0.516216
630_32_1856_2206,3,3,0.040499,0.083001,0.034307,0.492849,0.025496,0.133409,0.190439
630_32_1353_1786,6,1,0.203117,0.457365,0.101314,0.043505,0.101568,0.03669,0.056441
630_31_1798_1856,6,3,0.021081,0.011199,0.008301,0.677882,0.014136,0.009557,0.257845
630_32_807_994,6,1,0.105151,0.497734,0.118466,0.033118,0.073481,0.074612,0.097438
630_31_522_807,1,2,0.030952,0.228873,0.236033,0.143043,0.168275,0.064004,0.128819
630_31_263_366,4,3,0.035007,0.096272,0.023238,0.462868,0.117076,0.009512,0.256028
630_32_374_496,5,0,0.456186,0.201902,0.031661,0.008747,0.03139,0.260672,0.009442
630_31_31_115,6,3,0.013716,0.010286,0.082707,0.719982,0.024262,0.031291,0.117756
633_32_2472_2897,1,1,0.187791,0.392867,0.104497,0.021793,0.193033,0.028386,0.071633
633_31_31_243,3,3,0.007393,0.00367,0.033797,0.792912,0.036801,0.075198,0.05023
633_32_956_1504,1,1,0.0583,0.419492,0.208944,0.027845,0.055264,0.09606,0.134094
633_32_245_586,6,6,0.030536,0.127922,0.066736,0.074845,0.264266,0.030284,0.405412
633_32_3044_3171,6,1,0.115535,0.373021,0.043524,0.011159,0.230352,0.010608,0.215802
633_31_2931_3022,4,2,0.025628,0.083047,0.442492,0.012816,0.37731,0.006755,0.051952
633_31_1558_1785,2,2,0.028354,0.074654,0.373293,0.04243,0.166228,0.228674,0.086367
633_31_620_916,6,4,0.037569,0.067741,0.178867,0.023851,0.530718,0.020865,0.140388
633_31_2264_2452,6,6,0.021666,0.072749,0.118144,0.092241,0.040908,0.071441,0.582852
633_32_1823_1982,1,1,0.329807,0.451946,0.038319,0.009494,0.033346,0.076227,0.06086
640_32_119_407,6,3,0.069767,0.084039,0.025654,0.597227,0.034714,0.041633,0.146965
640_31_1175_1431,5,3,0.028648,0.027489,0.066085,0.326148,0.05081,0.308178,0.192642
640_32_1969_2061,6,6,0.034728,0.088623,0.028566,0.232795,0.027704,0.014023,0.573562
640_31_1700_1949,5,3,0.011952,0.040692,0.064458,0.421071,0.01655,0.353799,0.091479
640_32_1449_1667,6,6,0.015758,0.051244,0.036267,0.361349,0.072101,0.028574,0.434707
640_31_2097_2258,6,6,0.019038,0.019928,0.020685,0.37218,0.02031,0.02158,0.526278
640_32_874_1135,3,3,0.016963,0.057032,0.033841,0.683706,0.018909,0.049827,0.139723
640_32_2274_2396,6,3,0.023115,0.047451,0.082417,0.668262,0.033401,0.105576,0.039778
640_31_420_862,6,3,0.0178,0.025205,0.033777,0.530149,0.053307,0.044543,0.29522
640_31_31_106,3,3,0.028297,0.034875,0.07696,0.38329,0.028745,0.371653,0.07618
682_35_1165_1210,1,1,0.152554,0.585031,0.070677,0.009656,0.118106,0.010832,0.053145
682_36_765_827,1,1,0.240939,0.605605,0.062028,0.006428,0.021976,0.032076,0.030947
682_36_965_1087,1,1,0.28179,0.584768,0.053371,0.009983,0.03386,0.00918,0.027048
682_35_679_757,1,1,0.304692,0.418576,0.053653,0.09566,0.028359,0.046494,0.052566
682_35_237_284,1,5,0.185581,0.29453,0.0477,0.045718,0.040332,0.322005,0.064134
682_36_537_653,2,1,0.039105,0.425533,0.318455,0.033194,0.099906,0.020384,0.063424
682_35_83_119,5,5,0.061418,0.114889,0.066642,0.023039,0.019074,0.655814,0.059123
682_35_891_932,1,1,0.223582,0.613004,0.045372,0.007346,0.040991,0.033982,0.035724
682_36_160_212,6,1,0.026684,0.325759,0.178342,0.015994,0.144142,0.071309,0.237768
682_35_470_511,0,6,0.041614,0.147817,0.078848,0.282794,0.071545,0.083943,0.293439
682_36_294_395,1,1,0.122188,0.613994,0.122056,0.005169,0.058721,0.034536,0.043335
682_36_31_59,1,1,0.05221,0.597177,0.117253,0.005621,0.17572,0.00801,0.044008
687_35_1246_1296,3,3,0.013682,0.016508,0.020314,0.80021,0.012754,0.083379,0.053153
687_36_1166_1192,6,3,0.087537,0.115301,0.031056,0.33018,0.02621,0.295384,0.114332
687_35_1631_1682,2,2,0.027637,0.098227,0.299781,0.107455,0.085437,0.2118,0.169664
687_36_233_380,6,3,0.027869,0.050668,0.013769,0.566742,0.010639,0.024866,0.305448
687_35_1453_1523,1,3,0.02119,0.073653,0.153561,0.313741,0.141283,0.015752,0.280819
687_36_31_126,6,6,0.018503,0.040673,0.008606,0.155752,0.011086,0.023475,0.741906
687_36_883_952,1,6,0.040973,0.192999,0.077225,0.087269,0.034082,0.202586,0.364864
687_36_589_678,5,1,0.125774,0.28592,0.085267,0.074441,0.031772,0.215382,0.181444
687_35_983_1153,3,3,0.014482,0.03376,0.035996,0.580596,0.033931,0.057404,0.243832
687_35_403_452,2,3,0.04438,0.123808,0.097272,0.437115,0.05947,0.088278,0.149677
687_35_778_864,3,1,0.10337,0.231365,0.04889,0.211096,0.032458,0.191018,0.181803
687_36_718_765,1,1,0.137669,0.377959,0.076718,0.090791,0.069094,0.180679,0.067089
687_36_1354_1413,5,6,0.011444,0.012231,0.015936,0.358835,0.007555,0.026801,0.567199
687_36_1547_1630,1,5,0.193535,0.195876,0.021686,0.049957,0.023385,0.49205,0.023512
687_35_523_583,6,3,0.023534,0.035883,0.034321,0.565913,0.031361,0.041151,0.267837
687_35_678_701,2,3,0.031356,0.052048,0.096818,0.626946,0.065989,0.023469,0.103374
687_36_483_508,5,5,0.045667,0.078566,0.060111,0.025429,0.021619,0.659671,0.108938
687_35_138_161,2,6,0.06284,0.152571,0.129332,0.170234,0.133866,0.091654,0.259502
689_35_123_137,3,3,0.022026,0.012462,0.033588,0.710281,0.035301,0.074353,0.111989
689_36_1208_1313,4,4,0.010694,0.029437,0.036679,0.038726,0.631884,0.01386,0.238719
689_36_1604_1679,6,6,0.042753,0.129081,0.06255,0.251578,0.084251,0.098625,0.331163
689_35_215_255,3,3,0.014914,0.016748,0.027386,0.554139,0.014425,0.050685,0.321703
689_35_1376_1543,6,6,0.033107,0.069999,0.0444,0.209854,0.025588,0.144588,0.472465
689_36_568_616,5,5,0.015837,0.048869,0.023361,0.074466,0.022213,0.711825,0.103429
689_35_1120_1176,6,5,0.004104,0.006103,0.07748,0.016784,0.060077,0.695182,0.14027
689_36_161_190,6,6,0.019304,0.083033,0.041138,0.100913,0.039646,0.23453,0.481437
689_35_632_751,1,4,0.024972,0.187238,0.144216,0.06588,0.318962,0.058696,0.200035
689_36_955_1086,6,6,0.011785,0.035583,0.017985,0.336915,0.021841,0.036941,0.53895
689_35_364_553,2,6,0.015273,0.010677,0.121649,0.274025,0.030741,0.077273,0.470363
689_36_796_832,6,6,0.015827,0.073,0.092297,0.196863,0.046984,0.1975,0.377529
689_36_65_91,5,5,0.081295,0.078313,0.031536,0.057311,0.018437,0.533676,0.199431
689_35_865_906,2,6,0.007207,0.039034,0.303997,0.008661,0.155741,0.050022,0.435338
689_36_307_316,6,6,0.03358,0.058919,0.028313,0.359227,0.015822,0.054614,0.449525
689_35_31_43,3,3,0.025309,0.008585,0.020351,0.822013,0.007081,0.031565,0.085097
690_35_82_254,6,5,0.008437,0.030529,0.034284,0.272444,0.024621,0.336458,0.293227
690_36_1341_1516,6,3,0.01959,0.031401,0.01181,0.496076,0.01839,0.019174,0.403559
690_36_941_988,1,2,0.009146,0.196198,0.331478,0.032695,0.237432,0.015559,0.177491
690_35_1016_1166,6,6,0.00968,0.022931,0.009734,0.186552,0.011254,0.03463,0.725219
690_35_318_421,2,6,0.040357,0.091489,0.071271,0.039299,0.063621,0.20732,0.486643
690_36_613_655,1,6,0.014534,0.155473,0.224747,0.011483,0.052578,0.121445,0.419739
690_36_438_517,6,6,0.009409,0.088492,0.034908,0.146751,0.033726,0.054716,0.631997
690_36_31_71,6,0,0.291718,0.220521,0.032274,0.085419,0.013539,0.072853,0.283675
690_36_1194_1284,6,6,0.043045,0.15439,0.038456,0.066784,0.009304,0.126617,0.561404
690_35_676_914,1,6,0.015877,0.080205,0.103852,0.029527,0.08244,0.126824,0.561274
690_35_537_583,1,6,0.006029,0.050758,0.044865,0.072791,0.134345,0.097371,0.59384
690_36_293_310,6,3,0.015616,0.023138,0.030788,0.71991,0.075013,0.054129,0.081405
690_35_1305_1312,3,3,0.011729,0.021962,0.020795,0.532245,0.024806,0.017686,0.370777
690_35_1541_1553,3,3,0.00476,0.003578,0.002374,0.880275,0.002586,0.012129,0.094297
691_36_31_74,1,1,0.192159,0.527921,0.096297,0.021678,0.071984,0.032144,0.057816
691_36_743_752,5,5,0.03082,0.042477,0.057371,0.045383,0.030134,0.5496,0.244214
691_36_994_1065,1,0,0.321781,0.245749,0.036097,0.192658,0.024387,0.102352,0.076976
691_35_687_708,6,1,0.055098,0.339217,0.025584,0.31261,0.043083,0.017137,0.207271
691_36_145_183,1,1,0.137684,0.51543,0.073515,0.043335,0.029548,0.141274,0.059214
691_35_80_114,5,6,0.006878,0.02797,0.027367,0.004562,0.018598,0.142451,0.772174
691_35_947_971,3,3,0.144483,0.08042,0.037366,0.298321,0.013235,0.28064,0.145536
691_35_433_454,6,6,0.027442,0.031021,0.170291,0.062908,0.150283,0.240935,0.317119
691_36_339_396,1,4,0.022582,0.172498,0.230415,0.006719,0.503878,0.012642,0.051265
691_35_283_308,5,5,0.018689,0.029623,0.047254,0.045928,0.011744,0.812944,0.033819
691_36_657_675,2,5,0.039453,0.08721,0.041848,0.013056,0.020383,0.571515,0.226535
691_35_605_631,6,6,0.113396,0.206684,0.127012,0.131597,0.050091,0.154409,0.216811
691_35_853_872,5,3,0.148409,0.102286,0.02077,0.461733,0.018463,0.058519,0.189821
691_36_895_906,1,5,0.0787,0.123182,0.024384,0.094595,0.020811,0.583329,0.075
691_36_488_572,6,1,0.132435,0.507524,0.106382,0.05991,0.090937,0.044937,0.057874
692_35_91_179,3,5,0.11624,0.130767,0.029989,0.0665,0.018621,0.587789,0.050094
692_35_1169_1275,3,3,0.010332,0.027107,0.011183,0.842159,0.021011,0.012406,0.075801
692_36_228_360,3,5,0.039526,0.179748,0.039945,0.266335,0.052667,0.361353,0.060427
692_36_530_676,3,4,0.062474,0.226723,0.047783,0.23437,0.329739,0.077112,0.021798
692_36_1101_1117,2,6,0.029134,0.101027,0.043128,0.141298,0.044752,0.178652,0.462008
692_35_390_481,3,3,0.018043,0.048444,0.158343,0.624634,0.048289,0.05045,0.051796
692_35_1542_1644,3,6,0.017872,0.041467,0.020012,0.431292,0.027726,0.021983,0.439648
692_36_1375_1435,3,3,0.043414,0.006595,0.032054,0.70969,0.007727,0.062096,0.138423
692_36_1688_1716,3,3,0.125964,0.010162,0.008617,0.743143,0.007532,0.015906,0.088676
692_36_857_890,6,6,0.044556,0.094258,0.120092,0.056402,0.046157,0.314699,0.323836
692_35_752_805,3,4,0.010705,0.059658,0.062553,0.027933,0.526024,0.012979,0.300148
692_35_957_1010,6,3,0.012945,0.053405,0.086191,0.303371,0.059145,0.251796,0.233147
692_36_31_42,3,3,0.030868,0.132539,0.01534,0.592348,0.045419,0.02318,0.160306
699_36_1251_1300,1,5,0.109594,0.207307,0.072886,0.032041,0.021757,0.494209,0.062207
699_35_1176_1200,6,5,0.016629,0.112973,0.117352,0.033181,0.018353,0.639402,0.06211
699_36_252_315,5,5,0.056998,0.179795,0.070814,0.011123,0.020938,0.634753,0.025579
699_35_170_217,5,1,0.0852,0.416521,0.122555,0.021851,0.049183,0.18514,0.119551
699_36_573_609,2,6,0.069876,0.130121,0.024065,0.124157,0.024856,0.012807,0.614118
699_35_437_502,2,1,0.030251,0.355771,0.150665,0.03376,0.024957,0.278756,0.125839
699_35_31_73,5,5,0.028635,0.136005,0.120661,0.018932,0.017274,0.416171,0.262322
699_36_1495_1641,1,5,0.078332,0.180471,0.249839,0.075176,0.046891,0.347048,0.022243
699_36_772_910,1,6,0.199518,0.227022,0.05575,0.086667,0.042425,0.048221,0.340397
699_35_1361_1423,6,5,0.006913,0.070275,0.07154,0.010377,0.011995,0.716204,0.112694
699_35_1682_1741,1,6,0.00966,0.116532,0.074043,0.013678,0.125783,0.033533,0.62677
699_35_335_375,5,6,0.025853,0.109227,0.14104,0.04989,0.02465,0.319707,0.329632
699_36_129_142,5,5,0.117891,0.257198,0.066096,0.004899,0.03492,0.474887,0.044109
699_35_612_616,2,6,0.035154,0.058887,0.013092,0.108685,0.017499,0.012208,0.754476
699_36_376_380,5,5,0.052121,0.068964,0.063394,0.035548,0.046365,0.669452,0.064156
703_36_122_178,6,1,0.237098,0.436524,0.021897,0.019778,0.032415,0.227246,0.025043
703_35_1271_1312,1,5,0.042064,0.347922,0.152166,0.009662,0.022723,0.361389,0.064075
703_36_1069_1259,1,1,0.214322,0.564366,0.035663,0.033238,0.030032,0.09951,0.02287
703_35_941_1048,4,4,0.012762,0.251095,0.059903,0.029686,0.491387,0.040878,0.11429
703_36_1314_1423,0,0,0.476892,0.389952,0.021966,0.026033,0.028711,0.01974,0.036707
703_36_592_618,6,5,0.023286,0.038621,0.037152,0.03512,0.010369,0.787074,0.068379
703_36_288_340,6,5,0.02226,0.028371,0.030193,0.276481,0.011671,0.398219,0.232806
703_35_628_716,1,1,0.235619,0.598618,0.071716,0.006744,0.024437,0.031705,0.03116
703_36_414_470,1,3,0.01569,0.097346,0.050276,0.318435,0.038006,0.166215,0.314032
703_36_717_750,1,1,0.149555,0.519944,0.020501,0.175714,0.039819,0.025929,0.068537
703_35_383_410,5,1,0.039759,0.314492,0.097358,0.172847,0.048969,0.07538,0.251194
703_35_515_579,4,1,0.058578,0.49312,0.070632,0.008802,0.315895,0.019415,0.033558
703_35_752_818,4,0,0.456954,0.44291,0.020571,0.006696,0.017043,0.035704,0.020123
703_35_31_51,4,1,0.107654,0.362755,0.095346,0.034716,0.336927,0.019508,0.043094
703_36_880_922,1,6,0.044281,0.237498,0.036613,0.134616,0.082301,0.154863,0.309828
703_35_211_248,4,1,0.086751,0.33594,0.153942,0.051043,0.142219,0.066511,0.163594
704_36_31_221,0,3,0.188397,0.206478,0.113134,0.263416,0.048621,0.132106,0.047849
704_35_1262_1393,1,3,0.020261,0.104795,0.32815,0.365704,0.123024,0.028115,0.02995
704_36_1060_1237,1,4,0.089414,0.114711,0.086276,0.204374,0.395517,0.083975,0.025734
704_35_1781_1935,1,1,0.098076,0.530806,0.11286,0.061003,0.131567,0.046279,0.019408
704_36_1442_1552,1,5,0.050689,0.30874,0.032339,0.1269,0.019423,0.419675,0.042233
704_36_2155_2288,4,1,0.169892,0.459352,0.025907,0.04097,0.255402,0.02796,0.020518
704_35_820_942,2,1,0.060686,0.292415,0.074965,0.217127,0.166431,0.125358,0.063017
704_35_591_670,2,5,0.017678,0.11405,0.060315,0.056849,0.018942,0.690927,0.041239
704_36_2053_2116,4,4,0.027308,0.086566,0.03869,0.013242,0.516007,0.029471,0.288717
704_36_301_352,1,3,0.014924,0.005282,0.009723,0.788325,0.005663,0.099497,0.076586
704_35_391_445,6,3,0.010729,0.04327,0.014395,0.489631,0.013289,0.327673,0.101012
704_35_2120_2142,5,5,0.01241,0.050317,0.030708,0.007748,0.014483,0.850482,0.033852
704_36_702_784,1,0,0.461087,0.372607,0.014241,0.077905,0.014561,0.031369,0.028229
704_36_1686_1738,2,2,0.029769,0.129146,0.497616,0.028717,0.192741,0.049147,0.072864
704_35_1555_1604,1,5,0.03981,0.119182,0.080482,0.059436,0.037913,0.550472,0.112704
704_36_507_582,1,5,0.205953,0.290087,0.093559,0.006773,0.023781,0.341107,0.03874
704_35_260_270,6,5,0.018086,0.12649,0.232364,0.027181,0.150278,0.302492,0.143108
706_35_1165_1231,0,0,0.716327,0.214331,0.022596,0.004288,0.018433,0.009755,0.01427
706_35_1372_1507,1,0,0.801441,0.09714,0.010926,0.016592,0.012771,0.049012,0.012119
706_36_31_127,1,5,0.180412,0.242417,0.046417,0.065016,0.031976,0.399403,0.034359
706_36_948_1013,1,1,0.397685,0.428257,0.024431,0.015203,0.04817,0.066714,0.01954
706_35_178_211,6,3,0.008905,0.030435,0.012406,0.580666,0.009786,0.017289,0.340513
706_36_1297_1369,0,5,0.263872,0.166898,0.020266,0.016785,0.028676,0.490534,0.012968
706_36_1121_1164,0,0,0.538789,0.207269,0.014827,0.125046,0.014139,0.014962,0.084968
706_35_307_351,0,0,0.402785,0.352825,0.035521,0.013921,0.033737,0.111225,0.049986
706_35_626_711,0,0,0.633429,0.284602,0.015668,0.005878,0.016412,0.03329,0.010721
706_36_604_617,1,5,0.019539,0.030843,0.025522,0.026354,0.014858,0.805381,0.077504
706_35_518_559,0,5,0.110421,0.144498,0.048506,0.012225,0.029617,0.628225,0.026508
706_35_853_888,0,0,0.804226,0.148679,0.011769,0.005048,0.014634,0.009482,0.006163
706_36_737_796,1,3,0.133846,0.177134,0.017522,0.474739,0.026146,0.066332,0.104281
706_35_1058_1103,0,1,0.315596,0.405843,0.050762,0.015935,0.036318,0.033792,0.141755
706_36_482_517,1,6,0.012442,0.13471,0.065586,0.122505,0.017018,0.190816,0.456923
706_36_213_249,6,3,0.0419,0.06813,0.016137,0.461464,0.017805,0.099484,0.29508
708_35_1127_1236,1,1,0.21579,0.365478,0.085619,0.083936,0.028125,0.170137,0.050916
708_35_1678_1740,0,0,0.676593,0.268233,0.015196,0.003512,0.018678,0.012562,0.005226
708_35_179_313,1,0,0.523997,0.206069,0.044467,0.011602,0.055586,0.141446,0.016834
708_35_1374_1524,1,0,0.581883,0.289102,0.035468,0.008242,0.050807,0.015349,0.019148
708_36_801_966,1,0,0.706389,0.197717,0.015311,0.014483,0.018525,0.03714,0.010435
708_36_1337_1374,0,1,0.171128,0.544224,0.080963,0.065658,0.03784,0.051765,0.048422
708_35_511_672,1,5,0.03845,0.193279,0.104547,0.016231,0.173227,0.44714,0.027126
708_36_1072_1127,0,0,0.543727,0.255387,0.070847,0.017174,0.036096,0.051745,0.025024
708_36_313_389,1,3,0.105569,0.112726,0.014714,0.330478,0.020581,0.174964,0.240969
708_35_966_1072,1,0,0.462938,0.414996,0.010956,0.033934,0.012951,0.045958,0.018267
708_36_452_511,1,5,0.055403,0.104438,0.066691,0.011223,0.017738,0.703628,0.04088
708_35_31_101,1,5,0.209562,0.117543,0.034929,0.005647,0.022671,0.596543,0.013105
708_35_389_452,5,5,0.00832,0.028634,0.022908,0.039822,0.017314,0.862314,0.020689
708_36_1524_1652,1,1,0.302512,0.537012,0.015371,0.033201,0.039765,0.021951,0.050188
708_35_722_761,1,1,0.143042,0.473373,0.052842,0.015382,0.214941,0.071341,0.029079
708_36_672_722,0,1,0.161151,0.62079,0.026844,0.060948,0.033057,0.063691,0.03352
708_36_146_179,1,5,0.029231,0.135086,0.094601,0.032475,0.016311,0.358296,0.334001
717_36_124_223,3,6,0.014258,0.035436,0.010572,0.289203,0.034311,0.021632,0.594588
717_36_1060_1194,3,3,0.014093,0.014657,0.017879,0.790279,0.010113,0.098493,0.054486
717_36_1650_1706,5,5,0.022391,0.027553,0.025814,0.053853,0.013929,0.810801,0.045657
717_35_223_347,3,3,0.011049,0.008632,0.018873,0.834185,0.018022,0.024952,0.084287
717_35_1791_1859,1,2,0.050011,0.276792,0.344112,0.038894,0.130269,0.073487,0.086436
717_35_1461_1606,1,2,0.009828,0.137727,0.675911,0.01572,0.032373,0.102329,0.026111
717_36_928_949,3,6,0.018157,0.027086,0.007341,0.415358,0.008165,0.018205,0.505688
717_35_949_1016,3,3,0.008349,0.017007,0.025242,0.547751,0.005436,0.381996,0.014217
717_36_1330_1396,5,5,0.05038,0.097367,0.055164,0.051133,0.03153,0.616281,0.098143
717_36_543_817,3,3,0.016605,0.041057,0.025676,0.602738,0.010685,0.102312,0.200927
717_36_417_485,3,3,0.00802,0.013123,0.008467,0.79291,0.012375,0.041688,0.123417
717_35_31_85,3,3,0.020148,0.029117,0.037078,0.522953,0.017956,0.327063,0.045684
717_35_1194_1285,1,5,0.008461,0.119723,0.111864,0.022866,0.023394,0.678034,0.035658
717_35_485_523,3,5,0.008689,0.01444,0.013856,0.433171,0.005179,0.464806,0.059859
717_35_861_895,5,5,0.116889,0.213094,0.012732,0.054026,0.02093,0.53193,0.0504
961_50_123_165,6,6,0.089469,0.257178,0.01915,0.06315,0.139676,0.035911,0.395466
961_49_1170_1288,1,1,0.056975,0.411601,0.133962,0.177916,0.079856,0.09332,0.04637
961_49_905_1025,4,1,0.1965,0.530563,0.095072,0.040835,0.090402,0.020057,0.026571
961_49_182_241,1,1,0.233602,0.602081,0.057756,0.026001,0.037407,0.016487,0.026666
961_50_1302_1443,0,0,0.613851,0.300065,0.00942,0.013492,0.018991,0.02048,0.0237
961_49_577_649,1,1,0.311519,0.451942,0.054087,0.045266,0.058097,0.01175,0.067338
961_50_1064_1145,1,1,0.147202,0.293659,0.02493,0.182484,0.112498,0.114989,0.124237
961_49_340_486,6,1,0.099156,0.562548,0.047343,0.063136,0.153882,0.018589,0.055347
961_49_31_98,3,6,0.015712,0.091478,0.20858,0.275009,0.027935,0.105295,0.275991
961_49_1470_1520,0,0,0.477469,0.283327,0.031902,0.099209,0.023835,0.024208,0.06005
961_50_697_740,1,1,0.072914,0.307905,0.03064,0.132982,0.276395,0.017354,0.16181
961_50_502_572,5,5,0.048772,0.075052,0.067658,0.025054,0.063157,0.616516,0.103791
961_50_842_895,1,0,0.477777,0.264539,0.017738,0.051097,0.082673,0.016711,0.089465
961_49_752_813,1,3,0.091452,0.235387,0.030882,0.424036,0.073114,0.070733,0.074395
961_50_272_326,0,0,0.536907,0.235268,0.011453,0.020844,0.023515,0.055202,0.116811
963_49_1287_1336,1,5,0.074801,0.198546,0.045369,0.063262,0.078388,0.362157,0.177477
963_50_254_294,3,6,0.020948,0.047042,0.018273,0.010446,0.027747,0.024107,0.851436
963_50_1354_1477,2,3,0.097828,0.26366,0.049393,0.312099,0.174593,0.024941,0.077487
963_49_905_946,3,3,0.026857,0.107138,0.020962,0.42587,0.03887,0.012969,0.367334
963_49_133_232,6,1,0.028502,0.602585,0.051789,0.038935,0.08554,0.065981,0.126668
963_49_553_610,1,1,0.13605,0.479985,0.022978,0.074448,0.032252,0.036362,0.217925
963_49_1084_1172,5,5,0.237254,0.236138,0.028605,0.027057,0.067616,0.379254,0.024077
963_49_315_425,4,1,0.033461,0.5253,0.121631,0.014235,0.125833,0.044363,0.135176
963_50_977_1061,1,6,0.218735,0.246027,0.03544,0.066727,0.144953,0.01988,0.268237
963_50_442_522,6,4,0.049903,0.161999,0.120602,0.036169,0.418317,0.072991,0.14002
963_50_31_89,3,6,0.025451,0.074636,0.122039,0.297208,0.093915,0.038782,0.34797
963_49_1507_1575,3,3,0.028129,0.131475,0.021991,0.564578,0.033437,0.018566,0.201825
963_50_1185_1272,2,1,0.08922,0.27552,0.045222,0.232906,0.214309,0.037443,0.10538
963_49_738_825,3,3,0.019885,0.031942,0.020894,0.665629,0.04594,0.102596,0.113113
963_50_645_696,3,3,0.020415,0.035068,0.036879,0.628183,0.045578,0.123595,0.110283
963_50_850_884,3,4,0.019274,0.0377,0.091548,0.124816,0.599894,0.010385,0.116383
964_49_1233_1441,3,3,0.035284,0.095377,0.025027,0.539465,0.029087,0.25895,0.01681
964_50_1183_1231,3,3,0.179684,0.240616,0.009081,0.395668,0.02965,0.015217,0.130084
964_49_149_271,5,5,0.012792,0.076035,0.102566,0.022215,0.174118,0.553835,0.058439
964_50_95_125,6,6,0.040984,0.095626,0.024836,0.058808,0.023815,0.035429,0.720502
964_50_902_965,1,6,0.020547,0.037674,0.005789,0.117052,0.007687,0.010588,0.800662
964_49_575_646,5,6,0.060883,0.320489,0.067579,0.046715,0.068834,0.105391,0.330109
964_50_1140_1175,3,3,0.044462,0.031429,0.003852,0.780538,0.005473,0.023356,0.11089
964_49_985_1117,3,3,0.015423,0.046972,0.013879,0.767498,0.01264,0.124051,0.019537
964_50_272_341,3,3,0.030307,0.041187,0.011581,0.558024,0.013936,0.04893,0.296036
964_50_467_538,1,6,0.023213,0.128722,0.022016,0.01697,0.140132,0.006849,0.662098
964_49_31_80,5,5,0.011669,0.034063,0.02557,0.127693,0.054412,0.502277,0.244316
964_50_1475_1541,3,0,0.506092,0.227393,0.024366,0.096889,0.047007,0.011676,0.086577
964_49_798_858,6,1,0.031841,0.312565,0.0372,0.073643,0.089076,0.243837,0.211837
964_50_661_753,1,6,0.038845,0.078924,0.014607,0.27625,0.051986,0.024826,0.514563
964_49_365_431,5,6,0.021723,0.137502,0.026066,0.066193,0.0241,0.355845,0.368572
964_49_1176_1183,3,3,0.078141,0.06108,0.029924,0.701705,0.018501,0.07453,0.03612
977_50_112_210,0,0,0.864859,0.075124,0.00434,0.014155,0.00636,0.032858,0.002304
977_50_1186_1524,1,1,0.040051,0.330855,0.087933,0.179773,0.118514,0.063149,0.179724
977_49_1540_1687,3,1,0.221072,0.521449,0.036891,0.053937,0.014465,0.112675,0.039512
977_49_237_288,0,1,0.393761,0.398115,0.010044,0.004093,0.038497,0.150488,0.005002
977_50_930_972,1,3,0.100891,0.05777,0.011733,0.505698,0.00586,0.021,0.297049
977_50_558_603,1,0,0.686314,0.196199,0.007565,0.048434,0.009431,0.004881,0.047178
977_49_1026_1178,3,3,0.015,0.05929,0.037317,0.703645,0.026938,0.077207,0.080604
977_50_312_400,0,0,0.788658,0.171555,0.011327,0.002137,0.009985,0.007456,0.008881
977_49_628_687,0,1,0.335544,0.531284,0.020474,0.005418,0.058959,0.032001,0.016321
977_49_428_517,1,1,0.308769,0.54836,0.028162,0.006233,0.081566,0.010677,0.016233
977_49_31_109,3,1,0.008459,0.441108,0.139208,0.010697,0.334034,0.011757,0.054736
977_49_794_909,1,1,0.167025,0.592767,0.048914,0.009549,0.04146,0.093957,0.046328
977_50_706_777,1,6,0.160824,0.224349,0.011903,0.27552,0.017337,0.027336,0.28273
980_50_31_133,3,3,0.023708,0.009541,0.03275,0.640663,0.170245,0.017532,0.10556
980_50_1161_1350,3,4,0.026099,0.012742,0.022763,0.324806,0.544602,0.012426,0.056561
980_49_1366_1489,3,3,0.005923,0.001213,0.004976,0.914345,0.005366,0.064406,0.003771
980_50_907_983,3,3,0.016678,0.036063,0.020811,0.631193,0.034921,0.032436,0.227898
980_49_155_219,5,5,0.007795,0.050429,0.029447,0.018772,0.015946,0.857068,0.020543
980_49_581_644,5,0,0.4049,0.326822,0.010002,0.005377,0.020832,0.221193,0.010874
980_49_1009_1093,3,3,0.005816,0.001469,0.006363,0.933359,0.005455,0.043242,0.004296
980_49_393_487,5,5,0.006859,0.046111,0.087469,0.014203,0.012919,0.819203,0.013235
980_50_1501_1583,3,3,0.007255,0.001522,0.006039,0.926848,0.016832,0.01089,0.030614
980_50_671_738,3,3,0.039345,0.047847,0.015217,0.710581,0.021578,0.016269,0.149163
980_50_511_580,3,3,0.015012,0.011531,0.006671,0.700914,0.016555,0.043392,0.205925
980_49_824_883,3,5,0.00393,0.002455,0.005015,0.407261,0.005648,0.572263,0.003428
980_50_276_319,3,3,0.02658,0.04103,0.025059,0.58883,0.01368,0.02092,0.283902
987_50_2401_2535,4,4,0.01009,0.178971,0.150789,0.008834,0.594307,0.009674,0.047336
987_50_2012_2137,4,1,0.117063,0.49461,0.071035,0.03771,0.177136,0.033557,0.068888
987_50_1113_1280,4,4,0.020286,0.097062,0.163511,0.015282,0.61529,0.026727,0.061841
987_50_1540_1715,4,1,0.124154,0.528783,0.033818,0.06159,0.064259,0.041598,0.145798
987_49_1774_1975,1,4,0.064098,0.21133,0.151921,0.072409,0.420066,0.029391,0.050786
987_49_1315_1484,1,3,0.054018,0.165711,0.121522,0.338353,0.186737,0.096668,0.036991
987_49_2182_2360,1,1,0.106892,0.541239,0.056895,0.020963,0.124443,0.069676,0.079892
987_49_2573_2654,1,1,0.071275,0.534596,0.038154,0.037519,0.080608,0.014884,0.222963
987_49_154_221,6,6,0.036359,0.110819,0.021494,0.078839,0.0399,0.083277,0.629313
987_50_573_640,0,4,0.052321,0.244785,0.127472,0.013082,0.322451,0.076595,0.163294
987_50_277_395,4,2,0.032622,0.264142,0.315829,0.002639,0.181885,0.020329,0.182553
987_49_963_1064,1,6,0.028776,0.221288,0.025867,0.15334,0.098426,0.03683,0.435473
987_49_425_514,1,0,0.411857,0.347608,0.010938,0.063663,0.022956,0.073896,0.069081
987_50_31_109,1,1,0.068398,0.40726,0.108536,0.008032,0.378689,0.008218,0.020866
987_49_680_787,1,1,0.118898,0.341671,0.083305,0.05252,0.098893,0.273167,0.031545
987_50_827_913,2,1,0.175098,0.392403,0.036642,0.111896,0.049152,0.036076,0.198733
999_49_1238_1331,3,3,0.042,0.062222,0.015135,0.656638,0.025987,0.175304,0.022713
999_49_2026_2092,3,3,0.012061,0.00555,0.007024,0.915887,0.00539,0.027945,0.026143
999_50_1175_1225,3,1,0.098724,0.267814,0.06164,0.240109,0.11553,0.093172,0.123011
999_50_1673_1705,5,0,0.320951,0.182656,0.028716,0.127401,0.020225,0.095225,0.224827
999_49_185_265,5,5,0.012986,0.180047,0.030161,0.125346,0.062606,0.484151,0.104703
999_49_1740_1884,3,3,0.024863,0.054536,0.011097,0.795957,0.023167,0.056948,0.033431
999_50_1370_1559,3,6,0.015114,0.025895,0.008449,0.105299,0.011709,0.031411,0.802123
999_49_806_940,3,3,0.013512,0.046822,0.01528,0.777232,0.027509,0.03421,0.085436
999_49_574_662,5,3,0.007103,0.007618,0.00651,0.560377,0.004169,0.399878,0.014346
999_49_1097_1151,3,3,0.011661,0.005877,0.005335,0.873663,0.007743,0.064462,0.031259
999_50_301_371,1,3,0.115246,0.19052,0.02827,0.310163,0.074199,0.056513,0.225089
999_50_988_1070,3,3,0.024317,0.023533,0.008908,0.597051,0.038425,0.028534,0.279233
999_50_468_561,1,6,0.011148,0.048687,0.013413,0.076565,0.079957,0.017284,0.752946
999_50_31_120,1,1,0.024947,0.363439,0.189292,0.047312,0.244321,0.051016,0.079672
999_49_395_458,5,5,0.010977,0.061293,0.093491,0.124836,0.045957,0.558658,0.104789
999_50_713_773,6,3,0.032746,0.051504,0.012129,0.500721,0.044426,0.042514,0.31596
999_49_1582_1661,5,5,0.076804,0.253905,0.038793,0.049065,0.034569,0.519025,0.027837
999_50_1904_2012,5,5,0.010647,0.008106,0.022688,0.326321,0.028801,0.554226,0.049211
1664_84_2206_2504,3,3,0.054087,0.084866,0.042463,0.650309,0.032844,0.111193,0.024238
1664_84_31_190,3,3,0.01836,0.021529,0.049155,0.758904,0.013745,0.12804,0.010267
1664_84_1201_1344,3,3,0.140812,0.182546,0.058094,0.434639,0.062164,0.094217,0.027527
1664_83_1119_1189,3,3,0.045284,0.049225,0.032277,0.742943,0.030804,0.076444,0.023024
1664_84_249_549,3,3,0.030993,0.047866,0.055615,0.459256,0.033731,0.359613,0.012926
1664_84_2732_2800,3,3,0.018325,0.013323,0.014545,0.736326,0.009452,0.200102,0.007928
1664_84_1392_1844,5,3,0.057759,0.090939,0.213844,0.365848,0.040812,0.214015,0.016783
1664_83_2509_2729,3,3,0.005832,0.005001,0.008888,0.91621,0.012387,0.041848,0.009833
1664_83_854_940,3,3,0.064549,0.098124,0.015334,0.511865,0.020992,0.209486,0.079649
1664_83_191_242,5,5,0.016812,0.045343,0.038249,0.097553,0.014092,0.692516,0.095436
1664_83_1345_1382,3,3,0.072251,0.183712,0.030058,0.587592,0.052063,0.043555,0.030769
1664_84_1911_2158,3,3,0.023387,0.017993,0.009014,0.84204,0.019789,0.055123,0.032654
1664_84_941_1117,3,3,0.053338,0.071467,0.022208,0.5708,0.02279,0.247005,0.01239
1664_83_554_713,3,3,0.010444,0.015638,0.020159,0.796466,0.007674,0.140994,0.008626
1664_83_2160_2203,3,3,0.068934,0.1109,0.027686,0.660405,0.031745,0.074142,0.026187
1664_83_1849_1910,5,5,0.009624,0.018292,0.043742,0.185487,0.01255,0.717657,0.012648
1664_84_719_847,5,3,0.037444,0.133335,0.101844,0.466848,0.024071,0.16887,0.067588
1674_84_2198_2536,1,1,0.147555,0.540004,0.031236,0.11788,0.028597,0.041725,0.093003
1674_83_97_238,2,5,0.015117,0.148649,0.136451,0.230029,0.031926,0.284339,0.153489
1674_83_1172_1297,1,3,0.089072,0.191677,0.021583,0.350272,0.036667,0.030597,0.280132
1674_83_2756_2884,2,6,0.063535,0.191039,0.123653,0.107236,0.161249,0.042478,0.310809
1674_84_1444_1529,1,1,0.114341,0.492989,0.027283,0.118305,0.015166,0.210941,0.020976
1674_83_3072_3193,1,5,0.163693,0.188949,0.027368,0.161077,0.045154,0.346282,0.067478
1674_84_3208_3325,1,0,0.397836,0.356413,0.032614,0.090741,0.029804,0.045239,0.047352
1674_83_2559_2671,2,3,0.025388,0.077595,0.019339,0.559429,0.020554,0.027569,0.270125
1674_83_911_1030,2,6,0.009886,0.027061,0.021822,0.439245,0.015098,0.036843,0.450045
1674_84_1312_1351,1,1,0.023316,0.342999,0.076435,0.238716,0.20308,0.029287,0.086167
1674_84_2885_3058,1,0,0.470724,0.355403,0.024965,0.040075,0.022538,0.047719,0.038575
1674_84_1051_1161,1,1,0.166282,0.558437,0.051506,0.095757,0.04174,0.046009,0.040269
1674_83_2050_2163,1,1,0.270497,0.549449,0.016896,0.046461,0.019089,0.075525,0.022082
1674_84_1728_2038,1,1,0.255013,0.29889,0.029161,0.158565,0.039182,0.160962,0.058227
1674_83_1538_1714,1,1,0.15504,0.47128,0.044502,0.039334,0.091196,0.124069,0.074578
1674_83_602_627,1,1,0.075098,0.695715,0.037839,0.094695,0.029233,0.041533,0.025888
1674_84_641_727,1,1,0.155189,0.641585,0.029493,0.075621,0.015841,0.062887,0.019384
1674_83_1363_1435,1,1,0.218776,0.506719,0.031525,0.070544,0.080545,0.026373,0.065518
1674_84_821_892,3,3,0.022392,0.037032,0.021374,0.774726,0.051904,0.034555,0.058018
1674_84_447_596,1,5,0.019948,0.099917,0.032198,0.031763,0.030482,0.769362,0.016329
1674_83_333_428,1,1,0.019316,0.488546,0.043231,0.144152,0.045837,0.116208,0.142709
1674_84_2686_2742,1,1,0.01783,0.534807,0.153333,0.01327,0.021724,0.231921,0.027115
1674_84_31_81,3,3,0.010943,0.009122,0.026018,0.77325,0.023526,0.018744,0.138397
1674_84_259_312,3,3,0.006462,0.011169,0.038261,0.704673,0.015113,0.041557,0.182764
1674_83_740_794,1,3,0.020278,0.063304,0.034053,0.404476,0.029697,0.177428,0.270765
1676_84_31_135,1,3,0.032815,0.12747,0.122901,0.508944,0.016961,0.070758,0.120151
1676_83_1215_1336,1,1,0.106438,0.430979,0.03356,0.226768,0.023253,0.090776,0.088227
1676_84_2012_2077,1,2,0.008581,0.183186,0.725062,0.004457,0.062767,0.011144,0.004803
1676_84_1127_1210,1,3,0.018689,0.109026,0.063815,0.336741,0.020585,0.164673,0.28647
1676_83_1660_1800,1,1,0.221544,0.557737,0.047572,0.039343,0.04112,0.039541,0.053143
1676_84_198_349,0,0,0.482642,0.35339,0.029512,0.02256,0.030255,0.054646,0.026995
1676_84_1812_1856,1,1,0.368612,0.397632,0.038509,0.046267,0.026441,0.095121,0.027418
1676_83_1459_1488,6,1,0.212267,0.550709,0.017786,0.10735,0.012823,0.019398,0.079667
1676_84_804_1093,1,1,0.140734,0.47272,0.065345,0.056903,0.108971,0.072026,0.083302
1676_83_538_661,1,3,0.075058,0.208509,0.023961,0.472302,0.023833,0.073423,0.122913
1676_83_1100_1126,2,1,0.06388,0.264229,0.082197,0.100926,0.03823,0.225623,0.224915
1676_84_476_531,1,6,0.124551,0.233288,0.032471,0.064458,0.012611,0.171309,0.361312
1676_83_357_452,2,1,0.172062,0.334898,0.031923,0.183301,0.052374,0.107882,0.11756
1676_84_1496_1653,4,1,0.125354,0.394781,0.080988,0.114281,0.167719,0.054526,0.062351
1676_83_1869_1998,1,0,0.547191,0.280412,0.028374,0.016535,0.062575,0.016837,0.048077
1676_84_661_718,1,3,0.054459,0.043661,0.014916,0.718882,0.011217,0.098132,0.058733
1676_83_2077_2196,1,3,0.151166,0.216786,0.024563,0.356052,0.038773,0.065756,0.146903
1676_84_1366_1454,1,2,0.021623,0.21922,0.425013,0.038301,0.027235,0.228862,0.039745
1676_83_742_785,6,5,0.013063,0.096365,0.049651,0.026376,0.01275,0.768162,0.033634
1676_83_135_163,1,5,0.258021,0.221472,0.016413,0.026165,0.018859,0.379924,0.079146
1678_84_2276_2529,0,3,0.078733,0.318488,0.141212,0.358998,0.032333,0.041604,0.028632
1678_83_31_142,2,5,0.030667,0.082575,0.065183,0.319274,0.035083,0.372359,0.09486
1678_84_1278_1498,2,1,0.173014,0.577805,0.049816,0.035631,0.075831,0.06662,0.021284
1678_83_229_365,1,1,0.123785,0.366849,0.059901,0.118196,0.036896,0.171416,0.122957
1678_83_2542_2720,1,1,0.162003,0.293406,0.083114,0.168501,0.175182,0.062536,0.055258
1678_83_918_967,1,5,0.016963,0.059808,0.026566,0.288448,0.012609,0.564112,0.031493
1678_84_154_219,2,3,0.01627,0.059303,0.099296,0.560534,0.024198,0.168205,0.072194
1678_84_1103_1181,2,1,0.164054,0.459483,0.080832,0.047881,0.028937,0.192175,0.026638
1678_83_1925_2073,1,1,0.048722,0.297931,0.057088,0.178949,0.101283,0.27719,0.038837
1678_84_1571_1921,2,1,0.242185,0.433174,0.081545,0.079096,0.08315,0.06108,0.019771
1678_84_604_663,2,3,0.035077,0.176352,0.247855,0.335357,0.065929,0.053891,0.085539
1678_83_1498_1558,1,1,0.074421,0.390505,0.035868,0.211191,0.039386,0.051168,0.19746
1678_83_1193_1264,1,1,0.32064,0.448069,0.018957,0.077648,0.022616,0.056589,0.05548
1678_83_2186_2257,2,1,0.252368,0.402755,0.083607,0.033428,0.152086,0.03311,0.042646
1678_84_2091_2170,1,1,0.345418,0.369827,0.020722,0.167312,0.018654,0.045545,0.032522
1678_84_707_755,1,1,0.212309,0.411295,0.058177,0.075756,0.088195,0.023724,0.130544
1678_84_844_918,1,3,0.045866,0.195307,0.23325,0.304471,0.120622,0.039452,0.061031
1678_83_561_589,2,5,0.06257,0.237816,0.094528,0.107076,0.023015,0.348005,0.12699
1678_83_1025_1084,1,1,0.059461,0.340324,0.073184,0.250135,0.030925,0.127743,0.118228
1678_84_996_1016,5,5,0.015668,0.058703,0.029262,0.101981,0.016143,0.737076,0.041167
1678_83_668_702,1,1,0.257054,0.528059,0.020777,0.060372,0.020605,0.064082,0.049053
1678_84_495_556,1,2,0.038645,0.198981,0.314602,0.219108,0.106539,0.045946,0.076179
1678_83_431_488,2,3,0.069069,0.163765,0.08271,0.302287,0.050592,0.175804,0.155774
1678_84_379_410,2,3,0.056018,0.170791,0.047475,0.346909,0.092892,0.030794,0.255121
1678_83_768_812,1,1,0.210318,0.346544,0.046738,0.029472,0.028244,0.211796,0.126888
1969_99_31_137,3,3,0.031606,0.044461,0.254536,0.38307,0.069611,0.041671,0.175044
1969_100_749_812,6,6,0.010898,0.193992,0.20374,0.050682,0.039287,0.08362,0.417781
1969_99_953_982,5,5,0.024282,0.020662,0.041055,0.007493,0.016742,0.885122,0.004644
1969_100_1004_1025,3,3,0.319387,0.075921,0.050029,0.421082,0.038774,0.044741,0.050065
1969_100_401_485,6,6,0.014711,0.041774,0.026764,0.227546,0.011958,0.054629,0.622618
1969_100_618_668,3,3,0.040334,0.073684,0.102962,0.48327,0.021179,0.222548,0.056023
1969_99_256_378,6,2,0.02316,0.210726,0.367607,0.00532,0.078272,0.209864,0.105052
1969_100_902_931,5,6,0.074755,0.122889,0.300055,0.026274,0.054789,0.082319,0.338921
1969_100_170_232,6,6,0.026171,0.070041,0.110161,0.153232,0.018481,0.218793,0.403122
1969_99_1049_1102,1,0,0.54542,0.311575,0.04495,0.021951,0.043035,0.020628,0.012441
1969_99_833_852,2,5,0.013162,0.062078,0.069995,0.031128,0.033732,0.557289,0.232617
1969_99_690_725,5,5,0.178849,0.245186,0.133164,0.008709,0.048179,0.342034,0.043879
1969_99_511_562,6,1,0.06793,0.353004,0.140983,0.005537,0.047192,0.229583,0.155771
1975_100_126_266,5,0,0.696578,0.178925,0.032267,0.014175,0.01902,0.037311,0.021726
1975_100_1230_1402,0,1,0.280548,0.57506,0.04494,0.018112,0.034134,0.036461,0.010745
1975_100_1971_2130,3,3,0.017439,0.007848,0.010233,0.870107,0.014108,0.051702,0.028563
1975_99_1007_1198,0,1,0.402101,0.509183,0.025294,0.004718,0.043557,0.006496,0.008652
1975_100_1675_1904,4,5,0.101809,0.196375,0.165949,0.157049,0.138461,0.198888,0.041469
1975_99_1430_1625,0,0,0.79237,0.158056,0.009318,0.003527,0.015192,0.014678,0.006859
1975_100_935_995,5,5,0.050094,0.034413,0.037269,0.005927,0.015353,0.841832,0.015113
1975_100_583_608,5,5,0.039021,0.076486,0.073023,0.008398,0.009758,0.745493,0.047821
1975_99_285_358,1,0,0.670367,0.257703,0.018387,0.005944,0.023269,0.01282,0.01151
1975_99_622_678,0,0,0.748033,0.18436,0.01417,0.006147,0.02175,0.014447,0.011092
1975_100_380_482,5,0,0.799539,0.151427,0.008596,0.003913,0.008499,0.024794,0.003234
1975_99_31_95,1,1,0.114282,0.479508,0.159259,0.0118,0.12359,0.062809,0.048751
1975_100_711_824,1,1,0.280467,0.478812,0.06839,0.008316,0.043321,0.058881,0.061813
1975_99_506_557,0,0,0.721061,0.154012,0.031775,0.007751,0.024646,0.043579,0.017176
1975_99_840_912,4,4,0.044329,0.286686,0.098116,0.004844,0.506611,0.015238,0.044177
1975_99_1919_1955,5,0,0.345442,0.173462,0.092246,0.034495,0.076449,0.206871,0.071035
1976_99_117_156,1,1,0.189334,0.591144,0.070496,0.003669,0.069567,0.052277,0.023513
1976_100_1261_1522,0,0,0.876923,0.099849,0.007344,0.001354,0.005815,0.004801,0.003915
1976_100_1962_2064,0,1,0.36989,0.53934,0.023027,0.008071,0.034101,0.0135,0.012071
1976_100_916_1191,5,0,0.462879,0.137433,0.044925,0.007441,0.019254,0.324775,0.003293
1976_100_1673_1859,0,0,0.717969,0.234061,0.0118,0.00659,0.011173,0.008565,0.009842
1976_100_172_252,5,5,0.306367,0.097281,0.029621,0.082368,0.029196,0.438164,0.017002
1976_99_510_675,0,0,0.740507,0.115009,0.020504,0.008476,0.021757,0.085439,0.008308
1976_100_349_494,5,0,0.618931,0.263454,0.021934,0.007317,0.019859,0.059212,0.009292
1976_100_31_88,0,1,0.162378,0.378975,0.135046,0.021707,0.059347,0.046063,0.196483
1976_100_685_823,1,0,0.787962,0.150798,0.01693,0.00661,0.014596,0.011394,0.01171
1976_99_1873_1926,1,0,0.590486,0.298427,0.015249,0.036271,0.020919,0.024149,0.014499
1976_99_2071_2144,0,0,0.807204,0.125509,0.012533,0.004398,0.01354,0.030716,0.0061
1976_99_1543_1656,1,0,0.737886,0.115399,0.013263,0.072072,0.018566,0.031386,0.011428
1976_99_824_902,1,0,0.471833,0.283042,0.024914,0.035617,0.037681,0.127755,0.019158
1976_99_1207_1240,0,0,0.73631,0.195271,0.011489,0.005812,0.010719,0.032876,0.007523
1976_99_274_319,0,0,0.643351,0.306648,0.01077,0.003641,0.012356,0.012526,0.010708
1981_100_1234_1300,1,1,0.126984,0.338612,0.103354,0.010079,0.019809,0.262845,0.138315
1981_99_1155_1215,1,1,0.024426,0.388942,0.376807,0.011284,0.084345,0.050489,0.063707
1981_100_131_259,3,3,0.068437,0.073292,0.02477,0.563929,0.034047,0.202828,0.032697
1981_99_1457_1564,1,6,0.069541,0.174066,0.073239,0.182328,0.14187,0.030369,0.328588
1981_99_887_1031,1,1,0.13085,0.381274,0.185867,0.004573,0.269706,0.007921,0.019808
1981_99_1312_1370,4,1,0.077769,0.357993,0.169804,0.011691,0.262054,0.024405,0.096284
1981_100_1056_1144,5,5,0.023779,0.112528,0.308028,0.007542,0.021606,0.434189,0.092329
1981_100_1752_1792,1,1,0.384697,0.526582,0.024457,0.014595,0.019243,0.00912,0.021306
1981_100_615_713,1,5,0.028044,0.054689,0.222248,0.008595,0.018869,0.627867,0.039686
1981_100_345_480,3,3,0.012854,0.008995,0.006502,0.923818,0.008258,0.023702,0.015871
1981_99_31_110,6,2,0.01132,0.050378,0.569511,0.048936,0.206249,0.024487,0.089119
1981_100_814_868,1,1,0.272133,0.381167,0.051107,0.005671,0.034041,0.240661,0.01522
1981_100_1584_1674,1,0,0.633401,0.311034,0.015316,0.004155,0.014198,0.012814,0.009082
1981_100_1385_1445,1,1,0.069966,0.351741,0.127593,0.010567,0.022519,0.341046,0.076566
1981_99_1690_1739,4,1,0.208389,0.447548,0.088454,0.015349,0.159072,0.030992,0.050194
1981_99_495_579,3,6,0.019738,0.071694,0.133633,0.270713,0.051327,0.09639,0.356505
1981_99_729_790,1,1,0.056734,0.331614,0.251589,0.004972,0.084185,0.069885,0.201021
1981_99_266_324,3,5,0.058589,0.032612,0.070322,0.268356,0.052548,0.430949,0.086624
1983_99_2487_2541,1,2,0.007127,0.01909,0.925634,0.001271,0.033087,0.011886,0.001904
1983_99_127_247,5,5,0.081642,0.061896,0.046665,0.069926,0.102573,0.468191,0.169106
1983_100_1121_1323,2,3,0.049298,0.164569,0.14445,0.355915,0.070119,0.176472,0.039177
1983_100_1999_2186,1,1,0.028667,0.269654,0.218619,0.089458,0.025215,0.145869,0.222518
1983_99_1650_1698,5,5,0.074523,0.069698,0.023593,0.01163,0.011856,0.789921,0.018779
1983_100_1716_1872,5,3,0.009799,0.006816,0.013421,0.812351,0.005673,0.112856,0.039085
1983_100_1443_1633,1,3,0.01753,0.089003,0.174414,0.350309,0.047816,0.11272,0.208208
1983_99_2190_2309,2,0,0.381867,0.379094,0.112689,0.007039,0.068143,0.035897,0.01527
1983_100_723_997,6,1,0.01838,0.255372,0.125577,0.063741,0.063042,0.239344,0.234545
1983_99_1340_1418,1,1,0.152353,0.47552,0.188508,0.018435,0.041957,0.114902,0.008326
1983_100_571_629,3,3,0.079185,0.061274,0.056498,0.393371,0.043947,0.147888,0.217838
1983_100_2330_2473,1,5,0.248282,0.148544,0.029913,0.03013,0.017879,0.518914,0.006339
1983_100_273_490,3,3,0.119907,0.144491,0.045214,0.336005,0.050603,0.076867,0.226912
1983_99_1014_1100,1,5,0.165104,0.296276,0.045825,0.012988,0.037061,0.35534,0.087404
1983_100_31_110,3,3,0.005432,0.001614,0.00523,0.934154,0.005516,0.007751,0.040304
1983_99_1887_1978,5,5,0.013855,0.113632,0.159039,0.01305,0.115021,0.557789,0.027614
1983_99_646_700,1,5,0.040107,0.05344,0.029348,0.004992,0.017629,0.840095,0.014388
1983_99_503_550,5,1,0.263839,0.360189,0.104735,0.003679,0.134756,0.060331,0.072471
1996_99_1103_1283,6,0,0.267332,0.174195,0.051169,0.200915,0.05586,0.148982,0.101546
1996_99_1662_1783,1,1,0.102374,0.271642,0.126475,0.062371,0.24031,0.044206,0.152621
1996_100_196_287,3,3,0.141772,0.130885,0.044842,0.298622,0.073743,0.123507,0.186629
1996_99_1421_1484,1,2,0.107444,0.199475,0.361669,0.075296,0.071424,0.143165,0.041526
1996_100_798_1076,3,5,0.006117,0.00852,0.015277,0.183208,0.011572,0.761431,0.013874
1996_100_1308_1397,3,6,0.037712,0.081194,0.038751,0.311587,0.051825,0.039412,0.439518
1996_99_307_368,5,5,0.026375,0.034561,0.050819,0.007351,0.013897,0.847382,0.019615
1996_100_624_671,3,6,0.075936,0.048822,0.026382,0.223036,0.006658,0.149667,0.469499
1996_99_473_588,1,0,0.463377,0.288784,0.081849,0.009411,0.043895,0.087386,0.025297
1996_100_31_112,6,6,0.035747,0.134989,0.078038,0.261495,0.049809,0.165867,0.274055
1996_100_396_459,6,3,0.03393,0.038597,0.044635,0.527817,0.034756,0.287718,0.032547
1996_100_1528_1644,3,3,0.076832,0.038444,0.020327,0.695354,0.015552,0.042914,0.110576
1996_99_689_776,3,5,0.060102,0.166022,0.058029,0.216271,0.016757,0.346668,0.13615
1996_99_135_177,5,5,0.245323,0.139676,0.047774,0.042527,0.047806,0.336988,0.139907
1998_100_118_211,5,6,0.044747,0.13499,0.064421,0.08174,0.020292,0.125324,0.528486
1998_99_1241_1386,1,0,0.634187,0.265177,0.02097,0.013224,0.029244,0.019238,0.017961
1998_100_1067_1225,5,0,0.617154,0.282623,0.020283,0.014431,0.023996,0.018365,0.023149
1998_100_1634_1717,1,1,0.268926,0.592236,0.015581,0.013816,0.017077,0.086433,0.00593
1998_99_229_314,1,0,0.414542,0.260022,0.04036,0.02146,0.061775,0.174308,0.027534
1998_100_1412_1519,5,0,0.580305,0.312286,0.012378,0.013663,0.014701,0.055679,0.010988
1998_99_926_1044,1,0,0.591918,0.240009,0.015633,0.010178,0.058962,0.069909,0.013392
1998_99_468_607,1,1,0.366818,0.383997,0.024741,0.042868,0.072721,0.049385,0.05947
1998_100_329_450,1,0,0.628821,0.273218,0.022514,0.006937,0.019333,0.032262,0.016915
1998_100_634_716,2,1,0.099568,0.341124,0.269269,0.008896,0.069643,0.184638,0.026862
1998_99_31_96,5,1,0.22136,0.323932,0.056942,0.053692,0.04589,0.125968,0.172216
1998_99_1533_1619,1,0,0.632461,0.263193,0.021892,0.009313,0.033545,0.020343,0.019253
1998_100_803_907,3,3,0.206689,0.120032,0.020943,0.439883,0.049068,0.136672,0.026714
1998_99_730_785,1,1,0.244996,0.470404,0.033724,0.028495,0.123203,0.016179,0.082999
1999_100_31_162,2,1,0.08572,0.453242,0.151268,0.013872,0.028626,0.126175,0.141096
1999_99_1147_1340,1,2,0.024926,0.159472,0.407561,0.004533,0.364064,0.022282,0.017162
1999_99_1951_2137,2,1,0.294384,0.385438,0.120843,0.006122,0.061689,0.097158,0.034365
1999_100_1652_1947,1,1,0.016396,0.431057,0.17977,0.024081,0.03012,0.136302,0.182275
1999_99_179_259,5,5,0.017962,0.159963,0.112663,0.087203,0.077211,0.304062,0.240936
1999_100_2161_2256,3,6,0.021172,0.028909,0.013321,0.319227,0.017719,0.060925,0.538728
1999_99_731_959,2,5,0.009659,0.157548,0.279621,0.009812,0.042632,0.466151,0.034577
1999_100_1349_1457,1,5,0.024621,0.173988,0.243541,0.055609,0.057839,0.374729,0.069675
1999_99_2275_2342,6,6,0.019432,0.035921,0.031175,0.323445,0.016758,0.032325,0.540944
1999_99_403_596,5,5,0.03915,0.039002,0.05034,0.020301,0.025313,0.805429,0.020466
1999_100_967_1129,2,1,0.016144,0.317646,0.279758,0.064382,0.042327,0.199442,0.080301
1999_100_283_386,5,1,0.138749,0.441438,0.122086,0.00565,0.013396,0.142238,0.136443
1999_100_607_706,2,5,0.039087,0.106088,0.063801,0.051797,0.004068,0.6658,0.069359
1999_99_1473_1634,5,2,0.033343,0.297928,0.335164,0.006199,0.147382,0.091491,0.088493
2000_99_31_136,5,6,0.044827,0.092114,0.136443,0.0609,0.066987,0.133574,0.465155
2000_100_1095_1300,3,3,0.068706,0.085619,0.058303,0.531789,0.04713,0.055007,0.153447
2000_99_1628_1745,4,1,0.274308,0.44801,0.104257,0.010385,0.059759,0.064009,0.039272
2000_99_251_384,2,1,0.043422,0.393492,0.176112,0.115144,0.199648,0.038275,0.033907
2000_100_1765_1850,1,1,0.2446,0.407097,0.082949,0.046525,0.063423,0.049264,0.106143
2000_99_1308_1476,2,1,0.259389,0.36511,0.100413,0.033335,0.150432,0.028385,0.062937
2000_100_921_989,5,0,0.551303,0.35004,0.034228,0.004529,0.011296,0.017283,0.031321
2000_100_152_235,5,5,0.01043,0.010284,0.017868,0.010753,0.005149,0.932204,0.013311
2000_99_519_676,2,1,0.223073,0.290434,0.099741,0.018769,0.262981,0.050341,0.054662
2000_99_999_1079,4,1,0.115312,0.631775,0.116184,0.005679,0.108067,0.010421,0.012561
2000_100_408_503,1,6,0.063219,0.274095,0.058635,0.025064,0.013553,0.045253,0.520181
2000_100_1497_1613,1,0,0.585528,0.289477,0.045191,0.015537,0.026963,0.014342,0.022961
2000_99_795_903,2,6,0.041754,0.18049,0.237588,0.044214,0.10835,0.123389,0.264215
2000_99_1864_1941,3,6,0.124906,0.198002,0.062014,0.178993,0.057323,0.065078,0.313685
2000_100_691_779,5,5,0.033269,0.148846,0.169705,0.009469,0.027837,0.583207,0.027667
2201_112_128_153,1,4,0.012938,0.118687,0.304851,0.003017,0.479863,0.071358,0.009286
2201_111_1257_1389,1,0,0.662203,0.296615,0.011561,0.004784,0.012026,0.007148,0.005662
2201_112_912_1257,1,0,0.755531,0.176439,0.012814,0.007631,0.015011,0.025247,0.007326
2201_111_1534_1697,0,1,0.301294,0.61022,0.03231,0.012945,0.01988,0.007509,0.015842
2201_111_174_264,1,0,0.385104,0.308169,0.053214,0.010244,0.023596,0.207084,0.01259
2201_112_1718_1830,1,1,0.2,0.445978,0.130931,0.062738,0.073267,0.050188,0.036898
2201_112_1394_1531,0,0,0.718833,0.205455,0.014844,0.008524,0.015511,0.032323,0.004511
2201_112_502_677,1,0,0.463126,0.282692,0.008836,0.007312,0.026252,0.20827,0.003512
2201_112_285_399,1,0,0.483896,0.396192,0.015595,0.02915,0.023911,0.032382,0.018874
2201_111_417_488,3,3,0.043226,0.166078,0.055241,0.432223,0.04297,0.06781,0.192451
2201_111_31_102,5,5,0.013068,0.073115,0.151789,0.012465,0.015115,0.722252,0.012197
2201_112_759_868,0,1,0.337178,0.54064,0.023017,0.013447,0.039666,0.028572,0.01748
2201_111_868_912,1,1,0.430434,0.516728,0.016246,0.005007,0.012485,0.007047,0.012052
2201_111_678_707,1,1,0.120502,0.304155,0.192135,0.125054,0.057747,0.170227,0.03018
2203_111_31_222,6,1,0.024826,0.508448,0.251751,0.047185,0.026422,0.075699,0.065668
2203_112_1224_1403,5,1,0.024722,0.30723,0.070886,0.201448,0.115125,0.125729,0.15486
2203_111_1060_1196,3,3,0.009298,0.021363,0.087582,0.727223,0.017043,0.105145,0.032346
2203_112_1603_1691,4,3,0.03867,0.177627,0.044374,0.337738,0.081431,0.038153,0.282007
2203_112_235_274,5,1,0.110873,0.443021,0.040832,0.006895,0.062519,0.289633,0.046227
2203_111_1701_1876,4,1,0.039262,0.335459,0.09333,0.280098,0.120444,0.086979,0.044429
2203_111_1428_1593,5,1,0.038889,0.296858,0.122977,0.290009,0.132252,0.063515,0.0555
2203_112_754_1045,5,1,0.045823,0.485322,0.091467,0.089157,0.131294,0.051501,0.105437
2203_112_488_634,5,5,0.014842,0.057747,0.033643,0.065203,0.07664,0.721481,0.030443
2203_111_288_476,6,1,0.042699,0.572515,0.141326,0.022623,0.062022,0.063907,0.094907
2203_112_1887_2013,4,3,0.022444,0.194364,0.074266,0.284254,0.09381,0.055123,0.275739
2203_111_650_727,3,1,0.029187,0.297052,0.147996,0.246587,0.026745,0.157379,0.095054
2205_111_31_216,5,1,0.092885,0.346782,0.151823,0.018592,0.042544,0.322222,0.025152
2205_112_1238_1387,0,1,0.076353,0.522433,0.102552,0.08705,0.099709,0.022794,0.089109
2205_111_1071_1229,5,0,0.705677,0.126768,0.014212,0.012228,0.012754,0.12399,0.00437
2205_111_1668_1793,1,1,0.126473,0.616953,0.101402,0.045888,0.036432,0.023447,0.049405
2205_112_242_323,1,1,0.117165,0.617795,0.052975,0.013554,0.169586,0.004103,0.024823
2205_112_1442_1662,0,1,0.218648,0.55206,0.119257,0.010291,0.074983,0.013894,0.010867
2205_112_753_1050,0,1,0.035828,0.476904,0.130328,0.023295,0.146182,0.06921,0.118253
2205_112_468_693,1,1,0.035771,0.386703,0.152777,0.056821,0.17442,0.042797,0.150711
2205_111_340_450,5,5,0.039933,0.098842,0.145268,0.020002,0.027746,0.655198,0.013011
2205_111_694_741,5,0,0.40594,0.177245,0.026268,0.010315,0.018792,0.337303,0.024137
2205_111_1387_1412,1,5,0.031982,0.180014,0.158991,0.22596,0.029412,0.260978,0.112662
2205_112_1825_1860,1,4,0.033024,0.362954,0.048424,0.006085,0.520518,0.001296,0.027698
2206_111_31_190,5,0,0.426231,0.334973,0.052523,0.003936,0.046283,0.125363,0.01069
2206_111_1290_1375,1,1,0.079604,0.423194,0.113758,0.027866,0.027126,0.278798,0.049652
2206_111_1865_2068,1,1,0.128878,0.517445,0.080199,0.03856,0.063512,0.032883,0.138524
2206_111_1126_1184,5,1,0.113323,0.571603,0.12893,0.002614,0.032849,0.112688,0.037994
2206_111_1606_1778,0,1,0.160673,0.621894,0.073658,0.015561,0.083374,0.023305,0.021534
2206_112_231_315,4,4,0.00298,0.032155,0.087173,0.001207,0.867783,0.001246,0.007456
2206_112_1788_1811,5,1,0.047499,0.504304,0.180371,0.019803,0.157687,0.032012,0.058324
2206_112_1398_1605,5,5,0.087685,0.155443,0.124445,0.183067,0.056321,0.386432,0.006607
2206_111_2163_2218,3,3,0.037593,0.235746,0.059844,0.464252,0.037475,0.042702,0.122388
2206_111_751_934,5,5,0.128455,0.30468,0.090477,0.005287,0.048668,0.41652,0.005913
2206_112_939_1112,1,4,0.020183,0.251404,0.118667,0.034069,0.453952,0.054225,0.0675
2206_112_425_750,1,1,0.028167,0.497286,0.206723,0.007531,0.179402,0.040186,0.040704
2206_112_2068_2153,3,3,0.013307,0.034143,0.035033,0.667227,0.034577,0.078373,0.13734
2206_111_316_402,5,5,0.175246,0.116319,0.031148,0.002701,0.02013,0.647216,0.007241
2206_112_1194_1285,4,4,0.024768,0.235984,0.146932,0.00785,0.425069,0.043782,0.115615
2206_112_2222_2246,3,3,0.013045,0.034273,0.015902,0.811953,0.020523,0.032246,0.072058
2208_111_121_148,5,5,0.084108,0.330799,0.136428,0.008885,0.024825,0.385292,0.029663
2208_112_1276_1308,1,1,0.152667,0.336374,0.043923,0.210575,0.016932,0.029531,0.209998
2208_112_1110_1188,1,1,0.06777,0.440913,0.106866,0.085115,0.071137,0.072981,0.155219
2208_112_161_281,0,0,0.459966,0.351602,0.032658,0.018694,0.052907,0.058266,0.025906
2208_112_818_975,0,1,0.17205,0.60983,0.037058,0.015724,0.050066,0.098137,0.017136
2208_111_1318_1409,5,0,0.627048,0.307398,0.018739,0.006571,0.014745,0.013137,0.012362
2208_112_438_666,0,1,0.160411,0.680686,0.025669,0.037948,0.041904,0.032523,0.020859
2208_111_301_426,1,1,0.183047,0.715584,0.028953,0.00847,0.038092,0.015311,0.010543
2208_111_988_1086,1,1,0.104029,0.591996,0.198434,0.005495,0.050491,0.038238,0.011315
2208_112_31_103,0,0,0.469837,0.206265,0.038111,0.04942,0.059981,0.148205,0.028182
2208_111_1205_1262,5,5,0.045773,0.033166,0.060174,0.006338,0.025236,0.827175,0.002138
2208_111_679_807,1,0,0.539404,0.395204,0.01774,0.004481,0.020488,0.01278,0.009904
2208_112_1410_1449,1,1,0.15235,0.501405,0.018656,0.079809,0.047544,0.03069,0.169545
2209_112_1267_1432,0,2,0.022367,0.340281,0.385003,0.011662,0.204511,0.020281,0.015894
2209_112_2034_2166,3,2,0.01133,0.182366,0.413363,0.05317,0.29717,0.007914,0.034688
2209_111_1074_1254,1,1,0.054779,0.455391,0.281026,0.005632,0.184033,0.010676,0.008463
2209_112_1579_1759,1,1,0.226863,0.53228,0.04985,0.006407,0.14061,0.031616,0.012373
2209_111_1795_1825,2,4,0.076723,0.30881,0.124429,0.015073,0.446317,0.01002,0.018628
2209_111_1443_1578,1,2,0.026888,0.306821,0.359881,0.004643,0.279731,0.012668,0.009367
2209_111_781_946,1,4,0.010237,0.141855,0.225292,0.008456,0.594078,0.004347,0.015734
2209_112_136_245,5,5,0.100205,0.30661,0.090492,0.00881,0.072703,0.406308,0.014872
2209_111_512_675,1,1,0.123188,0.392621,0.239946,0.033863,0.177428,0.019529,0.013425
2209_111_261_335,1,2,0.012655,0.156682,0.438332,0.031128,0.315065,0.023376,0.022761
2209_112_962_1068,0,5,0.084121,0.317709,0.056242,0.006298,0.099927,0.427313,0.00839
2209_112_353_488,5,1,0.066011,0.395247,0.124803,0.039763,0.14416,0.200048,0.029968
2209_111_31_103,1,1,0.208265,0.495379,0.127889,0.013205,0.130394,0.020556,0.004312
2209_112_1834_1926,3,1,0.057836,0.61909,0.103624,0.03149,0.120318,0.013494,0.054148
2209_112_712_765,5,1,0.344412,0.397638,0.031381,0.009102,0.038002,0.170408,0.009058
2209_111_1947_2018,2,2,0.003274,0.044984,0.514302,0.012677,0.412166,0.002483,0.010114
2211_111_31_215,1,4,0.011455,0.096267,0.194848,0.074468,0.548443,0.023151,0.051367
2211_111_839_1316,5,1,0.030657,0.53708,0.193681,0.009417,0.047439,0.173399,0.008327
2211_112_2031_2083,2,1,0.110186,0.372702,0.045736,0.096231,0.062315,0.050144,0.262686
2211_111_1643_1825,1,1,0.02147,0.331862,0.2676,0.026887,0.309191,0.023606,0.019384
2211_112_240_357,3,5,0.021621,0.054693,0.053199,0.151919,0.052228,0.642268,0.024072
2211_111_1451_1497,6,1,0.020627,0.248919,0.233867,0.186534,0.199123,0.012275,0.098655
2211_112_1342_1437,5,5,0.0042,0.038708,0.015166,0.010565,0.038642,0.879779,0.012941
2211_112_519_601,5,5,0.037884,0.179954,0.053253,0.049595,0.108135,0.52594,0.045239
2211_111_612_761,1,1,0.060931,0.632231,0.103063,0.0346,0.060716,0.065734,0.042727
2211_111_378_493,1,1,0.047692,0.625483,0.119417,0.002723,0.19446,0.005447,0.004778
2211_112_1526_1634,5,5,0.048322,0.198406,0.078271,0.030352,0.207217,0.230935,0.206497
2211_112_778_823,5,5,0.007062,0.059033,0.057806,0.007814,0.023248,0.803374,0.041663
2211_112_1831_1915,5,6,0.032267,0.202787,0.063631,0.049864,0.215849,0.040588,0.395014
2211_111_1926_2025,1,1,0.027532,0.582307,0.149521,0.006768,0.216009,0.005294,0.012568
2415_121_84_222,0,1,0.145053,0.77812,0.020729,0.008938,0.036082,0.005707,0.005372
2415_122_1240_1609,0,0,0.708669,0.205693,0.025951,0.002156,0.038465,0.012876,0.00619
2415_121_1024_1225,1,1,0.186728,0.455174,0.194183,0.043106,0.0754,0.030044,0.015366
2415_122_1666_1953,0,0,0.658996,0.200296,0.046187,0.002694,0.064897,0.01363,0.0133
2415_122_227_498,0,0,0.716007,0.248386,0.009781,0.001055,0.016674,0.005153,0.002945
2415_122_710_1013,0,0,0.748173,0.16144,0.037836,0.001972,0.038047,0.009466,0.003066
2415_122_558_638,0,0,0.630615,0.269274,0.038044,0.002013,0.044491,0.01154,0.004024
2415_122_31_59,0,5,0.218325,0.143898,0.186179,0.006947,0.042916,0.360274,0.041461
2415_121_656_696,2,4,0.028301,0.131828,0.403845,0.002364,0.427329,0.001649,0.004685
2415_121_1619_1645,1,2,0.024348,0.214459,0.395883,0.066463,0.1729,0.024582,0.101364
2415_121_512_543,2,1,0.028266,0.319323,0.278687,0.013653,0.304581,0.008779,0.046711
2415_121_1977_2006,1,2,0.013564,0.07175,0.762271,0.03056,0.085267,0.01784,0.018749
2427_122_31_233,1,5,0.128706,0.174025,0.234833,0.015139,0.08666,0.346795,0.01384
2427_122_1244_1312,1,1,0.248308,0.620948,0.064777,0.006582,0.037077,0.008213,0.014094
2427_121_1083_1224,4,1,0.163019,0.425248,0.185971,0.09532,0.071604,0.031204,0.027636
2427_122_1538_1739,4,4,0.120845,0.279399,0.091704,0.005487,0.493922,0.004295,0.004348
2427_121_1348_1495,4,1,0.434415,0.474596,0.024482,0.02154,0.029978,0.010234,0.004755
2427_121_681_945,4,1,0.107813,0.681905,0.035045,0.033581,0.115494,0.013688,0.012474
2427_122_370_666,1,1,0.220831,0.368708,0.139284,0.044501,0.153164,0.034219,0.039293
2427_121_1753_1796,4,4,0.019846,0.210663,0.141951,0.002271,0.606336,0.002076,0.016857
2427_121_278_340,4,3,0.031857,0.21482,0.2017,0.266396,0.166938,0.018885,0.099404
2427_122_973_1069,1,1,0.11776,0.389916,0.306174,0.037465,0.069746,0.05258,0.02636
2424_122_31_210,1,1,0.374445,0.484658,0.029671,0.006902,0.079835,0.009311,0.015179
2424_121_1092_1446,3,3,0.009586,0.014122,0.04505,0.892381,0.015872,0.008101,0.014888
2424_121_220_435,1,3,0.022579,0.116798,0.123079,0.585911,0.114246,0.025295,0.012091
2424_122_1453_1572,3,3,0.078177,0.216331,0.165812,0.350129,0.053487,0.075551,0.060514
2424_121_836_993,6,3,0.016251,0.064354,0.095893,0.684394,0.062213,0.014957,0.061938
2424_122_1006_1082,1,2,0.067407,0.330948,0.360354,0.015872,0.057078,0.157405,0.010936
2424_122_445_486,1,1,0.280926,0.362654,0.061176,0.033117,0.042796,0.044508,0.174823
2424_122_600_636,1,1,0.220254,0.404612,0.055816,0.006767,0.026412,0.229833,0.056305
2424_122_720_827,1,1,0.37106,0.39229,0.048093,0.013487,0.066594,0.06947,0.039006
2424_121_642_709,3,3,0.014428,0.010639,0.040436,0.883576,0.008191,0.016414,0.026316
2424_121_495_589,3,3,0.00799,0.004671,0.020267,0.922643,0.016021,0.013721,0.014686
2425_122_31_176,1,1,0.361334,0.41273,0.070766,0.010781,0.039417,0.099014,0.005958
2425_122_1251_1312,1,1,0.149184,0.482866,0.149727,0.003688,0.105217,0.031661,0.077657
2425_121_1031_1237,4,2,0.019726,0.049791,0.570483,0.070748,0.255928,0.013136,0.020188
2425_121_184_278,4,2,0.013643,0.106089,0.700033,0.018564,0.146681,0.007929,0.007061
2425_122_1420_1619,1,0,0.557074,0.391696,0.015201,0.002358,0.02339,0.005993,0.004287
2425_121_880_942,4,4,0.017234,0.067575,0.407918,0.001762,0.494956,0.002098,0.008457
2425_121_1321_1402,5,2,0.045472,0.066092,0.611709,0.149213,0.056229,0.064247,0.007037
2425_122_510_595,5,1,0.070709,0.43503,0.081157,0.010797,0.028228,0.319254,0.054825
2425_122_289_368,5,5,0.01977,0.054053,0.256207,0.004447,0.047994,0.609314,0.008215
2425_121_602_728,4,2,0.010647,0.062343,0.462441,0.00883,0.446542,0.005716,0.00348
2425_121_376_476,4,4,0.013825,0.082783,0.339039,0.014266,0.508,0.007085,0.035001
2425_122_742_868,0,0,0.627576,0.311071,0.0147,0.00305,0.015884,0.011826,0.015893
2425_122_953_1019,5,1,0.135049,0.676544,0.039192,0.009052,0.027798,0.039375,0.072991
2432_121_31_295,4,4,0.016133,0.055261,0.263638,0.230433,0.30372,0.03306,0.097756
2432_122_1213_1601,4,4,0.067747,0.338101,0.161937,0.018609,0.368447,0.025633,0.019524
2432_121_913_1186,4,1,0.108813,0.491144,0.12722,0.0508,0.186555,0.021508,0.01396
2432_121_1654_1743,4,1,0.073811,0.327465,0.067962,0.030675,0.303719,0.087746,0.108623
2432_122_1770_1911,4,4,0.057008,0.176138,0.254139,0.063343,0.374778,0.031926,0.042668
2432_122_321_402,4,4,0.025447,0.108287,0.313065,0.001631,0.534023,0.008577,0.008971
2432_121_620_728,4,1,0.083683,0.497354,0.183847,0.020813,0.152444,0.02713,0.034731
2432_121_427_485,4,2,0.015896,0.064376,0.595103,0.005693,0.273102,0.017803,0.028026
2432_122_760_879,4,4,0.027923,0.16973,0.204758,0.011294,0.499042,0.010246,0.077008
2432_122_516_587,4,2,0.017256,0.089163,0.640101,0.002408,0.238999,0.00784,0.004234
2438_121_31_166,0,1,0.052342,0.450502,0.070179,0.143685,0.141224,0.026776,0.115292
2438_121_1108_1379,2,2,0.020255,0.06812,0.785819,0.008235,0.10028,0.009924,0.007366
2438_122_1533_1710,0,0,0.459149,0.435981,0.038002,0.005599,0.036728,0.013042,0.011498
2438_122_187_272,5,0,0.268861,0.249246,0.158103,0.012527,0.061958,0.222245,0.02706
2438_122_1389_1486,0,1,0.287451,0.49978,0.092584,0.007486,0.04741,0.053893,0.011396
2438_121_855_946,3,1,0.092628,0.33047,0.108186,0.187199,0.096448,0.063445,0.121625
2438_121_296_608,1,1,0.068784,0.415413,0.115644,0.044289,0.284977,0.026397,0.044495
2438_122_626_844,1,2,0.020237,0.114105,0.473572,0.007963,0.043078,0.328428,0.012617
2438_122_964_1087,5,1,0.229424,0.455118,0.096369,0.007858,0.063072,0.118764,0.029395
2438_121_1500_1520,5,5,0.023465,0.154875,0.10309,0.010046,0.036518,0.496764,0.175241
3043_153_1128_1386,1,1,0.148525,0.30116,0.093692,0.018817,0.29826,0.0237,0.115846
3043_153_165_274,0,5,0.117909,0.120397,0.106685,0.038021,0.269178,0.315598,0.032213
3043_154_1399_1470,2,2,0.055009,0.083669,0.295363,0.145305,0.054125,0.146906,0.219624
3043_154_503_610,2,2,0.003513,0.007051,0.593293,0.008983,0.356906,0.01494,0.015314
3043_154_299_397,2,2,0.003396,0.014069,0.931366,0.002191,0.02825,0.010182,0.010545
3043_153_636_755,1,2,0.066143,0.228728,0.252456,0.05272,0.183773,0.192909,0.023272
3043_154_1014_1090,2,6,0.04494,0.118625,0.171622,0.131158,0.07224,0.036254,0.42516
3043_153_402_482,0,0,0.776598,0.146132,0.014477,0.00515,0.011684,0.040245,0.005713
3043_154_31_114,5,2,0.008327,0.032791,0.723752,0.023348,0.163258,0.033962,0.014561
3043_153_1507_1567,1,1,0.215769,0.432498,0.103531,0.042077,0.111749,0.023525,0.070852
3043_154_767_852,2,4,0.059163,0.184686,0.165109,0.032034,0.352173,0.054621,0.152215
3043_154_1567_1671,2,2,0.002458,0.016292,0.880563,0.014552,0.073351,0.00666,0.006123
3052_154_95_183,2,2,0.008377,0.02413,0.778689,0.011329,0.07501,0.016175,0.08629
3052_154_1132_1206,2,6,0.031169,0.095411,0.091385,0.23746,0.054042,0.037423,0.45311
3052_153_1569_1717,0,3,0.009855,0.006243,0.015225,0.864935,0.008492,0.020418,0.074833
3052_153_1813_1837,1,3,0.017428,0.036313,0.028029,0.623278,0.031201,0.010243,0.253508
3052_154_1727_1801,3,5,0.08494,0.041937,0.027592,0.163363,0.015209,0.630793,0.036167
3052_153_1335_1483,6,3,0.009776,0.011499,0.010076,0.868255,0.008817,0.030057,0.061521
3052_153_943_1127,3,3,0.035712,0.059134,0.017648,0.432858,0.034527,0.331624,0.088497
3052_153_31_82,3,3,0.012811,0.009889,0.026546,0.740679,0.012231,0.014826,0.183018
3052_154_1497_1540,1,4,0.019829,0.170014,0.275416,0.019489,0.396738,0.033274,0.08524
3052_154_776_888,1,6,0.007853,0.117413,0.119046,0.106672,0.106236,0.020683,0.522098
3052_154_383_433,4,4,0.027681,0.222512,0.178265,0.037283,0.416046,0.036188,0.082024
3052_154_258_321,3,6,0.038221,0.087305,0.209407,0.17484,0.07117,0.021444,0.397613
3059_153_90_235,4,3,0.01227,0.028049,0.040819,0.431767,0.240597,0.027948,0.218549
3059_154_1215_1324,4,3,0.017232,0.028887,0.095142,0.352779,0.218976,0.031753,0.255232
3059_153_1993_2056,5,1,0.069569,0.23341,0.107366,0.033831,0.176992,0.16392,0.214912
3059_153_1113_1198,6,3,0.02933,0.115254,0.050422,0.46252,0.207564,0.045643,0.089267
3059_153_1665_1699,6,4,0.026356,0.089627,0.049374,0.065352,0.575692,0.025304,0.168296
3059_154_247_317,6,6,0.026524,0.081263,0.014401,0.227904,0.020495,0.015079,0.614334
3059_154_1701_1960,4,1,0.032763,0.263804,0.202361,0.059055,0.143571,0.171332,0.127114
3059_154_1383_1653,4,4,0.008872,0.041957,0.083355,0.015857,0.779337,0.005363,0.065259
3059_154_886_937,4,6,0.030973,0.045695,0.010756,0.187901,0.021452,0.019384,0.683838
3059_153_1344_1362,4,5,0.025177,0.091909,0.047115,0.093851,0.050269,0.363111,0.328567
3059_154_475_808,3,4,0.027533,0.105104,0.144657,0.177327,0.454498,0.03541,0.055472
3059_153_332_475,5,3,0.020117,0.061513,0.031908,0.43758,0.24344,0.070272,0.13517
3059_154_1031_1097,4,4,0.00738,0.011775,0.123799,0.057359,0.739005,0.019756,0.040925
3059_154_31_86,1,6,0.008255,0.019572,0.009391,0.183675,0.025614,0.045743,0.70775
3059_153_825_885,4,6,0.050369,0.111614,0.124787,0.060752,0.13212,0.137321,0.383039
3059_153_953_984,6,4,0.044771,0.180427,0.127884,0.12253,0.229151,0.150498,0.144739
3058_154_31_144,6,0,0.294581,0.242088,0.032079,0.151861,0.017094,0.024473,0.237824
3058_153_1169_1353,4,1,0.154431,0.453164,0.250004,0.021009,0.073025,0.038178,0.01019
3058_153_1927_2088,4,2,0.248677,0.25457,0.298634,0.08059,0.071892,0.026593,0.019044
3058_153_1629_1787,4,2,0.039679,0.166851,0.356104,0.002425,0.109779,0.313275,0.011887
3058_154_253_298,6,6,0.181116,0.24105,0.038589,0.072811,0.032167,0.013887,0.420381
3058_154_1822_1901,3,4,0.072477,0.33344,0.110238,0.042493,0.406837,0.009322,0.025192
3058_154_1385_1491,6,0,0.283989,0.267442,0.09604,0.059307,0.128252,0.102119,0.062851
3058_154_860_965,3,3,0.029857,0.127116,0.164777,0.403454,0.025645,0.211166,0.037985
3058_153_2286_2361,4,3,0.014731,0.118487,0.037745,0.509224,0.116431,0.034804,0.168579
3058_153_636_685,4,1,0.344551,0.497838,0.049179,0.009768,0.066101,0.021238,0.011326
3058_153_965_1049,4,0,0.593719,0.288152,0.02298,0.028139,0.016504,0.032733,0.017773
3058_153_787_850,4,1,0.094286,0.282981,0.149453,0.058134,0.06609,0.263869,0.085187
3058_154_2123_2196,3,1,0.306405,0.378547,0.040264,0.174576,0.036307,0.01565,0.048251
3058_154_705_743,6,5,0.128771,0.135866,0.035763,0.06851,0.017136,0.477176,0.136779
3058_154_1049_1085,3,3,0.010937,0.019699,0.015616,0.865751,0.008616,0.042982,0.0364
3058_153_213_253,1,6,0.034792,0.236311,0.071304,0.01583,0.176163,0.023223,0.442377
3058_154_536_566,5,5,0.017044,0.057753,0.049799,0.004985,0.035955,0.803525,0.030939
3062_153_107_178,5,5,0.008669,0.023581,0.019537,0.151891,0.014527,0.728929,0.052865
3062_153_1195_1347,1,1,0.111547,0.40613,0.12477,0.10015,0.171161,0.031394,0.054847
3062_154_1939_2061,3,0,0.383927,0.091647,0.051482,0.196959,0.025829,0.180591,0.069564
3062_154_1143_1187,5,5,0.047056,0.061223,0.028232,0.022286,0.018298,0.780246,0.04266
3062_154_1558_1759,3,6,0.012067,0.041916,0.013855,0.318628,0.061027,0.018074,0.534434
3062_153_224_285,4,3,0.137592,0.15364,0.011522,0.437878,0.058362,0.082125,0.118882
3062_153_1768_1937,5,3,0.03207,0.07207,0.01403,0.695207,0.028948,0.016462,0.141214
3062_154_899_963,3,3,0.020059,0.070418,0.038228,0.575923,0.018178,0.085361,0.191832
3062_154_1347_1446,4,3,0.036747,0.043201,0.045875,0.61361,0.014709,0.112695,0.133164
3062_153_2061_2134,1,3,0.284279,0.186685,0.023908,0.304902,0.03815,0.140208,0.021869
3062_154_178_199,3,6,0.014413,0.085377,0.035997,0.213493,0.03362,0.088418,0.528682
3062_153_964_1126,3,5,0.016401,0.04363,0.033029,0.288872,0.019499,0.562158,0.036412
3062_154_285_355,3,3,0.034738,0.030663,0.00997,0.824998,0.012224,0.020748,0.06666
3062_154_600_719,3,6,0.026183,0.08621,0.021841,0.168317,0.126929,0.013131,0.557389
3062_154_452_485,3,3,0.008052,0.006415,0.01078,0.75858,0.007168,0.179498,0.029507
3062_154_31_98,3,3,0.019578,0.06289,0.02389,0.634588,0.017528,0.031459,0.210068
3062_153_402_447,3,3,0.012994,0.015607,0.014707,0.847494,0.013546,0.02414,0.071512
3062_153_1482_1543,3,3,0.00538,0.005091,0.006949,0.91746,0.013477,0.014667,0.036975
3062_153_736_899,5,3,0.00686,0.012141,0.018158,0.78339,0.031336,0.052885,0.09523
3062_153_519_588,5,3,0.046763,0.068678,0.037945,0.485168,0.05324,0.059383,0.248822
3069_154_31_128,1,6,0.012751,0.047722,0.070162,0.008033,0.044628,0.070171,0.746533
3069_153_1296_1326,3,3,0.077095,0.139667,0.018819,0.58983,0.021958,0.026262,0.126369
3069_154_1157_1259,0,0,0.331536,0.303313,0.014303,0.08002,0.025419,0.024958,0.22045
3069_153_1641_1707,4,1,0.188321,0.453261,0.03434,0.218037,0.037942,0.027776,0.040324
3069_154_219_291,1,1,0.019514,0.506167,0.174796,0.012812,0.078072,0.04897,0.159669
3069_153_1454_1523,1,0,0.5448,0.352033,0.011134,0.018928,0.015095,0.037958,0.020051
3069_154_888_932,3,5,0.041409,0.089582,0.107138,0.041619,0.061382,0.538281,0.120588
3069_153_1126_1157,5,5,0.021064,0.057095,0.019027,0.069738,0.018261,0.772662,0.042153
3069_153_167_185,5,5,0.031572,0.035253,0.022189,0.024597,0.011014,0.635682,0.239693
3069_154_634_730,1,1,0.195232,0.473809,0.057615,0.081618,0.039777,0.084245,0.067704
3069_154_995_1041,3,0,0.544319,0.305007,0.014638,0.030313,0.016632,0.012699,0.076391
3069_154_471_548,6,3,0.018319,0.050438,0.012281,0.524845,0.009958,0.027606,0.356553
3069_153_342_447,1,1,0.30367,0.389794,0.02791,0.040187,0.034635,0.054864,0.14894
3069_153_811_872,1,4,0.025548,0.111416,0.032954,0.14922,0.433168,0.057522,0.19017
3069_154_1384_1422,1,1,0.38865,0.420803,0.019871,0.020374,0.086751,0.007549,0.056002
3069_154_1548_1585,1,1,0.173168,0.404482,0.087311,0.027969,0.234815,0.036351,0.035904
3069_153_564_580,5,5,0.045711,0.048712,0.063089,0.083781,0.032797,0.468408,0.257502
3069_153_961_979,5,4,0.049413,0.191207,0.138828,0.053107,0.349098,0.117042,0.101305
3329_168_124_241,0,1,0.161407,0.441879,0.059403,0.026072,0.188152,0.056276,0.066811
3329_167_1262_1396,4,1,0.237309,0.361721,0.024581,0.131746,0.044501,0.147791,0.052351
3329_168_1154_1216,3,1,0.225863,0.358349,0.035569,0.203552,0.059344,0.071197,0.046126
3329_167_1631_1878,4,1,0.107508,0.450285,0.101868,0.010906,0.280985,0.024492,0.023956
3329_168_1421_1597,0,1,0.304454,0.526352,0.023303,0.008432,0.116875,0.008658,0.011925
3329_168_856_992,1,1,0.060918,0.412587,0.126778,0.109324,0.020068,0.200616,0.06971
3329_168_542_596,1,3,0.079942,0.100892,0.228267,0.383754,0.064838,0.104919,0.037389
3329_167_1026_1132,4,1,0.301795,0.608768,0.013921,0.009598,0.041513,0.011405,0.012998
3329_167_260_518,1,4,0.0647,0.304334,0.055314,0.00681,0.553721,0.00748,0.00764
3329_167_616_837,0,1,0.386288,0.49688,0.019275,0.008093,0.061533,0.015527,0.012406
3329_167_31_78,3,3,0.021788,0.096032,0.165862,0.32029,0.089625,0.027433,0.278971
3329_168_1906_2033,0,1,0.280946,0.525469,0.034319,0.013506,0.084838,0.037728,0.023194
3325_167_2240_2492,4,4,0.025714,0.057274,0.291624,0.032596,0.556231,0.012764,0.023797
3325_168_126_204,1,2,0.00621,0.011966,0.640668,0.012953,0.29091,0.004731,0.032562
3325_168_1269_1318,1,6,0.032775,0.103285,0.01697,0.156628,0.025531,0.0211,0.643711
3325_167_1948_2151,0,0,0.790708,0.166927,0.006049,0.004592,0.008428,0.020135,0.003161
3325_167_1048_1268,5,5,0.037644,0.101155,0.054028,0.040291,0.049335,0.691147,0.026401
3325_167_1340_1811,3,3,0.052649,0.214638,0.060801,0.358365,0.034045,0.168041,0.111462
3325_167_221_537,5,4,0.116148,0.31446,0.083186,0.044689,0.369822,0.040424,0.031271
3325_167_941_971,1,6,0.054318,0.165255,0.121178,0.104942,0.125822,0.111177,0.317308
3325_168_558_627,1,6,0.018254,0.10146,0.039773,0.076295,0.068684,0.02326,0.672272
3325_167_31_58,3,6,0.02333,0.079888,0.029725,0.207013,0.034818,0.055137,0.57009
3325_168_2495_2568,1,1,0.242776,0.545373,0.030031,0.023785,0.113856,0.00614,0.038039
3325_167_665_861,0,1,0.285403,0.415401,0.048851,0.026363,0.169557,0.031118,0.023307
3325_168_1831_1935,0,1,0.213448,0.499773,0.02056,0.036279,0.07591,0.029126,0.124904
3325_168_992_1006,1,6,0.036998,0.125653,0.015311,0.034159,0.019683,0.09167,0.676526
3325_168_2163_2201,0,6,0.123963,0.214948,0.032249,0.160488,0.018376,0.135188,0.314788
3325_168_894_914,1,6,0.054485,0.075006,0.034285,0.033911,0.041729,0.102887,0.657695
3339_168_1198_1230,4,6,0.055464,0.233494,0.034076,0.229759,0.159663,0.011074,0.276471
3339_167_1110_1163,3,3,0.024005,0.073913,0.064402,0.365757,0.032396,0.250786,0.188742
3339_167_31_95,4,4,0.007571,0.028452,0.130365,0.00563,0.734325,0.020346,0.07331
3339_167_752_798,3,3,0.019884,0.025508,0.011397,0.628814,0.011506,0.010965,0.291926
3339_167_200_451,3,5,0.028732,0.145065,0.203467,0.058866,0.176825,0.32758,0.059464
3339_167_1017_1027,3,3,0.024535,0.027182,0.030281,0.545906,0.0488,0.069263,0.254034
3339_168_673_718,3,6,0.014404,0.05159,0.032979,0.146304,0.027189,0.042392,0.685142
3339_168_136_184,4,6,0.03473,0.221724,0.116811,0.146611,0.079527,0.113308,0.287289
3339_168_929_950,1,6,0.038881,0.158546,0.025657,0.16985,0.032603,0.086964,0.487499
3339_167_527_644,3,6,0.035065,0.148899,0.062475,0.313026,0.032285,0.053927,0.354324
3339_168_818_832,3,3,0.025089,0.062573,0.021438,0.519552,0.109255,0.006747,0.255347
3339_168_473_499,3,5,0.012774,0.109893,0.162072,0.02721,0.132508,0.31486,0.240683
3339_167_879_905,3,3,0.041676,0.037208,0.013718,0.634582,0.017919,0.03895,0.215948
3339_168_1064_1082,3,1,0.079269,0.615032,0.037607,0.066145,0.062879,0.009755,0.129313
3336_167_1247_1322,4,4,0.003825,0.017051,0.055243,0.001658,0.918299,0.000697,0.003227
3336_168_1987_2122,1,0,0.459475,0.435973,0.017737,0.009893,0.036167,0.011914,0.028842
3336_168_1014_1237,1,1,0.082655,0.485776,0.066736,0.102038,0.203444,0.032653,0.026698
3336_167_1668_1699,5,5,0.01086,0.046917,0.03414,0.011618,0.00661,0.601751,0.288103
3336_168_222_283,1,5,0.039719,0.076189,0.097926,0.044304,0.015934,0.630667,0.095262
3336_168_1713_1874,1,4,0.060551,0.385912,0.038446,0.017406,0.450557,0.008142,0.038987
3336_168_1357_1536,0,1,0.28386,0.581629,0.028257,0.006791,0.070302,0.007017,0.022143
3336_167_2198_2227,1,4,0.034608,0.155799,0.146032,0.023115,0.354868,0.006643,0.278934
3336_167_31_124,1,4,0.001459,0.005163,0.078336,0.000204,0.913594,0.00036,0.000885
3336_167_914_1007,1,4,0.004844,0.062677,0.114179,0.000861,0.80148,0.001305,0.014653
3336_168_517_727,1,3,0.026584,0.099994,0.151539,0.23211,0.125328,0.231644,0.132801
3336_167_310_504,1,4,0.010097,0.063953,0.271347,0.000908,0.646546,0.002145,0.005004
3336_167_745_830,1,4,0.019085,0.160659,0.114633,0.001894,0.666983,0.006246,0.030501
3336_168_1604_1662,6,1,0.139187,0.406582,0.053849,0.139132,0.088424,0.010118,0.162709
3336_167_1558_1589,2,4,0.046199,0.139039,0.171172,0.068976,0.354667,0.013625,0.206321
3336_168_852_896,1,6,0.041125,0.086613,0.176579,0.144639,0.131135,0.098867,0.321042
3336_167_1931_1965,5,5,0.119297,0.174819,0.029757,0.003199,0.020491,0.632697,0.019741
3353_168_31_135,3,6,0.028696,0.104212,0.013242,0.119722,0.028296,0.051042,0.65479
3353_167_685_812,3,1,0.064485,0.433226,0.061201,0.208945,0.094911,0.028939,0.108293
3353_168_845_1035,3,3,0.006528,0.00802,0.037566,0.757916,0.023536,0.01497,0.151464
3353_168_202_258,3,6,0.015774,0.08471,0.056671,0.351364,0.055537,0.064644,0.3713
3353_167_415_447,3,3,0.076475,0.177268,0.03671,0.323212,0.076943,0.048197,0.261196
3353_168_618_670,3,3,0.015111,0.013911,0.040533,0.829355,0.020339,0.030204,0.050547
3353_167_584_601,3,6,0.058656,0.07373,0.068347,0.113134,0.022628,0.274007,0.389499
3353_168_326_406,3,6,0.014648,0.196018,0.247744,0.041915,0.173095,0.054576,0.272003
3353_167_273_311,5,1,0.098113,0.332694,0.066113,0.187939,0.176224,0.048526,0.09039
3353_167_156_172,5,1,0.114809,0.278383,0.172293,0.061239,0.115489,0.130244,0.127544
3353_168_501_508,5,5,0.033147,0.077413,0.062965,0.167758,0.059842,0.381063,0.217811
3354_168_31_161,0,4,0.093825,0.272503,0.143934,0.026798,0.42751,0.02015,0.015281
3354_168_1102_1373,0,1,0.329159,0.405406,0.021408,0.018759,0.06472,0.139621,0.020927
3354_168_242_461,0,1,0.130693,0.379857,0.152677,0.026824,0.145924,0.112092,0.051934
3354_168_2698_3134,1,4,0.019565,0.07466,0.042607,0.046505,0.743715,0.010895,0.062052
3354_167_3148_3173,3,3,0.024325,0.045316,0.031913,0.674517,0.018974,0.061214,0.143742
3354_167_2517_2641,4,4,0.009618,0.02238,0.141925,0.006635,0.750856,0.004035,0.064551
3354_168_2204_2488,1,4,0.017325,0.118203,0.028405,0.044036,0.692649,0.007427,0.091954
3354_167_920_929,4,4,0.014129,0.065301,0.023869,0.013879,0.449901,0.007743,0.425178
3354_167_1924_2096,0,4,0.086194,0.224648,0.109786,0.034202,0.508118,0.019913,0.017141
3354_167_175_183,2,2,0.032762,0.063089,0.370511,0.081668,0.229946,0.022301,0.199723
3354_168_1644_1900,1,4,0.141205,0.308603,0.102896,0.021451,0.333226,0.051242,0.041376
3354_167_625_648,1,2,0.013512,0.04463,0.59168,0.006215,0.135005,0.195972,0.012986
3354_167_1464_1576,4,4,0.006729,0.018674,0.118304,0.008193,0.794597,0.009003,0.0445
3354_168_688_774,0,1,0.355203,0.474497,0.042308,0.006027,0.066218,0.022233,0.033514
3354_168_533_587,0,1,0.127131,0.337967,0.035374,0.029086,0.242809,0.021446,0.206187
3354_167_491_519,2,4,0.012139,0.066518,0.377591,0.004863,0.468855,0.008451,0.061583
3354_167_800_838,2,4,0.018297,0.089494,0.256433,0.009024,0.589431,0.008083,0.029239
3354_168_856_872,0,5,0.159369,0.153534,0.032003,0.020245,0.029597,0.518409,0.086843
3922_197_31_156,3,3,0.02268,0.028719,0.018603,0.818635,0.010419,0.011871,0.089073
3922_198_1588_1791,1,1,0.165646,0.519148,0.08434,0.042926,0.038011,0.024651,0.125279
3922_198_164_284,3,3,0.007223,0.008447,0.006778,0.838208,0.011426,0.008751,0.119166
3922_197_1413_1574,1,0,0.596891,0.310807,0.030812,0.003732,0.02717,0.01329,0.017298
3922_198_933_1145,1,5,0.027537,0.095191,0.119556,0.152257,0.034712,0.453982,0.116766
3922_198_1308_1405,1,6,0.025794,0.313236,0.077684,0.020722,0.192573,0.026494,0.343497
3922_197_590_714,3,3,0.036483,0.151856,0.02048,0.69504,0.012827,0.076989,0.006324
3922_197_307_393,3,3,0.03698,0.041483,0.01842,0.765619,0.010318,0.01331,0.11387
3922_198_414_587,3,3,0.020795,0.077152,0.013439,0.676877,0.015292,0.032296,0.164149
3922_197_1223_1290,5,5,0.065537,0.361622,0.088558,0.007431,0.013492,0.388652,0.074709
3922_197_788_848,3,3,0.054011,0.06293,0.07221,0.559335,0.03949,0.135843,0.076181
3922_197_1839_2030,1,1,0.243851,0.432782,0.048344,0.080668,0.032179,0.0852,0.076977
3922_198_751_783,3,3,0.024474,0.019596,0.009559,0.561741,0.00594,0.014637,0.364052
3921_197_31_139,1,1,0.093156,0.32397,0.200908,0.002926,0.071196,0.077092,0.230752
3921_197_1142_1369,0,0,0.901638,0.062304,0.007196,0.00379,0.006591,0.013903,0.004577
3921_197_1615_1705,0,0,0.649474,0.227158,0.041488,0.007883,0.019404,0.030726,0.023867
3921_197_210_278,0,1,0.432788,0.473412,0.022808,0.003952,0.027074,0.033606,0.006362
3921_198_1716_1812,1,0,0.694247,0.236201,0.010339,0.015793,0.008742,0.026171,0.008507
3921_198_1376_1614,0,0,0.815997,0.1502,0.008607,0.003931,0.00741,0.005074,0.008782
3921_197_874_1011,0,0,0.520186,0.412513,0.017316,0.012493,0.013844,0.011011,0.012637
3921_198_539_625,1,1,0.355842,0.368823,0.069448,0.012126,0.046718,0.046282,0.100761
3921_198_148_193,1,1,0.13755,0.592563,0.045414,0.016273,0.137661,0.012575,0.057963
3921_198_1040_1138,1,0,0.356444,0.328929,0.046094,0.088001,0.027507,0.04378,0.109244
3921_198_296_387,1,1,0.35053,0.513361,0.026302,0.007736,0.041923,0.006896,0.053251
3921_197_630_724,1,0,0.651609,0.292042,0.018337,0.00338,0.020378,0.008714,0.005539
3921_197_396_539,0,0,0.671831,0.239292,0.02674,0.006012,0.02375,0.01378,0.018595
3921_198_743_870,1,0,0.674435,0.245299,0.00603,0.010115,0.008517,0.036581,0.019023
3930_198_110_225,6,3,0.008152,0.013712,0.078381,0.424884,0.036592,0.088907,0.349372
3930_198_1199_1316,6,6,0.019805,0.091072,0.2496,0.107599,0.10446,0.103888,0.323576
3930_197_1623_1732,4,4,0.003811,0.022478,0.431075,0.013643,0.491869,0.009673,0.02745
3930_197_246_385,1,4,0.015128,0.27101,0.113779,0.03475,0.314066,0.005048,0.24622
3930_198_1411_1584,1,5,0.040786,0.106973,0.061701,0.065052,0.036065,0.571143,0.11828
3930_198_940_992,6,6,0.032547,0.071654,0.036866,0.053488,0.012557,0.086731,0.706157
3930_198_577_789,3,3,0.007294,0.023939,0.043241,0.712641,0.019136,0.091318,0.102431
3930_197_1013_1142,6,6,0.019703,0.307307,0.083763,0.037712,0.224131,0.016396,0.310989
3930_197_1328_1346,6,6,0.017764,0.081542,0.039535,0.329007,0.076941,0.007255,0.447955
3930_197_475_547,5,5,0.017074,0.078195,0.194151,0.019111,0.059596,0.577193,0.05468
3930_197_31_104,6,6,0.008367,0.092581,0.090544,0.063716,0.108968,0.021833,0.613992
3930_198_399_470,3,5,0.016748,0.035211,0.092884,0.226415,0.057703,0.487906,0.083132
3930_197_792_908,4,4,0.018832,0.376195,0.060506,0.025173,0.449077,0.005414,0.064802
3930_198_1768_1784,1,4,0.055009,0.187552,0.181724,0.031134,0.373194,0.075205,0.096181
3932_197_31_210,2,5,0.095498,0.235592,0.231346,0.014678,0.054808,0.303147,0.064931
3932_197_2035_2211,4,1,0.307151,0.493325,0.021957,0.013164,0.143949,0.010346,0.010108
3932_198_1149_1260,1,4,0.026318,0.18948,0.109804,0.026593,0.423322,0.072615,0.151869
3932_197_1605_1924,2,4,0.032325,0.258482,0.220582,0.042578,0.331873,0.012578,0.101582
3932_198_233_400,6,4,0.035044,0.186745,0.080298,0.039526,0.407217,0.100732,0.150437
3932_198_1440_1587,2,4,0.023718,0.145295,0.21455,0.003749,0.558468,0.017224,0.036995
3932_197_749_942,2,1,0.041496,0.486315,0.083333,0.009977,0.324693,0.008114,0.046072
3932_198_950_1080,1,1,0.217594,0.537917,0.038375,0.043346,0.067055,0.015185,0.080528
3932_197_1313_1423,1,1,0.049023,0.435993,0.073358,0.033506,0.234233,0.015958,0.157929
3932_198_562_721,6,1,0.054895,0.315717,0.086031,0.043508,0.313728,0.056847,0.129275
3932_197_1088_1127,0,1,0.285229,0.510959,0.047955,0.018147,0.072368,0.013394,0.051947
3932_197_415_543,0,1,0.049005,0.384126,0.224178,0.009148,0.244781,0.0301,0.058662
3932_198_1954_2022,4,4,0.009232,0.024327,0.102988,0.032408,0.78262,0.007619,0.040804
3935_198_2489_2573,5,0,0.692556,0.15095,0.009978,0.06307,0.011161,0.05758,0.014706
3935_198_96_128,3,6,0.046106,0.252769,0.01468,0.191276,0.040263,0.008437,0.446467
3935_197_1029_1498,1,3,0.065664,0.166397,0.10559,0.308122,0.06451,0.083102,0.206615
3935_197_179_275,1,1,0.386949,0.451578,0.035673,0.013039,0.06244,0.024997,0.025323
3935_197_2616_2871,5,5,0.120688,0.041579,0.025925,0.019039,0.013359,0.775915,0.003496
3935_197_3031_3206,0,4,0.216669,0.164783,0.255464,0.002204,0.31961,0.020043,0.021227
3935_197_680_935,5,2,0.079167,0.294305,0.312566,0.1127,0.078468,0.073813,0.048981
3935_198_2897_2975,3,2,0.151961,0.204092,0.282321,0.086362,0.116272,0.119228,0.039763
3935_198_1958_2255,5,2,0.030674,0.057395,0.593017,0.045663,0.04943,0.126032,0.097788
3935_197_1615_1931,6,5,0.121503,0.113789,0.058579,0.028243,0.055991,0.538826,0.083068
3935_198_575_679,1,5,0.092633,0.202326,0.178799,0.045007,0.111208,0.309163,0.060863
3935_198_1522_1562,1,1,0.111059,0.560973,0.032086,0.016476,0.038654,0.154341,0.08641
3935_198_956_1014,5,1,0.114115,0.377743,0.149785,0.057877,0.118895,0.021929,0.159656
3935_198_295_400,1,1,0.199219,0.373443,0.017707,0.147944,0.021707,0.189906,0.050075
3935_197_2309_2453,6,5,0.042295,0.069008,0.070531,0.059473,0.027492,0.678963,0.052239
3935_197_461_561,6,1,0.232368,0.618261,0.008733,0.079189,0.019834,0.012802,0.028812
3935_197_31_81,6,6,0.032176,0.239417,0.054036,0.09548,0.038901,0.064133,0.475856
3945_198_1269_1313,1,6,0.050646,0.155216,0.149624,0.021042,0.016951,0.205061,0.40146
3945_198_1589_1812,1,1,0.191193,0.475839,0.125615,0.008375,0.037845,0.062147,0.098987
3945_198_140_357,6,6,0.010557,0.061613,0.06016,0.03943,0.00908,0.030827,0.788332
3945_198_1407_1461,0,6,0.204332,0.222797,0.124163,0.006241,0.027117,0.10791,0.30744
3945_198_833_1178,6,6,0.018898,0.068315,0.104464,0.094125,0.019271,0.075399,0.619528
3945_197_1341_1353,5,5,0.01094,0.058567,0.050925,0.010896,0.025052,0.78512,0.0585
3945_198_479_731,6,6,0.014203,0.037163,0.023093,0.035058,0.01247,0.02678,0.851233
3945_197_380_454,6,2,0.013632,0.128976,0.392938,0.019094,0.09011,0.022224,0.333027
3945_197_1486_1535,5,5,0.010326,0.063283,0.076199,0.004867,0.024006,0.804435,0.016885
3945_197_1832_1911,4,2,0.01565,0.170024,0.388015,0.03818,0.279206,0.034053,0.074872
3945_197_1189_1198,6,6,0.018354,0.155862,0.137329,0.057304,0.18727,0.016321,0.42756
3945_197_745_798,6,4,0.015543,0.199527,0.270497,0.013702,0.337867,0.010644,0.15222
3945_198_1948_2022,0,1,0.117582,0.369383,0.066169,0.057919,0.082975,0.059782,0.24619
3945_197_100_109,3,6,0.024351,0.067332,0.100361,0.214403,0.209663,0.006296,0.377594
3945_198_31_36,1,6,0.034258,0.019279,0.007639,0.027675,0.003991,0.016637,0.890521
3946_197_31_198,3,5,0.048038,0.199885,0.159906,0.042785,0.026603,0.485366,0.037417
3946_198_1225_1331,3,1,0.077128,0.277663,0.062957,0.241607,0.134972,0.120829,0.084844
3946_197_1101_1196,4,4,0.059538,0.33541,0.040189,0.0283,0.455222,0.010027,0.071314
3946_198_219_360,3,1,0.075869,0.509899,0.080732,0.024495,0.163343,0.088629,0.057034
3946_197_1356_1472,5,1,0.280881,0.426237,0.094681,0.014097,0.053108,0.113968,0.017029
3946_198_909_1080,6,2,0.045319,0.179032,0.323408,0.032661,0.307634,0.059246,0.0527
3946_197_573_639,1,5,0.041962,0.24433,0.082909,0.039176,0.056257,0.271309,0.264057
3946_197_375_478,1,1,0.05086,0.544425,0.143412,0.028397,0.07343,0.052569,0.106907
3946_198_1510_1594,3,3,0.006444,0.007283,0.009761,0.532191,0.005942,0.43527,0.003109
3946_197_798_873,4,4,0.037068,0.23357,0.153346,0.036606,0.406073,0.016927,0.11641
3946_198_660_781,5,5,0.008188,0.034887,0.018934,0.212359,0.01058,0.70431,0.010742
3946_197_1620_1657,6,6,0.061168,0.184772,0.095389,0.027365,0.026594,0.280233,0.324479
3946_198_487_494,5,5,0.026073,0.093726,0.061144,0.015527,0.037218,0.697402,0.06891
3942_198_109_305,3,3,0.007523,0.023714,0.021853,0.620708,0.072699,0.040428,0.213077
3942_197_1292_1368,3,3,0.023702,0.18018,0.139498,0.365694,0.119734,0.029925,0.141268
3942_198_1163_1276,1,1,0.127498,0.689761,0.023476,0.063299,0.020748,0.051503,0.023714
3942_198_1819_1864,3,3,0.039385,0.08945,0.034525,0.370348,0.055523,0.17347,0.237299
3942_197_1699_1804,3,3,0.036215,0.079619,0.090734,0.410019,0.050736,0.226057,0.10662
3942_198_1393_1477,1,6,0.074939,0.103308,0.01746,0.064056,0.03249,0.078994,0.628754
3942_198_899_1057,1,3,0.013894,0.035367,0.025144,0.633129,0.123712,0.045152,0.123602
3942_197_509_687,3,3,0.021476,0.175672,0.126548,0.303984,0.124123,0.031643,0.216554
3942_197_1082_1143,3,3,0.041291,0.01714,0.011271,0.739026,0.006404,0.045807,0.13906
3942_197_305_390,5,5,0.004324,0.014141,0.025403,0.057422,0.010608,0.878237,0.009865
3942_197_31_97,3,3,0.014942,0.024402,0.042713,0.452411,0.049329,0.092439,0.323764
3942_198_402_454,3,6,0.012912,0.060703,0.010657,0.092847,0.031198,0.01714,0.774543
3942_197_1503_1609,3,6,0.01831,0.183991,0.030953,0.247696,0.080186,0.026911,0.411953
3942_197_751_888,3,3,0.029574,0.110224,0.096178,0.351132,0.239398,0.033061,0.140434
3942_198_715_750,0,6,0.223997,0.219185,0.02456,0.047427,0.028873,0.203925,0.252033
3942_198_1629_1665,4,3,0.016136,0.028428,0.023128,0.578471,0.172847,0.089763,0.091226
3947_198_1260_1418,4,4,0.006005,0.014244,0.275827,0.003094,0.692831,0.00289,0.005109
3947_198_1962_2107,1,1,0.179284,0.259937,0.184865,0.014241,0.225475,0.048852,0.087345
3947_197_1114_1191,4,1,0.095525,0.444091,0.04964,0.006258,0.377758,0.002372,0.024355
3947_198_1554_1688,4,4,0.013925,0.042728,0.265991,0.010739,0.55337,0.014618,0.098629
3947_198_151_353,2,2,0.041123,0.101332,0.488482,0.023292,0.146793,0.148143,0.050835
3947_197_1727_1818,4,1,0.070639,0.434091,0.068208,0.02682,0.106317,0.010104,0.283821
3947_198_837_971,6,1,0.097458,0.454748,0.125499,0.031642,0.047308,0.024687,0.218658
3947_197_604_825,4,1,0.21157,0.648936,0.059513,0.00769,0.057405,0.009876,0.00501
3947_198_1034_1060,0,1,0.215222,0.519445,0.060513,0.012027,0.044884,0.024515,0.123394
3947_197_393_501,1,1,0.056468,0.408193,0.141321,0.007172,0.075817,0.262327,0.048702
3947_197_31_113,1,1,0.329331,0.556916,0.032434,0.009928,0.026194,0.008045,0.037151
3947_197_1474_1505,5,1,0.04799,0.363501,0.217031,0.002381,0.057106,0.147403,0.164589
3947_198_1852_1903,5,1,0.319333,0.436899,0.068802,0.003696,0.036946,0.094712,0.039613
3947_197_2119_2196,0,0,0.765146,0.198373,0.007062,0.009536,0.006065,0.005263,0.008556
3947_198_518_575,2,2,0.009714,0.047758,0.578061,0.004626,0.222927,0.018901,0.118013
3947_197_990_1023,4,1,0.154967,0.689818,0.033188,0.003485,0.069905,0.003284,0.045352
3947_198_2219_2230,0,5,0.28459,0.083845,0.022265,0.018034,0.013417,0.464136,0.113712
3947_197_1924_1951,6,1,0.138848,0.581604,0.038953,0.03046,0.049806,0.009353,0.150976
3956_197_2453_3358,1,4,0.006295,0.017705,0.122233,0.005534,0.821241,0.00192,0.025071
3956_197_31_224,1,4,0.011844,0.104819,0.071806,0.001747,0.791083,0.00149,0.01721
3956_197_1206_1384,1,4,0.01108,0.058991,0.06115,0.001646,0.84449,0.002545,0.020098
3956_198_1413_1485,1,4,0.007036,0.017134,0.281342,0.012028,0.605919,0.021548,0.054993
3956_198_3429_3664,1,6,0.010649,0.037155,0.109168,0.204121,0.166281,0.041185,0.43144
3956_198_918_1153,1,4,0.017093,0.054576,0.22231,0.015028,0.645079,0.020078,0.025836
3956_197_1918_2080,1,4,0.02097,0.197694,0.067374,0.00849,0.62152,0.00507,0.078882
3956_197_573_882,1,4,0.006158,0.064302,0.118206,0.001616,0.794196,0.001452,0.01407
3956_197_1613_1730,1,4,0.011399,0.025368,0.241257,0.002344,0.685707,0.003219,0.030707
3956_198_2134_2364,1,4,0.030487,0.12668,0.090218,0.007946,0.659948,0.010191,0.074531
3956_197_3760_3804,1,4,0.00671,0.116453,0.298691,0.001502,0.514483,0.00474,0.057421
3956_198_1778_1881,1,4,0.01311,0.087875,0.080595,0.084459,0.536617,0.007856,0.189488
3956_198_3868_3962,0,4,0.026877,0.071271,0.055263,0.020685,0.563738,0.018082,0.244084
3956_198_270_502,1,4,0.010714,0.044378,0.212507,0.009149,0.675335,0.028051,0.019866
3960_197_31_205,0,0,0.890714,0.080203,0.003555,0.007325,0.005854,0.009224,0.003125
3960_198_889_1270,0,0,0.904169,0.053673,0.003749,0.006953,0.005481,0.02469,0.001285
3960_198_219_406,5,5,0.013821,0.016511,0.015863,0.022265,0.015739,0.913532,0.002269
3960_197_2775_2999,0,0,0.869057,0.058895,0.003255,0.034015,0.007303,0.016795,0.010681
3960_197_1305_1762,0,0,0.774023,0.099364,0.004469,0.007331,0.010669,0.100841,0.003304
3960_197_3495_3601,0,0,0.759329,0.164343,0.016976,0.022424,0.010489,0.019975,0.006464
3960_198_3027_3453,1,0,0.4023,0.144238,0.032246,0.1344,0.063888,0.175417,0.047511
3960_198_2519_2744,0,5,0.144865,0.028142,0.012879,0.028062,0.061413,0.715151,0.009487
3960_197_1944_2486,0,0,0.776218,0.094019,0.012443,0.018319,0.009766,0.084495,0.00474
3960_198_564_787,0,5,0.174348,0.056868,0.033405,0.136597,0.102309,0.485536,0.010937
3960_198_1783_1937,0,0,0.74088,0.13017,0.004732,0.079427,0.009847,0.026019,0.008926
3960_197_410_552,0,0,0.491925,0.223404,0.013233,0.190749,0.023096,0.027089,0.030505
3960_197_789_847,0,0,0.888718,0.076431,0.003017,0.012673,0.003528,0.007463,0.008171
3960_198_3627_3649,0,5,0.08695,0.032485,0.013875,0.129425,0.008258,0.661665,0.067341
3962_200_1188_1423,3,3,0.034443,0.12669,0.03144,0.628004,0.059212,0.05812,0.06209
3962_199_1679_2056,1,3,0.024321,0.07894,0.033107,0.749594,0.040285,0.057952,0.015801
3962_199_151_320,3,3,0.050786,0.111163,0.022555,0.596164,0.037611,0.162688,0.019033
3962_199_1442_1486,5,3,0.014232,0.016168,0.01552,0.795637,0.011798,0.110558,0.036088
3962_200_670_936,3,3,0.011071,0.057533,0.01603,0.560985,0.054679,0.04418,0.255524
3962_199_944_1009,3,3,0.017388,0.023064,0.031496,0.809721,0.042252,0.056049,0.020031
3962_199_402_663,3,3,0.009923,0.027164,0.021872,0.848055,0.01869,0.045303,0.028993
3962_199_1057_1160,3,3,0.008819,0.006416,0.018381,0.882072,0.008673,0.059936,0.015702
3962_200_1011_1037,5,5,0.006862,0.01855,0.037169,0.023024,0.016531,0.869352,0.028513
3962_200_31_112,3,3,0.060013,0.125769,0.043574,0.50989,0.054178,0.078898,0.127677
3962_200_1498_1668,1,3,0.042113,0.13023,0.017012,0.614736,0.04785,0.059718,0.08834
3962_200_335_378,3,3,0.006119,0.001382,0.007187,0.90366,0.002677,0.076656,0.00232
3961_199_84_180,3,3,0.015156,0.0123,0.020898,0.841985,0.013527,0.040998,0.055136
3961_200_874_1297,3,5,0.0093,0.005786,0.005828,0.388706,0.007741,0.579115,0.003523
3961_199_1549_1749,3,3,0.019172,0.037548,0.025515,0.732033,0.04248,0.023085,0.120168
3961_199_230_361,3,3,0.020674,0.020838,0.028619,0.783666,0.022194,0.052786,0.071222
3961_200_1757_1853,5,5,0.017043,0.071751,0.018672,0.387065,0.015149,0.471691,0.01863
3961_200_188_209,5,5,0.015419,0.019133,0.021086,0.023815,0.01065,0.879733,0.030164
3961_199_1319_1453,3,3,0.011031,0.004522,0.009372,0.922376,0.007542,0.034029,0.011128
3961_199_582_784,3,3,0.04432,0.156872,0.022951,0.582645,0.084115,0.057938,0.051158
3961_200_364_566,5,5,0.026925,0.051829,0.012838,0.044852,0.036823,0.82021,0.006522
3961_200_31_78,5,5,0.043622,0.045016,0.033641,0.190253,0.021891,0.611755,0.053822
3961_200_1478_1516,3,5,0.026305,0.123122,0.025622,0.051175,0.019905,0.683176,0.070694
3961_200_789_826,3,3,0.030595,0.110104,0.032624,0.558155,0.169484,0.017974,0.081063
3961_199_1862_1907,3,3,0.02425,0.121275,0.024609,0.691618,0.031909,0.01416,0.09218
3961_199_836_861,3,3,0.013274,0.007444,0.007357,0.896316,0.008607,0.020488,0.046515
3961_200_1915_1934,3,3,0.013473,0.024139,0.018772,0.834581,0.022839,0.01608,0.070116
3965_199_31_174,3,4,0.016237,0.019103,0.13815,0.196086,0.513968,0.062106,0.05435
3965_200_1231_1482,0,0,0.486921,0.29078,0.020904,0.101061,0.045898,0.031701,0.022735
3965_200_1850_2084,0,0,0.729378,0.168203,0.011169,0.031984,0.023202,0.026073,0.009991
3965_199_995_1207,3,3,0.029961,0.078827,0.086388,0.609097,0.099742,0.064605,0.031379
3965_199_1530_1833,3,3,0.013729,0.023255,0.023154,0.728289,0.055663,0.024329,0.131581
3965_200_222_324,1,3,0.013141,0.042149,0.207392,0.4473,0.107083,0.023801,0.159134
3965_199_2100_2297,3,3,0.016188,0.027312,0.037287,0.755005,0.030138,0.031932,0.102138
3965_200_825_994,0,1,0.115248,0.587097,0.034144,0.117845,0.086564,0.024035,0.035067
3965_200_410_593,1,1,0.023114,0.377838,0.168365,0.134836,0.13132,0.102018,0.06251
3965_200_2310_2421,1,0,0.623325,0.220936,0.023526,0.047462,0.031095,0.039548,0.014108
3965_199_622_799,1,1,0.073674,0.423899,0.076992,0.047735,0.316938,0.015944,0.044818
3965_199_367_395,4,5,0.004854,0.00702,0.026324,0.032253,0.0118,0.878094,0.039655
3972_199_31_184,4,3,0.11778,0.186513,0.062077,0.374658,0.135741,0.072488,0.050743
3972_200_1250_1370,4,1,0.32176,0.573438,0.01356,0.027402,0.024881,0.011224,0.027735
3972_199_868_1218,4,3,0.050077,0.126084,0.026251,0.534676,0.132537,0.058255,0.07212
3972_200_1572_1682,1,1,0.326066,0.451623,0.023363,0.094518,0.03753,0.016623,0.050277
3972_200_222_443,1,0,0.621405,0.307356,0.021804,0.013133,0.019666,0.007152,0.009484
3972_199_1388_1526,1,1,0.165496,0.399692,0.045964,0.194432,0.117808,0.023259,0.053347
3972_199_2143_2464,3,3,0.050411,0.16186,0.04433,0.498388,0.0765,0.098498,0.070012
3972_200_2055_2110,4,4,0.014916,0.149335,0.042809,0.00929,0.64031,0.00231,0.141031
3972_199_455_573,3,3,0.165164,0.129353,0.06628,0.501438,0.07545,0.030285,0.03203
3972_200_665_849,4,1,0.349538,0.565356,0.015902,0.007202,0.049963,0.00385,0.008189
3972_199_1713_1756,3,3,0.025601,0.031875,0.034097,0.754807,0.054453,0.011235,0.087932
3973_200_118_163,4,6,0.009087,0.022352,0.028884,0.039075,0.022123,0.029386,0.849093
3973_199_1155_1300,0,0,0.661682,0.27738,0.017663,0.006698,0.011588,0.012049,0.01294
3973_199_1553_1833,1,1,0.149784,0.307697,0.040429,0.256781,0.151075,0.042906,0.051328
3973_199_177_289,5,1,0.363105,0.403199,0.034294,0.021859,0.039856,0.126586,0.011101
3973_200_1323_1503,1,0,0.63212,0.306365,0.006417,0.005827,0.01642,0.028418,0.004432
3973_199_786_974,1,1,0.391234,0.491595,0.025005,0.020354,0.040157,0.012285,0.019369
3973_199_527_604,1,1,0.298596,0.420086,0.020164,0.056885,0.027246,0.113725,0.063297
3973_200_1003_1134,1,3,0.061294,0.068158,0.01142,0.680965,0.014185,0.034147,0.129831
3973_200_325_470,1,6,0.054159,0.175397,0.017009,0.238229,0.028744,0.145488,0.340975
3973_200_633_772,0,0,0.844471,0.134298,0.004699,0.002462,0.00479,0.006634,0.002646
3973_199_31_88,5,3,0.039968,0.029767,0.016439,0.567415,0.010928,0.12411,0.211372
3973_200_1907_1975,0,0,0.693818,0.088477,0.04266,0.059283,0.045279,0.028013,0.042469
3979_200_1219_1332,3,3,0.022525,0.02437,0.044172,0.799294,0.036481,0.007073,0.066086
3979_199_1133_1207,3,5,0.037911,0.131598,0.043572,0.252825,0.04088,0.466344,0.02687
3979_200_234_337,1,3,0.177902,0.25493,0.017489,0.309535,0.03643,0.040278,0.163436
3979_200_1436_1556,3,3,0.008068,0.006398,0.009153,0.914236,0.017912,0.01626,0.027972
3979_199_891_968,3,3,0.016372,0.061877,0.028203,0.788824,0.037829,0.028787,0.038108
3979_199_1346_1423,3,3,0.053048,0.143989,0.055451,0.550517,0.083714,0.09478,0.018501
3979_200_591_619,6,3,0.066721,0.184619,0.015303,0.471121,0.054206,0.017229,0.190802
3979_199_145_197,1,0,0.576958,0.269482,0.019621,0.039416,0.016723,0.056446,0.021353
3979_200_984_1122,3,3,0.016288,0.027386,0.013633,0.729997,0.032685,0.038816,0.141195
3979_199_638_667,3,3,0.019033,0.070679,0.030489,0.549704,0.026074,0.263924,0.040098
3979_200_438_542,6,3,0.026915,0.059291,0.018779,0.632612,0.043844,0.021542,0.197016
3979_200_31_104,1,0,0.314119,0.156291,0.042166,0.23395,0.0258,0.058493,0.169181
3979_200_689_862,3,3,0.05182,0.169593,0.016875,0.586302,0.066729,0.025152,0.083529
3979_199_366_420,5,5,0.012977,0.042695,0.020108,0.024994,0.022027,0.818912,0.058287
3979_199_562_580,3,3,0.018198,0.038733,0.01115,0.829053,0.018155,0.067222,0.017488
3988_199_117_177,1,5,0.004405,0.016549,0.046577,0.014543,0.017768,0.87363,0.026529
3988_199_1188_1416,1,4,0.04327,0.153311,0.032657,0.219652,0.260143,0.04386,0.247108
3988_200_236_271,1,1,0.093626,0.290776,0.137819,0.066238,0.211313,0.05163,0.148597
3988_199_1698_1831,1,6,0.031047,0.266295,0.091608,0.144204,0.09185,0.036911,0.338084
3988_200_1460_1658,1,2,0.003345,0.025302,0.690244,0.004128,0.259202,0.012836,0.004943
3988_199_870_989,6,3,0.020853,0.088753,0.063785,0.35896,0.030348,0.212837,0.224464
3988_200_1002_1165,1,1,0.077979,0.446444,0.156674,0.010208,0.162219,0.125803,0.020674
3988_199_292_427,1,6,0.009282,0.045143,0.032792,0.265388,0.03222,0.052883,0.562293
3988_199_618_689,1,5,0.054985,0.131079,0.230532,0.015988,0.220552,0.276106,0.070759
3988_200_442_572,1,5,0.033011,0.111146,0.038741,0.028981,0.069414,0.556587,0.16212
3988_200_31_104,1,5,0.208266,0.103439,0.029787,0.013641,0.088812,0.541414,0.01464
3988_200_743_831,1,4,0.09411,0.080374,0.089503,0.008327,0.456083,0.226631,0.044973
3988_200_1855_1961,1,4,0.012169,0.128308,0.186952,0.00719,0.647878,0.006536,0.010967
3989_199_1282_1359,3,3,0.017226,0.033931,0.014445,0.858442,0.012696,0.030383,0.032876
3989_199_1535_1702,3,3,0.055109,0.110023,0.022514,0.601978,0.078393,0.054771,0.077212
3989_199_253_333,3,3,0.042459,0.065994,0.043942,0.661415,0.066574,0.023146,0.09647
3989_200_1365_1523,3,3,0.007905,0.020776,0.011144,0.89374,0.014181,0.013805,0.038448
3989_200_899_1030,6,3,0.026309,0.081402,0.02414,0.775845,0.037538,0.014223,0.040545
3989_200_139_243,6,1,0.229709,0.467191,0.033259,0.015527,0.045844,0.183158,0.025312
3989_199_453_634,3,3,0.036816,0.126634,0.028688,0.627476,0.072737,0.075904,0.031745
3989_199_1041_1148,3,3,0.087719,0.1142,0.019532,0.652079,0.054667,0.030727,0.041076
3989_199_31_97,3,3,0.035926,0.070859,0.103401,0.419264,0.06618,0.219831,0.08454
3989_200_348_448,5,5,0.009666,0.037584,0.026405,0.00328,0.024758,0.885751,0.012557
3989_200_1193_1276,3,3,0.015137,0.049916,0.037059,0.767513,0.023963,0.057188,0.049225
3989_199_768_873,3,3,0.015076,0.026469,0.016104,0.822517,0.040911,0.010501,0.068422
3989_200_644_747,3,3,0.013761,0.021981,0.018346,0.470019,0.023855,0.404195,0.047844
3989_200_1710_1757,3,3,0.007878,0.01215,0.010517,0.935662,0.007606,0.019127,0.007059
3986_200_2015_2223,1,5,0.036356,0.214109,0.046973,0.049749,0.063808,0.566615,0.02239
3986_200_178_296,1,1,0.118541,0.358526,0.082783,0.076614,0.253837,0.055175,0.054523
3986_200_1712_1801,1,5,0.076758,0.180902,0.050059,0.187268,0.039151,0.23326,0.232602
3986_199_736_966,1,1,0.108302,0.569154,0.073932,0.043451,0.108289,0.023885,0.072988
3986_200_1310_1456,1,3,0.020531,0.207857,0.047601,0.355135,0.121405,0.021352,0.226119
3986_199_529_631,1,4,0.009527,0.152842,0.192241,0.118839,0.200859,0.169097,0.156594
3986_200_988_1175,1,1,0.125096,0.492223,0.02788,0.234641,0.036106,0.063784,0.020269
3986_200_2321_2458,1,3,0.020872,0.238257,0.081991,0.385391,0.088409,0.057615,0.127465
3986_200_390_493,1,6,0.022928,0.204472,0.063639,0.245237,0.1839,0.024828,0.254997
3986_199_1490_1650,1,4,0.019154,0.109168,0.337798,0.102081,0.353884,0.011141,0.066774
3986_199_1207_1264,1,4,0.050392,0.273399,0.111472,0.04784,0.339284,0.044335,0.133278
3986_199_1845_1959,1,6,0.024684,0.14845,0.030359,0.136704,0.050811,0.017839,0.591153
3986_200_648_705,1,3,0.032059,0.086079,0.055175,0.465168,0.093841,0.020189,0.24749
3986_199_2245_2266,1,4,0.008828,0.020518,0.346715,0.007701,0.583233,0.005101,0.027904
4333_217_31_215,1,2,0.038581,0.185052,0.423763,0.021095,0.277027,0.008895,0.045586
4333_217_913_1310,1,1,0.110608,0.58454,0.121204,0.013624,0.113484,0.030886,0.025654
4333_217_2033_2132,3,3,0.017992,0.042326,0.015881,0.742648,0.016,0.044115,0.121037
4333_217_1461_1775,0,0,0.429807,0.424967,0.038558,0.011032,0.048866,0.022138,0.024631
4333_218_232_367,3,3,0.022036,0.044214,0.023957,0.663616,0.025561,0.084059,0.136557
4333_218_1807_1837,3,3,0.092496,0.139687,0.092074,0.326299,0.079515,0.168151,0.101779
4333_218_1332_1456,3,3,0.083252,0.169552,0.031273,0.349001,0.069262,0.046487,0.251173
4333_217_376_708,0,5,0.043402,0.087787,0.020031,0.153953,0.016616,0.648168,0.030043
4333_218_733_889,3,3,0.0138,0.01946,0.02311,0.632701,0.013818,0.086729,0.210383
4333_217_1854_1895,3,3,0.007662,0.008106,0.013469,0.836703,0.011289,0.00512,0.117651
4333_218_1934_2032,6,1,0.098771,0.375976,0.059188,0.338092,0.035019,0.05173,0.041224
4483_225_1295_1350,5,5,0.016672,0.043683,0.026642,0.006388,0.019913,0.852218,0.034485
4483_226_1179_1270,1,3,0.030611,0.187476,0.152346,0.334158,0.089002,0.092108,0.114298
4483_226_225_343,1,1,0.207785,0.472494,0.094114,0.011036,0.150938,0.049427,0.014206
4483_226_1368_1480,1,4,0.04666,0.362424,0.0573,0.027415,0.40109,0.017025,0.088087
4483_225_827_952,4,4,0.014674,0.094505,0.067314,0.12798,0.378498,0.150952,0.166078
4483_225_559_765,6,4,0.045733,0.162649,0.042226,0.015496,0.654113,0.013616,0.066167
4483_225_139_190,6,6,0.028834,0.153597,0.15174,0.018945,0.266167,0.114325,0.266391
4483_226_963_1035,1,1,0.030676,0.369363,0.340262,0.061722,0.043498,0.070187,0.084292
4483_226_457_526,3,5,0.049295,0.168735,0.145643,0.203447,0.082193,0.219117,0.131571
4483_226_69_96,1,4,0.036924,0.234351,0.06783,0.007165,0.578664,0.044512,0.030555
4483_225_362_427,3,6,0.037849,0.181526,0.045175,0.123812,0.219157,0.028207,0.364275
4483_226_774_815,1,6,0.028155,0.089303,0.169084,0.137076,0.137553,0.18799,0.250839
4483_225_1056_1100,1,6,0.116088,0.242366,0.024643,0.182073,0.037777,0.05478,0.342273
4483_225_31_53,6,6,0.032627,0.097192,0.032097,0.169632,0.050232,0.03282,0.5854
4488_225_31_226,4,1,0.196783,0.325925,0.118649,0.024012,0.208252,0.036056,0.090322
4488_226_1104_1301,6,3,0.009822,0.015548,0.013884,0.588431,0.028188,0.054974,0.289153
4488_226_1663_1690,3,1,0.071832,0.245135,0.079101,0.134474,0.154015,0.079535,0.235909
4488_226_244_353,1,0,0.253148,0.219181,0.040758,0.051437,0.076062,0.180011,0.179402
4488_226_1361_1630,3,6,0.016304,0.065297,0.020148,0.303531,0.030785,0.107636,0.456298
4488_225_883_962,4,4,0.049778,0.170542,0.09996,0.023999,0.297786,0.061768,0.296167
4488_225_1308_1356,5,5,0.0049,0.014404,0.018606,0.016502,0.012267,0.900168,0.033152
4488_226_503_628,4,1,0.161936,0.323456,0.039775,0.057433,0.111677,0.259043,0.04668
4488_225_636_701,4,2,0.004611,0.027257,0.750015,0.0037,0.187769,0.014967,0.011682
4488_226_976_1062,6,6,0.01393,0.031689,0.026548,0.282364,0.055545,0.053642,0.536283
4488_225_394_489,4,4,0.086205,0.343011,0.045048,0.004846,0.481382,0.008672,0.030835
4488_226_714_867,4,4,0.010356,0.043729,0.125167,0.045344,0.728242,0.023835,0.023326
4488_225_1073_1097,5,5,0.003798,0.005874,0.012314,0.035859,0.005905,0.908163,0.028087
4488_225_1634_1659,5,5,0.003318,0.006329,0.015537,0.01228,0.008719,0.94754,0.006277
4493_225_113_242,6,4,0.012359,0.081396,0.239597,0.020131,0.386795,0.050761,0.208961
4493_226_1127_1277,4,6,0.027541,0.24152,0.07517,0.056922,0.221493,0.06526,0.312093
4493_226_1613_1700,3,3,0.026276,0.02941,0.030758,0.736117,0.023331,0.022564,0.131544
4493_226_251_374,1,1,0.026323,0.256283,0.073364,0.173554,0.189154,0.042745,0.238577
4493_226_1372_1537,5,5,0.064716,0.090863,0.026887,0.329447,0.030832,0.420591,0.036664
4493_226_915_964,4,4,0.012415,0.06875,0.090279,0.125165,0.450896,0.032081,0.220415
4493_225_1299_1356,6,5,0.005404,0.004342,0.018043,0.188404,0.013131,0.718672,0.052004
4493_226_555_649,2,4,0.002586,0.038673,0.128587,0.015109,0.763276,0.010106,0.041663
4493_225_1031_1105,5,4,0.028031,0.131434,0.09802,0.020107,0.30572,0.114945,0.301743
4493_225_415_525,6,6,0.030176,0.113791,0.046907,0.059481,0.313553,0.040514,0.395577
4493_226_31_98,2,6,0.025153,0.120245,0.044137,0.190286,0.037316,0.19312,0.389743
4493_225_660_707,6,6,0.022888,0.032671,0.032887,0.026109,0.108635,0.074331,0.702479
4493_225_1548_1600,6,3,0.004462,0.001415,0.007944,0.89046,0.004154,0.074696,0.016869
4493_225_842_903,1,6,0.009552,0.095734,0.20506,0.059515,0.16117,0.114712,0.354258
4493_226_741_818,1,6,0.013192,0.012435,0.025637,0.095521,0.15902,0.027204,0.666991
4492_225_117_144,6,5,0.016182,0.050351,0.036213,0.026317,0.027354,0.561881,0.281703
4492_226_31_114,3,3,0.007468,0.027063,0.031177,0.681475,0.021031,0.051521,0.180263
4492_225_691_789,4,4,0.010557,0.04592,0.01225,0.00811,0.804529,0.005922,0.112712
4492_225_231_255,2,2,0.014753,0.046838,0.319477,0.012443,0.148506,0.26361,0.194372
4492_225_988_1084,4,4,0.010911,0.04041,0.032575,0.007845,0.694466,0.009829,0.203962
4492_226_284_461,1,3,0.03162,0.18169,0.128062,0.264005,0.178216,0.024854,0.191552
4492_226_637_670,6,6,0.048068,0.106913,0.06368,0.047118,0.061981,0.251064,0.421178
4492_226_916_958,4,5,0.032296,0.161796,0.039832,0.02443,0.070682,0.572927,0.098038
4492_225_578_621,6,6,0.008366,0.024567,0.223992,0.050913,0.14403,0.161842,0.38629
4492_226_168_199,3,6,0.090769,0.16451,0.063713,0.170882,0.233317,0.040387,0.236422
4492_226_1092_1138,4,4,0.022109,0.114805,0.215822,0.085718,0.257581,0.111248,0.192717
4492_226_807_855,3,6,0.032914,0.073216,0.02761,0.100716,0.056827,0.172298,0.536418
4492_225_468_498,3,3,0.010325,0.019653,0.131526,0.532319,0.187117,0.027666,0.091396
4492_225_863_893,1,6,0.010289,0.102741,0.087704,0.074915,0.271182,0.026162,0.427008
4492_226_536_571,3,6,0.022552,0.110797,0.039587,0.059096,0.033294,0.083269,0.651405
4501_225_108_183,1,6,0.006072,0.01971,0.014741,0.117312,0.009547,0.029116,0.803502
4501_225_1261_1398,1,4,0.016799,0.17989,0.320012,0.014306,0.383854,0.031842,0.053296
4501_226_1126_1261,1,4,0.034877,0.302067,0.178116,0.008584,0.391539,0.067786,0.017031
4501_225_1605_1712,1,1,0.047749,0.297809,0.056948,0.100693,0.240227,0.031665,0.224909
4501_225_249_329,1,4,0.022983,0.096674,0.132533,0.078928,0.378547,0.027181,0.263154
4501_226_1712_1866,4,4,0.016086,0.077343,0.257004,0.068568,0.529239,0.018164,0.033597
4501_226_1398_1605,1,4,0.010746,0.046288,0.22297,0.021448,0.569073,0.037287,0.092187
4501_226_853_995,1,2,0.024546,0.134196,0.399662,0.063171,0.078264,0.238668,0.061494
4501_226_183_249,5,6,0.007954,0.0312,0.068988,0.11714,0.056428,0.324613,0.393677
4501_226_507_598,1,5,0.052434,0.065658,0.01597,0.022379,0.023127,0.813979,0.006454
4501_225_995_1126,5,6,0.008489,0.056799,0.156697,0.131706,0.041442,0.104733,0.500134
4501_225_598_853,1,4,0.022104,0.140982,0.215306,0.05785,0.324994,0.062108,0.176656
4501_225_365_507,1,1,0.063092,0.347941,0.289152,0.005585,0.238032,0.016205,0.039993
4501_225_31_68,2,3,0.00772,0.006709,0.026871,0.760899,0.019475,0.028056,0.15027
4501_226_68_108,5,3,0.012402,0.00508,0.012184,0.720197,0.006781,0.073021,0.170334
4517_226_122_188,6,6,0.016129,0.140865,0.037627,0.141052,0.176201,0.060485,0.427642
4517_225_1263_1481,2,4,0.044405,0.344112,0.041899,0.014103,0.451345,0.015577,0.088558
4517_226_1125_1238,4,5,0.019219,0.081086,0.024683,0.011004,0.050174,0.779928,0.033906
4517_225_208_287,5,5,0.005814,0.025952,0.020851,0.024431,0.023463,0.878005,0.021484
4517_225_863_934,5,5,0.006027,0.011693,0.007005,0.454078,0.006578,0.487087,0.027532
4517_226_939_964,3,3,0.019848,0.066641,0.074032,0.368062,0.018063,0.276377,0.176978
4517_226_515_664,1,3,0.006181,0.025565,0.01346,0.443615,0.037664,0.031784,0.441731
4517_225_981_1110,1,4,0.037008,0.399243,0.055352,0.0045,0.47751,0.008169,0.018219
4517_226_311_362,1,4,0.012735,0.054591,0.422084,0.005318,0.434508,0.029857,0.040906
4517_225_391_504,5,5,0.00862,0.082012,0.057926,0.015539,0.094014,0.683607,0.058283
4517_225_31_97,6,6,0.011071,0.042697,0.038366,0.015466,0.037233,0.390563,0.464603
4517_226_1506_1558,1,4,0.011393,0.045675,0.099242,0.015909,0.474813,0.03443,0.318538
4517_226_814_839,3,3,0.029265,0.060855,0.052497,0.465892,0.042893,0.169275,0.179323
4517_225_677_802,5,5,0.005312,0.022343,0.024934,0.073393,0.040357,0.756637,0.077023
4515_226_120_173,1,5,0.008981,0.056767,0.040515,0.007583,0.019703,0.819504,0.046947
4515_225_1281_1314,2,4,0.015772,0.209657,0.159988,0.004958,0.567,0.004506,0.038119
4515_226_1149_1262,1,0,0.454702,0.179625,0.02371,0.008504,0.028829,0.285564,0.019067
4515_225_181_281,1,1,0.038666,0.78005,0.025469,0.005178,0.128265,0.003485,0.018888
4515_225_1411_1472,1,1,0.040314,0.66849,0.07392,0.003116,0.190101,0.00735,0.01671
4515_226_799_937,1,5,0.021413,0.061426,0.056546,0.090162,0.056586,0.65866,0.055207
4515_225_945_970,4,4,0.037023,0.208111,0.069639,0.002691,0.636851,0.013121,0.032564
4515_226_1322_1394,1,1,0.252638,0.457527,0.025907,0.100484,0.027383,0.043432,0.092629
4515_225_570_770,1,1,0.164289,0.631069,0.042959,0.017557,0.065243,0.04477,0.034113
4515_225_1095_1126,1,4,0.021906,0.154744,0.141973,0.002603,0.645061,0.008525,0.025188
4515_226_302_404,1,3,0.020076,0.075056,0.027747,0.398076,0.059787,0.048741,0.370516
4515_226_996_1066,1,1,0.311713,0.325231,0.035974,0.006874,0.078964,0.141056,0.100189
4515_226_438_550,3,3,0.006088,0.011653,0.011181,0.761164,0.013101,0.050077,0.146738
4515_225_31_101,4,4,0.005559,0.093945,0.142837,0.000732,0.698636,0.003945,0.054347
4515_225_411_429,5,5,0.019534,0.066306,0.028137,0.023688,0.034195,0.743392,0.084748
4721_238_119_248,1,5,0.015936,0.099589,0.132777,0.011686,0.037225,0.676099,0.026689
4721_238_1225_1324,4,3,0.022481,0.189213,0.207859,0.220766,0.134505,0.061347,0.163829
4721_237_1005_1224,4,4,0.009396,0.024329,0.04919,0.088901,0.441019,0.364676,0.02249
4721_237_1600_1727,4,4,0.003423,0.013499,0.09785,0.003352,0.864194,0.006233,0.011449
4721_237_250_507,1,5,0.019987,0.14043,0.079415,0.013621,0.158171,0.498214,0.090163
4721_237_1330_1473,4,4,0.006377,0.034473,0.38478,0.005243,0.550408,0.007087,0.011633
4721_238_726_1000,1,2,0.01129,0.300074,0.47386,0.024088,0.048877,0.052781,0.089029
4721_238_520_641,4,2,0.005936,0.081242,0.412326,0.009791,0.149953,0.295717,0.045034
4721_238_1744_1796,1,4,0.016297,0.173817,0.223722,0.004649,0.513819,0.008334,0.059362
4721_237_31_108,5,5,0.020371,0.069648,0.051176,0.059291,0.036839,0.399154,0.36352
4721_238_1503_1588,4,1,0.032893,0.420347,0.070358,0.041595,0.239172,0.007893,0.187743
4721_237_641_710,5,5,0.010319,0.063892,0.088476,0.006631,0.030234,0.776091,0.024356
4726_237_2182_2490,1,2,0.007139,0.130224,0.611946,0.013977,0.204472,0.013398,0.018843
4726_237_31_297,2,2,0.003242,0.045856,0.572575,0.002494,0.355944,0.00982,0.010068
4726_238_1099_1391,6,2,0.018106,0.200205,0.465868,0.018221,0.184928,0.050293,0.062379
4726_237_2864_3037,5,1,0.054779,0.403344,0.277357,0.034152,0.098391,0.098937,0.03304
4726_238_2661_2864,1,2,0.034865,0.164954,0.43662,0.133351,0.09393,0.078739,0.057541
4726_237_1391_1715,1,4,0.011494,0.211087,0.295925,0.016529,0.399905,0.023052,0.042007
4726_238_2490_2612,5,2,0.034901,0.111297,0.354236,0.051347,0.244338,0.17089,0.032991
4726_238_828_935,5,2,0.019372,0.156324,0.233394,0.110906,0.18281,0.090058,0.207136
4726_238_1715_2182,1,2,0.015768,0.064505,0.549271,0.102817,0.100611,0.133523,0.033505
4726_238_297_703,5,2,0.008257,0.135177,0.450442,0.01605,0.045868,0.327857,0.016348
4726_237_703_828,5,5,0.014746,0.159758,0.181924,0.005408,0.072438,0.560417,0.005309
4726_237_935_1099,1,1,0.079092,0.483471,0.147556,0.002646,0.254068,0.017108,0.016059
4726_237_2612_2661,1,4,0.018118,0.097173,0.090028,0.022642,0.687053,0.018219,0.066768
4725_237_31_144,4,4,0.003986,0.104646,0.383188,0.001798,0.478407,0.013107,0.014867
4725_238_1196_1317,1,1,0.044897,0.664957,0.120672,0.016985,0.066658,0.02466,0.061171
4725_237_1666_1753,4,6,0.032162,0.19416,0.135948,0.120619,0.038596,0.048606,0.42991
4725_237_254_474,1,2,0.038262,0.304394,0.347057,0.003436,0.169024,0.114873,0.022953
4725_238_1768_1842,4,6,0.013827,0.103758,0.148699,0.146525,0.144066,0.046477,0.396649
4725_238_1420_1505,1,6,0.032048,0.169814,0.088538,0.092434,0.149734,0.02524,0.442191
4725_237_838_961,1,1,0.038539,0.494061,0.177273,0.014157,0.104334,0.051694,0.119942
4725_238_156_230,5,5,0.049151,0.185266,0.161304,0.009803,0.082682,0.489976,0.021819
4725_237_1339_1393,6,5,0.038623,0.230697,0.115571,0.051734,0.034095,0.345364,0.183916
4725_238_489_622,1,1,0.312874,0.509007,0.066211,0.003436,0.082315,0.012628,0.013529
4725_237_1106_1182,5,5,0.073145,0.372355,0.110793,0.004715,0.032837,0.373803,0.032352
4725_238_988_1089,4,1,0.03733,0.296741,0.289298,0.006267,0.136005,0.117206,0.117154
4725_237_1523_1566,2,2,0.009123,0.074847,0.509755,0.014967,0.024242,0.084648,0.282417
4725_237_643_729,1,1,0.178579,0.564591,0.089608,0.010196,0.096852,0.018788,0.041385
4725_238_1574_1649,6,2,0.013606,0.133107,0.453522,0.026879,0.118171,0.10426,0.150455
4725_238_770_821,1,2,0.014811,0.142795,0.366173,0.005953,0.263491,0.137835,0.068942
4730_238_107_203,5,4,0.012739,0.162109,0.145135,0.015257,0.568007,0.031452,0.065301
4730_238_1271_1373,5,1,0.054375,0.325493,0.151202,0.076535,0.18442,0.071601,0.136375
4730_237_1100_1271,5,5,0.005241,0.091793,0.063422,0.056597,0.016065,0.734365,0.032517
4730_237_1625_1748,3,3,0.009815,0.028459,0.070484,0.740933,0.033697,0.011811,0.104801
4730_237_203_298,5,5,0.023077,0.282693,0.171081,0.019794,0.079059,0.320757,0.103539
4730_237_1373_1478,5,1,0.093299,0.437378,0.0576,0.00859,0.027646,0.369843,0.005645
4730_237_835_941,1,1,0.036032,0.813825,0.036704,0.054486,0.01557,0.01973,0.023653
4730_238_941_1100,3,5,0.020134,0.162058,0.238659,0.113194,0.029838,0.250672,0.185445
4730_238_551_620,5,5,0.016262,0.136717,0.122899,0.017921,0.033874,0.565028,0.107298
4730_238_1748_1774,5,3,0.01887,0.065985,0.093403,0.374232,0.077993,0.034492,0.335026
4730_238_298_455,5,5,0.027096,0.225102,0.152546,0.011857,0.097292,0.452101,0.034006
4730_237_620_762,5,1,0.029797,0.431109,0.288704,0.024205,0.04628,0.120413,0.059492
4730_237_455_551,1,1,0.013113,0.388975,0.059439,0.127883,0.068712,0.190331,0.151546
4730_237_31_107,1,1,0.025433,0.368004,0.117341,0.118713,0.118455,0.050341,0.201713
4730_238_1478_1625,1,1,0.033195,0.387961,0.208504,0.145488,0.042469,0.021341,0.161043
4730_238_762_835,3,6,0.020624,0.06206,0.129101,0.132663,0.102327,0.062547,0.490677
4737_238_2455_2500,6,5,0.047432,0.156331,0.143474,0.053471,0.061244,0.410243,0.127805
4737_238_31_237,6,2,0.022536,0.110362,0.382772,0.124088,0.135995,0.112917,0.11133
4737_237_1282_1369,3,3,0.01494,0.013183,0.079179,0.717765,0.044204,0.086006,0.044723
4737_238_940_1265,6,5,0.012184,0.2304,0.269233,0.078509,0.02839,0.307151,0.074133
4737_237_2524_2901,6,5,0.020829,0.190345,0.277739,0.012313,0.019106,0.385286,0.094381
4737_237_1502_1947,5,2,0.003012,0.01787,0.740317,0.00365,0.215576,0.009472,0.010103
4737_238_505_649,3,5,0.013639,0.040809,0.042281,0.024847,0.030878,0.837761,0.009786
4737_238_2273_2342,6,2,0.021324,0.218192,0.290235,0.029264,0.254312,0.028789,0.157884
4737_237_2075_2269,3,2,0.011361,0.045794,0.422311,0.270216,0.101832,0.120925,0.02756
4737_237_679_881,5,5,0.003479,0.014047,0.04225,0.006223,0.012572,0.919003,0.002424
4737_238_1404_1454,6,2,0.021754,0.173973,0.385261,0.004504,0.101168,0.149179,0.16416
4737_238_2003_2049,6,4,0.009664,0.059545,0.087495,0.005633,0.764174,0.014588,0.058901
4737_237_264_488,2,5,0.007959,0.059548,0.10261,0.011362,0.056833,0.753554,0.008135
4737_237_2370_2429,6,6,0.022312,0.102567,0.067324,0.056205,0.06159,0.301285,0.388717
4747_237_31_183,1,1,0.039492,0.234001,0.200569,0.020278,0.227268,0.100598,0.177794
4747_238_1222_1471,1,2,0.0077,0.042564,0.311522,0.090623,0.058537,0.216752,0.272303
4747_237_1915_2142,4,4,0.019483,0.135406,0.053531,0.171273,0.461737,0.034558,0.124012
4747_237_976_1193,1,1,0.067942,0.349464,0.061934,0.044994,0.072506,0.324708,0.078452
4747_238_205_312,6,1,0.11941,0.55002,0.096588,0.024049,0.088476,0.055501,0.065956
4747_238_1690_1900,4,2,0.017906,0.227207,0.294351,0.065313,0.220589,0.078072,0.096562
4747_238_782_952,4,5,0.012157,0.111649,0.087901,0.119412,0.065196,0.367135,0.23655
4747_237_2228_2319,1,5,0.084992,0.337925,0.04699,0.00303,0.11399,0.401537,0.011536
4747_237_584_737,1,5,0.008745,0.077848,0.047459,0.00342,0.045734,0.810255,0.006539
4747_238_2336_2391,4,4,0.022695,0.216289,0.188624,0.010522,0.464779,0.024204,0.072887
4747_237_1497_1655,5,5,0.016313,0.067388,0.058262,0.274591,0.095036,0.388526,0.099884
4747_237_342_403,5,5,0.009727,0.100946,0.075764,0.031698,0.037396,0.682448,0.062021
4747_238_486_568,6,2,0.012549,0.068603,0.518595,0.015864,0.178398,0.107756,0.098235
4747_238_2157_2209,4,2,0.035646,0.200863,0.26955,0.11763,0.113063,0.16674,0.096509
4933_247_87_258,4,4,0.005414,0.016034,0.391208,0.002646,0.57307,0.004954,0.006674
4933_248_1225_1336,6,2,0.00647,0.091677,0.544235,0.02775,0.24026,0.033928,0.05568
4933_248_1901_2065,1,1,0.010334,0.519463,0.229095,0.016195,0.154842,0.023857,0.046213
4933_247_1030_1196,4,2,0.001051,0.006124,0.493239,0.001222,0.490361,0.001942,0.006059
4933_248_1555_1794,6,2,0.005437,0.185729,0.292818,0.039929,0.145478,0.148132,0.182476
4933_247_1815_1873,0,1,0.067171,0.451359,0.094037,0.015832,0.150953,0.033124,0.187523
4933_247_1360_1531,4,2,0.008067,0.128378,0.522474,0.004425,0.233762,0.043075,0.059818
4933_248_823_998,4,4,0.01076,0.188189,0.192422,0.026904,0.516381,0.010067,0.055277
4933_248_292_469,4,4,0.007983,0.107717,0.161717,0.035724,0.602146,0.022084,0.062629
4933_248_598_708,3,1,0.055828,0.543549,0.030337,0.140015,0.034582,0.157006,0.038684
4933_247_508_579,1,5,0.05741,0.213108,0.026953,0.093712,0.028272,0.553002,0.027543
4933_247_741_766,6,5,0.017017,0.177107,0.219813,0.055801,0.032869,0.260539,0.236853
4933_248_31_47,6,6,0.008742,0.053924,0.054108,0.070186,0.138973,0.011194,0.662872
4932_247_31_162,3,2,0.013919,0.063837,0.731988,0.016597,0.030983,0.086876,0.0558
4932_247_1176_1308,3,3,0.065207,0.06238,0.112358,0.344634,0.041195,0.208479,0.165746
4932_247_1552_1689,2,5,0.00794,0.065612,0.386281,0.012253,0.12069,0.393919,0.013305
4932_248_173_269,3,5,0.009239,0.056141,0.034507,0.105362,0.018999,0.740507,0.035245
4932_248_1701_1826,4,4,0.012018,0.238896,0.111996,0.080282,0.258396,0.050864,0.247548
4932_248_1412_1550,4,3,0.013648,0.091561,0.071083,0.513658,0.06279,0.159758,0.087503
4932_247_864_949,1,2,0.018086,0.061484,0.457027,0.179472,0.082456,0.107561,0.093914
4932_247_1351_1402,2,5,0.086575,0.184717,0.160911,0.033837,0.049299,0.317865,0.166796
4932_247_576_694,5,1,0.085266,0.481461,0.257794,0.015553,0.042009,0.09754,0.020378
4932_248_969_1165,3,1,0.042401,0.585778,0.093605,0.13556,0.032868,0.07089,0.038898
4932_247_277_450,3,5,0.009475,0.020033,0.084617,0.098547,0.017843,0.748929,0.020557
4932_248_458_572,6,1,0.018252,0.672972,0.080053,0.053034,0.015054,0.114138,0.046498
4932_248_721_845,3,1,0.058721,0.512528,0.09214,0.100194,0.029678,0.07911,0.12763
4932_247_1845_1903,4,5,0.120381,0.284486,0.109959,0.018607,0.058674,0.374616,0.033278
4932_248_1308_1333,3,3,0.012726,0.067783,0.022493,0.513966,0.010121,0.119426,0.253485
4944_248_68_131,5,5,0.012829,0.119486,0.062631,0.07184,0.042669,0.634583,0.055962
4944_248_1050_1319,1,4,0.007815,0.257334,0.108521,0.09276,0.363454,0.076907,0.093208
4944_247_1957_2050,5,5,0.034165,0.038483,0.089832,0.218439,0.03457,0.562332,0.022179
4944_247_1601_1759,1,4,0.023387,0.106619,0.136728,0.025272,0.643553,0.022139,0.042303
4944_248_249_349,5,5,0.068218,0.314385,0.056187,0.040905,0.038807,0.471082,0.010416
4944_248_1782_1956,1,4,0.008183,0.175758,0.148903,0.050211,0.504814,0.069351,0.042781
4944_248_1426_1577,6,1,0.013116,0.378515,0.106954,0.059416,0.305627,0.053735,0.082637
4944_248_762_970,5,5,0.007263,0.033815,0.048955,0.346059,0.076542,0.470118,0.017248
4944_247_132_210,5,2,0.02315,0.080463,0.386908,0.052323,0.058738,0.348825,0.049593
4944_247_1322_1425,5,3,0.018354,0.019743,0.02584,0.790718,0.0144,0.05685,0.074095
4944_248_528_598,5,1,0.230806,0.526456,0.04525,0.011646,0.036489,0.141865,0.007487
4944_247_626_749,1,4,0.006503,0.015832,0.194559,0.121139,0.519937,0.021955,0.120075
4944_247_351_504,5,2,0.006034,0.02228,0.719273,0.036333,0.129566,0.053672,0.032842
4944_247_31_60,1,3,0.010624,0.015652,0.092582,0.633889,0.035108,0.053055,0.15909
4944_247_971_1023,1,1,0.342276,0.392928,0.085508,0.044849,0.046609,0.045276,0.042554
4945_248_117_171,6,5,0.012388,0.095357,0.051585,0.029335,0.014812,0.78207,0.014453
4945_248_1223_1357,5,3,0.014306,0.127377,0.145612,0.324301,0.100428,0.212766,0.075209
4945_247_1088_1220,3,3,0.013722,0.021376,0.028831,0.648252,0.017054,0.224643,0.046123
4945_247_1660_1834,5,3,0.009511,0.006015,0.012752,0.814784,0.009644,0.139164,0.008129
4945_247_175_293,5,3,0.011374,0.028383,0.06735,0.66067,0.026051,0.076121,0.13005
4945_247_1361_1599,5,3,0.021845,0.023372,0.044278,0.636486,0.041743,0.143591,0.088684
4945_248_894_1083,6,3,0.012064,0.119343,0.080606,0.442191,0.068936,0.114565,0.162296
4945_248_569_690,1,1,0.076186,0.550564,0.055025,0.034746,0.048522,0.223186,0.011772
4945_248_298_382,1,1,0.110114,0.37077,0.155335,0.025026,0.047853,0.280481,0.010421
4945_247_386_564,4,3,0.017943,0.083144,0.113026,0.476466,0.07331,0.131643,0.104468
4945_247_31_112,3,3,0.035259,0.094613,0.081387,0.417717,0.027425,0.213631,0.129968
4945_247_695_890,4,1,0.055918,0.228961,0.22894,0.21895,0.066712,0.168703,0.031816
4945_248_1837_1920,6,2,0.010663,0.148934,0.374562,0.029298,0.369406,0.022339,0.044799
4945_248_1604_1655,3,5,0.02078,0.109038,0.049211,0.040414,0.04237,0.635933,0.102255
4945_247_1924_2025,2,3,0.019737,0.041362,0.047276,0.564422,0.038441,0.254357,0.034404
4955_247_31_249,1,4,0.029069,0.244506,0.136499,0.032484,0.255851,0.163449,0.138142
4955_248_1294_1349,6,6,0.017116,0.147563,0.113782,0.019781,0.289551,0.056378,0.35583
4955_247_1136_1273,6,6,0.046943,0.058282,0.062586,0.050519,0.236942,0.171649,0.373079
4955_247_1676_1756,0,6,0.035676,0.160025,0.041045,0.232771,0.0987,0.085441,0.346342
4955_248_1405_1599,6,6,0.006015,0.1021,0.072014,0.122013,0.049172,0.252259,0.396427
4955_248_864_1095,1,6,0.004782,0.168476,0.093171,0.026261,0.086071,0.283894,0.337346
4955_248_577_633,6,6,0.015625,0.20809,0.061386,0.022128,0.132939,0.032125,0.527707
4955_248_293_500,1,6,0.029667,0.156975,0.130768,0.095222,0.138855,0.190368,0.258145
4955_247_788_841,6,5,0.023883,0.060839,0.165102,0.045741,0.059771,0.352525,0.292138
4955_247_651_686,1,1,0.19099,0.385502,0.044062,0.01068,0.028224,0.224292,0.11625
4955_248_704_738,6,1,0.025738,0.455559,0.072829,0.02308,0.096318,0.151615,0.174861
4955_247_1362_1381,5,5,0.083723,0.22034,0.062872,0.020072,0.05238,0.42695,0.133664
4955_247_1617_1630,3,3,0.028074,0.032737,0.020659,0.604853,0.020947,0.038201,0.25453
4955_248_1650_1667,6,5,0.009414,0.016054,0.028659,0.284062,0.012192,0.566852,0.082768
4955_247_525_542,6,5,0.02287,0.082836,0.067653,0.039702,0.027305,0.459399,0.300235
5165_259_31_262,5,5,0.04051,0.29342,0.102527,0.005755,0.073855,0.470874,0.013057
5165_260_1206_1363,3,1,0.02745,0.37488,0.150561,0.066543,0.100063,0.07502,0.205482
5165_259_921_1203,1,1,0.095083,0.556124,0.049119,0.010458,0.127017,0.121347,0.040852
5165_259_1591_1773,1,1,0.078701,0.610762,0.058077,0.011838,0.080195,0.042331,0.118096
5165_260_1792_1841,3,1,0.071667,0.429224,0.0485,0.01027,0.029032,0.400769,0.010539
5165_259_1366_1551,1,1,0.161559,0.469714,0.048642,0.003739,0.118827,0.111589,0.08593
5165_260_476_599,3,1,0.031987,0.461016,0.193892,0.077366,0.071035,0.085976,0.078728
5165_259_329_458,1,1,0.138452,0.573736,0.039906,0.007297,0.201063,0.018745,0.020801
5165_259_609_710,1,1,0.030515,0.511522,0.097152,0.022602,0.114365,0.05834,0.165504
5165_260_772_907,3,1,0.038837,0.518549,0.304056,0.015463,0.059335,0.019988,0.043773
5165_259_1842_1971,1,1,0.127622,0.625126,0.042527,0.008873,0.057843,0.034684,0.103325
5165_260_1577_1590,3,3,0.019918,0.025336,0.021291,0.772312,0.019355,0.052661,0.089127
5165_260_275_300,3,1,0.059421,0.553972,0.046268,0.02708,0.092921,0.020381,0.199956
5169_260_31_252,1,1,0.024516,0.57957,0.068331,0.115686,0.038001,0.035912,0.137985
5169_259_1171_1478,3,1,0.048062,0.556899,0.056861,0.075917,0.051408,0.136306,0.074547
5169_260_2042_2092,3,3,0.030542,0.037865,0.022526,0.763206,0.026026,0.028732,0.091103
5169_259_1608_1694,5,5,0.014642,0.151809,0.112336,0.188847,0.038057,0.420463,0.073847
5169_260_1705_1907,3,1,0.013199,0.580619,0.087136,0.069957,0.088447,0.057793,0.10285
5169_259_2105_2280,3,3,0.01714,0.025432,0.02431,0.745515,0.016404,0.116446,0.054753
5169_259_2318_2487,3,3,0.022696,0.328427,0.067771,0.333201,0.052302,0.088603,0.106999
5169_259_788_983,3,5,0.01299,0.186127,0.051175,0.042901,0.049152,0.542677,0.114979
5169_260_2288_2316,3,1,0.093811,0.570945,0.056432,0.086224,0.038678,0.009965,0.143945
5169_260_528_785,1,1,0.013952,0.251735,0.150343,0.223022,0.024324,0.184127,0.152497
5169_260_984_1169,3,6,0.016406,0.111355,0.131803,0.208337,0.094375,0.057827,0.379897
5169_259_258_381,3,5,0.008111,0.08436,0.029156,0.075448,0.012509,0.720781,0.069636
5169_260_383_481,3,6,0.031083,0.355971,0.075189,0.031005,0.052803,0.025663,0.428285
5169_260_1504_1587,1,1,0.023389,0.560312,0.080634,0.044886,0.073346,0.009818,0.207616
5169_259_483_522,5,5,0.007718,0.125044,0.055676,0.003391,0.017247,0.774172,0.016752
5169_259_1921_2013,3,3,0.010021,0.008936,0.024711,0.589825,0.007751,0.349971,0.008785
5174_259_1174_1493,3,1,0.06532,0.457734,0.104416,0.014046,0.171362,0.043503,0.143621
5174_260_159_408,6,1,0.056241,0.516561,0.062037,0.048187,0.101913,0.039413,0.175649
5174_259_1705_1863,3,6,0.011488,0.134733,0.046363,0.096982,0.042867,0.059882,0.607686
5174_259_31_126,4,1,0.055166,0.518823,0.096808,0.006853,0.07517,0.041897,0.205283
5174_259_819_1118,6,1,0.040202,0.334372,0.104787,0.010105,0.095763,0.110593,0.304178
5174_260_582_606,6,5,0.009968,0.03854,0.022001,0.021342,0.010818,0.460742,0.436589
5174_260_1138_1150,5,5,0.04806,0.159033,0.053975,0.020445,0.045295,0.538078,0.135113
5174_260_2053_2111,3,3,0.027656,0.196175,0.054098,0.549671,0.025678,0.075443,0.07128
5174_259_447_560,6,6,0.013607,0.084358,0.158939,0.043932,0.079293,0.132385,0.487486
5174_260_1872_1915,5,1,0.062795,0.234627,0.207534,0.142431,0.044766,0.20756,0.100287
5174_259_659_754,6,6,0.010415,0.187438,0.019656,0.069537,0.063449,0.046216,0.603288
5174_260_1537_1675,6,1,0.046381,0.352742,0.076933,0.055376,0.171436,0.032097,0.265035
5174_260_769_791,5,5,0.032627,0.069763,0.03931,0.189661,0.02542,0.399525,0.243695
5174_259_1953_2029,3,6,0.033177,0.231856,0.04892,0.270719,0.056432,0.013805,0.345091
5177_260_31_154,1,0,0.646654,0.248568,0.028775,0.031613,0.010681,0.012488,0.021222
5177_259_1284_1357,1,1,0.418127,0.456904,0.031787,0.002763,0.048929,0.029044,0.012446
5177_259_1966_2063,0,0,0.852293,0.078392,0.005787,0.001983,0.006322,0.053777,0.001445
5177_260_1101_1260,0,0,0.601673,0.319137,0.028627,0.006395,0.019772,0.008613,0.015783
5177_259_1551_1796,0,0,0.820635,0.139562,0.008621,0.001378,0.009135,0.01773,0.002939
5177_259_254_495,1,0,0.825022,0.148181,0.00744,0.001686,0.00731,0.007293,0.003067
5177_260_1817_1950,1,0,0.776834,0.194547,0.007689,0.002063,0.007617,0.00745,0.003801
5177_260_1384_1521,1,1,0.309427,0.582244,0.022937,0.012653,0.04849,0.003628,0.02062
5177_259_857_1077,1,0,0.698896,0.237703,0.016155,0.00208,0.01993,0.018471,0.006765
5177_259_2234_2325,1,0,0.65612,0.258014,0.01661,0.007508,0.018518,0.017609,0.025622
5177_260_505_841,0,0,0.690991,0.282519,0.007148,0.004805,0.005623,0.003652,0.005261
5177_260_2349_2452,0,0,0.688474,0.277745,0.01013,0.003406,0.007381,0.005446,0.007417
5177_260_2086_2195,1,0,0.557951,0.394609,0.017623,0.006004,0.010841,0.004921,0.008051
5179_260_31_190,1,1,0.066798,0.44319,0.080747,0.02602,0.018006,0.344799,0.02044
5179_260_1160_1381,3,6,0.026299,0.164065,0.027386,0.305636,0.058966,0.10484,0.312808
5179_259_2003_2108,4,4,0.069918,0.303168,0.07031,0.015098,0.448056,0.029167,0.064282
5179_259_247_689,4,3,0.030411,0.221295,0.044512,0.252043,0.189625,0.085912,0.176203
5179_259_1786_1904,4,1,0.098188,0.529302,0.115965,0.006561,0.142588,0.060591,0.046806
5179_259_1420_1637,3,6,0.018999,0.148325,0.025462,0.104904,0.096954,0.220065,0.38529
5179_260_2153_2219,3,3,0.073955,0.097796,0.036008,0.606142,0.033423,0.06602,0.086657
5179_259_825_1078,4,4,0.011074,0.1963,0.169005,0.004788,0.448009,0.047884,0.122941
5179_259_2256_2357,4,1,0.155698,0.484189,0.059217,0.011956,0.059613,0.136189,0.093139
5179_260_740_778,6,1,0.056815,0.357797,0.076768,0.103177,0.049276,0.056372,0.299794
5179_260_2378_2399,3,6,0.062495,0.150091,0.117049,0.215191,0.112182,0.074936,0.268056
5179_260_1930_1988,6,1,0.16676,0.523962,0.078244,0.058719,0.048035,0.078899,0.04538
5179_260_1717_1740,5,1,0.200341,0.606395,0.041449,0.007523,0.058197,0.026921,0.059173
5184_260_128_266,4,6,0.019696,0.106477,0.022253,0.274234,0.051796,0.134646,0.390897
5184_259_895_1350,3,3,0.014742,0.062871,0.019659,0.515605,0.077992,0.105438,0.203693
5184_259_1667_1715,3,3,0.01417,0.044527,0.029852,0.552338,0.025265,0.041666,0.292182
5184_260_1443_1529,3,3,0.013405,0.008836,0.082479,0.818233,0.010739,0.023432,0.042875
5184_259_420_666,1,2,0.008985,0.317401,0.333264,0.010483,0.251153,0.027262,0.051452
5184_260_1758_1787,3,3,0.016138,0.017079,0.011141,0.661412,0.012162,0.012962,0.269106
5184_259_294_355,5,1,0.034968,0.656922,0.116159,0.010353,0.056347,0.09225,0.033002
5184_259_31_114,5,5,0.004385,0.028045,0.03369,0.003241,0.012668,0.911469,0.006502
5184_260_1891_1908,3,3,0.018484,0.024068,0.051926,0.631307,0.040941,0.007386,0.225888
5184_260_372_403,5,6,0.068977,0.196939,0.089875,0.211344,0.020123,0.191931,0.220811
5184_259_744_790,5,5,0.024171,0.037924,0.045917,0.002073,0.018176,0.826394,0.045345
5184_260_689_699,5,5,0.070931,0.118961,0.04625,0.049613,0.033549,0.500834,0.179862
5184_260_838_866,5,1,0.350065,0.445838,0.045433,0.017901,0.041241,0.027913,0.071609
5184_259_1853_1865,3,3,0.017723,0.024039,0.034159,0.751022,0.024965,0.017297,0.130795
5196_260_2152_2496,3,1,0.053942,0.615126,0.02719,0.198134,0.023719,0.047765,0.034123
5196_260_1204_1381,1,1,0.072037,0.512846,0.099272,0.100524,0.117758,0.032623,0.064941
5196_259_1135_1191,4,1,0.105484,0.562414,0.093547,0.007839,0.066281,0.110983,0.053453
5196_260_243_417,0,1,0.148893,0.358915,0.022897,0.092141,0.032394,0.229142,0.115618
5196_260_2664_2901,3,1,0.056305,0.528937,0.04632,0.098502,0.019635,0.185844,0.064457
5196_259_1403_1484,6,5,0.02662,0.137902,0.113618,0.046655,0.052422,0.358951,0.263832
5196_259_2520_2654,2,1,0.017492,0.758138,0.087794,0.031868,0.031267,0.037158,0.036283
5196_259_183_220,4,6,0.017303,0.064312,0.0083,0.121235,0.019565,0.010987,0.758298
5196_259_1860_2147,5,5,0.003639,0.041193,0.030435,0.026612,0.015309,0.87438,0.008432
5196_260_1048_1111,1,5,0.066859,0.190429,0.116907,0.133454,0.022519,0.445289,0.024543
5196_260_606_677,1,1,0.118845,0.546878,0.055233,0.028203,0.085681,0.051599,0.113561
5196_260_1519_1655,4,3,0.027133,0.306599,0.097835,0.308958,0.056945,0.085653,0.116877
5196_259_698_850,2,3,0.02122,0.145894,0.098752,0.297164,0.046122,0.149908,0.240938
5196_259_1688_1748,1,2,0.025178,0.165295,0.276683,0.001349,0.211611,0.211042,0.108841
5196_260_1767_1843,3,3,0.106166,0.09411,0.078043,0.376137,0.028268,0.159843,0.157433
5196_259_947_1022,2,1,0.085044,0.518722,0.059603,0.022068,0.154278,0.03819,0.122095
5196_259_449_579,4,1,0.014992,0.397823,0.168945,0.03082,0.2058,0.052366,0.129253
5196_260_31_98,6,1,0.135473,0.42143,0.044359,0.133057,0.020465,0.024238,0.220977
5196_260_883_904,1,6,0.032327,0.182544,0.163838,0.040408,0.100144,0.127878,0.352861
127_8_107_234,6,5,0.027853,0.105975,0.210446,0.013976,0.044222,0.532187,0.06534
127_8_1176_1296,0,0,0.491508,0.373037,0.025074,0.008992,0.057672,0.01813,0.025588
127_8_1971_2054,0,1,0.283729,0.333788,0.059068,0.094225,0.032245,0.112428,0.084517
127_7_1562_1762,0,0,0.640104,0.203787,0.019681,0.034772,0.029944,0.05825,0.013461
127_8_1766_1901,0,0,0.702973,0.182344,0.014194,0.041085,0.011941,0.020646,0.026817
127_8_1434_1561,1,0,0.78215,0.141035,0.023107,0.003053,0.020311,0.024863,0.00548
127_7_859_940,6,4,0.020585,0.189341,0.186006,0.00479,0.569554,0.003774,0.02595
127_8_950_1033,0,1,0.276149,0.387686,0.0793,0.015006,0.122348,0.045932,0.073579
127_7_1310_1433,0,0,0.411733,0.303311,0.035128,0.081018,0.057154,0.08383,0.027826
127_7_1052_1175,0,0,0.421151,0.344556,0.033926,0.008433,0.027019,0.154311,0.010603
127_7_262_371,2,2,0.012793,0.124531,0.495786,0.005996,0.252459,0.09453,0.013906
127_7_609_726,6,4,0.02802,0.198612,0.154728,0.058165,0.275993,0.041098,0.243385
127_8_380_578,1,2,0.131776,0.202141,0.325359,0.005878,0.234466,0.068297,0.032084
127_7_31_106,2,6,0.025575,0.113607,0.109326,0.078807,0.10034,0.059691,0.512653
127_7_1901_1967,0,0,0.557895,0.263038,0.02078,0.041642,0.018962,0.0198,0.077882
127_8_733_806,1,4,0.045135,0.085337,0.209985,0.009139,0.510998,0.040475,0.09893
128_8_2381_2552,3,3,0.009757,0.006871,0.02044,0.90815,0.007318,0.015079,0.032385
128_7_31_148,3,3,0.016182,0.01366,0.011465,0.544333,0.019546,0.024614,0.3702
128_7_1232_1318,3,3,0.02563,0.03521,0.012498,0.71644,0.014571,0.134024,0.061625
128_8_1074_1214,3,3,0.0115,0.003739,0.010133,0.89238,0.006063,0.071417,0.004768
128_8_169_259,3,3,0.004794,0.000822,0.003472,0.961252,0.003564,0.022481,0.003616
128_8_2784_2935,3,3,0.019752,0.012037,0.014377,0.91041,0.011738,0.017208,0.014478
128_7_2604_2775,3,3,0.006881,0.006373,0.00414,0.857295,0.009189,0.015286,0.100837
128_7_1399_1645,6,3,0.086416,0.215987,0.037999,0.266871,0.050574,0.108332,0.23382
128_8_895_1004,3,3,0.026954,0.013991,0.009753,0.881041,0.011267,0.03737,0.019624
128_8_1321_1398,5,5,0.01329,0.031023,0.028982,0.008268,0.013121,0.875554,0.029761
128_8_2043_2177,3,3,0.022047,0.012588,0.020919,0.866844,0.016166,0.043346,0.018091
128_8_1648_1881,3,3,0.012941,0.005491,0.007055,0.6669,0.00966,0.293267,0.004686
128_7_574_658,3,5,0.006937,0.005442,0.01016,0.319528,0.007098,0.643962,0.006872
128_7_2181_2372,3,3,0.023897,0.033337,0.011861,0.82716,0.008948,0.05713,0.037667
128_7_1893_2042,3,3,0.010438,0.00868,0.012035,0.899516,0.011798,0.020375,0.037157
128_8_658_819,3,3,0.036315,0.016576,0.018774,0.817057,0.010011,0.081449,0.019818
128_7_826_891,3,5,0.006018,0.005143,0.011275,0.375717,0.00711,0.587572,0.007166
128_8_460_572,3,3,0.016598,0.022238,0.027934,0.640864,0.01935,0.227953,0.045062
128_7_1004_1073,3,3,0.03015,0.036752,0.010515,0.806602,0.018663,0.054324,0.042995
128_7_260_459,3,3,0.011947,0.016158,0.019937,0.785407,0.0465,0.0282,0.091851
145_7_31_134,3,3,0.013596,0.005322,0.070797,0.842802,0.017737,0.015451,0.034295
145_7_1151_1270,0,1,0.090196,0.482727,0.133071,0.035311,0.092103,0.053606,0.112986
145_7_240_369,3,6,0.00945,0.038782,0.105643,0.323222,0.034669,0.108986,0.379249
145_7_815_931,0,6,0.034792,0.065073,0.098871,0.220008,0.033759,0.097338,0.450159
145_8_139_216,5,5,0.005754,0.01579,0.034178,0.035639,0.014481,0.804477,0.089681
145_8_1297_1379,0,2,0.061947,0.105704,0.365197,0.007309,0.161032,0.054136,0.244674
145_7_572_642,1,1,0.069087,0.337457,0.190031,0.14729,0.083577,0.043045,0.129512
145_8_972_1131,4,5,0.039748,0.163728,0.189358,0.156302,0.035953,0.272793,0.142119
145_8_405_540,2,1,0.320402,0.37556,0.083723,0.008684,0.047749,0.135025,0.028855
145_8_652_811,0,0,0.333651,0.267115,0.088012,0.027897,0.073023,0.182468,0.027833
146_7_1162_1230,3,3,0.011581,0.006253,0.021592,0.912293,0.007008,0.027988,0.013285
146_8_114_177,5,3,0.022266,0.108131,0.129572,0.331719,0.019671,0.285616,0.103026
146_7_672_820,3,3,0.060741,0.125516,0.0671,0.507204,0.053117,0.166317,0.020005
146_7_31_99,3,3,0.009227,0.00726,0.01329,0.810818,0.010905,0.03275,0.115751
146_7_966_1092,3,3,0.086379,0.090498,0.1058,0.294002,0.048751,0.288047,0.086523
146_7_184_272,3,3,0.021415,0.036072,0.068797,0.589581,0.044533,0.142195,0.097408
146_7_373_510,3,3,0.061701,0.073966,0.053648,0.605053,0.067225,0.076347,0.062061
146_8_520_670,3,3,0.019867,0.014064,0.012414,0.891703,0.008571,0.035829,0.017551
146_8_820_953,3,3,0.023834,0.072345,0.052028,0.686868,0.029503,0.092543,0.042878
146_8_1094_1151,3,3,0.014837,0.041307,0.015422,0.78349,0.009164,0.116646,0.019135
146_8_301_371,5,6,0.02512,0.124015,0.052423,0.164433,0.028512,0.098211,0.507286
147_7_98_220,3,3,0.007564,0.004557,0.013989,0.842223,0.010923,0.060281,0.060462
147_7_1050_1223,4,4,0.017356,0.08743,0.322367,0.01013,0.432377,0.029166,0.101175
147_7_764_928,4,2,0.016773,0.132521,0.3779,0.045495,0.153631,0.11413,0.159551
147_8_13_94,3,3,0.005649,0.000698,0.00565,0.963395,0.002153,0.015695,0.00676
147_8_955_1034,2,2,0.008322,0.014707,0.698,0.00123,0.191332,0.062504,0.023906
147_8_225_325,3,3,0.011543,0.005244,0.008023,0.893291,0.007066,0.029509,0.045325
147_8_382_506,3,3,0.036643,0.017991,0.018189,0.781891,0.024502,0.048205,0.072578
147_8_646_750,3,3,0.008685,0.004299,0.022164,0.912063,0.010783,0.032996,0.00901
147_7_506_640,2,1,0.067325,0.405543,0.236584,0.029504,0.047247,0.140113,0.073685
147_7_325_378,3,3,0.009289,0.002773,0.005757,0.903759,0.004543,0.067183,0.006694
203_12_31_130,3,3,0.016854,0.010916,0.009843,0.863752,0.009268,0.011663,0.077704
203_12_1178_1332,6,3,0.03302,0.063145,0.050335,0.585693,0.037909,0.022968,0.206931
203_12_1593_1748,6,3,0.012696,0.017543,0.018204,0.803005,0.021379,0.012348,0.114824
203_12_165_329,3,3,0.036941,0.055904,0.060116,0.578935,0.050698,0.074002,0.143405
203_12_1403_1493,6,3,0.08059,0.125853,0.036648,0.538702,0.042718,0.051519,0.123969
203_12_906_1126,6,3,0.016263,0.019103,0.016341,0.77167,0.017113,0.028692,0.130819
203_11_1332_1403,6,3,0.027879,0.153469,0.057758,0.390861,0.150627,0.008975,0.210431
203_12_382_700,6,3,0.041561,0.07313,0.035273,0.640053,0.053566,0.055937,0.10048
203_11_1126_1178,1,5,0.010095,0.044858,0.03364,0.273513,0.013527,0.485038,0.139328
203_11_1748_1793,6,3,0.058236,0.054823,0.015634,0.614468,0.017136,0.085978,0.153725
203_11_329_381,2,5,0.008093,0.023224,0.019566,0.218746,0.011639,0.633254,0.085478
203_11_1493_1562,6,3,0.031208,0.064822,0.03015,0.568077,0.040414,0.064657,0.200672
203_12_743_859,6,3,0.015799,0.014543,0.0115,0.815301,0.014171,0.019663,0.109022
203_11_700_743,1,5,0.027506,0.170628,0.074065,0.186799,0.024838,0.28036,0.235805
203_11_859_906,5,5,0.012098,0.01766,0.01303,0.024299,0.006793,0.865063,0.061057
203_11_130_165,3,3,0.005017,0.002955,0.009408,0.890856,0.012956,0.024706,0.054101
215_12_782_839,5,2,0.100668,0.258396,0.312069,0.097156,0.052972,0.118908,0.059831
215_11_31_125,1,0,0.410184,0.381571,0.06222,0.047152,0.02446,0.036242,0.038171
215_12_959_1005,6,3,0.102328,0.284476,0.032043,0.295579,0.031594,0.015652,0.238328
215_11_721_782,0,0,0.702801,0.171328,0.014313,0.045358,0.009551,0.012846,0.043803
215_11_236_284,6,6,0.113021,0.10128,0.026596,0.235068,0.028552,0.020028,0.475456
215_11_1005_1055,1,1,0.327721,0.565108,0.019898,0.027891,0.020878,0.008692,0.029812
215_12_409_465,6,1,0.109173,0.427592,0.085319,0.138952,0.039581,0.086558,0.112825
215_11_588_670,0,1,0.275546,0.525634,0.067852,0.034708,0.064691,0.011805,0.019763
215_12_670_721,6,3,0.063333,0.157214,0.034174,0.435477,0.024916,0.018566,0.26632
215_11_839_950,0,0,0.588152,0.281727,0.01371,0.017477,0.040163,0.018559,0.040211
215_12_1055_1113,6,3,0.047363,0.145418,0.03579,0.435688,0.021787,0.026888,0.287066
215_11_465_527,0,1,0.108558,0.437137,0.096182,0.068799,0.055382,0.043917,0.190024
215_11_357_409,1,1,0.297075,0.423452,0.020476,0.049551,0.037955,0.021173,0.150318
215_12_284_323,5,5,0.140086,0.130606,0.020447,0.009976,0.012895,0.636547,0.049443
215_12_223_236,5,5,0.015084,0.062275,0.170042,0.015826,0.034324,0.609317,0.093132
215_12_527_588,3,3,0.0497,0.205291,0.025278,0.649493,0.009731,0.031521,0.028985
219_11_31_225,1,3,0.03105,0.225165,0.226038,0.295688,0.112901,0.05066,0.058499
219_11_841_961,2,1,0.055505,0.453841,0.085629,0.124518,0.082291,0.04929,0.148926
219_12_1338_1369,1,1,0.244062,0.650424,0.019127,0.012388,0.023369,0.012269,0.038361
219_12_534_728,0,0,0.634328,0.288067,0.025756,0.003796,0.020623,0.015363,0.012067
219_11_1028_1151,1,1,0.226813,0.287912,0.104827,0.0531,0.045603,0.258577,0.023169
219_11_299_380,2,0,0.595643,0.2604,0.013627,0.011324,0.045258,0.028035,0.045714
219_11_1318_1338,2,4,0.043304,0.139423,0.073273,0.035473,0.658441,0.008704,0.041383
219_12_423_503,0,0,0.359909,0.345761,0.142649,0.00796,0.044553,0.078041,0.021127
219_12_1203_1284,0,1,0.380743,0.521568,0.030431,0.004927,0.032277,0.00848,0.021574
219_12_806_841,0,1,0.412676,0.453144,0.065844,0.001155,0.05227,0.007633,0.007279
219_11_503_534,5,5,0.017913,0.031942,0.019743,0.089912,0.010498,0.766389,0.063603
219_11_728_759,2,5,0.015631,0.041249,0.03653,0.107215,0.01206,0.742496,0.04482
219_12_961_1028,1,1,0.391455,0.52891,0.025951,0.005364,0.02006,0.011736,0.016524
219_12_225_254,1,1,0.225443,0.660246,0.020734,0.028287,0.01476,0.009181,0.041349
222_12_104_242,3,6,0.018019,0.050718,0.01876,0.399907,0.024206,0.020407,0.467983
222_12_1108_1428,3,3,0.045301,0.04234,0.058885,0.411017,0.057378,0.057638,0.327441
222_11_1760_2149,3,3,0.018003,0.025867,0.019058,0.481448,0.179409,0.062214,0.214001
222_12_1674_1760,3,3,0.021452,0.033964,0.023911,0.731078,0.0237,0.009838,0.156056
222_11_249_275,0,5,0.04717,0.064554,0.026419,0.024692,0.013992,0.438873,0.3843
222_11_1428_1520,5,1,0.23203,0.26604,0.025886,0.053572,0.01192,0.183427,0.227125
222_12_2167_2221,3,3,0.007873,0.001767,0.006257,0.955052,0.00423,0.011225,0.013595
222_12_923_951,3,3,0.016283,0.043426,0.047296,0.649897,0.024705,0.022772,0.195622
222_11_2222_2354,3,3,0.04421,0.108832,0.025007,0.480952,0.050879,0.047477,0.242643
222_12_474_818,3,3,0.021399,0.037037,0.039035,0.656175,0.029139,0.029143,0.188073
222_11_1006_1107,5,3,0.010656,0.024683,0.011439,0.548521,0.011495,0.233719,0.159487
222_12_316_423,3,3,0.014498,0.006096,0.021807,0.738716,0.01912,0.005302,0.194461
222_11_31_104,0,6,0.011697,0.018649,0.018151,0.199455,0.081232,0.027842,0.642974
222_11_437_465,5,5,0.04247,0.086681,0.054454,0.038191,0.021105,0.652049,0.10505
222_12_1520_1615,3,3,0.015926,0.012357,0.016504,0.881308,0.017069,0.022762,0.034074
222_11_850_920,5,1,0.0513,0.286332,0.208863,0.019037,0.227047,0.114685,0.092735
222_12_2354_2397,3,3,0.016341,0.020983,0.02547,0.752962,0.019482,0.091361,0.073401
222_11_1634_1674,3,5,0.047786,0.158326,0.060743,0.01163,0.016638,0.668141,0.036736
234_11_121_304,0,5,0.021686,0.026425,0.056331,0.015727,0.01688,0.836318,0.026634
234_12_1207_1301,4,2,0.007835,0.034544,0.834773,0.022174,0.029597,0.050014,0.021063
234_11_1018_1207,1,1,0.265162,0.494753,0.02812,0.023572,0.129972,0.027831,0.03059
234_11_1586_1712,1,5,0.040459,0.184031,0.107809,0.033615,0.076422,0.464114,0.09355
234_12_1718_1867,2,2,0.01217,0.0117,0.489082,0.038483,0.363464,0.005451,0.079649
234_12_1353_1549,2,3,0.012887,0.008123,0.14088,0.570723,0.019254,0.067811,0.180322
234_12_71_121,3,3,0.01861,0.027811,0.033392,0.806322,0.021183,0.008948,0.083735
234_11_862_935,1,5,0.071242,0.062444,0.077332,0.01819,0.012757,0.701498,0.056536
234_12_935_1008,3,3,0.014945,0.013893,0.034239,0.69244,0.018194,0.025859,0.200432
234_11_1301_1353,1,5,0.021613,0.027988,0.029134,0.076597,0.010454,0.703904,0.13031
234_11_505_688,1,2,0.016419,0.151178,0.326265,0.062549,0.163177,0.103881,0.176531
234_12_304_359,3,3,0.010477,0.003939,0.011988,0.85934,0.006233,0.006396,0.101628
234_12_472_505,3,3,0.014123,0.014375,0.141592,0.677162,0.018066,0.032261,0.102421
234_11_31_71,0,6,0.008219,0.023429,0.019268,0.079649,0.00504,0.431549,0.432848
234_11_359_472,5,5,0.020202,0.061084,0.064347,0.058217,0.02427,0.699412,0.072468
234_12_820_862,3,3,0.022853,0.027012,0.02897,0.753802,0.032935,0.016628,0.117799
234_11_1867_1965,1,1,0.05111,0.227374,0.116872,0.061204,0.180668,0.171883,0.190889
234_12_688_747,4,2,0.016582,0.096392,0.688356,0.012989,0.112271,0.043298,0.030111
234_11_760_820,0,6,0.092869,0.155926,0.044119,0.027835,0.022329,0.144533,0.512389
234_12_1965_2032,4,4,0.065397,0.17893,0.159726,0.02303,0.46349,0.026187,0.083241
235_11_31_196,1,1,0.149951,0.405782,0.07691,0.031804,0.135932,0.020278,0.179344
235_11_1257_1389,5,3,0.006571,0.00417,0.017193,0.762957,0.011926,0.182172,0.01501
235_11_1139_1228,5,5,0.186806,0.230634,0.084803,0.119758,0.062518,0.263377,0.052102
235_12_239_277,3,3,0.008299,0.00427,0.043289,0.859544,0.0047,0.008829,0.071069
235_12_901_1139,3,3,0.016006,0.01177,0.063712,0.741058,0.036313,0.050386,0.080755
235_12_503_614,3,3,0.013037,0.012182,0.078633,0.687683,0.041513,0.011884,0.155068
235_12_314_428,3,3,0.03093,0.064773,0.106128,0.476424,0.044936,0.100681,0.176128
235_11_614_640,6,6,0.048234,0.275374,0.066671,0.161348,0.086991,0.059059,0.302323
235_11_467_503,5,6,0.014789,0.054425,0.032887,0.251587,0.013246,0.059408,0.573659
235_12_1228_1257,3,3,0.013208,0.003737,0.007915,0.87259,0.002971,0.093782,0.005796
235_12_754_878,3,2,0.045091,0.233972,0.397281,0.064543,0.101879,0.075148,0.082085
235_12_640_687,3,1,0.112662,0.280039,0.271166,0.034701,0.188872,0.073606,0.038954
235_11_694_754,6,5,0.023912,0.082808,0.146566,0.07657,0.017028,0.553973,0.099143
235_11_878_901,5,5,0.085188,0.082348,0.151215,0.043405,0.049611,0.417522,0.170711
235_11_277_314,5,5,0.011913,0.041464,0.049224,0.038819,0.010441,0.631359,0.216779
361_20_102_335,3,5,0.011134,0.029885,0.034274,0.266518,0.233699,0.318045,0.106444
361_20_1157_1380,4,4,0.019043,0.159131,0.08373,0.080622,0.418207,0.046172,0.193093
361_19_1899_2079,3,3,0.035078,0.128458,0.048834,0.313188,0.076766,0.087935,0.309741
361_19_1699_1828,6,6,0.013025,0.058763,0.038488,0.234561,0.125519,0.137653,0.391991
361_19_1400_1498,6,6,0.036118,0.140768,0.014974,0.138526,0.029483,0.042932,0.597199
361_19_2177_2272,3,3,0.007467,0.006115,0.009438,0.903165,0.014758,0.00999,0.049068
361_20_894_1059,4,6,0.01854,0.12708,0.053107,0.106329,0.302228,0.077162,0.315554
361_20_2281_2328,3,3,0.009897,0.001879,0.008598,0.905203,0.011664,0.02464,0.038119
361_20_437_645,4,1,0.044552,0.282301,0.040251,0.140019,0.226824,0.148636,0.117417
361_19_1072_1127,4,6,0.031071,0.099865,0.090966,0.289402,0.052371,0.11867,0.317657
361_19_31_93,3,6,0.013351,0.027253,0.136925,0.142038,0.112181,0.153665,0.414587
361_20_1520_1658,4,4,0.025949,0.035924,0.080652,0.305644,0.367729,0.1074,0.076703
361_19_652_877,6,2,0.014139,0.078551,0.351822,0.194284,0.073603,0.197237,0.090364
361_20_2081_2166,6,6,0.012173,0.053895,0.020802,0.279304,0.066248,0.016905,0.550673
361_19_345_430,3,5,0.02631,0.065072,0.210322,0.086032,0.063403,0.424178,0.124682
361_20_1854_1887,3,6,0.019756,0.060564,0.141604,0.176489,0.183577,0.160119,0.257891
362_20_31_333,1,1,0.080882,0.315323,0.171227,0.087738,0.1559,0.068574,0.120355
362_20_1245_1445,0,0,0.527251,0.282151,0.072744,0.021862,0.036614,0.034738,0.024641
362_19_1101_1234,0,0,0.723776,0.184733,0.020362,0.015834,0.013806,0.029961,0.011527
362_19_1651_1705,1,0,0.707106,0.179872,0.03178,0.013943,0.027866,0.013168,0.026264
362_19_1789_1872,0,0,0.651484,0.189266,0.03903,0.036429,0.022012,0.019413,0.042365
362_19_1451_1531,1,5,0.264198,0.203751,0.128284,0.028604,0.071691,0.274208,0.029263
362_19_915_1022,0,0,0.767751,0.143944,0.019818,0.010507,0.015165,0.023979,0.018836
362_20_524_651,1,5,0.068271,0.11267,0.066419,0.18541,0.189116,0.302048,0.076066
362_20_1725_1778,0,0,0.744023,0.101729,0.057416,0.021546,0.033747,0.025102,0.016438
362_20_1031_1083,0,0,0.468762,0.421558,0.024144,0.037206,0.014772,0.021412,0.012146
362_19_412_500,1,0,0.662813,0.237876,0.023832,0.007096,0.022461,0.022465,0.023458
362_20_782_904,0,0,0.619583,0.237434,0.036739,0.022613,0.039248,0.014713,0.029669
362_19_689_766,1,0,0.345654,0.280412,0.033278,0.091094,0.066107,0.072571,0.110884
362_20_1545_1637,0,0,0.645737,0.160335,0.027443,0.044226,0.016687,0.042758,0.062813
371_20_96_244,5,3,0.014973,0.012392,0.019204,0.588301,0.032078,0.229552,0.103501
371_19_1140_1299,6,3,0.021847,0.107654,0.036269,0.456225,0.056295,0.099523,0.222188
371_20_1556_1691,3,3,0.022905,0.092826,0.022813,0.386847,0.2905,0.115345,0.068765
371_20_1809_1892,3,6,0.021355,0.02272,0.013374,0.357852,0.115892,0.016719,0.452088
371_19_1429_1550,3,3,0.031004,0.028228,0.016463,0.763641,0.030407,0.025831,0.104426
371_20_921_961,2,5,0.024541,0.045543,0.02008,0.009555,0.057578,0.793752,0.04895
371_20_1308_1416,3,3,0.023926,0.021482,0.021614,0.62999,0.116227,0.089421,0.09734
371_20_541_605,3,3,0.034301,0.060445,0.044606,0.616935,0.081514,0.050084,0.112115
371_20_1040_1114,5,5,0.005466,0.054213,0.010013,0.015128,0.106035,0.779079,0.030066
371_19_1726_1793,3,1,0.090882,0.324097,0.036066,0.111786,0.080195,0.057467,0.299508
371_20_310_423,3,3,0.043721,0.030372,0.021104,0.675702,0.057329,0.108546,0.063227
371_19_621_659,3,4,0.021817,0.108778,0.038439,0.19254,0.327929,0.02347,0.287026
371_19_445_519,3,6,0.024175,0.108728,0.032477,0.162717,0.128435,0.054247,0.489222
371_19_31_89,3,4,0.016202,0.022545,0.092955,0.154888,0.482476,0.040776,0.190157
371_19_761_907,6,3,0.042458,0.170487,0.033455,0.42703,0.076577,0.055148,0.194846
371_20_671_741,5,3,0.021932,0.026872,0.029347,0.639851,0.023451,0.186063,0.072485
371_19_983_1029,6,6,0.021108,0.050867,0.067326,0.084751,0.021115,0.179373,0.57546
371_19_258_297,3,3,0.043623,0.031729,0.051333,0.369214,0.141144,0.088275,0.274683
374_20_78_163,5,5,0.021669,0.060515,0.060304,0.095075,0.064557,0.565666,0.132214
374_19_1223_1454,1,1,0.166636,0.596091,0.052847,0.029945,0.051645,0.033286,0.06955
374_20_1115_1217,5,4,0.037655,0.190572,0.049896,0.092663,0.278694,0.121676,0.228845
374_19_178_379,3,6,0.034208,0.216197,0.031839,0.230395,0.079442,0.102218,0.305702
374_19_927_1105,5,1,0.18005,0.275251,0.060816,0.116787,0.114513,0.203357,0.049225
374_19_511_716,3,3,0.061948,0.123714,0.020166,0.56352,0.056629,0.057623,0.1164
374_20_407_505,5,4,0.015311,0.109777,0.101051,0.022722,0.498007,0.063023,0.190109
374_19_31_70,3,5,0.027923,0.026596,0.017358,0.298731,0.016147,0.352384,0.26086
374_20_1483_1613,4,4,0.010149,0.054985,0.035686,0.036388,0.753299,0.009003,0.10049
374_20_738_917,5,5,0.01361,0.040669,0.116381,0.14238,0.068921,0.51176,0.10628
379_20_31_137,2,5,0.006048,0.060577,0.081724,0.087034,0.036225,0.660315,0.068077
379_20_1290_1343,5,5,0.018369,0.12361,0.117043,0.060091,0.085454,0.435789,0.159644
379_20_1168_1219,2,5,0.013265,0.061509,0.120258,0.024028,0.04514,0.585252,0.150547
379_20_255_424,2,2,0.012596,0.195828,0.38701,0.019447,0.101883,0.210335,0.072901
379_20_853_1054,2,2,0.038542,0.2648,0.333895,0.049411,0.120124,0.094143,0.099085
379_19_164_235,1,5,0.049824,0.131011,0.069765,0.013905,0.060782,0.604733,0.06998
379_20_558_685,2,2,0.006207,0.059563,0.671886,0.002112,0.05989,0.189016,0.011326
379_19_1072_1124,5,0,0.309641,0.240234,0.074879,0.013142,0.076108,0.187324,0.098671
379_19_461_545,2,5,0.073168,0.114351,0.089288,0.015573,0.045321,0.642886,0.019414
379_19_1229_1268,1,6,0.075179,0.172636,0.037946,0.060787,0.0555,0.081209,0.516741
379_19_715_830,2,0,0.627894,0.188262,0.076748,0.01118,0.047509,0.021976,0.026431
379_19_1379_1433,1,0,0.778087,0.091697,0.019938,0.009695,0.025005,0.064581,0.010998
384_20_1178_1333,3,3,0.022814,0.041637,0.017218,0.575126,0.089714,0.055071,0.198419
384_20_1692_1821,5,4,0.024122,0.134423,0.040782,0.294848,0.325981,0.052832,0.127012
384_19_1357_1674,6,4,0.018728,0.134028,0.03718,0.084474,0.423635,0.017782,0.284173
384_19_929_1159,3,3,0.010104,0.053947,0.029476,0.618122,0.04672,0.168397,0.073234
384_20_144_254,3,3,0.045562,0.173274,0.028794,0.341814,0.058106,0.205838,0.146612
384_19_267_366,5,3,0.017171,0.050285,0.0225,0.432235,0.032442,0.320243,0.125124
384_20_600_920,3,3,0.00943,0.0111,0.007232,0.850701,0.019362,0.040453,0.061723
384_20_384_489,3,3,0.048302,0.216083,0.030947,0.395825,0.04381,0.165715,0.099319
384_19_31_116,3,3,0.0133,0.009053,0.018056,0.823024,0.014711,0.030585,0.091273
384_19_508_579,3,3,0.024213,0.042075,0.033779,0.724524,0.009666,0.046535,0.119209
397_19_31_151,3,3,0.020608,0.016827,0.020465,0.713517,0.020532,0.041123,0.166928
397_20_1089_1267,5,5,0.005246,0.029859,0.024606,0.199739,0.027711,0.588957,0.123883
397_20_165_384,3,3,0.016315,0.024602,0.050087,0.440493,0.116928,0.156451,0.195125
397_20_1436_1574,3,3,0.035558,0.072569,0.083535,0.486261,0.077585,0.031142,0.21335
397_19_894_1071,3,1,0.063829,0.467886,0.144165,0.040386,0.059837,0.097785,0.126112
397_19_1299_1418,3,6,0.051103,0.355522,0.043951,0.080103,0.063096,0.014486,0.391739
397_20_542_642,3,6,0.044794,0.196685,0.094165,0.075193,0.265506,0.04997,0.273686
397_19_412_528,3,6,0.02231,0.094039,0.10015,0.17688,0.038411,0.141796,0.426414
397_20_771_875,1,6,0.0154,0.13904,0.132658,0.056673,0.131153,0.129181,0.395894
397_19_659_752,3,6,0.027243,0.058395,0.015917,0.23874,0.016692,0.061538,0.581474
605_31_31_391,6,3,0.018779,0.012814,0.009929,0.632735,0.011797,0.013596,0.30035
605_31_1223_1621,6,4,0.042492,0.116354,0.143661,0.020706,0.420439,0.019372,0.236976
605_32_1014_1186,0,0,0.540086,0.293544,0.032313,0.01412,0.017284,0.081592,0.021061
605_32_1629_1918,0,1,0.376122,0.438036,0.033777,0.002912,0.125466,0.008367,0.015321
605_31_846_996,6,6,0.023806,0.04933,0.013254,0.080346,0.016416,0.014897,0.801951
605_31_593_678,6,4,0.015704,0.045815,0.385689,0.016961,0.4819,0.013932,0.039999
605_32_396_519,5,6,0.166259,0.075803,0.016985,0.076003,0.007853,0.08257,0.574525
605_32_711_761,1,4,0.040184,0.196143,0.123752,0.005315,0.374375,0.007507,0.252723
605_31_1943_1968,6,4,0.034683,0.046629,0.12194,0.018267,0.666994,0.02523,0.086257
606_32_117_255,6,6,0.008371,0.046958,0.019682,0.061177,0.028525,0.015132,0.820155
606_32_1971_2130,6,4,0.024017,0.095267,0.245914,0.0184,0.313746,0.025586,0.27707
606_31_974_1286,1,4,0.04985,0.221651,0.055089,0.026808,0.580718,0.031273,0.034611
606_32_1619_1696,6,1,0.172214,0.424363,0.034823,0.016171,0.031208,0.015834,0.305387
606_31_1747_1940,1,4,0.038664,0.207934,0.139257,0.024237,0.550321,0.018498,0.02109
606_31_1345_1583,1,1,0.168656,0.393345,0.06468,0.009977,0.306334,0.019902,0.037106
606_32_2227_2404,0,0,0.722395,0.21098,0.01979,0.00584,0.014856,0.011346,0.014793
606_32_464_680,3,3,0.00853,0.011041,0.008611,0.886644,0.012132,0.033752,0.03929
606_31_289_451,5,6,0.016557,0.013351,0.010147,0.35636,0.033312,0.079544,0.490728
606_31_31_90,6,6,0.013795,0.037684,0.021582,0.112858,0.028532,0.02125,0.764299
606_32_822_916,5,5,0.129533,0.12266,0.046868,0.003252,0.028935,0.615674,0.053077
606_31_695_803,1,1,0.0376,0.508131,0.145576,0.020065,0.232852,0.017739,0.038038
606_31_2161_2216,1,4,0.015498,0.061786,0.38225,0.014562,0.41846,0.034004,0.073439
606_32_1305_1316,5,5,0.068806,0.076505,0.030647,0.01504,0.016381,0.73785,0.05477
609_31_31_152,1,1,0.335548,0.50769,0.027107,0.025001,0.08118,0.011827,0.011648
609_31_1212_1449,1,1,0.337812,0.551388,0.021291,0.00904,0.042633,0.023498,0.014338
609_31_1929_2195,6,4,0.013803,0.062983,0.084214,0.021335,0.762276,0.012806,0.042584
609_32_857_1192,6,1,0.107649,0.624626,0.052952,0.015952,0.061459,0.058473,0.078888
609_32_1471_1896,1,0,0.425333,0.411229,0.036254,0.006705,0.050046,0.04055,0.029883
609_32_164_299,0,0,0.581863,0.325052,0.030387,0.003063,0.01344,0.022885,0.02331
609_32_2219_2358,0,1,0.03694,0.445858,0.067354,0.036635,0.077019,0.053154,0.28304
609_31_331_578,1,1,0.192912,0.521009,0.026081,0.067889,0.074279,0.035094,0.082736
609_32_601_785,6,4,0.009423,0.050303,0.039482,0.044471,0.460824,0.008701,0.386797
609_31_803_831,6,6,0.070653,0.208658,0.036205,0.036687,0.022989,0.188951,0.435857
612_32_2392_2532,6,6,0.061702,0.183809,0.106093,0.214476,0.0223,0.094623,0.316996
612_31_31_199,0,0,0.944519,0.036734,0.003556,0.002547,0.003485,0.008165,0.000995
612_31_1263_1594,1,0,0.605228,0.101922,0.017895,0.021727,0.034524,0.21086,0.007845
612_32_876_1237,2,0,0.347868,0.192594,0.049793,0.0474,0.118571,0.052153,0.191621
612_32_229_547,2,6,0.03544,0.057948,0.023588,0.09528,0.019199,0.027363,0.741183
612_31_1691_2022,0,0,0.774223,0.131002,0.016677,0.011525,0.020128,0.016456,0.029989
612_31_2166_2386,0,0,0.882034,0.065832,0.005825,0.009256,0.009709,0.015965,0.011378
612_32_2068_2128,5,6,0.03129,0.080324,0.11772,0.135266,0.090137,0.136014,0.409251
612_31_597_833,1,0,0.623803,0.286278,0.013568,0.014058,0.020639,0.024789,0.016864
612_32_1594_1641,5,6,0.092574,0.053712,0.032647,0.099933,0.021994,0.329081,0.370059
620_31_1103_1556,6,6,0.02184,0.052913,0.012376,0.167531,0.027486,0.032564,0.685289
620_32_163_340,1,1,0.4469,0.454481,0.016185,0.00665,0.037383,0.019665,0.018735
620_31_2536_2913,1,0,0.277525,0.249841,0.039862,0.092016,0.165446,0.038125,0.137185
620_32_2366_2488,1,0,0.519093,0.440164,0.010053,0.007326,0.010665,0.007751,0.004948
620_32_2938_3084,6,4,0.048742,0.270905,0.046873,0.037637,0.378324,0.013223,0.204295
620_31_1664_2338,0,3,0.086896,0.22821,0.027535,0.304571,0.047912,0.060768,0.244109
620_31_619_898,1,3,0.058919,0.171611,0.077059,0.244289,0.133661,0.075663,0.238798
620_31_31_124,1,6,0.052438,0.077398,0.025588,0.094828,0.014121,0.057941,0.677686
620_32_1573_1646,6,6,0.015544,0.168278,0.074796,0.220294,0.150358,0.07128,0.29945
620_32_943_1069,6,0,0.361464,0.311025,0.070602,0.01014,0.062836,0.094681,0.089252
620_32_458_574,5,0,0.41383,0.287139,0.035632,0.003123,0.022709,0.215399,0.02217
620_31_367_437,1,1,0.288391,0.483721,0.015616,0.042152,0.057782,0.016534,0.095804
681_35_98_148,1,2,0.007717,0.237093,0.598979,0.004941,0.054983,0.077324,0.018962
681_36_1290_1461,1,1,0.022496,0.452483,0.046014,0.115336,0.036835,0.04665,0.280186
681_35_1106_1276,1,1,0.124946,0.504983,0.099477,0.022423,0.085007,0.04771,0.115454
681_35_918_1017,6,2,0.02246,0.183814,0.311688,0.048333,0.100803,0.100432,0.23247
681_36_548_643,1,1,0.043022,0.275651,0.044212,0.275465,0.029791,0.065914,0.265945
681_36_156_201,1,1,0.310972,0.522766,0.039084,0.024373,0.028403,0.038202,0.0362
681_35_332_339,6,6,0.035941,0.190295,0.114777,0.070934,0.067267,0.127149,0.393637
681_36_1032_1092,6,1,0.230485,0.584468,0.054021,0.013641,0.030592,0.040736,0.046055
681_35_415_528,1,1,0.231281,0.573281,0.060258,0.010161,0.060168,0.015792,0.04906
681_36_31_64,1,1,0.044292,0.841441,0.022818,0.019549,0.035991,0.011506,0.024403
681_35_1473_1538,1,2,0.017998,0.320737,0.359123,0.017045,0.065162,0.123913,0.096022
681_36_804_913,6,6,0.024215,0.325526,0.04755,0.07442,0.050913,0.032145,0.445231
681_35_664_791,3,3,0.010764,0.024712,0.024946,0.791593,0.020858,0.032902,0.094227
681_36_362_406,1,1,0.034525,0.420189,0.095552,0.039481,0.063827,0.049407,0.297019
681_36_259_331,6,1,0.061459,0.433624,0.037015,0.040676,0.014504,0.038531,0.374192
681_35_224_250,1,6,0.022793,0.185361,0.092416,0.125791,0.028914,0.25031,0.294416
697_35_31_131,6,6,0.013793,0.021921,0.018854,0.226958,0.008612,0.234011,0.475851
697_36_1290_1336,6,6,0.020273,0.052907,0.021663,0.056208,0.015262,0.065175,0.768512
697_35_1394_1471,6,5,0.021764,0.253423,0.133139,0.050685,0.091153,0.309062,0.140774
697_35_910_1058,6,3,0.017409,0.031332,0.01355,0.545925,0.030506,0.042322,0.318955
697_36_176_249,6,6,0.021391,0.068426,0.020793,0.052253,0.033608,0.027931,0.775598
697_36_1095_1180,6,6,0.013637,0.018631,0.01471,0.331098,0.022899,0.04318,0.555845
697_36_302_533,6,6,0.006557,0.037858,0.021045,0.084492,0.020683,0.041451,0.787914
697_36_601_635,5,6,0.177993,0.154375,0.074278,0.049542,0.048375,0.14834,0.347097
697_36_1527_1622,1,3,0.02839,0.259742,0.109595,0.394713,0.08003,0.016265,0.111266
697_35_1206_1259,5,5,0.055382,0.174202,0.074822,0.090313,0.026289,0.314233,0.264759
697_36_749_873,1,3,0.008978,0.017601,0.013673,0.583019,0.009715,0.021407,0.345606
697_35_687_706,1,4,0.037098,0.1292,0.282747,0.020328,0.287699,0.137109,0.105819
697_35_555_582,6,5,0.032153,0.074689,0.068925,0.076085,0.027873,0.508484,0.21179
697_35_262_274,6,5,0.053963,0.090264,0.027419,0.062506,0.036451,0.41744,0.311956
707_36_31_176,3,5,0.090382,0.174324,0.132983,0.175192,0.031801,0.312738,0.082581
707_35_1110_1417,1,1,0.035735,0.484274,0.310037,0.00312,0.048516,0.102907,0.01541
707_36_1417_1461,5,5,0.011904,0.03423,0.020961,0.019221,0.008754,0.857724,0.047205
707_36_888_944,5,5,0.188593,0.122133,0.049648,0.085247,0.01303,0.447691,0.093657
707_35_944_1003,6,5,0.049172,0.149157,0.087591,0.017273,0.01761,0.632314,0.046883
707_35_176_212,6,1,0.135243,0.303154,0.104431,0.041181,0.109675,0.113472,0.192844
707_36_1034_1110,4,1,0.155073,0.294706,0.142225,0.024356,0.131648,0.193106,0.058886
707_36_1703_1771,6,0,0.492613,0.364643,0.015696,0.032041,0.011568,0.02933,0.054109
707_35_333_420,1,3,0.024026,0.065251,0.181588,0.356249,0.041051,0.284133,0.047702
707_35_614_657,3,3,0.035571,0.084363,0.048928,0.384053,0.037724,0.147428,0.261932
707_35_1508_1572,1,1,0.119567,0.515543,0.04012,0.004349,0.258361,0.028962,0.033099
707_35_801_888,5,6,0.046201,0.171817,0.216165,0.037333,0.132585,0.164666,0.231232
707_36_1572_1617,6,4,0.029122,0.082584,0.381518,0.010604,0.432621,0.039609,0.023942
707_35_1617_1654,4,1,0.091473,0.331805,0.251149,0.009722,0.05842,0.133821,0.12361
707_36_481_554,6,5,0.033279,0.055035,0.041527,0.072214,0.007681,0.691099,0.099165
707_36_728_745,4,5,0.019728,0.035556,0.054389,0.083452,0.026583,0.579741,0.200552
707_36_277_333,4,5,0.137127,0.19261,0.048018,0.013508,0.040706,0.510566,0.057465
709_35_88_189,5,5,0.007079,0.033741,0.055978,0.112895,0.011343,0.587912,0.191052
709_35_1249_1326,3,3,0.075252,0.105677,0.032785,0.456762,0.025982,0.157606,0.145935
709_36_1644_1800,1,1,0.148912,0.390424,0.063423,0.073519,0.030276,0.244466,0.04898
709_36_222_281,6,1,0.134736,0.45028,0.076639,0.024717,0.061207,0.07229,0.18013
709_35_1800_1874,3,3,0.04215,0.062334,0.013688,0.799954,0.013109,0.030289,0.038475
709_35_1441_1593,3,3,0.033517,0.115345,0.045197,0.610695,0.027847,0.140878,0.026521
709_36_938_955,5,5,0.084879,0.081353,0.027944,0.075743,0.024793,0.418588,0.286701
709_36_1326_1416,1,5,0.040826,0.132111,0.077505,0.128576,0.024399,0.523085,0.073498
709_36_554_673,6,5,0.01056,0.062197,0.037387,0.07625,0.005769,0.659494,0.148343
709_35_955_1157,3,3,0.019389,0.02582,0.01594,0.692249,0.022385,0.198347,0.02587
709_35_281_371,5,5,0.091125,0.110684,0.050115,0.027072,0.029765,0.620031,0.071208
709_36_371_521,1,5,0.015143,0.038754,0.027915,0.019808,0.009635,0.858067,0.030678
709_36_31_88,6,1,0.190569,0.539288,0.074669,0.023665,0.029915,0.049758,0.092136
709_35_769_901,3,3,0.008873,0.009078,0.015212,0.691277,0.00768,0.259632,0.008249
709_36_1190_1249,1,5,0.137418,0.051821,0.018398,0.052703,0.008055,0.706543,0.025062
709_35_521_554,5,5,0.002937,0.014085,0.013603,0.008527,0.006528,0.929323,0.024997
975_49_95_159,5,5,0.024926,0.116855,0.02511,0.011527,0.024622,0.763473,0.033486
975_50_1106_1199,5,5,0.077943,0.164565,0.07782,0.032573,0.045083,0.531918,0.070098
975_49_1819_1893,1,1,0.241787,0.57856,0.024215,0.05862,0.057996,0.011396,0.027425
975_50_1325_1546,6,1,0.086772,0.336152,0.115011,0.01895,0.182695,0.024898,0.235521
975_50_184_248,5,5,0.109719,0.121157,0.049138,0.015771,0.02143,0.604428,0.078357
975_49_482_753,6,4,0.016636,0.153773,0.115758,0.007348,0.514728,0.073008,0.118749
975_50_1723_1780,1,0,0.524464,0.370066,0.012814,0.009671,0.010957,0.032208,0.039821
975_49_997_1064,3,3,0.014383,0.016664,0.016542,0.707637,0.018209,0.206236,0.020329
975_50_31_71,6,6,0.38296,0.088348,0.014316,0.033668,0.038771,0.041057,0.40088
975_50_375_462,6,5,0.097156,0.175995,0.091066,0.012664,0.079439,0.47052,0.073159
975_49_1225_1284,6,0,0.425663,0.357257,0.039348,0.02489,0.033704,0.015432,0.103706
975_50_813_903,6,1,0.102031,0.332724,0.21965,0.009202,0.151551,0.020263,0.164579
975_49_1578_1673,1,1,0.091004,0.548079,0.059028,0.008045,0.185625,0.065619,0.042599
975_49_283_331,6,5,0.058276,0.181602,0.04267,0.043503,0.062653,0.391647,0.21965
979_49_31_175,4,4,0.011724,0.026094,0.02207,0.146684,0.491585,0.012794,0.289049
979_49_1295_1649,3,4,0.023336,0.089029,0.058193,0.039566,0.520962,0.041761,0.227154
979_50_1113_1273,4,4,0.022079,0.188309,0.175455,0.036689,0.499087,0.051117,0.027263
979_50_1664_1819,1,4,0.068745,0.429251,0.014241,0.011195,0.450454,0.007065,0.019049
979_50_218_332,5,5,0.014205,0.047711,0.020812,0.015762,0.012603,0.871499,0.017408
979_50_893_987,1,2,0.016652,0.063606,0.598134,0.007289,0.167008,0.120689,0.026621
979_50_492_594,1,5,0.031968,0.021993,0.052397,0.220931,0.104482,0.407175,0.161053
979_49_1003_1096,5,4,0.021209,0.136055,0.09705,0.008674,0.500797,0.029761,0.206455
979_49_594_639,5,5,0.003386,0.02128,0.019762,0.006302,0.010939,0.929621,0.008709
979_49_353_467,4,4,0.009157,0.139378,0.161021,0.004519,0.638028,0.008944,0.038953
979_49_763_885,5,4,0.027638,0.210344,0.084321,0.02754,0.353885,0.20309,0.093182
979_49_1841_1939,3,6,0.016015,0.135854,0.056036,0.168507,0.182195,0.01732,0.424072
979_50_678_726,1,1,0.112763,0.512794,0.01502,0.069902,0.244057,0.009455,0.03601
988_49_123_266,3,3,0.014109,0.091644,0.023463,0.530226,0.160985,0.01642,0.163153
988_49_1183_1291,4,4,0.016572,0.168152,0.078559,0.15124,0.356674,0.030539,0.198263
988_50_1668_2000,1,4,0.17524,0.262562,0.071548,0.011752,0.302674,0.081125,0.095099
988_49_857_995,4,1,0.055441,0.344859,0.087254,0.082924,0.287463,0.080038,0.062021
988_50_1314_1443,4,6,0.049272,0.216837,0.01839,0.029373,0.253884,0.015265,0.416978
988_50_515_626,4,4,0.03081,0.108959,0.024747,0.015061,0.765323,0.007132,0.047968
988_50_1063_1133,4,4,0.014897,0.076503,0.029231,0.013172,0.842627,0.007653,0.015918
988_50_321_397,5,3,0.011839,0.034253,0.02081,0.546577,0.127183,0.016776,0.242561
988_50_31_83,6,6,0.159562,0.185755,0.046361,0.054057,0.101879,0.143461,0.308925
988_49_416_458,3,5,0.082224,0.085295,0.010831,0.344491,0.012858,0.38983,0.074471
988_49_1504_1609,4,4,0.01801,0.117694,0.031707,0.013056,0.758556,0.004157,0.056819
988_49_648_704,3,3,0.08764,0.301988,0.026992,0.339221,0.132414,0.042653,0.069093
988_50_742_814,4,1,0.181306,0.344503,0.065051,0.189544,0.107434,0.030421,0.081742
997_50_31_132,3,3,0.042094,0.056643,0.058197,0.576308,0.098121,0.032666,0.135972
997_49_1223_1853,2,1,0.048918,0.34038,0.12621,0.112943,0.088057,0.203839,0.079653
997_50_1101_1204,2,2,0.0381,0.097491,0.337442,0.113869,0.062192,0.11239,0.238517
997_49_865_955,5,5,0.004987,0.022565,0.219296,0.003102,0.052135,0.690849,0.007065
997_49_144_243,3,1,0.026624,0.456516,0.067504,0.053373,0.106305,0.111697,0.17798
997_50_501_622,2,6,0.060117,0.076674,0.169527,0.13099,0.142384,0.084918,0.33539
997_50_275_441,2,4,0.028003,0.067209,0.274498,0.041931,0.334347,0.035912,0.2181
997_49_1014_1087,2,1,0.226995,0.578452,0.091332,0.030161,0.029069,0.023894,0.020098
997_49_460_487,2,2,0.011624,0.060529,0.528602,0.005299,0.195739,0.165754,0.032454
997_50_731_836,2,6,0.030519,0.054771,0.027527,0.158647,0.112028,0.018211,0.598297
997_50_1873_1951,2,3,0.102725,0.302937,0.073676,0.404161,0.03614,0.026987,0.053375
997_49_644_707,2,1,0.076503,0.479649,0.265228,0.040361,0.063227,0.053008,0.022023
997_50_964_995,2,2,0.019627,0.05482,0.325835,0.162892,0.078016,0.206115,0.152695
1645_83_2458_2547,3,3,0.011884,0.02519,0.057166,0.642247,0.016009,0.064541,0.182963
1645_84_120_146,3,3,0.014656,0.026064,0.013568,0.802795,0.013907,0.021509,0.107501
1645_83_1272_1322,5,5,0.006841,0.040022,0.118082,0.139611,0.008549,0.649377,0.037517
1645_84_1146_1270,1,1,0.252,0.529554,0.055731,0.040336,0.062464,0.02855,0.031366
1645_83_153_307,5,1,0.044762,0.327693,0.100016,0.180242,0.040177,0.097668,0.209443
1645_83_2863_2965,3,3,0.030548,0.107307,0.101602,0.351834,0.02493,0.160252,0.223527
1645_83_2646_2760,6,6,0.007312,0.033034,0.023277,0.232484,0.022563,0.008366,0.672965
1645_84_1329_1494,0,3,0.113663,0.174535,0.038094,0.32019,0.035942,0.175458,0.142119
1645_84_2549_2640,3,3,0.024855,0.021207,0.044983,0.671459,0.01954,0.094111,0.123845
1645_83_756_984,6,6,0.00681,0.114745,0.049088,0.107426,0.019675,0.079304,0.622952
1645_84_2771_2862,3,3,0.021553,0.031865,0.017953,0.683123,0.016096,0.016654,0.212756
1645_84_2059_2119,6,3,0.027543,0.120333,0.031925,0.680086,0.02347,0.051324,0.06532
1645_83_1058_1138,5,6,0.007957,0.156283,0.2383,0.108044,0.027971,0.064603,0.396843
1645_83_1688_1781,5,1,0.025401,0.416857,0.09655,0.054749,0.023042,0.331848,0.051553
1645_83_373_688,1,1,0.093429,0.4792,0.095731,0.065005,0.08057,0.049721,0.136345
1645_84_1633_1685,3,3,0.038618,0.090644,0.017234,0.535548,0.025129,0.033164,0.259662
1645_83_1518_1619,5,2,0.011319,0.149271,0.508262,0.046434,0.053027,0.0666,0.165088
1645_83_2140_2332,5,5,0.018025,0.26675,0.102529,0.040109,0.032965,0.507634,0.031987
1645_84_1782_1914,5,3,0.023505,0.266107,0.040533,0.364314,0.029755,0.048469,0.227317
1645_83_31_119,5,1,0.080014,0.397805,0.062353,0.050734,0.045687,0.022613,0.340793
1645_84_696_735,3,3,0.016596,0.017481,0.018814,0.752778,0.014439,0.027824,0.152068
1645_83_1927_2055,5,5,0.021852,0.223536,0.186744,0.015987,0.032988,0.495908,0.022985
1645_83_3068_3151,5,3,0.007694,0.006849,0.01612,0.507825,0.007453,0.445463,0.008596
1645_84_309_356,3,3,0.017405,0.031303,0.322224,0.545351,0.027011,0.039049,0.017657
1645_84_2333_2454,3,1,0.189467,0.32878,0.028009,0.240369,0.04836,0.103419,0.061596
1645_84_2969_3065,3,3,0.016268,0.013647,0.012251,0.876317,0.011201,0.021927,0.048389
1645_84_999_1025,3,3,0.012836,0.019042,0.008147,0.87406,0.008888,0.009912,0.067116
1652_83_2398_2490,3,6,0.171744,0.219198,0.044568,0.22904,0.018018,0.026915,0.290517
1652_83_31_220,3,3,0.031265,0.24466,0.037114,0.302013,0.04278,0.212437,0.129731
1652_84_1123_1415,3,3,0.019263,0.043495,0.023084,0.613916,0.074035,0.037937,0.188271
1652_83_1837_2081,5,5,0.039199,0.06442,0.088303,0.114689,0.107198,0.543961,0.042229
1652_84_1611_1830,3,1,0.04359,0.317967,0.191107,0.098886,0.098006,0.152878,0.097566
1652_84_230_303,3,3,0.023428,0.029188,0.016511,0.838445,0.026633,0.038237,0.027559
1652_83_1423_1584,5,5,0.015786,0.077561,0.062077,0.041544,0.037131,0.745161,0.020741
1652_84_2089_2392,3,1,0.085472,0.304479,0.049766,0.258618,0.052733,0.21563,0.033302
1652_84_2496_2637,3,3,0.011002,0.012587,0.011353,0.88717,0.015464,0.013804,0.04862
1652_83_924_938,5,5,0.023707,0.041856,0.036623,0.052197,0.017063,0.769488,0.059065
1652_84_943_969,3,3,0.023325,0.067261,0.029616,0.316736,0.019033,0.26599,0.278039
1652_83_535_592,1,6,0.047553,0.144918,0.014359,0.121691,0.007399,0.030963,0.633117
1652_83_312_402,0,6,0.034013,0.166297,0.036575,0.164727,0.017101,0.290107,0.291179
1652_84_596_657,3,3,0.032099,0.076864,0.037199,0.498928,0.02251,0.27809,0.05431
1652_84_1004_1073,3,3,0.061735,0.163011,0.060794,0.360434,0.062306,0.084334,0.207386
1652_84_411_447,3,3,0.09614,0.108649,0.02564,0.418773,0.035486,0.183876,0.131434
1652_83_449_473,0,1,0.174985,0.429149,0.01795,0.190105,0.023061,0.042512,0.122238
1652_84_768_920,3,3,0.023606,0.073517,0.127568,0.543881,0.034964,0.128422,0.068043
1652_83_665_760,0,1,0.065638,0.301347,0.029146,0.142782,0.010559,0.188082,0.262447
1652_83_1083_1093,5,6,0.084187,0.179853,0.048775,0.073377,0.039099,0.266723,0.307986
1652_83_972_995,5,1,0.157511,0.340802,0.045262,0.142719,0.026797,0.200484,0.086425
1652_84_495_522,3,5,0.02645,0.077443,0.046496,0.070503,0.017753,0.718009,0.043347
1656_84_31_174,3,3,0.024209,0.034582,0.060216,0.44797,0.023016,0.163912,0.246095
1656_83_1214_1476,3,1,0.020636,0.251847,0.105623,0.237548,0.040483,0.17825,0.165613
1656_84_1970_2102,3,3,0.078601,0.109073,0.066963,0.621576,0.038814,0.044167,0.040806
1656_84_1029_1204,3,3,0.045389,0.187442,0.116414,0.425767,0.093282,0.075012,0.056694
1656_83_1608_1719,1,1,0.096481,0.445447,0.175527,0.014599,0.204794,0.013124,0.050028
1656_84_250_299,3,3,0.033172,0.068815,0.04771,0.446893,0.040445,0.180501,0.182466
1656_83_1781_1940,4,1,0.273669,0.552968,0.037375,0.009754,0.05699,0.010095,0.059148
1656_83_2136_2269,4,4,0.006913,0.075468,0.414664,0.00761,0.449677,0.005062,0.040605
1656_84_923_938,3,3,0.026765,0.040212,0.024054,0.666025,0.032024,0.081889,0.129031
1656_83_201_216,3,1,0.082762,0.464093,0.099699,0.034484,0.081817,0.144673,0.092472
1656_83_515_659,6,6,0.031288,0.103545,0.032477,0.211099,0.056832,0.030111,0.534647
1656_83_328_367,3,3,0.045838,0.122147,0.033785,0.607906,0.040892,0.062305,0.087127
1656_84_372_504,1,5,0.247253,0.244561,0.074937,0.021922,0.061313,0.327931,0.022083
1656_84_1498_1586,3,3,0.008147,0.001688,0.008967,0.953592,0.00824,0.010986,0.00838
1656_83_802_911,3,1,0.055561,0.379705,0.022244,0.292021,0.034756,0.017053,0.19866
1656_84_694_785,1,3,0.087618,0.145226,0.061052,0.373264,0.055334,0.066431,0.211074
1656_83_970_1009,3,3,0.044526,0.305523,0.030109,0.315659,0.01731,0.030954,0.255919
1656_84_1746_1756,5,5,0.014169,0.050188,0.027492,0.062002,0.018393,0.731457,0.096299
1662_84_31_179,0,1,0.260785,0.479323,0.107251,0.008249,0.051571,0.085505,0.007316
1662_83_1209_1347,2,1,0.052342,0.450608,0.227355,0.043973,0.06911,0.095073,0.061539
1662_83_2040_2224,1,2,0.018293,0.107153,0.483952,0.032171,0.304307,0.026072,0.028052
1662_84_1102_1208,5,2,0.001682,0.019841,0.916995,0.000728,0.04209,0.01498,0.003683
1662_83_1545_1780,5,5,0.048716,0.240378,0.198494,0.035346,0.069447,0.390344,0.017275
1662_83_193_269,2,1,0.250998,0.447826,0.073574,0.008387,0.168181,0.020609,0.030424
1662_84_1788_1849,1,1,0.034101,0.339992,0.14026,0.059974,0.239645,0.068029,0.117998
1662_84_1361_1544,0,2,0.014474,0.336235,0.408097,0.017304,0.058346,0.075733,0.08981
1662_83_880_1099,2,0,0.439704,0.273774,0.04768,0.02517,0.093472,0.108188,0.012012
1662_84_2228_2365,1,4,0.018847,0.223262,0.320906,0.011765,0.382597,0.021821,0.0208
1662_83_366_700,1,1,0.280725,0.408314,0.07444,0.016506,0.131295,0.03679,0.05193
1662_84_276_353,0,1,0.110011,0.313215,0.060039,0.107568,0.04083,0.075328,0.293008
1662_84_714_878,1,4,0.018033,0.118878,0.186431,0.091476,0.45906,0.038404,0.087718
1662_84_1908_2023,1,1,0.035062,0.564467,0.223185,0.019941,0.034142,0.109502,0.013701
1662_83_1852_1881,1,6,0.067105,0.32521,0.035433,0.135099,0.07891,0.02473,0.333513
1671_83_1286_1390,6,6,0.012274,0.073894,0.019658,0.109714,0.019508,0.055065,0.709887
1671_84_2017_2064,3,3,0.074646,0.176726,0.022224,0.480359,0.096941,0.021775,0.12733
1671_84_1116_1217,6,3,0.027315,0.210081,0.0228,0.462153,0.043603,0.080911,0.153138
1671_84_1606_1848,6,3,0.025677,0.05255,0.028826,0.600435,0.047129,0.037418,0.207966
1671_83_1455_1585,5,5,0.014762,0.076113,0.076846,0.035708,0.024194,0.717824,0.054554
1671_84_932_1022,6,3,0.033557,0.155892,0.022531,0.416989,0.060944,0.029844,0.280243
1671_83_137_247,6,1,0.072819,0.299755,0.063966,0.070048,0.040059,0.249745,0.203609
1671_83_383_732,6,5,0.009381,0.081801,0.064573,0.176313,0.030953,0.573755,0.063224
1671_84_263_364,3,3,0.023355,0.031924,0.013631,0.764658,0.018889,0.025879,0.121664
1671_84_31_115,3,3,0.022553,0.053684,0.030253,0.673209,0.098374,0.022541,0.099388
1671_84_758_824,3,3,0.037044,0.085908,0.02013,0.682446,0.056113,0.020595,0.097765
1671_83_1866_2000,6,6,0.010296,0.136983,0.065941,0.097497,0.239124,0.094213,0.355945
1671_84_1397_1425,6,3,0.028065,0.140384,0.032299,0.555424,0.031083,0.038453,0.174293
1671_83_858_914,6,1,0.16291,0.459658,0.030291,0.04038,0.01867,0.038824,0.249267
1671_83_1058_1098,6,6,0.103712,0.249049,0.0406,0.014787,0.061983,0.071361,0.458508
1671_83_2096_2122,1,6,0.07421,0.251496,0.025396,0.066922,0.029199,0.072321,0.480456
1675_84_31_307,1,3,0.086924,0.117426,0.02134,0.658613,0.030506,0.057812,0.027379
1675_84_1119_1363,1,1,0.014054,0.328664,0.109145,0.189495,0.044556,0.111143,0.202943
1675_83_2849_2929,2,4,0.006787,0.069402,0.180936,0.01403,0.687445,0.008165,0.033234
1675_84_2490_2830,1,1,0.124389,0.59876,0.030871,0.115685,0.023051,0.047748,0.059496
1675_84_1441_1577,3,3,0.021876,0.042538,0.010474,0.827163,0.022354,0.015997,0.059596
1675_84_2944_3205,1,3,0.048465,0.210896,0.054237,0.400236,0.045422,0.034609,0.206136
1675_83_749_958,2,1,0.112559,0.566797,0.044274,0.103534,0.035101,0.082746,0.05499
1675_84_2054_2216,1,1,0.041537,0.511209,0.188825,0.034894,0.107782,0.048676,0.067076
1675_83_1072_1119,1,5,0.04385,0.123446,0.036004,0.04036,0.011924,0.57478,0.169636
1675_84_1760_1801,5,5,0.017203,0.051964,0.091482,0.027971,0.017792,0.773377,0.02021
1675_84_519_749,1,1,0.188073,0.594009,0.070265,0.040773,0.054639,0.030712,0.021528
1675_83_2439_2483,1,1,0.222947,0.524194,0.021919,0.02217,0.012873,0.169739,0.026159
1675_83_1591_1752,2,1,0.106157,0.405956,0.044829,0.126228,0.053943,0.211969,0.050917
1675_84_2269_2435,1,3,0.014527,0.130967,0.094167,0.428627,0.035908,0.04723,0.248573
1675_83_1806_2040,2,5,0.012278,0.072723,0.031343,0.298794,0.017062,0.416222,0.151578
1675_83_3212_3316,2,2,0.017897,0.176372,0.280351,0.089338,0.073336,0.25297,0.109735
1675_83_1379_1427,6,3,0.042867,0.272063,0.022284,0.464118,0.029978,0.063269,0.105422
1675_84_964_1058,3,3,0.020952,0.03151,0.070559,0.722723,0.029607,0.104437,0.020212
1675_83_320_498,1,1,0.105229,0.51301,0.036954,0.070139,0.079536,0.149944,0.045187
1675_83_2223_2255,2,5,0.018977,0.13441,0.114535,0.038908,0.017006,0.598966,0.077197
1965_99_31_145,2,2,0.016348,0.151042,0.613555,0.003088,0.087179,0.03283,0.095959
1965_100_1246_1318,2,1,0.076594,0.355319,0.123992,0.104814,0.034851,0.04925,0.25518
1965_99_1058_1246,2,2,0.034218,0.240803,0.499423,0.003238,0.197012,0.006344,0.018962
1965_99_218_382,2,1,0.08771,0.321279,0.242271,0.002104,0.21309,0.02388,0.109666
1965_100_927_1058,2,4,0.000937,0.011577,0.224114,0.000828,0.755786,0.003352,0.003406
1965_100_145_218,5,5,0.006481,0.006888,0.019137,0.008997,0.004213,0.950196,0.004088
1965_99_1318_1391,2,2,0.034122,0.161362,0.552297,0.00246,0.234996,0.00567,0.009094
1965_99_516_726,2,2,0.007972,0.102019,0.713456,0.001964,0.125418,0.015123,0.034048
1965_100_382_516,2,1,0.349831,0.48095,0.069525,0.004863,0.027455,0.042267,0.025108
1965_99_787_927,4,1,0.031583,0.362195,0.149237,0.030879,0.044403,0.051315,0.330389
1965_100_726_787,6,6,0.083929,0.136453,0.101113,0.002141,0.026033,0.042157,0.608174
1977_99_31_167,2,6,0.084369,0.160059,0.144136,0.109957,0.06079,0.153789,0.2869
1977_100_1199_1356,5,0,0.642768,0.151647,0.020544,0.005034,0.012884,0.163163,0.003961
1977_99_1884_2155,1,0,0.660677,0.200841,0.036446,0.011051,0.048593,0.027538,0.014853
1977_100_193_347,1,1,0.022631,0.367532,0.252474,0.032112,0.131434,0.094976,0.098841
1977_99_1700_1813,1,0,0.534132,0.297852,0.04023,0.018531,0.046971,0.03735,0.024934
1977_99_1374_1485,1,0,0.392672,0.257534,0.029565,0.058559,0.036271,0.17559,0.04981
1977_100_2181_2297,1,1,0.136141,0.573532,0.07898,0.011087,0.116343,0.009742,0.074175
1977_99_920_1167,1,0,0.638977,0.248878,0.016296,0.01546,0.030023,0.032333,0.018033
1977_100_496_749,5,0,0.831154,0.094872,0.009908,0.00811,0.011975,0.0371,0.006881
1977_99_2310_2394,1,0,0.53938,0.295225,0.058868,0.011595,0.062565,0.016694,0.015674
1977_99_359_481,4,1,0.421932,0.47399,0.024611,0.006931,0.038086,0.014534,0.019916
1977_100_1534_1678,0,1,0.196298,0.471678,0.067114,0.041138,0.086824,0.025229,0.111718
1977_100_2413_2480,5,5,0.245653,0.032363,0.030327,0.004772,0.007997,0.674887,0.004
1977_99_755_826,1,5,0.194724,0.222933,0.039664,0.060303,0.030921,0.345303,0.106152
1977_100_847_908,5,5,0.07471,0.271119,0.272251,0.014459,0.03838,0.276041,0.05304
1977_100_1829_1856,5,5,0.168445,0.022583,0.013403,0.034122,0.006915,0.743635,0.010896
1978_100_1270_1590,1,0,0.387896,0.184327,0.055658,0.05037,0.029859,0.216632,0.075258
1978_99_1832_2082,1,6,0.111333,0.277818,0.06026,0.1234,0.034676,0.073534,0.318979
1978_100_888_1192,3,3,0.009901,0.004478,0.007453,0.925621,0.009505,0.029805,0.013237
1978_100_232_351,3,3,0.321319,0.110148,0.056691,0.387706,0.02839,0.063269,0.032478
1978_99_2198_2277,1,0,0.456304,0.416208,0.023717,0.016397,0.028533,0.02918,0.02966
1978_99_142_213,1,1,0.067168,0.652271,0.071587,0.008043,0.164926,0.015261,0.020744
1978_99_518_667,1,1,0.235859,0.358006,0.052675,0.107579,0.039474,0.080934,0.125473
1978_100_1721_1777,5,0,0.288744,0.271826,0.102139,0.008291,0.02395,0.127861,0.177189
1978_100_442_506,1,0,0.500952,0.138264,0.023261,0.006556,0.015493,0.308345,0.007127
1978_100_31_113,3,3,0.027517,0.016836,0.018683,0.814642,0.020732,0.033146,0.068444
1978_99_788_838,4,1,0.287927,0.562609,0.040195,0.016088,0.025932,0.040596,0.026653
1978_100_2113_2181,1,5,0.013013,0.014883,0.017387,0.028045,0.007289,0.912037,0.007347
1978_100_689_775,3,3,0.025066,0.030951,0.016977,0.767747,0.017001,0.126327,0.015932
1978_99_362_415,1,1,0.210971,0.61398,0.052477,0.005397,0.081166,0.018385,0.017624
1978_99_1605_1672,1,0,0.41182,0.386179,0.043634,0.016878,0.024021,0.072042,0.045425
1978_99_1212_1251,1,2,0.033725,0.327639,0.330042,0.005413,0.155567,0.065658,0.081957
1988_99_87_160,5,5,0.006917,0.050046,0.171251,0.007566,0.015756,0.729228,0.019236
1988_100_1127_1427,5,3,0.103958,0.107977,0.02803,0.502585,0.03707,0.155247,0.065132
1988_99_1633_1766,1,1,0.260141,0.516614,0.065917,0.012511,0.032632,0.093146,0.019038
1988_99_217_329,1,1,0.347043,0.455218,0.052524,0.008899,0.048622,0.038626,0.04907
1988_99_1427_1530,5,3,0.011279,0.019862,0.103399,0.492778,0.041201,0.067139,0.264343
1988_100_926_1049,5,1,0.188354,0.538964,0.045495,0.033567,0.02827,0.122895,0.042456
1988_100_160_217,1,5,0.015801,0.137626,0.076156,0.02319,0.007669,0.484485,0.255072
1988_100_570_643,3,3,0.159468,0.124036,0.0248,0.417772,0.020683,0.024094,0.229148
1988_99_1049_1127,1,1,0.03934,0.687006,0.11924,0.015399,0.087082,0.009283,0.04265
1988_100_329_496,3,3,0.10315,0.081058,0.015802,0.492214,0.011481,0.055318,0.240978
1988_100_31_87,3,3,0.028732,0.052473,0.047383,0.370893,0.016177,0.211611,0.272731
1988_100_1530_1633,5,5,0.218059,0.123858,0.018522,0.231675,0.036728,0.352718,0.01844
1988_100_717_839,5,5,0.018407,0.092871,0.06323,0.192235,0.017317,0.505745,0.110196
1988_99_643_717,1,1,0.236816,0.376295,0.116987,0.154246,0.032071,0.067522,0.016063
1988_99_496_570,1,1,0.017572,0.569415,0.151583,0.055085,0.023318,0.080864,0.102164
1988_99_839_926,1,0,0.644766,0.283911,0.018591,0.011616,0.020452,0.013982,0.006683
1989_99_91_374,5,3,0.046882,0.079637,0.090115,0.420517,0.052838,0.122307,0.187704
1989_99_1208_1313,1,0,0.617598,0.310656,0.030542,0.002485,0.022531,0.011507,0.004681
1989_100_1151_1208,1,3,0.058067,0.079499,0.174125,0.357573,0.110769,0.206671,0.013295
1989_99_1468_1795,1,1,0.282038,0.339466,0.161585,0.015001,0.128657,0.047063,0.026191
1989_100_1795_1888,5,5,0.073361,0.185289,0.261431,0.019048,0.03837,0.41958,0.002921
1989_100_1313_1468,1,3,0.065298,0.169918,0.163383,0.29572,0.158899,0.112686,0.034096
1989_100_813_1042,1,1,0.033967,0.443043,0.222535,0.025327,0.096517,0.12056,0.058051
1989_100_588_734,1,2,0.01225,0.215836,0.483844,0.016278,0.134011,0.114516,0.023265
1989_99_1042_1151,1,0,0.385536,0.374034,0.053971,0.022097,0.045645,0.093675,0.025041
1989_100_374_478,5,5,0.012948,0.049563,0.107388,0.010043,0.016355,0.800314,0.003389
1989_99_31_55,5,3,0.012775,0.00562,0.016308,0.74203,0.007158,0.024614,0.191495
1989_99_1888_1938,1,0,0.639741,0.273135,0.019732,0.008243,0.017598,0.021376,0.020175
1989_100_55_91,5,5,0.021465,0.059237,0.042964,0.011548,0.009328,0.72627,0.129189
1989_99_478_588,1,0,0.451623,0.309749,0.03908,0.004812,0.028921,0.150232,0.015583
1989_99_734_813,5,5,0.029837,0.039517,0.06969,0.002431,0.01831,0.833889,0.006327
1993_100_1288_1441,6,3,0.071805,0.204731,0.040784,0.481636,0.078708,0.09035,0.031986
1993_99_782_1287,4,1,0.261653,0.528172,0.051064,0.009224,0.106071,0.025441,0.018375
1993_100_1624_1691,3,6,0.042406,0.118339,0.154228,0.191075,0.099012,0.140008,0.254932
1993_100_217_367,1,6,0.050245,0.169404,0.035888,0.278067,0.02499,0.07446,0.366946
1993_100_1800_1858,1,3,0.058049,0.059036,0.01594,0.725798,0.03907,0.023188,0.078919
1993_99_553_635,4,1,0.030665,0.457111,0.284577,0.005,0.181282,0.020285,0.021078
1993_99_132_197,4,5,0.142869,0.160296,0.153813,0.059091,0.042964,0.234387,0.20658
1993_99_1692_1771,0,0,0.29435,0.210483,0.13886,0.003175,0.07257,0.167071,0.113492
1993_100_433_552,5,5,0.00993,0.027852,0.027807,0.021699,0.009573,0.892214,0.010925
1993_100_31_117,3,3,0.009834,0.003534,0.017532,0.812319,0.013446,0.058983,0.084351
1993_99_1465_1601,4,1,0.149274,0.300004,0.161194,0.008757,0.057721,0.07434,0.248711
1993_100_641_775,3,3,0.207105,0.097972,0.031612,0.434174,0.054399,0.14576,0.028978
1993_99_384_427,4,2,0.046798,0.362129,0.413063,0.003018,0.129298,0.031678,0.014016
2212_111_31_349,6,1,0.076139,0.296217,0.245417,0.039552,0.082243,0.124625,0.135807
2212_112_1213_1476,6,6,0.022894,0.144145,0.026439,0.339831,0.059843,0.043341,0.363506
2212_111_1856_2240,1,1,0.055303,0.316271,0.259574,0.051855,0.187668,0.102246,0.027084
2212_111_1004_1198,6,5,0.022436,0.228756,0.11336,0.127199,0.056204,0.417033,0.035012
2212_112_1658_1830,1,1,0.015803,0.346707,0.08726,0.057118,0.336197,0.015859,0.141056
2212_111_2604_2667,0,1,0.130514,0.50148,0.152228,0.071288,0.060397,0.03749,0.046602
2212_112_743_990,6,1,0.027777,0.271497,0.067858,0.223431,0.186076,0.04192,0.181441
2212_112_2254_2377,1,1,0.319558,0.582572,0.026397,0.007473,0.025781,0.032236,0.005984
2212_111_561_728,5,5,0.061571,0.261736,0.041186,0.054756,0.03152,0.536175,0.013056
2212_112_370_540,1,3,0.012891,0.086107,0.035042,0.368321,0.052769,0.180259,0.26461
2212_111_1507_1628,1,1,0.046391,0.411825,0.252313,0.044238,0.089667,0.104345,0.051222
2212_112_2503_2587,1,1,0.068998,0.5492,0.099944,0.073719,0.079543,0.010498,0.118098
2212_111_2377_2463,1,1,0.23171,0.487146,0.097564,0.074973,0.068397,0.02174,0.01847
2212_112_2669_2683,0,1,0.342719,0.4559,0.070562,0.023677,0.039765,0.029659,0.037717
2221_112_1228_1573,1,1,0.063382,0.42242,0.168191,0.026689,0.259938,0.043584,0.015795
2221_111_1921_2070,1,1,0.294583,0.421875,0.059005,0.040006,0.062494,0.066608,0.05543
2221_111_1021_1214,1,0,0.57567,0.334772,0.020904,0.006398,0.030395,0.017174,0.014687
2221_111_1596_1691,1,0,0.49822,0.429147,0.02586,0.004586,0.020663,0.011814,0.00971
2221_111_246_311,3,1,0.038289,0.31368,0.101577,0.189987,0.110004,0.009948,0.236515
2221_112_1706_1913,1,1,0.145335,0.535314,0.183284,0.004555,0.115916,0.012253,0.003343
2221_112_734_1012,1,1,0.177593,0.587847,0.040869,0.02561,0.103133,0.039599,0.02535
2221_112_138_234,1,1,0.192927,0.306459,0.066223,0.042698,0.072349,0.282885,0.036459
2221_111_519_690,5,1,0.155482,0.408271,0.080267,0.112309,0.091644,0.027082,0.124945
2221_112_322_492,1,5,0.169111,0.319316,0.024845,0.030097,0.060905,0.372194,0.023532
2221_111_31_114,3,1,0.07622,0.397309,0.103891,0.143305,0.12207,0.034698,0.122507
2221_112_2083_2196,1,0,0.821462,0.146595,0.00953,0.004246,0.006108,0.006226,0.005833
2228_111_1217_1352,1,3,0.021229,0.244054,0.131238,0.309579,0.189777,0.038777,0.065346
2228_112_1055_1201,1,3,0.010591,0.051756,0.018169,0.661863,0.03323,0.057681,0.166711
2228_111_225_313,3,3,0.010872,0.028094,0.024221,0.752599,0.018849,0.011285,0.154079
2228_112_1355_1545,4,1,0.040398,0.538226,0.068403,0.064562,0.181255,0.018175,0.088981
2228_111_782_1037,4,3,0.019518,0.17369,0.119606,0.357382,0.069625,0.151171,0.109008
2228_112_144_210,1,1,0.163562,0.577202,0.017374,0.021564,0.089567,0.072844,0.057887
2228_111_590_663,3,3,0.020935,0.049277,0.059892,0.696737,0.047496,0.050515,0.075149
2228_112_334_419,1,1,0.019668,0.596223,0.025145,0.00938,0.306951,0.009105,0.033528
2228_112_475_577,3,3,0.006277,0.004638,0.006226,0.915329,0.003552,0.031188,0.032791
2228_111_31_110,1,1,0.052519,0.59689,0.047248,0.026073,0.168425,0.010377,0.098468
2228_111_437_461,3,6,0.045193,0.119996,0.058576,0.229819,0.031019,0.250224,0.265173
2228_112_687_767,3,3,0.007438,0.017184,0.016721,0.805376,0.013674,0.026355,0.113252
2406_121_31_150,4,2,0.019279,0.150022,0.44676,0.022004,0.336245,0.011003,0.014687
2406_121_1118_1412,2,2,0.006603,0.026238,0.757785,0.014749,0.183413,0.006118,0.005095
2406_121_1516_1730,1,2,0.008978,0.037653,0.797868,0.075739,0.065025,0.009986,0.00475
2406_121_235_565,1,1,0.073784,0.457757,0.270132,0.013439,0.170923,0.009543,0.004422
2406_122_1737_2008,1,2,0.022678,0.063939,0.650821,0.089522,0.122832,0.021314,0.028894
2406_122_1413_1492,1,4,0.023755,0.096308,0.33729,0.010903,0.512315,0.007949,0.01148
2406_122_909_1100,1,2,0.043661,0.149081,0.437936,0.033129,0.281994,0.033276,0.020922
2406_122_160_219,1,5,0.071973,0.117218,0.313279,0.005552,0.082945,0.396105,0.012927
2406_122_570_703,2,2,0.043033,0.107679,0.374673,0.036372,0.254738,0.067264,0.11624
2406_121_714_897,1,2,0.037249,0.320581,0.470109,0.018053,0.141762,0.00666,0.005585
2404_122_31_178,2,5,0.098171,0.079059,0.247967,0.052869,0.024218,0.465543,0.032171
2404_122_1280_1440,1,0,0.600069,0.31983,0.023524,0.012531,0.020443,0.017119,0.006484
2404_121_1056_1280,1,3,0.012937,0.016468,0.044587,0.746407,0.026328,0.123291,0.029981
2404_121_1641_1727,3,3,0.005686,0.004509,0.012215,0.945936,0.006883,0.008139,0.016632
2404_122_252_370,1,3,0.145007,0.175529,0.123221,0.281254,0.024568,0.1024,0.148021
2404_121_1810_1832,3,3,0.009538,0.009435,0.010667,0.898619,0.007332,0.009606,0.054803
2404_122_1732_1810,1,2,0.042896,0.14398,0.619526,0.037219,0.054621,0.076526,0.025232
2404_121_1455_1520,1,3,0.013354,0.030351,0.119432,0.72703,0.048048,0.026603,0.035183
2404_122_907_1046,1,0,0.516918,0.403869,0.020562,0.005587,0.016702,0.030327,0.006035
2404_121_184_252,1,1,0.066765,0.320287,0.241211,0.042819,0.031164,0.240426,0.057328
2404_122_540_729,1,5,0.181448,0.286033,0.162992,0.019898,0.02966,0.290118,0.029851
2404_121_407_539,1,1,0.301412,0.450684,0.071049,0.092516,0.025596,0.0321,0.026644
2404_122_1527_1630,3,2,0.00681,0.026954,0.798402,0.020677,0.024,0.115215,0.007941
2404_121_744_895,1,0,0.614282,0.308368,0.018504,0.019875,0.01159,0.014611,0.01277
2414_121_100_187,3,3,0.01049,0.009456,0.046243,0.882369,0.008891,0.028952,0.013599
2414_122_1161_1379,3,3,0.032455,0.038226,0.074351,0.716673,0.043961,0.061718,0.032616
2414_122_1632_2129,3,3,0.094751,0.090214,0.189309,0.353783,0.126856,0.120766,0.024321
2414_122_197_454,5,5,0.025024,0.046863,0.145658,0.159536,0.030297,0.574188,0.018434
2414_121_1407_1622,6,3,0.012888,0.026692,0.051914,0.833928,0.02692,0.017795,0.029863
2414_121_923_1153,4,3,0.009071,0.02456,0.211552,0.668699,0.060767,0.012352,0.013
2414_121_464_604,5,3,0.005437,0.002975,0.047353,0.860859,0.022423,0.058731,0.002223
2414_122_612_910,5,0,0.257092,0.225498,0.12168,0.108233,0.091088,0.163752,0.032656
2414_122_31_87,5,5,0.092098,0.186184,0.20364,0.036388,0.03066,0.409165,0.041864
2414_121_2142_2189,3,3,0.0037,0.001177,0.007722,0.96581,0.005155,0.008594,0.007841
2416_121_121_132,5,5,0.042504,0.238795,0.121115,0.090585,0.051562,0.327292,0.128147
2416_121_1159_1330,1,1,0.186099,0.592693,0.050506,0.083649,0.063396,0.00953,0.014128
2416_121_1552_1777,0,1,0.22626,0.623236,0.033432,0.029558,0.070829,0.006514,0.01017
2416_122_157_314,0,0,0.517897,0.42085,0.018937,0.002189,0.0261,0.007337,0.00669
2416_122_1346_1535,2,1,0.204445,0.378992,0.111786,0.012427,0.271576,0.009477,0.011298
2416_122_897_988,1,0,0.692988,0.236999,0.023291,0.002427,0.023633,0.015463,0.005199
2416_122_454_653,0,0,0.620737,0.276806,0.025599,0.003546,0.040196,0.021625,0.011491
2416_122_1049_1130,1,1,0.14601,0.370013,0.094347,0.007523,0.355053,0.007871,0.019184
2416_121_328_440,0,0,0.480021,0.35806,0.028335,0.048254,0.018302,0.035708,0.03132
2416_122_31_114,1,2,0.132863,0.161825,0.320693,0.029527,0.077911,0.178853,0.098328
2416_121_673_881,0,0,0.662799,0.267259,0.028103,0.012536,0.017334,0.00815,0.00382
2416_121_999_1028,1,1,0.275026,0.618406,0.023862,0.008257,0.046002,0.013006,0.015442
2428_121_1240_1340,3,3,0.002838,0.00135,0.009393,0.969257,0.003121,0.004024,0.010018
2428_122_823_1206,4,1,0.084454,0.411746,0.237752,0.028297,0.157943,0.02981,0.05
2428_122_1604_1750,1,1,0.086644,0.451202,0.12485,0.009203,0.303101,0.008276,0.016723
2428_122_198_469,1,1,0.127167,0.49126,0.233941,0.003039,0.117454,0.021001,0.006139
2428_122_575_654,1,1,0.054383,0.713096,0.16557,0.002742,0.029297,0.020903,0.014008
2428_122_31_97,4,1,0.093992,0.40946,0.192324,0.00985,0.182689,0.017872,0.093812
2428_121_1472_1575,3,3,0.006974,0.006153,0.032085,0.90749,0.009461,0.004791,0.033046
2428_121_690_816,2,2,0.045868,0.141522,0.249571,0.200395,0.149877,0.130904,0.081862
2428_122_1379_1434,1,1,0.225232,0.535815,0.083612,0.003233,0.13927,0.00534,0.007499
2428_121_499_573,4,1,0.201857,0.547089,0.050437,0.030256,0.073398,0.076872,0.020091
2428_121_130_167,2,1,0.101721,0.400535,0.108593,0.01198,0.260807,0.047756,0.068608
2430_121_31_262,1,1,0.08922,0.508542,0.136837,0.160769,0.046931,0.034607,0.023095
2430_121_1269_1364,4,1,0.067168,0.380287,0.06711,0.09041,0.101897,0.16621,0.126918
2430_122_1126_1258,1,1,0.206523,0.636347,0.030316,0.015163,0.031211,0.012881,0.06756
2430_122_1382_1515,1,1,0.166998,0.631129,0.052304,0.044701,0.034888,0.013526,0.056454
2430_122_776_1011,1,0,0.530893,0.389296,0.026296,0.009779,0.02236,0.011946,0.009429
2430_121_584_761,4,1,0.299647,0.54094,0.040478,0.011215,0.087063,0.008994,0.011663
2430_122_426_577,1,1,0.069026,0.497661,0.289643,0.029591,0.059329,0.04547,0.009282
2430_121_343_423,4,1,0.422479,0.481857,0.019066,0.031779,0.017352,0.013479,0.013988
2430_121_1047_1098,1,3,0.027212,0.108635,0.16183,0.471099,0.04502,0.042677,0.143527
2430_122_277_307,4,1,0.16032,0.544901,0.083159,0.00985,0.033091,0.11487,0.053809
2437_121_31_131,3,2,0.060684,0.231692,0.257733,0.099666,0.122537,0.104854,0.122835
2437_121_1092_1304,3,3,0.074212,0.27224,0.086228,0.384884,0.072555,0.075098,0.034783
2437_121_244_447,5,5,0.030066,0.149801,0.134187,0.081573,0.191376,0.389881,0.023117
2437_122_1319_1561,5,5,0.052039,0.087777,0.291186,0.071758,0.157285,0.300955,0.039
2437_121_913_989,3,1,0.121032,0.358482,0.097244,0.067958,0.152712,0.040122,0.162451
2437_122_145_226,3,1,0.248584,0.537661,0.052688,0.018163,0.067483,0.027231,0.048189
2437_121_565_651,3,6,0.04702,0.266833,0.081072,0.054325,0.238841,0.030253,0.281655
2437_122_1007_1070,3,1,0.204374,0.237349,0.180303,0.200932,0.07269,0.040758,0.063595
2437_122_457_543,3,1,0.262394,0.396491,0.116256,0.022072,0.111352,0.042682,0.048752
2437_122_673_891,3,1,0.206641,0.416619,0.143306,0.019055,0.176179,0.020892,0.017308
2437_122_1615_1650,1,2,0.064904,0.175752,0.493955,0.036775,0.191511,0.019176,0.017927
2437_121_1579_1605,1,1,0.425874,0.517492,0.017822,0.005464,0.017493,0.007643,0.008211
3042_154_1119_1499,0,1,0.308315,0.440941,0.044657,0.013689,0.156478,0.012466,0.023453
3042_154_234_375,3,0,0.625243,0.160724,0.008376,0.031247,0.014993,0.146951,0.012466
3042_154_923_993,4,1,0.109365,0.344855,0.13792,0.082768,0.057065,0.080944,0.187083
3042_154_495_669,3,0,0.622916,0.113493,0.012576,0.145773,0.015736,0.062173,0.027334
3042_154_31_102,3,0,0.618473,0.233603,0.01789,0.004698,0.082109,0.037489,0.005738
3042_153_719_920,1,0,0.574767,0.154844,0.030414,0.011331,0.052995,0.17025,0.005399
3042_153_1538_1628,1,1,0.332773,0.366459,0.026598,0.022725,0.218625,0.021109,0.01171
3046_154_31_139,6,0,0.718713,0.191629,0.014953,0.010705,0.012797,0.008763,0.04244
3046_153_1198_1348,0,0,0.91992,0.059063,0.003493,0.002635,0.004575,0.00578,0.004534
3046_154_1071_1184,1,0,0.797096,0.143005,0.011232,0.008406,0.007009,0.022434,0.010818
3046_154_211_288,6,0,0.514635,0.320913,0.02665,0.042374,0.026961,0.026575,0.041892
3046_154_1407_1518,0,1,0.268999,0.377772,0.060114,0.031272,0.068917,0.152506,0.04042
3046_153_883_1050,0,0,0.820534,0.106095,0.016618,0.005794,0.014874,0.019826,0.016259
3046_153_155_205,0,0,0.51717,0.400262,0.014531,0.028705,0.015713,0.0107,0.01292
3046_154_421_653,1,0,0.666981,0.234719,0.013828,0.024049,0.005716,0.018123,0.036584
3046_153_304_401,0,0,0.704658,0.150121,0.024789,0.041998,0.012413,0.029474,0.036546
3046_153_1524_1569,0,1,0.2196,0.398217,0.027378,0.096306,0.037216,0.025565,0.195718
3046_154_779_864,1,0,0.660713,0.155786,0.016523,0.074114,0.01639,0.054098,0.022376
3046_153_664_747,1,0,0.706731,0.209056,0.015838,0.014954,0.009429,0.026184,0.017808
3049_154_100_207,6,3,0.050552,0.205229,0.096877,0.244908,0.208387,0.060918,0.133129
3049_154_1270_1453,6,4,0.0225,0.034634,0.119446,0.337428,0.400576,0.056795,0.028622
3049_153_999_1261,3,3,0.031971,0.055867,0.053233,0.487668,0.24373,0.037227,0.090305
3049_153_1518_1701,4,4,0.021339,0.054833,0.158053,0.182933,0.464525,0.031008,0.08731
3049_153_219_360,4,3,0.009277,0.017271,0.050255,0.68102,0.090327,0.080086,0.071764
3049_154_1715_1861,6,3,0.122977,0.112056,0.03155,0.472341,0.048409,0.019899,0.192768
3049_154_737_987,3,3,0.130724,0.105727,0.034939,0.362942,0.193855,0.022243,0.14957
3049_153_558_733,4,3,0.002872,0.001454,0.010368,0.93763,0.025936,0.00657,0.015171
3049_154_379_544,3,3,0.04869,0.185526,0.086346,0.24772,0.204143,0.047437,0.180138
3049_153_31_89,3,4,0.017514,0.106287,0.141574,0.16701,0.327126,0.045064,0.195425
3049_153_1869_2000,4,3,0.005115,0.003014,0.043976,0.877548,0.022198,0.036799,0.01135
3056_154_122_181,6,6,0.015302,0.184622,0.217981,0.035734,0.117387,0.0356,0.393374
3056_153_1183_1457,1,1,0.081778,0.361639,0.144836,0.050429,0.182572,0.048605,0.13014
3056_153_1536_1685,6,3,0.01487,0.047528,0.072413,0.559495,0.081408,0.010482,0.213805
3056_153_200_313,3,3,0.019853,0.061473,0.04198,0.511084,0.026619,0.05,0.288991
3056_153_1737_1821,3,3,0.006241,0.007811,0.011521,0.862894,0.025256,0.008149,0.078127
3056_154_1460_1530,1,1,0.044982,0.376181,0.111868,0.067309,0.235595,0.041359,0.122706
3056_153_509_1103,1,3,0.01586,0.02549,0.027932,0.676109,0.031352,0.025626,0.197632
3056_154_315_357,1,6,0.071841,0.120228,0.007822,0.096585,0.017488,0.013074,0.672961
3056_154_467_498,6,2,0.029946,0.155947,0.489478,0.024265,0.146805,0.112519,0.041041
3056_153_31_103,3,3,0.008073,0.003514,0.009089,0.726636,0.020877,0.026901,0.20491
3056_154_1847_1926,1,3,0.010705,0.037211,0.038809,0.634615,0.029216,0.015765,0.233678
3056_154_1121_1133,6,6,0.017742,0.086638,0.095588,0.056575,0.208335,0.012868,0.522254
3056_154_1703_1730,1,4,0.031056,0.210494,0.153023,0.013861,0.448799,0.012247,0.130519
3072_153_31_213,0,0,0.834653,0.101265,0.005189,0.005458,0.031562,0.016662,0.005211
3072_154_1281_1369,2,6,0.043723,0.086636,0.221633,0.162626,0.071699,0.019509,0.394174
3072_153_889_1262,0,0,0.856163,0.079625,0.01068,0.005328,0.019647,0.019178,0.00938
3072_154_249_273,4,2,0.027678,0.148599,0.454372,0.058519,0.260859,0.019339,0.030633
3072_154_589_664,4,6,0.037237,0.118452,0.213704,0.065147,0.211829,0.009373,0.344258
3072_153_333_447,0,0,0.660731,0.267469,0.015103,0.003596,0.044845,0.002757,0.0055
3072_154_465_499,4,2,0.016665,0.048735,0.48417,0.05806,0.30877,0.009223,0.074377
3072_154_770_863,3,2,0.049096,0.088647,0.261472,0.15599,0.046967,0.179983,0.217845
3331_167_31_160,3,5,0.155998,0.102353,0.153275,0.056709,0.045419,0.333026,0.153221
3331_167_1026_1342,5,5,0.049716,0.081314,0.112793,0.212516,0.088989,0.383093,0.07158
3331_167_2014_2084,0,2,0.013114,0.095064,0.65646,0.006909,0.064362,0.160104,0.003987
3331_168_914_1221,6,5,0.053799,0.157002,0.144898,0.061687,0.014557,0.461722,0.106335
3331_167_1679_1708,5,5,0.003234,0.00939,0.131785,0.034951,0.008326,0.790408,0.021905
3331_168_178_321,6,5,0.097643,0.262935,0.060529,0.035084,0.046352,0.284759,0.212697
3331_168_1725_1845,6,6,0.053129,0.146492,0.08432,0.052955,0.06466,0.03863,0.559814
3331_168_1385_1632,3,3,0.043496,0.053059,0.087657,0.390785,0.034247,0.042945,0.34781
3331_168_2025_2229,1,1,0.245967,0.604304,0.015742,0.048106,0.028246,0.04203,0.015605
3331_167_2245_2421,4,4,0.089604,0.124899,0.372191,0.002182,0.393451,0.015285,0.002389
3331_168_479_682,1,1,0.199023,0.552819,0.091214,0.030835,0.042614,0.050614,0.032881
3331_167_424_455,6,1,0.124381,0.262072,0.179689,0.017146,0.081985,0.260191,0.074537
3331_167_720_873,5,3,0.008546,0.006825,0.01725,0.509013,0.006541,0.439364,0.01246
3331_167_1894_1923,6,0,0.365173,0.295433,0.043394,0.147967,0.035903,0.024225,0.087906
3331_168_1934_1941,5,5,0.019291,0.071434,0.026669,0.009707,0.027145,0.801831,0.043923
3347_167_127_153,3,3,0.016852,0.021112,0.038033,0.711309,0.048352,0.031053,0.133287
3347_167_1268_1470,5,3,0.02049,0.054889,0.047831,0.327976,0.170675,0.176463,0.201675
3347_167_2032_2114,3,3,0.01577,0.025474,0.029091,0.664281,0.034762,0.170924,0.059698
3347_167_1671_1748,4,6,0.019583,0.077925,0.060533,0.179348,0.19686,0.0408,0.424951
3347_167_234_268,3,4,0.009631,0.037303,0.053858,0.021056,0.777565,0.032313,0.068275
3347_168_1769_1847,3,3,0.013838,0.040143,0.122437,0.509659,0.049186,0.057942,0.206795
3347_167_895_1161,5,6,0.039571,0.121036,0.086267,0.077968,0.247088,0.064234,0.363836
3347_168_175_217,5,6,0.019537,0.032985,0.01343,0.00883,0.036384,0.022053,0.866781
3347_168_565_701,3,3,0.021667,0.265533,0.052411,0.315517,0.16724,0.029382,0.14825
3347_168_414_463,3,1,0.086507,0.615634,0.017317,0.042376,0.183648,0.007298,0.04722
3347_168_1482_1643,5,1,0.0222,0.305912,0.17617,0.063556,0.194734,0.087891,0.149535
3347_168_812_883,0,1,0.178272,0.209207,0.104757,0.12016,0.161259,0.04892,0.177425
3347_167_1847_1969,1,5,0.033038,0.065372,0.01766,0.212688,0.046861,0.564162,0.06022
3347_168_1191_1249,5,5,0.024857,0.094573,0.043897,0.023593,0.032394,0.664038,0.116646
3347_167_711_789,4,1,0.066053,0.387362,0.041248,0.035447,0.383875,0.027601,0.058414
3347_167_480_544,3,4,0.03917,0.284406,0.03249,0.156322,0.408694,0.008644,0.070274
3347_167_339_371,3,3,0.038955,0.222361,0.0504,0.357806,0.06779,0.019162,0.243526
3347_168_304_324,5,6,0.019866,0.035117,0.016166,0.12398,0.019743,0.252238,0.532891
3347_168_1988_2012,5,6,0.029225,0.126701,0.018639,0.041235,0.036885,0.056233,0.691083
3360_167_1077_1387,2,0,0.360315,0.266623,0.190861,0.0077,0.146034,0.019681,0.008787
3360_168_234_299,6,1,0.162093,0.380566,0.160963,0.058313,0.126854,0.008239,0.102972
3360_168_1449_1528,1,1,0.084602,0.459489,0.150633,0.025901,0.227744,0.008839,0.042792
3360_168_832_1011,0,0,0.608037,0.219302,0.036588,0.005128,0.084427,0.005768,0.040749
3360_168_562_688,0,1,0.205076,0.432628,0.062521,0.036951,0.132989,0.012062,0.117773
3360_167_300_341,5,6,0.087662,0.321934,0.028573,0.101482,0.055189,0.045405,0.359754
3360_168_450_476,1,1,0.173599,0.308639,0.044793,0.025832,0.261789,0.055889,0.12946
3360_167_66_85,1,4,0.042117,0.216298,0.050742,0.024428,0.508932,0.010129,0.147353
3360_167_494_534,1,1,0.079308,0.328461,0.03992,0.05388,0.164004,0.009751,0.324676
3360_167_730_806,2,1,0.183218,0.343099,0.170102,0.023079,0.121825,0.100066,0.058612
3360_168_31_51,6,6,0.058108,0.05286,0.010501,0.133681,0.015325,0.081306,0.648218
3360_168_146_168,6,6,0.073455,0.106424,0.034856,0.076393,0.042079,0.103513,0.563281
3360_167_186_198,1,1,0.093432,0.347965,0.031024,0.0997,0.08554,0.059399,0.282941
3805_192_111_269,6,3,0.019905,0.093789,0.178297,0.400242,0.055705,0.097069,0.154993
3805_191_1261_1305,3,3,0.012094,0.020483,0.030952,0.634265,0.014675,0.18354,0.103991
3805_191_1674_1726,3,3,0.014566,0.006583,0.01013,0.93888,0.004131,0.015665,0.010044
3805_191_1416_1506,2,3,0.098652,0.211037,0.085406,0.271523,0.151583,0.110411,0.071388
3805_192_880_1126,6,3,0.012236,0.151415,0.079269,0.384954,0.050058,0.101448,0.220621
3805_192_1306_1409,6,3,0.007953,0.04452,0.043912,0.606691,0.039939,0.046408,0.210579
3805_192_536_670,1,3,0.015675,0.130178,0.050978,0.36115,0.055641,0.180217,0.206161
3805_191_1140_1181,3,5,0.009348,0.023279,0.025181,0.371226,0.010965,0.395977,0.164025
3805_192_1738_1794,3,3,0.015535,0.076088,0.223276,0.501136,0.032658,0.023021,0.128286
3805_192_321_395,6,2,0.030521,0.120929,0.473091,0.078639,0.081952,0.136301,0.078567
3805_191_408_530,2,1,0.052521,0.644497,0.094016,0.01334,0.033781,0.13614,0.025706
3805_191_31_110,4,6,0.061657,0.288931,0.136301,0.028372,0.036928,0.154315,0.293496
3805_192_1525_1658,3,3,0.013621,0.106061,0.066835,0.592407,0.031991,0.018698,0.170387
3805_191_682_856,6,5,0.008381,0.201507,0.145594,0.023233,0.024218,0.558049,0.039017
3805_192_1210_1246,3,3,0.01018,0.015168,0.02296,0.640401,0.010789,0.180679,0.119823
3805_191_271_321,0,5,0.010494,0.093126,0.089217,0.011104,0.017637,0.694103,0.084318
3812_192_31_210,0,0,0.429123,0.416579,0.036002,0.010765,0.029926,0.063635,0.01397
3812_191_1296_1437,4,2,0.008106,0.188839,0.691299,0.003564,0.076072,0.016129,0.015992
3812_192_1864_2194,4,2,0.020362,0.13438,0.571629,0.015011,0.200691,0.024427,0.033498
3812_192_905_1263,0,1,0.399338,0.488261,0.036633,0.005434,0.043909,0.014446,0.011979
3812_191_1606_1830,4,4,0.029575,0.24893,0.204091,0.005891,0.385111,0.01999,0.106412
3812_191_231_298,4,1,0.119858,0.782582,0.010046,0.004143,0.065664,0.003638,0.01407
3812_191_2216_2243,2,2,0.008375,0.1138,0.647518,0.001977,0.202052,0.007679,0.018598
3812_191_2578_2635,2,3,0.029712,0.155173,0.052939,0.529327,0.060381,0.035922,0.136547
3812_192_2260_2413,6,6,0.021348,0.172407,0.060096,0.251072,0.092876,0.012442,0.38976
3812_192_590_783,0,0,0.527852,0.394555,0.019867,0.002881,0.020708,0.028243,0.005895
3812_192_310_498,0,0,0.493811,0.436641,0.019288,0.003051,0.021148,0.018298,0.007764
3812_192_1488_1588,4,1,0.065646,0.333134,0.226402,0.016447,0.122057,0.146575,0.089739
3812_192_2491_2562,3,3,0.006738,0.028642,0.027137,0.629441,0.017359,0.009938,0.280745
3812_191_800_895,1,1,0.263083,0.573526,0.048482,0.012504,0.05212,0.009942,0.040343
3812_191_2444_2456,3,3,0.015132,0.0637,0.034607,0.670632,0.041844,0.061951,0.112132
3809_192_31_131,3,3,0.012414,0.033421,0.078921,0.700095,0.019304,0.03077,0.125076
3809_192_1138_1347,3,3,0.009608,0.007825,0.011232,0.90497,0.012533,0.005939,0.047892
3809_191_227_323,1,5,0.078889,0.313059,0.038916,0.022236,0.09293,0.399427,0.054543
3809_192_1416_1578,3,3,0.018344,0.032963,0.053305,0.77798,0.026715,0.028275,0.062418
3809_191_2492_2622,3,3,0.007088,0.004285,0.010904,0.927082,0.010428,0.015397,0.024816
3809_192_860_1080,6,3,0.019279,0.072941,0.162945,0.328398,0.101908,0.081169,0.23336
3809_191_1092_1118,5,5,0.013545,0.074853,0.254051,0.040496,0.085705,0.365954,0.165397
3809_192_1725_1827,3,3,0.008164,0.007926,0.013377,0.861807,0.006494,0.009667,0.092565
3809_192_449_655,4,3,0.012977,0.072127,0.111668,0.397986,0.070468,0.033626,0.301149
3809_192_2635_2707,3,3,0.00882,0.003049,0.010093,0.93937,0.007468,0.020685,0.010515
3809_192_2347_2482,3,3,0.007481,0.002505,0.011743,0.933976,0.007434,0.012773,0.024087
3809_191_1589_1722,3,3,0.021031,0.056152,0.034152,0.36086,0.025796,0.20793,0.294079
3809_191_2275_2322,3,3,0.011077,0.012237,0.019519,0.835819,0.024311,0.035366,0.06167
3809_192_2173_2265,3,3,0.012159,0.00602,0.025465,0.861407,0.011352,0.019631,0.063967
3809_191_1833_1911,2,4,0.005237,0.033073,0.430141,0.001828,0.487432,0.014964,0.027325
3809_191_2075_2170,2,5,0.02311,0.138601,0.093634,0.090085,0.136241,0.263355,0.254974
3809_191_660_860,1,5,0.044601,0.255739,0.054845,0.008394,0.03546,0.592654,0.008308
3809_191_1358_1415,3,3,0.018466,0.024433,0.024673,0.686889,0.022875,0.075794,0.14687
3809_192_1926_2059,3,3,0.022601,0.054314,0.083857,0.462123,0.090518,0.02151,0.265076
3809_191_342_449,2,5,0.090055,0.280942,0.065619,0.017421,0.028306,0.476392,0.041266
3809_192_323_342,3,3,0.02224,0.076125,0.033888,0.759402,0.016988,0.006843,0.084515
3819_191_31_132,1,2,0.009444,0.077698,0.314001,0.069692,0.250975,0.074253,0.203937
3819_192_1281_1374,1,3,0.016021,0.061414,0.085749,0.594249,0.060938,0.038406,0.143223
3819_192_2026_2129,3,3,0.00712,0.011867,0.012617,0.870362,0.018245,0.010862,0.068928
3819_191_1658_1695,1,5,0.012911,0.088686,0.052903,0.006914,0.020338,0.79977,0.018476
3819_191_210_437,4,6,0.013467,0.149372,0.094066,0.207089,0.12784,0.096259,0.311906
3819_192_1721_1867,4,6,0.012851,0.056368,0.047558,0.221188,0.122646,0.106697,0.432692
3819_191_1394_1498,6,3,0.004862,0.011629,0.009828,0.833881,0.009319,0.023041,0.10744
3819_192_939_989,1,1,0.00815,0.402128,0.224012,0.019527,0.018796,0.275866,0.051522
3819_192_441_649,1,3,0.01176,0.016598,0.042892,0.755422,0.029627,0.123296,0.020405
3819_192_1104_1180,2,2,0.018292,0.131485,0.400549,0.089723,0.123508,0.044161,0.192281
3819_192_144_197,1,5,0.05936,0.315503,0.042721,0.054504,0.024074,0.463847,0.039991
3819_191_1004_1053,1,5,0.018187,0.15105,0.213133,0.004653,0.108409,0.392758,0.111809
3819_192_1531_1650,5,5,0.011549,0.038573,0.035935,0.224285,0.074865,0.413837,0.200955
3819_191_1199_1261,1,1,0.191033,0.367719,0.034307,0.094291,0.019356,0.055291,0.238002
3819_191_1876_2011,3,3,0.018411,0.023038,0.014535,0.857828,0.023676,0.016772,0.045741
3819_191_668_713,1,2,0.005456,0.128483,0.623354,0.001955,0.105071,0.083413,0.052268
3819_191_835_925,1,1,0.198968,0.650072,0.026713,0.018772,0.021726,0.028242,0.055508
3819_192_725_815,6,6,0.013615,0.0521,0.054567,0.370397,0.067221,0.029147,0.412952
3826_192_101_128,1,1,0.202266,0.286713,0.053987,0.048206,0.040709,0.250799,0.117321
3826_191_1250_1388,3,3,0.008107,0.00928,0.014538,0.890494,0.019672,0.047889,0.01002
3826_191_2008_2130,3,3,0.018648,0.028803,0.022859,0.748189,0.044322,0.021073,0.116105
3826_192_1049_1247,1,3,0.04154,0.293181,0.099724,0.324503,0.112581,0.047824,0.080647
3826_192_1576_1710,2,1,0.081671,0.517112,0.085868,0.109944,0.044444,0.057082,0.10388
3826_191_148_301,5,3,0.055887,0.025237,0.054716,0.611117,0.03572,0.206336,0.010987
3826_192_1806_1884,3,3,0.021376,0.108882,0.068544,0.384778,0.101288,0.018248,0.296885
3826_192_1402_1467,2,5,0.019745,0.076163,0.168399,0.050188,0.04135,0.563692,0.080464
3826_192_2133_2233,3,3,0.013092,0.112793,0.031519,0.563302,0.042162,0.150214,0.086919
3826_191_868_1033,4,1,0.151029,0.559794,0.100946,0.005814,0.149836,0.018915,0.013666
3826_191_469_728,2,2,0.0196,0.215654,0.38361,0.011015,0.154696,0.205268,0.010158
3826_191_1734_1779,2,4,0.007372,0.124171,0.339436,0.002305,0.506047,0.006688,0.01398
3826_191_31_88,5,3,0.055579,0.086262,0.131931,0.393623,0.06231,0.259481,0.010815
3826_192_400_450,1,5,0.125667,0.273822,0.051914,0.086955,0.027841,0.303944,0.129858
3826_191_1488_1568,2,5,0.004926,0.054821,0.04652,0.065425,0.032495,0.694135,0.101678
3826_192_738_848,1,0,0.553781,0.313547,0.016276,0.019379,0.025476,0.051689,0.019853
3826_191_1898_1942,3,3,0.003167,0.000885,0.00365,0.884563,0.002791,0.101487,0.003457
3826_191_350_385,3,3,0.039891,0.027025,0.03007,0.779617,0.015777,0.026854,0.080767
3826_192_1963_1998,3,3,0.018743,0.025603,0.01591,0.85903,0.014032,0.038323,0.028359
3826_192_305_328,6,5,0.042504,0.134928,0.088374,0.034942,0.019305,0.545511,0.134436
3829_191_31_137,6,1,0.018567,0.291125,0.261264,0.044169,0.103669,0.176536,0.104669
3829_191_1269_1309,0,1,0.096769,0.494868,0.075914,0.070817,0.020987,0.16462,0.076025
3829_191_2014_2070,0,2,0.029172,0.191961,0.390803,0.003695,0.226873,0.118744,0.038753
3829_192_1067_1269,1,3,0.03516,0.120166,0.034892,0.52652,0.033812,0.176093,0.073358
3829_192_1645_1700,1,1,0.073696,0.354405,0.03757,0.192713,0.027095,0.112262,0.20226
3829_192_140_266,1,5,0.010693,0.113919,0.041467,0.024332,0.011275,0.787458,0.010856
3829_191_1713_1952,4,1,0.068068,0.47777,0.064911,0.122322,0.046975,0.067471,0.152483
3829_192_1443_1549,1,1,0.170908,0.572305,0.057489,0.044455,0.054848,0.027935,0.07206
3829_192_2070_2329,1,1,0.358079,0.489964,0.028112,0.027661,0.035244,0.032047,0.028894
3829_192_874_971,1,1,0.297416,0.359672,0.032127,0.027052,0.031628,0.23423,0.017875
3829_192_1309_1374,1,3,0.022438,0.072444,0.063186,0.600082,0.030205,0.201215,0.010431
3829_192_451_692,1,5,0.006152,0.080456,0.067948,0.065777,0.027207,0.722795,0.029666
3829_191_2332_2442,4,4,0.022997,0.337926,0.112889,0.021716,0.39696,0.016434,0.091078
3829_191_266_451,6,1,0.083689,0.721931,0.053362,0.0095,0.011764,0.095092,0.024663
3829_191_978_1067,0,1,0.286847,0.567387,0.033982,0.022368,0.031558,0.047691,0.010166
3829_191_692_874,1,1,0.226677,0.597659,0.023393,0.017643,0.061531,0.017359,0.055737
3829_191_1563_1635,0,1,0.12118,0.569714,0.043637,0.045279,0.017804,0.050012,0.152375
3829_191_1374_1443,0,1,0.066952,0.700395,0.055299,0.009993,0.060046,0.083008,0.024308
3829_192_2442_2466,3,6,0.01242,0.052036,0.043612,0.283046,0.033296,0.170426,0.405164
3829_192_1952_2007,1,5,0.259218,0.180097,0.036709,0.011951,0.020455,0.465807,0.025762
3833_192_85_165,5,5,0.003051,0.012593,0.015623,0.010352,0.008863,0.929945,0.019574
3833_191_1248_1362,3,3,0.005942,0.004546,0.0115,0.942087,0.011543,0.007581,0.016801
3833_192_1031_1248,3,3,0.135437,0.220323,0.055485,0.401782,0.072094,0.092476,0.022402
3833_191_1528_1705,3,3,0.025712,0.071486,0.044235,0.385065,0.053875,0.037887,0.381741
3833_192_1721_1850,3,3,0.010187,0.020973,0.015588,0.854416,0.014255,0.023346,0.061234
3833_192_1371_1520,3,3,0.013997,0.020363,0.034099,0.8104,0.024431,0.074166,0.022544
3833_191_884_1023,3,3,0.030558,0.178039,0.037017,0.51015,0.07645,0.018694,0.149092
3833_191_193_239,4,4,0.049526,0.394058,0.061541,0.003885,0.451422,0.005797,0.033771
3833_191_388_735,4,2,0.050374,0.309469,0.344699,0.019413,0.197608,0.034231,0.044206
3833_192_294_373,3,3,0.011142,0.029416,0.036323,0.745289,0.030448,0.012672,0.134709
3833_191_31_85,0,6,0.023431,0.088433,0.110513,0.098542,0.124258,0.043399,0.511424
3833_192_735_884,3,5,0.014394,0.026976,0.032883,0.244234,0.043713,0.58163,0.056169
3833_191_1850_1954,3,3,0.021067,0.02285,0.034533,0.638486,0.015597,0.240154,0.027313
3833_192_1954_2027,3,3,0.002485,0.000814,0.003782,0.958555,0.005724,0.013186,0.015455
3837_192_2409_2561,3,3,0.006948,0.037131,0.022875,0.832961,0.025251,0.015236,0.059597
3837_191_31_380,3,3,0.008007,0.036126,0.039823,0.732759,0.026001,0.05427,0.103014
3837_192_1984_2285,3,3,0.014054,0.056314,0.056647,0.668817,0.060501,0.097777,0.04589
3837_191_1115_1291,0,1,0.174467,0.677273,0.04078,0.00567,0.036438,0.032375,0.032997
3837_192_1611_1746,3,3,0.014064,0.028514,0.082962,0.571261,0.058895,0.08366,0.160644
3837_191_1761_1968,3,6,0.013227,0.153118,0.078533,0.210716,0.084578,0.069278,0.39055
3837_192_1309_1486,1,3,0.014269,0.049407,0.026313,0.654698,0.058272,0.03993,0.15711
3837_191_927_991,3,6,0.036314,0.088327,0.034361,0.287513,0.152593,0.018303,0.382588
3837_191_2301_2384,1,1,0.105396,0.412431,0.026848,0.10999,0.076022,0.242657,0.026655
3837_192_584_688,3,3,0.005161,0.01019,0.025959,0.763798,0.040579,0.099835,0.054477
3837_192_999_1109,1,5,0.024529,0.035335,0.019881,0.058303,0.050013,0.772695,0.039244
3837_192_386_460,5,3,0.009725,0.00565,0.01202,0.679139,0.015577,0.253943,0.023947
3837_191_1509_1598,3,6,0.016815,0.043508,0.030415,0.386333,0.042839,0.038786,0.441304
3837_192_786_842,3,3,0.006578,0.004967,0.011901,0.904224,0.014515,0.027122,0.030692
3837_191_697_774,3,3,0.010419,0.023775,0.018507,0.838381,0.021122,0.032564,0.055233
3837_191_478_575,3,3,0.010525,0.016646,0.020611,0.826405,0.025578,0.050364,0.049872
3837_191_851_872,3,6,0.020626,0.083607,0.035036,0.336263,0.065608,0.038783,0.420078
3837_192_888_897,3,5,0.011458,0.032567,0.022257,0.051954,0.018657,0.768804,0.094303
3924_198_116_164,1,2,0.061886,0.226371,0.339799,0.004894,0.035296,0.259996,0.071757
3924_198_1124_1322,1,6,0.120651,0.198867,0.074314,0.07797,0.018542,0.029993,0.479663
3924_197_843_1000,6,6,0.035926,0.265237,0.121882,0.072219,0.044781,0.06711,0.392844
3924_197_189_251,1,6,0.013751,0.200989,0.136348,0.00629,0.091994,0.021899,0.52873
3924_197_1326_1357,6,3,0.028763,0.100184,0.077059,0.366464,0.025681,0.062403,0.339446
3924_198_471_598,1,5,0.087966,0.319997,0.053945,0.058215,0.012694,0.333258,0.133926
3924_197_1085_1111,6,3,0.029665,0.097127,0.108716,0.354486,0.026463,0.101404,0.28214
3924_198_298_397,0,1,0.322258,0.367174,0.121041,0.01856,0.040843,0.106181,0.023945
3924_198_1005_1083,1,5,0.040664,0.047253,0.077998,0.024019,0.007298,0.681588,0.12118
3924_197_31_115,0,2,0.026321,0.306975,0.376602,0.00671,0.084155,0.046763,0.152474
3924_197_602_630,0,6,0.035652,0.205146,0.123219,0.074582,0.042133,0.14505,0.374218
3924_197_405_451,1,1,0.051957,0.363566,0.137951,0.024807,0.018555,0.0592,0.343964
3924_198_651_843,1,0,0.44688,0.439618,0.034575,0.006998,0.032108,0.017909,0.021912
3926_197_31_143,2,3,0.033513,0.087237,0.214012,0.299917,0.079297,0.018488,0.267535
3926_198_1195_1523,4,3,0.055249,0.236096,0.052069,0.352147,0.124955,0.036444,0.14304
3926_198_1613_1713,6,6,0.022066,0.217515,0.040046,0.234392,0.162864,0.02106,0.302058
3926_198_1805_1836,3,3,0.008128,0.01397,0.012152,0.747945,0.012306,0.013554,0.191944
3926_197_930_998,3,3,0.007433,0.005262,0.019943,0.890372,0.011036,0.00525,0.060704
3926_198_167_254,1,6,0.016955,0.042536,0.024939,0.254305,0.02139,0.03196,0.607915
3926_197_538_614,5,6,0.019274,0.094417,0.131628,0.205213,0.116013,0.025759,0.407696
3926_198_1009_1132,4,3,0.041261,0.123368,0.016365,0.424322,0.146008,0.032478,0.216198
3926_197_1748_1798,1,1,0.048431,0.607756,0.082207,0.161238,0.057247,0.021318,0.021803
3926_197_269_362,3,3,0.030054,0.040715,0.053048,0.582092,0.036228,0.04404,0.213823
3926_198_635_694,6,6,0.013487,0.025399,0.065179,0.10155,0.019747,0.225626,0.549012
3926_198_370_512,4,5,0.03152,0.181346,0.119329,0.035771,0.134429,0.405088,0.092516
3926_198_791_918,3,3,0.01113,0.014742,0.020166,0.683071,0.025125,0.036185,0.209582
3926_197_709_772,3,3,0.014077,0.020004,0.046502,0.769482,0.026741,0.011682,0.111512
3926_197_1537_1598,4,2,0.02136,0.118763,0.490928,0.083804,0.173342,0.036734,0.075069
3926_197_1154_1182,5,5,0.034701,0.183343,0.089466,0.007003,0.029172,0.537999,0.118316
3929_198_1245_1434,2,5,0.073351,0.163821,0.052655,0.019122,0.051759,0.629274,0.010018
3929_198_1932_2168,1,1,0.124553,0.529868,0.16605,0.022722,0.090177,0.030309,0.036321
3929_197_1038_1228,4,1,0.019675,0.298446,0.200384,0.022313,0.248559,0.013357,0.197267
3929_198_1474_1709,1,1,0.158869,0.445162,0.082738,0.049023,0.125034,0.044516,0.094658
3929_198_139_296,6,3,0.010119,0.0198,0.009914,0.488488,0.037371,0.009202,0.425106
3929_197_1725_1921,4,2,0.061936,0.281332,0.335929,0.005157,0.184053,0.119227,0.012366
3929_198_946_1021,1,6,0.019638,0.032865,0.021161,0.328443,0.014691,0.103406,0.479795
3929_197_300_381,3,6,0.016188,0.077832,0.101566,0.282655,0.138545,0.010677,0.372536
3929_197_593_656,6,3,0.013185,0.049776,0.024817,0.658579,0.023173,0.005198,0.225272
3929_197_459_539,3,6,0.012751,0.058343,0.024162,0.299812,0.063508,0.008516,0.532908
3929_197_31_83,3,3,0.018486,0.030847,0.052878,0.657949,0.035518,0.012052,0.192269
3929_198_402_440,6,6,0.017674,0.019368,0.012786,0.033108,0.031211,0.051811,0.834042
3929_198_702_838,3,3,0.013371,0.058698,0.029654,0.5409,0.038495,0.218154,0.100729
3929_197_843_928,6,1,0.015698,0.331127,0.101272,0.22971,0.043121,0.028186,0.250886
3929_198_553_588,6,6,0.028558,0.02964,0.03623,0.053073,0.015628,0.130964,0.705907
3929_197_1440_1444,5,5,0.03007,0.036478,0.024971,0.06062,0.022032,0.786348,0.039481
3937_197_31_180,5,2,0.016165,0.087644,0.586678,0.003551,0.256211,0.038485,0.011265
3937_197_1207_1342,5,1,0.021158,0.373937,0.368741,0.016409,0.054976,0.104701,0.060079
3937_198_1103_1193,6,6,0.050839,0.26678,0.058834,0.102352,0.127321,0.066128,0.327746
3937_198_1624_1683,5,4,0.031536,0.055726,0.037992,0.179123,0.353114,0.157144,0.185365
3937_198_190_305,3,3,0.030207,0.137334,0.076723,0.29818,0.067037,0.128499,0.26202
3937_198_1820_1925,3,3,0.029563,0.020392,0.073991,0.549475,0.114151,0.123546,0.088882
3937_197_1383_1604,5,1,0.027554,0.294848,0.272787,0.020448,0.09077,0.227434,0.066159
3937_197_923_1091,5,5,0.014312,0.07917,0.224148,0.223386,0.06607,0.255138,0.137776
3937_197_581_733,3,5,0.014202,0.182764,0.160377,0.230402,0.040063,0.271174,0.101019
3937_197_1692_1785,5,6,0.028415,0.215722,0.168743,0.023494,0.081237,0.031069,0.45132
3937_197_309_406,5,2,0.008264,0.142099,0.643436,0.007698,0.028162,0.108746,0.061594
3937_198_419_578,3,6,0.030179,0.130646,0.125578,0.165808,0.064112,0.225091,0.258586
3937_198_736_910,3,6,0.015966,0.072631,0.114072,0.250048,0.05455,0.138586,0.354148
3937_198_1360_1373,5,5,0.048367,0.088256,0.067881,0.03124,0.037368,0.533047,0.193841
3939_197_31_222,1,4,0.029346,0.327291,0.127195,0.018323,0.416967,0.01954,0.061338
3939_197_1291_1355,3,6,0.047743,0.227447,0.103249,0.015548,0.141984,0.112723,0.351307
3939_198_1176_1288,4,1,0.060825,0.343784,0.03119,0.136222,0.066454,0.131807,0.229718
3939_197_1657_1695,1,1,0.043412,0.551744,0.043611,0.040665,0.072331,0.015593,0.232643
3939_198_251_411,0,6,0.023372,0.174915,0.205354,0.052792,0.145028,0.035128,0.363412
3939_197_1425_1475,5,5,0.033506,0.121171,0.051408,0.005167,0.020018,0.750114,0.018616
3939_198_824_1052,4,1,0.050732,0.350766,0.072006,0.166348,0.183517,0.058885,0.117746
3939_198_501_650,4,6,0.015302,0.086224,0.158711,0.057969,0.249745,0.033242,0.398807
3939_197_1063_1167,5,5,0.017506,0.124903,0.220897,0.00544,0.043928,0.564033,0.023292
3939_198_1716_1795,0,6,0.028425,0.1831,0.038165,0.078853,0.070369,0.144111,0.456977
3939_197_415_489,1,1,0.06842,0.644152,0.034499,0.006406,0.211016,0.003617,0.031889
3939_198_1497_1640,1,1,0.322059,0.527058,0.01413,0.033272,0.04192,0.026972,0.034589
3939_197_666_780,1,4,0.020494,0.257559,0.087017,0.069232,0.401145,0.024147,0.140407
3939_198_1366_1413,4,6,0.036605,0.105669,0.043719,0.312265,0.074996,0.036114,0.390632
3944_198_120_280,3,6,0.023163,0.09478,0.10203,0.122845,0.109863,0.243289,0.304029
3944_197_1195_1331,3,2,0.012266,0.078721,0.503713,0.087845,0.095623,0.12349,0.098342
3944_198_1800_1966,3,3,0.037108,0.154514,0.037927,0.393657,0.084753,0.020403,0.271638
3944_198_1350_1660,3,4,0.03393,0.094587,0.131176,0.161421,0.346877,0.043631,0.188378
3944_197_919_1071,1,1,0.019035,0.33863,0.200498,0.007835,0.307149,0.012208,0.114646
3944_197_1680_1790,3,2,0.003378,0.011806,0.714526,0.013428,0.221805,0.008782,0.026275
3944_197_431_487,1,2,0.008609,0.134449,0.516611,0.007264,0.262758,0.006334,0.063975
3944_197_31_104,4,2,0.021918,0.068321,0.380649,0.029221,0.233067,0.0603,0.206524
3944_197_643_722,1,2,0.014157,0.268138,0.372663,0.028768,0.21366,0.009706,0.092908
3944_198_336_406,3,3,0.01211,0.023145,0.023055,0.534192,0.018612,0.062283,0.326603
3944_197_295_326,5,5,0.028037,0.222977,0.238687,0.010358,0.095622,0.240564,0.163755
3941_198_119_185,5,5,0.010283,0.021502,0.025407,0.01883,0.016164,0.861114,0.0467
3941_197_1102_1285,3,4,0.015576,0.209427,0.176129,0.074986,0.329026,0.009069,0.185786
3941_197_1649_1817,3,6,0.02121,0.22499,0.058796,0.231911,0.154665,0.021846,0.286582
3941_197_202_333,1,4,0.014845,0.166968,0.060847,0.005963,0.715309,0.003498,0.03257
3941_197_1372_1488,3,6,0.011953,0.065133,0.02424,0.100429,0.07613,0.009054,0.713061
3941_197_828_949,0,1,0.122699,0.563723,0.029146,0.024985,0.193498,0.005621,0.060328
3941_198_1303_1360,3,5,0.014488,0.036311,0.027481,0.109572,0.058867,0.658434,0.094848
3941_198_557_634,1,1,0.025537,0.335045,0.299609,0.014167,0.125784,0.039513,0.160346
3941_198_974_1090,0,2,0.0261,0.185662,0.411562,0.071521,0.186326,0.02005,0.09878
3941_197_442_529,1,4,0.013822,0.214085,0.040207,0.063259,0.38097,0.021207,0.266449
3941_197_31_100,4,4,0.035207,0.29039,0.112232,0.030449,0.398723,0.007748,0.125251
3941_198_1507_1631,3,3,0.011583,0.022248,0.024943,0.804317,0.037772,0.027741,0.071395
3941_197_655_730,1,4,0.014156,0.291678,0.204023,0.013792,0.373256,0.003367,0.099729
3941_198_352_435,4,5,0.010749,0.012108,0.114071,0.145822,0.056728,0.601384,0.059138
3941_198_747_818,4,6,0.022412,0.048703,0.026068,0.308764,0.041272,0.08773,0.46505
3941_198_1841_1867,0,3,0.010064,0.034041,0.031221,0.301474,0.181984,0.223091,0.218126
3943_198_81_192,3,5,0.025067,0.114711,0.053048,0.026255,0.027083,0.665147,0.088689
3943_197_1192_1327,3,6,0.013889,0.124529,0.135135,0.170249,0.086219,0.106607,0.363372
3943_197_1566_1704,3,2,0.009163,0.111115,0.39589,0.199339,0.064145,0.079956,0.140391
3943_197_216_329,1,4,0.028449,0.301014,0.099966,0.014179,0.442467,0.006545,0.107381
3943_198_1345_1562,3,3,0.010419,0.027295,0.018347,0.583522,0.046075,0.058593,0.255748
3943_198_770_939,3,6,0.020446,0.102824,0.071899,0.235194,0.033293,0.082996,0.453347
3943_197_940_1070,1,1,0.063442,0.654245,0.032305,0.013595,0.153596,0.002505,0.080312
3943_198_553_664,1,6,0.013921,0.057252,0.015507,0.092323,0.030242,0.019327,0.771428
3943_198_1083_1183,3,3,0.024428,0.082037,0.075333,0.374536,0.032086,0.057369,0.354211
3943_197_31_66,3,1,0.081673,0.377066,0.091289,0.003207,0.028638,0.170769,0.247359
3943_198_339_469,1,1,0.10243,0.333946,0.052632,0.128549,0.046075,0.177932,0.158437
3943_198_1714_1758,3,3,0.01507,0.023885,0.036983,0.461643,0.025808,0.078665,0.357945
3943_197_676_756,0,2,0.021963,0.349594,0.450555,0.007235,0.112222,0.028675,0.029755
3943_197_486_544,1,2,0.010671,0.148025,0.399922,0.017569,0.166066,0.112513,0.145234
3957_198_31_164,3,3,0.048748,0.094263,0.080992,0.57486,0.047762,0.093821,0.059555
3957_197_1251_1471,4,1,0.115264,0.614991,0.042129,0.021146,0.142495,0.008828,0.055147
3957_198_1887_2099,3,3,0.012503,0.037761,0.030093,0.732806,0.067109,0.069252,0.050476
3957_198_1055_1236,1,3,0.022066,0.023251,0.025007,0.735999,0.040914,0.072258,0.080505
3957_197_1613_1850,1,1,0.165861,0.333039,0.066497,0.151738,0.086238,0.065936,0.130689
3957_197_185_409,1,3,0.067293,0.347673,0.049709,0.410277,0.050276,0.033062,0.041711
3957_197_729_1034,4,4,0.047991,0.259956,0.086797,0.005555,0.559856,0.00593,0.033914
3957_198_2260_2319,1,6,0.065295,0.152342,0.12368,0.010402,0.213646,0.189482,0.245153
3957_197_473_649,1,4,0.027184,0.171185,0.145672,0.109726,0.382414,0.018576,0.145242
3957_198_424_454,3,3,0.018069,0.015673,0.016367,0.850885,0.009866,0.073084,0.016057
3957_198_1500_1597,1,1,0.116534,0.343043,0.024563,0.040823,0.118009,0.016661,0.340367
3957_198_679_719,3,5,0.036431,0.068779,0.111387,0.17236,0.029763,0.370542,0.21074
3957_197_2128_2203,1,1,0.109914,0.69324,0.021803,0.046663,0.081632,0.011247,0.035501
3950_197_31_176,2,2,0.013282,0.069725,0.312739,0.0532,0.26864,0.013101,0.269313
3950_198_1202_1339,6,6,0.013486,0.077328,0.192053,0.021394,0.013107,0.152141,0.530491
3950_198_1882_2052,6,6,0.068276,0.091772,0.050108,0.04322,0.014221,0.037086,0.695317
3950_197_1071_1190,6,4,0.016871,0.126779,0.262191,0.013402,0.479076,0.054783,0.046898
3950_198_205_255,1,6,0.036316,0.107809,0.0367,0.042431,0.022188,0.147951,0.606604
3950_197_1791_1850,6,1,0.04041,0.29239,0.057403,0.285463,0.126371,0.021151,0.176811
3950_198_1461_1573,6,6,0.034519,0.066439,0.034818,0.028031,0.009904,0.058632,0.767658
3950_198_2170_2326,6,6,0.015873,0.024343,0.014955,0.046308,0.004783,0.01983,0.873907
3950_197_846_936,4,6,0.025889,0.172365,0.131572,0.059487,0.148462,0.013861,0.448365
3950_198_1717_1767,1,5,0.048744,0.14232,0.091499,0.026439,0.031973,0.386415,0.272608
3950_197_304_413,4,2,0.020927,0.34136,0.450383,0.012966,0.081655,0.02987,0.062838
3950_197_611_675,4,4,0.012995,0.073302,0.213771,0.003209,0.639519,0.006409,0.050794
3950_198_963_1048,1,6,0.026845,0.075199,0.11432,0.071927,0.019772,0.122159,0.569777
3950_198_431_572,1,2,0.023781,0.164002,0.371908,0.003401,0.117029,0.026872,0.293007
3950_197_2076_2144,5,1,0.048994,0.256143,0.178822,0.039724,0.206329,0.072037,0.19795
3950_198_719_795,6,4,0.052959,0.209119,0.190003,0.024592,0.296065,0.022866,0.204395
3950_197_1367_1444,5,5,0.008328,0.055899,0.111731,0.019645,0.030322,0.736054,0.038021
3950_197_2381_2396,4,4,0.009813,0.104098,0.230653,0.002887,0.619339,0.004286,0.028925
3950_197_1659_1670,1,4,0.027936,0.114393,0.147581,0.048247,0.446517,0.010826,0.2045
3964_199_31_252,3,3,0.009202,0.003998,0.021443,0.870523,0.010512,0.070901,0.013421
3964_199_1258_1451,3,3,0.064382,0.071452,0.027742,0.641994,0.07848,0.066156,0.049794
3964_200_1071_1229,0,0,0.435031,0.152577,0.024314,0.203079,0.05194,0.073674,0.059385
3964_199_1654_1717,1,3,0.039692,0.131368,0.062982,0.535362,0.129654,0.037826,0.063115
3964_200_1745_1894,0,0,0.713643,0.198847,0.012589,0.033919,0.014902,0.009554,0.016546
3964_200_1461_1632,0,0,0.645567,0.303406,0.010803,0.007563,0.013095,0.007958,0.011608
3964_200_741_929,1,1,0.093832,0.629853,0.139683,0.022686,0.030611,0.027675,0.055659
3964_200_541_653,1,1,0.17949,0.640686,0.038667,0.01587,0.028106,0.021327,0.075854
3964_200_284_341,5,3,0.044743,0.08273,0.022751,0.589125,0.022511,0.145979,0.09216
3964_199_954_1046,3,3,0.043712,0.084175,0.118804,0.537529,0.093679,0.080234,0.041867
3964_199_454_518,3,3,0.015629,0.009571,0.038228,0.851964,0.015513,0.035052,0.034044
3964_199_346_400,3,3,0.019922,0.013192,0.019686,0.835768,0.01486,0.066214,0.030359
3964_200_410_433,6,4,0.025993,0.195075,0.060364,0.054042,0.372374,0.010142,0.282009
3964_199_674_691,5,5,0.004509,0.010982,0.022326,0.051338,0.010539,0.886586,0.013719
3976_199_1105_1189,3,3,0.016588,0.019162,0.026807,0.753805,0.058345,0.042033,0.083261
3976_199_183_322,3,3,0.025695,0.218575,0.086514,0.481137,0.043918,0.056463,0.087697
3976_199_940_1014,4,4,0.034932,0.143538,0.092583,0.154844,0.367098,0.039221,0.167785
3976_200_1318_1365,3,3,0.008009,0.004921,0.006012,0.899888,0.009274,0.021778,0.050119
3976_199_485_657,4,4,0.008831,0.038426,0.325037,0.06313,0.487763,0.02185,0.054963
3976_200_1035_1070,4,4,0.016749,0.110596,0.029153,0.022143,0.644045,0.007905,0.16941
3976_199_31_114,3,6,0.033557,0.13112,0.151443,0.185375,0.104387,0.19527,0.198849
3976_200_345_456,1,6,0.033836,0.123352,0.050034,0.054976,0.297165,0.024534,0.416103
3976_199_786_856,4,1,0.030319,0.251474,0.12341,0.099013,0.238057,0.030297,0.22743
3976_200_682_755,1,3,0.030757,0.168205,0.020216,0.453898,0.135111,0.012571,0.179241
3976_199_1259_1292,3,1,0.041809,0.399102,0.083196,0.327298,0.065087,0.022593,0.060915
3976_200_869_907,4,4,0.015726,0.110457,0.076308,0.01409,0.650128,0.014015,0.119277
3976_200_1208_1247,5,3,0.013046,0.013224,0.016557,0.773723,0.012848,0.042594,0.128007
3976_200_133_173,4,6,0.04854,0.131522,0.068207,0.028453,0.131093,0.017509,0.574675
3980_200_1262_1368,5,5,0.00632,0.023109,0.028774,0.009267,0.015956,0.908416,0.008157
3980_199_1157_1248,4,4,0.015653,0.100494,0.308167,0.041475,0.398218,0.036958,0.099035
3980_199_1675_1741,3,3,0.039519,0.090708,0.047799,0.542302,0.181383,0.037504,0.060785
3980_200_1760_1862,4,4,0.034393,0.269982,0.038293,0.013837,0.60367,0.014377,0.025448
3980_199_1395_1474,4,4,0.042643,0.203079,0.115943,0.150192,0.339398,0.047612,0.101133
3980_199_867_949,4,4,0.087404,0.355292,0.065408,0.029922,0.419159,0.011981,0.030834
3980_200_138_249,1,4,0.015437,0.059212,0.050314,0.006219,0.751514,0.003735,0.11357
3980_200_965_1135,1,5,0.045964,0.098693,0.045839,0.099929,0.182406,0.317813,0.209356
3980_199_261_415,6,5,0.011126,0.044099,0.162045,0.200425,0.083407,0.440412,0.058486
3980_199_602_740,6,3,0.010255,0.00731,0.028035,0.653943,0.250269,0.019225,0.030963
3980_200_436_586,3,3,0.016779,0.058165,0.088211,0.402089,0.140906,0.133136,0.160714
3980_199_31_106,4,4,0.010485,0.049649,0.292925,0.031257,0.417867,0.095339,0.102478
3980_200_760_856,1,3,0.02383,0.042552,0.012609,0.744067,0.024118,0.017353,0.135472
3980_199_1877_1995,3,3,0.035909,0.083109,0.028433,0.514761,0.171794,0.017403,0.148591
3980_200_1571_1653,4,5,0.033024,0.070269,0.043699,0.170033,0.062143,0.353496,0.267336
3982_199_2482_2656,3,3,0.032294,0.114053,0.057376,0.442657,0.251047,0.073729,0.028844
3982_200_79_146,5,5,0.004708,0.029505,0.12373,0.013828,0.017313,0.78498,0.025937
3982_200_1168_1405,4,4,0.008878,0.031588,0.044356,0.014863,0.677614,0.005588,0.217113
3982_199_204_333,4,2,0.025418,0.122071,0.403519,0.012827,0.257376,0.153903,0.024886
3982_200_2723_2790,3,3,0.024635,0.034575,0.071634,0.589622,0.215127,0.015393,0.049014
3982_199_1443_1498,5,5,0.003195,0.010405,0.011949,0.044579,0.008565,0.828317,0.09299
3982_200_824_979,4,4,0.0037,0.011368,0.169324,0.002612,0.799442,0.005571,0.007983
3982_200_1953_2170,4,4,0.026539,0.089384,0.07929,0.004848,0.782394,0.002961,0.014584
3982_199_1004_1129,5,5,0.012158,0.055528,0.0934,0.036818,0.231352,0.504131,0.066612
3982_200_1760_1831,4,6,0.028015,0.082955,0.020219,0.164508,0.147086,0.007163,0.550055
3982_200_353_650,4,4,0.047767,0.328594,0.121829,0.003534,0.477571,0.010054,0.010652
3982_199_1559_1715,4,3,0.009792,0.053944,0.038483,0.410836,0.024754,0.212739,0.249452
3982_200_1505_1530,4,4,0.006931,0.059672,0.072737,0.001378,0.839872,0.001549,0.017861
3982_199_672_774,3,3,0.020815,0.095438,0.02175,0.596787,0.163246,0.008529,0.093434
3982_199_1852_1878,4,6,0.020341,0.046668,0.067555,0.121017,0.048493,0.186541,0.509385
3982_199_2216_2267,4,6,0.010632,0.03466,0.06919,0.147081,0.295412,0.081876,0.361149
3982_200_2318_2449,4,4,0.00684,0.02207,0.133171,0.017521,0.722364,0.005688,0.092345
3990_199_31_182,1,1,0.224475,0.331356,0.125854,0.053369,0.182447,0.055422,0.027078
3990_200_1198_1343,1,3,0.088508,0.177314,0.034818,0.51469,0.054462,0.018668,0.111541
3990_199_1082_1192,1,4,0.0636,0.185961,0.180473,0.149469,0.336424,0.044546,0.039526
3990_200_1504_1729,0,0,0.42928,0.305589,0.063844,0.026989,0.114894,0.040046,0.019358
3990_200_205_387,1,1,0.248718,0.40903,0.024705,0.060229,0.042242,0.15672,0.058356
3990_199_1738_1813,1,3,0.025123,0.121507,0.073652,0.324531,0.139856,0.112572,0.202759
3990_199_1355_1473,1,1,0.060275,0.512032,0.038355,0.014901,0.344374,0.012258,0.017804
3990_199_833_933,1,1,0.061481,0.446859,0.049598,0.076918,0.152012,0.049154,0.163977
3990_200_951_1060,0,1,0.319932,0.4033,0.028112,0.073566,0.043922,0.011055,0.120112
3990_200_547_622,0,0,0.559764,0.145817,0.013844,0.143551,0.045301,0.047457,0.044265
3990_199_636_684,1,1,0.167492,0.427105,0.055707,0.112723,0.091384,0.059792,0.085797
3990_199_395_535,1,5,0.01009,0.038358,0.06519,0.01276,0.050559,0.804261,0.018782
3990_200_1827_1965,0,0,0.472276,0.470388,0.013442,0.009741,0.010322,0.019046,0.004785
3990_200_690_821,1,0,0.710778,0.106946,0.015641,0.012132,0.034674,0.110869,0.008958
3998_199_2435_2589,3,3,0.013442,0.018903,0.028706,0.77915,0.042834,0.018977,0.097989
3998_199_31_138,3,3,0.038265,0.069093,0.098487,0.446013,0.225205,0.036904,0.086034
3998_199_1934_2210,2,3,0.027231,0.029925,0.081502,0.508045,0.271825,0.032343,0.049129
3998_199_1069_1276,3,3,0.02255,0.016569,0.286104,0.470149,0.120003,0.038574,0.046051
3998_199_1588_1753,1,5,0.012904,0.038962,0.050154,0.271692,0.119162,0.481748,0.025378
3998_200_160_422,3,3,0.012831,0.030007,0.023087,0.646544,0.091022,0.067228,0.129281
3998_200_1304_1548,6,5,0.021123,0.136205,0.134159,0.062177,0.224425,0.342477,0.079434
3998_200_659_940,1,3,0.022203,0.127248,0.034641,0.651464,0.0799,0.04245,0.042093
3998_199_951_1017,3,3,0.032195,0.061674,0.106755,0.614919,0.087239,0.056139,0.041079
3998_200_2245_2425,3,3,0.035033,0.027128,0.012007,0.598475,0.02301,0.289852,0.014494
3998_199_448_643,3,3,0.007887,0.004435,0.00715,0.908572,0.048094,0.01512,0.008741
3998_200_1836_1906,3,3,0.079335,0.08717,0.057222,0.581963,0.091845,0.081506,0.02096
3998_200_1040_1054,5,5,0.008693,0.034493,0.021538,0.03738,0.014643,0.803984,0.07927
4327_217_31_235,0,0,0.850318,0.095385,0.00986,0.008662,0.009343,0.018465,0.007966
4327_217_1116_1449,1,1,0.229758,0.54369,0.098452,0.011051,0.034915,0.067923,0.014211
4327_218_1575_1800,0,0,0.755983,0.170553,0.024325,0.00606,0.022631,0.007878,0.01257
4327_217_705_972,1,0,0.469229,0.411336,0.033966,0.012845,0.01629,0.036208,0.020126
4327_217_554_617,1,0,0.462977,0.363124,0.012362,0.028337,0.017591,0.015031,0.100578
4327_218_286_409,0,0,0.747036,0.120666,0.010993,0.008041,0.011761,0.096247,0.005256
4327_217_433_482,1,1,0.255086,0.55012,0.110944,0.0147,0.036597,0.018253,0.0143
4327_218_657_682,5,5,0.188881,0.084931,0.026822,0.00907,0.011311,0.644034,0.034951
4327_218_1047_1089,0,0,0.518183,0.228373,0.090467,0.059052,0.037601,0.0411,0.025225
4327_218_492_507,5,5,0.043486,0.06461,0.244638,0.010938,0.082739,0.41998,0.133608
4330_218_109_237,1,0,0.423449,0.253196,0.052817,0.014679,0.021223,0.207512,0.027124
4330_217_1125_1370,2,4,0.012558,0.032792,0.209988,0.007253,0.646477,0.02426,0.066672
4330_217_1522_1684,6,2,0.015507,0.099356,0.490964,0.050869,0.143084,0.095441,0.104779
4330_218_1749_1933,1,0,0.486605,0.420618,0.037529,0.005171,0.013877,0.027133,0.009067
4330_218_1409_1486,1,1,0.102523,0.342205,0.086332,0.035349,0.035604,0.289088,0.1089
4330_217_822_964,2,1,0.061442,0.426166,0.112953,0.00513,0.314124,0.008855,0.071328
4330_217_394_643,6,1,0.049337,0.569001,0.095876,0.055988,0.042221,0.129887,0.057689
4330_218_997_1096,1,0,0.563395,0.299901,0.038763,0.003866,0.026626,0.032904,0.034544
4330_217_31_75,6,6,0.091597,0.130258,0.026161,0.265046,0.034737,0.015806,0.436393
4330_218_682_796,1,1,0.276326,0.40412,0.097093,0.094597,0.050662,0.027028,0.050174
4330_218_342_372,1,5,0.040429,0.141779,0.100903,0.028249,0.018338,0.363387,0.306916
4330_217_1979_2016,0,0,0.753202,0.155313,0.01424,0.010954,0.01683,0.03112,0.018341
4330_217_267_318,5,1,0.071242,0.523829,0.178783,0.00762,0.099889,0.05781,0.060827
4342_218_110_218,1,5,0.169639,0.241572,0.050338,0.017758,0.019069,0.491626,0.009996
4342_218_1175_1321,1,1,0.321284,0.523097,0.02953,0.061415,0.016487,0.029781,0.018406
4342_217_1565_1719,3,3,0.020496,0.028035,0.015711,0.783751,0.019034,0.027119,0.105854
4342_217_218_335,1,3,0.017484,0.029683,0.094848,0.41204,0.137447,0.024924,0.283574
4342_218_1719_1869,1,1,0.110965,0.462368,0.041216,0.033599,0.020939,0.314415,0.016498
4342_218_1436_1565,1,1,0.112892,0.580564,0.058361,0.027722,0.036351,0.135378,0.048733
4342_218_854_952,1,0,0.491273,0.088854,0.025164,0.008365,0.01648,0.364666,0.005197
4342_217_1321_1436,1,0,0.414259,0.328339,0.044528,0.051235,0.023916,0.063289,0.074435
4342_218_557_757,1,0,0.689575,0.208928,0.0123,0.016514,0.015534,0.049057,0.008092
4342_217_952_1175,1,1,0.294514,0.557192,0.028419,0.015609,0.026655,0.026554,0.051058
4342_217_414_557,4,3,0.037226,0.122057,0.086997,0.33918,0.064546,0.231924,0.118071
4342_217_31_110,3,3,0.017719,0.016552,0.0556,0.690784,0.055826,0.012603,0.150916
4342_217_757_854,1,0,0.675067,0.183317,0.035695,0.018662,0.036714,0.027012,0.023533
4342_218_335_414,1,5,0.014862,0.041637,0.018256,0.011053,0.011914,0.894839,0.007438
4347_217_82_142,1,5,0.019761,0.31127,0.094302,0.016429,0.080201,0.421908,0.056128
4347_218_1217_1317,5,1,0.217119,0.468122,0.040398,0.020412,0.027966,0.203463,0.02252
4347_217_1014_1217,1,0,0.461305,0.414787,0.019795,0.006582,0.026125,0.068207,0.003199
4347_218_1657_1794,3,3,0.031598,0.229065,0.104007,0.317002,0.016081,0.20008,0.102167
4347_217_225_380,5,5,0.010814,0.041532,0.010066,0.284353,0.011332,0.617198,0.024706
4347_217_1794_1836,3,3,0.033583,0.068244,0.016589,0.733761,0.01097,0.050499,0.086353
4347_217_1317_1521,1,0,0.62153,0.313499,0.016539,0.00395,0.02248,0.018156,0.003847
4347_218_878_1014,5,5,0.016939,0.029069,0.014828,0.014432,0.014252,0.902781,0.0077
4347_218_142_225,5,5,0.037601,0.106464,0.021069,0.324683,0.02645,0.408288,0.075444
4347_218_380_609,3,3,0.01045,0.030078,0.026198,0.777813,0.015962,0.105141,0.034358
4347_217_609_688,5,5,0.020928,0.023605,0.012825,0.156453,0.012737,0.683972,0.08948
4347_218_31_82,3,1,0.257958,0.300591,0.072894,0.039626,0.0337,0.154614,0.140617
4347_217_803_878,1,5,0.034877,0.171189,0.059037,0.182674,0.038075,0.431757,0.082391
4347_218_735_803,3,3,0.008671,0.00529,0.011685,0.928959,0.011345,0.016347,0.017704
4353_218_105_248,5,5,0.01041,0.055437,0.045309,0.111856,0.025787,0.70595,0.04525
4353_217_1182_1390,1,3,0.027532,0.160038,0.123364,0.489986,0.024221,0.06177,0.11309
4353_218_1580_1775,3,1,0.336432,0.479939,0.051064,0.035818,0.039471,0.031663,0.025613
4353_217_1800_1870,3,3,0.067172,0.111049,0.212208,0.391675,0.036082,0.054458,0.127355
4353_217_2127_2301,0,1,0.135849,0.29456,0.050901,0.290969,0.032014,0.082913,0.112793
4353_217_858_1004,0,1,0.416627,0.49638,0.022751,0.01414,0.024813,0.013187,0.012102
4353_218_474_639,1,3,0.023627,0.068339,0.253646,0.496697,0.023977,0.114909,0.018805
4353_218_1060_1161,1,5,0.062053,0.081593,0.025244,0.126165,0.01201,0.676899,0.016034
4353_217_271_451,1,2,0.040494,0.194906,0.406726,0.071614,0.188417,0.038549,0.059294
4353_217_31_94,3,2,0.013943,0.030695,0.309404,0.167684,0.092005,0.150779,0.235491
4353_217_1487_1526,1,5,0.051618,0.104092,0.040009,0.288272,0.026171,0.312851,0.176986
4353_218_765_833,0,2,0.025474,0.112255,0.503485,0.179559,0.093424,0.056598,0.029205
4353_217_656_743,3,3,0.056125,0.27731,0.074735,0.301263,0.05762,0.139361,0.093586
4353_218_1902_1979,1,0,0.330959,0.246519,0.058433,0.01023,0.066898,0.277521,0.009441
4353_218_1422_1442,5,0,0.386318,0.295576,0.031449,0.008483,0.02361,0.225963,0.028601
4353_217_1998_2043,0,6,0.069143,0.217274,0.113397,0.038651,0.068281,0.20714,0.286114
4353_218_2071_2096,1,4,0.029676,0.131953,0.180399,0.00545,0.51801,0.02886,0.105652
4356_218_95_191,3,3,0.008124,0.005413,0.010644,0.587561,0.011427,0.332509,0.044323
4356_218_1256_1565,1,1,0.016918,0.439257,0.089351,0.099901,0.136534,0.179908,0.038131
4356_217_2035_2078,6,3,0.013136,0.041455,0.037526,0.320362,0.028592,0.296731,0.262197
4356_217_1033_1193,5,3,0.030735,0.079689,0.051231,0.414196,0.048529,0.301016,0.074604
4356_217_1581_1696,5,3,0.054136,0.122639,0.011699,0.412599,0.01146,0.368884,0.018583
4356_217_203_261,2,2,0.012921,0.023072,0.525715,0.131908,0.120082,0.014124,0.172179
4356_218_1724_2024,1,0,0.484493,0.351429,0.033745,0.011244,0.032221,0.07814,0.008728
4356_218_2109_2299,1,6,0.028209,0.274264,0.071351,0.071062,0.040242,0.224784,0.290088
4356_218_2503_2673,1,3,0.019262,0.21035,0.034546,0.556505,0.019929,0.039222,0.120185
4356_218_898_1010,4,4,0.025971,0.09148,0.200078,0.027885,0.489074,0.043175,0.122337
4356_217_532_855,6,5,0.049022,0.112997,0.051516,0.178709,0.050417,0.517771,0.039568
4356_217_302_365,6,3,0.044208,0.059031,0.050859,0.296293,0.031535,0.223603,0.294472
4356_218_403_510,5,5,0.031225,0.091259,0.063263,0.022014,0.073034,0.684756,0.03445
4356_217_31_63,2,3,0.005711,0.001898,0.009057,0.844882,0.004427,0.012188,0.121836
4356_217_2348_2468,3,4,0.016433,0.059124,0.274381,0.178381,0.303716,0.018538,0.149425
4356_218_275_287,6,6,0.014561,0.081984,0.044842,0.05969,0.041759,0.323723,0.433441
4481_225_1218_1312,5,5,0.006835,0.016295,0.01681,0.049695,0.015196,0.876517,0.018652
4481_226_1114_1197,3,3,0.007593,0.018785,0.018586,0.731551,0.018303,0.023548,0.181635
4481_226_799_1047,1,3,0.005301,0.036103,0.025279,0.409149,0.047563,0.129303,0.347303
4481_226_133_239,3,3,0.008727,0.030669,0.016249,0.59148,0.02475,0.027201,0.300924
4481_226_1336_1448,3,3,0.004812,0.007323,0.007141,0.826218,0.006834,0.013778,0.133894
4481_225_320_373,5,6,0.0155,0.059291,0.032327,0.237614,0.043393,0.143953,0.467922
4481_225_605_654,6,6,0.028404,0.175715,0.080038,0.130099,0.164197,0.187047,0.2345
4481_226_391_591,3,3,0.00586,0.015825,0.011641,0.570719,0.02748,0.062834,0.305642
4481_225_31_94,2,4,0.00823,0.03677,0.156522,0.030238,0.658618,0.014869,0.094753
4481_226_1520_1556,3,3,0.108736,0.111152,0.011618,0.505507,0.014905,0.102935,0.145147
4481_225_1481_1515,6,3,0.02161,0.047644,0.016362,0.629247,0.014725,0.059083,0.21133
4481_226_667_746,5,5,0.022847,0.125714,0.118023,0.080516,0.090687,0.291382,0.270832
4481_225_1560_1627,3,3,0.007506,0.011595,0.018036,0.673972,0.033357,0.01966,0.235873
4481_225_760_794,6,6,0.020007,0.051677,0.028422,0.205162,0.052983,0.091372,0.550376
4481_225_1055_1103,5,5,0.013381,0.037975,0.076116,0.048636,0.050349,0.537723,0.23582
4489_225_31_150,6,5,0.065694,0.082262,0.021578,0.019811,0.08354,0.67216,0.054956
4489_225_1239_1321,3,4,0.051726,0.124404,0.122818,0.060108,0.266433,0.164258,0.210252
4489_226_1131_1208,1,5,0.036766,0.069833,0.024532,0.008543,0.024385,0.82666,0.009281
4489_226_171_366,1,3,0.011294,0.038065,0.042778,0.325926,0.070431,0.324915,0.186592
4489_225_887_968,5,5,0.009782,0.018568,0.018049,0.011595,0.031301,0.897087,0.013619
4489_226_1340_1408,3,1,0.297232,0.486319,0.028472,0.068872,0.054916,0.016528,0.047661
4489_226_472_618,4,5,0.021039,0.089189,0.027025,0.028199,0.114554,0.513611,0.206382
4489_225_1075_1123,3,3,0.038585,0.192287,0.032184,0.511679,0.032391,0.060735,0.13214
4489_225_625_647,5,5,0.017251,0.028444,0.024736,0.007204,0.016002,0.873513,0.032849
4489_226_981_1051,3,3,0.034523,0.117088,0.062697,0.383236,0.039612,0.046643,0.316201
4489_226_776_878,1,1,0.10255,0.276515,0.111909,0.129682,0.136386,0.069892,0.173067
4489_226_659_710,3,5,0.016513,0.031342,0.041795,0.189,0.047571,0.572751,0.101028
4489_225_715_764,5,5,0.070926,0.107087,0.071299,0.015063,0.118953,0.57265,0.044022
4489_225_368_406,5,5,0.019664,0.046629,0.026649,0.004434,0.032736,0.848392,0.021495
4491_226_904_1365,1,4,0.019185,0.181238,0.100476,0.075869,0.46339,0.024788,0.135054
4491_225_219_278,1,6,0.007309,0.033055,0.103878,0.065666,0.299925,0.123706,0.366462
4491_226_1454_1638,2,3,0.010712,0.038627,0.063898,0.577765,0.069332,0.07626,0.163406
4491_225_90_127,4,5,0.009552,0.036401,0.050998,0.074758,0.053469,0.470032,0.30479
4491_226_546_723,4,1,0.199373,0.525862,0.086896,0.041675,0.095292,0.023913,0.026989
4491_226_162_185,2,5,0.017229,0.040282,0.058444,0.032489,0.022537,0.778838,0.050182
4491_226_302_434,4,4,0.007811,0.073154,0.250929,0.001992,0.655288,0.002443,0.008382
4491_225_456_501,4,5,0.160268,0.212029,0.049123,0.010237,0.069788,0.405627,0.092929
4491_225_755_861,4,4,0.020635,0.165045,0.080313,0.005425,0.506884,0.173532,0.048166
4491_226_65_87,6,5,0.011842,0.050405,0.032935,0.057644,0.021547,0.7227,0.102926
4491_225_1394_1436,4,6,0.014942,0.090998,0.121201,0.050281,0.152062,0.164931,0.405584
4491_225_31_52,6,6,0.043921,0.060148,0.145288,0.253161,0.115053,0.108743,0.273686
4494_226_123_174,6,5,0.010521,0.030082,0.072346,0.067052,0.025806,0.653625,0.140569
4494_226_1197_1497,6,6,0.0078,0.037203,0.022466,0.205364,0.071034,0.03745,0.618683
4494_225_1115_1188,2,4,0.037443,0.202597,0.090086,0.022591,0.436222,0.047198,0.163862
4494_225_190_259,2,4,0.007305,0.03094,0.199935,0.003719,0.6814,0.01234,0.06436
4494_225_936_953,4,6,0.019966,0.090162,0.063696,0.135709,0.207565,0.0172,0.465702
4494_225_581_725,2,4,0.009749,0.050566,0.193539,0.003523,0.519744,0.105937,0.116942
4494_225_324_407,2,6,0.00587,0.020236,0.014532,0.212959,0.019592,0.090032,0.636778
4494_226_970_1103,1,4,0.014114,0.044202,0.140968,0.177013,0.320958,0.081922,0.220824
4494_226_422_572,6,3,0.01099,0.047296,0.023466,0.44538,0.069798,0.048818,0.354252
4494_225_31_105,2,3,0.014281,0.054106,0.097355,0.352051,0.09465,0.072109,0.315448
4494_225_1512_1545,4,4,0.022918,0.12581,0.218813,0.034314,0.458381,0.014814,0.12495
4494_226_745_928,1,1,0.034846,0.257341,0.043835,0.117483,0.110273,0.180695,0.255527
4494_226_267_312,1,6,0.039383,0.068835,0.042297,0.030689,0.061346,0.107186,0.650264
4505_225_31_164,5,2,0.009341,0.041526,0.623695,0.008413,0.172185,0.073419,0.071422
4505_226_1293_1391,5,3,0.023715,0.115867,0.075862,0.563926,0.027394,0.1504,0.042836
4505_226_1977_2170,3,3,0.006164,0.005304,0.010433,0.838475,0.005913,0.1212,0.01251
4505_225_1134_1293,5,3,0.022404,0.066821,0.095105,0.445868,0.091142,0.132388,0.146272
4505_225_1649_1801,1,4,0.02675,0.154123,0.076906,0.234132,0.270677,0.125967,0.111444
4505_226_164_293,5,5,0.005832,0.061382,0.022753,0.053422,0.042247,0.740835,0.07353
4505_226_1801_1861,3,3,0.00807,0.00796,0.023167,0.721039,0.010344,0.211038,0.018381
4505_225_1391_1553,5,5,0.008093,0.038249,0.035425,0.011932,0.065101,0.832208,0.008991
4505_225_872_984,1,1,0.011571,0.314794,0.289994,0.062506,0.162541,0.035535,0.123059
4505_225_533_675,5,5,0.018538,0.052247,0.066009,0.192252,0.087992,0.35909,0.223872
4505_226_984_1134,3,3,0.017866,0.035693,0.145234,0.456117,0.087492,0.234485,0.023113
4505_225_293_460,5,5,0.002673,0.006654,0.013438,0.139224,0.006819,0.811073,0.020118
4505_226_460_533,5,3,0.015288,0.024602,0.029019,0.692689,0.03472,0.033272,0.17041
4505_226_675_872,5,5,0.011863,0.032439,0.071754,0.042363,0.1149,0.698674,0.028007
4505_225_1861_1977,3,3,0.005853,0.004154,0.010994,0.862102,0.019674,0.02167,0.075553
4505_226_1553_1649,5,1,0.027248,0.277955,0.156039,0.143977,0.163192,0.082218,0.149372
4519_225_84_136,5,5,0.008296,0.012673,0.021834,0.045931,0.009588,0.881803,0.019875
4519_225_1144_1235,0,1,0.366831,0.491509,0.02926,0.024785,0.032409,0.029399,0.025807
4519_226_148_293,1,6,0.03168,0.206857,0.185526,0.059047,0.17524,0.048621,0.293029
4519_226_1445_1500,0,3,0.006792,0.002814,0.007936,0.923344,0.026093,0.009881,0.023141
4519_225_949_1029,4,1,0.106966,0.445076,0.07118,0.037387,0.155095,0.018682,0.165614
4519_225_1311_1422,1,1,0.263422,0.536484,0.045706,0.024833,0.067549,0.011985,0.050021
4519_226_479_637,1,0,0.415592,0.360845,0.022724,0.025481,0.068323,0.039003,0.068032
4519_226_1038_1132,6,6,0.015193,0.051358,0.028218,0.283187,0.055671,0.021286,0.545087
4519_225_315_459,1,5,0.168995,0.216077,0.046424,0.006103,0.099338,0.409106,0.053955
4519_226_31_66,1,0,0.416563,0.212432,0.021444,0.144033,0.012352,0.061947,0.13123
4519_225_1513_1556,3,2,0.039803,0.165254,0.261177,0.134512,0.144231,0.058451,0.196572
4519_226_806_925,1,1,0.184882,0.358247,0.287648,0.012662,0.116058,0.013057,0.027446
4519_225_659_784,6,1,0.042628,0.349686,0.12285,0.068988,0.120435,0.061495,0.233917
4519_226_1259_1291,1,5,0.124096,0.218461,0.037361,0.039225,0.018355,0.513659,0.048843
4519_226_1573_1617,1,4,0.085951,0.126596,0.144767,0.028297,0.553351,0.040648,0.020391
4722_238_110_174,4,1,0.052439,0.541645,0.103775,0.017188,0.210506,0.024016,0.05043
4722_238_1290_1392,3,3,0.011022,0.076434,0.028432,0.537715,0.026416,0.056734,0.263247
4722_237_1141_1273,1,6,0.026687,0.247033,0.064941,0.165606,0.075311,0.057691,0.362732
4722_238_1540_1700,1,3,0.00561,0.040718,0.098411,0.556349,0.024849,0.049393,0.22467
4722_238_242_459,1,1,0.015229,0.482857,0.189956,0.028573,0.112443,0.028725,0.142217
4722_237_1403_1527,3,3,0.006405,0.009307,0.011166,0.865254,0.009447,0.059515,0.038906
4722_238_901_951,6,5,0.007292,0.103224,0.069708,0.017234,0.011076,0.707111,0.084355
4722_237_181_222,5,5,0.003761,0.016409,0.022191,0.022811,0.008994,0.915881,0.009953
4722_238_525_777,4,4,0.017483,0.170248,0.180741,0.058047,0.274149,0.036731,0.262602
4722_238_1084_1133,1,1,0.017582,0.769801,0.08843,0.045912,0.012928,0.023045,0.042302
4722_237_1711_1768,3,2,0.056821,0.210226,0.246192,0.075784,0.154175,0.177052,0.07975
4722_237_961_1070,1,6,0.020945,0.203424,0.035465,0.075079,0.110569,0.049849,0.504669
4722_237_470_511,5,5,0.014611,0.061087,0.053876,0.029553,0.019304,0.773097,0.048473
4722_237_31_86,5,5,0.044219,0.182252,0.11409,0.069466,0.052219,0.392268,0.145486
4722_237_787_889,4,3,0.012486,0.021331,0.020334,0.672445,0.055001,0.086245,0.132159
4734_237_31_136,3,3,0.008189,0.00295,0.013479,0.903931,0.005177,0.017483,0.048791
4734_238_1213_1423,1,1,0.243535,0.380223,0.069137,0.121397,0.041275,0.100062,0.044371
4734_237_1030_1213,2,3,0.01739,0.150558,0.117219,0.48081,0.025381,0.098657,0.109986
4734_238_1638_1761,6,1,0.132538,0.676234,0.039659,0.071547,0.015162,0.020568,0.044292
4734_237_188_374,3,3,0.0138,0.057092,0.087816,0.622796,0.019693,0.071857,0.126946
4734_237_1423_1638,1,1,0.120019,0.587619,0.084243,0.036825,0.08272,0.057991,0.030582
4734_238_838_1030,5,0,0.396407,0.364947,0.032129,0.037846,0.037834,0.118851,0.011985
4734_237_464_652,5,1,0.239781,0.587675,0.055234,0.027297,0.023394,0.056035,0.010584
4734_238_136_188,6,6,0.029537,0.239311,0.075525,0.036308,0.056579,0.245665,0.317075
4734_238_374_464,2,5,0.022838,0.219102,0.26215,0.054085,0.063702,0.295935,0.082188
4734_237_762_838,6,3,0.01738,0.04866,0.04725,0.388019,0.025694,0.103335,0.369662
4734_238_652_762,5,5,0.065827,0.353055,0.064744,0.006027,0.029237,0.470749,0.010361
4731_238_106_186,5,5,0.009006,0.054671,0.130385,0.001539,0.020131,0.7776,0.006669
4731_237_1077_1303,1,1,0.235736,0.571982,0.039646,0.008641,0.116334,0.014325,0.013334
4731_238_2021_2141,1,1,0.030155,0.376246,0.22425,0.00729,0.306959,0.038175,0.016924
4731_238_1648_1811,6,5,0.01733,0.102622,0.115473,0.203999,0.075784,0.394163,0.090629
4731_237_197_262,1,4,0.00769,0.099352,0.047967,0.008207,0.745971,0.004757,0.086056
4731_238_1314_1461,1,5,0.004028,0.014351,0.019859,0.055242,0.008465,0.891006,0.00705
4731_237_2171_2262,4,4,0.044756,0.409703,0.054574,0.007323,0.445485,0.005048,0.03311
4731_237_685_956,1,1,0.048642,0.67957,0.096105,0.018188,0.115558,0.012977,0.028959
4731_238_2285_2374,1,2,0.012682,0.103709,0.538371,0.009655,0.283875,0.022325,0.029384
4731_238_573_660,5,5,0.012216,0.086854,0.221339,0.011271,0.032849,0.619598,0.015873
4731_238_279_405,1,5,0.048133,0.242459,0.196148,0.009168,0.066662,0.397895,0.039535
4731_238_969_1064,4,5,0.01982,0.199268,0.157956,0.016515,0.060242,0.51041,0.03579
4731_237_426_562,1,1,0.048303,0.661615,0.068333,0.002657,0.189498,0.015031,0.014562
4731_237_31_101,4,4,0.014857,0.060379,0.295258,0.106553,0.36303,0.008968,0.150957
4731_237_1484_1624,1,2,0.009855,0.149042,0.476817,0.133065,0.143121,0.023416,0.064684
4731_237_1838_1999,4,1,0.014677,0.414919,0.237714,0.023097,0.22748,0.011029,0.071084
4736_238_1176_1404,4,2,0.00429,0.035982,0.792481,0.023683,0.066921,0.046661,0.029981
4736_238_1670_1779,6,2,0.018641,0.044874,0.341232,0.104357,0.304868,0.038495,0.147534
4736_238_156_317,3,3,0.032311,0.178277,0.183563,0.207505,0.120459,0.182744,0.095141
4736_237_1812_2008,5,5,0.018302,0.081082,0.233859,0.005335,0.077678,0.576737,0.007007
4736_237_1425_1622,6,2,0.007179,0.044014,0.680586,0.040486,0.098505,0.025699,0.103531
4736_238_876_968,3,4,0.013424,0.189424,0.345417,0.011105,0.369305,0.016235,0.05509
4736_237_995_1148,5,5,0.007315,0.044253,0.203162,0.008586,0.071895,0.642352,0.022437
4736_238_604_704,4,2,0.039169,0.352425,0.377598,0.04055,0.116844,0.033524,0.03989
4736_237_346_575,6,1,0.08211,0.530281,0.078928,0.113691,0.059566,0.094107,0.041316
4736_237_31_108,3,3,0.099844,0.107502,0.097272,0.436967,0.037028,0.101754,0.119633
4736_237_736_842,5,5,0.033294,0.162224,0.075467,0.095174,0.057612,0.401674,0.174555
4735_238_84_203,1,6,0.015599,0.260537,0.040883,0.136813,0.041698,0.057253,0.447217
4735_238_1269_1423,1,1,0.102076,0.655874,0.114745,0.044291,0.021371,0.037057,0.024586
4735_237_1134_1269,1,1,0.06379,0.673935,0.117716,0.007191,0.102271,0.022988,0.012109
4735_237_1663_1776,1,1,0.055694,0.683322,0.108462,0.042744,0.074342,0.02037,0.015066
4735_237_203_412,1,2,0.007627,0.174404,0.400772,0.006805,0.38307,0.015537,0.011785
4735_238_1776_1862,6,6,0.069536,0.149854,0.199925,0.203988,0.088987,0.05516,0.23255
4735_237_1423_1492,1,1,0.11248,0.554665,0.047752,0.118191,0.062254,0.022454,0.082205
4735_237_902_1028,1,1,0.147541,0.591689,0.049715,0.02611,0.045533,0.125509,0.013903
4735_237_581_814,0,1,0.354353,0.55241,0.023146,0.001541,0.015604,0.049532,0.003415
4735_238_1028_1134,1,1,0.02619,0.409701,0.175646,0.035256,0.077432,0.036385,0.23939
4735_238_412_581,1,1,0.09686,0.646077,0.085969,0.00763,0.052189,0.041265,0.070011
4735_237_31_84,1,5,0.01422,0.145015,0.302463,0.010612,0.036121,0.407356,0.084213
4735_238_1492_1663,1,1,0.030927,0.414059,0.285647,0.025391,0.047011,0.145397,0.051567
4735_238_814_902,1,1,0.070529,0.692887,0.119838,0.002345,0.056868,0.013364,0.044169
4735_237_1862_1900,6,3,0.014214,0.048804,0.020749,0.664866,0.032319,0.038708,0.18034
4748_238_2389_2529,3,5,0.029593,0.08348,0.12306,0.113861,0.034665,0.558703,0.056638
4748_237_31_415,1,3,0.013516,0.045074,0.085691,0.489,0.181001,0.044729,0.140988
4748_237_1286_1453,1,1,0.265305,0.647098,0.020933,0.007084,0.035412,0.010254,0.013914
4748_238_2033_2195,5,1,0.018846,0.225007,0.135713,0.146174,0.14814,0.215019,0.111101
4748_238_1050_1286,1,4,0.008002,0.157002,0.170588,0.010957,0.578785,0.052426,0.022239
4748_237_1662_2033,1,4,0.006802,0.008313,0.033887,0.051331,0.855112,0.029065,0.015489
4748_238_1453_1662,5,2,0.006665,0.100376,0.282329,0.022572,0.238651,0.257826,0.09158
4748_237_2195_2389,5,1,0.257846,0.567866,0.022266,0.003742,0.057324,0.085458,0.005498
4748_237_2529_2642,1,3,0.118433,0.145279,0.251323,0.398786,0.033553,0.018762,0.033865
4748_237_835_1050,5,3,0.010659,0.020058,0.168866,0.540348,0.069709,0.167422,0.022938
4748_238_415_835,6,2,0.008512,0.2825,0.404001,0.011606,0.155725,0.100685,0.036971
4749_237_1946_2568,3,5,0.01502,0.058739,0.127397,0.109491,0.10158,0.506337,0.081435
4749_237_95_415,5,5,0.005639,0.011867,0.014678,0.058828,0.039412,0.858618,0.010957
4749_238_1246_1300,1,4,0.015734,0.038916,0.268639,0.015832,0.6331,0.011465,0.016313
4749_237_1045_1246,5,3,0.022971,0.144887,0.067911,0.476779,0.096086,0.052711,0.138655
4749_238_1345_1640,1,4,0.008428,0.052605,0.3932,0.004137,0.520692,0.012952,0.007985
4749_238_2568_2616,1,2,0.036609,0.093581,0.483993,0.035824,0.134229,0.168609,0.047156
4749_238_809_1045,5,2,0.011639,0.054622,0.326409,0.070829,0.2381,0.282833,0.015569
4749_237_1640_1849,1,1,0.044775,0.36155,0.133799,0.016749,0.290588,0.128846,0.023693
4749_237_612_809,1,3,0.023922,0.15868,0.099664,0.579225,0.030607,0.062336,0.045566
4749_238_2661_2741,1,2,0.010426,0.176701,0.421112,0.032459,0.240639,0.028874,0.089789
4749_238_415_612,3,2,0.00726,0.07463,0.622312,0.108084,0.043719,0.069216,0.074778
4749_238_1849_1946,5,5,0.007231,0.034788,0.044872,0.07451,0.031077,0.761452,0.04607
4749_237_1300_1345,5,5,0.084939,0.251344,0.102568,0.016825,0.188486,0.258396,0.097443
4749_237_2616_2661,5,5,0.006132,0.01738,0.021778,0.011224,0.008822,0.911836,0.022828
4749_238_31_95,3,2,0.074481,0.235361,0.430466,0.0725,0.034691,0.065735,0.086766
4755_237_1296_1420,2,1,0.17349,0.699975,0.059599,0.019912,0.019979,0.019963,0.007082
4755_237_1970_2111,6,1,0.095661,0.644682,0.142626,0.005852,0.052171,0.046699,0.012308
4755_238_933_1267,6,1,0.033002,0.432377,0.307647,0.005897,0.035455,0.163765,0.021858
4755_237_1585_1767,2,1,0.272838,0.513523,0.059595,0.010532,0.047589,0.081131,0.014793
4755_237_252_381,2,1,0.292613,0.556315,0.052484,0.003452,0.066742,0.019587,0.008806
4755_238_1783_1901,6,2,0.058682,0.327944,0.347378,0.007227,0.212463,0.01792,0.028385
4755_238_2152_2246,3,3,0.027453,0.048847,0.067935,0.650685,0.029864,0.066159,0.109058
4755_238_148_220,3,6,0.023697,0.162578,0.197894,0.182227,0.123149,0.077973,0.23248
4755_238_429_805,6,2,0.007877,0.202006,0.548884,0.020486,0.046139,0.087023,0.087585
4755_237_31_78,2,5,0.0284,0.239175,0.232958,0.009312,0.139377,0.263925,0.086853
4755_238_1481_1554,6,1,0.069335,0.578509,0.158933,0.023064,0.023361,0.086446,0.060351
4755_237_824_909,2,1,0.198899,0.429607,0.069798,0.00349,0.032893,0.126797,0.138515
4756_238_94_162,4,1,0.055212,0.401608,0.198351,0.005999,0.028178,0.270888,0.039764
4756_237_1176_1300,4,6,0.031097,0.172318,0.124901,0.023087,0.166839,0.101564,0.380195
4756_238_1992_2102,4,5,0.030164,0.082429,0.211213,0.117162,0.109676,0.416629,0.032727
4756_238_1624_1692,5,1,0.110634,0.353456,0.210919,0.006469,0.035559,0.270693,0.01227
4756_238_232_421,2,5,0.061453,0.303008,0.219086,0.004673,0.089418,0.313837,0.008525
4756_238_1803_1868,0,1,0.132938,0.438632,0.153805,0.038234,0.027815,0.062477,0.146097
4756_237_1362_1608,4,1,0.051862,0.290675,0.226439,0.026071,0.255732,0.041759,0.107462
4756_237_949_1083,1,1,0.097259,0.572696,0.099592,0.007092,0.151348,0.028158,0.043855
4756_237_177_214,4,2,0.007592,0.050368,0.517485,0.007976,0.266755,0.1006,0.049225
4756_238_575_775,0,0,0.456216,0.433754,0.038974,0.00771,0.035313,0.016865,0.011168
4756_238_1105_1144,5,5,0.016877,0.090288,0.072227,0.043221,0.021802,0.663027,0.092559
4756_237_1707_1790,1,1,0.113987,0.481756,0.221282,0.005567,0.051907,0.08809,0.037411
4756_238_1314_1348,5,1,0.061501,0.412898,0.088833,0.060801,0.042421,0.171822,0.161723
4756_237_444_553,4,4,0.01001,0.111802,0.227048,0.014319,0.594577,0.014997,0.027247
4756_237_31_70,4,4,0.037875,0.162975,0.125009,0.02016,0.536837,0.011546,0.105597
4756_237_789_853,4,1,0.269631,0.621403,0.022129,0.011404,0.03825,0.012774,0.024409
4756_237_1890_1976,4,1,0.06367,0.344965,0.087361,0.128849,0.277951,0.03555,0.061654
4756_238_881_927,5,1,0.027661,0.325551,0.233468,0.03606,0.065291,0.119042,0.192927
4928_247_31_186,2,2,0.003709,0.009233,0.822883,0.002384,0.150579,0.004633,0.006579
4928_247_1240_1374,4,2,0.005709,0.037954,0.833218,0.003451,0.109946,0.005791,0.003931
4928_247_2034_2066,5,5,0.009299,0.046302,0.256649,0.001967,0.011121,0.660146,0.014516
4928_248_955_1235,4,2,0.028242,0.331876,0.380074,0.011855,0.152589,0.0634,0.031965
4928_247_1574_1756,2,2,0.009302,0.016235,0.746937,0.034553,0.171376,0.012455,0.009142
4928_248_208_335,3,5,0.010021,0.044964,0.055623,0.014085,0.022499,0.847465,0.005344
4928_248_1773_2030,0,1,0.025256,0.416929,0.268744,0.004445,0.257672,0.010389,0.016564
4928_248_1389_1556,0,1,0.082822,0.699079,0.080495,0.024674,0.040694,0.054447,0.01779
4928_248_2078_2223,0,1,0.049721,0.605317,0.109194,0.020314,0.083846,0.081554,0.050054
4928_247_847_934,4,2,0.029183,0.102627,0.561751,0.008431,0.128845,0.084066,0.085096
4928_247_544_737,4,4,0.012338,0.046076,0.05772,0.014444,0.844868,0.006472,0.018082
4928_248_463_504,1,1,0.084239,0.416678,0.120562,0.01366,0.072407,0.261318,0.031137
4928_248_754_828,1,1,0.034922,0.311443,0.174207,0.016637,0.183882,0.064667,0.214242
4928_247_352_403,4,2,0.003096,0.010356,0.568291,0.001582,0.403127,0.001802,0.011746
4929_248_120_229,0,2,0.021776,0.220401,0.311737,0.124989,0.078052,0.137008,0.106038
4929_247_1267_1327,4,1,0.058879,0.32009,0.078081,0.064805,0.263292,0.033007,0.181846
4929_247_1130_1211,2,4,0.008192,0.059084,0.266972,0.008636,0.526913,0.007089,0.123114
4929_247_240_269,5,5,0.008371,0.056847,0.13163,0.014702,0.01492,0.720434,0.053096
4929_248_939_1118,0,1,0.059399,0.578852,0.114053,0.008457,0.039107,0.168527,0.031604
4929_248_1345_1424,0,1,0.322737,0.431989,0.056825,0.014728,0.030345,0.111723,0.031653
4929_248_289_363,3,5,0.022753,0.128713,0.165849,0.069691,0.060539,0.350376,0.202079
4929_247_593_714,2,2,0.016059,0.092667,0.682209,0.025632,0.130898,0.025131,0.027403
4929_248_463_584,1,1,0.038317,0.352862,0.157863,0.063086,0.06096,0.14753,0.179382
4929_247_31_105,2,2,0.018945,0.018197,0.462541,0.098004,0.051498,0.190003,0.160813
4929_247_367_448,5,5,0.009256,0.063589,0.158142,0.009786,0.016015,0.724476,0.018737
4929_248_1217_1254,0,5,0.033159,0.234599,0.133053,0.007913,0.033186,0.475068,0.083022
4929_248_718_877,0,5,0.014666,0.119064,0.067095,0.015998,0.031592,0.724295,0.027291
4929_247_885_913,5,5,0.011803,0.074831,0.251886,0.013979,0.02464,0.527831,0.095029
4952_248_1253_1378,1,6,0.011456,0.093693,0.0577,0.104685,0.060696,0.3086,0.363169
4952_247_1088_1215,6,3,0.017649,0.021424,0.044887,0.49245,0.026316,0.043478,0.353795
4952_247_148_257,1,1,0.13144,0.410644,0.234559,0.023731,0.140033,0.035179,0.024415
4952_247_1401_1485,0,2,0.133082,0.132742,0.336889,0.018802,0.092076,0.246032,0.040376
4952_247_916_942,6,3,0.00988,0.014416,0.092906,0.781819,0.014355,0.028039,0.058585
4952_247_577_694,1,3,0.01046,0.010869,0.05899,0.817739,0.023757,0.036015,0.042169
4952_248_293_351,1,1,0.085779,0.597114,0.061297,0.050535,0.059386,0.057893,0.087996
4952_248_989_1071,6,5,0.034516,0.127416,0.19996,0.145994,0.037244,0.333688,0.12118
4952_247_387_530,1,3,0.012122,0.049461,0.038863,0.738776,0.035525,0.052216,0.073037
4952_248_31_114,1,1,0.048987,0.666401,0.090764,0.030448,0.045832,0.08669,0.030879
4952_248_1527_1597,6,1,0.015052,0.339598,0.11642,0.043302,0.119369,0.043931,0.322328
4952_248_749_888,1,3,0.009484,0.073763,0.046703,0.624042,0.031532,0.022844,0.191631
4952_247_1621_1636,5,1,0.187948,0.376357,0.118063,0.021731,0.061274,0.158365,0.076262
4952_248_541_546,3,5,0.011262,0.010656,0.025111,0.337545,0.014045,0.560586,0.040796
4954_247_1141_1310,5,3,0.01789,0.036429,0.0897,0.448063,0.063292,0.256349,0.088277
4954_248_1519_1735,6,1,0.012102,0.349246,0.096157,0.103904,0.087772,0.059012,0.291807
4954_247_1764_1864,1,1,0.083322,0.716301,0.094149,0.013608,0.056829,0.017479,0.018312
4954_247_1368_1481,3,3,0.009281,0.002196,0.011674,0.933694,0.005306,0.028885,0.008963
4954_247_31_122,6,5,0.010309,0.058462,0.089,0.006575,0.106534,0.674922,0.054199
4954_248_933_1119,6,1,0.028524,0.622765,0.130295,0.009712,0.122728,0.027577,0.058398
4954_247_175_232,6,5,0.007455,0.018173,0.030192,0.009206,0.026022,0.869973,0.038979
4954_248_523_632,6,2,0.017807,0.160416,0.229877,0.211942,0.101317,0.195954,0.082687
4954_248_259_404,1,1,0.011086,0.579723,0.144407,0.031179,0.068233,0.119049,0.046324
4954_247_425_497,1,1,0.177038,0.439923,0.083047,0.009758,0.123607,0.116967,0.04966
4954_247_794_906,5,5,0.064385,0.094774,0.035185,0.014671,0.038249,0.720702,0.032034
4954_248_1894_1908,6,3,0.01214,0.052161,0.021533,0.379535,0.019114,0.324507,0.191011
4954_248_1321_1336,6,3,0.013299,0.098049,0.023329,0.538322,0.033125,0.164825,0.12905
4954_247_648_720,6,5,0.020002,0.100067,0.046552,0.005087,0.021852,0.759492,0.046948
4954_248_744_759,6,6,0.033595,0.079227,0.120206,0.252904,0.059315,0.1765,0.278254
4954_248_145_156,6,1,0.082407,0.360341,0.025766,0.255891,0.037791,0.090549,0.147255
4960_247_31_131,1,4,0.009671,0.186756,0.203125,0.013239,0.471419,0.03679,0.079
4960_247_1068_1202,1,3,0.052352,0.106302,0.099248,0.308701,0.087041,0.097131,0.249225
4960_248_1618_1719,5,6,0.010157,0.152083,0.084774,0.1605,0.017708,0.2615,0.313278
4960_248_156_365,5,5,0.007881,0.16243,0.080234,0.070014,0.064127,0.551734,0.06358
4960_247_1738_1831,1,1,0.261636,0.619876,0.02741,0.008791,0.048433,0.012501,0.021354
4960_248_1428_1476,5,5,0.019115,0.167565,0.058822,0.017739,0.032947,0.683559,0.020254
4960_247_929_1006,1,5,0.028641,0.155932,0.096012,0.136235,0.027888,0.323663,0.231629
4960_247_1299_1420,1,1,0.235536,0.66227,0.027168,0.002599,0.052512,0.012354,0.00756
4960_248_577_804,1,2,0.005565,0.204402,0.538749,0.022723,0.128102,0.070884,0.029575
4960_247_367_569,0,1,0.121493,0.345417,0.096905,0.007191,0.138009,0.275238,0.015746
4960_247_1487_1611,1,4,0.044786,0.423572,0.054771,0.005092,0.443081,0.016968,0.01173
4960_248_1211_1275,3,1,0.044456,0.600414,0.083178,0.049512,0.031136,0.119227,0.072077
4960_247_805_835,5,5,0.007074,0.027104,0.022697,0.012972,0.015409,0.89964,0.015104
4960_248_1842_1915,1,1,0.012956,0.423487,0.314936,0.018026,0.162292,0.045168,0.023136
4960_248_850_921,1,3,0.019522,0.173076,0.056049,0.307628,0.03887,0.27305,0.131806
4960_248_1008_1033,5,5,0.139571,0.220016,0.026659,0.034144,0.024421,0.529742,0.025447
5163_259_126_248,3,1,0.03921,0.515041,0.069883,0.013315,0.256001,0.02355,0.083
5163_260_1294_1437,3,4,0.052178,0.214012,0.061012,0.012097,0.612531,0.006862,0.041308
5163_259_961_1252,3,3,0.011442,0.048129,0.021579,0.52957,0.131598,0.097049,0.160633
5163_260_1516_1746,3,1,0.074886,0.366319,0.03869,0.289203,0.053234,0.024617,0.153053
5163_260_248_299,3,3,0.015777,0.055066,0.03722,0.44647,0.034657,0.374431,0.036378
5163_259_1456_1497,3,1,0.04988,0.49026,0.046982,0.232643,0.030961,0.108776,0.040498
5163_260_638_946,3,3,0.015906,0.042692,0.013394,0.807892,0.034644,0.024415,0.061057
5163_259_577_625,3,6,0.021598,0.180758,0.051719,0.030944,0.056006,0.173348,0.485627
5163_259_321_339,3,5,0.020692,0.107661,0.038128,0.015062,0.025354,0.720089,0.073013
5163_259_416_507,3,5,0.085186,0.266568,0.036031,0.017238,0.055825,0.525361,0.01379
5163_260_31_93,3,3,0.031176,0.137014,0.13862,0.304737,0.097795,0.042527,0.248131
5163_260_342_406,3,3,0.022508,0.087974,0.065832,0.6251,0.035056,0.107285,0.056244
5163_260_508_564,3,6,0.015357,0.123663,0.028392,0.347389,0.028136,0.072538,0.384525
5170_260_104_212,3,1,0.265647,0.617892,0.033373,0.025053,0.022959,0.021254,0.013823
5170_260_1263_1516,3,1,0.135813,0.783043,0.031437,0.02007,0.014222,0.007709,0.007707
5170_259_1915_2375,1,1,0.169724,0.621018,0.047855,0.004649,0.126024,0.023409,0.007322
5170_259_971_1261,1,1,0.033237,0.43812,0.098568,0.062448,0.083348,0.149322,0.134956
5170_259_1544_1820,4,1,0.062181,0.465424,0.339373,0.003243,0.082452,0.030332,0.016996
5170_259_223_610,1,1,0.114104,0.695506,0.062277,0.004403,0.054276,0.0506,0.018834
5170_260_825_950,1,1,0.465482,0.467719,0.022417,0.003273,0.019844,0.00833,0.012935
5170_259_31_56,1,1,0.098128,0.522099,0.124263,0.009078,0.147915,0.038851,0.059666
5170_260_2378_2453,1,1,0.358045,0.593671,0.011409,0.011494,0.010061,0.010275,0.005046
5170_260_1832_1898,3,1,0.167938,0.701699,0.046317,0.005448,0.042812,0.022869,0.012916
5170_260_645_743,1,1,0.198152,0.611078,0.067069,0.011797,0.035723,0.03678,0.039401
5170_259_743_807,3,5,0.017536,0.125662,0.048666,0.043919,0.023185,0.705574,0.035458
5176_260_104_151,6,1,0.157747,0.681528,0.030399,0.050077,0.037348,0.007195,0.035707
5176_260_1162_1222,2,1,0.107193,0.557281,0.102236,0.007681,0.085629,0.083926,0.056054
5176_259_31_92,1,1,0.270262,0.55554,0.033043,0.00348,0.089337,0.021896,0.026442
5176_259_915_1133,6,4,0.013729,0.245146,0.294374,0.002373,0.301968,0.080834,0.061575
5176_259_623_781,5,5,0.040907,0.181839,0.087469,0.079975,0.034074,0.543202,0.032534
5176_259_167_365,1,1,0.213763,0.566166,0.061056,0.004707,0.087836,0.025027,0.041446
5176_260_382_440,3,1,0.11644,0.757179,0.043237,0.007448,0.036485,0.004031,0.035179
5176_260_583_607,4,1,0.092993,0.587047,0.04869,0.034517,0.110734,0.011359,0.114661
5176_260_808_863,5,5,0.02859,0.173507,0.054623,0.012444,0.028325,0.690121,0.012389
5176_259_477_568,6,1,0.063609,0.398144,0.035237,0.070549,0.066952,0.027616,0.337894
5181_259_101_227,5,5,0.018295,0.181826,0.148609,0.216015,0.059011,0.243994,0.13225
5181_259_1267_1372,4,1,0.043952,0.680959,0.049946,0.017593,0.140716,0.038596,0.028238
5181_260_1042_1238,4,4,0.017735,0.276679,0.064891,0.068657,0.422891,0.025185,0.123961
5181_259_1601_1773,3,6,0.014186,0.041675,0.030758,0.319272,0.134937,0.083028,0.376144
5181_260_231_301,4,3,0.009398,0.043213,0.016478,0.70571,0.015678,0.019812,0.189712
5181_260_1806_1829,4,6,0.031452,0.061707,0.035529,0.010334,0.071286,0.153023,0.636668
5181_260_1386_1589,4,1,0.039182,0.341889,0.127782,0.219166,0.070511,0.020438,0.181032
5181_260_711_941,4,1,0.039516,0.224537,0.101234,0.197362,0.137487,0.153069,0.146795
5181_260_536_593,3,3,0.02696,0.071227,0.059048,0.487135,0.092696,0.032998,0.229937
5181_259_309_534,5,5,0.006545,0.101012,0.041657,0.125143,0.105858,0.531602,0.088182
5181_260_31_61,4,6,0.051001,0.334272,0.04256,0.06347,0.020867,0.013015,0.474815
5181_259_646_689,3,3,0.012627,0.035983,0.034276,0.456816,0.026093,0.283262,0.150943
5181_259_955_1017,5,6,0.047471,0.222399,0.054576,0.036178,0.048237,0.239777,0.351362
5185_259_90_240,5,2,0.009923,0.039482,0.541636,0.001346,0.312793,0.090162,0.004659
5185_259_1223_1332,4,1,0.152906,0.580225,0.020815,0.002418,0.219643,0.008332,0.015661
5185_260_1163_1221,1,3,0.060964,0.304984,0.027722,0.503648,0.021544,0.036073,0.045065
5185_259_1427_1767,4,1,0.233767,0.577769,0.019039,0.009358,0.123426,0.024462,0.012178
5185_260_252_420,4,1,0.022467,0.524965,0.250845,0.02845,0.097546,0.038039,0.037688
5185_260_1785_1900,3,3,0.01371,0.044664,0.021582,0.759726,0.014095,0.00883,0.137394
5185_259_807_984,4,1,0.108856,0.518259,0.015563,0.004366,0.341043,0.004181,0.007732
5185_260_515_608,4,6,0.016095,0.305615,0.064734,0.077387,0.110905,0.018805,0.406458
5185_259_1039_1162,4,1,0.172627,0.631297,0.013782,0.008001,0.13957,0.007176,0.027545
5185_260_985_1039,1,3,0.060422,0.065492,0.025183,0.692993,0.02667,0.039803,0.089437
5185_259_448_512,4,5,0.043808,0.198155,0.178552,0.014388,0.068744,0.349581,0.146771
5185_260_31_89,1,2,0.015664,0.319963,0.369754,0.0093,0.255939,0.008861,0.020519
5185_259_643_714,4,4,0.015731,0.144485,0.119012,0.003519,0.670038,0.025654,0.021561
5185_260_719_777,3,3,0.021275,0.092377,0.062567,0.639577,0.051203,0.024026,0.108976
5185_260_1353_1390,4,3,0.039264,0.109411,0.01863,0.645609,0.044909,0.012443,0.129735
5188_259_1235_1349,4,6,0.010567,0.024681,0.014189,0.384945,0.094806,0.038489,0.432322
5188_260_1132_1214,5,5,0.010549,0.020039,0.013595,0.05349,0.018107,0.769918,0.114302
5188_260_1579_1793,4,3,0.022021,0.079631,0.028015,0.393091,0.089379,0.0246,0.363264
5188_259_237_313,5,6,0.023207,0.031054,0.022333,0.193009,0.042734,0.229768,0.457894
5188_260_1386_1466,4,6,0.093522,0.107273,0.046607,0.091908,0.126549,0.118455,0.415686
5188_259_702_1085,4,5,0.01611,0.052679,0.060335,0.151285,0.24433,0.296692,0.178569
5188_260_130_220,5,6,0.021552,0.065086,0.058071,0.095491,0.075285,0.103439,0.581076
5188_260_538_687,4,6,0.014721,0.074822,0.012298,0.345716,0.040287,0.019288,0.492867
5188_260_332_419,3,3,0.034711,0.094171,0.045972,0.349372,0.10529,0.100987,0.269498
5188_259_438_500,5,4,0.02049,0.087678,0.173412,0.015609,0.540175,0.067113,0.095525
5188_259_31_99,4,6,0.028341,0.056656,0.032027,0.195201,0.145909,0.022741,0.519124
5188_259_1472_1511,6,6,0.011458,0.046235,0.007914,0.199696,0.039084,0.006883,0.688732
5188_260_1914_1976,4,6,0.049003,0.173049,0.036271,0.200716,0.033531,0.019061,0.488369
5188_259_1828_1855,5,4,0.004698,0.046633,0.120855,0.004821,0.660661,0.022435,0.139898
5190_259_124_247,5,5,0.010803,0.051384,0.049058,0.004751,0.017846,0.8505,0.015657
5190_260_1174_1313,4,3,0.065633,0.095341,0.033835,0.627515,0.03881,0.009448,0.129418
5190_259_1980_2152,3,3,0.017316,0.051616,0.075553,0.723764,0.018245,0.094417,0.019088
5190_260_1559_1698,5,3,0.040515,0.131813,0.165005,0.216876,0.187329,0.045281,0.213182
5190_260_247_278,3,1,0.088779,0.481007,0.049849,0.251915,0.034677,0.006618,0.087156
5190_259_1710_1854,3,3,0.012097,0.024652,0.015882,0.80747,0.019891,0.006958,0.113049
5190_259_1337_1529,1,1,0.08853,0.361114,0.107293,0.130524,0.147709,0.047237,0.117592
5190_260_2182_2280,3,1,0.221276,0.345939,0.023612,0.312885,0.030951,0.016702,0.048634
5190_260_682_967,3,5,0.025821,0.192263,0.090915,0.114537,0.029115,0.512203,0.035146
5190_259_2302_2378,3,3,0.00886,0.012498,0.008688,0.925004,0.006472,0.02011,0.018368
5190_259_579_661,4,6,0.022566,0.221457,0.087648,0.010695,0.091638,0.016464,0.549533
5190_259_999_1106,1,1,0.097856,0.604475,0.035469,0.032875,0.155165,0.017791,0.056368
5190_259_346_481,4,1,0.018316,0.367687,0.173407,0.006188,0.364575,0.009789,0.060038
5190_260_31_90,3,3,0.013816,0.022524,0.077144,0.781756,0.011322,0.015445,0.077993
5190_260_1859_1976,3,3,0.096047,0.225516,0.073441,0.505837,0.035429,0.021519,0.042212
5190_260_489_570,5,5,0.050748,0.112847,0.031356,0.004093,0.026338,0.762468,0.01215
5198_260_31_185,3,1,0.106085,0.390431,0.158812,0.127923,0.022989,0.176567,0.017193
5198_260_1239_1304,1,0,0.644873,0.269865,0.008287,0.004439,0.009358,0.053338,0.009839
5198_259_2016_2133,0,1,0.199352,0.601875,0.029701,0.040968,0.052423,0.016073,0.059607
5198_259_1110_1233,1,1,0.082283,0.720789,0.025251,0.02901,0.078823,0.01861,0.045234
5198_259_1630_1785,1,1,0.117266,0.771792,0.044528,0.007572,0.035299,0.015012,0.008532
5198_259_231_322,3,5,0.019744,0.037431,0.077299,0.125478,0.035575,0.64413,0.060344
5198_260_1810_2011,3,1,0.09385,0.453789,0.052877,0.196744,0.019557,0.069755,0.113429
5198_260_1377_1620,1,1,0.08292,0.431187,0.036634,0.01978,0.049857,0.362823,0.016798
5198_259_782_992,1,5,0.052506,0.218954,0.028757,0.048548,0.027323,0.606115,0.017798
5198_259_1308_1359,1,1,0.122807,0.722992,0.034767,0.008247,0.03074,0.054809,0.025638
5198_259_585_705,1,5,0.048942,0.186649,0.058859,0.002869,0.09012,0.595288,0.017273
5198_260_992_1108,3,1,0.074503,0.46221,0.057285,0.249687,0.015935,0.096173,0.044206
5198_260_346_579,3,3,0.013449,0.014693,0.034453,0.770039,0.019886,0.108268,0.039211
5198_260_710_772,3,0,0.513983,0.371214,0.015714,0.034674,0.006671,0.012327,0.045417
