utt_id,label,pred,p_angry,p_disgust,p_fear,p_happy,p_sad,p_surprise,p_neutral
121_7_2332_2498,1,3,0.033167,0.231818,0.021757,0.494915,0.032467,0.160375,0.0255
121_8_108_264,5,3,0.00882,0.002858,0.004732,0.920022,0.007912,0.051603,0.004054
121_8_1279_1374,4,3,0.011491,0.004749,0.004506,0.950858,0.002954,0.005211,0.02023
121_7_1952_2181,3,1,0.065008,0.458761,0.02522,0.248278,0.03606,0.121005,0.045669
121_7_1031_1261,4,2,0.013303,0.126013,0.217516,0.196445,0.201006,0.128724,0.116993
121_7_1665_1823,4,3,0.012274,0.01951,0.015965,0.754229,0.012251,0.172785,0.012986
121_7_1396_1583,4,3,0.007213,0.006327,0.005179,0.684213,0.008696,0.281262,0.007112
121_8_2186_2318,3,3,0.166294,0.066727,0.016109,0.490606,0.015034,0.207813,0.037418
121_8_841_1015,6,3,0.264717,0.215237,0.024321,0.279976,0.017828,0.122042,0.075879
121_8_584_694,3,3,0.01281,0.007807,0.009791,0.908894,0.012111,0.027865,0.020722
121_7_278_368,1,3,0.009859,0.029287,0.04562,0.76433,0.095049,0.024198,0.031657
121_7_469_559,4,3,0.008311,0.014494,0.007721,0.883406,0.015087,0.057887,0.013093
121_7_31_104,5,3,0.008704,0.004039,0.014207,0.89209,0.014956,0.045944,0.020061
121_8_368_468,5,3,0.017099,0.011796,0.006648,0.859568,0.008644,0.052283,0.043961
121_7_715_829,5,3,0.022309,0.128733,0.034032,0.490136,0.05474,0.067727,0.202322
121_8_1823_1949,3,5,0.118566,0.061454,0.013294,0.258373,0.011986,0.524784,0.011543
121_8_1596_1646,4,3,0.021603,0.07616,0.015515,0.814348,0.022207,0.018126,0.032042
122_8_92_128,5,5,0.014303,0.018462,0.023365,0.021842,0.016649,0.816624,0.088755
122_8_1177_1308,0,0,0.735299,0.18446,0.012858,0.025532,0.006172,0.011385,0.024295
122_7_2035_2131,4,1,0.22693,0.393956,0.016089,0.075873,0.079647,0.157987,0.049519
122_8_1645_1733,0,0,0.767263,0.052781,0.012786,0.018438,0.007717,0.13253,0.008484
122_7_147_262,1,3,0.03157,0.192031,0.100061,0.359262,0.122552,0.080901,0.113624
122_7_1750_1901,4,5,0.062937,0.091377,0.016189,0.123372,0.033424,0.618174,0.054527
122_8_2136_2290,1,0,0.661047,0.160944,0.019621,0.011466,0.033038,0.102855,0.011027
122_8_887_1069,0,0,0.529127,0.217,0.01426,0.12101,0.018894,0.045888,0.053822
122_7_1313_1442,1,5,0.136611,0.259654,0.050844,0.134979,0.072565,0.286217,0.05913
122_8_514_630,0,0,0.909675,0.046382,0.003437,0.00157,0.005834,0.030566,0.002535
122_7_1077_1162,5,5,0.059313,0.073978,0.026276,0.03279,0.018419,0.759695,0.02953
122_8_269_347,1,0,0.51448,0.30097,0.058598,0.009761,0.023261,0.065244,0.027685
122_7_356_496,4,3,0.017115,0.193547,0.159656,0.244783,0.1597,0.089878,0.13532
122_7_31_90,1,5,0.025838,0.100679,0.241964,0.053135,0.187612,0.290188,0.100584
122_8_1468_1583,1,3,0.192727,0.198359,0.031082,0.237714,0.038568,0.073908,0.227643
122_7_642_880,1,4,0.031705,0.227387,0.161969,0.154892,0.235969,0.048727,0.13935
122_7_1595_1640,4,3,0.038607,0.178236,0.088982,0.400352,0.038983,0.044844,0.209996
122_8_1911_1995,0,0,0.68592,0.191208,0.012199,0.010848,0.013952,0.067556,0.018317
124_7_2416_2524,1,4,0.006871,0.127282,0.036375,0.013426,0.771639,0.004067,0.040339
124_7_31_210,1,1,0.023087,0.362155,0.228365,0.085398,0.189705,0.087289,0.024001
124_8_1064_1253,4,6,0.108571,0.220767,0.039469,0.11525,0.088972,0.092144,0.334827
124_8_231_337,1,5,0.09217,0.133759,0.04992,0.017016,0.219146,0.470877,0.017112
124_8_1389_1544,4,1,0.154178,0.384844,0.074205,0.065949,0.06174,0.097067,0.162016
124_8_2535_2703,4,4,0.028598,0.103344,0.082604,0.181151,0.296194,0.092317,0.215792
124_7_859_1054,1,1,0.016186,0.294536,0.099564,0.166463,0.278288,0.087475,0.057487
124_7_1328_1364,1,1,0.05322,0.455878,0.103325,0.018916,0.296914,0.034447,0.0373
124_8_1989_2099,4,5,0.071878,0.066782,0.044276,0.022011,0.023538,0.675175,0.09634
124_7_1624_1790,6,4,0.015981,0.30601,0.046253,0.035677,0.561262,0.011462,0.023355
124_7_615_665,1,1,0.286596,0.488927,0.031706,0.029078,0.070841,0.075309,0.017542
124_7_2109_2283,6,4,0.013942,0.168762,0.104374,0.092286,0.407142,0.06117,0.152325
124_7_1921_1971,1,1,0.02265,0.346205,0.03504,0.127545,0.144568,0.035011,0.288981
124_8_1814_1885,4,1,0.074791,0.278452,0.153005,0.056011,0.058795,0.276174,0.102772
124_8_477_575,1,5,0.064495,0.128496,0.064026,0.161613,0.206635,0.212427,0.162309
124_7_378_441,1,1,0.152229,0.534211,0.044446,0.06399,0.113684,0.071459,0.019982
124_8_2306_2375,6,1,0.057148,0.353999,0.066479,0.036461,0.134841,0.121396,0.229677
124_8_746_825,1,3,0.011252,0.009179,0.02033,0.721301,0.020276,0.179051,0.038612
124_7_2763_2804,3,4,0.01049,0.197544,0.09312,0.135624,0.389714,0.035182,0.138327
125_7_108_240,5,6,0.014245,0.114054,0.202372,0.134401,0.114726,0.033832,0.38637
125_8_1239_1335,6,4,0.017572,0.148952,0.101135,0.106997,0.489721,0.019184,0.116439
125_7_1938_2047,1,3,0.015824,0.07411,0.061938,0.623882,0.045702,0.13346,0.045085
125_7_1079_1239,4,1,0.0268,0.425336,0.054158,0.079925,0.300767,0.029713,0.083302
125_8_1548_1689,3,3,0.012681,0.019826,0.017436,0.845968,0.021392,0.052385,0.03031
125_8_243_351,1,5,0.022616,0.112104,0.095698,0.046921,0.038562,0.622299,0.0618
125_8_1759_1934,3,3,0.014598,0.028086,0.007272,0.878966,0.007771,0.039178,0.024129
125_7_1376_1544,4,4,0.012315,0.311684,0.063832,0.040509,0.473569,0.017995,0.080096
125_8_2053_2301,3,3,0.038514,0.04983,0.012722,0.8151,0.019257,0.014356,0.05022
125_7_838_944,4,4,0.00946,0.203539,0.033118,0.032781,0.642636,0.007605,0.070862
125_8_951_1061,6,6,0.02179,0.114774,0.133024,0.241361,0.11854,0.0869,0.28361
125_7_592_724,5,5,0.022329,0.080108,0.06258,0.014554,0.040429,0.74392,0.03608
125_7_2312_2345,3,4,0.018606,0.159686,0.035005,0.205299,0.350996,0.007607,0.222801
125_8_431_565,3,6,0.014245,0.064317,0.025561,0.155818,0.054696,0.101872,0.583491
125_7_31_59,3,5,0.018429,0.067658,0.061644,0.135746,0.018998,0.577356,0.120169
125_8_60_95,0,5,0.023869,0.104054,0.083393,0.020732,0.009697,0.695639,0.062617
125_7_1708_1758,0,1,0.165608,0.43763,0.02138,0.028804,0.057856,0.252172,0.03655
125_7_352_407,6,6,0.033921,0.104732,0.057069,0.153169,0.133814,0.096971,0.420324
125_8_724_818,6,6,0.025008,0.069076,0.021822,0.151785,0.02797,0.141523,0.562815
126_8_1277_1351,2,5,0.091431,0.393783,0.040806,0.003756,0.020102,0.418945,0.031177
126_7_1928_2127,2,1,0.044117,0.585202,0.138404,0.064297,0.107974,0.037774,0.022234
126_8_1016_1184,0,0,0.461731,0.33659,0.037989,0.007473,0.015296,0.111494,0.029427
126_7_1647_1820,2,1,0.030942,0.432152,0.119405,0.08585,0.065308,0.197004,0.069338
126_8_251_331,3,1,0.267941,0.370529,0.046765,0.04926,0.07867,0.073076,0.113758
126_7_1379_1510,2,1,0.021898,0.365729,0.294081,0.032816,0.063929,0.177008,0.044538
126_7_869_1011,1,1,0.023869,0.334594,0.078511,0.159422,0.1676,0.071467,0.164538
126_7_164_234,3,1,0.06861,0.299812,0.118412,0.029091,0.113723,0.212944,0.157407
126_7_551_721,1,4,0.015755,0.198111,0.2002,0.147202,0.230641,0.093102,0.11499
126_8_31_116,5,5,0.012308,0.017757,0.019134,0.084729,0.022702,0.804642,0.038728
126_7_354_476,1,6,0.016724,0.212162,0.065232,0.171297,0.164518,0.017249,0.352818
126_8_1522_1646,5,5,0.256302,0.026184,0.078658,0.007521,0.007995,0.61572,0.007621
126_7_1184_1260,6,5,0.009422,0.204776,0.029474,0.016969,0.023327,0.69424,0.021793
126_8_736_867,5,5,0.048355,0.021041,0.006203,0.002274,0.025032,0.893271,0.003824
126_8_1828_1927,0,2,0.235649,0.057457,0.562001,0.005082,0.011031,0.109167,0.019612
126_8_488_534,2,5,0.091033,0.106598,0.027515,0.021973,0.031635,0.591807,0.129438
129_7_2309_2502,6,1,0.143717,0.410192,0.019718,0.241695,0.040259,0.045306,0.099112
129_7_1087_1337,4,6,0.021856,0.211442,0.1192,0.137615,0.200456,0.05084,0.258591
129_7_140_401,4,4,0.022607,0.086578,0.186174,0.091936,0.314167,0.059256,0.239282
129_7_2676_2889,6,1,0.095959,0.334414,0.077292,0.118164,0.103707,0.088648,0.181817
129_8_1338_1478,1,1,0.117003,0.460355,0.110602,0.009508,0.111645,0.16494,0.025947
129_8_2518_2671,1,0,0.619355,0.308384,0.01486,0.004244,0.028244,0.017511,0.007402
129_7_824_1029,4,1,0.015762,0.257967,0.191871,0.079699,0.171274,0.227813,0.055615
129_8_2898_2998,1,1,0.315814,0.421605,0.017888,0.075339,0.020764,0.103158,0.045433
129_7_2059_2180,6,1,0.093304,0.503493,0.021855,0.104412,0.186197,0.014141,0.076598
129_7_1753_1948,6,1,0.037093,0.326411,0.035141,0.224518,0.196642,0.020615,0.159579
129_7_638_685,4,1,0.036723,0.374692,0.065505,0.118674,0.161845,0.065028,0.177532
129_8_1652_1743,1,0,0.668364,0.26469,0.012934,0.004193,0.014703,0.0255,0.009616
129_7_1512_1623,6,6,0.017876,0.246941,0.132703,0.137782,0.172059,0.023916,0.268723
129_8_401_619,5,5,0.010167,0.01813,0.024988,0.020213,0.024238,0.896915,0.005349
129_8_2181_2305,0,5,0.021141,0.024215,0.051278,0.019037,0.021936,0.83547,0.026924
129_8_71_115,5,5,0.016132,0.033041,0.033521,0.017664,0.006185,0.846468,0.046989
129_8_704_808,0,5,0.271498,0.120433,0.165654,0.02188,0.048804,0.309302,0.062429
129_8_1952_2055,0,1,0.1528,0.468263,0.067242,0.033434,0.026988,0.178795,0.072478
129_7_3008_3075,1,0,0.303455,0.222554,0.018039,0.259854,0.022113,0.022954,0.151031
129_8_1037_1082,5,5,0.019609,0.054998,0.107512,0.016636,0.034748,0.735997,0.030501
129_7_31_71,4,3,0.013932,0.014751,0.030505,0.803335,0.024452,0.036466,0.076559
131_7_108_190,1,3,0.010184,0.084483,0.249327,0.383463,0.061378,0.174343,0.036823
131_7_1292_1421,1,3,0.058347,0.133328,0.025844,0.414441,0.154321,0.045672,0.168046
131_8_1100_1288,0,0,0.91401,0.037836,0.005746,0.003753,0.008076,0.026776,0.003803
131_8_197_401,1,0,0.864052,0.058783,0.011595,0.003124,0.008188,0.05069,0.003569
131_7_2720_2835,3,1,0.132784,0.474864,0.037091,0.209033,0.086718,0.03467,0.02484
131_8_1424_1491,1,0,0.542726,0.29788,0.032509,0.012854,0.021579,0.068774,0.023677
131_8_2491_2719,1,0,0.802873,0.139768,0.007358,0.006617,0.013686,0.019071,0.010628
131_8_759_945,0,0,0.826239,0.019179,0.004192,0.002767,0.00573,0.140012,0.001881
131_7_2002_2079,6,4,0.024306,0.27083,0.081801,0.035448,0.510314,0.034897,0.042404
131_7_1717_1806,1,3,0.071694,0.091412,0.020608,0.598781,0.077511,0.020384,0.119612
131_7_2309_2483,6,1,0.12877,0.307928,0.082398,0.160066,0.1112,0.137279,0.072359
131_8_1628_1717,0,5,0.209989,0.190685,0.016905,0.048984,0.032927,0.470157,0.030352
131_7_1514_1588,6,1,0.128285,0.361122,0.087409,0.085462,0.122221,0.190017,0.025483
131_8_555_634,1,0,0.864063,0.088781,0.007681,0.002991,0.005936,0.027425,0.003122
131_8_2104_2287,1,0,0.868038,0.080883,0.001916,0.002494,0.006068,0.038637,0.001964
131_8_1844_1975,1,0,0.674475,0.20304,0.007006,0.005319,0.021552,0.083966,0.004642
131_7_954_1088,6,0,0.452494,0.265719,0.027387,0.074099,0.067179,0.089142,0.023979
131_7_421_540,1,0,0.569238,0.244628,0.017359,0.022793,0.018618,0.120905,0.006459
131_8_31_108,1,0,0.653088,0.121001,0.031125,0.045136,0.016725,0.116106,0.016818
133_8_2303_2510,6,3,0.007997,0.022334,0.020248,0.789002,0.013936,0.101304,0.045178
133_7_31_179,3,3,0.017096,0.012124,0.059663,0.669119,0.102939,0.024147,0.114912
133_7_1181_1513,6,5,0.019079,0.151748,0.121061,0.104218,0.089354,0.42471,0.089829
133_8_179_345,5,5,0.002993,0.024568,0.009075,0.042111,0.01063,0.899995,0.010628
133_7_2763_2939,3,3,0.008277,0.006521,0.003931,0.855327,0.006227,0.107552,0.012164
133_8_2650_2763,3,3,0.011711,0.023344,0.009439,0.79218,0.011488,0.051868,0.09997
133_7_3001_3196,3,3,0.016685,0.023468,0.011222,0.798018,0.026711,0.032002,0.091894
133_7_2527_2649,3,3,0.008813,0.012865,0.010085,0.851081,0.019902,0.016217,0.081037
133_7_781_947,6,5,0.019568,0.121465,0.083515,0.120617,0.042493,0.308188,0.304155
133_8_2946_3001,3,3,0.007529,0.009227,0.009762,0.844704,0.009169,0.024151,0.095459
133_8_953_1166,6,5,0.015354,0.130126,0.025034,0.198383,0.016638,0.599265,0.015199
133_8_2033_2107,3,3,0.012811,0.023495,0.004683,0.884784,0.004733,0.030379,0.039115
133_7_1729_1854,3,3,0.01558,0.02265,0.008726,0.737782,0.01715,0.116842,0.08127
133_7_353_647,3,3,0.004603,0.006082,0.007988,0.729868,0.016784,0.223178,0.011495
133_8_1520_1728,6,1,0.057338,0.339212,0.044503,0.229868,0.020597,0.208323,0.100158
133_7_2115_2302,3,2,0.00747,0.075725,0.433789,0.116788,0.044555,0.173124,0.148549
133_8_1855_1955,3,3,0.005921,0.017215,0.011662,0.821545,0.00685,0.077604,0.059202
133_8_651_752,6,5,0.01655,0.073233,0.015366,0.197862,0.010217,0.48901,0.197761
133_7_1956_2030,3,5,0.01253,0.037523,0.022613,0.362871,0.023785,0.396052,0.144626
133_8_3202_3250,3,3,0.010729,0.009228,0.005243,0.92468,0.006867,0.008077,0.035176
134_7_31_208,3,3,0.010106,0.07745,0.078369,0.526392,0.054456,0.196654,0.056573
134_8_1262_1371,6,3,0.013236,0.052316,0.089492,0.479432,0.044709,0.186647,0.134168
134_8_1949_2085,3,3,0.0039,0.002282,0.00263,0.968882,0.002987,0.008268,0.011051
134_7_1088_1251,6,1,0.03728,0.326125,0.076267,0.07136,0.224885,0.115792,0.14829
134_8_1576_1805,3,3,0.009205,0.008125,0.00881,0.880883,0.050211,0.026835,0.015933
134_8_216_290,1,3,0.024575,0.091958,0.09349,0.417948,0.01794,0.304286,0.049803
134_7_1818_1925,3,3,0.026121,0.07057,0.03571,0.629183,0.094551,0.06847,0.075395
134_7_1390_1546,3,4,0.020552,0.161466,0.045194,0.198887,0.271566,0.057333,0.245001
134_8_2215_2328,3,3,0.007665,0.016144,0.009606,0.887286,0.008008,0.038337,0.032954
134_8_925_1063,4,3,0.019844,0.109286,0.066299,0.548685,0.05854,0.128091,0.069255
134_8_577_774,3,3,0.007174,0.00997,0.006661,0.871244,0.005789,0.088885,0.010276
134_7_305_567,3,3,0.097338,0.154266,0.027234,0.352459,0.05059,0.257289,0.060823
134_7_2103_2214,3,3,0.014593,0.032662,0.06841,0.691857,0.069778,0.041005,0.081694
134_7_824_895,5,5,0.074983,0.170964,0.135894,0.055977,0.059736,0.324057,0.178389
135_8_2413_2548,3,3,0.018827,0.012553,0.017143,0.871183,0.0107,0.024,0.045594
135_7_31_178,5,3,0.038107,0.170909,0.143091,0.28165,0.038003,0.122136,0.206103
135_8_1223_1342,6,6,0.007262,0.113623,0.097923,0.143862,0.029748,0.051887,0.555696
135_7_2015_2193,6,3,0.028032,0.086615,0.038462,0.441072,0.082712,0.028704,0.294403
135_7_1094_1186,6,6,0.041856,0.147214,0.182096,0.130789,0.058482,0.070958,0.368605
135_8_1615_1685,3,3,0.014296,0.00572,0.006791,0.884774,0.008371,0.02228,0.057768
135_8_179_317,4,3,0.022899,0.066007,0.092231,0.448588,0.202259,0.079157,0.088858
135_8_1811_1988,3,3,0.01652,0.02605,0.012924,0.77572,0.017178,0.028047,0.12356
135_7_1704_1810,4,4,0.027257,0.135087,0.221359,0.042717,0.258417,0.105385,0.209777
135_7_1343_1597,4,3,0.01856,0.055727,0.060479,0.354793,0.126329,0.111183,0.272929
135_8_2195_2347,3,3,0.012302,0.002782,0.005562,0.90717,0.006103,0.050304,0.015777
135_8_896_1078,4,3,0.022692,0.119907,0.197991,0.267221,0.140025,0.067079,0.185086
135_8_469_617,1,6,0.018381,0.202885,0.191747,0.181829,0.073146,0.090991,0.24102
135_7_322_468,6,6,0.016785,0.098603,0.165384,0.13747,0.041899,0.147716,0.392143
135_7_637_855,4,1,0.016238,0.297899,0.296035,0.045206,0.227546,0.06022,0.056857
135_7_2347_2402,3,3,0.007525,0.027525,0.017591,0.579045,0.01502,0.338216,0.015077
135_7_2551_2585,3,3,0.020727,0.024595,0.009954,0.877212,0.014845,0.026765,0.025904
138_8_1202_1318,1,3,0.017232,0.081648,0.040172,0.364102,0.025852,0.156859,0.314136
138_7_1824_2061,6,1,0.156403,0.377074,0.068559,0.180457,0.059316,0.059348,0.098844
138_8_1604_1816,1,3,0.021244,0.084483,0.166286,0.432932,0.060689,0.048254,0.186111
138_8_221_280,1,5,0.019743,0.082075,0.085194,0.17667,0.019613,0.487026,0.12968
138_7_1337_1570,6,1,0.211505,0.241036,0.079471,0.102333,0.047839,0.195317,0.122499
138_7_839_929,6,5,0.088113,0.112781,0.233906,0.096663,0.054069,0.283547,0.130922
138_8_951_1090,5,5,0.013528,0.039213,0.03138,0.020964,0.016154,0.84309,0.035671
138_7_141_211,0,0,0.549091,0.173862,0.025486,0.07799,0.012056,0.115217,0.046298
138_7_501_671,6,1,0.191245,0.303646,0.064729,0.098263,0.021092,0.018392,0.302634
138_7_1100_1181,5,5,0.126065,0.154352,0.06477,0.194482,0.025848,0.258365,0.176117
138_7_286_380,0,0,0.680022,0.214379,0.005456,0.035028,0.005142,0.043886,0.016088
138_8_404_487,6,5,0.01103,0.071031,0.038721,0.108319,0.019912,0.601132,0.149855
138_7_31_95,0,3,0.138787,0.204259,0.03466,0.306237,0.024963,0.114479,0.176615
138_8_2077_2151,6,3,0.015519,0.05996,0.028647,0.621542,0.023165,0.0655,0.185668
138_8_95_118,6,3,0.013751,0.037641,0.032089,0.697291,0.020485,0.089184,0.109559
138_8_703_805,1,5,0.023623,0.14992,0.118593,0.19322,0.032159,0.332893,0.149593
139_7_31_134,3,3,0.014849,0.044648,0.138084,0.54706,0.05923,0.051188,0.144942
139_8_1222_1329,5,5,0.010144,0.062793,0.153834,0.045304,0.065738,0.56812,0.094067
139_7_1033_1202,5,5,0.01285,0.037769,0.065354,0.030548,0.016163,0.783352,0.053964
139_7_180_295,6,3,0.035255,0.151163,0.105427,0.322251,0.039471,0.154518,0.191915
139_8_1453_1563,6,2,0.030533,0.22105,0.3316,0.093331,0.060387,0.159745,0.103354
139_8_832_1030,6,2,0.019114,0.091759,0.398382,0.033607,0.065703,0.106595,0.28484
139_7_1330_1431,5,5,0.019111,0.161125,0.093772,0.036528,0.015308,0.525665,0.148491
139_8_578_682,5,5,0.00418,0.015856,0.072807,0.123259,0.009478,0.647816,0.126604
139_8_302_408,6,5,0.027727,0.070934,0.156832,0.091621,0.015317,0.468383,0.169186
139_7_427_560,6,2,0.032156,0.10437,0.291673,0.208141,0.117049,0.060956,0.185655
139_7_700_816,6,2,0.022498,0.141844,0.312697,0.031547,0.295347,0.028959,0.167108
139_8_135_171,3,3,0.011322,0.013667,0.014315,0.820509,0.007418,0.055466,0.077302
140_7_1089_1334,4,3,0.008607,0.052685,0.117598,0.424824,0.197391,0.163813,0.035081
140_7_1968_2143,3,3,0.009713,0.016139,0.018764,0.766996,0.014721,0.035339,0.138328
140_7_1478_1802,3,3,0.004081,0.006881,0.021602,0.841894,0.004561,0.012638,0.108343
140_8_130_282,3,3,0.010274,0.012364,0.014206,0.816674,0.014703,0.111258,0.020521
140_8_1811_1967,5,3,0.004084,0.002115,0.004155,0.80479,0.003889,0.178734,0.002233
140_7_31_125,3,3,0.010605,0.008609,0.011073,0.534965,0.012741,0.404445,0.017562
140_8_823_1076,3,3,0.009125,0.003846,0.007545,0.91399,0.008326,0.029663,0.027505
140_8_1346_1455,4,4,0.021351,0.113771,0.066834,0.108013,0.467384,0.042791,0.179856
140_8_445_689,3,3,0.010608,0.005552,0.010226,0.872953,0.013743,0.024818,0.062099
140_7_283_437,3,5,0.013394,0.045812,0.104256,0.239594,0.058758,0.503558,0.03463
140_7_701_814,3,3,0.020087,0.018157,0.03039,0.67643,0.074704,0.138305,0.041926
140_8_2147_2197,3,3,0.015933,0.004291,0.00739,0.918876,0.009205,0.010531,0.033773
141_8_115_282,6,6,0.015079,0.050305,0.040585,0.275607,0.048635,0.03425,0.53554
141_8_1272_1411,1,2,0.036259,0.165949,0.270466,0.095621,0.141394,0.140263,0.150049
141_8_1936_2051,6,3,0.0165,0.086361,0.247332,0.285181,0.115966,0.012425,0.236236
141_7_1110_1254,6,4,0.031602,0.132235,0.224084,0.123209,0.374894,0.076934,0.037042
141_8_1608_1815,6,5,0.008171,0.058722,0.265203,0.043847,0.06112,0.315836,0.247101
141_7_1820_1935,6,6,0.023574,0.080229,0.058432,0.275308,0.086525,0.017613,0.458319
141_7_1419_1607,6,2,0.009471,0.045944,0.593657,0.044841,0.128087,0.163378,0.014622
141_8_948_1106,5,5,0.014688,0.096817,0.16897,0.043381,0.243586,0.319443,0.113114
141_7_282_432,6,6,0.028698,0.108631,0.238337,0.147538,0.094426,0.12438,0.25799
141_8_595_834,6,6,0.014582,0.038127,0.072452,0.288809,0.027143,0.015517,0.543369
141_8_433_534,5,3,0.018596,0.03031,0.068399,0.478997,0.065646,0.117547,0.220504
141_7_31_96,6,2,0.018046,0.071162,0.339585,0.102233,0.149516,0.016241,0.303217
141_7_842_912,6,6,0.03779,0.163084,0.142161,0.195691,0.117443,0.086138,0.257693
141_7_534_564,6,3,0.027344,0.045234,0.068951,0.474879,0.014285,0.081958,0.287349
142_8_94_128,5,3,0.029996,0.001439,0.005148,0.785157,0.004064,0.170492,0.003704
142_8_718_839,6,3,0.012194,0.020786,0.018847,0.592476,0.010703,0.287,0.057993
142_7_31_86,5,5,0.205335,0.054086,0.027382,0.126492,0.008404,0.536179,0.042122
142_7_965_1014,6,5,0.057294,0.02443,0.023326,0.110277,0.016553,0.724451,0.043669
142_7_128_279,3,3,0.040991,0.022934,0.011615,0.457351,0.016241,0.441392,0.009476
142_7_354_451,0,1,0.33458,0.371424,0.013688,0.166243,0.013634,0.086467,0.013965
142_7_613_710,3,1,0.078749,0.463983,0.015976,0.293612,0.057434,0.031459,0.058787
142_8_887_961,1,3,0.278043,0.127787,0.017849,0.365816,0.017499,0.171452,0.021553
142_8_451_605,3,3,0.043699,0.048928,0.006687,0.803938,0.010966,0.076353,0.009428
142_8_280_354,3,3,0.02976,0.009835,0.010302,0.826158,0.007996,0.108191,0.007758
142_7_846_874,6,6,0.103018,0.197095,0.023083,0.263382,0.039828,0.075264,0.29833
143_7_766_810,3,3,0.013781,0.006881,0.008439,0.903066,0.01107,0.0193,0.037463
143_8_627_766,3,3,0.011315,0.011879,0.014451,0.717954,0.009503,0.021613,0.213284
143_8_236_399,3,3,0.008497,0.007569,0.006795,0.853888,0.006914,0.018776,0.097561
143_7_400_419,3,3,0.01825,0.016702,0.01187,0.881493,0.010613,0.032738,0.028336
143_7_165_221,3,3,0.010086,0.012982,0.009452,0.887227,0.012731,0.034762,0.03276
143_8_430_498,3,3,0.020476,0.01936,0.020924,0.693504,0.023941,0.05371,0.168085
143_7_503_611,3,3,0.007119,0.006781,0.010099,0.805456,0.014707,0.143739,0.012099
143_7_31_58,3,3,0.086376,0.061531,0.042555,0.615442,0.008552,0.049893,0.135649
143_8_846_906,3,3,0.01419,0.017012,0.024392,0.824519,0.020414,0.02427,0.075202
144_8_54_219,3,3,0.004807,0.002753,0.004453,0.923181,0.003313,0.017218,0.044275
144_8_765_905,3,3,0.026749,0.017058,0.012665,0.775113,0.016247,0.021855,0.130313
144_7_219_377,3,3,0.015605,0.009126,0.014295,0.749483,0.011786,0.098612,0.101091
144_8_984_1044,3,3,0.012168,0.002819,0.004251,0.950748,0.004474,0.011859,0.013681
144_8_382_448,3,3,0.008256,0.002291,0.002826,0.956032,0.004832,0.01755,0.008213
144_8_585_660,3,3,0.010699,0.006296,0.004654,0.893588,0.008228,0.00704,0.069495
144_7_660_749,3,3,0.02716,0.039511,0.041407,0.456785,0.01968,0.163332,0.252126
144_7_915_971,3,3,0.021013,0.008407,0.010198,0.869845,0.009946,0.030423,0.050168
144_7_448_584,3,3,0.033255,0.031582,0.00841,0.735001,0.022846,0.077541,0.091365
144_7_31_54,3,3,0.011885,0.004031,0.009023,0.924737,0.008166,0.019498,0.022659
148_7_31_190,4,2,0.01611,0.040722,0.671754,0.058201,0.043398,0.113186,0.056628
148_8_798_865,2,5,0.035048,0.127476,0.136266,0.09722,0.02894,0.390678,0.184372
148_8_965_1030,2,3,0.017167,0.023695,0.055075,0.458532,0.026722,0.124846,0.293964
148_7_748_789,3,3,0.050282,0.084679,0.174502,0.267629,0.064691,0.169597,0.18862
148_7_247_382,6,2,0.030011,0.06339,0.472884,0.138345,0.060162,0.12762,0.107586
148_8_385_429,2,6,0.085936,0.128115,0.038015,0.046039,0.070804,0.096265,0.534826
148_7_537_668,6,3,0.055027,0.094124,0.037947,0.439656,0.023936,0.058241,0.291069
148_8_685_736,2,5,0.023955,0.026257,0.02998,0.023574,0.010697,0.841684,0.043853
148_7_874_945,4,2,0.028329,0.137719,0.660737,0.031182,0.063786,0.023365,0.054883
148_8_194_239,2,3,0.025599,0.083723,0.04014,0.478523,0.033273,0.073876,0.264866
148_7_435_485,6,3,0.0678,0.059919,0.044598,0.428925,0.023052,0.120483,0.255224
148_7_1043_1124,3,3,0.019619,0.05428,0.124348,0.447717,0.130097,0.057162,0.166777
148_8_488_528,2,3,0.118413,0.226202,0.036258,0.267248,0.076661,0.057337,0.21788
149_7_82_131,3,3,0.05939,0.123554,0.034795,0.509636,0.029833,0.017396,0.225396
149_7_955_1184,4,3,0.040786,0.045663,0.125194,0.468373,0.164272,0.109628,0.046084
149_7_805_851,3,3,0.006963,0.024399,0.168636,0.603011,0.02877,0.092936,0.075285
149_8_31_75,5,5,0.025385,0.039488,0.027017,0.332952,0.025158,0.347815,0.202184
149_8_746_801,3,3,0.016141,0.017987,0.040728,0.71683,0.071415,0.011588,0.125311
149_8_145_276,1,1,0.03274,0.254717,0.199798,0.041123,0.067968,0.177293,0.226361
149_7_276_431,1,2,0.013236,0.082721,0.392522,0.24976,0.057619,0.037331,0.166809
149_7_520_727,4,6,0.010809,0.055137,0.160009,0.170099,0.058893,0.030401,0.514652
149_8_856_950,4,1,0.076364,0.300226,0.181739,0.012849,0.080831,0.06555,0.282441
149_8_452_515,6,6,0.027145,0.066919,0.038928,0.199081,0.065726,0.017623,0.584578
150_8_123_197,3,3,0.024227,0.053508,0.054989,0.410442,0.03278,0.040497,0.383557
150_8_795_844,2,5,0.026362,0.141507,0.100504,0.05139,0.024641,0.467309,0.188287
150_8_31_87,2,5,0.035167,0.077767,0.083954,0.215009,0.041741,0.311629,0.234733
150_8_721_769,1,5,0.007046,0.03909,0.089456,0.020488,0.017983,0.766508,0.059429
150_7_205_389,4,3,0.015156,0.055775,0.126606,0.548885,0.075183,0.067991,0.110405
150_8_400_547,2,2,0.010022,0.083782,0.342786,0.067864,0.052735,0.243445,0.199365
150_7_548_717,1,6,0.051222,0.17315,0.183124,0.185389,0.074769,0.072015,0.26033
150_7_854_970,1,3,0.018941,0.039563,0.053785,0.530512,0.011439,0.063363,0.282398
150_7_87_102,3,3,0.008697,0.020916,0.02076,0.630192,0.009924,0.044962,0.26455
151_7_91_229,3,3,0.009954,0.018903,0.019652,0.7492,0.015469,0.136761,0.050062
151_8_939_1155,3,3,0.017235,0.014113,0.006134,0.71953,0.00617,0.046827,0.189991
151_7_774_816,6,3,0.011204,0.015892,0.013766,0.768595,0.014153,0.155264,0.021125
151_8_31_85,3,3,0.00488,0.00175,0.004948,0.821362,0.005175,0.062155,0.09973
151_8_600_774,6,3,0.006955,0.010506,0.032274,0.456334,0.012367,0.211169,0.270395
151_8_237_305,3,3,0.007661,0.011474,0.018517,0.69378,0.015495,0.168156,0.084916
151_8_353_475,3,3,0.006664,0.007266,0.008741,0.748815,0.010924,0.179521,0.03807
151_7_890_937,4,3,0.013703,0.031137,0.181421,0.547776,0.10062,0.074017,0.051325
151_7_491_593,3,3,0.014139,0.009115,0.015075,0.751004,0.027315,0.165841,0.017511
151_8_828_865,5,5,0.009283,0.008316,0.034449,0.270381,0.003036,0.5421,0.132435
151_7_315_352,6,3,0.014231,0.036547,0.011911,0.63132,0.01216,0.234742,0.059089
152_8_125_203,6,6,0.02459,0.096269,0.038582,0.106136,0.10203,0.055195,0.577198
152_8_1229_1313,6,1,0.057591,0.487886,0.083545,0.02453,0.276311,0.031774,0.038362
152_8_1023_1208,6,6,0.03488,0.077873,0.071507,0.079821,0.187929,0.163167,0.384823
152_8_1407_1821,3,6,0.019998,0.213917,0.060368,0.116272,0.270085,0.037649,0.281711
152_7_881_1023,6,5,0.034689,0.161233,0.123782,0.048433,0.076953,0.468506,0.086403
152_7_1325_1397,4,1,0.061242,0.520455,0.058032,0.035339,0.263506,0.02252,0.038906
152_7_561_678,4,1,0.032522,0.235902,0.233716,0.085789,0.199293,0.071195,0.141584
152_7_306_402,4,2,0.008042,0.15007,0.368596,0.078611,0.115704,0.103952,0.175025
152_8_422_548,4,4,0.015323,0.160789,0.117214,0.013756,0.41951,0.016971,0.256437
152_7_31_100,6,1,0.108632,0.484872,0.026904,0.122167,0.086508,0.072273,0.098645
152_8_689_842,4,5,0.019917,0.039657,0.04505,0.066593,0.11103,0.519367,0.198386
153_8_86_144,4,4,0.03169,0.07585,0.102593,0.020932,0.476772,0.034974,0.257189
153_7_31_86,6,1,0.065159,0.392089,0.077566,0.038143,0.108503,0.179137,0.139402
153_7_822_976,4,1,0.014506,0.3741,0.185768,0.026985,0.094715,0.21807,0.085855
153_8_702_784,5,5,0.171274,0.054289,0.269827,0.111364,0.020279,0.353217,0.019751
153_7_155_267,6,5,0.007257,0.083094,0.149244,0.051886,0.029603,0.606992,0.071923
153_8_987_1097,4,1,0.138169,0.315337,0.043183,0.056318,0.124933,0.06062,0.26144
153_8_267_496,2,4,0.018989,0.10914,0.208333,0.010911,0.345506,0.067045,0.240076
153_7_617_687,6,3,0.011848,0.070952,0.198595,0.376126,0.027799,0.033831,0.280847
153_8_554_595,6,6,0.020732,0.059005,0.087394,0.053656,0.048878,0.185429,0.544905
153_7_500_548,6,6,0.098042,0.197637,0.115523,0.052774,0.024037,0.211757,0.30023
154_8_89_146,3,3,0.01147,0.003325,0.013992,0.826197,0.007921,0.114101,0.022993
154_8_784_915,4,3,0.017925,0.0358,0.029529,0.790723,0.040121,0.034039,0.051863
154_7_31_82,3,3,0.016844,0.007569,0.012607,0.783843,0.01669,0.095632,0.066815
154_7_930_1023,6,3,0.056746,0.068756,0.030226,0.49096,0.039068,0.183672,0.130572
154_7_637_782,5,6,0.013192,0.066686,0.05492,0.181271,0.272525,0.116818,0.294588
154_8_220_348,4,3,0.013976,0.03021,0.015375,0.845488,0.011812,0.052443,0.030695
154_8_1025_1058,3,3,0.012176,0.024365,0.010833,0.868708,0.011421,0.023567,0.04893
154_7_349_456,6,3,0.028408,0.065943,0.074332,0.441746,0.091524,0.228102,0.069944
154_7_153_220,6,2,0.011846,0.156156,0.459417,0.029077,0.074276,0.13358,0.135648
154_8_462_619,6,3,0.020145,0.024544,0.027225,0.782313,0.034774,0.040624,0.070375
155_7_788_876,3,3,0.014057,0.022965,0.020537,0.808283,0.020785,0.07378,0.039593
155_7_31_76,3,3,0.018373,0.015021,0.034788,0.806532,0.021647,0.028022,0.075617
155_8_883_1029,1,5,0.013259,0.102247,0.076634,0.108425,0.08467,0.423973,0.190793
155_7_323_491,6,6,0.023288,0.097381,0.094061,0.228337,0.155461,0.037542,0.36393
155_7_593_711,6,3,0.01819,0.162748,0.030755,0.326598,0.168005,0.175585,0.118117
155_8_268_304,1,5,0.013094,0.01507,0.061923,0.019354,0.013513,0.448076,0.42897
155_8_134_209,5,5,0.015746,0.085898,0.17457,0.210196,0.059527,0.381255,0.072808
155_8_753_783,1,6,0.013413,0.047352,0.046573,0.060427,0.039162,0.027509,0.765564
155_7_217_250,3,3,0.045907,0.029712,0.013117,0.840306,0.013225,0.025665,0.032068
155_8_510_582,1,3,0.025603,0.114389,0.158399,0.320349,0.098353,0.058413,0.224494
156_7_31_143,5,3,0.015842,0.016137,0.014724,0.708987,0.028377,0.037591,0.178342
156_8_1100_1218,3,3,0.013382,0.005581,0.010981,0.92421,0.007205,0.027025,0.011617
156_7_740_869,5,3,0.018998,0.081871,0.076304,0.405404,0.048728,0.16633,0.202365
156_8_876_988,3,3,0.010792,0.007356,0.005284,0.911995,0.008602,0.00838,0.047591
156_8_155_277,3,3,0.005112,0.001395,0.003841,0.96791,0.003764,0.01178,0.006198
156_7_988_1081,6,3,0.017037,0.078138,0.030108,0.406728,0.029455,0.101617,0.336918
156_8_350_490,3,3,0.023904,0.032583,0.017339,0.814214,0.014059,0.040048,0.057854
156_7_508_656,5,3,0.010189,0.025983,0.050237,0.583179,0.030617,0.241008,0.058787
156_8_657_739,3,3,0.009558,0.008376,0.005123,0.918689,0.006902,0.014239,0.037113
156_7_286_332,5,5,0.017358,0.043006,0.043642,0.099035,0.040883,0.650779,0.105297
157_8_127_255,5,1,0.22339,0.488077,0.073619,0.019744,0.027373,0.119189,0.048609
157_8_1239_1407,1,3,0.02333,0.147876,0.181812,0.252453,0.059912,0.193199,0.141417
157_7_1121_1229,6,3,0.044945,0.19672,0.021376,0.371873,0.186391,0.023287,0.155407
157_7_31_122,5,6,0.028362,0.173958,0.094069,0.061052,0.027765,0.200912,0.413883
157_7_762_942,2,3,0.014521,0.05636,0.018571,0.541489,0.051251,0.069495,0.248314
157_7_534_616,6,1,0.044337,0.384689,0.039975,0.078261,0.248668,0.015035,0.189035
157_8_965_1112,1,3,0.061842,0.188667,0.044987,0.340796,0.018954,0.068362,0.276392
157_7_264_370,0,1,0.037174,0.278006,0.147011,0.039584,0.05191,0.202303,0.244012
157_8_633_746,6,6,0.013486,0.126643,0.044914,0.248535,0.16717,0.038343,0.360908
157_8_382_500,0,1,0.088235,0.545027,0.042923,0.034136,0.041485,0.131232,0.116962
158_7_31_131,6,5,0.0256,0.091541,0.077576,0.032479,0.077673,0.402496,0.292635
158_8_1239_1362,2,5,0.03706,0.101699,0.050359,0.117544,0.097596,0.320308,0.275432
158_7_1123_1233,2,2,0.012146,0.203784,0.395078,0.017689,0.245658,0.054425,0.071219
158_7_192_316,6,5,0.022879,0.113365,0.091465,0.034397,0.105014,0.373175,0.259705
158_7_726_949,3,2,0.017574,0.281988,0.290042,0.011072,0.151043,0.210434,0.037847
158_7_464_617,3,3,0.010664,0.081059,0.028418,0.494411,0.073709,0.139077,0.172661
158_8_132_187,6,5,0.007905,0.011656,0.020254,0.022638,0.003389,0.876614,0.057544
158_8_956_1111,6,5,0.00716,0.03763,0.062242,0.014034,0.034896,0.746783,0.097256
158_8_331_445,6,3,0.015293,0.014097,0.01239,0.654845,0.013733,0.136322,0.15332
158_8_630_723,3,2,0.021897,0.184446,0.348681,0.025132,0.091089,0.17549,0.153265
159_8_1169_1295,1,0,0.740617,0.153859,0.018972,0.005364,0.010632,0.064138,0.006419
159_8_124_227,0,5,0.024637,0.034413,0.018348,0.014563,0.010625,0.891049,0.006365
159_7_1077_1162,0,1,0.392821,0.452437,0.013674,0.025015,0.006858,0.09818,0.011016
159_7_805_957,0,1,0.093886,0.575013,0.022515,0.029334,0.013553,0.254185,0.011513
159_7_31_121,0,0,0.468004,0.240497,0.030123,0.024998,0.017329,0.168993,0.050055
159_8_649_796,0,0,0.731649,0.167507,0.009357,0.004411,0.011487,0.062516,0.013072
159_7_230_309,0,1,0.196498,0.391066,0.022197,0.048909,0.008658,0.185345,0.147327
159_8_979_1077,1,5,0.22517,0.167465,0.151061,0.015927,0.03019,0.386869,0.023319
159_8_328_469,0,0,0.845805,0.086449,0.006479,0.003179,0.006649,0.04644,0.004998
159_7_504_641,0,0,0.63681,0.262246,0.040726,0.004802,0.023636,0.01944,0.012341
160_8_31_212,2,3,0.050401,0.10237,0.02645,0.420877,0.052663,0.282282,0.064958
160_8_923_1147,2,2,0.056325,0.149935,0.631158,0.02487,0.014633,0.112651,0.010427
160_8_604_719,2,2,0.014317,0.128093,0.441282,0.065827,0.233097,0.056268,0.061116
160_7_422_447,1,5,0.131461,0.121922,0.048457,0.019441,0.009631,0.607522,0.061566
160_7_557_594,1,5,0.018579,0.092495,0.056969,0.010998,0.031097,0.738134,0.051729
160_8_369_412,2,2,0.020141,0.108407,0.433175,0.020265,0.08163,0.280662,0.055719
160_7_318_362,1,5,0.036607,0.045135,0.028129,0.031258,0.014665,0.796265,0.047941
160_8_507_547,2,6,0.076446,0.105874,0.077315,0.205566,0.04759,0.050254,0.436956
204_12_1265_1332,1,1,0.235679,0.434381,0.073673,0.10101,0.066246,0.035282,0.053729
204_11_1066_1265,0,0,0.87358,0.080911,0.00651,0.007494,0.005427,0.018939,0.007139
204_11_231_309,1,3,0.087068,0.069692,0.071079,0.459517,0.006568,0.082472,0.223604
204_12_1427_1491,1,1,0.064363,0.558039,0.051911,0.035437,0.188399,0.009234,0.092616
204_11_872_981,0,0,0.770613,0.088695,0.025037,0.038469,0.00896,0.051364,0.016861
204_12_197_230,6,3,0.045614,0.082682,0.032049,0.416002,0.02361,0.28667,0.113373
204_11_1333_1423,0,0,0.933535,0.017762,0.002457,0.006811,0.004715,0.031809,0.002911
204_12_559_655,1,0,0.567112,0.361486,0.011847,0.004072,0.009248,0.036801,0.009433
204_12_310_343,2,5,0.066507,0.082062,0.028911,0.014399,0.015617,0.767501,0.025003
204_12_983_1054,1,0,0.482134,0.381434,0.024158,0.02905,0.01144,0.050683,0.021103
204_11_360_558,1,0,0.455954,0.205031,0.058093,0.143007,0.020601,0.085793,0.031522
204_11_31_115,0,0,0.438681,0.126121,0.045894,0.240966,0.028955,0.049158,0.070226
204_11_1496_1600,6,3,0.097373,0.072186,0.025099,0.516497,0.017513,0.08199,0.189343
204_12_798_856,1,0,0.716154,0.216455,0.008172,0.019012,0.006785,0.016869,0.016553
204_11_656_798,1,0,0.739776,0.16979,0.02517,0.01785,0.01785,0.018848,0.010715
206_12_102_161,6,3,0.018283,0.026791,0.0175,0.802735,0.023004,0.036814,0.074874
206_12_1104_1184,2,5,0.015772,0.028469,0.020359,0.018542,0.009103,0.872139,0.035616
206_11_167_269,6,3,0.020547,0.113146,0.025401,0.611472,0.115661,0.012888,0.100885
206_11_807_969,2,5,0.293009,0.142518,0.139906,0.044695,0.04946,0.296183,0.034229
206_12_1303_1415,5,5,0.019057,0.021916,0.019139,0.011373,0.013212,0.906053,0.00925
206_12_582_652,6,5,0.013677,0.051052,0.067784,0.040683,0.017112,0.646847,0.162846
206_12_281_363,6,3,0.007928,0.014188,0.010934,0.903382,0.006848,0.023146,0.033574
206_11_1000_1097,2,0,0.535893,0.16337,0.066229,0.031323,0.025206,0.113631,0.064348
206_11_420_505,5,5,0.046511,0.032744,0.025346,0.093896,0.020179,0.708705,0.072619
206_12_31_54,3,3,0.006845,0.004107,0.01293,0.88341,0.019631,0.003957,0.069122
206_11_1199_1289,2,0,0.621999,0.113606,0.014021,0.016123,0.005759,0.222555,0.005937
206_11_54_102,6,3,0.007374,0.006387,0.010404,0.83966,0.006828,0.0717,0.057646
206_11_706_738,5,5,0.317934,0.073443,0.011545,0.021893,0.014495,0.531253,0.029437
206_12_505_530,6,3,0.017975,0.044745,0.038644,0.597476,0.029938,0.054085,0.217137
206_12_738_790,2,5,0.009011,0.060368,0.084256,0.021261,0.018214,0.73772,0.06917
206_11_540_582,2,5,0.027147,0.027,0.031278,0.021395,0.007223,0.777611,0.108346
206_12_969_1000,5,5,0.022801,0.030913,0.02377,0.068432,0.018387,0.812565,0.023132
207_11_121_149,5,0,0.585507,0.056101,0.071283,0.029786,0.012759,0.230566,0.013998
207_11_1206_1365,3,3,0.107057,0.017754,0.018568,0.618055,0.024852,0.20009,0.013624
207_12_1065_1206,3,3,0.011789,0.012154,0.008604,0.912592,0.012269,0.026324,0.016268
207_11_242_355,5,3,0.244638,0.067771,0.018532,0.494498,0.013141,0.115635,0.045784
207_11_1449_1551,5,3,0.142024,0.100026,0.0491,0.402622,0.045506,0.166764,0.093958
207_12_855_1015,3,3,0.024769,0.066191,0.06851,0.54551,0.065103,0.188993,0.040924
207_12_173_240,3,3,0.07992,0.03296,0.010909,0.675722,0.010466,0.129724,0.060299
207_11_503_680,3,3,0.219884,0.110499,0.044664,0.284099,0.039709,0.044884,0.256261
207_11_1015_1065,3,3,0.286221,0.196952,0.016152,0.340068,0.009006,0.024809,0.126791
207_12_373_503,3,3,0.019881,0.011123,0.00751,0.891574,0.008324,0.038306,0.02328
207_12_31_72,3,3,0.10698,0.020898,0.043113,0.684719,0.015075,0.077825,0.051391
207_12_680_758,3,3,0.018501,0.018802,0.015859,0.762973,0.036769,0.134152,0.012945
207_12_1365_1449,5,3,0.045542,0.085416,0.032135,0.485488,0.079509,0.132022,0.139887
207_11_766_819,3,3,0.036636,0.09816,0.015375,0.471282,0.046565,0.035208,0.296774
208_12_31_140,0,3,0.231148,0.095246,0.059877,0.379339,0.051814,0.091314,0.091262
208_12_1096_1314,0,0,0.848931,0.067997,0.008977,0.012858,0.008367,0.047947,0.004924
208_11_1623_1849,6,1,0.299656,0.414606,0.02467,0.06949,0.017771,0.065023,0.108784
208_11_140_286,6,3,0.222377,0.261603,0.011442,0.37328,0.026461,0.020921,0.083915
208_11_1440_1532,0,0,0.784808,0.134382,0.016667,0.007714,0.006975,0.021427,0.028027
208_12_848_984,0,0,0.71787,0.165634,0.013895,0.030921,0.034585,0.027496,0.009599
208_11_1327_1405,0,0,0.707775,0.10704,0.01124,0.064319,0.006364,0.086069,0.017193
208_12_499_618,0,0,0.623585,0.201034,0.021566,0.072188,0.019046,0.030265,0.032317
208_12_286_388,0,0,0.58272,0.2871,0.005813,0.048641,0.036938,0.0261,0.012689
208_11_634_833,6,6,0.060739,0.14462,0.025957,0.201118,0.085549,0.031799,0.450219
208_11_997_1085,1,0,0.786587,0.138441,0.008502,0.010463,0.004227,0.016481,0.035299
208_11_388_499,6,1,0.151367,0.439469,0.029174,0.134786,0.078301,0.07033,0.096572
208_12_1532_1619,0,0,0.607644,0.278721,0.026084,0.029771,0.010374,0.015898,0.031509
208_12_1405_1440,5,5,0.421646,0.077427,0.012875,0.026638,0.011404,0.437661,0.012349
210_11_108_158,6,6,0.060349,0.106334,0.031047,0.285793,0.012515,0.196922,0.307039
210_12_1240_1522,1,3,0.038855,0.131925,0.019699,0.595762,0.077108,0.067658,0.068993
210_11_1112_1240,5,3,0.130632,0.210437,0.019728,0.374631,0.033537,0.074211,0.156823
210_12_1645_1732,1,4,0.022015,0.110746,0.159155,0.2552,0.369985,0.037792,0.045107
210_11_250_470,4,1,0.059744,0.38634,0.133758,0.192098,0.063742,0.067653,0.096664
210_12_158_250,6,6,0.013731,0.076317,0.04882,0.132547,0.059854,0.054667,0.614065
210_11_523_672,1,1,0.100164,0.533082,0.038573,0.066116,0.172662,0.025085,0.064318
210_12_1076_1112,3,3,0.003915,0.003211,0.011641,0.926887,0.014161,0.028532,0.011654
210_11_982_1076,5,3,0.020125,0.079802,0.029205,0.448267,0.025371,0.029427,0.367804
210_12_470_523,6,3,0.014138,0.031986,0.023831,0.796902,0.018624,0.017413,0.097106
210_11_31_84,5,3,0.032617,0.018414,0.009689,0.723919,0.015955,0.130357,0.069048
210_11_1522_1645,1,5,0.230327,0.153793,0.015711,0.126189,0.023922,0.427152,0.022905
210_12_672_825,4,6,0.013806,0.064574,0.051087,0.377149,0.01914,0.074557,0.399686
210_12_84_108,3,3,0.013768,0.035082,0.026166,0.771604,0.031264,0.065872,0.056246
211_12_1239_1336,1,1,0.275474,0.327882,0.030635,0.034633,0.1219,0.1729,0.036576
211_12_1657_1815,0,1,0.116887,0.340186,0.062794,0.062517,0.299713,0.051014,0.06689
211_12_232_326,1,3,0.019188,0.133168,0.090795,0.560688,0.094883,0.030059,0.071219
211_12_1449_1554,0,1,0.231314,0.396174,0.024406,0.046304,0.143543,0.120774,0.037486
211_11_767_986,1,3,0.026075,0.035835,0.01266,0.735331,0.050749,0.082629,0.056722
211_11_142_232,1,1,0.258309,0.560377,0.019555,0.03001,0.040407,0.072408,0.018934
211_12_518_594,4,3,0.023443,0.0442,0.05627,0.496942,0.085093,0.178602,0.11545
211_11_1064_1179,1,6,0.064425,0.074503,0.019487,0.326167,0.046504,0.029633,0.439279
211_12_1033_1064,1,5,0.014169,0.021199,0.15056,0.01966,0.025885,0.70026,0.068267
211_11_381_483,1,1,0.257232,0.327309,0.024586,0.178417,0.020445,0.090796,0.101215
211_12_31_59,6,6,0.018767,0.148661,0.195245,0.031613,0.179308,0.127635,0.298771
211_11_1865_1932,1,4,0.046621,0.099528,0.032056,0.151026,0.551604,0.009731,0.109434
211_11_647_718,1,6,0.028121,0.167483,0.045962,0.168565,0.100478,0.013407,0.475984
211_11_1554_1623,1,1,0.166752,0.31774,0.028265,0.172118,0.213845,0.05444,0.046841
211_11_1372_1410,1,1,0.039849,0.345397,0.038766,0.109747,0.290157,0.012737,0.163346
211_12_753_767,1,6,0.027455,0.132712,0.139761,0.184248,0.215784,0.038667,0.261373
212_11_102_139,5,5,0.028967,0.043735,0.033037,0.142552,0.01761,0.653977,0.080122
212_12_1190_1315,1,5,0.268888,0.248656,0.031705,0.091948,0.029742,0.279094,0.049967
212_11_1101_1190,1,3,0.05941,0.167864,0.037577,0.456916,0.113311,0.036062,0.12886
212_11_233_343,1,1,0.18706,0.540288,0.012877,0.127567,0.018887,0.07703,0.036291
212_12_1380_1471,1,3,0.102629,0.08823,0.015439,0.6573,0.044906,0.038487,0.053009
212_11_870_1038,0,0,0.385094,0.321774,0.017772,0.186594,0.026018,0.047489,0.015259
212_12_139_233,1,1,0.225546,0.443379,0.020748,0.052016,0.12362,0.056564,0.078127
212_11_1315_1380,4,0,0.714958,0.183125,0.016849,0.017463,0.009777,0.040662,0.017166
212_11_447_618,1,1,0.24505,0.448701,0.013684,0.18195,0.025255,0.063293,0.022068
212_12_618_661,1,1,0.225115,0.363606,0.023293,0.096656,0.014593,0.249519,0.027217
212_12_31_102,4,2,0.031745,0.119855,0.255284,0.106485,0.233745,0.089741,0.163145
212_12_343_447,0,3,0.078571,0.121252,0.049289,0.320604,0.126168,0.099307,0.204809
212_12_750_870,1,3,0.036192,0.095106,0.020111,0.65625,0.082129,0.043051,0.067161
212_11_661_750,1,3,0.030107,0.131813,0.043234,0.341791,0.060885,0.189113,0.203058
212_12_1038_1101,4,3,0.090251,0.247902,0.035435,0.269799,0.161177,0.026984,0.168453
213_11_1143_1303,5,1,0.252182,0.440671,0.031431,0.054056,0.099007,0.048488,0.074165
213_11_209_312,2,1,0.11174,0.438154,0.120081,0.051683,0.042908,0.034,0.201433
213_12_824_1016,5,5,0.088378,0.090874,0.043135,0.035577,0.009214,0.728111,0.004711
213_12_1303_1432,3,3,0.012585,0.009909,0.024912,0.543926,0.310542,0.03978,0.058345
213_12_591_623,5,5,0.019631,0.032697,0.047246,0.008871,0.009401,0.857224,0.02493
213_12_1049_1110,3,5,0.039619,0.015491,0.068786,0.207124,0.112682,0.547337,0.008962
213_11_329_591,5,0,0.494448,0.168988,0.080238,0.046612,0.042971,0.072685,0.094058
213_11_623_824,5,0,0.255374,0.139904,0.062976,0.170821,0.040333,0.216886,0.113706
213_11_1016_1049,5,3,0.032121,0.073121,0.022982,0.626441,0.019353,0.071273,0.15471
213_12_31_74,6,5,0.006988,0.028076,0.03843,0.06199,0.047313,0.581281,0.235923
213_11_129_145,2,6,0.102101,0.148221,0.082113,0.24305,0.045135,0.034052,0.345329
213_12_312_329,6,6,0.005583,0.032558,0.021827,0.365714,0.027939,0.141788,0.40459
213_12_145_172,6,5,0.003769,0.010267,0.077034,0.014962,0.004579,0.847074,0.042316
214_11_31_133,1,3,0.216267,0.042397,0.014327,0.397136,0.015047,0.291291,0.023535
214_12_1274_1340,1,1,0.078861,0.551144,0.056956,0.06136,0.107563,0.011417,0.132699
214_11_1139_1274,1,0,0.71383,0.142877,0.011636,0.013726,0.010719,0.101105,0.006108
214_12_1645_1745,1,1,0.030661,0.347188,0.045516,0.33567,0.010703,0.209417,0.020844
214_11_211_341,1,3,0.036715,0.110648,0.049914,0.438559,0.06019,0.019627,0.284346
214_11_1745_1830,0,0,0.779647,0.164043,0.020864,0.007881,0.004293,0.016447,0.006826
214_11_1340_1645,0,0,0.386754,0.084088,0.032193,0.213405,0.044222,0.173973,0.065364
214_11_938_1082,1,3,0.07833,0.312986,0.02061,0.373991,0.026855,0.073782,0.113446
214_12_133_211,1,3,0.009658,0.026791,0.041727,0.704592,0.014112,0.166682,0.036439
214_12_504_685,3,3,0.013957,0.031264,0.027301,0.727125,0.018709,0.045987,0.135656
214_12_1082_1139,5,1,0.052615,0.490338,0.113848,0.020333,0.104806,0.104006,0.114054
214_11_450_504,1,1,0.167902,0.42471,0.012164,0.20771,0.044161,0.011736,0.131616
214_12_341_450,1,6,0.028853,0.197745,0.043175,0.248379,0.124,0.025268,0.33258
214_12_748_893,3,3,0.00928,0.023969,0.008521,0.82873,0.007514,0.035269,0.086719
214_11_685_748,5,5,0.017982,0.020439,0.025784,0.117689,0.013612,0.724424,0.080069
216_11_31_187,5,3,0.08248,0.048162,0.020948,0.539039,0.00985,0.292136,0.007385
216_12_1220_1316,6,3,0.01252,0.029192,0.09378,0.40195,0.142688,0.223722,0.096147
216_11_1904_2096,6,1,0.127333,0.450532,0.135656,0.078036,0.050867,0.10008,0.057496
216_11_1531_1726,0,0,0.533428,0.331505,0.025834,0.041398,0.023477,0.019164,0.025194
216_12_253_297,5,5,0.027387,0.010281,0.026369,0.048934,0.016447,0.854864,0.015718
216_12_1726_1845,6,1,0.142018,0.307985,0.088451,0.090956,0.147025,0.107078,0.116488
216_12_890_976,4,4,0.006588,0.028031,0.079057,0.080295,0.765605,0.020706,0.019717
216_11_1316_1454,1,3,0.142215,0.090146,0.02884,0.610265,0.022892,0.068024,0.037618
216_12_538_783,5,5,0.152063,0.129124,0.024575,0.020547,0.090307,0.570023,0.013362
216_11_297_364,1,3,0.080351,0.261077,0.091668,0.405303,0.040598,0.068983,0.05202
216_11_976_1072,6,1,0.164396,0.457894,0.025673,0.191977,0.019325,0.028753,0.111982
216_11_394_538,1,1,0.101411,0.756105,0.054066,0.026139,0.029077,0.018967,0.014235
216_12_1485_1531,4,4,0.015027,0.055324,0.115057,0.233454,0.463648,0.041894,0.075595
216_11_783_890,1,1,0.197283,0.612416,0.062724,0.066398,0.02374,0.020976,0.016463
216_12_364_394,5,0,0.457421,0.174211,0.056404,0.037575,0.018686,0.145975,0.109727
217_12_127_214,5,5,0.002618,0.011669,0.017165,0.018803,0.004066,0.909848,0.03583
217_12_1281_1353,5,5,0.22258,0.059024,0.007782,0.301105,0.008689,0.386978,0.013841
217_11_1084_1240,6,2,0.008668,0.221,0.404148,0.085176,0.126004,0.017162,0.137842
217_12_1673_1755,3,3,0.035229,0.267202,0.092949,0.332051,0.072643,0.057094,0.142833
217_11_214_275,3,2,0.0156,0.169945,0.493155,0.081318,0.024298,0.113601,0.102082
217_11_1353_1480,6,1,0.023343,0.575659,0.144348,0.100033,0.061834,0.018705,0.076077
217_11_83_127,3,3,0.107046,0.242822,0.024358,0.431496,0.023545,0.060391,0.110342
217_11_923_1008,6,1,0.039395,0.367726,0.087642,0.124334,0.062105,0.034472,0.284325
217_12_580_675,3,3,0.011451,0.017348,0.016737,0.800365,0.011311,0.127938,0.01485
217_12_320_376,5,5,0.004213,0.003003,0.007968,0.309661,0.005335,0.667494,0.002326
217_12_1008_1047,5,5,0.016282,0.030498,0.034129,0.022563,0.007503,0.794066,0.094959
217_11_376_580,3,3,0.024266,0.113336,0.122351,0.312865,0.079269,0.24271,0.105202
217_12_31_83,5,5,0.022468,0.046995,0.035937,0.073782,0.04581,0.425584,0.349423
217_12_1524_1582,5,3,0.013096,0.00743,0.013864,0.83651,0.021154,0.098207,0.009739
217_12_724_923,3,3,0.007145,0.007552,0.006504,0.918576,0.007237,0.041787,0.0112
217_11_675_724,5,0,0.332128,0.168524,0.027939,0.136151,0.010275,0.208047,0.116936
217_11_1582_1673,6,1,0.225658,0.689053,0.01711,0.016743,0.030469,0.004351,0.016617
218_11_98_158,5,1,0.098837,0.268502,0.043704,0.189456,0.097821,0.044878,0.256802
218_11_1284_1351,3,3,0.020166,0.013024,0.005271,0.871987,0.018643,0.051988,0.018921
218_12_1151_1284,3,3,0.010442,0.011746,0.029688,0.834067,0.015941,0.030358,0.067758
218_11_202_314,1,1,0.087928,0.42969,0.087217,0.176738,0.064321,0.054396,0.09971
218_11_1435_1469,3,3,0.012074,0.037453,0.028978,0.576229,0.050069,0.069307,0.225891
218_12_905_958,3,3,0.013683,0.08314,0.02618,0.780095,0.031827,0.007057,0.058018
218_11_573_752,6,3,0.01191,0.017647,0.032913,0.673257,0.041409,0.095492,0.127371
218_11_1080_1151,6,3,0.029097,0.0385,0.024885,0.703076,0.030663,0.109453,0.064325
218_12_158_202,4,1,0.108788,0.389606,0.036988,0.143044,0.083086,0.171106,0.067383
218_12_314_427,2,1,0.015789,0.427577,0.360862,0.064965,0.069629,0.023115,0.038063
218_12_1034_1080,3,3,0.005337,0.00376,0.006884,0.91791,0.00573,0.040059,0.02032
218_11_427_506,6,3,0.014109,0.022208,0.045656,0.674819,0.018812,0.168224,0.056172
218_12_31_54,3,6,0.027083,0.023672,0.034724,0.231153,0.018006,0.324058,0.341303
218_12_752_835,3,3,0.009115,0.033664,0.020658,0.870203,0.024227,0.018289,0.023844
218_12_1351_1435,3,3,0.006331,0.013747,0.005217,0.935313,0.007758,0.004395,0.027239
218_12_506_573,6,3,0.019963,0.086554,0.048782,0.55821,0.053964,0.082661,0.149865
218_11_835_905,5,5,0.025617,0.010828,0.010135,0.174553,0.011089,0.754768,0.013009
218_11_958_1034,3,3,0.022464,0.028289,0.005917,0.831186,0.015241,0.012322,0.084581
220_11_121_177,5,0,0.757719,0.024809,0.010213,0.009861,0.003928,0.190831,0.002639
220_11_1186_1300,4,0,0.726141,0.125681,0.019048,0.029255,0.022264,0.068065,0.009546
220_12_1673_1730,3,3,0.004306,0.001625,0.004659,0.955462,0.003601,0.004716,0.02563
220_12_210_263,3,3,0.008802,0.004746,0.017218,0.850095,0.008114,0.035655,0.075371
220_12_1793_1811,3,3,0.01612,0.009413,0.019731,0.859922,0.009071,0.045235,0.040508
220_11_1436_1673,3,3,0.183844,0.078593,0.019811,0.480577,0.030706,0.039159,0.16731
220_12_926_1026,3,3,0.012944,0.027896,0.029568,0.805699,0.024456,0.035924,0.063514
220_12_1332_1373,3,3,0.033225,0.095147,0.028682,0.608651,0.124195,0.018841,0.09126
220_11_440_605,3,0,0.700929,0.056331,0.019775,0.035885,0.09352,0.08531,0.00825
220_12_1077_1176,3,3,0.030389,0.041996,0.017799,0.545542,0.135226,0.021205,0.207844
220_11_1734_1793,3,3,0.023395,0.050656,0.010218,0.762613,0.014663,0.021034,0.117422
220_11_282_363,5,0,0.425196,0.064258,0.03027,0.198576,0.015314,0.092966,0.17342
220_12_605_670,5,5,0.040861,0.022336,0.029238,0.076214,0.01462,0.74019,0.076541
220_12_31_61,3,3,0.033502,0.021251,0.052818,0.734335,0.021907,0.022183,0.114003
220_11_675_926,3,0,0.331018,0.100356,0.017909,0.268065,0.041861,0.226274,0.014517
220_12_375_430,3,3,0.013746,0.008985,0.011853,0.785802,0.018062,0.086301,0.075251
221_12_78_143,2,4,0.006346,0.049287,0.342127,0.013641,0.52709,0.007087,0.054423
221_11_1208_1344,1,3,0.229298,0.249087,0.024163,0.26061,0.02094,0.045412,0.170491
221_12_1149_1208,4,4,0.039786,0.225887,0.23607,0.058087,0.275956,0.021214,0.142999
221_11_143_302,0,0,0.762922,0.149459,0.010317,0.021771,0.005507,0.0373,0.012723
221_12_915_961,4,3,0.027194,0.072237,0.089829,0.522743,0.053571,0.034071,0.200356
221_12_1344_1407,4,3,0.029864,0.096499,0.08461,0.353111,0.078548,0.042273,0.315094
221_12_561_621,2,2,0.013983,0.062865,0.4035,0.160373,0.292407,0.014881,0.051991
221_12_302_459,2,2,0.00713,0.042937,0.708895,0.046987,0.12258,0.009632,0.06184
221_11_621_662,1,3,0.126999,0.136646,0.013047,0.44538,0.016341,0.096437,0.165149
221_11_1001_1092,1,0,0.591744,0.25417,0.027627,0.049225,0.016326,0.024294,0.036613
221_11_459_561,0,1,0.398827,0.495117,0.009986,0.044534,0.0168,0.019081,0.015654
221_11_31_78,0,0,0.83966,0.034497,0.008086,0.019925,0.001964,0.053893,0.041975
221_11_686_825,1,3,0.018918,0.003365,0.004569,0.828875,0.006462,0.119861,0.01795
221_12_666_686,4,3,0.017966,0.042535,0.039663,0.493939,0.0446,0.021174,0.340123
221_11_867_915,1,5,0.194731,0.070951,0.023409,0.039811,0.011226,0.635742,0.024129
221_12_825_867,4,3,0.040909,0.085435,0.056613,0.534705,0.058746,0.058678,0.164914
223_12_101_169,3,3,0.005639,0.001164,0.004208,0.963422,0.006205,0.004875,0.014487
223_12_1067_1374,3,6,0.019445,0.046334,0.029956,0.363013,0.032543,0.017961,0.490747
223_11_186_268,3,4,0.030061,0.250595,0.048228,0.017467,0.602796,0.010885,0.039967
223_12_833_1002,3,3,0.019088,0.030392,0.023479,0.648379,0.016368,0.031904,0.230391
223_11_565_677,5,1,0.197638,0.231285,0.016523,0.204012,0.032575,0.134293,0.183675
223_12_268_376,4,3,0.019433,0.083929,0.042567,0.397049,0.095378,0.029593,0.332052
223_11_1002_1067,5,3,0.047488,0.078071,0.053579,0.297488,0.111632,0.123143,0.288598
223_12_429_565,3,3,0.022713,0.054925,0.017947,0.450108,0.029729,0.016904,0.407675
223_11_31_101,3,3,0.038118,0.042044,0.060794,0.344248,0.025481,0.33857,0.150746
223_11_791_833,5,5,0.016896,0.041011,0.022948,0.097218,0.030558,0.731658,0.059711
223_12_686_788,3,3,0.010047,0.020734,0.012397,0.758368,0.008601,0.004447,0.185407
223_11_382_429,5,1,0.15244,0.476651,0.018953,0.09331,0.036055,0.039573,0.183017
223_11_1393_1427,3,3,0.022138,0.030816,0.030734,0.644792,0.054207,0.094133,0.123179
223_12_1427_1459,3,3,0.013332,0.047431,0.062218,0.699478,0.035345,0.039018,0.103178
224_12_1147_1206,1,3,0.108156,0.205722,0.051748,0.22754,0.067199,0.171894,0.16774
224_11_207_346,3,3,0.030765,0.115783,0.025624,0.571459,0.103202,0.024014,0.129152
224_12_870_975,1,1,0.087768,0.222197,0.143443,0.114006,0.086302,0.141183,0.205101
224_12_1332_1411,4,3,0.019993,0.107413,0.164552,0.377126,0.186329,0.024804,0.119781
224_12_585_679,4,3,0.042679,0.138684,0.031084,0.334603,0.20222,0.072492,0.178238
224_11_1107_1146,0,1,0.070494,0.236219,0.137798,0.15639,0.05807,0.166858,0.174172
224_12_1034_1080,4,3,0.063095,0.11161,0.055483,0.445408,0.046282,0.034113,0.24401
224_12_382_509,4,1,0.058784,0.36541,0.127109,0.115918,0.160757,0.031473,0.140551
224_12_31_75,4,3,0.035036,0.057937,0.046192,0.599282,0.023716,0.06201,0.175828
224_11_1241_1277,0,2,0.035875,0.14513,0.319194,0.136741,0.127617,0.078915,0.156529
224_11_822_869,0,5,0.205735,0.098702,0.035647,0.1159,0.009469,0.44675,0.087796
224_11_709_764,0,3,0.259842,0.275307,0.032672,0.317098,0.025406,0.046348,0.043326
224_11_520_561,0,5,0.074008,0.057857,0.022923,0.036813,0.016147,0.711743,0.080508
224_12_765_821,0,1,0.131839,0.185933,0.119268,0.1225,0.155245,0.100863,0.184353
224_11_982_1033,0,5,0.164158,0.061875,0.022774,0.028784,0.007934,0.657155,0.057319
225_11_1267_1345,3,2,0.035652,0.173604,0.38419,0.196043,0.155017,0.023842,0.031654
225_12_910_1260,3,3,0.016575,0.005243,0.029262,0.859808,0.019853,0.025396,0.043863
225_12_1372_1776,3,3,0.006575,0.005785,0.009731,0.94171,0.013566,0.009666,0.012967
225_11_1788_1948,5,3,0.019391,0.038054,0.058498,0.754465,0.065766,0.037039,0.026787
225_12_140_215,3,3,0.014461,0.062867,0.079085,0.618425,0.034271,0.091138,0.099753
225_12_546_613,3,3,0.017672,0.066939,0.079517,0.377082,0.067867,0.299149,0.091775
225_12_280_470,3,3,0.014883,0.014049,0.026104,0.776172,0.03011,0.009957,0.128724
225_11_613_692,5,3,0.03359,0.030706,0.016006,0.690166,0.028533,0.039089,0.161911
225_12_31_87,3,3,0.017509,0.024005,0.141178,0.501887,0.13345,0.059611,0.122359
225_12_702_863,3,3,0.014848,0.014427,0.032558,0.762623,0.034031,0.011686,0.129827
225_11_494_546,5,5,0.020268,0.060995,0.04324,0.074075,0.014467,0.59393,0.193024
225_11_863_910,6,3,0.018689,0.087335,0.043542,0.489235,0.055193,0.080777,0.22523
225_11_219_246,1,3,0.021658,0.098941,0.072857,0.406727,0.089277,0.091408,0.219133
226_11_90_194,3,3,0.0089,0.008503,0.023276,0.792752,0.016426,0.074608,0.075535
226_12_1238_1408,3,3,0.010944,0.01125,0.018031,0.86924,0.019603,0.010503,0.060429
226_11_1151_1238,3,3,0.013758,0.037174,0.02815,0.492665,0.356154,0.023107,0.048992
226_12_223_291,6,3,0.01823,0.066243,0.094459,0.41502,0.152783,0.051702,0.201564
226_12_1452_1508,6,3,0.048172,0.109532,0.027309,0.55309,0.15531,0.006986,0.0996
226_11_749_1044,6,3,0.023013,0.052601,0.105263,0.463236,0.219502,0.020181,0.116203
226_11_580_651,6,3,0.028529,0.230917,0.046297,0.413826,0.177882,0.070036,0.032512
226_12_1044_1136,4,3,0.054884,0.087993,0.04356,0.464858,0.107324,0.016664,0.224718
226_11_339_497,4,4,0.015154,0.171079,0.084525,0.260828,0.411401,0.028895,0.028117
226_12_31_90,3,3,0.006385,0.001862,0.009256,0.73133,0.006369,0.215392,0.029406
226_11_1508_1628,3,3,0.006901,0.010481,0.033092,0.825331,0.028857,0.051032,0.044307
226_12_651_722,2,2,0.012336,0.052309,0.24324,0.134629,0.173423,0.241222,0.14284
226_11_1408_1452,5,1,0.091169,0.378094,0.057729,0.141799,0.110814,0.054316,0.166079
226_12_497_569,4,2,0.010172,0.056968,0.625211,0.006168,0.188341,0.099206,0.013934
227_11_122_166,0,0,0.355403,0.320398,0.06159,0.096617,0.026757,0.066636,0.072599
227_11_1253_1298,3,3,0.019203,0.07319,0.078062,0.324708,0.079723,0.217941,0.207174
227_12_1159_1209,6,3,0.02051,0.026613,0.037237,0.729055,0.040709,0.033072,0.112804
227_12_185_276,5,3,0.011239,0.083588,0.1492,0.401799,0.171182,0.08805,0.094941
227_11_940_1006,5,3,0.021852,0.125389,0.063219,0.421468,0.086991,0.050493,0.230588
227_12_545_689,6,3,0.016927,0.055227,0.109849,0.575407,0.104674,0.020859,0.117056
227_11_1134_1159,3,3,0.061028,0.209617,0.076663,0.464767,0.06033,0.021044,0.106551
227_12_1006_1129,6,3,0.009079,0.009071,0.014547,0.85099,0.017812,0.009324,0.089178
227_11_299_511,0,0,0.635229,0.264069,0.009938,0.042026,0.008606,0.02728,0.012853
227_12_1298_1350,6,3,0.028804,0.037792,0.038472,0.717251,0.044253,0.059391,0.074036
227_12_31_61,5,3,0.013848,0.04202,0.139189,0.267218,0.086087,0.261841,0.189797
227_12_807_928,6,3,0.01823,0.056163,0.080769,0.624835,0.091772,0.025851,0.10238
227_11_724_804,5,1,0.039558,0.260396,0.221813,0.119268,0.141286,0.154424,0.063256
228_12_31_150,5,5,0.011786,0.024977,0.091499,0.037164,0.018309,0.785953,0.030312
228_11_1255_1300,1,5,0.040676,0.115243,0.053198,0.089518,0.039409,0.494773,0.167184
228_12_1126_1255,1,1,0.347176,0.546768,0.027728,0.005435,0.014909,0.044456,0.013526
228_12_187_289,2,5,0.010742,0.022078,0.189957,0.014988,0.003934,0.739936,0.018366
228_11_1367_1528,1,3,0.069784,0.396447,0.032229,0.399499,0.023251,0.031068,0.047723
228_11_876_945,0,0,0.374464,0.354601,0.012031,0.066019,0.024622,0.156093,0.012171
228_12_945_987,5,5,0.156272,0.247278,0.163034,0.039791,0.025035,0.321974,0.046615
228_11_559_609,1,5,0.061156,0.123596,0.057113,0.01613,0.013018,0.698687,0.0303
228_11_150_187,6,5,0.046311,0.070143,0.048104,0.014271,0.009478,0.769351,0.042343
228_11_1071_1126,1,1,0.185241,0.384022,0.049792,0.030216,0.042062,0.259768,0.048899
228_11_289_367,6,5,0.08389,0.138565,0.052815,0.013912,0.010057,0.683937,0.016825
228_12_1300_1343,1,1,0.089792,0.342536,0.081097,0.043939,0.053869,0.123787,0.264981
228_12_367_454,5,5,0.014937,0.017061,0.029137,0.232197,0.0058,0.638513,0.062355
228_11_767_843,1,5,0.112872,0.244974,0.04535,0.135714,0.035538,0.369856,0.055696
228_12_645_713,1,3,0.011166,0.023391,0.055,0.645552,0.022517,0.204079,0.038294
228_12_510_559,5,5,0.002651,0.011441,0.075958,0.04584,0.026273,0.822578,0.015259
228_11_480_506,6,5,0.011869,0.039269,0.036427,0.049222,0.01667,0.81242,0.034123
228_12_843_876,5,5,0.00427,0.014927,0.030803,0.054513,0.014677,0.824913,0.055896
229_12_78_171,4,2,0.010359,0.044193,0.406579,0.198711,0.262034,0.015387,0.062736
229_11_1205_1345,6,6,0.055581,0.127897,0.043668,0.231581,0.032986,0.227871,0.280417
229_12_1624_1748,3,3,0.034782,0.024688,0.04408,0.497489,0.046838,0.105989,0.246135
229_11_171_327,0,3,0.123325,0.127272,0.079099,0.233667,0.062753,0.144646,0.229239
229_11_1419_1468,3,3,0.02386,0.019427,0.019145,0.635491,0.007493,0.231214,0.06337
229_12_889_939,3,3,0.020794,0.013338,0.05714,0.787798,0.039201,0.048959,0.032771
229_11_588_720,1,3,0.053271,0.103943,0.044741,0.386058,0.065399,0.092949,0.25364
229_12_1124_1170,3,3,0.014752,0.0166,0.044325,0.768825,0.037219,0.035025,0.083254
229_11_955_1124,3,6,0.176607,0.258706,0.024982,0.150306,0.037286,0.018645,0.333468
229_12_327_396,4,2,0.008725,0.082034,0.479969,0.085216,0.280814,0.02844,0.034802
229_11_396_534,1,1,0.137775,0.279539,0.066329,0.275321,0.024838,0.036346,0.179852
229_11_31_78,0,0,0.296487,0.279349,0.108819,0.095629,0.052673,0.02316,0.143883
229_12_1468_1549,3,3,0.012464,0.02362,0.019286,0.805851,0.023415,0.035992,0.079372
229_11_819_889,3,3,0.07941,0.09685,0.016497,0.618226,0.029474,0.04824,0.111304
229_11_1575_1620,5,3,0.060807,0.057835,0.021601,0.41938,0.017155,0.228651,0.19457
229_12_1392_1419,3,3,0.006044,0.013276,0.024273,0.871396,0.026132,0.018912,0.039967
229_11_1850_1878,1,6,0.057779,0.064377,0.040938,0.28901,0.02813,0.029883,0.489883
229_12_762_819,3,3,0.011523,0.030711,0.044248,0.785589,0.065874,0.012046,0.050009
229_12_534_588,4,3,0.014201,0.057431,0.082005,0.716535,0.035827,0.026434,0.067566
230_12_123_222,6,6,0.036998,0.199738,0.092069,0.106505,0.051315,0.06973,0.443646
230_12_1291_1380,2,3,0.016842,0.073335,0.065082,0.52584,0.053548,0.106009,0.159344
230_12_862_1190,1,3,0.006935,0.019032,0.152552,0.627547,0.068689,0.04088,0.084365
230_12_1650_1721,4,3,0.004529,0.0078,0.024244,0.824498,0.010111,0.021563,0.107255
230_11_222_315,5,3,0.008886,0.016086,0.010151,0.488084,0.023483,0.04322,0.41009
230_11_1721_1879,3,3,0.008361,0.017908,0.012216,0.776823,0.017923,0.135776,0.030992
230_11_1380_1650,1,1,0.030259,0.56151,0.074076,0.136185,0.073951,0.026442,0.097577
230_11_31_123,6,3,0.029433,0.045881,0.03475,0.539493,0.028734,0.158146,0.163563
230_11_501_764,1,3,0.070238,0.1641,0.020435,0.466802,0.027617,0.113402,0.137404
230_12_315_404,3,3,0.024281,0.058144,0.032739,0.472734,0.049803,0.067479,0.294819
230_12_457_501,3,3,0.021701,0.04155,0.033075,0.466057,0.03183,0.022508,0.383278
230_11_404_457,5,5,0.014181,0.021264,0.015205,0.232153,0.010086,0.586833,0.120277
230_11_1190_1291,4,5,0.012949,0.012801,0.013115,0.069909,0.006475,0.864282,0.020469
230_11_815_862,1,5,0.030254,0.063401,0.02806,0.067391,0.031475,0.676817,0.102603
230_12_1879_1969,1,3,0.011887,0.044352,0.063541,0.635227,0.023457,0.019909,0.201626
230_12_764_815,1,5,0.074338,0.218309,0.170905,0.151113,0.049307,0.249849,0.086178
230_11_1969_2031,3,3,0.027142,0.038707,0.016551,0.585152,0.036753,0.032505,0.263191
231_11_31_171,3,3,0.033585,0.042758,0.01909,0.620409,0.020454,0.076561,0.187142
231_12_1130_1187,3,3,0.01147,0.002103,0.006989,0.931164,0.005454,0.011874,0.030946
231_11_1784_1879,3,3,0.006328,0.02055,0.009002,0.844364,0.017136,0.039007,0.063612
231_11_862_982,5,5,0.074423,0.158217,0.059855,0.206071,0.130743,0.211931,0.15876
231_12_171_216,3,3,0.008964,0.015286,0.027873,0.750925,0.017602,0.08923,0.090121
231_11_534_716,3,6,0.076383,0.162614,0.042926,0.30358,0.061244,0.015388,0.337865
231_11_1034_1130,5,3,0.019245,0.047806,0.015767,0.364482,0.043338,0.148647,0.360715
231_12_1702_1784,3,3,0.010401,0.003501,0.012899,0.905189,0.015624,0.012461,0.039925
231_12_1487_1530,6,3,0.013613,0.021115,0.027794,0.806403,0.024335,0.015444,0.091295
231_12_1879_1938,3,3,0.017014,0.031963,0.048663,0.723011,0.025887,0.027804,0.125658
231_12_716_760,2,3,0.009189,0.051423,0.062061,0.561429,0.060814,0.109653,0.145431
231_12_374_433,2,5,0.004205,0.010959,0.143889,0.133451,0.038734,0.659908,0.008853
231_12_982_1034,3,3,0.004549,0.005768,0.012628,0.930717,0.0167,0.009341,0.020298
232_12_82_145,3,3,0.009767,0.016829,0.016214,0.626502,0.013227,0.11318,0.20428
232_11_1167_1331,1,0,0.39038,0.196704,0.010181,0.28556,0.056134,0.025326,0.035715
232_11_1601_1741,0,3,0.015517,0.018271,0.048606,0.689854,0.02627,0.061196,0.140287
232_11_145_274,5,5,0.060763,0.069742,0.012539,0.329093,0.017262,0.453442,0.057158
232_12_1741_1832,1,6,0.02297,0.189746,0.116861,0.176897,0.135298,0.043839,0.314389
232_12_1331_1566,1,2,0.008215,0.114919,0.652498,0.042176,0.038372,0.066442,0.077378
232_11_929_994,0,6,0.047331,0.050853,0.030557,0.31157,0.024138,0.040633,0.494919
232_11_533_604,5,5,0.06877,0.05287,0.022225,0.057551,0.01487,0.726138,0.057575
232_12_1031_1167,1,2,0.005774,0.10215,0.642889,0.037278,0.065718,0.01423,0.131961
232_12_274_342,1,3,0.0145,0.032576,0.035077,0.657768,0.017178,0.091966,0.150934
232_12_392_533,1,3,0.015268,0.021678,0.014317,0.541329,0.013928,0.015793,0.377688
232_11_31_82,5,5,0.030863,0.046546,0.031582,0.095895,0.011111,0.689931,0.094072
232_12_790_891,1,3,0.013127,0.085793,0.086222,0.579219,0.02215,0.052181,0.161308
232_11_715_790,5,5,0.026715,0.061871,0.052699,0.059168,0.030457,0.677065,0.092025
232_11_342_392,5,5,0.039574,0.031961,0.016671,0.059915,0.017166,0.78168,0.053033
232_12_604_637,3,3,0.019353,0.031961,0.041098,0.633111,0.038425,0.017966,0.218085
233_11_112_170,5,5,0.123445,0.021759,0.03042,0.0559,0.010903,0.74977,0.007802
233_12_1160_1211,2,0,0.435391,0.300952,0.06681,0.026859,0.124105,0.0371,0.008783
233_12_787_863,1,0,0.596529,0.205953,0.068541,0.005553,0.013906,0.101208,0.00831
233_12_31_98,5,5,0.16438,0.020816,0.087907,0.31567,0.020844,0.369931,0.02045
233_12_946_1024,1,0,0.600574,0.19314,0.090405,0.018679,0.027781,0.047817,0.021605
233_12_700_753,5,5,0.306912,0.035833,0.139942,0.003335,0.007683,0.501464,0.004831
233_11_223_258,5,5,0.037554,0.05421,0.050753,0.218293,0.014772,0.594297,0.030121
233_11_1024_1125,0,0,0.398214,0.222479,0.059644,0.067691,0.016626,0.200233,0.035112
233_11_345_453,0,5,0.282809,0.084181,0.167532,0.096061,0.014649,0.342436,0.012332
233_11_645_700,0,3,0.071906,0.046643,0.018537,0.678172,0.006004,0.155638,0.0231
233_11_863_946,0,5,0.329447,0.03743,0.033885,0.050557,0.009705,0.532065,0.006913
233_12_170_223,2,0,0.467892,0.085295,0.184077,0.037874,0.03101,0.180051,0.013802
233_12_591_645,5,0,0.467309,0.043823,0.09008,0.003597,0.00972,0.373264,0.012206
233_12_463_522,1,0,0.284713,0.084337,0.174613,0.103701,0.026372,0.24684,0.079423
233_11_753_787,0,0,0.453292,0.134535,0.030845,0.270545,0.018113,0.031535,0.061134
233_12_307_345,2,0,0.597685,0.088095,0.096805,0.048934,0.018101,0.105925,0.044455
233_11_563_591,0,1,0.118978,0.386377,0.071003,0.283787,0.038842,0.013059,0.087952
236_11_31_215,6,3,0.047467,0.07315,0.020507,0.484044,0.043127,0.020985,0.31072
236_11_1274_1344,6,6,0.189632,0.14099,0.052744,0.164407,0.061662,0.096965,0.293601
236_11_964_1191,0,0,0.876599,0.050063,0.02051,0.015499,0.005038,0.021221,0.01107
236_11_1511_1911,6,3,0.194928,0.137005,0.015463,0.397957,0.020307,0.026967,0.207373
236_12_244_303,2,2,0.016749,0.115803,0.427913,0.046826,0.017291,0.08538,0.290038
236_11_1377_1478,6,6,0.036307,0.154556,0.025243,0.302478,0.053476,0.021133,0.406808
236_12_821_964,4,1,0.036121,0.543511,0.138599,0.069309,0.062532,0.029212,0.120717
236_12_1344_1377,4,6,0.035536,0.192382,0.101583,0.232882,0.068644,0.02663,0.342343
236_12_584_650,2,2,0.021477,0.201464,0.299641,0.038475,0.122285,0.031728,0.284929
236_12_328_390,2,3,0.044712,0.171668,0.104873,0.431758,0.048884,0.108354,0.089751
236_11_430_479,5,5,0.097794,0.220083,0.074624,0.102206,0.050694,0.340144,0.114456
236_12_1191_1274,4,2,0.00689,0.061961,0.598144,0.00982,0.269401,0.015937,0.037847
236_12_1478_1511,6,3,0.012136,0.017855,0.050147,0.725131,0.022304,0.024605,0.147821
236_11_712_821,0,5,0.40818,0.108787,0.012168,0.02179,0.009203,0.416783,0.023089
236_12_1911_1960,6,3,0.015074,0.076449,0.082799,0.542584,0.033657,0.050333,0.199104
236_11_303_328,6,3,0.044752,0.146262,0.085055,0.340503,0.044476,0.115562,0.22339
237_11_31_177,4,4,0.013314,0.182696,0.117507,0.020416,0.569295,0.017345,0.079427
237_11_1239_1350,1,1,0.228332,0.355965,0.065617,0.079577,0.029781,0.106173,0.134556
237_12_1015_1184,1,4,0.035043,0.157164,0.203192,0.212334,0.237795,0.065539,0.088933
237_12_1631_1736,3,3,0.006587,0.003247,0.007776,0.919958,0.005168,0.041351,0.015914
237_12_205_402,1,3,0.01387,0.120757,0.257056,0.268235,0.102782,0.188171,0.04913
237_11_1789_1897,6,3,0.052785,0.044322,0.064356,0.510119,0.0136,0.056081,0.258737
237_11_936_1015,0,1,0.142582,0.317588,0.022182,0.246113,0.035592,0.160295,0.075647
237_12_1350_1455,5,3,0.007626,0.024316,0.04425,0.738279,0.021602,0.153125,0.010802
237_12_468_681,1,3,0.011927,0.04892,0.034561,0.797504,0.028975,0.041374,0.036739
237_12_1758_1789,5,3,0.010329,0.019502,0.056481,0.687194,0.025584,0.160487,0.040424
237_11_402_468,0,6,0.071525,0.15635,0.028855,0.30941,0.018287,0.09682,0.318752
237_11_1511_1631,6,3,0.039905,0.245381,0.034941,0.311678,0.055637,0.042231,0.270227
237_12_788_886,1,2,0.009932,0.141072,0.399508,0.017562,0.036093,0.208741,0.187092
237_12_1897_2001,1,3,0.034346,0.162265,0.02079,0.584569,0.121622,0.029818,0.046591
237_11_1736_1758,6,3,0.05685,0.048975,0.032823,0.624448,0.020128,0.036477,0.180299
237_11_681_788,1,1,0.23298,0.576871,0.014036,0.076307,0.012388,0.062691,0.024726
238_11_31_132,6,6,0.026909,0.023978,0.037206,0.273202,0.034736,0.051086,0.552884
238_11_1283_1398,3,3,0.061256,0.121566,0.016343,0.481231,0.013914,0.290201,0.015487
238_12_1997_2066,3,3,0.007754,0.012163,0.014399,0.848828,0.012948,0.021762,0.082146
238_11_982_1226,6,3,0.014201,0.012091,0.013173,0.857076,0.029459,0.029131,0.04487
238_11_1673_1738,6,3,0.159374,0.173436,0.034703,0.27712,0.022758,0.104718,0.22789
238_12_133_283,2,5,0.012275,0.112222,0.218436,0.189457,0.097298,0.298149,0.072163
238_12_1738_1886,3,3,0.020804,0.036339,0.027002,0.655438,0.024774,0.025849,0.209794
238_12_1398_1546,3,3,0.01133,0.015422,0.085842,0.698514,0.020077,0.148328,0.020488
238_12_924_982,3,3,0.020897,0.145661,0.20066,0.347586,0.117984,0.148705,0.018506
238_12_555_627,2,5,0.029947,0.081671,0.273424,0.054321,0.022184,0.509944,0.02851
238_11_283_334,6,3,0.025426,0.034274,0.04019,0.382998,0.019354,0.336418,0.16134
238_11_627_924,6,3,0.093,0.101443,0.067319,0.441019,0.084993,0.123671,0.088554
238_12_334_515,2,2,0.007547,0.114885,0.431225,0.060906,0.265927,0.019862,0.099649
238_12_1226_1283,3,3,0.068454,0.289819,0.118696,0.318591,0.106324,0.070024,0.028091
238_11_1886_1997,5,3,0.024917,0.031395,0.063943,0.510618,0.0299,0.095188,0.244039
238_12_1587_1673,3,3,0.015236,0.020886,0.046702,0.766502,0.026019,0.076044,0.048612
238_11_1546_1587,5,1,0.195487,0.525579,0.050481,0.073206,0.031402,0.080121,0.043723
238_11_515_555,5,5,0.174319,0.269914,0.069477,0.065518,0.032865,0.27755,0.110358
239_11_2175_2586,3,3,0.009373,0.015602,0.028912,0.863201,0.032362,0.011182,0.039368
239_11_1254_1318,5,5,0.015676,0.141693,0.10112,0.255123,0.050884,0.277289,0.158214
239_11_1664_2102,3,4,0.015716,0.065692,0.103335,0.167266,0.546702,0.032482,0.068807
239_12_1099_1254,3,3,0.009142,0.009324,0.012279,0.829872,0.010284,0.020559,0.10854
239_11_176_354,2,4,0.0198,0.175745,0.173666,0.138707,0.43357,0.026153,0.032359
239_12_1318_1624,3,3,0.004104,0.005312,0.006269,0.924772,0.005594,0.008467,0.045482
239_12_2586_2692,3,3,0.00801,0.011461,0.011327,0.858436,0.018491,0.006701,0.085573
239_12_889_988,3,3,0.012904,0.014901,0.008703,0.794922,0.018148,0.011552,0.138869
239_11_517_889,1,1,0.128364,0.397601,0.090918,0.188087,0.031772,0.136805,0.026453
239_11_988_1099,5,5,0.03958,0.121031,0.056277,0.130181,0.020327,0.466106,0.166498
239_12_354_517,3,3,0.006663,0.024275,0.04176,0.786539,0.04533,0.01917,0.076262
239_12_31_74,3,3,0.00397,0.005554,0.026162,0.889501,0.010638,0.010093,0.054083
239_12_2102_2134,3,3,0.017038,0.070033,0.069248,0.547863,0.120719,0.052917,0.122182
240_11_97_135,3,3,0.0097,0.03039,0.017156,0.885943,0.005187,0.023147,0.028478
240_11_1269_1322,3,3,0.015305,0.029859,0.064417,0.652126,0.022226,0.076449,0.139618
240_12_238_302,3,3,0.014918,0.000717,0.010487,0.865505,0.007656,0.097122,0.003595
240_12_1396_1514,3,3,0.003501,0.000714,0.01442,0.959302,0.004197,0.012813,0.005053
240_12_876_948,3,3,0.021259,0.015518,0.01058,0.832632,0.003517,0.109348,0.007145
240_11_948_1035,3,3,0.007137,0.005618,0.013735,0.887792,0.009339,0.013962,0.062417
240_11_193_238,3,3,0.005902,0.010001,0.006215,0.943157,0.004404,0.014378,0.015942
240_12_527_657,3,3,0.001987,0.000971,0.019181,0.954514,0.005395,0.010806,0.007145
240_12_1097_1177,1,3,0.008314,0.010341,0.006958,0.821007,0.006084,0.029919,0.117376
240_12_135_193,3,3,0.071239,0.021065,0.041853,0.700158,0.011338,0.145259,0.009088
240_11_302_353,3,3,0.005578,0.001892,0.010316,0.8573,0.009052,0.106851,0.009012
240_11_414_527,3,3,0.007682,0.00634,0.00173,0.959833,0.003235,0.011683,0.009497
240_12_31_97,5,3,0.031034,0.012891,0.02365,0.659344,0.010286,0.199701,0.063094
240_11_1514_1547,3,3,0.005218,0.009532,0.014418,0.909942,0.008146,0.032671,0.020073
240_12_1224_1269,3,3,0.004295,0.003542,0.006652,0.952584,0.002937,0.012886,0.017104
240_11_792_876,3,3,0.069628,0.205283,0.013325,0.531351,0.031849,0.117598,0.030968
240_11_1187_1213,3,3,0.012943,0.048425,0.053438,0.540332,0.035442,0.044215,0.265204
240_11_657_697,3,3,0.046258,0.058125,0.051445,0.65232,0.020451,0.010753,0.160647
240_12_697_792,1,3,0.005666,0.00613,0.009974,0.938287,0.005082,0.018378,0.016483
240_12_353_414,3,3,0.020873,0.032704,0.034853,0.701105,0.020668,0.174081,0.015716
363_19_31_166,3,3,0.015965,0.007691,0.015395,0.797388,0.02996,0.093345,0.040255
363_19_1035_1196,3,3,0.022921,0.020247,0.018691,0.691216,0.050723,0.13767,0.058531
363_20_180_266,3,3,0.033154,0.038032,0.032585,0.630228,0.047172,0.063132,0.155698
363_20_1425_1579,4,3,0.014895,0.02266,0.015592,0.59357,0.030934,0.034981,0.287368
363_20_916_1027,3,3,0.004354,0.007363,0.036324,0.894393,0.013607,0.032776,0.011183
363_19_1300_1406,4,1,0.072751,0.396134,0.074098,0.030366,0.252677,0.033678,0.140296
363_19_540_664,3,6,0.039878,0.246527,0.031389,0.217535,0.047713,0.072103,0.344855
363_19_275_338,3,3,0.008408,0.001324,0.003741,0.947598,0.007146,0.00799,0.023793
363_20_356_530,3,3,0.033682,0.133963,0.016541,0.42564,0.166485,0.156862,0.066826
363_20_1204_1293,4,5,0.009131,0.065179,0.125476,0.058703,0.33349,0.34502,0.063002
363_19_816_904,3,3,0.028599,0.023692,0.016425,0.505668,0.010488,0.401958,0.013171
363_20_683_812,3,3,0.032274,0.113399,0.014748,0.41475,0.309291,0.030846,0.084691
363_19_1588_1631,3,3,0.0072,0.002261,0.01158,0.848617,0.026768,0.07975,0.023825
364_19_31_137,1,3,0.079051,0.069308,0.038022,0.547517,0.036684,0.170367,0.059051
364_19_1260_1406,3,6,0.017461,0.073453,0.02754,0.387053,0.06103,0.031334,0.402129
364_20_1129_1249,4,6,0.067695,0.167554,0.045896,0.116676,0.061573,0.048217,0.492389
364_19_1599_1739,3,3,0.041418,0.075722,0.027258,0.435042,0.018911,0.147217,0.254433
364_20_163_353,1,0,0.426453,0.376115,0.007306,0.059132,0.058792,0.047129,0.025071
364_20_1753_1929,5,5,0.014899,0.015528,0.009374,0.233972,0.080658,0.615775,0.029794
364_20_1422_1592,5,5,0.062936,0.181618,0.042027,0.092528,0.154889,0.371907,0.094095
364_20_898_1004,1,5,0.012668,0.024768,0.011899,0.02668,0.019999,0.881207,0.022779
364_20_488_639,1,1,0.312963,0.351077,0.015917,0.056447,0.044957,0.199524,0.019115
364_19_1013_1122,1,1,0.026966,0.441627,0.023171,0.29717,0.127857,0.026512,0.056698
364_19_375_462,1,5,0.052102,0.238639,0.040532,0.184517,0.164064,0.248607,0.071539
364_19_758_889,3,3,0.015318,0.052477,0.015748,0.725839,0.042954,0.013769,0.133896
364_19_642_681,3,3,0.099386,0.091209,0.011247,0.67494,0.021428,0.058497,0.043294
364_20_695_756,5,3,0.011659,0.053097,0.02772,0.667408,0.056346,0.091013,0.092756
364_19_1936_2034,3,3,0.022732,0.075499,0.010641,0.626356,0.012655,0.022113,0.230004
365_19_31_194,4,4,0.023925,0.252892,0.087188,0.012844,0.581442,0.021715,0.019994
365_19_1268_1404,1,1,0.145517,0.530502,0.022332,0.05265,0.076008,0.094648,0.078343
365_20_1160_1255,5,3,0.04019,0.045375,0.027172,0.498601,0.033939,0.316342,0.03838
365_20_1651_1725,6,3,0.061984,0.054616,0.040234,0.48018,0.016036,0.117757,0.229192
365_20_232_294,6,6,0.068367,0.200099,0.185559,0.130391,0.128551,0.079868,0.207165
365_20_1415_1516,1,3,0.125711,0.243595,0.043806,0.309224,0.09513,0.04209,0.140444
365_19_865_1143,1,1,0.105426,0.468318,0.14518,0.021875,0.159826,0.055999,0.043376
365_20_503_621,1,3,0.116259,0.172602,0.050301,0.269865,0.102041,0.044347,0.244585
365_19_1745_1793,4,4,0.021312,0.155571,0.046079,0.052016,0.548659,0.010055,0.166308
365_19_326_484,4,4,0.033767,0.160946,0.135823,0.038047,0.574136,0.028989,0.028292
365_19_1529_1645,1,1,0.096647,0.526312,0.033329,0.030131,0.221386,0.009089,0.083105
365_20_792_857,1,1,0.152501,0.439923,0.065632,0.060182,0.170857,0.029753,0.081152
365_19_648_766,1,1,0.294789,0.48261,0.04396,0.014842,0.082127,0.06148,0.020192
367_20_31_143,5,3,0.011091,0.015462,0.033086,0.643899,0.032154,0.159003,0.105305
367_19_1102_1408,6,6,0.019575,0.056473,0.024018,0.344635,0.043166,0.012259,0.499875
367_19_158_290,3,3,0.043201,0.03356,0.028362,0.601049,0.048186,0.133164,0.112477
367_20_1418_1485,3,3,0.014382,0.011733,0.023993,0.849559,0.03731,0.02351,0.039513
367_19_927_977,6,3,0.023384,0.031911,0.027954,0.685051,0.04975,0.04064,0.14131
367_20_535_697,6,3,0.033758,0.041637,0.018638,0.64212,0.0335,0.186912,0.043435
367_20_303_417,3,3,0.01703,0.009187,0.006322,0.875196,0.013549,0.014469,0.064247
367_20_996_1082,6,3,0.008449,0.007852,0.022608,0.83232,0.034928,0.012386,0.081457
367_19_436_524,5,5,0.201904,0.150989,0.03031,0.186567,0.053386,0.268823,0.108021
367_20_811_909,6,3,0.021025,0.019771,0.009391,0.695832,0.009197,0.018939,0.225845
367_19_718_797,3,6,0.02488,0.057656,0.083131,0.276059,0.049115,0.137305,0.371853
368_19_1030_1302,1,0,0.539731,0.332416,0.014168,0.050686,0.02218,0.020786,0.020033
368_20_1582_1685,2,4,0.01725,0.104813,0.11527,0.178731,0.502503,0.032208,0.049225
368_19_216_284,1,5,0.177474,0.154826,0.088254,0.027222,0.050655,0.445274,0.056295
368_19_1443_1566,1,0,0.510486,0.324432,0.019261,0.023183,0.050862,0.041799,0.029977
368_20_777_988,4,5,0.244183,0.143472,0.043475,0.03181,0.04488,0.476333,0.015847
368_20_1308_1417,6,4,0.040975,0.300451,0.118393,0.058353,0.323396,0.035717,0.122716
368_19_541_765,1,1,0.241157,0.411177,0.024667,0.075845,0.071414,0.119478,0.056262
368_20_305_516,5,5,0.049579,0.226877,0.100768,0.038916,0.18189,0.332477,0.069493
368_20_139_180,5,4,0.0194,0.108761,0.074831,0.026114,0.3931,0.331743,0.04605
369_19_31_179,3,3,0.02588,0.070179,0.043808,0.463495,0.05945,0.055544,0.281645
369_20_1271_1357,3,3,0.009299,0.012769,0.014456,0.866883,0.015139,0.019299,0.062154
369_19_899_1076,3,3,0.033256,0.03813,0.014567,0.619093,0.026543,0.033001,0.235411
369_20_182_253,3,3,0.013008,0.007349,0.020354,0.865878,0.027686,0.021035,0.04469
369_20_364_621,3,3,0.015033,0.02671,0.023479,0.773594,0.035349,0.017866,0.107968
369_20_1089_1181,3,3,0.006909,0.001916,0.003858,0.945374,0.011119,0.020802,0.010022
369_19_257_355,3,1,0.032805,0.477402,0.024055,0.130985,0.11381,0.064484,0.156458
369_19_1195_1263,3,3,0.08929,0.166768,0.091903,0.264955,0.071398,0.094851,0.220835
369_20_734_884,3,3,0.021308,0.031335,0.015525,0.792702,0.028618,0.032721,0.077791
369_19_647_721,3,6,0.026419,0.085061,0.013437,0.390083,0.032141,0.060659,0.3922
370_20_98_307,2,5,0.015089,0.05458,0.039452,0.082427,0.287498,0.467036,0.053918
370_20_1281_1316,4,4,0.019523,0.143256,0.030846,0.171756,0.321283,0.016761,0.296576
370_19_1348_1474,6,6,0.024279,0.138044,0.101186,0.230756,0.120966,0.020241,0.364528
370_19_797_1008,6,4,0.031905,0.100593,0.060818,0.169828,0.474219,0.011525,0.151112
370_20_1020_1180,4,4,0.010002,0.040542,0.009823,0.051832,0.838461,0.012129,0.03721
370_19_323_404,6,6,0.027635,0.188411,0.023463,0.084047,0.206404,0.024581,0.445461
370_20_603_770,1,3,0.036508,0.168388,0.028689,0.283544,0.149589,0.060745,0.272537
370_19_31_85,2,6,0.033165,0.081779,0.104869,0.157142,0.108965,0.123252,0.390828
370_20_429_473,1,1,0.220178,0.491823,0.018571,0.104329,0.046606,0.042793,0.0757
370_20_1494_1582,3,4,0.019332,0.086162,0.070109,0.136033,0.486446,0.043657,0.158261
370_19_1188_1271,4,1,0.043761,0.467951,0.027737,0.040545,0.293452,0.01285,0.113704
370_19_490_587,4,4,0.016371,0.17995,0.051341,0.031882,0.61246,0.022188,0.085809
373_20_94_153,6,3,0.015617,0.040572,0.03939,0.524175,0.144585,0.022409,0.213252
373_19_1142_1287,0,0,0.565825,0.150517,0.023001,0.060854,0.042944,0.126363,0.030497
373_19_167_348,5,5,0.163746,0.156332,0.049578,0.040935,0.034649,0.536627,0.018132
373_19_748_1028,1,1,0.242157,0.275998,0.110316,0.125586,0.047667,0.069131,0.129146
373_20_1297_1396,1,3,0.256923,0.137854,0.038762,0.278766,0.047567,0.059354,0.180774
373_20_558_715,6,3,0.040453,0.220562,0.070121,0.226077,0.217717,0.100218,0.12485
373_20_1049_1125,1,1,0.237463,0.460616,0.035304,0.050837,0.142136,0.023565,0.05008
373_19_469_525,0,0,0.632204,0.157932,0.016538,0.020041,0.009353,0.145944,0.017989
373_19_31_81,6,6,0.051821,0.040632,0.067352,0.207864,0.133281,0.147784,0.351265
373_20_370_448,1,4,0.04725,0.284788,0.069217,0.05466,0.409139,0.10649,0.028455
375_19_31_143,3,3,0.021249,0.005289,0.005807,0.475611,0.007705,0.452186,0.032152
375_20_762_845,6,6,0.021614,0.097664,0.013577,0.158103,0.074805,0.012589,0.621649
375_20_956_1067,6,3,0.026805,0.073045,0.031216,0.502968,0.051967,0.032907,0.281092
375_19_234_337,3,6,0.096571,0.177271,0.032485,0.147503,0.085337,0.122748,0.338084
375_20_362_447,3,3,0.015649,0.029863,0.008209,0.540441,0.014749,0.027517,0.363572
375_19_639_739,6,1,0.229102,0.353644,0.109887,0.039715,0.105835,0.072674,0.089143
375_19_857_943,3,5,0.037724,0.027496,0.014962,0.099769,0.018592,0.777489,0.023967
375_20_153_218,3,3,0.042737,0.024694,0.025556,0.679702,0.035345,0.112902,0.079063
375_20_548_622,2,1,0.051415,0.500667,0.084916,0.067644,0.208016,0.013097,0.074245
375_19_450_527,3,3,0.021857,0.041253,0.110178,0.342114,0.056141,0.298564,0.129893
376_19_31_132,3,6,0.028531,0.211374,0.189217,0.11353,0.130452,0.083706,0.24319
376_20_1096_1328,3,3,0.012684,0.018089,0.015629,0.587981,0.025525,0.010295,0.329798
376_20_161_360,2,6,0.01538,0.136789,0.059014,0.246582,0.114924,0.017941,0.40937
376_20_1417_1620,3,3,0.022271,0.048926,0.040613,0.471485,0.050149,0.059178,0.307378
376_19_885_1079,3,3,0.031212,0.09018,0.060886,0.515222,0.076998,0.031804,0.193698
376_19_1348_1404,6,3,0.018823,0.04304,0.056292,0.424275,0.033584,0.119624,0.304362
376_20_454_657,6,3,0.038407,0.055337,0.025232,0.527468,0.097446,0.030849,0.225261
376_19_377_441,6,5,0.090176,0.073656,0.063585,0.190871,0.036698,0.349,0.196013
376_20_757_858,3,3,0.029704,0.048001,0.051153,0.513381,0.041274,0.016156,0.300331
376_19_680_744,3,3,0.025115,0.022653,0.044544,0.616052,0.073152,0.088939,0.129546
376_19_1635_1675,3,3,0.026257,0.024516,0.020684,0.666571,0.0362,0.020266,0.205506
378_20_102_202,6,5,0.010777,0.025677,0.013306,0.008099,0.061012,0.868344,0.012785
378_20_1141_1305,5,5,0.033291,0.078177,0.114835,0.029591,0.246718,0.485369,0.01202
378_19_229_327,2,6,0.016366,0.075829,0.131226,0.181277,0.274052,0.016748,0.304502
378_20_1690_1939,6,4,0.028945,0.092956,0.032139,0.278483,0.460203,0.045387,0.061887
378_20_1419_1563,6,4,0.05273,0.176692,0.038033,0.157835,0.431759,0.050121,0.09283
378_20_838_982,6,4,0.05971,0.135929,0.034157,0.030947,0.616462,0.082361,0.040435
378_19_1331_1406,4,4,0.028866,0.146719,0.09752,0.072654,0.523816,0.011156,0.119269
378_19_530_803,1,4,0.026597,0.150461,0.036307,0.062821,0.684839,0.014129,0.024846
378_19_1001_1130,2,2,0.014244,0.353751,0.396717,0.031136,0.079161,0.033284,0.091707
378_20_337_499,5,5,0.009373,0.045452,0.032584,0.010752,0.22293,0.643705,0.035205
378_19_31_89,6,6,0.037183,0.053049,0.062489,0.105435,0.18097,0.184996,0.375877
378_19_1593_1667,6,3,0.035412,0.060726,0.020398,0.660941,0.059496,0.029316,0.133711
378_19_1965_2026,6,4,0.073852,0.161985,0.024383,0.129323,0.484931,0.018449,0.107077
380_19_1296_1480,1,1,0.035708,0.71077,0.025437,0.048586,0.077991,0.037701,0.063807
380_20_1154_1278,0,5,0.004178,0.027845,0.016236,0.019894,0.045416,0.878429,0.008003
380_20_1498_1696,2,4,0.076254,0.201845,0.034094,0.02897,0.592081,0.033967,0.032789
380_20_131_288,1,4,0.051908,0.144142,0.035518,0.142134,0.441338,0.173494,0.011466
380_19_1710_1864,6,5,0.02915,0.125085,0.06292,0.051776,0.097858,0.614555,0.018658
380_20_785_955,1,1,0.21048,0.332885,0.038873,0.148821,0.09488,0.098868,0.075194
380_20_447_642,1,4,0.015226,0.21577,0.041891,0.086715,0.523411,0.068349,0.048637
380_19_985_1136,6,1,0.047035,0.371787,0.135625,0.085608,0.111381,0.067056,0.181508
380_19_31_109,3,6,0.038009,0.090185,0.056135,0.204555,0.160114,0.063049,0.387955
380_19_666_754,6,4,0.019551,0.259219,0.052665,0.139309,0.290376,0.017657,0.221222
380_19_339_428,6,1,0.022993,0.383965,0.062503,0.17374,0.143916,0.046266,0.166617
381_19_1278_1595,3,5,0.027498,0.063228,0.016891,0.251243,0.068483,0.492401,0.080256
381_20_1084_1256,3,3,0.024091,0.052839,0.01955,0.46648,0.265706,0.071183,0.100151
381_20_1607_1689,2,3,0.054869,0.124259,0.022242,0.338216,0.239241,0.06033,0.160843
381_20_141_344,3,3,0.014866,0.043638,0.039152,0.753325,0.061516,0.061008,0.026494
381_19_1695_1821,3,3,0.022973,0.040416,0.020932,0.549277,0.013769,0.040286,0.312348
381_19_711_1066,3,3,0.04282,0.05089,0.038861,0.481925,0.095348,0.231376,0.05878
381_20_462_696,2,4,0.013009,0.140295,0.035738,0.150105,0.551799,0.057176,0.051879
381_19_31_119,3,3,0.121324,0.078041,0.023494,0.434336,0.032395,0.257439,0.052971
381_20_1837_1948,3,5,0.025694,0.071569,0.030216,0.350485,0.065724,0.399264,0.057048
381_19_362_425,3,3,0.026392,0.034771,0.026008,0.733504,0.021961,0.112778,0.044586
382_20_85_193,6,3,0.016377,0.054227,0.046786,0.485226,0.059981,0.130139,0.207264
382_20_1161_1280,3,3,0.012385,0.011916,0.011282,0.830906,0.05455,0.010003,0.068959
382_19_210_423,5,1,0.060108,0.320949,0.018161,0.122294,0.044774,0.309968,0.123746
382_20_1726_1809,3,3,0.009234,0.013721,0.022145,0.621068,0.032101,0.254533,0.047198
382_19_1315_1490,6,1,0.02646,0.397904,0.04302,0.206192,0.134103,0.014301,0.178021
382_20_722_1063,3,3,0.012093,0.01268,0.015104,0.781569,0.05774,0.035329,0.085486
382_19_523_699,5,5,0.015724,0.100756,0.025167,0.161009,0.021793,0.547544,0.128006
382_19_1079_1146,3,3,0.012244,0.012995,0.024676,0.616063,0.022281,0.268677,0.043063
382_20_442_511,6,3,0.015802,0.055039,0.016789,0.545785,0.098106,0.059287,0.209194
382_19_31_76,6,3,0.022872,0.015107,0.03047,0.441153,0.020984,0.362055,0.10736
382_20_1506_1675,3,3,0.013191,0.022646,0.050198,0.698257,0.068325,0.047695,0.099688
382_19_1683_1716,3,3,0.022346,0.029867,0.02623,0.650922,0.065692,0.036296,0.168648
385_20_109_171,2,5,0.083153,0.186215,0.051107,0.025691,0.027817,0.582271,0.043746
385_20_1049_1311,2,1,0.336001,0.43433,0.024887,0.063122,0.080265,0.02377,0.037624
385_20_243_392,5,5,0.009771,0.004797,0.026373,0.047198,0.008102,0.899853,0.003905
385_19_1343_1478,0,0,0.40379,0.386723,0.10457,0.007796,0.053454,0.029482,0.014184
385_20_904_972,2,0,0.475624,0.314653,0.023188,0.031551,0.056093,0.019842,0.079048
385_19_185_236,2,1,0.117101,0.593966,0.067622,0.02421,0.094724,0.028196,0.074181
385_19_442_610,0,1,0.100247,0.520025,0.219612,0.050298,0.034133,0.04163,0.034055
385_20_620_820,0,0,0.557058,0.289377,0.025425,0.028806,0.026277,0.034028,0.039029
385_19_31_80,2,1,0.118326,0.543222,0.141039,0.029287,0.060276,0.069478,0.038372
385_20_1486_1647,0,0,0.47738,0.247647,0.065607,0.016022,0.031325,0.125217,0.036802
385_19_832_892,2,1,0.18275,0.523176,0.136085,0.008965,0.104076,0.017202,0.027746
385_19_993_1029,2,1,0.119658,0.424624,0.114281,0.013109,0.058749,0.241019,0.02856
386_19_31_163,3,3,0.037222,0.121485,0.052755,0.515812,0.014851,0.160341,0.097534
386_20_1176_1442,5,5,0.048491,0.099508,0.030936,0.21795,0.062278,0.291409,0.249428
386_20_1586_1924,6,3,0.031744,0.042214,0.019111,0.577405,0.088148,0.111511,0.129868
386_20_171_289,5,3,0.020858,0.02635,0.017716,0.382853,0.04329,0.364579,0.144354
386_19_1455_1575,3,6,0.022183,0.258622,0.042399,0.07027,0.108173,0.098508,0.399845
386_20_872_953,5,5,0.005233,0.007409,0.006447,0.161927,0.010308,0.799003,0.009672
386_20_441_658,5,5,0.018933,0.050721,0.014249,0.252222,0.063252,0.534419,0.066204
386_19_965_1162,3,3,0.02742,0.066552,0.028628,0.585264,0.013759,0.206905,0.071471
386_19_308_425,3,5,0.051302,0.295748,0.097742,0.128626,0.027024,0.309661,0.089896
386_19_681_862,3,6,0.017255,0.144071,0.097136,0.286282,0.022867,0.07092,0.361468
387_20_110_159,1,3,0.023468,0.051174,0.024947,0.569974,0.053539,0.022344,0.254554
387_20_252_283,5,5,0.059809,0.083709,0.051283,0.089681,0.016865,0.550573,0.14808
387_20_1302_1461,0,3,0.120299,0.114237,0.048543,0.420137,0.056459,0.148167,0.092158
387_19_833_964,0,5,0.238129,0.201853,0.040909,0.061753,0.035013,0.298128,0.124215
387_19_192_245,0,1,0.333607,0.512992,0.061381,0.012499,0.019185,0.039185,0.02115
387_20_574_827,1,5,0.085982,0.154823,0.034003,0.103369,0.10795,0.3295,0.184372
387_20_970_1180,0,5,0.032948,0.017011,0.059373,0.043306,0.044734,0.799929,0.002699
387_19_292_560,0,0,0.60054,0.210094,0.019906,0.014312,0.018106,0.113505,0.023537
387_19_31_89,5,5,0.054327,0.049527,0.046289,0.108529,0.009797,0.66044,0.071091
387_19_1189_1295,0,0,0.49387,0.27637,0.050837,0.067384,0.012329,0.052815,0.046394
388_20_117_377,6,4,0.016741,0.060043,0.029524,0.135746,0.336976,0.289198,0.131771
388_19_1231_1427,3,3,0.037692,0.35199,0.04494,0.478676,0.038609,0.026439,0.021653
388_20_967_1212,1,4,0.040527,0.081243,0.029841,0.199583,0.261207,0.147407,0.240192
388_19_1631_1689,3,1,0.027918,0.481249,0.091075,0.233591,0.063838,0.033146,0.069183
388_20_1431_1615,6,3,0.02795,0.045781,0.014542,0.722835,0.060341,0.028817,0.099733
388_19_887_955,3,1,0.070709,0.533303,0.024339,0.228373,0.02015,0.018793,0.104333
388_19_534_638,3,3,0.011281,0.09394,0.025312,0.794818,0.015078,0.012401,0.047171
388_19_31_104,6,6,0.028525,0.089246,0.079074,0.069026,0.021807,0.332485,0.379837
388_19_390_470,5,1,0.040178,0.393606,0.025735,0.217559,0.036216,0.23193,0.054776
388_20_648_869,6,3,0.023357,0.152477,0.038585,0.358477,0.260887,0.075577,0.090641
388_20_480_521,5,5,0.004825,0.013077,0.012434,0.05249,0.02209,0.835838,0.059247
389_20_78_336,3,4,0.014603,0.101111,0.023018,0.033016,0.433933,0.342069,0.052251
389_19_1280_1472,4,4,0.03258,0.293162,0.039189,0.047109,0.498608,0.029621,0.059732
389_20_1150_1255,5,5,0.005764,0.009173,0.017241,0.038926,0.022396,0.879733,0.026766
389_20_795_1021,6,3,0.040822,0.073808,0.007808,0.36964,0.282821,0.038573,0.186529
389_19_1038_1134,4,1,0.053362,0.565009,0.060637,0.034202,0.237049,0.018053,0.031687
389_19_1695_1794,4,1,0.26,0.307371,0.023578,0.180949,0.060494,0.097573,0.070035
389_19_607_788,4,1,0.194996,0.505843,0.017111,0.040774,0.166712,0.029939,0.044624
389_19_366_491,4,4,0.016666,0.148663,0.070959,0.036178,0.565643,0.068206,0.093685
389_19_31_65,5,5,0.060514,0.122587,0.11506,0.066206,0.062169,0.320409,0.253056
389_20_1507_1673,5,4,0.094739,0.138943,0.03195,0.117885,0.357656,0.081048,0.177781
389_20_503_575,4,1,0.173725,0.424844,0.012905,0.03248,0.289706,0.017937,0.048403
391_20_31_131,3,3,0.065536,0.084794,0.039448,0.48188,0.041617,0.050317,0.236409
391_19_1270_1497,6,3,0.023986,0.021651,0.014976,0.824473,0.030229,0.009617,0.075068
391_20_1153_1250,3,3,0.015595,0.03457,0.013521,0.696048,0.056793,0.014593,0.16888
391_19_1600_1770,1,3,0.022393,0.089336,0.02755,0.662123,0.109521,0.010069,0.079008
391_19_149_364,1,6,0.024863,0.14208,0.069792,0.19417,0.106209,0.049997,0.412889
391_20_1775_1817,3,3,0.019325,0.020703,0.014291,0.840221,0.02387,0.029754,0.051836
391_20_762_940,4,3,0.013383,0.029331,0.04683,0.535768,0.212162,0.126809,0.035717
391_19_580_722,6,1,0.093782,0.238473,0.054055,0.189334,0.13992,0.070839,0.213596
391_19_958_1144,5,4,0.010379,0.256141,0.150103,0.078653,0.381064,0.017528,0.106132
391_20_373_557,4,4,0.011773,0.088775,0.156049,0.177849,0.479967,0.037802,0.047784
391_20_1501_1583,3,3,0.005185,0.001099,0.00604,0.963806,0.00665,0.008276,0.008944
393_19_1204_1330,4,0,0.504492,0.245532,0.019237,0.119479,0.047955,0.032761,0.030544
393_20_1335_1597,3,3,0.007692,0.006312,0.012104,0.914387,0.019499,0.03353,0.006475
393_19_842_972,4,1,0.181637,0.565741,0.023712,0.044905,0.039073,0.113891,0.031041
393_20_131_235,4,4,0.030836,0.256173,0.03164,0.037341,0.570782,0.00602,0.067208
393_19_528_695,2,1,0.072156,0.528606,0.053025,0.114105,0.074184,0.06059,0.097335
393_20_984_1178,4,4,0.027806,0.362589,0.012998,0.012846,0.567109,0.006778,0.009875
393_19_260_402,2,3,0.044251,0.109314,0.07268,0.414835,0.080179,0.101522,0.177219
393_20_423_498,3,4,0.024814,0.190512,0.037057,0.039959,0.61974,0.018343,0.069575
393_19_31_99,3,3,0.011205,0.040205,0.040558,0.74396,0.014822,0.04087,0.10838
393_20_713_819,4,4,0.01253,0.162872,0.11393,0.031912,0.609838,0.009126,0.059791
394_19_31_134,3,3,0.026435,0.098766,0.084958,0.307585,0.05068,0.130531,0.301046
394_19_1229_1308,0,4,0.022397,0.341234,0.032628,0.03302,0.460044,0.012869,0.097809
394_20_961_1210,0,3,0.015891,0.053641,0.023967,0.513037,0.211071,0.091893,0.0905
394_19_1458_1499,3,3,0.037525,0.091599,0.016131,0.618967,0.074501,0.016064,0.145213
394_19_743_959,1,1,0.053379,0.203287,0.110019,0.177262,0.202496,0.111569,0.141988
394_20_142_241,4,3,0.031302,0.059475,0.031917,0.571984,0.102422,0.025033,0.177866
394_20_1330_1445,0,4,0.022438,0.183293,0.02797,0.061304,0.636466,0.01019,0.058338
394_19_466_592,1,4,0.038859,0.291038,0.095089,0.048057,0.324729,0.039772,0.162456
394_19_270_342,3,3,0.013486,0.075034,0.051324,0.707168,0.061243,0.007616,0.084129
394_20_594_726,1,4,0.01505,0.082151,0.067004,0.25934,0.396822,0.045363,0.134271
394_20_351_445,4,3,0.029879,0.115376,0.026857,0.544714,0.047837,0.089219,0.146119
395_20_101_319,1,1,0.065758,0.30984,0.04147,0.201971,0.10372,0.121413,0.155828
395_19_1181_1294,6,5,0.057801,0.124391,0.165096,0.114141,0.138384,0.269052,0.131135
395_19_908_1034,1,2,0.010462,0.121117,0.393692,0.077831,0.086133,0.065275,0.24549
395_20_1301_1420,4,3,0.051401,0.051751,0.022941,0.520165,0.118844,0.052177,0.182723
395_20_1038_1164,4,5,0.050937,0.143972,0.111877,0.127055,0.206363,0.289183,0.070613
395_19_621_809,4,6,0.04192,0.152157,0.161291,0.030645,0.210416,0.080858,0.322714
395_20_462_581,5,5,0.057306,0.107079,0.113454,0.14771,0.195801,0.306435,0.072217
395_19_31_91,1,6,0.070206,0.089928,0.062331,0.190818,0.117694,0.143147,0.325876
395_19_335_449,4,4,0.035655,0.156579,0.263022,0.036944,0.298321,0.042736,0.166743
395_20_816_863,4,2,0.018242,0.041996,0.56365,0.030622,0.103763,0.184643,0.057083
398_20_1223_1306,1,3,0.125646,0.085319,0.01723,0.565979,0.08359,0.028636,0.0936
398_20_119_291,5,3,0.015273,0.014601,0.014292,0.44468,0.052405,0.377675,0.081074
398_19_1149_1203,3,3,0.038272,0.100339,0.066728,0.442254,0.033493,0.140509,0.178405
398_20_739_928,5,5,0.007471,0.006045,0.008675,0.170786,0.034944,0.759178,0.012901
398_19_31_109,3,6,0.017447,0.124777,0.115687,0.190906,0.036807,0.111614,0.402763
398_19_944_1013,3,3,0.030384,0.037736,0.039614,0.377455,0.074613,0.09761,0.342589
398_20_1025_1133,5,4,0.018566,0.089183,0.036716,0.139635,0.606753,0.063444,0.045702
398_19_393_506,3,3,0.053879,0.152115,0.069358,0.278292,0.017157,0.177137,0.252062
398_19_653_732,6,0,0.201298,0.167814,0.094584,0.11447,0.077728,0.166901,0.177205
398_20_520_632,5,5,0.004815,0.017204,0.016542,0.099924,0.040849,0.803657,0.017009
398_20_347_388,6,3,0.033921,0.037408,0.028676,0.389372,0.016951,0.36456,0.129112
398_19_300_332,1,6,0.025078,0.104616,0.042006,0.169213,0.050192,0.140789,0.468105
399_19_31_128,1,1,0.185235,0.522038,0.080211,0.041109,0.054061,0.028597,0.088749
399_19_1281_1337,1,5,0.025218,0.038932,0.021822,0.36282,0.033292,0.471051,0.046866
399_20_1063_1270,1,3,0.084624,0.094582,0.024074,0.558484,0.101342,0.042323,0.094571
399_20_136_291,1,3,0.149648,0.266557,0.022298,0.301052,0.05232,0.094971,0.113153
399_19_1445_1516,1,6,0.035504,0.060143,0.044054,0.281206,0.040738,0.10571,0.432645
399_19_846_1046,1,1,0.255292,0.570237,0.022049,0.021667,0.043576,0.04762,0.039559
399_20_1346_1430,1,3,0.016597,0.039866,0.014206,0.684864,0.044141,0.016693,0.183632
399_19_591_744,1,6,0.035502,0.094165,0.017733,0.151689,0.027568,0.322365,0.350977
399_19_316_423,1,6,0.043693,0.080109,0.040749,0.134681,0.018752,0.33106,0.350955
399_20_439_553,5,5,0.003705,0.010795,0.008963,0.02851,0.027161,0.914097,0.00677
399_20_753_823,5,5,0.010448,0.037932,0.045688,0.077111,0.090422,0.66576,0.072639
400_20_128_257,3,3,0.008606,0.004452,0.007989,0.820626,0.026973,0.065779,0.065574
400_20_1223_1496,1,1,0.131321,0.469525,0.006106,0.207479,0.067105,0.075454,0.043011
400_19_937_1210,0,1,0.328696,0.477585,0.012777,0.038856,0.016441,0.093695,0.03195
400_20_590_655,5,5,0.005993,0.012485,0.009117,0.013843,0.015742,0.937602,0.005217
400_19_272_342,3,6,0.02755,0.078178,0.023055,0.218195,0.017947,0.036248,0.598828
400_19_31_115,3,3,0.010236,0.019987,0.038589,0.783577,0.012449,0.037803,0.097359
400_20_361_471,5,5,0.00612,0.034233,0.02669,0.078147,0.128504,0.646254,0.080052
400_19_1500_1545,1,3,0.257541,0.247643,0.02147,0.326965,0.025411,0.086514,0.034457
400_19_667_823,0,1,0.252288,0.371521,0.016424,0.038974,0.017137,0.276366,0.027291
400_20_1555_1606,1,4,0.078703,0.189354,0.041518,0.222827,0.30011,0.123211,0.044278
400_19_478_585,1,1,0.036044,0.828808,0.017539,0.047097,0.024534,0.02052,0.025458
400_20_831_911,1,5,0.01787,0.049105,0.026312,0.067206,0.020856,0.795761,0.022889
601_31_31_245,6,6,0.025832,0.047335,0.034336,0.256752,0.045902,0.06552,0.524321
601_31_1237_1502,6,6,0.017651,0.043769,0.051202,0.140094,0.10498,0.031259,0.611046
601_32_1112_1229,6,6,0.021797,0.145131,0.207165,0.026443,0.054977,0.144042,0.400445
601_31_1609_1690,6,3,0.016903,0.020821,0.016572,0.654246,0.023948,0.023358,0.244153
601_32_252_348,6,3,0.022809,0.126385,0.02737,0.397743,0.043434,0.08024,0.302018
601_31_1821_1868,3,3,0.028876,0.012666,0.013118,0.771607,0.013937,0.015438,0.144357
601_32_1696_1811,3,3,0.034365,0.009241,0.010377,0.762111,0.015447,0.087595,0.080864
601_31_797_1072,6,4,0.029392,0.128407,0.182086,0.104304,0.338015,0.073036,0.14476
601_32_580_783,6,3,0.02484,0.021812,0.012284,0.838162,0.025209,0.047637,0.030057
601_31_379_570,6,6,0.014604,0.080966,0.060493,0.175494,0.05791,0.073393,0.53714
601_32_1525_1587,6,3,0.035764,0.02563,0.02103,0.467153,0.068279,0.022848,0.359297
601_32_1872_1930,6,6,0.032258,0.163349,0.017299,0.053455,0.031567,0.005239,0.696833
602_31_31_157,5,3,0.059253,0.044413,0.016997,0.446595,0.023634,0.316168,0.092939
602_32_1255_1471,5,3,0.027916,0.029762,0.018118,0.79315,0.024127,0.09935,0.007578
602_31_1023_1254,6,3,0.090675,0.262013,0.012529,0.429574,0.094541,0.01409,0.096578
602_32_1575_1765,6,3,0.061335,0.047426,0.00763,0.752861,0.021977,0.023684,0.085086
602_32_167_362,5,3,0.015545,0.023989,0.017179,0.591942,0.0306,0.309626,0.01112
602_31_1769_1994,5,3,0.031881,0.034967,0.020281,0.581676,0.061151,0.186115,0.083929
602_32_849_1004,5,6,0.028287,0.046002,0.011485,0.008851,0.026826,0.110297,0.768252
602_32_491_594,5,3,0.019209,0.041963,0.019195,0.702943,0.087425,0.10967,0.019595
602_31_611_836,6,3,0.051513,0.112583,0.010784,0.365837,0.110079,0.015473,0.333731
602_31_396_470,6,3,0.016813,0.041919,0.023061,0.404598,0.123974,0.030371,0.359263
602_31_1487_1562,5,5,0.025082,0.018351,0.019244,0.045063,0.011807,0.766283,0.11417
603_32_93_215,5,5,0.019674,0.003175,0.005889,0.029557,0.008932,0.906639,0.026135
603_32_1259_1518,5,6,0.078912,0.040028,0.017942,0.256376,0.142282,0.090732,0.373728
603_32_1869_2097,1,4,0.057448,0.158877,0.024118,0.010846,0.703751,0.013183,0.031778
603_31_1158_1251,6,3,0.032931,0.030367,0.046821,0.432413,0.025224,0.077098,0.355147
603_31_1523_1830,1,3,0.04422,0.112008,0.055008,0.385832,0.14859,0.12706,0.12728
603_31_244_407,6,3,0.017334,0.013295,0.02288,0.595285,0.052807,0.013345,0.285054
603_31_2145_2371,6,3,0.027075,0.026734,0.012588,0.688899,0.045244,0.018954,0.180508
603_32_901_1123,1,3,0.029928,0.073233,0.015527,0.55246,0.231956,0.035527,0.061368
603_32_599_688,1,4,0.017342,0.112493,0.124861,0.033161,0.553527,0.014601,0.144015
603_32_423_492,6,6,0.037942,0.075386,0.020643,0.111885,0.063297,0.013033,0.677814
603_31_31_79,5,5,0.020768,0.018899,0.03924,0.075546,0.016306,0.597626,0.231614
603_31_759_896,5,5,0.018945,0.008405,0.014702,0.364102,0.015303,0.556572,0.021972
603_31_506_562,5,6,0.179994,0.251195,0.039983,0.027863,0.049277,0.132315,0.319373
604_31_1270_1336,5,5,0.071405,0.076321,0.05373,0.289449,0.015479,0.389071,0.104545
604_32_1975_2050,6,1,0.370043,0.381744,0.035178,0.07983,0.060157,0.034455,0.038593
604_32_1118_1246,3,4,0.012441,0.087635,0.130823,0.325894,0.378599,0.015969,0.048639
604_31_1633_1938,6,3,0.019059,0.123055,0.018855,0.347655,0.25262,0.016065,0.22269
604_32_145_509,1,1,0.119853,0.313385,0.025004,0.092875,0.092272,0.221013,0.135598
604_32_1352_1591,5,1,0.212869,0.354795,0.045594,0.210055,0.038684,0.083033,0.05497
604_31_815_1087,6,6,0.017832,0.054817,0.014455,0.297602,0.122254,0.012117,0.480924
604_32_614_776,5,5,0.028284,0.050835,0.044424,0.041559,0.109982,0.619286,0.105631
604_31_31_120,6,4,0.025902,0.075576,0.034568,0.089097,0.692849,0.004304,0.077706
604_31_2073_2151,3,3,0.01619,0.017467,0.007099,0.655044,0.019902,0.006683,0.277614
604_31_527_589,6,4,0.010567,0.058183,0.03151,0.120558,0.516339,0.012204,0.250638
607_31_1144_1395,6,6,0.034138,0.211215,0.08811,0.255113,0.083792,0.027734,0.299897
607_32_1410_1767,6,3,0.063823,0.141597,0.013458,0.619076,0.027476,0.038731,0.095839
607_31_234_378,6,3,0.021654,0.096191,0.112019,0.365615,0.254044,0.023236,0.12724
607_31_1804_1865,6,3,0.008842,0.011136,0.013479,0.78071,0.078733,0.011946,0.095153
607_32_822_1122,3,3,0.056711,0.038548,0.029834,0.421551,0.01916,0.12599,0.308206
607_32_136_214,3,3,0.011486,0.007308,0.01404,0.882173,0.014747,0.019357,0.050889
607_32_403_725,6,6,0.117712,0.146264,0.045055,0.190457,0.115411,0.084705,0.300397
607_31_31_116,6,3,0.025921,0.011333,0.009487,0.756626,0.007922,0.103648,0.085064
607_31_751_821,1,1,0.038866,0.400969,0.07566,0.090139,0.243261,0.010475,0.140631
608_31_2272_2714,6,3,0.164355,0.125663,0.022588,0.292592,0.058433,0.056877,0.279493
608_31_31_158,6,6,0.04236,0.145721,0.079079,0.134478,0.079378,0.113544,0.405439
608_32_1005_1264,6,5,0.138096,0.214377,0.084412,0.018588,0.054843,0.400851,0.088832
608_32_169_524,1,1,0.085252,0.438259,0.040082,0.006435,0.354152,0.015387,0.060432
608_32_2745_2987,5,5,0.067001,0.036721,0.041243,0.062307,0.028077,0.727681,0.036972
608_31_1297_1754,5,3,0.059995,0.085141,0.025263,0.384028,0.060972,0.017494,0.367106
608_31_576_981,5,6,0.057824,0.037918,0.018769,0.315249,0.038469,0.038379,0.493393
608_31_1860_2189,5,1,0.113704,0.227009,0.198454,0.054185,0.213873,0.082369,0.110406
608_32_1791_1839,6,5,0.041214,0.017096,0.036854,0.11052,0.011538,0.647633,0.135145
608_32_2222_2254,3,5,0.087848,0.106599,0.06244,0.072547,0.025535,0.49924,0.145791
610_31_31_216,4,4,0.043698,0.083101,0.050754,0.235321,0.473054,0.046045,0.068027
610_32_1191_1296,6,6,0.040421,0.272179,0.02334,0.033388,0.083189,0.096091,0.451391
610_31_2038_2300,6,4,0.036323,0.190135,0.041133,0.145325,0.351848,0.013506,0.221731
610_32_1678_1999,6,6,0.081679,0.163238,0.030218,0.134936,0.114239,0.084822,0.390868
610_31_1341_1651,1,4,0.024981,0.15317,0.045447,0.062632,0.621256,0.018167,0.074348
610_32_661_1008,0,1,0.335332,0.531076,0.018469,0.005776,0.070546,0.010846,0.027956
610_32_2301_2388,6,6,0.044662,0.135646,0.065512,0.29496,0.136919,0.026463,0.295838
610_31_480_644,4,4,0.034887,0.088602,0.133645,0.036179,0.599781,0.046257,0.060649
610_31_1103_1150,4,4,0.026482,0.204631,0.055276,0.027245,0.641716,0.012425,0.032225
610_32_266_446,6,4,0.069116,0.240947,0.022658,0.151755,0.391574,0.011618,0.112332
611_32_2166_2512,6,6,0.156667,0.097092,0.057218,0.183179,0.077631,0.04594,0.382274
611_31_31_131,5,3,0.018846,0.020494,0.02908,0.76348,0.042704,0.01913,0.106267
611_32_1202_1459,6,5,0.04394,0.012341,0.018812,0.416431,0.017448,0.447547,0.043481
611_31_1119_1202,1,4,0.030274,0.210439,0.061181,0.172041,0.369566,0.065408,0.09109
611_32_143_565,3,3,0.023601,0.023918,0.042902,0.537533,0.222749,0.030451,0.118847
611_32_2693_2846,6,3,0.026036,0.072636,0.214432,0.323268,0.060976,0.111978,0.190674
611_31_2554_2629,1,1,0.235997,0.302276,0.063652,0.124114,0.098209,0.068657,0.107095
611_32_765_1104,6,3,0.021785,0.036106,0.029785,0.746063,0.060587,0.065293,0.040382
611_31_2036_2149,6,6,0.126697,0.157551,0.044241,0.184544,0.090999,0.097927,0.298042
611_32_1523_2024,1,5,0.296826,0.106666,0.024667,0.126959,0.036307,0.352125,0.056451
611_31_581_758,1,3,0.016025,0.031737,0.027883,0.768561,0.048342,0.058825,0.048628
611_31_1469_1511,1,2,0.00908,0.082291,0.291419,0.285153,0.238993,0.007955,0.085108
613_32_2435_2720,4,1,0.268779,0.323945,0.044284,0.006016,0.322293,0.026674,0.008009
613_31_31_157,6,3,0.010132,0.006944,0.028264,0.787755,0.036156,0.033066,0.097682
613_31_837_1539,1,1,0.072198,0.329325,0.177925,0.042554,0.187372,0.029292,0.161334
613_32_185_415,6,4,0.017556,0.182374,0.180067,0.037458,0.527846,0.021707,0.032993
613_31_2762_3094,6,4,0.105624,0.159873,0.130551,0.071158,0.331537,0.021943,0.179315
613_32_3106_3234,6,4,0.035089,0.114853,0.235715,0.063449,0.462135,0.013542,0.075217
613_32_1649_2051,4,4,0.012352,0.135749,0.254816,0.040216,0.487824,0.02724,0.041803
613_31_457_629,6,3,0.027661,0.027718,0.016431,0.48913,0.073315,0.022215,0.34353
613_31_2089_2426,6,6,0.016673,0.136724,0.166505,0.072738,0.257067,0.020723,0.32957
613_32_658_808,2,4,0.038459,0.080259,0.115409,0.280022,0.300417,0.068365,0.117069
614_32_127_309,5,5,0.01722,0.03337,0.041624,0.132472,0.025744,0.520159,0.22941
614_31_1097_1388,1,3,0.02609,0.127811,0.046304,0.435985,0.210688,0.019238,0.133884
614_32_1955_2389,3,3,0.027514,0.040629,0.028891,0.747208,0.052652,0.047355,0.055751
614_32_1392_1725,3,3,0.018316,0.010666,0.006483,0.892056,0.010874,0.049985,0.011619
614_31_1775_1923,6,3,0.027556,0.033409,0.051283,0.411702,0.037018,0.060778,0.378254
614_31_661_996,6,6,0.048823,0.05103,0.015051,0.319875,0.031272,0.024715,0.509233
614_32_498_624,6,3,0.008668,0.02324,0.02126,0.873754,0.017067,0.013641,0.042368
614_32_1030_1091,6,5,0.033587,0.051536,0.068293,0.242664,0.039716,0.348683,0.215522
614_31_31_118,6,3,0.009427,0.026395,0.328049,0.387596,0.035285,0.06719,0.146058
614_31_338_447,6,4,0.021585,0.109728,0.201986,0.096486,0.302993,0.030627,0.236595
615_31_2407_2549,5,4,0.021973,0.087592,0.16387,0.241727,0.278635,0.028523,0.17768
615_31_31_194,2,3,0.045264,0.239544,0.101435,0.254077,0.092294,0.044932,0.222455
615_31_1013_1322,1,3,0.030266,0.100153,0.051234,0.40163,0.186495,0.024827,0.205396
615_31_1835_2189,2,6,0.031295,0.081357,0.091503,0.23773,0.246896,0.055017,0.256202
615_32_1338_1791,6,4,0.030922,0.149787,0.080763,0.021488,0.543588,0.026301,0.147151
615_32_198_316,6,3,0.017573,0.034928,0.058578,0.505651,0.105184,0.195656,0.08243
615_32_2208_2376,6,6,0.018952,0.099402,0.13033,0.201912,0.12796,0.113626,0.307818
615_32_2583_2686,6,6,0.035183,0.043822,0.032812,0.328287,0.067972,0.068097,0.423825
615_32_723_983,5,4,0.023331,0.141257,0.124031,0.03515,0.281118,0.218237,0.176876
615_31_354_714,6,6,0.028123,0.057926,0.053933,0.2971,0.134673,0.013728,0.414517
616_32_960_1322,6,3,0.016188,0.047761,0.028873,0.531194,0.307859,0.037845,0.03028
616_31_1905_2141,3,3,0.033052,0.026188,0.026505,0.750016,0.07149,0.014476,0.078273
616_32_1607_1838,3,3,0.012212,0.01344,0.00882,0.867281,0.039499,0.040364,0.018385
616_32_131_261,6,3,0.095164,0.080086,0.012822,0.604065,0.057058,0.04283,0.107975
616_31_1342_1576,3,3,0.010797,0.005615,0.009,0.92432,0.025856,0.012905,0.011508
616_32_2160_2241,6,3,0.020462,0.0253,0.013588,0.817247,0.044036,0.016644,0.062722
616_31_299_441,4,4,0.066126,0.221398,0.070466,0.138224,0.353009,0.065009,0.085768
616_31_608_920,2,6,0.030582,0.12104,0.059075,0.117398,0.294135,0.02017,0.3576
616_32_475_568,6,6,0.045315,0.093141,0.044518,0.243083,0.209822,0.070292,0.293829
616_31_31_104,5,3,0.036721,0.039558,0.032766,0.481851,0.056415,0.119905,0.232783
617_32_2025_2250,0,0,0.87836,0.05114,0.027804,0.001873,0.008167,0.025186,0.00747
617_32_1353_1782,1,5,0.029903,0.241254,0.135794,0.028905,0.117089,0.257477,0.189578
617_31_1802_1979,1,1,0.107861,0.377302,0.037427,0.118459,0.049665,0.048163,0.261123
617_31_31_122,6,6,0.04382,0.075536,0.048538,0.200374,0.059552,0.072387,0.499792
617_31_699_997,6,1,0.171404,0.349819,0.043131,0.108151,0.14051,0.036981,0.150003
617_32_572_684,1,4,0.040822,0.124765,0.092688,0.027324,0.268817,0.249336,0.196248
617_32_1043_1167,1,4,0.022752,0.122774,0.260132,0.039321,0.292863,0.023664,0.238495
617_32_136_197,5,6,0.025639,0.051849,0.06922,0.235565,0.039101,0.174268,0.404357
617_31_257_501,6,3,0.024476,0.06137,0.059823,0.556177,0.048822,0.021799,0.227532
617_31_1189_1207,6,6,0.015567,0.07873,0.027063,0.137594,0.058564,0.031053,0.65143
619_31_1190_1475,1,4,0.021668,0.16678,0.157504,0.051404,0.484769,0.031339,0.086536
619_32_2022_2142,2,4,0.013866,0.067756,0.216363,0.019068,0.613789,0.013329,0.055829
619_31_1668_1972,1,4,0.024785,0.098972,0.026153,0.03288,0.742248,0.007844,0.067119
619_32_157_425,4,4,0.043574,0.160383,0.174189,0.052164,0.432079,0.049456,0.088155
619_31_2206_2319,6,3,0.059193,0.10872,0.034068,0.421809,0.117621,0.008889,0.2497
619_32_813_1129,1,6,0.023389,0.123835,0.089618,0.094504,0.297497,0.033079,0.338078
619_31_499_791,2,4,0.030233,0.126679,0.115066,0.139697,0.345149,0.047404,0.195772
619_32_2336_2469,6,3,0.029873,0.031604,0.023201,0.509983,0.043692,0.040676,0.32097
619_31_31_116,1,6,0.129306,0.156342,0.164026,0.091575,0.033922,0.212027,0.212803
619_32_1540_1622,2,4,0.01405,0.083475,0.087825,0.018327,0.748166,0.013864,0.034292
621_31_31_204,3,3,0.043207,0.107724,0.048494,0.439103,0.079745,0.071674,0.210053
621_31_1226_1377,6,3,0.010945,0.002497,0.0076,0.874727,0.020816,0.016462,0.066953
621_31_1566_1791,6,6,0.020831,0.042716,0.019357,0.417008,0.041759,0.030176,0.428154
621_32_238_355,3,3,0.039278,0.005392,0.011629,0.891702,0.007602,0.034001,0.010396
621_32_1803_1842,6,3,0.035038,0.023632,0.022523,0.711391,0.017497,0.0689,0.121019
621_32_1401_1534,6,3,0.015382,0.007057,0.010002,0.93068,0.011906,0.010835,0.014137
621_31_933_1057,6,3,0.024465,0.042162,0.015121,0.734231,0.017893,0.038744,0.127383
621_32_514_904,3,3,0.016957,0.018588,0.01734,0.85221,0.021467,0.053991,0.019447
621_32_1079_1157,6,3,0.015975,0.011219,0.008393,0.876634,0.008549,0.016282,0.062949
621_31_387_492,5,5,0.018914,0.01615,0.022011,0.216756,0.026819,0.668516,0.030834
622_31_1769_2661,1,4,0.054883,0.114281,0.038084,0.014495,0.744954,0.005414,0.027888
622_31_31_246,4,4,0.016927,0.030517,0.08435,0.081888,0.737442,0.021043,0.027832
622_31_1065_1378,2,4,0.044172,0.120207,0.059689,0.093414,0.539335,0.050964,0.092219
622_32_2771_3180,6,1,0.070567,0.313108,0.123926,0.019769,0.29165,0.033763,0.147218
622_32_1394_1730,6,0,0.434961,0.324921,0.050103,0.020635,0.060126,0.059634,0.04962
622_31_3243_3487,1,4,0.025648,0.090892,0.016249,0.02761,0.81767,0.011458,0.010474
622_32_775_1029,1,1,0.240948,0.287675,0.035767,0.049267,0.164994,0.014413,0.206936
622_31_497_748,1,4,0.022154,0.089451,0.040223,0.009923,0.807214,0.007034,0.024001
622_32_3513_3624,6,4,0.02767,0.102765,0.090081,0.051901,0.580644,0.013397,0.133541
622_32_271_460,1,0,0.820412,0.069208,0.018882,0.010359,0.014337,0.055756,0.011047
623_31_2466_2771,0,0,0.87829,0.051027,0.010707,0.009751,0.006562,0.036752,0.006912
623_31_31_168,1,1,0.114451,0.217897,0.153385,0.072283,0.079843,0.180747,0.181393
623_31_1055_1396,0,0,0.605255,0.24036,0.039131,0.045692,0.019627,0.028182,0.021753
623_32_2790_2986,1,0,0.852552,0.098986,0.011491,0.010116,0.005215,0.009938,0.011702
623_32_1408_1773,1,0,0.592426,0.247616,0.011798,0.0455,0.016653,0.034749,0.051258
623_32_790_1023,6,0,0.645855,0.240794,0.029141,0.013535,0.03012,0.02089,0.019665
623_32_201_230,1,6,0.038903,0.147542,0.225013,0.062525,0.116862,0.033455,0.3757
623_32_1869_2404,1,1,0.229745,0.313968,0.133233,0.051939,0.051196,0.073562,0.146355
623_31_263_759,0,0,0.574372,0.195957,0.044416,0.043559,0.014514,0.093901,0.033281
623_31_1787_1804,0,5,0.123838,0.088484,0.01152,0.112014,0.026265,0.599216,0.038662
625_31_31_151,1,3,0.035259,0.066088,0.029008,0.627611,0.056244,0.038614,0.147175
625_32_1286_1552,0,0,0.501206,0.241687,0.057972,0.045525,0.10254,0.030456,0.020613
625_32_1864_2058,6,3,0.035307,0.054248,0.044718,0.704457,0.065416,0.025597,0.070256
625_31_1604_1822,1,1,0.166942,0.430724,0.050324,0.14079,0.081638,0.028028,0.101555
625_31_239_358,1,6,0.123055,0.231208,0.082461,0.089575,0.114931,0.095725,0.263046
625_32_888_1172,1,1,0.283762,0.452069,0.032363,0.019453,0.142329,0.05312,0.016904
625_31_551_874,0,0,0.314905,0.312858,0.041547,0.111303,0.043212,0.095711,0.080463
625_32_174_191,5,5,0.108607,0.147837,0.055379,0.03813,0.032329,0.418448,0.199269
625_32_392_533,0,0,0.588571,0.243621,0.010915,0.050764,0.016443,0.061831,0.027855
625_31_1186_1266,0,0,0.50098,0.200459,0.009304,0.032545,0.01266,0.235706,0.008347
626_31_2140_2692,1,0,0.440502,0.318789,0.040158,0.072081,0.032307,0.033155,0.063008
626_31_31_302,1,1,0.1166,0.513675,0.027582,0.054366,0.197508,0.03654,0.053729
626_31_1020_1339,1,1,0.113353,0.307025,0.0537,0.182552,0.092659,0.025348,0.225364
626_32_2716_2801,1,1,0.259341,0.471681,0.017365,0.029688,0.178033,0.028734,0.015158
626_31_1450_1829,1,0,0.610082,0.265672,0.011699,0.038372,0.018674,0.023589,0.031912
626_32_909_985,5,5,0.023232,0.074232,0.061385,0.056503,0.052079,0.683499,0.049069
626_32_1868_2092,6,1,0.05648,0.424886,0.0367,0.113815,0.149222,0.025576,0.19332
626_32_334_633,6,0,0.45162,0.364347,0.016774,0.019224,0.072594,0.051669,0.023773
626_31_677_878,1,0,0.386659,0.362415,0.027285,0.076519,0.066662,0.054272,0.026189
626_32_1356_1431,1,3,0.077673,0.195093,0.023271,0.29067,0.036693,0.290132,0.086467
627_31_31_315,6,3,0.028468,0.026271,0.029897,0.565457,0.077603,0.071211,0.201095
627_31_1044_1373,6,3,0.038712,0.036258,0.006366,0.679869,0.02471,0.025072,0.189014
627_32_1911_2185,3,3,0.011565,0.006139,0.00771,0.89529,0.00888,0.064456,0.00596
627_31_1482_1895,6,4,0.042607,0.234925,0.062127,0.092963,0.419396,0.015968,0.132014
627_31_2216_2483,4,4,0.014685,0.12702,0.04484,0.210934,0.42147,0.019546,0.161504
627_32_2534_2650,4,4,0.004364,0.036809,0.023555,0.030705,0.750161,0.020334,0.134071
627_32_896_1001,6,3,0.102321,0.271945,0.015232,0.323691,0.027301,0.096387,0.163123
627_32_336_591,4,4,0.04725,0.169769,0.025982,0.127848,0.570093,0.017938,0.041121
627_31_652_879,6,3,0.030747,0.058921,0.020666,0.508789,0.033874,0.021376,0.325627
627_32_1391_1440,5,5,0.015513,0.005649,0.008709,0.300225,0.004489,0.658095,0.00732
629_31_2214_2522,1,4,0.033224,0.130966,0.06092,0.177326,0.486693,0.046678,0.064192
629_31_31_257,1,3,0.030996,0.088091,0.142458,0.26594,0.163294,0.087391,0.22183
629_31_1193_1546,1,4,0.101023,0.174908,0.103805,0.132296,0.229013,0.210405,0.04855
629_32_2522_2770,1,4,0.011515,0.035638,0.134824,0.320887,0.392013,0.040105,0.065018
629_32_882_1172,6,3,0.027485,0.035989,0.059605,0.729916,0.054577,0.050851,0.041576
629_32_2039_2204,6,3,0.038845,0.092261,0.053328,0.586654,0.029703,0.117313,0.081896
629_32_1600_1861,6,3,0.05146,0.032134,0.048301,0.743224,0.035909,0.044994,0.043977
629_32_258_691,6,3,0.043676,0.047472,0.050784,0.520568,0.050493,0.105304,0.181703
629_31_1882_2019,1,1,0.309619,0.330462,0.041236,0.060439,0.02351,0.111046,0.123687
629_31_709_879,1,2,0.052416,0.175693,0.276206,0.030695,0.138593,0.232221,0.094176
631_32_2473_2600,6,3,0.236867,0.26168,0.041058,0.279137,0.025943,0.054877,0.100438
631_31_31_340,0,0,0.633757,0.301936,0.011431,0.010396,0.011929,0.024991,0.005561
631_32_1075_1382,6,3,0.024209,0.070047,0.061688,0.523438,0.050191,0.188633,0.081794
631_32_2028_2179,6,3,0.049422,0.142956,0.025716,0.477523,0.194821,0.006111,0.103451
631_32_1580_1839,6,4,0.019607,0.189805,0.096486,0.107429,0.311454,0.025275,0.249945
631_31_1388_1579,6,3,0.017195,0.012966,0.011903,0.842842,0.043531,0.022712,0.048852
631_31_2190_2463,6,1,0.228715,0.235078,0.093066,0.200782,0.014973,0.07173,0.155656
631_31_639_1052,6,3,0.030505,0.055228,0.077763,0.544652,0.113533,0.041228,0.13709
631_32_365_612,6,1,0.207658,0.298912,0.05918,0.190782,0.114279,0.066899,0.062289
631_31_1859_2002,6,3,0.029145,0.061049,0.026171,0.42256,0.055533,0.045707,0.359835
632_31_31_159,1,4,0.013048,0.109681,0.043989,0.028351,0.763247,0.017734,0.023949
632_32_1270_1573,0,0,0.895912,0.043313,0.005304,0.012578,0.008322,0.030214,0.004356
632_31_2036_2127,4,3,0.040335,0.034512,0.019537,0.551875,0.046627,0.013565,0.293549
632_31_1067_1253,1,4,0.028988,0.052722,0.034372,0.054951,0.772763,0.039749,0.016455
632_31_1639_1853,4,4,0.014964,0.047024,0.081231,0.248523,0.502765,0.017707,0.087786
632_32_181_320,0,0,0.81079,0.096213,0.011367,0.012249,0.010301,0.05466,0.004421
632_32_2128_2236,6,3,0.056876,0.083294,0.044285,0.430124,0.112822,0.154603,0.117997
632_32_791_1039,6,0,0.651173,0.154709,0.032026,0.018505,0.05758,0.072083,0.013924
632_31_359_783,1,4,0.021666,0.034656,0.037279,0.068494,0.809155,0.01357,0.01518
632_32_1857_2018,6,3,0.04327,0.045478,0.027743,0.442131,0.09071,0.028842,0.321825
634_32_112_200,6,3,0.017362,0.016787,0.075437,0.373429,0.012109,0.311804,0.193073
634_32_1249_1443,6,4,0.078302,0.094806,0.107446,0.25221,0.269482,0.057917,0.139838
634_32_1533_2092,6,3,0.062721,0.087195,0.063346,0.469139,0.098306,0.088708,0.130585
634_31_1007_1199,1,6,0.029664,0.208802,0.111636,0.104285,0.177968,0.049249,0.318396
634_31_221_455,6,3,0.027505,0.036706,0.083668,0.347171,0.070518,0.110995,0.323437
634_31_2116_2239,6,3,0.028237,0.03828,0.030257,0.486046,0.024577,0.025519,0.367085
634_32_492_979,6,3,0.040003,0.014898,0.017602,0.745106,0.035267,0.083848,0.063276
634_32_2262_2311,6,3,0.02455,0.00872,0.033187,0.792524,0.013481,0.0534,0.074139
634_31_31_109,6,3,0.033117,0.051005,0.096502,0.460225,0.05784,0.030369,0.270942
634_31_1463_1502,6,6,0.013866,0.030798,0.066189,0.074019,0.023377,0.267464,0.524287
635_32_2280_2613,6,1,0.339849,0.380893,0.02623,0.054401,0.048793,0.014051,0.135783
635_31_31_193,6,6,0.050125,0.074359,0.162682,0.12357,0.066576,0.250987,0.271701
635_32_1125_1594,1,3,0.01441,0.097845,0.077378,0.593111,0.101621,0.055474,0.06016
635_31_2009_2209,6,6,0.024213,0.164742,0.134195,0.077127,0.223387,0.011186,0.365149
635_31_1611_1738,6,3,0.015146,0.016167,0.012283,0.832948,0.011149,0.059708,0.052599
635_32_204_282,6,5,0.012457,0.018672,0.040662,0.065473,0.015396,0.784713,0.062627
635_32_1780_1940,6,3,0.023711,0.021926,0.01515,0.759198,0.013451,0.11868,0.047884
635_31_916_1107,6,3,0.026091,0.077324,0.087697,0.441424,0.061368,0.083466,0.22263
635_31_296_659,6,3,0.042289,0.053704,0.09419,0.369885,0.106207,0.041933,0.291792
635_32_681_845,1,6,0.021313,0.059266,0.026401,0.09698,0.06162,0.118857,0.615563
636_31_2165_2532,1,1,0.092924,0.61607,0.021061,0.043988,0.1692,0.027528,0.029229
636_31_31_141,6,3,0.012878,0.006236,0.009408,0.901977,0.01355,0.017697,0.038255
636_32_1275_1400,6,5,0.175661,0.1634,0.029949,0.0401,0.097543,0.458614,0.034732
636_31_914_1257,4,1,0.136947,0.345424,0.045069,0.178278,0.077253,0.125856,0.091173
636_31_1435_1825,1,0,0.414867,0.39744,0.027695,0.053619,0.034006,0.031489,0.040885
636_32_1834_2160,0,0,0.805686,0.040956,0.004469,0.003245,0.00713,0.135542,0.002971
636_31_412_691,1,1,0.088454,0.359862,0.076744,0.069243,0.305651,0.050523,0.049523
636_32_692_880,6,0,0.501856,0.365692,0.013397,0.015209,0.009835,0.071784,0.022227
637_31_31_137,0,0,0.622948,0.157162,0.016917,0.012684,0.018517,0.156561,0.015211
637_31_1601_1709,6,3,0.020012,0.013779,0.03141,0.720969,0.086095,0.029391,0.098344
637_32_1745_2021,1,4,0.091281,0.252041,0.133521,0.081578,0.361636,0.024788,0.055156
637_32_1297_1586,6,1,0.17726,0.539488,0.070791,0.025536,0.056165,0.037534,0.093227
637_31_702_1056,1,0,0.648896,0.291839,0.01017,0.007234,0.013411,0.016716,0.011734
637_32_146_229,6,0,0.68328,0.17415,0.037588,0.014736,0.01427,0.044244,0.031732
637_32_520_669,1,0,0.39226,0.389645,0.020003,0.081525,0.037412,0.02356,0.055595
637_32_1057_1179,0,5,0.261869,0.265617,0.048287,0.028696,0.01078,0.323575,0.061176
637_31_275_503,0,1,0.411881,0.416959,0.036224,0.017313,0.082553,0.024133,0.010937
637_31_1190_1284,0,1,0.178276,0.372261,0.074824,0.109743,0.032923,0.099686,0.132286
638_31_31_149,6,6,0.090155,0.061227,0.05878,0.234967,0.095412,0.085994,0.373465
638_32_1214_1593,6,4,0.165117,0.25293,0.023528,0.028664,0.465085,0.02527,0.039407
638_31_2033_2260,6,4,0.187395,0.145993,0.034395,0.185113,0.219984,0.025176,0.201944
638_31_994_1197,6,1,0.168344,0.348196,0.021949,0.051748,0.209924,0.024027,0.175812
638_31_1624_1886,6,1,0.353525,0.425345,0.034457,0.023177,0.036347,0.077472,0.049677
638_32_166_451,1,4,0.208072,0.247887,0.232425,0.004081,0.258157,0.017838,0.03154
638_32_796_931,5,0,0.512291,0.087529,0.010845,0.02059,0.026101,0.316763,0.025882
638_32_2278_2437,6,3,0.09452,0.089935,0.036425,0.410566,0.121828,0.027813,0.218914
638_31_575_771,1,4,0.018346,0.252213,0.082711,0.008761,0.600186,0.008571,0.029213
638_32_1903_2018,6,1,0.062929,0.479983,0.070716,0.004075,0.343397,0.006737,0.032162
639_31_2270_2493,2,1,0.230391,0.475508,0.056752,0.028043,0.163026,0.016996,0.029283
639_31_31_170,1,6,0.032052,0.181487,0.206368,0.116029,0.108372,0.10018,0.255512
639_31_1188_1386,1,1,0.117523,0.426555,0.187529,0.02628,0.091144,0.109524,0.041444
639_31_1536_2026,6,4,0.033616,0.287343,0.09653,0.015345,0.446768,0.019324,0.101075
639_32_212_560,6,4,0.014079,0.285057,0.121936,0.029165,0.432343,0.016083,0.101337
639_32_1404_1506,6,1,0.043141,0.54684,0.078149,0.016168,0.224765,0.029097,0.061839
639_32_2066_2232,6,1,0.061001,0.370315,0.046515,0.031871,0.224769,0.010496,0.255033
639_32_2542_2627,6,1,0.210363,0.335591,0.123383,0.132476,0.097963,0.044433,0.055793
639_32_894_1165,6,3,0.02312,0.216668,0.063695,0.473002,0.119183,0.017845,0.086487
639_31_606_826,1,1,0.104808,0.568371,0.028123,0.010228,0.264028,0.006362,0.018081
683_35_97_178,3,3,0.016455,0.031992,0.024996,0.532648,0.02062,0.098201,0.275088
683_36_1228_1343,3,3,0.031665,0.213442,0.118766,0.350924,0.039104,0.130985,0.115114
683_35_1177_1217,3,3,0.008958,0.056517,0.10952,0.530724,0.047997,0.046378,0.199906
683_35_1498_1680,1,3,0.008114,0.018235,0.021622,0.701956,0.016255,0.05457,0.179249
683_35_1788_1929,1,3,0.015374,0.099462,0.092422,0.53146,0.092594,0.095911,0.072778
683_36_1407_1491,3,3,0.004518,0.019695,0.05681,0.832067,0.014787,0.009232,0.06289
683_36_915_942,2,3,0.006232,0.013873,0.145982,0.667232,0.037455,0.07785,0.051375
683_35_1343_1375,1,3,0.014199,0.074195,0.144296,0.395169,0.09164,0.04552,0.23498
683_36_1070_1156,3,3,0.008663,0.013117,0.018546,0.86724,0.010861,0.051939,0.029634
683_36_329_368,6,5,0.092709,0.24088,0.084033,0.023478,0.010608,0.476267,0.072026
683_35_969_1070,1,3,0.017189,0.052788,0.07207,0.536488,0.041132,0.027583,0.25275
683_35_419_581,6,6,0.066673,0.224557,0.123895,0.135912,0.091803,0.096524,0.260636
683_36_31_95,5,5,0.064641,0.041206,0.011133,0.396238,0.010513,0.431417,0.044851
683_36_659_845,5,5,0.014021,0.043956,0.061409,0.140037,0.019886,0.53759,0.183099
683_36_1718_1761,2,5,0.021007,0.028991,0.015201,0.038043,0.011011,0.861703,0.024043
683_35_846_883,6,3,0.012377,0.021614,0.028719,0.478985,0.006712,0.033437,0.418156
683_36_1968_2034,6,3,0.023973,0.073225,0.082344,0.520729,0.014363,0.013535,0.271832
683_36_209_249,5,5,0.071542,0.099877,0.060063,0.176527,0.076671,0.278928,0.236392
683_35_260_290,6,3,0.023289,0.085729,0.032246,0.427327,0.077237,0.017413,0.336759
684_35_118_282,6,6,0.026904,0.06824,0.016545,0.319315,0.056925,0.048078,0.463992
684_35_1148_1219,3,5,0.009628,0.056035,0.029006,0.279891,0.018488,0.598777,0.008176
684_36_804_814,5,3,0.019214,0.003007,0.017759,0.811621,0.01881,0.053205,0.076385
684_36_31_92,6,3,0.123435,0.122422,0.016818,0.441987,0.027246,0.157863,0.11023
684_36_846_988,1,3,0.033336,0.127384,0.030443,0.26729,0.035355,0.263594,0.242599
684_35_727_758,3,3,0.007886,0.00778,0.029484,0.704134,0.015575,0.122094,0.113047
684_35_1008_1080,5,5,0.005114,0.002881,0.009251,0.362916,0.003363,0.613477,0.002998
684_36_393_455,1,3,0.018738,0.019307,0.015712,0.621643,0.021429,0.015713,0.287458
684_35_617_670,3,3,0.021915,0.03047,0.01449,0.619773,0.031335,0.189716,0.092301
684_36_672_721,3,3,0.014279,0.019853,0.007726,0.623234,0.007099,0.030618,0.297191
684_36_537_609,6,3,0.035694,0.071819,0.026994,0.411982,0.043902,0.064376,0.345233
684_36_1100_1126,6,3,0.0125,0.034948,0.057931,0.436789,0.027334,0.278654,0.151844
684_35_814_834,3,3,0.017369,0.078704,0.063819,0.379734,0.079774,0.226614,0.153987
684_35_476_537,1,3,0.056049,0.082034,0.043317,0.314966,0.200699,0.08941,0.213525
684_36_321_367,6,3,0.02746,0.036308,0.017729,0.519063,0.011729,0.040975,0.346736
684_35_367_383,3,3,0.013374,0.019928,0.025785,0.710703,0.025121,0.028942,0.176147
685_35_99_131,1,4,0.024068,0.176732,0.17307,0.16276,0.213594,0.071344,0.178432
685_35_1171_1279,1,3,0.181545,0.215052,0.025819,0.361226,0.015742,0.161504,0.039113
685_35_233_293,1,3,0.01904,0.024631,0.016841,0.660389,0.017864,0.042569,0.218665
685_36_1341_1502,1,1,0.348409,0.569597,0.006818,0.037136,0.006113,0.024871,0.007058
685_36_910_1028,1,1,0.056853,0.741611,0.027404,0.09923,0.030615,0.00797,0.036317
685_35_485_713,1,3,0.034923,0.025763,0.014618,0.76004,0.023831,0.090549,0.050275
685_36_1109_1151,1,5,0.119911,0.149756,0.085441,0.103062,0.030313,0.456452,0.055065
685_36_147_187,1,6,0.069812,0.134044,0.065923,0.038357,0.033562,0.283162,0.37514
685_35_1030_1109,1,5,0.020518,0.028256,0.01763,0.416922,0.015732,0.466799,0.034142
685_36_307_355,1,6,0.045396,0.181635,0.075882,0.076815,0.027766,0.126588,0.465918
685_36_397_478,1,5,0.078493,0.372269,0.05358,0.017082,0.031526,0.414831,0.032218
685_36_31_71,1,1,0.154605,0.365631,0.056765,0.041504,0.023624,0.22742,0.130451
685_36_724_874,1,5,0.075329,0.178892,0.030095,0.098842,0.01523,0.582161,0.019452
685_35_874_900,1,5,0.009809,0.051213,0.064589,0.131502,0.03518,0.520665,0.187042
685_35_355_370,1,1,0.106164,0.251967,0.070155,0.21978,0.078138,0.045425,0.228371
686_35_1141_1364,3,3,0.010726,0.011329,0.007788,0.820392,0.008471,0.028755,0.112539
686_35_250_264,3,3,0.098286,0.015197,0.029269,0.721967,0.010569,0.039098,0.085614
686_35_1423_1496,3,3,0.085484,0.134771,0.016706,0.564621,0.013286,0.14934,0.035792
686_35_791_977,3,3,0.073599,0.143029,0.017542,0.501229,0.080984,0.088521,0.095096
686_35_491_621,3,1,0.200947,0.250727,0.040928,0.245729,0.146388,0.061738,0.053542
686_36_1091_1127,5,5,0.018732,0.025998,0.017064,0.034357,0.014531,0.847081,0.042237
686_35_1031_1078,3,3,0.01179,0.010656,0.006218,0.883711,0.007933,0.032786,0.046904
686_36_31_89,4,2,0.033605,0.30428,0.350807,0.036547,0.136766,0.094734,0.043261
686_36_421_475,5,5,0.021309,0.040074,0.024245,0.061648,0.01661,0.771437,0.064678
686_36_1516_1543,1,5,0.048062,0.122271,0.047865,0.06019,0.018697,0.465944,0.236971
686_36_701_771,4,1,0.044273,0.364479,0.279059,0.022524,0.219378,0.029724,0.040563
686_36_1381_1423,1,3,0.038368,0.112987,0.157576,0.414082,0.028391,0.170332,0.078265
686_35_1551_1586,3,3,0.059265,0.132912,0.086904,0.212778,0.207062,0.1852,0.115879
686_36_991_1022,5,5,0.021336,0.065906,0.06239,0.05571,0.017349,0.55317,0.22414
686_35_351_386,6,3,0.013297,0.026769,0.160845,0.433057,0.045066,0.168214,0.152752
686_36_295_319,4,5,0.08711,0.162278,0.048068,0.023913,0.02706,0.573051,0.078519
688_36_119_151,6,6,0.019647,0.183101,0.043568,0.158477,0.236177,0.013601,0.345428
688_35_1131_1276,1,0,0.66879,0.135092,0.064783,0.03817,0.023831,0.045311,0.024022
688_36_936_979,1,1,0.055769,0.661118,0.019916,0.139666,0.058988,0.017705,0.046837
688_35_172_224,1,0,0.485976,0.047696,0.010959,0.006952,0.022313,0.420547,0.005556
688_36_1311_1393,3,3,0.019054,0.10498,0.139678,0.45655,0.163639,0.081953,0.034146
688_36_1046_1127,1,0,0.463435,0.264516,0.031678,0.112894,0.051449,0.023135,0.052893
688_35_618_711,0,0,0.668654,0.054785,0.017988,0.121793,0.032879,0.085194,0.018707
688_35_341_487,1,0,0.477265,0.255333,0.026773,0.055345,0.043212,0.120393,0.021679
688_35_31_82,5,5,0.024545,0.022424,0.015547,0.043842,0.008777,0.866481,0.018383
688_35_789_914,0,0,0.716787,0.022076,0.026935,0.107032,0.014127,0.096189,0.016854
688_36_723_788,1,0,0.530217,0.187231,0.034637,0.089234,0.018061,0.12102,0.0196
688_35_1406_1451,1,0,0.503844,0.048712,0.068743,0.272318,0.021376,0.024648,0.06036
688_36_500_561,1,1,0.080678,0.717686,0.018213,0.048737,0.094267,0.010609,0.02981
688_35_979_1028,1,0,0.897728,0.067033,0.006114,0.008391,0.004122,0.012209,0.004402
688_36_263_321,1,5,0.089755,0.073009,0.020526,0.059767,0.022423,0.688839,0.04568
693_36_123_132,6,5,0.300067,0.155156,0.01808,0.075913,0.011559,0.372796,0.06643
693_35_1413_1593,1,5,0.035366,0.034019,0.015086,0.245103,0.021207,0.612581,0.036638
693_36_851_1020,1,3,0.041897,0.04832,0.043222,0.651421,0.066694,0.08313,0.065316
693_35_173_207,3,3,0.004326,0.004324,0.005562,0.850767,0.009493,0.012966,0.112561
693_35_553_609,3,5,0.035596,0.054139,0.025257,0.266687,0.018413,0.584559,0.015348
693_35_1103_1127,0,6,0.095575,0.271655,0.026787,0.088705,0.086771,0.021513,0.408994
693_36_631_672,1,0,0.521655,0.25907,0.033497,0.07215,0.019049,0.049979,0.044598
693_36_469_536,1,0,0.54289,0.265065,0.038254,0.049361,0.030169,0.064689,0.009572
693_35_31_67,3,3,0.028017,0.03555,0.009008,0.8581,0.010851,0.026734,0.03174
693_35_692_763,3,0,0.372483,0.11328,0.010834,0.27938,0.012377,0.198631,0.013014
693_36_1269_1283,5,5,0.119973,0.070794,0.019659,0.058296,0.010686,0.666854,0.053738
693_35_340_371,1,6,0.093348,0.201484,0.038263,0.127636,0.157514,0.058927,0.322827
693_36_275_293,1,3,0.066315,0.154383,0.033702,0.258306,0.013809,0.2354,0.238085
694_35_31_169,6,5,0.022129,0.20193,0.090408,0.082228,0.102236,0.263235,0.237833
694_36_1179_1338,1,0,0.595147,0.226841,0.012289,0.078678,0.009864,0.037888,0.039293
694_36_204_353,1,3,0.013443,0.026875,0.04,0.623305,0.010219,0.009507,0.27665
694_36_1451_1588,1,0,0.68377,0.095501,0.010221,0.101108,0.01629,0.082145,0.010965
694_36_532_599,1,0,0.565887,0.313674,0.012929,0.027793,0.018237,0.049253,0.012227
694_35_1113_1151,3,3,0.016929,0.033245,0.041251,0.760853,0.050226,0.03635,0.061147
694_36_980_1105,1,0,0.289931,0.239345,0.023383,0.176877,0.066857,0.058885,0.144722
694_35_417_453,6,5,0.004446,0.103043,0.115891,0.083414,0.015224,0.472492,0.20549
694_36_800_864,1,3,0.113355,0.114984,0.022203,0.494798,0.010497,0.171587,0.072576
694_35_1365_1421,4,2,0.009409,0.17949,0.397251,0.005793,0.329872,0.032565,0.045621
694_35_878_913,2,2,0.04029,0.192165,0.269251,0.163808,0.070227,0.083518,0.180742
694_35_1647_1678,6,1,0.085054,0.229946,0.070341,0.225443,0.145454,0.050919,0.192843
694_35_739_742,3,5,0.017959,0.052553,0.056428,0.165959,0.096028,0.525733,0.08534
695_35_91_150,3,3,0.009921,0.017672,0.010121,0.682275,0.010794,0.022062,0.247155
695_35_1214_1375,1,1,0.184303,0.442976,0.025124,0.025264,0.229792,0.04652,0.046021
695_36_1450_1493,1,1,0.130408,0.476188,0.019829,0.147637,0.063111,0.01961,0.143217
695_36_194_221,6,6,0.012479,0.030941,0.041155,0.148898,0.02154,0.191365,0.553622
695_35_1099_1111,1,6,0.024371,0.10321,0.072354,0.140237,0.167026,0.12906,0.363742
695_35_954_1049,1,2,0.095727,0.166791,0.360598,0.011053,0.103097,0.155802,0.106931
695_36_31_61,6,3,0.016315,0.014706,0.022885,0.670071,0.027578,0.054141,0.194304
695_35_1534_1621,1,1,0.179793,0.571644,0.015058,0.075436,0.06464,0.030838,0.062592
695_36_853_907,5,5,0.031105,0.031571,0.03362,0.040405,0.018169,0.785275,0.059856
695_36_1644_1674,1,1,0.037665,0.304687,0.120104,0.056331,0.162905,0.032588,0.28572
695_36_1153_1165,6,5,0.020808,0.051596,0.044645,0.131264,0.041943,0.579672,0.130073
695_36_293_315,6,6,0.023042,0.027833,0.015622,0.436128,0.011722,0.024829,0.460824
695_35_229_251,3,3,0.008938,0.012315,0.012356,0.607923,0.023908,0.040676,0.293884
695_36_1077_1082,5,5,0.026355,0.036399,0.020346,0.158245,0.018445,0.657955,0.082256
695_35_327_331,3,3,0.016378,0.047709,0.012479,0.464334,0.149598,0.03921,0.270292
696_36_1295_1317,1,6,0.057303,0.087645,0.101201,0.217875,0.069431,0.209821,0.256724
696_35_1159_1256,1,3,0.054216,0.092568,0.043705,0.331401,0.096043,0.088441,0.293627
696_35_887_1058,1,1,0.065044,0.283178,0.059725,0.138497,0.121286,0.116209,0.216062
696_35_1330_1392,1,1,0.09075,0.223106,0.059536,0.161516,0.086655,0.205323,0.173115
696_36_1091_1141,1,5,0.024981,0.040761,0.078585,0.062763,0.182165,0.339541,0.271204
696_36_159_202,6,3,0.019108,0.05686,0.022457,0.558136,0.033491,0.020353,0.289594
696_35_291_387,1,4,0.026958,0.216959,0.09067,0.1114,0.34753,0.108168,0.098315
696_36_433_439,4,5,0.058529,0.07983,0.026807,0.071904,0.035709,0.630689,0.096531
696_36_814_842,1,3,0.022814,0.03983,0.014637,0.430892,0.020404,0.397984,0.073437
696_35_649_743,1,3,0.031403,0.26271,0.035941,0.491378,0.018932,0.039699,0.119938
696_36_606_630,6,6,0.034513,0.047955,0.032751,0.375409,0.056858,0.045096,0.407419
696_35_498_566,1,3,0.014726,0.013919,0.015713,0.708302,0.013116,0.073544,0.16068
696_35_93_111,6,5,0.009889,0.026209,0.026903,0.061348,0.012563,0.632671,0.230416
696_36_31_35,6,6,0.063704,0.099509,0.066339,0.125092,0.084049,0.201267,0.360041
698_35_117_233,3,3,0.010835,0.049635,0.076357,0.524314,0.021629,0.164177,0.153053
698_36_1191_1314,1,0,0.570807,0.2552,0.021361,0.019566,0.011306,0.095208,0.026553
698_36_1725_1815,1,3,0.11638,0.244571,0.041205,0.442355,0.042245,0.039735,0.073511
698_35_826_949,2,5,0.025499,0.056201,0.111317,0.043092,0.046688,0.600954,0.116248
698_35_1351_1387,1,1,0.111568,0.369032,0.28405,0.017667,0.126508,0.028478,0.062697
698_36_587_620,0,1,0.351067,0.363648,0.020862,0.053135,0.015998,0.114632,0.080659
698_35_1084_1148,2,2,0.004593,0.040834,0.640357,0.042415,0.211967,0.042184,0.01765
698_36_999_1041,1,6,0.060617,0.150808,0.030534,0.250695,0.035243,0.129158,0.342946
698_36_1490_1560,1,0,0.338808,0.118991,0.028063,0.1674,0.028771,0.281728,0.036239
698_36_703_784,1,0,0.451251,0.287017,0.048324,0.021746,0.015585,0.122145,0.053933
698_35_670_677,6,5,0.008848,0.023707,0.031814,0.056954,0.017819,0.803638,0.057221
698_36_31_53,1,6,0.068079,0.185123,0.082362,0.129526,0.033081,0.165979,0.335849
698_35_1593_1615,3,3,0.01029,0.034184,0.188902,0.572025,0.135758,0.038479,0.020363
700_36_1277_1429,3,3,0.02543,0.033514,0.025406,0.510875,0.042612,0.021215,0.340949
700_35_1103_1240,3,3,0.016774,0.078754,0.040684,0.537703,0.043785,0.027117,0.255183
700_36_236_342,5,6,0.027111,0.152117,0.170997,0.075163,0.211667,0.050067,0.312878
700_35_1459_1498,3,3,0.023958,0.012705,0.007923,0.857289,0.008909,0.047011,0.042205
700_35_935_988,3,3,0.006896,0.011865,0.033924,0.790953,0.015059,0.0492,0.092103
700_36_459_622,6,3,0.055927,0.130126,0.087687,0.328801,0.053782,0.071128,0.272549
700_35_178_187,3,3,0.020822,0.046301,0.051128,0.531006,0.05938,0.021565,0.2698
700_36_1014_1051,3,3,0.008515,0.01744,0.028488,0.821827,0.018494,0.012901,0.092334
700_36_31_72,6,1,0.163909,0.457516,0.05313,0.048296,0.064795,0.026865,0.185488
700_36_722_867,3,6,0.060594,0.147405,0.034245,0.073237,0.051824,0.028549,0.604147
700_35_385_415,3,3,0.013264,0.0015,0.00361,0.939237,0.003475,0.010955,0.02796
700_35_646_663,5,5,0.009173,0.010078,0.025628,0.035274,0.004383,0.839776,0.075687
700_36_134_171,6,6,0.134934,0.250515,0.069462,0.048709,0.028932,0.099071,0.368377
700_35_94_108,3,5,0.005227,0.012039,0.072443,0.339346,0.021311,0.492641,0.056992
701_36_31_188,3,3,0.010728,0.010964,0.042661,0.847938,0.016276,0.011451,0.059982
701_36_1224_1348,1,4,0.123315,0.301919,0.059041,0.102485,0.345214,0.031925,0.0361
701_35_1135_1197,0,0,0.528499,0.338361,0.018464,0.019913,0.010012,0.059935,0.024816
701_35_1656_1824,1,0,0.717747,0.162238,0.011128,0.033018,0.023748,0.037016,0.015104
701_36_1446_1591,0,0,0.783449,0.075423,0.023927,0.02009,0.049919,0.038006,0.009186
701_35_855_1006,0,0,0.82177,0.066604,0.009083,0.030382,0.004492,0.060319,0.00735
701_35_1348_1407,1,0,0.527572,0.19519,0.01182,0.164813,0.014173,0.053021,0.033411
701_35_501_593,0,0,0.927691,0.042547,0.005144,0.004258,0.004653,0.010397,0.005308
701_36_1037_1134,1,0,0.495098,0.42277,0.010829,0.010854,0.015694,0.02148,0.023275
701_36_598_688,1,0,0.501367,0.157328,0.00772,0.059406,0.004948,0.207788,0.061445
701_36_450_500,5,5,0.098484,0.225847,0.011764,0.067385,0.023059,0.480628,0.092832
701_35_396_448,1,1,0.158573,0.427608,0.013615,0.203026,0.038583,0.031543,0.127053
701_36_750_846,1,0,0.51278,0.321423,0.010567,0.05003,0.01562,0.070051,0.01953
701_35_689_741,0,0,0.779493,0.056744,0.02088,0.041247,0.008598,0.08069,0.012348
701_36_351_396,1,5,0.057668,0.084796,0.038384,0.063129,0.015633,0.650875,0.089516
701_35_281_298,1,1,0.27624,0.608434,0.003756,0.058986,0.020158,0.011321,0.021105
702_36_110_254,6,5,0.085377,0.248513,0.083082,0.109975,0.042618,0.293164,0.13727
702_36_1217_1406,0,0,0.755059,0.111449,0.006847,0.070228,0.005822,0.030941,0.019655
702_35_1097_1212,1,0,0.868809,0.073212,0.007769,0.002631,0.010952,0.032314,0.004311
702_35_254_290,4,5,0.024158,0.093308,0.043995,0.076314,0.086011,0.468782,0.207431
702_35_1424_1511,1,5,0.107195,0.04856,0.004613,0.023315,0.00954,0.800086,0.006691
702_35_933_988,1,5,0.269806,0.107322,0.010691,0.027563,0.032198,0.532127,0.020293
702_35_562_729,4,1,0.333974,0.553076,0.010587,0.016747,0.036313,0.035637,0.013667
702_36_989_1086,1,3,0.163456,0.214683,0.031546,0.225856,0.060312,0.196397,0.107751
702_35_462_499,4,4,0.057799,0.247166,0.034877,0.120592,0.265406,0.070461,0.203699
702_35_31_70,4,6,0.116933,0.202448,0.105217,0.115501,0.063479,0.100202,0.296221
702_36_335_460,6,5,0.041655,0.165543,0.103428,0.080553,0.037433,0.326294,0.245095
702_36_757_921,1,0,0.777971,0.103563,0.006039,0.020981,0.005886,0.077515,0.008045
702_36_512_547,1,1,0.029618,0.315402,0.260885,0.126,0.095936,0.040985,0.131174
705_36_1264_1320,1,0,0.464759,0.223092,0.022653,0.057875,0.019257,0.179154,0.03321
705_35_1161_1263,1,3,0.104576,0.201334,0.08917,0.222002,0.168064,0.086659,0.128196
705_36_192_303,6,3,0.022478,0.060601,0.060192,0.42772,0.066571,0.056732,0.305706
705_36_31_126,6,3,0.070748,0.053511,0.014167,0.464421,0.0381,0.021147,0.337906
705_35_756_958,1,1,0.066291,0.520014,0.08062,0.008526,0.305607,0.013594,0.005348
705_36_540_692,6,6,0.018492,0.091084,0.063678,0.20765,0.101504,0.041283,0.476309
705_36_1026_1144,1,0,0.461677,0.209193,0.034126,0.087863,0.037488,0.062206,0.107448
705_35_331_403,5,5,0.004533,0.012009,0.014655,0.013129,0.009085,0.898728,0.04786
705_35_473_520,4,4,0.018721,0.2632,0.27753,0.038807,0.306748,0.02438,0.070613
705_36_406_442,1,3,0.041652,0.077483,0.011588,0.515426,0.022729,0.059935,0.271187
705_36_1479_1530,1,0,0.426239,0.199821,0.02111,0.063399,0.018988,0.250442,0.020002
705_35_1387_1453,1,1,0.069569,0.502659,0.044022,0.100525,0.200003,0.014304,0.068919
705_35_693_716,5,5,0.008894,0.020352,0.012893,0.026684,0.013674,0.847134,0.070369
705_36_726_747,6,6,0.039069,0.141667,0.055821,0.122147,0.076392,0.113208,0.451696
705_35_155_177,6,3,0.013087,0.06774,0.098047,0.447488,0.056544,0.134388,0.182706
710_36_96_218,1,5,0.039007,0.038403,0.063281,0.017832,0.008406,0.664934,0.168136
710_35_1647_1820,4,0,0.39048,0.366308,0.024494,0.012066,0.079492,0.120069,0.007092
710_35_218_263,4,4,0.098531,0.253897,0.111526,0.013319,0.473028,0.028745,0.020954
710_35_824_1139,1,0,0.500363,0.409597,0.012818,0.003362,0.010604,0.055189,0.008067
710_35_1329_1448,1,1,0.310456,0.47692,0.054808,0.007274,0.037859,0.076298,0.036385
710_35_589_771,1,1,0.121263,0.520718,0.01736,0.018686,0.019713,0.277598,0.024661
710_35_31_96,4,4,0.024473,0.118953,0.040602,0.016347,0.758457,0.006035,0.035133
710_35_369_447,1,5,0.152648,0.236409,0.025106,0.01679,0.026231,0.503275,0.039541
710_36_1504_1647,1,1,0.165928,0.404616,0.059557,0.04816,0.121728,0.156826,0.043184
710_36_1202_1275,1,0,0.348521,0.307961,0.02955,0.058889,0.04699,0.101432,0.106657
710_36_771_824,1,5,0.240994,0.257794,0.014922,0.027675,0.014177,0.400826,0.043614
710_36_512_589,0,5,0.155875,0.081236,0.15054,0.021572,0.02197,0.539508,0.0293
710_36_272_318,1,5,0.034822,0.025661,0.029795,0.013729,0.008524,0.835846,0.051622
711_36_1246_1332,2,1,0.138977,0.239508,0.051356,0.119065,0.080776,0.174853,0.195464
711_35_1162_1193,4,1,0.049746,0.530681,0.039949,0.073351,0.165614,0.104352,0.036307
711_36_199_292,2,5,0.058361,0.073769,0.034776,0.278027,0.027195,0.346723,0.181148
711_36_1796_1885,6,3,0.043507,0.084674,0.067542,0.464068,0.10597,0.035241,0.198998
711_36_1443_1600,1,3,0.088932,0.112057,0.043555,0.513536,0.11646,0.059035,0.066426
711_35_2133_2277,1,0,0.392483,0.191205,0.019574,0.017875,0.011233,0.359037,0.008594
711_35_910_1008,0,5,0.077635,0.236996,0.054254,0.215292,0.057419,0.260179,0.098226
711_35_1332_1357,1,6,0.014613,0.115303,0.055634,0.211936,0.280502,0.036165,0.285847
711_36_2277_2405,6,0,0.278118,0.177537,0.011463,0.264908,0.041282,0.201251,0.025441
711_35_592_634,1,6,0.03315,0.093176,0.042819,0.117806,0.072659,0.25548,0.384909
711_36_1069_1162,2,3,0.024172,0.022266,0.034193,0.628071,0.027035,0.1635,0.100763
711_36_2068_2117,1,5,0.021341,0.029657,0.039945,0.056632,0.013964,0.778366,0.060095
711_35_1691_1796,0,1,0.22486,0.505944,0.020373,0.02184,0.20352,0.010841,0.012623
711_35_327_347,6,5,0.072936,0.075193,0.032557,0.036538,0.015285,0.677746,0.089744
711_36_435_501,2,3,0.053265,0.169227,0.032671,0.492584,0.065503,0.034002,0.152748
711_35_31_82,6,5,0.020904,0.106266,0.032899,0.026657,0.023374,0.718656,0.071245
711_35_1885_2030,1,0,0.524018,0.370935,0.04032,0.005195,0.014288,0.017811,0.027434
711_36_845_856,2,4,0.025498,0.183407,0.243983,0.025796,0.386621,0.01593,0.118765
712_35_1219_1306,1,6,0.079258,0.243721,0.027018,0.051737,0.155957,0.188347,0.253962
712_36_31_132,1,3,0.044949,0.046446,0.01798,0.588472,0.017329,0.257087,0.027736
712_36_1088_1219,1,1,0.167538,0.720222,0.029961,0.02232,0.023547,0.020224,0.016188
712_36_736_808,1,5,0.065468,0.177769,0.190304,0.027989,0.041767,0.291799,0.204904
712_36_168_280,1,3,0.049998,0.046599,0.030815,0.597269,0.032484,0.144265,0.09857
712_35_997_1088,1,1,0.061722,0.484225,0.030657,0.024957,0.071407,0.283579,0.043454
712_36_379_503,1,6,0.077308,0.127007,0.016213,0.290863,0.031465,0.099035,0.358108
712_36_622_663,1,1,0.039997,0.80894,0.026849,0.033597,0.016618,0.036011,0.037988
712_35_663_736,3,5,0.073914,0.055903,0.013444,0.098578,0.023637,0.704791,0.029732
712_35_132_168,6,3,0.006692,0.026201,0.031641,0.411403,0.02137,0.370462,0.13223
712_36_925_966,5,5,0.383307,0.068598,0.020402,0.013118,0.00977,0.482902,0.021902
712_35_808_890,6,1,0.074025,0.282758,0.056961,0.205481,0.119367,0.060802,0.200606
712_35_280_325,3,3,0.006818,0.022214,0.013777,0.616981,0.037516,0.065369,0.237325
712_35_503_552,3,3,0.012569,0.014514,0.01002,0.745292,0.076188,0.040765,0.100652
713_36_31_171,4,4,0.01724,0.235455,0.02781,0.006547,0.696771,0.006918,0.009259
713_35_1296_1307,5,5,0.022266,0.038361,0.022416,0.020106,0.018959,0.747102,0.13079
713_35_1543_1742,2,0,0.67221,0.169365,0.030618,0.014727,0.059168,0.030488,0.023424
713_36_1770_1859,1,3,0.136435,0.268861,0.019926,0.400878,0.05518,0.093985,0.024734
713_36_1450_1543,1,1,0.077945,0.31267,0.110179,0.120816,0.049874,0.218686,0.10983
713_36_1340_1388,0,0,0.63739,0.07099,0.038397,0.009729,0.018739,0.217124,0.00763
713_35_1065_1149,5,4,0.045846,0.084586,0.250693,0.019251,0.264412,0.124667,0.210546
713_35_295_397,5,5,0.013114,0.028496,0.042241,0.012949,0.039614,0.7597,0.103887
713_35_611_656,1,1,0.042768,0.264209,0.262838,0.020255,0.227115,0.0992,0.083614
713_36_452_550,4,4,0.009412,0.142082,0.123697,0.077546,0.446944,0.069155,0.131163
713_35_1388_1450,5,0,0.849629,0.047562,0.018308,0.002544,0.017528,0.055405,0.009024
713_36_861_927,0,5,0.211152,0.136313,0.063939,0.047166,0.017996,0.443606,0.079828
713_36_1196_1247,1,3,0.112305,0.246415,0.036634,0.366603,0.030038,0.136895,0.071111
713_35_841_861,5,6,0.091391,0.180109,0.048437,0.028381,0.187017,0.095017,0.369648
713_36_731_752,1,5,0.056294,0.068697,0.051494,0.025677,0.023358,0.609358,0.165121
714_36_1290_1440,3,3,0.033158,0.014695,0.015796,0.721678,0.115067,0.015533,0.084073
714_35_1141_1245,0,0,0.756771,0.142167,0.004227,0.026746,0.010538,0.051321,0.00823
714_35_1591_1701,3,1,0.254174,0.346009,0.026923,0.079248,0.015091,0.110304,0.16825
714_35_247_325,3,3,0.01865,0.069515,0.041452,0.411578,0.061038,0.279385,0.118382
714_35_1440_1486,1,4,0.031619,0.261845,0.149354,0.065911,0.305045,0.096337,0.08989
714_35_891_1040,0,0,0.696181,0.093758,0.015814,0.005584,0.019631,0.160822,0.00821
714_36_145_247,3,3,0.060902,0.083241,0.111345,0.343177,0.025599,0.149583,0.226153
714_36_1040_1141,1,1,0.225192,0.396759,0.172455,0.039487,0.053213,0.08159,0.031303
714_36_325_411,1,1,0.021275,0.436984,0.03274,0.260301,0.101738,0.036155,0.110808
714_36_603_641,1,4,0.013473,0.081814,0.122799,0.18599,0.369268,0.044727,0.181929
714_35_411_543,5,5,0.031107,0.127302,0.19056,0.082722,0.073652,0.374524,0.120133
714_35_31_114,4,1,0.049685,0.368328,0.048759,0.138741,0.287259,0.060225,0.047003
714_36_1501_1591,5,0,0.370844,0.23681,0.136779,0.019959,0.02026,0.14265,0.072698
714_35_641_795,5,5,0.153415,0.215632,0.064904,0.06548,0.062948,0.342757,0.094864
714_36_828_891,5,5,0.026392,0.123728,0.07335,0.045648,0.098955,0.36936,0.262567
715_36_31_211,4,6,0.0692,0.1854,0.18353,0.172562,0.064672,0.123672,0.200964
715_36_1249_1297,1,6,0.014755,0.108001,0.038133,0.113456,0.148454,0.121174,0.456026
715_35_1087_1249,5,5,0.042675,0.24052,0.039186,0.057916,0.019047,0.419527,0.18113
715_35_1545_1684,1,1,0.024598,0.471686,0.199934,0.027737,0.235913,0.0171,0.023032
715_35_249_312,6,1,0.04768,0.408448,0.079972,0.082152,0.122732,0.065537,0.193479
715_35_882_1033,4,1,0.055763,0.444463,0.024293,0.102463,0.114173,0.157285,0.10156
715_35_1319_1357,5,5,0.01043,0.036233,0.025473,0.060675,0.025589,0.776823,0.064775
715_35_425_619,5,1,0.045899,0.381287,0.117168,0.015378,0.065791,0.362912,0.011565
715_36_1033_1087,3,3,0.040723,0.163296,0.037989,0.300749,0.099898,0.213059,0.144288
715_36_674_826,6,6,0.028622,0.123985,0.015925,0.233004,0.032986,0.01529,0.550188
715_36_347_425,4,2,0.008688,0.161893,0.408264,0.12303,0.056926,0.026912,0.214288
715_36_1357_1460,1,6,0.059486,0.154052,0.030217,0.098988,0.087532,0.14529,0.424434
716_36_31_146,1,5,0.056569,0.207853,0.119517,0.195167,0.013243,0.362546,0.045107
716_35_1238_1387,3,3,0.014886,0.104153,0.034306,0.536192,0.019952,0.033919,0.256593
716_36_1138_1238,0,1,0.361219,0.509221,0.012038,0.026717,0.017493,0.023483,0.049828
716_36_1590_1835,1,3,0.049363,0.135623,0.016004,0.586179,0.018983,0.024751,0.169098
716_35_146_320,3,5,0.012339,0.077804,0.046111,0.203212,0.037893,0.387406,0.235235
716_36_1387_1489,0,1,0.355951,0.558207,0.022209,0.009556,0.013437,0.027944,0.012695
716_35_807_937,3,3,0.008315,0.006814,0.01478,0.794497,0.012097,0.101874,0.061623
716_36_937_1033,1,1,0.045334,0.802619,0.016335,0.063649,0.016165,0.034901,0.020996
716_35_524_718,1,1,0.046955,0.468023,0.026804,0.136217,0.031212,0.160519,0.13027
716_35_1033_1138,3,3,0.072295,0.086811,0.01493,0.415173,0.035308,0.215626,0.159857
716_36_397_524,1,1,0.069035,0.525159,0.036883,0.292649,0.018686,0.017887,0.039701
716_35_1489_1590,5,5,0.054614,0.106451,0.022417,0.026171,0.020668,0.735502,0.034179
716_35_1835_1990,0,0,0.767242,0.166004,0.019185,0.004318,0.015098,0.023089,0.005063
716_36_718_807,1,6,0.023593,0.292114,0.107545,0.153836,0.082435,0.03918,0.301298
718_35_103_145,1,5,0.094816,0.27618,0.038954,0.073473,0.028295,0.376497,0.111784
718_36_1201_1317,4,1,0.198516,0.280838,0.015128,0.211476,0.046691,0.076261,0.171089
718_35_1835_2059,1,1,0.284937,0.388105,0.048386,0.047799,0.061411,0.07534,0.094022
718_35_984_1201,0,1,0.237761,0.42961,0.060736,0.084489,0.017122,0.092211,0.078071
718_36_1499_1813,3,3,0.056341,0.016936,0.005542,0.835811,0.016756,0.036481,0.032133
718_35_1371_1499,1,1,0.051509,0.497798,0.035721,0.170358,0.189825,0.022401,0.032387
718_36_864_984,5,5,0.104465,0.071076,0.007391,0.070587,0.008546,0.690816,0.047119
718_35_562_660,4,5,0.062693,0.190925,0.088189,0.024428,0.012457,0.564025,0.057283
718_36_145_198,3,3,0.115942,0.107825,0.022031,0.415536,0.038088,0.09164,0.208938
718_35_314_436,3,5,0.195523,0.191043,0.012113,0.109793,0.008783,0.429204,0.053541
718_36_436_548,3,3,0.050951,0.126439,0.012943,0.415454,0.021315,0.140976,0.231922
718_36_31_103,3,3,0.119355,0.061951,0.028906,0.536598,0.042074,0.030937,0.18018
718_35_767_864,0,3,0.108574,0.105522,0.037896,0.503728,0.036507,0.013721,0.19405
718_36_660_767,3,3,0.060418,0.00985,0.010696,0.710836,0.014223,0.173147,0.02083
719_36_113_133,1,6,0.042004,0.130588,0.038377,0.136669,0.153251,0.012932,0.486179
719_35_1134_1311,3,5,0.016424,0.18279,0.075554,0.168878,0.038257,0.264554,0.253543
719_36_1343_1505,3,3,0.020582,0.048115,0.117896,0.432592,0.033878,0.102556,0.244383
719_35_920_1010,3,2,0.060866,0.201651,0.288742,0.123566,0.119146,0.0633,0.142728
719_36_567_643,1,2,0.013168,0.138649,0.412298,0.231742,0.04396,0.082528,0.077655
719_35_400_520,5,5,0.01797,0.121985,0.090268,0.127502,0.014492,0.451385,0.176398
719_35_31_76,5,5,0.010891,0.069183,0.033678,0.254504,0.069768,0.339031,0.222945
719_35_1505_1620,3,3,0.011707,0.013643,0.019734,0.772976,0.037093,0.025895,0.118953
719_36_727_886,4,3,0.021784,0.140167,0.06371,0.312693,0.081746,0.17092,0.208979
719_35_677_727,3,6,0.056214,0.172425,0.019266,0.228163,0.068828,0.035226,0.419878
719_36_1044_1089,5,5,0.017802,0.031132,0.033553,0.313043,0.017392,0.373443,0.213635
719_36_302_328,1,6,0.029188,0.218434,0.022781,0.240937,0.056661,0.013274,0.418725
719_35_222_250,5,6,0.015365,0.05498,0.088806,0.166857,0.087864,0.154354,0.431774
720_35_85_186,1,4,0.02028,0.367365,0.025483,0.005289,0.562451,0.007242,0.01189
720_36_1173_1427,3,3,0.008168,0.007355,0.010601,0.857708,0.03474,0.056954,0.024474
720_35_1980_2053,0,5,0.242458,0.154424,0.04191,0.046514,0.02374,0.464869,0.026086
720_36_1561_1720,3,5,0.238459,0.058648,0.034483,0.085933,0.010217,0.558617,0.013642
720_36_186_263,4,1,0.112221,0.327186,0.02848,0.14094,0.034752,0.098536,0.257885
720_35_1767_1872,0,5,0.099112,0.194077,0.041719,0.015822,0.037635,0.587794,0.023841
720_35_1427_1492,0,5,0.035684,0.165153,0.030843,0.035394,0.025892,0.602173,0.10486
720_36_877_983,2,1,0.098487,0.285651,0.027954,0.187898,0.048537,0.257348,0.094125
720_36_575_684,4,6,0.050874,0.105229,0.015246,0.237555,0.029763,0.127272,0.43406
720_35_1026_1173,1,1,0.104651,0.597516,0.023666,0.011615,0.241338,0.007789,0.013424
720_36_2053_2192,1,5,0.061212,0.155075,0.214544,0.119058,0.033175,0.405957,0.010979
720_35_263_445,4,1,0.310443,0.417673,0.026,0.044253,0.050762,0.120994,0.029875
720_36_445_523,4,1,0.265381,0.391408,0.012273,0.078301,0.019058,0.152562,0.081017
720_36_31_85,4,5,0.10625,0.230889,0.028776,0.155108,0.057789,0.350639,0.070549
720_35_817_877,0,1,0.33503,0.337163,0.025616,0.028236,0.016564,0.23448,0.022911
720_36_1872_1980,3,2,0.0182,0.099751,0.583763,0.088853,0.10044,0.073622,0.03537
720_35_523_575,0,5,0.061057,0.141215,0.069121,0.028671,0.018649,0.565074,0.116213
1000_49_2411_2693,1,1,0.133355,0.379093,0.049841,0.15858,0.059134,0.166654,0.053344
1000_49_123_203,3,3,0.003904,0.000816,0.001532,0.978288,0.005079,0.004489,0.005892
1000_50_1278_1361,2,3,0.05357,0.093385,0.082021,0.461645,0.055987,0.01408,0.239313
1000_49_1127_1217,1,1,0.017025,0.5824,0.104405,0.052757,0.118549,0.006083,0.118781
1000_50_250_305,3,3,0.015448,0.010587,0.010771,0.857305,0.040427,0.004255,0.061206
1000_50_2739_2824,4,4,0.088242,0.206086,0.065079,0.153534,0.322931,0.128838,0.03529
1000_49_924_944,2,5,0.046259,0.119655,0.075455,0.012843,0.026635,0.672943,0.046209
1000_50_2067_2410,2,6,0.031943,0.108283,0.050902,0.321098,0.07648,0.064065,0.347228
1000_50_1004_1106,3,6,0.026774,0.0399,0.026112,0.377249,0.104612,0.012294,0.413061
1000_50_1465_1947,2,3,0.019626,0.030692,0.041899,0.720154,0.076833,0.051602,0.059194
1000_49_639_685,5,5,0.004408,0.014006,0.00681,0.313601,0.007782,0.643236,0.010156
1000_50_517_632,3,3,0.023658,0.062676,0.054035,0.538233,0.225722,0.009429,0.086247
1000_49_1392_1455,1,1,0.021896,0.372604,0.154976,0.109951,0.171348,0.034609,0.134616
1000_49_1977_2049,1,3,0.068428,0.089154,0.031089,0.433846,0.011531,0.322442,0.043511
1000_50_854_896,3,3,0.036822,0.06939,0.12459,0.303029,0.14018,0.034515,0.291473
1000_49_333_459,3,3,0.018255,0.064926,0.015879,0.680336,0.064484,0.094868,0.061252
1000_50_31_107,3,3,0.016112,0.003899,0.004479,0.892746,0.015917,0.005225,0.061622
962_50_104_183,5,6,0.024888,0.038969,0.064051,0.092112,0.198489,0.263888,0.317603
962_50_1146_1187,1,0,0.424745,0.321131,0.038549,0.068104,0.066125,0.026297,0.055049
962_49_197_268,5,5,0.005999,0.015602,0.015486,0.015317,0.012534,0.926703,0.00836
962_49_942_1108,1,0,0.573879,0.34808,0.02047,0.018278,0.012039,0.012627,0.014628
962_50_1312_1397,1,3,0.009272,0.001673,0.004243,0.954727,0.015808,0.008098,0.006178
962_49_584_694,3,1,0.062024,0.391018,0.103041,0.023189,0.27667,0.054848,0.08921
962_50_301_360,6,4,0.07824,0.147893,0.101825,0.070499,0.379182,0.013195,0.209165
962_49_389_504,1,1,0.107905,0.566794,0.082143,0.040876,0.074656,0.044426,0.083201
962_49_31_83,5,1,0.040819,0.254603,0.068784,0.073756,0.192778,0.244914,0.124347
962_49_1217_1279,1,0,0.497261,0.312248,0.02753,0.106175,0.023761,0.010971,0.022054
962_49_785_831,3,1,0.166278,0.295707,0.043213,0.122133,0.024946,0.151098,0.196625
962_50_710_764,3,6,0.033014,0.064702,0.019793,0.355937,0.138865,0.008642,0.379047
962_49_1408_1459,3,3,0.231338,0.333414,0.015825,0.355994,0.014801,0.026619,0.022009
962_50_514_548,2,4,0.031983,0.175224,0.14084,0.087535,0.24537,0.191719,0.127329
962_50_860_912,1,3,0.053018,0.157879,0.03461,0.356396,0.20645,0.014054,0.177593
965_50_112_260,3,3,0.038989,0.152305,0.034219,0.29756,0.164004,0.019024,0.2939
965_49_1174_1261,4,3,0.064862,0.083482,0.036628,0.519167,0.106369,0.026718,0.162775
965_49_1414_1529,3,3,0.023032,0.033844,0.015999,0.750298,0.080284,0.034862,0.061681
965_50_928_1007,3,3,0.01589,0.01669,0.017154,0.835205,0.016264,0.010448,0.088349
965_50_1303_1378,3,4,0.018467,0.066091,0.045714,0.289201,0.448527,0.012261,0.119739
965_49_519_637,3,1,0.282499,0.435341,0.022174,0.136133,0.028262,0.054116,0.041475
965_50_1091_1137,3,3,0.017996,0.008703,0.007864,0.885336,0.022679,0.006379,0.051043
965_49_292_386,3,3,0.014687,0.034423,0.00712,0.853584,0.020057,0.009835,0.060294
965_49_1026_1087,3,3,0.032987,0.084906,0.009125,0.784693,0.016601,0.04872,0.022968
965_50_422_488,3,1,0.072394,0.312068,0.081255,0.253944,0.102876,0.013563,0.1639
965_49_31_89,1,1,0.0897,0.780216,0.014334,0.008194,0.0581,0.039536,0.00992
965_50_661_802,3,3,0.012083,0.029075,0.014751,0.81526,0.032198,0.011908,0.084726
965_50_1544_1612,3,3,0.021926,0.02624,0.016512,0.69223,0.119475,0.011475,0.112142
965_49_824_913,3,1,0.251372,0.381472,0.016625,0.176584,0.011112,0.128544,0.034291
966_49_1281_1434,1,1,0.400252,0.462496,0.037691,0.015271,0.034135,0.029456,0.020699
966_50_1111_1241,0,0,0.534232,0.067642,0.020362,0.096776,0.008322,0.238235,0.034431
966_49_210_298,3,3,0.118491,0.229338,0.022502,0.453169,0.042685,0.056299,0.077517
966_50_888_953,0,5,0.306547,0.028369,0.025213,0.009086,0.010987,0.606196,0.013602
966_50_129_184,3,3,0.026986,0.011461,0.032616,0.779658,0.039787,0.034552,0.074941
966_50_333_384,1,1,0.34973,0.414434,0.018363,0.071106,0.066027,0.020898,0.059441
966_49_623_672,5,1,0.043488,0.42224,0.064719,0.042606,0.127266,0.226615,0.073065
966_49_981_1100,5,1,0.16464,0.641433,0.015325,0.064852,0.028276,0.06336,0.022115
966_49_407_493,1,3,0.133238,0.337478,0.013307,0.385721,0.014244,0.094335,0.021677
966_49_31_105,5,1,0.188555,0.248053,0.084298,0.043136,0.213333,0.167215,0.055411
966_50_1468_1571,0,0,0.956327,0.010298,0.002352,0.002998,0.004805,0.021633,0.001586
966_49_815_880,5,5,0.216786,0.322122,0.007862,0.022374,0.011416,0.406891,0.012549
966_50_714_768,0,0,0.437989,0.138589,0.009581,0.277089,0.02706,0.011262,0.098429
966_49_1596_1666,1,1,0.346098,0.361557,0.057386,0.10114,0.033045,0.073396,0.027378
966_50_522_590,1,1,0.099893,0.406583,0.021037,0.254894,0.117085,0.01565,0.084858
967_49_31_175,6,1,0.121869,0.56212,0.061364,0.063829,0.043802,0.056795,0.090222
967_49_1253_1547,1,1,0.267954,0.539365,0.054043,0.01505,0.089525,0.016176,0.017887
967_49_2025_2122,0,0,0.707211,0.180578,0.035487,0.006533,0.01459,0.039397,0.016202
967_50_1160_1214,1,0,0.567758,0.358058,0.004984,0.017806,0.017063,0.021488,0.012843
967_50_203_280,1,1,0.297454,0.34565,0.045884,0.092216,0.033184,0.0758,0.109812
967_49_1689_1847,1,0,0.687093,0.2418,0.014698,0.01024,0.017705,0.016282,0.012182
967_50_911_969,1,0,0.469909,0.326979,0.020519,0.045614,0.02773,0.055334,0.053915
967_49_549_677,6,1,0.224167,0.446784,0.060344,0.060067,0.050472,0.08671,0.071457
967_49_1005_1133,1,1,0.31232,0.497237,0.034953,0.008629,0.118447,0.012085,0.016329
967_49_304_375,1,1,0.060228,0.561132,0.08849,0.144325,0.036427,0.062002,0.047396
967_50_385_510,1,0,0.867654,0.078569,0.007495,0.010655,0.008607,0.022103,0.004917
967_49_794_883,1,0,0.601518,0.303149,0.019812,0.005674,0.021728,0.033265,0.014855
967_50_1848_1994,1,5,0.05731,0.023839,0.006433,0.139959,0.019181,0.747137,0.00614
967_50_700_768,1,1,0.422658,0.460498,0.015304,0.01971,0.033325,0.03236,0.016144
967_50_1575_1652,0,0,0.418754,0.258923,0.028978,0.047432,0.018861,0.201014,0.026036
968_49_94_165,5,5,0.011216,0.004657,0.008966,0.457171,0.011002,0.503999,0.002989
968_49_1196_1382,5,3,0.01486,0.050741,0.019127,0.645269,0.015083,0.221565,0.033355
968_49_1565_1766,0,3,0.145418,0.169747,0.064413,0.357532,0.018029,0.23487,0.009992
968_50_201_272,1,1,0.154321,0.371038,0.026325,0.13391,0.199786,0.019071,0.09555
968_50_1390_1561,6,3,0.024611,0.050755,0.043732,0.563425,0.075256,0.044028,0.198193
968_49_877_1000,6,5,0.01216,0.166236,0.046918,0.264412,0.042964,0.296632,0.170678
968_50_540_616,1,4,0.01151,0.147101,0.244426,0.137569,0.313609,0.019278,0.126507
968_50_1036_1169,6,3,0.025511,0.058595,0.170258,0.38982,0.055031,0.022722,0.278063
968_49_279_343,5,3,0.032537,0.039895,0.007376,0.757062,0.007251,0.145166,0.010714
968_49_632_732,6,3,0.01543,0.145483,0.028413,0.446015,0.033131,0.18024,0.151289
968_49_425_502,3,3,0.058051,0.0799,0.028694,0.555827,0.018328,0.131394,0.127806
968_50_31_91,6,3,0.056688,0.053284,0.032931,0.475548,0.082162,0.032052,0.267336
968_50_733_848,6,5,0.053552,0.117305,0.040589,0.305067,0.059752,0.32437,0.099365
968_50_344_409,1,3,0.025026,0.038839,0.023149,0.662269,0.034671,0.084698,0.131349
969_49_123_214,6,3,0.014015,0.178595,0.095207,0.378073,0.102556,0.03662,0.194934
969_49_1271_1379,6,3,0.043793,0.15405,0.023266,0.549658,0.078398,0.098368,0.052467
969_50_1071_1248,1,3,0.030886,0.055865,0.017644,0.709426,0.076019,0.024024,0.086135
969_49_1625_1731,1,3,0.027888,0.15381,0.023704,0.694284,0.016452,0.074363,0.009499
969_50_226_322,6,3,0.026331,0.071455,0.027265,0.54138,0.068885,0.028547,0.236136
969_50_1746_1833,1,3,0.083102,0.079992,0.017854,0.52693,0.06318,0.135975,0.092966
969_50_1421_1589,1,3,0.055725,0.206998,0.053212,0.374568,0.231854,0.051539,0.026103
969_50_906_968,6,3,0.023008,0.025336,0.017185,0.817791,0.026895,0.030599,0.059187
969_50_517_595,6,3,0.017618,0.021806,0.031391,0.714045,0.043229,0.006619,0.165292
969_49_598_688,3,3,0.045083,0.140726,0.028464,0.62087,0.011169,0.077209,0.076478
969_49_980_1049,3,3,0.010893,0.026452,0.006168,0.885991,0.007095,0.009667,0.053735
969_49_343_496,6,3,0.041629,0.292063,0.045451,0.381879,0.01597,0.125645,0.097362
969_50_31_104,6,3,0.037428,0.116548,0.035164,0.441167,0.08778,0.034219,0.247695
969_49_812_904,3,3,0.013867,0.024009,0.01429,0.862939,0.014508,0.020795,0.049591
969_49_1845_1961,1,3,0.012709,0.03956,0.007435,0.82719,0.012447,0.090935,0.009724
969_50_727_797,6,3,0.013847,0.011614,0.022247,0.727292,0.022535,0.00591,0.196556
970_49_31_150,6,0,0.502223,0.247183,0.016639,0.023131,0.017563,0.109108,0.084153
970_49_1135_1348,5,0,0.58241,0.174575,0.055919,0.00544,0.01258,0.136449,0.032627
970_50_1648_1796,5,2,0.016773,0.102135,0.327233,0.06862,0.266339,0.113535,0.105366
970_50_206_258,5,2,0.036285,0.060247,0.479593,0.06292,0.107248,0.223473,0.030234
970_49_1802_2030,5,0,0.433573,0.383866,0.0347,0.013542,0.018642,0.085314,0.030363
970_50_1349_1463,5,5,0.029857,0.007272,0.008462,0.017051,0.010716,0.923751,0.002889
970_50_866_962,6,3,0.123903,0.195399,0.074898,0.322225,0.069215,0.020857,0.193502
970_49_512_597,1,0,0.570998,0.291195,0.024328,0.009309,0.018582,0.032332,0.053256
970_50_1056_1111,6,3,0.028626,0.058314,0.026214,0.564429,0.025603,0.030486,0.266328
970_49_261_357,5,0,0.675151,0.035821,0.010497,0.003134,0.007273,0.2638,0.004324
970_50_616_727,5,2,0.015777,0.06967,0.297267,0.130392,0.290204,0.178692,0.017997
970_49_986_1043,6,5,0.102566,0.127771,0.030054,0.126755,0.008219,0.478828,0.125807
970_50_366_492,5,1,0.080842,0.257099,0.086288,0.207706,0.137649,0.094109,0.136307
970_49_1476_1627,5,1,0.300937,0.383447,0.047331,0.019797,0.017053,0.206898,0.024538
970_49_746_848,0,0,0.562427,0.296462,0.045733,0.004917,0.049928,0.023871,0.016663
971_49_1203_1386,0,5,0.277167,0.172526,0.034895,0.021637,0.015723,0.464022,0.01403
971_50_1417_1734,2,0,0.212877,0.119842,0.105466,0.211335,0.109266,0.20031,0.040903
971_50_225_311,2,3,0.101769,0.201772,0.049127,0.474603,0.073819,0.029937,0.068974
971_49_1761_1870,0,0,0.640365,0.27247,0.011634,0.014302,0.036327,0.014292,0.01061
971_49_941_1049,0,0,0.487814,0.122947,0.007523,0.009297,0.01448,0.35411,0.003829
971_49_499_601,5,0,0.64997,0.040512,0.007902,0.003618,0.007099,0.286923,0.003976
971_50_1101_1179,2,1,0.087863,0.240671,0.123089,0.214648,0.090722,0.110875,0.132132
971_49_326_400,5,5,0.242138,0.079683,0.018092,0.006169,0.008254,0.638135,0.007529
971_50_626_698,2,4,0.009566,0.078096,0.095209,0.095527,0.682931,0.007608,0.031064
971_50_416_484,2,1,0.061942,0.282606,0.266905,0.104631,0.12588,0.059675,0.098362
971_50_31_118,2,4,0.116064,0.132264,0.097191,0.113622,0.488883,0.037291,0.014684
971_49_716_821,0,0,0.910588,0.061448,0.002571,0.001067,0.005333,0.017045,0.001948
971_49_139_178,5,5,0.014159,0.037544,0.014656,0.016476,0.007013,0.894909,0.015244
971_50_845_919,2,3,0.049909,0.099017,0.027575,0.561557,0.123281,0.051986,0.086676
972_49_107_219,1,5,0.114063,0.127212,0.015252,0.020916,0.01912,0.646716,0.056721
972_50_1243_1421,0,4,0.12514,0.328054,0.048272,0.098339,0.343625,0.029907,0.026663
972_49_1029_1217,1,3,0.16699,0.214823,0.053762,0.221731,0.039344,0.202214,0.101136
972_49_1457_1715,0,0,0.856946,0.125717,0.003853,0.001924,0.003952,0.00438,0.003229
972_50_1761_1849,4,1,0.155794,0.517718,0.104058,0.039488,0.133822,0.038982,0.010139
972_50_933_1001,1,0,0.327202,0.169657,0.036407,0.285619,0.023532,0.066266,0.091317
972_49_610_661,0,1,0.403117,0.529904,0.007048,0.004066,0.023836,0.015814,0.016215
972_49_367_494,0,0,0.660338,0.225252,0.020491,0.004741,0.025966,0.042663,0.02055
972_50_31_78,6,6,0.099011,0.110817,0.094182,0.137576,0.057022,0.099248,0.402143
972_49_799_917,1,1,0.106143,0.559246,0.02736,0.034462,0.052203,0.086741,0.133846
972_50_704_758,2,4,0.035763,0.054995,0.075001,0.235373,0.529145,0.011111,0.058612
972_50_519_549,1,0,0.377128,0.147928,0.163452,0.019071,0.030687,0.17748,0.084254
972_50_261_328,4,4,0.046703,0.127377,0.099031,0.174143,0.508645,0.019939,0.024163
973_49_1267_1417,0,0,0.918791,0.041567,0.004745,0.001361,0.004317,0.026971,0.002248
973_50_1179_1228,1,3,0.101594,0.219303,0.06603,0.369143,0.074335,0.128034,0.041561
973_49_1626_1690,6,0,0.782139,0.145809,0.008601,0.015608,0.004281,0.028632,0.01493
973_49_233_316,0,1,0.21685,0.570868,0.030539,0.039397,0.020778,0.017355,0.104213
973_50_1458_1594,1,1,0.147063,0.408445,0.019099,0.232825,0.045593,0.027687,0.119289
973_49_97_125,5,5,0.018179,0.049401,0.009285,0.079428,0.009748,0.753236,0.080722
973_50_877_956,0,5,0.365228,0.040935,0.044418,0.018864,0.010535,0.511477,0.008544
973_50_144_200,6,3,0.053178,0.030285,0.029714,0.57011,0.011146,0.019945,0.285621
973_49_1000_1124,6,1,0.191746,0.38192,0.036262,0.037064,0.086625,0.192936,0.073448
973_49_454_559,6,0,0.563549,0.329338,0.011411,0.007877,0.038861,0.029195,0.019769
973_50_31_78,6,6,0.033025,0.084268,0.023959,0.23811,0.149646,0.006856,0.464138
973_50_601_629,6,4,0.012247,0.209403,0.089577,0.04678,0.435251,0.009896,0.196845
973_49_662_860,2,1,0.120129,0.538941,0.175482,0.009939,0.111024,0.012111,0.032374
973_50_339_424,1,5,0.228194,0.169497,0.10373,0.041448,0.085307,0.328695,0.04313
974_49_1213_1712,4,4,0.017786,0.31329,0.034257,0.014926,0.524745,0.012603,0.082392
974_50_1748_2063,6,4,0.020406,0.065417,0.033669,0.281226,0.476448,0.013407,0.109427
974_49_251_328,3,3,0.015603,0.015836,0.008016,0.899954,0.009293,0.011664,0.039634
974_50_933_993,6,3,0.041051,0.067342,0.028172,0.461792,0.189073,0.005345,0.207225
974_50_130_218,3,3,0.011867,0.005885,0.004804,0.934225,0.015681,0.005808,0.02173
974_50_1130_1180,6,3,0.011311,0.003423,0.01147,0.829608,0.077493,0.013305,0.053391
974_50_604_756,6,3,0.021719,0.048434,0.026036,0.617222,0.180393,0.009655,0.096542
974_49_1023_1086,6,1,0.06056,0.330711,0.013696,0.224126,0.066143,0.006182,0.298583
974_49_460_570,6,3,0.017896,0.066679,0.032872,0.588889,0.10175,0.009949,0.181965
974_49_31_103,6,1,0.059149,0.487843,0.032864,0.069756,0.061899,0.004933,0.283556
974_49_787_895,6,3,0.021058,0.071796,0.020863,0.527082,0.186897,0.007405,0.164899
974_49_2089_2168,3,3,0.03321,0.145455,0.017089,0.374558,0.197043,0.00453,0.228114
974_50_367_427,3,3,0.015135,0.004177,0.00941,0.9291,0.009072,0.018565,0.014539
976_49_99_221,6,4,0.009088,0.14838,0.027857,0.022549,0.68245,0.008287,0.101388
976_49_1845_2049,4,4,0.015433,0.200333,0.015893,0.01172,0.708698,0.006987,0.040937
976_50_1305_1799,6,1,0.058097,0.272768,0.051026,0.220612,0.220821,0.021238,0.155437
976_50_2098_2242,6,4,0.089543,0.316624,0.042699,0.084979,0.398775,0.007035,0.060344
976_50_801_939,1,1,0.124745,0.364948,0.069043,0.031325,0.321548,0.05685,0.031541
976_50_561_619,5,5,0.043048,0.164046,0.067425,0.068309,0.178032,0.360745,0.118395
976_50_1121_1178,6,3,0.025437,0.117355,0.020942,0.297812,0.263533,0.006013,0.268908
976_50_268_354,6,1,0.045119,0.425419,0.053578,0.049173,0.267966,0.017449,0.141296
976_49_974_1055,4,4,0.055782,0.300456,0.037629,0.005906,0.568987,0.005449,0.02579
976_49_386_508,6,1,0.020929,0.478636,0.057958,0.084912,0.143242,0.042983,0.171339
976_50_31_70,4,4,0.017673,0.181408,0.047076,0.018746,0.673781,0.00564,0.055676
976_49_1209_1264,6,0,0.397656,0.099509,0.049617,0.114743,0.030928,0.242882,0.064665
976_49_652_747,2,1,0.282106,0.423268,0.029846,0.009771,0.070688,0.152698,0.031624
978_49_90_139,1,0,0.462935,0.215055,0.0314,0.008163,0.035151,0.234597,0.012699
978_49_1201_1505,1,1,0.037497,0.835715,0.038028,0.005236,0.050705,0.017676,0.015142
978_50_1878_2052,4,3,0.018634,0.10733,0.026851,0.372988,0.147865,0.016558,0.309773
978_50_1082_1184,4,4,0.081738,0.214578,0.048038,0.215388,0.25725,0.022316,0.160691
978_50_1527_1738,4,6,0.017544,0.186527,0.12824,0.151678,0.115455,0.115214,0.285342
978_49_216_291,3,3,0.020428,0.244638,0.064453,0.286754,0.092643,0.189205,0.101878
978_49_1757_1851,3,5,0.061344,0.089814,0.017369,0.292606,0.068756,0.337305,0.132806
978_50_811_940,4,3,0.037292,0.168322,0.047373,0.343854,0.233285,0.028539,0.141334
978_50_531_641,4,6,0.02151,0.142695,0.125627,0.21558,0.211569,0.037453,0.245566
978_50_141_202,4,4,0.040939,0.145141,0.157022,0.191355,0.375201,0.026628,0.063714
978_50_315_456,4,4,0.022494,0.216498,0.185546,0.155162,0.265339,0.060842,0.094119
978_49_956_1063,3,3,0.012799,0.053283,0.010466,0.769602,0.027563,0.009122,0.117165
978_49_458_516,3,1,0.0482,0.56905,0.025445,0.045404,0.067139,0.100576,0.144186
978_50_31_80,4,4,0.057272,0.227659,0.066059,0.088559,0.499456,0.012096,0.048899
978_49_669_795,3,1,0.105985,0.449652,0.02954,0.016885,0.180309,0.02411,0.193519
981_49_1182_1434,3,3,0.009995,0.003878,0.013349,0.725337,0.017972,0.224781,0.004688
981_49_1602_1802,3,3,0.011238,0.008783,0.003879,0.810176,0.007591,0.151204,0.007129
981_49_194_284,5,3,0.006565,0.027816,0.035831,0.53802,0.024597,0.30275,0.064421
981_49_877_996,3,3,0.013155,0.027291,0.019349,0.836204,0.016651,0.057315,0.030034
981_49_582_708,3,3,0.011288,0.015745,0.012303,0.817143,0.008209,0.0949,0.040412
981_50_1084_1170,3,2,0.007224,0.112021,0.477871,0.162172,0.177456,0.025894,0.03736
981_50_322_382,3,3,0.023885,0.107139,0.225441,0.303139,0.049615,0.173282,0.1175
981_49_31_91,5,6,0.01135,0.076784,0.216131,0.078698,0.052251,0.18567,0.379115
981_49_400_439,3,3,0.023768,0.102902,0.039701,0.590459,0.035597,0.067881,0.139692
981_50_1485_1582,3,3,0.015867,0.033514,0.026831,0.71762,0.121442,0.032248,0.052477
981_50_712_872,3,5,0.013777,0.046131,0.097345,0.19448,0.073901,0.530459,0.043906
981_50_1828_1888,3,3,0.013872,0.042978,0.061634,0.658938,0.099093,0.069584,0.053901
981_50_482_569,3,5,0.022469,0.038873,0.051317,0.24826,0.023015,0.443309,0.172756
981_50_131_176,5,5,0.010365,0.010102,0.034344,0.171043,0.012249,0.58955,0.172346
982_49_1267_1785,3,3,0.014704,0.037109,0.02826,0.709545,0.079669,0.025598,0.105116
982_50_1180_1243,3,6,0.026536,0.161978,0.063305,0.223844,0.229237,0.013594,0.281505
982_50_888_1014,3,3,0.014393,0.044682,0.024775,0.618812,0.177187,0.013239,0.106913
982_50_131_241,3,4,0.004873,0.02631,0.059637,0.118512,0.769813,0.005783,0.015072
982_50_587_644,3,3,0.0461,0.100567,0.016385,0.658831,0.056245,0.049593,0.072279
982_49_1055_1129,3,3,0.017233,0.139122,0.091058,0.385231,0.153729,0.070458,0.14317
982_49_259_339,3,3,0.008068,0.037353,0.01213,0.817177,0.018929,0.068912,0.037431
982_49_471_530,3,3,0.01221,0.020896,0.012343,0.759117,0.015967,0.026776,0.15269
982_49_31_108,6,3,0.014229,0.006895,0.00852,0.885529,0.027598,0.016015,0.041213
982_50_376_442,3,3,0.010099,0.002949,0.008855,0.90494,0.027834,0.019982,0.025341
982_49_663_834,5,1,0.028622,0.289613,0.048207,0.158211,0.042268,0.279856,0.153224
982_50_1832_2021,3,3,0.036998,0.007225,0.032837,0.571844,0.083703,0.215237,0.052157
983_50_1137_1329,4,4,0.010661,0.182036,0.028303,0.015724,0.745019,0.00392,0.014337
983_50_1613_1747,4,4,0.031252,0.204897,0.115501,0.121365,0.400756,0.038784,0.087445
983_50_165_264,4,6,0.029561,0.048042,0.05403,0.215489,0.258428,0.081688,0.312763
983_49_1778_1840,6,4,0.007034,0.107609,0.049252,0.094644,0.380976,0.078628,0.281857
983_49_1356_1583,3,3,0.0379,0.221651,0.010098,0.491303,0.030194,0.137866,0.07099
983_50_924_1010,4,4,0.008813,0.075551,0.054667,0.020132,0.793101,0.005606,0.04213
983_49_331_375,3,3,0.008508,0.00738,0.014065,0.72735,0.015453,0.109029,0.118216
983_50_408_475,4,3,0.04079,0.12781,0.035458,0.418228,0.189594,0.012822,0.175298
983_49_749_865,6,4,0.015827,0.283131,0.031675,0.023325,0.439545,0.03981,0.166686
983_49_80_114,3,3,0.01482,0.027569,0.014209,0.76268,0.03852,0.029239,0.112964
983_50_643_704,4,4,0.019761,0.145357,0.048647,0.239848,0.458041,0.013351,0.074995
983_49_502_590,3,3,0.011347,0.021065,0.019698,0.520025,0.015512,0.402415,0.009938
983_49_1058_1094,6,1,0.011259,0.351869,0.093587,0.091121,0.292189,0.030395,0.129581
983_50_31_49,6,6,0.039202,0.041169,0.043028,0.140833,0.075149,0.094082,0.566538
984_49_80_136,3,3,0.014087,0.014019,0.013797,0.781453,0.028854,0.011529,0.136261
984_50_1129_1344,4,4,0.02303,0.187021,0.092172,0.153866,0.468679,0.012911,0.06232
984_50_2022_2063,4,3,0.032992,0.090767,0.023663,0.330796,0.291524,0.013422,0.216835
984_50_1625_1849,4,4,0.040042,0.15128,0.037291,0.091636,0.445016,0.019732,0.215002
984_50_152_271,4,3,0.09472,0.09203,0.02931,0.518048,0.171698,0.041382,0.052813
984_49_1375_1578,3,1,0.018871,0.393565,0.069666,0.109138,0.090859,0.107143,0.210759
984_50_875_955,4,4,0.027362,0.238651,0.08027,0.072579,0.451549,0.012335,0.117254
984_49_563_612,3,3,0.050825,0.140433,0.03967,0.362934,0.040884,0.354148,0.011107
984_49_306_356,3,5,0.016041,0.015489,0.015146,0.360557,0.013298,0.561852,0.017616
984_49_982_1091,3,3,0.046096,0.181693,0.00912,0.629872,0.028071,0.046361,0.058786
984_50_403_518,4,6,0.040606,0.105436,0.18009,0.147015,0.226435,0.008392,0.292026
984_49_1878_1994,3,5,0.010342,0.009194,0.014626,0.38541,0.010315,0.557704,0.01241
984_50_643_722,4,3,0.020673,0.115091,0.063089,0.497411,0.151143,0.035835,0.116758
984_49_737_818,3,3,0.016607,0.075253,0.007418,0.777913,0.030402,0.00993,0.082479
984_50_31_49,1,6,0.098519,0.077011,0.041861,0.115037,0.030459,0.184922,0.45219
985_49_105_141,3,3,0.010069,0.013773,0.009773,0.875835,0.014119,0.015358,0.061073
985_50_1148_1325,4,1,0.077808,0.297084,0.112344,0.153885,0.251741,0.046061,0.061078
985_50_166_298,1,5,0.195708,0.148325,0.035758,0.091883,0.034969,0.34784,0.145517
985_50_1726_1849,4,4,0.016431,0.080433,0.024377,0.144751,0.675365,0.009224,0.049419
985_49_1364_1665,1,3,0.097953,0.287665,0.02487,0.353054,0.043642,0.14381,0.049004
985_50_948_1024,4,4,0.012693,0.098596,0.106974,0.014415,0.698682,0.005375,0.063265
985_49_544_611,3,3,0.027709,0.024865,0.006834,0.562193,0.006691,0.364807,0.006901
985_49_1053_1113,3,6,0.075007,0.191998,0.035659,0.247388,0.122913,0.061666,0.265369
985_50_629_754,1,1,0.064009,0.327453,0.067385,0.12258,0.262624,0.015218,0.140732
985_50_446_526,1,3,0.036198,0.225351,0.028713,0.391352,0.085467,0.037219,0.195701
985_50_31_77,4,6,0.097302,0.090318,0.086635,0.204412,0.120112,0.055819,0.345403
985_49_773_893,3,3,0.01655,0.124812,0.006515,0.791792,0.012879,0.015127,0.032326
985_49_340_422,3,3,0.014933,0.047626,0.031252,0.507493,0.034859,0.20183,0.162006
985_49_1899_2043,3,3,0.0521,0.293462,0.023501,0.435787,0.100857,0.055503,0.038791
986_50_1198_1396,4,1,0.143812,0.319975,0.018543,0.110466,0.283504,0.014309,0.109391
986_49_1943_2073,6,1,0.02456,0.380343,0.074291,0.102228,0.273962,0.070635,0.073982
986_50_1577_1680,4,3,0.032228,0.074182,0.095457,0.432847,0.149657,0.059247,0.156382
986_49_238_346,6,1,0.054999,0.538264,0.016658,0.02984,0.058934,0.247777,0.053529
986_49_1719_1831,3,3,0.027849,0.05861,0.038215,0.593915,0.138227,0.037139,0.106046
986_49_1439_1527,3,3,0.013955,0.047187,0.019704,0.789217,0.030321,0.078781,0.020834
986_49_852_930,0,0,0.463389,0.329829,0.03407,0.020647,0.02105,0.076156,0.054858
986_50_132_220,4,0,0.399521,0.144287,0.024888,0.02683,0.023891,0.363533,0.01705
986_49_553_684,4,4,0.004081,0.131498,0.009465,0.013099,0.802507,0.004625,0.034724
986_49_1037_1133,3,3,0.070329,0.300576,0.024049,0.371706,0.061822,0.144382,0.027136
986_50_373_512,4,1,0.145177,0.304046,0.047487,0.09326,0.138022,0.121897,0.150111
986_49_31_105,5,5,0.016186,0.074537,0.012013,0.026851,0.041995,0.807852,0.020565
986_50_709_844,1,1,0.254555,0.425678,0.034464,0.026831,0.113979,0.083005,0.061488
986_50_1854_1918,1,3,0.034007,0.168789,0.055393,0.274933,0.199571,0.020598,0.246708
986_50_2113_2208,4,4,0.032934,0.392809,0.02158,0.025204,0.494965,0.006519,0.025988
986_50_956_1020,1,5,0.239738,0.129805,0.049797,0.055637,0.016236,0.38837,0.120417
989_49_31_136,4,4,0.018458,0.106992,0.069568,0.274208,0.294883,0.12788,0.10801
989_50_1266_1488,4,4,0.023216,0.06087,0.019903,0.081201,0.77812,0.010703,0.025987
989_50_1917_2290,4,4,0.014475,0.049908,0.05347,0.034904,0.785086,0.01285,0.049307
989_49_1076_1214,5,5,0.024481,0.115541,0.008241,0.040457,0.030685,0.775308,0.005286
989_49_1547_1850,1,1,0.018874,0.354305,0.052796,0.250763,0.105296,0.043894,0.174073
989_49_227_325,4,1,0.025547,0.583562,0.074305,0.069818,0.064984,0.087741,0.094042
989_49_871_982,1,5,0.02882,0.217079,0.019406,0.303633,0.053679,0.310406,0.066977
989_50_164_190,1,6,0.044805,0.17315,0.085992,0.173837,0.131917,0.079741,0.310559
989_50_1001_1062,1,0,0.417987,0.232621,0.030097,0.030851,0.016375,0.238843,0.033227
989_50_598_631,1,5,0.102169,0.160234,0.031132,0.20281,0.070462,0.25184,0.181352
989_50_382_460,0,3,0.127588,0.133654,0.042157,0.307536,0.016591,0.22902,0.143454
989_50_777_855,0,0,0.414451,0.307236,0.036243,0.1,0.04613,0.056727,0.039213
989_49_680_745,1,4,0.017597,0.252974,0.043177,0.154183,0.280394,0.022605,0.22907
989_49_502_587,1,3,0.0096,0.105772,0.073714,0.371723,0.348505,0.018103,0.072583
990_49_31_147,4,3,0.01006,0.027787,0.013199,0.813935,0.059919,0.014366,0.060734
990_49_1264_1560,1,3,0.012842,0.012488,0.022917,0.871109,0.031535,0.018105,0.031004
990_50_1139_1202,4,4,0.022213,0.330393,0.041865,0.023985,0.547866,0.005409,0.02827
990_50_177_241,3,3,0.033444,0.086158,0.098243,0.421058,0.193151,0.065674,0.102271
990_49_543_617,1,3,0.008301,0.058544,0.043607,0.779959,0.018438,0.065757,0.025393
990_49_274_380,4,3,0.006339,0.016996,0.017873,0.856868,0.051914,0.021084,0.028926
990_49_991_1100,1,3,0.012483,0.081072,0.023908,0.719837,0.053416,0.01495,0.094333
990_50_427_501,5,5,0.030841,0.040813,0.039124,0.281749,0.017873,0.487493,0.102108
990_49_770_830,1,3,0.009196,0.04445,0.011208,0.846753,0.030753,0.013247,0.044394
990_49_1688_1759,1,3,0.016104,0.083049,0.063009,0.619544,0.157074,0.026855,0.034365
990_50_683_741,3,3,0.04578,0.116934,0.015436,0.609197,0.045303,0.090273,0.077077
990_50_1584_1667,3,3,0.027737,0.088671,0.094263,0.480616,0.067265,0.183894,0.057554
990_50_869_924,3,3,0.023443,0.088106,0.033382,0.6266,0.04361,0.039816,0.145044
991_50_31_192,3,3,0.010946,0.027627,0.028421,0.55032,0.327968,0.021172,0.033546
991_50_1228_1341,3,3,0.122833,0.245219,0.028925,0.32573,0.108652,0.070985,0.097656
991_49_1357_1703,1,5,0.020681,0.030468,0.016994,0.43898,0.022025,0.458133,0.012719
991_50_1742_1842,3,3,0.186516,0.17649,0.022647,0.368324,0.0641,0.024623,0.1573
991_50_945_1024,3,3,0.026102,0.01793,0.020069,0.673777,0.097134,0.01281,0.152178
991_50_531_596,3,6,0.029434,0.151798,0.04341,0.195078,0.176567,0.015323,0.388391
991_49_1064_1131,3,3,0.013581,0.003209,0.002322,0.940583,0.006126,0.020239,0.01394
991_50_283_360,5,3,0.118356,0.234001,0.0312,0.28362,0.177866,0.047619,0.107338
991_49_635_659,3,3,0.009205,0.017661,0.014658,0.718456,0.009647,0.184314,0.046059
991_49_404_492,3,3,0.01268,0.040992,0.00985,0.808001,0.029072,0.084447,0.014958
991_49_829_901,3,3,0.019601,0.045361,0.017896,0.819205,0.02052,0.063379,0.014037
991_50_724_796,4,4,0.02724,0.081046,0.069009,0.186583,0.372648,0.015775,0.2477
991_49_210_250,3,3,0.007903,0.019798,0.010311,0.785543,0.007516,0.157103,0.011825
992_50_2451_2753,4,4,0.019849,0.130495,0.021186,0.037001,0.751904,0.013219,0.026346
992_49_31_141,4,4,0.010861,0.131432,0.016738,0.022794,0.765271,0.008474,0.04443
992_50_1238_1317,4,3,0.040406,0.080615,0.029933,0.564168,0.117786,0.08099,0.086103
992_49_1106_1235,4,4,0.009684,0.226871,0.095797,0.006379,0.638506,0.007546,0.015217
992_49_1362_1525,4,1,0.134813,0.590435,0.023956,0.017137,0.150826,0.061526,0.021307
992_49_857_959,1,1,0.233078,0.56412,0.010028,0.013106,0.134923,0.035305,0.009441
992_50_163_216,1,5,0.028035,0.014197,0.055163,0.022495,0.015091,0.849378,0.015641
992_49_1859_2388,4,4,0.003174,0.045569,0.004885,0.00235,0.937785,0.002016,0.004222
992_50_1590_1837,4,4,0.013688,0.022337,0.017191,0.011297,0.927015,0.005282,0.00319
992_49_485_672,4,4,0.016529,0.189108,0.027868,0.022393,0.710869,0.010488,0.022745
992_50_683_834,4,4,0.005669,0.007913,0.056785,0.036764,0.847315,0.040382,0.005171
992_50_1003_1084,1,4,0.071785,0.268682,0.028487,0.047952,0.528739,0.012424,0.041931
992_50_346_464,4,4,0.020765,0.069432,0.125516,0.067323,0.541592,0.103966,0.071407
992_49_258_341,4,4,0.004444,0.104858,0.037808,0.007719,0.794105,0.009968,0.041097
993_50_108_226,6,6,0.04868,0.062185,0.016184,0.354522,0.094143,0.029813,0.394474
993_49_1231_1503,1,3,0.010254,0.040644,0.035277,0.758312,0.079386,0.060467,0.015662
993_50_1161_1205,6,3,0.037777,0.021141,0.035188,0.441494,0.130302,0.031002,0.303096
993_50_1522_1720,4,4,0.027478,0.045325,0.0331,0.273627,0.515895,0.05368,0.050894
993_49_244_310,3,5,0.012196,0.043473,0.017127,0.379087,0.016279,0.489156,0.042681
993_49_1743_1928,3,3,0.016868,0.064418,0.02364,0.649007,0.049405,0.112353,0.08431
993_50_946_1022,1,3,0.026693,0.066916,0.077347,0.393149,0.299871,0.051848,0.084177
993_49_1040_1142,6,1,0.092838,0.24961,0.031218,0.23133,0.14566,0.070899,0.178444
993_50_607_656,6,3,0.052171,0.040248,0.060549,0.579728,0.025093,0.115572,0.126638
993_49_474_581,3,3,0.006118,0.0083,0.010872,0.845482,0.023923,0.092121,0.013183
993_49_31_87,6,3,0.022179,0.041797,0.013312,0.472481,0.013045,0.418134,0.019052
993_50_360_460,6,3,0.02269,0.041622,0.009824,0.425576,0.076545,0.019713,0.40403
993_49_780_912,3,3,0.008628,0.017536,0.018048,0.831968,0.034632,0.034421,0.054766
993_49_675_730,3,3,0.008606,0.012392,0.010092,0.894343,0.018102,0.022463,0.034002
993_50_742_778,6,3,0.031501,0.06381,0.031458,0.315584,0.286166,0.02116,0.250321
994_49_117_269,6,6,0.010946,0.186481,0.026271,0.112038,0.184785,0.038698,0.440782
994_50_1233_1534,1,1,0.200845,0.307823,0.143765,0.108313,0.13505,0.051983,0.05222
994_50_1846_2057,1,3,0.038285,0.127966,0.024381,0.386417,0.107216,0.04669,0.269045
994_49_1123_1217,6,1,0.267406,0.49113,0.048229,0.031501,0.041522,0.046141,0.074072
994_49_1549_1796,1,1,0.084154,0.593942,0.021044,0.041619,0.16523,0.035297,0.058714
994_49_879_974,6,1,0.010056,0.351161,0.077697,0.090546,0.11516,0.149888,0.205492
994_49_591_657,5,5,0.0055,0.029721,0.013603,0.071581,0.006993,0.84854,0.024063
994_50_303_390,5,5,0.016303,0.018237,0.032542,0.297637,0.020728,0.517224,0.097329
994_50_999_1087,1,1,0.038523,0.356014,0.036077,0.243715,0.256202,0.020671,0.048799
994_49_419_491,1,1,0.022165,0.487685,0.188457,0.056723,0.083844,0.034974,0.126152
994_50_31_85,6,3,0.067584,0.046342,0.052489,0.43646,0.051324,0.122414,0.223387
994_50_695_855,1,3,0.014215,0.065162,0.064758,0.487851,0.202803,0.121989,0.043222
994_50_511_582,6,4,0.071144,0.158775,0.056494,0.219609,0.303456,0.019579,0.170943
995_49_1943_2073,3,3,0.028512,0.017917,0.006275,0.728255,0.008616,0.207064,0.003361
995_49_1134_1261,3,3,0.005463,0.002676,0.009241,0.869458,0.005266,0.103381,0.004515
995_49_1554_1742,3,3,0.006841,0.017704,0.019888,0.690073,0.014041,0.220811,0.030641
995_50_1753_1931,3,4,0.041755,0.059932,0.035581,0.290799,0.323657,0.130258,0.118019
995_50_1307_1543,6,6,0.039192,0.19104,0.103596,0.177607,0.173668,0.04206,0.272838
995_49_132_219,3,5,0.00324,0.004906,0.010025,0.460813,0.006297,0.506929,0.00779
995_49_556_641,3,3,0.010329,0.007837,0.00576,0.882703,0.008167,0.061661,0.023544
995_50_958_1119,3,5,0.030344,0.004117,0.012156,0.443162,0.014639,0.48832,0.007261
995_50_264_364,6,3,0.022454,0.115034,0.089619,0.350297,0.077313,0.201172,0.14411
995_49_384_480,3,3,0.00907,0.01272,0.006847,0.884304,0.009782,0.06208,0.015198
995_50_31_112,6,3,0.037359,0.021741,0.014428,0.586391,0.029999,0.279511,0.030571
995_49_806_922,3,3,0.007676,0.0054,0.004118,0.914081,0.004487,0.058087,0.006151
995_50_660_777,5,5,0.00463,0.000779,0.00206,0.11486,0.002944,0.872347,0.002379
995_50_491_551,6,3,0.061,0.021189,0.012645,0.501478,0.010733,0.352918,0.040038
996_49_104_205,6,4,0.007699,0.094841,0.022872,0.073279,0.537071,0.021998,0.242241
996_50_1121_1202,6,3,0.055889,0.042134,0.040333,0.541973,0.16488,0.03757,0.117221
996_49_1462_1894,3,3,0.012345,0.013342,0.006375,0.921654,0.011803,0.019424,0.015057
996_50_223_259,6,3,0.051906,0.155221,0.068719,0.304418,0.082218,0.088188,0.249329
996_50_875_985,1,3,0.097065,0.075,0.019727,0.567179,0.074134,0.090981,0.075914
996_50_1313_1443,6,1,0.102501,0.265865,0.02793,0.232714,0.164801,0.045236,0.160954
996_50_594_695,1,1,0.030473,0.420953,0.048363,0.129353,0.170191,0.095199,0.105468
996_49_1002_1077,3,3,0.018426,0.045141,0.016648,0.787098,0.033781,0.024412,0.074493
996_49_435_576,1,3,0.010798,0.057111,0.034247,0.731678,0.037252,0.035139,0.093775
996_50_31_74,6,3,0.061485,0.028711,0.042217,0.573559,0.031035,0.074259,0.188734
996_49_1208_1285,3,3,0.009028,0.022193,0.010201,0.796316,0.00873,0.128404,0.025129
996_49_716_826,1,1,0.036652,0.644763,0.039501,0.104052,0.101791,0.043571,0.02967
996_50_368_417,6,6,0.060708,0.089484,0.1484,0.08868,0.200058,0.116253,0.296416
996_50_1924_2020,6,3,0.024672,0.019824,0.028565,0.658703,0.05625,0.020119,0.191867
996_49_276_331,3,3,0.007606,0.013766,0.013427,0.841854,0.080183,0.010037,0.033127
998_50_107_128,5,5,0.053613,0.053417,0.036802,0.044835,0.014023,0.621725,0.175584
998_49_1080_1565,3,3,0.013009,0.010653,0.011241,0.904041,0.021747,0.028415,0.010894
998_50_1609_1709,3,3,0.016637,0.006728,0.004224,0.920443,0.010151,0.034633,0.007184
998_49_149_245,3,3,0.009146,0.012402,0.006625,0.889249,0.007126,0.021553,0.053899
998_49_573_695,3,3,0.006036,0.002484,0.004237,0.947704,0.005572,0.007538,0.026428
998_49_1718_1783,3,3,0.008931,0.002733,0.002018,0.955709,0.003487,0.018148,0.008974
998_50_260_339,3,5,0.008424,0.006027,0.009413,0.372126,0.034385,0.562737,0.006888
998_50_995_1049,4,4,0.023453,0.117635,0.052189,0.097252,0.570394,0.010761,0.128315
998_50_467_557,3,3,0.016171,0.015139,0.01527,0.815625,0.069691,0.018469,0.049636
998_49_31_88,3,3,0.056844,0.074859,0.032192,0.379642,0.023578,0.258007,0.174877
998_49_368_446,3,3,0.007651,0.005734,0.004964,0.9437,0.006515,0.014669,0.016767
998_49_823_906,3,3,0.023875,0.043731,0.010947,0.768574,0.015433,0.041911,0.095528
998_50_728_792,4,3,0.041177,0.008941,0.007813,0.756598,0.069022,0.080353,0.036096
1641_83_2425_2584,6,6,0.025751,0.107427,0.040604,0.12032,0.020392,0.17022,0.515285
1641_83_97_219,3,3,0.011771,0.020073,0.096751,0.710709,0.025693,0.021893,0.11311
1641_84_1082_1334,3,3,0.01981,0.043402,0.0094,0.701314,0.021902,0.063142,0.14103
1641_84_2691_2768,4,3,0.018374,0.066079,0.027302,0.41105,0.023678,0.14713,0.306386
1641_84_1412_1497,6,6,0.032833,0.136665,0.13242,0.204042,0.157023,0.084633,0.252384
1641_84_3429_3660,3,3,0.081177,0.030406,0.011616,0.810398,0.013715,0.039743,0.012943
1641_84_3145_3196,1,3,0.072545,0.066133,0.02596,0.364306,0.014611,0.327144,0.129302
1641_84_3259_3337,1,3,0.067596,0.079781,0.020749,0.516885,0.016609,0.053162,0.245218
1641_83_2793_2855,6,6,0.014106,0.112048,0.077353,0.200321,0.191179,0.016511,0.388481
1641_83_1345_1389,6,3,0.043516,0.095605,0.050346,0.357405,0.017699,0.166959,0.268469
1641_83_2959_3127,1,4,0.010714,0.203258,0.213897,0.078183,0.24522,0.076529,0.172199
1641_84_2056_2227,3,3,0.088336,0.091417,0.006525,0.734106,0.011318,0.035821,0.032477
1641_84_1734_1856,3,3,0.009137,0.006746,0.005229,0.776672,0.011929,0.016758,0.173529
1641_84_584_643,3,3,0.015992,0.024054,0.016641,0.773095,0.025962,0.03049,0.113766
1641_83_1520_1715,6,1,0.185868,0.411504,0.097568,0.082177,0.036981,0.131141,0.05476
1641_83_3360_3413,6,6,0.026231,0.1085,0.072938,0.1798,0.024066,0.168561,0.419904
1641_83_1889_2040,6,6,0.043459,0.122033,0.088086,0.151289,0.082402,0.167121,0.34561
1641_83_842_883,6,3,0.013767,0.03563,0.112223,0.637648,0.018724,0.029012,0.152996
1641_83_946_1051,6,3,0.068483,0.061917,0.029106,0.321603,0.024275,0.255608,0.239007
1641_83_270_571,6,3,0.023057,0.044951,0.031211,0.760894,0.015707,0.032117,0.092062
1641_84_2317_2409,1,3,0.037562,0.220682,0.069489,0.274952,0.032042,0.208699,0.156573
1641_83_3213_3229,6,3,0.013642,0.018055,0.014434,0.553249,0.004838,0.10128,0.294501
1641_83_2256_2300,6,6,0.047838,0.153715,0.107917,0.196699,0.067435,0.117568,0.308828
1641_83_2659_2674,5,5,0.014671,0.06402,0.083081,0.292975,0.015896,0.489706,0.039651
1641_84_2887_2943,6,3,0.011119,0.012203,0.025101,0.632292,0.030458,0.173895,0.114931
1641_84_31_66,3,3,0.019694,0.035077,0.008216,0.782938,0.009785,0.014151,0.130138
1641_84_2608_2637,3,3,0.047132,0.099932,0.022276,0.57437,0.028472,0.055223,0.172595
1641_84_239_243,3,3,0.010936,0.012119,0.01276,0.864023,0.016368,0.014013,0.06978
1641_84_898_913,3,3,0.016016,0.056056,0.030551,0.541614,0.062776,0.046969,0.246019
1642_84_2199_2633,0,3,0.104843,0.210762,0.036869,0.286307,0.025701,0.236843,0.098674
1642_84_88_130,3,3,0.023362,0.052024,0.017272,0.709547,0.045536,0.049141,0.103118
1642_84_1258_1328,3,3,0.017512,0.063018,0.008271,0.812653,0.019396,0.037735,0.041415
1642_84_1101_1200,3,3,0.03135,0.052979,0.008327,0.76224,0.007607,0.068976,0.068521
1642_84_236_460,3,3,0.014603,0.024268,0.016762,0.767244,0.036235,0.04901,0.091878
1642_83_1331_1463,1,1,0.092716,0.6289,0.043865,0.078438,0.043986,0.068377,0.043717
1642_84_522_956,1,1,0.069686,0.470964,0.058969,0.200528,0.06222,0.067884,0.069749
1642_83_143_226,5,6,0.056842,0.1637,0.150607,0.207672,0.056275,0.085152,0.279752
1642_83_2040_2189,1,1,0.040529,0.508454,0.047553,0.072716,0.189968,0.049655,0.091123
1642_83_1725_1980,1,3,0.046437,0.165489,0.054461,0.408209,0.043825,0.065282,0.216297
1642_83_2634_2710,5,1,0.048257,0.280936,0.076309,0.183263,0.024624,0.25735,0.12926
1642_84_1465_1720,1,1,0.048141,0.406074,0.060855,0.210128,0.029591,0.148094,0.097116
1642_83_1201_1257,5,5,0.017846,0.026311,0.025669,0.198524,0.017684,0.622968,0.090998
1642_84_1981_2019,3,3,0.008905,0.00952,0.006633,0.898177,0.011627,0.048789,0.016348
1642_83_958_1099,5,6,0.027593,0.203734,0.207094,0.163099,0.090142,0.090841,0.217497
1642_83_461_520,5,5,0.011535,0.01053,0.010944,0.399509,0.013842,0.526273,0.027367
1642_83_31_77,5,3,0.018239,0.063912,0.068242,0.329648,0.085241,0.115081,0.319637
1643_84_2020_2534,1,1,0.103469,0.468373,0.015891,0.152175,0.03245,0.194163,0.033478
1643_83_123_210,2,3,0.025009,0.270166,0.088279,0.327869,0.070581,0.080388,0.137707
1643_83_1258_1384,5,6,0.019368,0.088574,0.103267,0.22802,0.027725,0.186405,0.346642
1643_84_881_1243,3,3,0.024441,0.106419,0.018226,0.524005,0.039767,0.041386,0.245756
1643_84_214_256,3,3,0.018623,0.0317,0.008888,0.54429,0.007013,0.379882,0.009603
1643_84_2796_3080,3,3,0.024059,0.044591,0.009405,0.63468,0.025137,0.107642,0.154485
1643_83_2733_2773,5,3,0.021801,0.033286,0.043226,0.599168,0.019018,0.082868,0.200633
1643_84_1392_1737,3,3,0.182518,0.220015,0.011767,0.411901,0.030926,0.040695,0.102177
1643_83_2535_2621,6,3,0.03534,0.200223,0.069892,0.289642,0.033593,0.096106,0.275205
1643_83_1741_1892,5,5,0.012119,0.053828,0.022006,0.127473,0.015557,0.752363,0.016654
1643_83_566_777,5,0,0.291828,0.142956,0.0351,0.263122,0.029833,0.191012,0.046149
1643_84_2631_2723,3,3,0.016449,0.027437,0.00813,0.826708,0.012546,0.019336,0.089394
1643_84_31_116,0,0,0.241945,0.19876,0.042694,0.228375,0.012763,0.239149,0.036314
1643_84_1901_1992,5,5,0.015974,0.015129,0.009467,0.452624,0.005529,0.490088,0.01119
1643_84_309_556,0,1,0.154838,0.4445,0.044803,0.157531,0.018725,0.094841,0.084762
1643_83_829_872,5,1,0.196009,0.404456,0.029389,0.09603,0.010631,0.130581,0.132902
1643_83_257_303,6,3,0.012377,0.028429,0.029744,0.613293,0.019729,0.029607,0.266821
1643_84_778_819,3,3,0.033848,0.043756,0.005763,0.76231,0.00678,0.138087,0.009457
1643_83_1993_2011,5,5,0.016435,0.044796,0.047671,0.125791,0.021184,0.672248,0.071875
1644_83_2468_2541,3,3,0.027491,0.066293,0.047319,0.521624,0.026075,0.166982,0.144216
1644_84_111_220,3,3,0.009381,0.005912,0.006554,0.839532,0.006175,0.11685,0.015597
1644_84_1180_1588,1,1,0.232529,0.471988,0.021228,0.085082,0.024427,0.072215,0.092532
1644_84_1802_2302,0,1,0.085949,0.312163,0.031755,0.241549,0.057848,0.118992,0.151743
1644_83_1607_1801,5,5,0.039703,0.14834,0.107259,0.124684,0.037281,0.406495,0.136239
1644_83_233_366,5,1,0.056907,0.327323,0.032416,0.313712,0.028133,0.084672,0.156837
1644_84_896_939,6,3,0.129107,0.193812,0.010977,0.46398,0.036244,0.050353,0.115527
1644_83_943_963,5,5,0.014681,0.01841,0.01527,0.037722,0.004296,0.823164,0.086458
1644_83_2303_2423,5,3,0.029084,0.059701,0.019907,0.492532,0.018218,0.219867,0.160691
1644_83_499_662,5,5,0.016276,0.120077,0.085724,0.236452,0.020855,0.426042,0.094574
1644_83_1128_1172,5,1,0.238978,0.306679,0.019996,0.068869,0.01754,0.270885,0.077052
1644_84_1043_1120,5,5,0.024871,0.024559,0.006544,0.076338,0.005343,0.85517,0.007174
1644_84_369_497,1,3,0.028975,0.387541,0.013586,0.396258,0.023381,0.101889,0.04837
1644_84_31_64,3,3,0.021238,0.022925,0.010625,0.812854,0.00902,0.107102,0.016237
1644_84_2430_2467,5,5,0.016742,0.009315,0.005503,0.100416,0.005906,0.843811,0.018307
1644_83_716_895,5,1,0.123564,0.54772,0.047856,0.073253,0.047922,0.1035,0.056185
1644_83_68_110,3,3,0.016557,0.008192,0.013994,0.820763,0.012881,0.079814,0.047798
1644_84_663_698,3,3,0.010734,0.004805,0.008492,0.91629,0.006055,0.042725,0.0109
1644_84_966_994,3,3,0.113188,0.292259,0.016708,0.321574,0.021136,0.119912,0.115223
1644_83_1003_1027,5,5,0.040257,0.228557,0.120313,0.041109,0.106196,0.433305,0.030263
1646_84_2404_2563,1,3,0.034152,0.160195,0.026171,0.532756,0.054364,0.059469,0.132893
1646_83_89_145,5,5,0.075514,0.222908,0.0724,0.050521,0.025016,0.300185,0.253455
1646_84_1155_1298,1,1,0.085099,0.305417,0.092894,0.202967,0.10868,0.103786,0.101159
1646_84_1941_2215,0,3,0.052793,0.17353,0.051975,0.357422,0.063268,0.127713,0.173299
1646_83_1599_1695,1,5,0.053766,0.146863,0.102097,0.063146,0.024346,0.347903,0.261878
1646_84_146_322,0,3,0.053643,0.302303,0.008703,0.487446,0.028449,0.047647,0.071809
1646_84_1714_1882,5,3,0.018445,0.095949,0.040574,0.369595,0.022041,0.098986,0.354409
1646_84_1409_1586,1,1,0.06701,0.524139,0.021329,0.189376,0.041776,0.107573,0.048797
1646_83_2216_2390,0,1,0.111006,0.378815,0.047937,0.063608,0.105855,0.258826,0.033953
1646_83_2604_2702,0,1,0.26927,0.651597,0.013354,0.010473,0.025608,0.008918,0.02078
1646_84_939_1115,0,1,0.145997,0.369197,0.116717,0.073403,0.080469,0.100827,0.11339
1646_83_1309_1405,0,1,0.070247,0.244396,0.060261,0.160328,0.078291,0.201135,0.185342
1646_83_447_638,0,0,0.46743,0.393646,0.015367,0.010949,0.011789,0.08147,0.019349
1646_83_334_407,1,1,0.321217,0.500983,0.03696,0.009732,0.014161,0.105174,0.011773
1646_84_31_80,0,3,0.016928,0.182809,0.016254,0.574998,0.133207,0.04076,0.035044
1646_83_1889_1939,1,5,0.116341,0.107098,0.029267,0.076905,0.007905,0.415215,0.247269
1646_83_1117_1139,1,6,0.060837,0.222503,0.076504,0.095837,0.048747,0.20431,0.291262
1646_84_661_820,1,0,0.256198,0.203293,0.047245,0.191153,0.016151,0.237247,0.048711
1646_83_829_921,5,5,0.033719,0.204297,0.048439,0.19644,0.050809,0.238998,0.227298
1646_84_407_437,0,5,0.113965,0.056541,0.01767,0.084913,0.007932,0.667586,0.051393
1647_83_2377_2584,1,4,0.047613,0.246587,0.186172,0.055071,0.397031,0.031531,0.035995
1647_84_31_157,1,3,0.015865,0.090735,0.025034,0.63978,0.052919,0.049,0.126667
1647_84_1187_1521,1,5,0.017635,0.21171,0.056525,0.116986,0.029194,0.504385,0.063565
1647_83_1094_1186,5,5,0.020245,0.041596,0.033185,0.059676,0.012008,0.80951,0.02378
1647_83_172_376,5,0,0.31424,0.255271,0.021886,0.04453,0.026807,0.287316,0.04995
1647_84_2874_3036,0,1,0.080137,0.37092,0.061247,0.129153,0.017838,0.250914,0.089791
1647_83_2709_2868,1,1,0.280015,0.560659,0.032012,0.024966,0.032177,0.038811,0.031361
1647_84_3151_3405,1,3,0.018799,0.083952,0.030187,0.398563,0.053042,0.073301,0.342155
1647_84_909_1081,5,5,0.012411,0.048256,0.035028,0.232856,0.032112,0.560776,0.078561
1647_83_1949_2243,1,6,0.022526,0.118687,0.078788,0.133,0.120789,0.13114,0.395069
1647_83_1744_1863,0,1,0.156082,0.478124,0.01867,0.11685,0.021334,0.179741,0.029198
1647_84_525_739,1,3,0.0427,0.163553,0.045408,0.403672,0.150559,0.086873,0.107235
1647_84_2589_2701,1,1,0.028601,0.38999,0.032322,0.134008,0.07944,0.097786,0.237852
1647_83_1522_1695,1,1,0.095909,0.316564,0.054348,0.07488,0.080647,0.083011,0.29464
1647_84_2249_2341,1,3,0.045267,0.22091,0.023693,0.32515,0.114722,0.021606,0.248652
1647_84_1870_1914,3,3,0.094516,0.276101,0.031911,0.3313,0.023276,0.176343,0.066554
1647_83_740_905,5,5,0.025694,0.039895,0.010871,0.115781,0.029136,0.761936,0.016687
1647_83_3047_3139,1,1,0.053957,0.288593,0.204287,0.081513,0.062202,0.124354,0.185094
1647_84_389_490,6,3,0.056419,0.124896,0.035652,0.401701,0.092787,0.082982,0.205562
1647_83_492_523,6,3,0.017328,0.087119,0.046665,0.443027,0.104329,0.026184,0.275348
1647_84_1699_1731,3,3,0.039064,0.102254,0.043982,0.334178,0.143413,0.065553,0.271556
1648_84_2183_2566,0,1,0.321753,0.437664,0.011824,0.082728,0.018101,0.107058,0.020872
1648_83_31_143,4,5,0.083548,0.272586,0.07234,0.040773,0.021896,0.401588,0.10727
1648_84_1167_1317,3,1,0.362226,0.384154,0.016279,0.102205,0.012933,0.052626,0.069578
1648_84_159_339,4,3,0.022504,0.134935,0.035481,0.386441,0.057235,0.050061,0.313342
1648_83_2865_2916,4,1,0.168204,0.313966,0.051252,0.123676,0.018821,0.250046,0.074034
1648_84_2691_2843,3,0,0.422541,0.376948,0.010548,0.062277,0.024354,0.087611,0.015722
1648_83_1440_1517,4,5,0.053846,0.115136,0.023528,0.116563,0.024233,0.549889,0.116806
1648_84_3388_3641,3,3,0.045677,0.031627,0.035405,0.694392,0.04258,0.111467,0.038852
1648_84_2924_3250,3,3,0.03578,0.155324,0.02558,0.463671,0.017874,0.287927,0.013844
1648_83_3269_3365,4,1,0.193827,0.369258,0.013704,0.26513,0.02851,0.020044,0.109527
1648_83_2571_2681,4,1,0.098724,0.487785,0.056499,0.098873,0.056551,0.109837,0.091731
1648_84_633_996,4,5,0.032013,0.122939,0.076645,0.224632,0.040664,0.327658,0.175448
1648_83_1327_1379,4,1,0.243484,0.462649,0.028047,0.088794,0.026155,0.057425,0.093446
1648_83_999_1158,3,3,0.018263,0.038504,0.030827,0.600169,0.037502,0.18213,0.092605
1648_83_1961_2178,4,1,0.029578,0.56589,0.136235,0.077958,0.084559,0.029699,0.076081
1648_84_1523_1948,3,1,0.07463,0.323028,0.024006,0.249916,0.025185,0.209156,0.094079
1648_83_546_628,0,6,0.047971,0.252716,0.096635,0.136074,0.074737,0.045422,0.346446
1648_83_3650_3827,3,3,0.049827,0.057856,0.018501,0.65676,0.097997,0.041016,0.078044
1648_84_1385_1430,3,5,0.143461,0.232105,0.014253,0.232617,0.015074,0.320955,0.041534
1648_83_344_361,5,5,0.061797,0.069319,0.030257,0.099198,0.009318,0.542966,0.187145
1648_84_377_531,0,1,0.073312,0.3376,0.072561,0.283965,0.08932,0.068033,0.07521
1649_83_2470_2519,1,0,0.526214,0.164584,0.016824,0.048027,0.009321,0.151936,0.083094
1649_84_31_367,3,3,0.021573,0.059073,0.014966,0.731134,0.026746,0.039879,0.106629
1649_83_1273_1348,0,0,0.522058,0.172148,0.007197,0.029995,0.00803,0.252133,0.00844
1649_84_1024_1267,0,3,0.113893,0.062956,0.018218,0.552,0.022601,0.089038,0.141295
1649_83_2733_2880,2,3,0.026726,0.132927,0.020775,0.623738,0.025215,0.098526,0.072092
1649_84_1352_1536,3,1,0.278417,0.369962,0.012258,0.121647,0.012944,0.180677,0.024095
1649_84_2545_2728,0,0,0.43404,0.384172,0.013012,0.070584,0.013225,0.055902,0.029066
1649_84_801_964,3,0,0.301618,0.29,0.016605,0.171419,0.031202,0.153182,0.035974
1649_84_2032_2092,3,3,0.015614,0.082832,0.012003,0.739868,0.035879,0.053299,0.060505
1649_83_1540_1780,1,3,0.01353,0.0434,0.038758,0.484034,0.122132,0.071404,0.226741
1649_83_371_796,1,3,0.064556,0.106473,0.021818,0.62998,0.054793,0.105019,0.017361
1649_84_2138_2466,3,3,0.031773,0.071665,0.008016,0.553438,0.021083,0.092888,0.221136
1649_84_1785_1906,3,3,0.026421,0.061833,0.010017,0.744731,0.020682,0.090923,0.045392
1649_83_2007_2030,5,5,0.061843,0.15246,0.034778,0.057568,0.014675,0.491268,0.187407
1649_84_1947_1998,4,3,0.049196,0.367378,0.008045,0.383059,0.017132,0.112062,0.063128
1649_83_969_1011,5,5,0.064194,0.087549,0.020395,0.103795,0.010435,0.674055,0.039577
1649_83_1915_1942,5,5,0.068339,0.088852,0.03296,0.084872,0.015505,0.560427,0.149045
1649_83_2106_2133,2,6,0.011866,0.034221,0.041748,0.368597,0.011402,0.084206,0.44796
1650_84_31_217,3,1,0.084827,0.5224,0.02319,0.179448,0.03146,0.094869,0.063807
1650_84_1139_1522,3,3,0.023486,0.071307,0.009362,0.452411,0.018231,0.039495,0.385706
1650_84_2006_2132,0,1,0.421779,0.436316,0.010347,0.01561,0.010974,0.093764,0.011211
1650_83_222_412,3,3,0.020114,0.053697,0.016126,0.526078,0.014094,0.057143,0.312748
1650_83_1778_1882,1,3,0.058642,0.077387,0.020704,0.509078,0.014827,0.029034,0.290328
1650_83_2152_2246,1,3,0.051595,0.044231,0.041993,0.499084,0.047646,0.140862,0.174589
1650_84_861_1000,3,3,0.04039,0.27488,0.018197,0.427561,0.042089,0.119904,0.07698
1650_84_2283_2417,0,3,0.232049,0.167624,0.018979,0.4105,0.022952,0.066666,0.081229
1650_84_521_594,3,1,0.057237,0.406773,0.017939,0.298451,0.020853,0.063434,0.135313
1650_83_1016_1136,1,5,0.067498,0.141155,0.0212,0.120969,0.026637,0.412079,0.210461
1650_84_441_488,3,3,0.111453,0.192137,0.013794,0.355747,0.01499,0.263217,0.048661
1650_83_761_847,1,0,0.271532,0.264538,0.039642,0.030757,0.049819,0.251315,0.092396
1650_84_1896_1954,3,1,0.12161,0.48976,0.023607,0.113831,0.163998,0.021083,0.06611
1650_84_645_746,0,1,0.054643,0.386673,0.028525,0.220694,0.059596,0.02731,0.22256
1650_83_1541_1663,1,6,0.025922,0.138543,0.107135,0.209577,0.095264,0.054167,0.369392
1650_84_1685_1755,0,5,0.06809,0.105689,0.00994,0.049066,0.008268,0.747126,0.011821
1650_83_494_509,5,3,0.034887,0.13297,0.065884,0.282698,0.040486,0.191637,0.251439
1650_83_1969_1985,4,5,0.030959,0.038107,0.026988,0.037304,0.014476,0.782473,0.069693
1650_83_612_629,1,5,0.032228,0.051454,0.035152,0.04864,0.01625,0.751475,0.064802
1651_83_121_248,3,3,0.021892,0.019112,0.013705,0.823589,0.014503,0.06443,0.04277
1651_83_1191_1386,4,1,0.038291,0.356968,0.06088,0.154905,0.072421,0.129807,0.186728
1651_84_2877_2935,3,1,0.049396,0.34305,0.014897,0.331798,0.072211,0.084455,0.104193
1651_83_2647_2868,6,5,0.030242,0.278367,0.070346,0.092029,0.095163,0.278543,0.155311
1651_84_1391_1491,0,1,0.059217,0.354482,0.024371,0.314833,0.029567,0.104104,0.113426
1651_84_3369_3608,3,3,0.018867,0.040786,0.017502,0.541196,0.052305,0.042676,0.286669
1651_84_2977_3224,3,3,0.045544,0.184165,0.019016,0.413921,0.04096,0.092375,0.204019
1651_83_3232_3362,5,6,0.017963,0.185265,0.063893,0.212436,0.036078,0.230929,0.253436
1651_84_2507_2637,3,3,0.056206,0.261407,0.049237,0.282799,0.060191,0.254031,0.036129
1651_84_918_1172,3,3,0.05045,0.147016,0.057379,0.427071,0.114696,0.091335,0.112053
1651_83_2944_2968,5,5,0.01949,0.030706,0.013422,0.172978,0.008967,0.421196,0.333241
1651_83_2044_2142,5,5,0.025911,0.065449,0.01897,0.076886,0.009981,0.685557,0.117246
1651_84_1661_1874,0,5,0.014689,0.089552,0.054977,0.124072,0.017315,0.650162,0.049234
1651_84_475_706,3,3,0.010657,0.010337,0.018661,0.563806,0.021033,0.364669,0.010838
1651_83_2300_2473,1,3,0.015749,0.043463,0.019059,0.542179,0.012492,0.220774,0.146284
1651_83_1513_1648,1,6,0.030127,0.185605,0.054873,0.063274,0.140026,0.201827,0.324268
1651_84_2147_2292,0,3,0.032874,0.179033,0.054316,0.301728,0.019908,0.139494,0.272649
1651_83_1883_1917,5,6,0.055805,0.20157,0.02454,0.13279,0.013254,0.218627,0.353414
1651_84_31_114,4,3,0.007595,0.001751,0.005296,0.937975,0.003581,0.039397,0.004404
1651_84_1928_2041,1,1,0.030306,0.26764,0.063022,0.255753,0.039988,0.230661,0.112629
1651_83_728_908,3,3,0.047802,0.181248,0.024697,0.367435,0.036102,0.044708,0.298009
1651_83_326_456,3,3,0.049724,0.167969,0.022961,0.526032,0.029779,0.053934,0.1496
1651_84_257_312,3,3,0.018552,0.010377,0.004625,0.614416,0.005834,0.336846,0.009349
1653_83_2478_2694,4,1,0.079394,0.368735,0.108474,0.085017,0.074583,0.067365,0.216433
1653_84_66_132,0,5,0.303063,0.153861,0.010983,0.034584,0.021351,0.464054,0.012104
1653_84_1152_1295,4,1,0.167343,0.45685,0.018414,0.211522,0.040881,0.067718,0.037272
1653_84_192_272,0,5,0.105576,0.089487,0.046535,0.108475,0.00958,0.591678,0.048669
1653_84_2702_2878,0,5,0.023455,0.077065,0.248902,0.127026,0.02767,0.448569,0.047312
1653_84_1440_1481,5,5,0.018442,0.06804,0.018822,0.076589,0.009064,0.785089,0.023953
1653_84_847_1059,3,5,0.201396,0.252196,0.043074,0.144593,0.038479,0.28474,0.035523
1653_83_1307_1433,2,2,0.021825,0.233819,0.387317,0.036479,0.175586,0.041791,0.103181
1653_83_2898_3027,4,1,0.168669,0.436979,0.086754,0.029231,0.144066,0.037585,0.096716
1653_83_1064_1149,1,1,0.326411,0.43615,0.074162,0.009942,0.016948,0.072278,0.064109
1653_84_2017_2193,5,5,0.025666,0.026972,0.012838,0.035663,0.009201,0.875674,0.013986
1653_84_2403_2471,4,5,0.01132,0.050591,0.037681,0.265799,0.032391,0.50242,0.099799
1653_83_1580_1721,2,1,0.265237,0.360941,0.035161,0.042637,0.045838,0.024615,0.22557
1653_83_1490_1535,4,6,0.107102,0.189299,0.04669,0.070711,0.032235,0.054704,0.499258
1653_84_526_635,4,5,0.013577,0.025681,0.010638,0.034972,0.008974,0.880157,0.026002
1653_83_2206_2391,1,3,0.055926,0.048112,0.03295,0.532003,0.03692,0.170819,0.12327
1653_83_1771_2008,2,1,0.034007,0.263544,0.201057,0.095535,0.08427,0.086766,0.234822
1653_84_678_789,0,5,0.269005,0.077802,0.015158,0.051206,0.012814,0.562803,0.011212
1653_83_650_664,4,4,0.013083,0.174529,0.069103,0.068119,0.377742,0.012584,0.28484
1653_84_332_460,0,5,0.059372,0.142165,0.01177,0.015463,0.011691,0.751,0.00854
1653_83_142_180,4,2,0.019291,0.218436,0.430179,0.068996,0.123491,0.035105,0.104503
1653_83_471_505,1,1,0.136661,0.479801,0.028138,0.057646,0.105008,0.012449,0.180297
1653_83_799_839,4,1,0.166851,0.400962,0.120503,0.03383,0.051199,0.123772,0.102882
1653_83_287_322,4,1,0.13016,0.55761,0.038375,0.043561,0.084349,0.018997,0.126948
1653_83_31_53,4,1,0.183103,0.470375,0.09712,0.014045,0.198545,0.011853,0.024959
1653_84_1538_1541,4,6,0.01793,0.052318,0.013636,0.236379,0.05821,0.02342,0.598108
1653_84_3035_3057,0,5,0.093591,0.054332,0.019315,0.113378,0.016051,0.678967,0.024366
1653_84_1723_1751,2,3,0.013258,0.088878,0.045239,0.448239,0.038602,0.155301,0.210483
1654_83_111_161,4,4,0.030776,0.200838,0.090648,0.015437,0.533396,0.004889,0.124016
1654_84_1107_1314,0,0,0.417152,0.21728,0.017455,0.187218,0.042913,0.049241,0.06874
1654_84_1930_2118,1,1,0.185384,0.61705,0.027164,0.043088,0.050019,0.038311,0.038984
1654_83_1480_1907,4,1,0.108953,0.523036,0.086059,0.047947,0.085999,0.109266,0.038739
1654_84_932_990,0,1,0.17174,0.401704,0.067119,0.069355,0.069168,0.137407,0.083508
1654_84_176_206,4,5,0.059243,0.22136,0.082881,0.084089,0.045439,0.321026,0.185962
1654_83_1334_1395,4,1,0.153394,0.572184,0.033335,0.029058,0.066638,0.0171,0.12829
1654_83_581_906,4,6,0.055044,0.233861,0.092011,0.071723,0.111187,0.039912,0.396261
1654_84_281_347,0,1,0.050062,0.326592,0.136799,0.033779,0.030661,0.165776,0.256331
1654_83_1018_1090,4,1,0.143035,0.389719,0.038736,0.095941,0.106818,0.026753,0.198998
1654_83_375_497,4,6,0.042113,0.182264,0.045399,0.105754,0.132348,0.035492,0.456629
1654_84_31_93,4,4,0.017204,0.179453,0.12343,0.073615,0.445761,0.101526,0.059011
1654_84_1412_1460,1,1,0.079688,0.731241,0.014393,0.051097,0.048941,0.056163,0.018477
1654_84_510_549,0,1,0.247275,0.467291,0.044629,0.033598,0.02482,0.152173,0.030215
1654_83_2128_2176,4,3,0.019319,0.022655,0.035018,0.573795,0.040945,0.075706,0.232562
1654_83_223_247,4,6,0.064749,0.303524,0.035929,0.055074,0.082902,0.045881,0.41194
1655_84_115_167,1,1,0.186467,0.378279,0.042256,0.168098,0.01668,0.088195,0.120026
1655_84_1135_1317,1,0,0.727786,0.135093,0.015082,0.03783,0.012618,0.038267,0.033325
1655_84_2047_2117,1,1,0.080834,0.611814,0.054701,0.063556,0.023944,0.025883,0.139269
1655_84_1642_1734,1,3,0.085756,0.076922,0.009455,0.733449,0.013098,0.038333,0.042987
1655_83_200_267,4,4,0.044855,0.210514,0.198687,0.144018,0.276575,0.040984,0.084368
1655_83_1762_1890,2,2,0.078368,0.261744,0.419213,0.025968,0.113143,0.054983,0.046582
1655_83_1332_1615,4,1,0.070067,0.560455,0.099747,0.019226,0.131197,0.06732,0.051989
1655_83_2152_2218,0,0,0.430948,0.428891,0.030371,0.037285,0.01212,0.02973,0.030656
1655_84_927_1039,1,5,0.164279,0.151755,0.042429,0.203851,0.034433,0.210284,0.192969
1655_83_523_642,1,1,0.376727,0.512073,0.037749,0.010855,0.028223,0.013139,0.021233
1655_83_1059_1115,1,1,0.23529,0.401085,0.026526,0.063634,0.018834,0.042437,0.212194
1655_84_300_350,1,6,0.107175,0.171297,0.064755,0.099429,0.034246,0.203548,0.319551
1655_84_395_506,1,3,0.027859,0.148169,0.036663,0.489769,0.116016,0.067877,0.113647
1655_84_31_57,1,1,0.173124,0.484638,0.046082,0.026521,0.158633,0.028017,0.082984
1655_83_71_97,1,1,0.293061,0.407259,0.044075,0.026673,0.026636,0.099369,0.102928
1655_84_671_815,1,1,0.100759,0.577199,0.034958,0.115222,0.059427,0.038617,0.073818
1655_84_1909_1971,1,1,0.250497,0.495585,0.053731,0.043504,0.043048,0.067727,0.045908
1655_83_838_912,0,0,0.359691,0.157361,0.015993,0.241892,0.026638,0.133117,0.065308
1655_83_1993_2020,4,1,0.091391,0.572161,0.037784,0.052618,0.026447,0.073115,0.146484
1655_83_377_381,4,6,0.03287,0.072707,0.030724,0.238606,0.093991,0.029576,0.501526
1657_83_2449_2563,1,3,0.038558,0.197201,0.023734,0.384509,0.02774,0.032436,0.295821
1657_83_88_165,6,6,0.019767,0.116837,0.075885,0.245609,0.170289,0.026752,0.34486
1657_83_1175_1272,6,6,0.032062,0.087821,0.107622,0.236034,0.054601,0.072677,0.409183
1657_84_208_309,3,3,0.041729,0.244188,0.041077,0.338229,0.032404,0.190959,0.111413
1657_84_2787_2907,3,3,0.009652,0.004309,0.010804,0.819768,0.006809,0.139773,0.008886
1657_83_2630_2764,6,6,0.110172,0.263201,0.042676,0.066519,0.049635,0.078631,0.389167
1657_84_3105_3201,1,5,0.040767,0.261241,0.034166,0.177649,0.018965,0.417913,0.049298
1657_84_881_957,4,1,0.018531,0.403457,0.218973,0.034086,0.061563,0.219766,0.043624
1657_84_1315_1448,6,3,0.014022,0.108868,0.042732,0.654467,0.021059,0.05796,0.100891
1657_83_2940_3095,4,1,0.308511,0.398587,0.024473,0.069715,0.026431,0.130212,0.042072
1657_84_1055_1155,3,3,0.017243,0.085945,0.015818,0.627403,0.045626,0.023705,0.184262
1657_84_1927_2140,6,3,0.051036,0.132353,0.008959,0.440583,0.017435,0.02127,0.328363
1657_84_503_687,0,5,0.039596,0.118047,0.044748,0.244082,0.016387,0.360358,0.176782
1657_83_1652_1759,3,6,0.032584,0.120567,0.02969,0.247917,0.032052,0.018856,0.518334
1657_83_1481_1553,6,3,0.040642,0.056778,0.047682,0.416909,0.012936,0.264886,0.160168
1657_84_2241_2449,3,3,0.015024,0.01,0.008203,0.81995,0.008066,0.121869,0.016888
1657_83_2183_2222,5,3,0.01854,0.073823,0.079944,0.304839,0.114239,0.280825,0.127789
1657_83_1873_1898,6,5,0.036434,0.12134,0.049694,0.1489,0.018585,0.350198,0.27485
1657_84_1573_1619,6,3,0.009399,0.010344,0.008513,0.847936,0.005244,0.081149,0.037414
1657_84_1780_1858,3,3,0.027618,0.034054,0.01608,0.693046,0.013925,0.153471,0.061806
1657_83_957_1007,6,1,0.070355,0.514659,0.044719,0.079511,0.062769,0.030976,0.197012
1657_83_727_845,1,1,0.030992,0.464105,0.05712,0.034677,0.165847,0.015059,0.2322
1657_84_2586_2606,5,5,0.052879,0.051306,0.016316,0.12825,0.009338,0.660384,0.081526
1657_83_343_477,1,1,0.066344,0.592945,0.060988,0.112992,0.031957,0.027505,0.107268
1657_84_31_60,3,3,0.013088,0.014777,0.05893,0.603381,0.012289,0.226182,0.071353
1658_83_2446_2501,5,5,0.01472,0.047995,0.120997,0.118885,0.032846,0.630635,0.033922
1658_84_114_167,5,1,0.160333,0.362202,0.034633,0.030039,0.013272,0.314036,0.085485
1658_84_1147_1568,1,1,0.086554,0.358481,0.105847,0.0731,0.165007,0.074388,0.136624
1658_84_2799_3054,1,0,0.412589,0.403009,0.03942,0.020705,0.023598,0.068177,0.032502
1658_83_2729_2759,6,1,0.165863,0.507492,0.048662,0.113833,0.083113,0.028399,0.052639
1658_84_2516_2713,1,1,0.12442,0.398241,0.084522,0.135734,0.068685,0.090237,0.098161
1658_83_189_230,5,5,0.065355,0.111756,0.037231,0.091797,0.017318,0.622012,0.054532
1658_84_2045_2157,6,1,0.048587,0.399868,0.038607,0.129067,0.05079,0.227833,0.105248
1658_83_948_1118,6,5,0.043199,0.123867,0.079729,0.058017,0.081509,0.543406,0.070274
1658_84_1684_1782,1,6,0.045273,0.321091,0.037742,0.190357,0.03725,0.019827,0.348461
1658_83_376_859,1,1,0.078174,0.623414,0.063246,0.03639,0.087678,0.035716,0.075382
1658_84_2230_2425,1,1,0.052485,0.433863,0.123946,0.079725,0.066417,0.108017,0.135547
1658_83_2194_2219,2,5,0.035602,0.146853,0.09972,0.267854,0.024995,0.275751,0.149225
1658_83_1813_1904,5,5,0.049819,0.115863,0.085214,0.06477,0.01219,0.445348,0.226797
1658_83_1973_2031,5,5,0.03087,0.061821,0.165401,0.055251,0.053513,0.41071,0.222435
1658_84_878_907,4,4,0.028904,0.299408,0.096991,0.074543,0.424652,0.030858,0.044644
1658_83_3073_3128,5,5,0.017043,0.046849,0.057317,0.086836,0.1147,0.635582,0.041673
1658_83_31_100,6,1,0.227664,0.409754,0.030068,0.074568,0.014692,0.150404,0.09285
1658_83_1604_1658,6,5,0.067706,0.09914,0.029231,0.042686,0.010692,0.671993,0.078552
1658_84_259_344,1,3,0.026064,0.057443,0.012857,0.718029,0.017096,0.125599,0.042913
1658_84_1935_1946,1,6,0.050249,0.185197,0.051526,0.154385,0.054637,0.070944,0.433062
1659_84_125_206,1,1,0.029415,0.472857,0.051174,0.242435,0.032225,0.047447,0.124446
1659_83_1295_1351,5,6,0.047614,0.032832,0.071659,0.142855,0.050234,0.207922,0.446885
1659_83_1961_2157,1,3,0.017644,0.124874,0.072265,0.284422,0.220567,0.05096,0.229267
1659_83_1182_1197,5,5,0.051738,0.100102,0.031867,0.039599,0.022625,0.622401,0.131668
1659_83_1606_1738,1,0,0.496015,0.276343,0.050251,0.064178,0.060244,0.026995,0.025973
1659_83_234_308,1,6,0.04818,0.163407,0.196351,0.143026,0.024467,0.198895,0.225673
1659_84_1767_1933,0,1,0.407693,0.462426,0.038895,0.018927,0.021919,0.02816,0.02198
1659_84_1374_1595,0,0,0.457616,0.439755,0.030524,0.016579,0.010484,0.029889,0.015152
1659_84_927_1176,1,1,0.277158,0.472577,0.050575,0.026678,0.041935,0.112651,0.018426
1659_84_473_724,1,1,0.060435,0.600547,0.097178,0.06774,0.037328,0.033055,0.103716
1659_84_324_391,1,1,0.105472,0.785454,0.018344,0.047289,0.008977,0.015944,0.018522
1659_83_31_104,6,3,0.02586,0.052679,0.034549,0.48762,0.020104,0.031565,0.347624
1659_83_395_462,1,5,0.052953,0.203669,0.067898,0.23645,0.036579,0.331853,0.070599
1659_84_1223_1271,1,1,0.314878,0.485649,0.045096,0.015672,0.007446,0.070577,0.060682
1659_84_777_832,0,1,0.112877,0.519996,0.037647,0.066482,0.025122,0.104608,0.133269
1659_83_853_909,2,3,0.017748,0.04028,0.109067,0.36112,0.295236,0.094059,0.082489
1659_83_745_766,5,5,0.066788,0.099856,0.029329,0.20671,0.009522,0.470719,0.117076
1660_84_2443_2696,0,0,0.651246,0.269048,0.031409,0.009196,0.011272,0.015394,0.012433
1660_83_98_185,1,3,0.110157,0.200539,0.054815,0.344734,0.055665,0.173983,0.060107
1660_84_1226_1476,0,0,0.670215,0.260511,0.019804,0.009596,0.010703,0.01657,0.012601
1660_83_1166_1214,1,3,0.077761,0.19294,0.032085,0.30572,0.024608,0.092373,0.274511
1660_84_201_312,0,1,0.032876,0.497054,0.170696,0.040648,0.042349,0.082367,0.134012
1660_83_869_974,1,1,0.207727,0.407918,0.026686,0.108634,0.031946,0.129564,0.087525
1660_84_982_1164,0,0,0.798118,0.115066,0.009574,0.007597,0.005958,0.056428,0.007259
1660_84_2058_2129,1,1,0.310063,0.538801,0.030845,0.013248,0.070246,0.018543,0.018253
1660_83_1716_1782,1,1,0.19649,0.564804,0.019976,0.067268,0.036979,0.065422,0.049062
1660_84_566_710,1,5,0.044748,0.177082,0.08163,0.183032,0.022032,0.46356,0.027915
1660_84_1645_1702,0,0,0.602146,0.184788,0.042035,0.027935,0.00593,0.106175,0.030991
1660_83_1506_1628,1,0,0.632759,0.267633,0.010536,0.028433,0.023202,0.025373,0.012064
1660_83_2139_2435,1,1,0.253158,0.297249,0.122621,0.050834,0.147796,0.05746,0.070881
1660_84_1788_1929,0,0,0.565927,0.239263,0.018696,0.046884,0.051749,0.057448,0.020033
1660_83_1942_2050,1,0,0.48361,0.29326,0.00867,0.072444,0.014321,0.109861,0.017833
1660_83_729_775,1,1,0.326304,0.385692,0.069718,0.032088,0.118698,0.024733,0.042767
1660_83_329_416,1,6,0.080911,0.281663,0.044434,0.14238,0.120344,0.029651,0.300617
1660_83_2696_2743,3,3,0.017483,0.052624,0.012232,0.72554,0.01949,0.016757,0.155874
1660_84_431_505,0,1,0.299866,0.377721,0.032569,0.071775,0.040449,0.058054,0.119566
1660_84_31_90,1,1,0.061611,0.319408,0.100164,0.053753,0.044946,0.317921,0.102197
1660_83_516_561,1,1,0.193467,0.728046,0.010648,0.023403,0.0148,0.010455,0.019181
1660_84_783_852,0,0,0.501071,0.287233,0.02227,0.008204,0.011923,0.143468,0.025831
1661_83_2285_2589,5,1,0.210122,0.38357,0.127866,0.02511,0.063233,0.102529,0.08757
1661_84_88_239,0,1,0.337228,0.388914,0.01553,0.097117,0.014732,0.118428,0.028051
1661_83_1187_1320,1,6,0.033771,0.218439,0.055396,0.060088,0.035924,0.118413,0.477968
1661_84_997_1186,1,1,0.06578,0.401003,0.031374,0.082567,0.016627,0.315599,0.087051
1661_83_247_306,1,1,0.057034,0.277594,0.191926,0.075128,0.1581,0.041586,0.198631
1661_83_2713_3288,5,2,0.064144,0.264182,0.284815,0.041424,0.117499,0.129315,0.098621
1661_83_1359_1556,5,1,0.087224,0.243243,0.115625,0.077273,0.047903,0.203442,0.225289
1661_84_2589_2706,1,5,0.01752,0.065913,0.273445,0.040778,0.212802,0.371106,0.018437
1661_83_878_996,5,5,0.062643,0.138412,0.043925,0.056467,0.033401,0.453931,0.211222
1661_84_2036_2111,2,5,0.014068,0.029524,0.029718,0.055187,0.017671,0.846973,0.006859
1661_83_1683_2036,5,1,0.125358,0.322406,0.030918,0.144455,0.040544,0.073645,0.262675
1661_84_512_649,5,5,0.009569,0.136587,0.043326,0.042598,0.013795,0.72736,0.026765
1661_84_2161_2273,5,2,0.013257,0.137306,0.56058,0.010488,0.056946,0.194928,0.026495
1661_84_1321_1343,5,1,0.050354,0.303745,0.044275,0.221131,0.049684,0.084303,0.246509
1661_84_1561_1679,1,5,0.012057,0.072456,0.014286,0.023502,0.012215,0.853118,0.012365
1661_83_653_806,2,6,0.085115,0.222109,0.070798,0.117373,0.091672,0.114683,0.29825
1661_84_328_360,5,5,0.064243,0.134,0.056066,0.159614,0.019118,0.433757,0.133202
1661_83_371_500,5,3,0.02681,0.029167,0.063014,0.453004,0.016162,0.173252,0.238591
1661_84_821_877,5,5,0.010873,0.04145,0.019213,0.026487,0.005625,0.889582,0.00677
1661_83_31_77,1,1,0.157075,0.437658,0.064944,0.053374,0.117674,0.145298,0.023976
1661_83_2113_2154,1,1,0.343129,0.546458,0.027624,0.016933,0.025989,0.021338,0.018529
1663_84_2355_2585,3,3,0.012466,0.007682,0.005226,0.791691,0.008968,0.167974,0.005992
1663_84_101_171,3,3,0.013438,0.015984,0.015447,0.684053,0.005857,0.256135,0.009085
1663_83_1218_1638,3,3,0.020477,0.02675,0.010279,0.764639,0.017344,0.146986,0.013525
1663_84_1108_1211,1,3,0.14061,0.266633,0.018354,0.421734,0.024366,0.094607,0.033697
1663_84_249_278,5,3,0.006421,0.010598,0.012009,0.594703,0.004789,0.361968,0.009511
1663_83_2595_2768,3,3,0.045826,0.033344,0.030775,0.686364,0.020813,0.072812,0.110066
1663_84_861_948,3,3,0.017862,0.026519,0.011915,0.549417,0.006221,0.382376,0.00569
1663_83_183_247,3,3,0.013603,0.016396,0.014471,0.806958,0.016718,0.122124,0.00973
1663_84_2036_2142,3,3,0.010885,0.032409,0.011887,0.782095,0.008369,0.149237,0.005118
1663_83_954_1105,5,3,0.075796,0.08626,0.011591,0.592582,0.029735,0.15564,0.048396
1663_83_1710_1995,3,3,0.017938,0.017901,0.00788,0.859015,0.015516,0.067373,0.014377
1663_84_603_647,3,3,0.01202,0.016923,0.008234,0.568863,0.006745,0.379517,0.007698
1663_84_1639_1698,3,3,0.007409,0.006746,0.008105,0.645494,0.004715,0.322155,0.005376
1663_83_2154_2345,3,3,0.02081,0.009844,0.00963,0.655492,0.013402,0.285651,0.005171
1663_84_703_733,3,3,0.018797,0.095962,0.020568,0.682837,0.027329,0.137073,0.017433
1663_83_481_601,3,3,0.013088,0.014811,0.009384,0.776441,0.013365,0.163289,0.009622
1663_83_648_696,3,3,0.010569,0.011146,0.003607,0.892684,0.005883,0.06732,0.008791
1663_83_285_365,3,3,0.020743,0.028926,0.017177,0.779874,0.024209,0.096028,0.033043
1663_83_400_449,3,3,0.018289,0.037963,0.026132,0.618678,0.032523,0.031965,0.234451
1663_83_761_860,3,3,0.179385,0.156909,0.020997,0.460023,0.05243,0.105989,0.024268
1663_83_31_98,3,3,0.015792,0.008943,0.015377,0.86664,0.011954,0.074783,0.00651
1663_84_450_471,5,3,0.008872,0.028365,0.01775,0.642949,0.015357,0.236469,0.050237
1663_84_367_387,5,3,0.011094,0.03162,0.019293,0.702594,0.026084,0.050743,0.158572
1665_84_2371_2622,5,1,0.205444,0.565996,0.121401,0.00395,0.022165,0.071116,0.009929
1665_84_126_238,1,1,0.121642,0.627258,0.020353,0.112387,0.029479,0.034767,0.054112
1665_83_1231_1428,4,2,0.030702,0.251202,0.299576,0.106334,0.071553,0.083659,0.156974
1665_84_1153_1218,5,5,0.025646,0.099103,0.127059,0.049658,0.068184,0.443135,0.187216
1665_83_244_296,4,5,0.017217,0.011388,0.01783,0.380162,0.073479,0.454036,0.045889
1665_83_2629_2895,1,1,0.044517,0.310316,0.102713,0.099285,0.209893,0.043887,0.18939
1665_84_1429_1486,1,1,0.052704,0.404721,0.09427,0.041148,0.198478,0.053421,0.155259
1665_83_853_959,4,6,0.019101,0.164825,0.180188,0.165091,0.166996,0.11422,0.189578
1665_84_2912_3006,6,3,0.036384,0.201352,0.069241,0.28632,0.171668,0.02861,0.206423
1665_83_1848_2114,1,1,0.106539,0.548119,0.084262,0.02589,0.158575,0.015067,0.061548
1665_83_1071_1138,4,5,0.021249,0.045249,0.084486,0.24735,0.035884,0.285604,0.280179
1665_83_1497_1782,1,1,0.198732,0.532199,0.053677,0.021377,0.125452,0.023492,0.04507
1665_83_548_781,4,1,0.063423,0.320795,0.196522,0.138535,0.0926,0.072823,0.115302
1665_84_2253_2310,5,6,0.015211,0.136079,0.059436,0.102404,0.048336,0.30425,0.334283
1665_83_2189_2244,1,1,0.224528,0.292381,0.042766,0.067866,0.029079,0.132845,0.210537
1665_83_31_117,6,3,0.020125,0.040413,0.03897,0.465446,0.034352,0.079693,0.321002
1665_84_1786_1839,1,1,0.15296,0.421467,0.057698,0.089182,0.036812,0.134421,0.107461
1665_84_3064_3139,0,1,0.201296,0.465139,0.017636,0.178968,0.016871,0.056001,0.064089
1665_84_981_1064,5,5,0.011372,0.053758,0.039882,0.011131,0.007385,0.865292,0.01118
1665_83_341_451,4,1,0.021684,0.270402,0.256617,0.079837,0.177282,0.031981,0.162196
1665_84_453_534,5,5,0.008731,0.076994,0.040604,0.028609,0.009881,0.816661,0.018519
1665_83_2312_2361,1,1,0.076346,0.318268,0.022827,0.250583,0.055456,0.05268,0.223841
1665_83_3014_3055,5,5,0.092839,0.14711,0.049686,0.08161,0.010671,0.520966,0.097118
1665_84_801_840,5,5,0.010447,0.064937,0.028329,0.020415,0.011989,0.83955,0.024334
1665_84_301_325,5,5,0.006672,0.035577,0.013521,0.022574,0.008277,0.894346,0.019032
1665_84_2131_2168,5,5,0.065587,0.216332,0.050587,0.050152,0.031012,0.426182,0.160148
1666_83_2412_2699,2,1,0.163015,0.33275,0.056867,0.137034,0.065096,0.114919,0.130319
1666_83_102_521,2,6,0.014984,0.143774,0.177562,0.152412,0.096561,0.050637,0.364069
1666_83_1178_1475,2,6,0.051941,0.113797,0.190925,0.126132,0.143066,0.075425,0.298713
1666_83_2848_3159,4,2,0.036875,0.110062,0.368199,0.142142,0.108201,0.181478,0.053043
1666_84_2722_2816,2,2,0.073768,0.223543,0.634515,0.011466,0.016072,0.027274,0.013363
1666_84_864_941,5,5,0.084881,0.340104,0.054916,0.054894,0.03022,0.37881,0.056174
1666_84_1117_1152,6,6,0.01522,0.110296,0.027463,0.230984,0.057347,0.056517,0.502173
1666_83_970_1104,2,6,0.111896,0.222763,0.035384,0.058662,0.019556,0.047442,0.504297
1666_83_1612_1873,2,5,0.050899,0.124533,0.101002,0.227594,0.080081,0.278163,0.137729
1666_83_634_839,2,6,0.124003,0.168808,0.063242,0.118408,0.107896,0.061303,0.35634
1666_84_1491_1597,5,5,0.033678,0.114847,0.110436,0.050085,0.025947,0.651428,0.013579
1666_84_2282_2392,2,1,0.074244,0.373439,0.059842,0.092211,0.071968,0.271738,0.056559
1666_83_2147_2265,2,1,0.215577,0.285348,0.042354,0.080953,0.042894,0.270177,0.062698
1666_84_1888_1952,1,1,0.03136,0.594052,0.204119,0.025178,0.053363,0.036123,0.055806
1666_84_2080_2121,2,5,0.010709,0.059859,0.039563,0.046585,0.01759,0.76894,0.056755
1666_83_1978_2063,2,6,0.05533,0.138156,0.114632,0.178506,0.05111,0.197621,0.264646
1666_84_540_595,2,1,0.050119,0.22305,0.195356,0.182863,0.111412,0.040807,0.196393
1666_84_3180_3258,2,1,0.128413,0.56166,0.059378,0.013013,0.186327,0.029726,0.021483
1666_84_31_69,6,5,0.007407,0.09056,0.166955,0.07252,0.028708,0.331991,0.301859
1667_83_2489_2583,1,6,0.065419,0.152499,0.04438,0.14654,0.064907,0.117287,0.408968
1667_83_97_147,6,6,0.017696,0.075466,0.016677,0.342155,0.04538,0.019986,0.482639
1667_83_1136_1285,1,1,0.080336,0.346413,0.041032,0.324872,0.037025,0.036663,0.133659
1667_83_2658_2924,1,1,0.224035,0.400933,0.0411,0.043033,0.090867,0.138262,0.061769
1667_83_1415_1475,1,6,0.015356,0.179991,0.03785,0.297172,0.052598,0.065448,0.351586
1667_84_3140_3178,4,1,0.223014,0.513957,0.039561,0.020325,0.183387,0.011751,0.008005
1667_83_804_963,1,1,0.028633,0.283799,0.068367,0.265432,0.063165,0.049073,0.241531
1667_84_170_219,2,5,0.011329,0.044736,0.067496,0.069215,0.01839,0.591596,0.197239
1667_84_1312_1386,2,1,0.194124,0.459197,0.042472,0.050042,0.023466,0.216374,0.014323
1667_84_2948_2968,1,2,0.013768,0.197363,0.572189,0.051596,0.103616,0.036157,0.025311
1667_83_2026_2387,1,1,0.065612,0.363404,0.038777,0.13005,0.039748,0.121776,0.240632
1667_83_258_721,6,3,0.065584,0.227606,0.069006,0.261914,0.071786,0.138251,0.165854
1667_84_1490_1752,2,3,0.035003,0.231023,0.022,0.515017,0.019707,0.075746,0.101504
1667_83_1780_1900,1,3,0.015105,0.258774,0.027078,0.474651,0.033774,0.048328,0.142289
1667_84_1910_1996,2,5,0.005882,0.034786,0.049198,0.062849,0.012229,0.804074,0.030982
1667_83_2980_3104,1,5,0.038847,0.11547,0.057604,0.166658,0.033137,0.297459,0.290824
1667_84_992_1103,3,1,0.079067,0.502141,0.023562,0.23742,0.04603,0.023429,0.08835
1667_84_31_79,3,3,0.012936,0.050628,0.052748,0.424295,0.030229,0.253705,0.175459
1667_84_2408_2443,5,5,0.038659,0.144154,0.068853,0.050059,0.027489,0.395406,0.27538
1667_84_730_764,2,6,0.022726,0.160722,0.05479,0.236371,0.027277,0.139566,0.358548
1667_84_2600_2615,1,4,0.026945,0.231212,0.100224,0.009187,0.606355,0.012741,0.013336
1668_84_2476_2573,4,0,0.452692,0.383491,0.03156,0.041578,0.036464,0.021365,0.032849
1668_83_31_415,4,4,0.030974,0.251714,0.111604,0.042853,0.303921,0.022586,0.236349
1668_84_1246_1576,4,1,0.059669,0.412454,0.145351,0.081822,0.104248,0.046345,0.15011
1668_83_1106_1220,1,2,0.062535,0.209236,0.254062,0.032469,0.157424,0.110708,0.173566
1668_83_2605_2775,4,4,0.018461,0.252392,0.161333,0.065244,0.363821,0.022165,0.116584
1668_83_911_941,1,1,0.034568,0.416056,0.019901,0.226425,0.028529,0.035951,0.238569
1668_84_2069_2111,4,4,0.02694,0.287678,0.028806,0.019558,0.619481,0.005779,0.011759
1668_83_1753_1824,4,3,0.058946,0.203808,0.02544,0.347477,0.052731,0.151891,0.159708
1668_84_604_906,4,1,0.088554,0.437978,0.130581,0.011316,0.279276,0.034281,0.018014
1668_84_1662_1710,4,0,0.551749,0.304324,0.014374,0.013998,0.033098,0.062491,0.019967
1668_83_2139_2447,1,1,0.199712,0.631934,0.020975,0.026586,0.028006,0.026601,0.066185
1668_83_1917_2044,4,1,0.204019,0.492388,0.031895,0.029751,0.053525,0.022304,0.166119
1668_84_1853_1895,4,1,0.101988,0.384674,0.035104,0.191972,0.039846,0.030511,0.215904
1668_83_1593_1631,1,6,0.018616,0.213392,0.175286,0.067107,0.244326,0.024623,0.25665
1668_83_527_575,4,6,0.023108,0.13361,0.140433,0.14652,0.070155,0.102711,0.383463
1668_84_967_1071,4,1,0.074944,0.383635,0.110794,0.082343,0.037571,0.072352,0.23836
1668_84_430_491,4,2,0.0612,0.334493,0.442077,0.013598,0.078972,0.052582,0.017079
1669_84_2436_2636,1,3,0.023217,0.179572,0.03095,0.555623,0.040068,0.048078,0.122492
1669_84_1231_1430,1,3,0.028044,0.229485,0.075405,0.327844,0.092082,0.089106,0.158034
1669_83_1039_1206,2,3,0.01843,0.035391,0.102685,0.537315,0.04032,0.160091,0.105768
1669_83_251_267,5,6,0.022765,0.035395,0.063836,0.242121,0.015105,0.086013,0.534766
1669_83_2654_2814,2,2,0.030108,0.248513,0.417405,0.076639,0.101497,0.025491,0.100347
1669_83_1449_1481,5,6,0.024012,0.033974,0.044534,0.126699,0.012934,0.294441,0.463406
1669_84_877_1008,6,1,0.029551,0.453265,0.099048,0.0472,0.079644,0.094558,0.196734
1669_84_148_227,1,3,0.126983,0.291834,0.034907,0.300829,0.020429,0.081774,0.143243
1669_84_1947_2149,2,5,0.027397,0.258428,0.315418,0.018095,0.029569,0.330414,0.020678
1669_84_521_789,1,1,0.047072,0.437504,0.055369,0.155143,0.027082,0.082201,0.19563
1669_84_1498_1756,1,1,0.028333,0.40615,0.148105,0.102207,0.058935,0.154669,0.101601
1669_84_2241_2332,3,1,0.127378,0.741362,0.026555,0.035038,0.019395,0.017102,0.033171
1669_83_2167_2218,2,2,0.0272,0.122087,0.374602,0.093757,0.0471,0.192145,0.14311
1669_83_31_123,5,6,0.055883,0.178242,0.065666,0.197311,0.043251,0.204028,0.255618
1669_83_1904_1925,5,5,0.021651,0.075888,0.054011,0.091357,0.033958,0.678393,0.044742
1669_84_1807_1869,2,1,0.132661,0.430409,0.079791,0.023578,0.020148,0.273049,0.040363
1669_83_1776_1792,5,6,0.050665,0.114414,0.08071,0.094244,0.051837,0.157377,0.450752
1669_84_291_399,1,1,0.017511,0.283878,0.122263,0.232662,0.083069,0.059306,0.201311
1669_83_2346_2419,0,5,0.267944,0.218995,0.104858,0.036147,0.014829,0.307705,0.049522
1669_83_810_860,5,6,0.024611,0.086843,0.103611,0.109106,0.033799,0.279126,0.362904
1669_83_453_503,5,5,0.025635,0.132991,0.024774,0.193407,0.049088,0.421591,0.152514
1670_84_2350_2750,0,1,0.192807,0.351519,0.030328,0.077687,0.249219,0.06627,0.03217
1670_84_31_138,0,0,0.49759,0.341088,0.037687,0.034545,0.012048,0.036834,0.040209
1670_84_1252_1496,0,0,0.840605,0.123599,0.006775,0.004664,0.005404,0.013628,0.005324
1670_83_1100_1226,1,1,0.109354,0.541262,0.102924,0.024965,0.036246,0.082097,0.103152
1670_84_210_272,0,0,0.354608,0.183545,0.15487,0.083248,0.031096,0.154474,0.038159
1670_84_2867_2882,6,3,0.028104,0.098741,0.071507,0.313541,0.194583,0.028198,0.265326
1670_84_794_955,0,0,0.721692,0.192807,0.013482,0.014197,0.006247,0.037143,0.014432
1670_83_2774_2842,4,2,0.048022,0.214863,0.234743,0.160305,0.102684,0.034908,0.204476
1670_84_1882_2250,6,1,0.09745,0.432086,0.081535,0.06697,0.185799,0.047563,0.088598
1670_83_1723_1781,1,1,0.245906,0.68232,0.006381,0.014439,0.020579,0.010796,0.019579
1670_84_1624_1699,0,0,0.76199,0.029282,0.007739,0.008716,0.003159,0.183427,0.005686
1670_83_1520_1613,0,1,0.368595,0.526094,0.011504,0.032461,0.010832,0.023778,0.026736
1670_84_522_634,0,0,0.543704,0.365708,0.019525,0.008477,0.035615,0.020236,0.006735
1670_83_2298_2339,4,6,0.042787,0.25625,0.073387,0.073642,0.222663,0.009075,0.322196
1670_83_666_755,0,0,0.588304,0.243787,0.024952,0.035758,0.012327,0.057739,0.037133
1670_84_1019_1061,1,0,0.508778,0.379369,0.018296,0.024751,0.025619,0.02297,0.020217
1670_83_976_1006,1,1,0.382198,0.44797,0.018557,0.022927,0.015095,0.063977,0.049275
1670_84_370_433,1,1,0.077197,0.417635,0.02923,0.231273,0.14509,0.049657,0.049919
1670_83_167_180,1,5,0.069658,0.16573,0.036016,0.090276,0.040105,0.442233,0.155983
1670_83_455_478,6,0,0.518046,0.331004,0.007793,0.02215,0.013936,0.065843,0.041229
1670_83_304_330,0,5,0.051754,0.204017,0.052493,0.111191,0.029824,0.390289,0.160432
1672_83_2473_2562,0,1,0.355176,0.466276,0.073985,0.021023,0.033469,0.019638,0.030433
1672_84_31_177,1,1,0.038489,0.432031,0.118124,0.088827,0.231403,0.049163,0.041963
1672_83_1162_1394,6,1,0.055434,0.543063,0.030049,0.029742,0.066909,0.016952,0.257851
1672_83_194_330,6,6,0.033166,0.142769,0.114791,0.132099,0.10443,0.202655,0.270091
1672_83_2718_2816,0,1,0.31877,0.39914,0.015422,0.093712,0.036141,0.040246,0.096569
1672_84_1414_1549,1,1,0.328914,0.484247,0.031058,0.026302,0.008564,0.050929,0.069986
1672_83_3085_3181,6,1,0.193139,0.46465,0.0308,0.071492,0.033862,0.02588,0.180177
1672_83_791_1044,1,1,0.045889,0.386391,0.131786,0.047364,0.113202,0.033859,0.241509
1672_84_3327_3443,3,3,0.009033,0.015781,0.012506,0.807145,0.021956,0.113559,0.02002
1672_84_1070_1143,0,1,0.283655,0.566987,0.021796,0.056922,0.03051,0.0129,0.02723
1672_84_2024_2175,6,3,0.01735,0.053882,0.022127,0.644704,0.053149,0.047175,0.161613
1672_84_1679_1962,6,6,0.017091,0.127822,0.044565,0.299117,0.080636,0.087493,0.343276
1672_83_619_700,0,1,0.182093,0.485252,0.032615,0.089131,0.014258,0.023134,0.173516
1672_84_2584_2698,0,1,0.220224,0.554122,0.033513,0.048693,0.022293,0.022884,0.098272
1672_84_367_604,1,1,0.08204,0.74156,0.071218,0.00799,0.037767,0.024638,0.034787
1672_84_2298_2450,1,1,0.016784,0.508476,0.026427,0.065951,0.256655,0.019279,0.106429
1672_83_2198_2282,6,5,0.040071,0.06308,0.031895,0.119886,0.010476,0.603361,0.131231
1672_83_3276_3321,6,1,0.167164,0.356458,0.027983,0.081713,0.031358,0.0683,0.267024
1672_83_1572_1629,6,6,0.073603,0.159572,0.028766,0.04269,0.011304,0.219955,0.46411
1672_84_715_785,5,5,0.079804,0.119031,0.023903,0.074055,0.017117,0.641676,0.044415
1672_84_2985_3072,6,1,0.049819,0.361484,0.048698,0.048965,0.075286,0.077446,0.338302
1672_84_3211_3245,6,1,0.112914,0.392015,0.038068,0.044846,0.044092,0.215086,0.15298
1672_83_1982_2007,6,6,0.053451,0.116221,0.084338,0.075985,0.019497,0.316759,0.33375
1672_84_2838_2873,6,1,0.138806,0.363962,0.025862,0.136285,0.033248,0.039577,0.262261
1672_83_2894_2949,1,6,0.071825,0.2519,0.026681,0.171774,0.041818,0.031879,0.404124
1673_84_2415_2539,5,5,0.009522,0.187598,0.075848,0.11116,0.037611,0.507971,0.07029
1673_83_31_158,5,3,0.018498,0.045049,0.052566,0.370816,0.042894,0.341141,0.129035
1673_84_1232_1357,1,1,0.032527,0.337467,0.063707,0.053264,0.050933,0.319229,0.142873
1673_83_1128_1223,5,3,0.019367,0.070106,0.031266,0.565058,0.018669,0.223895,0.071639
1673_84_173_257,5,3,0.009391,0.044533,0.013056,0.519077,0.012574,0.314856,0.086513
1673_83_2846_2982,5,1,0.128732,0.62398,0.020127,0.084485,0.051514,0.050603,0.04056
1673_83_2552_2750,5,1,0.113035,0.293226,0.030969,0.171387,0.05405,0.059346,0.277988
1673_83_1364_1672,2,6,0.084028,0.232578,0.048712,0.118907,0.033042,0.075077,0.407657
1673_83_747_976,5,6,0.037001,0.157588,0.013697,0.212612,0.016991,0.039966,0.522144
1673_84_2751_2840,1,0,0.507808,0.418248,0.008172,0.00865,0.010554,0.037919,0.008649
1673_83_1946_2198,2,6,0.02148,0.058258,0.012411,0.121955,0.020582,0.043885,0.721428
1673_84_1086_1124,3,3,0.018587,0.05539,0.023035,0.664603,0.012048,0.200832,0.025505
1673_84_622_730,5,5,0.181742,0.270942,0.043946,0.040826,0.020014,0.40988,0.03265
1673_83_351_610,5,1,0.047944,0.336167,0.106153,0.130997,0.069587,0.061165,0.247987
1673_83_1772_1900,2,6,0.091465,0.232537,0.054635,0.182824,0.036216,0.131852,0.270472
1673_84_1912_1941,5,5,0.003957,0.018642,0.022781,0.01974,0.009801,0.910408,0.014672
1673_84_1682_1757,1,1,0.016901,0.395057,0.223439,0.037379,0.019889,0.287989,0.019346
1673_83_1023_1082,3,0,0.675121,0.160313,0.00701,0.02888,0.004989,0.106201,0.017485
1673_84_981_1004,3,5,0.050945,0.122855,0.023513,0.137262,0.014082,0.618673,0.03267
1673_83_2306_2402,5,1,0.118793,0.329866,0.025157,0.140465,0.018732,0.136984,0.230003
1673_84_2218_2286,2,1,0.030894,0.625832,0.210557,0.007432,0.0271,0.05759,0.040595
1673_84_321_338,5,5,0.022764,0.057142,0.017387,0.035468,0.020971,0.81641,0.029857
1673_83_269_306,5,1,0.099079,0.462492,0.057566,0.120187,0.026378,0.072962,0.161336
1677_83_2384_2777,1,3,0.122224,0.153004,0.022091,0.494761,0.065824,0.04017,0.101926
1677_84_1172_1360,1,3,0.040978,0.304276,0.013414,0.439168,0.036671,0.085213,0.08028
1677_84_204_256,1,3,0.027567,0.053213,0.019777,0.603007,0.025864,0.090604,0.179968
1677_83_1369_1524,1,1,0.149923,0.452087,0.020802,0.130838,0.030281,0.124879,0.091189
1677_84_900_1000,1,0,0.323387,0.194202,0.010323,0.297055,0.015855,0.067535,0.091643
1677_83_1032_1169,1,1,0.017558,0.475684,0.144046,0.119418,0.131183,0.033997,0.078115
1677_83_2058_2251,1,3,0.065187,0.286136,0.043235,0.309999,0.068969,0.052524,0.173951
1677_83_133_191,1,5,0.011618,0.012977,0.015197,0.29116,0.009559,0.619971,0.039518
1677_84_1538_1770,1,0,0.468806,0.268075,0.018949,0.094911,0.020416,0.07727,0.051573
1677_84_552_614,1,3,0.086987,0.166326,0.036111,0.376009,0.02292,0.242733,0.068914
1677_84_2251_2369,1,1,0.222853,0.636361,0.01832,0.040899,0.019951,0.030288,0.031328
1677_83_1774_1908,1,3,0.022309,0.043174,0.007156,0.789904,0.021475,0.023373,0.09261
1677_84_1923_2018,1,5,0.098577,0.304046,0.021576,0.169816,0.024066,0.321829,0.06009
1677_83_800_880,2,5,0.025697,0.102554,0.038998,0.273197,0.029432,0.44445,0.085673
1677_83_445_512,2,1,0.187484,0.393406,0.108451,0.062962,0.027294,0.143877,0.076527
1677_84_31_103,3,3,0.0447,0.051399,0.021574,0.501999,0.010331,0.273102,0.096895
1677_83_272_348,1,6,0.062895,0.164591,0.101718,0.220855,0.073014,0.128393,0.248533
1677_84_376_427,1,1,0.256425,0.555699,0.015504,0.066471,0.022834,0.021141,0.061926
1679_83_2436_2688,1,1,0.297659,0.559501,0.01414,0.054922,0.034683,0.024246,0.014849
1679_83_31_152,3,3,0.011094,0.004876,0.005826,0.86808,0.028517,0.061981,0.019628
1679_83_959_1184,1,5,0.024144,0.128151,0.031923,0.213478,0.044933,0.456249,0.101122
1679_83_197_350,3,3,0.056532,0.191522,0.028297,0.486813,0.028688,0.133605,0.074544
1679_83_2786_2927,1,1,0.087574,0.610158,0.01479,0.134564,0.049549,0.026783,0.076581
1679_84_2703_2770,1,5,0.03957,0.104814,0.054166,0.275758,0.042247,0.394648,0.088797
1679_83_1301_1531,1,1,0.034821,0.620708,0.04167,0.103992,0.04006,0.077786,0.080962
1679_83_2972_3171,3,3,0.018968,0.090053,0.013344,0.556146,0.076458,0.043807,0.201223
1679_84_846_959,3,3,0.035228,0.095346,0.02208,0.385116,0.016795,0.32092,0.124514
1679_83_1921_2099,1,1,0.130279,0.381248,0.021619,0.193685,0.056105,0.071068,0.145996
1679_84_159_195,3,3,0.006651,0.018735,0.017984,0.493209,0.008004,0.435784,0.019632
1679_83_1689_1870,3,3,0.023179,0.054109,0.010314,0.671144,0.028638,0.122043,0.090572
1679_83_491_832,3,3,0.049339,0.162566,0.023482,0.385413,0.068137,0.03269,0.278373
1679_84_1554_1689,3,3,0.24244,0.165437,0.012867,0.360238,0.063134,0.109034,0.046849
1679_84_2131_2436,1,1,0.234855,0.65985,0.021854,0.02052,0.02324,0.028031,0.011651
1679_84_1189_1294,1,5,0.100439,0.271315,0.01415,0.047482,0.013124,0.521622,0.031868
1679_84_1870_1900,3,5,0.005345,0.010734,0.013704,0.374795,0.005538,0.580252,0.009632
1679_84_363_478,3,3,0.036865,0.036414,0.015189,0.60587,0.010901,0.277629,0.017132
1679_84_2927_2949,3,5,0.017384,0.026523,0.022446,0.408231,0.021352,0.445079,0.058985
1680_84_2276_2510,3,1,0.059495,0.335598,0.043072,0.288056,0.02109,0.156718,0.09597
1680_83_86_135,2,5,0.020069,0.116849,0.067268,0.0543,0.025528,0.675201,0.040785
1680_83_1200_1314,2,0,0.441549,0.351045,0.023923,0.02682,0.015649,0.103905,0.037108
1680_84_1030_1188,3,1,0.269011,0.397259,0.015639,0.078632,0.013007,0.217981,0.008471
1680_84_2825_2890,3,3,0.011113,0.015721,0.012459,0.756528,0.019448,0.147447,0.037283
1680_84_2681_2794,3,3,0.014833,0.016419,0.008483,0.811686,0.033657,0.010886,0.104036
1680_83_1429_1524,2,1,0.048882,0.327064,0.167712,0.145617,0.105255,0.108298,0.097172
1680_83_2524_2669,5,1,0.056827,0.368434,0.110857,0.064144,0.320678,0.026674,0.052387
1680_83_899_1018,1,5,0.276684,0.142807,0.014737,0.035307,0.009953,0.507121,0.013391
1680_83_2795_2820,5,5,0.018989,0.022197,0.021052,0.130565,0.009471,0.783299,0.014426
1680_83_188_246,2,5,0.014988,0.074326,0.06656,0.044421,0.011102,0.724398,0.064204
1680_84_1320_1410,1,3,0.005495,0.024358,0.018611,0.633549,0.011492,0.288278,0.018216
1680_84_1915_2156,3,3,0.011587,0.037529,0.035373,0.707819,0.027453,0.018216,0.162023
1680_83_1672_1881,2,3,0.039193,0.046597,0.079255,0.412162,0.016064,0.366169,0.04056
1680_84_554_723,1,3,0.061481,0.18491,0.017949,0.39014,0.023272,0.27882,0.043429
1680_83_2173_2268,2,5,0.021532,0.085438,0.050749,0.282127,0.019744,0.307108,0.233301
1680_84_1535_1666,3,3,0.01173,0.069196,0.049388,0.607613,0.027995,0.086594,0.147484
1680_84_834_887,3,3,0.023349,0.248469,0.184172,0.275726,0.032687,0.189249,0.046348
1680_84_259_393,3,1,0.029874,0.393547,0.089889,0.084377,0.023258,0.348834,0.03022
1680_84_137_159,2,4,0.022457,0.300042,0.169842,0.053366,0.324265,0.034408,0.09562
1680_83_399_444,2,6,0.080506,0.31712,0.030323,0.098928,0.01364,0.045432,0.414051
1680_84_450_499,3,5,0.00873,0.007675,0.014294,0.375189,0.010081,0.518772,0.065259
1680_84_31_86,2,5,0.018616,0.049474,0.047896,0.052006,0.006454,0.787605,0.037949
1680_83_735_828,1,1,0.135221,0.315394,0.054902,0.071693,0.046597,0.185264,0.190929
1680_83_505_530,2,5,0.045145,0.149253,0.063686,0.037535,0.023881,0.46471,0.215789
1961_100_125_199,5,5,0.007588,0.023455,0.047531,0.024189,0.004441,0.873983,0.018812
1961_99_1247_1308,1,1,0.160357,0.547298,0.0628,0.018405,0.074176,0.061925,0.075038
1961_100_1108_1247,0,0,0.408187,0.286141,0.16854,0.017002,0.035902,0.074546,0.009682
1961_99_199_376,1,1,0.202251,0.550207,0.059386,0.010314,0.105954,0.043982,0.027906
1961_99_31_125,1,1,0.322692,0.487006,0.037266,0.013251,0.081108,0.02137,0.037307
1961_100_861_1048,0,0,0.31869,0.15947,0.310627,0.011456,0.088442,0.102029,0.009285
1961_100_1308_1381,1,0,0.760975,0.073093,0.07587,0.002219,0.010042,0.073188,0.004614
1961_99_579_644,1,1,0.088007,0.447629,0.288879,0.003659,0.086374,0.074206,0.011247
1961_99_1048_1108,1,1,0.196028,0.576971,0.055634,0.005681,0.151961,0.006096,0.007629
1961_99_418_496,1,0,0.537925,0.408932,0.010898,0.003534,0.026872,0.005568,0.006272
1961_99_755_861,1,1,0.150482,0.533276,0.096264,0.016312,0.106943,0.03295,0.063773
1961_100_644_755,0,0,0.573624,0.095932,0.011949,0.00519,0.009251,0.301579,0.002474
1961_100_376_418,5,5,0.162137,0.049452,0.03902,0.008501,0.007005,0.72124,0.012646
1961_99_1381_1442,1,0,0.678178,0.175072,0.038075,0.007182,0.045256,0.040035,0.016201
1961_100_496_579,1,0,0.569697,0.151167,0.02325,0.004073,0.013576,0.23296,0.005277
1962_100_31_141,3,3,0.01164,0.005227,0.00995,0.690965,0.0154,0.23822,0.028599
1962_100_1258_1349,5,5,0.03298,0.03643,0.021053,0.008738,0.008518,0.882013,0.010268
1962_99_1182_1258,1,0,0.494454,0.424671,0.01203,0.003508,0.024643,0.023188,0.017506
1962_99_141_310,1,0,0.657308,0.283357,0.008252,0.00235,0.020857,0.021263,0.006613
1962_100_799_948,5,3,0.030627,0.013857,0.012424,0.768131,0.020701,0.147867,0.006393
1962_99_948_1069,1,0,0.538952,0.361683,0.014262,0.003718,0.019768,0.054496,0.007121
1962_99_1349_1420,1,0,0.55311,0.342482,0.020878,0.004045,0.021085,0.048157,0.010242
1962_100_529_657,1,0,0.313517,0.282636,0.073737,0.033098,0.022577,0.24011,0.034325
1962_100_1069_1182,5,5,0.140794,0.028105,0.007305,0.073988,0.007849,0.739182,0.002777
1962_100_310_441,5,5,0.086957,0.134401,0.037074,0.120966,0.028919,0.581666,0.010018
1962_99_441_529,1,0,0.583238,0.268881,0.026359,0.007262,0.014091,0.088269,0.011899
1962_99_657_799,1,0,0.789549,0.134135,0.008195,0.002202,0.009524,0.052268,0.004127
1963_100_95_218,0,0,0.545278,0.117788,0.042831,0.008276,0.029641,0.245999,0.010187
1963_99_1134_1319,0,0,0.702172,0.226627,0.017393,0.001405,0.036236,0.008709,0.007459
1963_99_218_304,1,1,0.314653,0.421274,0.0382,0.004075,0.201708,0.010777,0.009312
1963_99_879_998,1,0,0.753493,0.140201,0.010626,0.003118,0.081172,0.006359,0.00503
1963_100_1319_1395,0,5,0.035259,0.056547,0.044934,0.015951,0.018454,0.784181,0.044674
1963_100_590_694,1,5,0.086312,0.064236,0.03012,0.026229,0.006197,0.747524,0.039382
1963_100_998_1134,0,0,0.773581,0.068868,0.03796,0.00246,0.012401,0.0943,0.01043
1963_100_304_448,1,0,0.575661,0.231619,0.055323,0.005225,0.016542,0.099216,0.016414
1963_99_448_590,1,0,0.776506,0.134644,0.021059,0.001087,0.021408,0.037771,0.007526
1963_99_31_95,1,2,0.072198,0.172768,0.398484,0.00314,0.213835,0.040751,0.098824
1963_100_822_879,0,6,0.154329,0.283319,0.056674,0.03834,0.015662,0.06389,0.387786
1963_99_694_822,1,0,0.520263,0.246495,0.072557,0.013509,0.062816,0.060828,0.023531
1963_99_1395_1431,0,0,0.860258,0.101684,0.015352,0.006491,0.004399,0.006169,0.005647
1964_100_31_173,2,5,0.189769,0.141213,0.22547,0.005849,0.005625,0.387696,0.044378
1964_99_1278_1411,4,4,0.016094,0.166488,0.287221,0.00268,0.51731,0.005133,0.005073
1964_100_1164_1278,2,2,0.038002,0.011989,0.476203,0.008563,0.012674,0.444652,0.007917
1964_100_233_299,5,5,0.009034,0.005195,0.014333,0.011972,0.003377,0.950929,0.00516
1964_100_1411_1469,2,1,0.115635,0.357147,0.30973,0.008346,0.05696,0.095921,0.056261
1964_100_907_977,2,2,0.020144,0.018596,0.606761,0.006283,0.004037,0.325333,0.018846
1964_99_173_233,4,2,0.043072,0.207798,0.352923,0.012278,0.154664,0.171498,0.057767
1964_99_580_625,4,6,0.04256,0.167336,0.091024,0.013929,0.092862,0.041568,0.55072
1964_99_977_1164,4,2,0.005088,0.069737,0.76316,0.004154,0.138633,0.014897,0.00433
1964_99_299_386,4,2,0.024047,0.299763,0.341855,0.010434,0.207425,0.028102,0.088374
1964_100_625_699,2,5,0.122187,0.037452,0.022307,0.009584,0.007947,0.791497,0.009025
1964_100_386_580,5,5,0.007665,0.010499,0.068475,0.005769,0.019023,0.884342,0.004227
1964_99_699_907,4,2,0.027333,0.187563,0.491672,0.005535,0.202891,0.044101,0.040905
1966_99_86_258,2,6,0.046166,0.183801,0.278381,0.015673,0.044538,0.139754,0.291687
1966_100_1250_1321,4,6,0.048582,0.296248,0.163888,0.029336,0.028185,0.129797,0.303963
1966_99_1090_1250,4,1,0.200314,0.349196,0.111407,0.049875,0.083859,0.053446,0.151903
1966_99_898_1013,6,6,0.112736,0.161027,0.178644,0.036962,0.175597,0.126255,0.208779
1966_99_1321_1386,1,1,0.367673,0.480799,0.035925,0.009343,0.026792,0.012227,0.067242
1966_99_512_645,5,0,0.339102,0.090769,0.147741,0.047273,0.075492,0.220729,0.078894
1966_99_332_406,5,0,0.710594,0.088339,0.01888,0.016944,0.012325,0.066797,0.086121
1966_100_1013_1090,2,6,0.080278,0.080146,0.144422,0.020317,0.009544,0.313997,0.351297
1966_100_406_512,5,5,0.005662,0.002306,0.038696,0.083381,0.015965,0.844155,0.009836
1966_100_31_86,6,5,0.024417,0.046885,0.129947,0.093008,0.015192,0.467549,0.223003
1966_100_742_898,2,6,0.037277,0.184371,0.214254,0.014991,0.093721,0.112549,0.342837
1966_100_645_672,2,2,0.105491,0.192795,0.304731,0.032496,0.160494,0.108519,0.095475
1966_99_672_742,4,1,0.075824,0.295904,0.219943,0.018993,0.196467,0.074715,0.118154
1966_100_258_332,2,5,0.015608,0.042155,0.026434,0.180487,0.029957,0.373596,0.331763
1967_100_31_151,2,2,0.033571,0.229685,0.489456,0.006532,0.021324,0.198753,0.020679
1967_100_1251_1393,5,5,0.005255,0.012631,0.022427,0.201603,0.017139,0.702452,0.038493
1967_99_1131_1251,5,5,0.009123,0.007881,0.020678,0.003949,0.005694,0.947768,0.004906
1967_99_151_272,2,2,0.032006,0.252669,0.590581,0.008976,0.042822,0.048729,0.024217
1967_99_1393_1496,2,2,0.01771,0.157623,0.551883,0.018707,0.046395,0.193118,0.014563
1967_99_868_944,2,5,0.012821,0.232277,0.290798,0.03428,0.056404,0.300292,0.073128
1967_100_944_1131,2,5,0.011367,0.086632,0.14994,0.130408,0.029049,0.537208,0.055396
1967_100_571_661,0,1,0.185035,0.21748,0.155946,0.181181,0.026246,0.187252,0.046859
1967_100_272_418,2,5,0.011572,0.033253,0.059861,0.282891,0.02136,0.554551,0.036512
1967_99_418_571,2,2,0.247789,0.266618,0.380192,0.003832,0.071194,0.023153,0.007221
1967_100_797_868,6,5,0.012103,0.012122,0.150519,0.067389,0.012989,0.590439,0.15444
1967_99_661_797,2,1,0.272103,0.497656,0.155642,0.007379,0.034556,0.016812,0.015852
1968_100_1132_1386,2,5,0.06241,0.080262,0.122728,0.065011,0.027555,0.529139,0.112897
1968_100_1811_2060,2,5,0.034767,0.034902,0.10354,0.037301,0.021224,0.74423,0.024037
1968_100_1466_1700,2,5,0.012996,0.045922,0.097203,0.010558,0.016786,0.805011,0.011524
1968_99_233_289,6,1,0.07796,0.602372,0.100846,0.087528,0.025048,0.060318,0.045927
1968_99_1718_1799,2,5,0.008399,0.061576,0.086826,0.028182,0.012834,0.738127,0.064056
1968_100_2135_2239,2,5,0.057877,0.070674,0.125785,0.027101,0.010981,0.497206,0.210377
1968_99_2397_2486,2,5,0.052398,0.134659,0.129673,0.006715,0.047905,0.463925,0.164726
1968_99_31_124,6,5,0.027979,0.169612,0.195403,0.05721,0.027156,0.415483,0.107157
1968_100_924_990,2,5,0.118874,0.132713,0.220398,0.0084,0.013745,0.429027,0.076844
1968_100_152_214,3,1,0.13685,0.315353,0.255641,0.039533,0.015617,0.183276,0.053731
1968_100_2289_2365,5,5,0.022746,0.041669,0.034791,0.131159,0.015454,0.692541,0.061641
1968_99_417_638,6,5,0.003857,0.013323,0.017994,0.029346,0.015973,0.899528,0.019979
1968_99_1024_1118,2,2,0.011443,0.137192,0.556884,0.016572,0.020448,0.24135,0.01611
1968_100_322_415,3,5,0.020741,0.020424,0.048994,0.218714,0.008355,0.345456,0.337316
1968_100_671_855,3,5,0.01215,0.026931,0.025886,0.244644,0.022116,0.59168,0.076592
1968_99_1409_1445,2,5,0.009566,0.065021,0.325907,0.053934,0.04877,0.410153,0.086649
1968_99_879_904,2,5,0.019794,0.051296,0.209696,0.011232,0.010691,0.504984,0.192308
1968_99_2072_2112,2,5,0.114644,0.211551,0.107328,0.008413,0.011902,0.354072,0.19209
1968_99_2557_2570,5,3,0.013422,0.003599,0.007644,0.784449,0.004723,0.181581,0.004583
1968_99_2257_2268,5,5,0.053717,0.085834,0.069173,0.013996,0.008642,0.713211,0.055427
1968_100_2517_2527,6,2,0.129389,0.043103,0.501595,0.014516,0.003755,0.24837,0.059272
1970_99_120_213,4,1,0.232856,0.631221,0.050024,0.005331,0.05313,0.011295,0.016143
1970_99_1255_1388,1,4,0.045589,0.26174,0.226398,0.005916,0.333286,0.11922,0.007851
1970_100_251_337,1,0,0.702044,0.165601,0.038232,0.012781,0.011153,0.041356,0.028834
1970_100_1424_1510,4,4,0.026807,0.077059,0.024575,0.020479,0.842485,0.004111,0.004483
1970_100_475_625,1,0,0.508508,0.207829,0.142826,0.004784,0.02411,0.064232,0.047713
1970_99_1067_1168,0,0,0.382113,0.353241,0.167361,0.009315,0.019612,0.033288,0.035071
1970_99_640_703,1,1,0.251918,0.642404,0.052886,0.005746,0.009515,0.010408,0.027122
1970_100_961_1052,1,0,0.680621,0.127099,0.091736,0.00264,0.014401,0.071521,0.011981
1970_100_31_87,1,5,0.126876,0.153957,0.179449,0.007574,0.004858,0.391567,0.135719
1970_99_367_463,1,1,0.410078,0.452855,0.052664,0.004116,0.016383,0.049117,0.014787
1970_100_1187_1245,1,1,0.323493,0.617326,0.009394,0.005247,0.023449,0.01469,0.006401
1970_100_721_792,2,0,0.567237,0.156384,0.095173,0.018153,0.071589,0.077581,0.013883
1970_99_827_926,0,0,0.762722,0.17766,0.011273,0.003087,0.010308,0.029086,0.005864
1971_100_31_239,3,3,0.008717,0.008557,0.011044,0.865256,0.018425,0.051605,0.036396
1971_99_1238_1361,1,1,0.103967,0.519968,0.05448,0.115396,0.038719,0.039877,0.127593
1971_100_1077_1217,5,6,0.112955,0.13658,0.080217,0.070669,0.022308,0.19617,0.381101
1971_100_1404_1528,5,2,0.159393,0.250461,0.460671,0.002609,0.066417,0.029991,0.030458
1971_100_886_977,5,5,0.216234,0.11753,0.222157,0.003744,0.014071,0.355927,0.070337
1971_99_494_723,1,1,0.356654,0.512046,0.046469,0.012378,0.025048,0.029145,0.018261
1971_99_265_334,1,3,0.066495,0.121878,0.131195,0.294879,0.03203,0.260145,0.093378
1971_100_368_471,5,5,0.220396,0.049136,0.026028,0.021126,0.013416,0.66194,0.007958
1971_99_808_856,1,1,0.0658,0.411113,0.066599,0.055048,0.014149,0.324071,0.06322
1971_100_755_791,5,5,0.029917,0.029881,0.148633,0.07102,0.019936,0.652013,0.048599
1971_99_998_1031,6,6,0.021812,0.244618,0.146833,0.023129,0.097217,0.152024,0.314368
1972_100_31_138,2,3,0.007259,0.002027,0.004045,0.940351,0.007652,0.029621,0.009045
1972_99_1254_1393,1,0,0.586128,0.257762,0.076928,0.009032,0.021873,0.014436,0.03384
1972_100_1139_1231,2,0,0.309929,0.293152,0.036587,0.146973,0.00964,0.134045,0.069676
1972_100_1637_1725,3,3,0.009707,0.010084,0.008241,0.903309,0.010539,0.03855,0.01957
1972_100_201_399,5,5,0.014143,0.035227,0.257872,0.006921,0.011622,0.652376,0.021838
1972_100_1411_1513,2,3,0.16701,0.184099,0.0907,0.249445,0.030789,0.216136,0.061821
1972_100_818_952,5,5,0.054063,0.091582,0.051835,0.028002,0.008657,0.671966,0.093894
1972_100_447_645,5,3,0.009879,0.014801,0.018129,0.496378,0.018654,0.407572,0.034586
1972_99_165_183,6,5,0.016556,0.035133,0.044609,0.013008,0.011188,0.764857,0.11465
1972_99_976_1113,1,2,0.012012,0.043663,0.878158,0.000906,0.053938,0.007564,0.00376
1972_99_1754_1767,1,4,0.028369,0.203708,0.331379,0.014267,0.364358,0.015579,0.04234
1972_99_1536_1608,2,1,0.277217,0.281154,0.059788,0.089956,0.025556,0.042727,0.223602
1972_99_674_797,5,5,0.0378,0.024903,0.01217,0.006198,0.020567,0.888864,0.009497
1972_99_410_424,5,5,0.130779,0.151022,0.122956,0.014655,0.016786,0.369687,0.194115
1973_100_31_146,5,5,0.015418,0.035094,0.06224,0.00796,0.007557,0.845987,0.025743
1973_100_1279_1454,1,5,0.011064,0.036286,0.097094,0.219036,0.063904,0.539296,0.03332
1973_99_1643_1690,2,2,0.024547,0.0359,0.83344,0.002208,0.092564,0.010111,0.001229
1973_99_168_291,1,2,0.08488,0.199848,0.530651,0.009067,0.095321,0.061662,0.018571
1973_100_852_947,5,5,0.018755,0.041605,0.178329,0.01206,0.023743,0.698367,0.027142
1973_100_454_638,5,1,0.0601,0.314504,0.258168,0.007468,0.020761,0.244217,0.094783
1973_100_1113_1179,2,2,0.043881,0.127993,0.605828,0.003866,0.021934,0.132897,0.0636
1973_99_957_1087,1,2,0.001533,0.028297,0.853609,0.012809,0.066041,0.026831,0.01088
1973_99_1194_1262,5,5,0.030102,0.041458,0.20744,0.044506,0.046014,0.616108,0.014371
1973_99_1463_1526,2,2,0.114831,0.142293,0.382396,0.062586,0.096103,0.105077,0.096712
1973_99_656_831,1,2,0.014523,0.092902,0.798803,0.003525,0.05216,0.024888,0.013199
1973_99_344_425,1,2,0.017741,0.146065,0.600197,0.019205,0.116445,0.052866,0.047482
1973_100_1550_1628,5,5,0.01751,0.035157,0.095305,0.012238,0.016349,0.793815,0.029626
1973_100_311_325,5,5,0.008438,0.013071,0.033734,0.013361,0.004427,0.91354,0.013428
1974_99_31_186,5,0,0.300165,0.145032,0.182722,0.028548,0.040919,0.228327,0.074289
1974_99_1259_1396,2,2,0.105564,0.166711,0.392541,0.015097,0.029004,0.241199,0.049884
1974_100_2005_2049,1,1,0.283613,0.430913,0.108868,0.007915,0.102829,0.046148,0.019713
1974_100_1176_1242,1,5,0.070883,0.139523,0.037486,0.338315,0.038487,0.357662,0.017643
1974_99_1591_1710,2,4,0.139023,0.197722,0.21162,0.0439,0.21545,0.147496,0.044788
1974_100_206_328,5,5,0.003884,0.008722,0.035269,0.005725,0.010634,0.932286,0.003481
1974_100_1733_1852,1,1,0.036867,0.41047,0.142725,0.039115,0.204024,0.036308,0.130489
1974_100_1417_1583,5,5,0.01798,0.062749,0.035555,0.08313,0.010817,0.699471,0.090298
1974_99_904_976,1,2,0.112138,0.216107,0.29415,0.025905,0.066523,0.231149,0.054028
1974_100_487_652,2,1,0.350875,0.45495,0.100471,0.003967,0.038293,0.020584,0.03086
1974_99_1110_1156,1,1,0.32131,0.425842,0.131853,0.005045,0.03156,0.066982,0.017408
1974_100_1023_1110,1,6,0.030208,0.169603,0.124804,0.173861,0.123344,0.042379,0.335802
1974_99_347_468,1,0,0.358963,0.108891,0.339818,0.010603,0.089259,0.069252,0.023215
1974_100_793_891,3,3,0.034054,0.06151,0.051209,0.423573,0.048261,0.333084,0.048308
1974_99_1874_1984,1,0,0.307389,0.080485,0.123504,0.090577,0.248213,0.137345,0.012487
1974_99_666_770,2,0,0.258028,0.236053,0.188629,0.060521,0.07512,0.146993,0.034657
1979_99_98_133,3,1,0.345448,0.417505,0.079474,0.017623,0.039251,0.066513,0.034187
1979_99_1104_1378,1,0,0.582148,0.355753,0.013694,0.004976,0.012872,0.023926,0.006631
1979_99_2013_2113,1,0,0.641183,0.316755,0.01185,0.003843,0.007391,0.011091,0.007887
1979_100_1401_1723,0,0,0.693648,0.15278,0.074281,0.006531,0.02524,0.040012,0.007508
1979_99_240_321,3,5,0.066957,0.18912,0.05193,0.032411,0.040222,0.569675,0.049684
1979_99_1735_1856,1,0,0.69221,0.238609,0.025235,0.005057,0.009101,0.020569,0.00922
1979_100_906_1093,0,0,0.485877,0.089962,0.02285,0.005749,0.023555,0.364937,0.00707
1979_100_159_228,1,6,0.014848,0.029445,0.038939,0.331812,0.028376,0.136907,0.419673
1979_100_613_798,1,0,0.693864,0.161935,0.025943,0.00343,0.013645,0.095748,0.005435
1979_100_340_522,1,0,0.649849,0.215508,0.057331,0.002553,0.015786,0.052829,0.006144
1979_100_31_74,3,5,0.011936,0.008637,0.0196,0.096845,0.010624,0.710454,0.141904
1979_100_1878_2001,1,0,0.8231,0.060778,0.024244,0.007183,0.013444,0.058639,0.012612
1979_99_825_881,1,0,0.624427,0.275078,0.035034,0.014132,0.013368,0.029591,0.00837
1979_99_538_586,0,1,0.294377,0.446095,0.072006,0.007917,0.017832,0.14068,0.021093
1979_99_2223_2273,1,0,0.812608,0.100815,0.016718,0.013066,0.014249,0.035888,0.006655
1979_100_2130_2212,1,0,0.397618,0.196616,0.051633,0.010964,0.008021,0.283409,0.051738
1980_99_1288_1395,4,5,0.237649,0.14999,0.045561,0.056684,0.044497,0.41836,0.047258
1980_100_235_426,1,5,0.025166,0.260724,0.135273,0.105173,0.056377,0.341091,0.076195
1980_99_1790_1879,4,0,0.196824,0.168718,0.165464,0.084362,0.076324,0.128321,0.179987
1980_100_1416_1486,1,0,0.579689,0.09084,0.019262,0.007525,0.025685,0.270126,0.006873
1980_100_946_1106,5,5,0.009826,0.056695,0.062314,0.061716,0.065307,0.728272,0.015872
1980_99_136_211,1,5,0.098085,0.176849,0.043689,0.029447,0.035541,0.509814,0.106574
1980_99_1121_1157,5,5,0.195421,0.082573,0.035214,0.048747,0.006678,0.317569,0.313798
1980_100_1683_1772,1,5,0.020335,0.076062,0.014214,0.031156,0.016152,0.831636,0.010444
1980_100_603_752,1,5,0.072961,0.079807,0.037352,0.314942,0.038115,0.420565,0.036257
1980_99_447_582,1,1,0.210365,0.674861,0.02269,0.008736,0.054862,0.009158,0.019328
1980_100_31_117,3,3,0.01023,0.008229,0.015232,0.852017,0.020986,0.058978,0.03433
1980_99_1503_1674,1,0,0.740257,0.1683,0.028603,0.003426,0.021291,0.023631,0.014493
1980_100_1185_1275,1,3,0.010175,0.10805,0.072918,0.335732,0.015175,0.158781,0.29917
1980_99_768_922,1,0,0.619818,0.236428,0.035357,0.020084,0.042577,0.021474,0.024262
1980_100_1910_1964,1,1,0.20955,0.442536,0.117844,0.031861,0.076634,0.077083,0.044492
1982_100_1236_1349,1,0,0.724285,0.208381,0.017423,0.003868,0.009417,0.029688,0.006937
1982_99_1138_1212,4,0,0.340495,0.144778,0.091432,0.033568,0.075388,0.229636,0.084703
1982_100_1676_1753,1,1,0.203237,0.444005,0.046656,0.118931,0.022732,0.030071,0.134368
1982_99_236_335,4,5,0.042774,0.045202,0.122301,0.007808,0.031996,0.72897,0.020948
1982_99_1768_1844,0,0,0.722944,0.090528,0.04134,0.004398,0.0202,0.111725,0.008866
1982_100_1460_1563,1,1,0.396788,0.427452,0.06449,0.00926,0.012014,0.020478,0.069517
1982_100_861_1122,6,1,0.17352,0.335274,0.119037,0.031682,0.047919,0.045539,0.24703
1982_100_140_220,1,6,0.011552,0.218774,0.031381,0.041018,0.058531,0.03093,0.607815
1982_100_603_692,1,1,0.057688,0.546637,0.101797,0.009416,0.181852,0.008941,0.09367
1982_99_472_570,4,2,0.028195,0.09702,0.383968,0.032604,0.290685,0.154699,0.012829
1982_99_31_118,5,5,0.101767,0.132894,0.111875,0.017273,0.086548,0.462851,0.086793
1982_100_362_460,1,1,0.011701,0.328248,0.185481,0.014617,0.211314,0.058061,0.190578
1982_99_709_833,4,5,0.199007,0.111193,0.206293,0.004483,0.070483,0.266169,0.142373
1982_100_1868_1945,1,5,0.079363,0.129715,0.031795,0.130036,0.017593,0.370862,0.240636
1982_99_1577_1659,0,0,0.59339,0.220216,0.03678,0.023064,0.0423,0.037637,0.046614
1982_99_1368_1434,4,0,0.56173,0.136904,0.059841,0.004084,0.070048,0.155236,0.012156
1982_99_1964_2008,0,0,0.80959,0.140338,0.011879,0.005427,0.00862,0.010023,0.014124
1984_100_31_133,1,6,0.008168,0.28565,0.098322,0.048412,0.05398,0.101381,0.404086
1984_100_1148_1302,2,1,0.346529,0.407045,0.077734,0.018402,0.014765,0.106897,0.028629
1984_100_1660_1776,5,5,0.351023,0.146135,0.067797,0.007041,0.010044,0.407707,0.010254
1984_100_210_353,5,5,0.043502,0.373387,0.044525,0.033035,0.011387,0.410183,0.083981
1984_100_1382_1527,5,0,0.391818,0.262573,0.014958,0.010037,0.007816,0.296762,0.016038
1984_99_912_965,5,5,0.032784,0.017295,0.028267,0.004344,0.006337,0.897231,0.013742
1984_99_133_210,5,1,0.096331,0.33278,0.188653,0.029102,0.038322,0.227648,0.087164
1984_99_1302_1382,5,5,0.073174,0.014116,0.010239,0.066884,0.009215,0.819984,0.006387
1984_99_572_623,5,5,0.011501,0.007683,0.00601,0.016779,0.006796,0.938263,0.012968
1984_99_1077_1148,1,2,0.251169,0.063198,0.558722,0.00466,0.033707,0.081237,0.007307
1984_100_623_912,5,6,0.021699,0.233934,0.100806,0.022324,0.007208,0.251987,0.362042
1984_100_965_1077,1,5,0.347716,0.174406,0.060304,0.018734,0.010923,0.375622,0.012296
1984_100_409_572,5,5,0.012817,0.050128,0.015821,0.06099,0.007139,0.746002,0.107105
1984_99_1527_1660,1,1,0.225265,0.356631,0.042187,0.203612,0.033187,0.058297,0.080821
1984_99_353_409,5,5,0.145334,0.058468,0.054612,0.036337,0.016487,0.649934,0.038827
1985_99_116_261,5,1,0.142753,0.337835,0.087126,0.090063,0.02741,0.167968,0.146845
1985_100_1220_1328,5,5,0.116732,0.114336,0.088587,0.023636,0.009934,0.577935,0.06884
1985_100_1968_2076,5,3,0.006215,0.001794,0.006414,0.917279,0.007479,0.047619,0.0132
1985_99_1144_1220,5,0,0.30288,0.240767,0.301059,0.008441,0.029236,0.102937,0.014679
1985_99_1637_1680,5,1,0.068003,0.324643,0.160415,0.040768,0.188338,0.09203,0.125803
1985_100_1680_1868,2,2,0.050747,0.145003,0.580124,0.011352,0.027773,0.170835,0.014164
1985_100_1453_1637,1,5,0.352472,0.065031,0.052461,0.019445,0.008016,0.488939,0.013636
1985_99_914_982,0,0,0.807913,0.070353,0.023412,0.008631,0.014512,0.066383,0.008798
1985_99_1328_1453,5,1,0.14696,0.385138,0.118626,0.015298,0.020904,0.260846,0.052227
1985_100_488_637,2,6,0.020943,0.124884,0.242188,0.144345,0.040785,0.180418,0.246437
1985_100_982_1144,2,2,0.007256,0.03175,0.439974,0.105555,0.016898,0.385304,0.013264
1985_100_261_357,5,5,0.009342,0.077828,0.12002,0.230422,0.017097,0.473897,0.071394
1985_99_637_746,5,5,0.071657,0.095427,0.350096,0.028738,0.025702,0.389369,0.039011
1985_99_357_488,1,0,0.542908,0.155872,0.166197,0.004108,0.021939,0.100786,0.00819
1985_100_31_116,5,3,0.011714,0.034106,0.014299,0.574726,0.022933,0.043835,0.298388
1985_100_746_914,2,5,0.005618,0.037276,0.177849,0.290474,0.01194,0.464586,0.012257
1985_99_1868_1968,2,2,0.08864,0.210739,0.392024,0.07108,0.069233,0.132806,0.035478
1985_99_2076_2157,1,2,0.320708,0.124201,0.472658,0.002404,0.025616,0.047053,0.007361
1986_100_31_142,5,3,0.014143,0.008938,0.012985,0.781083,0.030813,0.116125,0.035913
1986_99_1215_1323,1,5,0.021429,0.063456,0.103091,0.061073,0.029984,0.651429,0.069539
1986_100_1085_1215,5,3,0.00858,0.005056,0.010049,0.898993,0.013404,0.051336,0.012582
1986_100_1510_1717,5,3,0.144843,0.074646,0.025995,0.363686,0.031039,0.344272,0.015519
1986_99_219_298,1,0,0.868425,0.051143,0.030602,0.002002,0.013576,0.02838,0.005872
1986_99_1717_1802,1,0,0.813997,0.104221,0.022528,0.002448,0.015601,0.031177,0.010027
1986_99_1419_1510,1,2,0.234776,0.229605,0.320222,0.004467,0.022271,0.171793,0.016865
1986_100_737_1006,3,3,0.007132,0.004177,0.004917,0.757294,0.010732,0.199045,0.016703
1986_100_165_219,3,3,0.01452,0.011704,0.005756,0.834655,0.009103,0.097941,0.026321
1986_100_1323_1419,5,5,0.00569,0.063675,0.026256,0.094593,0.019383,0.747746,0.042656
1986_100_547_660,3,3,0.073722,0.03393,0.011493,0.66697,0.010658,0.097319,0.105908
1986_100_298_501,3,3,0.045158,0.014816,0.011912,0.777336,0.01573,0.126804,0.008243
1986_99_1006_1085,5,5,0.043426,0.067388,0.130901,0.267503,0.077595,0.353567,0.05962
1986_99_660_737,5,5,0.022795,0.020126,0.008054,0.01226,0.006923,0.922679,0.007162
1986_99_501_547,5,5,0.086309,0.096475,0.042949,0.014766,0.010116,0.675879,0.073507
1986_99_142_165,1,5,0.064999,0.038422,0.030764,0.006277,0.012139,0.821149,0.026249
1987_100_31_180,3,3,0.007694,0.007903,0.027002,0.687763,0.01549,0.185996,0.068152
1987_100_1291_1364,3,3,0.022592,0.006359,0.007293,0.886737,0.016662,0.043325,0.017032
1987_99_1163_1291,1,3,0.046218,0.119561,0.04043,0.525576,0.05994,0.077451,0.130823
1987_99_1603_1792,5,5,0.075799,0.09282,0.039581,0.115357,0.03535,0.627505,0.013588
1987_100_239_418,5,5,0.004451,0.009026,0.009719,0.366554,0.013895,0.57804,0.018315
1987_100_1792_1873,5,5,0.21361,0.02154,0.015612,0.018304,0.005704,0.720403,0.004827
1987_99_1364_1466,5,5,0.030671,0.056817,0.074616,0.136566,0.078628,0.563474,0.059229
1987_100_822_935,3,3,0.009869,0.001882,0.003116,0.913321,0.005503,0.060588,0.005721
1987_99_935_1021,3,3,0.032474,0.109225,0.159936,0.450701,0.050683,0.080917,0.116065
1987_99_180_239,5,5,0.035139,0.016296,0.024777,0.030798,0.022395,0.860166,0.010427
1987_100_538_606,1,3,0.02374,0.134094,0.041686,0.255148,0.103219,0.211383,0.23073
1987_100_1021_1163,5,0,0.450827,0.105513,0.026023,0.054613,0.027342,0.327257,0.008426
1987_99_606_822,1,1,0.237504,0.510586,0.027015,0.045459,0.02546,0.067476,0.086499
1987_99_418_538,4,1,0.13085,0.571754,0.079289,0.009187,0.08657,0.088751,0.033599
1987_100_1466_1603,3,3,0.013795,0.011289,0.006031,0.899091,0.01083,0.037007,0.021955
1987_99_1873_1967,1,0,0.443437,0.409028,0.02967,0.00743,0.015745,0.084712,0.009978
1990_100_118_211,3,3,0.04769,0.009673,0.007847,0.863213,0.01244,0.028848,0.030289
1990_100_1190_1345,1,5,0.282945,0.138873,0.015743,0.01067,0.016531,0.529033,0.006205
1990_100_251_367,3,3,0.00547,0.000881,0.003545,0.93499,0.005141,0.04,0.009973
1990_99_1348_1495,1,5,0.131556,0.131923,0.043372,0.154742,0.070933,0.402182,0.065293
1990_100_904_968,1,5,0.176519,0.166002,0.198186,0.022987,0.020408,0.208064,0.207833
1990_99_561_635,1,6,0.089624,0.045897,0.071068,0.254434,0.034056,0.242285,0.262636
1990_99_986_1163,1,3,0.14345,0.133198,0.058725,0.256921,0.051163,0.230423,0.12612
1990_100_471_560,5,5,0.010548,0.017782,0.023208,0.185299,0.014182,0.711029,0.037952
1990_100_31_93,3,3,0.0086,0.001551,0.007373,0.913139,0.010145,0.049501,0.009692
1990_99_368_470,1,3,0.082962,0.030513,0.018234,0.483339,0.015961,0.332234,0.036757
1990_100_1496_1546,1,1,0.17294,0.511883,0.114965,0.009235,0.08256,0.089617,0.0188
1990_99_707_903,1,5,0.257045,0.179789,0.034445,0.041648,0.034395,0.429245,0.023432
1990_100_662_706,0,5,0.023137,0.037967,0.055912,0.006928,0.008611,0.851555,0.01589
1990_99_94_117,3,5,0.026933,0.027387,0.063214,0.034701,0.003153,0.804075,0.040536
1990_99_236_250,3,5,0.014446,0.01625,0.022405,0.144173,0.017004,0.762226,0.023495
1991_100_1198_1517,5,3,0.007498,0.007073,0.012138,0.820846,0.012889,0.079787,0.059769
1991_99_1147_1198,4,5,0.024531,0.032974,0.029161,0.027575,0.011021,0.843298,0.031441
1991_100_1628_1684,1,5,0.011658,0.045893,0.01819,0.130373,0.007565,0.760562,0.025759
1991_99_234_349,4,5,0.121944,0.069762,0.020141,0.076376,0.033498,0.661519,0.016761
1991_99_911_993,3,5,0.012186,0.003371,0.00709,0.221913,0.005496,0.743424,0.00652
1991_100_155_233,4,3,0.02245,0.045442,0.022233,0.60251,0.019847,0.046962,0.240556
1991_99_491_613,0,0,0.487406,0.176176,0.039893,0.116728,0.033276,0.126484,0.020037
1991_100_1005_1125,3,3,0.011082,0.012738,0.038876,0.671822,0.011118,0.15628,0.098084
1991_99_1685_1774,1,0,0.339653,0.075926,0.040804,0.308485,0.014481,0.188614,0.032036
1991_100_614_767,3,3,0.010088,0.003948,0.003779,0.93748,0.008992,0.021828,0.013884
1991_100_31_116,6,5,0.017562,0.03192,0.033437,0.409667,0.017682,0.415477,0.074256
1991_100_350_468,1,3,0.049725,0.127136,0.047519,0.422366,0.062329,0.146604,0.144322
1991_99_1518_1601,1,0,0.496245,0.20655,0.066772,0.079279,0.046001,0.085182,0.019971
1991_100_818_886,6,3,0.011916,0.005,0.005272,0.917553,0.007511,0.029962,0.022785
1991_99_778_800,1,3,0.055554,0.125556,0.125145,0.285024,0.051409,0.174726,0.182587
1991_99_148_154,6,5,0.091509,0.052908,0.02989,0.114274,0.027828,0.507137,0.176454
1992_100_31_181,1,5,0.007231,0.022095,0.043446,0.200826,0.007263,0.643022,0.076117
1992_100_1077_1348,3,3,0.032635,0.04021,0.055099,0.536274,0.027613,0.282609,0.025559
1992_99_184_298,1,3,0.086861,0.036864,0.03739,0.592677,0.017007,0.110052,0.119148
1992_99_1807_1892,0,5,0.226728,0.260852,0.106455,0.073055,0.033621,0.274492,0.024798
1992_100_1681_1806,4,3,0.011737,0.046195,0.070123,0.493052,0.04006,0.281056,0.057779
1992_99_1349_1652,1,0,0.658661,0.04051,0.102118,0.007055,0.030534,0.153187,0.007935
1992_100_861_974,3,3,0.011276,0.006873,0.016973,0.866763,0.007085,0.058499,0.032531
1992_99_523_604,1,5,0.333978,0.041409,0.046397,0.020169,0.006967,0.540041,0.011039
1992_100_320_376,3,3,0.021845,0.013437,0.021979,0.347155,0.011893,0.31048,0.273211
1992_100_611_699,1,3,0.065978,0.050716,0.015226,0.742824,0.009023,0.108993,0.007241
1992_99_999_1053,1,5,0.311169,0.049267,0.019297,0.040282,0.015203,0.553159,0.011623
1992_99_405_481,1,0,0.439533,0.16667,0.016168,0.147974,0.010962,0.062308,0.156385
1992_99_700_844,1,0,0.582418,0.045426,0.029724,0.027951,0.021502,0.281718,0.011262
1992_100_487_522,1,3,0.013149,0.002712,0.008793,0.866562,0.005513,0.078586,0.024686
1994_100_126_231,3,3,0.023708,0.011911,0.00818,0.749929,0.022269,0.043154,0.140848
1994_100_1285_1454,1,5,0.020116,0.08093,0.035443,0.028158,0.017978,0.795199,0.022175
1994_99_1787_2081,0,0,0.826717,0.072432,0.027094,0.002595,0.037594,0.027876,0.005693
1994_99_1170_1269,4,1,0.23132,0.285299,0.04045,0.060013,0.052489,0.113906,0.216522
1994_100_1628_1786,1,5,0.047466,0.205378,0.182019,0.10409,0.064751,0.386012,0.010283
1994_99_251_292,4,5,0.120677,0.127747,0.053341,0.007067,0.055003,0.464333,0.171832
1994_99_1455_1601,1,0,0.863995,0.079612,0.007882,0.00152,0.005798,0.037536,0.003657
1994_99_841_993,1,1,0.330082,0.462025,0.037007,0.005948,0.09119,0.036102,0.037645
1994_99_454_602,4,4,0.020515,0.05716,0.255339,0.030606,0.477559,0.141839,0.016981
1994_100_1127_1162,5,5,0.003441,0.006628,0.010755,0.013058,0.002906,0.945355,0.017857
1994_99_1098_1113,4,6,0.054866,0.074164,0.06497,0.096146,0.011328,0.026503,0.672022
1994_100_321_439,3,3,0.021485,0.017383,0.0099,0.759736,0.01516,0.120136,0.056201
1994_100_631_840,5,5,0.338488,0.201122,0.01957,0.044761,0.020804,0.357487,0.017769
1994_100_1007_1097,0,5,0.126232,0.128787,0.050088,0.040316,0.007383,0.445188,0.202006
1994_99_31_109,4,3,0.013133,0.015873,0.10345,0.478978,0.058326,0.058569,0.271671
1994_100_2097_2153,0,1,0.056565,0.559991,0.217018,0.004341,0.102737,0.042556,0.016793
1995_100_123_250,3,3,0.045096,0.123339,0.06349,0.36204,0.112941,0.140769,0.152325
1995_99_1274_1474,4,0,0.44393,0.227942,0.062275,0.022235,0.06029,0.139517,0.043811
1995_100_1066_1247,3,3,0.066701,0.108163,0.016202,0.595068,0.025776,0.117268,0.070821
1995_99_1681_1814,4,1,0.197685,0.203175,0.110192,0.173727,0.104821,0.142969,0.067431
1995_100_737_933,6,3,0.051088,0.039149,0.009662,0.603943,0.017775,0.264216,0.014167
1995_100_526_605,2,3,0.028817,0.060856,0.012524,0.748979,0.021374,0.073042,0.054407
1995_100_331_421,1,1,0.052599,0.432465,0.048195,0.149025,0.056274,0.162447,0.098996
1995_99_629_715,1,0,0.462883,0.146104,0.224422,0.00963,0.022746,0.117973,0.016241
1995_99_959_1049,4,5,0.039186,0.02493,0.128014,0.026104,0.175354,0.599215,0.007197
1995_99_444_502,1,0,0.758797,0.158659,0.02803,0.001573,0.01037,0.035199,0.007371
1995_99_31_87,4,4,0.160114,0.179139,0.128419,0.005855,0.331978,0.052077,0.142418
1995_100_1508_1653,3,3,0.014435,0.012699,0.007636,0.860788,0.013362,0.072685,0.018394
1995_99_1909_1925,1,2,0.047641,0.18778,0.530918,0.020801,0.104785,0.064005,0.04407
1995_100_1842_1891,1,0,0.46407,0.105687,0.015365,0.010893,0.003614,0.393927,0.006445
1995_99_274_310,6,0,0.496565,0.190556,0.07313,0.004018,0.031676,0.090792,0.113262
1997_100_102_173,3,3,0.015678,0.006497,0.006695,0.883773,0.012799,0.020066,0.054492
1997_99_1193_1303,6,2,0.062602,0.084802,0.212006,0.18923,0.137478,0.11227,0.201611
1997_99_1636_1734,1,0,0.800603,0.072444,0.013964,0.004305,0.017975,0.08652,0.004189
1997_100_226_294,3,3,0.013544,0.005272,0.006767,0.865791,0.006339,0.027389,0.074898
1997_100_1765_1842,2,5,0.057076,0.043893,0.022855,0.089007,0.010498,0.760973,0.015699
1997_99_1439_1504,1,0,0.4732,0.055951,0.029471,0.121199,0.01513,0.290697,0.014352
1997_99_889_1047,1,0,0.784519,0.156031,0.006368,0.010715,0.007231,0.022853,0.012283
1997_99_190_209,6,5,0.054479,0.062281,0.05456,0.078662,0.013586,0.627466,0.108966
1997_100_1319_1426,3,3,0.015651,0.008652,0.018851,0.856134,0.012603,0.056971,0.031138
1997_100_1076_1167,2,5,0.030833,0.081882,0.075902,0.043783,0.045696,0.664371,0.057532
1997_99_313_340,5,5,0.088196,0.028895,0.012713,0.008834,0.007508,0.831692,0.022162
1997_99_595_679,2,0,0.392626,0.202751,0.042477,0.132251,0.033255,0.153784,0.042855
1997_100_365_574,3,5,0.017127,0.043936,0.020036,0.236441,0.016658,0.537448,0.128353
1997_100_1529_1618,1,5,0.276509,0.082196,0.058334,0.089283,0.04065,0.393894,0.059134
1997_100_704_879,3,0,0.571599,0.05213,0.02593,0.125817,0.030776,0.182615,0.011134
1997_99_31_46,6,6,0.019921,0.018061,0.058764,0.185146,0.024105,0.192495,0.501506
2204_111_31_202,5,2,0.068095,0.104545,0.366556,0.107075,0.079656,0.262143,0.01193
2204_111_1289_1413,2,2,0.030686,0.269271,0.337241,0.120404,0.11475,0.057637,0.070012
2204_112_1092_1285,1,1,0.044036,0.266276,0.197866,0.113098,0.225322,0.093105,0.060298
2204_111_1664_1781,2,1,0.095749,0.460877,0.168253,0.072444,0.097969,0.054493,0.050215
2204_112_217_304,5,0,0.574689,0.113385,0.150865,0.007688,0.02367,0.110049,0.019652
2204_112_1458_1658,1,4,0.029206,0.230575,0.313679,0.06093,0.315573,0.02686,0.023177
2204_111_863_1072,1,1,0.123621,0.352576,0.264419,0.038655,0.116396,0.085462,0.018872
2204_112_454_644,5,0,0.564988,0.042315,0.00901,0.009599,0.007162,0.363473,0.003453
2204_111_322_429,5,2,0.01136,0.041824,0.768386,0.043823,0.075634,0.048015,0.010958
2204_112_1826_1991,2,2,0.009266,0.184029,0.445871,0.076372,0.226433,0.014718,0.04331
2204_111_645_759,5,3,0.021464,0.071038,0.189356,0.416705,0.081873,0.114868,0.104697
2204_111_2004_2036,2,1,0.255329,0.393538,0.108243,0.048802,0.130841,0.039777,0.02347
2204_112_790_820,5,1,0.052558,0.417186,0.069323,0.013665,0.374712,0.00722,0.065336
2202_112_126_287,6,5,0.028763,0.129305,0.050634,0.16292,0.047826,0.511404,0.069149
2202_112_1260_1566,0,0,0.483804,0.380392,0.013798,0.016534,0.066912,0.019176,0.019384
2202_111_1075_1219,0,0,0.569122,0.271257,0.086617,0.007106,0.013846,0.032072,0.019979
2202_111_1592_1696,1,1,0.181633,0.602805,0.032996,0.015245,0.129688,0.019375,0.018259
2202_111_1812_1848,2,1,0.169932,0.361074,0.041234,0.073069,0.033246,0.279348,0.042098
2202_112_1716_1811,0,1,0.168847,0.601655,0.044378,0.047578,0.087956,0.01163,0.037955
2202_112_825_1075,0,0,0.478152,0.419044,0.011304,0.021089,0.039587,0.01655,0.014274
2202_112_409_605,2,1,0.082659,0.67306,0.03421,0.07078,0.026158,0.053834,0.0593
2202_111_296_401,5,5,0.214947,0.11312,0.038659,0.007493,0.015725,0.60257,0.007486
2202_111_618_723,0,0,0.858569,0.098001,0.005938,0.003305,0.006361,0.025047,0.00278
2202_111_31_114,5,5,0.106351,0.108042,0.025673,0.014725,0.00739,0.705568,0.032251
2202_112_1848_1884,0,0,0.414953,0.335997,0.022102,0.138544,0.029295,0.023317,0.035792
2202_111_766_792,5,5,0.096579,0.177308,0.027244,0.035595,0.01605,0.608766,0.038458
2202_112_737_758,1,1,0.130533,0.63936,0.063895,0.011647,0.130724,0.012782,0.011059
2207_111_31_151,1,1,0.216867,0.627292,0.018023,0.008495,0.114299,0.009793,0.005231
2207_111_1287_1418,2,2,0.048356,0.228259,0.414249,0.071998,0.180824,0.045552,0.010762
2207_112_2006_2097,2,1,0.110564,0.374974,0.063217,0.186961,0.2035,0.008481,0.052303
2207_112_1117_1271,1,4,0.028277,0.365042,0.026785,0.011171,0.539717,0.004312,0.024696
2207_112_189_295,2,1,0.063022,0.495481,0.062869,0.174152,0.074405,0.058015,0.072055
2207_111_1695_1971,1,1,0.112657,0.550512,0.150498,0.023277,0.13121,0.023629,0.008216
2207_112_1446_1659,1,1,0.091379,0.498045,0.01374,0.034523,0.338534,0.005184,0.018595
2207_111_2118_2277,2,1,0.363292,0.462533,0.064883,0.017159,0.038506,0.037313,0.016314
2207_111_866_1108,2,1,0.112155,0.579695,0.116107,0.016996,0.146676,0.019541,0.00883
2207_112_2308_2368,5,1,0.085363,0.42005,0.042213,0.099715,0.207271,0.055204,0.090183
2207_111_307_565,0,1,0.283075,0.584195,0.033403,0.007243,0.070322,0.014502,0.00726
2207_112_612_847,2,1,0.038173,0.478644,0.034303,0.038186,0.383287,0.003915,0.023492
2210_112_81_212,5,5,0.01241,0.035893,0.008123,0.021834,0.007426,0.89849,0.015824
2210_111_1261_1515,1,1,0.033436,0.351129,0.050562,0.169066,0.131244,0.121495,0.143068
2210_111_1621_1727,0,1,0.029314,0.371534,0.058421,0.232253,0.158023,0.071938,0.078517
2210_111_218_291,1,2,0.012152,0.136258,0.389344,0.165425,0.110192,0.083422,0.103206
2210_112_1734_1925,2,1,0.029174,0.497061,0.048192,0.04105,0.320896,0.016121,0.047505
2210_111_640_972,5,3,0.022447,0.274223,0.151263,0.279086,0.023422,0.193553,0.056005
2210_112_555_633,5,0,0.421624,0.205037,0.027094,0.091903,0.034818,0.156464,0.063061
2210_111_1093_1172,1,3,0.016616,0.109219,0.057815,0.466819,0.205176,0.039487,0.104868
2210_112_312_441,5,5,0.019171,0.083449,0.011438,0.037403,0.019035,0.81308,0.016424
2210_112_987_1079,5,3,0.079027,0.216142,0.055462,0.27924,0.237886,0.014405,0.117839
2210_111_442_545,5,3,0.014021,0.11119,0.070424,0.46844,0.059045,0.128351,0.148529
2210_111_31_80,5,2,0.049861,0.206526,0.434001,0.0373,0.092776,0.085906,0.09363
2210_112_1536_1615,1,4,0.017443,0.269284,0.020496,0.093891,0.55608,0.004723,0.038085
2210_112_1185_1255,5,5,0.056041,0.108499,0.025575,0.224113,0.019756,0.468177,0.097839
2215_112_31_166,1,1,0.079347,0.329713,0.044631,0.326491,0.090727,0.016304,0.112787
2215_111_1877_2197,6,3,0.01343,0.034151,0.092981,0.643176,0.153938,0.039891,0.022433
2215_112_945_1287,0,0,0.488215,0.291331,0.018549,0.003129,0.046948,0.135465,0.016363
2215_112_1461_1869,0,1,0.23502,0.342269,0.02506,0.039262,0.027711,0.321084,0.009593
2215_111_196_351,0,5,0.104322,0.222933,0.255283,0.045734,0.016481,0.336481,0.018767
2215_111_1306_1435,2,3,0.017852,0.065105,0.252729,0.285008,0.205366,0.015821,0.158119
2215_112_2235_2392,1,1,0.211977,0.477669,0.026514,0.031592,0.16315,0.049802,0.039296
2215_112_618_776,1,0,0.390763,0.273763,0.01476,0.047124,0.022045,0.207264,0.044281
2215_112_374_483,1,5,0.046116,0.224741,0.102046,0.10919,0.071472,0.317437,0.128998
2215_111_803_913,2,1,0.048024,0.220896,0.121613,0.215016,0.217955,0.051518,0.124978
2215_111_525_542,2,1,0.081576,0.368089,0.100832,0.122148,0.19926,0.070942,0.057152
2214_111_31_257,0,0,0.712236,0.191639,0.029255,0.005038,0.018831,0.038127,0.004875
2214_111_1256_1586,2,2,0.010143,0.077508,0.348195,0.333907,0.161262,0.050876,0.018109
2214_111_1987_2072,2,3,0.008149,0.013165,0.004844,0.929442,0.005093,0.033969,0.005338
2214_112_890_1206,0,0,0.510539,0.381528,0.011489,0.027164,0.029878,0.023745,0.015657
2214_112_1586_1774,0,0,0.645742,0.242175,0.017375,0.028336,0.018326,0.025258,0.022789
2214_111_1791_1893,1,3,0.009509,0.020659,0.059827,0.834664,0.014666,0.049767,0.010908
2214_111_2199_2226,1,1,0.059735,0.415918,0.256533,0.03308,0.193338,0.027146,0.01425
2214_112_280_460,1,4,0.007511,0.182552,0.013974,0.010902,0.767338,0.00201,0.015714
2214_112_619_783,1,4,0.021521,0.377993,0.063873,0.047042,0.416617,0.007068,0.065886
2214_111_786_877,1,0,0.425589,0.324087,0.063727,0.050325,0.066214,0.056541,0.013517
2214_112_2077_2159,0,0,0.596787,0.301853,0.009033,0.05569,0.008932,0.005433,0.022271
2214_112_1899_1982,0,0,0.762821,0.186943,0.007739,0.005256,0.008084,0.019455,0.009702
2214_111_478_588,1,0,0.526796,0.297056,0.034015,0.00513,0.041139,0.091256,0.004608
2216_111_2379_2547,2,4,0.013889,0.084357,0.140635,0.074167,0.662791,0.011262,0.012899
2216_111_31_149,2,1,0.060337,0.283722,0.278496,0.072418,0.199677,0.022828,0.082522
2216_111_1035_1236,1,4,0.021232,0.292332,0.242329,0.077877,0.321448,0.02423,0.020553
2216_112_192_459,1,1,0.125778,0.410883,0.04823,0.030289,0.220135,0.152789,0.011897
2216_112_2577_2799,1,1,0.032664,0.414886,0.052107,0.048574,0.366874,0.011009,0.073886
2216_111_1302_1752,6,3,0.021247,0.114127,0.057858,0.463369,0.100497,0.067737,0.175165
2216_112_610_1002,0,1,0.172647,0.523776,0.074563,0.136457,0.03581,0.041354,0.015392
2216_111_1966_2162,6,1,0.065369,0.235534,0.212412,0.232341,0.167238,0.046373,0.040734
2216_112_2216_2362,2,1,0.019755,0.330269,0.274085,0.058642,0.261304,0.012687,0.043259
2216_112_1788_1942,5,5,0.040355,0.249115,0.025459,0.013563,0.118648,0.534466,0.018395
2216_111_488_581,2,4,0.039935,0.187303,0.088379,0.077653,0.56154,0.005126,0.040064
2216_112_1263_1280,1,1,0.055606,0.5313,0.060342,0.029359,0.302124,0.004256,0.017013
2213_112_123_274,2,1,0.029664,0.322147,0.169425,0.111098,0.28124,0.033838,0.052588
2213_111_1114_1381,0,0,0.646992,0.235739,0.022496,0.01622,0.022623,0.053457,0.002473
2213_111_2008_2101,0,0,0.526814,0.334461,0.019739,0.066589,0.019897,0.01516,0.01734
2213_112_1424_1723,1,1,0.044214,0.424633,0.050005,0.120417,0.315928,0.011267,0.033535
2213_111_1732_1851,0,3,0.076075,0.194412,0.108029,0.309279,0.032719,0.259264,0.020223
2213_111_929_975,1,3,0.039345,0.130744,0.027737,0.711978,0.038349,0.020332,0.031515
2213_111_295_429,1,0,0.589033,0.296676,0.034284,0.007635,0.01884,0.04574,0.007791
2213_111_594_716,1,1,0.364423,0.458111,0.037451,0.025556,0.030818,0.074333,0.009308
2213_112_989_1096,0,1,0.205005,0.514056,0.021754,0.022537,0.081172,0.139876,0.0156
2213_112_457_586,0,0,0.687311,0.252592,0.010102,0.013143,0.008613,0.020778,0.007461
2213_111_31_94,0,0,0.456879,0.450777,0.026932,0.007809,0.02987,0.022433,0.0053
2213_112_734_915,1,1,0.332131,0.492139,0.011811,0.049432,0.024452,0.041059,0.048976
2213_112_1877_1994,0,1,0.433506,0.43949,0.016304,0.054919,0.012838,0.017296,0.025648
2213_112_2115_2196,1,1,0.157452,0.622801,0.032683,0.122709,0.032442,0.008548,0.023365
2217_112_2443_2779,4,4,0.014845,0.162774,0.311795,0.035115,0.43199,0.008032,0.035448
2217_111_31_144,4,2,0.018676,0.063406,0.593495,0.034484,0.255583,0.024608,0.009748
2217_111_1101_1365,1,4,0.049322,0.254332,0.170676,0.188687,0.260203,0.043656,0.033124
2217_112_163_388,5,4,0.136063,0.262446,0.035047,0.008769,0.275893,0.271782,0.01
2217_112_1389_1841,1,4,0.013467,0.116486,0.137214,0.059643,0.615793,0.014972,0.042426
2217_111_659_1011,4,3,0.03385,0.225908,0.127427,0.262336,0.198357,0.120146,0.031975
2217_111_2798_2826,4,4,0.02014,0.15033,0.133521,0.146412,0.481683,0.010218,0.057695
2217_111_1891_2105,4,4,0.015978,0.085843,0.034324,0.021278,0.82048,0.016155,0.005942
2217_112_548_642,1,5,0.066443,0.190842,0.071269,0.056825,0.074342,0.508682,0.031596
2217_111_2235_2428,1,2,0.027237,0.24849,0.464835,0.030811,0.18455,0.036627,0.007451
2217_112_2124_2216,1,4,0.014451,0.215829,0.219549,0.009931,0.50411,0.005888,0.030241
2217_112_1017_1081,4,1,0.109028,0.520547,0.106877,0.014959,0.220761,0.009327,0.018502
2217_111_397_530,4,1,0.052293,0.245387,0.217988,0.100456,0.232014,0.130166,0.021696
2218_112_88_205,1,1,0.025386,0.442011,0.136721,0.06719,0.225775,0.034163,0.068755
2218_111_1290_1386,0,1,0.200561,0.622827,0.08866,0.014709,0.012525,0.042896,0.017823
2218_112_1034_1271,1,4,0.05273,0.293397,0.064565,0.06133,0.404534,0.03677,0.086673
2218_112_1658_1797,1,3,0.037454,0.222268,0.012886,0.42285,0.086196,0.00462,0.213726
2218_111_221_275,5,5,0.032025,0.038726,0.027534,0.01774,0.012294,0.861182,0.010499
2218_111_1818_1852,0,0,0.779959,0.127271,0.020616,0.006775,0.011645,0.048591,0.005143
2218_112_1401_1548,1,4,0.027665,0.299052,0.184482,0.065674,0.339555,0.023266,0.060306
2218_111_880_1020,0,1,0.31758,0.468916,0.066438,0.010902,0.0109,0.098584,0.02668
2218_112_297_608,1,1,0.03063,0.495882,0.067841,0.014844,0.337675,0.020372,0.032756
2218_111_620_698,2,1,0.143916,0.335266,0.332499,0.021068,0.062833,0.07196,0.032459
2218_111_31_68,5,5,0.066224,0.097541,0.053502,0.016639,0.006453,0.734152,0.02549
2218_112_720_871,1,4,0.030779,0.262339,0.08075,0.058059,0.30358,0.144953,0.11954
2218_111_1571_1632,1,1,0.218533,0.501593,0.022417,0.051892,0.016099,0.167046,0.02242
2219_111_2420_2519,0,0,0.833596,0.113333,0.01405,0.006742,0.01166,0.014488,0.00613
2219_111_31_203,1,1,0.015683,0.680737,0.0281,0.064914,0.136413,0.027477,0.046675
2219_111_1275_1442,5,2,0.138501,0.225088,0.528672,0.005459,0.032181,0.058711,0.011388
2219_112_1922_2094,2,1,0.053296,0.414809,0.109658,0.02286,0.327476,0.039479,0.032423
2219_112_939_1265,2,4,0.039954,0.242527,0.197479,0.046114,0.31046,0.084879,0.078586
2219_111_1607_1906,0,0,0.445178,0.147618,0.180231,0.013141,0.123868,0.080893,0.009072
2219_112_216_373,1,1,0.273313,0.500691,0.068222,0.082231,0.009211,0.035558,0.030774
2219_112_1442_1598,2,3,0.092774,0.198021,0.05507,0.24629,0.153413,0.071439,0.182995
2219_111_2107_2308,0,0,0.489154,0.266518,0.122414,0.008476,0.078262,0.026429,0.008747
2219_112_558_812,0,0,0.418612,0.414265,0.020738,0.030633,0.026655,0.07361,0.015487
2219_112_2318_2420,1,0,0.535671,0.355018,0.018951,0.011971,0.04608,0.019305,0.013004
2219_111_373_549,5,5,0.045397,0.148477,0.089763,0.072021,0.023697,0.594943,0.0257
2219_111_830_923,5,5,0.228189,0.096328,0.015236,0.01328,0.008214,0.62992,0.008834
2220_111_31_236,2,1,0.017242,0.42173,0.239562,0.044598,0.067156,0.161669,0.048042
2220_112_1201_1389,1,1,0.177023,0.517067,0.017096,0.073045,0.066534,0.11027,0.038966
2220_111_2036_2077,3,3,0.008021,0.033639,0.023001,0.858593,0.022209,0.033106,0.021431
2220_111_1042_1191,1,1,0.035377,0.265714,0.112849,0.183179,0.08305,0.194535,0.125296
2220_112_1601_1750,1,1,0.349472,0.467193,0.012456,0.019068,0.033284,0.095693,0.022835
2220_112_1806_1986,1,1,0.063703,0.429264,0.045783,0.319859,0.031701,0.035168,0.074522
2220_111_1429_1600,4,1,0.045905,0.56137,0.166862,0.014804,0.162021,0.029369,0.019669
2220_112_775_1031,3,1,0.022732,0.317163,0.035678,0.258865,0.269825,0.015462,0.080274
2220_112_361_659,1,1,0.049383,0.553948,0.025128,0.20381,0.088077,0.036517,0.043137
2220_111_1760_1791,3,1,0.028477,0.310753,0.212337,0.165826,0.100147,0.109678,0.072781
2220_111_294_354,3,1,0.281634,0.604067,0.014625,0.015774,0.005732,0.071102,0.007066
2220_111_662_767,1,1,0.146859,0.501168,0.012414,0.045949,0.018561,0.256855,0.018194
2220_112_2089_2205,3,3,0.089072,0.17297,0.021576,0.494254,0.052079,0.067907,0.102141
2220_112_256_289,5,1,0.142984,0.371863,0.054298,0.026916,0.029165,0.337872,0.036903
2224_111_1090_1356,2,1,0.144825,0.453476,0.219732,0.011598,0.099303,0.052355,0.018711
2224_111_1977_2067,2,2,0.002513,0.031209,0.845692,0.010725,0.102034,0.00276,0.005067
2224_111_1542_1797,4,2,0.044255,0.078495,0.570122,0.02122,0.213747,0.069575,0.002585
2224_112_159_311,1,4,0.029707,0.263868,0.060106,0.121869,0.328844,0.024772,0.170835
2224_112_1437_1524,1,3,0.020386,0.088511,0.039764,0.567629,0.052022,0.016996,0.214693
2224_112_891_1053,1,4,0.02538,0.154827,0.043425,0.039984,0.468984,0.0201,0.2473
2224_112_576_633,4,4,0.049922,0.274152,0.024789,0.126938,0.317597,0.007624,0.198978
2224_111_316_548,4,2,0.015859,0.20942,0.47291,0.02144,0.121492,0.137628,0.021251
2224_111_31_108,4,2,0.035497,0.220805,0.329909,0.036993,0.261392,0.059482,0.055922
2224_111_658_868,1,5,0.013823,0.156684,0.33241,0.033891,0.053613,0.401126,0.008453
2224_112_1830_1950,1,1,0.050727,0.560734,0.039673,0.084606,0.16356,0.016982,0.083718
2224_112_2098_2118,4,1,0.039475,0.595613,0.025587,0.032391,0.23857,0.004926,0.063438
2227_112_1229_1280,1,0,0.863556,0.10455,0.005881,0.004635,0.003402,0.011343,0.006633
2227_111_101_209,5,5,0.215175,0.187099,0.061963,0.020862,0.016393,0.481248,0.01726
2227_111_1131_1214,1,0,0.803416,0.083681,0.012911,0.003183,0.014254,0.079106,0.003449
2227_112_738_921,1,1,0.203348,0.643395,0.01613,0.049872,0.026626,0.042607,0.018022
2227_112_31_83,1,5,0.096512,0.18884,0.055944,0.09858,0.027518,0.37033,0.162276
2227_111_937_1009,1,1,0.160836,0.6167,0.066293,0.053766,0.024425,0.041597,0.036383
2227_112_230_335,1,5,0.173266,0.209265,0.016745,0.049605,0.019662,0.507126,0.024332
2227_111_357_433,1,1,0.129509,0.683625,0.091403,0.012726,0.04901,0.020625,0.013103
2227_111_654_718,1,4,0.020431,0.198807,0.16079,0.180363,0.367168,0.026805,0.045636
2227_112_1037_1110,0,0,0.425188,0.384406,0.012927,0.07267,0.0257,0.048946,0.030162
2227_112_466_636,1,5,0.116023,0.153918,0.017437,0.063713,0.028839,0.603463,0.016608
2223_111_1134_1370,4,0,0.648285,0.112141,0.086964,0.005039,0.116005,0.025016,0.006549
2223_111_1587_1812,2,0,0.376423,0.070909,0.367733,0.01391,0.120689,0.042591,0.007745
2223_112_139_366,1,1,0.246629,0.393575,0.061532,0.034846,0.07276,0.171146,0.019512
2223_112_1397_1577,1,0,0.687307,0.225763,0.006561,0.019012,0.008898,0.041357,0.011102
2223_111_31_127,2,2,0.022103,0.097896,0.627836,0.018148,0.060459,0.154382,0.019177
2223_112_901_1115,1,0,0.877496,0.095425,0.005682,0.004002,0.004175,0.007283,0.005937
2223_111_399_594,2,0,0.78929,0.070206,0.06324,0.003955,0.041725,0.026045,0.005539
2223_112_2063_2172,1,0,0.772392,0.107381,0.019152,0.012227,0.009691,0.073095,0.006062
2223_112_616_744,1,0,0.901135,0.043875,0.009874,0.004146,0.01126,0.019298,0.010413
2223_111_763_876,2,0,0.576087,0.087254,0.109908,0.027271,0.045454,0.137921,0.016105
2223_112_1842_1886,1,0,0.670267,0.229969,0.019454,0.042247,0.008709,0.009215,0.02014
2223_111_2239_2244,2,0,0.40229,0.275392,0.096184,0.037101,0.098882,0.075849,0.014303
2223_111_1918_2017,1,1,0.321508,0.366658,0.181683,0.02513,0.03328,0.033235,0.038507
2222_112_119_159,1,1,0.125331,0.316246,0.167773,0.057622,0.175887,0.054138,0.103003
2222_111_1273_1570,2,0,0.570372,0.229061,0.103191,0.004428,0.056284,0.028695,0.007969
2222_112_980_1253,1,0,0.742179,0.189375,0.017199,0.005572,0.013864,0.023798,0.008014
2222_112_1580_1701,0,0,0.903646,0.052258,0.004044,0.0024,0.005325,0.028767,0.00356
2222_111_213_302,2,5,0.061738,0.14703,0.088265,0.016744,0.047225,0.620168,0.018829
2222_112_1804_1878,1,1,0.162823,0.523135,0.055668,0.108476,0.018102,0.102487,0.029309
2222_111_886_965,2,1,0.177862,0.570704,0.094689,0.03086,0.039099,0.060163,0.026624
2222_112_551_849,1,0,0.808703,0.117222,0.011335,0.006393,0.010602,0.040575,0.00517
2222_111_1715_1788,2,2,0.012581,0.142741,0.746562,0.007389,0.080435,0.008356,0.001936
2222_112_313_427,1,0,0.676984,0.240552,0.014173,0.01631,0.016111,0.016814,0.019056
2222_111_31_77,1,5,0.057237,0.117024,0.10433,0.032001,0.021878,0.645277,0.022253
2222_111_1902_1937,2,2,0.089114,0.137541,0.479353,0.090369,0.152158,0.033752,0.017713
2222_111_483_509,0,1,0.378693,0.387588,0.076681,0.019683,0.084368,0.043507,0.00948
2231_111_2361_2491,0,1,0.25847,0.475925,0.166357,0.011583,0.0651,0.015863,0.006701
2231_112_31_245,4,4,0.018832,0.260627,0.140427,0.086003,0.372666,0.028595,0.092849
2231_112_1977_2329,2,1,0.07524,0.348955,0.040125,0.067604,0.107891,0.279395,0.080789
2231_112_1081_1279,4,1,0.051025,0.442525,0.035952,0.011719,0.437186,0.014243,0.00735
2231_111_1670_1953,4,0,0.703673,0.197924,0.037725,0.008558,0.0131,0.031633,0.007388
2231_111_807_1030,4,0,0.577653,0.144298,0.082139,0.016245,0.037038,0.132895,0.009732
2231_111_1313_1428,0,1,0.382543,0.448641,0.041987,0.042306,0.016653,0.047247,0.020622
2231_112_471_787,4,1,0.030822,0.396286,0.105323,0.026478,0.340345,0.075272,0.025473
2231_111_306_432,1,0,0.751369,0.149132,0.009615,0.009825,0.005136,0.069932,0.004991
2231_112_1478_1649,1,1,0.02803,0.2934,0.163808,0.15988,0.209723,0.015289,0.12987
2231_112_2530_2604,1,1,0.041052,0.445579,0.051377,0.016033,0.40207,0.014057,0.029832
2229_111_2486_2507,1,1,0.298071,0.388111,0.130025,0.033542,0.055031,0.070439,0.024782
2229_112_119_288,0,0,0.737863,0.197548,0.011384,0.007302,0.015271,0.027784,0.002849
2229_111_1277_1435,0,0,0.42901,0.031525,0.168318,0.019845,0.03399,0.31174,0.005573
2229_112_2007_2278,1,1,0.024978,0.24562,0.168684,0.079284,0.214453,0.135419,0.13156
2229_112_952_1263,1,5,0.059435,0.112054,0.030257,0.053117,0.03906,0.691166,0.014912
2229_112_1493_1798,4,1,0.315401,0.448479,0.038955,0.059096,0.064191,0.045063,0.028816
2229_111_1817_1975,1,0,0.542429,0.088102,0.210603,0.020052,0.057049,0.067976,0.013789
2229_111_701_931,1,0,0.465473,0.107653,0.12257,0.027224,0.031722,0.240655,0.004703
2229_111_2290_2320,1,0,0.600618,0.248888,0.040169,0.048792,0.014614,0.030625,0.016294
2229_112_489_701,0,5,0.193254,0.090402,0.026534,0.222988,0.02032,0.42563,0.020872
2229_111_306_457,0,0,0.769077,0.120625,0.045999,0.007707,0.014457,0.034498,0.007637
2229_111_31_56,0,0,0.726379,0.067391,0.035053,0.005831,0.012457,0.145107,0.007781
2229_112_2348_2475,4,2,0.066972,0.144124,0.262449,0.209425,0.061864,0.131843,0.123324
2230_112_1221_1311,4,0,0.471696,0.360135,0.012356,0.025151,0.069427,0.028691,0.032545
2230_111_1094_1197,4,0,0.799165,0.076134,0.049026,0.005998,0.020418,0.040355,0.008904
2230_112_1493_1763,4,4,0.033847,0.183516,0.084902,0.188649,0.454525,0.00751,0.047052
2230_111_239_338,5,0,0.430557,0.022647,0.103428,0.008563,0.019291,0.411816,0.003698
2230_111_1311_1466,4,0,0.507675,0.055425,0.172603,0.017465,0.092668,0.145561,0.008603
2230_111_914_937,1,1,0.209237,0.505738,0.074947,0.026417,0.118959,0.036814,0.027887
2230_112_149_225,1,1,0.062694,0.342744,0.044745,0.08447,0.077196,0.18903,0.19912
2230_111_532_624,1,0,0.792594,0.101402,0.01566,0.007977,0.004811,0.067965,0.009591
2230_112_992_1077,1,0,0.704855,0.229147,0.019223,0.010499,0.00771,0.012619,0.015947
2230_112_357_521,1,1,0.074537,0.836905,0.021474,0.012759,0.021396,0.017622,0.015308
2230_111_31_119,0,0,0.447477,0.193433,0.125868,0.069645,0.020362,0.116223,0.026992
2230_112_642_897,0,0,0.856079,0.110161,0.006904,0.002442,0.010311,0.009263,0.00484
2225_112_111_231,1,4,0.018083,0.206413,0.039612,0.016688,0.584834,0.094755,0.039614
2225_111_1289_1382,1,1,0.310116,0.562963,0.052228,0.011653,0.009025,0.037436,0.016579
2225_112_1155_1268,1,1,0.045752,0.410791,0.031887,0.329614,0.029172,0.022733,0.130051
2225_111_246_337,2,5,0.090844,0.338623,0.047134,0.01989,0.038986,0.36391,0.100613
2225_112_1407_1469,1,1,0.318601,0.587172,0.016255,0.048932,0.005005,0.012855,0.01118
2225_112_862_1038,1,3,0.028911,0.25325,0.078129,0.360776,0.104729,0.062041,0.112164
2225_111_524_629,2,2,0.023897,0.200369,0.573549,0.013668,0.077737,0.078176,0.032605
2225_111_1089_1150,1,2,0.017862,0.230422,0.306417,0.303633,0.078352,0.032046,0.031269
2225_111_31_93,2,5,0.045736,0.274294,0.162636,0.010995,0.065512,0.388722,0.052105
2225_112_362_463,2,1,0.081396,0.466016,0.029815,0.017357,0.367541,0.008997,0.028878
2225_112_1528_1569,1,1,0.151437,0.507265,0.033954,0.19982,0.038123,0.014403,0.054998
2225_111_1491_1510,1,1,0.116974,0.351831,0.116067,0.100637,0.020338,0.248923,0.045231
2225_111_729_825,2,1,0.083335,0.320311,0.064835,0.099683,0.017763,0.298805,0.115267
2225_112_661_727,1,5,0.036209,0.205452,0.183786,0.06461,0.054898,0.400705,0.05434
2226_111_1221_1341,1,3,0.046217,0.212531,0.160642,0.225535,0.177211,0.096695,0.081168
2226_112_1177_1218,1,5,0.029881,0.153365,0.01641,0.014408,0.020769,0.736241,0.028926
2226_111_221_343,1,1,0.028418,0.412704,0.281698,0.043586,0.029332,0.127289,0.076974
2226_111_1446_1544,1,4,0.032461,0.196311,0.227636,0.127804,0.243947,0.126297,0.045545
2226_111_31_124,5,2,0.016562,0.037272,0.320379,0.300499,0.013073,0.237121,0.075094
2226_111_778_963,2,2,0.015683,0.082571,0.689302,0.01556,0.013351,0.164147,0.019387
2226_111_412_641,1,1,0.070324,0.538671,0.121823,0.034346,0.020505,0.192461,0.021871
2226_111_1069_1172,1,3,0.015804,0.0944,0.031227,0.667614,0.022571,0.136196,0.032188
2226_112_149_194,5,5,0.007571,0.042044,0.018406,0.030348,0.040395,0.836506,0.02473
2226_112_988_1059,1,4,0.020975,0.172057,0.160698,0.122366,0.372963,0.064426,0.086515
2226_112_669_749,1,1,0.038625,0.319543,0.103419,0.075771,0.248685,0.187902,0.026056
2226_112_360_392,1,5,0.050776,0.223715,0.038508,0.040002,0.037245,0.505926,0.103828
2226_112_1382_1443,4,4,0.030774,0.165177,0.031161,0.047935,0.64276,0.018815,0.063377
2233_111_31_212,0,0,0.562317,0.142642,0.077455,0.04704,0.024639,0.124142,0.021765
2233_112_1171_1386,1,1,0.120493,0.678824,0.020936,0.032982,0.067507,0.045049,0.034208
2233_111_1899_2060,1,1,0.261939,0.304933,0.10457,0.030447,0.251437,0.03766,0.009014
2233_112_233_346,3,5,0.019905,0.13511,0.050273,0.291242,0.03326,0.332506,0.137703
2233_112_1694_1885,1,1,0.183381,0.484247,0.013277,0.043201,0.070844,0.176613,0.028436
2233_111_1428_1653,0,0,0.562275,0.178413,0.034632,0.110318,0.027837,0.063044,0.023482
2233_112_2091_2230,3,1,0.139533,0.363656,0.058832,0.104991,0.242892,0.033879,0.056217
2233_112_939_1010,1,1,0.068198,0.294895,0.054952,0.142352,0.24291,0.010478,0.186215
2233_112_456_753,1,1,0.179852,0.643709,0.029306,0.052531,0.032276,0.029736,0.03259
2233_111_1015_1147,0,3,0.100361,0.15641,0.195986,0.358487,0.047873,0.113522,0.02736
2233_111_795_903,0,3,0.050673,0.169277,0.062967,0.301635,0.28727,0.020009,0.108169
2233_111_409_425,0,1,0.266355,0.355139,0.17979,0.012761,0.154456,0.020718,0.010781
2232_111_31_152,0,5,0.032018,0.163762,0.202586,0.050138,0.012474,0.51225,0.026773
2232_111_1180_1303,0,0,0.893531,0.060124,0.011894,0.003476,0.007679,0.018611,0.004686
2232_111_1985_2112,0,0,0.60213,0.241222,0.044782,0.018801,0.054713,0.032184,0.006169
2232_112_1328_1685,1,1,0.119362,0.633685,0.04395,0.03097,0.087196,0.03055,0.054287
2232_112_182_399,3,3,0.021566,0.13088,0.035648,0.333931,0.04145,0.20723,0.229296
2232_112_1805_1966,1,1,0.239294,0.531485,0.06567,0.025783,0.030695,0.074157,0.032917
2232_112_2147_2282,3,3,0.022172,0.209938,0.055089,0.292918,0.068841,0.058153,0.292889
2232_111_874_1048,0,0,0.868554,0.041528,0.021723,0.005365,0.022954,0.037148,0.002729
2232_111_2293_2336,0,0,0.64266,0.066569,0.199214,0.00978,0.024761,0.046069,0.010947
2232_112_572_874,1,1,0.119055,0.616924,0.033045,0.047366,0.065289,0.072953,0.045369
2232_112_1073_1163,1,1,0.059078,0.582111,0.056751,0.028824,0.231879,0.00662,0.034737
2232_111_1705_1791,0,0,0.597228,0.079566,0.084152,0.004237,0.019227,0.210075,0.005515
2232_111_406_534,0,0,0.639098,0.126589,0.079907,0.012936,0.012585,0.114237,0.014647
2235_111_31_280,2,0,0.633168,0.186587,0.09795,0.006126,0.032739,0.036588,0.006842
2235_112_1278_1489,6,3,0.030933,0.280504,0.040537,0.347856,0.152398,0.046991,0.100782
2235_112_997_1189,1,1,0.03995,0.223965,0.076585,0.184561,0.158019,0.164441,0.152479
2235_111_1509_1725,0,0,0.787697,0.11604,0.04365,0.005563,0.017489,0.0201,0.009461
2235_112_1748_1869,1,1,0.057925,0.430732,0.050275,0.147797,0.135734,0.026858,0.150679
2235_111_866_979,0,0,0.445385,0.394515,0.041434,0.029643,0.038948,0.02551,0.024564
2235_111_524_622,1,1,0.127964,0.58458,0.028638,0.091248,0.026217,0.037882,0.10347
2235_112_309_522,1,3,0.026299,0.092036,0.066308,0.512667,0.034318,0.134165,0.134206
2235_112_637_861,1,1,0.066217,0.534401,0.115083,0.059934,0.145457,0.03254,0.046367
2235_111_1226_1243,1,1,0.228057,0.4271,0.139848,0.047115,0.107378,0.02999,0.020513
2234_112_2454_2577,1,4,0.019485,0.256328,0.10959,0.033351,0.495101,0.008444,0.077701
2234_112_1986_2366,4,1,0.016056,0.37856,0.114498,0.106965,0.302005,0.023517,0.058399
2234_111_981_1267,2,0,0.870034,0.029299,0.058352,0.003303,0.005876,0.030571,0.002566
2234_111_1678_1907,0,0,0.862187,0.043358,0.046858,0.00329,0.012825,0.027021,0.004461
2234_112_131_279,3,3,0.008532,0.028773,0.056822,0.765653,0.019613,0.05946,0.061147
2234_112_1307_1666,1,1,0.080737,0.534042,0.08984,0.099316,0.061011,0.067751,0.067303
2234_111_2591_2629,0,0,0.629564,0.019008,0.174443,0.008739,0.052737,0.109502,0.006007
2234_112_817_969,3,3,0.016783,0.099535,0.054734,0.580358,0.052928,0.00664,0.189023
2234_112_421_656,3,3,0.011337,0.04009,0.020422,0.819346,0.043847,0.019635,0.045324
2234_111_286_379,1,0,0.662792,0.191366,0.033117,0.03424,0.016455,0.046832,0.015198
2234_111_31_107,5,5,0.211167,0.104951,0.132132,0.022226,0.020064,0.478095,0.031365
2234_111_666_780,1,0,0.472065,0.179688,0.070253,0.103718,0.03688,0.120216,0.017181
2234_111_2393_2424,1,1,0.305731,0.552287,0.060229,0.018174,0.029547,0.012745,0.021287
2238_111_31_137,4,4,0.020397,0.133771,0.23412,0.00787,0.572873,0.00868,0.022289
2238_111_1189_1637,4,4,0.023247,0.100376,0.105882,0.018904,0.716818,0.030244,0.004529
2238_111_1781_2055,4,2,0.034049,0.158639,0.400342,0.01347,0.372528,0.014492,0.00648
2238_112_1655_1752,6,6,0.032075,0.182931,0.148517,0.120012,0.237015,0.030595,0.248854
2238_112_143_273,6,3,0.021519,0.176629,0.134369,0.34449,0.07379,0.070492,0.178711
2238_112_2149_2312,6,3,0.026925,0.153511,0.106305,0.312032,0.260843,0.015164,0.125222
2238_111_638_964,4,2,0.004192,0.034453,0.876341,0.016746,0.018455,0.022215,0.027596
2238_112_548_613,6,3,0.018919,0.156717,0.138778,0.340241,0.124672,0.102881,0.117791
2238_112_975_1179,2,4,0.020631,0.33015,0.150271,0.062434,0.374779,0.015218,0.046516
2238_111_281_516,4,4,0.02825,0.088098,0.275157,0.035822,0.547765,0.00778,0.017129
2238_111_2357_2422,1,1,0.063231,0.438231,0.125566,0.140997,0.135289,0.012485,0.084202
2237_111_31_187,0,0,0.880597,0.037637,0.011399,0.006709,0.006599,0.054696,0.002365
2237_112_1232_1327,1,0,0.645031,0.248384,0.019171,0.010074,0.020892,0.042379,0.014069
2237_111_1110_1213,1,0,0.777826,0.072873,0.015177,0.028035,0.01984,0.080483,0.005766
2237_112_1412_1696,4,4,0.015235,0.33873,0.083648,0.052867,0.467132,0.011525,0.030863
2237_112_216_315,6,5,0.019231,0.079766,0.051305,0.277595,0.045058,0.448236,0.07881
2237_112_1821_1930,3,4,0.027992,0.127941,0.058159,0.214833,0.327846,0.015594,0.227634
2237_111_771_950,1,0,0.639868,0.177658,0.040513,0.019955,0.025181,0.09069,0.006135
2237_111_1331_1385,2,0,0.775763,0.078035,0.059864,0.010943,0.02569,0.042497,0.007208
2237_111_1696_1791,0,0,0.557267,0.124775,0.093427,0.037261,0.034606,0.128581,0.024083
2237_111_316_566,2,0,0.410412,0.064906,0.338777,0.031159,0.046315,0.096554,0.011877
2237_112_597_767,1,4,0.032808,0.234277,0.091871,0.058602,0.540885,0.014397,0.02716
2237_112_967_1096,6,1,0.033167,0.279807,0.052913,0.216557,0.187424,0.014848,0.215284
2236_112_1173_1329,1,3,0.087413,0.240748,0.039023,0.266694,0.0815,0.218537,0.066085
2236_111_2018_2206,4,2,0.076964,0.079128,0.598636,0.062462,0.143786,0.02284,0.016184
2236_112_1598_1764,1,1,0.096479,0.423078,0.030942,0.101654,0.147004,0.023641,0.177203
2236_112_147_373,1,3,0.019105,0.158065,0.088652,0.434074,0.151978,0.047902,0.100224
2236_111_1769_1894,0,0,0.778937,0.085918,0.092101,0.008516,0.013006,0.016274,0.005248
2236_111_1333_1579,0,0,0.479837,0.244243,0.03867,0.06777,0.048089,0.114896,0.006495
2236_112_2211_2295,0,0,0.617335,0.285715,0.033341,0.014361,0.01165,0.018067,0.019532
2236_111_775_1155,0,0,0.385324,0.159476,0.143381,0.02147,0.255014,0.021757,0.013578
2236_112_464_760,3,3,0.018258,0.162888,0.037255,0.46328,0.094972,0.034643,0.188705
2236_111_31_120,2,2,0.073739,0.235393,0.293484,0.046069,0.264268,0.02172,0.065327
2236_111_378_434,0,2,0.20153,0.191541,0.329901,0.049451,0.156733,0.034846,0.035999
2236_112_1908_2000,0,1,0.158097,0.490257,0.08149,0.076734,0.043257,0.107561,0.042604
2239_112_31_206,2,3,0.014722,0.088423,0.168617,0.305263,0.289249,0.051502,0.082224
2239_111_1902_2066,0,4,0.03447,0.138196,0.0942,0.031434,0.681948,0.007506,0.012246
2239_111_968_1272,4,4,0.050312,0.125283,0.259804,0.028107,0.507811,0.024688,0.003994
2239_111_1391_1713,4,2,0.024648,0.146714,0.362209,0.147751,0.257818,0.031857,0.029002
2239_112_1738_1869,6,2,0.010384,0.282012,0.315889,0.039408,0.240803,0.041523,0.06998
2239_112_2098_2229,6,1,0.074859,0.438702,0.029299,0.175334,0.155804,0.018172,0.10783
2239_112_904_966,2,1,0.018087,0.437354,0.083125,0.059375,0.366378,0.008886,0.026795
2239_112_1309_1367,6,2,0.015059,0.161944,0.263449,0.212649,0.035033,0.075595,0.236272
2239_111_2242_2371,1,1,0.129556,0.311455,0.251211,0.03424,0.239133,0.015904,0.0185
2239_111_270_502,4,4,0.018254,0.100591,0.303089,0.051194,0.489059,0.008562,0.029251
2239_111_601_881,4,4,0.021027,0.138379,0.131827,0.204863,0.377267,0.063104,0.063533
2239_112_521_574,6,3,0.011156,0.087839,0.228095,0.398007,0.064592,0.09457,0.115742
2240_111_31_142,5,5,0.292212,0.037459,0.119904,0.012348,0.016368,0.515092,0.006617
2240_112_1286_1380,4,4,0.022712,0.187759,0.140987,0.1144,0.482279,0.022048,0.029815
2240_111_1129_1285,4,1,0.274483,0.360417,0.144767,0.017224,0.07647,0.11834,0.008299
2240_112_1631_1807,3,1,0.043499,0.347969,0.092467,0.16328,0.198091,0.02095,0.133743
2240_111_239_468,1,0,0.870879,0.064252,0.020244,0.003339,0.015765,0.022613,0.002908
2240_111_1412_1604,2,0,0.343641,0.226625,0.200763,0.023715,0.065523,0.126944,0.012789
2240_111_718_933,0,0,0.553476,0.167662,0.086363,0.055553,0.04687,0.081364,0.008712
2240_112_502_718,6,4,0.01589,0.062935,0.12848,0.094833,0.550204,0.05419,0.093468
2240_112_952_1115,3,4,0.003735,0.035387,0.292514,0.037688,0.615965,0.010963,0.003747
2240_111_1843_2040,4,1,0.193821,0.36924,0.091732,0.027609,0.273973,0.032982,0.010644
2240_112_2085_2183,4,4,0.021809,0.41134,0.107703,0.013998,0.417709,0.008012,0.019429
2240_112_151_177,6,3,0.026501,0.053806,0.277113,0.291306,0.203135,0.028154,0.119985
2403_122_114_284,3,3,0.011787,0.037448,0.053485,0.688513,0.023614,0.149497,0.035655
2403_121_1004_1325,1,1,0.249341,0.488245,0.041803,0.125347,0.053279,0.010839,0.031144
2403_122_1745_2153,1,0,0.621656,0.249071,0.027424,0.013728,0.024055,0.057105,0.006961
2403_121_1580_1739,1,0,0.412193,0.38857,0.028517,0.05542,0.019746,0.085064,0.01049
2403_122_1325_1567,1,0,0.554859,0.347725,0.029269,0.005899,0.015135,0.042464,0.00465
2403_122_782_985,1,0,0.657324,0.285523,0.012753,0.003638,0.009351,0.025374,0.006037
2403_122_515_620,1,0,0.723843,0.146686,0.033793,0.001767,0.007967,0.079537,0.006408
2403_121_298_508,1,3,0.112275,0.129186,0.08212,0.503344,0.026062,0.116253,0.03076
2403_121_634_782,1,0,0.472833,0.331781,0.029014,0.042519,0.025922,0.087041,0.010889
2403_121_31_113,3,3,0.00351,0.006873,0.007971,0.947435,0.005298,0.009275,0.019638
2402_121_31_575,1,1,0.327907,0.328739,0.029039,0.175186,0.05175,0.063762,0.023616
2402_122_1240_1326,1,5,0.016702,0.012989,0.023607,0.011756,0.005022,0.921384,0.00854
2402_122_1863_2142,1,0,0.693193,0.157771,0.0196,0.031561,0.014258,0.073327,0.010289
2402_121_1114_1240,1,3,0.012967,0.016946,0.012318,0.916022,0.007378,0.024517,0.009852
2402_122_1653_1778,1,1,0.334845,0.354859,0.039825,0.089195,0.023303,0.104295,0.053678
2402_121_1792_1863,0,0,0.46805,0.126626,0.043168,0.015642,0.010999,0.319569,0.015946
2402_122_1374_1574,1,0,0.455509,0.319699,0.038744,0.023908,0.014922,0.123101,0.024117
2402_122_584_1005,1,0,0.656285,0.21498,0.027994,0.009388,0.017332,0.06374,0.010281
2402_121_1337_1355,1,6,0.024731,0.237439,0.085703,0.153804,0.096009,0.034377,0.367937
2402_121_1013_1060,1,3,0.007824,0.002694,0.003896,0.953307,0.001436,0.026792,0.004051
2402_121_1588_1640,1,5,0.106613,0.103072,0.051692,0.131471,0.033728,0.423135,0.15029
2402_122_1066_1102,1,0,0.446474,0.133362,0.072442,0.005125,0.005129,0.330204,0.007264
2401_122_31_279,1,5,0.171903,0.142662,0.113478,0.082103,0.033828,0.397202,0.058824
2401_122_1216_1369,1,1,0.272486,0.313577,0.165347,0.060222,0.027537,0.065754,0.095077
2401_121_1964_2069,1,4,0.027307,0.137716,0.306789,0.006878,0.450364,0.057843,0.013102
2401_121_981_1202,2,2,0.010625,0.246928,0.393575,0.029064,0.28591,0.011609,0.022288
2401_121_1381_1742,2,2,0.01598,0.197838,0.390219,0.013849,0.346827,0.021694,0.013594
2401_122_1752_1939,1,1,0.310296,0.502082,0.088315,0.016367,0.016033,0.028196,0.03871
2401_121_2175_2369,0,0,0.702886,0.261843,0.003682,0.001855,0.017793,0.010231,0.001709
2401_122_857_963,1,5,0.195553,0.149409,0.142952,0.027041,0.026553,0.431947,0.026544
2401_122_2069_2150,0,0,0.53405,0.33264,0.052266,0.011057,0.023717,0.024263,0.022008
2401_121_295_385,2,2,0.024467,0.188479,0.542948,0.021138,0.187081,0.014038,0.02185
2401_121_597_842,4,2,0.008664,0.135716,0.615296,0.017307,0.197369,0.01769,0.007958
2401_122_435_588,1,5,0.113346,0.052654,0.024209,0.01363,0.014154,0.775845,0.006161
2407_122_31_135,0,0,0.714921,0.229714,0.006953,0.003789,0.004907,0.03611,0.003606
2407_122_1082_1361,1,0,0.722371,0.213662,0.015932,0.005145,0.016099,0.020225,0.006567
2407_122_235_525,1,0,0.756732,0.183236,0.015511,0.007418,0.007519,0.019336,0.010247
2407_121_1383_1524,3,3,0.009927,0.017091,0.027823,0.899165,0.024117,0.017678,0.004199
2407_122_618_1030,1,0,0.721889,0.156254,0.043996,0.004012,0.015745,0.044617,0.013488
2407_121_148_228,1,3,0.088089,0.281004,0.035708,0.499775,0.022871,0.018196,0.054359
2407_121_537_618,1,1,0.332973,0.341462,0.053936,0.12089,0.015014,0.089831,0.045895
2407_121_1030_1076,1,1,0.305928,0.547814,0.050416,0.021485,0.020513,0.027003,0.02684
2407_122_1524_1601,1,0,0.576369,0.276397,0.046086,0.009861,0.018902,0.062569,0.009815
2407_121_1617_1657,1,0,0.545418,0.350697,0.032475,0.01315,0.021618,0.030083,0.00656
2408_121_121_229,3,3,0.008303,0.011942,0.01463,0.902487,0.007197,0.033522,0.02192
2408_122_1272_1518,1,1,0.326232,0.477909,0.055673,0.053897,0.026678,0.042925,0.016686
2408_121_1183_1261,2,2,0.003105,0.082625,0.69373,0.018908,0.180847,0.01063,0.010156
2408_121_1529_1712,2,1,0.077002,0.63345,0.077034,0.023441,0.159979,0.014406,0.014688
2408_122_235_526,1,0,0.779456,0.051781,0.011649,0.004465,0.008061,0.14229,0.002299
2408_122_1712_1976,1,1,0.317819,0.445319,0.102064,0.028043,0.02589,0.041121,0.039743
2408_121_919_1004,2,5,0.013168,0.098319,0.239935,0.098725,0.069061,0.476437,0.004356
2408_121_533_629,3,5,0.048442,0.236506,0.095836,0.13697,0.052161,0.407361,0.022723
2408_122_1020_1169,1,0,0.730442,0.159063,0.051055,0.005699,0.010913,0.032987,0.00984
2408_122_31_117,1,0,0.581529,0.344516,0.0334,0.004543,0.007685,0.016422,0.011905
2408_122_645_913,1,0,0.715217,0.173939,0.028881,0.005177,0.013203,0.053059,0.010524
2405_121_2404_2581,4,2,0.0015,0.021128,0.822816,0.007644,0.139904,0.003898,0.003111
2405_122_31_223,2,0,0.546436,0.198588,0.045306,0.005407,0.01631,0.182543,0.005411
2405_121_1190_1483,2,2,0.006076,0.067511,0.647101,0.154479,0.03566,0.069541,0.019631
2405_121_1992_2274,4,2,0.029487,0.200732,0.498263,0.035558,0.191465,0.024466,0.020029
2405_121_1530_1914,2,1,0.108526,0.3911,0.248893,0.038887,0.1544,0.039839,0.018355
2405_121_237_290,2,2,0.021761,0.1544,0.625393,0.022371,0.11858,0.03261,0.024884
2405_121_903_1042,2,1,0.031181,0.289293,0.246592,0.12943,0.196518,0.0422,0.064786
2405_122_2285_2397,1,5,0.124477,0.120779,0.145173,0.019528,0.037589,0.539647,0.012807
2405_122_291_710,1,1,0.352598,0.460565,0.069759,0.02015,0.013468,0.063872,0.019588
2405_122_1064_1182,1,5,0.073559,0.069828,0.242817,0.008725,0.007845,0.587901,0.009325
2405_122_1490_1519,2,5,0.035436,0.039173,0.066139,0.00857,0.005311,0.835284,0.010088
2405_122_780_880,1,1,0.223581,0.392858,0.191829,0.045769,0.060602,0.0416,0.043761
2405_121_727_762,2,2,0.021548,0.194539,0.594424,0.048321,0.088042,0.031065,0.022061
2405_122_1917_1976,1,5,0.012257,0.071492,0.234549,0.080779,0.016791,0.535349,0.048782
2411_122_1221_1513,1,3,0.160327,0.299776,0.050127,0.358153,0.022589,0.023342,0.085686
2411_121_1137_1208,1,3,0.045766,0.080502,0.021974,0.561755,0.025021,0.139812,0.12517
2411_122_1626_1716,5,5,0.062007,0.041599,0.020806,0.138547,0.016709,0.70491,0.015421
2411_122_201_353,5,1,0.253261,0.276895,0.193111,0.039609,0.023999,0.186105,0.027019
2411_122_784_1116,1,1,0.207408,0.277279,0.20736,0.061437,0.04125,0.167962,0.037304
2411_122_430_626,6,1,0.235102,0.361739,0.123063,0.086364,0.029941,0.080456,0.083334
2411_121_133_184,3,3,0.002199,0.001623,0.012694,0.950678,0.00747,0.013291,0.012045
2411_122_31_117,6,6,0.091987,0.1423,0.11249,0.251154,0.05618,0.046195,0.299694
2411_121_1521_1611,3,3,0.005712,0.016306,0.053612,0.825014,0.02066,0.05966,0.019035
2411_121_645_768,5,5,0.109976,0.109474,0.012829,0.009032,0.028631,0.723062,0.006997
2411_121_357_420,3,3,0.004937,0.002893,0.008614,0.950589,0.006829,0.00963,0.016509
2409_122_125_321,1,5,0.128825,0.103992,0.086514,0.010612,0.037875,0.624532,0.007651
2409_122_2027_2293,2,0,0.362227,0.333726,0.172963,0.014296,0.040414,0.055395,0.020977
2409_122_1012_1243,1,0,0.540318,0.396494,0.029211,0.002881,0.008463,0.014296,0.008338
2409_121_1656_2020,1,1,0.098143,0.461663,0.115461,0.232342,0.027331,0.027333,0.037728
2409_122_1305_1638,1,0,0.440506,0.317244,0.076834,0.026418,0.05514,0.0651,0.018757
2409_122_824_933,1,1,0.138659,0.549495,0.223293,0.007629,0.015062,0.055802,0.010061
2409_121_944_1004,2,5,0.053056,0.057191,0.097284,0.157723,0.006377,0.553507,0.074862
2409_122_496_602,1,0,0.376394,0.205307,0.031607,0.020915,0.013603,0.344174,0.008
2409_121_325_386,3,3,0.009575,0.034987,0.018024,0.826285,0.017348,0.080227,0.013554
2409_121_602_812,1,3,0.024706,0.045107,0.024225,0.583511,0.017001,0.284812,0.020638
2409_121_426_490,3,3,0.007172,0.007312,0.019933,0.873618,0.006527,0.026986,0.058452
2409_121_31_108,3,3,0.0027,0.002777,0.019989,0.899879,0.014367,0.049815,0.010474
2409_121_1243_1295,3,3,0.047343,0.020447,0.015909,0.850006,0.005279,0.048533,0.012483
2409_122_393_426,1,5,0.099859,0.078312,0.042276,0.0199,0.009377,0.718849,0.031428
2412_122_112_369,5,5,0.043939,0.021639,0.032849,0.216217,0.034527,0.641776,0.009053
2412_122_1179_1438,3,3,0.226896,0.097164,0.073919,0.32271,0.049697,0.148796,0.080817
2412_122_1604_1751,5,1,0.239609,0.409617,0.132476,0.072674,0.055147,0.060052,0.030425
2412_121_1760_1995,1,3,0.012546,0.009456,0.022576,0.912361,0.013077,0.020238,0.009746
2412_121_1453_1586,1,1,0.063512,0.480898,0.023455,0.325867,0.045062,0.015232,0.045973
2412_122_922_1090,2,5,0.087243,0.105197,0.105682,0.21162,0.034598,0.381553,0.074106
2412_122_518_765,5,5,0.077684,0.145785,0.166817,0.112838,0.030219,0.349825,0.116832
2412_121_1100_1163,0,1,0.222418,0.531923,0.052548,0.054542,0.032536,0.048768,0.057266
2412_121_382_510,1,0,0.417645,0.300116,0.050665,0.097403,0.02107,0.083297,0.029804
2412_121_31_103,3,3,0.004127,0.001257,0.008239,0.964063,0.006185,0.008464,0.007665
2412_121_770_900,3,3,0.002351,0.002165,0.010205,0.956147,0.005794,0.007142,0.016196
2412_122_1996_2016,6,3,0.01201,0.016537,0.027296,0.86786,0.006047,0.035259,0.034991
2410_122_103_188,1,5,0.14597,0.030619,0.037992,0.002932,0.004197,0.774238,0.004052
2410_121_1159_1361,1,3,0.031543,0.065802,0.048092,0.74989,0.015937,0.056557,0.03218
2410_122_1990_2050,1,0,0.556752,0.220623,0.041319,0.003932,0.011655,0.155045,0.010674
2410_121_1429_1691,1,1,0.046163,0.205314,0.149509,0.183962,0.194763,0.042922,0.177367
2410_121_192_295,1,1,0.126552,0.434564,0.040284,0.139771,0.040149,0.059785,0.158894
2410_122_1696_1837,1,0,0.610371,0.30278,0.026806,0.005529,0.011215,0.034559,0.008739
2410_121_2068_2260,1,1,0.056339,0.360209,0.135984,0.244122,0.107649,0.021169,0.074527
2410_122_707_1148,1,0,0.655428,0.223843,0.045577,0.00853,0.024456,0.034821,0.007345
2410_121_521_702,2,2,0.029418,0.233599,0.322765,0.171141,0.09823,0.080909,0.063937
2410_122_305_509,1,5,0.258183,0.175911,0.163839,0.012472,0.016091,0.359858,0.013645
2410_121_31_92,2,5,0.057758,0.094321,0.072759,0.029478,0.061273,0.632646,0.051765
2410_121_1854_1977,2,3,0.007893,0.018975,0.130655,0.736248,0.043573,0.011178,0.051478
2410_122_1366_1416,1,5,0.213996,0.225375,0.06094,0.012939,0.020333,0.446719,0.019698
2419_121_111_353,4,4,0.023836,0.120169,0.287319,0.16812,0.337398,0.037266,0.025891
2419_121_1007_1410,4,2,0.014107,0.093067,0.366345,0.08952,0.341054,0.045799,0.050108
2419_122_1542_1824,1,1,0.079159,0.38075,0.155392,0.070798,0.219956,0.034399,0.059546
2419_122_1430_1489,2,5,0.067484,0.122191,0.268273,0.035662,0.065267,0.377055,0.064069
2419_121_732_938,6,3,0.009936,0.033471,0.155789,0.464324,0.154044,0.048458,0.133978
2419_121_549_627,4,3,0.021121,0.111426,0.029785,0.598658,0.020543,0.021169,0.197299
2419_122_372_532,2,1,0.18271,0.234535,0.136131,0.084089,0.16891,0.146397,0.047229
2419_122_31_91,2,5,0.075164,0.127423,0.117556,0.010816,0.02412,0.625585,0.019336
2419_122_648_709,5,1,0.338977,0.413853,0.045207,0.005385,0.0103,0.173819,0.01246
2419_121_1507_1531,4,4,0.033633,0.311042,0.078164,0.030356,0.433985,0.009391,0.103431
2419_122_966_986,5,5,0.10735,0.083308,0.105541,0.018044,0.021954,0.629388,0.034415
2417_122_31_171,1,1,0.205129,0.479049,0.046388,0.059743,0.089753,0.024679,0.09526
2417_121_1197_1336,6,3,0.0115,0.024841,0.018991,0.829177,0.032482,0.007099,0.075909
2417_121_1573_1721,6,3,0.132385,0.161875,0.091571,0.33294,0.067136,0.191609,0.022485
2417_122_240_375,5,1,0.196252,0.410745,0.153164,0.040062,0.043231,0.066345,0.090202
2417_122_1356_1553,3,0,0.648091,0.213543,0.031114,0.012446,0.016086,0.070246,0.008472
2417_122_846_1010,6,0,0.497083,0.378532,0.039768,0.006449,0.02292,0.040833,0.014415
2417_121_189_225,6,5,0.129244,0.189084,0.056778,0.120315,0.03227,0.340468,0.131842
2417_122_490_703,6,1,0.179181,0.236968,0.092211,0.22845,0.069659,0.111111,0.08242
2417_122_1137_1179,5,5,0.268755,0.123752,0.066295,0.020053,0.018185,0.484754,0.018205
2417_121_1032_1112,4,4,0.009098,0.071022,0.149745,0.042993,0.692979,0.004836,0.029327
2417_121_406_481,3,3,0.017999,0.030149,0.036233,0.809184,0.01361,0.068239,0.024586
2417_121_727_830,6,3,0.032746,0.031172,0.123992,0.524914,0.044162,0.157931,0.085081
2422_121_31_415,3,3,0.009542,0.0136,0.029931,0.906782,0.005346,0.028612,0.006187
2422_121_1291_1420,3,3,0.062729,0.203606,0.045535,0.442946,0.036076,0.054573,0.154534
2422_122_1155_1277,5,5,0.09569,0.267372,0.082484,0.125155,0.010472,0.392098,0.026729
2422_122_1430_1521,5,5,0.040626,0.07296,0.06061,0.04106,0.00828,0.764549,0.011916
2422_121_787_1012,3,3,0.007686,0.015265,0.078933,0.760962,0.019132,0.092875,0.025148
2422_121_465_715,3,3,0.026162,0.081095,0.025883,0.753371,0.020042,0.04316,0.050286
2422_121_1088_1144,3,3,0.007523,0.003316,0.011197,0.853278,0.003228,0.11613,0.005328
2422_122_1016_1077,3,3,0.005473,0.030941,0.145638,0.505485,0.024866,0.217294,0.070302
2422_122_424_454,3,1,0.177148,0.553208,0.014304,0.21707,0.014187,0.017767,0.006316
2422_121_1531_1612,1,1,0.261491,0.48154,0.045885,0.109476,0.015636,0.049843,0.036129
2422_122_724_779,3,5,0.012739,0.069486,0.21769,0.283324,0.06075,0.33359,0.022421
2413_122_114_197,5,5,0.025093,0.052556,0.073099,0.03466,0.0145,0.768853,0.031239
2413_121_1284_1360,6,3,0.010011,0.018806,0.024758,0.835507,0.010713,0.020383,0.079821
2413_121_1129_1223,6,3,0.003548,0.004397,0.036749,0.917428,0.007537,0.00927,0.02107
2413_121_1460_1691,3,3,0.006243,0.005915,0.01746,0.939976,0.011173,0.013911,0.005322
2413_121_212_288,6,3,0.003293,0.002963,0.014427,0.921631,0.00508,0.012606,0.04
2413_122_1696_1840,5,5,0.015549,0.003931,0.015078,0.217849,0.01033,0.733001,0.004263
2413_122_917_1106,5,3,0.047578,0.056278,0.060138,0.520121,0.062779,0.205594,0.047512
2413_121_583_674,3,3,0.018226,0.04503,0.015365,0.799814,0.010056,0.087705,0.023805
2413_122_297_413,6,5,0.106863,0.106805,0.054934,0.252813,0.037327,0.373882,0.067376
2413_122_477_573,5,5,0.08285,0.118305,0.186008,0.035475,0.017659,0.520748,0.038955
2413_121_31_101,6,3,0.006365,0.008869,0.032834,0.887009,0.007707,0.022231,0.034985
2413_121_423_460,3,3,0.028166,0.037982,0.028306,0.800474,0.011174,0.078541,0.015357
2413_122_1231_1276,5,5,0.024561,0.037356,0.04669,0.240971,0.012357,0.532399,0.105666
2413_121_759_912,5,3,0.006874,0.009808,0.014854,0.921986,0.017658,0.005978,0.022842
2413_122_692_746,5,0,0.659361,0.161885,0.022545,0.006734,0.006096,0.128094,0.015285
2413_122_1378_1446,6,3,0.035373,0.035193,0.035284,0.614963,0.01618,0.035936,0.227071
2418_121_1265_1344,3,3,0.023935,0.013805,0.027237,0.814161,0.014726,0.081701,0.024434
2418_122_1135_1243,6,3,0.01991,0.042584,0.112139,0.658375,0.016185,0.02668,0.124127
2418_121_1667_1784,1,3,0.113021,0.30977,0.084976,0.389068,0.031964,0.046416,0.024786
2418_122_141_285,3,3,0.043192,0.089471,0.097891,0.632107,0.071628,0.028261,0.037449
2418_122_1366_1470,6,3,0.020848,0.122775,0.139477,0.497036,0.03708,0.023128,0.159657
2418_122_846_986,0,0,0.45096,0.338094,0.032445,0.045631,0.01355,0.111866,0.007454
2418_122_538_732,3,3,0.09322,0.10779,0.092169,0.517871,0.063193,0.031845,0.093911
2418_121_1001_1105,6,3,0.018398,0.128289,0.098993,0.476754,0.099994,0.012684,0.164888
2418_121_321_373,6,3,0.155539,0.135374,0.068895,0.3331,0.09826,0.142268,0.066564
2418_121_468_517,2,3,0.008017,0.034329,0.110488,0.654896,0.069051,0.05032,0.0729
2418_121_31_116,6,3,0.017505,0.017329,0.069474,0.769195,0.031566,0.068226,0.026706
2418_122_392_443,6,5,0.048573,0.08424,0.14881,0.261941,0.104855,0.325907,0.025674
2418_121_1490_1560,1,1,0.143654,0.281916,0.06062,0.234627,0.037041,0.212929,0.029213
2418_121_753_824,6,3,0.030919,0.048769,0.087714,0.643966,0.049428,0.03733,0.101874
2418_122_1576_1646,3,6,0.064221,0.203331,0.058007,0.306574,0.032591,0.012294,0.322981
2420_121_90_188,1,1,0.286066,0.599945,0.020532,0.043335,0.012992,0.028166,0.008963
2420_122_1290_1376,0,0,0.43941,0.250334,0.083144,0.00283,0.005271,0.213512,0.005499
2420_122_1093_1184,5,5,0.131853,0.09133,0.104196,0.004187,0.006862,0.656874,0.004699
2420_122_1505_1699,0,0,0.657127,0.064034,0.050442,0.002051,0.009978,0.212006,0.004363
2420_122_202_343,0,0,0.609146,0.304317,0.019157,0.008802,0.013911,0.035427,0.009239
2420_121_1397_1485,1,0,0.49989,0.314278,0.026564,0.037168,0.034033,0.083791,0.004276
2420_121_894_965,6,1,0.144895,0.61108,0.065769,0.035537,0.072501,0.008885,0.061333
2420_122_405_870,2,1,0.250656,0.465843,0.164188,0.013843,0.013331,0.067519,0.024619
2420_121_1719_1775,0,0,0.508943,0.435004,0.008943,0.015409,0.011156,0.016133,0.004411
2420_121_1021_1075,6,6,0.054652,0.240038,0.080161,0.145273,0.095079,0.013827,0.37097
2420_122_31_67,0,0,0.532253,0.239156,0.119832,0.00676,0.014195,0.024843,0.062961
2420_121_1197_1261,0,1,0.246385,0.615133,0.033838,0.030315,0.03533,0.019408,0.01959
2420_122_985_997,5,5,0.271469,0.066337,0.035934,0.005055,0.012162,0.597115,0.011928
2420_121_359_379,1,1,0.238664,0.693126,0.015208,0.02594,0.008142,0.009584,0.009335
2423_121_31_360,4,2,0.036941,0.174361,0.215432,0.191509,0.17586,0.02956,0.176337
2423_122_1143_1217,1,1,0.042418,0.383588,0.324887,0.033878,0.070697,0.077909,0.066624
2423_122_935_1022,1,1,0.127303,0.360659,0.3269,0.009353,0.095675,0.068279,0.011831
2423_122_1306_1358,1,1,0.18682,0.698441,0.047752,0.010714,0.020087,0.021648,0.014538
2423_122_572_798,1,1,0.205473,0.463265,0.108378,0.037812,0.049254,0.117145,0.018672
2423_121_1036_1131,1,0,0.45157,0.241028,0.026219,0.12941,0.031325,0.105634,0.014814
2423_121_427_569,4,4,0.029603,0.15912,0.246926,0.140926,0.368801,0.027179,0.027444
2423_121_1227_1295,5,5,0.026792,0.092836,0.056798,0.125164,0.046102,0.631592,0.020715
2423_121_807_920,4,1,0.035689,0.29141,0.15211,0.193834,0.220212,0.020513,0.086231
2423_122_372_419,1,2,0.032043,0.081094,0.529521,0.008266,0.288062,0.044043,0.01697
2421_122_1215_1302,3,3,0.04778,0.198936,0.125286,0.348912,0.083792,0.159831,0.035463
2421_122_123_204,1,5,0.187897,0.284018,0.110027,0.011409,0.0201,0.37487,0.01168
2421_122_1112_1154,5,5,0.195097,0.10739,0.057416,0.006254,0.004486,0.60585,0.023507
2421_121_1167_1205,3,3,0.003481,0.004066,0.007605,0.944003,0.002551,0.004498,0.033796
2421_121_634_834,3,3,0.008479,0.01246,0.021629,0.901707,0.008352,0.038085,0.009288
2421_121_31_113,5,3,0.009306,0.013934,0.050535,0.801144,0.019538,0.075595,0.029947
2421_121_966_1101,3,3,0.007337,0.010979,0.014826,0.868234,0.009233,0.022074,0.067317
2421_121_222_289,5,3,0.032581,0.249952,0.213073,0.397984,0.018289,0.054374,0.033746
2421_122_292_440,1,3,0.091414,0.169082,0.124663,0.336217,0.104962,0.05028,0.123383
2421_122_845_952,1,5,0.073513,0.181905,0.129898,0.142139,0.020833,0.329687,0.122026
2421_122_536_629,1,1,0.154582,0.442737,0.057252,0.126857,0.035717,0.043819,0.139036
2421_121_460_526,5,5,0.022822,0.123675,0.104328,0.301344,0.018712,0.384348,0.044771
2426_121_126_164,4,1,0.195174,0.353067,0.075465,0.04097,0.041695,0.218127,0.075503
2426_121_1202_1350,1,1,0.195539,0.680296,0.016177,0.0049,0.092795,0.003944,0.006349
2426_121_1822_2047,4,5,0.137278,0.202031,0.048241,0.084069,0.071701,0.435915,0.020766
2426_122_1675_1818,1,2,0.071085,0.108486,0.348226,0.050574,0.028793,0.305261,0.087575
2426_122_1361_1505,1,3,0.06216,0.213983,0.122754,0.371532,0.061164,0.046973,0.121434
2426_121_855_1031,4,3,0.025306,0.168436,0.225908,0.25555,0.19247,0.02831,0.104019
2426_122_192_227,4,2,0.108352,0.159715,0.380356,0.050767,0.014955,0.199316,0.086539
2426_122_489_616,1,1,0.276063,0.506626,0.08248,0.019873,0.026773,0.062921,0.025263
2426_122_1072_1172,1,5,0.102145,0.166544,0.177589,0.144373,0.041361,0.307821,0.060167
2426_121_272_472,3,3,0.024739,0.043979,0.022714,0.733796,0.015392,0.103711,0.05567
2426_122_31_98,4,1,0.243465,0.301588,0.13142,0.011785,0.011529,0.251495,0.048719
2426_121_647_707,4,1,0.1168,0.399429,0.021472,0.224457,0.057996,0.044914,0.134931
2426_121_1552_1650,1,0,0.604968,0.301308,0.009972,0.018616,0.011514,0.035844,0.017777
2426_122_731_802,1,5,0.120805,0.179656,0.188604,0.117098,0.090688,0.21152,0.091628
2429_121_116_223,3,3,0.007462,0.014952,0.00529,0.873557,0.01526,0.00573,0.077749
2429_122_1165_1358,0,0,0.619744,0.328119,0.011143,0.011497,0.014022,0.009939,0.005537
2429_122_1548_1753,1,0,0.682883,0.210506,0.032848,0.003626,0.042471,0.024525,0.003142
2429_122_231_478,1,0,0.497362,0.38831,0.027716,0.007859,0.020159,0.050274,0.00832
2429_121_1400_1523,4,4,0.021287,0.207713,0.151845,0.132222,0.398922,0.022901,0.06511
2429_122_904_948,1,0,0.489909,0.433553,0.01643,0.022285,0.010875,0.012865,0.014083
2429_121_968_1133,3,3,0.02109,0.067031,0.022476,0.802118,0.024933,0.022018,0.040334
2429_122_615_736,1,1,0.139135,0.307325,0.106475,0.102654,0.021218,0.145288,0.177905
2429_122_31_100,1,1,0.188217,0.429959,0.134225,0.023377,0.031548,0.139333,0.053341
2429_121_758_887,3,3,0.023534,0.095755,0.033585,0.713395,0.022002,0.025073,0.086657
2429_121_510_591,4,6,0.047123,0.20485,0.023409,0.312304,0.068164,0.008921,0.335229
2431_122_100_288,6,6,0.049016,0.221025,0.145225,0.186601,0.027556,0.062776,0.307801
2431_121_1276_1323,4,6,0.111358,0.175695,0.13105,0.242896,0.026555,0.030368,0.282078
2431_122_863_1254,3,3,0.028991,0.050171,0.035735,0.692201,0.020113,0.068609,0.104181
2431_121_1382_1488,1,3,0.015682,0.03427,0.083655,0.559393,0.030427,0.064154,0.212419
2431_122_1340_1370,5,5,0.059995,0.069755,0.042351,0.013644,0.018947,0.775952,0.019356
2431_121_472_626,1,1,0.393349,0.453805,0.018151,0.031687,0.026173,0.061722,0.015114
2431_121_315_341,1,1,0.088554,0.513013,0.055247,0.041303,0.176759,0.029571,0.095552
2431_121_31_75,1,5,0.107846,0.271995,0.077334,0.130916,0.024504,0.305153,0.082251
2431_122_376_444,5,5,0.086788,0.114353,0.051502,0.018506,0.011955,0.705612,0.011284
2431_122_1510_1658,0,0,0.703603,0.240768,0.011328,0.008928,0.008651,0.022794,0.003928
2431_121_808_834,5,5,0.024647,0.073357,0.050938,0.02516,0.008617,0.781263,0.036019
2431_122_646_794,1,1,0.101423,0.526969,0.043602,0.213279,0.027123,0.044694,0.04291
2435_122_31_200,1,0,0.397607,0.395445,0.070975,0.021524,0.020134,0.060727,0.033588
2435_121_1191_1384,0,1,0.314357,0.368967,0.051968,0.10997,0.061504,0.032487,0.060746
2435_121_222_333,1,3,0.032539,0.175205,0.068337,0.614442,0.045938,0.028462,0.035077
2435_121_1701_1816,0,0,0.533286,0.277532,0.051598,0.050961,0.043701,0.025211,0.017711
2435_122_1401_1667,0,0,0.73841,0.124742,0.015064,0.003591,0.015906,0.097848,0.004439
2435_122_889_1165,0,0,0.798374,0.148481,0.008629,0.002592,0.00763,0.030829,0.003464
2435_121_576_642,1,1,0.204149,0.397701,0.133353,0.074844,0.130681,0.017225,0.042049
2435_122_351_553,0,0,0.771029,0.164895,0.024615,0.002698,0.013253,0.017617,0.005894
2435_121_799_861,3,3,0.001461,0.000456,0.000778,0.993184,0.000671,0.001331,0.00212
2435_122_1837_2020,1,0,0.72622,0.192092,0.02179,0.009082,0.00715,0.028082,0.015584
2435_122_662_777,1,0,0.690266,0.286089,0.00406,0.003624,0.005316,0.008025,0.00262
2433_122_111_220,2,2,0.063576,0.19038,0.31781,0.051018,0.101078,0.207366,0.068773
2433_122_1269_1591,2,1,0.293579,0.30646,0.222621,0.041375,0.047307,0.069605,0.019052
2433_121_1121_1248,5,1,0.344952,0.403242,0.0646,0.023092,0.029952,0.114138,0.020024
2433_121_253_364,4,3,0.01636,0.078973,0.034328,0.551313,0.149319,0.014366,0.15534
2433_122_871_935,1,2,0.064401,0.109202,0.293265,0.254163,0.085151,0.104234,0.089584
2433_121_550_851,1,3,0.029483,0.238653,0.084907,0.38159,0.141951,0.030064,0.093351
2433_122_1685_1793,1,4,0.070525,0.203157,0.239214,0.081235,0.296701,0.031538,0.07763
2433_122_1002_1090,2,2,0.017294,0.089557,0.751617,0.015061,0.008,0.062998,0.055474
2433_122_399_519,1,2,0.042565,0.202594,0.299795,0.212466,0.045302,0.01406,0.183219
2433_121_31_90,2,3,0.016953,0.053862,0.219995,0.43208,0.070448,0.082452,0.12421
2433_121_1611_1663,2,1,0.055752,0.429145,0.200536,0.010985,0.266318,0.02073,0.016534
2433_121_960_995,6,5,0.077511,0.136267,0.041415,0.058996,0.015327,0.631042,0.039443
2439_121_128_229,4,2,0.024717,0.106542,0.225573,0.224551,0.144898,0.070091,0.203628
2439_122_994_1417,3,3,0.01413,0.039154,0.210868,0.503403,0.148488,0.031076,0.052879
2439_122_1906_2074,3,3,0.016009,0.015866,0.030096,0.81249,0.067348,0.021799,0.036393
2439_121_1657_1889,4,4,0.004229,0.037207,0.186073,0.009768,0.734653,0.009536,0.018535
2439_122_245_333,5,5,0.031501,0.043836,0.101612,0.064775,0.03267,0.685032,0.040573
2439_121_1450_1553,4,4,0.005939,0.05171,0.238433,0.092761,0.558422,0.019447,0.033289
2439_121_615_979,4,4,0.025532,0.115618,0.194895,0.125996,0.471731,0.032506,0.033721
2439_122_560_592,4,2,0.029654,0.128239,0.40286,0.021487,0.296972,0.077827,0.042961
2439_121_357_545,4,4,0.004362,0.078162,0.293594,0.015522,0.578687,0.015967,0.013706
2439_122_31_107,5,5,0.046616,0.128992,0.17073,0.013541,0.034634,0.583357,0.02213
2439_122_1572_1633,4,1,0.157625,0.376789,0.075515,0.079377,0.181925,0.023804,0.104964
2436_121_88_197,5,3,0.039777,0.101889,0.109157,0.316257,0.075456,0.313888,0.043577
2436_121_1234_1339,3,3,0.017319,0.021303,0.018681,0.777108,0.023672,0.013276,0.128642
2436_122_1121_1209,3,5,0.013139,0.007041,0.016838,0.084465,0.01511,0.860493,0.002914
2436_122_1669_1872,4,4,0.033042,0.081396,0.223621,0.16363,0.356991,0.092325,0.048995
2436_122_212_343,4,1,0.316426,0.412873,0.129137,0.008972,0.09294,0.027798,0.011854
2436_122_1355_1494,4,1,0.154307,0.397622,0.077069,0.018494,0.31052,0.018304,0.023683
2436_121_944_1106,5,3,0.077584,0.179124,0.059805,0.278846,0.261353,0.119325,0.023965
2436_122_499_620,1,1,0.221611,0.597845,0.031613,0.011358,0.119035,0.011526,0.007012
2436_121_367_490,1,1,0.380722,0.398711,0.059351,0.047762,0.026448,0.045929,0.041077
2436_122_31_70,4,4,0.026196,0.091933,0.056963,0.005015,0.809491,0.002518,0.007883
2436_121_1515_1654,4,5,0.102197,0.185062,0.02763,0.26475,0.047333,0.310069,0.06296
2436_121_1888_2015,3,3,0.010715,0.005552,0.007085,0.953661,0.004903,0.009224,0.008861
2436_121_647_810,5,1,0.149652,0.422885,0.029637,0.172852,0.063436,0.073299,0.088239
2436_122_827_928,4,1,0.080669,0.373559,0.081133,0.121758,0.174833,0.018624,0.149425
2440_122_1147_1312,0,0,0.835796,0.093955,0.021101,0.003424,0.01838,0.023303,0.004041
2440_122_1388_1545,0,0,0.68734,0.125533,0.082332,0.009787,0.016076,0.05924,0.019691
2440_121_31_122,1,1,0.252386,0.342605,0.066367,0.120117,0.04048,0.064591,0.113455
2440_121_889_963,2,1,0.23883,0.582953,0.047992,0.011976,0.083786,0.025196,0.009268
2440_122_132_234,0,0,0.858617,0.093311,0.0067,0.001629,0.006591,0.027303,0.005849
2440_121_1332_1372,2,1,0.077037,0.412854,0.056822,0.008601,0.398929,0.005149,0.040608
2440_122_371_619,0,0,0.795126,0.134923,0.011169,0.003154,0.013994,0.037728,0.003906
2440_121_1051_1137,1,0,0.6944,0.228788,0.021389,0.003373,0.025028,0.019108,0.007914
2440_121_257_360,4,0,0.475723,0.377526,0.041737,0.006961,0.059618,0.022958,0.015477
2440_122_718_861,0,0,0.891575,0.053205,0.021275,0.001833,0.012542,0.013037,0.006532
2440_121_644_708,4,1,0.062033,0.633569,0.14537,0.007909,0.117866,0.023326,0.009928
2440_122_984_1033,0,0,0.906916,0.067231,0.006785,0.000817,0.00715,0.007699,0.003401
2434_122_112_151,3,3,0.035752,0.053529,0.200948,0.322538,0.045935,0.187,0.154299
2434_122_941_1207,3,3,0.154162,0.157566,0.106553,0.342401,0.069002,0.138091,0.032225
2434_121_1651_1797,1,0,0.450153,0.423328,0.056723,0.017855,0.027934,0.015244,0.008764
2434_121_172_406,3,3,0.005369,0.007656,0.080259,0.815897,0.025572,0.00672,0.058527
2434_121_1417_1517,4,2,0.005769,0.139047,0.617999,0.084761,0.110442,0.015529,0.026453
2434_122_1303_1386,3,3,0.054252,0.155307,0.104479,0.467752,0.032715,0.137573,0.047921
2434_122_526_701,3,5,0.016295,0.026723,0.043616,0.232383,0.009648,0.66335,0.007985
2434_121_470_509,3,3,0.013859,0.002681,0.007014,0.936397,0.00404,0.023074,0.012934
2434_121_31_94,3,3,0.00592,0.009702,0.014816,0.901792,0.015214,0.012706,0.03985
2434_122_431_446,3,5,0.022743,0.050455,0.049824,0.083166,0.009632,0.758004,0.026176
2434_122_1535_1633,3,3,0.040943,0.047529,0.039313,0.715367,0.021545,0.126234,0.009068
2434_121_1236_1282,4,1,0.150496,0.616333,0.038489,0.035392,0.117944,0.02188,0.019466
2434_121_878_921,1,0,0.487701,0.245495,0.088493,0.052097,0.016123,0.08908,0.021012
2434_121_742_807,3,3,0.009044,0.020446,0.027029,0.879161,0.007616,0.01571,0.040993
2434_122_827_857,3,5,0.029722,0.04208,0.117383,0.122211,0.011672,0.615424,0.061508
3041_154_924_1000,1,1,0.31221,0.418117,0.011871,0.063153,0.031727,0.076457,0.086466
3041_154_191_228,6,6,0.050083,0.085838,0.027203,0.208519,0.081317,0.134013,0.413028
3041_154_1322_1441,1,4,0.01578,0.065171,0.038144,0.048275,0.763144,0.008262,0.061225
3041_154_529_685,1,4,0.10973,0.154427,0.082108,0.146112,0.334586,0.064317,0.108719
3041_154_286_444,5,6,0.085874,0.128557,0.041986,0.176483,0.058985,0.188849,0.319267
3041_153_447_500,6,0,0.313372,0.272199,0.015768,0.079296,0.034959,0.208472,0.075935
3041_154_31_92,6,3,0.056817,0.103507,0.026677,0.314056,0.045203,0.143406,0.310334
3041_154_771_815,1,5,0.071372,0.125388,0.035035,0.087637,0.05444,0.465844,0.160285
3044_153_31_211,6,3,0.072291,0.029686,0.10197,0.617723,0.056379,0.038241,0.08371
3044_154_1246_1341,1,6,0.046205,0.120068,0.020996,0.350846,0.066147,0.018739,0.376999
3044_153_1046_1236,0,5,0.270398,0.192496,0.043579,0.089792,0.032638,0.292738,0.078358
3044_154_1571_1715,2,3,0.0992,0.163054,0.043163,0.306101,0.097626,0.047237,0.24362
3044_154_1818_1913,1,3,0.051446,0.024812,0.012006,0.607344,0.07098,0.019081,0.214331
3044_154_1406_1461,1,0,0.383328,0.251763,0.031292,0.204545,0.020747,0.018422,0.089903
3044_154_826_981,1,0,0.42305,0.191615,0.026324,0.199075,0.065097,0.029973,0.064865
3044_154_496_606,1,3,0.053945,0.038141,0.015312,0.393954,0.102872,0.021734,0.374042
3044_153_646_816,0,0,0.819779,0.081696,0.011241,0.013484,0.015911,0.05052,0.007368
3044_153_376_410,1,5,0.253973,0.149465,0.014747,0.025008,0.01426,0.485184,0.057364
3044_153_1726_1751,0,5,0.016316,0.012597,0.009984,0.026191,0.005725,0.914307,0.01488
3045_154_31_129,1,1,0.151168,0.424303,0.038337,0.051491,0.259832,0.023706,0.051162
3045_154_1245_1331,2,6,0.064493,0.25763,0.102621,0.051775,0.087644,0.177619,0.258218
3045_153_1122_1245,6,6,0.141867,0.218899,0.03245,0.150743,0.093162,0.125947,0.236932
3045_154_219_348,1,1,0.282203,0.552193,0.017191,0.023401,0.052524,0.010001,0.062487
3045_153_1380_1520,3,3,0.047675,0.020661,0.014071,0.701182,0.070977,0.057364,0.088071
3045_154_699_938,1,3,0.154606,0.305256,0.019902,0.339253,0.033806,0.054029,0.093148
3045_153_940_1031,6,3,0.056287,0.047786,0.014263,0.332755,0.024544,0.260995,0.26337
3045_153_139_217,6,5,0.302333,0.058298,0.028238,0.12884,0.016232,0.383724,0.082335
3045_154_434_622,1,1,0.272117,0.464259,0.046491,0.016075,0.150155,0.010586,0.040317
3045_154_1045_1112,6,6,0.099024,0.319133,0.015494,0.042826,0.132326,0.002412,0.388784
3045_153_627_699,5,5,0.0058,0.00301,0.004255,0.02361,0.004311,0.9535,0.005513
3045_154_1520_1627,1,3,0.042035,0.087047,0.177393,0.420469,0.199908,0.054917,0.01823
3045_153_362_419,6,0,0.359852,0.158803,0.014863,0.166447,0.042987,0.177206,0.079842
3047_153_95_248,6,3,0.013381,0.017271,0.038904,0.681591,0.03467,0.099909,0.114274
3047_154_1068_1292,6,3,0.030254,0.073755,0.015479,0.769642,0.021149,0.040572,0.049148
3047_154_1582_1771,6,1,0.277469,0.292896,0.040821,0.096811,0.042015,0.214564,0.035424
3047_153_1310_1567,0,0,0.814431,0.066939,0.004709,0.024655,0.006809,0.078144,0.004314
3047_153_926_1060,0,0,0.674646,0.124695,0.010715,0.075298,0.009854,0.093237,0.011556
3047_153_586_674,6,6,0.13694,0.088451,0.020012,0.285216,0.025286,0.115053,0.329043
3047_153_329_449,3,3,0.01771,0.039392,0.05308,0.546895,0.044267,0.131319,0.167335
3047_154_456_571,1,5,0.154171,0.094327,0.03347,0.040109,0.027173,0.61851,0.032239
3047_154_31_87,6,1,0.050282,0.286304,0.111871,0.039744,0.137205,0.121442,0.253152
3047_154_680_903,1,0,0.651585,0.266102,0.009461,0.02161,0.019655,0.018702,0.012886
3047_154_268_305,5,5,0.114499,0.022386,0.006555,0.138206,0.010325,0.69595,0.01208
3048_154_31_163,1,4,0.074779,0.251124,0.140631,0.042626,0.297816,0.151588,0.041437
3048_154_1291_1381,3,5,0.308482,0.152174,0.047845,0.099368,0.03065,0.309261,0.052219
3048_154_212_310,1,0,0.585512,0.143671,0.026957,0.032387,0.020679,0.170982,0.019814
3048_153_1394_1568,0,0,0.813539,0.10009,0.006147,0.012808,0.007391,0.052814,0.007211
3048_154_833_950,1,3,0.291435,0.14602,0.012579,0.39642,0.018597,0.038316,0.096634
3048_154_432_725,1,0,0.856288,0.051267,0.036162,0.007435,0.018301,0.023451,0.007095
3048_154_1100_1181,1,0,0.380074,0.345482,0.017116,0.157108,0.019821,0.036229,0.04417
3048_153_314_413,5,5,0.164668,0.032173,0.01166,0.019897,0.015008,0.749605,0.00699
3048_153_958_1090,1,1,0.233408,0.479601,0.055281,0.050602,0.077657,0.079304,0.024146
3054_153_1239_1448,3,3,0.028041,0.028263,0.029924,0.517268,0.02702,0.290151,0.079335
3054_154_993_1197,6,6,0.01885,0.08194,0.059468,0.17816,0.198626,0.013101,0.449854
3054_154_243_290,6,6,0.0527,0.140013,0.096391,0.124137,0.159942,0.018011,0.408806
3054_153_1712_1822,1,3,0.050584,0.128284,0.172894,0.209592,0.125675,0.192202,0.120769
3054_154_1454_1658,1,3,0.012135,0.042782,0.117323,0.512033,0.031066,0.115749,0.168912
3054_154_669_932,1,6,0.035343,0.079118,0.086095,0.030575,0.228557,0.200287,0.340025
3054_153_942_982,6,3,0.023317,0.027675,0.061568,0.322977,0.041683,0.205067,0.317713
3054_153_192_233,6,3,0.053154,0.046561,0.01648,0.466941,0.022083,0.108189,0.286591
3054_153_592_659,6,3,0.009612,0.011751,0.087572,0.485545,0.054488,0.239069,0.111963
3054_154_139_190,6,3,0.031264,0.027826,0.047745,0.518117,0.05393,0.039722,0.281395
3054_153_303_369,6,5,0.019683,0.026577,0.151631,0.221854,0.030172,0.415707,0.134376
3054_154_382_551,6,6,0.027742,0.130499,0.053975,0.128566,0.046094,0.027515,0.585609
3054_153_31_109,6,3,0.017551,0.014178,0.050552,0.481264,0.038895,0.16682,0.23074
3055_153_1262_1354,0,0,0.823209,0.053081,0.015799,0.011869,0.00589,0.080962,0.00919
3055_154_1129_1243,3,3,0.221816,0.087205,0.031701,0.480018,0.020675,0.127853,0.030732
3055_153_2507_2715,6,1,0.176423,0.514008,0.014524,0.176571,0.048023,0.028321,0.04213
3055_154_2058_2093,3,1,0.195829,0.245762,0.043149,0.23498,0.086314,0.027146,0.166819
3055_153_1042_1129,0,3,0.026991,0.017633,0.040652,0.706173,0.021213,0.120633,0.066704
3055_154_1626_1776,3,1,0.102698,0.331382,0.027615,0.292129,0.050377,0.04071,0.15509
3055_153_578_696,0,0,0.860735,0.061994,0.005441,0.038325,0.005789,0.016939,0.010778
3055_154_2300_2483,6,0,0.447983,0.293625,0.027263,0.103382,0.047428,0.024907,0.055413
3055_153_1476_1617,1,0,0.62209,0.104508,0.047021,0.120413,0.023084,0.052181,0.030704
3055_153_2152_2283,1,0,0.497407,0.378772,0.018491,0.055279,0.01423,0.013446,0.022376
3055_153_1807_2008,0,0,0.872854,0.077743,0.004038,0.014886,0.004608,0.019964,0.005907
3055_154_699_914,3,1,0.160858,0.313232,0.063449,0.24244,0.052038,0.106949,0.061034
3055_154_1361_1440,1,0,0.830895,0.09984,0.006001,0.005822,0.016077,0.035096,0.006269
3055_153_315_478,1,0,0.45957,0.14837,0.014898,0.272535,0.01809,0.053277,0.03326
3055_154_496_558,3,3,0.042995,0.165358,0.054922,0.499721,0.058172,0.010532,0.1683
3055_154_11_40,6,1,0.283633,0.342258,0.072532,0.018041,0.214691,0.051888,0.016956
3051_153_31_200,5,5,0.026924,0.099649,0.118468,0.036408,0.13476,0.506936,0.076854
3051_154_1268_1383,5,1,0.083498,0.526782,0.112545,0.022457,0.065865,0.109906,0.078946
3051_153_1124_1248,1,5,0.041225,0.023916,0.259229,0.041084,0.02488,0.607338,0.002328
3051_154_204_295,5,5,0.027612,0.104384,0.070368,0.01579,0.022013,0.72252,0.037314
3051_154_1788_1897,2,1,0.18807,0.286232,0.059687,0.065882,0.069632,0.145127,0.185369
3051_153_1397_1522,1,0,0.472089,0.328016,0.043745,0.009183,0.111725,0.025643,0.009601
3051_153_939_970,2,0,0.295637,0.178306,0.039112,0.152137,0.024103,0.188822,0.121882
3051_153_483_596,2,0,0.368744,0.162195,0.132863,0.04881,0.018835,0.256797,0.011756
3051_154_975_1116,2,5,0.011421,0.051042,0.07162,0.025159,0.006137,0.786463,0.048158
3051_153_1709_1776,2,5,0.135858,0.051954,0.146015,0.098065,0.02095,0.531752,0.015407
3051_153_297_423,2,5,0.039295,0.06204,0.051893,0.070259,0.018654,0.6599,0.09796
3051_154_613_660,1,3,0.029106,0.068641,0.09668,0.495452,0.015245,0.254217,0.040659
3051_154_424_467,1,1,0.034662,0.360455,0.108287,0.076721,0.044597,0.025668,0.349611
3051_153_691_919,2,1,0.252147,0.352981,0.236687,0.013927,0.03235,0.072369,0.039537
3051_154_1538_1676,1,0,0.662697,0.160405,0.073165,0.004429,0.065707,0.025196,0.008401
3053_154_98_162,3,3,0.098559,0.046444,0.025654,0.371758,0.023993,0.329715,0.103877
3053_153_1004_1330,6,3,0.009904,0.017721,0.101284,0.7316,0.067724,0.03359,0.038178
3053_154_2008_2100,3,3,0.036148,0.051757,0.012177,0.78947,0.031734,0.041815,0.036899
3053_153_1656_1703,3,3,0.013159,0.017127,0.062074,0.760641,0.022522,0.021582,0.102894
3053_153_168_264,3,3,0.028038,0.039931,0.017075,0.584893,0.046299,0.064758,0.219005
3053_154_1810_1932,6,3,0.145283,0.081945,0.018888,0.523825,0.036369,0.039566,0.154125
3053_154_727_974,3,3,0.133577,0.193535,0.029174,0.319332,0.060872,0.174786,0.088724
3053_154_1342_1459,4,6,0.023852,0.105491,0.070682,0.165653,0.180132,0.149482,0.304707
3053_154_554_608,3,3,0.037034,0.010852,0.015326,0.792188,0.015962,0.082788,0.045851
3053_154_1717_1766,6,3,0.065372,0.043549,0.035225,0.341507,0.038195,0.181995,0.294156
3053_154_264_362,5,5,0.017038,0.012952,0.013835,0.187774,0.02246,0.710416,0.035526
3053_153_609_716,6,3,0.004535,0.008472,0.017709,0.855045,0.028125,0.032999,0.053115
3053_153_391_538,6,3,0.011209,0.005552,0.019608,0.857415,0.022634,0.05416,0.029423
3053_153_31_84,3,3,0.007045,0.004681,0.014005,0.877199,0.011909,0.03337,0.051791
3053_153_1468_1569,3,3,0.010684,0.01989,0.027632,0.813804,0.01793,0.028155,0.081906
3053_154_1580_1623,6,3,0.06639,0.073051,0.02067,0.508844,0.043704,0.028177,0.259163
3053_153_1776_1795,6,1,0.19903,0.339987,0.056329,0.131359,0.156487,0.024707,0.092101
3053_153_1947_1998,5,3,0.022971,0.011401,0.023043,0.883557,0.01789,0.015134,0.026004
3050_153_92_164,3,3,0.007655,0.006577,0.007107,0.923006,0.014752,0.01677,0.024133
3050_154_1203_1344,3,3,0.032379,0.012813,0.028479,0.536243,0.032455,0.347722,0.009909
3050_153_1139_1203,2,3,0.022934,0.055558,0.050943,0.587727,0.113314,0.045082,0.124443
3050_153_225_305,1,6,0.094286,0.1895,0.023672,0.291391,0.05134,0.020354,0.329456
3050_153_1701_1836,6,3,0.009015,0.006823,0.008471,0.79498,0.003176,0.038038,0.139496
3050_153_1377_1555,3,3,0.018575,0.023158,0.0228,0.428323,0.022519,0.401358,0.083266
3050_154_774_952,3,3,0.004388,0.000721,0.019064,0.580322,0.014193,0.379678,0.001635
3050_154_174_209,1,6,0.133039,0.221425,0.05971,0.109087,0.138865,0.08049,0.257385
3050_154_591_689,5,5,0.011636,0.020313,0.023135,0.017266,0.010349,0.894939,0.022362
3050_154_2049_2204,3,0,0.520645,0.079348,0.070771,0.186285,0.049649,0.049054,0.044249
3050_154_1046_1114,3,3,0.045198,0.009763,0.088467,0.534967,0.019455,0.295285,0.006865
3050_154_315_379,1,0,0.784265,0.122744,0.005896,0.0129,0.013322,0.051175,0.009699
3050_153_406_566,3,3,0.092936,0.136798,0.06333,0.402142,0.058138,0.133761,0.112895
3050_154_21_81,6,3,0.091525,0.070687,0.023922,0.563317,0.081477,0.03365,0.135423
3050_154_1838_1945,1,3,0.113487,0.304568,0.051657,0.33453,0.068896,0.092726,0.034136
3050_153_712_761,3,3,0.014781,0.016061,0.049789,0.542226,0.017494,0.231022,0.128627
3050_154_1569_1676,3,3,0.031345,0.014297,0.069584,0.45568,0.062341,0.361506,0.005247
3050_153_1974_2039,0,3,0.328922,0.05934,0.016914,0.4221,0.014377,0.134863,0.023484
3050_153_966_1022,3,3,0.040371,0.047093,0.009814,0.640713,0.031243,0.01743,0.213337
3057_153_31_129,1,3,0.093533,0.342038,0.03993,0.434282,0.011362,0.048422,0.030432
3057_153_1128_1953,0,1,0.395792,0.471474,0.022117,0.010252,0.060817,0.017341,0.022206
3057_153_2043_2205,1,4,0.015673,0.28514,0.093463,0.067804,0.379342,0.02909,0.129488
3057_153_203_260,1,3,0.068385,0.161468,0.034289,0.275521,0.097998,0.156581,0.205758
3057_153_781_966,1,3,0.022323,0.134606,0.044957,0.507451,0.103566,0.127437,0.059659
3057_153_2282_2334,0,4,0.010231,0.118786,0.039149,0.070334,0.483307,0.006985,0.271208
3057_153_523_668,1,3,0.033746,0.205918,0.07608,0.332161,0.069168,0.205943,0.076984
3057_154_147_193,6,6,0.014321,0.037349,0.024187,0.288589,0.090936,0.047316,0.497302
3057_154_272_365,1,6,0.059213,0.210587,0.021342,0.190272,0.073346,0.055861,0.389379
3057_154_976_1093,1,1,0.135513,0.510186,0.02927,0.11453,0.051879,0.034369,0.124255
3057_154_462_515,6,1,0.060207,0.358687,0.022238,0.033661,0.215653,0.00631,0.303243
3057_153_381_440,1,1,0.171352,0.58643,0.03373,0.071494,0.054093,0.044301,0.038602
3057_154_682_766,1,1,0.051208,0.309025,0.027502,0.255723,0.051446,0.021017,0.28408
3057_154_2222_2274,6,1,0.107536,0.381323,0.016677,0.027548,0.354673,0.004541,0.107702
3057_154_1967_2025,1,1,0.064347,0.599474,0.144908,0.025863,0.091279,0.036007,0.038122
3060_153_126_173,5,5,0.0299,0.035909,0.022967,0.208677,0.020371,0.627941,0.054235
3060_154_1286_1364,3,3,0.014136,0.019377,0.021514,0.770731,0.026576,0.017658,0.130008
3060_153_1101_1281,3,3,0.006633,0.003194,0.005944,0.92741,0.008985,0.018559,0.029274
3060_154_204_288,5,6,0.047074,0.120088,0.09404,0.157011,0.028209,0.029755,0.523822
3060_153_923_1022,3,3,0.011643,0.011409,0.003871,0.902812,0.026838,0.014994,0.028433
3060_154_531_617,3,6,0.059594,0.204852,0.118789,0.172222,0.04232,0.085453,0.31677
3060_154_326_381,6,3,0.066285,0.052061,0.029381,0.555865,0.026647,0.02268,0.24708
3060_153_627_649,3,6,0.013012,0.040524,0.018767,0.290005,0.119441,0.029846,0.488405
3060_154_1035_1073,3,3,0.013611,0.018394,0.069616,0.744913,0.027509,0.014586,0.111372
3060_154_31_106,6,6,0.056565,0.07649,0.045111,0.19362,0.043509,0.226409,0.358296
3060_154_437_463,6,5,0.037262,0.032202,0.039465,0.282789,0.032771,0.30672,0.268791
3060_153_723_836,3,3,0.02096,0.018868,0.017018,0.693931,0.028708,0.115783,0.104733
3060_154_662_703,6,6,0.052789,0.078366,0.043614,0.139253,0.048023,0.044404,0.593552
3060_153_388_436,5,5,0.025541,0.050076,0.063508,0.242971,0.056938,0.360825,0.200141
3060_154_846_896,6,6,0.027686,0.138349,0.07778,0.128018,0.049478,0.109191,0.469498
3060_153_494_514,6,3,0.010616,0.010804,0.010374,0.74637,0.019903,0.029637,0.172296
3060_153_300_324,5,3,0.021713,0.060586,0.085367,0.428791,0.074091,0.227354,0.102098
3063_153_115_178,6,6,0.031363,0.088505,0.040755,0.346569,0.068831,0.007913,0.416065
3063_154_1262_1310,4,1,0.154989,0.403238,0.014039,0.3312,0.023055,0.010228,0.063252
3063_153_1172_1250,3,3,0.011376,0.013924,0.026749,0.765428,0.07398,0.074119,0.034426
3063_154_201_279,5,5,0.013801,0.018201,0.018611,0.127291,0.028905,0.454808,0.338384
3063_154_1457_1547,3,6,0.033452,0.052801,0.021293,0.377218,0.044846,0.015989,0.454402
3063_154_923_945,6,6,0.045356,0.150305,0.044041,0.097506,0.06624,0.088885,0.507668
3063_153_1329_1440,6,3,0.015151,0.073346,0.055432,0.665351,0.085607,0.032238,0.072876
3063_154_1100_1155,3,3,0.020957,0.031276,0.043137,0.665642,0.039378,0.014055,0.185554
3063_153_595_664,3,3,0.011139,0.021923,0.016478,0.855843,0.019533,0.04938,0.025705
3063_153_450_477,4,3,0.021816,0.112665,0.229808,0.249423,0.191726,0.017441,0.17712
3063_154_31_100,6,3,0.045552,0.040447,0.120034,0.33373,0.056531,0.17208,0.231626
3063_153_758_914,6,3,0.01169,0.043301,0.017211,0.700421,0.026377,0.018732,0.182267
3063_154_693_752,6,3,0.059813,0.030917,0.052584,0.500878,0.026974,0.038391,0.290443
3063_154_347_402,6,6,0.022037,0.125256,0.119082,0.066882,0.039219,0.213721,0.413804
3063_153_1574_1637,3,3,0.012482,0.035569,0.038528,0.645162,0.07033,0.022388,0.175541
3063_154_517_584,3,6,0.075647,0.058826,0.051641,0.249551,0.06256,0.20201,0.299765
3063_153_1050_1089,6,3,0.031512,0.029452,0.040279,0.600734,0.018354,0.170159,0.109511
3063_153_299_331,6,3,0.019001,0.053213,0.081756,0.522696,0.055944,0.025738,0.241652
3066_154_1175_1268,0,2,0.212197,0.12196,0.423635,0.045326,0.071111,0.039721,0.08605
3066_153_230_334,2,5,0.039143,0.192292,0.166062,0.031608,0.164818,0.282846,0.123232
3066_154_1728_1896,0,0,0.560083,0.111231,0.044586,0.115513,0.015694,0.052118,0.100775
3066_154_1340_1611,0,0,0.856523,0.057161,0.007263,0.027998,0.004212,0.011415,0.035429
3066_154_891_1088,0,0,0.826322,0.067203,0.042482,0.007045,0.017988,0.024207,0.014752
3066_154_157_210,0,0,0.419089,0.169477,0.019487,0.069999,0.018254,0.133953,0.169741
3066_154_581_825,0,0,0.902409,0.044733,0.007879,0.010341,0.006732,0.018147,0.009759
3066_154_364_477,1,0,0.703876,0.117974,0.020314,0.042345,0.016352,0.064957,0.034182
3066_154_31_107,0,0,0.75542,0.086045,0.03292,0.010418,0.041247,0.062939,0.01101
3066_153_851_876,2,4,0.035222,0.195388,0.215135,0.029355,0.320163,0.116056,0.088681
3061_153_2445_2512,3,3,0.02348,0.027545,0.013724,0.732537,0.075657,0.009442,0.117615
3061_154_111_157,4,6,0.01172,0.095592,0.023409,0.112379,0.120631,0.01266,0.623608
3061_153_1281_1363,4,4,0.002569,0.028361,0.015982,0.004147,0.923012,0.005381,0.020549
3061_153_1993_2082,4,4,0.012762,0.057522,0.045936,0.077046,0.74712,0.006945,0.052669
3061_154_1083_1251,4,1,0.058946,0.358289,0.062925,0.061227,0.308358,0.026991,0.123263
3061_154_1508_1684,4,3,0.027525,0.139588,0.2066,0.233978,0.225266,0.071737,0.095307
3061_153_177_275,3,5,0.057059,0.061781,0.018333,0.078484,0.025998,0.675588,0.082756
3061_154_1782_1966,4,4,0.013201,0.143544,0.058064,0.06941,0.640586,0.017644,0.057549
3061_154_1363_1480,4,6,0.04055,0.129517,0.024861,0.079355,0.084985,0.068481,0.572251
3061_153_2201_2336,3,3,0.01601,0.034926,0.015652,0.693347,0.061531,0.036936,0.141598
3061_154_886_1013,4,1,0.08589,0.380774,0.060825,0.014013,0.342157,0.020553,0.095788
3061_154_467_601,4,3,0.041965,0.168051,0.022522,0.445357,0.130038,0.012564,0.179503
3061_153_1731_1767,4,6,0.03348,0.064969,0.082128,0.244893,0.060917,0.252969,0.260643
3061_154_293_337,4,6,0.074853,0.183098,0.0159,0.104028,0.155126,0.015018,0.451977
3061_153_1027_1073,5,5,0.01446,0.009456,0.005561,0.033095,0.009771,0.918693,0.008963
3061_153_31_111,4,3,0.017848,0.01013,0.035853,0.563932,0.04513,0.177152,0.149954
3061_153_337_452,5,5,0.004775,0.001978,0.003602,0.093271,0.005272,0.884495,0.006606
3061_153_1480_1508,4,5,0.018434,0.079003,0.065038,0.128968,0.126671,0.320453,0.261433
3061_153_807_857,3,4,0.005962,0.030067,0.052052,0.091541,0.576046,0.029366,0.214966
3061_153_642_683,3,6,0.037226,0.072343,0.032818,0.204198,0.024695,0.248508,0.380212
3061_154_2110_2194,4,6,0.022353,0.067671,0.048091,0.259796,0.209391,0.020512,0.372186
3061_154_704_802,4,4,0.035402,0.159314,0.159205,0.120944,0.232036,0.068863,0.224237
3061_154_2342_2416,4,3,0.034286,0.084244,0.105033,0.56622,0.1054,0.039693,0.065125
3065_153_1251_1378,6,6,0.027237,0.233428,0.044831,0.244551,0.139231,0.0202,0.29052
3065_154_1125_1234,6,6,0.045591,0.086214,0.036708,0.262679,0.088948,0.080102,0.399758
3065_153_1675_1816,6,3,0.011441,0.021248,0.018931,0.892537,0.021868,0.013821,0.020153
3065_154_1402_1467,3,6,0.053276,0.076241,0.054947,0.344185,0.036723,0.013062,0.421565
3065_154_815_931,6,3,0.043753,0.107346,0.026362,0.407818,0.090207,0.046694,0.277822
3065_153_135_252,3,3,0.016328,0.145912,0.166284,0.279944,0.146642,0.012097,0.232793
3065_154_558_660,6,5,0.020545,0.163622,0.106949,0.025401,0.047002,0.373606,0.262875
3065_153_956_1120,6,3,0.007832,0.017614,0.013205,0.780711,0.02229,0.010076,0.148271
3065_153_477_548,6,3,0.042433,0.21482,0.073571,0.263681,0.160544,0.016514,0.228438
3065_154_31_106,6,6,0.064253,0.189972,0.077892,0.165106,0.094563,0.184555,0.223658
3065_154_384_460,6,5,0.021613,0.072541,0.061325,0.058307,0.028123,0.471943,0.286148
3065_153_1480_1570,6,3,0.00814,0.04192,0.014069,0.867974,0.021095,0.020586,0.026216
3065_154_717_755,6,3,0.011448,0.010076,0.011399,0.861538,0.014806,0.047828,0.042905
3065_154_1570_1662,3,3,0.095641,0.157812,0.014231,0.416594,0.025925,0.224592,0.065205
3065_153_765_815,6,3,0.005717,0.005863,0.018147,0.931606,0.009169,0.014105,0.015394
3065_153_338_379,3,3,0.023198,0.025321,0.039483,0.79135,0.046535,0.025114,0.048999
3065_154_275_330,6,3,0.019705,0.033269,0.032738,0.75416,0.023639,0.052433,0.084056
3065_153_674_692,6,3,0.016573,0.063521,0.056696,0.490888,0.065914,0.045555,0.260852
3073_154_1115_1244,1,0,0.312187,0.208888,0.060095,0.225486,0.026876,0.03699,0.129478
3073_154_1408_1462,1,3,0.078245,0.069144,0.041288,0.448981,0.033656,0.01689,0.311797
3073_154_148_220,1,6,0.185035,0.270309,0.072388,0.074839,0.025805,0.044206,0.327417
3073_154_415_547,0,0,0.841725,0.076786,0.017592,0.010986,0.008508,0.023671,0.020732
3073_154_750_833,0,0,0.902999,0.03165,0.013731,0.011009,0.006428,0.020521,0.013662
3068_153_1264_1298,5,3,0.037503,0.021745,0.011532,0.627437,0.034131,0.027193,0.240458
3068_154_1118_1230,3,3,0.008071,0.010073,0.010225,0.899843,0.009821,0.035541,0.026425
3068_153_216_402,5,6,0.017797,0.116118,0.037759,0.088054,0.062558,0.096822,0.580893
3068_154_1430_1491,6,6,0.028197,0.131431,0.023336,0.135597,0.115503,0.02138,0.544557
3068_154_1311_1384,6,6,0.016769,0.081946,0.029101,0.323174,0.095322,0.055385,0.398303
3068_153_519_666,6,6,0.018865,0.032866,0.011252,0.189862,0.019061,0.032629,0.695466
3068_154_156_189,6,6,0.014019,0.112633,0.047925,0.161574,0.113573,0.108887,0.441389
3068_153_1029_1118,5,3,0.02535,0.010309,0.004146,0.722111,0.032108,0.07349,0.132485
3068_154_420_506,5,6,0.028896,0.168244,0.043253,0.162855,0.030308,0.147529,0.418916
3068_153_31_90,6,6,0.023937,0.075711,0.016256,0.366437,0.027001,0.011007,0.479652
3068_153_1494_1518,6,6,0.014137,0.045615,0.018056,0.348486,0.038024,0.021301,0.514382
3068_154_674_826,6,6,0.011514,0.094736,0.082337,0.04245,0.304123,0.021049,0.443792
3068_153_1394_1430,3,6,0.02192,0.029695,0.014395,0.199255,0.023546,0.009806,0.701383
3068_153_840_881,5,5,0.011992,0.044416,0.031526,0.04501,0.018184,0.651587,0.197285
3068_154_987_1029,6,6,0.009681,0.043769,0.040431,0.094522,0.102446,0.136294,0.572858
3064_154_104_257,6,6,0.122707,0.197643,0.025414,0.121204,0.036708,0.039437,0.456887
3064_154_1285_1318,4,6,0.034748,0.19857,0.16115,0.071328,0.115807,0.059398,0.358999
3064_154_1996_2114,5,1,0.044038,0.229406,0.201465,0.042296,0.20191,0.079017,0.201869
3064_153_1546_1682,5,5,0.023488,0.032,0.025288,0.36618,0.027333,0.424899,0.100813
3064_154_1711_1811,6,5,0.035442,0.02448,0.046608,0.076678,0.015596,0.690858,0.110337
3064_153_1338_1470,6,4,0.042461,0.197902,0.045069,0.099034,0.431795,0.025431,0.158308
3064_153_819_954,6,4,0.032133,0.230166,0.053969,0.169223,0.47072,0.018219,0.02557
3064_154_538_638,3,2,0.017352,0.275066,0.3066,0.117068,0.087353,0.045115,0.151447
3064_154_1124_1170,6,6,0.088744,0.13191,0.060201,0.071478,0.059365,0.167357,0.420944
3064_153_1041_1107,6,1,0.03926,0.259747,0.04019,0.200911,0.184473,0.027289,0.24813
3064_154_330_425,6,6,0.020634,0.236041,0.062436,0.083337,0.019584,0.040379,0.537589
3064_153_442_526,6,3,0.027755,0.052824,0.034501,0.521231,0.05362,0.013073,0.296995
3064_153_31_90,6,6,0.044558,0.040974,0.077789,0.248463,0.037891,0.27161,0.278715
3064_154_1487_1536,6,3,0.012507,0.093504,0.187627,0.307194,0.0747,0.085839,0.238629
3064_153_1190_1285,6,6,0.020282,0.02521,0.052026,0.227379,0.040964,0.159335,0.474802
3064_153_1825_1970,6,5,0.014739,0.029419,0.037303,0.285198,0.02828,0.532007,0.073053
3064_153_652_728,6,3,0.016176,0.034335,0.017993,0.815964,0.035436,0.028407,0.051689
3064_154_740_811,4,6,0.022189,0.043319,0.140632,0.161635,0.096855,0.092596,0.442776
3064_154_961_1033,4,3,0.020989,0.133923,0.049433,0.378515,0.037709,0.059199,0.320232
3064_153_272_330,6,6,0.015844,0.034684,0.04759,0.222402,0.016486,0.200569,0.462426
3070_153_31_162,6,3,0.016789,0.015652,0.027853,0.706669,0.033727,0.102586,0.096724
3070_153_1241_1446,6,3,0.024203,0.067134,0.069909,0.359572,0.071362,0.116651,0.29117
3070_153_1878_2145,3,3,0.034785,0.053231,0.068267,0.451378,0.094502,0.032651,0.265187
3070_154_1459_1730,5,6,0.01361,0.138165,0.101765,0.035284,0.134608,0.02194,0.554627
3070_153_1748_1805,5,5,0.013891,0.035376,0.035729,0.106414,0.051027,0.659742,0.097822
3070_154_923_968,6,4,0.010494,0.18828,0.086081,0.018587,0.447812,0.015398,0.233348
3070_154_182_223,3,1,0.046978,0.249132,0.194859,0.089268,0.22855,0.044688,0.146524
3070_154_459_643,5,3,0.014615,0.165565,0.135107,0.429311,0.053833,0.114055,0.087515
3070_153_1048_1159,6,5,0.013754,0.041336,0.024793,0.047397,0.043783,0.687463,0.141475
3070_153_259_448,6,3,0.070307,0.053377,0.0255,0.410653,0.0483,0.32016,0.071703
3070_153_643_892,6,3,0.017632,0.060932,0.094218,0.251614,0.22561,0.187795,0.162199
3070_154_1828_1849,6,6,0.019665,0.10456,0.108383,0.069215,0.242581,0.011632,0.443964
3070_154_1196_1216,6,4,0.034792,0.242784,0.146388,0.018301,0.3789,0.006637,0.172199
3070_154_2145_2213,6,4,0.017181,0.115697,0.09465,0.253537,0.285219,0.013027,0.220688
3074_154_1293_1357,1,6,0.017176,0.137165,0.159142,0.157649,0.113812,0.054465,0.360592
3074_153_1111_1270,4,3,0.020229,0.049556,0.035634,0.511739,0.045225,0.011199,0.326417
3074_154_1632_1766,1,3,0.022778,0.253204,0.164666,0.320803,0.107552,0.022424,0.108573
3074_154_184_305,3,6,0.017012,0.068527,0.089466,0.15665,0.045855,0.134967,0.487524
3074_153_1784_1852,4,3,0.010372,0.022244,0.019042,0.830036,0.020016,0.01536,0.082929
3074_153_1385_1551,3,3,0.018232,0.02418,0.0165,0.592111,0.019085,0.090319,0.239572
3074_153_701_953,3,3,0.005184,0.009427,0.015427,0.755765,0.011341,0.021836,0.181019
3074_154_444_626,3,3,0.015135,0.147438,0.13227,0.333985,0.036827,0.067641,0.266705
3074_154_1010_1083,3,6,0.026406,0.055148,0.052639,0.151999,0.019869,0.113468,0.580471
3074_153_348_406,3,3,0.012862,0.029232,0.01544,0.672974,0.023549,0.056482,0.189461
3071_153_31_209,3,3,0.023812,0.020837,0.02307,0.712628,0.059458,0.083364,0.07683
3071_153_1043_1308,1,0,0.667887,0.204747,0.00939,0.041138,0.031151,0.03046,0.015226
3071_153_1573_1707,3,3,0.008277,0.016231,0.022121,0.840758,0.023226,0.058328,0.031058
3071_154_209_389,3,3,0.017733,0.098082,0.035471,0.780296,0.012675,0.023678,0.032065
3071_153_897_975,1,1,0.225924,0.576436,0.021685,0.051971,0.04007,0.030084,0.053829
3071_154_1326_1397,3,3,0.03121,0.026085,0.023556,0.797132,0.017965,0.021777,0.082274
3071_154_499_637,1,3,0.040745,0.103634,0.031579,0.449751,0.097844,0.012016,0.264432
3071_153_409_478,3,3,0.006289,0.003477,0.013191,0.852236,0.024322,0.030449,0.070035
3071_154_1473_1573,3,6,0.018545,0.085483,0.078437,0.128909,0.061549,0.057894,0.569184
3071_154_725_881,0,0,0.799933,0.13227,0.007808,0.020132,0.009925,0.013961,0.015971
3071_153_651_709,1,1,0.249875,0.617982,0.009491,0.037269,0.03573,0.018653,0.031
3071_153_1419_1438,3,3,0.007106,0.004201,0.012636,0.940863,0.008196,0.009878,0.017119
3071_154_982_1009,3,3,0.031908,0.049934,0.016503,0.693218,0.028474,0.004368,0.175595
3071_154_1707_1746,3,3,0.006974,0.020017,0.008703,0.90365,0.014111,0.00693,0.039615
3067_153_110_140,6,5,0.022629,0.039826,0.013038,0.044631,0.020523,0.50939,0.349963
3067_154_1268_1376,4,1,0.043678,0.557024,0.038422,0.24155,0.070349,0.018986,0.029991
3067_153_1173_1255,4,3,0.028705,0.163307,0.049995,0.591097,0.099514,0.02315,0.044232
3067_153_194_255,3,5,0.020721,0.030666,0.015077,0.090011,0.047082,0.789626,0.006819
3067_153_1396_1528,6,3,0.014141,0.142428,0.063614,0.344893,0.290784,0.014361,0.12978
3067_153_867_944,3,3,0.004858,0.004842,0.007944,0.852362,0.004238,0.11761,0.008147
3067_154_581_683,3,3,0.011282,0.035239,0.018939,0.609359,0.028127,0.256482,0.040571
3067_154_152_184,6,3,0.01791,0.047451,0.068329,0.422753,0.046298,0.17657,0.220689
3067_154_1088_1132,4,1,0.116121,0.371653,0.0396,0.215361,0.171159,0.00717,0.078936
3067_154_255_340,3,3,0.007183,0.00297,0.00606,0.904146,0.005724,0.071342,0.002574
3067_153_1008_1056,3,3,0.006524,0.006549,0.013073,0.928743,0.014466,0.022724,0.007921
3067_154_31_88,3,5,0.009872,0.012576,0.010338,0.27919,0.015406,0.646148,0.02647
3067_154_436_453,3,3,0.016701,0.055244,0.038138,0.72539,0.037793,0.088881,0.037852
3067_154_823_854,5,3,0.010995,0.013707,0.008469,0.868008,0.008024,0.048058,0.042738
3067_153_703_781,3,3,0.006112,0.006642,0.02283,0.866434,0.033763,0.051644,0.012575
3067_153_384_425,4,2,0.018249,0.120137,0.37601,0.082232,0.193208,0.155661,0.054502
3067_154_1557_1606,4,4,0.010704,0.145118,0.024154,0.00987,0.796895,0.001463,0.011797
3067_153_479_581,3,3,0.003832,0.001174,0.007454,0.670221,0.002885,0.312979,0.001456
3067_154_962_991,3,3,0.009271,0.004816,0.006054,0.938917,0.004915,0.027381,0.008646
3077_153_1173_1346,4,0,0.408447,0.324789,0.018892,0.049421,0.166034,0.018255,0.014163
3077_153_214_344,0,0,0.681532,0.144734,0.012446,0.079364,0.035155,0.024724,0.022045
3077_153_1723_1950,4,1,0.226806,0.310272,0.083172,0.082694,0.213337,0.045954,0.037766
3077_154_1460_1644,4,4,0.031783,0.171104,0.111178,0.251173,0.310681,0.028602,0.095479
3077_154_31_122,1,1,0.29251,0.467446,0.0179,0.015963,0.10765,0.041166,0.057364
3077_154_920_1043,4,1,0.186301,0.506612,0.062967,0.032084,0.084382,0.031041,0.096612
3077_154_370_628,1,0,0.623606,0.28753,0.013228,0.022183,0.021412,0.014409,0.017632
3077_153_2066_2173,6,6,0.057334,0.150659,0.069113,0.12871,0.226457,0.026678,0.341048
3077_153_681_911,4,0,0.859286,0.073198,0.002902,0.009695,0.006916,0.045129,0.002874
3077_154_2002_2040,6,4,0.07246,0.131272,0.064319,0.092147,0.299774,0.054196,0.285832
3076_153_1436_1493,0,4,0.056342,0.13398,0.100539,0.069884,0.563828,0.033434,0.041994
3076_154_853_969,1,0,0.411339,0.399515,0.017903,0.012754,0.045629,0.076994,0.035866
3076_153_167_254,2,1,0.120024,0.246621,0.0861,0.11324,0.194122,0.085933,0.15396
3076_154_568_625,0,0,0.457064,0.349857,0.010409,0.043397,0.014049,0.020021,0.105203
3076_153_1082_1139,0,5,0.026605,0.053326,0.031702,0.225515,0.054288,0.516419,0.092146
3076_153_470_502,0,0,0.569798,0.19843,0.014281,0.07839,0.054752,0.022943,0.061405
3076_154_31_115,4,4,0.017328,0.225491,0.108549,0.017227,0.527812,0.014571,0.089021
3076_154_1186_1285,6,1,0.326589,0.401769,0.16079,0.008258,0.061471,0.021391,0.019732
3076_153_659_827,0,0,0.792731,0.13441,0.01457,0.009155,0.007863,0.029217,0.012053
3076_154_335_369,1,1,0.286439,0.381124,0.056052,0.022647,0.053172,0.074215,0.126351
3075_154_1157_1187,6,5,0.042777,0.221172,0.16175,0.084561,0.046983,0.222604,0.220153
3075_154_1606_1689,0,1,0.297913,0.500003,0.046788,0.023903,0.029412,0.01017,0.09181
3075_153_1767_1929,4,6,0.029596,0.138823,0.237491,0.108148,0.102844,0.132804,0.250293
3075_154_1298_1496,6,6,0.049866,0.148176,0.037989,0.024855,0.055475,0.018789,0.664851
3075_153_782_949,0,1,0.311129,0.409666,0.079445,0.041674,0.091649,0.030548,0.03589
3075_153_138_239,6,5,0.100301,0.141132,0.17075,0.135314,0.180307,0.223648,0.048547
3075_153_479_657,6,1,0.150245,0.421097,0.165249,0.024222,0.178416,0.035052,0.025718
3075_154_31_69,6,6,0.013292,0.063929,0.04432,0.056746,0.089932,0.050035,0.681747
3075_153_1242_1266,6,6,0.032282,0.051195,0.09691,0.327841,0.062323,0.033808,0.395641
3075_154_681_745,1,6,0.050727,0.213408,0.127902,0.070015,0.061712,0.133973,0.342262
3075_154_362_407,6,6,0.0358,0.154159,0.138198,0.164979,0.153631,0.104191,0.249042
3075_153_1571_1606,4,3,0.013954,0.042062,0.073637,0.468923,0.017357,0.010801,0.373266
3075_154_1940_1991,6,1,0.079919,0.759306,0.040226,0.046006,0.029384,0.009387,0.035772
3079_154_1183_1451,5,3,0.011246,0.002641,0.014296,0.839726,0.055955,0.068178,0.007957
3079_154_850_989,5,3,0.046452,0.074165,0.044744,0.400227,0.028665,0.295881,0.109864
3079_154_141_240,5,6,0.070125,0.058702,0.038069,0.12521,0.046126,0.180275,0.481493
3079_153_467_745,3,3,0.010642,0.005549,0.01895,0.891389,0.030413,0.031281,0.011778
3079_153_1005_1183,3,3,0.062279,0.034178,0.058978,0.634286,0.040609,0.139409,0.030261
3079_154_31_82,6,5,0.008931,0.010998,0.027473,0.125713,0.010955,0.537209,0.278721
3079_153_1476_1588,3,3,0.004868,0.012812,0.021044,0.89352,0.022617,0.009796,0.035343
3079_154_347_431,5,0,0.395197,0.067701,0.037466,0.176702,0.030212,0.14894,0.143783
3079_154_1588_1618,3,3,0.011117,0.013614,0.010957,0.885339,0.012542,0.013758,0.052674
3079_154_762_789,3,3,0.021074,0.020823,0.031461,0.393926,0.020139,0.323483,0.189093
3079_153_268_332,3,3,0.007708,0.006282,0.0142,0.826303,0.014769,0.008689,0.122048
3078_153_69_149,5,3,0.00488,0.001632,0.039789,0.614056,0.008467,0.3187,0.012477
3078_153_1218_1311,5,5,0.010217,0.007096,0.015063,0.107751,0.023588,0.821072,0.015213
3078_154_1148_1194,6,6,0.029699,0.0935,0.03369,0.203807,0.048925,0.028642,0.561737
3078_154_707_967,5,5,0.038776,0.019457,0.016735,0.307754,0.065196,0.532331,0.019751
3078_154_149_250,3,5,0.115704,0.009845,0.01895,0.309854,0.009086,0.527086,0.009475
3078_154_1326_1400,3,0,0.656108,0.02876,0.026064,0.045015,0.009614,0.212583,0.021855
3078_154_443_627,5,5,0.122941,0.01448,0.012124,0.074113,0.012881,0.759168,0.004293
3078_153_1015_1133,5,5,0.011015,0.008196,0.017537,0.386688,0.01949,0.541347,0.015727
3078_153_272_423,3,3,0.028606,0.011033,0.013968,0.837341,0.025086,0.04287,0.041095
3078_154_31_69,5,5,0.019982,0.009258,0.020012,0.144363,0.015008,0.730896,0.060482
3078_153_652_707,3,3,0.030018,0.075807,0.029173,0.506427,0.052083,0.020803,0.28569
3078_153_1424_1452,3,3,0.051199,0.109551,0.046562,0.387989,0.107978,0.119869,0.176851
3080_153_116_211,1,3,0.008069,0.025028,0.016079,0.84114,0.031239,0.010195,0.068249
3080_154_1212_1349,3,3,0.015258,0.014205,0.032083,0.810402,0.015471,0.043465,0.069117
3080_153_1979_2057,6,3,0.01288,0.046764,0.29251,0.410595,0.171536,0.038549,0.027166
3080_153_1593_1768,1,3,0.013389,0.038552,0.110188,0.489622,0.055724,0.267396,0.025129
3080_154_213_310,5,3,0.035221,0.048313,0.016451,0.399962,0.020696,0.219608,0.259748
3080_154_1789_1954,5,3,0.012287,0.040917,0.090433,0.427475,0.069141,0.296058,0.063689
3080_154_1401_1564,6,3,0.010362,0.011997,0.043842,0.775905,0.014832,0.032231,0.110831
3080_153_2181_2238,6,3,0.012486,0.008043,0.026704,0.692563,0.038979,0.207752,0.013472
3080_153_789_948,6,3,0.006121,0.00937,0.008662,0.909469,0.016231,0.013749,0.036398
3080_153_519_685,1,3,0.205326,0.255036,0.021548,0.335799,0.082341,0.046738,0.053212
3080_154_2057_2153,5,3,0.018749,0.058109,0.075089,0.583146,0.055866,0.055788,0.153252
3080_154_31_96,6,3,0.01339,0.006205,0.013995,0.488093,0.01654,0.009238,0.452539
3080_154_436_455,5,5,0.020159,0.029323,0.012819,0.069149,0.021015,0.774279,0.073256
3080_154_696_747,3,3,0.037123,0.124551,0.032753,0.506623,0.036754,0.124562,0.137634
3080_153_351_423,6,3,0.008068,0.013611,0.028515,0.77955,0.018071,0.007608,0.144577
3080_154_959_991,6,3,0.017402,0.0063,0.012466,0.703109,0.008269,0.17747,0.074984
3322_167_2476_2596,4,2,0.028125,0.082514,0.600367,0.095436,0.108825,0.011719,0.073013
3322_168_86_146,3,5,0.047397,0.030478,0.036362,0.283557,0.019216,0.421629,0.161361
3322_167_901_1329,3,3,0.081303,0.189254,0.029344,0.362779,0.126461,0.03907,0.17179
3322_167_1903_2298,3,4,0.044905,0.14879,0.148748,0.218737,0.272633,0.020551,0.145636
3322_167_1539_1809,5,3,0.01286,0.017755,0.018326,0.686355,0.100682,0.14479,0.019232
3322_167_171_261,5,2,0.065977,0.137008,0.267528,0.041762,0.191459,0.232428,0.063838
3322_168_1420_1461,3,4,0.011486,0.064541,0.195651,0.092938,0.420254,0.126255,0.088875
3322_168_581_685,3,4,0.015782,0.208099,0.143066,0.019217,0.510101,0.007738,0.095997
3322_168_2330_2436,5,3,0.007235,0.024813,0.08058,0.417919,0.396936,0.013569,0.058948
3322_168_312_396,5,6,0.030703,0.094574,0.13737,0.240873,0.120202,0.054521,0.321758
3322_167_426_531,3,5,0.056223,0.036345,0.05212,0.113132,0.01739,0.703527,0.021263
3322_168_821_866,3,5,0.018267,0.029611,0.058161,0.02276,0.027757,0.755887,0.087558
3322_167_716_769,5,3,0.033894,0.058295,0.088556,0.351125,0.089635,0.161101,0.217394
3322_168_1866_1875,5,5,0.01901,0.027568,0.016015,0.053782,0.028208,0.76585,0.089566
3322_167_31_46,5,5,0.020611,0.016632,0.071921,0.133413,0.010575,0.642788,0.104061
3328_167_1128_1561,3,3,0.099287,0.104084,0.031065,0.594364,0.073009,0.02159,0.076601
3328_167_1867_2070,3,3,0.031427,0.034502,0.094534,0.64974,0.033791,0.09147,0.064537
3328_168_1600_1849,3,3,0.073346,0.211879,0.061993,0.349251,0.163285,0.008196,0.132048
3328_167_2157_2243,3,3,0.068977,0.245478,0.042075,0.336703,0.068192,0.016268,0.222306
3328_168_936_1114,3,4,0.009308,0.003459,0.031663,0.382089,0.510302,0.037996,0.025183
3328_168_151_245,5,4,0.089297,0.325683,0.026512,0.071993,0.364881,0.018527,0.103107
3328_168_2276_2395,3,3,0.003622,0.007394,0.025028,0.91777,0.013478,0.009763,0.022945
3328_167_316_596,3,3,0.046945,0.020006,0.020318,0.741815,0.043218,0.014675,0.113023
3328_168_635_773,4,4,0.028481,0.090561,0.037926,0.353408,0.418497,0.024186,0.046941
3328_167_790_907,3,3,0.105952,0.076478,0.049845,0.543115,0.042138,0.031774,0.150698
3328_167_2395_2425,3,3,0.024022,0.005929,0.09855,0.727563,0.011064,0.118741,0.014131
3328_168_2100_2118,5,6,0.028373,0.093714,0.077482,0.253979,0.079725,0.013816,0.452911
3328_167_31_49,3,0,0.502525,0.020986,0.146645,0.103846,0.015003,0.196826,0.014169
3323_168_1219_1464,1,1,0.09277,0.297084,0.022547,0.236162,0.083314,0.042199,0.225924
3323_168_144_276,5,5,0.025043,0.041355,0.010644,0.314214,0.027669,0.550143,0.030932
3323_167_1704_1877,4,1,0.133887,0.402167,0.038056,0.060307,0.310572,0.018765,0.036245
3323_168_724_955,0,0,0.608208,0.292154,0.00896,0.011313,0.054,0.009847,0.015518
3323_168_2224_2399,3,3,0.0487,0.038138,0.01563,0.643758,0.082789,0.026595,0.14439
3323_168_379_614,3,4,0.039991,0.265047,0.027341,0.087476,0.438318,0.03493,0.106897
3323_167_1027_1149,4,4,0.012068,0.060975,0.07052,0.181574,0.381741,0.145835,0.147287
3323_167_2053_2109,1,1,0.062216,0.374823,0.123824,0.18593,0.085975,0.058355,0.108876
3323_167_287_346,3,3,0.018341,0.019451,0.016153,0.732603,0.041332,0.044622,0.127498
3323_167_31_97,3,3,0.011321,0.008741,0.048996,0.768095,0.014663,0.030345,0.117839
3323_167_1504_1542,3,3,0.07297,0.120795,0.08043,0.293642,0.049603,0.110101,0.27246
3323_168_2492_2566,3,1,0.057761,0.293714,0.025628,0.164006,0.164692,0.044537,0.249662
3323_167_2407_2473,3,3,0.031934,0.035371,0.033074,0.613025,0.052092,0.159526,0.074979
3323_167_652_678,4,6,0.011507,0.142292,0.201437,0.191214,0.169904,0.072541,0.211105
3323_168_2114_2140,0,3,0.069746,0.047212,0.01821,0.606609,0.045542,0.032889,0.179792
3323_168_1914_1984,1,6,0.08208,0.197639,0.108368,0.058356,0.224562,0.05286,0.276134
3323_168_1556_1602,0,0,0.590301,0.357162,0.002074,0.023237,0.008501,0.005629,0.013096
3323_167_2156_2169,4,3,0.055645,0.067766,0.033832,0.452843,0.035782,0.036403,0.317729
3326_168_115_128,0,6,0.124592,0.143317,0.085059,0.076083,0.0232,0.11998,0.427769
3326_168_1096_1326,0,1,0.115393,0.389008,0.168849,0.049069,0.19158,0.03696,0.049141
3326_168_1933_2178,0,5,0.078269,0.157525,0.00633,0.196098,0.019442,0.525273,0.017063
3326_167_1790_1920,1,5,0.29821,0.253148,0.024992,0.062793,0.027412,0.308869,0.024576
3326_167_1346_1674,1,0,0.53681,0.353813,0.021609,0.011514,0.047852,0.016956,0.011446
3326_167_917_1079,0,1,0.419114,0.427332,0.031287,0.008576,0.05923,0.017823,0.036638
3326_167_133_225,1,3,0.054569,0.167383,0.056292,0.428682,0.031031,0.02875,0.233293
3326_167_570_720,1,1,0.161162,0.672545,0.049641,0.013126,0.062897,0.019676,0.020954
3326_168_1693_1781,0,1,0.164108,0.635365,0.007948,0.040385,0.112155,0.017416,0.022622
3326_167_278_374,0,0,0.718721,0.046034,0.010679,0.014444,0.00704,0.196772,0.00631
3326_168_415_523,0,2,0.008821,0.048114,0.395622,0.155058,0.326037,0.011553,0.054794
3326_168_753_894,1,4,0.049245,0.203769,0.184105,0.053304,0.341866,0.014101,0.153609
3326_167_60_110,3,3,0.017529,0.186743,0.220336,0.284546,0.134013,0.025571,0.13126
3326_168_230_250,1,6,0.146101,0.122489,0.053741,0.111373,0.018641,0.133922,0.413734
3326_168_31_50,0,6,0.082964,0.219664,0.109861,0.06427,0.077276,0.092657,0.353308
3327_167_31_139,5,5,0.036678,0.194326,0.209351,0.025945,0.092104,0.221714,0.219882
3327_168_1271_1444,1,6,0.049933,0.183045,0.033677,0.306245,0.071142,0.009772,0.346187
3327_167_1085_1203,4,4,0.030775,0.229545,0.12733,0.008438,0.519225,0.046253,0.038434
3327_168_1633_1683,5,3,0.031318,0.078149,0.049448,0.383515,0.079017,0.087486,0.291067
3327_168_161_279,1,5,0.036432,0.084617,0.027974,0.040204,0.048655,0.684514,0.077604
3327_167_1707_1813,5,1,0.058492,0.333889,0.094354,0.03447,0.145303,0.160506,0.172985
3327_167_926_959,4,6,0.131811,0.234006,0.070755,0.047188,0.126759,0.03545,0.354031
3327_167_493_719,0,1,0.085447,0.508034,0.05654,0.024733,0.282934,0.010749,0.031563
3327_168_2048_2070,1,3,0.032634,0.136298,0.05755,0.317671,0.276947,0.031287,0.147614
3327_168_981_1041,1,6,0.022354,0.044441,0.125916,0.163833,0.201139,0.115283,0.327035
3327_167_1471_1535,5,4,0.021338,0.15628,0.085112,0.147514,0.306504,0.050238,0.233014
3327_168_779_858,1,1,0.179412,0.575312,0.014071,0.017328,0.193603,0.007159,0.013115
3327_168_1826_1912,1,3,0.014478,0.055453,0.016156,0.737073,0.0491,0.049981,0.077759
3327_167_336_402,1,4,0.013011,0.259267,0.12859,0.018396,0.321357,0.027066,0.232312
3327_167_1938_2033,3,6,0.029068,0.19909,0.05746,0.042377,0.322714,0.011603,0.337688
3327_168_425_431,1,1,0.174319,0.278398,0.118596,0.052585,0.121343,0.084937,0.169823
3321_168_2356_2506,0,1,0.112303,0.397264,0.026493,0.166622,0.070973,0.101677,0.124669
3321_167_1276_1508,3,3,0.006982,0.002394,0.013122,0.921635,0.033871,0.007068,0.014928
3321_168_1156_1236,6,4,0.053779,0.194253,0.055279,0.156738,0.424814,0.013124,0.102014
3321_167_219_281,2,4,0.014641,0.082967,0.052002,0.0147,0.793531,0.011009,0.031151
3321_167_2876_2984,3,3,0.015918,0.016459,0.014813,0.786855,0.06284,0.020758,0.082358
3321_168_2656_2861,6,0,0.33745,0.176406,0.05299,0.151943,0.117122,0.040991,0.123098
3321_167_873_931,4,4,0.066549,0.156927,0.039784,0.121531,0.454939,0.023148,0.137123
3321_168_178_189,6,1,0.125019,0.24322,0.051221,0.065562,0.089593,0.197362,0.228023
3321_167_1056_1132,5,0,0.694209,0.148702,0.02276,0.018584,0.028898,0.067304,0.019542
3321_168_1746_1928,1,4,0.018641,0.114622,0.016768,0.162173,0.659639,0.007222,0.020935
3321_168_619_682,5,5,0.060152,0.070431,0.033198,0.041692,0.033698,0.672297,0.088532
3321_167_2136_2316,2,4,0.184814,0.161669,0.134083,0.063748,0.350526,0.084913,0.020248
3321_167_31_121,2,4,0.024674,0.06762,0.197921,0.089545,0.441715,0.094595,0.08393
3321_167_720_751,2,3,0.030193,0.110656,0.11941,0.29934,0.157037,0.051557,0.231806
3321_168_2041_2069,3,3,0.034251,0.087818,0.031554,0.742927,0.026657,0.027456,0.049337
3321_167_454_573,2,4,0.013525,0.04669,0.174571,0.197331,0.445332,0.017332,0.105219
3321_168_983_1006,1,5,0.061558,0.068273,0.02824,0.057853,0.00777,0.695651,0.080656
3321_167_2586_2596,3,3,0.019978,0.082412,0.048218,0.338036,0.091845,0.177017,0.242493
3321_168_319_371,6,1,0.08517,0.246939,0.081348,0.115676,0.234506,0.05316,0.1832
3321_167_1967_2009,6,5,0.025219,0.024916,0.013573,0.16133,0.008116,0.707367,0.059478
3321_168_786_840,0,1,0.134834,0.399712,0.018117,0.033793,0.277658,0.012169,0.123716
3321_167_1621_1653,6,3,0.093955,0.078883,0.105355,0.336744,0.068608,0.085473,0.230983
3321_168_1531_1565,6,6,0.064545,0.147941,0.055463,0.248924,0.086252,0.109896,0.286979
3330_167_31_143,0,5,0.145613,0.082016,0.029172,0.276835,0.061044,0.324051,0.08127
3330_167_1138_1305,1,0,0.799473,0.143481,0.006136,0.007729,0.007924,0.030214,0.005043
3330_168_2026_2117,1,4,0.038531,0.199517,0.079369,0.226681,0.228801,0.132239,0.094862
3330_167_1618_1724,0,0,0.892394,0.070527,0.008575,0.002731,0.00869,0.012559,0.004523
3330_167_229_347,0,0,0.630753,0.161213,0.022616,0.0269,0.014483,0.134271,0.009766
3330_168_1744_1907,1,3,0.061806,0.160878,0.035348,0.642715,0.048981,0.031272,0.019001
3330_168_1316_1466,0,0,0.696394,0.074089,0.02424,0.019501,0.008588,0.16653,0.010659
3330_167_689_986,1,5,0.066228,0.066328,0.022729,0.30391,0.030394,0.485162,0.025249
3330_168_163_218,6,5,0.078876,0.19243,0.056814,0.018335,0.044654,0.528139,0.080752
3330_168_590_668,1,1,0.388467,0.414578,0.009743,0.051791,0.021243,0.022237,0.091941
3330_168_1023_1124,0,0,0.702558,0.13316,0.018235,0.015436,0.036445,0.083525,0.010641
3330_167_468_573,4,5,0.290866,0.215177,0.023669,0.018955,0.064741,0.369309,0.017282
3330_168_363_456,1,1,0.294708,0.532599,0.013147,0.029718,0.030054,0.04533,0.054444
3330_168_1555_1595,0,0,0.514393,0.309267,0.026063,0.021766,0.044528,0.041193,0.042791
3330_167_1498_1535,1,0,0.535631,0.337976,0.005842,0.025281,0.019294,0.060166,0.01581
3330_167_1923_2004,1,3,0.022516,0.070631,0.011576,0.581328,0.024521,0.019483,0.269946
3324_167_31_146,2,0,0.652056,0.105814,0.035127,0.071876,0.01722,0.083473,0.034434
3324_168_1221_1368,3,3,0.048575,0.232747,0.033011,0.379379,0.197105,0.013259,0.095925
3324_167_1067_1199,1,0,0.771929,0.064132,0.04715,0.011716,0.028762,0.068004,0.008307
3324_168_1671_1710,1,1,0.162355,0.476463,0.063539,0.047384,0.127996,0.011501,0.11076
3324_167_221_257,4,5,0.055857,0.040861,0.033206,0.119039,0.025023,0.469866,0.256147
3324_168_877_955,1,1,0.081985,0.451039,0.035271,0.079671,0.214212,0.006979,0.130842
3324_167_431_607,1,0,0.441923,0.326157,0.05546,0.042129,0.04054,0.073672,0.02012
3324_168_181_200,1,1,0.121442,0.290539,0.033711,0.091679,0.065949,0.221177,0.175505
3324_167_325_375,4,3,0.205779,0.219736,0.042552,0.266951,0.064974,0.048994,0.151015
3324_168_625_731,1,1,0.377058,0.500397,0.020752,0.014765,0.046234,0.010028,0.030766
3324_168_1493_1536,3,1,0.126291,0.610766,0.008394,0.143084,0.08261,0.006299,0.022556
3324_168_383_419,1,1,0.126443,0.628444,0.012654,0.050436,0.110787,0.005757,0.06548
3324_167_1419_1438,1,3,0.109507,0.078582,0.033246,0.525439,0.040582,0.017853,0.194791
3324_167_738_782,2,0,0.711197,0.125485,0.031283,0.045996,0.018273,0.01591,0.051856
3324_167_1564_1611,3,3,0.012673,0.001363,0.006483,0.930162,0.015174,0.021221,0.012922
3324_167_963_995,1,0,0.661055,0.057871,0.024214,0.047726,0.014195,0.175652,0.019285
3324_168_1011_1031,1,6,0.093049,0.198773,0.030029,0.196293,0.101877,0.016038,0.363941
3324_167_1722_1730,3,3,0.054669,0.060221,0.031483,0.536069,0.035358,0.092842,0.189357
3324_168_278_316,1,1,0.187901,0.357315,0.050064,0.032788,0.086813,0.063515,0.221604
3333_168_2191_2602,3,3,0.007379,0.040233,0.046501,0.549716,0.305835,0.010722,0.039614
3333_167_1262_1351,1,1,0.034053,0.512544,0.011975,0.016487,0.378673,0.002791,0.043476
3333_168_1144_1241,1,1,0.143921,0.322074,0.010677,0.227915,0.203725,0.06782,0.023868
3333_167_241_581,4,1,0.145995,0.558231,0.03532,0.023355,0.171382,0.009344,0.056373
3333_167_1460_1735,0,1,0.081662,0.245125,0.045653,0.141457,0.199687,0.068697,0.217719
3333_167_761_1174,1,4,0.016343,0.265621,0.027539,0.006147,0.667315,0.003959,0.013076
3333_167_1819_2128,3,4,0.01244,0.032874,0.074427,0.382814,0.448269,0.017263,0.031915
3333_168_1747_1783,3,3,0.008014,0.007175,0.018115,0.832643,0.016342,0.104185,0.013526
3333_167_2621_2733,3,3,0.009029,0.004693,0.014632,0.926339,0.016798,0.008789,0.019721
3333_167_31_119,4,6,0.038924,0.048654,0.19953,0.116117,0.1513,0.02318,0.422295
3333_168_657_728,4,4,0.032112,0.204273,0.043307,0.099245,0.346917,0.015604,0.258543
3333_168_1371_1454,3,5,0.048054,0.150423,0.058189,0.083951,0.270031,0.346178,0.043173
3333_168_139_157,5,5,0.017521,0.029488,0.016149,0.021685,0.020585,0.86645,0.028123
3335_167_31_204,0,0,0.610938,0.028628,0.030539,0.025435,0.006123,0.289667,0.00867
3335_167_923_1394,1,0,0.562108,0.292092,0.017322,0.011184,0.035233,0.065977,0.016084
3335_167_1639_1754,1,1,0.098086,0.232686,0.136917,0.162516,0.154211,0.052354,0.163228
3335_168_1764_2000,1,0,0.267581,0.242543,0.129418,0.118752,0.122441,0.024365,0.094899
3335_168_1413_1625,6,3,0.095409,0.072709,0.13932,0.498977,0.121752,0.036785,0.035049
3335_167_565_737,0,0,0.589185,0.230601,0.072012,0.015171,0.040397,0.03754,0.015095
3335_167_276_466,0,0,0.73958,0.080243,0.031896,0.009294,0.009519,0.12257,0.006899
3335_168_787_914,6,3,0.020931,0.053784,0.091712,0.587128,0.187298,0.010379,0.048768
3335_168_504_551,1,2,0.044614,0.222567,0.264661,0.040393,0.106212,0.075459,0.246093
3335_167_2004_2036,0,0,0.789866,0.031134,0.010819,0.019942,0.005358,0.13349,0.009391
3335_168_214_224,5,5,0.027323,0.026409,0.016133,0.058291,0.031247,0.811939,0.028657
3332_167_2389_2517,3,3,0.013579,0.018874,0.034863,0.748209,0.071864,0.017867,0.094743
3332_168_1275_1404,6,3,0.032472,0.057455,0.068439,0.398593,0.107769,0.023076,0.312197
3332_168_1924_2072,3,3,0.038244,0.057571,0.053979,0.473825,0.103633,0.06251,0.210237
3332_167_1669_1714,2,3,0.027924,0.112028,0.042326,0.546511,0.044941,0.148504,0.077765
3332_168_1730_1808,6,3,0.06255,0.244075,0.008861,0.521347,0.047716,0.03182,0.083632
3332_167_1457_1489,2,5,0.011693,0.03016,0.023123,0.06806,0.008109,0.785108,0.073747
3332_168_749_1000,4,4,0.022176,0.169273,0.048744,0.21943,0.3988,0.012237,0.12934
3332_168_150_252,4,3,0.015761,0.074257,0.015506,0.560694,0.273138,0.0217,0.038944
3332_168_2227_2372,3,4,0.016717,0.099922,0.045901,0.066763,0.594404,0.025347,0.150945
3332_168_369_637,4,4,0.021904,0.233288,0.032375,0.240269,0.384104,0.025724,0.062336
3332_167_1029_1182,3,3,0.023,0.068975,0.029319,0.614355,0.103439,0.015361,0.145551
3332_167_270_355,3,3,0.016764,0.023335,0.029589,0.740349,0.033032,0.01975,0.137181
3332_167_31_104,3,4,0.019101,0.059696,0.073818,0.2474,0.314957,0.032043,0.252985
3332_168_1511_1650,6,3,0.031422,0.110154,0.013651,0.505999,0.064835,0.028882,0.245058
3332_167_1854_1898,2,3,0.059143,0.045035,0.040309,0.561118,0.045113,0.118081,0.1312
3332_167_655_738,4,3,0.024506,0.141035,0.145801,0.268139,0.15415,0.010699,0.255671
3332_167_2122_2207,3,3,0.038749,0.091984,0.075728,0.496331,0.059417,0.009705,0.228086
3334_168_31_147,1,3,0.241206,0.231453,0.06512,0.29261,0.032666,0.042054,0.094891
3334_168_1150_1395,1,3,0.024338,0.144828,0.051139,0.364184,0.249191,0.076827,0.089494
3334_168_2003_2136,3,3,0.011711,0.024754,0.012287,0.885116,0.033593,0.01388,0.01866
3334_168_1654_1914,3,3,0.024218,0.032956,0.036224,0.728168,0.02067,0.149043,0.008721
3334_168_232_258,1,3,0.121801,0.119787,0.028768,0.518707,0.075024,0.034763,0.10115
3334_167_1410_1644,5,0,0.504949,0.158504,0.042694,0.031394,0.060237,0.187042,0.01518
3334_167_2148_2251,1,0,0.866197,0.025839,0.070603,0.001226,0.009006,0.024599,0.00253
3334_167_880_1138,1,5,0.225255,0.296673,0.03555,0.033249,0.039954,0.352841,0.016478
3334_167_194_219,2,5,0.015166,0.043363,0.075344,0.077213,0.032164,0.465828,0.290922
3334_167_441_636,5,0,0.871732,0.048223,0.007958,0.003846,0.004946,0.061942,0.001353
3334_168_328_424,1,3,0.0614,0.034538,0.043053,0.429622,0.019697,0.207346,0.204345
3334_168_706_838,1,1,0.205829,0.432373,0.053387,0.053928,0.119165,0.088828,0.04649
3334_167_269_324,2,5,0.072232,0.137456,0.084447,0.03717,0.052679,0.592839,0.023177
3334_167_1924_1959,3,0,0.340565,0.2902,0.023169,0.089435,0.036712,0.186311,0.033608
3338_168_1250_1303,3,3,0.016113,0.027507,0.020682,0.827293,0.021036,0.04069,0.046679
3338_167_1147_1236,3,3,0.014639,0.026465,0.017376,0.867893,0.007695,0.037423,0.02851
3338_168_196_266,0,5,0.317405,0.102365,0.01009,0.008866,0.009696,0.544014,0.007563
3338_168_771_932,0,0,0.40222,0.388449,0.018065,0.027192,0.013508,0.099609,0.050956
3338_167_1324_1364,1,3,0.178968,0.259064,0.026566,0.301829,0.04539,0.08095,0.107234
3338_167_564_666,3,3,0.02849,0.038731,0.044686,0.641149,0.02637,0.02268,0.197894
3338_167_321_361,3,3,0.017272,0.021826,0.020318,0.767572,0.020371,0.015321,0.137319
3338_167_954_1059,4,2,0.023925,0.211194,0.316574,0.048984,0.153,0.058871,0.187452
3338_167_466_492,1,3,0.038213,0.058305,0.011219,0.715561,0.041076,0.025506,0.11012
3338_167_31_64,6,3,0.01503,0.012369,0.032899,0.736676,0.021479,0.041895,0.139652
3338_168_389_448,5,3,0.005843,0.001749,0.005022,0.70964,0.005884,0.259036,0.012825
3338_168_1105_1122,5,5,0.138949,0.125841,0.12226,0.055693,0.009511,0.466783,0.080962
3338_168_82_100,1,3,0.021328,0.013521,0.01154,0.723479,0.039798,0.034167,0.156168
3338_167_716_756,1,3,0.140277,0.229206,0.023041,0.274561,0.048403,0.012724,0.271789
3338_168_506_542,0,3,0.005213,0.002766,0.003866,0.944218,0.00976,0.009528,0.024649
3338_167_136_167,5,3,0.007569,0.003933,0.010134,0.592168,0.005658,0.370476,0.010063
3338_168_687_698,5,0,0.312546,0.209827,0.019165,0.045595,0.023339,0.306405,0.083123
3343_168_1250_1350,1,1,0.041912,0.443798,0.052988,0.178859,0.191885,0.022833,0.067725
3343_167_2017_2095,3,4,0.043779,0.294903,0.03786,0.125056,0.350711,0.006918,0.140773
3343_167_1670_1799,3,0,0.469374,0.291468,0.015099,0.065751,0.081256,0.022504,0.054547
3343_168_1817_1986,0,0,0.24316,0.187104,0.016508,0.176563,0.119392,0.121009,0.136264
3343_167_1380_1476,0,3,0.051114,0.056603,0.040867,0.483819,0.086595,0.134682,0.14632
3343_168_951_968,5,3,0.018858,0.031975,0.02764,0.560463,0.076252,0.137946,0.146866
3343_167_508_660,0,6,0.152189,0.127436,0.043509,0.186135,0.024365,0.076517,0.389849
3343_167_1012_1168,3,0,0.398704,0.177808,0.044667,0.111449,0.026318,0.129895,0.111159
3343_167_141_190,3,3,0.029014,0.027843,0.028086,0.758191,0.021503,0.015724,0.119639
3343_168_317_344,1,1,0.358083,0.390216,0.006966,0.02,0.027593,0.170271,0.026871
3343_168_401_493,1,1,0.083998,0.369054,0.031826,0.034514,0.072736,0.352389,0.055485
3343_168_1523_1630,3,3,0.045594,0.073308,0.018355,0.392902,0.069987,0.030838,0.369015
3343_167_801_878,0,3,0.230636,0.113855,0.042055,0.27222,0.028357,0.093169,0.219707
3343_168_2119_2179,1,1,0.071769,0.3284,0.045663,0.179326,0.101632,0.08269,0.19052
3343_168_713_787,1,1,0.1061,0.503362,0.021963,0.104392,0.096079,0.066009,0.102096
3343_167_2193_2217,1,6,0.132749,0.209826,0.027478,0.092489,0.108461,0.031014,0.397983
3343_167_31_52,6,0,0.268382,0.1775,0.066743,0.131808,0.063201,0.060597,0.231769
3343_168_96_103,5,5,0.136225,0.227921,0.049256,0.095122,0.033638,0.311636,0.146201
3343_167_354_371,3,6,0.024682,0.101579,0.159036,0.186617,0.102308,0.024413,0.401364
3341_167_2031_2221,3,3,0.179144,0.106557,0.027378,0.375689,0.206685,0.029602,0.074945
3341_168_1162_1263,1,1,0.031237,0.550809,0.055073,0.058434,0.220592,0.009162,0.074694
3341_167_1647_1750,6,4,0.070383,0.14098,0.145105,0.01916,0.442453,0.113312,0.068606
3341_167_252_311,4,0,0.796075,0.096772,0.008448,0.01991,0.007645,0.06011,0.01104
3341_168_1786_1976,5,5,0.345388,0.054201,0.022217,0.004709,0.008998,0.562586,0.001901
3341_167_1366_1511,6,4,0.035798,0.10322,0.080254,0.028481,0.579694,0.048522,0.124031
3341_167_31_122,6,3,0.055894,0.085782,0.034042,0.374822,0.069628,0.027657,0.352175
3341_168_862_977,1,1,0.110016,0.674908,0.025579,0.026874,0.114813,0.020269,0.02754
3341_168_181_239,1,1,0.118671,0.590733,0.049687,0.062435,0.092417,0.039586,0.04647
3341_167_541_649,5,5,0.013029,0.055412,0.05855,0.040164,0.07299,0.710077,0.049776
3341_167_996_1098,3,3,0.1077,0.105419,0.018834,0.56707,0.033846,0.009396,0.157734
3341_168_341_518,0,1,0.050407,0.488166,0.22732,0.041572,0.142668,0.02727,0.022596
3341_167_2433_2457,6,3,0.272606,0.237835,0.016347,0.315035,0.008391,0.015631,0.134155
3341_167_772_846,3,1,0.109225,0.429145,0.019352,0.079469,0.300409,0.006243,0.056156
3341_168_674_740,1,1,0.176132,0.434305,0.029027,0.023325,0.053113,0.146432,0.137666
3341_168_1544_1622,6,5,0.075554,0.203079,0.051652,0.018561,0.218402,0.333973,0.098778
3341_168_2381_2421,1,2,0.04362,0.115611,0.49701,0.010037,0.287959,0.015617,0.030146
3344_167_31_136,3,3,0.029036,0.048545,0.044208,0.442578,0.080734,0.080492,0.274406
3344_167_2044_2095,1,4,0.009994,0.03564,0.030027,0.346709,0.468644,0.007187,0.101798
3344_167_1179_1205,1,1,0.297467,0.373328,0.030843,0.12285,0.060256,0.026515,0.08874
3344_168_1481_1724,0,0,0.240762,0.218968,0.024967,0.054861,0.129241,0.132178,0.199023
3344_167_1743_1823,1,1,0.212629,0.250222,0.037395,0.061997,0.140345,0.117344,0.180069
3344_167_1311_1470,1,0,0.428167,0.235495,0.022129,0.100166,0.079396,0.059016,0.075632
3344_168_912_950,1,4,0.06805,0.252777,0.081608,0.148342,0.337786,0.029153,0.082284
3344_168_171_240,1,4,0.0306,0.196296,0.123848,0.038531,0.38679,0.021433,0.202501
3344_168_590_797,1,1,0.128772,0.368005,0.053643,0.09433,0.241067,0.068571,0.045612
3344_168_1084_1158,1,3,0.023045,0.060484,0.026299,0.721343,0.108859,0.031162,0.028807
3344_167_267_334,2,4,0.023555,0.126328,0.127486,0.051082,0.54616,0.044513,0.080877
3344_167_989_1062,1,4,0.148801,0.27428,0.054309,0.040738,0.40543,0.026877,0.049564
3344_167_425_576,2,1,0.379798,0.404161,0.032359,0.013559,0.094507,0.047511,0.028105
3344_168_1229_1288,1,1,0.141462,0.431335,0.025384,0.160588,0.123625,0.047083,0.070524
3344_167_807_883,1,0,0.30361,0.233681,0.008176,0.181269,0.021551,0.241259,0.010454
3344_168_1885_1914,1,6,0.154461,0.235292,0.013443,0.187774,0.088166,0.021064,0.2998
3344_168_376_400,1,1,0.223711,0.510116,0.028306,0.045157,0.062053,0.078446,0.052211
3340_167_1241_1386,1,1,0.295964,0.581161,0.013277,0.007973,0.059092,0.025081,0.017451
3340_168_1124_1218,1,3,0.0628,0.139742,0.064015,0.312526,0.089311,0.051378,0.280229
3340_167_1533_1708,1,3,0.160645,0.079356,0.017346,0.595279,0.045153,0.048693,0.053528
3340_167_228_262,0,0,0.434997,0.405084,0.014768,0.007618,0.067323,0.05411,0.0161
3340_168_1726_1894,0,1,0.139879,0.38318,0.012568,0.080655,0.288425,0.018794,0.0765
3340_168_1401_1520,1,6,0.113864,0.222484,0.012868,0.085036,0.022402,0.07873,0.464616
3340_167_853_962,2,3,0.034858,0.114218,0.124466,0.38918,0.130959,0.159309,0.04701
3340_168_180_211,0,6,0.080665,0.148837,0.065889,0.22546,0.084453,0.098734,0.295963
3340_168_574_632,1,3,0.207914,0.259519,0.011346,0.261152,0.033634,0.212533,0.013902
3340_168_276_350,0,0,0.514385,0.187737,0.036064,0.065913,0.030335,0.129898,0.035668
3340_167_364_541,2,5,0.112258,0.227019,0.026469,0.031724,0.085641,0.477645,0.039243
3340_168_31_90,4,5,0.215189,0.137531,0.016449,0.088434,0.016893,0.475481,0.050023
3340_168_696_826,0,5,0.18573,0.274787,0.022603,0.171541,0.028276,0.279538,0.037525
3340_167_651_691,0,1,0.283529,0.391355,0.035395,0.134662,0.057814,0.025447,0.071799
3340_168_973_997,1,5,0.249145,0.191254,0.0163,0.174703,0.014843,0.336992,0.016763
3340_167_140_144,2,4,0.017697,0.166984,0.047798,0.009447,0.658445,0.012448,0.087182
3340_167_1929_2010,0,0,0.797205,0.141042,0.00754,0.02456,0.009926,0.010337,0.00939
3340_167_1042_1081,2,4,0.037343,0.174693,0.100813,0.028157,0.579379,0.00417,0.075445
3342_167_1296_1560,0,5,0.159522,0.11249,0.016642,0.201313,0.050051,0.419437,0.040546
3342_168_1033_1270,0,0,0.506765,0.264065,0.02476,0.042793,0.014806,0.058707,0.088103
3342_167_1670_1733,4,3,0.097258,0.225255,0.025373,0.348018,0.098376,0.018883,0.186837
3342_167_235_370,0,0,0.657114,0.089116,0.012902,0.018125,0.017549,0.197912,0.007281
3342_168_931_983,0,1,0.293714,0.533592,0.023861,0.011381,0.031125,0.030571,0.075755
3342_168_188_204,3,6,0.035009,0.086142,0.021528,0.278,0.044856,0.03302,0.501444
3342_168_563_709,0,0,0.672893,0.214093,0.008428,0.026172,0.008562,0.05862,0.011231
3342_167_460_553,0,0,0.782334,0.147629,0.010013,0.00865,0.011041,0.031642,0.00869
3342_167_31_84,5,6,0.118185,0.094127,0.03895,0.080447,0.032922,0.249446,0.385923
3342_168_416_450,5,0,0.479313,0.29919,0.01668,0.084843,0.022293,0.021267,0.076415
3342_168_752_843,5,1,0.224745,0.380716,0.150047,0.011836,0.045,0.092261,0.095396
3342_168_107_119,3,6,0.044729,0.112932,0.020021,0.121896,0.056086,0.017704,0.626632
3342_167_720_747,1,1,0.253403,0.285119,0.009573,0.113541,0.043283,0.049818,0.245263
3342_168_1600_1661,0,6,0.023738,0.153617,0.192059,0.136186,0.218088,0.01315,0.263163
3342_167_863_906,0,0,0.490213,0.1466,0.028716,0.012276,0.020487,0.267628,0.03408
3342_167_138_158,5,5,0.111448,0.061391,0.041226,0.049653,0.019127,0.638144,0.079011
3342_167_999_1019,0,5,0.086374,0.033077,0.016592,0.064939,0.006615,0.70843,0.083973
3337_168_2271_2533,5,1,0.162819,0.356074,0.037152,0.055019,0.045526,0.127295,0.216115
3337_168_31_147,0,0,0.532669,0.266055,0.023947,0.012362,0.011395,0.132211,0.021362
3337_168_197_261,0,1,0.288693,0.385305,0.017795,0.161963,0.017759,0.082564,0.04592
3337_168_2630_2930,3,3,0.011714,0.038906,0.008755,0.847122,0.054092,0.011077,0.028334
3337_167_1450_1500,3,3,0.018612,0.004786,0.011017,0.731918,0.006376,0.222329,0.004961
3337_167_1556_2585,4,4,0.013666,0.148842,0.058646,0.145648,0.489086,0.020314,0.1238
3337_168_812_1018,1,1,0.154903,0.541128,0.014644,0.041565,0.050346,0.057285,0.140129
3337_168_1347_1424,0,3,0.186716,0.258743,0.031669,0.264621,0.065962,0.036614,0.155675
3337_168_1131_1147,5,6,0.216812,0.177031,0.015162,0.170582,0.030961,0.023711,0.365741
3337_167_160_188,5,4,0.048746,0.107692,0.080353,0.017669,0.483874,0.077685,0.183981
3337_167_1068_1120,3,6,0.020201,0.097236,0.124585,0.240321,0.067361,0.049004,0.401292
3337_168_1510_1751,3,3,0.03696,0.099651,0.019588,0.688102,0.066822,0.032816,0.056061
3337_167_572_608,5,4,0.006667,0.153107,0.093135,0.003727,0.681388,0.013591,0.048384
3337_167_1205_1285,3,1,0.079141,0.343047,0.027742,0.286519,0.054935,0.089633,0.118983
3337_167_2084_2137,4,1,0.138845,0.521803,0.051377,0.02977,0.190364,0.021408,0.046434
3337_168_1900_2054,4,3,0.027119,0.312892,0.020296,0.467125,0.035407,0.020067,0.117094
3337_168_656_722,1,3,0.069599,0.369869,0.02334,0.395974,0.058705,0.024696,0.057817
3337_167_1781_1887,4,6,0.0087,0.128204,0.030397,0.068204,0.047054,0.013723,0.703718
3337_167_346_457,4,2,0.009678,0.112633,0.599471,0.007414,0.231992,0.0254,0.013411
3337_168_477_498,1,5,0.062463,0.091382,0.038106,0.013289,0.018177,0.630673,0.145909
3337_168_1170_1180,6,1,0.099239,0.215852,0.153038,0.067438,0.213031,0.119788,0.131614
3337_167_766_803,3,4,0.02351,0.274968,0.068856,0.020302,0.517885,0.005861,0.088618
3346_167_31_150,6,2,0.022219,0.039308,0.385687,0.080579,0.254428,0.207171,0.010609
3346_167_1039_1279,3,6,0.009031,0.040322,0.044316,0.34945,0.018563,0.030933,0.507387
3346_168_189_323,6,6,0.025262,0.080644,0.096013,0.174535,0.241475,0.104688,0.277384
3346_167_1751_1832,3,3,0.01664,0.034809,0.026612,0.589491,0.071681,0.030618,0.23015
3346_168_479_619,5,6,0.017115,0.0412,0.043166,0.126626,0.10003,0.210622,0.461241
3346_167_336_461,2,6,0.027873,0.112947,0.155914,0.21696,0.179397,0.078149,0.22876
3346_168_1531_1599,1,3,0.074777,0.235254,0.017895,0.531901,0.06566,0.033113,0.0414
3346_167_1481_1508,3,3,0.081564,0.081214,0.05114,0.535407,0.049799,0.029414,0.171464
3346_167_808_920,3,3,0.028823,0.101055,0.053658,0.373397,0.170494,0.01947,0.253103
3346_168_1872_1927,6,6,0.015304,0.02622,0.025012,0.335503,0.07081,0.010265,0.516885
3346_167_641_694,6,6,0.038029,0.12714,0.07132,0.160364,0.176118,0.048053,0.378976
3346_167_1610_1678,3,3,0.030485,0.100104,0.054055,0.363059,0.057951,0.117958,0.276388
3346_168_1369_1458,3,3,0.023097,0.018835,0.044784,0.652517,0.084992,0.019053,0.156722
3346_168_1688_1696,5,5,0.029946,0.050934,0.019475,0.071458,0.030892,0.708267,0.089029
3346_168_727_785,1,6,0.051938,0.128057,0.027727,0.27532,0.045897,0.081466,0.389596
3346_168_963_1004,6,6,0.033669,0.055249,0.021156,0.203905,0.010418,0.24295,0.432652
3346_167_1942_1988,3,6,0.021509,0.022138,0.018305,0.299963,0.014601,0.006293,0.617191
3345_167_73_152,3,3,0.007212,0.002237,0.013053,0.802149,0.012868,0.147687,0.014793
3345_168_1271_1412,4,4,0.009072,0.088932,0.032551,0.067067,0.654432,0.007676,0.140271
3345_168_2026_2162,6,3,0.019577,0.045419,0.02842,0.418111,0.156156,0.009721,0.322596
3345_168_1558_1909,1,4,0.02182,0.098516,0.034311,0.238186,0.328195,0.035707,0.243264
3345_168_197_256,3,1,0.177993,0.576812,0.009362,0.090379,0.052572,0.038825,0.054056
3345_167_1429_1534,4,3,0.062324,0.143523,0.092686,0.346599,0.194654,0.037247,0.122968
3345_167_2177_2222,3,3,0.011253,0.008047,0.014677,0.729421,0.030666,0.165786,0.04015
3345_167_891_936,4,2,0.012483,0.147449,0.384499,0.065559,0.123399,0.048271,0.218339
3345_167_548_616,3,3,0.018579,0.089243,0.038749,0.371817,0.168389,0.048462,0.264761
3345_168_1101_1153,4,1,0.154308,0.41844,0.054716,0.048731,0.22215,0.012739,0.088916
3345_167_275_338,3,3,0.009671,0.010439,0.047124,0.72291,0.074618,0.082645,0.052593
3345_168_370_526,6,3,0.012654,0.031153,0.013761,0.646868,0.171045,0.018146,0.106374
3345_167_1188_1238,5,3,0.11417,0.135133,0.03979,0.399798,0.152241,0.040268,0.118599
3345_168_650_748,6,6,0.02981,0.050518,0.065688,0.158178,0.08259,0.115129,0.498088
3345_167_778_822,4,4,0.014942,0.144607,0.059408,0.016547,0.673312,0.003064,0.088122
3345_168_959_1024,6,4,0.010998,0.064521,0.031261,0.119087,0.394444,0.011692,0.367997
3345_168_31_52,3,6,0.028085,0.139954,0.056297,0.187193,0.23733,0.00906,0.342081
3345_168_847_873,6,6,0.069055,0.275414,0.071306,0.096362,0.081723,0.129138,0.277002
3345_167_1931_1975,3,3,0.015545,0.069148,0.08201,0.450942,0.104779,0.061646,0.215929
3345_167_1048_1059,3,4,0.020961,0.159149,0.190645,0.148468,0.365092,0.005982,0.109702
3351_168_100_400,3,4,0.018057,0.096981,0.027444,0.055634,0.757504,0.013073,0.031306
3351_167_1107_1226,4,4,0.008415,0.041147,0.035773,0.04863,0.826115,0.002804,0.037117
3351_167_1754_1846,6,3,0.019421,0.063992,0.082697,0.409634,0.176246,0.00754,0.240469
3351_168_1341_1466,3,4,0.013352,0.040127,0.04883,0.294341,0.51027,0.016906,0.076174
3351_168_877_984,4,4,0.020312,0.106386,0.087351,0.070475,0.601262,0.034266,0.079949
3351_167_600_849,4,4,0.007523,0.077652,0.120977,0.038227,0.691009,0.008832,0.055779
3351_167_31_64,3,3,0.016308,0.01123,0.063623,0.413321,0.406615,0.009385,0.079517
3351_167_415_448,3,3,0.016533,0.004795,0.015115,0.847543,0.055281,0.017708,0.043025
3351_167_1542_1667,3,4,0.009178,0.056248,0.052722,0.245261,0.490859,0.011548,0.134183
3351_168_500_580,6,4,0.017812,0.031061,0.16629,0.263301,0.354849,0.052257,0.114429
3351_168_1725_1735,3,3,0.020965,0.063403,0.032294,0.658497,0.090388,0.014858,0.119594
3350_168_31_151,1,3,0.062086,0.187816,0.04995,0.265097,0.194756,0.117436,0.122859
3350_168_1172_1308,1,1,0.076329,0.483339,0.028608,0.068969,0.316085,0.012147,0.014522
3350_167_1676_1755,3,3,0.027279,0.028552,0.028398,0.595649,0.072281,0.033956,0.213885
3350_167_165_328,2,4,0.018575,0.10081,0.137198,0.081519,0.60945,0.012788,0.039661
3350_168_1791_1907,4,3,0.022672,0.030945,0.023729,0.5617,0.10212,0.017624,0.241211
3350_168_1406_1495,5,5,0.044834,0.089994,0.017921,0.073443,0.048293,0.598096,0.127419
3350_167_895_1112,1,1,0.183633,0.285568,0.072936,0.102406,0.111454,0.114866,0.129138
3350_167_1332_1389,6,6,0.017873,0.03911,0.033896,0.339336,0.052003,0.177513,0.34027
3350_167_591_615,3,3,0.064266,0.101632,0.023734,0.635696,0.020263,0.023438,0.130971
3350_168_459_568,5,5,0.037193,0.050887,0.027536,0.285139,0.033106,0.34916,0.216978
3350_167_1507_1550,4,3,0.056081,0.145647,0.039673,0.306186,0.05813,0.12351,0.270771
3350_168_655_876,5,5,0.118738,0.17913,0.021213,0.158067,0.04277,0.38506,0.095024
3350_168_1583_1637,3,3,0.011322,0.018456,0.017335,0.589572,0.329705,0.018985,0.014624
3350_168_348_375,1,6,0.061073,0.139801,0.050554,0.096616,0.041239,0.278458,0.332259
3350_167_400_430,3,3,0.030393,0.039513,0.026482,0.681835,0.045736,0.00701,0.16903
3348_168_122_217,5,1,0.045428,0.376327,0.022453,0.316254,0.137133,0.01964,0.082765
3348_168_1246_1353,5,3,0.024598,0.269491,0.020693,0.317139,0.3138,0.007523,0.046756
3348_168_2037_2147,1,3,0.186635,0.264029,0.027013,0.364758,0.028211,0.069006,0.060347
3348_168_1167_1185,5,6,0.069006,0.076341,0.083572,0.039784,0.020419,0.279532,0.431347
3348_168_1640_1795,1,3,0.056625,0.19755,0.021505,0.296569,0.203784,0.019853,0.204113
3348_167_244_284,5,5,0.040715,0.081359,0.017202,0.064379,0.047579,0.643914,0.104851
3348_167_1821_1841,3,6,0.015229,0.083166,0.056306,0.227691,0.107465,0.236736,0.273408
3348_167_1379_1577,4,2,0.046115,0.217813,0.226186,0.10933,0.178158,0.050256,0.172142
3348_167_2188_2255,1,1,0.301654,0.386415,0.013754,0.107685,0.037794,0.118475,0.034222
3348_168_811_1011,3,3,0.037679,0.16243,0.058977,0.440849,0.054087,0.024803,0.221175
3348_168_528_662,4,3,0.020125,0.040518,0.038757,0.600438,0.162214,0.023588,0.114359
3348_167_1017_1143,1,6,0.021433,0.14464,0.035718,0.155643,0.239611,0.141064,0.261892
3348_168_300_427,4,3,0.046136,0.139422,0.018506,0.53513,0.158857,0.027571,0.074377
3348_167_454_498,1,1,0.030415,0.478319,0.032333,0.015639,0.400463,0.017364,0.025467
3348_167_31_101,5,3,0.027032,0.01154,0.020874,0.501237,0.026479,0.291581,0.121257
3348_168_1857_1958,1,3,0.04382,0.10227,0.044524,0.484498,0.051683,0.175518,0.097687
3348_167_739_778,5,5,0.049602,0.182849,0.08152,0.109406,0.126224,0.268256,0.182142
3348_167_1217_1230,4,6,0.083334,0.175817,0.054245,0.117524,0.102213,0.21108,0.255786
3348_167_1992_2025,0,0,0.709949,0.138479,0.016345,0.018165,0.013136,0.086535,0.01739
3349_167_112_137,3,3,0.019999,0.064683,0.16609,0.326367,0.025075,0.085353,0.312433
3349_167_1190_1304,3,3,0.031922,0.109051,0.078876,0.469845,0.120379,0.012845,0.177083
3349_167_1922_2064,3,4,0.009969,0.027484,0.025065,0.002974,0.926947,0.000595,0.006966
3349_168_1656_1836,1,1,0.288036,0.474896,0.0139,0.093888,0.048545,0.040442,0.040293
3349_167_233_292,5,5,0.015056,0.055389,0.089391,0.176525,0.060604,0.463687,0.139348
3349_167_1438_1469,3,3,0.022879,0.11757,0.105916,0.364628,0.134359,0.019935,0.234713
3349_168_2133_2308,3,1,0.175765,0.568311,0.022838,0.022563,0.107188,0.080801,0.022534
3349_168_937_985,3,1,0.116697,0.404248,0.026415,0.094831,0.123103,0.038149,0.196557
3349_168_152_207,5,5,0.093941,0.103294,0.038821,0.058404,0.020848,0.560085,0.124606
3349_168_1338_1391,3,5,0.007166,0.009823,0.031909,0.384104,0.014318,0.519822,0.032858
3349_168_584_628,0,3,0.028144,0.078069,0.043229,0.461647,0.049902,0.061408,0.277601
3349_168_1102_1137,3,1,0.056622,0.490315,0.06082,0.062611,0.089771,0.050128,0.189732
3349_168_321_457,5,1,0.056123,0.310576,0.14169,0.039429,0.246595,0.092157,0.113429
3349_167_637_740,1,0,0.507024,0.293581,0.045939,0.029605,0.045313,0.044743,0.033795
3349_167_1010_1046,3,1,0.088458,0.374346,0.049255,0.091213,0.218815,0.025673,0.152241
3349_167_477_537,3,2,0.021025,0.150872,0.254337,0.156065,0.178262,0.086141,0.153298
3349_168_31_83,0,3,0.047484,0.142631,0.010021,0.684775,0.025411,0.05309,0.036589
3349_168_754_859,3,3,0.008293,0.02521,0.008748,0.879711,0.015484,0.050316,0.012237
3349_167_1551_1619,3,3,0.039549,0.094523,0.056521,0.476404,0.093183,0.043874,0.195946
3349_168_1512_1526,3,3,0.008899,0.008026,0.008464,0.891557,0.005704,0.052785,0.024565
3349_167_893_913,3,1,0.086153,0.407627,0.059525,0.115007,0.142994,0.028557,0.160136
3356_168_71_225,5,5,0.219221,0.07211,0.005449,0.033743,0.013214,0.645396,0.010868
3356_168_1216_1345,4,0,0.531551,0.044468,0.004688,0.008916,0.009599,0.3977,0.003079
3356_168_1540_1759,4,0,0.724965,0.226246,0.007202,0.00361,0.013409,0.020293,0.004275
3356_167_240_362,4,1,0.169057,0.277354,0.030632,0.07787,0.259014,0.076776,0.109296
3356_167_1407_1527,0,1,0.096569,0.427133,0.02686,0.030887,0.304466,0.017595,0.09649
3356_168_943_1154,0,0,0.695602,0.1894,0.010377,0.051572,0.010259,0.033898,0.008892
3356_168_589_615,1,5,0.205926,0.210193,0.01641,0.133156,0.016612,0.246301,0.171403
3356_167_1681_1794,4,4,0.056734,0.198907,0.056472,0.03691,0.541668,0.007907,0.101402
3356_167_629_751,2,3,0.031981,0.098076,0.095305,0.418955,0.144542,0.013132,0.19801
3356_168_373_538,1,0,0.811567,0.127034,0.003665,0.008184,0.007234,0.033828,0.008488
3356_167_31_61,2,4,0.068949,0.213813,0.105148,0.047728,0.354003,0.018959,0.191401
3356_168_769_824,1,5,0.066385,0.063576,0.013708,0.054369,0.014469,0.720899,0.066594
3356_167_1186_1201,0,4,0.026907,0.15286,0.221017,0.025232,0.457358,0.006557,0.110069
3356_167_859_910,2,1,0.05222,0.256917,0.16634,0.098704,0.119268,0.052269,0.254281
3356_167_551_575,4,4,0.063996,0.239229,0.015603,0.051942,0.394924,0.00866,0.225645
3358_167_1278_1471,1,0,0.59396,0.329367,0.014638,0.010587,0.022998,0.013207,0.015244
3358_167_1004_1189,0,0,0.406689,0.253517,0.012629,0.026879,0.041613,0.251589,0.007085
3358_168_860_973,1,2,0.011054,0.080609,0.621514,0.047104,0.109916,0.00612,0.123683
3358_168_140_187,5,5,0.011924,0.021583,0.103277,0.142437,0.057339,0.626334,0.037105
3358_168_303_388,5,2,0.010807,0.048649,0.579122,0.066594,0.185671,0.020286,0.088871
3358_168_612_746,1,2,0.016323,0.059744,0.413319,0.18378,0.197914,0.007422,0.121499
3358_167_402_577,1,1,0.182563,0.263241,0.134464,0.086119,0.087101,0.139044,0.107468
3358_167_31_60,6,3,0.295578,0.082125,0.023501,0.321171,0.033225,0.108223,0.136177
3358_168_1520_1675,1,2,0.019242,0.067237,0.373265,0.205274,0.234419,0.014861,0.0857
3358_167_788_823,1,0,0.467856,0.158196,0.021786,0.058341,0.024126,0.210024,0.059671
3358_167_1680_1720,0,0,0.377983,0.31196,0.051577,0.102914,0.023546,0.042897,0.089123
3358_168_1197_1223,2,3,0.049596,0.207488,0.083187,0.321334,0.055878,0.077779,0.204737
3358_167_207_244,6,3,0.025593,0.066743,0.065652,0.408409,0.04812,0.025315,0.360167
3357_167_1252_1501,4,4,0.02935,0.104341,0.262433,0.012056,0.501802,0.025145,0.064873
3357_168_1181_1240,1,1,0.237513,0.283332,0.037512,0.065973,0.01576,0.099394,0.260516
3357_168_1593_1720,5,2,0.091362,0.213544,0.226251,0.021855,0.077832,0.212845,0.156311
3357_167_233_321,4,4,0.033454,0.121482,0.062325,0.286452,0.295283,0.013988,0.187016
3357_167_1745_2038,4,4,0.00667,0.023723,0.156452,0.002294,0.800661,0.002175,0.008025
3357_168_2116_2300,1,2,0.030109,0.192268,0.467283,0.023663,0.212782,0.029826,0.044068
3357_168_140_222,1,6,0.031827,0.071685,0.065302,0.114061,0.13822,0.039744,0.53916
3357_168_541_919,6,6,0.02762,0.217489,0.107442,0.100749,0.126408,0.068776,0.351516
3357_167_1126_1161,2,4,0.070227,0.288414,0.081716,0.027078,0.423136,0.035817,0.073612
3357_167_2322_2389,4,3,0.018253,0.020007,0.083232,0.611099,0.091267,0.018504,0.157638
3357_168_990_1107,1,6,0.033081,0.093663,0.039647,0.029197,0.1018,0.02548,0.677132
3357_167_386_521,2,4,0.045471,0.151565,0.073958,0.12404,0.441428,0.008177,0.155361
3357_167_31_104,4,4,0.021182,0.13881,0.129999,0.138014,0.371797,0.01377,0.186428
3357_167_956_963,5,5,0.016452,0.027443,0.019825,0.046291,0.034717,0.824985,0.030288
3357_168_2391_2421,1,6,0.031181,0.112253,0.066715,0.160672,0.141397,0.036074,0.451706
3357_168_343_363,1,5,0.030627,0.051541,0.121079,0.06779,0.030948,0.575052,0.122962
3359_167_2045_2089,5,0,0.871371,0.01335,0.003032,0.005856,0.003393,0.099673,0.003324
3359_168_1026_1202,1,6,0.03716,0.254685,0.092648,0.098435,0.163838,0.017325,0.33591
3359_167_1802_1900,0,5,0.217907,0.096646,0.03311,0.257405,0.027301,0.300356,0.067276
3359_168_1317_1540,1,1,0.087672,0.420656,0.119214,0.068371,0.133445,0.047395,0.123247
3359_167_898_1012,0,0,0.393613,0.375116,0.036185,0.029296,0.079798,0.066224,0.019769
3359_167_134_220,0,0,0.874513,0.037595,0.016071,0.007559,0.003938,0.057008,0.003316
3359_167_556_697,0,3,0.051692,0.205074,0.028541,0.368423,0.036198,0.025919,0.284153
3359_168_1728_1786,1,1,0.163115,0.231279,0.09811,0.091444,0.142727,0.123326,0.149999
3359_168_473_490,5,5,0.015972,0.035345,0.062333,0.082778,0.013829,0.666066,0.123677
3359_167_336_444,0,2,0.025893,0.081448,0.581904,0.028982,0.227461,0.033299,0.021014
3359_167_1212_1288,0,0,0.603955,0.281531,0.015812,0.018867,0.020347,0.029885,0.029604
3359_168_709_882,5,2,0.008593,0.086831,0.483562,0.068781,0.220287,0.095297,0.03665
3359_168_2110_2190,0,3,0.059501,0.210805,0.032252,0.366066,0.090606,0.023897,0.216874
3359_167_1552_1665,0,0,0.685306,0.197985,0.015295,0.021561,0.018422,0.040883,0.020549
3359_168_1936_2035,1,4,0.039923,0.151115,0.330874,0.017533,0.405705,0.006587,0.048262
3359_168_278_291,5,5,0.019951,0.030478,0.019875,0.03388,0.031723,0.826847,0.037245
3359_167_31_41,0,0,0.282907,0.265549,0.076538,0.085967,0.031983,0.064895,0.192161
3355_168_1975_2095,3,3,0.016106,0.045277,0.038884,0.744264,0.075209,0.023866,0.056395
3355_167_1066_1292,4,0,0.569197,0.270072,0.024393,0.012117,0.06509,0.026201,0.032931
3355_168_1616_1691,1,6,0.021581,0.058905,0.071916,0.273937,0.054519,0.07913,0.440012
3355_168_196_281,1,0,0.616218,0.235681,0.005765,0.0498,0.004334,0.076251,0.01195
3355_167_1751_1951,5,5,0.026391,0.072313,0.043178,0.05874,0.058085,0.697898,0.043395
3355_167_1391_1565,3,3,0.137054,0.161913,0.023676,0.309396,0.14696,0.013481,0.207518
3355_167_876_936,4,0,0.439508,0.209912,0.042673,0.055128,0.157957,0.042974,0.051847
3355_168_1308_1373,1,5,0.217075,0.106698,0.014873,0.077901,0.01617,0.433027,0.134257
3355_168_572_673,1,1,0.313496,0.481748,0.023926,0.027593,0.04874,0.03676,0.067737
3355_167_288_344,4,4,0.140872,0.143919,0.101223,0.161459,0.272436,0.052163,0.127927
3355_167_423_553,3,0,0.527677,0.266984,0.019986,0.025817,0.032275,0.050725,0.076537
3355_168_70_98,1,1,0.075272,0.451109,0.01238,0.341248,0.044247,0.017532,0.058211
3355_167_2121_2216,5,0,0.503417,0.343119,0.014436,0.014968,0.036825,0.02538,0.061854
3355_167_689_739,1,0,0.606319,0.292045,0.018097,0.007953,0.030502,0.021752,0.023331
3355_168_344_398,0,0,0.771573,0.155386,0.010699,0.009008,0.010986,0.030457,0.01189
3355_168_758_791,1,1,0.459787,0.469263,0.013478,0.01462,0.021405,0.007266,0.014182
3355_168_2260_2300,3,3,0.007506,0.02243,0.007917,0.886484,0.050558,0.00723,0.017874
3355_168_972_1027,0,5,0.290608,0.236967,0.017699,0.097636,0.018638,0.301812,0.03664
3355_167_134_162,4,0,0.281404,0.212336,0.035168,0.179137,0.03056,0.177033,0.084362
3355_167_31_50,6,3,0.04037,0.027414,0.021481,0.512879,0.026341,0.081175,0.290341
3352_167_1243_1301,0,2,0.026724,0.103851,0.557075,0.005321,0.211779,0.076483,0.018767
3352_168_1629_1697,4,3,0.006964,0.012605,0.010912,0.939277,0.010618,0.006625,0.012999
3352_167_241_285,5,5,0.321418,0.068153,0.097037,0.026542,0.0131,0.431657,0.042093
3352_168_88_126,5,5,0.101978,0.060564,0.022793,0.017347,0.006006,0.775813,0.015499
3352_168_915_943,0,1,0.316577,0.643789,0.002774,0.006252,0.015499,0.004813,0.010296
3352_168_200_221,5,5,0.215451,0.126943,0.033083,0.027805,0.01289,0.545921,0.037907
3352_168_1318_1460,0,0,0.471361,0.442078,0.00963,0.029868,0.008405,0.023651,0.015007
3352_167_1127_1154,3,4,0.063691,0.094127,0.213028,0.013647,0.422927,0.091788,0.100792
3352_167_1707_1768,0,1,0.313957,0.348603,0.049591,0.081946,0.099393,0.02464,0.08187
3352_168_611_651,1,3,0.044227,0.333209,0.052696,0.370098,0.025348,0.06335,0.111071
3352_167_1029_1044,5,3,0.163995,0.061154,0.095772,0.304574,0.045842,0.304211,0.024452
3352_168_468_550,5,3,0.017282,0.045362,0.07447,0.526304,0.014464,0.243763,0.078356
3352_167_31_79,5,5,0.113386,0.067814,0.317838,0.051538,0.012178,0.424787,0.012461
3352_167_1493_1586,3,0,0.651638,0.239948,0.036389,0.007005,0.03082,0.018095,0.016105
3352_167_731_875,0,0,0.81433,0.106279,0.021964,0.004012,0.009365,0.0359,0.008149
3352_168_1187_1235,2,5,0.015077,0.110476,0.054462,0.104708,0.068527,0.34998,0.29677
3352_167_554_587,0,0,0.722525,0.22016,0.008054,0.010503,0.010415,0.0209,0.007441
3352_168_1070_1100,4,5,0.376983,0.067705,0.020562,0.007353,0.007245,0.505146,0.015007
3352_167_351_373,0,0,0.631915,0.175364,0.047315,0.017353,0.013152,0.088964,0.025937
3352_167_140_157,5,0,0.534476,0.094248,0.1069,0.026148,0.018715,0.172875,0.046639
3352_168_310_331,0,5,0.014902,0.116212,0.050498,0.046698,0.019698,0.648542,0.103452
3801_191_31_131,3,3,0.033091,0.045113,0.057763,0.335129,0.01919,0.316026,0.193688
3801_191_1286_1367,6,6,0.019429,0.058055,0.10148,0.184985,0.022827,0.102734,0.510488
3801_191_1891_2050,1,5,0.051271,0.077498,0.080438,0.009431,0.039978,0.729428,0.011955
3801_192_1121_1262,5,3,0.038254,0.264812,0.050773,0.372804,0.044504,0.087641,0.141213
3801_192_1641_1862,3,3,0.005843,0.019266,0.03038,0.546841,0.023571,0.322419,0.05168
3801_191_2191_2240,1,3,0.005061,0.014139,0.039758,0.723569,0.08187,0.017393,0.118211
3801_192_884_956,5,5,0.028808,0.085953,0.026487,0.195328,0.013302,0.49183,0.158292
3801_192_141_241,3,5,0.009828,0.024364,0.036559,0.270149,0.025258,0.561263,0.072578
3801_191_509_646,1,5,0.091811,0.310675,0.05463,0.021655,0.02066,0.469195,0.031375
3801_192_2056_2180,5,3,0.025192,0.044583,0.02476,0.460777,0.013538,0.380883,0.050267
3801_191_968_1111,6,5,0.041214,0.098801,0.101166,0.099114,0.092461,0.396995,0.170248
3801_191_262_426,1,5,0.265606,0.273657,0.061268,0.015571,0.022363,0.345748,0.015787
3801_192_428_508,5,5,0.015434,0.037098,0.013703,0.059045,0.013076,0.847044,0.014601
3801_191_1462_1634,5,2,0.0099,0.106826,0.269003,0.065532,0.262966,0.188535,0.097238
3801_191_767_867,0,2,0.197471,0.104271,0.421289,0.025101,0.047097,0.191395,0.013376
3801_192_647_757,1,5,0.116676,0.055858,0.011585,0.262348,0.008927,0.508649,0.035956
3801_192_1378_1432,5,3,0.056813,0.200163,0.023555,0.45765,0.016498,0.028405,0.216916
3803_192_114_223,3,3,0.007253,0.012202,0.040376,0.675509,0.073918,0.02133,0.169413
3803_192_1092_1404,3,3,0.012398,0.013804,0.014696,0.819799,0.040428,0.017844,0.08103
3803_191_2030_2065,3,5,0.024172,0.099282,0.161805,0.167353,0.022392,0.441814,0.083183
3803_191_224_290,1,4,0.014285,0.247879,0.200563,0.009694,0.365465,0.043576,0.118538
3803_191_1688_1862,3,5,0.084048,0.357042,0.05983,0.013152,0.026344,0.422259,0.037325
3803_191_1424_1462,4,1,0.012535,0.496832,0.188378,0.010931,0.080842,0.096412,0.114069
3803_191_2200_2219,3,3,0.009995,0.004488,0.011898,0.910638,0.005575,0.043976,0.01343
3803_191_859_1002,1,1,0.142636,0.493261,0.088414,0.008491,0.203754,0.026436,0.037007
3803_191_2296_2317,3,3,0.010248,0.005917,0.020098,0.894317,0.009904,0.034151,0.025365
3803_191_524_648,4,5,0.01231,0.149918,0.209719,0.027081,0.046732,0.468834,0.085405
3803_192_2069_2141,3,3,0.02231,0.032821,0.032434,0.773382,0.014307,0.063818,0.060928
3803_192_294_505,1,4,0.018164,0.244035,0.128143,0.049523,0.382814,0.0367,0.140623
3803_191_31_104,1,1,0.02268,0.478695,0.239939,0.00461,0.184928,0.031582,0.037566
3803_192_1479_1669,3,3,0.012486,0.041601,0.02038,0.750809,0.024498,0.028055,0.122171
3803_192_664_840,3,3,0.014927,0.027607,0.084002,0.543506,0.047086,0.220737,0.062135
3803_192_1864_2006,3,3,0.009403,0.017532,0.027706,0.865676,0.015371,0.011611,0.052701
3803_192_2220_2289,3,3,0.01378,0.011001,0.018462,0.759909,0.008096,0.025177,0.163575
3808_192_118_275,5,5,0.026872,0.070052,0.024376,0.103083,0.032167,0.688248,0.055202
3808_192_1158_1537,6,3,0.015099,0.143029,0.075104,0.421012,0.027006,0.262798,0.055952
3808_192_1923_2047,3,3,0.019675,0.073933,0.06971,0.539057,0.033015,0.020385,0.244225
3808_191_1563_1700,5,5,0.089409,0.25193,0.160807,0.011842,0.057919,0.338446,0.089646
3808_192_1705_1868,6,3,0.015743,0.089798,0.033693,0.468845,0.025356,0.089513,0.277051
3808_192_733_1038,5,1,0.062372,0.424946,0.022987,0.362628,0.028317,0.057213,0.041536
3808_192_356_645,6,3,0.024176,0.136071,0.042007,0.40404,0.095749,0.039217,0.25874
3808_191_1050_1156,1,5,0.005015,0.02949,0.067185,0.073057,0.050124,0.567169,0.20796
3808_191_283_348,1,1,0.05003,0.31286,0.185019,0.036125,0.06058,0.16287,0.192516
3808_191_31_95,1,6,0.065959,0.125912,0.071637,0.104818,0.032004,0.09448,0.505191
3808_191_1881_1906,3,3,0.022454,0.033911,0.030812,0.60344,0.020083,0.069334,0.219966
3808_191_648_732,1,5,0.008343,0.227721,0.166739,0.045971,0.098,0.340512,0.112714
3802_191_31_211,5,6,0.044861,0.096344,0.051893,0.21092,0.051308,0.249836,0.294837
3802_192_1146_1356,5,3,0.007612,0.081127,0.139523,0.348803,0.065131,0.291384,0.06642
3802_191_2019_2124,1,5,0.046239,0.111499,0.038794,0.019574,0.087297,0.628181,0.068415
3802_192_1678_1714,3,3,0.012114,0.017786,0.017068,0.742131,0.012979,0.136975,0.060948
3802_192_218_408,3,5,0.012502,0.018312,0.018667,0.221489,0.02402,0.654702,0.050308
3802_191_1728_1824,3,6,0.229547,0.210161,0.0399,0.106784,0.047091,0.040246,0.32627
3802_192_1461_1621,3,3,0.005578,0.0083,0.015156,0.719922,0.012525,0.210788,0.02773
3802_192_2136_2285,5,5,0.020606,0.014883,0.012359,0.267323,0.013645,0.632395,0.038788
3802_191_828_1146,6,6,0.015879,0.048285,0.045585,0.283896,0.078942,0.134038,0.393375
3802_191_2302_2425,5,5,0.005594,0.011292,0.049309,0.011983,0.045571,0.870092,0.00616
3802_192_603_686,3,3,0.004024,0.002668,0.007523,0.899619,0.004613,0.055374,0.026179
3802_191_418_566,1,6,0.032916,0.228429,0.032146,0.131528,0.118431,0.149484,0.307066
3802_192_2436_2463,3,3,0.015614,0.070522,0.026131,0.545311,0.017148,0.065993,0.259282
3802_192_1868_1990,5,3,0.034218,0.047454,0.029507,0.675738,0.021823,0.128403,0.062857
3802_191_698_765,6,6,0.01579,0.082602,0.134591,0.327383,0.031508,0.050239,0.357887
3802_191_1371_1460,1,5,0.009841,0.084072,0.067404,0.031011,0.042544,0.710383,0.054746
3802_191_1623_1677,3,3,0.005011,0.005557,0.012999,0.895908,0.01202,0.013778,0.054728
3802_192_768_822,3,5,0.00288,0.005437,0.008726,0.102365,0.005773,0.862737,0.012081
3804_191_31_166,3,3,0.061866,0.055762,0.07503,0.429669,0.026645,0.21182,0.139207
3804_191_1261_1371,3,6,0.046634,0.207639,0.183505,0.111221,0.070316,0.100616,0.280069
3804_192_1996_2104,3,3,0.015186,0.015943,0.010545,0.867291,0.014468,0.029224,0.047343
3804_192_1123_1242,0,1,0.169547,0.377988,0.064765,0.260798,0.019314,0.044083,0.063506
3804_191_1604_1714,1,0,0.650386,0.177754,0.030554,0.012626,0.009211,0.111855,0.007614
3804_191_231_337,3,3,0.020804,0.017635,0.028869,0.678213,0.01286,0.107544,0.134074
3804_192_1726_1834,3,3,0.019789,0.027183,0.011168,0.831058,0.017898,0.017023,0.075882
3804_191_1444_1487,1,4,0.008369,0.08,0.117476,0.043838,0.282281,0.217283,0.250753
3804_192_781_976,1,0,0.419899,0.374949,0.067436,0.041222,0.017716,0.064045,0.014732
3804_192_171_205,1,3,0.017227,0.160621,0.034022,0.593193,0.040917,0.021393,0.132626
3804_192_566_626,5,5,0.075425,0.050419,0.015843,0.031084,0.010075,0.798324,0.01883
3804_191_987_1116,0,0,0.848781,0.081033,0.019741,0.002033,0.008688,0.035858,0.003866
3804_191_426_558,1,0,0.738169,0.172406,0.012466,0.008414,0.006902,0.044177,0.017466
3804_192_1511_1584,1,3,0.06701,0.080674,0.058435,0.389136,0.029322,0.276954,0.098469
3804_191_1846_1987,1,0,0.815711,0.153428,0.006764,0.001486,0.00721,0.012128,0.003272
3804_191_648_781,1,0,0.708335,0.181255,0.026447,0.009335,0.008478,0.040039,0.026109
3804_191_2122_2202,1,1,0.399844,0.462277,0.026703,0.018364,0.01491,0.042056,0.035845
3804_192_338_418,0,5,0.152486,0.122785,0.023268,0.031083,0.020058,0.641983,0.008337
3804_192_1384_1431,3,3,0.028786,0.113552,0.089359,0.366634,0.060037,0.10822,0.233411
3807_192_101_171,0,1,0.141065,0.557478,0.047847,0.086966,0.061613,0.042931,0.062099
3807_192_1100_1359,3,3,0.004784,0.007316,0.010993,0.92898,0.010134,0.02201,0.015783
3807_191_1593_1681,2,0,0.524277,0.222104,0.07512,0.005871,0.091506,0.018855,0.062268
3807_191_186_263,5,5,0.004567,0.011126,0.047766,0.005359,0.051635,0.862525,0.017021
3807_191_1391_1478,6,5,0.034911,0.117458,0.120641,0.022876,0.033789,0.597634,0.072691
3807_192_753_979,1,4,0.021021,0.105354,0.023322,0.015049,0.811501,0.012153,0.011601
3807_192_499_647,0,1,0.112755,0.45563,0.133492,0.071469,0.102202,0.044698,0.079754
3807_192_1731_1774,3,3,0.012807,0.032705,0.017729,0.847693,0.021617,0.009593,0.057857
3807_192_272_406,0,4,0.014382,0.078439,0.194875,0.054001,0.631134,0.008447,0.018723
3807_191_1014_1100,2,4,0.017673,0.158198,0.146821,0.027945,0.375562,0.203361,0.07044
3807_191_31_90,6,6,0.017266,0.019982,0.063493,0.038494,0.024639,0.245102,0.591025
3807_191_419_468,2,5,0.0076,0.010623,0.033284,0.016348,0.036445,0.844204,0.051495
3807_192_1481_1571,3,1,0.360911,0.54987,0.026279,0.012991,0.022304,0.01369,0.013955
3807_191_649_735,5,6,0.040628,0.083746,0.17801,0.033494,0.116355,0.221527,0.32624
3813_192_31_134,1,3,0.089189,0.027228,0.019008,0.540114,0.011957,0.231173,0.081331
3813_192_1126_1382,1,3,0.261939,0.124985,0.028265,0.415657,0.074939,0.041262,0.052953
3813_192_2028_2082,0,0,0.637401,0.055194,0.030819,0.082465,0.011135,0.163241,0.019746
3813_192_1454_1890,0,0,0.559371,0.273147,0.020821,0.071316,0.026175,0.014547,0.034623
3813_192_222_400,1,0,0.307918,0.297977,0.027081,0.221896,0.030896,0.022031,0.092202
3813_192_720_973,0,0,0.527315,0.079273,0.011425,0.061029,0.015394,0.301369,0.004194
3813_191_169_209,6,6,0.050609,0.253334,0.03446,0.09145,0.124607,0.038223,0.407317
3813_192_516_626,0,0,0.621151,0.159416,0.03608,0.066279,0.015245,0.084929,0.0169
3813_191_991_1098,4,1,0.02416,0.363764,0.090525,0.006708,0.159252,0.322334,0.033257
3813_191_426_488,1,1,0.023229,0.733854,0.059167,0.013394,0.016293,0.131831,0.022233
3813_191_643_706,1,1,0.103227,0.773598,0.028167,0.008409,0.008239,0.072077,0.006282
3813_191_1917_1965,0,0,0.757516,0.073334,0.067698,0.007227,0.031156,0.038388,0.024681
3810_192_1041_1301,0,3,0.012517,0.019458,0.014297,0.794761,0.018085,0.016962,0.12392
3810_192_216_310,0,5,0.329706,0.115284,0.044307,0.085136,0.017135,0.375135,0.033298
3810_191_921_938,2,1,0.039254,0.424602,0.188433,0.024204,0.187745,0.045345,0.090416
3810_192_950_999,0,1,0.256945,0.27239,0.024623,0.253856,0.015147,0.044047,0.132991
3810_191_171_215,1,1,0.279176,0.376874,0.045603,0.024591,0.026061,0.204121,0.043575
3810_192_1347_1407,0,3,0.038492,0.246497,0.035746,0.275967,0.150807,0.015296,0.237195
3810_192_356_607,0,1,0.280448,0.530296,0.044255,0.049095,0.031723,0.034038,0.030145
3810_191_311_354,2,1,0.368457,0.505187,0.040096,0.003038,0.022755,0.025502,0.034965
3810_191_611_643,2,1,0.040946,0.688745,0.123822,0.008582,0.098407,0.009401,0.030097
3810_192_31_84,0,0,0.505672,0.121983,0.071472,0.122264,0.019566,0.040834,0.118209
3810_192_784_914,0,3,0.076942,0.160312,0.041621,0.498483,0.057764,0.031187,0.133692
3810_191_1311_1335,2,4,0.015509,0.161216,0.308032,0.010826,0.326522,0.030779,0.147117
3810_192_651_759,0,1,0.251386,0.438926,0.027339,0.11007,0.037473,0.05324,0.081565
3810_191_761_779,2,3,0.01703,0.119736,0.156349,0.27979,0.140903,0.047232,0.238959
3810_191_1001_1027,2,2,0.019365,0.172851,0.407608,0.020982,0.203704,0.039171,0.136319
3806_191_2315_2530,3,1,0.208076,0.483373,0.049424,0.119172,0.043792,0.063818,0.032344
3806_191_96_151,0,5,0.04371,0.12957,0.046054,0.021138,0.076745,0.575094,0.107689
3806_191_1278_1368,5,5,0.008255,0.036714,0.040502,0.007977,0.024127,0.863347,0.019079
3806_192_2039_2304,4,3,0.017458,0.082853,0.057134,0.454594,0.308373,0.021857,0.057731
3806_192_1020_1275,2,4,0.009792,0.165712,0.045607,0.055889,0.676175,0.018184,0.028641
3806_192_1625_1811,3,3,0.020911,0.036096,0.034331,0.744667,0.02765,0.019525,0.11682
3806_191_245_273,5,5,0.026784,0.026197,0.01891,0.042077,0.004746,0.829402,0.051885
3806_191_1812_2022,0,5,0.149024,0.19107,0.046055,0.010999,0.020869,0.575638,0.006344
3806_192_1385_1471,6,3,0.038546,0.239635,0.03388,0.394888,0.058299,0.04431,0.190443
3806_191_865_1009,2,5,0.02514,0.123397,0.079194,0.099994,0.073908,0.42746,0.170907
3806_192_155_229,2,1,0.031192,0.291471,0.05032,0.216629,0.246493,0.022354,0.141541
3806_192_556_646,5,5,0.045282,0.139335,0.028569,0.023087,0.041654,0.684622,0.037452
3806_192_292_447,5,3,0.036467,0.234222,0.03847,0.315666,0.253676,0.017845,0.103653
3806_191_458_544,4,5,0.010119,0.051093,0.046618,0.012479,0.059488,0.795686,0.024518
3806_191_31_55,6,6,0.065671,0.145352,0.079492,0.184927,0.048976,0.168867,0.306716
3806_191_1475_1623,6,5,0.012473,0.039054,0.064722,0.016802,0.008591,0.769328,0.08903
3806_192_815_853,2,3,0.029901,0.226211,0.047307,0.340525,0.154065,0.044549,0.157443
3806_192_57_87,6,5,0.017419,0.048744,0.058339,0.131126,0.021224,0.527889,0.195259
3806_191_660_810,0,1,0.241959,0.321886,0.093213,0.050792,0.043106,0.170104,0.07894
3806_192_2540_2580,3,3,0.002995,0.00147,0.017175,0.926575,0.025605,0.007569,0.018611
3814_192_2380_2493,3,3,0.006673,0.013522,0.041585,0.842334,0.047008,0.028017,0.020861
3814_192_80_176,2,5,0.00489,0.006743,0.016175,0.020477,0.009225,0.931656,0.010834
3814_192_946_1581,4,5,0.024651,0.12083,0.052049,0.038954,0.116933,0.62005,0.026534
3814_191_2047_2049,4,4,0.016351,0.143302,0.08302,0.053418,0.401903,0.040196,0.26181
3814_191_1597_1729,4,1,0.203427,0.681272,0.021608,0.004629,0.05992,0.018535,0.010608
3814_191_201_294,4,1,0.032261,0.328288,0.274953,0.011117,0.034582,0.254583,0.064216
3814_192_1746_1948,4,2,0.036601,0.216685,0.33187,0.043408,0.219556,0.113043,0.038837
3814_192_2079_2309,6,3,0.020814,0.080282,0.02328,0.716837,0.052831,0.011582,0.094374
3814_192_469_643,6,5,0.015066,0.127784,0.028996,0.044276,0.026254,0.71381,0.043814
3814_191_2325_2373,3,3,0.006149,0.012539,0.021418,0.836119,0.031451,0.008227,0.084097
3814_192_314_396,5,5,0.005898,0.018164,0.01949,0.043573,0.006776,0.877956,0.028144
3814_191_424_451,4,1,0.024942,0.731427,0.085115,0.008211,0.037469,0.029542,0.083294
3814_191_663_919,4,1,0.060656,0.519757,0.146961,0.008089,0.116922,0.03428,0.113336
3814_192_2005_2034,6,3,0.024501,0.02853,0.124447,0.335799,0.11437,0.098162,0.274191
3814_191_31_37,4,3,0.019061,0.030908,0.047376,0.467884,0.103487,0.056485,0.274798
3814_191_1963_1965,4,4,0.016778,0.120754,0.100872,0.039391,0.49016,0.031774,0.20027
3811_191_2464_2619,4,2,0.017362,0.123025,0.385316,0.009966,0.085298,0.108679,0.270354
3811_191_31_182,3,6,0.021794,0.048551,0.124607,0.255082,0.030114,0.221533,0.298319
3811_192_1081_1265,6,3,0.019044,0.084593,0.026054,0.647319,0.038157,0.013088,0.171746
3811_192_212_408,3,3,0.010996,0.018321,0.018386,0.654023,0.023329,0.028809,0.246135
3811_191_2866_2945,4,5,0.027902,0.036752,0.109007,0.056916,0.0224,0.575315,0.171708
3811_192_2643_2834,2,2,0.015319,0.069332,0.273086,0.104938,0.181456,0.272445,0.083425
3811_192_3027_3506,4,3,0.018556,0.107181,0.113716,0.407289,0.224711,0.041477,0.08707
3811_191_917_1065,4,6,0.006342,0.073675,0.169556,0.04271,0.115424,0.134786,0.457508
3811_191_1319_1456,6,5,0.028256,0.190633,0.143389,0.032434,0.035199,0.493294,0.076795
3811_191_2003_2125,4,6,0.03943,0.311021,0.186359,0.012155,0.060067,0.071134,0.319833
3811_191_1752_1839,4,1,0.062859,0.42496,0.302168,0.009612,0.018391,0.126895,0.055116
3811_191_596_661,6,6,0.016168,0.028293,0.064839,0.122464,0.036124,0.022242,0.70987
3811_192_1484_1692,5,5,0.04042,0.106067,0.030418,0.114361,0.051708,0.582378,0.074648
3811_192_2221_2428,5,5,0.027135,0.066161,0.030712,0.021601,0.019599,0.825481,0.009311
3811_192_1859_1972,2,5,0.1052,0.226253,0.019502,0.130027,0.015691,0.455658,0.047668
3811_192_700_897,6,3,0.04977,0.064965,0.031339,0.651281,0.031033,0.044047,0.127565
3811_191_3547_3641,4,0,0.502991,0.226798,0.100584,0.009656,0.067949,0.044753,0.04727
3811_192_515_570,6,6,0.102993,0.22849,0.07255,0.065122,0.040905,0.20474,0.2852
3811_191_3750_3789,3,3,0.029853,0.083689,0.043502,0.49707,0.026797,0.194315,0.124775
3811_191_432_493,6,5,0.012795,0.049882,0.073657,0.034945,0.031936,0.617722,0.179063
3811_192_3716_3726,3,5,0.010885,0.017508,0.015318,0.054619,0.016179,0.862957,0.022536
3816_191_31_159,1,5,0.087651,0.330721,0.055561,0.035247,0.030364,0.409649,0.050807
3816_192_1095_1300,6,3,0.036707,0.180435,0.085368,0.466246,0.112485,0.043342,0.075418
3816_192_1473_1869,6,3,0.02638,0.071663,0.017291,0.747848,0.039363,0.013735,0.083719
3816_192_867_947,5,5,0.038875,0.176239,0.104874,0.173142,0.028505,0.458274,0.020091
3816_192_178_237,5,5,0.007736,0.010883,0.020547,0.012301,0.014697,0.892392,0.041444
3816_191_1335_1450,0,0,0.530297,0.243148,0.086443,0.008013,0.030679,0.070798,0.030622
3816_192_595_748,6,3,0.049318,0.036807,0.022688,0.62726,0.065639,0.131583,0.066704
3816_191_977_1084,1,0,0.656081,0.084263,0.012471,0.009838,0.022182,0.209324,0.00584
3816_191_451_578,4,0,0.736763,0.223632,0.011981,0.002851,0.007692,0.012881,0.004201
3816_191_771_851,1,4,0.013356,0.081922,0.054367,0.055466,0.435954,0.047395,0.31154
3816_191_1884_1960,6,3,0.014095,0.053709,0.017797,0.681128,0.034667,0.018482,0.180123
3816_192_346_431,5,5,0.006569,0.013033,0.017054,0.021259,0.026999,0.897108,0.017978
3816_191_262_329,1,0,0.600911,0.275373,0.039524,0.002741,0.020711,0.044157,0.016583
3817_191_92_130,5,5,0.03716,0.097639,0.048592,0.012681,0.005025,0.760796,0.038107
3817_192_1183_1315,6,3,0.012835,0.049655,0.023651,0.682601,0.04269,0.034093,0.154475
3817_191_1625_1688,5,5,0.002328,0.012518,0.040813,0.024622,0.036383,0.867187,0.016149
3817_192_152_353,1,3,0.014849,0.11085,0.101811,0.378104,0.067809,0.05707,0.269507
3817_192_1700_1853,3,3,0.021751,0.047374,0.029637,0.676685,0.053902,0.021527,0.149125
3817_191_1344_1472,1,1,0.236781,0.558073,0.129658,0.011333,0.022249,0.028585,0.013322
3817_192_874_1038,6,3,0.009875,0.033328,0.025919,0.491975,0.028551,0.015674,0.394678
3817_192_493_793,1,6,0.011717,0.070834,0.042709,0.308849,0.028038,0.050519,0.487333
3817_191_1046_1178,5,5,0.019065,0.032676,0.016107,0.018461,0.015459,0.881204,0.017029
3817_191_377_480,1,5,0.016119,0.039648,0.023492,0.006925,0.010098,0.895111,0.008607
3817_191_31_64,5,6,0.034754,0.082602,0.053578,0.114895,0.167311,0.066643,0.480218
3817_192_1476_1608,3,3,0.014542,0.037788,0.129406,0.501442,0.025658,0.264261,0.026903
3817_191_809_857,1,5,0.009778,0.050856,0.052392,0.028285,0.012335,0.768268,0.078087
3817_192_71_91,6,5,0.013658,0.047226,0.05048,0.069954,0.033511,0.678855,0.106317
3815_191_2456_2619,0,0,0.525556,0.255468,0.114002,0.00871,0.031563,0.03573,0.028971
3815_192_681_1316,1,3,0.039024,0.279709,0.024446,0.316629,0.071494,0.058823,0.209875
3815_191_2688_2899,0,0,0.661734,0.09254,0.050919,0.023086,0.028638,0.107251,0.035833
3815_191_3101_3164,3,3,0.004817,0.00192,0.010812,0.869066,0.007818,0.102742,0.002826
3815_192_144_251,5,5,0.01171,0.035652,0.013007,0.092916,0.018825,0.795322,0.032567
3815_191_1337_1456,4,0,0.657659,0.216152,0.027651,0.01049,0.034039,0.011841,0.042168
3815_192_2927_3086,1,3,0.053197,0.102215,0.038062,0.592395,0.055985,0.017125,0.141021
3815_192_1466_1850,1,1,0.161852,0.670129,0.025626,0.066167,0.035306,0.011036,0.029884
3815_191_575_663,4,0,0.660495,0.212649,0.024245,0.011066,0.046229,0.019925,0.025391
3815_192_2097_2226,0,0,0.558897,0.338009,0.02306,0.031117,0.015643,0.010724,0.02255
3815_191_1882_1995,0,0,0.778433,0.132237,0.029252,0.005493,0.01599,0.019989,0.018605
3815_191_31_119,2,4,0.045658,0.168628,0.066841,0.076289,0.359217,0.080309,0.203057
3815_192_2645_2657,0,5,0.057737,0.07245,0.020251,0.083655,0.026135,0.669114,0.070659
3815_191_275_380,1,1,0.234312,0.362826,0.075494,0.014367,0.249014,0.022069,0.041918
3815_192_409_553,6,1,0.166351,0.269835,0.019409,0.257595,0.04717,0.020522,0.219118
3815_191_2256_2300,1,0,0.66894,0.198667,0.036763,0.003968,0.063362,0.016278,0.012021
3815_192_2397_2431,0,5,0.238443,0.105916,0.05527,0.217165,0.015056,0.338236,0.029914
3818_191_31_128,4,5,0.016184,0.094219,0.056436,0.122599,0.053821,0.561452,0.095288
3818_191_1149_1306,5,1,0.017752,0.512521,0.188952,0.016906,0.062575,0.165061,0.036234
3818_192_1465_1718,3,3,0.039595,0.137775,0.028973,0.638518,0.058639,0.026793,0.069707
3818_191_251_449,4,6,0.065046,0.09324,0.071424,0.228619,0.060648,0.203286,0.277738
3818_191_903_962,5,5,0.002054,0.003063,0.005103,0.032988,0.004574,0.950091,0.002126
3818_192_135_227,5,5,0.014953,0.053079,0.01171,0.050689,0.018058,0.821709,0.029802
3818_192_1318_1422,3,3,0.011145,0.019713,0.015146,0.876737,0.033495,0.01012,0.033644
3818_192_466_593,3,5,0.005654,0.011946,0.027268,0.190329,0.018759,0.734019,0.012024
3818_192_970_1132,3,3,0.013621,0.098486,0.026633,0.577579,0.031697,0.058938,0.193045
3818_191_1725_1783,3,3,0.017841,0.061946,0.059332,0.705619,0.087614,0.021274,0.046373
3818_191_606_698,6,3,0.008917,0.011017,0.006117,0.547823,0.022536,0.047653,0.355937
3818_192_709_890,3,3,0.00712,0.014465,0.014327,0.87816,0.010762,0.060468,0.014698
3818_191_1428_1455,3,3,0.020453,0.013005,0.014243,0.901277,0.018354,0.020682,0.011987
3821_191_31_129,1,6,0.026071,0.058676,0.045259,0.217715,0.097002,0.118586,0.436691
3821_191_1071_1312,6,3,0.011426,0.024735,0.044021,0.42646,0.026256,0.231254,0.235848
3821_192_1666_1719,3,5,0.034892,0.054147,0.026091,0.194217,0.019364,0.534682,0.136609
3821_192_139_367,5,5,0.029855,0.093946,0.017137,0.074647,0.049475,0.708039,0.026901
3821_191_1730_1839,3,3,0.004109,0.003931,0.007723,0.943127,0.008381,0.01355,0.019178
3821_192_1324_1521,3,3,0.010641,0.017579,0.019505,0.790619,0.023519,0.017792,0.120347
3821_192_906_1053,5,5,0.020383,0.033486,0.022015,0.345767,0.028469,0.42056,0.129321
3821_192_487_610,6,6,0.022159,0.074724,0.038034,0.259375,0.056037,0.264416,0.285256
3821_191_631_697,6,6,0.018125,0.031785,0.038727,0.293092,0.031696,0.13797,0.448606
3821_191_382_482,1,1,0.093991,0.414891,0.0917,0.060516,0.11071,0.068276,0.159916
3821_191_1524_1545,3,3,0.009388,0.002444,0.005013,0.958763,0.003682,0.009934,0.010777
3821_191_790_895,1,5,0.029182,0.114376,0.156357,0.058086,0.014687,0.333672,0.293641
3821_192_1853_2008,3,3,0.009453,0.0148,0.014529,0.831403,0.014939,0.021879,0.092996
3821_192_718_769,5,5,0.014163,0.047114,0.03118,0.123054,0.033648,0.690425,0.060417
3821_191_1615_1660,3,3,0.006643,0.00149,0.007447,0.915736,0.008804,0.051896,0.007984
3821_192_1568_1608,3,3,0.002459,0.001245,0.00783,0.96713,0.007781,0.011168,0.002387
3820_192_2452_2602,3,3,0.017101,0.071695,0.014005,0.692038,0.05132,0.01674,0.1371
3820_191_90_236,3,3,0.008884,0.011214,0.034786,0.844645,0.023227,0.050732,0.026512
3820_192_1984_2251,3,3,0.012837,0.012299,0.03325,0.771426,0.078825,0.02632,0.065042
3820_191_1170_1213,5,5,0.006469,0.012496,0.012837,0.006448,0.006361,0.943256,0.012133
3820_192_1618_1807,6,3,0.02108,0.114187,0.018739,0.578324,0.050377,0.050702,0.166592
3820_192_250_570,3,3,0.012727,0.031539,0.057066,0.624268,0.036789,0.024394,0.213217
3820_191_1353_1609,4,1,0.118729,0.378763,0.09976,0.042926,0.088807,0.166675,0.10434
3820_192_915_1006,6,3,0.070592,0.063612,0.039338,0.434136,0.079376,0.08039,0.232557
3820_191_2265_2438,4,5,0.008891,0.134921,0.108359,0.076878,0.042854,0.564453,0.063643
3820_191_582_627,1,5,0.098709,0.123117,0.015671,0.011523,0.019512,0.717123,0.014346
3820_192_1087_1161,3,3,0.022539,0.039653,0.020224,0.698329,0.032188,0.054924,0.132142
3820_191_1019_1072,1,1,0.145022,0.694096,0.033583,0.02606,0.052067,0.028156,0.021017
3820_192_1229_1290,6,3,0.019572,0.10132,0.025421,0.507288,0.03419,0.027409,0.2848
3820_192_644_854,3,3,0.012553,0.061708,0.068055,0.61287,0.043513,0.027315,0.173985
3820_191_1837_1977,4,5,0.014576,0.179626,0.278138,0.013129,0.093361,0.397053,0.024118
3820_191_859_901,5,2,0.01595,0.117963,0.326741,0.01108,0.052843,0.252674,0.222749
3820_191_2616_2653,1,4,0.017854,0.203553,0.119481,0.018449,0.541685,0.032237,0.066741
3820_192_61_80,6,5,0.011919,0.02717,0.037538,0.079789,0.014705,0.772035,0.056843
3820_191_31_50,6,6,0.119008,0.146634,0.079377,0.110266,0.03791,0.231114,0.275691
3824_192_127_146,5,5,0.011928,0.027964,0.024872,0.042086,0.015851,0.81094,0.066358
3824_192_1287_1402,3,1,0.169926,0.362191,0.028914,0.23285,0.056456,0.094694,0.054971
3824_191_1115_1252,3,3,0.006182,0.004158,0.007519,0.944154,0.009154,0.01617,0.012662
3824_192_1547_1689,3,3,0.157819,0.164817,0.024163,0.445143,0.054957,0.12419,0.028911
3824_191_1410_1533,3,3,0.010483,0.018913,0.02197,0.845401,0.04646,0.027268,0.029504
3824_192_910_989,6,3,0.016153,0.036259,0.199747,0.364225,0.087353,0.105752,0.190511
3824_191_162_254,6,6,0.022166,0.074039,0.044818,0.228639,0.022918,0.061661,0.545758
3824_192_532_628,1,5,0.038849,0.101588,0.062175,0.040376,0.028951,0.697659,0.030401
3824_192_1081_1108,3,3,0.011398,0.022358,0.021669,0.457365,0.013496,0.423534,0.05018
3824_192_1745_1777,3,3,0.0148,0.004162,0.010748,0.786363,0.024666,0.035207,0.124053
3824_192_263_370,1,5,0.050775,0.060825,0.033737,0.117995,0.033461,0.62501,0.078196
3824_191_1003_1062,3,3,0.020553,0.003295,0.013603,0.528576,0.003403,0.428504,0.002065
3824_191_383_515,6,6,0.063335,0.285077,0.100315,0.083025,0.039398,0.07011,0.358741
3824_191_31_117,6,6,0.021125,0.161929,0.075895,0.115007,0.053013,0.100894,0.472138
3824_192_729_828,1,6,0.01926,0.103854,0.038546,0.25039,0.06807,0.117208,0.402672
3824_191_648_715,1,6,0.058035,0.274358,0.051419,0.074206,0.034272,0.063896,0.443813
3824_191_832_885,6,5,0.008079,0.028144,0.025683,0.194136,0.020405,0.615566,0.107988
3824_191_1693_1718,3,1,0.120925,0.455863,0.024174,0.150618,0.079742,0.022489,0.14619
3822_191_117_153,5,5,0.014887,0.032678,0.037553,0.004228,0.008804,0.834597,0.067254
3822_192_1254_1339,3,3,0.008124,0.01715,0.022696,0.817156,0.020911,0.043453,0.070511
3822_191_1982_2208,4,1,0.081564,0.309571,0.07271,0.144308,0.080033,0.112534,0.199282
3822_191_1111_1236,4,3,0.01234,0.085721,0.091648,0.4129,0.094967,0.123467,0.178958
3822_191_1554_1684,1,3,0.004629,0.042548,0.02617,0.790734,0.021569,0.070251,0.044099
3822_191_228_291,1,1,0.039919,0.331754,0.111,0.035913,0.080475,0.193474,0.207466
3822_191_1771_1919,3,3,0.008868,0.007492,0.016339,0.841729,0.017918,0.00738,0.100275
3822_192_1386_1537,3,3,0.022171,0.02548,0.027179,0.714157,0.033577,0.034197,0.143238
3822_191_900_976,3,3,0.010135,0.008925,0.016905,0.833213,0.013169,0.108572,0.009081
3822_192_167_211,3,3,0.006833,0.020612,0.050371,0.65947,0.019244,0.185597,0.057874
3822_191_1347_1366,3,3,0.013793,0.04474,0.051286,0.72647,0.064714,0.020293,0.078704
3822_192_2222_2320,3,3,0.00739,0.014722,0.01274,0.890304,0.017396,0.004775,0.052673
3822_192_563_893,3,3,0.137339,0.169933,0.048844,0.292253,0.045102,0.242087,0.064442
3822_192_1693_1763,3,3,0.009711,0.014868,0.009791,0.866167,0.044545,0.006408,0.04851
3822_192_302_414,3,3,0.034851,0.123155,0.05317,0.347017,0.03794,0.29111,0.112757
3822_192_987_1091,3,3,0.010613,0.030146,0.021641,0.8133,0.034964,0.023887,0.065449
3822_191_421_548,1,5,0.025684,0.129892,0.053748,0.027387,0.036961,0.630292,0.096037
3822_192_31_106,6,3,0.024408,0.140308,0.068757,0.385557,0.16309,0.014221,0.203658
3822_192_1930_1960,5,3,0.023481,0.083627,0.057422,0.365757,0.02934,0.251343,0.189029
3823_192_2414_2709,1,3,0.075369,0.229296,0.119385,0.244901,0.165279,0.070572,0.095198
3823_191_96_198,6,3,0.020825,0.009646,0.024945,0.361739,0.03375,0.224641,0.324454
3823_191_1285_1492,2,1,0.09548,0.402745,0.170191,0.121574,0.033105,0.123845,0.053061
3823_192_1073_1271,1,1,0.136034,0.350102,0.123969,0.124135,0.169308,0.029619,0.066833
3823_192_203_261,5,5,0.009424,0.031546,0.017504,0.036146,0.014653,0.858818,0.031909
3823_191_2727_2872,2,0,0.591433,0.266102,0.050132,0.002444,0.019629,0.057793,0.012467
3823_191_849_1035,1,1,0.199736,0.390939,0.061135,0.019155,0.032724,0.237214,0.059097
3823_192_2884_3042,0,1,0.037859,0.345217,0.073798,0.165124,0.221179,0.016575,0.140248
3823_191_1974_2152,1,1,0.367883,0.461825,0.057358,0.004978,0.010607,0.044376,0.052974
3823_192_1500_1777,1,4,0.019343,0.200965,0.190058,0.1354,0.23459,0.078621,0.141023
3823_191_452_631,1,1,0.217482,0.323371,0.086566,0.030913,0.102617,0.03599,0.203061
3823_191_2251_2351,1,1,0.114051,0.413398,0.067481,0.015094,0.052413,0.03271,0.304853
3823_192_2166_2233,5,5,0.064793,0.04168,0.013281,0.019146,0.015647,0.818889,0.026565
3823_192_1882_1957,0,3,0.023767,0.091101,0.133255,0.525123,0.035007,0.047342,0.144406
3823_192_652_831,1,5,0.025161,0.115559,0.065597,0.026572,0.05063,0.694344,0.022137
3823_191_1796_1879,2,6,0.012437,0.109914,0.114395,0.076711,0.053228,0.193973,0.439343
3823_191_3049_3086,6,5,0.029416,0.015138,0.035628,0.086118,0.012699,0.709583,0.111417
3823_191_275_395,1,1,0.374039,0.376395,0.029048,0.025277,0.019835,0.050921,0.124485
3823_192_409_430,5,5,0.011069,0.021951,0.018561,0.026655,0.011218,0.871695,0.038851
3823_192_60_76,5,5,0.014918,0.034252,0.020655,0.036508,0.018676,0.829066,0.045925
3823_191_31_56,3,3,0.016594,0.031718,0.031921,0.455834,0.058018,0.037509,0.368406
3831_191_2473_2548,1,1,0.198665,0.344448,0.068269,0.010453,0.064102,0.112755,0.201308
3831_191_31_222,6,5,0.054046,0.07292,0.01452,0.100907,0.026989,0.607271,0.123347
3831_191_1129_1389,6,0,0.232406,0.216063,0.018081,0.025943,0.128181,0.155986,0.223339
3831_191_1935_2089,6,5,0.129194,0.127012,0.016821,0.040045,0.043776,0.564874,0.078279
3831_192_1673_1935,6,3,0.010192,0.032698,0.030846,0.454763,0.028633,0.063526,0.37934
3831_192_222_432,6,3,0.017388,0.215874,0.041427,0.234719,0.04827,0.224585,0.217739
3831_192_1389_1546,1,5,0.017924,0.154663,0.205801,0.057442,0.075738,0.27873,0.209701
3831_192_2089_2473,6,5,0.011698,0.034536,0.098392,0.233354,0.063981,0.393911,0.164128
3831_192_879_1129,6,6,0.011436,0.035198,0.035289,0.357755,0.021406,0.133675,0.405241
3831_192_533_754,6,6,0.011801,0.079363,0.035215,0.22963,0.049731,0.216755,0.377505
3831_191_461_533,6,5,0.032494,0.170305,0.062421,0.024611,0.011359,0.416729,0.282081
3831_191_754_879,6,3,0.097405,0.098703,0.038991,0.37263,0.075567,0.062636,0.254068
3831_191_1546_1673,1,1,0.047784,0.350547,0.040786,0.121727,0.26494,0.017164,0.157053
3832_192_31_174,0,0,0.890486,0.064599,0.009938,0.003753,0.006731,0.020058,0.004435
3832_191_1247_1526,4,2,0.019198,0.194297,0.529274,0.00346,0.16262,0.052802,0.038349
3832_192_1886_2321,3,3,0.041792,0.140955,0.090089,0.267607,0.179781,0.12591,0.153867
3832_192_1086_1247,0,1,0.157796,0.643252,0.035994,0.025614,0.047063,0.043506,0.046776
3832_192_1526_1766,6,1,0.058132,0.39174,0.112969,0.132548,0.148323,0.021385,0.134903
3832_192_212_415,0,0,0.857389,0.079436,0.009078,0.005603,0.009168,0.03334,0.005986
3832_191_1766_1886,4,6,0.022166,0.248531,0.156537,0.019416,0.177944,0.09221,0.283196
3832_191_722_1086,2,1,0.134623,0.353346,0.263704,0.005265,0.137014,0.042167,0.06388
3832_191_174_212,4,1,0.207068,0.354601,0.084302,0.027395,0.087041,0.042074,0.197519
3832_192_563_722,0,0,0.858586,0.074212,0.008563,0.007376,0.006906,0.038314,0.006044
3832_191_2321_2358,4,2,0.018193,0.250577,0.263882,0.032298,0.183284,0.053024,0.198743
3832_192_448_529,0,0,0.682169,0.138393,0.012422,0.022538,0.015986,0.095698,0.032794
3832_191_415_448,4,1,0.23188,0.473436,0.080328,0.016577,0.049504,0.06025,0.088025
3832_191_529_563,4,1,0.117049,0.376562,0.09487,0.045322,0.076489,0.052451,0.237257
3827_191_104_157,5,5,0.022293,0.058863,0.036033,0.011267,0.012272,0.838116,0.021155
3827_191_1271_1426,6,5,0.015894,0.094974,0.043806,0.027828,0.013807,0.778491,0.0252
3827_191_2008_2201,2,1,0.13258,0.472656,0.234665,0.016672,0.019071,0.09491,0.029447
3827_192_1145_1255,3,3,0.013259,0.015507,0.011814,0.866001,0.017182,0.017677,0.05856
3827_191_1530_1688,6,5,0.028441,0.190152,0.093871,0.160852,0.02226,0.367116,0.137307
3827_192_1694_1963,1,5,0.010399,0.048955,0.023844,0.011233,0.015001,0.877778,0.012791
3827_192_1428_1521,5,5,0.008775,0.007271,0.00555,0.036343,0.006733,0.919576,0.015752
3827_192_2213_2315,1,3,0.038449,0.232877,0.120467,0.263661,0.166563,0.021867,0.156115
3827_191_919_942,5,5,0.012817,0.024345,0.024357,0.027012,0.013497,0.887755,0.010217
3827_192_184_253,1,5,0.016257,0.076676,0.131431,0.055148,0.028141,0.650661,0.041687
3827_191_554_665,2,1,0.118047,0.375289,0.067509,0.106517,0.019018,0.060325,0.253296
3827_191_2335_2375,6,1,0.16729,0.417966,0.059151,0.124581,0.032123,0.05898,0.13991
3827_191_1071_1138,1,1,0.197835,0.758494,0.011923,0.007617,0.00902,0.008076,0.007036
3827_192_952_1061,1,3,0.026762,0.036112,0.0288,0.686869,0.035042,0.021132,0.165284
3827_192_31_92,5,5,0.033519,0.027016,0.010806,0.034985,0.009368,0.870849,0.013458
3827_192_383_460,5,5,0.020738,0.010901,0.011311,0.079382,0.010084,0.853774,0.013809
3827_192_669_909,1,1,0.067321,0.280194,0.238601,0.147686,0.045999,0.157853,0.062347
3827_192_512_529,5,5,0.128895,0.038773,0.014432,0.029478,0.006722,0.728991,0.052709
3827_191_481_501,2,4,0.008824,0.182754,0.256476,0.009787,0.476813,0.010418,0.054928
3827_191_273_310,1,5,0.085589,0.096119,0.041124,0.030016,0.019083,0.714272,0.013797
3828_191_108_138,1,0,0.504414,0.344594,0.007293,0.017344,0.009596,0.095596,0.021163
3828_192_1241_1362,3,3,0.028511,0.120246,0.038464,0.578758,0.053448,0.047729,0.132844
3828_191_1132_1234,1,5,0.040715,0.247667,0.03894,0.172573,0.040131,0.273534,0.186439
3828_191_1613_1689,1,1,0.219834,0.483561,0.03381,0.068881,0.022656,0.063511,0.107747
3828_191_1394_1505,1,1,0.061428,0.452213,0.135405,0.021408,0.044382,0.160031,0.125133
3828_192_916_1129,3,3,0.025673,0.041005,0.022605,0.610154,0.078339,0.042056,0.180168
3828_192_145_252,1,0,0.406878,0.384627,0.049592,0.008485,0.060751,0.063093,0.026573
3828_191_524_622,1,1,0.15709,0.609347,0.031261,0.018719,0.022954,0.118065,0.042563
3828_191_305_334,4,6,0.009158,0.134395,0.140288,0.056348,0.061688,0.27191,0.326214
3828_192_633_675,1,1,0.16852,0.222363,0.047261,0.199152,0.024688,0.191596,0.146418
3828_192_432_510,1,5,0.193178,0.066691,0.017459,0.046964,0.016988,0.626318,0.032402
3828_192_31_95,1,1,0.168336,0.313059,0.037856,0.112641,0.06198,0.235554,0.070574
3828_192_1516_1602,3,3,0.048374,0.197161,0.03539,0.475231,0.094813,0.022353,0.126678
3828_192_802_877,1,6,0.060573,0.183799,0.0465,0.206237,0.124986,0.031728,0.346176
3828_191_693_779,1,0,0.728369,0.212791,0.033746,0.00136,0.008323,0.008678,0.006734
3828_192_348_389,0,6,0.049601,0.124023,0.049314,0.264974,0.033698,0.162108,0.316282
3828_191_884_905,5,5,0.015278,0.024113,0.020779,0.019578,0.015095,0.859646,0.045512
3828_191_399_421,1,6,0.133732,0.230079,0.034205,0.257637,0.056365,0.018495,0.269487
3825_192_101_206,3,5,0.008221,0.030298,0.038311,0.284271,0.031,0.471991,0.135907
3825_192_1284_1514,3,3,0.017514,0.07577,0.023019,0.673874,0.047147,0.018698,0.143979
3825_192_1663_1722,3,3,0.022561,0.06386,0.014854,0.61865,0.018974,0.239416,0.021686
3825_191_221_281,1,1,0.139178,0.67102,0.029179,0.054386,0.024787,0.052414,0.029036
3825_192_1770_1904,3,3,0.013731,0.056281,0.013216,0.772104,0.024913,0.013193,0.106561
3825_192_919_986,6,6,0.013385,0.073331,0.178225,0.159864,0.022274,0.17471,0.378211
3825_191_573_676,1,2,0.014662,0.242884,0.282474,0.049347,0.155793,0.067623,0.187216
3825_192_1037_1174,1,3,0.016818,0.128781,0.01644,0.589074,0.051045,0.010072,0.18777
3825_191_2050_2076,3,3,0.02027,0.018319,0.031119,0.879227,0.011326,0.024774,0.014965
3825_192_294_344,3,3,0.009073,0.017044,0.00863,0.874875,0.018814,0.012195,0.05937
3825_192_439_559,3,3,0.005355,0.008665,0.007975,0.910043,0.012811,0.005332,0.04982
3825_191_31_79,1,6,0.013259,0.067641,0.062356,0.176907,0.101288,0.275155,0.303394
3825_191_1535_1652,1,1,0.340047,0.450594,0.078892,0.010511,0.024831,0.072478,0.022648
3825_191_1191_1271,1,1,0.222963,0.594121,0.086272,0.005602,0.036179,0.03977,0.015093
3825_191_802_903,1,5,0.0315,0.10333,0.079442,0.214972,0.028573,0.282506,0.259677
3825_191_1723_1759,6,3,0.02414,0.021228,0.022703,0.771722,0.009625,0.115913,0.03467
3825_192_704_782,5,6,0.030352,0.089159,0.027542,0.236874,0.031622,0.214528,0.369923
3825_191_363_426,6,5,0.005796,0.030268,0.05239,0.132155,0.021944,0.605053,0.152394
3825_191_1911_1937,3,3,0.0096,0.004898,0.006833,0.622588,0.006575,0.34634,0.003166
3825_192_1954_2041,3,3,0.044433,0.056549,0.014758,0.701874,0.012767,0.098669,0.070951
3825_191_993_1030,3,5,0.006231,0.013723,0.030613,0.048263,0.010415,0.856454,0.034301
3830_192_77_194,2,4,0.017116,0.16351,0.106968,0.019456,0.602154,0.075726,0.01507
3830_191_212_270,4,1,0.022063,0.336583,0.065696,0.202552,0.113015,0.057951,0.20214
3830_191_1443_1503,1,1,0.329754,0.467426,0.006331,0.072497,0.052374,0.020722,0.050896
3830_192_893_945,4,6,0.033621,0.231066,0.074806,0.087745,0.11092,0.153145,0.308698
3830_191_1309_1366,0,0,0.328772,0.231161,0.032817,0.06538,0.041684,0.209747,0.09044
3830_191_1129_1177,3,3,0.004541,0.005928,0.015052,0.818235,0.008999,0.118841,0.028405
3830_192_1009_1129,1,5,0.010767,0.057661,0.054828,0.169854,0.050239,0.511471,0.14518
3830_192_286_371,2,5,0.011444,0.017675,0.049564,0.081391,0.029193,0.661246,0.149488
3830_192_597_661,6,5,0.02778,0.034285,0.080648,0.055022,0.050385,0.547366,0.204514
3830_192_454_545,4,5,0.008082,0.030861,0.011246,0.016673,0.027343,0.85218,0.053615
3830_191_31_67,2,3,0.061876,0.03875,0.076926,0.393441,0.045266,0.169477,0.214264
3830_191_379_439,6,0,0.397561,0.356855,0.045081,0.017486,0.005452,0.02952,0.148046
3830_192_1503_1590,3,3,0.007453,0.011053,0.010923,0.658598,0.014898,0.027424,0.269651
3830_192_1191_1260,6,1,0.050554,0.446157,0.037355,0.099842,0.062519,0.222016,0.081557
3830_192_729_830,2,6,0.012281,0.02584,0.049832,0.321213,0.084693,0.106258,0.399884
3830_191_1597_1668,1,1,0.204207,0.398444,0.033403,0.104238,0.032528,0.080151,0.14703
3830_192_1366_1434,3,3,0.007937,0.003636,0.016904,0.846191,0.01423,0.042002,0.069101
3830_191_672_694,1,6,0.054305,0.244396,0.085972,0.134518,0.100347,0.129001,0.251461
3830_191_953_1009,3,3,0.005929,0.007604,0.006326,0.93374,0.006551,0.006404,0.033446
3830_191_830_866,6,6,0.055777,0.099313,0.017438,0.258351,0.033296,0.055452,0.480372
3830_191_546_568,6,4,0.025021,0.239479,0.0512,0.10041,0.286141,0.015455,0.282292
3839_191_114_194,1,2,0.008629,0.107628,0.723613,0.008231,0.005903,0.050165,0.095831
3839_191_1066_1402,1,2,0.035619,0.268123,0.399517,0.022361,0.032909,0.065946,0.175526
3839_191_1595_1786,1,1,0.126919,0.414422,0.099609,0.010246,0.084629,0.193987,0.070188
3839_192_233_316,1,5,0.030495,0.027771,0.011563,0.176967,0.008139,0.68914,0.055925
3839_192_1411_1585,1,3,0.03501,0.036039,0.034693,0.612201,0.076444,0.136657,0.068956
3839_192_941_1050,1,3,0.021777,0.013246,0.041114,0.668183,0.053178,0.156023,0.046479
3839_192_539_698,1,3,0.056583,0.10659,0.052573,0.432155,0.053931,0.146446,0.151722
3839_191_327_523,1,2,0.008672,0.130489,0.647219,0.010789,0.016349,0.06109,0.125392
3839_191_31_64,6,6,0.098442,0.206328,0.13611,0.017087,0.035076,0.109127,0.397828
3839_191_719_863,1,2,0.02606,0.336952,0.436436,0.00707,0.020401,0.067724,0.105357
3839_192_80_99,5,5,0.014686,0.018406,0.027803,0.119099,0.020079,0.762323,0.037604
3839_192_1901_2002,1,3,0.026304,0.012001,0.007063,0.870961,0.013496,0.016943,0.053233
3839_191_2013_2023,6,3,0.050356,0.03946,0.06275,0.465896,0.041096,0.084137,0.256305
3835_192_2344_2561,3,3,0.010689,0.037958,0.011579,0.880281,0.015197,0.023884,0.020412
3835_191_123_153,3,3,0.046692,0.024626,0.02163,0.76875,0.010222,0.014902,0.113178
3835_192_1077_1309,1,5,0.032333,0.326421,0.069062,0.068565,0.076364,0.345923,0.081333
3835_192_2026_2161,5,5,0.047565,0.061317,0.010334,0.187867,0.017596,0.65811,0.017211
3835_191_1646_1854,5,5,0.019344,0.204229,0.159245,0.011748,0.083727,0.489075,0.032632
3835_192_170_301,5,5,0.018617,0.029174,0.01896,0.355358,0.013238,0.517085,0.047568
3835_191_1316_1467,5,5,0.023351,0.224861,0.231695,0.00719,0.126806,0.258801,0.127296
3835_191_2166_2327,3,3,0.011041,0.055209,0.018051,0.53407,0.035466,0.090565,0.255598
3835_191_806_1073,6,6,0.022165,0.093278,0.052761,0.09805,0.055399,0.254641,0.423706
3835_191_519_602,1,2,0.050083,0.161962,0.407866,0.033624,0.017733,0.270184,0.058548
3835_191_306_349,5,5,0.075293,0.092611,0.207903,0.004696,0.011203,0.552111,0.056182
3835_192_628_803,3,3,0.009729,0.021947,0.008686,0.904412,0.009565,0.029439,0.016221
3835_192_361_506,1,3,0.016439,0.059029,0.027749,0.751741,0.029365,0.043374,0.072303
3835_192_31_119,3,3,0.009554,0.012821,0.023451,0.737322,0.022312,0.018685,0.175854
3835_192_1480_1633,2,3,0.016256,0.27992,0.053242,0.478807,0.117966,0.018493,0.035317
3835_192_1866_1940,3,3,0.004593,0.009193,0.012406,0.870847,0.012244,0.034217,0.056499
3835_191_1951_2006,3,3,0.015325,0.066061,0.024091,0.53436,0.124446,0.021821,0.213896
3836_192_2476_2570,3,3,0.004587,0.006105,0.00644,0.900349,0.009235,0.005254,0.068031
3836_191_31_138,3,3,0.020905,0.0242,0.049177,0.530204,0.031408,0.065934,0.278172
3836_192_1295_1428,3,3,0.012663,0.027446,0.020147,0.765125,0.022948,0.025352,0.126319
3836_192_2015_2108,3,3,0.016902,0.04227,0.019936,0.705614,0.028114,0.022919,0.164246
3836_191_1133_1288,2,4,0.045362,0.254212,0.115009,0.022527,0.360466,0.033754,0.168669
3836_191_1436_1844,5,3,0.008133,0.007094,0.013412,0.675536,0.014214,0.274315,0.007296
3836_191_239_568,1,6,0.033672,0.149472,0.188282,0.0633,0.09358,0.203477,0.268217
3836_191_2120_2286,3,3,0.004717,0.003154,0.013099,0.763507,0.011519,0.190418,0.013586
3836_191_744_937,4,1,0.239875,0.491964,0.047971,0.009726,0.068206,0.096753,0.045504
3836_192_949_1122,4,4,0.023098,0.08205,0.090967,0.301624,0.338068,0.092034,0.072158
3836_192_145_226,3,3,0.013593,0.058099,0.038627,0.545681,0.048981,0.021176,0.273843
3836_192_2290_2379,3,3,0.006148,0.005164,0.009334,0.904673,0.012831,0.011743,0.050106
3836_192_581_728,4,4,0.011144,0.106878,0.285782,0.088979,0.428443,0.024735,0.054039
3836_191_2391_2475,3,3,0.0116,0.025821,0.017728,0.538442,0.0443,0.008981,0.353129
3836_192_1845_1961,3,3,0.008329,0.020464,0.030246,0.827683,0.021722,0.018218,0.073338
3836_191_1966_2001,5,5,0.021293,0.039534,0.218973,0.032099,0.054156,0.374406,0.259538
3834_191_2479_2518,2,4,0.021694,0.124306,0.242789,0.006456,0.562619,0.004736,0.037401
3834_191_31_144,4,1,0.031991,0.426982,0.093496,0.018568,0.248722,0.053748,0.126494
3834_191_1167_1339,4,6,0.018407,0.226488,0.078887,0.109903,0.184326,0.114999,0.266991
3834_192_166_406,0,5,0.067589,0.109414,0.050209,0.165949,0.063343,0.457725,0.08577
3834_191_2731_2777,1,4,0.067074,0.250517,0.073378,0.017651,0.438577,0.010613,0.142191
3834_191_1440_1673,4,1,0.070883,0.611268,0.130612,0.013983,0.088336,0.021922,0.062995
3834_192_2518_2731,4,3,0.053947,0.132683,0.038692,0.537947,0.045347,0.048617,0.142767
3834_191_843_1085,4,2,0.011087,0.196376,0.488111,0.005698,0.228851,0.021657,0.048219
3834_192_1339_1440,0,0,0.561775,0.0368,0.013932,0.010964,0.009912,0.359331,0.007286
3834_192_1097_1167,0,0,0.60673,0.079929,0.013406,0.011609,0.008312,0.270657,0.009356
3834_191_1845_2200,2,1,0.103374,0.401124,0.22522,0.007505,0.213484,0.024092,0.025202
3834_192_1673_1810,0,1,0.205959,0.668921,0.021709,0.011927,0.044647,0.017112,0.029726
3834_191_565_646,4,4,0.024338,0.239793,0.128783,0.020882,0.474758,0.032469,0.078976
3834_192_2200_2476,1,1,0.256794,0.537981,0.061021,0.033652,0.028352,0.036198,0.046002
3834_192_656_745,5,5,0.022125,0.011517,0.005199,0.015358,0.003502,0.936576,0.005722
3834_191_406_514,4,1,0.086598,0.546815,0.105763,0.012675,0.163392,0.027875,0.056883
3834_192_514_555,1,5,0.048072,0.071148,0.062248,0.123953,0.019698,0.542873,0.132007
3834_192_789_837,0,0,0.540752,0.152177,0.010117,0.032476,0.014441,0.222943,0.027094
3834_191_745_768,4,4,0.018279,0.131722,0.148915,0.054643,0.476229,0.010489,0.159722
3838_191_2375_2552,2,1,0.08896,0.630616,0.024345,0.099284,0.029761,0.031044,0.09599
3838_191_1272_1469,6,3,0.011127,0.095879,0.13401,0.345448,0.029501,0.089516,0.29452
3838_192_244_321,3,6,0.027823,0.076996,0.044117,0.196944,0.039299,0.273736,0.341084
3838_192_2573_2750,3,3,0.017715,0.154958,0.065942,0.476335,0.113358,0.063847,0.107846
3838_192_748_963,3,3,0.015388,0.022743,0.022396,0.573845,0.024545,0.172372,0.168711
3838_191_1099_1174,5,1,0.090817,0.273534,0.091201,0.133462,0.054863,0.090137,0.265987
3838_191_2061_2221,3,3,0.031802,0.122992,0.05947,0.426096,0.061616,0.019898,0.278125
3838_192_169_198,5,3,0.049279,0.070875,0.026096,0.4322,0.018094,0.196485,0.206971
3838_192_1715_2047,3,3,0.027855,0.034753,0.025736,0.591499,0.028819,0.039047,0.252292
3838_191_489_739,6,6,0.03963,0.119062,0.044062,0.054432,0.017167,0.135035,0.590612
3838_191_1630_1692,1,1,0.033303,0.738532,0.058433,0.008277,0.119596,0.011627,0.030232
3838_192_1483_1605,3,3,0.00711,0.014112,0.038064,0.835802,0.051685,0.014999,0.038227
3838_192_2247_2344,5,5,0.007513,0.020724,0.006487,0.021609,0.014136,0.896557,0.032975
3838_192_1190_1261,5,6,0.062316,0.088775,0.014228,0.27767,0.025748,0.224763,0.3065
3838_191_81_124,1,6,0.06485,0.272763,0.040083,0.080879,0.022991,0.022227,0.496207
3838_192_1031_1087,1,5,0.07561,0.100482,0.020535,0.05715,0.024746,0.664656,0.056821
3838_191_981_1024,5,1,0.242574,0.572177,0.04406,0.027929,0.016172,0.047784,0.049304
3838_191_329_392,1,6,0.029949,0.314443,0.074243,0.045744,0.073038,0.026824,0.435758
3838_192_418_476,3,6,0.018859,0.060191,0.040091,0.27132,0.020624,0.211834,0.377081
3838_192_31_67,3,3,0.017804,0.013948,0.086776,0.58422,0.024313,0.140087,0.132853
3838_191_219_226,1,6,0.032172,0.085574,0.062452,0.155961,0.106561,0.017826,0.539454
3840_192_31_316,2,3,0.041659,0.052593,0.047409,0.584579,0.028667,0.061648,0.183445
3840_192_1294_1320,2,6,0.025541,0.130688,0.020814,0.271808,0.136544,0.010668,0.403936
3840_192_835_1184,2,0,0.448326,0.175775,0.140075,0.084133,0.071434,0.045619,0.034638
3840_192_1642_1726,1,3,0.240648,0.202027,0.028942,0.255496,0.048567,0.020407,0.203914
3840_192_1791_1908,2,3,0.168391,0.16219,0.108939,0.259625,0.048391,0.088689,0.163775
3840_192_1448_1484,5,5,0.021846,0.031339,0.02893,0.053519,0.017242,0.761098,0.086026
3840_192_483_592,2,3,0.262133,0.090059,0.027042,0.28095,0.041813,0.240878,0.057125
3840_191_1733_1782,1,1,0.226728,0.714175,0.007039,0.007243,0.008786,0.016531,0.019498
3840_191_317_348,1,6,0.032389,0.184336,0.03735,0.238731,0.204765,0.020348,0.282081
3840_191_599_634,1,6,0.088089,0.278666,0.024601,0.141081,0.093384,0.02008,0.354099
3840_192_369_452,2,3,0.022645,0.023084,0.013722,0.696397,0.013735,0.119435,0.110983
3840_191_454_463,6,6,0.025998,0.119755,0.022087,0.141233,0.078401,0.019214,0.593312
3840_191_1496_1548,1,6,0.026963,0.071,0.156158,0.025482,0.226289,0.096514,0.397594
3840_191_1195_1264,1,1,0.221855,0.517316,0.052796,0.018492,0.063129,0.050017,0.076396
3840_191_726_823,1,1,0.274316,0.558176,0.024799,0.018913,0.057579,0.020936,0.045279
3840_192_647_713,2,5,0.059011,0.037297,0.013955,0.27598,0.027537,0.554463,0.031757
3840_191_1605_1628,6,6,0.134787,0.171771,0.039877,0.122105,0.0208,0.039931,0.47073
3840_191_1391_1420,5,1,0.2913,0.338912,0.034316,0.039753,0.080632,0.020823,0.194263
3840_192_1564_1576,5,5,0.024167,0.023526,0.016176,0.028971,0.017156,0.850383,0.039621
3925_198_117_429,1,1,0.242185,0.347678,0.036312,0.159553,0.15481,0.040349,0.019113
3925_197_1226_1329,1,1,0.402528,0.465184,0.022537,0.024736,0.019123,0.03407,0.031821
3925_198_1886_2358,1,3,0.217961,0.193185,0.030976,0.386077,0.067881,0.033899,0.070021
3925_198_1024_1201,1,3,0.112527,0.187786,0.012568,0.308178,0.018528,0.121886,0.238527
3925_198_1346_1684,1,1,0.157896,0.240788,0.032296,0.215563,0.172054,0.031282,0.150122
3925_197_1695_1860,0,0,0.788349,0.129922,0.018602,0.011053,0.011906,0.03164,0.008529
3925_197_877_990,0,1,0.38391,0.408947,0.04715,0.01011,0.054653,0.011745,0.083485
3925_198_541_864,1,1,0.361126,0.45299,0.022316,0.050546,0.073069,0.019686,0.020268
3925_197_439_528,1,0,0.465812,0.415111,0.013873,0.010958,0.009732,0.064143,0.020372
3925_197_31_79,1,4,0.033912,0.24512,0.232568,0.008295,0.409897,0.015736,0.054472
3925_197_2389_2481,1,2,0.023635,0.083084,0.354909,0.340994,0.108443,0.040684,0.048251
3928_198_31_149,5,5,0.115834,0.126036,0.069045,0.063681,0.112742,0.464163,0.048498
3928_197_1160_1356,4,3,0.019072,0.279146,0.049989,0.306343,0.261482,0.004831,0.079136
3928_198_1963_2172,1,3,0.048957,0.184151,0.028846,0.470665,0.123005,0.051286,0.093091
3928_198_1634_1781,1,3,0.243926,0.159156,0.021019,0.314353,0.032394,0.050217,0.178934
3928_198_248_318,1,5,0.056572,0.163288,0.064989,0.200668,0.0896,0.243391,0.181492
3928_197_1809_1962,3,2,0.017296,0.201236,0.356917,0.169558,0.143938,0.023906,0.087148
3928_198_1373_1584,0,6,0.043106,0.045576,0.04687,0.15217,0.040609,0.332236,0.339434
3928_198_929_1130,0,1,0.058206,0.376157,0.06111,0.114602,0.129362,0.112031,0.148531
3928_197_154_237,4,1,0.02343,0.453007,0.14169,0.097206,0.208582,0.010098,0.065987
3928_198_559_764,1,0,0.73166,0.163496,0.014236,0.005201,0.039789,0.041788,0.00383
3928_197_346_545,6,4,0.006633,0.184453,0.331379,0.050102,0.361938,0.006204,0.059291
3928_197_800_926,4,2,0.009992,0.244848,0.266472,0.049115,0.261291,0.007767,0.160515
3928_197_1604_1608,5,5,0.019015,0.055215,0.060745,0.101522,0.039077,0.66523,0.059197
3927_197_31_165,2,2,0.01012,0.07651,0.380616,0.220463,0.195168,0.006889,0.110234
3927_198_1209_1418,1,1,0.145753,0.589564,0.016192,0.047943,0.153493,0.013493,0.033562
3927_197_1622_1708,6,1,0.133764,0.318856,0.146159,0.142955,0.096135,0.019166,0.142965
3927_198_178_307,1,5,0.024665,0.058629,0.083795,0.199014,0.071151,0.29829,0.264457
3927_197_1418_1479,4,4,0.020573,0.354146,0.123674,0.005866,0.474566,0.003964,0.017209
3927_197_844_971,5,2,0.018155,0.184329,0.335589,0.038561,0.275096,0.050107,0.098164
3927_197_587_664,3,3,0.014258,0.062062,0.253314,0.412776,0.154404,0.005822,0.097363
3927_197_1119_1178,5,2,0.019314,0.047552,0.290366,0.182878,0.082432,0.266556,0.110903
3927_197_317_464,6,2,0.007909,0.09846,0.467445,0.175604,0.165124,0.009435,0.076023
3927_198_988_1101,1,1,0.033812,0.397035,0.035917,0.141093,0.152604,0.025002,0.214538
3927_198_465_571,5,5,0.016058,0.038175,0.036159,0.171173,0.06017,0.558737,0.119527
3927_198_1535_1611,4,4,0.020561,0.105664,0.076705,0.223221,0.428521,0.026705,0.118621
3927_198_674_833,3,3,0.013781,0.011622,0.018375,0.844556,0.040274,0.028005,0.043388
3931_198_99_156,6,1,0.120345,0.236384,0.088631,0.165161,0.030148,0.158528,0.200802
3931_197_1163_1346,1,1,0.219757,0.604976,0.010989,0.030691,0.11492,0.005893,0.012774
3931_197_1575_1691,1,1,0.240199,0.507577,0.051418,0.070625,0.055554,0.009008,0.06562
3931_198_231_256,6,5,0.174929,0.146652,0.187626,0.042888,0.031629,0.283581,0.132694
3931_198_1715_1870,0,0,0.630441,0.267999,0.017868,0.006377,0.011208,0.051008,0.0151
3931_198_1374_1563,0,1,0.343109,0.460607,0.02953,0.018685,0.044443,0.038173,0.065453
3931_198_918_1149,1,1,0.144854,0.321985,0.081854,0.046992,0.081317,0.131014,0.191984
3931_197_168_205,3,3,0.015879,0.095386,0.031094,0.676304,0.058957,0.009796,0.112585
3931_198_576_721,1,0,0.53028,0.340122,0.027807,0.008867,0.015324,0.061482,0.016118
3931_197_344_548,6,1,0.051614,0.310091,0.081727,0.159703,0.137561,0.067016,0.192288
3931_197_31_85,3,3,0.014787,0.024841,0.076364,0.699691,0.065343,0.007025,0.111948
3931_197_736_901,6,1,0.196515,0.647458,0.027402,0.020582,0.056356,0.014404,0.037283
3923_197_74_226,6,0,0.448716,0.21168,0.063897,0.010478,0.013023,0.222733,0.029473
3923_197_1189_1390,1,2,0.011236,0.137157,0.595285,0.022146,0.1329,0.048635,0.052641
3923_198_1956_2189,1,1,0.072208,0.271569,0.060731,0.225253,0.2379,0.055231,0.077109
3923_198_1594_1713,1,2,0.018981,0.108069,0.314235,0.183463,0.070659,0.04985,0.254743
3923_198_243_276,1,1,0.313331,0.397126,0.052911,0.032541,0.045793,0.026996,0.131303
3923_197_1727_1951,5,2,0.034648,0.246276,0.457749,0.007703,0.055243,0.174015,0.024367
3923_198_1417_1483,1,5,0.028942,0.109761,0.274501,0.161792,0.012403,0.345911,0.06669
3923_197_2208_2247,4,4,0.018413,0.219498,0.168388,0.037918,0.358426,0.012881,0.184475
3923_198_815_945,2,2,0.017362,0.182053,0.299966,0.152998,0.080552,0.04628,0.220788
3923_198_511_669,1,3,0.018163,0.047201,0.146515,0.359786,0.142007,0.149964,0.136363
3923_198_1045_1169,1,4,0.071826,0.333476,0.078136,0.052401,0.355577,0.059713,0.048871
3923_198_31_66,1,0,0.649544,0.160973,0.040656,0.008195,0.008088,0.10099,0.031552
3923_197_437_467,6,5,0.027072,0.073777,0.21341,0.025148,0.018255,0.504302,0.138036
3923_197_1487_1577,1,1,0.108549,0.743663,0.048648,0.012938,0.03713,0.02917,0.019901
3923_197_689_791,5,5,0.01772,0.129755,0.209611,0.012818,0.03516,0.439687,0.15525
3923_197_964_1033,5,5,0.027233,0.084152,0.104382,0.007966,0.013183,0.726352,0.036733
3933_198_112_200,3,3,0.017113,0.01472,0.011403,0.765588,0.023644,0.051796,0.115736
3933_197_1243_1344,3,3,0.064772,0.182275,0.046185,0.567543,0.051197,0.019322,0.068706
3933_198_1161_1240,5,5,0.013727,0.003562,0.00635,0.352904,0.004349,0.614441,0.004667
3933_197_1444_1699,5,5,0.231551,0.064204,0.021101,0.006611,0.020011,0.649977,0.006544
3933_198_253_332,1,1,0.206612,0.576,0.014609,0.11832,0.019993,0.011062,0.053405
3933_197_858_1144,5,5,0.412115,0.058414,0.039372,0.00795,0.010153,0.460312,0.011685
3933_197_567_705,5,3,0.014707,0.008713,0.01619,0.712312,0.014353,0.226139,0.007585
3933_198_1709_1783,5,5,0.016643,0.004994,0.007429,0.292111,0.003778,0.669097,0.005949
3933_198_446_555,3,3,0.034658,0.079971,0.104665,0.383428,0.144726,0.045147,0.207404
3933_197_31_104,6,6,0.173341,0.12228,0.040925,0.134186,0.037758,0.110836,0.380674
3933_198_712_841,5,3,0.006627,0.008252,0.009123,0.664937,0.012424,0.292545,0.006092
3933_197_1831_1926,1,4,0.046385,0.160256,0.113763,0.011747,0.293678,0.18047,0.193701
3933_197_339_415,1,3,0.098538,0.128265,0.042345,0.526377,0.028305,0.107434,0.068736
3933_198_1374_1434,3,2,0.009903,0.062025,0.64824,0.072739,0.146719,0.025802,0.034571
3933_197_207_247,3,3,0.02328,0.046456,0.009173,0.77831,0.015605,0.005069,0.122106
3934_197_85_201,6,6,0.022561,0.184752,0.052674,0.176625,0.209292,0.021435,0.33266
3934_197_1210_1410,3,3,0.063135,0.1594,0.054083,0.546963,0.044465,0.007544,0.12441
3934_198_945_1201,3,5,0.018922,0.02631,0.022829,0.339883,0.042017,0.509347,0.040691
3934_198_1698_1881,1,0,0.381643,0.147193,0.073346,0.153284,0.051814,0.098823,0.093897
3934_198_1440_1560,1,2,0.033503,0.102103,0.663767,0.030749,0.090569,0.062774,0.016535
3934_197_510_609,1,0,0.457182,0.437619,0.025667,0.01608,0.030885,0.005114,0.027454
3934_197_264_356,3,3,0.029925,0.045165,0.074774,0.568273,0.031758,0.043843,0.206263
3934_198_616_677,3,1,0.127473,0.37836,0.021114,0.216356,0.135292,0.02374,0.097666
3934_198_365_506,3,0,0.383491,0.336464,0.013002,0.133216,0.015064,0.072643,0.04612
3934_198_31_76,5,5,0.043982,0.045159,0.087806,0.058227,0.129813,0.408873,0.226139
3934_197_693_919,3,3,0.01271,0.025247,0.031267,0.857195,0.0202,0.023031,0.03035
3934_197_1577_1649,5,5,0.057302,0.125908,0.028343,0.012654,0.023895,0.681261,0.070637
3934_198_212_243,3,3,0.008979,0.028656,0.036909,0.562397,0.134311,0.064665,0.164083
3936_197_126_210,5,5,0.036954,0.049316,0.021434,0.147152,0.010451,0.708412,0.026282
3936_198_1148_1426,3,3,0.024424,0.020572,0.05456,0.592289,0.04654,0.082295,0.17932
3936_197_1652_1709,3,3,0.011396,0.019185,0.070551,0.807496,0.031384,0.033127,0.02686
3936_198_221_446,3,3,0.016884,0.01719,0.012887,0.817552,0.058701,0.042975,0.033811
3936_197_1434_1514,3,3,0.027656,0.018742,0.009314,0.831638,0.012215,0.082906,0.017529
3936_197_928_979,6,1,0.020185,0.379043,0.098959,0.038692,0.234738,0.018095,0.210287
3936_198_556_654,3,3,0.014768,0.028197,0.079855,0.431919,0.210347,0.019091,0.215823
3936_197_1097_1126,3,3,0.014707,0.026176,0.075818,0.681739,0.020595,0.091486,0.089479
3936_198_1724_1790,3,3,0.020961,0.064994,0.018624,0.56335,0.0817,0.017291,0.233081
3936_198_994_1079,3,3,0.009251,0.025252,0.153794,0.631882,0.043039,0.022156,0.114626
3936_197_460_542,3,3,0.018718,0.071112,0.018231,0.785457,0.0613,0.016334,0.028848
3936_198_31_102,3,3,0.011571,0.011255,0.161076,0.468752,0.021078,0.087952,0.238316
3936_198_1532_1646,3,6,0.026635,0.039796,0.026987,0.385025,0.01838,0.083275,0.419901
3936_198_812_916,3,2,0.035115,0.098456,0.289476,0.154724,0.178192,0.025679,0.218358
3936_197_694_785,3,1,0.011096,0.257017,0.102396,0.195601,0.172978,0.004225,0.256689
3940_198_128_250,0,4,0.015831,0.136401,0.173105,0.122386,0.44673,0.023694,0.081853
3940_198_1180_1285,1,1,0.057685,0.411646,0.051304,0.021195,0.381261,0.015583,0.061327
3940_198_1657_1814,1,4,0.0439,0.286582,0.046114,0.048309,0.441781,0.016075,0.117239
3940_198_1396_1521,1,6,0.033567,0.2755,0.05022,0.126549,0.154826,0.034349,0.324989
3940_198_818_1024,1,1,0.231107,0.447439,0.035726,0.07445,0.07232,0.050598,0.08836
3940_197_1312_1386,1,4,0.020755,0.263356,0.187155,0.04073,0.423985,0.027809,0.03621
3940_197_1043_1168,4,4,0.019867,0.415393,0.052977,0.01112,0.479184,0.00455,0.016909
3940_198_307_403,4,6,0.049806,0.177202,0.115345,0.147169,0.108392,0.046597,0.355489
3940_198_600_721,1,4,0.015305,0.262243,0.033337,0.012916,0.622282,0.008026,0.045891
3940_197_403_589,3,5,0.035182,0.112022,0.060387,0.02638,0.044948,0.680839,0.040243
3940_197_31_108,3,6,0.040052,0.089888,0.037931,0.011488,0.037072,0.10199,0.681581
3940_197_721_805,1,1,0.035324,0.695176,0.022156,0.010172,0.226108,0.003327,0.007736
3940_197_1547_1628,4,1,0.032673,0.416716,0.109122,0.048206,0.371221,0.008617,0.013444
3940_197_267_287,5,5,0.075128,0.123356,0.033309,0.026743,0.02554,0.595842,0.120081
3938_197_31_131,5,3,0.0108,0.016678,0.038034,0.775632,0.025119,0.113269,0.020469
3938_197_1249_1473,3,1,0.022478,0.380005,0.057153,0.191726,0.297993,0.019679,0.030966
3938_197_223_365,3,3,0.015105,0.101312,0.030049,0.673695,0.053061,0.016435,0.110344
3938_197_919_945,3,3,0.017405,0.126177,0.033567,0.5579,0.120126,0.003734,0.14109
3938_198_138_216,3,3,0.009079,0.012433,0.014993,0.866311,0.022344,0.026066,0.048774
3938_198_550_715,4,3,0.011755,0.043323,0.085633,0.538857,0.073955,0.173063,0.073415
3938_197_1033_1170,3,3,0.042223,0.066163,0.007974,0.792109,0.023574,0.054512,0.013444
3938_198_453_488,3,3,0.022005,0.090412,0.051411,0.522023,0.110144,0.011534,0.192471
3938_197_411_445,5,3,0.019296,0.013064,0.026314,0.755792,0.016459,0.091528,0.077547
3938_198_1490_1595,3,4,0.024444,0.112859,0.02253,0.282613,0.433709,0.032018,0.091827
3938_198_385_391,3,3,0.010187,0.019621,0.021032,0.712556,0.050778,0.011316,0.17451
3938_197_508_542,3,3,0.048695,0.045282,0.014662,0.689059,0.016392,0.03739,0.14852
3938_198_827_905,5,5,0.018584,0.022114,0.060246,0.278181,0.081196,0.410976,0.128703
3938_197_730_816,4,4,0.017496,0.372544,0.046738,0.042192,0.445416,0.004912,0.070702
3938_198_964_1021,5,4,0.021058,0.129779,0.074766,0.172856,0.387563,0.066866,0.147111
3938_198_1215_1242,3,3,0.012091,0.03503,0.019962,0.753849,0.086088,0.020922,0.072058
3948_198_93_142,6,5,0.011552,0.015404,0.056167,0.108059,0.016775,0.774348,0.017695
3948_197_1222_1366,0,0,0.689472,0.164189,0.004252,0.034282,0.006943,0.092428,0.008434
3948_197_1811_2064,1,0,0.508173,0.123933,0.01703,0.133797,0.02094,0.184749,0.011379
3948_198_975_1191,1,1,0.213887,0.323801,0.098232,0.024343,0.059245,0.2181,0.062393
3948_198_1380_1795,0,0,0.751344,0.157977,0.004716,0.025307,0.00802,0.046653,0.005982
3948_197_163_260,6,3,0.036193,0.160915,0.03411,0.582442,0.054217,0.063432,0.068691
3948_198_2221_2384,1,3,0.154178,0.193353,0.074401,0.268426,0.033827,0.091537,0.184278
3948_197_486_779,1,3,0.082921,0.165274,0.023458,0.546723,0.034727,0.031119,0.115779
3948_198_287_465,6,3,0.018051,0.113997,0.160606,0.258595,0.099495,0.13544,0.213817
3948_197_31_71,2,6,0.041411,0.173362,0.137175,0.19057,0.154586,0.036397,0.266499
3948_198_802_901,1,4,0.015798,0.074989,0.400538,0.050171,0.409095,0.020585,0.028823
3948_197_2113_2206,0,0,0.782747,0.109664,0.017754,0.040346,0.008865,0.020536,0.020088
3948_197_2404_2421,1,3,0.018461,0.071542,0.038261,0.522758,0.053279,0.051403,0.244296
3948_197_937_946,5,5,0.054186,0.090266,0.037965,0.119273,0.052027,0.600618,0.045666
3948_198_2074_2103,1,0,0.334981,0.300245,0.034236,0.209727,0.017984,0.040211,0.062616
3949_197_1262_1418,3,4,0.011043,0.216112,0.073024,0.165927,0.4825,0.005212,0.046181
3949_197_1769_2063,6,3,0.014725,0.128224,0.111061,0.452479,0.104348,0.005806,0.183358
3949_198_1504_1710,4,2,0.020329,0.149087,0.615275,0.02612,0.06388,0.095896,0.029413
3949_198_155_298,2,2,0.007365,0.045041,0.780462,0.013675,0.060045,0.019913,0.073499
3949_198_2110_2283,6,2,0.017326,0.137949,0.333096,0.083259,0.101964,0.017714,0.308691
3949_197_913_1171,6,2,0.012996,0.180213,0.270532,0.17929,0.140338,0.024327,0.192304
3949_198_479_599,5,5,0.025722,0.025773,0.021827,0.008555,0.010339,0.89356,0.014224
3949_197_315_461,3,3,0.006368,0.051981,0.049942,0.603431,0.02562,0.056465,0.206195
3949_198_31_75,2,2,0.005067,0.014329,0.904094,0.009337,0.013202,0.041176,0.012794
3949_198_799_880,4,5,0.030298,0.096234,0.294451,0.02618,0.023031,0.403662,0.126144
3949_197_644_767,3,3,0.007102,0.115808,0.199103,0.36999,0.240087,0.005816,0.062094
3949_197_103_115,3,6,0.02073,0.102668,0.055445,0.224414,0.167107,0.011606,0.41803
3949_198_1202_1247,5,5,0.02064,0.04748,0.047166,0.010656,0.010358,0.818991,0.04471
3953_198_114_257,1,5,0.036727,0.135542,0.055191,0.018183,0.066463,0.613181,0.074712
3953_197_2011_2131,3,3,0.017458,0.067387,0.053409,0.631678,0.039448,0.032172,0.158448
3953_197_1005_1205,3,3,0.011004,0.016189,0.038423,0.738041,0.016576,0.148207,0.03156
3953_197_1581_1691,3,1,0.143551,0.276197,0.09176,0.080619,0.089161,0.045837,0.272874
3953_198_1712_2009,3,3,0.025917,0.075455,0.121496,0.424416,0.106594,0.06179,0.184332
3953_198_737_975,1,1,0.019584,0.272663,0.244398,0.062931,0.21686,0.049363,0.134202
3953_197_1297_1451,3,3,0.036935,0.113157,0.091968,0.470528,0.069135,0.052029,0.166249
3953_198_378_606,1,6,0.019719,0.25686,0.124269,0.037731,0.078959,0.118944,0.363519
3953_197_290_378,4,5,0.01369,0.05517,0.074654,0.010048,0.015176,0.804029,0.027235
3953_197_607_730,4,4,0.029441,0.323657,0.061572,0.015456,0.508891,0.024133,0.036849
3953_197_31_114,3,3,0.01389,0.009371,0.024995,0.857867,0.013054,0.028893,0.05193
3953_198_1463_1569,6,2,0.035415,0.134636,0.31162,0.076009,0.071696,0.118307,0.252317
3953_198_1219_1293,5,5,0.016241,0.027242,0.063636,0.205343,0.02361,0.524381,0.139546
3951_198_2240_2692,1,4,0.046954,0.109411,0.104104,0.254403,0.267275,0.040352,0.177501
3951_198_124_402,6,3,0.034823,0.054836,0.07932,0.335105,0.193594,0.039546,0.262776
3951_197_1136_1389,3,3,0.031051,0.065331,0.076514,0.491298,0.071594,0.142263,0.121948
3951_197_2693_2976,3,3,0.024012,0.103402,0.074404,0.382964,0.091034,0.111056,0.213128
3951_198_1397_1869,1,4,0.026814,0.191731,0.099647,0.059714,0.436771,0.032902,0.152421
3951_198_3435_3552,6,6,0.034455,0.12368,0.119012,0.279183,0.10821,0.034878,0.300582
3951_197_3085_3432,3,4,0.030612,0.189847,0.156987,0.127085,0.23766,0.021299,0.236511
3951_198_698_1129,6,4,0.050395,0.126486,0.054501,0.189148,0.352782,0.031214,0.195473
3951_197_1870_2239,4,4,0.034981,0.188101,0.073978,0.101089,0.329363,0.032823,0.239665
3951_197_529_690,3,5,0.019721,0.060797,0.120461,0.146567,0.08798,0.455559,0.108914
3951_198_2986_3076,6,3,0.007066,0.011371,0.114296,0.664629,0.030452,0.020377,0.151808
3951_197_403_464,5,5,0.04912,0.081527,0.192475,0.167185,0.039012,0.248602,0.222079
3951_198_465_527,6,3,0.075622,0.086699,0.059451,0.367708,0.076243,0.103458,0.230821
3951_197_31_113,3,3,0.046354,0.094458,0.071547,0.396784,0.073346,0.077221,0.24029
3955_197_2351_2842,1,4,0.015596,0.088134,0.127045,0.068835,0.616403,0.00666,0.077326
3955_197_1232_1333,1,4,0.038905,0.281306,0.05151,0.040025,0.544428,0.010505,0.03332
3955_198_770_1217,4,0,0.328832,0.166738,0.020404,0.135922,0.298732,0.033775,0.015596
3955_198_169_625,1,4,0.01374,0.100301,0.020703,0.013013,0.826537,0.009222,0.016484
3955_198_1365_1947,1,0,0.28112,0.280485,0.044157,0.056975,0.272584,0.026424,0.038254
3955_197_3034_3473,1,4,0.026376,0.118086,0.109743,0.16325,0.414834,0.012885,0.154826
3955_198_2945_2971,1,6,0.02547,0.061827,0.103123,0.232171,0.20038,0.033791,0.343239
3955_198_2116_2328,1,4,0.089514,0.171996,0.14698,0.031581,0.497772,0.033196,0.02896
3955_197_31_125,1,4,0.041997,0.26537,0.065297,0.027277,0.539209,0.011576,0.049274
3955_197_643_737,1,1,0.06108,0.514361,0.026492,0.008222,0.37549,0.003124,0.011232
3955_197_1979_2055,1,4,0.014781,0.216426,0.0635,0.006551,0.669253,0.012692,0.016798
3955_198_3568_3703,1,4,0.008007,0.085417,0.033328,0.019818,0.814954,0.004545,0.03393
3954_198_1280_1668,1,4,0.05905,0.175948,0.058858,0.045875,0.544031,0.043918,0.072321
3954_197_150_272,1,5,0.038366,0.036405,0.029628,0.015325,0.007402,0.85708,0.015793
3954_198_1791_1923,1,4,0.025411,0.076703,0.165323,0.011816,0.679349,0.009613,0.031786
3954_198_2073_2261,1,1,0.236459,0.300304,0.055876,0.117982,0.106557,0.055099,0.127722
3954_198_31_127,4,4,0.014086,0.09867,0.050791,0.029578,0.76,0.012137,0.034737
3954_198_569_1152,1,4,0.061471,0.172243,0.037929,0.105269,0.517164,0.030597,0.075327
3954_198_294_364,1,4,0.024187,0.196828,0.016343,0.024989,0.70551,0.008615,0.023527
3954_197_388_543,1,1,0.339785,0.472635,0.033468,0.010479,0.037612,0.077365,0.028656
3954_197_2281_2291,1,5,0.012089,0.045955,0.052955,0.069097,0.036858,0.726338,0.056708
3954_197_1200_1245,1,1,0.134884,0.351308,0.153396,0.017231,0.055207,0.238354,0.04962
3954_197_1931_2007,1,1,0.156798,0.583026,0.031975,0.03395,0.100277,0.067322,0.026653
3954_197_1709_1744,1,2,0.031224,0.113962,0.369329,0.06926,0.079984,0.212796,0.123445
3952_197_31_133,5,6,0.1645,0.09425,0.081254,0.058838,0.018511,0.179149,0.403498
3952_197_1272_1388,1,1,0.036581,0.522678,0.077859,0.013502,0.271403,0.007353,0.070623
3952_198_1606_1691,1,2,0.064738,0.254856,0.286735,0.018547,0.057044,0.146118,0.171962
3952_198_141_281,2,1,0.088608,0.222007,0.169387,0.100285,0.172208,0.145287,0.102217
3952_197_1447_1601,1,3,0.038081,0.161486,0.171602,0.342687,0.083717,0.029833,0.172593
3952_198_943_1060,1,3,0.11389,0.179886,0.043386,0.348839,0.061404,0.025048,0.227548
3952_197_510_683,1,1,0.044384,0.543652,0.077683,0.015457,0.106991,0.009762,0.202071
3952_197_1083_1182,1,1,0.053561,0.468378,0.115586,0.026967,0.236169,0.004834,0.094507
3952_197_1735_1776,0,4,0.014157,0.130494,0.119559,0.029134,0.513442,0.008328,0.184887
3952_197_292_407,0,1,0.122148,0.547184,0.046069,0.043777,0.043602,0.023724,0.173496
3952_198_417_501,5,5,0.03722,0.06476,0.158974,0.023773,0.022324,0.528504,0.164445
3952_198_1193_1255,2,6,0.032179,0.098027,0.164018,0.144603,0.047845,0.07421,0.439118
3952_198_699_829,1,5,0.032249,0.046805,0.05116,0.044406,0.034938,0.698707,0.091735
3952_198_1403_1433,1,5,0.008884,0.024594,0.035823,0.061438,0.024742,0.730053,0.114465
3952_197_871_906,1,3,0.033313,0.112631,0.11642,0.362382,0.120449,0.024986,0.229819
3959_197_31_146,3,3,0.011657,0.032086,0.111117,0.534757,0.237199,0.020082,0.053101
3959_198_1177_1586,4,4,0.011347,0.046433,0.059317,0.291751,0.329189,0.149083,0.11288
3959_198_2016_2170,5,4,0.015809,0.059512,0.101961,0.068007,0.270861,0.245684,0.238165
3959_197_1592_1732,4,4,0.003956,0.070797,0.031595,0.016242,0.862486,0.005185,0.009739
3959_198_174_395,6,4,0.01028,0.075703,0.023675,0.007902,0.8497,0.004661,0.028079
3959_197_1821_1982,5,4,0.013984,0.106205,0.106829,0.013753,0.464936,0.09227,0.202024
3959_198_1761_1809,5,5,0.01991,0.047311,0.067337,0.064675,0.206758,0.464821,0.129188
3959_197_2197_2247,5,5,0.037145,0.051899,0.272244,0.011091,0.039254,0.449722,0.138645
3959_198_760_947,6,4,0.051965,0.196546,0.078512,0.060757,0.434824,0.04482,0.132576
3959_197_436_605,4,4,0.011599,0.147176,0.046121,0.185651,0.562743,0.007329,0.039382
3959_197_1007_1174,2,4,0.01368,0.131296,0.299365,0.057575,0.397347,0.022336,0.078401
3959_198_629_699,6,4,0.036398,0.340756,0.075194,0.065868,0.355471,0.035596,0.090717
3959_197_715_734,4,3,0.018202,0.113325,0.110326,0.496688,0.134561,0.032041,0.094858
3958_198_2414_2753,3,4,0.023169,0.197776,0.097738,0.221163,0.406758,0.027856,0.02554
3958_197_31_238,5,5,0.074654,0.155609,0.141558,0.032904,0.025871,0.354577,0.214827
3958_197_1241_1511,5,3,0.027924,0.067195,0.031236,0.496594,0.248675,0.047317,0.081057
3958_198_1089_1219,6,3,0.05154,0.200768,0.062413,0.359927,0.136589,0.037859,0.150905
3958_197_2788_2954,1,1,0.040685,0.469928,0.076299,0.195516,0.156701,0.021879,0.038992
3958_197_808_1055,3,5,0.015999,0.02547,0.030872,0.330808,0.057022,0.532573,0.007256
3958_198_2050_2264,1,4,0.033775,0.141169,0.084945,0.180987,0.28853,0.05821,0.212385
3958_198_1532_1883,6,3,0.022537,0.079914,0.049143,0.567916,0.118267,0.10814,0.054083
3958_197_441_676,5,3,0.012225,0.03932,0.052628,0.579725,0.07696,0.157096,0.082046
3958_197_2276_2389,3,4,0.023859,0.169344,0.182526,0.130067,0.36951,0.034851,0.089843
3958_197_1884_2034,4,4,0.006941,0.154402,0.215725,0.038988,0.497717,0.036541,0.049686
3958_198_704_774,3,5,0.024578,0.047564,0.045074,0.085502,0.022027,0.737458,0.037798
3958_198_3013_3087,3,3,0.004279,0.006404,0.007441,0.918745,0.007016,0.017936,0.038178
3958_198_268_414,3,5,0.021138,0.024229,0.034774,0.058588,0.022457,0.784176,0.054638
3963_199_1213_1451,3,3,0.018401,0.033472,0.070535,0.542482,0.248508,0.037912,0.04869
3963_199_2040_2145,3,3,0.020584,0.054744,0.052312,0.559703,0.174787,0.029053,0.108817
3963_200_1017_1199,3,3,0.010111,0.014381,0.025846,0.516495,0.060459,0.18806,0.184648
3963_199_1575_1786,3,1,0.268066,0.411475,0.035704,0.149096,0.059777,0.035805,0.040076
3963_199_250_502,1,3,0.039392,0.052504,0.058145,0.415326,0.149401,0.189249,0.095983
3963_200_1803_2025,2,4,0.007412,0.04307,0.129188,0.303762,0.406359,0.051876,0.058333
3963_199_784_1009,3,3,0.007322,0.004075,0.024977,0.826127,0.037438,0.082666,0.017395
3963_200_130_248,5,5,0.02789,0.020603,0.004929,0.03594,0.010674,0.886575,0.013389
3963_200_518_657,1,3,0.024816,0.042817,0.036661,0.631174,0.063306,0.080505,0.120721
3963_199_31_110,5,4,0.015694,0.028788,0.075798,0.279657,0.353178,0.043062,0.203823
3963_200_1464_1560,3,3,0.022827,0.035151,0.013612,0.77916,0.021564,0.015064,0.112623
3963_199_670_728,3,3,0.013383,0.010012,0.030111,0.738457,0.023338,0.121795,0.062904
3963_200_735_771,5,5,0.011025,0.015468,0.010908,0.03107,0.011825,0.882855,0.03685
3963_200_2156_2178,3,3,0.006249,0.016142,0.01921,0.822,0.042227,0.026037,0.068135
3966_199_31_131,1,5,0.058132,0.173553,0.079634,0.078829,0.084054,0.453996,0.071802
3966_199_1277_1659,1,1,0.229119,0.425586,0.024385,0.022067,0.2651,0.01897,0.014772
3966_199_1912_2131,3,3,0.008104,0.011703,0.015915,0.881551,0.041638,0.014945,0.026143
3966_200_1106_1262,1,3,0.060908,0.152589,0.028968,0.503283,0.089105,0.073608,0.09154
3966_199_244_342,1,6,0.066555,0.24521,0.025342,0.25419,0.088869,0.043361,0.276474
3966_200_1689_1799,0,0,0.484811,0.476588,0.008454,0.010052,0.007755,0.007041,0.005299
3966_199_928_1050,1,1,0.308099,0.433885,0.017606,0.082711,0.041966,0.085386,0.030347
3966_200_164_236,5,1,0.238253,0.341941,0.034043,0.067345,0.131778,0.038486,0.148154
3966_200_594_680,3,3,0.005716,0.006719,0.012624,0.828478,0.017266,0.067011,0.062185
3966_199_467_555,3,4,0.014905,0.174117,0.145647,0.044579,0.335119,0.117467,0.168165
3966_200_397_446,3,6,0.042089,0.128325,0.067515,0.223995,0.089248,0.125634,0.323194
3966_199_689_838,4,5,0.021243,0.102141,0.049112,0.070627,0.23891,0.417656,0.100311
3966_200_844_914,1,3,0.035261,0.063397,0.035663,0.587898,0.060163,0.048712,0.168905
3967_199_31_139,1,5,0.080771,0.074423,0.018034,0.011213,0.009175,0.796804,0.00958
3967_199_1144_1433,1,0,0.473773,0.272985,0.027879,0.055031,0.050942,0.093209,0.026181
3967_199_1581_1788,1,0,0.572154,0.314157,0.011361,0.012651,0.016038,0.063707,0.009931
3967_200_1822_2024,0,1,0.375338,0.564139,0.00796,0.007586,0.032475,0.005437,0.007065
3967_200_1455_1578,0,0,0.885807,0.077388,0.002702,0.0039,0.003853,0.024073,0.002277
3967_199_903_992,1,5,0.052934,0.020942,0.005133,0.005106,0.016847,0.894463,0.004574
3967_200_180_252,1,0,0.577119,0.27685,0.015702,0.005187,0.012663,0.097471,0.015008
3967_200_458_683,0,0,0.516133,0.3545,0.027287,0.0267,0.017755,0.032139,0.025486
3967_200_1017_1131,1,1,0.08248,0.812166,0.0129,0.009796,0.020228,0.006242,0.056188
3967_199_277_437,1,0,0.525275,0.348795,0.028775,0.011312,0.014589,0.052069,0.019187
3967_200_779_886,1,1,0.319408,0.613888,0.014943,0.002071,0.010538,0.013854,0.025298
3967_199_691_758,0,1,0.202176,0.217548,0.030453,0.125453,0.048313,0.175405,0.200652
3968_200_2018_2120,1,1,0.273609,0.364482,0.012938,0.189834,0.036936,0.072649,0.049551
3968_199_945_1269,3,3,0.047333,0.077734,0.011643,0.765625,0.02796,0.053632,0.016072
3968_200_159_310,3,5,0.101223,0.045926,0.006889,0.079276,0.008493,0.754201,0.003992
3968_199_1792_1983,3,3,0.068816,0.039433,0.017759,0.754383,0.03253,0.06709,0.01999
3968_199_1434_1645,3,3,0.053113,0.068382,0.008875,0.750747,0.063218,0.03765,0.018014
3968_200_1300_1408,1,3,0.058073,0.178443,0.01232,0.564053,0.060167,0.039077,0.087867
3968_200_1692_1790,4,3,0.064829,0.158415,0.018084,0.583975,0.063059,0.015692,0.095947
3968_199_327_499,3,3,0.063629,0.088714,0.026808,0.507964,0.224008,0.079054,0.009824
3968_199_594_812,3,3,0.057382,0.060556,0.004921,0.696414,0.037486,0.137192,0.006049
3968_199_31_117,3,3,0.003986,0.000977,0.005581,0.940414,0.009382,0.033491,0.00617
3968_199_2120_2206,1,3,0.109318,0.107628,0.008608,0.471151,0.01819,0.280881,0.004223
3968_200_827_918,1,0,0.370585,0.284435,0.018139,0.107422,0.037628,0.147156,0.034635
3968_200_552_577,0,5,0.290633,0.266731,0.005799,0.056808,0.022177,0.321603,0.036249
3971_199_31_294,4,0,0.492235,0.430932,0.009093,0.013889,0.029171,0.017099,0.00758
3971_200_1220_1311,1,0,0.436184,0.229846,0.006631,0.215007,0.016254,0.056716,0.039362
3971_199_2004_2226,1,0,0.722478,0.218594,0.00638,0.004415,0.036394,0.007793,0.003948
3971_199_968_1195,1,0,0.54235,0.252732,0.06866,0.015979,0.016375,0.093648,0.010257
3971_200_1653_1740,0,0,0.806594,0.123499,0.005884,0.029595,0.003387,0.010485,0.020556
3971_199_1773_1925,5,5,0.076044,0.109523,0.123757,0.046266,0.017888,0.601974,0.024548
3971_200_736_940,4,0,0.810069,0.124968,0.006625,0.02555,0.005133,0.017606,0.01005
3971_200_2260_2333,0,0,0.902118,0.042668,0.005705,0.011884,0.004538,0.025047,0.00804
3971_199_413_705,1,3,0.156587,0.20217,0.046291,0.373374,0.040585,0.105711,0.075283
3971_200_331_407,0,0,0.808745,0.127693,0.003667,0.009639,0.004725,0.039168,0.006363
3971_199_1532_1608,1,1,0.396419,0.485919,0.012053,0.019952,0.033971,0.022525,0.02916
3971_200_1962_1985,1,1,0.282988,0.466475,0.090257,0.017078,0.065686,0.042073,0.035441
3974_199_2056_2566,4,3,0.088707,0.120587,0.150068,0.289587,0.196097,0.041973,0.112979
3974_200_31_175,0,0,0.826399,0.056546,0.016701,0.020516,0.008075,0.064795,0.006968
3974_199_1214_1768,1,2,0.169684,0.193477,0.232897,0.10383,0.123897,0.05117,0.125045
3974_200_1030_1192,0,0,0.723602,0.104535,0.007575,0.106137,0.006431,0.043873,0.007848
3974_199_205_583,4,3,0.030248,0.099002,0.207892,0.385361,0.095155,0.033488,0.148854
3974_199_746_1002,4,3,0.066745,0.131945,0.136714,0.37107,0.099381,0.032203,0.161942
3974_200_607_714,0,0,0.775222,0.069765,0.014732,0.020581,0.008005,0.106457,0.005238
3974_200_2595_2702,0,0,0.610137,0.037536,0.032308,0.137485,0.014562,0.160471,0.007502
3974_199_2722_2746,4,2,0.037052,0.075166,0.236746,0.181249,0.217469,0.192121,0.060197
3974_200_1799_2040,0,0,0.948442,0.015676,0.013259,0.001841,0.003361,0.015771,0.00165
3970_199_31_132,1,5,0.033162,0.187827,0.051556,0.036508,0.045232,0.570907,0.074809
3970_199_1262_1349,1,1,0.092238,0.406585,0.031272,0.03458,0.113364,0.246391,0.07557
3970_199_1964_2166,1,1,0.158969,0.590241,0.029297,0.048958,0.04186,0.105341,0.025333
3970_200_1079_1234,3,1,0.186088,0.421542,0.042466,0.146635,0.081575,0.070799,0.050894
3970_199_1643_1809,1,1,0.264461,0.418138,0.028509,0.144636,0.05183,0.052416,0.040009
3970_199_244_410,1,0,0.560826,0.330343,0.010788,0.007165,0.017685,0.068276,0.004915
3970_199_1461_1572,1,1,0.393434,0.450549,0.019387,0.022195,0.057118,0.034088,0.023227
3970_199_559_1065,1,0,0.642897,0.294672,0.005676,0.011458,0.009903,0.028912,0.006483
3970_200_168_243,5,5,0.004497,0.009348,0.00612,0.00988,0.006676,0.946275,0.017205
3970_200_451_547,1,6,0.16812,0.211495,0.018341,0.132309,0.015103,0.025814,0.428819
3970_200_1829_1961,3,6,0.218808,0.201548,0.027319,0.015553,0.077249,0.177392,0.282131
3970_200_1374_1440,1,1,0.211917,0.291244,0.042274,0.102135,0.056256,0.260897,0.035278
3970_200_1591_1612,5,5,0.012415,0.019673,0.0138,0.059741,0.015938,0.854885,0.023548
3975_200_31_158,0,0,0.773002,0.114456,0.014446,0.055089,0.010461,0.02691,0.005636
3975_199_975_1399,3,3,0.043746,0.033073,0.020709,0.748304,0.021978,0.067188,0.065001
3975_199_1492_1735,3,3,0.040728,0.08596,0.028459,0.694873,0.041215,0.04736,0.061405
3975_199_177_305,4,3,0.08702,0.069841,0.033379,0.535459,0.117954,0.047158,0.10919
3975_200_1771_2026,3,1,0.198723,0.301804,0.048335,0.243081,0.098863,0.086117,0.023076
3975_200_1425_1490,5,5,0.023015,0.016552,0.051775,0.070521,0.050833,0.735817,0.051489
3975_199_479_867,3,3,0.015097,0.016548,0.022145,0.81452,0.048603,0.012987,0.070101
3975_199_2049_2155,3,3,0.034857,0.205041,0.036287,0.613165,0.022175,0.030562,0.057913
3969_199_112_273,4,5,0.014893,0.02234,0.095666,0.052439,0.185009,0.578332,0.051321
3969_199_2006_2108,3,3,0.005675,0.005314,0.045993,0.816827,0.045324,0.047112,0.033754
3969_199_1076_1240,3,3,0.005752,0.008701,0.043834,0.813259,0.08827,0.023326,0.016858
3969_200_1576_1756,3,3,0.005748,0.010933,0.039236,0.901168,0.013492,0.017993,0.011429
3969_199_1796_1922,3,3,0.007039,0.019993,0.022992,0.826869,0.047305,0.047452,0.028349
3969_200_942_1069,4,2,0.018096,0.305782,0.543147,0.011489,0.07374,0.037885,0.009861
3969_200_1317_1460,3,3,0.003471,0.007555,0.023281,0.763881,0.003949,0.191523,0.00634
3969_199_2224_2472,3,3,0.009624,0.006406,0.010291,0.912993,0.017887,0.01065,0.032149
3969_199_556_607,1,6,0.018821,0.023166,0.046651,0.211646,0.247042,0.09613,0.356543
3969_200_285_536,2,5,0.035962,0.153326,0.102069,0.032591,0.042989,0.607162,0.025901
3969_200_626_776,2,5,0.019551,0.234722,0.166837,0.015485,0.01135,0.53645,0.015605
3969_200_31_90,2,2,0.047294,0.249199,0.51957,0.013077,0.012259,0.144443,0.014158
3969_199_1466_1531,3,3,0.00906,0.025272,0.045286,0.740964,0.061665,0.06539,0.052363
3969_199_791_916,3,4,0.015461,0.038788,0.082754,0.094288,0.610822,0.041633,0.116254
3969_200_2157_2217,2,1,0.074042,0.226147,0.0837,0.213553,0.094949,0.207315,0.100294
3969_200_1953_1990,3,3,0.005862,0.030373,0.085374,0.682697,0.03412,0.137252,0.024321
3977_199_109_172,4,4,0.018628,0.18788,0.05808,0.033896,0.50552,0.012402,0.183594
3977_199_1263_1448,3,3,0.009681,0.015036,0.039386,0.6836,0.161671,0.013024,0.077602
3977_199_846_931,4,4,0.014697,0.093803,0.057323,0.319831,0.382105,0.008437,0.123803
3977_200_200_240,5,5,0.00166,0.007704,0.004493,0.012731,0.006904,0.952397,0.014112
3977_199_493_715,4,4,0.050979,0.324411,0.022003,0.034485,0.535802,0.016085,0.016236
3977_199_1018_1177,4,4,0.018223,0.178049,0.049102,0.201655,0.456337,0.029317,0.067318
3977_200_313_468,4,5,0.009271,0.098357,0.023599,0.024189,0.061889,0.766638,0.016057
3977_200_31_82,4,5,0.023972,0.094413,0.045434,0.077414,0.250599,0.362583,0.145586
3977_200_1469_1577,3,3,0.008733,0.005964,0.009755,0.894052,0.02097,0.044943,0.015583
3977_200_751_776,6,3,0.051555,0.043522,0.035501,0.311258,0.032297,0.257476,0.268392
3977_200_965_1015,4,1,0.036882,0.447519,0.095416,0.013066,0.257527,0.016709,0.132882
3977_200_1204_1246,3,3,0.010149,0.006129,0.011731,0.864132,0.027793,0.06935,0.010717
3977_199_259_291,4,3,0.014673,0.036635,0.046806,0.454163,0.216686,0.007658,0.22338
3981_200_128_214,5,5,0.020046,0.041832,0.033213,0.063489,0.046462,0.771978,0.02298
3981_199_1978_2159,4,1,0.139709,0.422785,0.057038,0.130038,0.050261,0.076737,0.123432
3981_200_970_1191,4,0,0.509978,0.26508,0.02276,0.088527,0.05047,0.037687,0.025499
3981_199_1533_1714,4,3,0.034317,0.239467,0.067178,0.397329,0.128428,0.042687,0.090593
3981_199_240_393,1,1,0.099959,0.307943,0.184936,0.128307,0.060545,0.132837,0.085472
3981_200_1732_1954,1,0,0.47908,0.258954,0.02682,0.104126,0.029331,0.083279,0.01841
3981_200_1319_1499,1,5,0.040438,0.065422,0.015465,0.026979,0.055093,0.778983,0.017619
3981_200_2185_2264,1,0,0.809821,0.051773,0.004893,0.01825,0.004583,0.105366,0.005314
3981_199_919_942,5,5,0.037693,0.064589,0.078023,0.032969,0.02292,0.605212,0.158594
3981_199_555_743,4,1,0.053812,0.407231,0.068801,0.185858,0.186198,0.02432,0.07378
3981_200_436_519,4,1,0.080338,0.346431,0.081477,0.139622,0.073645,0.088479,0.190008
3981_199_31_103,1,5,0.017059,0.048065,0.047648,0.016592,0.025237,0.764975,0.080423
3981_199_1225_1284,3,3,0.006355,0.057722,0.073512,0.438632,0.364809,0.036541,0.022428
3981_200_791_906,4,1,0.095175,0.60731,0.029285,0.005101,0.242599,0.007275,0.013256
3978_199_31_183,3,3,0.026176,0.060783,0.036836,0.684242,0.09243,0.070055,0.029477
3978_199_1270_1303,5,5,0.007491,0.010809,0.005957,0.060739,0.007178,0.885024,0.022802
3978_199_983_1193,3,3,0.061183,0.141203,0.019302,0.621123,0.037992,0.106392,0.012805
3978_199_1654_1725,5,5,0.018141,0.085916,0.12462,0.266682,0.033089,0.33095,0.140602
3978_200_227_304,3,3,0.00481,0.010261,0.011192,0.878682,0.0122,0.068687,0.014167
3978_200_1745_1848,6,3,0.021228,0.046083,0.022478,0.753675,0.05899,0.027995,0.069551
3978_199_1378_1470,4,1,0.088437,0.414339,0.034844,0.29069,0.056361,0.058752,0.056577
3978_200_844_971,1,3,0.022969,0.054053,0.014238,0.706453,0.053002,0.023859,0.125426
3978_200_1318_1361,6,3,0.022446,0.073099,0.020435,0.591161,0.035245,0.048467,0.209148
3978_199_568_719,3,3,0.005495,0.006024,0.009517,0.928652,0.012373,0.023655,0.014284
3978_199_322_394,3,3,0.004932,0.003762,0.017046,0.706989,0.011379,0.239015,0.016877
3978_200_412_541,3,3,0.006136,0.009068,0.011683,0.899252,0.021411,0.013018,0.039432
3978_200_1503_1636,1,3,0.048657,0.11834,0.025106,0.56772,0.053581,0.019574,0.167022
3978_199_798_823,6,5,0.011423,0.012344,0.013297,0.408964,0.006428,0.533786,0.013759
3978_200_756_780,3,3,0.020014,0.018326,0.042173,0.783017,0.067383,0.04383,0.025258
3978_200_1208_1241,1,3,0.085157,0.141553,0.053749,0.304815,0.100413,0.158576,0.155738
3984_199_124_220,5,3,0.008562,0.03444,0.019845,0.572443,0.019111,0.327744,0.017856
3984_199_1062_1399,3,3,0.013515,0.047139,0.031052,0.463746,0.397631,0.023689,0.023227
3984_199_2008_2105,3,3,0.008003,0.007765,0.006485,0.898756,0.01625,0.015799,0.046942
3984_200_1589_1726,3,3,0.007623,0.018405,0.018069,0.793347,0.100504,0.026884,0.035168
3984_200_221_553,3,3,0.012456,0.032082,0.012828,0.787755,0.055129,0.018153,0.081597
3984_199_1728_1823,5,3,0.005348,0.013996,0.036225,0.664926,0.026574,0.214243,0.038688
3984_200_1401_1519,3,3,0.009016,0.015526,0.010287,0.663937,0.045472,0.230873,0.02489
3984_200_2112_2348,3,3,0.020001,0.136874,0.011884,0.454502,0.241039,0.051088,0.084612
3984_200_31_122,3,3,0.040989,0.102024,0.039297,0.526731,0.170753,0.052502,0.067705
3984_199_774_990,3,3,0.010613,0.019214,0.013111,0.876203,0.035423,0.024071,0.021365
3984_199_553_636,3,3,0.003954,0.002571,0.005681,0.941939,0.005361,0.032224,0.008271
3984_200_638_773,1,3,0.012255,0.168783,0.036698,0.266023,0.217164,0.068965,0.230112
3984_200_990_1062,3,3,0.023272,0.138642,0.031594,0.279727,0.160821,0.232701,0.133243
3984_199_1526_1581,3,3,0.010055,0.015574,0.010573,0.855157,0.017959,0.017987,0.072696
3984_200_1829_2006,3,3,0.032658,0.202904,0.032968,0.304124,0.189631,0.087439,0.150276
3984_199_2356_2431,3,3,0.011623,0.096387,0.022017,0.66629,0.119531,0.064308,0.019844
3987_199_1260_1360,1,5,0.01292,0.069591,0.02009,0.034053,0.039131,0.785602,0.038613
3987_200_1875_2075,1,0,0.322549,0.085557,0.026185,0.234007,0.020209,0.279321,0.032171
3987_200_1039_1245,1,3,0.015656,0.018516,0.015436,0.840204,0.007504,0.074174,0.028509
3987_199_1569_1686,3,3,0.003956,0.004039,0.006366,0.49864,0.009918,0.467862,0.009218
3987_200_155_263,1,1,0.058606,0.666392,0.052711,0.037601,0.121335,0.035366,0.02799
3987_200_1702_1830,1,0,0.465938,0.459836,0.00329,0.018674,0.02662,0.012492,0.013149
3987_200_1378_1546,1,5,0.148951,0.157629,0.025328,0.215137,0.016073,0.344686,0.092196
3987_200_749_935,1,1,0.070443,0.384266,0.094203,0.083161,0.133002,0.199615,0.035309
3987_199_945_1025,5,5,0.011496,0.016263,0.008732,0.013258,0.018925,0.912068,0.019258
3987_199_569_734,1,3,0.030892,0.070786,0.046521,0.639462,0.0512,0.124362,0.036776
3987_200_356_552,1,4,0.014879,0.058733,0.050386,0.025626,0.823229,0.019499,0.007648
3987_199_31_98,1,3,0.037129,0.149725,0.03256,0.535903,0.047193,0.092777,0.104713
3987_199_273_333,1,3,0.022367,0.166237,0.046689,0.419338,0.178388,0.053517,0.113464
3987_199_1842_1849,1,5,0.018857,0.034979,0.056501,0.065509,0.040882,0.702758,0.080515
3983_200_31_130,3,3,0.018411,0.023187,0.02492,0.664883,0.02407,0.12981,0.114719
3983_199_1137_1299,3,3,0.017048,0.027974,0.047289,0.533486,0.128466,0.064728,0.181009
3983_199_2005_2135,3,4,0.06448,0.203253,0.063005,0.203248,0.352478,0.026028,0.087508
3983_200_1637_1715,3,3,0.0039,0.006466,0.010095,0.92178,0.014687,0.025245,0.017827
3983_199_130_267,3,3,0.024246,0.072004,0.050388,0.477426,0.141743,0.042621,0.191571
3983_199_1731_1862,1,3,0.027292,0.115399,0.038365,0.600904,0.073093,0.020668,0.124278
3983_199_1407_1630,3,3,0.008939,0.03283,0.118827,0.503632,0.202361,0.058517,0.074894
3983_199_812_969,1,3,0.039061,0.220586,0.040638,0.346284,0.169736,0.139977,0.043718
3983_200_1302_1398,1,1,0.03824,0.511077,0.043094,0.207472,0.05444,0.025162,0.120516
3983_200_581_625,3,3,0.008234,0.004828,0.010033,0.860527,0.046801,0.059799,0.009778
3983_200_978_1124,4,3,0.040598,0.265301,0.019828,0.422174,0.182889,0.043646,0.025564
3983_200_273_418,3,3,0.018322,0.092249,0.063187,0.402014,0.312765,0.024371,0.087093
3983_199_638_742,3,3,0.018634,0.033327,0.049282,0.490633,0.179494,0.02647,0.202161
3983_199_425_570,1,3,0.020712,0.075211,0.083814,0.458277,0.250223,0.043349,0.068415
3983_200_1883_1993,3,3,0.01426,0.04974,0.022187,0.749299,0.090047,0.012728,0.061739
3983_200_750_810,1,1,0.036202,0.260749,0.033225,0.253885,0.246849,0.004437,0.164654
3985_200_2414_2537,4,3,0.029574,0.046947,0.023721,0.718236,0.053143,0.059136,0.069243
3985_199_92_175,3,3,0.061427,0.089053,0.014333,0.550821,0.034123,0.021097,0.229146
3985_199_1184_1304,0,0,0.63448,0.156454,0.023667,0.03802,0.025929,0.083856,0.037594
3985_200_1964_2052,4,3,0.023708,0.062576,0.037961,0.627689,0.060306,0.034168,0.153592
3985_200_1574_1822,1,3,0.054742,0.112485,0.084599,0.314751,0.232226,0.155295,0.045901
3985_200_181_356,0,0,0.713276,0.119591,0.006966,0.023833,0.009175,0.116646,0.010512
3985_199_1446_1567,0,0,0.510898,0.216797,0.033019,0.041512,0.042993,0.132906,0.021875
3985_199_2059_2413,0,1,0.185068,0.33304,0.024578,0.260101,0.057918,0.042817,0.096478
3985_200_839_1025,4,4,0.04095,0.173181,0.057353,0.233254,0.241933,0.21913,0.034199
3985_200_1304_1439,4,0,0.380629,0.147696,0.033196,0.223746,0.038119,0.10329,0.073323
3985_200_576_632,5,5,0.030167,0.030062,0.009344,0.025947,0.016303,0.871009,0.017168
3985_200_1065_1182,1,3,0.064166,0.19767,0.058506,0.270519,0.065861,0.076992,0.266286
3985_199_632_837,1,3,0.105379,0.117752,0.014165,0.388601,0.027262,0.197361,0.14948
3985_199_1025_1065,1,5,0.019201,0.023071,0.020112,0.401006,0.017951,0.416655,0.102005
3985_199_364_554,1,1,0.401393,0.434018,0.021432,0.035792,0.048436,0.039548,0.019381
3985_200_31_84,1,3,0.082268,0.08979,0.024943,0.466652,0.022646,0.03661,0.277092
3985_199_1829_1953,0,0,0.636097,0.123763,0.014523,0.029138,0.066031,0.127188,0.00326
3994_200_2489_2632,5,3,0.138289,0.302262,0.054585,0.326888,0.030401,0.119495,0.02808
3994_199_31_205,3,3,0.014822,0.030825,0.057775,0.733752,0.085666,0.023863,0.053299
3994_200_1157_1576,6,4,0.009509,0.048562,0.106417,0.211838,0.491565,0.023833,0.108276
3994_199_1938_2285,4,5,0.015816,0.036583,0.11349,0.308926,0.157906,0.324786,0.042493
3994_199_1589_1749,4,5,0.013937,0.047686,0.058358,0.073464,0.069786,0.716263,0.020506
3994_200_232_475,3,3,0.007513,0.002358,0.014412,0.897066,0.019701,0.053027,0.005922
3994_200_1792_1922,6,3,0.022911,0.053856,0.043565,0.657137,0.072788,0.069409,0.080335
3994_199_857_1131,3,3,0.023248,0.024597,0.037028,0.544972,0.300407,0.033032,0.036716
3994_200_2298_2328,6,3,0.03628,0.117622,0.130749,0.391016,0.055028,0.21205,0.057255
3994_199_498_593,3,3,0.018572,0.04448,0.010692,0.851983,0.022417,0.027133,0.024723
3994_200_616_812,3,3,0.01582,0.036492,0.036343,0.640081,0.202536,0.0263,0.042428
3994_199_2359_2480,4,4,0.062639,0.200567,0.120518,0.042973,0.449518,0.026513,0.097273
3993_200_2330_2508,1,0,0.676529,0.267468,0.006827,0.006996,0.010355,0.02298,0.008846
3993_199_31_329,4,1,0.082805,0.332711,0.056071,0.065289,0.318504,0.085937,0.058682
3993_199_1117_1453,1,0,0.626578,0.283365,0.018155,0.012209,0.015284,0.036635,0.007774
3993_199_2541_2909,5,5,0.249216,0.093346,0.019289,0.109116,0.018167,0.49246,0.018407
3993_200_889_1082,1,1,0.213738,0.536167,0.039925,0.043802,0.033408,0.049168,0.083793
3993_200_2926_3036,0,0,0.897054,0.065213,0.006819,0.004616,0.004875,0.014456,0.006967
3993_199_1909_2305,1,3,0.055031,0.039664,0.014951,0.763463,0.021956,0.083163,0.021773
3993_200_1745_1875,0,0,0.494719,0.243109,0.030579,0.126634,0.015298,0.026764,0.062897
3993_200_1479_1562,1,1,0.049037,0.529657,0.05615,0.010366,0.134382,0.024314,0.196093
3993_200_346_615,1,0,0.681641,0.274222,0.00469,0.006438,0.008443,0.019067,0.005499
3993_199_645_866,4,1,0.048713,0.44637,0.100854,0.05354,0.249119,0.080813,0.020592
3993_199_1590_1666,2,3,0.02648,0.194264,0.156825,0.451225,0.077751,0.032353,0.061102
3993_199_3058_3084,1,1,0.050616,0.453207,0.04023,0.044902,0.377639,0.007444,0.025962
3992_200_116_253,1,0,0.35006,0.291551,0.019429,0.179304,0.047985,0.041527,0.070143
3992_200_1098_1359,1,0,0.499484,0.345215,0.024838,0.077999,0.01277,0.016792,0.022904
3992_200_1961_2213,0,0,0.551939,0.051755,0.011841,0.215158,0.050082,0.111874,0.007351
3992_200_1564_1797,0,0,0.946593,0.03079,0.00342,0.003444,0.002439,0.011825,0.00149
3992_199_1822_1947,1,1,0.203066,0.382391,0.0465,0.098157,0.084301,0.127352,0.058234
3992_199_1374_1547,4,4,0.083002,0.257549,0.099529,0.07903,0.376227,0.047466,0.057198
3992_199_893_1058,4,3,0.098159,0.310182,0.027497,0.320863,0.147279,0.037007,0.059013
3992_199_2254_2379,3,3,0.028638,0.061435,0.036335,0.71509,0.056579,0.052667,0.049255
3992_199_541_649,4,0,0.397925,0.32573,0.0268,0.065622,0.054064,0.107486,0.022374
3992_199_271_404,4,1,0.156825,0.312392,0.06399,0.069652,0.222154,0.076465,0.098522
3992_200_414_522,1,3,0.065653,0.143048,0.009784,0.590716,0.113699,0.02221,0.05489
3992_199_31_79,5,5,0.027418,0.06188,0.128916,0.033522,0.043457,0.650703,0.054105
3992_200_2399_2466,1,0,0.54562,0.336572,0.023387,0.008029,0.025548,0.047945,0.012898
3992_200_662_886,0,0,0.787745,0.160922,0.006233,0.003515,0.012427,0.023999,0.005158
3991_200_114_161,6,6,0.031907,0.162537,0.03335,0.21773,0.080891,0.026365,0.44722
3991_200_1161_1293,1,3,0.265405,0.169065,0.020281,0.364613,0.046787,0.083405,0.050443
3991_200_1434_1669,3,0,0.523968,0.167217,0.01273,0.161296,0.019089,0.074939,0.040762
3991_200_926_1032,4,1,0.023642,0.396543,0.064311,0.032201,0.327523,0.012498,0.143282
3991_199_177_243,5,1,0.046744,0.365914,0.071246,0.051795,0.284962,0.11257,0.06677
3991_199_1310_1412,4,1,0.024794,0.360726,0.051245,0.202735,0.233883,0.015229,0.111388
3991_199_546_644,4,2,0.041748,0.130476,0.251059,0.229427,0.191222,0.040779,0.115289
3991_199_1065_1133,4,4,0.01324,0.08232,0.335418,0.104444,0.346343,0.018819,0.099416
3991_200_256_417,3,3,0.014918,0.030961,0.035796,0.656024,0.183039,0.022305,0.056957
3991_199_432_502,4,4,0.016618,0.157006,0.183693,0.205042,0.346621,0.014002,0.077018
3991_199_31_84,5,6,0.016383,0.042787,0.228089,0.271415,0.034475,0.078976,0.327875
3991_199_720_907,4,3,0.012426,0.040316,0.064681,0.729755,0.082842,0.026985,0.042994
3991_200_659_703,4,5,0.125226,0.191072,0.065746,0.191171,0.058779,0.191898,0.176108
3991_200_515_529,5,5,0.006484,0.015303,0.006213,0.034575,0.011035,0.897549,0.028842
3996_199_31_147,1,4,0.070969,0.23847,0.046864,0.102125,0.468901,0.011385,0.061286
3996_200_1159_1393,1,3,0.01478,0.052308,0.059905,0.60537,0.128272,0.064852,0.074513
3996_199_2036_2162,4,4,0.018691,0.16561,0.108985,0.128645,0.500561,0.032662,0.044845
3996_200_1543_1774,1,1,0.075403,0.696424,0.072507,0.071667,0.025097,0.021224,0.037678
3996_200_175_455,1,1,0.127765,0.637298,0.047891,0.025701,0.131595,0.019295,0.010455
3996_199_1781_1868,1,3,0.04767,0.069925,0.06481,0.368028,0.053286,0.236809,0.159472
3996_199_1403_1502,4,4,0.008427,0.081423,0.036161,0.029639,0.804692,0.003538,0.036121
3996_200_887_1018,3,3,0.017127,0.012777,0.032384,0.82729,0.039775,0.017955,0.052692
3996_199_1025_1146,4,4,0.016989,0.104542,0.043783,0.280113,0.472149,0.025452,0.056973
3996_200_595_713,3,3,0.004401,0.00441,0.010957,0.933967,0.003888,0.033422,0.008955
3996_199_466_576,3,3,0.00915,0.034145,0.033025,0.736271,0.088202,0.014922,0.084284
3996_199_728_867,3,3,0.017562,0.060331,0.024414,0.605665,0.119138,0.055036,0.117854
3996_200_1888_2028,1,5,0.103068,0.198242,0.052607,0.270444,0.033254,0.271353,0.071032
3997_199_2257_2494,3,3,0.040373,0.178287,0.031865,0.513518,0.165301,0.025751,0.044905
3997_199_31_463,3,3,0.025589,0.037318,0.037867,0.715136,0.087652,0.070848,0.025591
3997_199_1289_1389,3,3,0.009677,0.013978,0.031086,0.81011,0.01956,0.093718,0.021871
3997_199_1942_2121,3,3,0.020402,0.035216,0.065931,0.614273,0.10295,0.11985,0.041378
3997_200_1107_1283,3,3,0.008755,0.015328,0.014325,0.638123,0.030449,0.282479,0.01054
3997_200_1529_1767,5,5,0.009052,0.011713,0.01108,0.130065,0.022736,0.806817,0.008538
3997_199_1796_1893,4,3,0.011959,0.063109,0.071926,0.580721,0.221321,0.025961,0.025003
3997_200_1407_1463,5,5,0.084389,0.078808,0.021416,0.078329,0.066645,0.497613,0.1728
3997_200_2170_2247,3,3,0.007202,0.030475,0.048682,0.785343,0.016467,0.088929,0.022902
3997_199_731_1091,4,3,0.02068,0.036743,0.027474,0.769734,0.050461,0.044224,0.050684
3997_200_484_698,3,3,0.025262,0.085927,0.010225,0.743548,0.04693,0.032711,0.055397
3997_199_1475_1513,3,3,0.020653,0.045924,0.060082,0.607695,0.041356,0.023806,0.200484
3997_200_1898_1927,5,5,0.008839,0.031316,0.032537,0.18808,0.024616,0.656285,0.058327
3999_200_2449_2577,1,5,0.003082,0.013167,0.012495,0.036051,0.052862,0.873765,0.008578
3999_200_126_385,3,3,0.006757,0.008587,0.009939,0.918714,0.020756,0.011843,0.023404
3999_200_820_1297,3,3,0.01283,0.016433,0.013635,0.862494,0.028512,0.02436,0.041736
3999_200_1815_2071,3,3,0.013409,0.025893,0.021469,0.828477,0.038566,0.029649,0.042537
3999_199_1506_1780,3,3,0.042516,0.07191,0.018576,0.716295,0.067835,0.057502,0.025366
3999_200_1421_1470,3,3,0.012367,0.012865,0.014297,0.860335,0.011883,0.031439,0.056816
3999_199_1310_1411,3,5,0.009737,0.013246,0.028896,0.190124,0.023212,0.694046,0.040738
3999_199_2305_2431,3,4,0.017793,0.05443,0.113768,0.252833,0.424132,0.022109,0.114935
3999_199_617_788,3,3,0.003153,0.002417,0.013365,0.641289,0.016433,0.318555,0.004788
3999_199_407_478,3,3,0.005167,0.001136,0.005475,0.84635,0.005547,0.131202,0.005122
3999_199_31_101,3,3,0.010646,0.018258,0.092127,0.595583,0.038179,0.151072,0.094135
3999_199_2116_2201,3,4,0.005073,0.049118,0.156769,0.073246,0.668867,0.019671,0.027256
3999_200_504_589,3,3,0.004657,0.004137,0.012198,0.896544,0.040566,0.008265,0.033633
3999_200_2240_2291,5,5,0.028217,0.047502,0.04974,0.056424,0.094201,0.636214,0.087702
4000_199_2328_2711,3,3,0.030251,0.042238,0.016425,0.762637,0.056547,0.041747,0.050155
4000_199_31_359,3,3,0.01152,0.016178,0.058565,0.759332,0.091164,0.012994,0.050248
4000_199_724_1385,3,3,0.017261,0.050034,0.059755,0.678703,0.057471,0.04439,0.092385
4000_200_2757_2946,1,3,0.018864,0.044422,0.068639,0.561961,0.192562,0.075669,0.037883
4000_200_1405_1608,5,5,0.005877,0.022646,0.029483,0.219868,0.013494,0.673706,0.034926
4000_199_1744_2168,3,3,0.016081,0.05397,0.045265,0.564397,0.226655,0.025661,0.067971
4000_199_474_610,3,3,0.010752,0.051644,0.083469,0.592972,0.190424,0.033868,0.036871
4000_200_2222_2318,1,3,0.020566,0.056518,0.014896,0.777316,0.034547,0.069599,0.026558
4000_199_2962_3070,3,3,0.024023,0.021945,0.021392,0.711687,0.078835,0.015635,0.126484
4000_200_650_720,5,6,0.066411,0.182625,0.017882,0.108017,0.051946,0.283462,0.289657
4000_200_386_454,5,5,0.04531,0.055553,0.097985,0.232233,0.053119,0.407313,0.108488
4000_199_1624_1677,3,4,0.020758,0.152671,0.157158,0.159981,0.419328,0.021016,0.069088
4000_200_1699_1727,5,5,0.018194,0.048652,0.052405,0.221953,0.041125,0.432412,0.185259
3995_200_31_171,1,0,0.847861,0.056798,0.007942,0.015467,0.015261,0.053558,0.003113
3995_199_1245_1381,1,0,0.79439,0.082591,0.006077,0.029315,0.008958,0.073042,0.005627
3995_200_1159_1222,0,0,0.759062,0.14078,0.008066,0.035813,0.005564,0.026992,0.023724
3995_200_232_417,0,0,0.584944,0.148663,0.010295,0.149111,0.013995,0.054866,0.038126
3995_200_1387_1504,0,0,0.595499,0.151939,0.01275,0.164998,0.014529,0.022913,0.037371
3995_199_833_971,1,0,0.388701,0.269932,0.061431,0.140126,0.01999,0.046791,0.073029
3995_199_427_622,1,0,0.727479,0.068342,0.010234,0.026744,0.010657,0.149213,0.007331
3995_199_1114_1151,1,0,0.70357,0.102337,0.015972,0.011747,0.01547,0.143494,0.00741
3995_200_635_816,0,0,0.393379,0.107628,0.017701,0.385737,0.012416,0.053814,0.029325
3995_199_1511_1570,0,0,0.698904,0.134206,0.019732,0.046582,0.012257,0.066324,0.021994
3995_200_1574_1616,0,0,0.811744,0.033007,0.013342,0.092664,0.004393,0.016742,0.028107
3995_199_1623_1677,1,1,0.170509,0.302999,0.024975,0.218273,0.039488,0.141221,0.102535
4323_217_31_155,4,5,0.053061,0.030291,0.012191,0.363198,0.03061,0.377069,0.133579
4323_217_1277_1379,1,5,0.034358,0.282561,0.026053,0.04086,0.108865,0.421564,0.085737
4323_218_1098_1268,1,3,0.023959,0.166908,0.078233,0.369483,0.043676,0.075015,0.242726
4323_217_211_572,4,1,0.10254,0.335799,0.034217,0.078594,0.162026,0.048972,0.237851
4323_218_1398_1552,1,3,0.015246,0.289389,0.04755,0.393455,0.022272,0.03863,0.193459
4323_218_801_1048,0,1,0.015019,0.309363,0.078327,0.110089,0.05347,0.272221,0.161511
4323_218_166_183,5,5,0.014565,0.040484,0.019828,0.043379,0.016304,0.792988,0.07245
4323_217_1727_1786,1,1,0.06031,0.505501,0.030662,0.032065,0.046403,0.179638,0.145421
4323_218_604_731,4,1,0.047326,0.480562,0.070555,0.041472,0.071277,0.145463,0.143345
4323_217_1566_1672,1,1,0.048576,0.352424,0.061041,0.169933,0.131184,0.125802,0.111039
4323_218_1681_1716,3,3,0.036481,0.060001,0.017493,0.52549,0.012091,0.314123,0.03432
4323_217_743_756,2,6,0.04499,0.071055,0.027798,0.078787,0.030876,0.266964,0.47953
4323_217_1061_1078,1,5,0.030511,0.05765,0.026291,0.086171,0.020132,0.64694,0.132304
4322_218_118_331,1,0,0.580736,0.083846,0.004985,0.008271,0.009731,0.310392,0.002039
4322_218_1096_1297,3,3,0.028139,0.122013,0.020335,0.658317,0.037148,0.084134,0.049914
4322_218_1369_1478,3,0,0.536202,0.256472,0.017319,0.033253,0.01861,0.125324,0.012819
4322_218_899_1022,3,5,0.012403,0.018175,0.007391,0.472223,0.011166,0.473611,0.00503
4322_217_1302_1361,1,3,0.076106,0.148516,0.011534,0.45833,0.011479,0.2568,0.037234
4322_217_498_670,5,5,0.048968,0.169034,0.036844,0.07177,0.124199,0.498605,0.050579
4322_217_1029_1068,3,5,0.005035,0.015023,0.023326,0.393197,0.017632,0.523318,0.02247
4322_218_417_492,5,5,0.257185,0.129119,0.033329,0.027758,0.023533,0.487864,0.041213
4322_217_31_94,3,3,0.047131,0.045664,0.033948,0.486215,0.092419,0.014405,0.280217
4322_217_1489_1607,3,3,0.078388,0.057303,0.013021,0.6486,0.027473,0.021068,0.154147
4322_217_749_879,4,1,0.093248,0.348634,0.034213,0.048704,0.082696,0.04625,0.346256
4322_218_702_739,1,5,0.102887,0.180311,0.040743,0.050211,0.03235,0.423257,0.17024
4322_217_352_394,5,5,0.017303,0.011567,0.00557,0.00737,0.009729,0.910438,0.038024
4322_218_1623_1630,3,3,0.013704,0.006404,0.008906,0.814122,0.037547,0.009339,0.109978
4321_218_108_144,0,5,0.041219,0.08486,0.012638,0.024989,0.008611,0.81526,0.012423
4321_218_1193_1344,1,5,0.071952,0.081083,0.02267,0.200353,0.026147,0.537177,0.060619
4321_217_1126_1184,6,1,0.177915,0.342226,0.021468,0.083935,0.100293,0.012687,0.261475
4321_218_1657_1696,1,0,0.728648,0.071142,0.012683,0.049448,0.015351,0.112834,0.009895
4321_217_153_284,3,3,0.055404,0.043687,0.016946,0.591338,0.041339,0.192976,0.058308
4321_217_1360_1463,0,0,0.789517,0.148896,0.007616,0.003494,0.014974,0.027239,0.008264
4321_218_858_1115,0,0,0.468385,0.213638,0.037312,0.019223,0.035443,0.215022,0.010976
4321_217_486_659,1,1,0.164293,0.394839,0.049091,0.112861,0.088456,0.019014,0.171447
4321_218_304_462,4,3,0.043101,0.328071,0.014634,0.39002,0.057862,0.127126,0.039186
4321_217_31_88,3,3,0.06431,0.139061,0.01853,0.379549,0.050395,0.205723,0.142432
4321_218_1487_1559,0,1,0.142728,0.491131,0.037291,0.243974,0.014239,0.037312,0.033325
4321_217_795_846,1,1,0.187846,0.503087,0.042938,0.033826,0.059524,0.082919,0.08986
4321_218_664_789,5,5,0.119458,0.027204,0.008828,0.057593,0.009098,0.768773,0.009046
4321_217_1581_1635,0,3,0.019013,0.056074,0.017908,0.638915,0.025311,0.098277,0.144502
4324_217_31_437,4,1,0.118161,0.388893,0.061206,0.018471,0.198766,0.031621,0.182881
4324_218_1130_1214,1,3,0.044016,0.113451,0.03077,0.562241,0.02146,0.129125,0.098937
4324_217_1631_1750,1,1,0.096404,0.521517,0.027067,0.060808,0.14838,0.05794,0.087884
4324_218_1806_2038,3,1,0.036997,0.468918,0.136006,0.077138,0.198195,0.043371,0.039376
4324_217_1389_1535,1,5,0.00827,0.057825,0.031202,0.413839,0.035823,0.422387,0.030655
4324_218_611_1007,3,3,0.033711,0.131201,0.020426,0.487699,0.033155,0.220311,0.073496
4324_218_1298_1377,3,5,0.010623,0.079939,0.015633,0.310312,0.023946,0.530624,0.028923
4324_217_1027_1119,1,1,0.102713,0.581348,0.025514,0.005826,0.229489,0.024691,0.030419
4324_218_456_520,1,5,0.020658,0.048389,0.130888,0.17482,0.0507,0.323014,0.25153
4324_217_1247_1276,5,5,0.040227,0.092748,0.03456,0.020879,0.045974,0.696455,0.069156
4324_217_546_590,4,4,0.005763,0.155101,0.0295,0.006384,0.679834,0.007039,0.11638
4324_218_1571_1606,3,3,0.019552,0.021869,0.046443,0.68089,0.017083,0.143565,0.070598
4326_218_986_1315,3,3,0.010859,0.015617,0.01173,0.809828,0.015691,0.090653,0.045622
4326_218_166_273,6,6,0.02013,0.021603,0.042644,0.392872,0.076123,0.023468,0.42316
4326_218_1693_1805,3,3,0.005363,0.004813,0.015361,0.920007,0.014731,0.019945,0.01978
4326_218_1388_1590,3,3,0.014905,0.016281,0.016605,0.843461,0.017689,0.028868,0.062191
4326_217_31_127,1,4,0.012777,0.125352,0.127227,0.079919,0.390269,0.028722,0.235733
4326_218_457_606,3,3,0.005532,0.010281,0.018465,0.845221,0.013949,0.085513,0.021039
4326_217_305_426,1,6,0.043541,0.336153,0.098521,0.026689,0.097499,0.02277,0.374829
4326_217_634_705,1,4,0.021191,0.279512,0.211092,0.011657,0.366851,0.024978,0.08472
4326_217_1320_1345,1,1,0.046148,0.222794,0.108475,0.198979,0.161162,0.094156,0.168285
4326_217_810_921,1,6,0.081454,0.210127,0.073022,0.036173,0.058918,0.136271,0.404035
4326_217_1834_1905,1,6,0.017966,0.043706,0.04264,0.110643,0.208073,0.009393,0.56758
4326_218_721_779,3,3,0.010298,0.007496,0.011874,0.79825,0.010444,0.137245,0.024391
4326_217_1619_1675,1,1,0.065872,0.297019,0.032531,0.244313,0.161961,0.021428,0.176876
4325_217_1162_1223,0,0,0.724891,0.180222,0.007719,0.016633,0.005841,0.015805,0.048888
4325_218_193_265,0,0,0.589162,0.143864,0.024304,0.018109,0.010838,0.204172,0.009551
4325_217_1314_1566,4,0,0.522555,0.276441,0.020745,0.027029,0.088836,0.016828,0.047566
4325_218_941_964,0,0,0.420115,0.166922,0.046237,0.222623,0.016618,0.077498,0.049986
4325_217_475_627,4,0,0.335644,0.253045,0.034169,0.082638,0.104285,0.08111,0.109109
4325_218_1082_1139,0,1,0.254445,0.527512,0.050208,0.060633,0.013395,0.049901,0.043905
4325_217_280_370,2,6,0.036647,0.054357,0.022971,0.252535,0.068376,0.03622,0.528894
4325_218_637_785,0,1,0.265687,0.351432,0.092229,0.118442,0.024069,0.118899,0.029241
4325_217_1003_1076,4,1,0.040871,0.520823,0.078642,0.015749,0.226003,0.015972,0.10194
4325_217_31_64,3,3,0.037199,0.038145,0.020662,0.697874,0.029023,0.03718,0.139918
4325_218_377_465,0,0,0.46017,0.340149,0.05967,0.00966,0.008825,0.116433,0.005093
4325_218_1235_1286,1,0,0.506259,0.420954,0.024548,0.006111,0.005259,0.022539,0.014331
4325_217_796_925,4,0,0.670377,0.148559,0.069511,0.009157,0.056006,0.023283,0.023106
4325_218_92_119,5,5,0.034838,0.222153,0.04173,0.187018,0.043434,0.385568,0.085258
4325_217_129_169,3,3,0.208702,0.15915,0.036829,0.338047,0.030295,0.197465,0.029513
4325_218_1594_1606,5,5,0.030367,0.050522,0.035583,0.057022,0.03603,0.757335,0.033141
4328_218_79_213,5,5,0.027865,0.014466,0.048899,0.237622,0.038782,0.567209,0.065156
4328_217_250_345,3,3,0.01714,0.008052,0.027969,0.77917,0.039045,0.032706,0.095917
4328_217_804_979,6,1,0.054086,0.332723,0.092376,0.157861,0.114128,0.176774,0.072052
4328_217_1303_1367,1,1,0.044749,0.472696,0.040779,0.029976,0.306578,0.01539,0.089833
4328_217_456_611,1,1,0.061331,0.468141,0.050876,0.037196,0.290617,0.018172,0.073668
4328_218_1051_1177,6,3,0.198357,0.207858,0.108587,0.236754,0.147853,0.063491,0.037101
4328_217_31_58,3,3,0.030394,0.015369,0.02568,0.75214,0.014746,0.00874,0.152931
4328_218_1517_1565,3,3,0.03888,0.015384,0.024755,0.602292,0.056516,0.050881,0.211293
4328_218_1252_1282,6,1,0.153682,0.399793,0.045659,0.161793,0.032047,0.075368,0.131657
4328_218_718_780,5,5,0.030678,0.018224,0.147824,0.146215,0.012203,0.404833,0.240023
4328_218_376_437,3,5,0.107761,0.170181,0.035032,0.092378,0.054097,0.501029,0.039521
4328_218_1391_1451,6,6,0.135841,0.046295,0.011854,0.374067,0.015599,0.009476,0.406868
4328_217_1199_1214,3,3,0.024894,0.058985,0.020604,0.64097,0.01917,0.027467,0.20791
4328_217_1472_1493,4,3,0.02581,0.072609,0.057853,0.364252,0.09316,0.031513,0.354803
4329_218_108_144,0,5,0.033499,0.06857,0.029173,0.222849,0.016087,0.466754,0.163067
4329_218_1218_1310,1,5,0.128397,0.074187,0.019225,0.034094,0.007768,0.694338,0.04199
4329_218_236_256,0,5,0.023164,0.091958,0.048406,0.036942,0.023902,0.682003,0.093624
4329_218_941_989,0,1,0.081606,0.32587,0.055484,0.028908,0.191707,0.206912,0.109513
4329_217_1337_1367,1,5,0.114233,0.211382,0.111262,0.015434,0.068872,0.244576,0.234242
4329_217_490_752,1,1,0.065031,0.313331,0.070745,0.258598,0.150289,0.038569,0.103438
4329_217_1013_1172,6,1,0.07245,0.599721,0.024989,0.022645,0.119341,0.021184,0.139669
4329_217_284_360,6,3,0.020779,0.11659,0.054596,0.467458,0.068548,0.023139,0.248889
4329_217_31_101,1,1,0.08209,0.461656,0.080329,0.014343,0.259808,0.032846,0.068927
4329_218_391_473,0,5,0.041946,0.102468,0.12346,0.02965,0.013324,0.635771,0.053382
4329_218_786_866,0,1,0.102176,0.394802,0.08596,0.068656,0.05527,0.073582,0.219554
4329_218_1386_1426,1,5,0.036594,0.095497,0.112846,0.126592,0.028518,0.301189,0.298763
4329_217_158_180,6,1,0.078745,0.385934,0.084814,0.044967,0.217809,0.042109,0.145623
4329_217_883_924,4,4,0.038053,0.27557,0.074563,0.047717,0.483705,0.014192,0.066199
4337_218_101_257,3,3,0.018323,0.104466,0.031976,0.703416,0.054457,0.0499,0.037461
4337_218_1253_1349,0,0,0.530053,0.145458,0.018309,0.045514,0.012298,0.236386,0.011983
4337_217_928_1231,1,3,0.076643,0.102222,0.024816,0.535747,0.064129,0.052165,0.144277
4337_217_1626_1830,0,3,0.096994,0.108843,0.022197,0.501579,0.014099,0.229067,0.027221
4337_217_1371_1490,0,3,0.193879,0.244726,0.0265,0.254199,0.028015,0.214119,0.038562
4337_217_576_691,1,3,0.034988,0.250179,0.008697,0.584331,0.038617,0.040565,0.042624
4337_217_282_365,5,5,0.014021,0.005586,0.009509,0.316411,0.006248,0.63663,0.011595
4337_218_405_557,3,3,0.008795,0.024901,0.014775,0.853778,0.020831,0.04457,0.032351
4337_217_31_69,3,5,0.003994,0.014708,0.019984,0.31926,0.00803,0.531543,0.10248
4337_218_1509_1623,0,0,0.483948,0.205277,0.006263,0.085992,0.008404,0.204046,0.006071
4337_218_721_891,0,5,0.337637,0.099,0.019374,0.02254,0.011533,0.498587,0.01133
4337_218_1892_1926,4,2,0.048964,0.167169,0.198498,0.169177,0.162294,0.126958,0.126939
4336_218_31_150,3,3,0.024434,0.022412,0.008848,0.756979,0.013837,0.042766,0.130725
4336_218_1151_1201,0,1,0.106139,0.518379,0.072477,0.017121,0.183034,0.094124,0.008725
4336_218_803_929,0,5,0.292018,0.066497,0.014569,0.037842,0.014077,0.562092,0.012905
4336_217_938_1043,1,3,0.007722,0.008005,0.010633,0.52216,0.005878,0.440317,0.005285
4336_217_686_764,5,5,0.013459,0.010405,0.010518,0.438093,0.005372,0.497262,0.02489
4336_218_297_418,1,0,0.450765,0.244343,0.011963,0.075526,0.028037,0.174644,0.014722
4336_218_578_685,6,3,0.066285,0.09716,0.012565,0.685765,0.051388,0.053643,0.033194
4336_217_170_248,3,3,0.011058,0.01571,0.031719,0.757083,0.026314,0.009717,0.1484
4336_217_428_570,1,3,0.037971,0.063898,0.044252,0.630436,0.040705,0.101293,0.081445
4336_217_1126_1148,3,3,0.012423,0.023095,0.014872,0.593108,0.017529,0.080054,0.258918
4336_218_1077_1123,0,5,0.03312,0.02584,0.015362,0.036464,0.015982,0.848494,0.024738
4338_217_90_171,1,0,0.614681,0.27307,0.007745,0.025359,0.009573,0.052633,0.016939
4338_218_1044_1305,1,1,0.309098,0.359629,0.030198,0.074678,0.092371,0.071211,0.062814
4338_218_171_379,3,3,0.049016,0.071278,0.015688,0.626091,0.034914,0.16292,0.040092
4338_217_899_1044,1,3,0.182285,0.190444,0.046397,0.275438,0.04898,0.071156,0.185301
4338_217_1305_1362,3,3,0.018981,0.02049,0.018732,0.831878,0.016426,0.04379,0.049703
4338_218_583_745,1,5,0.045334,0.056235,0.017868,0.010534,0.020332,0.839046,0.01065
4338_217_379_583,1,0,0.561398,0.149297,0.024343,0.057329,0.014764,0.178023,0.014846
4338_218_31_90,3,1,0.175027,0.260648,0.030884,0.243079,0.126734,0.01119,0.152438
4338_218_802_899,5,5,0.014281,0.168436,0.080548,0.055085,0.223527,0.35015,0.107971
4338_218_1362_1442,3,5,0.109191,0.038712,0.019748,0.290588,0.012758,0.498679,0.030323
4338_217_745_802,1,3,0.030936,0.087559,0.049076,0.449619,0.042056,0.120782,0.219972
4331_217_126_298,5,5,0.007427,0.043644,0.049535,0.039393,0.105546,0.698465,0.05599
4331_217_1282_1313,6,4,0.018316,0.193176,0.166678,0.088009,0.315182,0.033363,0.185276
4331_218_1161_1269,6,6,0.017952,0.077068,0.028113,0.141357,0.020426,0.1847,0.530384
4331_217_1613_1715,0,4,0.048061,0.152575,0.051786,0.006307,0.401376,0.044166,0.295729
4331_218_1774_1859,1,1,0.166527,0.426075,0.025098,0.242986,0.029884,0.033633,0.075797
4331_217_1388_1526,0,1,0.076834,0.570524,0.053614,0.022496,0.113776,0.060125,0.102631
4331_218_949_1034,6,2,0.012049,0.151773,0.283333,0.06498,0.209616,0.056398,0.221851
4331_218_1338_1358,1,5,0.061329,0.053376,0.014775,0.042883,0.023233,0.765153,0.039252
4331_217_439_614,0,5,0.105601,0.271529,0.042817,0.017049,0.059141,0.493851,0.010011
4331_217_1059_1129,5,5,0.042359,0.252726,0.213106,0.030372,0.031962,0.278378,0.151097
4331_218_323_422,6,6,0.041228,0.137523,0.014332,0.242774,0.065756,0.019072,0.479315
4331_218_638_789,3,3,0.281716,0.119402,0.012271,0.436503,0.011767,0.124677,0.013663
4331_218_31_107,6,6,0.099457,0.160423,0.07491,0.193778,0.087662,0.028866,0.354903
4331_217_806_888,2,1,0.157172,0.294366,0.030247,0.109068,0.057566,0.169871,0.18171
4331_218_1541_1575,6,5,0.270348,0.086608,0.033482,0.082374,0.038654,0.30002,0.188513
4334_218_1168_1234,5,5,0.017255,0.257386,0.165249,0.042,0.063872,0.430124,0.024114
4334_218_111_143,5,5,0.01877,0.063455,0.027162,0.23253,0.015177,0.568951,0.073955
4334_217_786_936,3,5,0.023684,0.036071,0.015167,0.417571,0.0092,0.467704,0.030604
4334_217_31_99,3,3,0.013615,0.01589,0.018508,0.753181,0.014567,0.011133,0.173106
4334_218_951_1024,0,5,0.227559,0.094187,0.020119,0.013514,0.011868,0.625788,0.006964
4334_218_638_765,0,1,0.050881,0.383498,0.035065,0.160738,0.038847,0.128774,0.202197
4334_218_397_456,3,3,0.033648,0.27327,0.014022,0.504603,0.023079,0.060291,0.091088
4334_217_261_383,5,5,0.012014,0.02092,0.010603,0.015636,0.010218,0.898929,0.031681
4334_217_151_213,6,6,0.017244,0.050417,0.034028,0.186348,0.034514,0.283507,0.393942
4334_217_1026_1148,1,5,0.03574,0.074399,0.026668,0.009885,0.023373,0.801997,0.027939
4334_217_462_636,1,3,0.157765,0.068607,0.007437,0.452262,0.015336,0.258061,0.040532
4334_218_215_244,5,5,0.019664,0.085149,0.070375,0.065428,0.030807,0.66695,0.061628
4335_217_2476_2618,0,0,0.36538,0.135982,0.011099,0.326658,0.036294,0.034046,0.090541
4335_217_31_226,3,3,0.021955,0.048371,0.032421,0.491567,0.071711,0.277764,0.05621
4335_217_1026_1311,3,3,0.031165,0.014733,0.013059,0.744226,0.026335,0.127705,0.042776
4335_217_2701_2773,3,3,0.06118,0.106631,0.02689,0.514202,0.054065,0.089592,0.147439
4335_218_1412_1656,1,1,0.034638,0.395313,0.169374,0.01906,0.299407,0.049295,0.032912
4335_218_911_1019,5,0,0.630317,0.078422,0.007819,0.003229,0.014255,0.260925,0.005034
4335_218_2793_2833,5,5,0.018853,0.016827,0.012223,0.022761,0.009544,0.881876,0.037916
4335_218_2007_2143,2,1,0.079439,0.611315,0.064621,0.01835,0.165436,0.026402,0.034438
4335_217_1703_1966,3,3,0.343831,0.094666,0.018691,0.383902,0.01792,0.112987,0.028002
4335_217_486_893,1,0,0.52508,0.285302,0.019322,0.048729,0.0387,0.051202,0.031666
4335_218_2626_2692,3,3,0.00772,0.009424,0.008576,0.821036,0.004162,0.143925,0.005156
4335_217_2156_2376,3,3,0.03466,0.132427,0.063316,0.323262,0.155823,0.248306,0.042205
4335_218_291_471,1,3,0.19411,0.152901,0.021323,0.451565,0.016945,0.124922,0.038234
4335_218_2408_2459,3,0,0.484988,0.095695,0.004338,0.048644,0.012122,0.350129,0.004083
4332_218_1218_1349,0,1,0.225231,0.248714,0.030038,0.14873,0.02596,0.234635,0.086692
4332_218_2031_2063,0,5,0.081379,0.306262,0.055291,0.10903,0.038605,0.320729,0.088704
4332_218_1653_1700,4,4,0.084514,0.267568,0.140116,0.08434,0.323275,0.0175,0.082687
4332_217_250_485,0,0,0.602279,0.308731,0.020888,0.003818,0.025033,0.022248,0.017003
4332_217_1723_1993,0,0,0.720358,0.199694,0.013083,0.006152,0.013756,0.026738,0.020218
4332_217_1378_1525,0,1,0.191018,0.4931,0.050662,0.004597,0.194985,0.04555,0.020088
4332_217_98_124,0,4,0.040113,0.382792,0.045262,0.01551,0.397573,0.014028,0.104721
4332_217_933_977,0,5,0.292696,0.08847,0.007084,0.01992,0.019351,0.538999,0.03348
4332_218_195_224,2,2,0.006347,0.028062,0.401844,0.275258,0.032288,0.16573,0.09047
4332_217_1060_1176,0,1,0.392731,0.400143,0.029954,0.014375,0.018424,0.034076,0.110297
4332_217_603_821,0,0,0.482045,0.102314,0.020069,0.021198,0.019967,0.317356,0.037052
4332_218_996_1035,1,1,0.049807,0.394826,0.065853,0.087148,0.227085,0.073318,0.101964
4332_218_31_57,2,5,0.015866,0.027616,0.175868,0.280928,0.068613,0.285378,0.145732
4332_218_858_895,0,4,0.056004,0.355085,0.062061,0.030297,0.397635,0.0219,0.077018
4332_218_540_574,4,4,0.010036,0.075161,0.142075,0.088439,0.640115,0.010442,0.033731
4341_218_111_477,0,1,0.060775,0.367291,0.089648,0.145791,0.218507,0.050952,0.067037
4341_218_1227_1490,0,0,0.395354,0.390864,0.033328,0.049563,0.009399,0.0277,0.093792
4341_217_1052_1227,1,0,0.679212,0.173758,0.016325,0.016415,0.023017,0.080644,0.010628
4341_218_1611_1745,1,0,0.383357,0.211991,0.031379,0.179176,0.066384,0.087299,0.040415
4341_218_846_1052,0,1,0.269804,0.498545,0.032101,0.060022,0.018814,0.03337,0.087344
4341_218_583_699,1,5,0.22428,0.178441,0.046766,0.14226,0.060899,0.289923,0.057431
4341_217_31_111,4,1,0.182253,0.462376,0.014663,0.041114,0.128302,0.014719,0.156573
4341_217_1490_1611,4,4,0.028261,0.165131,0.031291,0.010586,0.716353,0.0091,0.039278
4341_217_699_846,1,0,0.35304,0.276805,0.124381,0.025923,0.088754,0.068717,0.06238
4341_217_477_583,1,0,0.716877,0.140387,0.020818,0.012141,0.021008,0.041217,0.047553
4340_218_114_159,5,5,0.024737,0.047088,0.02021,0.070469,0.014828,0.753063,0.069604
4340_218_1262_1476,3,3,0.018511,0.047193,0.017457,0.6248,0.015888,0.261554,0.014596
4340_218_1058_1211,5,5,0.008319,0.016431,0.011953,0.471717,0.008306,0.475168,0.008105
4340_218_1595_1711,1,0,0.665751,0.193794,0.011999,0.013811,0.012634,0.095098,0.006913
4340_217_159_315,1,0,0.62619,0.042586,0.0158,0.03768,0.011744,0.256939,0.00906
4340_217_796_1058,0,0,0.721093,0.196357,0.017454,0.009694,0.022277,0.02464,0.008485
4340_217_350_704,1,0,0.804142,0.096059,0.006617,0.02229,0.009464,0.024273,0.037154
4340_218_315_350,5,5,0.025814,0.03341,0.021475,0.201717,0.013101,0.568508,0.135973
4340_217_31_114,0,5,0.197438,0.115856,0.038231,0.240794,0.012934,0.33639,0.058358
4340_217_1476_1595,6,6,0.032987,0.042801,0.010409,0.425555,0.012719,0.03393,0.441599
4340_217_1211_1262,3,3,0.024921,0.049576,0.013039,0.662583,0.030245,0.03537,0.184265
4340_218_704_796,5,3,0.047742,0.074123,0.041463,0.654052,0.026813,0.145341,0.010466
4339_218_2070_2548,3,3,0.021439,0.043326,0.055657,0.654293,0.047354,0.134596,0.043334
4339_218_31_195,4,3,0.025053,0.124311,0.034195,0.634287,0.039696,0.083841,0.058617
4339_218_1239_1618,1,5,0.010589,0.056197,0.038868,0.034667,0.017256,0.82346,0.018964
4339_217_1175_1239,5,5,0.006172,0.009264,0.021673,0.067961,0.008299,0.741176,0.145454
4339_217_195_285,4,5,0.021528,0.092873,0.045654,0.038452,0.096061,0.652862,0.05257
4339_218_2661_2999,3,3,0.020963,0.022228,0.014178,0.808322,0.027762,0.069018,0.037528
4339_217_2548_2661,3,5,0.005171,0.001278,0.005303,0.485215,0.002539,0.498685,0.001808
4339_218_848_1175,3,5,0.04761,0.045393,0.028009,0.105376,0.030328,0.729689,0.013596
4339_217_1965_2070,3,3,0.006758,0.007318,0.010001,0.552028,0.003802,0.413523,0.00657
4339_218_1717_1965,1,0,0.243534,0.237486,0.139854,0.065668,0.045052,0.165839,0.102566
4339_218_534_757,3,5,0.026352,0.047102,0.028845,0.36776,0.026238,0.48021,0.023493
4339_217_1618_1717,3,5,0.010951,0.004043,0.006474,0.410541,0.005678,0.555583,0.00673
4339_218_285_403,4,4,0.021386,0.191394,0.079044,0.116077,0.509017,0.020318,0.062764
4339_217_403_534,4,4,0.009991,0.045162,0.209447,0.002388,0.69677,0.009571,0.026671
4339_217_757_848,3,5,0.00875,0.006315,0.011044,0.091061,0.004202,0.866775,0.011854
4344_217_31_154,3,3,0.021214,0.00907,0.029958,0.772671,0.012651,0.079524,0.074913
4344_217_1167_1316,1,3,0.033207,0.032468,0.017321,0.683089,0.018786,0.135101,0.080028
4344_217_222_338,1,0,0.267348,0.215011,0.032917,0.202665,0.016196,0.220131,0.045732
4344_217_1453_1608,3,3,0.005484,0.002041,0.006441,0.777528,0.006217,0.197475,0.004814
4344_217_893_944,3,3,0.008944,0.006594,0.018504,0.873008,0.009353,0.024546,0.059051
4344_218_154_222,1,5,0.02813,0.039984,0.029105,0.237338,0.044196,0.403771,0.217476
4344_217_555_717,0,0,0.899183,0.044883,0.007513,0.004791,0.008942,0.027591,0.007097
4344_218_1009_1167,1,1,0.123977,0.449708,0.057845,0.097863,0.026719,0.199983,0.043905
4344_218_418_555,5,5,0.013491,0.010844,0.019353,0.050956,0.006117,0.890409,0.00883
4344_218_758_893,5,5,0.008358,0.011693,0.010668,0.167061,0.026268,0.755132,0.02082
4344_218_1365_1453,1,3,0.250319,0.251596,0.04515,0.255521,0.02792,0.04207,0.127425
4343_218_1227_1303,1,5,0.017814,0.030956,0.011264,0.349473,0.011262,0.54157,0.037662
4343_217_31_138,1,4,0.007316,0.058785,0.075395,0.030453,0.415644,0.206733,0.205674
4343_217_1117_1227,0,0,0.768854,0.143382,0.006702,0.021369,0.008749,0.030331,0.020613
4343_218_769_823,1,4,0.012777,0.154632,0.041026,0.078772,0.418569,0.030454,0.26377
4343_218_967_1117,1,3,0.089015,0.215285,0.026422,0.428872,0.040879,0.070649,0.128876
4343_217_694_769,1,1,0.099469,0.547571,0.015302,0.179846,0.026527,0.055384,0.075901
4343_217_238_297,1,1,0.042993,0.428302,0.0318,0.022401,0.017378,0.248326,0.2088
4343_217_370_501,1,1,0.419537,0.436501,0.011406,0.023533,0.008966,0.055172,0.044885
4343_218_501_694,1,3,0.022092,0.090375,0.014788,0.479008,0.020212,0.124797,0.248728
4343_218_138_238,6,3,0.02247,0.034742,0.031238,0.70083,0.045041,0.100235,0.065445
4343_217_823_967,3,3,0.025744,0.030511,0.023717,0.707515,0.044527,0.044557,0.12343
4343_218_297_370,1,3,0.010139,0.050271,0.008658,0.829596,0.013043,0.010609,0.077684
4346_217_31_166,1,1,0.258158,0.302688,0.028808,0.037846,0.049704,0.260081,0.062716
4346_217_1225_1320,1,3,0.061454,0.017164,0.009033,0.802215,0.01952,0.038425,0.052189
4346_218_815_1225,2,1,0.16167,0.431497,0.017828,0.136652,0.138427,0.039199,0.074728
4346_218_1433_1745,5,5,0.00667,0.016462,0.155296,0.058434,0.02415,0.691922,0.047067
4346_218_190_449,2,0,0.379942,0.198329,0.096714,0.117764,0.029137,0.150092,0.028022
4346_217_2122_2326,5,3,0.022884,0.006564,0.011322,0.722278,0.010179,0.220995,0.005778
4346_218_584_701,1,0,0.44285,0.240121,0.017062,0.069864,0.033105,0.152062,0.044937
4346_217_449_584,1,0,0.766537,0.19476,0.009039,0.003253,0.007802,0.013114,0.005495
4346_217_1860_1987,5,5,0.036595,0.057048,0.044516,0.036237,0.016615,0.774498,0.034491
4346_217_701_815,1,1,0.271313,0.646959,0.017419,0.007564,0.023709,0.013923,0.019113
4346_218_2071_2122,5,5,0.021598,0.074034,0.194835,0.016543,0.010015,0.628179,0.054795
4345_218_118_177,1,5,0.135599,0.337179,0.028837,0.04141,0.043322,0.37114,0.042514
4345_218_1252_1368,1,5,0.190124,0.1959,0.014304,0.008993,0.011128,0.566455,0.013095
4345_217_1097_1208,1,0,0.601784,0.316698,0.025108,0.021652,0.007707,0.014696,0.012354
4345_218_1549_1742,4,4,0.029773,0.216179,0.037194,0.030003,0.635264,0.011733,0.039854
4345_217_177_274,0,0,0.44757,0.075454,0.058727,0.140559,0.009107,0.243065,0.025518
4345_217_1368_1461,1,0,0.627688,0.311025,0.011043,0.007357,0.014194,0.023707,0.004985
4345_217_769_1013,1,0,0.644866,0.26784,0.022105,0.01485,0.011341,0.024116,0.014882
4345_217_378_599,0,0,0.807349,0.132286,0.00397,0.012047,0.005473,0.036378,0.002497
4345_218_274_378,5,5,0.33338,0.044633,0.039618,0.016067,0.011487,0.550137,0.004678
4345_217_31_118,0,0,0.333057,0.07829,0.020461,0.219337,0.015257,0.300205,0.033393
4345_218_663_769,5,1,0.093925,0.409826,0.049863,0.013367,0.0183,0.393644,0.021075
4345_218_1066_1097,4,4,0.024992,0.193591,0.043103,0.102539,0.519528,0.028613,0.087634
4348_217_31_202,1,4,0.01413,0.126805,0.186777,0.080089,0.411912,0.013337,0.166949
4348_217_1929_2075,3,3,0.006756,0.001733,0.008794,0.951903,0.00786,0.01139,0.011564
4348_217_1118_1241,4,4,0.041958,0.097687,0.262172,0.005911,0.553737,0.007477,0.031057
4348_218_1659_1753,3,3,0.014482,0.013571,0.006895,0.863448,0.008093,0.027356,0.066154
4348_218_244_319,1,2,0.010086,0.209312,0.552988,0.043538,0.039111,0.100543,0.044422
4348_218_1810_1929,3,3,0.015399,0.026807,0.025945,0.762832,0.041218,0.076509,0.05129
4348_217_1753_1810,3,3,0.014299,0.006373,0.014856,0.86374,0.018309,0.022095,0.060328
4348_218_1320_1591,1,1,0.209595,0.378758,0.096411,0.07405,0.046482,0.17795,0.016754
4348_217_793_958,1,4,0.097324,0.25563,0.114853,0.065501,0.302445,0.086586,0.077662
4348_218_462_793,1,1,0.070893,0.596186,0.084724,0.050309,0.081439,0.064652,0.051796
4348_218_989_1118,1,3,0.030571,0.195284,0.089313,0.345971,0.168827,0.069819,0.100214
4348_217_319_462,4,4,0.044156,0.291135,0.089139,0.049748,0.369156,0.021124,0.135542
4348_217_1591_1659,3,3,0.016059,0.009631,0.035668,0.842837,0.019277,0.031487,0.045043
4350_218_94_159,3,3,0.022642,0.044975,0.020842,0.611679,0.016265,0.114876,0.168723
4350_218_1213_1307,1,5,0.159355,0.217674,0.049852,0.085937,0.024334,0.287661,0.175188
4350_217_172_325,2,3,0.022771,0.059105,0.206138,0.474754,0.087009,0.055004,0.09522
4350_218_1454_1570,0,3,0.061997,0.088862,0.022458,0.375959,0.031627,0.061491,0.357607
4350_218_945_1075,0,0,0.611795,0.212175,0.01623,0.061809,0.019421,0.058983,0.019587
4350_217_1314_1393,1,3,0.020476,0.093992,0.029651,0.562849,0.078134,0.025002,0.189896
4350_218_577_783,1,0,0.867118,0.073196,0.025339,0.002115,0.007332,0.021078,0.003821
4350_217_1091_1152,2,2,0.010693,0.070202,0.596101,0.06414,0.148589,0.013808,0.096468
4350_218_326_401,1,1,0.232016,0.490715,0.025051,0.115286,0.036579,0.040323,0.06003
4350_217_420_557,3,3,0.045372,0.080495,0.059283,0.479471,0.067838,0.03164,0.235901
4350_217_31_87,3,3,0.026711,0.070996,0.056942,0.423809,0.043775,0.195415,0.182351
4350_217_795_904,4,1,0.226263,0.560902,0.022987,0.024865,0.07873,0.018399,0.067854
4349_218_127_267,3,3,0.017368,0.031112,0.018451,0.604656,0.051815,0.028542,0.248056
4349_217_1290_1415,1,0,0.3632,0.352184,0.024173,0.018217,0.161416,0.019708,0.061103
4349_218_932_1290,5,3,0.032814,0.025156,0.014268,0.724665,0.072935,0.101118,0.029044
4349_218_1491_1683,1,3,0.009706,0.023435,0.030228,0.699073,0.103402,0.122309,0.011847
4349_217_31_127,1,3,0.019548,0.055975,0.125275,0.358707,0.128251,0.12172,0.190524
4349_217_853_932,3,3,0.020911,0.020946,0.009255,0.519107,0.020629,0.021014,0.388137
4349_218_581_650,3,3,0.005533,0.001221,0.004019,0.953525,0.00574,0.015735,0.014226
4349_217_456_581,1,4,0.019567,0.122884,0.038372,0.052688,0.716106,0.022557,0.027826
4349_218_409_456,5,3,0.027096,0.16916,0.024967,0.62939,0.0556,0.031995,0.061792
4349_218_811_853,5,5,0.008904,0.01445,0.006374,0.045616,0.005993,0.898277,0.020386
4349_217_650_762,1,3,0.028449,0.024802,0.015496,0.698129,0.014016,0.067531,0.151576
4349_217_1683_1735,1,1,0.140458,0.614811,0.037151,0.049565,0.069761,0.050364,0.037889
4349_217_267_321,4,5,0.019695,0.096511,0.162661,0.142966,0.109347,0.23594,0.232881
4351_218_109_245,5,5,0.066483,0.050874,0.00689,0.011094,0.010983,0.847709,0.005967
4351_217_1981_2068,1,3,0.035682,0.081283,0.033284,0.456138,0.041538,0.030499,0.321577
4351_218_1080_1190,0,0,0.64061,0.209677,0.011694,0.01446,0.005981,0.108252,0.009326
4351_218_1573_1716,5,5,0.011798,0.144169,0.164179,0.084496,0.021744,0.553883,0.019731
4351_217_1737_1806,0,0,0.236671,0.232349,0.028568,0.116423,0.067365,0.190342,0.128283
4351_217_1403_1520,1,1,0.107777,0.358031,0.066732,0.234678,0.098465,0.062401,0.071915
4351_217_884_1060,1,0,0.417684,0.337294,0.015943,0.035467,0.010019,0.115399,0.068193
4351_218_1344_1381,4,5,0.043422,0.107758,0.061532,0.034485,0.009802,0.707979,0.035021
4351_218_565_652,1,5,0.069799,0.070195,0.010784,0.018581,0.008823,0.807226,0.014591
4351_217_31_101,4,4,0.014589,0.122654,0.36372,0.015695,0.398588,0.018104,0.06665
4351_218_342_470,5,5,0.007504,0.023713,0.00621,0.006408,0.018244,0.934228,0.003693
4351_217_1210_1283,1,6,0.276555,0.165753,0.031793,0.074803,0.04981,0.019116,0.382169
4351_218_817_872,0,5,0.270762,0.112317,0.007403,0.019698,0.009678,0.572949,0.007192
4351_218_1840_1968,1,0,0.859977,0.082459,0.006538,0.002643,0.002839,0.04173,0.003815
4351_217_672_801,0,0,0.597574,0.282506,0.013154,0.021708,0.021988,0.031504,0.031566
4351_217_487_538,1,3,0.022445,0.0802,0.015569,0.456041,0.038911,0.019355,0.367478
4351_217_260_317,1,4,0.011187,0.098092,0.32029,0.096734,0.3954,0.007948,0.070349
4352_218_127_268,3,1,0.300126,0.360949,0.022429,0.015637,0.019882,0.26481,0.016166
4352_218_1281_1512,5,3,0.022373,0.01457,0.006107,0.6779,0.008519,0.264153,0.006379
4352_217_2010_2125,0,0,0.653237,0.151559,0.016792,0.016398,0.016168,0.128038,0.017808
4352_217_1059_1249,1,3,0.244626,0.109856,0.008413,0.28098,0.018974,0.257966,0.079186
4352_218_1620_1742,1,3,0.030118,0.100849,0.033445,0.544879,0.027111,0.247315,0.016282
4352_217_1761_1843,0,3,0.072296,0.114837,0.012178,0.399765,0.032576,0.073928,0.29442
4352_218_2154_2237,1,5,0.108302,0.256297,0.041045,0.075619,0.050066,0.408929,0.059743
4352_218_915_1052,0,3,0.135623,0.123705,0.005856,0.488857,0.013389,0.223348,0.009221
4352_217_540_604,5,6,0.037086,0.181168,0.038104,0.168356,0.085148,0.045119,0.445018
4352_217_294_443,3,0,0.504474,0.098062,0.013623,0.036444,0.019294,0.259153,0.06895
4352_218_626_703,3,3,0.016904,0.005693,0.00853,0.864559,0.00881,0.077111,0.018394
4352_217_31_108,3,6,0.011979,0.028282,0.030537,0.122361,0.088925,0.10285,0.615064
4352_217_1523_1578,0,1,0.196322,0.322588,0.022386,0.197105,0.043502,0.060022,0.158076
4352_217_715_892,1,0,0.303043,0.235211,0.007912,0.08605,0.022593,0.300115,0.045077
4352_218_1902_1989,3,1,0.065864,0.414453,0.103816,0.284484,0.059015,0.055088,0.017281
4352_218_488_522,3,3,0.012125,0.010424,0.004653,0.881827,0.003718,0.080538,0.006715
4352_217_2253_2270,5,3,0.021898,0.014831,0.027069,0.446506,0.012901,0.368026,0.108769
4354_218_2270_2520,3,3,0.007902,0.004448,0.012888,0.9342,0.016243,0.009451,0.014868
4354_218_1161_1331,3,3,0.071476,0.100868,0.022152,0.669327,0.030144,0.011387,0.094646
4354_217_1673_1773,0,1,0.252044,0.42809,0.051094,0.043333,0.094452,0.020969,0.110018
4354_218_151_330,3,3,0.01625,0.053782,0.061382,0.5518,0.194391,0.042339,0.080056
4354_218_1813_1963,3,3,0.006794,0.003395,0.010183,0.943109,0.008505,0.012979,0.015035
4354_218_1424_1670,3,3,0.167897,0.257537,0.019725,0.366074,0.028603,0.133321,0.026842
4354_217_867_1104,1,6,0.042409,0.139833,0.041162,0.077601,0.17934,0.030966,0.488689
4354_218_469_643,4,3,0.150889,0.221455,0.041002,0.402259,0.022905,0.147796,0.013694
4354_218_2050_2207,3,3,0.012464,0.003213,0.009693,0.922685,0.012417,0.014856,0.024673
4354_217_31_116,6,6,0.026703,0.077399,0.129081,0.033357,0.241158,0.072329,0.419974
4354_217_358_445,1,0,0.295459,0.269456,0.021472,0.044216,0.042506,0.06434,0.262551
4354_217_664_815,1,4,0.016991,0.316108,0.056917,0.013758,0.412783,0.013664,0.169779
4354_217_1357_1402,2,1,0.039202,0.645235,0.025007,0.104583,0.089577,0.041978,0.054418
4354_217_2539_2596,1,4,0.008578,0.084954,0.213292,0.048302,0.438105,0.040397,0.166371
4354_217_2228_2247,5,5,0.007698,0.039805,0.049138,0.103457,0.011438,0.543857,0.244606
4354_218_828_847,3,5,0.015287,0.025742,0.028467,0.037301,0.013676,0.80692,0.072607
4354_217_1980_1995,4,4,0.019495,0.182716,0.107701,0.028732,0.391848,0.007552,0.261955
4355_217_31_137,3,6,0.015699,0.027905,0.029912,0.161564,0.042312,0.050043,0.672564
4355_218_1954_2123,4,0,0.464595,0.212441,0.052489,0.013876,0.017108,0.234142,0.00535
4355_218_1041_1189,0,1,0.324849,0.571697,0.012164,0.005352,0.060487,0.021666,0.003786
4355_218_1503_1716,0,1,0.106302,0.396464,0.064077,0.009869,0.023679,0.390586,0.009023
4355_218_149_262,4,5,0.016217,0.086842,0.033762,0.12316,0.029797,0.689453,0.020769
4355_217_1743_1925,1,3,0.06123,0.259904,0.028479,0.382536,0.058564,0.022209,0.187078
4355_217_1435_1488,1,6,0.008166,0.107515,0.096943,0.010537,0.284005,0.024814,0.468019
4355_217_2156_2326,3,1,0.203383,0.245311,0.017466,0.22654,0.02252,0.061893,0.222887
4355_217_846_946,3,0,0.397502,0.337389,0.00866,0.126112,0.012023,0.017137,0.101178
4355_218_431_662,1,0,0.457291,0.40075,0.043985,0.002267,0.034202,0.054078,0.007427
4355_217_293_379,3,5,0.031175,0.023897,0.012998,0.115977,0.007172,0.78382,0.024961
4355_217_1209_1295,1,1,0.160068,0.311816,0.015959,0.083011,0.046863,0.115382,0.266902
4355_217_2520_2608,3,1,0.030683,0.306185,0.253009,0.127772,0.104336,0.074404,0.103611
4355_218_2348_2480,5,5,0.00471,0.041718,0.028835,0.208669,0.018117,0.666919,0.031032
4355_217_693_727,3,6,0.01927,0.02728,0.040951,0.275333,0.030891,0.058472,0.547803
4355_218_1367_1402,1,1,0.077484,0.41501,0.027416,0.026431,0.044212,0.369048,0.040397
4355_218_799_820,4,2,0.023265,0.091042,0.581816,0.120054,0.079847,0.016065,0.087912
4359_218_31_129,3,0,0.363931,0.251231,0.018762,0.155382,0.029178,0.08028,0.101236
4359_217_1106_1231,0,6,0.069466,0.172525,0.045458,0.006219,0.082916,0.078437,0.54498
4359_217_1594_1721,0,6,0.17473,0.24693,0.028738,0.06415,0.099158,0.046643,0.33965
4359_218_217_344,3,5,0.051481,0.198963,0.029957,0.208588,0.016955,0.458735,0.035321
4359_218_1754_1886,1,1,0.093964,0.569205,0.118732,0.020781,0.040523,0.149085,0.00771
4359_218_1312_1364,2,1,0.019723,0.305376,0.245884,0.047679,0.079184,0.211388,0.090765
4359_218_519_598,3,3,0.009159,0.043755,0.009937,0.892672,0.012713,0.014839,0.016925
4359_217_152_184,1,5,0.027907,0.137488,0.130613,0.022636,0.05782,0.350802,0.272735
4359_217_617_659,1,1,0.134863,0.375115,0.035407,0.019786,0.051912,0.208116,0.174802
4359_218_960_1080,0,5,0.346415,0.130527,0.027317,0.017343,0.012758,0.395601,0.070039
4359_217_361_489,0,1,0.157036,0.431347,0.069872,0.02081,0.122867,0.023237,0.174831
4359_218_1462_1573,0,0,0.442049,0.271111,0.005646,0.025129,0.011711,0.235828,0.008526
4359_217_783_920,1,1,0.169253,0.242972,0.02685,0.120437,0.069762,0.164827,0.205897
4359_218_680_732,1,3,0.076708,0.121544,0.027981,0.465998,0.027421,0.108759,0.171588
4359_217_1909_2028,0,1,0.272719,0.336613,0.015349,0.243693,0.019761,0.023619,0.088247
4359_217_1385_1433,1,1,0.113523,0.513951,0.08659,0.030067,0.122942,0.020708,0.11222
4357_218_115_316,3,3,0.017714,0.040289,0.159304,0.419289,0.208893,0.013556,0.140955
4357_217_1932_2096,0,1,0.194237,0.335233,0.068194,0.069658,0.110372,0.071796,0.15051
4357_218_1128_1229,6,2,0.031919,0.072905,0.376057,0.212214,0.084838,0.086194,0.135873
4357_217_1667_1756,1,3,0.021653,0.053727,0.024685,0.617835,0.051822,0.02334,0.206939
4357_218_1782_1921,5,3,0.057867,0.138244,0.084644,0.347193,0.098618,0.03593,0.237504
4357_218_1309_1637,3,3,0.039819,0.128485,0.049942,0.574393,0.033083,0.093289,0.080989
4357_218_918_1021,3,3,0.028127,0.017631,0.015875,0.80572,0.008109,0.108511,0.016026
4357_218_543_797,3,3,0.058254,0.044586,0.133525,0.348692,0.0517,0.348305,0.014938
4357_217_462_505,1,3,0.024042,0.11206,0.06895,0.607786,0.04584,0.060848,0.080475
4357_217_801_894,1,4,0.00844,0.1132,0.116627,0.190633,0.470872,0.011084,0.089143
4357_217_71_86,5,5,0.028506,0.072568,0.047149,0.110507,0.035135,0.618358,0.087776
4357_217_1040_1096,1,3,0.007942,0.025355,0.147884,0.693964,0.059436,0.025222,0.040196
4357_217_335_380,5,3,0.019725,0.069972,0.113723,0.411204,0.065655,0.275078,0.044643
4357_218_407_437,3,3,0.153058,0.213769,0.026526,0.408309,0.061042,0.014068,0.123227
4357_218_31_46,6,6,0.05574,0.114438,0.122488,0.149955,0.065217,0.066702,0.42546
4358_217_89_190,6,6,0.016744,0.042882,0.109226,0.278923,0.032215,0.080148,0.439862
4358_218_1188_1347,1,3,0.032852,0.048588,0.038922,0.564763,0.072195,0.056076,0.186605
4358_217_1918_2168,3,3,0.00426,0.001035,0.006708,0.951043,0.005222,0.027077,0.004656
4358_218_205_294,5,5,0.02243,0.037512,0.039083,0.02949,0.041742,0.79958,0.030163
4358_217_1687_1819,3,3,0.014804,0.034565,0.020925,0.745668,0.017956,0.010333,0.15575
4358_217_1365_1481,3,5,0.009848,0.004516,0.005475,0.087932,0.010645,0.877166,0.004418
4358_218_2212_2253,1,3,0.024886,0.104346,0.061901,0.283693,0.234187,0.014629,0.276358
4358_217_847_934,3,3,0.032586,0.039854,0.010495,0.743974,0.036385,0.004157,0.13255
4358_217_2269_2382,6,3,0.025933,0.112914,0.135374,0.440794,0.080363,0.017321,0.187301
4358_218_527_637,1,1,0.223703,0.451632,0.045419,0.057454,0.075365,0.04264,0.103786
4358_217_1028_1151,0,1,0.320696,0.545015,0.023144,0.04605,0.020901,0.011798,0.032397
4358_217_316_496,1,3,0.098318,0.182028,0.02832,0.400554,0.095674,0.080087,0.11502
4358_218_1506_1672,1,3,0.140756,0.127341,0.093849,0.3698,0.12899,0.041982,0.097283
4358_218_2431_2458,1,1,0.147686,0.455389,0.175204,0.068383,0.053392,0.056255,0.04369
4358_218_1879_1901,0,1,0.183157,0.317325,0.045629,0.152836,0.069901,0.038333,0.19282
4358_217_656_750,3,3,0.018821,0.048927,0.031728,0.581177,0.04743,0.025409,0.246508
4358_218_770_819,5,5,0.049798,0.045383,0.031491,0.035512,0.03474,0.773139,0.029935
4358_218_968_996,1,3,0.059556,0.160149,0.061856,0.443009,0.071934,0.07644,0.127056
4358_217_31_49,6,6,0.046539,0.038357,0.125735,0.24578,0.008265,0.203735,0.331589
4358_218_67_74,5,5,0.01522,0.034463,0.034444,0.090743,0.033512,0.679498,0.112119
4360_218_99_154,3,3,0.020028,0.013681,0.010176,0.728828,0.00792,0.026049,0.193318
4360_218_2016_2129,3,4,0.054744,0.181825,0.133635,0.208115,0.266713,0.02693,0.128038
4360_218_1107_1288,3,3,0.011849,0.01801,0.014353,0.660452,0.024122,0.248175,0.023039
4360_218_1688_1855,3,3,0.008411,0.005193,0.015137,0.748559,0.01307,0.188749,0.020883
4360_218_1457_1526,3,3,0.011574,0.0097,0.008107,0.843097,0.0102,0.013653,0.10367
4360_217_2178_2242,3,3,0.007455,0.002429,0.007604,0.931599,0.009391,0.013555,0.027968
4360_218_853_988,5,5,0.025574,0.029213,0.008535,0.025532,0.016627,0.865323,0.029196
4360_217_172_251,3,6,0.018304,0.027267,0.015396,0.393599,0.026144,0.004981,0.51431
4360_217_1321_1433,6,4,0.034472,0.213662,0.02557,0.12837,0.398028,0.036361,0.163537
4360_218_2278_2383,5,3,0.019871,0.04074,0.087763,0.364355,0.073953,0.314485,0.098832
4360_217_584_629,3,3,0.031437,0.063041,0.050361,0.601779,0.062745,0.093158,0.097479
4360_218_275_341,3,3,0.018521,0.03434,0.027457,0.453317,0.026701,0.058869,0.380796
4360_217_1018_1067,6,6,0.039701,0.220535,0.041321,0.028701,0.186402,0.012853,0.470487
4360_218_463_561,3,3,0.016215,0.051623,0.042741,0.609785,0.046976,0.121963,0.110695
4360_217_31_61,3,6,0.014578,0.042244,0.130504,0.177441,0.127558,0.024665,0.483009
4360_217_787_837,3,3,0.029822,0.069311,0.070436,0.461252,0.106823,0.020367,0.241989
4360_217_1878_1968,3,3,0.008253,0.00891,0.023047,0.836904,0.019015,0.079664,0.024207
4360_218_663_750,3,3,0.074589,0.102522,0.013407,0.566968,0.01301,0.080021,0.149483
4360_217_360_434,3,3,0.007469,0.030147,0.027091,0.503149,0.034604,0.009955,0.387585
4360_217_1551_1662,3,3,0.017033,0.012745,0.013017,0.802627,0.022247,0.010505,0.121826
4482_225_109_158,6,5,0.014455,0.007147,0.019163,0.410377,0.012351,0.429149,0.107358
4482_226_1167_1202,3,3,0.016813,0.0544,0.048624,0.510252,0.038628,0.171561,0.159722
4482_225_776_869,1,4,0.026921,0.083004,0.082465,0.029032,0.398207,0.03089,0.349481
4482_226_31_82,3,3,0.034414,0.034641,0.057709,0.405912,0.021953,0.341534,0.103837
4482_226_881_1070,2,3,0.041725,0.069864,0.036662,0.402248,0.045351,0.287693,0.116457
4482_226_615_718,3,3,0.017446,0.033764,0.046785,0.576692,0.048811,0.202688,0.073814
4482_225_257_302,6,6,0.015616,0.033938,0.068038,0.109704,0.054219,0.334175,0.384309
4482_226_179_233,1,6,0.021119,0.071783,0.054787,0.178719,0.043691,0.116063,0.513838
4482_225_559_595,1,6,0.077364,0.079559,0.028209,0.170911,0.091765,0.030485,0.521708
4482_225_1086_1136,6,6,0.070775,0.185755,0.026968,0.150214,0.213761,0.018272,0.334255
4482_226_443_547,5,5,0.007764,0.005218,0.00469,0.028554,0.005852,0.934571,0.013351
4482_226_314_395,3,5,0.025452,0.0169,0.005178,0.023524,0.012465,0.890059,0.026422
4482_225_402_416,6,6,0.107083,0.176401,0.043703,0.15543,0.048711,0.196266,0.272405
4484_225_1245_1333,1,0,0.663051,0.083175,0.013174,0.022978,0.011729,0.199126,0.006767
4484_226_922_1237,0,1,0.306317,0.536872,0.05058,0.012639,0.040795,0.028056,0.024742
4484_225_246_300,6,5,0.015739,0.044207,0.02278,0.091213,0.009201,0.760293,0.056567
4484_226_91_121,6,3,0.021929,0.03947,0.022592,0.614807,0.020888,0.023691,0.256623
4484_226_181_231,1,1,0.039556,0.408075,0.027683,0.080184,0.139476,0.043746,0.26128
4484_226_1349_1397,1,0,0.633223,0.242492,0.035428,0.013618,0.014619,0.017333,0.043286
4484_226_577_626,1,1,0.062512,0.284231,0.116109,0.088499,0.155435,0.05402,0.239194
4484_226_333_491,1,1,0.039117,0.49317,0.03036,0.113822,0.094643,0.028002,0.200886
4484_225_31_77,6,5,0.021969,0.031063,0.05929,0.090872,0.04622,0.443036,0.30755
4484_226_727_825,1,1,0.027698,0.290147,0.070795,0.113274,0.203084,0.031087,0.263916
4484_225_667_696,1,5,0.015488,0.016115,0.016003,0.029208,0.00751,0.881792,0.033884
4484_225_510_565,5,5,0.03069,0.062553,0.027702,0.016026,0.063563,0.736211,0.063254
4484_225_837_922,4,0,0.534618,0.214509,0.091005,0.010811,0.035987,0.084271,0.028798
4484_225_135_164,1,5,0.022864,0.09877,0.053607,0.069582,0.026016,0.540189,0.188972
4485_225_114_163,6,3,0.027472,0.019807,0.025396,0.596472,0.017451,0.041451,0.27195
4485_226_1149_1286,5,3,0.028365,0.093684,0.035357,0.722983,0.020802,0.034225,0.064584
4485_226_879_1014,1,3,0.143858,0.186888,0.020383,0.2977,0.030865,0.132373,0.187934
4485_226_188_244,1,3,0.026348,0.059717,0.065101,0.497207,0.02158,0.209002,0.121044
4485_226_1350_1442,4,1,0.249098,0.614769,0.017967,0.009305,0.052275,0.015536,0.04105
4485_225_473_643,1,5,0.082417,0.10115,0.023072,0.044085,0.109749,0.610248,0.02928
4485_225_1037_1140,3,3,0.028977,0.012503,0.014854,0.830103,0.012913,0.055158,0.045491
4485_226_316_417,1,3,0.010954,0.047088,0.179528,0.622337,0.035968,0.069824,0.0343
4485_225_1309_1350,4,4,0.014549,0.130607,0.028414,0.039505,0.560028,0.02422,0.202676
4485_225_795_846,3,5,0.014221,0.007758,0.012061,0.09726,0.012003,0.840954,0.015743
4485_226_70_103,1,1,0.318796,0.464325,0.04105,0.019741,0.024538,0.099115,0.032435
4485_226_736_779,3,3,0.005178,0.006066,0.006298,0.92956,0.003183,0.004865,0.044849
4485_225_257_297,4,6,0.026283,0.028832,0.01025,0.263555,0.024403,0.017702,0.628977
4485_225_31_48,6,6,0.05369,0.05788,0.031543,0.206955,0.029294,0.053882,0.566756
4486_226_117_219,1,1,0.070275,0.798621,0.021007,0.017609,0.043167,0.009644,0.039677
4486_226_1118_1215,5,3,0.015547,0.016674,0.013383,0.64216,0.01795,0.0644,0.229886
4486_225_31_95,2,6,0.04052,0.078791,0.065832,0.245567,0.080287,0.165599,0.323403
4486_226_935_1034,0,0,0.723264,0.115794,0.00512,0.022008,0.008702,0.117322,0.007791
4486_225_725_799,6,6,0.084311,0.168016,0.02075,0.107392,0.190362,0.016894,0.412275
4486_225_239_274,6,6,0.028369,0.057135,0.019364,0.258557,0.026282,0.292764,0.31753
4486_225_353_474,3,3,0.015867,0.022998,0.032138,0.592276,0.046905,0.063709,0.226107
4486_225_602_667,3,3,0.015624,0.020865,0.008784,0.771269,0.016905,0.010076,0.156477
4486_226_678_714,1,1,0.242473,0.275903,0.016436,0.104684,0.03075,0.263009,0.066745
4486_225_1062_1118,3,6,0.092926,0.089589,0.014628,0.358007,0.02336,0.017333,0.404158
4486_226_811_841,5,5,0.046221,0.021717,0.015401,0.032234,0.017182,0.831827,0.035418
4486_226_286_333,1,6,0.022251,0.109314,0.024488,0.313847,0.018203,0.018003,0.493894
4486_225_849_901,6,6,0.032175,0.067315,0.013654,0.212742,0.057337,0.068837,0.547939
4486_226_495_589,4,1,0.390181,0.470527,0.019159,0.016074,0.025701,0.029866,0.048492
4487_226_120_168,1,5,0.008942,0.011025,0.025953,0.147639,0.01847,0.749438,0.038533
4487_226_1608_1739,6,3,0.057567,0.136859,0.026556,0.299331,0.078832,0.149151,0.251705
4487_226_1399_1551,3,3,0.052289,0.150853,0.030388,0.245639,0.105817,0.175836,0.239177
4487_226_572_937,6,6,0.030513,0.080863,0.024797,0.324268,0.085701,0.031805,0.422054
4487_225_191_241,4,5,0.017187,0.025552,0.022543,0.030699,0.011616,0.839842,0.05256
4487_225_1308_1391,4,4,0.012777,0.074588,0.049124,0.015229,0.776206,0.014022,0.058055
4487_226_1018_1149,4,6,0.028306,0.128711,0.035515,0.3528,0.038231,0.045602,0.370835
4487_226_258_474,1,5,0.059167,0.028555,0.01375,0.11991,0.019172,0.731235,0.028211
4487_225_31_101,6,3,0.034315,0.10229,0.044972,0.421788,0.086304,0.044065,0.266266
4487_226_1195_1292,4,6,0.040143,0.162688,0.022205,0.133439,0.067353,0.038691,0.535481
4487_225_481_551,2,6,0.056332,0.137557,0.064126,0.204277,0.039281,0.165014,0.333414
4487_225_955_994,4,5,0.064096,0.110242,0.080233,0.068901,0.093523,0.372918,0.210088
4487_225_1568_1606,1,6,0.113329,0.283613,0.051395,0.114732,0.1224,0.025639,0.288891
4487_225_1158_1181,4,4,0.031233,0.131409,0.121259,0.101892,0.400822,0.018276,0.195109
4495_226_111_137,3,3,0.055504,0.032808,0.027274,0.554634,0.023233,0.131534,0.175014
4495_225_1129_1170,3,3,0.011532,0.021017,0.012263,0.756814,0.028475,0.005528,0.16437
4495_226_733_901,6,6,0.026615,0.023655,0.033831,0.373198,0.070141,0.055477,0.417084
4495_225_31_99,2,3,0.020941,0.075822,0.105533,0.346963,0.052784,0.091648,0.306308
4495_226_965_1119,3,3,0.025815,0.022858,0.054559,0.614987,0.038878,0.100037,0.142865
4495_226_252_357,1,5,0.009091,0.005285,0.025175,0.019965,0.013292,0.912471,0.014721
4495_225_380_465,4,6,0.027987,0.076309,0.123693,0.238909,0.179326,0.029124,0.324652
4495_226_479_690,1,3,0.044533,0.049138,0.061947,0.244855,0.194582,0.230425,0.17452
4495_225_916_941,5,5,0.006153,0.011452,0.022194,0.03975,0.019762,0.843507,0.057182
4495_225_161_234,1,1,0.178945,0.315469,0.036587,0.102532,0.045005,0.066109,0.255354
4495_225_700_724,2,4,0.018253,0.110196,0.084507,0.088905,0.409565,0.012932,0.275642
4490_226_1146_1225,4,4,0.02044,0.137443,0.045717,0.030817,0.597406,0.044944,0.123232
4490_226_1542_1710,4,3,0.014863,0.066552,0.042599,0.452104,0.10001,0.02603,0.297841
4490_226_138_320,4,3,0.020739,0.079108,0.034596,0.502192,0.074801,0.097152,0.191412
4490_226_1335_1480,4,6,0.012744,0.035314,0.025417,0.354197,0.050793,0.016124,0.50541
4490_226_916_966,1,5,0.016095,0.035999,0.035131,0.147567,0.032234,0.379653,0.35332
4490_225_615_698,4,3,0.042171,0.117851,0.026966,0.286765,0.250666,0.013293,0.262288
4490_225_989_1088,4,6,0.045755,0.165012,0.02602,0.128673,0.134606,0.032613,0.467321
4490_225_353_477,6,4,0.018686,0.11896,0.078948,0.018207,0.69957,0.024635,0.040993
4490_225_31_115,4,5,0.027599,0.08364,0.044938,0.016197,0.183983,0.459725,0.183918
4490_225_1246_1278,4,4,0.015845,0.134316,0.133908,0.013443,0.555479,0.01249,0.134519
4490_226_711_817,1,5,0.010894,0.02292,0.02759,0.156881,0.028693,0.609016,0.144005
4490_226_501_582,4,5,0.008829,0.016179,0.053251,0.013992,0.065869,0.810251,0.031629
4490_225_828_909,4,6,0.20947,0.197556,0.062068,0.06851,0.197766,0.032744,0.231886
4490_225_1498_1525,5,5,0.013048,0.013226,0.01129,0.025437,0.010688,0.892838,0.033472
4490_225_1721_1754,3,3,0.040043,0.027679,0.012362,0.720887,0.013417,0.01962,0.165992
4496_226_77_168,6,3,0.007474,0.00824,0.012929,0.485403,0.032016,0.294034,0.159904
4496_226_1094_1315,3,3,0.015369,0.052037,0.091972,0.61473,0.067143,0.091827,0.066922
4496_226_1607_1712,2,3,0.007788,0.017928,0.01146,0.854862,0.010477,0.044608,0.052878
4496_226_1800_1861,3,3,0.006493,0.004653,0.003758,0.849421,0.007286,0.008637,0.119752
4496_226_1400_1524,3,3,0.010314,0.013337,0.008072,0.783984,0.01455,0.009392,0.160351
4496_226_812_959,4,4,0.021321,0.270677,0.113533,0.095845,0.386828,0.039805,0.071991
4496_225_176_254,2,5,0.018253,0.031796,0.081837,0.300869,0.052893,0.340139,0.174213
4496_225_1329_1385,3,5,0.033165,0.006518,0.011251,0.157434,0.007164,0.778408,0.006059
4496_225_570_787,4,4,0.01462,0.072105,0.272983,0.019414,0.38718,0.190252,0.043447
4496_225_1720_1792,3,3,0.011496,0.013528,0.0086,0.925173,0.007023,0.013588,0.020591
4496_226_259_394,3,5,0.012474,0.0373,0.020357,0.185009,0.052577,0.648575,0.043708
4496_225_1000_1080,4,4,0.019287,0.1193,0.060451,0.01157,0.767635,0.00436,0.017396
4496_226_459_558,4,4,0.013044,0.226987,0.092056,0.021775,0.544875,0.014959,0.086304
4496_225_31_65,6,3,0.013729,0.011941,0.016271,0.692385,0.013132,0.036583,0.215959
4496_225_1547_1590,3,3,0.006179,0.00104,0.009334,0.943522,0.010387,0.01332,0.016219
4496_225_405_433,3,6,0.032133,0.122178,0.028796,0.309965,0.04272,0.036604,0.427604
4497_226_73_180,1,5,0.039171,0.066246,0.010736,0.15629,0.063921,0.621434,0.0422
4497_226_1281_1341,4,6,0.010663,0.269859,0.013848,0.207323,0.147682,0.046567,0.304058
4497_225_1012_1272,1,1,0.067917,0.288564,0.105145,0.085523,0.205698,0.047533,0.199621
4497_226_1501_1710,6,3,0.015098,0.047552,0.022434,0.509927,0.053556,0.044978,0.306453
4497_225_196_319,5,5,0.01219,0.01738,0.013404,0.010542,0.019137,0.917709,0.009637
4497_226_1788_1889,3,3,0.026019,0.172125,0.021268,0.507387,0.073603,0.017783,0.181814
4497_225_1389_1477,5,5,0.083349,0.111777,0.032593,0.014429,0.059216,0.67712,0.021515
4497_226_537_597,3,5,0.022785,0.008733,0.007473,0.337926,0.007717,0.563451,0.051915
4497_225_1737_1788,3,4,0.056536,0.080823,0.040862,0.323888,0.338055,0.02282,0.137015
4497_226_328_418,1,1,0.110165,0.298654,0.017865,0.236726,0.055807,0.153497,0.127286
4497_225_613_674,5,6,0.017815,0.037284,0.023514,0.311063,0.039905,0.171483,0.398937
4497_225_430_522,2,5,0.019113,0.08113,0.071007,0.062098,0.052004,0.630741,0.083907
4497_225_817_922,4,4,0.011857,0.165152,0.097719,0.015035,0.615206,0.039865,0.055166
4497_226_681_773,6,3,0.020274,0.032313,0.008474,0.459014,0.023948,0.062125,0.393853
4497_226_963_1004,5,5,0.01111,0.012639,0.009689,0.028196,0.010483,0.886001,0.041881
4497_225_31_52,6,3,0.024612,0.026251,0.03448,0.417612,0.021583,0.074335,0.401126
4499_226_31_132,1,0,0.564314,0.205488,0.059485,0.044758,0.03633,0.059311,0.030314
4499_225_1219_1351,5,4,0.025815,0.151735,0.047557,0.170255,0.422129,0.03442,0.148089
4499_226_1109_1219,1,0,0.648925,0.250135,0.022817,0.013115,0.02712,0.02596,0.011927
4499_225_1559_1688,5,4,0.017639,0.065524,0.116967,0.06217,0.662791,0.04733,0.027579
4499_226_170_271,1,3,0.030502,0.134318,0.083517,0.357867,0.096388,0.103022,0.194387
4499_226_1351_1559,1,3,0.026345,0.071979,0.067906,0.446657,0.258197,0.034835,0.094081
4499_226_827_1062,1,0,0.528526,0.283253,0.038293,0.039837,0.04731,0.032742,0.03004
4499_226_506_736,1,3,0.077265,0.164479,0.043801,0.44351,0.079817,0.088012,0.103117
4499_225_1062_1109,5,5,0.062117,0.071401,0.033352,0.087422,0.088252,0.626747,0.030708
4499_226_309_456,1,3,0.046689,0.170601,0.074368,0.293387,0.120081,0.100507,0.194366
4499_225_456_506,5,5,0.028711,0.073035,0.011522,0.063894,0.05374,0.725647,0.04345
4499_225_736_827,5,4,0.082246,0.188118,0.078854,0.061269,0.276703,0.088488,0.224322
4499_226_1688_1729,3,3,0.010445,0.005813,0.010658,0.867233,0.016998,0.036409,0.052444
4499_225_271_309,1,5,0.018447,0.052307,0.080409,0.205734,0.131206,0.413704,0.098192
4498_226_76_142,6,3,0.01873,0.028442,0.022786,0.693804,0.026351,0.021603,0.188285
4498_225_1162_1450,4,4,0.103939,0.212662,0.108643,0.022755,0.386577,0.097289,0.068135
4498_225_2034_2058,6,3,0.010283,0.016052,0.013941,0.767605,0.019675,0.012763,0.159682
4498_226_1661_1839,3,3,0.019771,0.026063,0.016249,0.767396,0.040222,0.01414,0.116159
4498_225_155_267,2,5,0.036256,0.09891,0.046773,0.016909,0.147467,0.605011,0.048673
4498_226_800_932,4,4,0.070054,0.247919,0.073539,0.119075,0.296453,0.022107,0.170854
4498_225_941_996,5,5,0.012601,0.01976,0.013088,0.122943,0.011181,0.643562,0.176866
4498_226_555_689,4,4,0.038846,0.243867,0.092511,0.005346,0.600163,0.005129,0.014138
4498_226_1014_1123,4,3,0.119888,0.097571,0.017606,0.521424,0.037798,0.076063,0.129651
4498_226_291_374,2,4,0.018594,0.122781,0.08703,0.034045,0.568637,0.044336,0.124577
4498_225_398_521,4,4,0.036015,0.203817,0.094615,0.005084,0.594308,0.009179,0.056983
4498_225_31_67,6,3,0.026184,0.045086,0.020999,0.503732,0.021688,0.02568,0.356632
4498_226_1476_1565,3,4,0.015581,0.125634,0.150829,0.042239,0.610813,0.013354,0.041549
4498_225_1854_1949,2,1,0.085564,0.269706,0.064457,0.21123,0.172378,0.059728,0.136937
4498_225_714_782,1,6,0.079755,0.210768,0.051908,0.062783,0.201735,0.042584,0.350466
4498_225_1587_1646,4,4,0.004076,0.062546,0.038785,0.003649,0.878532,0.00267,0.009743
4498_226_1965_2034,3,3,0.015367,0.019602,0.008656,0.731772,0.027588,0.00908,0.187935
4502_226_31_154,0,0,0.707591,0.14136,0.024926,0.018075,0.028941,0.035278,0.043829
4502_225_1295_1355,3,3,0.007087,0.001791,0.011584,0.693364,0.008979,0.269302,0.007893
4502_226_1099_1295,1,3,0.030925,0.057115,0.035998,0.563658,0.055622,0.033639,0.223042
4502_226_1678_1727,1,3,0.021093,0.046786,0.016683,0.650775,0.055893,0.0109,0.197871
4502_226_193_363,0,0,0.651976,0.072142,0.04068,0.039248,0.057461,0.118575,0.019917
4502_226_1355_1501,1,3,0.16856,0.080507,0.035562,0.525078,0.035597,0.089603,0.065092
4502_226_796_936,5,1,0.089664,0.354526,0.038828,0.181574,0.069474,0.088549,0.177383
4502_225_936_1099,1,1,0.135487,0.29075,0.123117,0.053239,0.163841,0.105703,0.127864
4502_225_550_796,1,2,0.054775,0.105013,0.286011,0.112447,0.265669,0.036165,0.139921
4502_225_154_193,2,4,0.078892,0.263114,0.088656,0.017804,0.435586,0.011587,0.104361
4502_226_475_550,5,5,0.020666,0.019705,0.044295,0.042084,0.041568,0.787825,0.043856
4502_225_363_475,1,4,0.01405,0.037046,0.44284,0.004672,0.467652,0.015503,0.018237
4502_226_1522_1625,1,0,0.527816,0.235976,0.074323,0.043514,0.059754,0.032473,0.026145
4502_225_1625_1678,2,3,0.060679,0.144765,0.029037,0.542008,0.038122,0.019474,0.165914
4502_225_1501_1522,5,3,0.038547,0.020863,0.018699,0.707501,0.019035,0.039759,0.155596
4503_226_106_174,5,5,0.039747,0.057548,0.018161,0.15244,0.055689,0.572985,0.10343
4503_225_1256_1321,1,1,0.054059,0.429281,0.103267,0.010836,0.202739,0.156049,0.043769
4503_226_1178_1256,3,3,0.005135,0.004035,0.013002,0.868071,0.011921,0.030495,0.067342
4503_225_174_270,5,5,0.034077,0.024712,0.026896,0.318339,0.029026,0.525495,0.041454
4503_226_890_959,3,3,0.017485,0.115498,0.148587,0.345264,0.063743,0.252855,0.056568
4503_226_1321_1398,5,3,0.036368,0.040276,0.018514,0.5056,0.01921,0.138227,0.241805
4503_225_535_627,5,3,0.022155,0.027859,0.028182,0.53699,0.045968,0.097016,0.24183
4503_226_1059_1154,3,3,0.013336,0.016293,0.016252,0.8596,0.013055,0.025715,0.055749
4503_226_270_434,1,1,0.291596,0.554735,0.049283,0.005493,0.040777,0.039859,0.018256
4503_226_627_733,1,1,0.036607,0.745578,0.073681,0.01076,0.102878,0.013953,0.016544
4503_225_959_1059,3,3,0.018442,0.009179,0.010581,0.753118,0.042987,0.077985,0.087708
4503_225_434_482,6,6,0.021683,0.044134,0.018209,0.263146,0.035789,0.080904,0.536135
4503_225_31_106,1,1,0.03497,0.466858,0.030344,0.035945,0.345472,0.020131,0.06628
4503_225_733_890,5,3,0.048499,0.064766,0.021711,0.650838,0.021339,0.047804,0.145043
4503_226_482_535,1,1,0.082053,0.387198,0.131922,0.070561,0.015414,0.253072,0.059781
4503_225_1154_1178,5,5,0.015919,0.017964,0.010706,0.074772,0.010182,0.818692,0.051765
4500_226_118_282,1,3,0.026478,0.052428,0.054032,0.495852,0.046067,0.239736,0.085408
4500_225_1213_1329,4,4,0.024583,0.246493,0.052589,0.026511,0.588474,0.022878,0.038471
4500_226_1078_1213,1,3,0.03319,0.055979,0.030258,0.437722,0.083635,0.037396,0.321821
4500_225_1666_1772,1,4,0.02345,0.080543,0.054031,0.091253,0.366473,0.062651,0.3216
4500_225_1820_1892,5,6,0.0577,0.09544,0.024562,0.342572,0.089901,0.035732,0.354092
4500_226_1772_1820,5,5,0.036576,0.022429,0.009617,0.078813,0.019172,0.773854,0.05954
4500_225_1404_1562,5,5,0.227521,0.13625,0.057108,0.106519,0.083841,0.30007,0.088691
4500_226_901_1022,1,6,0.070438,0.161185,0.02051,0.200851,0.091073,0.086673,0.36927
4500_226_1329_1404,5,3,0.031752,0.065124,0.073279,0.456845,0.168555,0.08229,0.122156
4500_226_509_705,1,3,0.062303,0.068264,0.026989,0.523345,0.040285,0.141184,0.137631
4500_225_282_401,5,5,0.026666,0.028666,0.014058,0.02046,0.023696,0.851095,0.035359
4500_225_1022_1078,5,5,0.025327,0.05646,0.054049,0.010908,0.3018,0.478024,0.073432
4500_225_474_509,5,5,0.038621,0.033466,0.00967,0.177883,0.010364,0.516836,0.213161
4500_225_31_118,5,5,0.041713,0.08733,0.106923,0.095997,0.086917,0.391577,0.189544
4500_225_705_901,5,5,0.088339,0.159659,0.027718,0.045005,0.126028,0.522979,0.030272
4500_226_1892_2007,5,4,0.007812,0.057316,0.066152,0.137743,0.661752,0.013645,0.05558
4500_226_1562_1666,3,3,0.046832,0.057356,0.024702,0.64009,0.035718,0.064402,0.1309
4504_226_108_184,5,3,0.01405,0.02993,0.017301,0.558124,0.053835,0.079077,0.247682
4504_225_1212_1331,1,0,0.560912,0.211276,0.034419,0.088637,0.023701,0.022892,0.058163
4504_226_1148_1212,1,1,0.298479,0.495983,0.029771,0.039584,0.024175,0.053356,0.058652
4504_226_1605_1729,5,3,0.013072,0.024785,0.009109,0.860904,0.010967,0.052409,0.028755
4504_225_184_357,5,3,0.019773,0.029315,0.047204,0.439906,0.11596,0.15811,0.189733
4504_226_1331_1498,5,1,0.026532,0.471067,0.039382,0.218162,0.057163,0.040903,0.146791
4504_226_790_946,1,1,0.054126,0.777582,0.01631,0.044032,0.064071,0.009611,0.034268
4504_225_946_1020,1,4,0.070573,0.32488,0.036635,0.003026,0.545945,0.004362,0.01458
4504_226_564_679,1,1,0.217102,0.508441,0.017955,0.077238,0.060978,0.020152,0.098134
4504_225_1079_1148,0,0,0.767517,0.1681,0.019962,0.007046,0.015094,0.010736,0.011545
4504_226_1020_1079,1,1,0.120956,0.526805,0.017244,0.067624,0.11819,0.020638,0.128543
4504_226_357_504,5,3,0.038944,0.106641,0.033819,0.322175,0.041885,0.319604,0.136932
4504_225_31_108,5,5,0.199978,0.135853,0.042726,0.015974,0.010288,0.517827,0.077354
4504_225_1498_1605,1,0,0.791175,0.102175,0.014025,0.025544,0.016344,0.030118,0.020619
4504_225_679_790,1,1,0.047767,0.4759,0.023882,0.055488,0.040918,0.045556,0.310489
4504_225_504_564,1,1,0.134449,0.303534,0.115235,0.077744,0.067599,0.185618,0.11582
4508_226_99_234,5,3,0.01244,0.017803,0.021537,0.788566,0.021612,0.080312,0.057729
4508_226_1219_1464,5,3,0.01165,0.015065,0.028856,0.744522,0.021607,0.037169,0.14113
4508_225_1129_1219,1,1,0.07245,0.494183,0.018335,0.003459,0.388333,0.003274,0.019966
4508_226_1613_1696,3,3,0.006033,0.002682,0.004488,0.851414,0.00777,0.013156,0.114457
4508_225_234_320,1,1,0.099825,0.744345,0.008208,0.018601,0.087222,0.00805,0.03375
4508_226_1751_1801,3,3,0.008756,0.010356,0.009329,0.882453,0.008772,0.014199,0.066134
4508_225_881_963,1,1,0.276223,0.552711,0.030856,0.013478,0.044974,0.060091,0.021667
4508_226_518_601,1,5,0.015642,0.02974,0.02023,0.128494,0.028506,0.584917,0.192471
4508_226_963_1129,1,3,0.009324,0.082647,0.018786,0.613467,0.060103,0.024411,0.191262
4508_226_320_468,5,4,0.007406,0.077757,0.113363,0.154823,0.38805,0.1538,0.104801
4508_225_601_684,5,6,0.116869,0.195972,0.030255,0.079682,0.048803,0.049735,0.478684
4508_225_468_518,1,1,0.143968,0.445023,0.016343,0.055002,0.167487,0.006356,0.165821
4508_225_31_99,1,1,0.0686,0.803459,0.025635,0.014224,0.065684,0.005584,0.016813
4508_225_1464_1613,3,3,0.00714,0.002628,0.014865,0.513287,0.015284,0.437449,0.009347
4508_226_684_881,1,1,0.027311,0.504638,0.042599,0.300917,0.041476,0.037075,0.045984
4508_225_1696_1751,3,3,0.023173,0.005404,0.02157,0.620588,0.016603,0.299875,0.012788
4507_226_106_165,5,5,0.034762,0.026688,0.023823,0.017181,0.013175,0.839807,0.044564
4507_226_1233_1424,1,6,0.033761,0.263873,0.039254,0.160305,0.1287,0.055585,0.31852
4507_225_1054_1233,1,1,0.21782,0.449657,0.022431,0.118235,0.039326,0.064889,0.087642
4507_226_1594_1729,3,6,0.034637,0.084037,0.027234,0.249624,0.044622,0.040938,0.518907
4507_225_165_294,3,6,0.027205,0.043756,0.023521,0.38381,0.040661,0.040887,0.44016
4507_226_1820_1941,5,3,0.02441,0.041928,0.035934,0.423472,0.073096,0.126596,0.274563
4507_225_1729_1820,3,3,0.018649,0.016985,0.080307,0.701116,0.030103,0.109029,0.043811
4507_225_1424_1594,1,0,0.328831,0.309904,0.017839,0.0996,0.142391,0.015569,0.085866
4507_226_727_932,5,1,0.132575,0.50138,0.019557,0.057984,0.139373,0.042033,0.107098
4507_225_932_958,5,5,0.069752,0.10933,0.033017,0.021272,0.03346,0.659875,0.073293
4507_226_470_610,1,6,0.062507,0.257227,0.019973,0.116754,0.15026,0.077637,0.315641
4507_226_294_403,5,5,0.044074,0.029446,0.012132,0.022148,0.030461,0.835777,0.025962
4507_225_610_727,5,1,0.076408,0.3874,0.041103,0.015195,0.103518,0.326795,0.049581
4507_226_958_1054,1,6,0.04273,0.27291,0.06404,0.056247,0.178004,0.08629,0.299778
4507_225_31_106,3,6,0.068591,0.112638,0.04067,0.147505,0.065647,0.047458,0.517491
4507_225_403_470,2,1,0.136254,0.444591,0.046239,0.053018,0.103814,0.047719,0.168365
4507_225_1941_2034,3,1,0.152885,0.445006,0.02385,0.058591,0.163217,0.023568,0.132883
4506_226_101_230,5,5,0.022868,0.052685,0.040217,0.226434,0.051598,0.478644,0.127552
4506_226_1281_1388,5,3,0.006364,0.009006,0.019914,0.665194,0.012614,0.257709,0.0292
4506_225_1172_1281,5,3,0.022601,0.19143,0.046268,0.26128,0.259105,0.045462,0.173854
4506_225_1560_1687,1,3,0.067654,0.072811,0.016388,0.688207,0.035832,0.04754,0.071568
4506_225_230_348,5,5,0.005697,0.005759,0.007339,0.031944,0.008308,0.931037,0.009917
4506_226_1437_1560,5,5,0.010543,0.026007,0.009472,0.108803,0.015229,0.812936,0.017009
4506_226_823_1016,5,3,0.015853,0.124134,0.053825,0.502389,0.05812,0.174603,0.071075
4506_225_539_618,3,3,0.013018,0.01091,0.019458,0.485107,0.020753,0.416414,0.03434
4506_226_1108_1172,3,3,0.046169,0.164974,0.017268,0.533849,0.035021,0.136839,0.065879
4506_225_1016_1108,1,5,0.039361,0.14221,0.019467,0.057707,0.034369,0.66139,0.045494
4506_226_618_674,3,3,0.013853,0.032484,0.031819,0.519999,0.013802,0.134989,0.253055
4506_226_420_539,1,5,0.05324,0.154823,0.042119,0.141686,0.025529,0.456747,0.125857
4506_225_31_101,5,5,0.008214,0.015455,0.020497,0.024046,0.0106,0.880567,0.040622
4506_225_674_823,1,1,0.018234,0.326494,0.143082,0.024723,0.174173,0.171091,0.142203
4506_225_380_420,3,5,0.006529,0.012202,0.012435,0.456609,0.006543,0.488147,0.017534
4506_225_1388_1437,3,3,0.011634,0.02033,0.009306,0.592383,0.019745,0.040807,0.305794
4506_226_348_380,5,3,0.008934,0.034912,0.017605,0.534627,0.02344,0.049002,0.331479
4510_226_90_154,5,5,0.004188,0.004313,0.01148,0.046065,0.006309,0.906912,0.020733
4510_225_1204_1464,4,4,0.009104,0.067938,0.223759,0.004383,0.661709,0.007221,0.025885
4510_226_1042_1204,4,3,0.026757,0.037872,0.068706,0.44018,0.125527,0.165775,0.135184
4510_225_1586_1688,5,5,0.006861,0.015698,0.037634,0.125278,0.046836,0.717067,0.050626
4510_226_246_367,5,5,0.00547,0.009515,0.021153,0.03979,0.010446,0.883487,0.03014
4510_226_1688_1910,3,3,0.048166,0.137453,0.057959,0.368653,0.068432,0.116383,0.202955
4510_225_849_1042,5,3,0.051424,0.040961,0.040286,0.425117,0.084472,0.243745,0.113995
4510_225_154_246,5,2,0.005063,0.0205,0.472223,0.034269,0.240665,0.172931,0.054349
4510_225_546_610,5,3,0.030592,0.045938,0.015987,0.652052,0.026327,0.044054,0.185049
4510_226_610_692,5,6,0.006823,0.017226,0.020693,0.176343,0.010734,0.213768,0.554413
4510_225_367_520,2,6,0.048115,0.126312,0.053957,0.328114,0.05639,0.054059,0.333053
4510_225_31_90,1,3,0.022619,0.032848,0.030422,0.476397,0.032856,0.04755,0.357308
4510_226_1464_1586,5,5,0.015652,0.032065,0.066736,0.17845,0.152594,0.417502,0.137001
4510_226_772_849,5,5,0.015896,0.037235,0.024342,0.068295,0.052063,0.758409,0.04376
4510_225_692_772,4,6,0.03306,0.03266,0.020951,0.355935,0.027056,0.040958,0.48938
4510_226_520_546,5,5,0.01099,0.01787,0.016923,0.067573,0.007519,0.732232,0.146892
4512_226_122_159,6,6,0.009216,0.03372,0.060909,0.228131,0.121702,0.112273,0.434048
4512_226_1198_1302,3,3,0.002529,0.001027,0.008186,0.962737,0.009041,0.008728,0.007753
4512_225_179_294,2,5,0.049929,0.067281,0.024906,0.047327,0.050315,0.677464,0.082777
4512_225_1312_1465,4,1,0.129377,0.31642,0.110741,0.037154,0.140867,0.158496,0.106946
4512_226_949_1022,4,3,0.046405,0.040753,0.041349,0.477409,0.027341,0.306592,0.060152
4512_225_581_920,6,5,0.076739,0.171647,0.098445,0.125401,0.044808,0.345298,0.137661
4512_225_1032_1140,3,6,0.042064,0.055165,0.027495,0.206477,0.063896,0.041562,0.563341
4512_226_322_464,6,4,0.010087,0.161156,0.049913,0.119499,0.360071,0.037419,0.261855
4512_225_474_536,4,4,0.005665,0.145789,0.052468,0.001712,0.778804,0.004921,0.010641
4512_225_31_90,6,5,0.058213,0.072215,0.091073,0.061364,0.059599,0.412686,0.24485
4512_225_1522_1610,6,6,0.019781,0.049577,0.050947,0.14067,0.10058,0.119838,0.518606
4512_226_566_573,5,5,0.044582,0.059639,0.030698,0.093006,0.0269,0.673705,0.071469
4512_226_1471_1492,5,5,0.013352,0.046197,0.083009,0.181837,0.06816,0.34757,0.259875
4509_226_71_150,5,3,0.019041,0.021315,0.012612,0.781118,0.006742,0.112126,0.047045
4509_225_1275_1386,2,2,0.004416,0.039865,0.614594,0.01029,0.267088,0.02172,0.042027
4509_225_1081_1192,5,5,0.041675,0.045288,0.025083,0.027309,0.018675,0.728163,0.113808
4509_226_1599_1725,3,3,0.007874,0.005421,0.00644,0.89727,0.008125,0.011366,0.063504
4509_226_204_361,5,5,0.012086,0.042667,0.024485,0.068912,0.022749,0.739456,0.089646
4509_226_1386_1544,5,3,0.015758,0.021226,0.012212,0.799448,0.015398,0.040039,0.095918
4509_225_879_957,5,5,0.014533,0.065351,0.086092,0.062194,0.090493,0.417987,0.26335
4509_225_150_204,5,5,0.011744,0.021096,0.021012,0.039565,0.047746,0.772465,0.086371
4509_226_531_654,5,5,0.013221,0.035021,0.032969,0.165067,0.029237,0.642268,0.082216
4509_226_957_1081,5,3,0.018847,0.034697,0.012129,0.5779,0.015193,0.266317,0.074918
4509_225_361_531,5,5,0.015253,0.084949,0.053416,0.032939,0.209926,0.489706,0.113811
4509_225_31_71,3,3,0.017498,0.024251,0.030784,0.666904,0.020082,0.03014,0.210342
4509_226_1192_1275,3,3,0.006681,0.009127,0.009489,0.875694,0.015615,0.020609,0.062786
4509_226_708_879,1,3,0.017913,0.02114,0.017635,0.677067,0.022193,0.065335,0.178716
4509_225_654_708,5,5,0.01568,0.015402,0.027548,0.165302,0.011053,0.604093,0.160923
4509_225_1544_1599,3,3,0.01047,0.008023,0.016344,0.858078,0.01761,0.012329,0.077146
4509_225_1725_1756,3,3,0.019274,0.005583,0.008905,0.893679,0.006154,0.037848,0.028556
4511_226_122_195,6,3,0.032845,0.039684,0.078611,0.373475,0.01074,0.221621,0.243023
4511_226_1273_1342,6,3,0.011538,0.004291,0.008095,0.65392,0.012048,0.253304,0.056804
4511_226_1176_1206,6,5,0.019719,0.024159,0.034686,0.175884,0.018092,0.510523,0.216938
4511_226_1384_1462,3,3,0.006663,0.004644,0.013755,0.700817,0.017171,0.031979,0.22497
4511_226_884_987,5,3,0.02608,0.038698,0.065715,0.618495,0.033494,0.115145,0.102372
4511_225_592_636,5,5,0.037022,0.064888,0.173284,0.042129,0.016082,0.39956,0.267036
4511_225_1021_1096,5,5,0.012191,0.02172,0.036367,0.01704,0.0121,0.841388,0.059194
4511_226_352_495,2,5,0.029455,0.077997,0.088039,0.229861,0.024475,0.398751,0.151423
4511_225_1219_1265,1,3,0.021748,0.018802,0.051595,0.455734,0.017711,0.338396,0.096014
4511_225_71_86,5,5,0.011904,0.060077,0.045599,0.029021,0.021294,0.623686,0.208419
4511_226_647_817,6,1,0.132664,0.372854,0.036067,0.07485,0.039728,0.232132,0.111705
4511_226_31_53,6,3,0.096803,0.148069,0.085445,0.281472,0.045147,0.122249,0.220815
4511_225_844_862,6,5,0.010935,0.017139,0.069564,0.067136,0.007834,0.519796,0.307596
4511_225_267_333,6,5,0.00794,0.02017,0.057771,0.021019,0.008268,0.837445,0.047387
4511_225_1365_1383,5,5,0.00887,0.010619,0.012723,0.078507,0.00507,0.831825,0.052386
4513_225_100_352,1,0,0.490859,0.423016,0.010203,0.006429,0.034622,0.021935,0.012936
4513_225_1166_1323,1,1,0.112249,0.418224,0.047541,0.047825,0.218833,0.032391,0.122938
4513_226_2001_2092,0,5,0.087482,0.078921,0.015577,0.050034,0.014645,0.727804,0.025537
4513_226_1653_1730,0,1,0.219628,0.538374,0.046592,0.043876,0.05335,0.075335,0.022846
4513_225_1730_2001,1,0,0.606021,0.315338,0.011804,0.007758,0.023906,0.025205,0.009968
4513_225_1460_1653,1,0,0.540794,0.309749,0.032186,0.016037,0.036953,0.04198,0.022302
4513_226_865_941,1,5,0.226212,0.221738,0.032094,0.05418,0.021643,0.332349,0.111785
4513_225_941_1070,1,1,0.104983,0.417177,0.106388,0.122539,0.046885,0.063904,0.138124
4513_226_1323_1460,0,0,0.629061,0.30359,0.008692,0.014811,0.009094,0.029495,0.005257
4513_225_423_612,1,6,0.075376,0.206115,0.051148,0.050794,0.105913,0.20571,0.304943
4513_226_1070_1166,5,1,0.075547,0.277706,0.041095,0.204781,0.153186,0.148343,0.099343
4513_226_612_743,1,0,0.622709,0.263764,0.012854,0.005744,0.023163,0.067182,0.004585
4513_226_31_100,1,5,0.011082,0.042635,0.02195,0.042408,0.024653,0.823421,0.033852
4513_225_743_865,1,0,0.381469,0.150498,0.046555,0.023349,0.027002,0.32028,0.050847
4513_226_352_423,1,5,0.267027,0.239316,0.01989,0.057911,0.039077,0.343382,0.033398
4514_226_127_234,3,6,0.009478,0.015853,0.03681,0.266601,0.116465,0.108016,0.446777
4514_226_1281_1332,6,6,0.022504,0.139716,0.031019,0.195134,0.037317,0.160671,0.413638
4514_226_1164_1216,5,5,0.060927,0.064677,0.023761,0.026286,0.010842,0.749682,0.063825
4514_225_234_330,5,5,0.004915,0.010192,0.008817,0.028395,0.010652,0.926996,0.010032
4514_225_1332_1534,1,0,0.439993,0.226974,0.008949,0.006057,0.01223,0.30085,0.004947
4514_225_31_127,6,5,0.016034,0.032109,0.028432,0.060668,0.032429,0.625261,0.205067
4514_226_850_1079,3,5,0.021842,0.076411,0.01209,0.048506,0.042475,0.676704,0.121972
4514_226_514_704,3,5,0.021712,0.209374,0.059336,0.081058,0.046993,0.450068,0.131458
4514_225_1079_1164,5,5,0.016746,0.011889,0.006951,0.013297,0.010841,0.931975,0.0083
4514_226_330_387,3,6,0.022611,0.120082,0.024635,0.318876,0.103185,0.035447,0.375164
4514_225_387_514,5,5,0.020205,0.086424,0.044543,0.017583,0.049102,0.739257,0.042886
4514_226_1534_1628,3,3,0.018678,0.149029,0.023791,0.362677,0.072393,0.047059,0.326372
4514_225_1216_1281,1,5,0.245949,0.271526,0.016052,0.008681,0.014366,0.417434,0.025991
4514_225_704_850,5,1,0.12612,0.587896,0.033311,0.013692,0.115599,0.069314,0.054068
4518_225_2291_2523,2,1,0.05989,0.303707,0.050141,0.148486,0.166733,0.027414,0.243629
4518_226_84_214,5,5,0.007398,0.009065,0.009964,0.022675,0.027901,0.901412,0.021586
4518_225_1255_1438,4,4,0.017176,0.108608,0.17188,0.032646,0.33942,0.22091,0.109362
4518_225_1678_2066,1,4,0.030321,0.250294,0.064551,0.017602,0.557158,0.014715,0.065359
4518_226_1159_1223,1,6,0.037228,0.038945,0.100692,0.203134,0.187746,0.17275,0.259505
4518_225_224_495,3,5,0.110893,0.04573,0.073234,0.21877,0.072271,0.31013,0.168972
4518_226_2110_2268,4,4,0.007595,0.098666,0.149531,0.008901,0.692319,0.011298,0.03169
4518_226_2544_2624,4,6,0.013925,0.035094,0.091727,0.262448,0.047332,0.014795,0.534679
4518_225_862_1134,4,1,0.065642,0.63806,0.036486,0.012023,0.080415,0.017849,0.149525
4518_226_514_674,1,6,0.01889,0.059918,0.031418,0.173008,0.097755,0.089556,0.529456
4518_225_31_68,6,6,0.059839,0.255822,0.049264,0.14497,0.126816,0.012742,0.350547
4518_226_1473_1667,6,4,0.102186,0.180738,0.024821,0.131611,0.29572,0.018218,0.246706
4518_226_817_846,5,5,0.02001,0.031261,0.037052,0.037223,0.034397,0.781481,0.058575
4518_225_699_808,4,4,0.032979,0.23479,0.038472,0.022397,0.421921,0.012757,0.236685
4516_226_96_190,5,5,0.003517,0.017467,0.013219,0.007019,0.075021,0.860807,0.02295
4516_226_1040_1204,1,1,0.143424,0.410594,0.049467,0.101596,0.210974,0.013629,0.070315
4516_226_712_831,1,5,0.024322,0.183775,0.070594,0.025074,0.116462,0.515549,0.064223
4516_225_31_67,4,1,0.078145,0.561081,0.016352,0.014096,0.260205,0.01146,0.058661
4516_225_936_1015,4,6,0.032975,0.218627,0.026326,0.072381,0.314233,0.009574,0.325884
4516_225_191_295,1,1,0.276623,0.5036,0.024347,0.016221,0.084403,0.019303,0.075503
4516_225_369_436,5,6,0.069117,0.23339,0.027277,0.095202,0.072619,0.10101,0.401385
4516_225_635_698,1,6,0.028043,0.23723,0.057803,0.022771,0.291281,0.016306,0.346567
4516_226_587_620,1,5,0.018925,0.045084,0.074222,0.050967,0.063562,0.489067,0.258173
4516_226_441_518,5,5,0.00554,0.012993,0.008696,0.008722,0.014437,0.94262,0.006992
4516_225_836_870,1,5,0.029707,0.145124,0.068576,0.028405,0.09904,0.410464,0.218685
4516_226_316_358,4,5,0.019106,0.105098,0.061761,0.012896,0.035844,0.709737,0.055559
4516_226_882_921,1,6,0.015851,0.094541,0.087383,0.042662,0.039186,0.223545,0.496831
4516_225_521_565,6,6,0.046157,0.095534,0.014432,0.229073,0.024631,0.051056,0.539117
4520_226_802_1360,1,5,0.032087,0.065675,0.087214,0.036871,0.143522,0.604566,0.030066
4520_225_1938_2110,1,0,0.430504,0.284556,0.024339,0.059147,0.057532,0.102819,0.041102
4520_225_1609_1697,5,5,0.032951,0.095541,0.124621,0.053945,0.151501,0.29958,0.241861
4520_226_129_282,1,0,0.43852,0.236944,0.180063,0.008495,0.086768,0.033903,0.015308
4520_226_1749_1899,1,0,0.342737,0.278747,0.043439,0.073289,0.068271,0.125272,0.068245
4520_225_1409_1506,1,0,0.534485,0.159666,0.172662,0.008402,0.057561,0.058899,0.008325
4520_225_2210_2325,1,1,0.135609,0.346291,0.075782,0.067463,0.293974,0.017775,0.063108
4520_226_520_639,1,0,0.38616,0.21314,0.052821,0.020653,0.063138,0.239967,0.024121
4520_225_335_507,6,0,0.534418,0.288612,0.022782,0.006244,0.097736,0.039755,0.010453
4520_225_31_83,1,1,0.274216,0.475598,0.022767,0.009803,0.200467,0.006901,0.010248
4520_226_1522_1576,1,0,0.403547,0.360772,0.041556,0.029977,0.066498,0.034723,0.062927
4520_225_646_784,6,1,0.132422,0.188759,0.161598,0.048271,0.145649,0.15857,0.164731
4520_226_2346_2413,3,3,0.019502,0.023831,0.017847,0.725753,0.042726,0.026899,0.143443
4520_226_2141_2188,3,4,0.004156,0.021802,0.016434,0.083983,0.830594,0.004794,0.038237
4723_238_124_266,1,1,0.210193,0.666682,0.029603,0.007211,0.026969,0.042825,0.016518
4723_237_1294_1309,5,5,0.026739,0.080509,0.080904,0.04482,0.016385,0.688182,0.062459
4723_238_1181_1286,6,1,0.013109,0.500527,0.094003,0.064556,0.08949,0.029843,0.208471
4723_237_1500_1699,1,1,0.104048,0.310258,0.179547,0.010015,0.048407,0.302284,0.045442
4723_238_1350_1487,5,5,0.012749,0.156917,0.039166,0.017188,0.03607,0.690487,0.047423
4723_237_904_996,5,5,0.063363,0.041224,0.01783,0.013233,0.012346,0.845257,0.006747
4723_237_428_617,0,0,0.639796,0.272247,0.027263,0.00262,0.02255,0.025352,0.010171
4723_237_1039_1167,1,1,0.03061,0.528005,0.085004,0.024165,0.104718,0.204767,0.022731
4723_238_1717_1775,1,1,0.096787,0.675285,0.103537,0.027982,0.027049,0.019279,0.050081
4723_238_332_421,1,1,0.011065,0.310818,0.187345,0.029907,0.068319,0.283473,0.109073
4723_238_622_710,1,1,0.049408,0.568446,0.104196,0.025642,0.163188,0.051428,0.037692
4723_237_31_110,1,5,0.014008,0.098414,0.068128,0.017396,0.020236,0.72878,0.053039
4723_238_811_897,6,5,0.007937,0.088044,0.023585,0.265297,0.012022,0.512249,0.090866
4723_237_721_798,1,5,0.030996,0.25521,0.082894,0.022208,0.022868,0.504895,0.080929
4723_238_1004_1034,1,6,0.021723,0.184768,0.058733,0.090543,0.103503,0.060613,0.480116
4723_237_277_322,1,2,0.026421,0.184543,0.286348,0.012573,0.053244,0.240133,0.196738
4727_238_117_190,5,5,0.003332,0.038466,0.0207,0.018607,0.009048,0.881038,0.028809
4727_238_1241_1398,1,1,0.024414,0.491566,0.089634,0.111491,0.13689,0.09958,0.046425
4727_237_1092_1241,1,1,0.135159,0.618659,0.021768,0.100235,0.026144,0.048307,0.049728
4727_237_1398_1680,1,1,0.145966,0.673244,0.052797,0.018877,0.05185,0.040338,0.016929
4727_237_190_368,1,6,0.030038,0.198083,0.09266,0.175097,0.048113,0.192242,0.263768
4727_237_776_933,3,3,0.026726,0.066909,0.08478,0.467049,0.036023,0.074187,0.244326
4727_238_933_1092,1,2,0.019203,0.245094,0.270196,0.059526,0.115058,0.202612,0.088311
4727_237_466_684,5,6,0.017057,0.191571,0.261274,0.096816,0.080518,0.089325,0.263439
4727_237_31_117,5,6,0.011994,0.030044,0.132428,0.264213,0.027245,0.107642,0.426435
4727_238_368_466,5,5,0.025325,0.267516,0.190873,0.019069,0.057171,0.37248,0.067566
4727_238_1680_1759,5,1,0.062716,0.444694,0.092017,0.02809,0.226394,0.018259,0.127829
4727_238_684_776,5,5,0.009528,0.077054,0.029974,0.043579,0.042936,0.764176,0.032752
4728_238_107_170,5,5,0.026475,0.102515,0.043494,0.034086,0.020861,0.732809,0.03976
4728_237_1187_1340,1,1,0.06893,0.68472,0.031227,0.08216,0.027729,0.057902,0.047331
4728_238_1080_1187,5,3,0.007501,0.050689,0.083139,0.607688,0.012666,0.170015,0.068301
4728_237_170_290,5,5,0.015173,0.045716,0.02009,0.018049,0.032964,0.821331,0.046678
4728_238_1340_1502,3,5,0.023665,0.15084,0.035362,0.220462,0.048923,0.269727,0.25102
4728_238_841_959,5,5,0.008129,0.025066,0.026036,0.02689,0.011731,0.888357,0.013792
4728_238_579_684,5,5,0.013168,0.113337,0.114194,0.027914,0.01593,0.68365,0.031807
4728_238_290_400,3,3,0.007837,0.009552,0.01462,0.721095,0.009297,0.212415,0.025184
4728_237_959_1080,1,1,0.025192,0.406026,0.210803,0.096988,0.101581,0.032924,0.126485
4728_237_440_579,3,3,0.020234,0.050007,0.031528,0.700462,0.04338,0.035068,0.119321
4728_237_31_107,5,5,0.016859,0.057965,0.128522,0.080533,0.038889,0.510987,0.166246
4728_237_1502_1543,5,3,0.007894,0.016404,0.05051,0.693893,0.021863,0.112194,0.097243
4728_237_684_841,5,1,0.118054,0.479237,0.052444,0.028496,0.166634,0.100213,0.054922
4724_238_125_208,1,5,0.008532,0.072826,0.063391,0.01415,0.015207,0.808719,0.017175
4724_238_1286_1468,3,1,0.023567,0.276924,0.117408,0.133218,0.064654,0.1528,0.231429
4724_237_1586_1700,1,1,0.143866,0.682335,0.043881,0.011292,0.060031,0.035733,0.022861
4724_237_218_279,5,5,0.00383,0.010235,0.022885,0.007136,0.010577,0.93764,0.007697
4724_238_1717_1812,1,1,0.20454,0.409065,0.070181,0.020244,0.01356,0.252268,0.030141
4724_238_847_984,4,1,0.026934,0.719798,0.073626,0.024467,0.084447,0.043572,0.027157
4724_237_548_617,4,1,0.01928,0.323678,0.16874,0.027644,0.224453,0.138439,0.097766
4724_238_1104_1175,6,6,0.018833,0.146697,0.084403,0.115572,0.086532,0.21935,0.328613
4724_238_293_533,1,1,0.077027,0.560387,0.113314,0.017301,0.073144,0.073186,0.085641
4724_237_1002_1083,1,1,0.051255,0.269758,0.195468,0.11329,0.252682,0.019526,0.09802
4724_237_31_112,1,5,0.032433,0.185473,0.084399,0.007776,0.177406,0.476517,0.035996
4724_238_1527_1579,1,6,0.022135,0.06579,0.038359,0.183699,0.025222,0.030682,0.634114
4724_237_1187_1265,5,5,0.020645,0.066453,0.009458,0.004062,0.016645,0.87794,0.004796
4724_237_1482_1512,5,5,0.020463,0.082224,0.061741,0.031279,0.014782,0.56349,0.226019
4724_237_724_830,4,1,0.042431,0.325835,0.15622,0.106611,0.093578,0.079326,0.195999
4724_238_641_716,4,5,0.022285,0.161124,0.092176,0.083767,0.030039,0.476167,0.134441
4729_238_126_208,5,5,0.008739,0.055532,0.036669,0.021567,0.011236,0.832136,0.034122
4729_238_1174_1327,5,1,0.050678,0.605698,0.087529,0.030562,0.097045,0.085621,0.042867
4729_238_1656_1801,1,1,0.331196,0.53246,0.026796,0.017888,0.039511,0.039142,0.013007
4729_237_208_388,5,6,0.013506,0.085866,0.036904,0.116103,0.018209,0.17719,0.552221
4729_237_1801_1925,1,3,0.01888,0.189309,0.187158,0.45749,0.042318,0.045801,0.059045
4729_237_1327_1476,1,1,0.078774,0.686518,0.071773,0.017712,0.063237,0.043612,0.038375
4729_237_31_126,5,3,0.017919,0.06564,0.095316,0.39487,0.038458,0.160851,0.226947
4729_237_760_947,5,6,0.016207,0.112943,0.075881,0.193994,0.017072,0.208966,0.374938
4729_238_947_1042,1,1,0.069363,0.721068,0.087311,0.010199,0.05318,0.04959,0.00929
4729_237_470_635,5,1,0.06743,0.430044,0.075263,0.054622,0.047858,0.174082,0.1507
4729_237_1042_1174,1,3,0.02776,0.209431,0.105592,0.406186,0.026708,0.068396,0.155927
4729_238_635_760,1,5,0.031393,0.18815,0.066567,0.083899,0.048585,0.410001,0.171405
4729_238_388_470,5,5,0.010893,0.045002,0.027099,0.068899,0.031631,0.779566,0.036909
4729_238_1476_1554,1,5,0.04488,0.249856,0.045501,0.161548,0.057162,0.272752,0.1683
4729_237_1554_1656,1,4,0.006257,0.052922,0.038342,0.022963,0.861139,0.008671,0.009707
4732_238_75_202,5,5,0.004426,0.037234,0.018022,0.064035,0.011072,0.805401,0.05981
4732_237_1256_1330,3,3,0.007746,0.008437,0.006652,0.891504,0.008654,0.003869,0.073137
4732_237_1037_1194,3,3,0.020756,0.158094,0.037181,0.654472,0.043251,0.018003,0.068243
4732_237_202_323,3,3,0.014232,0.064324,0.041453,0.52791,0.018929,0.070742,0.26241
4732_237_649_956,3,5,0.023814,0.186813,0.061195,0.102667,0.03405,0.40027,0.191191
4732_238_1330_1368,3,3,0.007667,0.001515,0.005498,0.938099,0.010642,0.009298,0.02728
4732_237_380_602,6,6,0.015423,0.259772,0.227744,0.041586,0.038598,0.062504,0.354373
4732_238_323_380,5,5,0.003663,0.024745,0.035225,0.043453,0.010198,0.836044,0.046672
4732_238_602_649,3,5,0.046502,0.049477,0.026164,0.214138,0.013864,0.607074,0.042781
4732_238_956_1037,3,5,0.020166,0.178769,0.054781,0.257174,0.026027,0.42801,0.035073
4732_237_31_75,3,6,0.022992,0.062798,0.077584,0.268371,0.040969,0.072222,0.455065
4732_238_1194_1256,3,3,0.02236,0.082687,0.037177,0.50973,0.045842,0.020127,0.282076
4733_238_2408_2504,2,2,0.017415,0.209677,0.341352,0.209457,0.029358,0.027007,0.165734
4733_238_127_307,5,5,0.187655,0.253206,0.054031,0.011219,0.025648,0.457712,0.010529
4733_238_1095_1386,2,1,0.31362,0.529614,0.021544,0.008874,0.012241,0.101861,0.012246
4733_238_1948_2105,2,1,0.033252,0.580128,0.106409,0.034771,0.036328,0.094741,0.114371
4733_237_1623_1744,2,4,0.013021,0.167198,0.24556,0.036176,0.432199,0.036931,0.068916
4733_238_1744_1887,2,3,0.02091,0.135538,0.108574,0.456064,0.051222,0.074045,0.153646
4733_238_1450_1623,2,1,0.333692,0.505236,0.016711,0.028553,0.014345,0.084912,0.016549
4733_238_2138_2284,2,1,0.032839,0.468864,0.117748,0.14359,0.071843,0.078523,0.086593
4733_237_31_127,4,4,0.01398,0.170617,0.245536,0.17706,0.268358,0.027909,0.09654
4733_237_862_1095,1,1,0.031823,0.34601,0.072786,0.046611,0.052075,0.195755,0.254939
4733_237_2284_2408,2,2,0.00804,0.135206,0.422624,0.003431,0.411665,0.007161,0.011873
4733_237_307_705,1,1,0.068691,0.458144,0.208016,0.015634,0.133403,0.05422,0.061892
4733_238_705_862,5,5,0.004771,0.008775,0.010056,0.016246,0.004352,0.949703,0.006097
4733_237_1887_1948,2,4,0.016326,0.200176,0.151178,0.046389,0.38532,0.064252,0.136359
4733_237_2105_2138,5,5,0.020782,0.062239,0.02476,0.020967,0.025629,0.795919,0.049705
4733_237_1386_1450,2,5,0.03391,0.1601,0.09756,0.099027,0.041973,0.336071,0.231359
4741_237_31_179,1,1,0.14336,0.365296,0.060711,0.073246,0.028921,0.315027,0.013439
4741_237_988_1353,1,1,0.16421,0.589349,0.176285,0.012439,0.024794,0.011368,0.021556
4741_238_1638_1740,6,3,0.038569,0.030396,0.027029,0.526613,0.195069,0.119848,0.062475
4741_238_202_414,3,3,0.01002,0.180156,0.055543,0.518414,0.063626,0.089719,0.082521
4741_237_1762_1866,1,3,0.0299,0.040321,0.034732,0.53243,0.230984,0.036948,0.094686
4741_238_1378_1524,1,4,0.01309,0.148482,0.136488,0.023549,0.489705,0.102062,0.086624
4741_237_808_943,1,1,0.110811,0.449744,0.196757,0.009245,0.11319,0.065945,0.054308
4741_237_436_592,1,1,0.016291,0.365346,0.052212,0.207491,0.310731,0.018729,0.0292
4741_238_614_791,1,4,0.027263,0.273152,0.091247,0.089712,0.335978,0.090888,0.09176
4741_237_1541_1586,1,4,0.02895,0.427509,0.050873,0.009411,0.441618,0.005169,0.03647
4741_238_953_969,5,5,0.020822,0.075177,0.056008,0.02466,0.049222,0.754544,0.019567
4740_237_86_306,1,1,0.020123,0.377799,0.074697,0.13519,0.189653,0.025154,0.177384
4740_237_1025_1440,5,4,0.067195,0.310507,0.049556,0.014461,0.518251,0.022192,0.017838
4740_237_2031_2348,1,6,0.030953,0.087645,0.045003,0.222128,0.065565,0.144321,0.404384
4740_237_1773_1895,1,1,0.0573,0.328898,0.045384,0.061968,0.03972,0.304714,0.162016
4740_238_1459_1640,3,1,0.052275,0.356276,0.141139,0.141585,0.188944,0.085015,0.034766
4740_238_2383_2487,3,5,0.035118,0.097597,0.070983,0.090357,0.077966,0.589698,0.03828
4740_238_615_1002,1,1,0.021637,0.440945,0.073133,0.040464,0.30526,0.030075,0.088486
4740_238_316_422,1,5,0.014562,0.189138,0.246758,0.030073,0.14113,0.305495,0.072845
4740_237_430_590,1,1,0.025467,0.429697,0.097096,0.091748,0.261044,0.048939,0.046009
4740_238_31_73,3,5,0.035021,0.201016,0.090541,0.018103,0.034303,0.496026,0.124989
4740_238_1692_1744,5,5,0.01088,0.11537,0.156108,0.018895,0.122364,0.397604,0.17878
4740_238_1921_2021,3,5,0.017262,0.23227,0.100416,0.057047,0.105419,0.376986,0.110599
4740_237_1659_1670,5,5,0.008299,0.036751,0.022277,0.011286,0.024761,0.870886,0.025739
4739_238_1294_1484,1,1,0.00975,0.441388,0.155807,0.087383,0.063016,0.062883,0.179774
4739_237_1163_1263,5,5,0.025676,0.178884,0.15473,0.018373,0.012245,0.449167,0.160926
4739_237_1509_1723,1,1,0.105481,0.330981,0.059714,0.066978,0.045706,0.237752,0.153388
4739_238_137_278,1,6,0.011084,0.285351,0.08548,0.069982,0.139093,0.028364,0.380646
4739_238_1736_1805,1,6,0.019087,0.275316,0.174035,0.07888,0.011995,0.082596,0.358091
4739_237_2063_2263,1,3,0.015872,0.059209,0.053878,0.628056,0.043607,0.026743,0.172634
4739_238_937_1143,1,1,0.013912,0.442663,0.127259,0.047951,0.192007,0.01667,0.159538
4739_238_2281_2342,3,1,0.0215,0.323309,0.030025,0.228735,0.085557,0.018646,0.29223
4739_237_310_598,5,1,0.053619,0.307239,0.051052,0.179894,0.301053,0.035212,0.071932
4739_238_627_690,1,1,0.051366,0.553064,0.051088,0.062659,0.159022,0.015123,0.107678
4739_237_31_95,6,6,0.033069,0.144676,0.216106,0.124294,0.07057,0.175898,0.235387
4739_237_717_907,5,5,0.022471,0.07001,0.038101,0.053377,0.021771,0.715138,0.07913
4739_237_1824_1959,1,6,0.015728,0.060791,0.039628,0.1782,0.036767,0.091906,0.57698
4739_238_1984_2046,1,6,0.01941,0.138,0.159302,0.118458,0.054958,0.050073,0.459799
4738_238_31_129,6,1,0.031332,0.459106,0.232936,0.037865,0.081101,0.051839,0.105821
4738_238_1062_1544,4,4,0.011892,0.229039,0.093041,0.034712,0.469878,0.0899,0.071538
4738_237_1974_2238,4,3,0.015367,0.088655,0.07206,0.681348,0.053366,0.033933,0.055271
4738_238_1639_1687,6,2,0.061036,0.203622,0.353352,0.029592,0.048265,0.238101,0.066032
4738_237_159_273,5,5,0.014584,0.075127,0.057754,0.023225,0.029556,0.780213,0.019541
4738_237_1715_1812,6,1,0.039554,0.41183,0.146787,0.057974,0.162015,0.077306,0.104534
4738_238_823_961,6,1,0.015768,0.268097,0.113197,0.076073,0.237277,0.097747,0.19184
4738_238_605_693,4,4,0.013416,0.19474,0.109682,0.012459,0.628885,0.013969,0.026849
4738_238_354_475,4,1,0.032959,0.588794,0.05404,0.037776,0.176667,0.015097,0.094667
4738_238_1835_1949,6,5,0.009545,0.03748,0.040806,0.022364,0.020758,0.861481,0.007565
4738_237_718_799,5,1,0.054583,0.273711,0.189597,0.033408,0.047695,0.181316,0.219691
4738_237_1556_1599,3,3,0.042987,0.107013,0.110522,0.567271,0.097331,0.014646,0.06023
4738_237_489_573,6,2,0.018911,0.175993,0.399626,0.077426,0.271951,0.03782,0.018273
4738_237_982_1033,3,5,0.032251,0.079827,0.073388,0.190484,0.026702,0.571773,0.025575
4738_238_2259_2276,6,4,0.016297,0.051123,0.131523,0.034137,0.332112,0.10843,0.326379
4742_237_1141_1491,2,2,0.022296,0.134383,0.280197,0.138922,0.20293,0.100212,0.121061
4742_237_1849_2064,2,1,0.016675,0.30035,0.278694,0.045234,0.139582,0.072712,0.146753
4742_237_1621_1718,2,1,0.047274,0.339585,0.317169,0.01587,0.138808,0.043958,0.097336
4742_238_134_283,5,5,0.035814,0.157033,0.051378,0.011894,0.050807,0.673353,0.019721
4742_238_1763_1831,5,5,0.129834,0.085502,0.074968,0.013905,0.017386,0.653722,0.024682
4742_237_909_991,2,6,0.021146,0.169882,0.191608,0.224954,0.021497,0.107152,0.263761
4742_238_578_669,5,5,0.009103,0.047909,0.026905,0.010031,0.01306,0.870766,0.022226
4742_238_1004_1112,1,1,0.030707,0.414049,0.15397,0.050754,0.066343,0.085924,0.198253
4742_237_313_559,2,4,0.025108,0.123949,0.28112,0.037669,0.377468,0.09097,0.063718
4742_237_31_108,2,6,0.026503,0.081584,0.232198,0.041547,0.050798,0.2723,0.29507
4742_238_1508_1610,5,5,0.012096,0.099308,0.078417,0.012074,0.015028,0.752751,0.030325
4742_238_798_856,5,5,0.020646,0.204366,0.222865,0.020557,0.029918,0.461249,0.040399
4742_237_728_778,1,1,0.036541,0.463892,0.078688,0.048762,0.273648,0.010431,0.088038
4743_237_31_599,2,2,0.02677,0.217338,0.552961,0.007864,0.133766,0.033716,0.027585
4743_237_1036_1325,2,2,0.01496,0.039854,0.744628,0.005188,0.155261,0.034071,0.006039
4743_237_1648_1812,2,1,0.193387,0.350948,0.098257,0.01448,0.24253,0.079227,0.021171
4743_237_1418_1587,1,5,0.028331,0.159285,0.178416,0.008544,0.234183,0.2808,0.110441
4743_237_746_955,2,1,0.118427,0.285021,0.21584,0.019325,0.099419,0.200514,0.061454
4743_238_1346_1392,4,2,0.008564,0.084873,0.387225,0.02109,0.109057,0.2599,0.12929
4743_238_630_723,1,5,0.017219,0.066218,0.173852,0.024012,0.031235,0.654877,0.032588
4743_237_1896_1995,2,3,0.031863,0.037402,0.069076,0.591355,0.062213,0.129715,0.078376
4743_238_1598_1625,2,5,0.00999,0.065838,0.371381,0.010856,0.014451,0.509027,0.018457
4743_238_1840_1879,5,5,0.014556,0.055896,0.104527,0.012192,0.013551,0.729991,0.069287
4743_238_968_998,1,2,0.002778,0.016049,0.50983,0.005443,0.065579,0.379,0.021321
4743_238_1999_2036,2,1,0.08655,0.390535,0.105786,0.080883,0.080562,0.165442,0.090242
4744_237_942_1188,4,2,0.023464,0.230655,0.425919,0.049698,0.130107,0.1136,0.026557
4744_237_149_290,1,2,0.02197,0.224025,0.426334,0.072447,0.182876,0.014038,0.058311
4744_238_1421_1474,1,4,0.010328,0.109634,0.089164,0.171959,0.352633,0.037819,0.228463
4744_238_31_124,1,5,0.233436,0.263236,0.066457,0.013511,0.014689,0.400987,0.007685
4744_237_1297_1391,4,1,0.054687,0.353217,0.130309,0.038588,0.17593,0.225188,0.02208
4744_238_574_647,1,1,0.028244,0.399668,0.151746,0.094504,0.166437,0.093855,0.065545
4744_238_326_453,1,1,0.123676,0.71111,0.056308,0.01815,0.025211,0.033982,0.031563
4744_237_472_511,4,4,0.005455,0.061641,0.165105,0.036744,0.709859,0.004324,0.016872
4744_237_1494_1609,4,4,0.028967,0.34798,0.113512,0.040166,0.391224,0.015145,0.063007
4744_238_1201_1280,0,5,0.017836,0.26782,0.062785,0.030497,0.025259,0.549096,0.046707
4744_238_813_923,1,5,0.049959,0.150201,0.020097,0.046592,0.020065,0.698595,0.014491
4744_237_673_782,4,4,0.016576,0.187498,0.103992,0.042274,0.538396,0.026474,0.08479
4746_237_31_175,3,3,0.016197,0.049432,0.025866,0.784144,0.017818,0.054956,0.051585
4746_238_1795_2048,4,3,0.019079,0.220004,0.075593,0.448974,0.113511,0.048544,0.074296
4746_238_1112_1199,4,1,0.037372,0.486682,0.130399,0.025592,0.188749,0.094772,0.036435
4746_238_1601_1687,4,1,0.0168,0.305958,0.124799,0.136695,0.2761,0.055422,0.084226
4746_238_194_259,5,5,0.004222,0.057389,0.055342,0.014749,0.023519,0.827604,0.017175
4746_237_1451_1579,4,4,0.017153,0.158521,0.163425,0.012788,0.544846,0.074605,0.028662
4746_237_931_1090,1,3,0.036559,0.247034,0.088243,0.327916,0.054216,0.091923,0.154109
4746_238_1309_1423,4,1,0.018153,0.342362,0.105936,0.105525,0.053699,0.083345,0.290982
4746_238_545_912,4,4,0.012909,0.114839,0.197633,0.065616,0.369942,0.143664,0.095398
4746_237_1707_1767,4,4,0.139852,0.291531,0.037581,0.017292,0.491969,0.010871,0.010904
4746_237_274_528,3,1,0.048701,0.410488,0.126211,0.1177,0.243665,0.027589,0.025646
4746_237_1209_1284,5,5,0.003877,0.007503,0.013801,0.01992,0.006205,0.945118,0.003575
4745_238_31_156,1,1,0.02255,0.472088,0.254741,0.039784,0.095306,0.091583,0.023948
4745_238_1286_1373,3,6,0.008711,0.041131,0.101505,0.226771,0.093051,0.209694,0.319139
4745_237_1136_1262,3,3,0.006588,0.030438,0.094942,0.755232,0.025182,0.021043,0.066575
4745_237_1649_1736,1,3,0.01615,0.058523,0.070365,0.608324,0.081627,0.020748,0.144262
4745_237_180_398,1,1,0.034199,0.36273,0.13264,0.062611,0.115127,0.157273,0.13542
4745_237_1793_1948,1,3,0.028614,0.124177,0.121397,0.467331,0.074161,0.050338,0.133982
4745_237_1388_1530,3,3,0.007561,0.036129,0.098865,0.653992,0.022058,0.023351,0.158044
4745_237_913_1000,6,6,0.021074,0.114735,0.105442,0.205624,0.051574,0.225151,0.2764
4745_237_575_739,4,1,0.053338,0.421638,0.033474,0.264693,0.084689,0.044029,0.098139
4745_238_1028_1115,3,6,0.008421,0.106695,0.139804,0.234137,0.037025,0.146098,0.327819
4745_238_1747_1773,1,5,0.003534,0.015786,0.043591,0.088081,0.00328,0.819846,0.025883
4745_238_422_557,1,5,0.006281,0.035901,0.128387,0.155014,0.059277,0.494968,0.120174
4745_238_753_888,4,6,0.01324,0.211009,0.061758,0.093375,0.167608,0.211634,0.241376
4745_238_1559_1637,3,3,0.008183,0.009817,0.021514,0.60577,0.029888,0.171307,0.153522
4745_238_1964_2002,5,5,0.00336,0.005356,0.01422,0.026615,0.011012,0.93339,0.006046
4751_237_31_177,5,5,0.011046,0.010156,0.017939,0.051159,0.009976,0.891435,0.008289
4751_238_1237_1298,5,5,0.003605,0.02639,0.021174,0.129676,0.020191,0.753082,0.045883
4751_237_942_1237,5,5,0.042845,0.08764,0.02787,0.026258,0.02999,0.777903,0.007495
4751_237_1635_1784,5,3,0.043377,0.17511,0.072825,0.563666,0.026716,0.019006,0.099301
4751_238_177_290,3,3,0.009357,0.038615,0.023881,0.609259,0.172514,0.079105,0.067269
4751_238_1784_2022,1,1,0.011373,0.282488,0.177445,0.142415,0.078764,0.222253,0.085262
4751_238_1428_1635,1,5,0.069195,0.411471,0.042,0.026063,0.020971,0.415245,0.015056
4751_238_785_942,5,5,0.013872,0.22159,0.084804,0.070265,0.017207,0.492524,0.099739
4751_237_1298_1428,5,0,0.321529,0.257272,0.09168,0.035872,0.031832,0.191456,0.070359
4751_237_552_785,1,0,0.402203,0.226518,0.020806,0.015557,0.012558,0.307784,0.014575
4751_237_290_412,5,3,0.011707,0.021294,0.039834,0.626984,0.031521,0.250506,0.018154
4751_238_412_552,1,1,0.019577,0.295302,0.143266,0.112439,0.134734,0.196941,0.09774
4752_237_127_267,1,4,0.027252,0.28862,0.076949,0.233181,0.336335,0.021823,0.01584
4752_237_1249_1359,5,3,0.008859,0.116058,0.219436,0.489015,0.08832,0.035691,0.04262
4752_238_1147_1249,5,5,0.008117,0.036573,0.028518,0.006512,0.008344,0.90713,0.004806
4752_237_1592_1763,5,1,0.133349,0.365979,0.080023,0.022237,0.112821,0.199917,0.085675
4752_238_1763_1866,1,1,0.058972,0.580197,0.073216,0.085031,0.050454,0.084307,0.067823
4752_238_1359_1592,5,2,0.009943,0.255487,0.429222,0.037542,0.043173,0.174779,0.049854
4752_238_31_127,5,2,0.01628,0.11033,0.281074,0.103197,0.120798,0.237525,0.130795
4752_237_717_982,5,5,0.028381,0.17989,0.18331,0.105346,0.156678,0.280144,0.066251
4752_238_530_717,5,1,0.031847,0.353945,0.243522,0.019063,0.050395,0.253399,0.047829
4752_237_1036_1147,1,4,0.031446,0.127629,0.105565,0.099095,0.347872,0.027634,0.260759
4752_238_267_344,5,2,0.010079,0.087195,0.499632,0.007175,0.174612,0.205455,0.015852
4752_238_982_1036,5,1,0.030029,0.326453,0.254143,0.054156,0.169976,0.12723,0.038014
4752_237_344_530,1,1,0.029801,0.381379,0.248107,0.0179,0.209039,0.043159,0.070615
4750_237_31_154,5,5,0.012053,0.035759,0.044592,0.014614,0.030291,0.839533,0.023157
4750_237_1270_1537,1,1,0.100993,0.464536,0.034513,0.040056,0.282989,0.0185,0.058413
4750_238_1141_1270,5,4,0.016811,0.171762,0.223732,0.082239,0.260747,0.172847,0.071863
4750_237_1624_1749,1,4,0.002896,0.074664,0.04335,0.004141,0.840951,0.023066,0.010932
4750_237_241_350,1,1,0.082755,0.352167,0.08558,0.019059,0.119173,0.260294,0.080972
4750_237_1800_1850,1,4,0.026549,0.128148,0.145783,0.037326,0.510675,0.012988,0.138531
4750_238_1749_1800,5,5,0.005242,0.020298,0.085632,0.017771,0.035896,0.791327,0.043833
4750_238_820_1007,1,4,0.010024,0.084536,0.20665,0.220117,0.235757,0.168236,0.07468
4750_238_154_241,5,6,0.025732,0.239813,0.056712,0.243316,0.028115,0.076607,0.329706
4750_237_477_820,5,4,0.02415,0.064935,0.084844,0.028024,0.455555,0.293863,0.048628
4750_237_1007_1141,1,4,0.045398,0.382728,0.05111,0.01482,0.462366,0.009455,0.034123
4750_238_350_477,5,4,0.011877,0.205806,0.226217,0.041069,0.372446,0.07755,0.065035
4750_238_1850_1988,1,1,0.020837,0.462316,0.228709,0.036713,0.062217,0.098218,0.09099
4750_238_1537_1624,5,4,0.01323,0.040088,0.107655,0.188323,0.266475,0.135111,0.249119
4754_238_902_1295,4,2,0.011326,0.387204,0.410466,0.018058,0.052299,0.047679,0.072968
4754_238_1538_1829,4,1,0.114265,0.690938,0.082282,0.011891,0.06995,0.021998,0.008676
4754_237_235_319,5,5,0.066276,0.129833,0.148421,0.011855,0.035228,0.56137,0.047017
4754_237_1332_1495,5,5,0.170961,0.070193,0.079915,0.04855,0.01332,0.612798,0.004263
4754_237_2210_2242,0,1,0.263176,0.495774,0.021834,0.048165,0.01357,0.06309,0.094391
4754_238_2067_2178,4,2,0.015268,0.149974,0.331767,0.013014,0.044383,0.127891,0.317705
4754_238_625_745,4,2,0.010468,0.130306,0.610721,0.003564,0.163993,0.022108,0.05884
4754_238_369_502,4,2,0.013845,0.257673,0.453849,0.014131,0.160841,0.06028,0.039382
4754_237_31_71,5,1,0.246048,0.359533,0.050952,0.019634,0.026597,0.163754,0.133483
4754_237_782_842,5,5,0.017101,0.056979,0.039835,0.006587,0.007932,0.836422,0.035144
4754_237_1857_1948,2,5,0.151339,0.246986,0.12263,0.009131,0.020383,0.406458,0.043073
4754_237_2011_2031,5,5,0.029026,0.094072,0.152307,0.072218,0.055209,0.458544,0.138624
4754_238_1978_2006,4,6,0.050032,0.220259,0.231272,0.057707,0.134327,0.042664,0.263739
4754_238_188_194,4,4,0.03109,0.07276,0.212876,0.058258,0.49864,0.029997,0.09638
4754_237_546_563,5,5,0.08189,0.033101,0.01432,0.041035,0.006455,0.814019,0.00918
4753_237_111_149,1,4,0.026597,0.269304,0.047226,0.02324,0.568279,0.003681,0.061672
4753_237_1011_1353,5,1,0.070788,0.653325,0.106055,0.01374,0.024255,0.093191,0.038644
4753_237_1458_1876,1,1,0.252561,0.538051,0.030253,0.057501,0.017723,0.04389,0.060021
4753_238_177_222,6,5,0.093911,0.30024,0.065488,0.018482,0.024131,0.469955,0.027792
4753_237_542_627,6,3,0.007948,0.022123,0.040425,0.836467,0.011351,0.025007,0.056679
4753_237_257_378,1,2,0.023809,0.286814,0.450388,0.010105,0.155727,0.047272,0.025886
4753_238_403_520,3,1,0.049247,0.581091,0.083478,0.018508,0.164423,0.071558,0.031695
4753_238_31_84,6,5,0.010093,0.06141,0.265016,0.074345,0.164216,0.30419,0.12073
4753_237_761_907,4,1,0.081154,0.479451,0.129078,0.037589,0.134851,0.03835,0.099527
4753_238_682_736,5,5,0.004484,0.01525,0.012827,0.035843,0.007447,0.89616,0.027988
4753_238_1383_1432,6,1,0.061796,0.495791,0.058379,0.128959,0.034408,0.047421,0.173246
4753_238_952_1009,1,5,0.087859,0.263234,0.109231,0.024949,0.034493,0.34454,0.135693
4753_238_1931_2036,5,5,0.006071,0.116975,0.160743,0.015661,0.033255,0.613914,0.053382
4758_238_1922_2123,1,4,0.024821,0.222225,0.094756,0.139307,0.282983,0.04752,0.188388
4758_237_1113_1271,0,0,0.603949,0.090824,0.014865,0.074237,0.01243,0.198232,0.005463
4758_238_1600_1817,1,1,0.042665,0.42406,0.079887,0.056239,0.249271,0.042056,0.105823
4758_238_1311_1471,1,4,0.038107,0.322142,0.130538,0.030869,0.4039,0.021631,0.052812
4758_238_827_1107,1,1,0.028015,0.349646,0.138675,0.219425,0.134813,0.046203,0.083223
4758_238_130_225,1,3,0.032735,0.22407,0.084628,0.38093,0.076487,0.03022,0.17093
4758_237_259_573,1,0,0.712337,0.189041,0.004502,0.013776,0.006425,0.070227,0.003692
4758_238_640_701,3,3,0.022612,0.250372,0.143973,0.316955,0.124246,0.087769,0.054073
4758_237_31_90,0,0,0.347742,0.297555,0.022887,0.007744,0.022846,0.293303,0.007922
4758_237_1483_1570,0,1,0.237226,0.573454,0.030977,0.100448,0.011128,0.01264,0.034127
4758_237_725_801,1,5,0.344572,0.137733,0.031202,0.026849,0.013541,0.431993,0.014109
4758_237_1839_1857,0,1,0.0705,0.392197,0.18403,0.015637,0.309596,0.011761,0.01628
4757_238_1216_1383,0,1,0.256402,0.639036,0.020554,0.022468,0.008383,0.020639,0.032518
4757_238_1798_2093,1,1,0.361331,0.573692,0.015372,0.005113,0.021672,0.019309,0.003511
4757_237_1087_1186,4,1,0.140012,0.620325,0.045397,0.031961,0.124545,0.027806,0.009954
4757_237_1669_1780,4,4,0.023724,0.312075,0.047919,0.019283,0.527261,0.025355,0.044383
4757_238_133_318,1,1,0.164454,0.738614,0.017276,0.014407,0.048811,0.012334,0.004104
4757_237_1398_1526,4,4,0.02633,0.182776,0.062576,0.013761,0.667218,0.029511,0.017828
4757_237_789_955,1,0,0.68071,0.248063,0.011783,0.011454,0.010013,0.029562,0.008414
4757_238_2226_2392,4,1,0.082566,0.335054,0.073969,0.089313,0.312343,0.038524,0.06823
4757_237_342_662,4,1,0.195444,0.559575,0.050629,0.045786,0.09848,0.026313,0.023773
4757_238_971_1064,0,1,0.415936,0.447862,0.033567,0.025583,0.01279,0.015971,0.048291
4757_237_31_100,4,4,0.002408,0.023263,0.379333,0.031898,0.52989,0.015689,0.017519
4757_237_2415_2469,4,4,0.055232,0.307615,0.147674,0.02641,0.388199,0.036314,0.038556
4757_237_2111_2205,4,4,0.023655,0.162266,0.304951,0.009167,0.452865,0.017479,0.029617
4757_238_694_779,0,0,0.489984,0.408162,0.024968,0.007723,0.01216,0.043944,0.013059
4757_238_1542_1649,1,1,0.328757,0.57628,0.03695,0.006645,0.02266,0.020008,0.0087
4760_238_87_148,2,2,0.021367,0.190845,0.298057,0.054674,0.140385,0.19882,0.095852
4760_238_1180_1437,4,4,0.005865,0.041549,0.118207,0.082877,0.678394,0.050888,0.02222
4760_238_1738_2063,3,1,0.05139,0.485874,0.121538,0.052716,0.215492,0.037269,0.03572
4760_237_1595_1717,1,1,0.271685,0.572937,0.01867,0.065554,0.016716,0.032709,0.021728
4760_237_162_256,1,1,0.017494,0.436509,0.095066,0.05474,0.210005,0.019003,0.167184
4760_237_1447_1477,3,3,0.01118,0.035635,0.029538,0.809258,0.023439,0.016916,0.074035
4760_238_2210_2463,2,1,0.097442,0.365369,0.249928,0.032121,0.11026,0.08525,0.059629
4760_237_864_1151,5,1,0.109259,0.650784,0.062005,0.010625,0.068239,0.083995,0.015093
4760_238_576_677,1,4,0.022945,0.148932,0.10668,0.052609,0.583447,0.048544,0.036843
4760_238_282_429,1,1,0.041185,0.600336,0.135163,0.008677,0.040393,0.121243,0.053003
4760_237_438_563,3,3,0.014392,0.034982,0.046913,0.693365,0.08331,0.029718,0.097321
4760_237_31_58,3,5,0.014021,0.031675,0.037233,0.075857,0.020898,0.672645,0.147671
4760_238_1505_1580,5,2,0.048496,0.276344,0.317224,0.13858,0.060329,0.046326,0.1127
4760_238_794_849,2,5,0.025648,0.147821,0.178685,0.05016,0.12534,0.408924,0.063422
4760_237_2074_2183,1,1,0.055803,0.509387,0.043347,0.078985,0.219253,0.010955,0.08227
4760_237_692_766,1,2,0.018632,0.173204,0.26895,0.096731,0.205039,0.041636,0.195809
4759_237_106_171,4,1,0.058582,0.59581,0.101543,0.023469,0.178691,0.014481,0.027423
4759_237_1659_1771,4,1,0.139461,0.663076,0.055632,0.033171,0.064712,0.02451,0.019436
4759_238_215_311,5,0,0.389661,0.320203,0.034081,0.015028,0.010312,0.219943,0.010772
4759_238_1792_1875,1,1,0.23819,0.628627,0.067537,0.011272,0.018287,0.023859,0.012227
4759_237_1411_1541,0,1,0.258029,0.589105,0.038453,0.022086,0.016649,0.054244,0.021434
4759_238_921_979,5,1,0.145473,0.344162,0.100255,0.012855,0.058473,0.298633,0.04015
4759_238_1319_1385,5,5,0.010428,0.044268,0.033733,0.007627,0.007643,0.879934,0.016367
4759_238_576_741,5,0,0.569166,0.304243,0.011567,0.007967,0.011549,0.092186,0.003321
4759_237_992_1125,4,1,0.384491,0.493103,0.015062,0.049832,0.017256,0.021954,0.018304
4759_237_402_560,1,1,0.139386,0.617772,0.046356,0.074378,0.077787,0.019758,0.024563
4759_238_31_75,5,5,0.008706,0.023946,0.058406,0.013135,0.010869,0.837364,0.047575
4759_237_1192_1267,0,1,0.184332,0.499207,0.072899,0.011475,0.053738,0.167003,0.011347
4759_237_762_906,4,1,0.101695,0.595355,0.019715,0.039966,0.186213,0.012725,0.044331
4759_237_1896_2044,4,1,0.03726,0.311166,0.203799,0.099822,0.272971,0.028028,0.046954
4759_238_1557_1644,1,1,0.167979,0.691855,0.041248,0.012986,0.057415,0.0181,0.010417
4759_238_1151_1178,5,5,0.0532,0.19839,0.088689,0.015628,0.027459,0.577774,0.03886
4922_247_31_143,2,3,0.042865,0.153277,0.058366,0.298449,0.118409,0.03557,0.293065
4922_247_1239_1321,1,6,0.0402,0.107807,0.068188,0.272461,0.116393,0.064634,0.330318
4922_248_1173_1238,5,5,0.005115,0.102847,0.149493,0.020196,0.021831,0.528754,0.171765
4922_248_160_305,5,1,0.036201,0.47896,0.062996,0.033224,0.093475,0.253588,0.041556
4922_247_897_991,3,3,0.009823,0.022142,0.025262,0.575765,0.031226,0.021387,0.314395
4922_248_1351_1452,5,5,0.00941,0.121641,0.070636,0.059231,0.0355,0.535196,0.168387
4922_247_543_687,1,4,0.015482,0.122224,0.097946,0.075187,0.444122,0.019479,0.22556
4922_247_1082_1156,1,5,0.018502,0.112915,0.123925,0.066302,0.100402,0.380884,0.19707
4922_247_322_424,3,3,0.010298,0.030075,0.028127,0.58905,0.021082,0.034062,0.287307
4922_248_1017_1080,5,5,0.004391,0.081303,0.245058,0.020999,0.010505,0.571105,0.066639
4922_248_452_531,5,5,0.008945,0.092682,0.03123,0.056665,0.019818,0.658744,0.131916
4922_247_769_860,3,3,0.014221,0.068927,0.02355,0.491508,0.039603,0.040777,0.321414
4922_248_692_753,4,4,0.003621,0.082646,0.382456,0.007821,0.408888,0.101264,0.013305
4922_248_861_883,5,5,0.006544,0.025728,0.028138,0.02332,0.005927,0.871507,0.038837
4921_247_1204_1274,2,4,0.005391,0.089934,0.252177,0.04012,0.410202,0.043524,0.158653
4921_248_31_191,6,5,0.026509,0.083458,0.044539,0.312957,0.013525,0.408529,0.110483
4921_248_1063_1178,6,5,0.013868,0.184102,0.074461,0.129757,0.040866,0.367452,0.189495
4921_247_743_808,2,5,0.104531,0.129301,0.125041,0.046144,0.208789,0.308998,0.077196
4921_247_982_1046,2,4,0.008133,0.097239,0.138775,0.075253,0.577431,0.012767,0.090402
4921_248_411_545,6,1,0.093161,0.441449,0.09911,0.099445,0.049966,0.153853,0.063016
4921_248_637_732,6,6,0.019977,0.139321,0.033056,0.284501,0.140645,0.035998,0.346502
4921_248_260_344,5,5,0.007046,0.012288,0.005791,0.131698,0.003662,0.820274,0.019242
4921_248_1299_1349,5,5,0.052705,0.159759,0.035976,0.278846,0.011092,0.425505,0.036118
4921_248_835_963,5,5,0.021434,0.211818,0.078796,0.108714,0.0568,0.461866,0.060573
4921_247_199_245,2,3,0.013663,0.049581,0.073471,0.509254,0.072663,0.014618,0.266749
4921_247_550_619,1,5,0.148322,0.145556,0.054922,0.003516,0.016712,0.618728,0.012244
4921_247_349_405,2,5,0.01383,0.016605,0.096309,0.059945,0.022627,0.437024,0.353661
4924_247_31_167,1,4,0.018068,0.32266,0.128696,0.012639,0.44302,0.029547,0.04537
4924_247_1210_1410,3,3,0.014705,0.01663,0.049748,0.674299,0.023195,0.077375,0.144048
4924_248_1026_1209,5,5,0.005746,0.05059,0.031978,0.227009,0.017638,0.598795,0.068244
4924_247_1660_1734,4,4,0.036182,0.15754,0.359853,0.013044,0.366945,0.030633,0.035803
4924_248_169_341,5,5,0.006836,0.141526,0.022452,0.044977,0.018606,0.749202,0.016401
4924_248_1422_1495,5,2,0.024986,0.227685,0.246504,0.108293,0.078495,0.181094,0.132943
4924_248_755_939,5,3,0.00998,0.037872,0.041355,0.439276,0.034812,0.380256,0.05645
4924_247_581_753,3,3,0.009813,0.008669,0.010021,0.770987,0.007949,0.05197,0.140591
4924_248_1742_1773,5,5,0.02125,0.073727,0.029668,0.031225,0.014294,0.802158,0.027678
4924_247_349_485,3,3,0.01646,0.046973,0.03531,0.592223,0.132848,0.030476,0.14571
4924_248_1552_1648,1,5,0.038361,0.121727,0.039085,0.128607,0.014585,0.576827,0.080808
4924_248_494_580,5,5,0.007386,0.033539,0.018701,0.116972,0.01023,0.754651,0.058522
4924_247_953_989,3,3,0.012767,0.006202,0.017471,0.846986,0.005447,0.017509,0.093617
4924_247_1509_1529,1,5,0.017113,0.043496,0.060899,0.032299,0.034426,0.752185,0.059581
4923_247_31_139,1,2,0.014491,0.196925,0.34926,0.147112,0.067098,0.08337,0.141743
4923_248_1289_1311,5,5,0.018113,0.09322,0.033323,0.043448,0.027079,0.710908,0.073909
4923_248_1169_1227,5,5,0.017141,0.235792,0.056977,0.042656,0.030143,0.460327,0.156964
4923_247_1661_1784,1,4,0.029711,0.388447,0.077551,0.015307,0.397224,0.019487,0.072272
4923_247_229_324,3,6,0.011634,0.057976,0.208004,0.28667,0.069426,0.064633,0.301658
4923_248_1800_1859,5,1,0.041231,0.419609,0.089653,0.022621,0.11256,0.177003,0.137322
4923_248_1399_1529,5,1,0.031932,0.620135,0.058447,0.02235,0.08163,0.138052,0.047454
4923_248_743_980,1,1,0.014084,0.240025,0.201561,0.080331,0.232573,0.135973,0.095453
4923_248_168_210,5,1,0.040309,0.302549,0.088064,0.065942,0.033628,0.251217,0.218292
4923_247_1319_1391,1,1,0.141725,0.480237,0.098568,0.009822,0.209472,0.041708,0.018467
4923_247_439_724,1,4,0.020604,0.225597,0.21004,0.045981,0.330861,0.033013,0.133904
4923_247_990_1167,4,3,0.016001,0.021896,0.022958,0.644401,0.041441,0.021785,0.23152
4923_248_332_422,5,5,0.029858,0.230197,0.068098,0.030253,0.041478,0.550285,0.04983
4923_247_1532_1560,4,2,0.006967,0.087415,0.460215,0.04284,0.291073,0.015072,0.096418
4923_247_1243_1270,1,4,0.023821,0.138237,0.139594,0.150108,0.310301,0.022548,0.21539
4923_248_1602_1633,5,5,0.028904,0.261112,0.078219,0.030416,0.038354,0.470656,0.092339
4925_247_31_140,1,3,0.025694,0.078165,0.069372,0.446001,0.08576,0.043282,0.251725
4925_248_1255_1721,1,1,0.01831,0.43144,0.110321,0.014498,0.257306,0.060758,0.107368
4925_247_2012_2051,3,3,0.009376,0.002927,0.063267,0.853389,0.013358,0.012885,0.044799
4925_248_1120_1204,5,5,0.008516,0.074877,0.187919,0.038192,0.013854,0.651811,0.024832
4925_247_250_420,1,4,0.014481,0.114372,0.123973,0.016601,0.625873,0.01106,0.093639
4925_248_1752_2004,1,6,0.016275,0.162588,0.040672,0.122705,0.093528,0.063543,0.500689
4925_248_835_942,5,1,0.028856,0.329652,0.076751,0.062718,0.081244,0.271635,0.149144
4925_247_950_1108,1,4,0.032982,0.21401,0.081461,0.094674,0.352167,0.034693,0.190013
4925_248_145_245,5,5,0.028724,0.115554,0.017201,0.021157,0.012167,0.786427,0.018771
4925_247_490_623,1,6,0.024024,0.122198,0.092763,0.128501,0.23772,0.018429,0.376366
4925_248_640_696,5,5,0.024096,0.233424,0.057771,0.041126,0.029473,0.339333,0.274775
4925_248_424_449,5,5,0.019948,0.052797,0.016032,0.036361,0.020724,0.839786,0.014351
4925_247_710_823,1,6,0.015499,0.0577,0.057391,0.369726,0.068597,0.034915,0.396172
4925_247_1215_1238,5,5,0.012115,0.026637,0.027758,0.024049,0.018607,0.860353,0.03048
4925_247_1722_1750,5,5,0.003532,0.005985,0.01355,0.041314,0.005062,0.92476,0.005798
4927_248_31_136,0,1,0.075044,0.525297,0.02914,0.030667,0.023269,0.290708,0.025875
4927_248_961_1343,6,1,0.04313,0.541166,0.068578,0.093322,0.042288,0.119011,0.092507
4927_247_1596_1755,2,2,0.001892,0.01341,0.922804,0.001591,0.051042,0.005976,0.003286
4927_247_141_265,2,5,0.016682,0.087604,0.105745,0.04324,0.036052,0.680879,0.029798
4927_248_1760_1936,4,1,0.035132,0.536932,0.061151,0.070863,0.225378,0.029038,0.041505
4927_247_1415_1489,2,1,0.055807,0.409016,0.129632,0.01558,0.301019,0.019017,0.069929
4927_247_791_957,5,2,0.0065,0.022012,0.887358,0.0059,0.024821,0.042656,0.010753
4927_248_280_599,0,1,0.0173,0.315452,0.17376,0.117031,0.073895,0.21554,0.087022
4927_247_601_670,5,5,0.040785,0.216377,0.218713,0.030667,0.044058,0.355945,0.093455
4927_248_1494_1591,5,5,0.021948,0.197767,0.123146,0.021024,0.01283,0.610599,0.012686
4927_248_674_787,0,5,0.021326,0.051058,0.013899,0.034629,0.009699,0.862829,0.00656
4927_247_1353_1375,5,2,0.004942,0.072479,0.651914,0.005912,0.239919,0.010116,0.014718
4927_248_1380_1411,1,5,0.027374,0.122771,0.056876,0.031733,0.032515,0.685973,0.042759
4926_247_122_206,1,1,0.134498,0.241981,0.079277,0.041839,0.167547,0.193672,0.141187
4926_248_1135_1324,0,0,0.478821,0.417783,0.027,0.026007,0.017336,0.023667,0.009386
4926_247_2042_2129,1,0,0.743914,0.104804,0.07612,0.004019,0.023878,0.039346,0.007918
4926_247_1675_1750,5,5,0.005095,0.014456,0.037581,0.021369,0.036296,0.872807,0.012396
4926_248_223_359,1,3,0.024368,0.11066,0.052758,0.464934,0.098122,0.070323,0.178835
4926_248_1764_2036,1,3,0.047769,0.150645,0.056273,0.399596,0.052843,0.08678,0.206094
4926_248_874_1062,1,1,0.109017,0.413819,0.131148,0.064456,0.178101,0.054348,0.049111
4926_247_1329_1417,0,0,0.752027,0.102843,0.072793,0.009906,0.010656,0.04011,0.011666
4926_248_480_782,1,1,0.061239,0.232722,0.140728,0.139609,0.174304,0.057557,0.193841
4926_247_1063_1124,1,3,0.267172,0.117132,0.01551,0.323367,0.12203,0.027022,0.127767
4926_248_31_107,6,3,0.077102,0.087465,0.121237,0.36651,0.038679,0.050209,0.258797
4926_247_362_466,0,1,0.313127,0.526056,0.013235,0.009961,0.096829,0.014566,0.026227
4926_248_1464_1657,0,0,0.448248,0.349441,0.046661,0.049547,0.039474,0.031549,0.035079
4926_247_787_856,1,5,0.014907,0.033339,0.035233,0.055196,0.042457,0.756031,0.062837
4930_247_1264_1328,5,5,0.014043,0.054137,0.075392,0.154885,0.053766,0.552709,0.095067
4930_248_1118_1250,0,0,0.493485,0.387313,0.02354,0.006323,0.010428,0.068761,0.01015
4930_248_131_269,0,1,0.026215,0.520945,0.055098,0.022245,0.028236,0.292362,0.054899
4930_248_1336_1614,0,1,0.390838,0.496369,0.026544,0.004794,0.007729,0.068155,0.005569
4930_248_803_981,0,1,0.109851,0.634835,0.072923,0.015304,0.013267,0.136149,0.017671
4930_247_1000_1105,2,1,0.067425,0.314221,0.071057,0.038344,0.295513,0.039473,0.173967
4930_247_598_659,2,3,0.016542,0.035816,0.110374,0.671125,0.043822,0.040844,0.081477
4930_247_31_114,0,5,0.033295,0.075992,0.037687,0.054893,0.01147,0.739223,0.04744
4930_247_423_469,2,6,0.054456,0.304163,0.166267,0.057709,0.054786,0.04226,0.320359
4930_248_682_739,0,5,0.113935,0.228203,0.031683,0.01673,0.030669,0.541649,0.037131
4930_248_349_407,0,1,0.07138,0.362439,0.07552,0.02318,0.021598,0.311449,0.134433
4930_248_480_579,5,5,0.017777,0.099512,0.040287,0.009604,0.020268,0.781207,0.031345
4930_247_755_782,5,5,0.010224,0.024879,0.038966,0.024899,0.017429,0.862168,0.021435
4930_247_299_321,4,2,0.006843,0.080569,0.600941,0.014919,0.21619,0.015013,0.065526
4931_247_31_216,5,5,0.04368,0.126927,0.243018,0.023518,0.024257,0.526245,0.012356
4931_248_1148_1373,0,1,0.445031,0.472822,0.0199,0.004551,0.00608,0.041072,0.010543
4931_248_1671_1815,0,1,0.158231,0.689478,0.025247,0.017486,0.026267,0.067657,0.015634
4931_248_233_617,0,1,0.345487,0.573612,0.027651,0.002523,0.013732,0.027952,0.009042
4931_247_1386_1478,0,0,0.526154,0.116749,0.066501,0.019064,0.019959,0.239949,0.011624
4931_247_926_1146,0,0,0.592506,0.245247,0.082328,0.005481,0.02563,0.039681,0.009126
4931_247_631_681,1,2,0.029186,0.248653,0.311656,0.039002,0.106527,0.208162,0.056813
4931_248_1484_1567,0,1,0.099259,0.433275,0.025093,0.09468,0.027991,0.174858,0.144844
4931_247_783_892,1,2,0.01486,0.190466,0.289307,0.026445,0.197864,0.115732,0.165326
4931_248_1875_1984,0,1,0.079787,0.636727,0.02849,0.041981,0.025134,0.145141,0.04274
4931_248_698_777,0,1,0.228209,0.461851,0.026818,0.014843,0.025997,0.216809,0.025472
4931_247_1571_1658,0,1,0.267797,0.367443,0.047419,0.185675,0.037598,0.051279,0.042788
4931_247_1828_1859,0,5,0.094968,0.336046,0.100101,0.044758,0.048767,0.336571,0.03879
4931_248_892_918,5,5,0.066022,0.059582,0.011503,0.006735,0.008383,0.833188,0.014588
4936_247_31_141,4,4,0.010032,0.052432,0.162387,0.132043,0.348913,0.111892,0.182301
4936_247_1166_1333,1,3,0.033684,0.264204,0.038733,0.398905,0.068958,0.090122,0.105394
4936_247_249_367,6,3,0.008191,0.011377,0.024134,0.757974,0.015595,0.132608,0.050122
4936_247_1382_1527,3,3,0.012877,0.01772,0.019714,0.753878,0.008955,0.051576,0.13528
4936_248_742_951,3,3,0.011652,0.033011,0.041057,0.672814,0.093455,0.089437,0.058573
4936_248_179_215,3,3,0.033251,0.071997,0.086047,0.464217,0.045609,0.206415,0.092465
4936_248_1345_1360,5,3,0.006851,0.016037,0.082664,0.55256,0.016482,0.248611,0.076794
4936_247_411_683,3,3,0.090404,0.096637,0.031141,0.545915,0.03912,0.065873,0.13091
4936_248_1044_1156,4,4,0.009695,0.18107,0.092071,0.179695,0.353846,0.055973,0.12765
4936_248_386_391,5,5,0.030632,0.063754,0.069437,0.180014,0.053261,0.390612,0.21229
4936_247_1620_1674,4,2,0.012741,0.053763,0.556367,0.047879,0.10895,0.12416,0.096139
4936_248_1559_1604,5,3,0.029256,0.076697,0.050869,0.539589,0.015524,0.191218,0.096846
4936_247_973_981,3,3,0.016918,0.009851,0.054104,0.809713,0.040832,0.032117,0.036465
4934_247_31_160,3,3,0.023039,0.017457,0.026563,0.675229,0.024225,0.066819,0.166669
4934_248_1295_1326,3,3,0.015002,0.012713,0.066044,0.7943,0.017307,0.054281,0.040352
4934_247_1105_1273,3,3,0.007178,0.006298,0.011427,0.908659,0.018597,0.016678,0.031163
4934_247_1368_1502,0,1,0.086806,0.293277,0.236954,0.06572,0.057965,0.151002,0.108277
4934_247_917_984,3,3,0.018176,0.021149,0.025479,0.667868,0.021462,0.044317,0.20155
4934_248_189_247,5,5,0.011173,0.032327,0.025413,0.216791,0.025844,0.612532,0.07592
4934_247_518_614,3,3,0.004637,0.003031,0.024176,0.83208,0.020092,0.008948,0.107037
4934_247_278_464,3,3,0.005434,0.001937,0.007397,0.924221,0.010187,0.024795,0.026029
4934_248_630_722,3,4,0.020622,0.202308,0.156049,0.176429,0.236994,0.148718,0.058881
4934_248_1006_1067,3,2,0.010505,0.214208,0.369943,0.057544,0.191152,0.133132,0.023516
4934_248_1540_1563,5,5,0.017349,0.068024,0.101143,0.132943,0.013757,0.613099,0.053684
4934_248_864_891,5,5,0.050727,0.219395,0.112964,0.195778,0.015962,0.344379,0.060795
4934_247_742_815,3,3,0.006285,0.002137,0.007222,0.934251,0.012248,0.011292,0.026566
4934_248_486_502,5,5,0.008843,0.023912,0.036485,0.295231,0.008949,0.469227,0.157352
4935_247_1242_1306,0,0,0.37768,0.113723,0.05117,0.293129,0.011128,0.09187,0.0613
4935_248_1176_1213,1,1,0.111517,0.521731,0.111388,0.048563,0.06476,0.035329,0.106712
4935_247_188_287,4,1,0.031394,0.249802,0.202441,0.113197,0.146816,0.059214,0.197136
4935_247_1432_1521,0,5,0.035249,0.039417,0.037455,0.209581,0.025795,0.633347,0.019156
4935_247_943_1144,0,0,0.501798,0.175961,0.192186,0.005894,0.067727,0.027876,0.028559
4935_248_1328_1403,6,2,0.012221,0.151363,0.409236,0.088645,0.103436,0.090037,0.145063
4935_247_435_663,4,4,0.202478,0.257533,0.21238,0.007061,0.270675,0.018344,0.031529
4935_248_320_396,1,1,0.022161,0.337362,0.120826,0.19121,0.065746,0.179392,0.083303
4935_247_31_120,4,4,0.071457,0.20456,0.105931,0.031185,0.32159,0.043849,0.221428
4935_247_784_849,5,5,0.087543,0.097481,0.182241,0.019573,0.0467,0.539401,0.027061
4935_248_693_754,6,3,0.01652,0.09566,0.092892,0.469499,0.019101,0.033656,0.272673
4935_248_1554_1587,3,2,0.014781,0.258251,0.289872,0.264872,0.048423,0.043905,0.079895
4935_248_865_893,6,3,0.025697,0.097563,0.049849,0.451303,0.037656,0.036696,0.301237
4935_248_145_169,5,5,0.028229,0.067666,0.207936,0.151118,0.020038,0.390574,0.134438
4939_248_31_154,1,1,0.045909,0.584231,0.035353,0.049311,0.184461,0.090259,0.010476
4939_247_1163_1386,5,0,0.297138,0.179325,0.146028,0.01474,0.145771,0.188826,0.028172
4939_248_1844_2083,1,1,0.032132,0.540836,0.082088,0.021843,0.112566,0.12746,0.083074
4939_247_1631_1827,1,0,0.447136,0.271333,0.075523,0.02477,0.059024,0.093087,0.029127
4939_248_1427_1617,1,1,0.025346,0.326293,0.088863,0.088632,0.067321,0.120155,0.283392
4939_247_2089_2260,1,0,0.785658,0.086595,0.03748,0.005437,0.024123,0.054062,0.006645
4939_247_897_1088,1,0,0.343632,0.141798,0.268518,0.007299,0.070707,0.15453,0.013516
4939_248_2305_2358,1,5,0.080626,0.230803,0.029887,0.068942,0.015525,0.510923,0.063294
4939_247_568_702,5,5,0.046265,0.044252,0.232595,0.030585,0.012479,0.614279,0.019545
4939_248_1090_1151,5,5,0.020046,0.058471,0.037226,0.008984,0.012178,0.837131,0.025963
4939_247_263_347,5,5,0.18439,0.021295,0.052136,0.044708,0.003803,0.678109,0.015559
4939_248_402_556,5,6,0.012058,0.263802,0.082173,0.042913,0.087633,0.113411,0.398009
4939_248_733_888,1,5,0.011791,0.203716,0.095048,0.082169,0.040141,0.348768,0.218366
4939_247_2372_2431,5,5,0.088606,0.078539,0.116561,0.233489,0.016902,0.251878,0.214025
4937_248_1273_1419,1,1,0.035681,0.496236,0.053368,0.111404,0.106409,0.079541,0.11736
4937_247_130_264,6,2,0.010739,0.042993,0.354489,0.197626,0.050351,0.205766,0.138036
4937_247_1435_1493,5,1,0.184982,0.410409,0.063176,0.028845,0.064882,0.214564,0.033142
4937_247_798_1076,1,3,0.017036,0.054554,0.020883,0.543131,0.033379,0.180693,0.150324
4937_248_1088_1181,4,6,0.012564,0.098517,0.057332,0.212569,0.220378,0.113355,0.285285
4937_248_290_348,1,5,0.030985,0.169354,0.144111,0.023094,0.119037,0.367932,0.145488
4937_247_601_700,1,1,0.178129,0.552462,0.042063,0.079939,0.029263,0.032716,0.085427
4937_247_361_504,1,5,0.026549,0.120336,0.213293,0.045884,0.200136,0.297715,0.096088
4937_248_31_109,6,3,0.015696,0.07103,0.121426,0.365561,0.103999,0.054027,0.268262
4937_248_1522_1652,3,3,0.015185,0.081007,0.048808,0.474867,0.066981,0.191803,0.121348
4937_248_732_771,1,1,0.040944,0.295472,0.102558,0.124386,0.027164,0.134547,0.274929
4937_248_542_588,1,6,0.02682,0.228278,0.044717,0.038727,0.207292,0.018335,0.435831
4937_247_1205_1242,5,5,0.046809,0.117333,0.141414,0.14902,0.033385,0.277521,0.234517
4940_248_101_303,5,3,0.017241,0.060922,0.168476,0.263321,0.179789,0.200613,0.109637
4940_248_1087_1359,6,3,0.026298,0.065246,0.226291,0.408731,0.082531,0.060866,0.130038
4940_247_1669_1717,3,3,0.009923,0.014417,0.014744,0.845698,0.017317,0.020645,0.077256
4940_247_1811_1874,3,3,0.212382,0.219728,0.098893,0.246124,0.026669,0.126636,0.069568
4940_248_1738_1808,3,6,0.072245,0.21515,0.052896,0.199499,0.054316,0.101604,0.304291
4940_247_868_1075,6,3,0.077508,0.194915,0.139016,0.216948,0.038719,0.200625,0.13227
4940_247_488_613,3,3,0.004277,0.002101,0.014846,0.541381,0.009368,0.422231,0.005795
4940_247_309_404,5,5,0.036339,0.028355,0.031278,0.032944,0.021477,0.830487,0.019119
4940_248_624_866,3,2,0.037297,0.107659,0.280131,0.142812,0.156919,0.233268,0.041914
4940_248_408_483,6,6,0.014603,0.077644,0.072457,0.277751,0.07176,0.153862,0.331922
4940_247_31_91,5,5,0.048701,0.043976,0.122529,0.0396,0.084328,0.542379,0.118488
4940_248_1472_1658,6,3,0.025195,0.124514,0.089195,0.35476,0.062008,0.06323,0.281098
4940_247_1362_1449,1,1,0.170743,0.21722,0.031214,0.152162,0.12557,0.133171,0.16992
4938_247_2400_2491,6,5,0.00802,0.021623,0.039739,0.040629,0.01445,0.851384,0.024155
4938_247_31_231,6,2,0.003896,0.024162,0.807202,0.014242,0.015731,0.119946,0.014822
4938_248_1235_1365,6,1,0.026152,0.462627,0.039609,0.145322,0.074836,0.130689,0.120766
4938_247_1172_1232,6,5,0.014189,0.034014,0.08669,0.141191,0.077912,0.330875,0.315128
4938_248_1615_1892,1,1,0.102068,0.697064,0.06888,0.035192,0.030674,0.047893,0.018229
4938_247_1409_1587,1,2,0.058856,0.186498,0.379456,0.040288,0.037298,0.2378,0.059804
4938_248_2210_2374,1,2,0.00793,0.264467,0.265237,0.128301,0.098074,0.118494,0.117496
4938_248_2550_2641,3,3,0.047651,0.233303,0.117262,0.280058,0.015739,0.205921,0.100066
4938_248_730_1137,6,6,0.006869,0.172302,0.052451,0.065799,0.086763,0.062329,0.553488
4938_248_274_338,5,5,0.0224,0.162613,0.061273,0.260065,0.076952,0.35102,0.065678
4938_247_616_713,6,5,0.019094,0.068206,0.171299,0.220074,0.035527,0.388935,0.096865
4938_247_364_501,3,3,0.015274,0.014792,0.017283,0.818967,0.026579,0.026211,0.080895
4938_247_2085_2188,6,3,0.014984,0.020504,0.047404,0.679193,0.010575,0.139221,0.088118
4938_247_1905_2011,6,3,0.016199,0.010208,0.21788,0.654127,0.038085,0.016981,0.04652
4938_248_518_572,3,3,0.010161,0.071302,0.081194,0.370885,0.078642,0.059275,0.328541
4938_248_2022_2041,3,3,0.213982,0.17527,0.080092,0.279806,0.020389,0.136893,0.093568
4942_248_31_289,1,1,0.057044,0.350862,0.220472,0.057509,0.213374,0.015037,0.085702
4942_248_891_1338,1,1,0.019689,0.440544,0.262065,0.016899,0.155122,0.032143,0.073539
4942_248_2501_2776,1,2,0.020857,0.261418,0.334626,0.068711,0.244611,0.041669,0.028108
4942_248_1426_1579,1,6,0.026311,0.199409,0.084894,0.127957,0.147528,0.043663,0.370239
4942_247_1342_1406,1,0,0.690441,0.160613,0.009585,0.010802,0.009124,0.103005,0.016429
4942_248_2041_2349,2,4,0.009677,0.228463,0.258151,0.026126,0.441367,0.016994,0.019221
4942_247_1641_1818,0,0,0.709591,0.13144,0.005896,0.054595,0.010991,0.077374,0.010114
4942_248_490_746,1,1,0.048059,0.428558,0.221951,0.041495,0.144355,0.051304,0.064277
4942_248_1833_1924,1,4,0.004299,0.081368,0.157556,0.070793,0.504849,0.038316,0.142819
4942_247_1931_2032,1,1,0.116706,0.653476,0.112444,0.018404,0.05642,0.016179,0.026371
4942_247_302_473,3,1,0.061614,0.221099,0.167907,0.164595,0.129685,0.148699,0.1064
4942_247_2374_2448,1,0,0.4882,0.213195,0.016274,0.14849,0.011759,0.063426,0.058656
4942_247_753_856,1,3,0.114034,0.159883,0.106305,0.367658,0.080208,0.091374,0.080538
4941_247_112_258,0,0,0.797698,0.123144,0.011859,0.0178,0.009654,0.031997,0.007848
4941_248_1140_1321,1,1,0.047647,0.553573,0.083477,0.051622,0.064567,0.094294,0.104821
4941_247_1529_1749,0,3,0.120219,0.135701,0.026919,0.491186,0.032215,0.031356,0.162403
4941_247_1801_1861,0,5,0.312304,0.037951,0.017688,0.113017,0.009317,0.501515,0.008208
4941_248_1764_1799,1,1,0.058388,0.26318,0.101135,0.21404,0.134094,0.088485,0.140677
4941_247_1323_1482,0,0,0.815459,0.10909,0.005596,0.020284,0.004074,0.038044,0.007452
4941_247_915_1121,0,0,0.72574,0.125013,0.012896,0.050669,0.014308,0.053145,0.018228
4941_247_502_667,0,3,0.159398,0.180014,0.035934,0.399028,0.036963,0.053916,0.134747
4941_248_264_393,2,3,0.021317,0.141437,0.054677,0.534936,0.028043,0.037099,0.182492
4941_248_469_497,5,5,0.008098,0.021979,0.01874,0.046096,0.013688,0.858927,0.032472
4941_248_31_97,2,1,0.035921,0.277185,0.095703,0.185003,0.213148,0.050535,0.142505
4941_247_395_462,0,0,0.356636,0.229638,0.020364,0.18013,0.014918,0.133854,0.06446
4941_248_1484_1520,1,2,0.009046,0.072433,0.595012,0.023745,0.264947,0.011885,0.022932
4941_248_679_912,1,1,0.014034,0.38216,0.237708,0.047185,0.138431,0.033282,0.1472
4946_248_31_133,6,6,0.007886,0.068643,0.035554,0.168359,0.155984,0.078058,0.485516
4946_248_1232_1390,4,4,0.004838,0.152185,0.055798,0.029941,0.710487,0.004689,0.042062
4946_247_1992_2067,3,3,0.005784,0.001735,0.003084,0.51124,0.002813,0.474315,0.00103
4946_247_1174_1193,5,5,0.038295,0.026727,0.012701,0.016298,0.011354,0.879366,0.015258
4946_248_1619_1701,4,5,0.00903,0.053105,0.015669,0.044291,0.032824,0.806601,0.038481
4946_248_247_380,4,4,0.007651,0.135018,0.15249,0.069902,0.334378,0.139244,0.161318
4946_247_1708_1839,3,6,0.011185,0.036335,0.036907,0.307951,0.017729,0.105003,0.48489
4946_247_1406_1611,0,1,0.123753,0.712019,0.019374,0.047928,0.040191,0.024404,0.032331
4946_247_927_1015,4,3,0.035832,0.018971,0.020536,0.517031,0.197517,0.042612,0.1675
4946_247_142_230,1,3,0.01472,0.045051,0.022372,0.319626,0.1993,0.082979,0.315953
4946_247_584_729,1,1,0.18951,0.355826,0.13751,0.026042,0.178907,0.07551,0.036694
4946_248_1030_1162,4,4,0.0109,0.143297,0.055727,0.175998,0.474697,0.024891,0.114491
4946_248_452_545,4,3,0.016301,0.037005,0.11234,0.363012,0.134616,0.15404,0.182685
4946_248_753_911,1,4,0.023053,0.178184,0.08949,0.182524,0.27966,0.156977,0.090112
4946_248_1860_1976,4,3,0.00935,0.143851,0.183077,0.265626,0.097356,0.060649,0.240091
4946_247_386_435,5,5,0.007587,0.04168,0.092227,0.047573,0.033335,0.721316,0.05628
4948_248_65_140,3,5,0.005284,0.059344,0.04216,0.134344,0.023959,0.452272,0.282636
4948_248_1201_1315,5,5,0.007692,0.078887,0.047665,0.012378,0.049276,0.785749,0.018353
4948_247_1119_1191,2,6,0.027122,0.224344,0.192277,0.032675,0.232688,0.05214,0.238754
4948_247_1662_1740,3,3,0.014016,0.035049,0.026578,0.68108,0.030093,0.052907,0.160276
4948_247_147_265,2,3,0.009832,0.008444,0.028999,0.658475,0.040245,0.109142,0.144863
4948_247_867_976,3,3,0.017368,0.024128,0.024508,0.689961,0.013286,0.041615,0.189135
4948_247_1326_1455,1,3,0.01501,0.029419,0.010174,0.690703,0.013386,0.018988,0.222321
4948_247_568_708,4,1,0.140973,0.263615,0.082595,0.128265,0.049189,0.142838,0.192526
4948_248_281_430,6,3,0.012613,0.144336,0.079049,0.348798,0.206413,0.098139,0.110652
4948_248_982_1096,3,3,0.013957,0.145221,0.045242,0.668924,0.021853,0.095848,0.008955
4948_247_438_540,1,5,0.075679,0.080596,0.214973,0.113948,0.028397,0.440175,0.046232
4948_247_31_61,3,3,0.019185,0.01185,0.016158,0.764346,0.016774,0.03626,0.135427
4948_248_1465_1657,2,3,0.004242,0.006365,0.023484,0.84414,0.015678,0.088209,0.017882
4948_248_724_863,3,5,0.083812,0.148604,0.036394,0.187921,0.031699,0.493428,0.018142
4948_248_544_564,1,5,0.010165,0.10116,0.039076,0.211342,0.015206,0.505944,0.117107
4949_248_1279_1420,1,1,0.052593,0.345832,0.112521,0.17515,0.053936,0.219805,0.040162
4949_247_1091_1261,5,5,0.014911,0.013681,0.015279,0.101545,0.009798,0.82945,0.015337
4949_248_1490_1703,6,3,0.015243,0.077238,0.073636,0.473356,0.03474,0.194879,0.130909
4949_247_240_376,0,0,0.393538,0.342279,0.067677,0.027276,0.017326,0.127309,0.024595
4949_248_1796_1965,1,1,0.041198,0.391166,0.030832,0.088582,0.033752,0.133046,0.281422
4949_247_1438_1478,5,6,0.031937,0.175436,0.172341,0.109329,0.164204,0.159755,0.186999
4949_247_873_938,5,5,0.092166,0.079467,0.056877,0.074954,0.014899,0.634265,0.047372
4949_248_948_1063,1,3,0.013441,0.225421,0.11697,0.305811,0.042587,0.051599,0.244171
4949_248_134_208,6,6,0.008412,0.062238,0.026742,0.318962,0.02389,0.115439,0.444317
4949_247_500_604,1,5,0.045156,0.115946,0.017179,0.10633,0.037741,0.63104,0.046608
4949_247_1721_1794,5,2,0.00332,0.05206,0.363802,0.045522,0.089528,0.255025,0.190744
4949_248_607_869,3,6,0.012089,0.081003,0.033569,0.196766,0.037662,0.199147,0.439765
4949_248_381_487,1,5,0.009219,0.049539,0.031791,0.294424,0.033627,0.380526,0.200874
4949_247_31_80,3,3,0.00977,0.017189,0.076565,0.45294,0.029403,0.346971,0.067162
4943_248_116_170,1,1,0.090959,0.323371,0.131982,0.072025,0.099989,0.194462,0.087212
4943_247_1266_1342,1,2,0.018633,0.19807,0.336432,0.009543,0.164775,0.07631,0.196238
4943_248_1091_1265,1,1,0.081268,0.291947,0.071952,0.22468,0.15327,0.105828,0.071056
4943_247_1672_1764,3,3,0.01556,0.012665,0.009566,0.682688,0.011264,0.032654,0.235602
4943_248_1791_1896,6,3,0.020133,0.10188,0.095215,0.501916,0.040834,0.071072,0.168951
4943_247_1451_1617,5,6,0.053634,0.104659,0.097964,0.129042,0.26192,0.042914,0.309868
4943_248_859_1010,1,6,0.015068,0.081754,0.153536,0.20074,0.167763,0.038657,0.342482
4943_247_192_243,2,5,0.010731,0.074851,0.106047,0.084345,0.09913,0.394039,0.230856
4943_247_522_594,5,5,0.141189,0.140712,0.05193,0.241654,0.037691,0.280184,0.106641
4943_248_625_723,5,6,0.01437,0.0908,0.130053,0.095172,0.081735,0.089568,0.498301
4943_247_1021_1079,5,5,0.03097,0.045965,0.047729,0.022971,0.040899,0.706023,0.105443
4943_248_406_521,1,5,0.038953,0.167187,0.174153,0.089914,0.094005,0.230959,0.204829
4943_248_31_65,5,1,0.058116,0.213619,0.107935,0.183214,0.079972,0.165646,0.191498
4943_247_724_841,2,3,0.015012,0.058319,0.04577,0.410673,0.065896,0.023246,0.381083
4943_247_1897_1927,3,3,0.01606,0.06186,0.083653,0.582267,0.061838,0.137706,0.056616
4943_247_71_96,5,5,0.015114,0.026798,0.016383,0.035935,0.021863,0.851351,0.032556
4943_247_339_398,2,6,0.03142,0.122074,0.047813,0.306006,0.099192,0.043121,0.350373
4943_248_1361_1435,1,4,0.029034,0.283762,0.174112,0.036899,0.299712,0.13618,0.0403
4943_248_1618_1657,1,5,0.020969,0.039371,0.019165,0.058635,0.009575,0.724339,0.127947
4943_248_268_319,1,5,0.102448,0.18808,0.134959,0.123937,0.046625,0.322614,0.081337
4947_248_80_133,5,5,0.019079,0.056593,0.030942,0.223528,0.010011,0.582567,0.07728
4947_248_1204_1388,3,3,0.024772,0.054139,0.054152,0.463734,0.072526,0.221413,0.109264
4947_247_1096_1192,3,3,0.009336,0.014634,0.014737,0.859272,0.011786,0.063385,0.02685
4947_248_182_367,5,5,0.033341,0.073055,0.030083,0.03361,0.014008,0.806811,0.009091
4947_247_1401_1558,3,3,0.018388,0.045558,0.031173,0.736673,0.046093,0.026548,0.095566
4947_248_854_972,3,5,0.007042,0.035659,0.06849,0.177293,0.028671,0.674201,0.008642
4947_248_517_749,3,5,0.010051,0.086253,0.056303,0.263315,0.04758,0.520142,0.016356
4947_247_986_1038,3,3,0.004162,0.007586,0.009189,0.926282,0.010358,0.011076,0.031347
4947_247_466_512,3,3,0.192893,0.114292,0.029389,0.389606,0.04117,0.055591,0.17706
4947_247_31_74,3,3,0.003962,0.003102,0.011822,0.929142,0.006757,0.016117,0.029098
4947_248_412_463,5,5,0.063258,0.123384,0.252591,0.166413,0.069575,0.277567,0.047212
4947_248_1562_1633,3,3,0.008808,0.015454,0.02246,0.793169,0.018388,0.096089,0.045631
4947_247_775_815,3,3,0.039446,0.082179,0.029885,0.542479,0.032862,0.048929,0.22422
4947_248_1045_1094,3,5,0.022262,0.046641,0.013344,0.172198,0.010364,0.721177,0.014014
4947_247_137_172,3,3,0.247861,0.135729,0.034273,0.347688,0.041409,0.082171,0.110868
4947_247_367_384,3,3,0.019073,0.013544,0.01278,0.860776,0.011601,0.048788,0.033436
4953_248_31_283,6,1,0.013674,0.327628,0.119639,0.041926,0.106896,0.308937,0.0813
4953_248_1258_1343,6,1,0.044654,0.532122,0.061739,0.031214,0.227557,0.060633,0.042082
4953_248_2035_2170,4,1,0.009857,0.267097,0.156233,0.087698,0.208557,0.115054,0.155505
4953_247_879_1209,4,1,0.033969,0.443955,0.096866,0.115898,0.20095,0.073656,0.034704
4953_247_1823_1844,6,5,0.017182,0.055931,0.057282,0.113708,0.020395,0.549758,0.185744
4953_247_1388_1661,1,1,0.175143,0.5271,0.050994,0.016497,0.164464,0.038103,0.027698
4953_247_2191_2280,5,5,0.008664,0.007135,0.007834,0.058944,0.027907,0.884073,0.005444
4953_248_407_605,6,1,0.010365,0.26786,0.058698,0.065662,0.123392,0.250931,0.223091
4953_248_1693_1798,6,4,0.008547,0.108712,0.095047,0.078381,0.436533,0.018648,0.254131
4953_247_319_388,5,1,0.286248,0.378817,0.089103,0.006015,0.023125,0.177018,0.039674
4953_247_629_749,4,5,0.008822,0.050493,0.014358,0.016528,0.023485,0.879547,0.006768
4953_248_778_840,1,1,0.035926,0.820409,0.028406,0.027203,0.026848,0.038039,0.023169
4953_247_1896_2012,6,1,0.084119,0.244478,0.104287,0.097229,0.055946,0.235088,0.178852
4953_248_1871_1878,6,3,0.00952,0.040294,0.017926,0.433195,0.028146,0.062222,0.408697
4953_248_2312_2331,0,3,0.01064,0.053499,0.038921,0.327078,0.031474,0.261858,0.27653
4950_247_1291_1334,3,3,0.021884,0.026478,0.016869,0.720226,0.02932,0.015062,0.170161
4950_247_1091_1191,5,5,0.009676,0.005251,0.01062,0.132198,0.007502,0.831367,0.003386
4950_248_1620_1774,3,3,0.017156,0.019997,0.018841,0.755219,0.060589,0.066368,0.06183
4950_248_135_293,0,3,0.019932,0.23864,0.062206,0.365411,0.047495,0.065172,0.201143
4950_247_1416_1599,3,3,0.012611,0.023991,0.014486,0.651007,0.028796,0.027052,0.242058
4950_247_31_121,3,5,0.025006,0.128339,0.13054,0.065248,0.05356,0.443145,0.154162
4950_248_920_1071,2,1,0.011133,0.458302,0.049135,0.09612,0.023507,0.123072,0.238733
4950_248_509_620,1,4,0.010831,0.272296,0.148954,0.065887,0.276527,0.06913,0.156376
4950_247_297_384,1,5,0.043757,0.091912,0.056823,0.097109,0.036427,0.531573,0.1424
4950_247_628_914,3,5,0.013085,0.026572,0.057858,0.302185,0.059743,0.478947,0.061612
4950_247_454_489,1,5,0.026599,0.037535,0.014632,0.053545,0.012505,0.753356,0.101828
4950_248_401_446,1,3,0.033549,0.24109,0.10493,0.354119,0.026991,0.072547,0.166775
4950_248_1201_1272,1,5,0.018173,0.03537,0.014853,0.252102,0.006109,0.649266,0.024128
4950_248_1362_1408,3,5,0.025135,0.064429,0.015107,0.061358,0.012739,0.791214,0.030017
4951_248_115_184,5,5,0.01315,0.088127,0.056914,0.111569,0.010783,0.374486,0.344971
4951_248_1221_1331,4,4,0.021353,0.178261,0.231851,0.068919,0.33271,0.077262,0.089644
4951_247_199_276,1,5,0.096133,0.186921,0.069364,0.029956,0.032077,0.403712,0.181837
4951_248_891_943,6,5,0.010965,0.088159,0.170065,0.174654,0.104391,0.357965,0.093801
4951_247_539_594,6,5,0.019344,0.054475,0.082388,0.1465,0.024224,0.404315,0.268754
4951_248_1080_1130,6,1,0.03659,0.321115,0.115394,0.052806,0.135627,0.252843,0.085624
4951_248_297_349,6,6,0.020991,0.085022,0.211082,0.239257,0.078361,0.074829,0.290458
4951_248_613_753,1,5,0.018194,0.179628,0.039913,0.117936,0.045757,0.51006,0.088512
4951_247_971_1038,5,5,0.021011,0.043677,0.123885,0.134778,0.079709,0.38137,0.21557
4951_248_475_515,1,3,0.034204,0.318505,0.050236,0.324834,0.031541,0.08446,0.15622
4951_247_31_91,6,3,0.040226,0.069446,0.06635,0.467646,0.044393,0.035623,0.276315
4951_247_383_460,6,6,0.014851,0.030307,0.040122,0.317015,0.029165,0.164315,0.404225
4951_247_769_854,6,5,0.008073,0.011977,0.034727,0.09971,0.021067,0.782441,0.042004
4951_247_1356_1431,1,3,0.068004,0.141028,0.096187,0.42508,0.10683,0.070472,0.092399
4951_247_1159_1165,3,3,0.042048,0.043166,0.045714,0.440655,0.055494,0.085378,0.287545
4956_248_31_150,6,6,0.009458,0.137879,0.104927,0.081585,0.044282,0.047162,0.574708
4956_248_1227_1326,6,6,0.016008,0.134751,0.075725,0.045301,0.113486,0.068701,0.546027
4956_247_171_325,5,5,0.005031,0.008296,0.007982,0.02431,0.010846,0.938484,0.005051
4956_247_1370_1508,6,5,0.189402,0.151721,0.065824,0.067062,0.040267,0.400695,0.085029
4956_248_792_930,4,4,0.002933,0.095418,0.154794,0.011294,0.665742,0.048475,0.021344
4956_247_939_1019,5,5,0.005622,0.013715,0.010665,0.006321,0.012638,0.943175,0.007863
4956_247_426_630,6,5,0.003822,0.005684,0.010355,0.036328,0.016697,0.913167,0.013947
4956_247_1124_1183,5,5,0.009323,0.014028,0.021969,0.025055,0.015734,0.8787,0.03519
4956_248_1028_1102,6,6,0.016322,0.240745,0.03721,0.09131,0.043312,0.162122,0.408979
4956_248_1531_1643,6,6,0.009756,0.319849,0.077478,0.022091,0.098014,0.099383,0.373429
4956_248_663_687,6,6,0.012153,0.123249,0.090185,0.066786,0.06061,0.069225,0.577792
4956_247_722_747,4,3,0.023205,0.021945,0.043654,0.455598,0.30126,0.029357,0.124981
4956_248_347_387,6,3,0.015061,0.05949,0.084328,0.344203,0.051518,0.122474,0.322926
4956_247_1661_1676,4,5,0.034869,0.197909,0.200806,0.027788,0.113567,0.386304,0.038757
4957_247_1289_1358,1,1,0.285974,0.393857,0.007762,0.077609,0.034375,0.177665,0.022758
4957_247_1103_1235,5,5,0.014033,0.077691,0.037978,0.017914,0.112717,0.691243,0.048423
4957_248_1505_1758,5,1,0.023708,0.278592,0.120198,0.050937,0.133576,0.207032,0.185957
4957_247_193_417,1,1,0.288401,0.538143,0.023511,0.00764,0.069173,0.055627,0.017505
4957_247_1767_1921,5,5,0.081338,0.132128,0.016507,0.011407,0.033413,0.698258,0.02695
4957_247_1402_1500,1,6,0.020154,0.14358,0.048802,0.112524,0.277526,0.082517,0.314898
4957_247_917_950,5,5,0.010581,0.057078,0.068131,0.074976,0.074454,0.480585,0.234195
4957_248_429_915,1,1,0.013691,0.441364,0.080583,0.056495,0.092371,0.203833,0.111664
4957_248_952_1083,1,1,0.024457,0.612041,0.039941,0.020989,0.03692,0.20758,0.058072
4957_248_31_58,5,5,0.018934,0.091815,0.035737,0.048302,0.025869,0.700869,0.078474
4957_248_1236_1272,1,1,0.041226,0.594683,0.028481,0.035749,0.019923,0.241051,0.038888
4957_247_63_94,4,6,0.032829,0.120418,0.039145,0.20999,0.190333,0.045116,0.36217
4957_248_1362_1391,5,5,0.009682,0.097027,0.017547,0.029733,0.015736,0.789381,0.040895
4957_248_141_178,3,3,0.020007,0.108837,0.015841,0.565361,0.017529,0.174244,0.098182
4957_248_1932_2015,1,1,0.007336,0.29576,0.09505,0.074269,0.294262,0.067528,0.165795
4959_247_763_849,0,3,0.049991,0.056808,0.012843,0.472942,0.012494,0.382078,0.012844
4959_248_31_101,0,1,0.314955,0.486009,0.047389,0.062149,0.014796,0.031437,0.043264
4959_248_1002_1070,1,1,0.124385,0.605126,0.085435,0.028606,0.041286,0.096186,0.018977
4959_247_385_429,1,5,0.012096,0.104982,0.080205,0.065458,0.050753,0.660915,0.02559
4959_248_569_659,1,1,0.025282,0.570029,0.036853,0.025001,0.070309,0.230788,0.041738
4959_247_666_703,1,5,0.00559,0.013138,0.050849,0.174772,0.013729,0.73515,0.006773
4959_247_934_968,1,5,0.032238,0.158179,0.124488,0.134443,0.028027,0.380013,0.142613
4959_248_858_932,1,1,0.048547,0.751235,0.014097,0.031194,0.008865,0.129909,0.016152
4959_247_1073_1091,1,3,0.021397,0.052863,0.034831,0.659129,0.035365,0.038771,0.157644
4959_248_441_498,1,5,0.007119,0.043449,0.026235,0.019719,0.00683,0.884122,0.012526
4959_247_273_300,5,5,0.024028,0.04467,0.019277,0.052631,0.016472,0.810929,0.031995
4959_248_321_374,5,5,0.068055,0.298501,0.054408,0.016365,0.030597,0.477115,0.054959
4959_248_705_727,1,1,0.023702,0.437982,0.037724,0.104513,0.025418,0.218082,0.152579
4959_247_502_564,0,5,0.114419,0.10725,0.023412,0.006872,0.025773,0.708117,0.014157
4958_247_31_391,0,0,0.50234,0.404348,0.013548,0.004151,0.013492,0.055691,0.00643
4958_247_1224_1338,1,0,0.481467,0.223782,0.024978,0.069528,0.017035,0.127555,0.055655
4958_248_1176_1222,1,5,0.057805,0.258642,0.04349,0.023228,0.021207,0.556451,0.039177
4958_248_1361_1510,1,5,0.010938,0.227622,0.043809,0.04809,0.046634,0.541551,0.081356
4958_247_938_1014,1,5,0.089822,0.184658,0.113839,0.043071,0.146985,0.385434,0.036192
4958_247_1123_1161,1,5,0.116202,0.097636,0.016907,0.26058,0.016774,0.409859,0.082043
4958_248_1021_1122,1,1,0.015156,0.355387,0.059347,0.188665,0.052098,0.260409,0.068937
4958_248_603_649,5,5,0.03865,0.334971,0.056839,0.05894,0.040723,0.399624,0.070253
4958_247_434_578,1,6,0.018241,0.158616,0.049676,0.196579,0.126913,0.112321,0.337655
4958_247_1516_1621,1,0,0.688407,0.26632,0.007523,0.003357,0.007822,0.021793,0.004778
4958_247_650_676,5,5,0.051232,0.073767,0.030566,0.052783,0.013623,0.730778,0.047252
4958_248_696_731,5,5,0.025305,0.107609,0.035599,0.067071,0.015918,0.615946,0.132551
4958_248_832_918,5,5,0.017952,0.122586,0.031405,0.032827,0.021924,0.730725,0.042581
4958_247_743_818,5,6,0.086865,0.283015,0.024763,0.206327,0.024722,0.060531,0.313777
4958_248_392_420,5,5,0.02289,0.101897,0.027625,0.063903,0.015314,0.723384,0.044987
5161_259_31_315,0,0,0.464838,0.41898,0.015008,0.00265,0.010499,0.080158,0.007866
5161_259_1215_1419,0,0,0.562037,0.321799,0.016405,0.00629,0.061632,0.023871,0.007967
5161_260_2024_2104,3,1,0.178044,0.526947,0.123721,0.015085,0.0123,0.132942,0.01096
5161_260_1101_1209,3,1,0.044115,0.448569,0.11791,0.149482,0.210147,0.008887,0.020892
5161_259_1594_1728,3,3,0.023818,0.055896,0.009855,0.674657,0.062977,0.016155,0.156642
5161_260_1739_1835,3,1,0.034113,0.623171,0.039586,0.158032,0.049791,0.022569,0.072738
5161_260_1439_1592,3,1,0.129124,0.45242,0.027163,0.189746,0.121559,0.022164,0.057823
5161_260_934_1007,3,3,0.022053,0.101638,0.105172,0.540685,0.023928,0.043489,0.163034
5161_259_590_689,1,4,0.008681,0.115483,0.049142,0.01682,0.628626,0.035238,0.146009
5161_259_1017_1099,1,1,0.128453,0.696682,0.006761,0.013791,0.102568,0.011955,0.03979
5161_260_341_570,3,3,0.00769,0.034347,0.017477,0.717909,0.013136,0.191415,0.018026
5161_259_776_884,1,1,0.025193,0.37909,0.042386,0.04754,0.040934,0.344594,0.120263
5161_259_1849_2002,1,1,0.245386,0.576699,0.013529,0.013061,0.023782,0.013733,0.11381
5161_260_699_774,3,1,0.07925,0.450505,0.079961,0.135126,0.034926,0.084283,0.135949
5162_260_76_206,1,3,0.022073,0.06765,0.025121,0.469529,0.045254,0.195329,0.175044
5162_259_1291_1399,3,0,0.467547,0.440386,0.005016,0.02036,0.004222,0.055242,0.007227
5162_260_1988_2063,3,1,0.075898,0.387016,0.039331,0.249511,0.047217,0.023609,0.177419
5162_260_941_1278,3,3,0.038941,0.175468,0.042313,0.431167,0.146261,0.042896,0.122954
5162_259_1541_1986,3,1,0.292456,0.543535,0.043404,0.00631,0.051086,0.028658,0.034551
5162_259_216_335,1,1,0.161167,0.670934,0.021531,0.014376,0.017162,0.015404,0.099427
5162_260_1433_1525,3,3,0.137933,0.254253,0.012554,0.439367,0.032501,0.052215,0.071176
5162_260_2121_2293,3,3,0.074522,0.179209,0.043659,0.460284,0.033345,0.063534,0.145448
5162_259_721_931,4,1,0.027382,0.490134,0.099395,0.006509,0.264598,0.024867,0.087115
5162_259_2305_2375,3,4,0.042795,0.081531,0.031466,0.16887,0.358163,0.026308,0.290867
5162_260_586_669,1,5,0.106635,0.158409,0.066955,0.171791,0.02797,0.404742,0.063498
5162_259_2066_2120,3,0,0.514674,0.304099,0.006434,0.016836,0.012383,0.037958,0.107616
5162_259_426_575,1,1,0.416473,0.429251,0.015133,0.002798,0.015086,0.102386,0.018873
5162_259_31_74,1,1,0.060078,0.576451,0.015703,0.006613,0.305569,0.003275,0.032312
5162_260_337_416,1,1,0.13123,0.561416,0.014015,0.116036,0.100516,0.01603,0.060757
5166_259_31_172,3,4,0.017852,0.182419,0.089637,0.037027,0.440989,0.03637,0.195705
5166_260_1253_1297,3,3,0.061292,0.196444,0.039004,0.496253,0.020516,0.060937,0.125554
5166_259_1087_1232,3,5,0.141339,0.217957,0.018506,0.067954,0.02858,0.496834,0.028829
5166_259_1592_1730,4,1,0.048809,0.430197,0.034041,0.007415,0.397795,0.028668,0.053074
5166_260_1742_1834,3,3,0.017347,0.03727,0.012638,0.823475,0.011872,0.0734,0.023998
5166_259_1317_1507,3,1,0.031969,0.339577,0.027193,0.163699,0.134209,0.022069,0.281284
5166_260_878_1077,3,3,0.009378,0.031293,0.017941,0.882087,0.023873,0.020922,0.014506
5166_260_200_247,3,5,0.013259,0.033751,0.120279,0.179178,0.016575,0.561601,0.075357
5166_259_265_602,3,3,0.015105,0.032281,0.041534,0.559129,0.184912,0.090518,0.076522
5166_260_629_711,3,3,0.014282,0.029073,0.025372,0.783291,0.009725,0.058108,0.080148
5166_259_735_852,3,3,0.033913,0.072733,0.052516,0.435046,0.048873,0.230653,0.126265
5166_260_1540_1577,3,3,0.009047,0.006959,0.007001,0.93916,0.004493,0.004013,0.029328
5164_260_1217_1433,3,1,0.086938,0.333199,0.161798,0.073551,0.035973,0.271987,0.036554
5164_259_977_1215,3,5,0.020468,0.037126,0.022066,0.007865,0.010673,0.879138,0.022664
5164_260_1585_1697,1,1,0.035943,0.438526,0.223503,0.070661,0.131446,0.039107,0.060814
5164_259_1698_1872,5,5,0.033954,0.04702,0.005664,0.00955,0.044864,0.849292,0.009657
5164_259_1437_1461,5,5,0.05559,0.042688,0.021423,0.015674,0.007004,0.824905,0.032715
5164_260_747_977,3,5,0.095803,0.205262,0.101178,0.19856,0.097435,0.260299,0.041463
5164_259_139_252,3,5,0.008705,0.019532,0.030998,0.407224,0.013398,0.498884,0.021259
5164_260_560_619,3,3,0.024652,0.03088,0.010693,0.904694,0.007383,0.01316,0.008539
5164_260_278_376,3,1,0.081922,0.512595,0.034492,0.310677,0.030112,0.010982,0.019219
5164_259_621_728,3,3,0.041403,0.038644,0.02583,0.590563,0.030632,0.124352,0.148576
5164_259_377_558,3,0,0.768518,0.177466,0.007417,0.009335,0.008514,0.024798,0.003952
5164_260_31_112,3,3,0.122058,0.104319,0.033822,0.623839,0.038668,0.049048,0.028245
5164_259_1511_1577,4,1,0.101657,0.395424,0.035255,0.00552,0.389533,0.022042,0.050569
5164_260_1874_2005,3,1,0.029878,0.33551,0.141152,0.074659,0.261302,0.029534,0.127966
5164_260_1467_1493,3,0,0.605523,0.218925,0.025686,0.037502,0.019967,0.043469,0.048928
5168_259_70_331,3,1,0.189002,0.467481,0.050225,0.053341,0.022121,0.143155,0.074676
5168_259_1637_1686,5,5,0.010847,0.157944,0.067973,0.018692,0.019111,0.665095,0.060338
5168_259_1437_1520,3,6,0.015775,0.100714,0.132992,0.234209,0.228213,0.042573,0.245524
5168_260_804_949,3,6,0.035008,0.182507,0.127089,0.233016,0.103862,0.044777,0.273741
5168_260_1320_1355,3,3,0.052826,0.180875,0.031124,0.328879,0.10119,0.0219,0.283206
5168_259_584_619,1,1,0.049734,0.462463,0.080364,0.014181,0.135216,0.149626,0.108416
5168_259_1084_1107,3,6,0.024519,0.100732,0.115525,0.033111,0.058556,0.265331,0.402225
5168_260_334_436,3,1,0.03308,0.378442,0.070018,0.213896,0.08,0.019417,0.205146
5168_260_621_678,1,1,0.033991,0.324996,0.100597,0.187337,0.069125,0.00776,0.276194
5168_259_455_514,4,4,0.00554,0.242166,0.253528,0.010014,0.381821,0.040258,0.066672
5168_260_31_68,3,1,0.156035,0.4084,0.077895,0.087495,0.022139,0.09143,0.156606
5168_259_705_786,3,6,0.022286,0.275888,0.136736,0.026356,0.116589,0.037035,0.385109
5168_260_1569_1623,3,3,0.01263,0.005418,0.008432,0.925152,0.006039,0.012758,0.029572
5168_260_515_574,3,2,0.024503,0.205083,0.332172,0.121883,0.104209,0.008495,0.203655
5172_259_126_134,5,5,0.011055,0.034276,0.027042,0.055991,0.045059,0.621517,0.205059
5172_259_1238_1436,6,6,0.029264,0.264316,0.09593,0.052422,0.052381,0.090444,0.415242
5172_260_1143_1200,6,6,0.017908,0.100737,0.066564,0.144074,0.257613,0.021697,0.391407
5172_259_1520_1719,6,6,0.009209,0.196747,0.085642,0.129827,0.074025,0.088284,0.416266
5172_259_251_492,6,5,0.010174,0.083001,0.090572,0.217038,0.065994,0.423908,0.109313
5172_260_1816_1839,3,4,0.016383,0.057541,0.052374,0.195111,0.581806,0.008033,0.088754
5172_259_884_1115,6,6,0.0124,0.136705,0.040673,0.043254,0.057237,0.035519,0.674212
5172_259_580_819,6,1,0.052256,0.356979,0.073881,0.008491,0.039051,0.127502,0.341841
5172_260_1477_1499,3,3,0.010197,0.049064,0.042585,0.757175,0.0268,0.005287,0.108892
5172_260_508_553,6,5,0.026295,0.101554,0.067111,0.112674,0.005321,0.653693,0.033351
5172_260_171_182,3,3,0.016529,0.032559,0.061843,0.722402,0.017989,0.026173,0.122504
5172_260_31_53,3,3,0.011249,0.0192,0.037415,0.838607,0.013432,0.018689,0.061409
5172_260_834_869,5,5,0.024791,0.192267,0.096515,0.040616,0.038508,0.432466,0.174838
5167_259_1194_1435,3,3,0.014521,0.034278,0.084062,0.379826,0.066971,0.226249,0.194092
5167_260_1088_1189,1,5,0.041048,0.193256,0.274148,0.055189,0.045305,0.284396,0.106657
5167_260_1673_1710,1,1,0.033251,0.360231,0.084891,0.087439,0.070978,0.124572,0.238637
5167_260_247_289,1,4,0.004739,0.142552,0.153926,0.011611,0.628606,0.02149,0.037077
5167_259_179_225,3,1,0.010484,0.267065,0.163481,0.081107,0.186899,0.092225,0.19874
5167_260_397_606,1,4,0.032979,0.263607,0.172705,0.016395,0.379814,0.077357,0.057144
5167_259_324_377,3,6,0.049065,0.209091,0.037448,0.156663,0.055774,0.032231,0.459727
5167_259_609_833,3,1,0.017305,0.483766,0.084012,0.014782,0.090808,0.246732,0.062595
5167_259_960_1076,2,5,0.011632,0.039151,0.078322,0.106952,0.024436,0.697091,0.042416
5167_259_31_65,3,3,0.011771,0.01348,0.028924,0.806886,0.011895,0.024297,0.102746
5167_259_1524_1620,3,5,0.016062,0.188388,0.122029,0.064989,0.035798,0.394638,0.178096
5167_260_1471_1520,1,2,0.033532,0.271635,0.370824,0.029506,0.074089,0.178744,0.04167
5167_260_71_113,1,6,0.016608,0.0967,0.091073,0.100982,0.159461,0.164522,0.370654
5167_260_835_898,1,4,0.011027,0.134831,0.148369,0.032331,0.493354,0.116447,0.063642
5175_259_31_159,6,0,0.543728,0.392023,0.010066,0.00272,0.015155,0.015628,0.02068
5175_259_733_1203,6,0,0.645818,0.278343,0.013805,0.003958,0.01603,0.02913,0.012917
5175_260_1626_1698,1,1,0.12965,0.335602,0.095554,0.105251,0.025042,0.220966,0.087935
5175_260_174_335,4,4,0.023621,0.245273,0.10571,0.244737,0.247179,0.026252,0.107228
5175_260_523_717,6,1,0.113172,0.540464,0.058513,0.106501,0.043656,0.113249,0.024445
5175_260_1328_1349,4,4,0.074543,0.360626,0.066392,0.055206,0.393056,0.003406,0.04677
5175_259_349_497,4,0,0.345871,0.337235,0.017355,0.017434,0.022329,0.248388,0.011388
5175_259_1466_1591,1,0,0.846259,0.116621,0.010184,0.001265,0.007525,0.011846,0.006299
5175_260_1244_1268,4,1,0.157302,0.568139,0.035364,0.023864,0.17479,0.005438,0.035103
5175_259_1360_1377,6,5,0.135547,0.220914,0.061149,0.006889,0.054286,0.4717,0.049516
5175_260_1404_1430,2,3,0.012274,0.063368,0.070601,0.751184,0.030283,0.006183,0.066107
5175_259_1306_1314,3,1,0.207862,0.381922,0.038277,0.01972,0.126825,0.015151,0.210243
5173_259_1223_1294,6,3,0.039468,0.025605,0.026222,0.685833,0.029649,0.023512,0.169712
5173_259_115_201,5,5,0.009044,0.034494,0.020957,0.009333,0.012319,0.84223,0.071622
5173_260_1162_1210,3,1,0.308908,0.32589,0.025164,0.178337,0.067488,0.016217,0.077996
5173_259_784_920,6,5,0.027519,0.105886,0.047162,0.178132,0.082773,0.28864,0.269889
5173_260_935_1027,3,3,0.004236,0.001057,0.002789,0.958522,0.00435,0.019783,0.009262
5173_260_388_502,1,3,0.055549,0.245826,0.077729,0.321309,0.092969,0.076769,0.12985
5173_259_524_675,6,4,0.008636,0.109901,0.05482,0.154446,0.38923,0.029523,0.253445
5173_260_70_87,3,3,0.01801,0.023166,0.038396,0.644106,0.019327,0.044798,0.212198
5173_260_693_744,3,3,0.01363,0.014653,0.011936,0.737412,0.0167,0.013034,0.192635
5173_259_1039_1123,3,1,0.239357,0.516291,0.008949,0.036503,0.064147,0.029971,0.104782
5173_259_273_364,1,5,0.009222,0.115766,0.06406,0.161159,0.100533,0.301325,0.247935
5173_260_214_234,3,6,0.060311,0.148009,0.023956,0.287703,0.032974,0.044542,0.402505
5173_259_31_38,5,5,0.008495,0.048256,0.02624,0.074471,0.048282,0.65022,0.144037
5171_259_31_155,4,1,0.093132,0.366509,0.122951,0.015895,0.214143,0.092768,0.094602
5171_260_2026_2095,6,1,0.04393,0.4805,0.058802,0.175237,0.097171,0.023672,0.120688
5171_259_1156_1197,4,4,0.079235,0.219011,0.055401,0.001944,0.606454,0.00778,0.030176
5171_260_1566_1702,1,1,0.11004,0.719608,0.041106,0.022945,0.033503,0.028745,0.044052
5171_260_205_467,6,1,0.066072,0.360125,0.108936,0.200595,0.095501,0.072191,0.096579
5171_259_1726_2010,1,1,0.310383,0.510495,0.021318,0.007029,0.10827,0.009642,0.032863
5171_259_1326_1530,6,1,0.135733,0.441874,0.054764,0.01216,0.235568,0.029483,0.090418
5171_260_2203_2287,6,1,0.131425,0.617027,0.112042,0.010472,0.064077,0.039025,0.025932
5171_259_798_1067,4,1,0.080385,0.593382,0.040701,0.003575,0.122724,0.083503,0.075729
5171_259_2304_2406,1,1,0.114479,0.543961,0.206531,0.005657,0.064771,0.019349,0.045252
5171_259_497_660,4,1,0.054593,0.658193,0.068837,0.033291,0.07968,0.087965,0.017441
5171_260_1082_1127,6,1,0.092349,0.701613,0.040107,0.049445,0.017302,0.0179,0.081284
5171_260_1211_1293,6,1,0.066172,0.510283,0.054284,0.08239,0.049069,0.029491,0.208312
5171_260_707_752,3,3,0.061595,0.170168,0.020869,0.660655,0.018966,0.030662,0.037086
5171_259_2131_2182,6,1,0.24252,0.312463,0.119087,0.015212,0.023881,0.235608,0.051229
5178_259_31_158,6,1,0.071953,0.315825,0.042262,0.02244,0.219273,0.263556,0.064691
5178_259_1191_1320,6,5,0.035164,0.131519,0.025286,0.018196,0.046085,0.714418,0.029333
5178_259_1504_1802,4,5,0.025428,0.100533,0.014641,0.011665,0.317709,0.51209,0.017935
5178_260_182_287,1,1,0.176938,0.593621,0.017757,0.134982,0.01785,0.040324,0.018529
5178_259_542_651,5,5,0.089854,0.139297,0.132056,0.00408,0.014995,0.598252,0.021465
5178_260_1122_1147,6,1,0.143463,0.384807,0.132016,0.017751,0.165857,0.056789,0.099318
5178_259_328_447,5,5,0.056307,0.083956,0.026417,0.040175,0.015707,0.743205,0.034231
5178_260_1859_1908,3,3,0.056665,0.297401,0.082961,0.308889,0.033397,0.02844,0.192247
5178_260_680_792,5,5,0.144915,0.045955,0.05952,0.021275,0.018629,0.698894,0.010813
5178_260_1368_1454,1,3,0.02316,0.086642,0.051374,0.603393,0.013634,0.192329,0.029469
5178_260_978_1016,5,5,0.042378,0.287733,0.071103,0.01644,0.022127,0.523354,0.036865
5178_259_1060_1100,5,5,0.025092,0.120527,0.125095,0.003523,0.195423,0.391937,0.138404
5178_260_484_519,5,1,0.215888,0.410491,0.050333,0.021472,0.025212,0.25422,0.022384
5178_259_904_919,5,5,0.14262,0.276837,0.02001,0.010558,0.043132,0.43295,0.073892
5182_259_31_373,3,1,0.041502,0.492437,0.027645,0.087122,0.047701,0.169119,0.134474
5182_260_1008_1311,4,1,0.053851,0.407809,0.176697,0.063597,0.144472,0.09243,0.061144
5182_259_1915_2099,4,4,0.008343,0.083848,0.055385,0.142726,0.518928,0.060588,0.130182
5182_260_1679_1872,3,3,0.022931,0.070822,0.053533,0.646403,0.030995,0.024997,0.150319
5182_259_1312_1673,4,5,0.01809,0.205982,0.05812,0.124361,0.041196,0.41461,0.137641
5182_259_941_1004,5,5,0.012955,0.052607,0.081333,0.074574,0.065942,0.482886,0.229703
5182_259_526_690,3,3,0.01415,0.023127,0.018104,0.737701,0.021454,0.112749,0.072715
5182_260_387_506,4,3,0.018355,0.071706,0.038239,0.694931,0.036447,0.030885,0.109437
5182_260_802_919,3,6,0.013895,0.079338,0.046095,0.260965,0.027456,0.057206,0.515044
5182_260_2125_2146,3,3,0.009599,0.010836,0.009313,0.841769,0.007038,0.017898,0.103549
5182_260_715_753,4,1,0.102641,0.340997,0.04601,0.215362,0.066852,0.127715,0.100423
5182_259_774_789,5,5,0.0045,0.048575,0.086852,0.014817,0.014636,0.784125,0.046493
5183_259_31_202,3,3,0.024413,0.016375,0.013247,0.762979,0.049879,0.031759,0.101349
5183_259_1213_1355,5,5,0.015771,0.054133,0.071826,0.153012,0.027588,0.545632,0.132037
5183_260_2038_2118,3,1,0.031731,0.291695,0.074385,0.210791,0.10803,0.059652,0.223717
5183_260_1077_1194,4,3,0.023044,0.167699,0.044951,0.543797,0.040092,0.060552,0.119865
5183_259_1424_1747,3,1,0.136673,0.358372,0.054643,0.084507,0.164281,0.128681,0.072842
5183_260_203_353,3,3,0.005927,0.002896,0.004961,0.91689,0.010911,0.030607,0.027807
5183_260_1789_1828,3,3,0.022726,0.057106,0.015903,0.752304,0.012947,0.098971,0.040043
5183_259_740_1075,4,1,0.047036,0.437392,0.045033,0.152735,0.20844,0.058473,0.050891
5183_260_586_702,4,1,0.109775,0.385898,0.063219,0.176456,0.088194,0.029522,0.146937
5183_260_466_526,4,3,0.098884,0.253432,0.025029,0.49891,0.04922,0.047467,0.027057
5183_259_1842_2033,5,1,0.065929,0.322255,0.054734,0.160428,0.087621,0.067645,0.241387
5183_259_354_431,3,3,0.006508,0.002703,0.004362,0.936069,0.003246,0.033665,0.013448
5183_260_1375_1395,5,5,0.027089,0.065523,0.034452,0.215552,0.012195,0.507742,0.137448
5183_259_560_566,5,5,0.012008,0.05534,0.113886,0.317632,0.028527,0.403848,0.06876
5186_259_31_263,0,0,0.669544,0.285492,0.0082,0.001691,0.008633,0.019646,0.006795
5186_260_1275_1639,0,0,0.710146,0.198151,0.018322,0.008661,0.029416,0.028826,0.006478
5186_259_1671_1787,4,0,0.474966,0.404106,0.027223,0.003119,0.035268,0.034157,0.02116
5186_260_1789_2033,0,0,0.647308,0.198314,0.015716,0.007376,0.018175,0.105016,0.008096
5186_259_2081_2452,4,0,0.714458,0.225146,0.010374,0.004334,0.015802,0.020859,0.009027
5186_260_933_1173,0,0,0.871896,0.083737,0.014513,0.001949,0.014594,0.009922,0.00339
5186_260_318_399,4,1,0.078097,0.75974,0.026164,0.031175,0.044177,0.022579,0.038068
5186_260_601_824,4,6,0.042397,0.23598,0.075331,0.109809,0.252204,0.018748,0.265532
5186_259_405_556,4,0,0.623935,0.318308,0.012307,0.002549,0.018351,0.015245,0.009306
5186_259_1199_1275,2,1,0.151844,0.288374,0.275466,0.005574,0.168104,0.050061,0.060576
5186_259_851_912,0,0,0.740998,0.193312,0.015582,0.001342,0.006573,0.038154,0.004039
5180_260_126_205,6,3,0.010957,0.061614,0.046102,0.725763,0.021501,0.013436,0.120627
5180_259_1247_1354,6,1,0.222322,0.430063,0.040576,0.048081,0.023316,0.029159,0.206484
5180_259_1878_2086,6,5,0.021521,0.230377,0.040919,0.058272,0.02309,0.321592,0.304229
5180_260_1183_1223,3,3,0.011775,0.101035,0.024212,0.699823,0.023453,0.009768,0.129936
5180_259_1553_1722,6,1,0.099386,0.442455,0.051988,0.03031,0.046691,0.110276,0.218895
5180_259_228_542,3,6,0.008139,0.086798,0.039699,0.186261,0.26313,0.036016,0.379956
5180_260_1726_1865,3,3,0.005146,0.013311,0.032272,0.899585,0.00542,0.011062,0.033204
5180_259_1461_1476,6,6,0.160897,0.311853,0.028009,0.053752,0.025232,0.070493,0.349765
5180_260_924_1014,3,3,0.015094,0.050085,0.006581,0.856854,0.009144,0.018825,0.043417
5180_260_584_704,6,3,0.021965,0.066181,0.048618,0.507506,0.027879,0.226615,0.101236
5180_259_1058_1140,3,3,0.037917,0.0365,0.005152,0.832455,0.012726,0.007183,0.068067
5180_259_31_102,6,6,0.01838,0.315158,0.029849,0.043698,0.080093,0.162002,0.35082
5180_260_1492_1531,6,1,0.099659,0.345808,0.100743,0.13105,0.026917,0.009892,0.285931
5180_259_779_910,4,1,0.041238,0.322087,0.083562,0.026094,0.240042,0.216333,0.070645
5180_260_1393_1455,6,1,0.122448,0.429418,0.078759,0.099212,0.037709,0.145134,0.08732
5187_260_31_371,0,0,0.576832,0.340898,0.008149,0.017245,0.02559,0.02315,0.008136
5187_260_1192_1585,4,1,0.092052,0.401842,0.047883,0.025258,0.388808,0.017824,0.026332
5187_259_1855_2071,4,0,0.417995,0.3418,0.016944,0.00212,0.19571,0.019019,0.006412
5187_259_1668_1691,4,4,0.012806,0.041106,0.296871,0.004451,0.625159,0.011836,0.007771
5187_260_927_975,1,1,0.149728,0.764085,0.018554,0.01035,0.03674,0.007493,0.01305
5187_260_521_755,0,0,0.748428,0.181435,0.025242,0.005002,0.015523,0.01603,0.00834
5187_260_1724_1764,4,6,0.067602,0.230397,0.082369,0.145114,0.192673,0.019821,0.262024
5187_259_1035_1058,4,4,0.056829,0.401564,0.062905,0.003422,0.449674,0.011357,0.014249
5187_259_452_487,4,4,0.008288,0.042283,0.07993,0.002061,0.850462,0.004206,0.012771
5187_259_812_887,4,4,0.010872,0.05522,0.251954,0.004883,0.650974,0.017226,0.008871
5189_260_120_208,5,3,0.009371,0.0044,0.045335,0.611412,0.010513,0.168803,0.150167
5189_259_1758_2084,4,4,0.096172,0.133072,0.033344,0.002551,0.713109,0.016792,0.00496
5189_259_1133_1277,4,1,0.066729,0.263662,0.058002,0.126489,0.078294,0.233196,0.173629
5189_260_1606_1717,3,1,0.060268,0.328136,0.103799,0.268302,0.096237,0.034636,0.108621
5189_259_210_387,4,1,0.066022,0.459429,0.021608,0.047049,0.277714,0.013711,0.114467
5189_260_1308_1498,3,3,0.006211,0.08393,0.030702,0.670233,0.01301,0.041955,0.153959
5189_259_729_1031,5,5,0.130984,0.338313,0.07597,0.010763,0.076623,0.342559,0.024788
5189_260_498_692,4,2,0.024227,0.1699,0.362917,0.189736,0.042895,0.155895,0.054431
5189_260_1033_1128,3,3,0.018661,0.120102,0.048885,0.685768,0.024747,0.031417,0.070419
5189_259_446_481,4,6,0.026935,0.146794,0.070435,0.119616,0.104915,0.086101,0.445204
5189_259_31_93,4,1,0.034645,0.638272,0.071587,0.004772,0.214531,0.017441,0.018751
5189_259_1503_1584,4,5,0.012259,0.1,0.058124,0.065789,0.067655,0.585829,0.110344
5189_260_397_432,5,3,0.011485,0.021694,0.049144,0.557772,0.020381,0.081626,0.257898
5191_259_2456_2558,4,2,0.069598,0.117446,0.422325,0.003051,0.324631,0.039894,0.023054
5191_260_115_262,3,3,0.011446,0.016866,0.054688,0.534224,0.114205,0.075689,0.192883
5191_259_1262_1535,0,1,0.207235,0.576268,0.022072,0.008377,0.132794,0.04058,0.012674
5191_260_1134_1262,6,2,0.023791,0.211532,0.353196,0.126618,0.097545,0.101338,0.08598
5191_260_2558_2905,4,1,0.083369,0.428908,0.102066,0.098581,0.157964,0.019101,0.110011
5191_260_618_940,5,3,0.018685,0.181148,0.236994,0.368965,0.052081,0.087314,0.054814
5191_260_2005_2368,3,3,0.024728,0.123057,0.068657,0.650498,0.042848,0.053052,0.037158
5191_259_1065_1134,4,4,0.012353,0.186229,0.104213,0.009565,0.565343,0.052861,0.069436
5191_259_1726_1972,4,2,0.034917,0.188105,0.282514,0.016141,0.235466,0.211462,0.031394
5191_260_1535_1726,5,3,0.031019,0.180473,0.081191,0.620633,0.027386,0.036707,0.022591
5191_260_351_417,3,6,0.060147,0.108706,0.083274,0.153829,0.108096,0.060508,0.42544
5191_259_484_538,0,4,0.051819,0.200961,0.197741,0.012629,0.412704,0.036367,0.087778
5191_259_297_351,6,4,0.008967,0.109365,0.069198,0.117399,0.395362,0.025349,0.27436
5191_259_31_61,4,6,0.023453,0.048815,0.127603,0.132824,0.095468,0.165253,0.406585
5192_259_31_191,6,1,0.094213,0.674214,0.022315,0.004602,0.103137,0.030481,0.071039
5192_260_1236_1404,3,3,0.012313,0.008977,0.016326,0.889937,0.015084,0.008675,0.048688
5192_259_1178_1236,4,4,0.044581,0.250898,0.049653,0.07925,0.388403,0.028459,0.158756
5192_259_1577_1713,3,1,0.047023,0.290557,0.02707,0.136513,0.284446,0.135183,0.079209
5192_260_251_282,3,3,0.013238,0.181887,0.07093,0.357371,0.114889,0.023556,0.23813
5192_260_1435_1577,5,3,0.04338,0.208975,0.030792,0.352087,0.078866,0.071406,0.214494
5192_260_804_1028,3,3,0.036537,0.195218,0.044151,0.381475,0.251969,0.017301,0.073348
5192_260_423_630,3,1,0.133999,0.539015,0.119611,0.104512,0.074122,0.015754,0.012987
5192_259_630_732,4,4,0.032503,0.145014,0.056109,0.006883,0.731395,0.006662,0.021434
5192_259_1404_1435,3,5,0.018711,0.052859,0.037278,0.084243,0.041945,0.737723,0.027241
5192_259_392_423,4,4,0.009891,0.061857,0.061217,0.004434,0.808436,0.009876,0.044289
5193_260_81_292,6,6,0.016515,0.171064,0.041138,0.215312,0.065179,0.010125,0.480666
5193_260_1071_1459,3,3,0.039574,0.216548,0.097484,0.550544,0.02681,0.028435,0.040604
5193_259_1459_1722,6,4,0.036762,0.23763,0.022946,0.136907,0.351964,0.035949,0.177841
5193_260_1722_1869,3,3,0.012187,0.038952,0.072252,0.738298,0.044041,0.014461,0.079809
5193_260_791_975,5,1,0.032879,0.273566,0.147005,0.254217,0.02612,0.037926,0.228287
5193_260_467_621,6,1,0.120327,0.636619,0.044851,0.055965,0.034188,0.081422,0.026629
5193_259_292_351,5,5,0.024553,0.086808,0.056639,0.0411,0.021462,0.569071,0.200367
5193_259_621_791,1,1,0.041875,0.511916,0.043704,0.070477,0.205215,0.025108,0.101705
5193_259_975_1071,6,1,0.157762,0.335282,0.020387,0.159961,0.036922,0.230859,0.058827
5193_259_31_81,6,6,0.035703,0.069301,0.021385,0.070722,0.074298,0.11994,0.608652
5193_259_389_467,1,1,0.068851,0.564853,0.027135,0.062304,0.085398,0.089401,0.102058
5193_259_1869_2038,6,2,0.024393,0.175959,0.413427,0.026105,0.213007,0.053823,0.093287
5193_260_351_389,6,6,0.01696,0.11316,0.029704,0.215574,0.057791,0.019561,0.54725
5197_259_2397_2670,2,1,0.050039,0.33737,0.195366,0.020069,0.318052,0.061324,0.017781
5197_259_31_136,1,4,0.009057,0.115781,0.142328,0.010741,0.548729,0.128,0.045364
5197_259_1811_2318,0,1,0.138271,0.472179,0.024287,0.018355,0.247179,0.026731,0.072998
5197_260_849_1267,0,1,0.057975,0.648154,0.032228,0.041499,0.083182,0.088284,0.048679
5197_259_1304_1712,2,4,0.042379,0.247439,0.025021,0.003964,0.651434,0.008702,0.021061
5197_260_151_293,4,1,0.018152,0.44507,0.023125,0.122007,0.11099,0.045936,0.234719
5197_259_333_596,4,1,0.151327,0.563993,0.01374,0.005722,0.213779,0.030832,0.020606
5197_260_2327_2383,1,1,0.131845,0.47614,0.017719,0.060205,0.03005,0.220904,0.063136
5197_260_1745_1781,1,5,0.015641,0.0244,0.044207,0.031317,0.004592,0.853048,0.026795
5197_260_607_646,1,5,0.045018,0.134418,0.044855,0.070111,0.011026,0.44231,0.252261
5197_259_677_829,0,4,0.043532,0.424576,0.013088,0.014243,0.450194,0.015543,0.038823
5194_259_31_170,4,5,0.037369,0.238975,0.115411,0.018073,0.085351,0.363712,0.14111
5194_260_1196_1316,5,5,0.048495,0.057921,0.015116,0.015289,0.005409,0.836157,0.021613
5194_259_826_1187,3,3,0.032691,0.210582,0.033721,0.298379,0.106479,0.091604,0.226545
5194_259_1667_1712,6,3,0.027009,0.090249,0.032528,0.331537,0.024541,0.280865,0.213269
5194_259_211_438,2,5,0.013175,0.106222,0.019097,0.006874,0.028004,0.805677,0.020951
5194_260_1717_1883,4,5,0.01944,0.183443,0.051703,0.079963,0.058347,0.537045,0.070059
5194_259_1317_1499,3,1,0.218893,0.491529,0.022201,0.013814,0.024726,0.168488,0.060348
5194_259_538_782,3,3,0.026801,0.090229,0.027927,0.496069,0.107091,0.197727,0.054157
5194_260_171_198,1,1,0.106263,0.323656,0.094831,0.080552,0.084898,0.015178,0.294621
5194_260_441_531,4,1,0.08372,0.467975,0.027127,0.010566,0.374948,0.016138,0.019525
5194_260_1502_1666,1,5,0.010273,0.149058,0.173725,0.173009,0.027081,0.309927,0.156928
5194_260_801_824,3,3,0.015253,0.01691,0.015461,0.791168,0.006635,0.114002,0.040572
5194_259_1884_1997,4,1,0.029163,0.409832,0.120474,0.00702,0.370205,0.048736,0.01457
5195_259_115_228,1,4,0.021801,0.280638,0.025916,0.037319,0.362505,0.020178,0.251642
5195_259_1249_1575,0,0,0.4857,0.375009,0.00814,0.004564,0.048767,0.069579,0.008242
5195_260_1059_1215,1,1,0.103039,0.544494,0.06744,0.14561,0.014538,0.099157,0.025722
5195_260_1580_1692,2,3,0.021996,0.144847,0.150244,0.542151,0.070183,0.030012,0.040568
5195_260_240_268,3,3,0.014052,0.049099,0.032047,0.587146,0.004885,0.284766,0.028006
5195_260_852_975,3,1,0.065897,0.465949,0.087443,0.271271,0.016752,0.040316,0.052372
5195_259_288_353,2,1,0.187808,0.482587,0.050929,0.015269,0.110616,0.022899,0.129891
5195_260_612_699,3,3,0.030375,0.170733,0.03502,0.501535,0.065332,0.031878,0.165126
5195_259_976_1058,3,5,0.07013,0.101509,0.028954,0.198919,0.00921,0.568691,0.022587
5195_259_465_552,3,1,0.07002,0.595174,0.016988,0.078368,0.136584,0.008231,0.094636
5195_260_31_96,3,3,0.01773,0.097773,0.121032,0.321337,0.036386,0.114355,0.291388
5195_259_713_850,3,5,0.031824,0.198581,0.122199,0.018512,0.199042,0.313136,0.116707
5195_260_358_414,3,3,0.100465,0.276444,0.022951,0.446037,0.011251,0.100804,0.042047
5200_259_1128_1313,4,4,0.013623,0.121905,0.036634,0.013377,0.700091,0.008322,0.106049
5200_260_1633_1718,2,1,0.039978,0.371703,0.122052,0.015645,0.063268,0.354194,0.03316
5200_259_207_368,6,4,0.025523,0.212836,0.0715,0.050297,0.338287,0.054586,0.246971
5200_259_1761_1867,4,4,0.004043,0.125658,0.027007,0.005294,0.783583,0.004633,0.049781
5200_259_1411_1598,1,1,0.196346,0.535662,0.012887,0.005424,0.208706,0.005844,0.03513
5200_259_778_934,6,1,0.05298,0.313445,0.062156,0.011104,0.295042,0.023201,0.242072
5200_260_950_1039,4,6,0.033783,0.061352,0.085236,0.09415,0.087394,0.015729,0.622356
5200_260_1342_1371,2,5,0.0705,0.249746,0.127468,0.026106,0.006971,0.504812,0.014397
5200_260_391_604,0,1,0.301894,0.445649,0.027961,0.016006,0.01791,0.13909,0.05149
5200_260_132_195,1,5,0.029737,0.066568,0.054933,0.18588,0.011961,0.594035,0.056885
5200_259_627_702,6,1,0.073959,0.377515,0.018828,0.006854,0.15745,0.014848,0.350546
5200_259_31_111,1,6,0.049325,0.259367,0.031487,0.031979,0.229925,0.016109,0.381809
5200_260_712_762,0,1,0.094956,0.54788,0.052391,0.025499,0.035929,0.064395,0.17895
5199_259_31_160,4,1,0.085594,0.518857,0.068047,0.041856,0.168555,0.054795,0.062297
5199_259_1211_1296,1,1,0.00953,0.529511,0.025427,0.036151,0.296942,0.020571,0.081868
5199_260_995_1184,1,5,0.053035,0.241846,0.039154,0.042436,0.049864,0.534746,0.03892
5199_259_1521_1800,2,1,0.134793,0.541983,0.024624,0.052653,0.025779,0.156395,0.063773
5199_260_175_300,3,5,0.07485,0.339374,0.046677,0.095369,0.022602,0.38655,0.034578
5199_260_1322_1500,3,1,0.032237,0.346588,0.043467,0.231912,0.054785,0.049638,0.241373
5199_260_507_617,3,1,0.022783,0.341381,0.037316,0.249393,0.053321,0.094938,0.200867
5199_259_308_504,1,1,0.133828,0.718427,0.030002,0.006047,0.009652,0.080522,0.021523
5199_259_631_654,1,5,0.017684,0.045458,0.02599,0.014529,0.009269,0.864447,0.022624
5199_260_658_833,3,5,0.243531,0.212594,0.03301,0.119857,0.023765,0.350079,0.017164
5199_259_1891_1957,4,1,0.09105,0.708282,0.009845,0.018985,0.104674,0.011773,0.055392
5199_260_1824_1870,4,1,0.071256,0.361986,0.052737,0.086805,0.024257,0.183592,0.219367
5199_259_857_926,0,1,0.258397,0.686749,0.008215,0.006275,0.020974,0.006643,0.012746
123_8_2371_2493,6,1,0.057626,0.242674,0.082401,0.234249,0.140341,0.031041,0.211669
123_8_78_219,6,5,0.009524,0.021226,0.020181,0.042875,0.018471,0.815751,0.071972
123_7_1200_1318,3,3,0.039606,0.182929,0.051737,0.429693,0.029472,0.18584,0.080723
123_8_1047_1199,1,2,0.086465,0.2012,0.237521,0.141687,0.193114,0.054618,0.085395
123_7_228_370,6,5,0.0408,0.081708,0.022394,0.060223,0.025901,0.714966,0.054008
123_7_2875_2961,1,5,0.015658,0.034869,0.025514,0.153714,0.037792,0.724106,0.008348
123_8_2634_2850,0,0,0.447701,0.244034,0.112158,0.020681,0.061096,0.078616,0.035713
123_7_1453_1667,3,3,0.113103,0.153831,0.031644,0.571579,0.033466,0.047576,0.048803
123_7_2502_2619,3,3,0.045272,0.075288,0.053898,0.63629,0.042329,0.022709,0.124213
123_7_871_1022,1,1,0.171695,0.314294,0.053091,0.210014,0.042847,0.172803,0.035256
123_8_1969_2171,0,0,0.459175,0.088758,0.049239,0.115589,0.023727,0.253415,0.010098
123_8_1673_1763,1,1,0.054388,0.631617,0.044199,0.158736,0.022139,0.04536,0.043561
123_8_598_850,1,0,0.428193,0.162169,0.048765,0.025992,0.089815,0.21285,0.032216
123_7_2198_2367,3,3,0.114457,0.081607,0.041363,0.582743,0.039076,0.0561,0.084654
123_7_1785_1968,6,3,0.027679,0.146458,0.016215,0.706142,0.014911,0.042384,0.046211
123_8_1352_1430,1,1,0.153218,0.336472,0.082665,0.016227,0.131297,0.238336,0.041784
123_8_2962_3023,0,0,0.706382,0.085826,0.11546,0.0095,0.013033,0.055176,0.014622
123_7_487_584,6,1,0.02543,0.304678,0.110343,0.219289,0.088928,0.022313,0.229018
123_8_381_477,1,5,0.032046,0.065172,0.024061,0.085015,0.029194,0.735139,0.029373
123_7_31_73,6,5,0.038184,0.051909,0.027681,0.2426,0.039275,0.359635,0.240716
130_8_127_246,5,5,0.003304,0.008886,0.007976,0.021723,0.008383,0.935375,0.014352
130_8_1238_1363,2,5,0.024347,0.172392,0.142929,0.178979,0.048692,0.245482,0.187179
130_8_1996_2190,3,3,0.020501,0.019202,0.019859,0.744689,0.014601,0.146743,0.034405
130_7_1101_1238,6,3,0.013585,0.033349,0.021896,0.691988,0.044442,0.018999,0.175741
130_7_1658_1762,1,6,0.030169,0.184995,0.067321,0.198005,0.212363,0.054665,0.252481
130_7_246_353,6,3,0.023384,0.018371,0.019545,0.583545,0.040079,0.015854,0.299223
130_8_1769_1909,2,3,0.031101,0.04292,0.028425,0.706955,0.050016,0.057281,0.083303
130_7_1398_1486,2,1,0.124383,0.400974,0.087212,0.041748,0.262053,0.030135,0.053494
130_7_2191_2294,3,3,0.010618,0.011171,0.011889,0.730841,0.023312,0.057264,0.154905
130_7_31_126,3,3,0.011826,0.004657,0.014374,0.79787,0.034908,0.026412,0.109953
130_7_836_1005,1,3,0.040482,0.15554,0.017987,0.428686,0.108266,0.0828,0.166239
130_8_2305_2427,3,3,0.021857,0.023216,0.009064,0.842497,0.018077,0.017044,0.068246
130_7_599_727,1,3,0.022492,0.124723,0.077962,0.428277,0.230124,0.027035,0.089387
130_8_1010_1100,1,3,0.029258,0.054581,0.009125,0.728878,0.012993,0.036682,0.128482
130_7_410_499,6,3,0.029706,0.053133,0.02214,0.6226,0.045388,0.039162,0.187872
130_8_1495_1653,2,3,0.018673,0.037731,0.022875,0.692885,0.032523,0.129488,0.065825
130_8_727_833,3,3,0.008588,0.001574,0.003777,0.88514,0.003831,0.095155,0.001935
130_8_359_405,3,3,0.016729,0.020833,0.016286,0.706635,0.008611,0.214914,0.015992
130_7_1910_1996,6,3,0.063836,0.230459,0.023952,0.374664,0.086022,0.01939,0.201677
130_8_508_590,5,3,0.015847,0.009285,0.01006,0.786041,0.009554,0.12568,0.043532
132_7_31_139,6,5,0.080025,0.16548,0.090067,0.076201,0.15255,0.311883,0.123795
132_7_1231_1373,3,5,0.008489,0.040063,0.027007,0.242173,0.020753,0.590685,0.07083
132_8_1925_2088,6,5,0.07869,0.230523,0.078511,0.067799,0.015954,0.516189,0.012334
132_8_1605_1775,1,5,0.091689,0.172642,0.106204,0.078485,0.032001,0.414774,0.104206
132_7_1784_1925,1,1,0.143559,0.452465,0.082772,0.071295,0.093289,0.033039,0.123581
132_8_1387_1539,6,3,0.00862,0.022949,0.031524,0.733326,0.008247,0.14527,0.050064
132_8_807_929,6,5,0.038061,0.024103,0.005459,0.006915,0.008741,0.901951,0.014771
132_7_951_1086,1,1,0.079201,0.525713,0.105522,0.04323,0.142132,0.077726,0.026476
132_8_146_229,6,5,0.031091,0.029309,0.0097,0.044689,0.013323,0.820561,0.051328
132_8_1102_1182,6,5,0.04206,0.138257,0.088509,0.226627,0.019684,0.397082,0.087781
132_7_256_405,4,1,0.050399,0.515063,0.106255,0.023675,0.147121,0.047039,0.110448
132_7_593_769,6,5,0.041772,0.128981,0.057325,0.202243,0.041015,0.277374,0.25129
132_8_426_550,1,6,0.103595,0.209424,0.036171,0.179305,0.071152,0.029419,0.370935
132_7_2097_2212,1,4,0.011806,0.140461,0.060892,0.023169,0.618276,0.009398,0.135997
132_7_1545_1595,5,5,0.017295,0.034453,0.015902,0.017963,0.011323,0.848663,0.0544
132_8_2222_2298,6,6,0.033838,0.164612,0.064229,0.223133,0.088243,0.040793,0.385151
136_8_120_170,5,5,0.006275,0.021351,0.026435,0.032205,0.008405,0.878234,0.027096
136_7_1171_1329,6,1,0.027126,0.416949,0.043113,0.052174,0.071577,0.21229,0.176772
136_7_1528_1746,3,3,0.011706,0.11294,0.212965,0.402232,0.046331,0.116271,0.097556
136_8_243_297,6,2,0.035408,0.255441,0.282137,0.045225,0.069617,0.271585,0.040587
136_8_1755_1873,3,3,0.013679,0.008753,0.00807,0.909925,0.009302,0.023446,0.026825
136_8_1360_1506,4,5,0.01203,0.064957,0.050035,0.193891,0.021623,0.488282,0.169181
136_7_825_1000,6,1,0.029587,0.547807,0.062104,0.022638,0.026027,0.248201,0.063636
136_7_185_223,5,5,0.038948,0.101942,0.20543,0.025869,0.019833,0.580404,0.027575
136_8_513_699,1,5,0.007843,0.032358,0.028088,0.061093,0.015775,0.832614,0.022228
136_8_1003_1169,4,5,0.004827,0.023779,0.011389,0.016235,0.023733,0.910381,0.009655
136_7_297_488,5,5,0.011197,0.239964,0.277078,0.013895,0.025925,0.416223,0.015718
136_7_31_117,6,5,0.010365,0.103641,0.079158,0.036224,0.033961,0.668454,0.068196
136_7_1888_1978,3,3,0.007417,0.009737,0.010747,0.87767,0.016184,0.014901,0.063343
136_7_699_753,5,5,0.008372,0.037307,0.099994,0.126325,0.02104,0.662076,0.044885
136_8_769_820,5,5,0.041889,0.056515,0.02728,0.020492,0.012042,0.829315,0.012467
137_7_2391_2507,6,3,0.009631,0.041857,0.037731,0.57295,0.029187,0.223686,0.084958
137_8_1031_1328,3,3,0.015864,0.046785,0.020523,0.646042,0.013914,0.049321,0.207552
137_7_212_302,6,1,0.009424,0.289993,0.260089,0.107036,0.064765,0.107548,0.161145
137_8_2864_3077,3,3,0.019024,0.016556,0.022884,0.830159,0.008869,0.037562,0.064947
137_7_2703_2858,6,6,0.008878,0.176476,0.077165,0.140098,0.084039,0.140365,0.37298
137_7_1328_1596,5,3,0.01304,0.094515,0.169941,0.346764,0.059187,0.133067,0.183487
137_8_3472_3576,3,3,0.015686,0.009325,0.025533,0.877644,0.01709,0.02568,0.029043
137_7_3090_3224,6,1,0.082434,0.275678,0.049028,0.189015,0.115458,0.060111,0.228275
137_8_3230_3323,6,3,0.010067,0.012362,0.02003,0.759693,0.006045,0.104801,0.087002
137_8_2507_2702,6,3,0.015882,0.015591,0.017866,0.754447,0.007768,0.067867,0.12058
137_7_923_1031,5,1,0.038863,0.42744,0.18595,0.025788,0.048725,0.130509,0.142726
137_7_3324_3472,3,3,0.010442,0.005425,0.009078,0.913315,0.009378,0.018221,0.034142
137_8_131_205,3,3,0.008459,0.003232,0.00544,0.839767,0.003827,0.114532,0.024744
137_8_1973_2164,3,3,0.012692,0.007783,0.009733,0.879798,0.006524,0.029252,0.054217
137_8_1596_1844,6,3,0.011602,0.003995,0.012393,0.891756,0.006001,0.046639,0.027613
137_7_583_672,5,5,0.009611,0.147258,0.174918,0.081675,0.086278,0.282976,0.217285
137_8_2280_2391,6,3,0.014391,0.008926,0.011778,0.882014,0.010771,0.020824,0.051296
137_7_2165_2279,5,5,0.006579,0.04773,0.067964,0.207065,0.017315,0.527472,0.125875
137_7_1859_1973,5,5,0.017747,0.099909,0.018512,0.062626,0.016225,0.704332,0.080649
137_7_79_119,6,3,0.011327,0.006864,0.011984,0.889765,0.006199,0.030429,0.043432
137_8_675_891,3,3,0.012262,0.012621,0.010883,0.841955,0.006185,0.026781,0.089313
137_8_308_564,3,3,0.01307,0.003438,0.009971,0.890718,0.010921,0.047006,0.024876
137_8_31_78,3,3,0.009324,0.002221,0.007023,0.909425,0.004754,0.050597,0.016657
201_12_1205_1249,3,3,0.010115,0.019898,0.01836,0.853358,0.014854,0.017206,0.066209
201_12_93_238,3,3,0.015538,0.007471,0.025708,0.698462,0.021973,0.210865,0.019982
201_11_1138_1204,3,6,0.065709,0.152529,0.152553,0.2223,0.079492,0.023391,0.304027
201_11_795_935,6,3,0.007992,0.009297,0.013331,0.881821,0.026355,0.012676,0.048528
201_11_31_93,3,3,0.023866,0.044361,0.145742,0.566458,0.034195,0.05728,0.128098
201_12_937_1010,3,3,0.01598,0.009024,0.010036,0.870935,0.014666,0.041557,0.037802
201_12_645_779,6,3,0.013206,0.016138,0.022656,0.811737,0.040119,0.019047,0.077098
201_11_238_395,3,3,0.09778,0.083931,0.05899,0.436847,0.044186,0.188776,0.08949
201_11_1024_1057,6,3,0.02495,0.059469,0.087771,0.585914,0.011568,0.097216,0.133111
201_12_403_461,3,3,0.017893,0.025663,0.040937,0.728941,0.059072,0.011336,0.116158
201_11_579_644,5,3,0.006792,0.004345,0.015152,0.765885,0.020947,0.145968,0.040911
201_12_1057_1093,3,3,0.060275,0.065952,0.034535,0.504324,0.040208,0.015119,0.279586
201_11_465_504,3,3,0.011337,0.005338,0.024942,0.842981,0.019355,0.075568,0.020478
201_12_504_571,3,3,0.035141,0.01501,0.006275,0.871035,0.017754,0.014715,0.040069
202_12_1282_1320,5,5,0.025011,0.045514,0.019441,0.030714,0.022525,0.803725,0.05307
202_12_944_1210,6,3,0.020216,0.032893,0.029184,0.73148,0.03333,0.021447,0.131452
202_11_1631_1734,3,3,0.021863,0.005547,0.028231,0.786804,0.028039,0.12261,0.006905
202_11_195_261,1,6,0.049293,0.065225,0.0343,0.339948,0.030073,0.115806,0.365356
202_12_1399_1601,6,3,0.152472,0.197127,0.064094,0.314326,0.036273,0.077518,0.158189
202_11_611_944,2,0,0.57899,0.216909,0.04281,0.021959,0.046665,0.077018,0.015649
202_11_1324_1398,6,0,0.529823,0.193252,0.027406,0.151087,0.019909,0.049059,0.029465
202_12_571_609,6,6,0.043273,0.125558,0.038054,0.319046,0.061797,0.047251,0.365021
202_12_155_191,6,5,0.032674,0.039026,0.024882,0.067328,0.015859,0.782464,0.037766
202_11_312_406,1,0,0.378851,0.271139,0.032787,0.104006,0.01554,0.162398,0.035278
202_12_431_489,1,3,0.159247,0.064003,0.028492,0.381761,0.019543,0.251122,0.095834
202_11_31_116,1,0,0.637696,0.104906,0.034814,0.075837,0.015195,0.110334,0.021218
202_11_1223_1274,6,0,0.55121,0.192826,0.039499,0.065992,0.018204,0.088586,0.043681
202_11_489_570,1,3,0.216684,0.151859,0.0135,0.492955,0.012355,0.066189,0.046459
202_12_265_311,6,5,0.004316,0.010466,0.019595,0.05738,0.007742,0.872119,0.028381
205_12_1262_1308,0,0,0.7813,0.051795,0.024705,0.010351,0.009256,0.116464,0.00613
205_11_1095_1230,0,0,0.866935,0.097911,0.006821,0.011647,0.004691,0.00723,0.004766
205_12_243_389,3,3,0.009155,0.018996,0.018001,0.571711,0.017104,0.352124,0.012908
205_11_844_939,1,0,0.626003,0.197808,0.025636,0.043868,0.018464,0.077063,0.011158
205_12_942_1091,1,1,0.237716,0.472979,0.051387,0.068661,0.029528,0.112427,0.027302
205_11_197_243,1,5,0.306402,0.189297,0.024237,0.073712,0.006969,0.364458,0.034926
205_11_1308_1390,0,0,0.882348,0.062981,0.014741,0.004948,0.006559,0.024333,0.004091
205_11_535_687,1,3,0.043851,0.265988,0.035571,0.496804,0.038603,0.065523,0.05366
205_12_160_187,6,3,0.016447,0.028443,0.050378,0.568009,0.019942,0.277022,0.039759
205_12_451_485,3,3,0.010279,0.023043,0.011473,0.744125,0.010832,0.180427,0.01982
205_11_31_90,0,0,0.463027,0.045291,0.069166,0.231535,0.014677,0.144291,0.032011
205_11_396_451,2,5,0.012649,0.019977,0.020418,0.076084,0.009043,0.823031,0.038798
205_11_1470_1517,1,0,0.70619,0.180347,0.009306,0.042994,0.00395,0.042997,0.014216
205_12_687_844,3,3,0.020118,0.034675,0.012927,0.734477,0.023272,0.062396,0.112136
205_12_1396_1460,1,0,0.870655,0.073795,0.00965,0.003,0.00821,0.030109,0.00458
209_12_1211_1595,3,3,0.015542,0.009197,0.01005,0.894569,0.01695,0.028671,0.025021
209_11_1042_1211,1,0,0.49406,0.181631,0.019361,0.084497,0.016323,0.192013,0.012114
209_11_1595_1691,1,1,0.068359,0.391351,0.047264,0.0743,0.37207,0.021615,0.025041
209_12_204_365,6,3,0.013391,0.03389,0.0204,0.601038,0.020634,0.250207,0.060439
209_11_1748_1803,0,0,0.36553,0.318476,0.050146,0.13855,0.028065,0.055779,0.043454
209_12_897_960,6,3,0.041634,0.091561,0.031623,0.432675,0.108394,0.039281,0.254832
209_11_155_204,6,1,0.155796,0.60513,0.02714,0.118172,0.022778,0.051468,0.019515
209_11_552_658,1,1,0.350052,0.520524,0.009876,0.059263,0.017184,0.036192,0.006909
209_12_1010_1042,6,1,0.162828,0.26096,0.046359,0.141694,0.0598,0.166095,0.162266
209_11_410_506,6,3,0.054267,0.333636,0.029187,0.417517,0.034641,0.079923,0.050829
209_12_31_106,3,3,0.016308,0.04951,0.018363,0.539744,0.043271,0.139915,0.192888
209_12_744_843,6,3,0.031654,0.062949,0.016623,0.722301,0.033881,0.035152,0.097441
209_12_658_704,3,5,0.032052,0.078463,0.130351,0.110118,0.179694,0.30293,0.166392
209_11_704_744,1,5,0.240187,0.115732,0.020152,0.020269,0.008687,0.558382,0.036591
209_12_1691_1748,6,3,0.028035,0.071617,0.021982,0.714195,0.053112,0.014492,0.096567
209_12_506_552,1,1,0.180352,0.626288,0.02193,0.035134,0.015087,0.081356,0.039851
209_11_960_1010,5,5,0.136199,0.056401,0.026519,0.082665,0.02392,0.6468,0.027497
209_11_882_897,1,5,0.066232,0.126386,0.043538,0.113825,0.053608,0.429074,0.167336
366_20_1116_1244,1,1,0.218218,0.27049,0.014613,0.249026,0.032598,0.179323,0.035732
366_20_108_230,3,3,0.027021,0.028548,0.010077,0.694457,0.036095,0.041988,0.161814
366_19_1258_1290,3,3,0.033964,0.0844,0.039915,0.476689,0.042669,0.012578,0.309785
366_19_779_827,3,5,0.071838,0.123152,0.024148,0.085573,0.017674,0.533919,0.143695
366_19_31_106,3,3,0.034162,0.03944,0.045479,0.532075,0.031126,0.070884,0.246834
366_20_832_1049,3,3,0.012898,0.014083,0.013171,0.612153,0.056134,0.203934,0.087627
366_20_685_773,1,3,0.059917,0.196749,0.030211,0.283335,0.101692,0.224322,0.103773
366_19_246_306,3,3,0.052593,0.147186,0.073868,0.440498,0.081226,0.013414,0.191214
366_20_318_545,2,5,0.027116,0.027679,0.028983,0.205315,0.04059,0.647304,0.023012
366_19_553_676,3,3,0.019058,0.055341,0.021357,0.444811,0.035758,0.02979,0.393885
366_19_1059_1101,2,6,0.063449,0.158911,0.103135,0.237831,0.025984,0.170029,0.240661
372_19_126_179,3,6,0.014704,0.018615,0.00746,0.410957,0.015987,0.010832,0.521445
372_20_1141_1182,6,6,0.142346,0.212317,0.034889,0.221034,0.141224,0.018541,0.229649
372_19_631_823,1,1,0.108666,0.411945,0.020982,0.141301,0.216969,0.017485,0.082652
372_20_31_112,5,5,0.069995,0.045842,0.04827,0.229649,0.037658,0.43196,0.136627
372_20_962_1040,6,3,0.044635,0.044782,0.038711,0.530887,0.067342,0.098128,0.175515
372_20_186_263,5,5,0.009737,0.008982,0.010302,0.402425,0.017892,0.543656,0.007005
372_19_277_419,3,0,0.374485,0.365666,0.013951,0.159898,0.017177,0.052382,0.016441
372_19_885_949,6,3,0.129497,0.099557,0.016472,0.638546,0.031558,0.0453,0.03907
372_20_435_611,6,1,0.409269,0.437454,0.005887,0.035011,0.068924,0.027818,0.015637
372_19_1048_1117,3,3,0.076031,0.080273,0.019063,0.568047,0.024701,0.138655,0.09323
372_20_836_876,1,3,0.031237,0.061231,0.053688,0.611346,0.127237,0.073907,0.041354
377_19_31_158,6,3,0.008241,0.004706,0.015709,0.845245,0.015739,0.03252,0.077841
377_19_1296_1445,3,0,0.447671,0.241764,0.02114,0.110799,0.027646,0.082965,0.068013
377_20_1101_1275,5,5,0.014932,0.048955,0.0112,0.017262,0.106487,0.78031,0.020853
377_20_184_311,1,5,0.11057,0.184858,0.009248,0.137674,0.228397,0.287713,0.04154
377_20_1461_1593,6,1,0.229678,0.312277,0.014457,0.03942,0.16025,0.230493,0.013425
377_19_880_1087,3,3,0.012169,0.009705,0.008949,0.860668,0.024432,0.015392,0.068686
377_19_548_636,6,3,0.037668,0.057763,0.019681,0.527393,0.045176,0.035112,0.277207
377_20_445_529,6,4,0.04027,0.078907,0.014984,0.031745,0.556654,0.231687,0.045754
377_20_652_865,5,5,0.00848,0.025129,0.012127,0.111665,0.161713,0.660598,0.020288
377_19_335_425,6,0,0.329963,0.135559,0.028077,0.218895,0.033958,0.103775,0.149774
383_19_31_144,3,3,0.025203,0.184206,0.128047,0.25732,0.060817,0.130838,0.213568
383_19_1270_1431,4,1,0.022991,0.428654,0.047786,0.04054,0.152313,0.085029,0.222687
383_19_1570_1749,6,6,0.008551,0.177017,0.052974,0.065604,0.089938,0.024592,0.581323
383_20_161_350,6,5,0.011695,0.045552,0.032779,0.026371,0.064265,0.777771,0.041568
383_19_1815_1880,3,1,0.030543,0.355693,0.073055,0.105393,0.154839,0.005141,0.275337
383_20_1444_1544,6,5,0.027803,0.163493,0.051323,0.072057,0.243496,0.327369,0.114459
383_19_904_1174,1,1,0.056635,0.491205,0.032514,0.027066,0.05969,0.044525,0.288363
383_20_571_888,1,1,0.134893,0.37471,0.016527,0.113205,0.240783,0.097365,0.022517
383_20_1756_1790,6,4,0.004373,0.027664,0.024298,0.049381,0.806938,0.009807,0.077538
383_19_381_554,6,1,0.057691,0.557644,0.042054,0.02755,0.046435,0.157675,0.110952
383_20_1191_1256,6,3,0.013738,0.054134,0.057097,0.29699,0.107253,0.190145,0.280643
383_20_1896_2015,3,3,0.011862,0.055369,0.016097,0.444684,0.137765,0.084573,0.249649
390_20_1096_1275,3,3,0.032639,0.021164,0.014216,0.61361,0.051129,0.189655,0.077587
390_20_1399_1696,3,3,0.033263,0.013459,0.010283,0.717719,0.026535,0.157888,0.040853
390_19_143_285,3,6,0.030276,0.103869,0.01426,0.212306,0.040196,0.029642,0.569452
390_19_1726_1810,3,1,0.05522,0.567111,0.048088,0.229158,0.034453,0.032334,0.033636
390_20_763_977,3,3,0.010561,0.004132,0.004865,0.547962,0.012193,0.416244,0.004044
390_19_1297_1375,3,3,0.12392,0.384178,0.02494,0.385694,0.017917,0.028975,0.034378
390_20_563_634,6,3,0.069441,0.212559,0.071375,0.232538,0.187341,0.038224,0.188522
390_20_300_368,6,3,0.015264,0.036562,0.020727,0.587331,0.057954,0.040354,0.241808
390_19_1007_1080,0,1,0.189269,0.369547,0.02555,0.194328,0.053032,0.116916,0.051359
390_19_397_546,1,6,0.027938,0.098519,0.064552,0.224356,0.071401,0.051533,0.4617
390_20_31_115,3,3,0.00606,0.003876,0.013406,0.83904,0.016528,0.019882,0.101207
390_19_678_756,3,3,0.029163,0.066333,0.0426,0.599461,0.057597,0.047258,0.157589
392_20_126_321,5,3,0.019726,0.054456,0.04418,0.631141,0.041932,0.159943,0.048622
392_20_1117_1330,3,3,0.021644,0.050243,0.016793,0.672824,0.040552,0.167294,0.03065
392_20_1446_1582,3,3,0.013367,0.009583,0.021047,0.853738,0.016717,0.063143,0.022404
392_19_866_1107,3,3,0.025455,0.03882,0.019101,0.680626,0.046622,0.150921,0.038456
392_19_1346_1445,3,3,0.013056,0.006407,0.01661,0.652089,0.012867,0.289638,0.009333
392_19_599_754,3,3,0.164742,0.163139,0.011926,0.498681,0.057422,0.071765,0.032325
392_20_459_569,1,5,0.045327,0.192087,0.047602,0.163575,0.024699,0.33374,0.192969
392_19_31_110,3,3,0.008877,0.001659,0.01204,0.687709,0.007496,0.27562,0.0066
392_19_347_452,3,3,0.051642,0.191766,0.009887,0.543406,0.064248,0.099925,0.039125
392_20_769_815,1,1,0.318744,0.46836,0.010072,0.144373,0.017616,0.024852,0.015983
396_19_31_153,3,3,0.051941,0.048479,0.03739,0.446299,0.030446,0.104231,0.281215
396_19_1295_1390,4,1,0.012703,0.338541,0.205297,0.067862,0.22992,0.016412,0.129266
396_20_1156_1285,5,5,0.006818,0.033559,0.192148,0.054568,0.063404,0.638388,0.011115
396_20_173_377,3,3,0.027273,0.052643,0.034818,0.573288,0.097519,0.038777,0.175681
396_20_1396_1666,4,3,0.018177,0.066718,0.065481,0.459815,0.248576,0.019165,0.122068
396_20_810_988,4,3,0.019918,0.015905,0.013467,0.8255,0.025093,0.012621,0.087495
396_20_540_643,4,6,0.10827,0.241049,0.048591,0.192572,0.120417,0.038058,0.251043
396_19_1001_1147,1,3,0.038708,0.046546,0.149373,0.347558,0.104226,0.195269,0.118321
396_19_385_524,3,3,0.018635,0.033456,0.027066,0.622688,0.050675,0.164466,0.083015
396_19_670_801,3,1,0.199803,0.331761,0.052143,0.119968,0.092766,0.033747,0.169811
618_31_1247_1449,5,3,0.010285,0.009051,0.020293,0.545583,0.021141,0.361579,0.032068
618_32_1067_1241,6,5,0.05989,0.031258,0.020443,0.050495,0.032182,0.448667,0.357065
618_31_2514_2703,3,3,0.012673,0.007037,0.010642,0.876729,0.016981,0.011052,0.064886
618_31_920_980,1,3,0.033781,0.101057,0.040781,0.43763,0.043785,0.012103,0.330863
618_32_137_254,5,5,0.041624,0.053283,0.19346,0.090976,0.048043,0.415656,0.156957
618_31_1809_2334,6,3,0.04189,0.066441,0.023822,0.586886,0.054548,0.029306,0.197108
618_32_1570_1807,5,3,0.016247,0.016274,0.02586,0.417091,0.023294,0.396109,0.105124
618_32_540_890,6,3,0.021612,0.046309,0.079202,0.592966,0.10628,0.073457,0.080173
618_32_2372_2477,6,6,0.188643,0.130316,0.014335,0.266667,0.035674,0.031959,0.332406
618_31_273_526,6,3,0.015064,0.049343,0.054962,0.644281,0.092847,0.053805,0.089698
618_31_31_107,6,6,0.019918,0.022955,0.072914,0.108837,0.019308,0.254774,0.501294
618_32_2730_2745,3,3,0.03023,0.035711,0.074872,0.568182,0.051812,0.023344,0.215849
624_31_31_244,2,4,0.041907,0.211328,0.080167,0.140571,0.427309,0.059696,0.039022
624_32_1048_1434,6,5,0.079101,0.190715,0.214761,0.102307,0.056832,0.259283,0.097
624_31_2047_2116,1,1,0.23359,0.329738,0.035206,0.130822,0.023862,0.08229,0.164492
624_31_1480_1733,1,0,0.243967,0.221054,0.096398,0.067886,0.099442,0.237741,0.033512
624_32_1772_2031,0,0,0.466811,0.446452,0.010599,0.022737,0.026499,0.007739,0.019162
624_32_2132_2349,1,0,0.583204,0.106944,0.17443,0.026906,0.0464,0.040221,0.021896
624_32_691_965,1,4,0.037325,0.231076,0.057039,0.041361,0.519004,0.019367,0.094828
624_31_414_676,6,1,0.05258,0.46943,0.056692,0.075895,0.181881,0.026617,0.136904
624_32_268_397,6,1,0.066726,0.230414,0.207115,0.079032,0.176926,0.056444,0.183342
624_31_990_1031,1,1,0.093674,0.667542,0.033339,0.041771,0.12774,0.006645,0.029289
628_31_31_164,5,5,0.031883,0.009076,0.014654,0.313864,0.010858,0.605869,0.013797
628_32_1125_1364,6,3,0.022109,0.037003,0.034641,0.726274,0.028461,0.009647,0.141864
628_32_1973_2048,6,3,0.010534,0.004791,0.018272,0.901002,0.006385,0.043461,0.015555
628_32_1619_1815,6,3,0.115857,0.087205,0.012701,0.67001,0.019645,0.081756,0.012824
628_32_170_329,3,3,0.02254,0.014743,0.038397,0.718216,0.047906,0.080296,0.077902
628_31_1364_1618,1,5,0.138729,0.129679,0.065251,0.094549,0.051176,0.430333,0.090283
628_31_878_1074,6,3,0.036018,0.074035,0.023601,0.632661,0.017318,0.038477,0.177889
628_31_331_705,3,3,0.101998,0.223449,0.04178,0.372097,0.082694,0.053434,0.124547
628_32_713_852,6,3,0.031596,0.027314,0.009857,0.795287,0.04754,0.008645,0.079761
628_31_1852_1972,6,3,0.074434,0.010831,0.023877,0.814482,0.02408,0.025449,0.026847
630_32_118_234,5,5,0.12121,0.08128,0.049815,0.169931,0.047227,0.390635,0.139902
630_31_1024_1352,6,6,0.044437,0.10537,0.024243,0.29362,0.094784,0.006385,0.43116
630_32_1856_2206,3,3,0.094558,0.033322,0.028833,0.583986,0.024421,0.116332,0.118548
630_32_1353_1786,6,1,0.167818,0.302092,0.059341,0.174584,0.053482,0.106261,0.136422
630_31_1798_1856,6,3,0.032422,0.016555,0.011642,0.715384,0.025533,0.014971,0.183494
630_32_807_994,6,1,0.076702,0.312917,0.124479,0.11329,0.081314,0.123397,0.167901
630_31_522_807,1,1,0.093849,0.346186,0.057661,0.092825,0.201404,0.050182,0.157894
630_31_263_366,4,3,0.054367,0.137093,0.023666,0.377598,0.125421,0.007262,0.274593
630_32_374_496,5,0,0.652661,0.113723,0.00975,0.008115,0.012988,0.198528,0.004235
630_31_31_115,6,3,0.023065,0.013943,0.055831,0.722375,0.026686,0.046383,0.111717
633_32_2472_2897,1,1,0.351199,0.441899,0.036837,0.013595,0.099675,0.013202,0.043592
633_31_31_243,3,3,0.023051,0.008113,0.021216,0.789863,0.058642,0.038279,0.060835
633_32_956_1504,1,1,0.167729,0.48479,0.100754,0.018153,0.034558,0.083408,0.110608
633_32_245_586,6,4,0.023737,0.261327,0.089222,0.162969,0.274805,0.023825,0.164116
633_32_3044_3171,6,4,0.061547,0.254955,0.02197,0.021613,0.47733,0.005281,0.157304
633_31_2931_3022,4,4,0.02368,0.186691,0.167045,0.090265,0.344842,0.011291,0.176187
633_31_1558_1785,2,4,0.05949,0.1972,0.157199,0.051282,0.31041,0.08121,0.143209
633_31_620_916,6,4,0.071146,0.139387,0.180508,0.04829,0.438309,0.022171,0.100189
633_31_2264_2452,6,6,0.021672,0.085147,0.143429,0.097866,0.071525,0.07989,0.500471
633_32_1823_1982,1,0,0.465955,0.321756,0.033824,0.010182,0.02071,0.127967,0.019607
640_32_119_407,6,3,0.039418,0.096878,0.02735,0.681878,0.019255,0.027069,0.108152
640_31_1175_1431,5,5,0.083829,0.044057,0.076192,0.223048,0.063015,0.37624,0.133621
640_32_1969_2061,6,3,0.025065,0.124701,0.040161,0.512699,0.055049,0.006346,0.235978
640_31_1700_1949,5,3,0.017517,0.028999,0.059075,0.558468,0.026189,0.214274,0.095479
640_32_1449_1667,6,6,0.030534,0.110613,0.066475,0.260864,0.217416,0.025583,0.288516
640_31_2097_2258,6,3,0.036594,0.028733,0.033285,0.657645,0.036057,0.027118,0.18057
640_32_874_1135,3,3,0.015583,0.058619,0.04921,0.772117,0.036544,0.012971,0.054956
640_32_2274_2396,6,3,0.01497,0.088462,0.048299,0.665267,0.087111,0.028945,0.066945
640_31_420_862,6,3,0.01956,0.031136,0.033129,0.620138,0.061302,0.02172,0.213015
640_31_31_106,3,3,0.065369,0.049486,0.038152,0.53878,0.072405,0.157257,0.078552
682_35_1165_1210,1,1,0.182267,0.574243,0.051375,0.028321,0.079181,0.00604,0.078574
682_36_765_827,1,0,0.587337,0.23469,0.032253,0.010754,0.015916,0.092307,0.026742
682_36_965_1087,1,0,0.477711,0.380907,0.037295,0.022722,0.025522,0.013834,0.042007
682_35_679_757,1,1,0.198361,0.274281,0.083923,0.150729,0.012051,0.203813,0.076841
682_35_237_284,1,5,0.172944,0.292716,0.035611,0.027129,0.043989,0.344614,0.082998
682_36_537_653,2,1,0.080519,0.375087,0.19215,0.120539,0.072045,0.026703,0.132957
682_35_83_119,5,5,0.04607,0.066996,0.029229,0.018235,0.007374,0.765273,0.066822
682_35_891_932,1,1,0.152189,0.595973,0.042941,0.020016,0.047527,0.070315,0.071039
682_36_160_212,6,1,0.048295,0.34811,0.133549,0.034279,0.177866,0.070727,0.187173
682_35_470_511,0,3,0.021859,0.187034,0.034041,0.229772,0.137845,0.177883,0.211566
682_36_294_395,1,1,0.081975,0.504078,0.227608,0.008601,0.075214,0.048107,0.054417
682_36_31_59,1,1,0.048676,0.445683,0.126398,0.013853,0.281382,0.017865,0.066142
687_35_1246_1296,3,3,0.011736,0.014295,0.020278,0.806415,0.01949,0.077757,0.050028
687_36_1166_1192,6,3,0.049914,0.089465,0.031078,0.396641,0.011943,0.279983,0.140975
687_35_1631_1682,2,2,0.016944,0.073121,0.506103,0.055854,0.088099,0.212186,0.047693
687_36_233_380,6,3,0.055406,0.068226,0.013802,0.418012,0.012951,0.029302,0.402301
687_35_1453_1523,1,3,0.030094,0.154213,0.188084,0.308612,0.196328,0.018733,0.103935
687_36_31_126,6,6,0.031836,0.04809,0.017668,0.188657,0.024595,0.015647,0.673508
687_36_883_952,1,6,0.052174,0.18568,0.061972,0.099655,0.08661,0.138804,0.375105
687_36_589_678,5,5,0.178968,0.227971,0.065737,0.051925,0.038653,0.286474,0.150272
687_35_983_1153,3,3,0.02433,0.052595,0.09395,0.442532,0.128322,0.079795,0.178476
687_35_403_452,2,3,0.075352,0.078308,0.135128,0.421612,0.074935,0.148899,0.065766
687_35_778_864,3,3,0.109672,0.05282,0.01901,0.564372,0.020037,0.129736,0.104354
687_36_718_765,1,1,0.148241,0.512573,0.065208,0.074421,0.057554,0.077412,0.064591
687_36_1354_1413,5,6,0.023319,0.024425,0.041059,0.310998,0.017752,0.042985,0.539462
687_36_1547_1630,1,5,0.244032,0.150271,0.006806,0.12949,0.016114,0.43252,0.020768
687_35_523_583,6,3,0.071495,0.063958,0.063366,0.444401,0.072449,0.063141,0.221188
687_35_678_701,2,3,0.017949,0.07074,0.104171,0.563904,0.155895,0.026085,0.061256
687_36_483_508,5,5,0.091545,0.098254,0.041414,0.033686,0.021026,0.632872,0.081204
687_35_138_161,2,3,0.023461,0.10866,0.116411,0.267854,0.08532,0.148959,0.249335
689_35_123_137,3,3,0.010174,0.014253,0.044647,0.593144,0.062651,0.14366,0.131471
689_36_1208_1313,4,4,0.010483,0.036,0.040845,0.086104,0.714218,0.007282,0.105068
689_36_1604_1679,6,6,0.039989,0.090739,0.043742,0.252407,0.061134,0.065276,0.446714
689_35_215_255,3,3,0.016575,0.031,0.028257,0.684718,0.046579,0.059241,0.13363
689_35_1376_1543,6,3,0.048224,0.027199,0.0353,0.453971,0.016333,0.045242,0.373731
689_36_568_616,5,5,0.006217,0.028785,0.022112,0.108676,0.046987,0.704524,0.082699
689_35_1120_1176,6,4,0.009327,0.021496,0.08124,0.038413,0.453847,0.308338,0.087339
689_36_161_190,6,6,0.025029,0.101078,0.041724,0.151183,0.165357,0.055708,0.459921
689_35_632_751,1,1,0.121904,0.193701,0.047013,0.161003,0.172576,0.15693,0.146874
689_36_955_1086,6,6,0.020698,0.071069,0.037256,0.249084,0.042731,0.019027,0.560136
689_35_364_553,2,6,0.025782,0.02363,0.061788,0.32964,0.142281,0.075984,0.340895
689_36_796_832,6,6,0.028143,0.077654,0.161756,0.254354,0.135254,0.07799,0.264849
689_36_65_91,5,5,0.064798,0.050439,0.023517,0.087437,0.014755,0.708345,0.050709
689_35_865_906,2,2,0.013681,0.081959,0.284973,0.062817,0.200431,0.171301,0.184838
689_36_307_316,6,3,0.047914,0.069151,0.043938,0.422842,0.022483,0.026027,0.367646
689_35_31_43,3,3,0.012909,0.00386,0.019859,0.919176,0.005859,0.013308,0.02503
690_35_82_254,6,6,0.011461,0.060637,0.047272,0.190357,0.081777,0.248558,0.359938
690_36_1341_1516,6,3,0.017334,0.029746,0.025977,0.464845,0.025675,0.007425,0.428998
690_36_941_988,1,2,0.009925,0.242979,0.33755,0.072236,0.198624,0.015789,0.122898
690_35_1016_1166,6,6,0.017583,0.030829,0.032683,0.423183,0.021354,0.034916,0.439452
690_35_318_421,2,5,0.020227,0.047943,0.051776,0.194294,0.061478,0.412785,0.211498
690_36_613_655,1,6,0.030638,0.155015,0.118244,0.094542,0.072444,0.231819,0.297298
690_36_438_517,6,6,0.015456,0.105062,0.038403,0.185154,0.049358,0.057612,0.548955
690_36_31_71,6,6,0.106024,0.146395,0.023226,0.248309,0.016982,0.052323,0.406742
690_36_1194_1284,6,6,0.055066,0.085921,0.031605,0.158845,0.009821,0.081804,0.576938
690_35_676_914,1,5,0.018358,0.099383,0.126365,0.135874,0.113673,0.26205,0.244297
690_35_537_583,1,3,0.01336,0.081921,0.110198,0.305807,0.162474,0.182824,0.143416
690_36_293_310,6,3,0.00839,0.011504,0.022175,0.807742,0.040401,0.061711,0.048077
690_35_1305_1312,3,3,0.013247,0.022132,0.031661,0.767661,0.023228,0.022613,0.119458
690_35_1541_1553,3,3,0.008677,0.007835,0.004523,0.841811,0.011054,0.009694,0.116405
691_36_31_74,1,1,0.208452,0.493488,0.061838,0.032987,0.090099,0.060995,0.052141
691_36_743_752,5,6,0.06501,0.089028,0.049848,0.102828,0.031507,0.318042,0.343736
691_36_994_1065,1,3,0.180088,0.183702,0.045731,0.392886,0.013422,0.134113,0.050058
691_35_687_708,6,3,0.043398,0.069874,0.016528,0.632037,0.013149,0.054927,0.170086
691_36_145_183,1,1,0.120046,0.497245,0.049609,0.071997,0.019607,0.1837,0.057795
691_35_80_114,5,5,0.011607,0.042228,0.056609,0.067791,0.080936,0.407497,0.333333
691_35_947_971,3,0,0.371109,0.023884,0.038194,0.339158,0.014937,0.130166,0.082553
691_35_433_454,6,5,0.018723,0.037528,0.114866,0.161695,0.15051,0.394113,0.122565
691_36_339_396,1,4,0.030053,0.298358,0.109667,0.012194,0.486212,0.006405,0.057111
691_35_283_308,5,5,0.025188,0.00807,0.025842,0.027302,0.010491,0.864645,0.038462
691_36_657_675,2,5,0.126128,0.162327,0.035991,0.052208,0.029151,0.525137,0.069058
691_35_605_631,6,6,0.134813,0.115469,0.149526,0.200053,0.026603,0.127751,0.245786
691_35_853_872,5,3,0.109111,0.041752,0.022708,0.628874,0.017989,0.051216,0.128351
691_36_895_906,1,5,0.1416,0.088197,0.030847,0.105037,0.020526,0.552086,0.061706
691_36_488_572,6,1,0.127936,0.509037,0.132856,0.089986,0.038013,0.0689,0.033271
692_35_91_179,3,5,0.134038,0.078376,0.012473,0.089284,0.015228,0.597973,0.072629
692_35_1169_1275,3,3,0.011279,0.027144,0.01086,0.841954,0.021713,0.030234,0.056816
692_36_228_360,3,3,0.039187,0.060875,0.0271,0.510243,0.042564,0.277555,0.042477
692_36_530_676,3,4,0.060036,0.092317,0.046071,0.326113,0.421009,0.038829,0.015625
692_36_1101_1117,2,3,0.064852,0.19445,0.073596,0.287201,0.069318,0.085047,0.225536
692_35_390_481,3,3,0.011403,0.045775,0.058449,0.730679,0.036258,0.085437,0.031999
692_35_1542_1644,3,6,0.024344,0.067212,0.020953,0.221891,0.040866,0.042236,0.582498
692_36_1375_1435,3,3,0.079082,0.007937,0.050116,0.740911,0.017336,0.017932,0.086685
692_36_1688_1716,3,3,0.123613,0.006355,0.019819,0.759123,0.011383,0.038253,0.041454
692_36_857_890,6,6,0.050538,0.04106,0.184231,0.270235,0.074852,0.091254,0.28783
692_35_752_805,3,4,0.01269,0.08928,0.11052,0.066671,0.62742,0.015427,0.077993
692_35_957_1010,6,3,0.007026,0.060307,0.089021,0.28534,0.042292,0.270457,0.245556
692_36_31_42,3,3,0.036831,0.062675,0.014181,0.725309,0.043376,0.020291,0.097338
699_36_1251_1300,1,5,0.060822,0.15818,0.084859,0.056588,0.010208,0.58102,0.048322
699_35_1176_1200,6,5,0.011211,0.062217,0.158745,0.017011,0.012551,0.671563,0.066703
699_36_252_315,5,5,0.088473,0.176628,0.048611,0.029676,0.020626,0.586402,0.049584
699_35_170_217,5,1,0.219892,0.28344,0.095429,0.028601,0.085342,0.104993,0.182302
699_36_573_609,2,6,0.055366,0.127001,0.10236,0.294847,0.071731,0.019716,0.328979
699_35_437_502,2,1,0.090175,0.351725,0.076454,0.050875,0.04188,0.29096,0.097931
699_35_31_73,5,5,0.024106,0.043925,0.061572,0.063048,0.014282,0.717197,0.075871
699_36_1495_1641,1,5,0.129841,0.124879,0.223223,0.088793,0.024343,0.378981,0.029941
699_36_772_910,1,6,0.085036,0.21178,0.062609,0.188436,0.037998,0.038862,0.375279
699_35_1361_1423,6,5,0.005448,0.03358,0.042972,0.009183,0.013312,0.766161,0.129344
699_35_1682_1741,1,6,0.019526,0.170831,0.098701,0.07584,0.169114,0.04428,0.421708
699_35_335_375,5,5,0.028734,0.099805,0.172322,0.047411,0.027098,0.36646,0.25817
699_36_129_142,5,5,0.251352,0.169896,0.048381,0.007643,0.01303,0.442161,0.067536
699_35_612_616,2,6,0.036407,0.061306,0.040974,0.286366,0.061042,0.020611,0.493293
699_36_376_380,5,5,0.064798,0.061954,0.055148,0.075675,0.018239,0.644277,0.079909
703_36_122_178,6,1,0.116767,0.310719,0.025361,0.081151,0.068872,0.300883,0.096247
703_35_1271_1312,1,5,0.029524,0.2621,0.207871,0.02555,0.01642,0.296924,0.161611
703_36_1069_1259,1,1,0.162018,0.53188,0.01816,0.084757,0.046914,0.086923,0.069348
703_35_941_1048,4,4,0.013881,0.228542,0.053448,0.043962,0.557208,0.070133,0.032827
703_36_1314_1423,0,1,0.276124,0.50866,0.008305,0.048224,0.023228,0.049008,0.086452
703_36_592_618,6,5,0.042419,0.027889,0.025498,0.054071,0.008745,0.780436,0.060941
703_36_288_340,6,6,0.032202,0.042979,0.026701,0.27429,0.030547,0.182611,0.410669
703_35_628_716,1,1,0.345682,0.562891,0.019498,0.005305,0.014272,0.018494,0.033857
703_36_414_470,1,3,0.017062,0.089452,0.026836,0.525837,0.036749,0.114628,0.189436
703_36_717_750,1,3,0.087051,0.236006,0.015603,0.468475,0.045586,0.078236,0.069043
703_35_383_410,5,3,0.016133,0.111708,0.098551,0.286011,0.024254,0.230023,0.23332
703_35_515_579,4,1,0.129592,0.552288,0.039468,0.020216,0.200618,0.027409,0.030408
703_35_752_818,4,0,0.547889,0.361104,0.009506,0.004944,0.01213,0.036927,0.0275
703_35_31_51,4,1,0.116793,0.526216,0.049117,0.025837,0.228674,0.018412,0.03495
703_36_880_922,1,6,0.024116,0.112796,0.037419,0.130387,0.15392,0.097786,0.443575
703_35_211_248,4,6,0.047533,0.239655,0.085678,0.120055,0.186736,0.053491,0.266852
704_36_31_221,0,3,0.237341,0.122958,0.046793,0.316432,0.036102,0.181743,0.058631
704_35_1262_1393,1,3,0.011501,0.040131,0.086629,0.714472,0.068544,0.034816,0.043907
704_36_1060_1237,1,3,0.019986,0.088136,0.05732,0.647101,0.100483,0.044509,0.042465
704_35_1781_1935,1,1,0.052775,0.419193,0.134611,0.153909,0.172639,0.046764,0.02011
704_36_1442_1552,1,3,0.041728,0.168247,0.01683,0.365444,0.024218,0.321821,0.061713
704_36_2155_2288,4,1,0.121725,0.457197,0.013949,0.041513,0.330826,0.010225,0.024565
704_35_820_942,2,3,0.017553,0.113577,0.125214,0.373161,0.181149,0.067789,0.121557
704_35_591_670,2,5,0.029585,0.083406,0.028885,0.203828,0.024136,0.561162,0.068999
704_36_2053_2116,4,4,0.026788,0.093588,0.033994,0.064284,0.553142,0.053752,0.174452
704_36_301_352,1,3,0.01207,0.003741,0.013028,0.83028,0.009552,0.025664,0.105665
704_35_391_445,6,3,0.020149,0.034435,0.015319,0.474218,0.029803,0.270633,0.155443
704_35_2120_2142,5,5,0.016885,0.031098,0.013922,0.013541,0.013901,0.881959,0.028694
704_36_702_784,1,0,0.48481,0.156968,0.010481,0.217315,0.012089,0.096747,0.02159
704_36_1686_1738,2,5,0.094784,0.160044,0.170762,0.113623,0.124159,0.234503,0.102125
704_35_1555_1604,1,5,0.038941,0.109298,0.036117,0.20827,0.038547,0.457073,0.111754
704_36_507_582,1,5,0.115308,0.083733,0.049723,0.019144,0.013076,0.684989,0.034027
704_35_260_270,6,6,0.020576,0.136797,0.081129,0.068728,0.203037,0.192801,0.296933
706_35_1165_1231,0,0,0.896945,0.055024,0.005597,0.003458,0.008645,0.025797,0.004534
706_35_1372_1507,1,0,0.862763,0.037533,0.004491,0.014052,0.006972,0.068796,0.005394
706_36_31_127,1,0,0.354858,0.208882,0.020095,0.051905,0.013966,0.298707,0.051587
706_36_948_1013,1,0,0.333815,0.321872,0.023889,0.034951,0.048678,0.212404,0.024392
706_35_178_211,6,3,0.010351,0.041262,0.030636,0.645608,0.01112,0.014009,0.247014
706_36_1297_1369,0,0,0.50327,0.127952,0.010873,0.022695,0.013911,0.302037,0.019263
706_36_1121_1164,0,0,0.57648,0.164475,0.021216,0.125192,0.016543,0.026957,0.069136
706_35_307_351,0,0,0.502365,0.095727,0.018512,0.030267,0.011501,0.325452,0.016176
706_35_626_711,0,0,0.756388,0.125399,0.00681,0.003232,0.008209,0.09418,0.00578
706_36_604_617,1,5,0.083958,0.076189,0.02707,0.054147,0.014241,0.646535,0.09786
706_35_518_559,0,5,0.137973,0.048064,0.012673,0.017359,0.01102,0.760713,0.012198
706_35_853_888,0,0,0.886939,0.077885,0.006659,0.005039,0.006331,0.010121,0.007026
706_36_737_796,1,3,0.12264,0.060513,0.007653,0.718883,0.014952,0.030049,0.04531
706_35_1058_1103,0,1,0.279905,0.322499,0.044612,0.035733,0.026289,0.049167,0.241794
706_36_482_517,1,6,0.017602,0.12044,0.03794,0.248909,0.021981,0.271947,0.281181
706_36_213_249,6,3,0.057572,0.065055,0.027781,0.431888,0.026816,0.084119,0.306769
708_35_1127_1236,1,0,0.479152,0.109222,0.031818,0.037333,0.025023,0.282538,0.034914
708_35_1678_1740,0,0,0.763112,0.179614,0.012376,0.004027,0.015657,0.020596,0.004618
708_35_179_313,1,5,0.264381,0.166057,0.021059,0.006725,0.033725,0.499007,0.009046
708_35_1374_1524,1,0,0.862516,0.088921,0.010564,0.001899,0.015046,0.014936,0.006118
708_36_801_966,1,0,0.818326,0.145383,0.005082,0.00425,0.006768,0.015614,0.004577
708_36_1337_1374,0,1,0.331786,0.504774,0.056375,0.022899,0.012483,0.030134,0.041549
708_35_511_672,1,5,0.053778,0.224514,0.053909,0.013495,0.26228,0.365565,0.026461
708_36_1072_1127,0,0,0.588636,0.108575,0.060935,0.015428,0.016368,0.193526,0.016531
708_36_313_389,1,3,0.098691,0.056595,0.013581,0.347026,0.02253,0.294686,0.166891
708_35_966_1072,1,0,0.545934,0.283531,0.00606,0.054456,0.011225,0.073351,0.025444
708_36_452_511,1,5,0.046947,0.079597,0.078241,0.025837,0.018595,0.599104,0.15168
708_35_31_101,1,0,0.613534,0.066701,0.006328,0.006809,0.006604,0.293453,0.006572
708_35_389_452,5,5,0.004623,0.011595,0.011208,0.014264,0.008594,0.941027,0.00869
708_36_1524_1652,1,1,0.115867,0.349287,0.011021,0.110759,0.050133,0.166271,0.196661
708_35_722_761,1,1,0.228134,0.349906,0.040398,0.024378,0.153639,0.158036,0.045509
708_36_672_722,0,1,0.169872,0.48517,0.045323,0.062423,0.021955,0.121243,0.094014
708_36_146_179,1,5,0.039792,0.072247,0.103492,0.022599,0.00864,0.507862,0.245368
717_36_124_223,3,6,0.040626,0.073535,0.013047,0.276778,0.042287,0.012564,0.541163
717_36_1060_1194,3,3,0.01107,0.020164,0.0253,0.769545,0.013566,0.086964,0.073392
717_36_1650_1706,5,5,0.050918,0.043166,0.03761,0.16916,0.019319,0.591349,0.088477
717_35_223_347,3,3,0.009766,0.014115,0.013136,0.827426,0.025359,0.045435,0.064763
717_35_1791_1859,1,1,0.128563,0.371265,0.090992,0.048946,0.168643,0.081437,0.110154
717_35_1461_1606,1,5,0.025264,0.163838,0.219833,0.026049,0.017861,0.503064,0.044091
717_36_928_949,3,6,0.008784,0.04546,0.016379,0.361137,0.012264,0.012554,0.54342
717_35_949_1016,3,3,0.005389,0.008325,0.013636,0.560583,0.007872,0.388285,0.015911
717_36_1330_1396,5,5,0.033008,0.100368,0.043378,0.061997,0.034952,0.559306,0.166991
717_36_543_817,3,3,0.021212,0.021464,0.021412,0.749212,0.019575,0.0589,0.108225
717_36_417_485,3,3,0.008749,0.012539,0.010525,0.819086,0.019807,0.05112,0.078173
717_35_31_85,3,3,0.011765,0.022294,0.020491,0.577141,0.009833,0.307821,0.050654
717_35_1194_1285,1,5,0.006087,0.055546,0.038696,0.025614,0.02254,0.810986,0.04053
717_35_485_523,3,3,0.012662,0.009779,0.010517,0.503749,0.003947,0.308494,0.150852
717_35_861_895,5,5,0.021121,0.053367,0.008137,0.068654,0.017629,0.752356,0.078736
961_50_123_165,6,1,0.07383,0.311579,0.029189,0.179758,0.159085,0.044793,0.201767
961_49_1170_1288,1,1,0.12144,0.400745,0.047925,0.13297,0.065915,0.205452,0.025552
961_49_905_1025,4,1,0.207061,0.575596,0.050576,0.033368,0.094385,0.01846,0.020555
961_49_182_241,1,1,0.209657,0.58971,0.030609,0.052684,0.02791,0.061882,0.027547
961_50_1302_1443,0,0,0.362274,0.348534,0.0187,0.128057,0.036446,0.063407,0.042582
961_49_577_649,1,0,0.46139,0.380513,0.031687,0.030001,0.034944,0.020638,0.040826
961_50_1064_1145,1,3,0.084852,0.264093,0.038634,0.313425,0.120327,0.080848,0.097821
961_49_340_486,6,1,0.136067,0.561752,0.027905,0.103003,0.114299,0.021694,0.035281
961_49_31_98,3,3,0.020673,0.043754,0.095965,0.445166,0.024062,0.175093,0.195287
961_49_1470_1520,0,0,0.409691,0.303253,0.035333,0.129771,0.027211,0.062071,0.032671
961_50_697_740,1,3,0.032539,0.246107,0.022548,0.410325,0.179403,0.01337,0.095709
961_50_502_572,5,5,0.074042,0.079071,0.069239,0.069285,0.048723,0.622104,0.037536
961_50_842_895,1,1,0.215508,0.424189,0.026634,0.103705,0.15392,0.026129,0.049915
961_49_752_813,1,3,0.037201,0.098822,0.028189,0.691203,0.062327,0.04671,0.035548
961_50_272_326,0,0,0.532544,0.221787,0.014773,0.046639,0.019312,0.083246,0.081699
963_49_1287_1336,1,5,0.040753,0.157748,0.047783,0.067311,0.040538,0.542962,0.102905
963_50_254_294,3,6,0.065036,0.119002,0.110312,0.185739,0.063936,0.026067,0.429907
963_50_1354_1477,2,3,0.037378,0.06901,0.036326,0.604762,0.166306,0.011344,0.074875
963_49_905_946,3,3,0.038891,0.143675,0.02083,0.369569,0.124419,0.010652,0.291965
963_49_133_232,6,1,0.077445,0.549523,0.024664,0.06273,0.093019,0.017065,0.175554
963_49_553_610,1,1,0.195141,0.418016,0.02775,0.116485,0.023695,0.167478,0.051435
963_49_1084_1172,5,5,0.156812,0.1636,0.014308,0.024399,0.034589,0.589393,0.016899
963_49_315_425,4,1,0.064697,0.358616,0.040726,0.061366,0.176003,0.037454,0.261138
963_50_977_1061,1,3,0.151626,0.157817,0.025501,0.409833,0.106554,0.020868,0.127802
963_50_442_522,6,4,0.039681,0.127755,0.183014,0.055822,0.413322,0.026518,0.153889
963_50_31_89,3,3,0.018974,0.048435,0.160852,0.490825,0.085233,0.02775,0.167932
963_49_1507_1575,3,3,0.018994,0.06636,0.012807,0.778782,0.026098,0.013714,0.083245
963_50_1185_1272,2,3,0.044148,0.136487,0.026197,0.525575,0.125451,0.025759,0.116384
963_49_738_825,3,3,0.045079,0.042741,0.016879,0.517814,0.151207,0.124944,0.101336
963_50_645_696,3,3,0.032176,0.021866,0.020104,0.724179,0.064651,0.080904,0.056119
963_50_850_884,3,3,0.024438,0.034552,0.093218,0.356659,0.270338,0.014455,0.20634
964_49_1233_1441,3,3,0.021042,0.054437,0.018494,0.663564,0.015072,0.20955,0.017841
964_50_1183_1231,3,3,0.08971,0.081757,0.003839,0.714307,0.018285,0.010948,0.081156
964_49_149_271,5,5,0.012268,0.086476,0.058571,0.027872,0.189091,0.586012,0.03971
964_50_95_125,6,6,0.058185,0.098814,0.093961,0.128027,0.079014,0.032116,0.509884
964_50_902_965,1,6,0.015652,0.056356,0.012094,0.292108,0.022321,0.009147,0.592322
964_49_575_646,5,6,0.071911,0.305402,0.069953,0.041128,0.032631,0.155459,0.323516
964_50_1140_1175,3,3,0.037631,0.019461,0.005106,0.819649,0.009665,0.027952,0.080537
964_49_985_1117,3,3,0.02682,0.023019,0.009084,0.7614,0.009557,0.156537,0.013582
964_50_272_341,3,6,0.017948,0.057317,0.012249,0.393971,0.027422,0.019438,0.471656
964_50_467_538,1,6,0.023765,0.158418,0.05215,0.042856,0.288075,0.007013,0.427722
964_49_31_80,5,5,0.01321,0.098395,0.03883,0.081443,0.046491,0.523161,0.19847
964_50_1475_1541,3,0,0.539274,0.179381,0.028615,0.142528,0.042082,0.012977,0.055142
964_49_798_858,6,5,0.112063,0.253396,0.03298,0.102562,0.032397,0.399569,0.067032
964_50_661_753,1,6,0.023982,0.055027,0.017338,0.369646,0.069084,0.020008,0.444915
964_49_365_431,5,5,0.023584,0.153134,0.023204,0.083372,0.030747,0.514842,0.171118
964_49_1176_1183,3,3,0.067378,0.039337,0.018506,0.768252,0.013951,0.075758,0.016819
977_50_112_210,0,0,0.755323,0.050926,0.006779,0.025494,0.008079,0.14878,0.00462
977_50_1186_1524,1,3,0.029093,0.138441,0.039414,0.498955,0.091265,0.093602,0.109231
977_49_1540_1687,3,1,0.315118,0.424705,0.047902,0.053425,0.007831,0.097924,0.053095
977_49_237_288,0,0,0.713287,0.125643,0.004464,0.00189,0.008432,0.143043,0.00324
977_50_930_972,1,3,0.047411,0.038894,0.023921,0.666606,0.011321,0.011288,0.200559
977_50_558_603,1,0,0.523864,0.181712,0.008269,0.189617,0.008414,0.010918,0.077205
977_49_1026_1178,3,3,0.025707,0.090426,0.024741,0.7082,0.017907,0.034781,0.098239
977_50_312_400,0,0,0.793355,0.147516,0.012887,0.004273,0.005515,0.024813,0.011641
977_49_628_687,0,1,0.295164,0.564378,0.010048,0.01022,0.042219,0.055917,0.022054
977_49_428_517,1,0,0.521918,0.42346,0.008042,0.004509,0.020127,0.008867,0.013078
977_49_31_109,3,1,0.04407,0.59477,0.052197,0.036569,0.122165,0.03572,0.114509
977_49_794_909,1,1,0.181026,0.462637,0.036498,0.017718,0.009492,0.244643,0.047986
977_50_706_777,1,3,0.132404,0.23712,0.013306,0.40193,0.017487,0.023558,0.174196
980_50_31_133,3,3,0.021252,0.021697,0.043115,0.663944,0.156228,0.007736,0.086029
980_50_1161_1350,3,3,0.032112,0.015099,0.022131,0.643996,0.213114,0.011232,0.062316
980_49_1366_1489,3,3,0.00889,0.000705,0.00552,0.838766,0.007493,0.136289,0.002337
980_50_907_983,3,3,0.016246,0.039814,0.02412,0.62855,0.091303,0.008818,0.191149
980_49_155_219,5,5,0.01021,0.041558,0.015953,0.055424,0.013369,0.849132,0.014354
980_49_581_644,5,5,0.382607,0.145276,0.009178,0.033289,0.021734,0.391876,0.01604
980_49_1009_1093,3,3,0.007324,0.001016,0.00643,0.914519,0.007468,0.060279,0.002964
980_49_393_487,5,5,0.011324,0.058346,0.060021,0.022478,0.009977,0.811067,0.026786
980_50_1501_1583,3,3,0.014857,0.002759,0.006138,0.880687,0.061717,0.005387,0.028455
980_50_671_738,3,3,0.081034,0.095077,0.014045,0.629556,0.052189,0.008749,0.11935
980_50_511_580,3,3,0.022051,0.014426,0.008322,0.818644,0.037225,0.0205,0.078832
980_49_824_883,3,5,0.00406,0.00286,0.003757,0.408525,0.004114,0.574712,0.001971
980_50_276_319,3,3,0.03172,0.059606,0.04885,0.642397,0.035315,0.031206,0.150906
987_50_2401_2535,4,4,0.020376,0.24375,0.187464,0.046024,0.387458,0.031081,0.083846
987_50_2012_2137,4,4,0.064979,0.297805,0.052949,0.096405,0.344821,0.037538,0.105503
987_50_1113_1280,4,4,0.03175,0.212108,0.137409,0.057668,0.294245,0.031543,0.235278
987_50_1540_1715,4,1,0.138207,0.549723,0.020743,0.087865,0.058596,0.035135,0.10973
987_49_1774_1975,1,0,0.467775,0.240038,0.041967,0.032258,0.15933,0.027811,0.030821
987_49_1315_1484,1,3,0.03971,0.209655,0.043384,0.477663,0.100994,0.09688,0.031713
987_49_2182_2360,1,1,0.265401,0.42516,0.02764,0.029844,0.089652,0.058592,0.103712
987_49_2573_2654,1,1,0.073362,0.487335,0.018433,0.078957,0.052659,0.016603,0.272652
987_49_154_221,6,6,0.021179,0.133299,0.027374,0.256442,0.069135,0.165203,0.327368
987_50_573_640,0,4,0.054646,0.217611,0.157991,0.080876,0.288049,0.096524,0.104302
987_50_277_395,4,1,0.051,0.317051,0.114474,0.023749,0.134585,0.044697,0.314445
987_49_963_1064,1,6,0.016026,0.235748,0.017092,0.145239,0.07398,0.049275,0.462641
987_49_425_514,1,0,0.355038,0.305186,0.012363,0.067739,0.030535,0.159399,0.069741
987_50_31_109,1,1,0.075453,0.521333,0.061818,0.027135,0.270188,0.011904,0.032168
987_49_680_787,1,5,0.177441,0.283633,0.035269,0.028175,0.041141,0.417285,0.017055
987_50_827_913,2,3,0.124738,0.26277,0.074952,0.319597,0.066514,0.061031,0.090398
999_49_1238_1331,3,3,0.016531,0.025537,0.0102,0.679532,0.009424,0.249579,0.009197
999_49_2026_2092,3,3,0.009219,0.002839,0.004579,0.941826,0.003209,0.030648,0.00768
999_50_1175_1225,3,3,0.050258,0.229048,0.04566,0.302623,0.19717,0.047461,0.12778
999_50_1673_1705,5,3,0.235332,0.087464,0.026889,0.275475,0.017053,0.186571,0.171216
999_49_185_265,5,5,0.010435,0.16238,0.017813,0.116147,0.038137,0.616242,0.038846
999_49_1740_1884,3,3,0.024915,0.053525,0.009053,0.798215,0.012416,0.083162,0.018714
999_50_1370_1559,3,6,0.027479,0.044535,0.013697,0.282869,0.027506,0.036891,0.567022
999_49_806_940,3,3,0.01138,0.064185,0.012452,0.771455,0.024772,0.046074,0.069682
999_49_574_662,5,5,0.010037,0.003078,0.004625,0.320918,0.003265,0.649527,0.00855
999_49_1097_1151,3,3,0.011837,0.005287,0.003809,0.846513,0.004528,0.117559,0.010466
999_50_301_371,1,3,0.065819,0.182642,0.038938,0.475077,0.110024,0.020616,0.106884
999_50_988_1070,3,3,0.039415,0.035362,0.021849,0.628629,0.077255,0.016401,0.181089
999_50_468_561,1,6,0.021567,0.043044,0.015888,0.226703,0.13577,0.016191,0.540837
999_50_31_120,1,1,0.025445,0.280086,0.19693,0.104769,0.23734,0.05224,0.10319
999_49_395_458,5,5,0.006939,0.030216,0.028144,0.238639,0.029669,0.534676,0.131717
999_50_713_773,6,3,0.132829,0.064823,0.011217,0.569537,0.057075,0.029358,0.135161
999_49_1582_1661,5,5,0.100752,0.162733,0.019678,0.078068,0.015522,0.601541,0.021706
999_50_1904_2012,5,5,0.012845,0.009227,0.025533,0.365407,0.040678,0.507649,0.038661
1664_84_2206_2504,3,3,0.010535,0.01757,0.011086,0.661929,0.008246,0.282471,0.008163
1664_84_31_190,3,3,0.022364,0.029511,0.020724,0.707233,0.013215,0.187092,0.01986
1664_84_1201_1344,3,3,0.103592,0.158523,0.013896,0.582806,0.032815,0.082249,0.026118
1664_83_1119_1189,3,3,0.018287,0.021743,0.013981,0.753984,0.019723,0.162329,0.009951
1664_84_249_549,3,3,0.033107,0.033607,0.016685,0.63601,0.0175,0.244242,0.018849
1664_84_2732_2800,3,3,0.024576,0.009088,0.010509,0.812951,0.005787,0.133163,0.003925
1664_84_1392_1844,5,3,0.037263,0.066896,0.07325,0.49642,0.022997,0.269288,0.033886
1664_83_2509_2729,3,3,0.00497,0.00169,0.004469,0.955794,0.008194,0.019495,0.005387
1664_83_854_940,3,3,0.040001,0.090775,0.011695,0.635938,0.021153,0.081153,0.119285
1664_83_191_242,5,5,0.022298,0.04917,0.040308,0.114256,0.028717,0.547191,0.198061
1664_83_1345_1382,3,3,0.026315,0.082805,0.010677,0.77209,0.025838,0.055096,0.027179
1664_84_1911_2158,3,3,0.016921,0.005397,0.003692,0.908087,0.008137,0.042948,0.014817
1664_84_941_1117,3,3,0.029468,0.032974,0.008424,0.683205,0.011458,0.22831,0.006162
1664_83_554_713,3,3,0.017985,0.017915,0.010068,0.846123,0.010142,0.089061,0.008707
1664_83_2160_2203,3,3,0.016276,0.02563,0.011017,0.703684,0.017854,0.213569,0.011971
1664_83_1849_1910,5,5,0.008444,0.010418,0.026005,0.19851,0.019342,0.726482,0.010798
1664_84_719_847,5,5,0.032048,0.163335,0.026047,0.3026,0.017618,0.406798,0.051554
1674_84_2198_2536,1,1,0.262218,0.443296,0.021574,0.126284,0.024349,0.047403,0.074875
1674_83_97_238,2,3,0.016159,0.075282,0.038158,0.413698,0.07298,0.089694,0.294029
1674_83_1172_1297,1,3,0.019728,0.063018,0.011489,0.52541,0.031698,0.022303,0.326354
1674_83_2756_2884,2,6,0.110881,0.171094,0.094805,0.221282,0.0527,0.081064,0.268174
1674_84_1444_1529,1,5,0.26832,0.192173,0.014837,0.115181,0.013426,0.381151,0.014912
1674_83_3072_3193,1,5,0.032296,0.06671,0.026064,0.169028,0.033007,0.61798,0.054915
1674_84_3208_3325,1,0,0.504928,0.178486,0.017493,0.108405,0.013389,0.159232,0.018066
1674_83_2559_2671,2,3,0.014788,0.046134,0.018356,0.536926,0.020637,0.019474,0.343684
1674_83_911_1030,2,3,0.011362,0.024176,0.035047,0.503909,0.036317,0.028375,0.360815
1674_84_1312_1351,1,1,0.018344,0.455821,0.020174,0.193631,0.234009,0.020023,0.057998
1674_84_2885_3058,1,0,0.55109,0.283085,0.016409,0.035756,0.013262,0.081916,0.018481
1674_84_1051_1161,1,1,0.120798,0.561401,0.029353,0.102551,0.023271,0.141412,0.021214
1674_83_2050_2163,1,1,0.238765,0.32497,0.012631,0.243585,0.017419,0.119767,0.042863
1674_84_1728_2038,1,0,0.388886,0.186973,0.008042,0.17949,0.018646,0.201625,0.016339
1674_83_1538_1714,1,1,0.224752,0.462558,0.011477,0.072288,0.04668,0.084322,0.097923
1674_83_602_627,1,1,0.06343,0.690485,0.023327,0.134536,0.019231,0.034453,0.034539
1674_84_641_727,1,1,0.132118,0.591412,0.009082,0.112759,0.015947,0.118258,0.020424
1674_83_1363_1435,1,1,0.237319,0.391608,0.035786,0.159944,0.075771,0.031464,0.068109
1674_84_821_892,3,3,0.011967,0.034567,0.018179,0.795574,0.035101,0.050493,0.054119
1674_84_447_596,1,5,0.014052,0.117058,0.014051,0.035154,0.021193,0.783821,0.014671
1674_83_333_428,1,1,0.020315,0.285395,0.050044,0.246822,0.069504,0.082517,0.245404
1674_84_2686_2742,1,5,0.037549,0.182797,0.024061,0.026463,0.008998,0.692998,0.027134
1674_84_31_81,3,3,0.007237,0.008862,0.010954,0.814676,0.014503,0.088156,0.055613
1674_84_259_312,3,3,0.005074,0.005593,0.019666,0.807167,0.02234,0.044572,0.095588
1674_83_740_794,1,3,0.012612,0.022711,0.017759,0.506004,0.032884,0.135072,0.272958
1676_84_31_135,1,3,0.162021,0.138069,0.048842,0.374121,0.026158,0.10561,0.14518
1676_83_1215_1336,1,3,0.053574,0.133132,0.018673,0.488734,0.015272,0.083125,0.207491
1676_84_2012_2077,1,1,0.052554,0.745907,0.095599,0.012691,0.032864,0.048751,0.011636
1676_84_1127_1210,1,6,0.025176,0.083,0.048318,0.27841,0.016345,0.25379,0.294962
1676_83_1660_1800,1,1,0.131635,0.365359,0.037882,0.256004,0.028649,0.107323,0.073148
1676_84_198_349,0,0,0.498348,0.331162,0.014218,0.017633,0.009562,0.117351,0.011726
1676_84_1812_1856,1,1,0.302213,0.342902,0.017921,0.030606,0.011873,0.279899,0.014586
1676_83_1459_1488,6,1,0.072145,0.455533,0.013851,0.230729,0.012517,0.024619,0.190606
1676_84_804_1093,1,1,0.259491,0.521398,0.025286,0.034136,0.080075,0.029877,0.049736
1676_83_538_661,1,3,0.045601,0.090366,0.014557,0.605767,0.017406,0.085195,0.141108
1676_83_1100_1126,2,5,0.037145,0.072397,0.044807,0.289638,0.008247,0.445958,0.101808
1676_84_476_531,1,5,0.062128,0.106472,0.047224,0.200575,0.013252,0.398983,0.171366
1676_83_357_452,2,1,0.145334,0.357487,0.034398,0.204465,0.026804,0.174007,0.057506
1676_84_1496_1653,4,1,0.114625,0.63792,0.032072,0.039357,0.093728,0.034829,0.04747
1676_83_1869_1998,1,0,0.354963,0.347885,0.024457,0.079428,0.042211,0.031028,0.120028
1676_84_661_718,1,3,0.195504,0.053412,0.00661,0.64338,0.022476,0.060929,0.01769
1676_83_2077_2196,1,3,0.125138,0.128598,0.017046,0.528273,0.051089,0.070758,0.079098
1676_84_1366_1454,1,5,0.068026,0.236194,0.07433,0.083427,0.015794,0.495906,0.026324
1676_83_742_785,6,5,0.019435,0.043828,0.021584,0.085005,0.01015,0.789831,0.030167
1676_83_135_163,1,5,0.099033,0.109336,0.01869,0.097212,0.014,0.609768,0.05196
1678_84_2276_2529,0,3,0.101904,0.159087,0.081529,0.541509,0.024509,0.055579,0.035883
1678_83_31_142,2,5,0.063684,0.057235,0.020293,0.373928,0.029642,0.386571,0.068647
1678_84_1278_1498,2,1,0.365265,0.484882,0.022655,0.020134,0.034937,0.059779,0.012349
1678_83_229_365,1,3,0.079371,0.140218,0.043172,0.364852,0.032872,0.217879,0.121636
1678_83_2542_2720,1,3,0.060953,0.121317,0.055662,0.396545,0.174981,0.094893,0.095648
1678_83_918_967,1,3,0.030433,0.040305,0.015119,0.447974,0.018343,0.386731,0.061094
1678_84_154_219,2,3,0.012999,0.042536,0.046535,0.570545,0.023205,0.255671,0.048509
1678_84_1103_1181,2,5,0.212627,0.255789,0.012982,0.032766,0.010131,0.466476,0.00923
1678_83_1925_2073,1,3,0.048126,0.131621,0.025413,0.392809,0.042091,0.315115,0.044824
1678_84_1571_1921,2,0,0.371676,0.29275,0.036214,0.123451,0.05463,0.108033,0.013246
1678_84_604_663,2,3,0.04525,0.22517,0.067242,0.359284,0.086023,0.060803,0.156227
1678_83_1498_1558,1,3,0.053786,0.227597,0.0118,0.358629,0.039131,0.051273,0.257785
1678_83_1193_1264,1,5,0.232018,0.153374,0.011657,0.264227,0.012809,0.284518,0.041398
1678_83_2186_2257,2,1,0.161405,0.38321,0.116604,0.081603,0.114739,0.070809,0.071631
1678_84_2091_2170,1,0,0.615215,0.171703,0.00866,0.090285,0.008957,0.092601,0.012578
1678_84_707_755,1,1,0.09581,0.398996,0.05065,0.196679,0.077982,0.053389,0.126494
1678_84_844_918,1,1,0.08864,0.450815,0.048861,0.23554,0.071384,0.041355,0.063404
1678_83_561_589,2,5,0.04165,0.060906,0.033676,0.215726,0.006085,0.596424,0.045534
1678_83_1025_1084,1,3,0.05789,0.14631,0.026895,0.398231,0.03351,0.254047,0.083118
1678_84_996_1016,5,5,0.014503,0.045458,0.016205,0.091968,0.012096,0.795072,0.024698
1678_83_668_702,1,5,0.109102,0.232389,0.042795,0.171226,0.019275,0.305108,0.120106
1678_84_495_556,1,3,0.042329,0.20338,0.068022,0.353239,0.121828,0.05289,0.158312
1678_83_431_488,2,3,0.016132,0.027769,0.024164,0.48653,0.021485,0.257933,0.165988
1678_84_379_410,2,3,0.018353,0.09191,0.036706,0.575297,0.090122,0.025675,0.161938
1678_83_768_812,1,5,0.170239,0.256264,0.031697,0.083871,0.023912,0.359119,0.074898
1969_99_31_137,3,3,0.013872,0.025274,0.186851,0.609823,0.034738,0.045391,0.084051
1969_100_749_812,6,2,0.006949,0.104956,0.476188,0.044408,0.010575,0.133633,0.223291
1969_99_953_982,5,5,0.060168,0.019085,0.028915,0.010506,0.014895,0.860014,0.006417
1969_100_1004_1025,3,3,0.113241,0.026244,0.264974,0.390893,0.020776,0.164386,0.019486
1969_100_401_485,6,6,0.010505,0.031893,0.023315,0.327499,0.011733,0.113909,0.481146
1969_100_618_668,3,3,0.009389,0.026707,0.083037,0.453984,0.007082,0.401521,0.018281
1969_99_256_378,6,2,0.023648,0.248946,0.364013,0.009573,0.035991,0.241775,0.076053
1969_100_902_931,5,2,0.089773,0.110839,0.493587,0.013622,0.017436,0.105063,0.169679
1969_100_170_232,6,5,0.00416,0.009216,0.05902,0.18931,0.00763,0.590411,0.140253
1969_99_1049_1102,1,0,0.729821,0.163173,0.036226,0.00913,0.025579,0.029063,0.007009
1969_99_833_852,2,5,0.005303,0.038876,0.146823,0.086546,0.02129,0.551377,0.149784
1969_99_690_725,5,5,0.041896,0.140407,0.099436,0.017959,0.030847,0.616401,0.053054
1969_99_511_562,6,5,0.033333,0.157854,0.093262,0.008137,0.04101,0.526437,0.139968
1975_100_126_266,5,0,0.846833,0.06137,0.017948,0.005072,0.009214,0.051803,0.007759
1975_100_1230_1402,0,0,0.498301,0.291083,0.041699,0.021028,0.024091,0.115581,0.008218
1975_100_1971_2130,3,3,0.007677,0.00486,0.008545,0.795146,0.013198,0.160688,0.009886
1975_99_1007_1198,0,0,0.712833,0.234286,0.012743,0.003019,0.023743,0.008074,0.005302
1975_100_1675_1904,4,5,0.01249,0.031036,0.054249,0.404598,0.064162,0.413489,0.019977
1975_99_1430_1625,0,0,0.906888,0.061261,0.006146,0.000906,0.007708,0.014796,0.002294
1975_100_935_995,5,5,0.030821,0.008378,0.012383,0.002551,0.004967,0.936181,0.00472
1975_100_583_608,5,5,0.062615,0.064566,0.057688,0.010978,0.008334,0.730166,0.065654
1975_99_285_358,1,0,0.858936,0.107807,0.009237,0.00254,0.006418,0.00783,0.007232
1975_99_622_678,0,0,0.912226,0.040948,0.011706,0.001581,0.007608,0.022302,0.003629
1975_100_380_482,5,0,0.806425,0.047527,0.016937,0.002262,0.006283,0.117902,0.002665
1975_99_31_95,1,1,0.231474,0.478919,0.065894,0.00862,0.065081,0.0897,0.060312
1975_100_711_824,1,1,0.238625,0.510099,0.035793,0.01352,0.035994,0.090588,0.075381
1975_99_506_557,0,0,0.829172,0.057149,0.052317,0.00266,0.016215,0.033591,0.008896
1975_99_840_912,4,4,0.079727,0.366632,0.071012,0.005405,0.376949,0.025018,0.075257
1975_99_1919_1955,5,0,0.383662,0.058535,0.123434,0.026562,0.083216,0.303677,0.020915
1976_99_117_156,1,0,0.441455,0.408041,0.03753,0.006914,0.018004,0.055929,0.032127
1976_100_1261_1522,0,0,0.880839,0.066213,0.026984,0.000604,0.005408,0.015587,0.004366
1976_100_1962_2064,0,0,0.597631,0.312726,0.020709,0.00755,0.013449,0.037866,0.01007
1976_100_916_1191,5,5,0.451946,0.047184,0.022874,0.004719,0.008793,0.46135,0.003133
1976_100_1673_1859,0,0,0.723622,0.19448,0.018752,0.010669,0.007202,0.037331,0.007944
1976_100_172_252,5,5,0.168282,0.028134,0.026366,0.033682,0.010486,0.725596,0.007454
1976_99_510_675,0,0,0.794953,0.033272,0.016414,0.002823,0.007712,0.141052,0.003774
1976_100_349_494,5,0,0.733745,0.07375,0.020545,0.00542,0.011185,0.151134,0.00422
1976_100_31_88,0,6,0.079904,0.214614,0.105691,0.052315,0.036277,0.046134,0.465066
1976_100_685_823,1,0,0.813468,0.050298,0.067718,0.002252,0.009325,0.048452,0.008486
1976_99_1873_1926,1,0,0.793488,0.167323,0.008076,0.004167,0.006172,0.01689,0.003884
1976_99_2071_2144,0,0,0.845224,0.093712,0.012701,0.002142,0.005771,0.037115,0.003336
1976_99_1543_1656,1,0,0.858479,0.050512,0.009874,0.009769,0.00844,0.059168,0.003758
1976_99_824_902,1,0,0.678099,0.176942,0.016312,0.010091,0.014831,0.096941,0.006785
1976_99_1207_1240,0,0,0.737193,0.118504,0.021319,0.003286,0.007778,0.108439,0.003482
1976_99_274_319,0,0,0.864393,0.103579,0.004447,0.001626,0.004144,0.017481,0.00433
1981_100_1234_1300,1,5,0.036891,0.121408,0.044319,0.010267,0.007961,0.658894,0.120262
1981_99_1155_1215,1,2,0.076793,0.298838,0.354628,0.041772,0.101302,0.072385,0.054283
1981_100_131_259,3,3,0.015821,0.021143,0.0083,0.499556,0.021385,0.422508,0.011287
1981_99_1457_1564,1,3,0.140771,0.15242,0.064313,0.236804,0.226781,0.030215,0.148695
1981_99_887_1031,1,1,0.157444,0.32803,0.251402,0.009116,0.201273,0.025827,0.026908
1981_99_1312_1370,4,1,0.084051,0.363102,0.132367,0.045367,0.213567,0.051882,0.109664
1981_100_1056_1144,5,5,0.02169,0.082776,0.116424,0.030843,0.0145,0.480289,0.253478
1981_100_1752_1792,1,1,0.423849,0.466989,0.030252,0.0159,0.017534,0.025824,0.019653
1981_100_615_713,1,5,0.012344,0.030383,0.144293,0.007388,0.009975,0.770801,0.024817
1981_100_345_480,3,3,0.009405,0.003587,0.002763,0.902881,0.006651,0.0708,0.003912
1981_99_31_110,6,2,0.043781,0.101309,0.345894,0.05231,0.306534,0.038029,0.112144
1981_100_814_868,1,5,0.224221,0.307724,0.06301,0.005434,0.016534,0.33836,0.044717
1981_100_1584_1674,1,0,0.758916,0.151343,0.023706,0.003067,0.009735,0.042796,0.010437
1981_100_1385_1445,1,5,0.045802,0.176216,0.067256,0.009563,0.010098,0.619195,0.07187
1981_99_1690_1739,4,1,0.128006,0.36935,0.153885,0.017567,0.234393,0.037746,0.059052
1981_99_495_579,3,3,0.021168,0.05169,0.188716,0.395029,0.061754,0.179966,0.101678
1981_99_729_790,1,2,0.1214,0.190617,0.423479,0.015999,0.045633,0.141563,0.061308
1981_99_266_324,3,5,0.026017,0.010454,0.022523,0.088188,0.023906,0.816296,0.012616
1983_99_2487_2541,1,2,0.002822,0.003789,0.973404,0.000608,0.010269,0.008704,0.000403
1983_99_127_247,5,5,0.086179,0.030572,0.054166,0.149232,0.087681,0.522504,0.069665
1983_100_1121_1323,2,3,0.017857,0.059957,0.119103,0.485633,0.028507,0.271253,0.017691
1983_100_1999_2186,1,2,0.011314,0.076968,0.412286,0.040919,0.011597,0.374891,0.072025
1983_99_1650_1698,5,5,0.045614,0.021068,0.01952,0.007979,0.006993,0.88196,0.016867
1983_100_1716_1872,5,3,0.007435,0.003742,0.012594,0.54105,0.006964,0.407038,0.021178
1983_100_1443_1633,1,2,0.009209,0.06915,0.305515,0.25281,0.042757,0.192171,0.128388
1983_99_2190_2309,2,0,0.504314,0.170329,0.189598,0.006311,0.034907,0.081437,0.013104
1983_100_723_997,6,5,0.008679,0.245034,0.121612,0.077942,0.042789,0.310105,0.19384
1983_99_1340_1418,1,0,0.523034,0.065345,0.08022,0.013013,0.019869,0.285722,0.012797
1983_100_571_629,3,3,0.019098,0.043044,0.042023,0.469466,0.03611,0.310983,0.079275
1983_100_2330_2473,1,5,0.103258,0.05089,0.02584,0.009473,0.010075,0.797052,0.003412
1983_100_273_490,3,3,0.041691,0.040991,0.021945,0.62363,0.039257,0.134198,0.098289
1983_99_1014_1100,1,5,0.189005,0.07929,0.030486,0.016798,0.020234,0.6337,0.030488
1983_100_31_110,3,3,0.005932,0.002244,0.004873,0.942846,0.010106,0.009153,0.024847
1983_99_1887_1978,5,5,0.0215,0.028451,0.089659,0.021004,0.059792,0.769531,0.010062
1983_99_646_700,1,5,0.006889,0.010432,0.021162,0.005923,0.006736,0.933313,0.015545
1983_99_503_550,5,5,0.122541,0.146477,0.281616,0.01098,0.064077,0.317488,0.056821
1996_99_1103_1283,6,0,0.51813,0.051148,0.031358,0.158128,0.020779,0.195982,0.024476
1996_99_1662_1783,1,0,0.403894,0.197852,0.084572,0.077922,0.129582,0.051107,0.055071
1996_100_196_287,3,3,0.058836,0.068336,0.041984,0.381305,0.065478,0.241868,0.142193
1996_99_1421_1484,1,0,0.467599,0.347165,0.026012,0.019425,0.042911,0.052069,0.04482
1996_100_798_1076,3,5,0.004182,0.00468,0.004136,0.116468,0.007639,0.850317,0.012578
1996_100_1308_1397,3,6,0.022879,0.075533,0.026893,0.187919,0.041554,0.046476,0.598746
1996_99_307_368,5,5,0.057315,0.017444,0.02566,0.009267,0.005776,0.868119,0.01642
1996_100_624_671,3,5,0.011039,0.013825,0.013095,0.33663,0.004264,0.512326,0.10882
1996_99_473_588,1,0,0.421498,0.283037,0.032566,0.039244,0.020804,0.144955,0.057896
1996_100_31_112,6,3,0.038661,0.057498,0.022954,0.374106,0.024446,0.309632,0.172703
1996_100_396_459,6,3,0.022965,0.046581,0.04107,0.504734,0.034785,0.326728,0.023137
1996_100_1528_1644,3,3,0.059354,0.024459,0.023908,0.702489,0.014994,0.108527,0.066268
1996_99_689_776,3,5,0.075396,0.096791,0.042285,0.200445,0.014769,0.437574,0.132741
1996_99_135_177,5,5,0.082033,0.042264,0.053301,0.132539,0.021157,0.603485,0.065221
1998_100_118_211,5,5,0.041197,0.13218,0.036841,0.104287,0.02407,0.392365,0.26906
1998_99_1241_1386,1,0,0.859522,0.078404,0.009488,0.00608,0.015022,0.025462,0.006022
1998_100_1067_1225,5,0,0.652618,0.20925,0.014834,0.011257,0.018416,0.081279,0.012345
1998_100_1634_1717,1,1,0.326886,0.557472,0.01209,0.015697,0.017652,0.059594,0.01061
1998_99_229_314,1,0,0.630992,0.076167,0.027214,0.003757,0.025719,0.229182,0.006969
1998_100_1412_1519,5,0,0.519036,0.145667,0.010712,0.015938,0.011112,0.291719,0.005816
1998_99_926_1044,1,0,0.713583,0.104979,0.014158,0.027538,0.034963,0.091663,0.013115
1998_99_468_607,1,0,0.640939,0.190401,0.014961,0.04753,0.032387,0.043106,0.030676
1998_100_329_450,1,0,0.721481,0.126017,0.009888,0.010127,0.012637,0.11376,0.006091
1998_100_634_716,2,2,0.144212,0.220135,0.278847,0.016867,0.109978,0.202468,0.027494
1998_99_31_96,5,0,0.425291,0.064511,0.032348,0.056936,0.026858,0.338548,0.055509
1998_99_1533_1619,1,0,0.76832,0.126032,0.026847,0.00873,0.01836,0.035027,0.016684
1998_100_803_907,3,3,0.04694,0.025249,0.009701,0.632074,0.0185,0.261604,0.005932
1998_99_730_785,1,1,0.299899,0.304016,0.056551,0.068166,0.105527,0.043766,0.122075
1999_100_31_162,2,6,0.033386,0.21735,0.112846,0.0491,0.024533,0.256739,0.306046
1999_99_1147_1340,1,2,0.074302,0.060252,0.680927,0.00831,0.089524,0.074821,0.011864
1999_99_1951_2137,2,0,0.681869,0.087134,0.075005,0.003295,0.026961,0.117553,0.008182
1999_100_1652_1947,1,6,0.047116,0.307002,0.114202,0.041557,0.01924,0.151403,0.31948
1999_99_179_259,5,5,0.01697,0.099911,0.238253,0.137762,0.044101,0.38416,0.078844
1999_100_2161_2256,3,6,0.01336,0.066842,0.017561,0.336019,0.026977,0.065715,0.473525
1999_99_731_959,2,5,0.023041,0.127771,0.323115,0.004148,0.059763,0.448487,0.013676
1999_100_1349_1457,1,5,0.008523,0.030759,0.240445,0.034322,0.030431,0.630515,0.025006
1999_99_2275_2342,6,6,0.128198,0.113116,0.085982,0.246007,0.028722,0.045308,0.352668
1999_99_403_596,5,5,0.330097,0.016084,0.039427,0.00764,0.01009,0.591873,0.004788
1999_100_967_1129,2,5,0.014462,0.099409,0.379504,0.033016,0.025537,0.415274,0.032799
1999_100_283_386,5,0,0.411369,0.133097,0.045057,0.009081,0.005163,0.326163,0.07007
1999_100_607_706,2,5,0.06242,0.085314,0.023808,0.063255,0.005508,0.662008,0.097688
1999_99_1473_1634,5,5,0.070834,0.159401,0.20761,0.012595,0.073382,0.422805,0.053372
2000_99_31_136,5,0,0.293431,0.081336,0.096516,0.075707,0.045766,0.215029,0.192215
2000_100_1095_1300,3,3,0.038203,0.039253,0.037182,0.67201,0.022565,0.137783,0.053005
2000_99_1628_1745,4,5,0.117355,0.089784,0.218105,0.058345,0.050738,0.387387,0.078287
2000_99_251_384,2,1,0.13778,0.353181,0.169386,0.063904,0.159006,0.068597,0.048146
2000_100_1765_1850,1,0,0.26436,0.252264,0.147945,0.058688,0.055782,0.136477,0.084484
2000_99_1308_1476,2,0,0.635473,0.097447,0.136276,0.015761,0.037543,0.053608,0.023892
2000_100_921_989,5,0,0.525571,0.291814,0.043851,0.006324,0.007625,0.086105,0.03871
2000_100_152_235,5,5,0.010665,0.004866,0.007349,0.006971,0.002598,0.957873,0.009679
2000_99_519_676,2,2,0.208766,0.131379,0.288937,0.031334,0.1656,0.134367,0.039618
2000_99_999_1079,4,1,0.266026,0.35649,0.21617,0.005447,0.10734,0.033195,0.015333
2000_100_408_503,1,6,0.044567,0.220199,0.042511,0.042683,0.015676,0.049381,0.584982
2000_100_1497_1613,1,0,0.418627,0.165333,0.159696,0.032019,0.027494,0.173529,0.023303
2000_99_795_903,2,5,0.060214,0.086227,0.248267,0.080322,0.07441,0.319608,0.130952
2000_99_1864_1941,3,0,0.525097,0.124662,0.06909,0.063976,0.01657,0.046972,0.153633
2000_100_691_779,5,5,0.016541,0.056964,0.116412,0.013955,0.022073,0.761243,0.012813
2201_112_128_153,1,4,0.017942,0.275321,0.118135,0.012049,0.446575,0.112927,0.017051
2201_111_1257_1389,1,0,0.755835,0.204615,0.007196,0.006419,0.006183,0.013542,0.00621
2201_112_912_1257,1,0,0.894282,0.054717,0.004259,0.004435,0.003362,0.036512,0.002432
2201_111_1534_1697,0,0,0.468911,0.455899,0.024461,0.010503,0.005907,0.016663,0.017656
2201_111_174_264,1,5,0.254205,0.183693,0.039418,0.022494,0.012265,0.471687,0.016238
2201_112_1718_1830,1,1,0.167115,0.451189,0.05771,0.157138,0.046045,0.053722,0.067082
2201_112_1394_1531,0,0,0.829793,0.106002,0.008299,0.006437,0.007158,0.038561,0.003749
2201_112_502_677,1,0,0.579142,0.10305,0.004264,0.007477,0.011612,0.291866,0.002589
2201_112_285_399,1,0,0.507757,0.334085,0.010422,0.056616,0.011422,0.054163,0.025535
2201_111_417_488,3,3,0.017931,0.066808,0.032779,0.627393,0.026236,0.085338,0.143516
2201_111_31_102,5,5,0.010774,0.025069,0.066949,0.015747,0.003961,0.868284,0.009216
2201_112_759_868,0,1,0.380614,0.456069,0.010266,0.056419,0.025451,0.050815,0.020366
2201_111_868_912,1,0,0.64465,0.265626,0.026969,0.009603,0.008017,0.033115,0.01202
2201_111_678_707,1,1,0.329848,0.394083,0.048306,0.043572,0.033279,0.141304,0.009608
2203_111_31_222,6,5,0.018636,0.20677,0.276422,0.102995,0.013602,0.287156,0.094419
2203_112_1224_1403,5,3,0.032914,0.179715,0.029169,0.369461,0.09539,0.204014,0.089338
2203_111_1060_1196,3,3,0.006553,0.025901,0.065357,0.772385,0.027953,0.067785,0.034068
2203_112_1603_1691,4,3,0.021423,0.093754,0.019687,0.579202,0.053206,0.016831,0.215897
2203_112_235_274,5,1,0.147679,0.337876,0.017113,0.026829,0.080859,0.323201,0.066442
2203_111_1701_1876,4,3,0.012251,0.149222,0.082169,0.4826,0.09299,0.147908,0.032859
2203_111_1428_1593,5,3,0.015954,0.13833,0.086438,0.531755,0.070766,0.124846,0.031911
2203_112_754_1045,5,3,0.021082,0.281303,0.04731,0.291486,0.116983,0.029003,0.212833
2203_112_488_634,5,5,0.009391,0.025398,0.013183,0.063269,0.023322,0.852703,0.012734
2203_111_288_476,6,1,0.033243,0.343819,0.107789,0.079385,0.06127,0.068863,0.30563
2203_112_1887_2013,4,3,0.01759,0.132559,0.024417,0.396149,0.100395,0.022441,0.306449
2203_111_650_727,3,3,0.022133,0.088408,0.079478,0.572614,0.027949,0.10114,0.108279
2205_111_31_216,5,5,0.034021,0.085494,0.081109,0.048017,0.020831,0.691111,0.039418
2205_112_1238_1387,0,1,0.104322,0.275017,0.046722,0.238382,0.078499,0.041234,0.215824
2205_111_1071_1229,5,0,0.732708,0.080182,0.006427,0.010798,0.005969,0.161344,0.002571
2205_111_1668_1793,1,1,0.045834,0.47956,0.17181,0.150322,0.024906,0.086173,0.041395
2205_112_242_323,1,1,0.067948,0.627048,0.010962,0.041099,0.222189,0.003009,0.027745
2205_112_1442_1662,0,1,0.171876,0.605736,0.064018,0.035103,0.043313,0.063613,0.016341
2205_112_753_1050,0,1,0.030391,0.315017,0.108241,0.058867,0.164732,0.096079,0.226674
2205_112_468_693,1,1,0.070963,0.311931,0.147302,0.116864,0.115781,0.103644,0.133515
2205_111_340_450,5,5,0.052412,0.037087,0.031354,0.034983,0.00984,0.828325,0.005999
2205_111_694_741,5,5,0.24247,0.059671,0.023078,0.008556,0.004577,0.654604,0.007044
2205_111_1387_1412,1,3,0.075132,0.218663,0.188353,0.2512,0.043073,0.161307,0.062272
2205_112_1825_1860,1,4,0.021792,0.420571,0.029256,0.016048,0.495071,0.001402,0.015861
2206_111_31_190,5,0,0.471053,0.103739,0.044684,0.005797,0.027486,0.342196,0.005044
2206_111_1290_1375,1,5,0.083845,0.255806,0.081443,0.05051,0.017095,0.437701,0.073599
2206_111_1865_2068,1,1,0.315889,0.434067,0.048721,0.03929,0.017994,0.076083,0.067957
2206_111_1126_1184,5,5,0.169313,0.335301,0.08781,0.007997,0.009314,0.347337,0.042929
2206_111_1606_1778,0,1,0.146925,0.557767,0.073372,0.038697,0.072651,0.053634,0.056953
2206_112_231_315,4,4,0.00426,0.075943,0.029494,0.005424,0.871408,0.001675,0.011796
2206_112_1788_1811,5,1,0.045061,0.55568,0.122408,0.055243,0.123358,0.037665,0.060585
2206_112_1398_1605,5,3,0.168167,0.218144,0.09041,0.284931,0.044146,0.181237,0.012964
2206_111_2163_2218,3,3,0.023771,0.074506,0.034921,0.520703,0.039903,0.141826,0.164369
2206_111_751_934,5,5,0.196863,0.078309,0.047248,0.010276,0.019232,0.64313,0.004942
2206_112_939_1112,1,4,0.036054,0.303541,0.049663,0.111375,0.310665,0.028689,0.160014
2206_112_425_750,1,4,0.029437,0.362937,0.057284,0.0235,0.374386,0.031532,0.120924
2206_112_2068_2153,3,3,0.016774,0.03236,0.025006,0.607209,0.063447,0.105586,0.14962
2206_111_316_402,5,5,0.187152,0.034166,0.013909,0.004048,0.007099,0.74723,0.006396
2206_112_1194_1285,4,4,0.041078,0.142987,0.079463,0.055057,0.356399,0.15931,0.165706
2206_112_2222_2246,3,3,0.009453,0.022944,0.00949,0.866714,0.014542,0.033535,0.043321
2208_111_121_148,5,5,0.147462,0.147088,0.032165,0.013171,0.006812,0.642033,0.01127
2208_112_1276_1308,1,6,0.118028,0.246017,0.029002,0.184714,0.023698,0.03815,0.360391
2208_112_1110_1188,1,1,0.207988,0.559184,0.035201,0.038993,0.022078,0.065367,0.071189
2208_112_161_281,0,0,0.680343,0.201823,0.012955,0.009534,0.014353,0.068826,0.012166
2208_112_818_975,0,1,0.288464,0.411243,0.015216,0.032864,0.026957,0.208566,0.01669
2208_111_1318_1409,5,0,0.599063,0.281728,0.0409,0.008712,0.014055,0.036146,0.019397
2208_112_438_666,0,1,0.167453,0.580184,0.007604,0.148249,0.031069,0.03109,0.034351
2208_111_301_426,1,1,0.228818,0.667118,0.019515,0.012202,0.031199,0.031778,0.009371
2208_111_988_1086,1,1,0.165094,0.414806,0.195499,0.018042,0.038718,0.151572,0.016269
2208_112_31_103,0,5,0.320899,0.161316,0.013104,0.036424,0.032023,0.414231,0.022003
2208_111_1205_1262,5,5,0.111905,0.026087,0.042039,0.006767,0.019657,0.791029,0.002516
2208_111_679_807,1,0,0.602144,0.25907,0.019362,0.007918,0.013658,0.09142,0.006429
2208_112_1410_1449,1,1,0.24237,0.34996,0.011144,0.137796,0.029648,0.070701,0.158381
2209_112_1267_1432,0,1,0.031807,0.480141,0.107983,0.043388,0.27218,0.016676,0.047826
2209_112_2034_2166,3,1,0.021118,0.266653,0.141339,0.259912,0.202671,0.01694,0.091366
2209_111_1074_1254,1,1,0.040881,0.634852,0.145601,0.011567,0.118205,0.034822,0.014071
2209_112_1579_1759,1,1,0.232252,0.49624,0.024558,0.014503,0.19152,0.022647,0.018281
2209_111_1795_1825,2,1,0.06352,0.481553,0.090011,0.011201,0.33645,0.006948,0.010316
2209_111_1443_1578,1,1,0.02732,0.338483,0.214931,0.01844,0.325002,0.053553,0.022272
2209_111_781_946,1,4,0.036965,0.295428,0.243025,0.032223,0.356691,0.017337,0.01833
2209_112_136_245,5,5,0.045001,0.109847,0.027882,0.0299,0.020966,0.74243,0.023974
2209_111_512_675,1,1,0.177594,0.338279,0.203701,0.034891,0.196852,0.035627,0.013055
2209_111_261_335,1,4,0.019644,0.293475,0.125235,0.059326,0.448948,0.021521,0.03185
2209_112_962_1068,0,5,0.12693,0.169932,0.010826,0.007847,0.02696,0.651703,0.005802
2209_112_353_488,5,1,0.117841,0.354591,0.088247,0.07628,0.060201,0.263131,0.039709
2209_111_31_103,1,1,0.303999,0.52657,0.054282,0.021603,0.061587,0.027124,0.004835
2209_112_1834_1926,3,1,0.04951,0.51364,0.062133,0.150866,0.099903,0.04006,0.083888
2209_112_712_765,5,0,0.506453,0.175834,0.006485,0.00421,0.012416,0.290029,0.004575
2209_111_1947_2018,2,2,0.005045,0.073554,0.542387,0.03128,0.330189,0.003017,0.014529
2211_111_31_215,1,4,0.019936,0.15166,0.122165,0.206212,0.296045,0.140836,0.063147
2211_111_839_1316,5,1,0.022823,0.476731,0.0513,0.017731,0.029613,0.386922,0.014881
2211_112_2031_2083,2,3,0.064672,0.124328,0.030153,0.330476,0.132955,0.051239,0.266177
2211_111_1643_1825,1,1,0.029374,0.542316,0.109175,0.063877,0.154237,0.078144,0.022878
2211_112_240_357,3,5,0.009497,0.025591,0.007488,0.105197,0.025731,0.819432,0.007065
2211_111_1451_1497,6,3,0.035154,0.235711,0.139393,0.308977,0.174916,0.027912,0.077937
2211_112_1342_1437,5,5,0.004635,0.01776,0.008757,0.009338,0.009811,0.944311,0.005389
2211_112_519_601,5,5,0.031878,0.117963,0.012779,0.093799,0.04009,0.66317,0.040321
2211_111_612_761,1,1,0.038161,0.494515,0.051295,0.082241,0.06304,0.22276,0.047987
2211_111_378_493,1,1,0.108161,0.751595,0.04968,0.008624,0.067339,0.010344,0.004258
2211_112_1526_1634,5,5,0.031333,0.117806,0.058261,0.066671,0.170178,0.454443,0.101309
2211_112_778_823,5,5,0.006647,0.032568,0.008289,0.015135,0.011396,0.906248,0.019717
2211_112_1831_1915,5,3,0.02913,0.106802,0.052972,0.298102,0.115195,0.140016,0.257783
2211_111_1926_2025,1,1,0.033951,0.634497,0.113372,0.028764,0.139048,0.032421,0.017946
2415_121_84_222,0,1,0.194788,0.661229,0.040182,0.030859,0.048763,0.009524,0.014655
2415_122_1240_1609,0,0,0.750173,0.13291,0.031163,0.00533,0.022402,0.049601,0.008421
2415_121_1024_1225,1,2,0.0773,0.281824,0.336269,0.141661,0.076702,0.068146,0.018099
2415_122_1666_1953,0,0,0.665683,0.120211,0.102703,0.015654,0.025129,0.040351,0.030269
2415_122_227_498,0,0,0.800181,0.164747,0.010194,0.001081,0.006915,0.013367,0.003514
2415_122_710_1013,0,0,0.831572,0.111521,0.019016,0.00169,0.009021,0.024269,0.002912
2415_122_558_638,0,0,0.723706,0.113657,0.078676,0.003236,0.021208,0.054487,0.005031
2415_122_31_59,0,5,0.125865,0.067586,0.090985,0.007482,0.01256,0.683337,0.012184
2415_121_656_696,2,4,0.028973,0.185491,0.231067,0.007837,0.53004,0.005186,0.011406
2415_121_1619_1645,1,2,0.014317,0.096384,0.571979,0.149589,0.067935,0.047187,0.05261
2415_121_512_543,2,2,0.028005,0.249652,0.293599,0.072419,0.264699,0.022675,0.068951
2415_121_1977_2006,1,2,0.012017,0.162886,0.508411,0.105895,0.153841,0.022183,0.034767
2427_122_31_233,1,5,0.076828,0.14634,0.176924,0.027441,0.028447,0.524852,0.019168
2427_122_1244_1312,1,1,0.167338,0.674687,0.064554,0.02233,0.008127,0.023711,0.039253
2427_121_1083_1224,4,1,0.164306,0.377347,0.071864,0.128962,0.047737,0.149958,0.059826
2427_122_1538_1739,4,4,0.125471,0.273176,0.151242,0.058911,0.347008,0.0288,0.015392
2427_121_1348_1495,4,1,0.467681,0.477105,0.008766,0.012243,0.020627,0.009222,0.004357
2427_121_681_945,4,1,0.138083,0.639698,0.047811,0.052442,0.045309,0.056466,0.020191
2427_122_370_666,1,0,0.334766,0.280393,0.099896,0.075798,0.086934,0.07524,0.046973
2427_121_1753_1796,4,1,0.018582,0.359554,0.092077,0.072049,0.307958,0.033569,0.11621
2427_121_278_340,4,3,0.029479,0.182165,0.127285,0.363141,0.138357,0.019853,0.139719
2427_122_973_1069,1,1,0.253758,0.502294,0.068275,0.039745,0.024016,0.080183,0.03173
2424_122_31_210,1,0,0.518748,0.316278,0.043057,0.027796,0.046697,0.029416,0.018008
2424_121_1092_1446,3,3,0.026516,0.053897,0.038272,0.748654,0.046435,0.028042,0.058183
2424_121_220_435,1,3,0.027553,0.110137,0.037642,0.684578,0.071349,0.046032,0.022709
2424_122_1453_1572,3,3,0.058549,0.197076,0.109848,0.365305,0.030042,0.134648,0.104532
2424_121_836_993,6,3,0.016649,0.124596,0.044449,0.544524,0.047287,0.011073,0.211422
2424_122_1006_1082,1,1,0.212548,0.424536,0.059402,0.05091,0.031663,0.199623,0.021318
2424_122_445_486,1,0,0.525751,0.204507,0.074679,0.021006,0.01887,0.09768,0.057507
2424_122_600_636,1,0,0.418397,0.221017,0.034261,0.013175,0.00956,0.253823,0.049767
2424_122_720_827,1,0,0.411631,0.197426,0.030272,0.018708,0.024037,0.296397,0.021529
2424_121_642_709,3,3,0.009759,0.015619,0.02149,0.81548,0.009631,0.02796,0.100061
2424_121_495_589,3,3,0.006124,0.005743,0.009297,0.937598,0.014276,0.014028,0.012935
2425_122_31_176,1,1,0.251633,0.324119,0.051545,0.043252,0.023982,0.293053,0.012417
2425_122_1251_1312,1,0,0.436135,0.348151,0.058246,0.017903,0.028779,0.052001,0.058785
2425_121_1031_1237,4,3,0.01067,0.10659,0.197266,0.347783,0.168407,0.036705,0.132579
2425_121_184_278,4,1,0.019996,0.367685,0.317109,0.070077,0.164835,0.030379,0.02992
2425_122_1420_1619,1,0,0.711463,0.229442,0.021581,0.00466,0.009396,0.015217,0.008242
2425_121_880_942,4,4,0.060887,0.272833,0.271651,0.008174,0.349766,0.01013,0.02656
2425_121_1321_1402,5,3,0.072591,0.167771,0.210334,0.237036,0.065346,0.218391,0.028532
2425_122_510_595,5,5,0.227054,0.216299,0.038796,0.018615,0.010902,0.466615,0.021719
2425_122_289_368,5,5,0.03173,0.036058,0.097825,0.016017,0.018233,0.79125,0.008887
2425_121_602_728,4,2,0.014945,0.124014,0.408006,0.045466,0.345249,0.051738,0.010582
2425_121_376_476,4,2,0.01135,0.14581,0.539678,0.066983,0.18977,0.02261,0.0238
2425_122_742_868,0,0,0.748729,0.179818,0.011722,0.005559,0.006712,0.031247,0.016212
2425_122_953_1019,5,5,0.263561,0.158235,0.034198,0.05289,0.01438,0.392631,0.084105
2432_121_31_295,4,3,0.010328,0.078202,0.120739,0.326594,0.259408,0.047227,0.157502
2432_122_1213_1601,4,1,0.206419,0.557629,0.07514,0.028832,0.070033,0.037407,0.02454
2432_121_913_1186,4,1,0.281148,0.511191,0.033274,0.049284,0.079341,0.029567,0.016195
2432_121_1654_1743,4,0,0.350486,0.293969,0.027777,0.039148,0.130415,0.118299,0.039907
2432_122_1770_1911,4,1,0.077956,0.325507,0.071178,0.141767,0.22126,0.017569,0.144762
2432_122_321_402,4,1,0.224492,0.463307,0.093527,0.00989,0.142822,0.033804,0.032158
2432_121_620_728,4,1,0.315837,0.434479,0.098278,0.032933,0.048976,0.04881,0.020686
2432_121_427_485,4,1,0.125607,0.284208,0.140258,0.028199,0.282231,0.073907,0.06559
2432_122_760_879,4,1,0.042134,0.283123,0.249951,0.106814,0.148019,0.027219,0.14274
2432_122_516_587,4,1,0.119643,0.48255,0.22259,0.025748,0.078088,0.04823,0.02315
2438_121_31_166,0,3,0.017279,0.122472,0.063416,0.538862,0.099999,0.035469,0.122505
2438_121_1108_1379,2,2,0.027005,0.125255,0.585863,0.087957,0.036379,0.118912,0.01863
2438_122_1533_1710,0,0,0.440803,0.356787,0.086293,0.018255,0.02191,0.043322,0.03263
2438_122_187_272,5,0,0.357184,0.20869,0.132987,0.012179,0.011819,0.250442,0.026699
2438_122_1389_1486,0,0,0.577306,0.236958,0.034417,0.006551,0.013914,0.120758,0.010096
2438_121_855_946,3,3,0.197315,0.259401,0.019352,0.271545,0.086114,0.031685,0.134588
2438_121_296_608,1,1,0.158842,0.406502,0.153911,0.054999,0.139457,0.055638,0.030651
2438_122_626_844,1,5,0.027002,0.062154,0.085977,0.015248,0.015019,0.784036,0.010565
2438_122_964_1087,5,0,0.281346,0.275736,0.100528,0.071789,0.028122,0.172085,0.070393
2438_121_1500_1520,5,5,0.029638,0.071263,0.065168,0.023361,0.015413,0.704073,0.091084
3043_153_1128_1386,1,4,0.135362,0.217857,0.137953,0.042148,0.307382,0.028424,0.130875
3043_153_165_274,0,5,0.060086,0.029565,0.082745,0.045237,0.111988,0.657353,0.013025
3043_154_1399_1470,2,3,0.030286,0.044902,0.14105,0.40094,0.065158,0.12469,0.192974
3043_154_503_610,2,2,0.007734,0.020915,0.643658,0.04111,0.221347,0.049114,0.016123
3043_154_299_397,2,2,0.01159,0.024186,0.857201,0.007079,0.052614,0.034455,0.012875
3043_153_636_755,1,5,0.036009,0.031619,0.14987,0.09882,0.056098,0.616013,0.011571
3043_154_1014_1090,2,3,0.062993,0.117616,0.186166,0.2574,0.102543,0.034307,0.238974
3043_153_402_482,0,0,0.809518,0.044425,0.015084,0.012857,0.011828,0.100743,0.005547
3043_154_31_114,5,2,0.010052,0.017832,0.584468,0.09916,0.145007,0.123119,0.020362
3043_153_1507_1567,1,0,0.580071,0.141055,0.050021,0.059414,0.042441,0.068911,0.058087
3043_154_767_852,2,4,0.13188,0.160732,0.17941,0.12964,0.182105,0.096964,0.119269
3043_154_1567_1671,2,2,0.004289,0.020712,0.748301,0.027958,0.174429,0.006787,0.017523
3052_154_95_183,2,2,0.012889,0.072048,0.518629,0.097299,0.161402,0.020292,0.117443
3052_154_1132_1206,2,3,0.032077,0.11439,0.196796,0.292439,0.114017,0.046054,0.204227
3052_153_1569_1717,0,3,0.00661,0.007461,0.020278,0.913086,0.010645,0.018544,0.023375
3052_153_1813_1837,1,3,0.011619,0.047443,0.031066,0.689065,0.038627,0.015829,0.166351
3052_154_1727_1801,3,5,0.123094,0.021146,0.025907,0.215248,0.021422,0.56988,0.023303
3052_153_1335_1483,6,3,0.016251,0.014421,0.030782,0.813631,0.012678,0.056723,0.055514
3052_153_943_1127,3,5,0.080339,0.123713,0.039009,0.200141,0.04357,0.403922,0.109307
3052_153_31_82,3,3,0.018826,0.018938,0.038038,0.695965,0.018269,0.028012,0.181951
3052_154_1497_1540,1,2,0.023003,0.175007,0.394267,0.023684,0.297556,0.027147,0.059337
3052_154_776_888,1,6,0.019516,0.231608,0.2121,0.108069,0.117267,0.037971,0.27347
3052_154_383_433,4,4,0.023069,0.180323,0.168221,0.026696,0.528193,0.022231,0.051267
3052_154_258_321,3,2,0.074244,0.136525,0.282119,0.229333,0.137073,0.037375,0.103331
3059_153_90_235,4,3,0.019009,0.046179,0.067275,0.361493,0.296278,0.031735,0.178032
3059_154_1215_1324,4,3,0.01957,0.113894,0.078029,0.321295,0.238488,0.025509,0.203215
3059_153_1993_2056,5,5,0.097704,0.176703,0.054531,0.0902,0.168903,0.279747,0.132213
3059_153_1113_1198,6,4,0.02207,0.146573,0.076395,0.195132,0.3813,0.084686,0.093843
3059_153_1665_1699,6,4,0.008982,0.048073,0.032837,0.1599,0.573911,0.020096,0.1562
3059_154_247_317,6,6,0.027708,0.059552,0.01247,0.189217,0.049066,0.01574,0.646248
3059_154_1701_1960,4,6,0.031923,0.118893,0.068703,0.136353,0.160771,0.08754,0.395818
3059_154_1383_1653,4,4,0.015039,0.14019,0.088555,0.084505,0.580256,0.011569,0.079887
3059_154_886_937,4,6,0.020181,0.036516,0.029158,0.33809,0.044017,0.034906,0.497133
3059_153_1344_1362,4,3,0.035113,0.126794,0.051109,0.224376,0.136095,0.220037,0.206477
3059_154_475_808,3,3,0.044737,0.192049,0.045437,0.46036,0.148141,0.035403,0.073872
3059_153_332_475,5,3,0.016656,0.039578,0.030785,0.414814,0.157861,0.218216,0.12209
3059_154_1031_1097,4,4,0.01648,0.049038,0.069141,0.133522,0.607224,0.027,0.097596
3059_154_31_86,1,6,0.015699,0.043695,0.009426,0.133248,0.061152,0.027448,0.709332
3059_153_825_885,4,6,0.042268,0.139236,0.127755,0.213089,0.084422,0.145196,0.248034
3059_153_953_984,6,3,0.013101,0.100999,0.071763,0.333372,0.101349,0.281081,0.098334
3058_154_31_144,6,0,0.35808,0.116554,0.045129,0.314271,0.020848,0.034462,0.110656
3058_153_1169_1353,4,0,0.628805,0.163481,0.039679,0.044538,0.033026,0.078435,0.012036
3058_153_1927_2088,4,0,0.313892,0.192354,0.076085,0.244802,0.06238,0.057217,0.053271
3058_153_1629_1787,4,1,0.092044,0.278363,0.1195,0.007652,0.226351,0.227167,0.048922
3058_154_253_298,6,6,0.230206,0.211401,0.050975,0.214088,0.027213,0.031604,0.234512
3058_154_1822_1901,3,4,0.058732,0.191524,0.13137,0.184814,0.364207,0.018764,0.050589
3058_154_1385_1491,6,3,0.112215,0.133809,0.050684,0.361403,0.073404,0.217928,0.050558
3058_154_860_965,3,3,0.097562,0.154985,0.032547,0.371622,0.036574,0.26632,0.04039
3058_153_2286_2361,4,3,0.01071,0.104231,0.036211,0.444695,0.157162,0.012933,0.234057
3058_153_636_685,4,1,0.208509,0.641327,0.027324,0.018181,0.056454,0.018578,0.029628
3058_153_965_1049,4,0,0.699885,0.160763,0.030502,0.020209,0.017644,0.046927,0.024069
3058_153_787_850,4,1,0.185053,0.337263,0.05505,0.094743,0.050114,0.195345,0.08243
3058_154_2123_2196,3,0,0.453605,0.204287,0.042895,0.16426,0.016116,0.09838,0.020457
3058_154_705_743,6,5,0.09403,0.081585,0.026036,0.068641,0.016643,0.64985,0.063214
3058_154_1049_1085,3,3,0.020142,0.024164,0.018711,0.812502,0.015744,0.049215,0.059522
3058_153_213_253,1,6,0.019469,0.225465,0.045894,0.054117,0.135434,0.01831,0.501311
3058_154_536_566,5,5,0.013008,0.026302,0.067483,0.106314,0.024902,0.688183,0.073809
3062_153_107_178,5,5,0.005606,0.007396,0.00967,0.141442,0.011446,0.794433,0.030007
3062_153_1195_1347,1,1,0.105003,0.258984,0.120326,0.157503,0.193444,0.094136,0.070604
3062_154_1939_2061,3,0,0.395494,0.048423,0.050526,0.114606,0.023532,0.31079,0.05663
3062_154_1143_1187,5,5,0.071254,0.098422,0.030906,0.048007,0.038104,0.646764,0.066543
3062_154_1558_1759,3,3,0.01967,0.086558,0.019714,0.329099,0.277187,0.006364,0.261409
3062_153_224_285,4,3,0.122133,0.071672,0.01128,0.615694,0.045821,0.052582,0.080817
3062_153_1768_1937,5,3,0.065459,0.031152,0.014358,0.755158,0.020542,0.039044,0.074289
3062_154_899_963,3,3,0.028933,0.066165,0.053989,0.554715,0.028389,0.113324,0.154484
3062_154_1347_1446,4,3,0.025918,0.044327,0.022517,0.752135,0.01462,0.060748,0.079734
3062_153_2061_2134,1,3,0.284023,0.083402,0.013654,0.357038,0.020171,0.232549,0.009162
3062_154_178_199,3,6,0.01366,0.064644,0.035803,0.334241,0.047856,0.069448,0.434347
3062_153_964_1126,3,3,0.027835,0.029815,0.033899,0.422176,0.035812,0.368707,0.081757
3062_154_285_355,3,3,0.033692,0.031065,0.017192,0.853648,0.011375,0.018956,0.034072
3062_154_600_719,3,3,0.040405,0.172343,0.048476,0.333949,0.112825,0.014821,0.277182
3062_154_452_485,3,3,0.023744,0.006699,0.013368,0.714394,0.027609,0.174596,0.03959
3062_154_31_98,3,3,0.019364,0.060754,0.019113,0.629639,0.046391,0.009375,0.215365
3062_153_402_447,3,3,0.010217,0.012128,0.015701,0.858268,0.021612,0.060689,0.021385
3062_153_1482_1543,3,3,0.014439,0.006498,0.008077,0.883357,0.025406,0.016137,0.046086
3062_153_736_899,5,3,0.007311,0.006854,0.016955,0.876493,0.024389,0.0368,0.0312
3062_153_519_588,5,3,0.075955,0.067825,0.027408,0.478918,0.069673,0.127014,0.153207
3069_154_31_128,1,6,0.045611,0.106719,0.072336,0.132614,0.071375,0.199293,0.372052
3069_153_1296_1326,3,3,0.041692,0.074638,0.015108,0.698276,0.015957,0.039836,0.114493
3069_154_1157_1259,0,1,0.254215,0.318878,0.007849,0.16377,0.035159,0.016547,0.203582
3069_153_1641_1707,4,1,0.162548,0.488871,0.007129,0.24647,0.028533,0.010533,0.055916
3069_154_219_291,1,1,0.024292,0.289344,0.140741,0.03804,0.148896,0.100072,0.258614
3069_153_1454_1523,1,0,0.443234,0.309692,0.014643,0.045262,0.021066,0.142637,0.023467
3069_154_888_932,3,5,0.032841,0.064324,0.030418,0.127862,0.049807,0.508635,0.186114
3069_153_1126_1157,5,5,0.014471,0.022605,0.012213,0.05752,0.017489,0.778207,0.097495
3069_153_167_185,5,5,0.078827,0.046909,0.012192,0.05991,0.01537,0.734214,0.052578
3069_154_634_730,1,1,0.057393,0.313518,0.095572,0.233567,0.07086,0.1396,0.089489
3069_154_995_1041,3,1,0.335426,0.420337,0.013205,0.097504,0.031872,0.008112,0.093544
3069_154_471_548,6,3,0.030727,0.070016,0.023875,0.528079,0.016116,0.033038,0.298149
3069_153_342_447,1,1,0.311885,0.407246,0.009515,0.046494,0.030801,0.037995,0.156065
3069_153_811_872,1,6,0.012025,0.072331,0.022655,0.116719,0.335413,0.028851,0.412007
3069_154_1384_1422,1,1,0.297253,0.365768,0.057723,0.04411,0.132709,0.023444,0.078993
3069_154_1548_1585,1,1,0.287487,0.481591,0.03244,0.039168,0.107232,0.023487,0.028595
3069_153_564_580,5,5,0.044104,0.063012,0.047523,0.145311,0.032144,0.452519,0.215386
3069_153_961_979,5,4,0.025388,0.15426,0.087975,0.034805,0.48698,0.031312,0.17928
3329_168_124_241,0,1,0.108851,0.457298,0.016604,0.094556,0.162266,0.104373,0.056052
3329_167_1262_1396,4,0,0.316824,0.30116,0.013295,0.143318,0.03554,0.094705,0.095157
3329_168_1154_1216,3,3,0.124188,0.242716,0.00936,0.445203,0.030023,0.106863,0.041647
3329_167_1631_1878,4,1,0.166836,0.421616,0.055618,0.00966,0.308205,0.016214,0.021851
3329_168_1421_1597,0,0,0.476148,0.441955,0.008539,0.012099,0.037929,0.013397,0.009933
3329_168_856_992,1,1,0.309421,0.402045,0.020228,0.107374,0.020211,0.072193,0.068528
3329_168_542_596,1,3,0.030332,0.118088,0.041096,0.628902,0.042365,0.110213,0.029004
3329_167_1026_1132,4,1,0.383291,0.493835,0.01235,0.012286,0.072104,0.012974,0.013159
3329_167_260_518,1,1,0.080634,0.630255,0.028769,0.009025,0.225025,0.014692,0.011601
3329_167_616_837,0,1,0.338633,0.505939,0.018995,0.009642,0.066777,0.036163,0.023851
3329_167_31_78,3,3,0.034479,0.096391,0.073761,0.372097,0.097959,0.027864,0.297449
3329_168_1906_2033,0,1,0.347231,0.483542,0.01404,0.030853,0.053465,0.055113,0.015755
3325_167_2240_2492,4,2,0.029858,0.104294,0.405237,0.040514,0.370754,0.030432,0.018912
3325_168_126_204,1,2,0.009473,0.024166,0.670581,0.070209,0.137387,0.009276,0.078908
3325_168_1269_1318,1,6,0.0404,0.09207,0.016761,0.249349,0.034107,0.019754,0.547558
3325_167_1948_2151,0,0,0.80952,0.128999,0.002974,0.004664,0.005282,0.045338,0.003223
3325_167_1048_1268,5,5,0.022348,0.061306,0.056558,0.023012,0.046764,0.7654,0.024612
3325_167_1340_1811,3,3,0.071068,0.080251,0.053476,0.531002,0.02832,0.135048,0.100835
3325_167_221_537,5,1,0.183932,0.325661,0.117673,0.035968,0.259849,0.040423,0.036494
3325_167_941_971,1,6,0.074655,0.139516,0.075417,0.207928,0.071341,0.102566,0.328578
3325_168_558_627,1,6,0.037203,0.201875,0.081601,0.090777,0.163058,0.012267,0.413219
3325_167_31_58,3,3,0.047089,0.073472,0.028439,0.508672,0.038044,0.043774,0.260509
3325_168_2495_2568,1,1,0.190034,0.472335,0.028527,0.112584,0.074692,0.01211,0.109717
3325_167_665_861,0,0,0.511417,0.337522,0.031413,0.015526,0.061838,0.026741,0.015543
3325_168_1831_1935,0,1,0.117377,0.440157,0.032057,0.066585,0.115175,0.020855,0.207794
3325_168_992_1006,1,6,0.042195,0.087279,0.069663,0.242191,0.022567,0.127279,0.408825
3325_168_2163_2201,0,6,0.179424,0.189692,0.023424,0.215868,0.02161,0.083004,0.286979
3325_168_894_914,1,6,0.052477,0.061375,0.119836,0.124345,0.054955,0.110022,0.47699
3339_168_1198_1230,4,4,0.036705,0.232242,0.034136,0.254455,0.273586,0.011802,0.157074
3339_167_1110_1163,3,3,0.017355,0.070454,0.077655,0.357287,0.062208,0.248441,0.166599
3339_167_31_95,4,4,0.005779,0.037402,0.067794,0.013713,0.760173,0.023841,0.091299
3339_167_752_798,3,3,0.028443,0.041186,0.015831,0.604682,0.030354,0.015991,0.263514
3339_167_200_451,3,4,0.032749,0.195421,0.114303,0.037426,0.461028,0.061217,0.097856
3339_167_1017_1027,3,3,0.012187,0.02028,0.022242,0.718436,0.014961,0.041486,0.170408
3339_168_673_718,3,6,0.022895,0.044387,0.043606,0.295497,0.065469,0.058432,0.469714
3339_168_136_184,4,1,0.02349,0.198929,0.170723,0.190062,0.158303,0.115094,0.143399
3339_168_929_950,1,3,0.035297,0.107478,0.018731,0.40235,0.040348,0.037241,0.358555
3339_167_527_644,3,3,0.025128,0.090911,0.04851,0.472124,0.038292,0.049045,0.275991
3339_168_818_832,3,3,0.009659,0.037134,0.027191,0.524038,0.293845,0.007357,0.100776
3339_168_473_499,3,5,0.005919,0.035084,0.142617,0.103102,0.170734,0.438555,0.103989
3339_167_879_905,3,3,0.007149,0.010625,0.010966,0.76737,0.011581,0.031415,0.160894
3339_168_1064_1082,3,3,0.05525,0.267546,0.036901,0.316393,0.086384,0.014418,0.223107
3336_167_1247_1322,4,4,0.002309,0.030874,0.026267,0.002834,0.934646,0.000642,0.002428
3336_168_1987_2122,1,0,0.445908,0.351757,0.010134,0.026424,0.011409,0.028851,0.125518
3336_168_1014_1237,1,4,0.064581,0.235315,0.028632,0.253367,0.32407,0.063853,0.030182
3336_167_1668_1699,5,5,0.030636,0.027283,0.014887,0.028334,0.00527,0.617195,0.276396
3336_168_222_283,1,5,0.028317,0.031814,0.040285,0.056801,0.007203,0.802531,0.03305
3336_168_1713_1874,1,1,0.081274,0.384027,0.015837,0.100416,0.264612,0.008263,0.145571
3336_168_1357_1536,0,1,0.183904,0.585685,0.017199,0.055819,0.093905,0.01177,0.051718
3336_167_2198_2227,1,4,0.013902,0.216757,0.145542,0.077378,0.287248,0.011364,0.24781
3336_167_31_124,1,4,0.001216,0.027133,0.089533,0.00081,0.8783,0.000699,0.002308
3336_167_914_1007,1,4,0.014601,0.395713,0.084185,0.008306,0.428298,0.004479,0.064418
3336_168_517_727,1,3,0.0165,0.055724,0.06899,0.349196,0.267164,0.167907,0.074518
3336_167_310_504,1,4,0.025127,0.315724,0.178575,0.003989,0.455049,0.008593,0.012943
3336_167_745_830,1,4,0.007826,0.192946,0.055904,0.003726,0.685631,0.003467,0.050498
3336_168_1604_1662,6,3,0.105234,0.199505,0.084441,0.340495,0.060759,0.020008,0.189559
3336_167_1558_1589,2,4,0.024721,0.237035,0.115491,0.044538,0.473128,0.005975,0.099111
3336_168_852_896,1,3,0.019063,0.019398,0.058736,0.398587,0.042297,0.317416,0.144503
3336_167_1931_1965,5,0,0.538261,0.100002,0.010143,0.006249,0.015559,0.308713,0.021074
3353_168_31_135,3,6,0.033967,0.063935,0.01522,0.236454,0.061986,0.024775,0.563663
3353_167_685_812,3,3,0.07137,0.265048,0.049703,0.285311,0.12469,0.030199,0.17368
3353_168_845_1035,3,3,0.015939,0.054429,0.212815,0.470239,0.065734,0.014716,0.166128
3353_168_202_258,3,6,0.025814,0.081904,0.040775,0.309927,0.063806,0.023871,0.453902
3353_167_415_447,3,3,0.130532,0.109135,0.047323,0.331938,0.192028,0.032354,0.15669
3353_168_618_670,3,3,0.013843,0.02924,0.042604,0.759666,0.063881,0.042959,0.047807
3353_167_584_601,3,6,0.067274,0.108167,0.052561,0.181077,0.015986,0.189333,0.385602
3353_168_326_406,3,6,0.017816,0.249601,0.053658,0.099564,0.097759,0.114958,0.366642
3353_167_273_311,5,3,0.107956,0.166291,0.053651,0.382703,0.129996,0.054915,0.104489
3353_167_156_172,5,1,0.128482,0.298216,0.097135,0.098669,0.129735,0.095544,0.152218
3353_168_501_508,5,5,0.033009,0.075805,0.100776,0.210012,0.136012,0.24501,0.199376
3354_168_31_161,0,4,0.031656,0.212047,0.071493,0.03148,0.613891,0.01777,0.021664
3354_168_1102_1373,0,0,0.382399,0.367993,0.018434,0.044515,0.094722,0.060391,0.031547
3354_168_242_461,0,1,0.162672,0.490647,0.027996,0.062459,0.1153,0.08596,0.054966
3354_168_2698_3134,1,4,0.033411,0.171215,0.043077,0.063499,0.495739,0.014403,0.178656
3354_167_3148_3173,3,3,0.052931,0.05019,0.036336,0.629325,0.032266,0.049488,0.149464
3354_167_2517_2641,4,4,0.007441,0.056057,0.322576,0.024445,0.517614,0.004248,0.067619
3354_168_2204_2488,1,4,0.019391,0.124955,0.024727,0.0565,0.672993,0.011117,0.090317
3354_167_920_929,4,4,0.018417,0.064059,0.060339,0.023039,0.708429,0.004987,0.120729
3354_167_1924_2096,0,1,0.175635,0.369182,0.049772,0.072702,0.284439,0.029413,0.018856
3354_167_175_183,2,4,0.021717,0.148427,0.181313,0.068594,0.43186,0.006075,0.142015
3354_168_1644_1900,1,4,0.07492,0.335038,0.047663,0.027272,0.455474,0.036176,0.023457
3354_167_625_648,1,2,0.054709,0.162133,0.334549,0.036575,0.12916,0.25211,0.030764
3354_167_1464_1576,4,4,0.023225,0.109407,0.13729,0.021103,0.511324,0.015265,0.182386
3354_168_688_774,0,0,0.438832,0.391133,0.037492,0.014141,0.048892,0.04302,0.02649
3354_168_533_587,0,4,0.091079,0.274302,0.037785,0.081918,0.336487,0.018046,0.160383
3354_167_491_519,2,4,0.010957,0.095687,0.185497,0.013617,0.628302,0.007052,0.058889
3354_167_800_838,2,4,0.025108,0.123789,0.264431,0.018195,0.527222,0.01235,0.028905
3354_168_856_872,0,0,0.510606,0.270025,0.008407,0.016049,0.012115,0.159332,0.023466
3922_197_31_156,3,3,0.01511,0.01667,0.015785,0.887075,0.005913,0.006466,0.052982
3922_198_1588_1791,1,1,0.101282,0.335508,0.065745,0.170406,0.043372,0.021804,0.261882
3922_198_164_284,3,3,0.010018,0.012005,0.008927,0.68761,0.025393,0.006114,0.249934
3922_197_1413_1574,1,0,0.791695,0.122941,0.012992,0.003888,0.014943,0.045263,0.008278
3922_198_933_1145,1,5,0.028158,0.067788,0.100796,0.24914,0.050943,0.322194,0.180981
3922_198_1308_1405,1,4,0.032861,0.221467,0.079129,0.032312,0.472769,0.013469,0.147992
3922_197_590_714,3,3,0.034087,0.049614,0.006717,0.80493,0.012916,0.087276,0.004461
3922_197_307_393,3,3,0.014944,0.037369,0.022911,0.852158,0.006636,0.010689,0.055292
3922_198_414_587,3,3,0.030107,0.060165,0.01378,0.717425,0.018463,0.029717,0.130342
3922_197_1223_1290,5,5,0.04721,0.127581,0.077757,0.051219,0.015416,0.594214,0.086602
3922_197_788_848,3,3,0.107927,0.057337,0.070125,0.513848,0.056557,0.145705,0.0485
3922_197_1839_2030,1,3,0.178918,0.181185,0.053718,0.364494,0.035471,0.107784,0.07843
3922_198_751_783,3,6,0.020646,0.048335,0.010335,0.436443,0.01577,0.010014,0.458457
3921_197_31_139,1,1,0.186537,0.236837,0.200282,0.022911,0.033143,0.124417,0.195873
3921_197_1142_1369,0,0,0.934381,0.021857,0.008939,0.002361,0.004737,0.023861,0.003865
3921_197_1615_1705,0,0,0.760825,0.130265,0.021754,0.012067,0.008026,0.052382,0.014681
3921_197_210_278,0,0,0.677332,0.235545,0.008878,0.00363,0.012778,0.057588,0.00425
3921_198_1716_1812,1,0,0.654951,0.21373,0.013534,0.020928,0.009273,0.079834,0.00775
3921_198_1376_1614,0,0,0.767227,0.190907,0.010105,0.004284,0.005275,0.00843,0.013773
3921_197_874_1011,0,0,0.604631,0.278746,0.02229,0.03816,0.012336,0.024465,0.019372
3921_198_539_625,1,0,0.56961,0.273813,0.043545,0.013885,0.01251,0.048776,0.037862
3921_198_148_193,1,1,0.122871,0.504675,0.034103,0.029292,0.244099,0.019391,0.045569
3921_198_1040_1138,1,1,0.332599,0.427708,0.025211,0.10035,0.011456,0.025009,0.077668
3921_198_296_387,1,1,0.251173,0.552843,0.025965,0.018666,0.047248,0.010046,0.094059
3921_197_630_724,1,0,0.622132,0.306496,0.012329,0.010595,0.021577,0.020872,0.005998
3921_197_396_539,0,0,0.873035,0.074037,0.009701,0.006048,0.005748,0.024873,0.006558
3921_198_743_870,1,0,0.532669,0.27713,0.006366,0.062215,0.00841,0.094275,0.018935
3930_198_110_225,6,3,0.009578,0.013291,0.036929,0.579102,0.051258,0.128556,0.181286
3930_198_1199_1316,6,6,0.025722,0.095508,0.177948,0.228525,0.154586,0.0485,0.269211
3930_197_1623_1732,4,4,0.004355,0.046502,0.359469,0.026417,0.533163,0.009611,0.020485
3930_197_246_385,1,4,0.010678,0.285983,0.141681,0.060522,0.352024,0.003551,0.145559
3930_198_1411_1584,1,5,0.069805,0.116735,0.046457,0.062618,0.035624,0.520116,0.148645
3930_198_940_992,6,6,0.0339,0.079909,0.078411,0.213567,0.035404,0.086959,0.471851
3930_198_577_789,3,3,0.013652,0.025356,0.022082,0.683995,0.037665,0.100487,0.116763
3930_197_1013_1142,6,1,0.029286,0.313191,0.094431,0.044252,0.307932,0.018914,0.191994
3930_197_1328_1346,6,6,0.048878,0.127711,0.068658,0.172146,0.161334,0.010954,0.410319
3930_197_475_547,5,5,0.043937,0.188241,0.127265,0.050677,0.086149,0.443009,0.060722
3930_197_31_104,6,6,0.012507,0.167206,0.130765,0.090375,0.292132,0.007775,0.299241
3930_198_399_470,3,5,0.016538,0.044293,0.070209,0.281481,0.136111,0.419681,0.031687
3930_197_792_908,4,4,0.023055,0.344174,0.078641,0.057835,0.422105,0.01228,0.061911
3930_198_1768_1784,1,2,0.056343,0.170686,0.303925,0.055075,0.202654,0.134135,0.07718
3932_197_31_210,2,2,0.03553,0.103233,0.435119,0.020437,0.111617,0.247552,0.046512
3932_197_2035_2211,4,1,0.23406,0.512428,0.005794,0.023129,0.207571,0.008499,0.00852
3932_198_1149_1260,1,4,0.012856,0.108358,0.069008,0.028518,0.573804,0.054622,0.152833
3932_197_1605_1924,2,4,0.028042,0.307026,0.159752,0.095956,0.334686,0.008871,0.065667
3932_198_233_400,6,4,0.017105,0.201867,0.058868,0.072808,0.482463,0.05294,0.113949
3932_198_1440_1587,2,4,0.020043,0.251322,0.104289,0.010042,0.570796,0.015161,0.028348
3932_197_749_942,2,4,0.029937,0.380551,0.058666,0.020701,0.454577,0.008324,0.047244
3932_198_950_1080,1,1,0.041798,0.283091,0.037082,0.258336,0.159741,0.018906,0.201045
3932_197_1313_1423,1,4,0.019681,0.335046,0.02723,0.033557,0.53506,0.007006,0.042418
3932_198_562_721,6,1,0.051575,0.320591,0.073603,0.087388,0.281555,0.068602,0.116684
3932_197_1088_1127,0,1,0.254252,0.452306,0.050352,0.041059,0.120296,0.018699,0.063036
3932_197_415_543,0,1,0.041295,0.332328,0.210376,0.036549,0.190617,0.144961,0.043873
3932_198_1954_2022,4,4,0.008721,0.074058,0.084107,0.029385,0.752114,0.006338,0.045276
3935_198_2489_2573,5,0,0.698619,0.046632,0.004602,0.07045,0.009799,0.16379,0.006108
3935_198_96_128,3,6,0.03792,0.167893,0.037735,0.19324,0.098082,0.008237,0.456893
3935_197_1029_1498,1,1,0.22827,0.242716,0.068333,0.181824,0.062769,0.027034,0.189054
3935_197_179_275,1,0,0.423227,0.356228,0.024613,0.02667,0.036768,0.072829,0.059665
3935_197_2616_2871,5,5,0.194646,0.010274,0.008495,0.0152,0.004735,0.764026,0.002623
3935_197_3031_3206,0,0,0.617596,0.074076,0.20833,0.001402,0.02892,0.058279,0.011398
3935_197_680_935,5,1,0.066549,0.291905,0.099126,0.175916,0.176113,0.027495,0.162896
3935_198_2897_2975,3,0,0.534238,0.090271,0.098859,0.058937,0.034856,0.16461,0.018228
3935_198_1958_2255,5,2,0.034522,0.082401,0.416723,0.10869,0.052052,0.171239,0.134373
3935_197_1615_1931,6,5,0.321623,0.089983,0.05428,0.04152,0.0626,0.366907,0.063087
3935_198_575_679,1,1,0.279579,0.291462,0.044624,0.08464,0.053109,0.193904,0.052682
3935_198_1522_1562,1,1,0.17093,0.450477,0.022201,0.068697,0.055547,0.116,0.116148
3935_198_956_1014,5,2,0.137573,0.194037,0.259977,0.165451,0.039344,0.044188,0.159431
3935_198_295_400,1,3,0.123489,0.204676,0.00733,0.385306,0.018568,0.196265,0.064366
3935_197_2309_2453,6,3,0.06905,0.047691,0.027292,0.357082,0.052068,0.34157,0.105248
3935_197_461_561,6,3,0.148494,0.242209,0.013111,0.471464,0.025644,0.031566,0.06751
3935_197_31_81,6,6,0.079186,0.225061,0.047008,0.136396,0.055098,0.199471,0.257779
3945_198_1269_1313,1,6,0.094421,0.203767,0.16194,0.037724,0.025866,0.198958,0.277325
3945_198_1589_1812,1,1,0.098833,0.333234,0.284299,0.018894,0.033898,0.082011,0.148831
3945_198_140_357,6,6,0.009967,0.061963,0.103926,0.048093,0.012008,0.026777,0.737266
3945_198_1407_1461,0,2,0.086047,0.179272,0.297549,0.019896,0.015194,0.207801,0.194241
3945_198_833_1178,6,6,0.020242,0.066713,0.140849,0.105165,0.02201,0.050121,0.5949
3945_197_1341_1353,5,5,0.027012,0.060158,0.067386,0.02038,0.03239,0.735889,0.056785
3945_198_479_731,6,6,0.020583,0.06422,0.034642,0.049006,0.021261,0.015932,0.794356
3945_197_380_454,6,2,0.011312,0.188703,0.439915,0.065215,0.045036,0.018208,0.231611
3945_197_1486_1535,5,5,0.016457,0.082529,0.079739,0.012078,0.031123,0.761439,0.016635
3945_197_1832_1911,4,2,0.01561,0.23087,0.401188,0.057103,0.167684,0.075824,0.051721
3945_197_1189_1198,6,6,0.02399,0.143949,0.12899,0.142555,0.101227,0.038112,0.421177
3945_197_745_798,6,1,0.031649,0.306441,0.141561,0.068165,0.103475,0.054704,0.294004
3945_198_1948_2022,0,3,0.104923,0.218305,0.080222,0.266208,0.090764,0.044853,0.194726
3945_197_100_109,3,3,0.023251,0.075684,0.120243,0.370878,0.128166,0.007114,0.274664
3945_198_31_36,1,6,0.040568,0.04804,0.025098,0.080724,0.02331,0.022957,0.759302
3946_197_31_198,3,5,0.088717,0.070521,0.060955,0.03133,0.015368,0.713744,0.019366
3946_198_1225_1331,3,1,0.064795,0.356867,0.047236,0.227338,0.156131,0.102426,0.045207
3946_197_1101_1196,4,4,0.014036,0.199081,0.028062,0.029109,0.694347,0.004716,0.030648
3946_198_219_360,3,1,0.017758,0.329974,0.090426,0.128124,0.162865,0.186372,0.084482
3946_197_1356_1472,5,1,0.184538,0.494344,0.072618,0.050144,0.074735,0.078946,0.044675
3946_198_909_1080,6,4,0.082904,0.281841,0.056416,0.026925,0.473773,0.036964,0.041178
3946_197_573_639,1,1,0.11823,0.31943,0.064099,0.034988,0.069118,0.153818,0.240317
3946_197_375_478,1,1,0.063162,0.596791,0.096785,0.036345,0.111851,0.02404,0.071025
3946_198_1510_1594,3,5,0.005888,0.001931,0.002584,0.432212,0.004437,0.551599,0.001349
3946_197_798_873,4,6,0.065336,0.25065,0.123093,0.089965,0.17849,0.026932,0.265535
3946_198_660_781,5,5,0.012128,0.033741,0.020225,0.34094,0.0243,0.558017,0.010649
3946_197_1620_1657,6,5,0.051727,0.12999,0.21738,0.039798,0.038345,0.276724,0.246035
3946_198_487_494,5,5,0.028843,0.078118,0.03377,0.030192,0.046713,0.730264,0.052101
3942_198_109_305,3,3,0.022256,0.029097,0.023173,0.55218,0.16507,0.038247,0.169977
3942_197_1292_1368,3,3,0.018037,0.090865,0.080579,0.474259,0.1739,0.00652,0.15584
3942_198_1163_1276,1,1,0.236951,0.437942,0.010824,0.175467,0.023579,0.099557,0.015679
3942_198_1819_1864,3,3,0.038732,0.078242,0.017441,0.590946,0.077562,0.146474,0.050604
3942_197_1699_1804,3,3,0.023613,0.072642,0.110314,0.413483,0.060002,0.277915,0.042031
3942_198_1393_1477,1,6,0.152509,0.134949,0.034484,0.109129,0.060817,0.150728,0.357383
3942_198_899_1057,1,4,0.016291,0.061503,0.015256,0.387173,0.452564,0.026236,0.040977
3942_197_509_687,3,3,0.019627,0.158865,0.098005,0.296621,0.233494,0.028996,0.164393
3942_197_1082_1143,3,3,0.032566,0.024022,0.021601,0.728709,0.008684,0.131311,0.053106
3942_197_305_390,5,5,0.006921,0.004328,0.006331,0.031627,0.009417,0.934056,0.007321
3942_197_31_97,3,3,0.012903,0.019533,0.038859,0.612254,0.070792,0.081285,0.164375
3942_198_402_454,3,6,0.052887,0.117745,0.030859,0.24628,0.07867,0.03157,0.441989
3942_197_1503_1609,3,4,0.019749,0.192764,0.054938,0.111868,0.390322,0.004245,0.226114
3942_197_751_888,3,3,0.035279,0.150333,0.051319,0.48892,0.160146,0.030406,0.083597
3942_198_715_750,0,5,0.189001,0.219486,0.023077,0.1976,0.033736,0.241554,0.095547
3942_198_1629_1665,4,4,0.011777,0.023655,0.030018,0.31295,0.461518,0.029597,0.130486
3947_198_1260_1418,4,4,0.012089,0.027508,0.325332,0.008711,0.613619,0.006433,0.006308
3947_198_1962_2107,1,1,0.225487,0.317982,0.176353,0.034575,0.066316,0.134458,0.044829
3947_197_1114_1191,4,4,0.013888,0.156063,0.028942,0.015296,0.766755,0.001428,0.017628
3947_198_1554_1688,4,2,0.020294,0.159548,0.317445,0.03968,0.193457,0.041334,0.228242
3947_198_151_353,2,2,0.022746,0.048051,0.380237,0.038041,0.128367,0.359459,0.023098
3947_197_1727_1818,4,1,0.087085,0.470858,0.043156,0.091639,0.136826,0.00735,0.163086
3947_198_837_971,6,1,0.09236,0.436422,0.086345,0.123925,0.050729,0.044301,0.165918
3947_197_604_825,4,1,0.243399,0.671644,0.016987,0.013667,0.042407,0.006825,0.005072
3947_198_1034_1060,0,1,0.250433,0.432378,0.141407,0.018168,0.023375,0.043144,0.091095
3947_197_393_501,1,5,0.073874,0.330894,0.046606,0.017079,0.077512,0.366295,0.087741
3947_197_31_113,1,0,0.52552,0.389626,0.018703,0.01074,0.016024,0.017939,0.021448
3947_197_1474_1505,5,1,0.043679,0.293771,0.252509,0.01926,0.083821,0.092241,0.21472
3947_198_1852_1903,5,0,0.45756,0.344646,0.059267,0.004448,0.024414,0.084013,0.025651
3947_197_2119_2196,0,0,0.716766,0.209165,0.008852,0.026286,0.009286,0.017664,0.011982
3947_198_518_575,2,2,0.017065,0.090867,0.625938,0.014613,0.088827,0.035812,0.126877
3947_197_990_1023,4,1,0.236339,0.600861,0.02872,0.015431,0.070093,0.004237,0.044319
3947_198_2219_2230,0,5,0.293916,0.077547,0.017889,0.029706,0.012978,0.507033,0.060931
3947_197_1924_1951,6,1,0.099083,0.333359,0.044551,0.146484,0.147827,0.022268,0.206428
3956_197_2453_3358,1,4,0.007207,0.094443,0.148725,0.017964,0.684341,0.003707,0.043612
3956_197_31_224,1,4,0.004195,0.0656,0.047783,0.001995,0.870434,0.001501,0.008492
3956_197_1206_1384,1,4,0.004863,0.088269,0.055889,0.002886,0.828632,0.002269,0.017192
3956_198_1413_1485,1,4,0.014662,0.044161,0.196234,0.027471,0.525801,0.074239,0.117432
3956_198_3429_3664,1,4,0.013716,0.053309,0.075104,0.158122,0.452492,0.019624,0.227632
3956_198_918_1153,1,4,0.012733,0.090324,0.042699,0.017435,0.80349,0.014158,0.019161
3956_197_1918_2080,1,4,0.015107,0.222475,0.036902,0.013864,0.658646,0.004224,0.048782
3956_197_573_882,1,4,0.006774,0.10492,0.053962,0.00315,0.816003,0.002003,0.013188
3956_197_1613_1730,1,4,0.015364,0.068532,0.139735,0.008332,0.709896,0.004474,0.053666
3956_198_2134_2364,1,4,0.052552,0.215687,0.06171,0.02696,0.514511,0.020003,0.108577
3956_197_3760_3804,1,4,0.013661,0.122352,0.240804,0.006465,0.551984,0.011835,0.052899
3956_198_1778_1881,1,4,0.023663,0.131907,0.059819,0.085524,0.470599,0.005215,0.223272
3956_198_3868_3962,0,4,0.051432,0.07745,0.077973,0.07389,0.437162,0.023608,0.258485
3956_198_270_502,1,4,0.005797,0.060778,0.08133,0.00551,0.823205,0.010709,0.012671
3960_197_31_205,0,0,0.597654,0.218786,0.005924,0.08089,0.011833,0.07587,0.009043
3960_198_889_1270,0,0,0.912218,0.023452,0.003348,0.005925,0.004025,0.049982,0.001049
3960_198_219_406,5,5,0.026647,0.010018,0.006154,0.102777,0.008247,0.842468,0.003689
3960_197_2775_2999,0,0,0.792926,0.0514,0.006057,0.056661,0.006915,0.077039,0.009003
3960_197_1305_1762,0,0,0.814791,0.043082,0.002544,0.006591,0.007045,0.123909,0.002038
3960_197_3495_3601,0,0,0.824578,0.093168,0.008676,0.023928,0.011739,0.032527,0.005384
3960_198_3027_3453,1,5,0.235773,0.019402,0.021651,0.171114,0.016758,0.526194,0.009108
3960_198_2519_2744,0,5,0.408426,0.023037,0.016093,0.039294,0.018941,0.487085,0.007124
3960_197_1944_2486,0,0,0.751393,0.021222,0.006372,0.020684,0.004923,0.192398,0.003008
3960_198_564_787,0,0,0.455707,0.022422,0.022324,0.08662,0.021735,0.385594,0.005599
3960_198_1783_1937,0,0,0.548853,0.048312,0.003902,0.24824,0.005207,0.141516,0.003969
3960_197_410_552,0,0,0.298532,0.125745,0.021413,0.283829,0.019281,0.231961,0.019239
3960_197_789_847,0,0,0.873145,0.029259,0.004822,0.012142,0.004587,0.071137,0.004907
3960_198_3627_3649,0,5,0.31947,0.017504,0.011703,0.128275,0.005864,0.494098,0.023087
3962_200_1188_1423,3,3,0.013805,0.031677,0.013431,0.838839,0.036076,0.037801,0.028372
3962_199_1679_2056,1,3,0.010646,0.020595,0.011473,0.871465,0.023526,0.048659,0.013636
3962_199_151_320,3,3,0.011091,0.02126,0.009742,0.783598,0.016774,0.145792,0.011741
3962_199_1442_1486,5,3,0.010865,0.015353,0.011109,0.787663,0.01686,0.13531,0.022839
3962_200_670_936,3,3,0.024046,0.04855,0.023329,0.686132,0.040898,0.045168,0.131876
3962_199_944_1009,3,3,0.006087,0.009393,0.023037,0.829673,0.045582,0.07342,0.012808
3962_199_402_663,3,3,0.011095,0.024295,0.008886,0.861692,0.026271,0.042225,0.025538
3962_199_1057_1160,3,3,0.006374,0.009845,0.02574,0.843182,0.019291,0.063161,0.032406
3962_200_1011_1037,5,5,0.00693,0.019783,0.017191,0.077212,0.014863,0.824591,0.039431
3962_200_31_112,3,3,0.020647,0.049747,0.023841,0.667278,0.025027,0.077588,0.135871
3962_200_1498_1668,1,3,0.112179,0.158743,0.01283,0.585192,0.030473,0.064571,0.036012
3962_200_335_378,3,3,0.006228,0.001465,0.004447,0.778944,0.005829,0.200044,0.003043
3961_199_84_180,3,3,0.010431,0.009211,0.015046,0.854506,0.020168,0.046684,0.043953
3961_200_874_1297,3,5,0.007272,0.001533,0.003318,0.436064,0.004057,0.54577,0.001985
3961_199_1549_1749,3,3,0.019914,0.044263,0.032233,0.664615,0.105587,0.040061,0.093326
3961_199_230_361,3,3,0.017178,0.02439,0.010956,0.78067,0.037974,0.029653,0.09918
3961_200_1757_1853,5,3,0.052764,0.130806,0.019565,0.400353,0.035841,0.329434,0.031238
3961_200_188_209,5,5,0.026371,0.023089,0.017787,0.067267,0.010445,0.773071,0.08197
3961_199_1319_1453,3,3,0.011758,0.004014,0.007623,0.864199,0.008658,0.089004,0.014743
3961_199_582_784,3,3,0.030066,0.042629,0.006397,0.805851,0.043251,0.040131,0.031675
3961_200_364_566,5,5,0.029062,0.04639,0.008258,0.160576,0.030383,0.713037,0.012294
3961_200_31_78,5,5,0.037152,0.025315,0.014324,0.091851,0.012047,0.768232,0.051079
3961_200_1478_1516,3,5,0.011273,0.038781,0.027478,0.085979,0.013884,0.736337,0.086268
3961_200_789_826,3,3,0.021907,0.082321,0.04671,0.604826,0.126748,0.040379,0.077108
3961_199_1862_1907,3,3,0.010384,0.044263,0.011748,0.8362,0.035932,0.009899,0.051574
3961_199_836_861,3,3,0.010798,0.006712,0.009198,0.894883,0.017597,0.013607,0.047206
3961_200_1915_1934,3,3,0.005949,0.011054,0.018985,0.896501,0.017905,0.025466,0.02414
3965_199_31_174,3,3,0.0111,0.0096,0.144575,0.514963,0.213852,0.06629,0.039621
3965_200_1231_1482,0,0,0.672921,0.193962,0.00984,0.056413,0.019183,0.032135,0.015546
3965_200_1850_2084,0,0,0.720144,0.133919,0.007622,0.077993,0.014303,0.037265,0.008754
3965_199_995_1207,3,3,0.021688,0.071777,0.020622,0.69023,0.064809,0.070599,0.060276
3965_199_1530_1833,3,3,0.016507,0.015089,0.012789,0.737164,0.02743,0.01612,0.174901
3965_200_222_324,1,3,0.013185,0.040966,0.088145,0.456315,0.112117,0.036206,0.253066
3965_199_2100_2297,3,3,0.04731,0.027705,0.030287,0.660697,0.045199,0.039834,0.148968
3965_200_825_994,0,1,0.181023,0.436412,0.016478,0.276749,0.031744,0.03094,0.026654
3965_200_410_593,1,1,0.035264,0.366911,0.040702,0.118049,0.356943,0.032404,0.049727
3965_200_2310_2421,1,0,0.641888,0.214988,0.009188,0.055249,0.020356,0.047401,0.01093
3965_199_622_799,1,4,0.041485,0.379116,0.053241,0.04902,0.401699,0.015089,0.060351
3965_199_367_395,4,5,0.008167,0.014504,0.031063,0.139331,0.007332,0.712195,0.087407
3972_199_31_184,4,3,0.080645,0.111926,0.020316,0.568296,0.122442,0.067491,0.028883
3972_200_1250_1370,4,0,0.495016,0.417842,0.005675,0.040657,0.012066,0.007709,0.021034
3972_199_868_1218,4,3,0.044219,0.098198,0.016436,0.591237,0.172475,0.043472,0.033964
3972_200_1572_1682,1,1,0.306514,0.476631,0.007639,0.13551,0.026148,0.010465,0.037093
3972_200_222_443,1,0,0.537586,0.342353,0.014581,0.054908,0.024555,0.015364,0.010653
3972_199_1388_1526,1,1,0.188209,0.400327,0.02555,0.245683,0.075905,0.028114,0.036212
3972_199_2143_2464,3,3,0.056659,0.175705,0.018649,0.49571,0.167487,0.048631,0.037158
3972_200_2055_2110,4,4,0.019888,0.232691,0.017641,0.034668,0.555455,0.002235,0.137422
3972_199_455_573,3,3,0.329788,0.110291,0.01055,0.438352,0.046159,0.053911,0.010949
3972_200_665_849,4,1,0.18396,0.569407,0.006845,0.010111,0.205903,0.004411,0.019364
3972_199_1713_1756,3,3,0.018261,0.033196,0.039514,0.726783,0.115506,0.010997,0.055743
3973_200_118_163,4,6,0.01342,0.061593,0.026733,0.1689,0.059809,0.052553,0.616993
3973_199_1155_1300,0,0,0.757462,0.156545,0.021287,0.008997,0.008266,0.035462,0.011981
3973_199_1553_1833,1,3,0.209667,0.168674,0.02188,0.399333,0.083339,0.086511,0.030597
3973_199_177_289,5,5,0.318309,0.145427,0.022774,0.026837,0.018357,0.460538,0.007758
3973_200_1323_1503,1,0,0.787888,0.177135,0.003318,0.006444,0.005963,0.014218,0.005033
3973_199_786_974,1,0,0.471984,0.422828,0.017065,0.023264,0.02743,0.022043,0.015385
3973_199_527_604,1,0,0.492332,0.199495,0.012402,0.112857,0.01808,0.13511,0.029724
3973_200_1003_1134,1,3,0.133437,0.028973,0.013201,0.652157,0.011635,0.126047,0.034549
3973_200_325_470,1,5,0.09914,0.078728,0.014766,0.322485,0.010216,0.416909,0.057755
3973_200_633_772,0,0,0.919993,0.0556,0.005063,0.001821,0.002303,0.011961,0.003258
3973_199_31_88,5,3,0.011691,0.007467,0.013456,0.629969,0.012129,0.148256,0.177032
3973_200_1907_1975,0,0,0.822062,0.057274,0.042187,0.015397,0.017903,0.033256,0.011921
3979_200_1219_1332,3,3,0.011746,0.012288,0.011039,0.911298,0.023909,0.016907,0.012813
3979_199_1133_1207,3,3,0.02632,0.060305,0.022873,0.431113,0.018756,0.420527,0.020106
3979_200_234_337,1,3,0.111973,0.143367,0.012834,0.56495,0.027305,0.056365,0.083206
3979_200_1436_1556,3,3,0.006287,0.005026,0.007483,0.909277,0.027425,0.016801,0.027701
3979_199_891_968,3,3,0.010408,0.027064,0.020054,0.862094,0.030376,0.033523,0.01648
3979_199_1346_1423,3,3,0.013953,0.027131,0.024421,0.702282,0.030695,0.192739,0.008779
3979_200_591_619,6,3,0.060043,0.1302,0.010003,0.62843,0.071095,0.03921,0.061019
3979_199_145_197,1,5,0.072418,0.10216,0.0547,0.259527,0.018543,0.458086,0.034566
3979_200_984_1122,3,3,0.019118,0.037882,0.01407,0.736641,0.04817,0.050502,0.093616
3979_199_638_667,3,3,0.011256,0.041276,0.014531,0.751517,0.030768,0.139032,0.011619
3979_200_438_542,6,3,0.056346,0.099029,0.019331,0.57006,0.069211,0.032422,0.153601
3979_200_31_104,1,0,0.48005,0.092743,0.04417,0.152771,0.009042,0.090801,0.130422
3979_200_689_862,3,3,0.02336,0.132349,0.005967,0.714028,0.065678,0.014656,0.043963
3979_199_366_420,5,5,0.015142,0.023954,0.008943,0.026507,0.011702,0.874738,0.039015
3979_199_562_580,3,3,0.011902,0.023826,0.008719,0.851893,0.021856,0.066818,0.014986
3988_199_117_177,1,5,0.00616,0.014072,0.023968,0.042506,0.016759,0.85245,0.044084
3988_199_1188_1416,1,6,0.069798,0.124361,0.036661,0.243663,0.240365,0.018848,0.266304
3988_200_236_271,1,1,0.125064,0.377507,0.144301,0.043852,0.156969,0.068041,0.084265
3988_199_1698_1831,1,1,0.053193,0.279164,0.103009,0.082836,0.258989,0.020924,0.201885
3988_200_1460_1658,1,4,0.006613,0.088937,0.415859,0.008784,0.445082,0.024107,0.010618
3988_199_870_989,6,6,0.030953,0.078953,0.038606,0.259176,0.049601,0.176315,0.366396
3988_200_1002_1165,1,1,0.103918,0.47012,0.091202,0.033492,0.117332,0.136164,0.047771
3988_199_292_427,1,6,0.027451,0.071162,0.058444,0.271012,0.105609,0.042316,0.424006
3988_199_618_689,1,5,0.032443,0.056469,0.091965,0.015544,0.02713,0.72392,0.052529
3988_200_442_572,1,5,0.089905,0.080565,0.023828,0.039232,0.038277,0.681828,0.046365
3988_200_31_104,1,5,0.162048,0.053917,0.019701,0.030959,0.034047,0.691798,0.007531
3988_200_743_831,1,5,0.058057,0.033259,0.071158,0.025936,0.136122,0.654644,0.020823
3988_200_1855_1961,1,4,0.015712,0.317433,0.077251,0.008957,0.565831,0.006015,0.008801
3989_199_1282_1359,3,3,0.010048,0.019804,0.005452,0.896788,0.010478,0.038061,0.019368
3989_199_1535_1702,3,3,0.016418,0.044017,0.013535,0.795008,0.050651,0.032586,0.047784
3989_199_253_333,3,3,0.0104,0.011498,0.018558,0.893428,0.01517,0.018815,0.032131
3989_200_1365_1523,3,3,0.006863,0.018033,0.007634,0.912171,0.013775,0.011378,0.030146
3989_200_899_1030,6,3,0.015002,0.059107,0.021949,0.825127,0.038836,0.025345,0.014633
3989_200_139_243,6,1,0.167008,0.501346,0.014055,0.021393,0.031974,0.213026,0.051198
3989_199_453_634,3,3,0.024713,0.068001,0.017002,0.707974,0.081741,0.051375,0.049194
3989_199_1041_1148,3,3,0.022,0.032414,0.005128,0.875433,0.013124,0.042764,0.009136
3989_199_31_97,3,3,0.015904,0.029187,0.034392,0.647666,0.03314,0.14286,0.09685
3989_200_348_448,5,5,0.008409,0.027305,0.007634,0.008383,0.010936,0.931609,0.005724
3989_200_1193_1276,3,3,0.010012,0.028613,0.02218,0.823373,0.024295,0.048983,0.042544
3989_199_768_873,3,3,0.011717,0.022781,0.016299,0.825256,0.058532,0.017555,0.04786
3989_200_644_747,3,3,0.003909,0.011572,0.01759,0.5326,0.023826,0.387059,0.023443
3989_200_1710_1757,3,3,0.00695,0.007174,0.003919,0.950563,0.012027,0.011203,0.008165
3986_200_2015_2223,1,5,0.026525,0.146476,0.035243,0.079663,0.053692,0.638995,0.019406
3986_200_178_296,1,5,0.051123,0.154642,0.156257,0.19025,0.175118,0.230668,0.041941
3986_200_1712_1801,1,5,0.038894,0.078422,0.057207,0.314734,0.020863,0.324864,0.165016
3986_199_736_966,1,1,0.045039,0.350743,0.100631,0.123449,0.189878,0.057356,0.132905
3986_200_1310_1456,1,3,0.025761,0.132949,0.030241,0.454819,0.144717,0.009507,0.202006
3986_199_529_631,1,6,0.014149,0.16683,0.179036,0.09943,0.17858,0.15139,0.210584
3986_200_988_1175,1,3,0.130181,0.321711,0.018702,0.41646,0.030863,0.058959,0.023125
3986_200_2321_2458,1,3,0.028588,0.11359,0.043128,0.621909,0.074573,0.02039,0.097821
3986_200_390_493,1,3,0.047744,0.195872,0.052542,0.474792,0.0779,0.059105,0.092044
3986_199_1490_1650,1,4,0.032163,0.204032,0.209117,0.077193,0.396885,0.010352,0.070258
3986_199_1207_1264,1,4,0.032761,0.16394,0.077545,0.119559,0.353397,0.027025,0.225773
3986_199_1845_1959,1,6,0.027452,0.142464,0.019765,0.19488,0.052957,0.006229,0.556253
3986_200_648_705,1,3,0.03172,0.081553,0.042084,0.623871,0.097502,0.024298,0.098973
3986_199_2245_2266,1,4,0.01188,0.064162,0.27645,0.029874,0.574107,0.005121,0.038406
4333_217_31_215,1,1,0.055483,0.461783,0.059649,0.027291,0.335893,0.009051,0.05085
4333_217_913_1310,1,1,0.1149,0.476741,0.033904,0.009716,0.301965,0.012061,0.050713
4333_217_2033_2132,3,3,0.022521,0.058756,0.014034,0.686105,0.024793,0.041314,0.152476
4333_217_1461_1775,0,0,0.563134,0.308284,0.021732,0.010686,0.038061,0.020425,0.037678
4333_218_232_367,3,3,0.029079,0.040974,0.01053,0.75138,0.02764,0.064561,0.075836
4333_218_1807_1837,3,3,0.036177,0.06495,0.085364,0.451452,0.052109,0.2566,0.053347
4333_218_1332_1456,3,3,0.212753,0.225677,0.040818,0.231673,0.0627,0.116371,0.110007
4333_217_376_708,0,5,0.117593,0.098994,0.018601,0.20325,0.021101,0.478197,0.062264
4333_218_733_889,3,3,0.024595,0.052881,0.027465,0.470759,0.025071,0.069408,0.329822
4333_217_1854_1895,3,3,0.009881,0.009308,0.025771,0.845808,0.019472,0.010983,0.078777
4333_218_1934_2032,6,3,0.038063,0.134904,0.018739,0.6381,0.026383,0.112092,0.031719
4483_225_1295_1350,5,5,0.038281,0.050834,0.017998,0.035403,0.020621,0.785432,0.051431
4483_226_1179_1270,1,3,0.028864,0.10165,0.057602,0.559715,0.119295,0.051406,0.081468
4483_226_225_343,1,0,0.500322,0.314314,0.016967,0.012143,0.041686,0.104675,0.009892
4483_226_1368_1480,1,4,0.040874,0.371911,0.033161,0.029743,0.43011,0.009934,0.084267
4483_225_827_952,4,4,0.026832,0.076465,0.075969,0.122654,0.313787,0.234538,0.149754
4483_225_559_765,6,1,0.163745,0.338485,0.058239,0.035718,0.262005,0.032574,0.109234
4483_225_139_190,6,6,0.045657,0.081228,0.111724,0.088731,0.098835,0.281265,0.292561
4483_226_963_1035,1,2,0.032807,0.274622,0.310164,0.163891,0.042291,0.076305,0.099921
4483_226_457_526,3,5,0.014887,0.07883,0.054846,0.201642,0.044526,0.546394,0.058875
4483_226_69_96,1,4,0.023753,0.212891,0.049535,0.040459,0.472308,0.119497,0.081556
4483_225_362_427,3,6,0.063363,0.160624,0.067161,0.102992,0.212315,0.035475,0.35807
4483_226_774_815,1,5,0.023207,0.093707,0.057813,0.272479,0.070495,0.384397,0.097903
4483_225_1056_1100,1,3,0.228776,0.152517,0.019057,0.303624,0.02681,0.042382,0.226833
4483_225_31_53,6,6,0.044252,0.090259,0.052443,0.199138,0.078425,0.052637,0.482846
4488_225_31_226,4,1,0.095544,0.224684,0.09159,0.098628,0.106442,0.201118,0.181994
4488_226_1104_1301,6,3,0.01555,0.011353,0.017282,0.626416,0.024371,0.028691,0.276337
4488_226_1663_1690,3,6,0.093265,0.273365,0.041926,0.139448,0.098111,0.074109,0.279776
4488_226_244_353,1,0,0.461267,0.120553,0.021388,0.044576,0.059026,0.230225,0.062966
4488_226_1361_1630,3,6,0.02108,0.028233,0.010718,0.27609,0.022968,0.059724,0.581187
4488_225_883_962,4,4,0.081924,0.145735,0.070604,0.096033,0.36809,0.050646,0.186968
4488_225_1308_1356,5,5,0.023565,0.024794,0.013077,0.05823,0.02386,0.810287,0.046187
4488_226_503_628,4,5,0.145056,0.168946,0.036411,0.069193,0.101352,0.438507,0.040534
4488_225_636_701,4,4,0.009615,0.097455,0.195736,0.023627,0.566616,0.025455,0.081496
4488_226_976_1062,6,3,0.012971,0.043343,0.03951,0.493082,0.04708,0.040155,0.32386
4488_225_394_489,4,4,0.047259,0.265893,0.095384,0.008383,0.520176,0.016774,0.046132
4488_226_714_867,4,4,0.024428,0.056947,0.0618,0.044764,0.744824,0.03495,0.032287
4488_225_1073_1097,5,5,0.010129,0.008061,0.013402,0.060368,0.00872,0.851193,0.048127
4488_225_1634_1659,5,5,0.003991,0.003522,0.009576,0.025536,0.007326,0.942291,0.007758
4493_225_113_242,6,4,0.010618,0.088357,0.074645,0.016115,0.640261,0.023345,0.146659
4493_226_1127_1277,4,6,0.031407,0.216806,0.080891,0.091909,0.253817,0.065939,0.259229
4493_226_1613_1700,3,3,0.037648,0.025763,0.024285,0.749681,0.02629,0.019568,0.116764
4493_226_251_374,1,6,0.030864,0.121469,0.136087,0.220153,0.136482,0.04214,0.312804
4493_226_1372_1537,5,5,0.036687,0.038111,0.023961,0.195421,0.016708,0.668136,0.020976
4493_226_915_964,4,4,0.006817,0.071554,0.060867,0.141253,0.501905,0.020899,0.196705
4493_225_1299_1356,6,5,0.007323,0.003057,0.006696,0.101441,0.017094,0.846133,0.018257
4493_226_555_649,2,4,0.009895,0.116167,0.17041,0.05333,0.550458,0.029042,0.070698
4493_225_1031_1105,5,4,0.056536,0.232168,0.067228,0.026673,0.273952,0.120539,0.222904
4493_225_415_525,6,1,0.14815,0.322086,0.029524,0.065379,0.216755,0.020361,0.197744
4493_226_31_98,2,3,0.015347,0.046519,0.07619,0.317077,0.020573,0.306787,0.217507
4493_225_660_707,6,6,0.029189,0.044193,0.051127,0.051682,0.090047,0.142255,0.591506
4493_225_1548_1600,6,3,0.006388,0.002065,0.008849,0.768138,0.006547,0.196089,0.011924
4493_225_842_903,1,2,0.006306,0.229176,0.300696,0.037376,0.180564,0.133008,0.112874
4493_226_741_818,1,6,0.013551,0.033252,0.02179,0.199958,0.143971,0.042273,0.545205
4492_225_117_144,6,5,0.014225,0.044554,0.069019,0.124984,0.046507,0.512478,0.188234
4492_226_31_114,3,3,0.005516,0.006319,0.02294,0.84518,0.018168,0.018483,0.083393
4492_225_691_789,4,4,0.036349,0.093344,0.019036,0.086138,0.463322,0.009796,0.292015
4492_225_231_255,2,5,0.00767,0.032859,0.173201,0.069351,0.11082,0.375908,0.230191
4492_225_988_1084,4,4,0.03142,0.172181,0.048676,0.032603,0.546559,0.009878,0.158683
4492_226_284_461,1,3,0.029439,0.159395,0.104578,0.283834,0.211693,0.02922,0.18184
4492_226_637_670,6,6,0.102267,0.089998,0.066949,0.10768,0.071516,0.17569,0.385901
4492_226_916_958,4,5,0.0263,0.032633,0.010303,0.043942,0.019286,0.814787,0.052749
4492_225_578_621,6,2,0.00483,0.036884,0.356702,0.034431,0.296832,0.137263,0.133058
4492_226_168_199,3,6,0.02721,0.08799,0.038162,0.26751,0.20328,0.02295,0.352897
4492_226_1092_1138,4,4,0.013789,0.068916,0.065269,0.151302,0.414477,0.10466,0.181588
4492_226_807_855,3,3,0.023284,0.040153,0.049818,0.350068,0.045087,0.175894,0.315694
4492_225_468_498,3,3,0.019173,0.031858,0.166098,0.514958,0.156042,0.019009,0.092862
4492_225_863_893,1,6,0.019136,0.109722,0.080011,0.082504,0.188635,0.063075,0.456917
4492_226_536_571,3,6,0.035124,0.079519,0.063876,0.175727,0.042703,0.176135,0.426917
4501_225_108_183,1,6,0.016567,0.044244,0.052545,0.198752,0.019466,0.05264,0.615787
4501_225_1261_1398,1,1,0.035607,0.423202,0.178205,0.01974,0.291961,0.021337,0.029948
4501_226_1126_1261,1,4,0.018886,0.127145,0.181324,0.056198,0.365701,0.224094,0.026652
4501_225_1605_1712,1,3,0.076697,0.179959,0.033063,0.283555,0.113011,0.033383,0.280332
4501_225_249_329,1,4,0.050667,0.12495,0.199909,0.068926,0.417868,0.027838,0.109842
4501_226_1712_1866,4,4,0.101588,0.215357,0.128255,0.208633,0.23693,0.028578,0.080658
4501_226_1398_1605,1,4,0.028409,0.128248,0.11799,0.059466,0.467914,0.076506,0.121467
4501_226_853_995,1,5,0.028438,0.168067,0.217363,0.102512,0.054313,0.316385,0.112923
4501_226_183_249,5,3,0.010744,0.020026,0.029823,0.393551,0.031671,0.344838,0.169347
4501_226_507_598,1,5,0.154613,0.06362,0.013381,0.015724,0.021292,0.727287,0.004083
4501_225_995_1126,5,2,0.013916,0.081846,0.315078,0.220042,0.063416,0.166045,0.139656
4501_225_598_853,1,4,0.059918,0.197113,0.232432,0.030486,0.350261,0.034291,0.095499
4501_225_365_507,1,2,0.050815,0.276202,0.287162,0.011073,0.285289,0.026311,0.063148
4501_225_31_68,2,3,0.01774,0.017116,0.021912,0.707722,0.018879,0.049999,0.166631
4501_226_68_108,5,3,0.010236,0.005557,0.008633,0.721713,0.007893,0.107554,0.138412
4517_226_122_188,6,6,0.011093,0.103774,0.014905,0.158499,0.225091,0.03609,0.450548
4517_225_1263_1481,2,4,0.05147,0.351073,0.035807,0.018112,0.435185,0.011315,0.097037
4517_226_1125_1238,4,5,0.020981,0.043129,0.020277,0.033464,0.045831,0.778152,0.058167
4517_225_208_287,5,5,0.00668,0.013345,0.01144,0.024837,0.015661,0.916719,0.011318
4517_225_863_934,5,5,0.025009,0.003912,0.004771,0.295932,0.007987,0.650821,0.011569
4517_226_939_964,3,3,0.01058,0.043068,0.114828,0.585636,0.014326,0.192186,0.039376
4517_226_515_664,1,6,0.010619,0.062822,0.018834,0.267717,0.043025,0.069974,0.52701
4517_225_981_1110,1,1,0.065098,0.465024,0.037502,0.010584,0.375051,0.006153,0.040587
4517_226_311_362,1,4,0.026887,0.139272,0.217175,0.009333,0.414685,0.117543,0.075105
4517_225_391_504,5,5,0.009489,0.049391,0.018916,0.043878,0.035005,0.806666,0.036656
4517_225_31_97,6,5,0.010907,0.026499,0.049834,0.03599,0.035715,0.485099,0.355955
4517_226_1506_1558,1,6,0.02247,0.054583,0.151457,0.168603,0.174675,0.103912,0.3243
4517_226_814_839,3,3,0.007685,0.025372,0.027343,0.789898,0.019319,0.07277,0.057612
4517_225_677_802,5,5,0.009161,0.011863,0.016262,0.042572,0.030521,0.871747,0.017874
4515_226_120_173,1,5,0.011579,0.044794,0.01995,0.025898,0.02343,0.806972,0.067376
4515_225_1281_1314,2,4,0.008609,0.132288,0.215041,0.009604,0.585644,0.006096,0.042719
4515_226_1149_1262,1,5,0.146667,0.055363,0.015149,0.021531,0.02057,0.716646,0.024075
4515_225_181_281,1,1,0.036419,0.801951,0.013253,0.010024,0.092374,0.01129,0.034689
4515_225_1411_1472,1,1,0.068985,0.729942,0.041139,0.005105,0.132345,0.007625,0.014859
4515_226_799_937,1,5,0.007269,0.021353,0.030958,0.159967,0.040635,0.713427,0.02639
4515_225_945_970,4,4,0.063463,0.321739,0.089728,0.005359,0.451839,0.019458,0.048414
4515_226_1322_1394,1,1,0.183566,0.343686,0.027133,0.157654,0.022809,0.118164,0.146987
4515_225_570_770,1,1,0.349364,0.44671,0.022729,0.036067,0.038789,0.046022,0.06032
4515_225_1095_1126,1,4,0.020115,0.197163,0.085136,0.004602,0.654665,0.006003,0.032315
4515_226_302_404,1,3,0.033383,0.056066,0.023849,0.567398,0.074939,0.027386,0.216979
4515_226_996_1066,1,0,0.330626,0.235049,0.025929,0.049514,0.046095,0.205892,0.106895
4515_226_438_550,3,3,0.014681,0.01566,0.013511,0.599336,0.020519,0.117334,0.218959
4515_225_31_101,4,4,0.022534,0.325044,0.10721,0.004304,0.45285,0.016334,0.071724
4515_225_411_429,5,5,0.038623,0.06487,0.024852,0.01737,0.049011,0.748169,0.057105
4721_238_119_248,1,5,0.014617,0.089813,0.066396,0.035444,0.016936,0.745845,0.030948
4721_238_1225_1324,4,1,0.018434,0.312165,0.11399,0.209995,0.162686,0.068445,0.114285
4721_237_1005_1224,4,4,0.026643,0.06674,0.052957,0.143262,0.420491,0.262968,0.026939
4721_237_1600_1727,4,4,0.004409,0.031042,0.068695,0.010703,0.856308,0.009521,0.019323
4721_237_250_507,1,4,0.026327,0.136666,0.081031,0.009088,0.570282,0.060638,0.115968
4721_237_1330_1473,4,4,0.021231,0.187526,0.202017,0.023705,0.507039,0.016228,0.042254
4721_238_726_1000,1,2,0.013068,0.153599,0.580003,0.070019,0.04813,0.056914,0.078267
4721_238_520_641,4,5,0.009775,0.169739,0.216122,0.022645,0.137425,0.343733,0.100561
4721_238_1744_1796,1,1,0.032916,0.417466,0.113967,0.030731,0.337382,0.015466,0.052072
4721_237_31_108,5,5,0.03441,0.046844,0.05769,0.111583,0.037058,0.468248,0.244167
4721_238_1503_1588,4,4,0.021706,0.262768,0.10503,0.167766,0.265682,0.013083,0.163965
4721_237_641_710,5,5,0.009951,0.039406,0.110138,0.018489,0.025507,0.779925,0.016583
4726_237_2182_2490,1,1,0.015692,0.285371,0.168368,0.112549,0.235737,0.03076,0.151524
4726_237_31_297,2,2,0.006075,0.143231,0.447287,0.00919,0.352094,0.023835,0.018288
4726_238_1099_1391,6,1,0.03697,0.34289,0.282282,0.015862,0.057483,0.183508,0.081006
4726_237_2864_3037,5,1,0.113865,0.53576,0.063679,0.029765,0.09163,0.111172,0.054129
4726_238_2661_2864,1,1,0.051,0.436418,0.108521,0.095233,0.091809,0.124729,0.092291
4726_237_1391_1715,1,1,0.016932,0.361564,0.198861,0.034071,0.241035,0.046648,0.100889
4726_238_2490_2612,5,4,0.036312,0.236819,0.195077,0.057782,0.319284,0.092933,0.061793
4726_238_828_935,5,4,0.018087,0.124421,0.073894,0.168001,0.373654,0.06489,0.177054
4726_238_1715_2182,1,2,0.022249,0.199985,0.288417,0.098956,0.191681,0.136277,0.062435
4726_238_297_703,5,5,0.017225,0.23452,0.182198,0.052321,0.084614,0.368681,0.060441
4726_237_703_828,5,5,0.014057,0.13419,0.070824,0.016443,0.059992,0.694892,0.009603
4726_237_935_1099,1,1,0.097585,0.675841,0.053477,0.006034,0.099955,0.046027,0.021082
4726_237_2612_2661,1,4,0.011791,0.203348,0.050014,0.032013,0.630233,0.008947,0.063654
4725_237_31_144,4,4,0.012886,0.276167,0.182965,0.006064,0.43647,0.043771,0.041676
4725_238_1196_1317,1,1,0.061622,0.779965,0.04003,0.015631,0.04734,0.012294,0.043119
4725_237_1666_1753,4,6,0.020388,0.12438,0.047252,0.189166,0.02903,0.031173,0.558611
4725_237_254_474,1,1,0.087451,0.479231,0.125206,0.010752,0.114174,0.115574,0.067611
4725_238_1768_1842,4,6,0.01031,0.150831,0.085437,0.118185,0.196172,0.037847,0.401218
4725_238_1420_1505,1,6,0.020999,0.180874,0.064779,0.105254,0.195956,0.022654,0.409484
4725_237_838_961,1,1,0.03971,0.442663,0.131801,0.025177,0.046208,0.101843,0.212599
4725_238_156_230,5,5,0.024506,0.120228,0.040242,0.012698,0.023354,0.766711,0.01226
4725_237_1339_1393,6,5,0.072222,0.211897,0.057467,0.030338,0.017324,0.380665,0.230087
4725_238_489_622,1,1,0.259645,0.578694,0.065103,0.005215,0.040432,0.033229,0.017682
4725_237_1106_1182,5,5,0.073672,0.202529,0.044238,0.009094,0.017634,0.622276,0.030556
4725_238_988_1089,4,2,0.014948,0.218654,0.432976,0.016926,0.073723,0.137802,0.104971
4725_237_1523_1566,2,6,0.012661,0.091035,0.217717,0.046572,0.018099,0.184666,0.429251
4725_237_643_729,1,1,0.180341,0.422257,0.106201,0.028952,0.122085,0.041531,0.098632
4725_238_1574_1649,6,6,0.017661,0.135843,0.167509,0.048509,0.1045,0.142981,0.382996
4725_238_770_821,1,4,0.017958,0.214698,0.236604,0.012632,0.237572,0.199861,0.080676
4730_238_107_203,5,4,0.009629,0.307652,0.078078,0.034385,0.40292,0.074026,0.093311
4730_238_1271_1373,5,1,0.073444,0.435853,0.060211,0.082424,0.05856,0.084008,0.205499
4730_237_1100_1271,5,5,0.004466,0.032834,0.018674,0.039124,0.011545,0.874233,0.019124
4730_237_1625_1748,3,3,0.010139,0.047726,0.056976,0.720041,0.059192,0.010061,0.095865
4730_237_203_298,5,5,0.057084,0.223584,0.055548,0.023425,0.020027,0.473118,0.147214
4730_237_1373_1478,5,5,0.036874,0.190297,0.033864,0.023523,0.021165,0.682412,0.011865
4730_237_835_941,1,1,0.036166,0.756366,0.0313,0.111045,0.020666,0.02423,0.020226
4730_238_941_1100,3,6,0.014066,0.098973,0.09459,0.134363,0.029849,0.197115,0.431045
4730_238_551_620,5,5,0.006677,0.036256,0.02879,0.025485,0.010541,0.838061,0.054189
4730_238_1748_1774,5,6,0.011841,0.083538,0.071295,0.313136,0.074317,0.04223,0.403645
4730_238_298_455,5,5,0.016726,0.20723,0.061126,0.029377,0.071304,0.530272,0.083964
4730_237_620_762,5,1,0.03265,0.395276,0.161315,0.053377,0.087454,0.157412,0.112516
4730_237_455_551,1,1,0.023423,0.290369,0.081701,0.128374,0.144127,0.097237,0.23477
4730_237_31_107,1,1,0.022773,0.259095,0.098687,0.146483,0.217111,0.038341,0.217509
4730_238_1478_1625,1,1,0.021176,0.306021,0.140327,0.305694,0.048201,0.042584,0.135998
4730_238_762_835,3,6,0.017583,0.08161,0.140425,0.17928,0.076949,0.0996,0.404553
4737_238_2455_2500,6,5,0.051679,0.189713,0.043126,0.039807,0.078327,0.486612,0.110735
4737_238_31_237,6,4,0.014903,0.107973,0.143791,0.088538,0.311133,0.157765,0.175897
4737_237_1282_1369,3,3,0.019905,0.041917,0.090405,0.594715,0.076051,0.127861,0.049146
4737_238_940_1265,6,5,0.021411,0.246145,0.076026,0.1124,0.019108,0.424366,0.100544
4737_237_2524_2901,6,6,0.03778,0.127054,0.101343,0.035187,0.022091,0.301194,0.375351
4737_237_1502_1947,5,2,0.011312,0.215489,0.418342,0.047157,0.20928,0.042677,0.055744
4737_238_505_649,3,5,0.014261,0.03141,0.023278,0.020272,0.009362,0.895761,0.005656
4737_238_2273_2342,6,1,0.029745,0.225299,0.218438,0.130689,0.170749,0.043621,0.181459
4737_237_2075_2269,3,3,0.029341,0.111158,0.150789,0.478262,0.097653,0.079248,0.053548
4737_237_679_881,5,5,0.006438,0.014674,0.017434,0.011116,0.007445,0.939737,0.003156
4737_238_1404_1454,6,5,0.042884,0.145318,0.281876,0.011905,0.035279,0.411038,0.0717
4737_238_2003_2049,6,4,0.016516,0.137015,0.156433,0.018672,0.573667,0.045215,0.052482
4737_237_264_488,2,5,0.014835,0.075349,0.090854,0.020865,0.08876,0.69252,0.016816
4737_237_2370_2429,6,6,0.01395,0.057681,0.02675,0.071844,0.024334,0.35641,0.449031
4747_237_31_183,1,1,0.066634,0.292367,0.075881,0.035198,0.118261,0.24813,0.163527
4747_238_1222_1471,1,6,0.0069,0.031368,0.088543,0.188,0.043277,0.231246,0.410666
4747_237_1915_2142,4,4,0.02742,0.185847,0.05939,0.158844,0.434585,0.030941,0.102973
4747_237_976_1193,1,5,0.198937,0.32124,0.023418,0.041051,0.026703,0.350181,0.03847
4747_238_205_312,6,1,0.093765,0.61812,0.047195,0.036879,0.07356,0.083573,0.046908
4747_238_1690_1900,4,1,0.013665,0.406975,0.122248,0.145538,0.103115,0.134723,0.073737
4747_238_782_952,4,5,0.009305,0.076288,0.060318,0.171296,0.060431,0.370209,0.252153
4747_237_2228_2319,1,5,0.125895,0.163882,0.027738,0.012458,0.062669,0.591014,0.016344
4747_237_584_737,1,5,0.018189,0.040587,0.025156,0.008408,0.023494,0.878282,0.005885
4747_238_2336_2391,4,1,0.017722,0.334985,0.122235,0.075346,0.312978,0.050348,0.086386
4747_237_1497_1655,5,5,0.019778,0.02773,0.02143,0.263176,0.023295,0.604021,0.040572
4747_237_342_403,5,5,0.005004,0.023955,0.029605,0.052709,0.022312,0.823801,0.042614
4747_238_486_568,6,2,0.01316,0.118211,0.33646,0.028042,0.259852,0.128628,0.115648
4747_238_2157_2209,4,1,0.068564,0.353442,0.149018,0.066269,0.18869,0.099273,0.074744
4933_247_87_258,4,4,0.012938,0.097513,0.339233,0.020434,0.440416,0.061933,0.027533
4933_248_1225_1336,6,2,0.014978,0.12897,0.215677,0.185025,0.078527,0.170913,0.205909
4933_248_1901_2065,1,1,0.011697,0.444204,0.171165,0.028929,0.248651,0.036002,0.059352
4933_247_1030_1196,4,4,0.003269,0.044803,0.332391,0.009515,0.58159,0.02126,0.007172
4933_248_1555_1794,6,6,0.006796,0.185956,0.169048,0.051658,0.103981,0.218766,0.263796
4933_247_1815_1873,0,1,0.056733,0.28943,0.108825,0.108104,0.185595,0.072333,0.178981
4933_247_1360_1531,4,2,0.019405,0.202322,0.233434,0.041907,0.222928,0.135206,0.144796
4933_248_823_998,4,1,0.009411,0.297743,0.277053,0.133071,0.154648,0.027062,0.101012
4933_248_292_469,4,4,0.008248,0.112926,0.194344,0.090207,0.468931,0.046843,0.0785
4933_248_598_708,3,3,0.041739,0.341391,0.035729,0.421416,0.036737,0.064848,0.05814
4933_247_508_579,1,5,0.051314,0.109422,0.011375,0.154169,0.021209,0.637026,0.015484
4933_247_741_766,6,5,0.032039,0.089188,0.155739,0.06395,0.020325,0.341751,0.297008
4933_248_31_47,6,3,0.018249,0.061593,0.125209,0.350448,0.115087,0.022798,0.306616
4932_247_31_162,3,5,0.026215,0.071159,0.278618,0.051652,0.01737,0.482367,0.072618
4932_247_1176_1308,3,3,0.146496,0.08529,0.121981,0.29152,0.031399,0.223836,0.099479
4932_247_1552_1689,2,5,0.005894,0.015975,0.087145,0.052668,0.038865,0.783874,0.015579
4932_248_173_269,3,5,0.014912,0.1085,0.032412,0.194487,0.018458,0.559448,0.071783
4932_248_1701_1826,4,4,0.019728,0.261902,0.077615,0.107576,0.275404,0.053475,0.2043
4932_248_1412_1550,4,3,0.025913,0.136835,0.049449,0.48892,0.140799,0.075325,0.082759
4932_247_864_949,1,2,0.014734,0.119406,0.343327,0.076777,0.096647,0.29396,0.055149
4932_247_1351_1402,2,5,0.058613,0.108602,0.128379,0.0468,0.029606,0.433764,0.194236
4932_247_576_694,5,1,0.227149,0.428342,0.030639,0.070388,0.025426,0.185628,0.032428
4932_248_969_1165,3,1,0.041283,0.42649,0.047468,0.34043,0.036016,0.066336,0.041977
4932_247_277_450,3,5,0.006478,0.012383,0.018115,0.046353,0.009393,0.893895,0.013383
4932_248_458_572,6,1,0.017219,0.541343,0.029008,0.172326,0.019195,0.133212,0.087698
4932_248_721_845,3,1,0.034003,0.410922,0.067451,0.242903,0.025295,0.072289,0.147137
4932_247_1845_1903,4,5,0.314441,0.151685,0.039947,0.009854,0.028746,0.437879,0.017448
4932_248_1308_1333,3,3,0.010705,0.091659,0.025869,0.451126,0.014503,0.069997,0.336141
4944_248_68_131,5,5,0.009313,0.139482,0.041123,0.109623,0.05649,0.530196,0.113773
4944_248_1050_1319,1,4,0.016946,0.207864,0.060698,0.12011,0.445961,0.047554,0.100868
4944_247_1957_2050,5,5,0.021137,0.034811,0.032566,0.174956,0.030299,0.682477,0.023754
4944_247_1601_1759,1,4,0.039431,0.173266,0.155531,0.151901,0.308778,0.108888,0.062205
4944_248_249_349,5,1,0.07359,0.429997,0.032578,0.055079,0.044161,0.352161,0.012434
4944_248_1782_1956,1,4,0.005322,0.133371,0.053843,0.032725,0.731528,0.011295,0.031915
4944_248_1426_1577,6,1,0.019817,0.541376,0.036872,0.057636,0.239497,0.038934,0.065868
4944_248_762_970,5,3,0.013382,0.043694,0.02501,0.51847,0.26573,0.099136,0.034579
4944_247_132_210,5,5,0.03513,0.086064,0.077722,0.049151,0.042141,0.67148,0.038312
4944_247_1322_1425,5,3,0.027374,0.016657,0.023091,0.724647,0.018036,0.128888,0.061307
4944_248_528_598,5,1,0.163448,0.491779,0.024494,0.020067,0.017246,0.277743,0.005222
4944_247_626_749,1,6,0.009127,0.036316,0.067132,0.281693,0.272129,0.050133,0.283469
4944_247_351_504,5,1,0.055843,0.284368,0.146942,0.088762,0.096953,0.251445,0.075687
4944_247_31_60,1,3,0.009555,0.02437,0.078135,0.60962,0.045915,0.066323,0.166083
4944_247_971_1023,1,1,0.170405,0.412291,0.090288,0.100065,0.028022,0.081652,0.117278
4945_248_117_171,6,5,0.016157,0.197113,0.024282,0.027674,0.018358,0.679881,0.036535
4945_248_1223_1357,5,3,0.019963,0.092395,0.094613,0.411948,0.116594,0.174686,0.0898
4945_247_1088_1220,3,3,0.019079,0.029712,0.021534,0.577346,0.018896,0.292376,0.041056
4945_247_1660_1834,5,3,0.004641,0.003065,0.005114,0.870196,0.004803,0.106386,0.005794
4945_247_175_293,5,3,0.028308,0.043926,0.043645,0.642332,0.029565,0.110214,0.102009
4945_247_1361_1599,5,3,0.015047,0.008725,0.011989,0.797787,0.01604,0.07166,0.078751
4945_248_894_1083,6,3,0.016216,0.152009,0.067526,0.405574,0.128653,0.046168,0.183855
4945_248_569_690,1,1,0.035434,0.611862,0.081116,0.040889,0.169454,0.049197,0.012048
4945_248_298_382,1,1,0.183872,0.414855,0.08983,0.027969,0.03264,0.243972,0.006862
4945_247_386_564,4,3,0.022358,0.068102,0.044279,0.54709,0.033527,0.115423,0.169222
4945_247_31_112,3,3,0.015063,0.054317,0.059711,0.543909,0.019992,0.190161,0.116847
4945_247_695_890,4,3,0.034013,0.243993,0.146869,0.249697,0.063401,0.183464,0.078564
4945_248_1837_1920,6,1,0.007579,0.33831,0.147469,0.076074,0.323841,0.053159,0.053568
4945_248_1604_1655,3,5,0.033083,0.087387,0.023524,0.040355,0.016679,0.756098,0.042874
4945_247_1924_2025,2,3,0.012402,0.040951,0.027783,0.708954,0.0365,0.143953,0.029458
4955_247_31_249,1,1,0.145107,0.33224,0.045789,0.065044,0.100279,0.124695,0.186846
4955_248_1294_1349,6,6,0.012857,0.204279,0.085692,0.026653,0.267897,0.080518,0.322103
4955_247_1136_1273,6,5,0.140409,0.081601,0.053522,0.16008,0.081539,0.357663,0.125187
4955_247_1676_1756,0,3,0.090277,0.162331,0.036645,0.288818,0.036065,0.19755,0.188315
4955_248_1405_1599,6,5,0.004771,0.087351,0.04265,0.079887,0.048196,0.390381,0.346764
4955_248_864_1095,1,6,0.005394,0.228372,0.073489,0.028553,0.095381,0.271373,0.297438
4955_248_577_633,6,6,0.010348,0.271208,0.102244,0.040642,0.21794,0.03997,0.317648
4955_248_293_500,1,5,0.022509,0.227331,0.089032,0.052,0.152851,0.257197,0.199079
4955_247_788_841,6,5,0.045195,0.073629,0.087129,0.137938,0.025707,0.497678,0.132723
4955_247_651_686,1,1,0.189921,0.278916,0.070511,0.063498,0.027638,0.24021,0.129306
4955_248_704_738,6,1,0.025152,0.322619,0.080554,0.067539,0.082301,0.186786,0.235048
4955_247_1362_1381,5,5,0.061766,0.132381,0.045559,0.028193,0.03074,0.633038,0.068323
4955_247_1617_1630,3,3,0.028015,0.019222,0.019956,0.701122,0.020052,0.027299,0.184334
4955_248_1650_1667,6,5,0.008676,0.014911,0.025564,0.327949,0.014244,0.448018,0.160638
4955_247_525_542,6,5,0.019928,0.069672,0.138793,0.091949,0.0343,0.500809,0.144548
5165_259_31_262,5,5,0.036748,0.142183,0.02703,0.008532,0.079821,0.695607,0.01008
5165_260_1206_1363,3,1,0.019685,0.287648,0.13651,0.146052,0.062904,0.266103,0.081098
5165_259_921_1203,1,1,0.120044,0.348739,0.033531,0.019047,0.274116,0.1037,0.100822
5165_259_1591_1773,1,1,0.172113,0.47915,0.02555,0.014055,0.148407,0.044898,0.115826
5165_260_1792_1841,3,5,0.095594,0.346698,0.03385,0.017697,0.020737,0.467462,0.017962
5165_259_1366_1551,1,1,0.29577,0.382045,0.018715,0.004784,0.061532,0.179984,0.057169
5165_260_476_599,3,1,0.019553,0.267296,0.214092,0.179559,0.099449,0.158157,0.061893
5165_259_329_458,1,1,0.291251,0.611879,0.009266,0.00435,0.049568,0.018862,0.014823
5165_259_609_710,1,4,0.016129,0.196562,0.044316,0.023176,0.388127,0.06556,0.26613
5165_260_772_907,3,1,0.080577,0.465828,0.124953,0.124486,0.068471,0.034057,0.101628
5165_259_1842_1971,1,1,0.164649,0.464304,0.030009,0.009004,0.17017,0.025228,0.136637
5165_260_1577_1590,3,3,0.010001,0.019118,0.042244,0.833442,0.018636,0.030627,0.045931
5165_260_275_300,3,1,0.067128,0.50405,0.051361,0.089362,0.073703,0.050521,0.163874
5169_260_31_252,1,1,0.015121,0.409802,0.089989,0.266437,0.070079,0.030785,0.117786
5169_259_1171_1478,3,1,0.06043,0.613702,0.02797,0.035157,0.152518,0.031206,0.079017
5169_260_2042_2092,3,3,0.014781,0.092501,0.040526,0.679431,0.05704,0.015345,0.100375
5169_259_1608_1694,5,1,0.023283,0.409639,0.071815,0.045111,0.111479,0.318763,0.019911
5169_260_1705_1907,3,1,0.009503,0.352861,0.079698,0.211824,0.130733,0.053947,0.161435
5169_259_2105_2280,3,3,0.011505,0.028302,0.018723,0.787848,0.016218,0.084041,0.053363
5169_259_2318_2487,3,1,0.052707,0.364325,0.036727,0.330661,0.062134,0.052847,0.100599
5169_259_788_983,3,5,0.014926,0.119716,0.023248,0.038195,0.079468,0.657986,0.066461
5169_260_2288_2316,3,3,0.043492,0.321939,0.052985,0.372785,0.027078,0.00817,0.173552
5169_260_528_785,1,3,0.008211,0.166585,0.157427,0.33677,0.023748,0.084519,0.222741
5169_260_984_1169,3,6,0.011633,0.137542,0.071263,0.308557,0.07536,0.069834,0.325812
5169_259_258_381,3,5,0.010569,0.072704,0.020245,0.101883,0.033713,0.611171,0.149715
5169_260_383_481,3,1,0.021472,0.359002,0.102734,0.176264,0.062416,0.069491,0.208622
5169_260_1504_1587,1,1,0.026644,0.402668,0.086971,0.17355,0.161813,0.016625,0.131729
5169_259_483_522,5,5,0.003906,0.075321,0.02628,0.014205,0.019829,0.82755,0.032909
5169_259_1921_2013,3,3,0.010311,0.007484,0.008176,0.586174,0.006502,0.374809,0.006544
5174_259_1174_1493,3,1,0.019764,0.399086,0.068978,0.010086,0.270296,0.020571,0.211218
5174_260_159_408,6,6,0.019809,0.24118,0.091963,0.109409,0.226914,0.02113,0.289595
5174_259_1705_1863,3,6,0.02419,0.249116,0.094239,0.105071,0.056194,0.134781,0.336409
5174_259_31_126,4,1,0.04855,0.448983,0.069749,0.020189,0.092926,0.063899,0.255703
5174_259_819_1118,6,1,0.087476,0.432765,0.116543,0.023682,0.08436,0.133265,0.121909
5174_260_582_606,6,5,0.013966,0.032624,0.024083,0.047098,0.014617,0.551142,0.31647
5174_260_1138_1150,5,5,0.057264,0.152185,0.057549,0.07087,0.056978,0.490719,0.114435
5174_260_2053_2111,3,3,0.009459,0.058897,0.017312,0.806983,0.018944,0.04283,0.045574
5174_259_447_560,6,6,0.020602,0.112673,0.083082,0.18218,0.066631,0.247964,0.286868
5174_260_1872_1915,5,5,0.062573,0.1537,0.039999,0.101707,0.009477,0.612707,0.019837
5174_259_659_754,6,6,0.026056,0.280738,0.037373,0.073712,0.077243,0.095549,0.409328
5174_260_1537_1675,6,6,0.031439,0.21409,0.137867,0.156475,0.14371,0.071807,0.244613
5174_260_769_791,5,6,0.017562,0.035342,0.040397,0.328382,0.021544,0.227754,0.329019
5174_259_1953_2029,3,3,0.027451,0.147475,0.027964,0.549235,0.041107,0.01307,0.193698
5177_260_31_154,1,1,0.352156,0.379467,0.105058,0.082776,0.014773,0.034629,0.031142
5177_259_1284_1357,1,0,0.577285,0.32212,0.015366,0.006468,0.033845,0.030249,0.014666
5177_259_1966_2063,0,0,0.896991,0.040061,0.003388,0.001931,0.004434,0.05006,0.003135
5177_260_1101_1260,0,0,0.644201,0.196017,0.066157,0.011999,0.023921,0.04752,0.010185
5177_259_1551_1796,0,0,0.930992,0.038718,0.003307,0.000684,0.004871,0.019705,0.001722
5177_259_254_495,1,0,0.92267,0.05531,0.00386,0.000791,0.003609,0.01126,0.0025
5177_260_1817_1950,1,0,0.834007,0.109628,0.008529,0.004777,0.012359,0.02541,0.00529
5177_260_1384_1521,1,1,0.4322,0.458634,0.013231,0.024506,0.046663,0.01167,0.013096
5177_259_857_1077,1,0,0.855661,0.096046,0.007233,0.001622,0.005632,0.028292,0.005515
5177_259_2234_2325,1,0,0.611491,0.335076,0.006328,0.005296,0.010292,0.011844,0.019672
5177_260_505_841,0,0,0.605558,0.3478,0.014445,0.009442,0.0073,0.00908,0.006374
5177_260_2349_2452,0,0,0.722306,0.215676,0.013658,0.007491,0.00933,0.020734,0.010805
5177_260_2086_2195,1,0,0.625747,0.27744,0.022566,0.015138,0.02539,0.02192,0.0118
5179_260_31_190,1,5,0.100782,0.284654,0.030859,0.060591,0.015929,0.484354,0.022832
5179_260_1160_1381,3,6,0.029139,0.155867,0.040543,0.291519,0.063999,0.083303,0.335631
5179_259_2003_2108,4,1,0.03938,0.31408,0.067276,0.057822,0.287716,0.079604,0.154122
5179_259_247_689,4,1,0.093031,0.310274,0.031654,0.113854,0.286304,0.030525,0.134359
5179_259_1786_1904,4,1,0.267131,0.466163,0.048411,0.006698,0.108779,0.074655,0.028163
5179_259_1420_1637,3,6,0.028175,0.140982,0.018392,0.125187,0.142463,0.138774,0.406027
5179_260_2153_2219,3,3,0.03087,0.057062,0.013635,0.793828,0.012332,0.067973,0.0243
5179_259_825_1078,4,4,0.014579,0.179018,0.085383,0.00674,0.527769,0.031351,0.155159
5179_259_2256_2357,4,1,0.204575,0.432176,0.056903,0.02706,0.059695,0.128542,0.091049
5179_260_740_778,6,3,0.033227,0.143192,0.084924,0.529199,0.03412,0.050043,0.125295
5179_260_2378_2399,3,3,0.020443,0.079733,0.072162,0.65524,0.037818,0.047024,0.087578
5179_260_1930_1988,6,1,0.091718,0.329575,0.06137,0.105563,0.074983,0.282407,0.054384
5179_260_1717_1740,5,1,0.386173,0.406579,0.040215,0.007495,0.04108,0.095017,0.023441
5184_260_128_266,4,6,0.03386,0.169963,0.054682,0.240248,0.080017,0.072623,0.348606
5184_259_895_1350,3,3,0.042156,0.071179,0.029758,0.475495,0.109498,0.090219,0.181693
5184_259_1667_1715,3,3,0.01025,0.051219,0.029827,0.677036,0.05498,0.020593,0.156095
5184_260_1443_1529,3,3,0.010172,0.013131,0.09188,0.804856,0.011654,0.015258,0.053048
5184_259_420_666,1,4,0.0095,0.259262,0.154156,0.04472,0.286153,0.055014,0.191195
5184_260_1758_1787,3,3,0.010542,0.01925,0.020815,0.786098,0.020246,0.011215,0.131833
5184_259_294_355,5,1,0.042035,0.518539,0.108662,0.011135,0.219846,0.049413,0.05037
5184_259_31_114,5,5,0.003193,0.013956,0.017373,0.008723,0.011196,0.932615,0.012943
5184_260_1891_1908,3,3,0.010637,0.023063,0.034197,0.793186,0.021898,0.012582,0.104437
5184_260_372_403,5,5,0.031614,0.053715,0.083552,0.25385,0.009604,0.387567,0.180099
5184_259_744_790,5,5,0.038825,0.037894,0.057248,0.008338,0.033611,0.740751,0.083333
5184_260_689_699,5,5,0.09631,0.077932,0.074895,0.171972,0.055696,0.297239,0.225956
5184_260_838_866,5,1,0.308142,0.324064,0.109743,0.037817,0.046252,0.076088,0.097895
5184_259_1853_1865,3,3,0.008079,0.025314,0.057945,0.776498,0.035559,0.030048,0.066558
5196_260_2152_2496,3,3,0.011429,0.214489,0.017431,0.611196,0.023944,0.068494,0.053017
5196_260_1204_1381,1,1,0.04289,0.540127,0.054797,0.135777,0.102309,0.028841,0.095258
5196_259_1135_1191,4,5,0.09056,0.346943,0.041248,0.013351,0.031339,0.435028,0.04153
5196_260_243_417,0,5,0.04006,0.152901,0.034345,0.15344,0.01984,0.439452,0.159962
5196_260_2664_2901,3,1,0.023419,0.335351,0.073146,0.237797,0.038885,0.154248,0.137154
5196_259_1403_1484,6,6,0.067235,0.111081,0.044342,0.056892,0.081929,0.281979,0.356542
5196_259_2520_2654,2,1,0.016303,0.686167,0.052583,0.05767,0.086768,0.047292,0.053216
5196_259_183_220,4,6,0.074658,0.2078,0.018992,0.285786,0.058793,0.013316,0.340655
5196_259_1860_2147,5,5,0.005912,0.033286,0.01013,0.019557,0.027918,0.893366,0.009833
5196_260_1048_1111,1,5,0.029291,0.043953,0.026723,0.182428,0.005392,0.700976,0.011236
5196_260_606_677,1,1,0.058503,0.499215,0.094247,0.03848,0.039347,0.130314,0.139893
5196_260_1519_1655,4,3,0.020518,0.14383,0.073978,0.422222,0.093748,0.04253,0.203174
5196_259_698_850,2,6,0.026469,0.129072,0.064925,0.163058,0.227751,0.127059,0.261666
5196_259_1688_1748,1,4,0.012797,0.076452,0.069864,0.00615,0.419192,0.340361,0.075185
5196_260_1767_1843,3,3,0.140094,0.104291,0.125174,0.280504,0.019973,0.227161,0.102803
5196_259_947_1022,2,1,0.06482,0.517243,0.062203,0.021655,0.132813,0.05582,0.145446
5196_259_449_579,4,1,0.025292,0.350952,0.061081,0.041953,0.233716,0.077229,0.209777
5196_260_31_98,6,3,0.173594,0.176857,0.058706,0.328671,0.015588,0.079377,0.167206
5196_260_883_904,1,2,0.062878,0.147028,0.251887,0.085293,0.058544,0.201737,0.192632
127_8_107_234,6,5,0.043429,0.146159,0.158057,0.046943,0.114361,0.389845,0.101206
127_8_1176_1296,0,0,0.520058,0.322006,0.013577,0.015768,0.038878,0.04518,0.044533
127_8_1971_2054,0,0,0.560603,0.257938,0.016766,0.053175,0.013265,0.037344,0.060908
127_7_1562_1762,0,0,0.815477,0.100581,0.008614,0.01353,0.014903,0.042275,0.00462
127_8_1766_1901,0,0,0.796191,0.136024,0.005822,0.022696,0.00558,0.02465,0.009038
127_8_1434_1561,1,0,0.842414,0.066725,0.011904,0.001116,0.008768,0.066793,0.002281
127_7_859_940,6,4,0.008357,0.158463,0.054428,0.00698,0.754048,0.002471,0.015253
127_8_950_1033,0,1,0.308587,0.348654,0.031112,0.038389,0.097899,0.054207,0.121153
127_7_1310_1433,0,0,0.36851,0.204335,0.015514,0.149262,0.036303,0.212623,0.013453
127_7_1052_1175,0,0,0.352494,0.272394,0.018177,0.009439,0.025774,0.314352,0.00737
127_7_262_371,2,1,0.102436,0.496706,0.083585,0.013393,0.157632,0.131849,0.0144
127_7_609_726,6,1,0.019784,0.321318,0.100646,0.081172,0.319279,0.018589,0.139211
127_8_380_578,1,5,0.129003,0.264879,0.107617,0.042058,0.107018,0.307223,0.042202
127_7_31_106,2,6,0.023133,0.171518,0.068794,0.084643,0.306681,0.021024,0.324207
127_7_1901_1967,0,0,0.612834,0.133136,0.021014,0.075281,0.015455,0.089571,0.052709
127_8_733_806,1,6,0.0884,0.111111,0.148174,0.031793,0.122955,0.134798,0.362768
128_8_2381_2552,3,3,0.0154,0.005517,0.009476,0.889147,0.008082,0.017026,0.055352
128_7_31_148,3,3,0.01672,0.017244,0.012894,0.697657,0.029487,0.025786,0.200212
128_7_1232_1318,3,3,0.010332,0.055721,0.00639,0.654613,0.009374,0.210994,0.052576
128_8_1074_1214,3,3,0.010228,0.001821,0.002942,0.934753,0.00388,0.039073,0.007304
128_8_169_259,3,3,0.004651,0.000471,0.001389,0.981587,0.002232,0.005945,0.003726
128_8_2784_2935,3,3,0.024248,0.004919,0.006188,0.930048,0.006439,0.020285,0.007873
128_7_2604_2775,3,3,0.01445,0.009534,0.005199,0.862553,0.020394,0.009762,0.078109
128_7_1399_1645,6,3,0.043128,0.158384,0.018983,0.421581,0.043595,0.106827,0.207501
128_8_895_1004,3,3,0.018806,0.006695,0.0045,0.927769,0.005985,0.028366,0.007879
128_8_1321_1398,5,5,0.001843,0.006477,0.00718,0.004497,0.002666,0.967143,0.010194
128_8_2043_2177,3,3,0.015153,0.006561,0.007397,0.90915,0.006323,0.045437,0.009979
128_8_1648_1881,3,3,0.005959,0.003106,0.002917,0.748411,0.006866,0.228529,0.004211
128_7_574_658,3,5,0.003283,0.004824,0.003873,0.371343,0.005029,0.605461,0.006187
128_7_2181_2372,3,3,0.012732,0.028761,0.006334,0.79228,0.008136,0.124025,0.027731
128_7_1893_2042,3,3,0.008099,0.005686,0.007138,0.916872,0.01035,0.040422,0.011434
128_8_658_819,3,3,0.020726,0.008167,0.007078,0.826532,0.006027,0.107425,0.024045
128_7_826_891,3,3,0.005001,0.003356,0.004515,0.545449,0.008046,0.424362,0.009272
128_8_460_572,3,3,0.013595,0.009429,0.009731,0.761349,0.009028,0.151598,0.045269
128_7_1004_1073,3,3,0.011709,0.017312,0.004344,0.900438,0.010525,0.038116,0.017556
128_7_260_459,3,3,0.012098,0.013146,0.013829,0.772296,0.042546,0.060053,0.086032
145_7_31_134,3,3,0.009811,0.005634,0.017962,0.871792,0.038778,0.026104,0.029918
145_7_1151_1270,0,6,0.036057,0.248491,0.039862,0.156119,0.177249,0.04784,0.294382
145_7_240_369,3,6,0.005918,0.097015,0.075805,0.286342,0.054983,0.179163,0.300774
145_7_815_931,0,3,0.015723,0.055257,0.015202,0.564955,0.034291,0.065314,0.249258
145_8_139_216,5,5,0.005103,0.014318,0.012691,0.070304,0.011844,0.850744,0.034996
145_8_1297_1379,0,1,0.074969,0.273339,0.10657,0.0416,0.206248,0.074105,0.223169
145_7_572_642,1,1,0.038055,0.278755,0.068762,0.275135,0.153199,0.038881,0.147213
145_8_972_1131,4,1,0.089209,0.27089,0.136358,0.067802,0.07746,0.200086,0.158196
145_8_405_540,2,0,0.395294,0.390834,0.029402,0.010022,0.031322,0.126089,0.017037
145_8_652_811,0,5,0.240122,0.211007,0.076201,0.033112,0.065666,0.35331,0.020581
146_7_1162_1230,3,3,0.007957,0.005608,0.011957,0.920415,0.007401,0.039082,0.00758
146_8_114_177,5,5,0.012686,0.173083,0.08301,0.140909,0.015815,0.448037,0.126459
146_7_672_820,3,3,0.032096,0.056082,0.007979,0.630588,0.029055,0.230973,0.013228
146_7_31_99,3,3,0.011121,0.015123,0.031993,0.72727,0.035171,0.122688,0.056634
146_7_966_1092,3,5,0.029945,0.075558,0.021512,0.356136,0.025165,0.453495,0.038189
146_7_184_272,3,3,0.010855,0.029316,0.019503,0.703773,0.060258,0.07624,0.100055
146_7_373_510,3,3,0.018628,0.033979,0.011437,0.672603,0.035921,0.204958,0.022472
146_8_520_670,3,3,0.014276,0.008159,0.004334,0.927187,0.005174,0.03224,0.008631
146_8_820_953,3,3,0.008308,0.050755,0.036562,0.758377,0.016403,0.08304,0.046556
146_8_1094_1151,3,3,0.009697,0.02812,0.006283,0.892984,0.005167,0.044035,0.013715
146_8_301_371,5,6,0.022015,0.138369,0.06601,0.224965,0.042814,0.171899,0.333928
147_7_98_220,3,3,0.005378,0.004756,0.012587,0.82303,0.012192,0.096439,0.045618
147_7_1050_1223,4,4,0.021434,0.175658,0.135436,0.039164,0.443537,0.081099,0.103672
147_7_764_928,4,5,0.012735,0.122559,0.149242,0.128932,0.098878,0.344492,0.143163
147_8_13_94,3,3,0.00793,0.001586,0.004178,0.957347,0.002406,0.016299,0.010254
147_8_955_1034,2,2,0.034897,0.053848,0.284702,0.007101,0.275471,0.26757,0.076412
147_8_225_325,3,3,0.015371,0.003115,0.004571,0.91962,0.005026,0.022837,0.02946
147_8_382_506,3,3,0.026017,0.016051,0.012601,0.788684,0.015125,0.029093,0.112428
147_8_646_750,3,3,0.007725,0.002821,0.010551,0.935491,0.007416,0.029112,0.006883
147_7_506_640,2,5,0.04059,0.336525,0.124388,0.067404,0.039829,0.345896,0.045369
147_7_325_378,3,3,0.007041,0.003355,0.008814,0.9008,0.00795,0.060188,0.011851
203_12_31_130,3,3,0.010607,0.017191,0.010334,0.866217,0.007908,0.009156,0.078588
203_12_1178_1332,6,3,0.023662,0.043628,0.108396,0.609686,0.023821,0.061973,0.128834
203_12_1593_1748,6,3,0.007075,0.014115,0.017063,0.882762,0.012601,0.011482,0.054903
203_12_165_329,3,3,0.015235,0.034518,0.062906,0.665675,0.03345,0.090042,0.098173
203_12_1403_1493,6,3,0.032664,0.03547,0.022048,0.679206,0.019905,0.054849,0.155858
203_12_906_1126,6,3,0.01023,0.026079,0.027136,0.792323,0.01404,0.028758,0.101434
203_11_1332_1403,6,3,0.041209,0.116277,0.057923,0.472764,0.166467,0.013408,0.131951
203_12_382_700,6,3,0.012586,0.028068,0.035059,0.739875,0.029182,0.044314,0.110916
203_11_1126_1178,1,3,0.023271,0.070838,0.044164,0.37226,0.048469,0.166621,0.274378
203_11_1748_1793,6,3,0.061362,0.061074,0.034004,0.514731,0.052132,0.187894,0.088803
203_11_329_381,2,5,0.009064,0.022217,0.032496,0.374884,0.035247,0.464182,0.06191
203_11_1493_1562,6,3,0.060383,0.057809,0.022318,0.532599,0.030622,0.037207,0.259061
203_12_743_859,6,3,0.012155,0.017886,0.010964,0.812667,0.011742,0.032305,0.10228
203_11_700_743,1,3,0.031633,0.108475,0.059064,0.345385,0.063183,0.18243,0.20983
203_11_859_906,5,5,0.025118,0.026421,0.018541,0.089144,0.011103,0.671233,0.15844
203_11_130_165,3,3,0.010925,0.005773,0.024488,0.848519,0.032729,0.023791,0.053775
215_12_782_839,5,2,0.053366,0.118267,0.455157,0.064756,0.042806,0.209548,0.0561
215_11_31_125,1,1,0.163733,0.36516,0.087066,0.258117,0.017504,0.036905,0.071515
215_12_959_1005,6,1,0.168437,0.37729,0.024024,0.241331,0.033479,0.013286,0.142154
215_11_721_782,0,0,0.724722,0.127105,0.021481,0.062355,0.006959,0.019171,0.038206
215_11_236_284,6,6,0.11366,0.10471,0.061165,0.268694,0.038527,0.043943,0.369301
215_11_1005_1055,1,0,0.509095,0.369138,0.018657,0.052589,0.012933,0.015227,0.02236
215_12_409_465,6,1,0.146737,0.367178,0.025144,0.206992,0.056313,0.062462,0.135174
215_11_588_670,0,0,0.546369,0.238618,0.060351,0.0529,0.043339,0.037646,0.020778
215_12_670_721,6,3,0.085745,0.151747,0.054038,0.547447,0.03238,0.019114,0.10953
215_11_839_950,0,0,0.74145,0.129025,0.006709,0.028513,0.016092,0.061054,0.017158
215_12_1055_1113,6,3,0.03106,0.053667,0.029022,0.66068,0.01924,0.042644,0.163687
215_11_465_527,0,1,0.227835,0.503462,0.065939,0.086322,0.032593,0.037108,0.046742
215_11_357_409,1,1,0.210934,0.348458,0.026416,0.221687,0.072294,0.028611,0.091599
215_12_284_323,5,5,0.102796,0.074998,0.011246,0.027444,0.010961,0.735338,0.037217
215_12_223_236,5,5,0.057671,0.087803,0.054322,0.030977,0.023624,0.617114,0.128489
215_12_527_588,3,3,0.019493,0.057602,0.032751,0.772343,0.008264,0.090538,0.019008
219_11_31_225,1,3,0.027193,0.17177,0.10796,0.55146,0.056574,0.033756,0.051288
219_11_841_961,2,1,0.104633,0.279479,0.096391,0.219469,0.030717,0.161748,0.107562
219_12_1338_1369,1,1,0.241742,0.511929,0.014639,0.054404,0.044454,0.012678,0.120154
219_12_534_728,0,0,0.622948,0.212043,0.069161,0.011364,0.017767,0.042545,0.024172
219_11_1028_1151,1,0,0.355434,0.238092,0.085332,0.060694,0.037294,0.175387,0.047768
219_11_299_380,2,0,0.444598,0.31635,0.021442,0.068779,0.038592,0.057515,0.052724
219_11_1318_1338,2,4,0.035177,0.077895,0.087551,0.063651,0.675078,0.013764,0.046883
219_12_423_503,0,0,0.692504,0.134105,0.052191,0.008232,0.020112,0.076216,0.016639
219_12_1203_1284,0,0,0.465072,0.448686,0.021217,0.006509,0.012118,0.019141,0.027258
219_12_806_841,0,0,0.733424,0.096769,0.097673,0.003206,0.020455,0.037572,0.010899
219_11_503_534,5,5,0.024678,0.042111,0.027044,0.193421,0.02712,0.534749,0.150878
219_11_728_759,2,5,0.017449,0.034975,0.027747,0.162512,0.018538,0.689305,0.049474
219_12_961_1028,1,0,0.695018,0.241618,0.016082,0.004738,0.005871,0.024223,0.012451
219_12_225_254,1,1,0.301865,0.480159,0.022047,0.045537,0.021186,0.013264,0.115944
222_12_104_242,3,6,0.017323,0.062752,0.020007,0.361813,0.030919,0.017923,0.489263
222_12_1108_1428,3,3,0.017005,0.022227,0.04803,0.606323,0.033171,0.024465,0.248779
222_11_1760_2149,3,3,0.042198,0.042799,0.027476,0.528092,0.170037,0.040016,0.149383
222_12_1674_1760,3,3,0.009189,0.0309,0.0328,0.774814,0.022707,0.009865,0.119724
222_11_249_275,0,5,0.058495,0.064266,0.02898,0.176161,0.011302,0.453399,0.207397
222_11_1428_1520,5,5,0.109771,0.148221,0.071069,0.175412,0.012625,0.290168,0.192734
222_12_2167_2221,3,3,0.013318,0.003189,0.007351,0.93129,0.009821,0.016092,0.01894
222_12_923_951,3,3,0.018539,0.038597,0.045847,0.55579,0.056173,0.022615,0.262438
222_11_2222_2354,3,3,0.08834,0.107616,0.023014,0.56585,0.039317,0.0715,0.104362
222_12_474_818,3,3,0.014212,0.042573,0.026519,0.718224,0.026457,0.01783,0.154186
222_11_1006_1107,5,3,0.015989,0.016877,0.011891,0.608419,0.014973,0.089727,0.242124
222_12_316_423,3,3,0.012237,0.01439,0.025822,0.738086,0.059462,0.004646,0.145358
222_11_31_104,0,6,0.013628,0.031681,0.041416,0.256601,0.108247,0.045394,0.503034
222_11_437_465,5,5,0.03582,0.02416,0.01678,0.059642,0.007525,0.810425,0.045648
222_12_1520_1615,3,3,0.012,0.011137,0.015793,0.871625,0.027177,0.025573,0.036696
222_11_850_920,5,6,0.059002,0.14081,0.121757,0.113807,0.090695,0.145715,0.328214
222_12_2354_2397,3,3,0.010829,0.026134,0.041896,0.785806,0.035967,0.059081,0.040287
222_11_1634_1674,3,5,0.096713,0.121779,0.036449,0.09854,0.005221,0.599373,0.041925
234_11_121_304,0,5,0.021049,0.014803,0.017549,0.070826,0.009062,0.841912,0.024799
234_12_1207_1301,4,2,0.01046,0.093898,0.520085,0.06121,0.20356,0.059878,0.050908
234_11_1018_1207,1,1,0.118086,0.423248,0.030546,0.065099,0.226865,0.077342,0.058814
234_11_1586_1712,1,5,0.034945,0.075218,0.058461,0.151981,0.036392,0.4817,0.161302
234_12_1718_1867,2,2,0.022129,0.059355,0.372875,0.119074,0.258248,0.032932,0.135387
234_12_1353_1549,2,3,0.029622,0.036054,0.110981,0.410955,0.060566,0.048098,0.303724
234_12_71_121,3,3,0.016189,0.037551,0.039073,0.73353,0.062604,0.015148,0.095906
234_11_862_935,1,5,0.110428,0.034088,0.018353,0.084296,0.007489,0.677042,0.068305
234_12_935_1008,3,3,0.029627,0.020137,0.036355,0.696249,0.027734,0.042293,0.147604
234_11_1301_1353,1,5,0.030189,0.04211,0.036147,0.207662,0.014093,0.428653,0.241146
234_11_505_688,1,4,0.02627,0.181911,0.178026,0.090057,0.236562,0.136031,0.151143
234_12_304_359,3,3,0.017792,0.014982,0.022674,0.804615,0.025151,0.011411,0.103376
234_12_472_505,3,3,0.013829,0.026787,0.059793,0.685542,0.048243,0.04149,0.124316
234_11_31_71,0,5,0.014479,0.02639,0.022341,0.118472,0.01261,0.596318,0.209391
234_11_359_472,5,5,0.063033,0.054512,0.054014,0.229845,0.040213,0.334889,0.223495
234_12_820_862,3,3,0.019002,0.031416,0.019142,0.717977,0.069652,0.040299,0.102511
234_11_1867_1965,1,1,0.078264,0.202798,0.134729,0.121032,0.15065,0.171399,0.141127
234_12_688_747,4,2,0.035718,0.286673,0.287589,0.043827,0.203402,0.105483,0.03731
234_11_760_820,0,6,0.065753,0.066897,0.051073,0.158985,0.03755,0.216685,0.403058
234_12_1965_2032,4,4,0.052649,0.239857,0.175628,0.056719,0.301378,0.082332,0.091436
235_11_31_196,1,6,0.034169,0.146257,0.201248,0.208242,0.085837,0.042118,0.282129
235_11_1257_1389,5,3,0.00997,0.00134,0.006766,0.806274,0.020317,0.146509,0.008825
235_11_1139_1228,5,5,0.11686,0.127885,0.0536,0.183698,0.074652,0.405594,0.037712
235_12_239_277,3,3,0.005638,0.008389,0.127242,0.693126,0.01194,0.033978,0.119687
235_12_901_1139,3,3,0.012275,0.008396,0.017335,0.764421,0.027897,0.081099,0.088576
235_12_503_614,3,3,0.006755,0.005656,0.016965,0.899482,0.013928,0.009496,0.047719
235_12_314_428,3,6,0.042113,0.06049,0.065623,0.27744,0.031048,0.076698,0.446587
235_11_614_640,6,3,0.011312,0.026551,0.019233,0.584459,0.025195,0.029357,0.303892
235_11_467_503,5,3,0.0307,0.0628,0.030908,0.442814,0.026575,0.031937,0.374266
235_12_1228_1257,3,3,0.011807,0.007866,0.013891,0.876427,0.00668,0.068634,0.014694
235_12_754_878,3,1,0.079232,0.265793,0.101515,0.175724,0.094243,0.094791,0.188703
235_12_640_687,3,2,0.141893,0.154825,0.226499,0.073232,0.146788,0.194084,0.062677
235_11_694_754,6,5,0.039727,0.091254,0.127297,0.249307,0.057184,0.264324,0.170906
235_11_878_901,5,5,0.058453,0.036026,0.050477,0.119114,0.013068,0.653441,0.069421
235_11_277_314,5,5,0.036074,0.050868,0.075597,0.287837,0.015296,0.384475,0.149852
361_20_102_335,3,3,0.014777,0.023157,0.034839,0.468564,0.214573,0.181622,0.062468
361_20_1157_1380,4,4,0.033795,0.181612,0.042155,0.199128,0.381028,0.028883,0.133398
361_19_1899_2079,3,3,0.039623,0.076173,0.037418,0.488074,0.089156,0.039958,0.229599
361_19_1699_1828,6,3,0.028513,0.127035,0.071091,0.295154,0.27351,0.08703,0.117668
361_19_1400_1498,6,6,0.021534,0.214712,0.032143,0.161102,0.061376,0.021431,0.487702
361_19_2177_2272,3,3,0.017157,0.011826,0.009097,0.843097,0.040752,0.009707,0.068364
361_20_894_1059,4,3,0.017921,0.096427,0.029323,0.452177,0.215932,0.07803,0.11019
361_20_2281_2328,3,3,0.013584,0.002894,0.010181,0.848195,0.043805,0.020938,0.060403
361_20_437_645,4,3,0.05208,0.220451,0.017786,0.263177,0.225746,0.128354,0.092406
361_19_1072_1127,4,6,0.056257,0.222822,0.072061,0.21858,0.07031,0.096535,0.263436
361_19_31_93,3,3,0.023413,0.01492,0.080946,0.428387,0.077808,0.233875,0.140651
361_20_1520_1658,4,4,0.007077,0.015122,0.021541,0.273865,0.597887,0.060425,0.024082
361_19_652_877,6,3,0.01563,0.046985,0.169776,0.531233,0.064839,0.123385,0.048152
361_20_2081_2166,6,3,0.023281,0.053564,0.014558,0.488117,0.068582,0.011068,0.34083
361_19_345_430,3,3,0.045194,0.047463,0.109912,0.338351,0.076496,0.176223,0.206362
361_20_1854_1887,3,4,0.024983,0.082822,0.073781,0.1282,0.344943,0.093645,0.251625
362_20_31_333,1,2,0.144595,0.144884,0.235148,0.197182,0.093894,0.100125,0.084172
362_20_1245_1445,0,0,0.537826,0.138545,0.099925,0.082421,0.02699,0.080962,0.033331
362_19_1101_1234,0,0,0.84077,0.065662,0.01858,0.012092,0.007204,0.049507,0.006186
362_19_1651_1705,1,0,0.786305,0.084493,0.037587,0.019231,0.019658,0.03457,0.018156
362_19_1789_1872,0,0,0.708153,0.123511,0.036729,0.051472,0.019982,0.021061,0.039093
362_19_1451_1531,1,0,0.595384,0.117548,0.045315,0.03731,0.037107,0.144602,0.022735
362_19_915_1022,0,0,0.853513,0.065152,0.017285,0.00944,0.008034,0.032176,0.0144
362_20_524_651,1,3,0.038417,0.148704,0.079487,0.270157,0.12453,0.258697,0.080008
362_20_1725_1778,0,0,0.606378,0.045802,0.160532,0.03415,0.030964,0.107919,0.014255
362_20_1031_1083,0,0,0.578521,0.28882,0.00883,0.053554,0.017152,0.042998,0.010125
362_19_412_500,1,0,0.750044,0.127638,0.024248,0.014233,0.01196,0.045856,0.026021
362_20_782_904,0,0,0.721528,0.124544,0.025349,0.051308,0.016943,0.035125,0.025203
362_19_689_766,1,0,0.510609,0.092135,0.019053,0.150258,0.026573,0.080218,0.121153
362_20_1545_1637,0,0,0.608074,0.108218,0.042693,0.081729,0.012926,0.054233,0.092127
371_20_96_244,5,5,0.013423,0.007595,0.021764,0.41247,0.039147,0.474801,0.030798
371_19_1140_1299,6,3,0.034036,0.056664,0.026694,0.532556,0.076386,0.035266,0.238398
371_20_1556_1691,3,3,0.010214,0.041703,0.013605,0.423829,0.4141,0.043844,0.052705
371_20_1809_1892,3,3,0.018349,0.043219,0.026914,0.48897,0.271658,0.028108,0.122783
371_19_1429_1550,3,3,0.040598,0.02633,0.009664,0.845661,0.022503,0.010413,0.04483
371_20_921_961,2,5,0.021598,0.03678,0.019655,0.047094,0.060153,0.777907,0.036814
371_20_1308_1416,3,3,0.033418,0.033855,0.024152,0.465767,0.340169,0.045421,0.057219
371_20_541_605,3,3,0.017318,0.037512,0.040088,0.69922,0.076218,0.048952,0.080691
371_20_1040_1114,5,5,0.007915,0.08607,0.011118,0.037403,0.087663,0.739626,0.030204
371_19_1726_1793,3,1,0.08942,0.251996,0.024106,0.224291,0.127401,0.083448,0.199338
371_20_310_423,3,3,0.041186,0.020071,0.015049,0.682102,0.081038,0.136023,0.02453
371_19_621_659,3,4,0.02582,0.157872,0.04267,0.222591,0.385647,0.021348,0.144051
371_19_445_519,3,4,0.041692,0.17818,0.081044,0.218509,0.261056,0.029047,0.190472
371_19_31_89,3,3,0.02553,0.03816,0.058175,0.377293,0.263678,0.019612,0.217552
371_19_761_907,6,3,0.028622,0.063921,0.021277,0.599286,0.065624,0.036419,0.184851
371_20_671_741,5,3,0.008305,0.011447,0.027321,0.713583,0.029803,0.155356,0.054185
371_19_983_1029,6,6,0.033201,0.12318,0.073341,0.231313,0.020993,0.198827,0.319146
371_19_258_297,3,4,0.006816,0.032433,0.035082,0.093532,0.734329,0.006116,0.091692
374_20_78_163,5,5,0.019548,0.035294,0.043742,0.124565,0.037631,0.672667,0.066552
374_19_1223_1454,1,1,0.258244,0.393717,0.018915,0.14196,0.079973,0.028148,0.079043
374_20_1115_1217,5,4,0.038283,0.251131,0.033772,0.111854,0.300311,0.151955,0.112694
374_19_178_379,3,3,0.024185,0.107825,0.031046,0.516947,0.052411,0.065737,0.201848
374_19_927_1105,5,0,0.328541,0.117269,0.036653,0.122312,0.037076,0.328352,0.029798
374_19_511_716,3,3,0.065841,0.035488,0.009679,0.71464,0.033586,0.066405,0.074361
374_20_407_505,5,4,0.030825,0.12462,0.12126,0.092182,0.30944,0.195313,0.126359
374_19_31_70,3,3,0.048457,0.03493,0.012831,0.332329,0.020165,0.246752,0.304536
374_20_1483_1613,4,4,0.012299,0.070292,0.041068,0.078072,0.751151,0.008907,0.03821
374_20_738_917,5,5,0.021629,0.060223,0.082499,0.249136,0.067315,0.44008,0.079117
379_20_31_137,2,5,0.006694,0.033729,0.04407,0.067238,0.030888,0.774658,0.042723
379_20_1290_1343,5,5,0.008448,0.047615,0.123505,0.031289,0.035892,0.687556,0.065696
379_20_1168_1219,2,5,0.031164,0.102088,0.082676,0.065575,0.071724,0.419472,0.227301
379_20_255_424,2,5,0.030226,0.259195,0.239128,0.047091,0.068335,0.277124,0.0789
379_20_853_1054,2,1,0.061551,0.31388,0.2573,0.074175,0.101729,0.057648,0.133717
379_19_164_235,1,5,0.010095,0.033943,0.035927,0.022045,0.016153,0.843344,0.038493
379_20_558_685,2,5,0.006733,0.066607,0.197109,0.011216,0.024121,0.679109,0.015104
379_19_1072_1124,5,0,0.287957,0.138389,0.053343,0.054844,0.037403,0.21754,0.210523
379_19_461_545,2,5,0.050861,0.041523,0.093005,0.028064,0.023177,0.742201,0.021169
379_19_1229_1268,1,6,0.121752,0.183884,0.070989,0.131296,0.062357,0.116684,0.313038
379_19_715_830,2,0,0.361914,0.085877,0.169417,0.044287,0.03495,0.250629,0.052926
379_19_1379_1433,1,0,0.733277,0.094459,0.02618,0.006482,0.029566,0.100255,0.00978
384_20_1178_1333,3,3,0.013663,0.044809,0.016182,0.580566,0.153231,0.043897,0.147651
384_20_1692_1821,5,3,0.028219,0.076321,0.010753,0.568559,0.225763,0.030582,0.059802
384_19_1357_1674,6,4,0.016647,0.219857,0.043797,0.054328,0.544072,0.009099,0.112199
384_19_929_1159,3,3,0.00861,0.032544,0.037231,0.752342,0.053311,0.059172,0.05679
384_20_144_254,3,3,0.042976,0.138482,0.023292,0.437342,0.069909,0.190225,0.097773
384_19_267_366,5,5,0.014554,0.073419,0.031618,0.300194,0.024204,0.511336,0.044676
384_20_600_920,3,3,0.007425,0.006344,0.00497,0.88707,0.029132,0.022977,0.042082
384_20_384_489,3,3,0.049938,0.154915,0.012957,0.546546,0.092476,0.056792,0.086376
384_19_31_116,3,3,0.005828,0.006012,0.018065,0.889287,0.01383,0.023908,0.043069
384_19_508_579,3,3,0.015798,0.061954,0.043129,0.781392,0.009248,0.027189,0.06129
397_19_31_151,3,3,0.011891,0.014412,0.025827,0.822014,0.014757,0.032676,0.078423
397_20_1089_1267,5,5,0.010091,0.084683,0.041308,0.193719,0.151563,0.333552,0.185084
397_20_165_384,3,3,0.020127,0.036928,0.040417,0.569752,0.092943,0.10458,0.135254
397_20_1436_1574,3,3,0.031765,0.113217,0.124257,0.408404,0.132482,0.024948,0.164926
397_19_894_1071,3,1,0.051922,0.386452,0.096289,0.130279,0.037729,0.123586,0.173743
397_19_1299_1418,3,6,0.049327,0.224143,0.033116,0.307037,0.041524,0.016537,0.328315
397_20_542_642,3,4,0.041883,0.18691,0.039851,0.138962,0.446929,0.022698,0.122767
397_19_412_528,3,3,0.049406,0.090367,0.031086,0.551652,0.033732,0.044262,0.199495
397_20_771_875,1,6,0.00981,0.144437,0.160589,0.134402,0.199208,0.136949,0.214606
397_19_659_752,3,6,0.02892,0.057506,0.026047,0.259313,0.028906,0.043361,0.555946
605_31_31_391,6,3,0.034535,0.03996,0.02581,0.585223,0.035283,0.009811,0.269377
605_31_1223_1621,6,2,0.012821,0.121966,0.39866,0.019191,0.287754,0.017931,0.141677
605_32_1014_1186,0,0,0.513331,0.232585,0.023058,0.025523,0.025365,0.118962,0.061176
605_32_1629_1918,0,1,0.233174,0.55393,0.02827,0.010613,0.127143,0.013108,0.033762
605_31_846_996,6,6,0.025767,0.093919,0.027086,0.143471,0.036766,0.014636,0.658355
605_31_593_678,6,2,0.013475,0.054919,0.649846,0.020818,0.201079,0.014197,0.045668
605_32_396_519,5,5,0.168602,0.127064,0.051047,0.194421,0.027107,0.242174,0.189585
605_32_711_761,1,6,0.048549,0.285332,0.066878,0.006312,0.137158,0.01581,0.439961
605_31_1943_1968,6,2,0.028386,0.037448,0.444346,0.020005,0.426509,0.012281,0.031026
606_32_117_255,6,6,0.025825,0.136059,0.0684,0.124843,0.201474,0.02458,0.418819
606_32_1971_2130,6,6,0.040217,0.121974,0.244375,0.047651,0.083797,0.209423,0.252562
606_31_974_1286,1,4,0.043042,0.382148,0.041501,0.029493,0.455041,0.014831,0.033944
606_32_1619_1696,6,1,0.100501,0.617591,0.045388,0.013694,0.05265,0.012064,0.158112
606_31_1747_1940,1,1,0.068105,0.353704,0.061119,0.082537,0.326092,0.042926,0.065518
606_31_1345_1583,1,1,0.119775,0.395367,0.037606,0.032461,0.355733,0.03072,0.028337
606_32_2227_2404,0,0,0.797578,0.116185,0.019066,0.007297,0.013819,0.034359,0.011697
606_32_464_680,3,3,0.033583,0.019561,0.012035,0.85102,0.023166,0.034873,0.025762
606_31_289_451,5,3,0.04006,0.019315,0.019531,0.478806,0.129731,0.100881,0.211676
606_31_31_90,6,3,0.025179,0.046994,0.035025,0.453543,0.094374,0.031452,0.313434
606_32_822_916,5,5,0.139397,0.062063,0.029004,0.010709,0.017962,0.696254,0.044611
606_31_695_803,1,1,0.061145,0.411763,0.063311,0.053332,0.278144,0.029002,0.103303
606_31_2161_2216,1,6,0.033108,0.133698,0.172743,0.104835,0.143643,0.192157,0.219816
606_32_1305_1316,5,5,0.304954,0.097177,0.019511,0.009558,0.011822,0.508017,0.048961
609_31_31_152,1,1,0.278053,0.55613,0.015676,0.027443,0.093606,0.018196,0.010896
609_31_1212_1449,1,1,0.405274,0.497311,0.013036,0.010939,0.044989,0.019888,0.008562
609_31_1929_2195,6,4,0.064001,0.251134,0.112731,0.046906,0.469866,0.021966,0.033397
609_32_857_1192,6,1,0.237012,0.562497,0.027439,0.011559,0.060044,0.022899,0.07855
609_32_1471_1896,1,0,0.576875,0.259513,0.016208,0.005897,0.066888,0.027513,0.047105
609_32_164_299,0,0,0.763022,0.168081,0.011112,0.002699,0.007647,0.032192,0.015246
609_32_2219_2358,0,1,0.166831,0.59217,0.034504,0.027448,0.058226,0.030403,0.090419
609_31_331_578,1,1,0.34285,0.347816,0.027571,0.142752,0.073143,0.039066,0.026802
609_32_601_785,6,4,0.020493,0.090882,0.034169,0.045677,0.564097,0.005967,0.238714
609_31_803_831,6,1,0.155803,0.265116,0.054642,0.1078,0.048215,0.125384,0.243041
612_32_2392_2532,6,3,0.12008,0.11947,0.064896,0.3719,0.055585,0.126998,0.14107
612_31_31_199,0,0,0.961704,0.016948,0.007038,0.000721,0.00182,0.010801,0.000968
612_31_1263_1594,1,0,0.680923,0.074988,0.013445,0.022636,0.021512,0.179148,0.007349
612_32_876_1237,2,4,0.126939,0.177623,0.187055,0.080338,0.291363,0.066592,0.070091
612_32_229_547,2,6,0.068996,0.104268,0.058113,0.216525,0.090472,0.036952,0.424674
612_31_1691_2022,0,0,0.7915,0.108907,0.01663,0.024858,0.010579,0.015052,0.032475
612_31_2166_2386,0,0,0.881974,0.045687,0.009238,0.014016,0.00998,0.031202,0.007902
612_32_2068_2128,5,5,0.036109,0.10116,0.188162,0.208429,0.120041,0.2379,0.108199
612_31_597_833,1,0,0.733194,0.158749,0.016098,0.02655,0.018215,0.029904,0.017291
612_32_1594_1641,5,5,0.070758,0.054749,0.028837,0.197198,0.01508,0.517873,0.115504
620_31_1103_1556,6,6,0.033613,0.08464,0.032062,0.280748,0.050601,0.039139,0.479196
620_32_163_340,1,1,0.407765,0.448837,0.017731,0.007219,0.053476,0.047229,0.017744
620_31_2536_2913,1,0,0.398913,0.308128,0.026151,0.070713,0.091913,0.019218,0.084964
620_32_2366_2488,1,1,0.417432,0.504472,0.014653,0.025017,0.012154,0.017463,0.008809
620_32_2938_3084,6,4,0.075504,0.243484,0.052788,0.054338,0.477082,0.017654,0.07915
620_31_1664_2338,0,1,0.214827,0.331889,0.030402,0.129736,0.038882,0.030454,0.223811
620_31_619_898,1,3,0.054087,0.166193,0.067368,0.436205,0.094621,0.068588,0.112937
620_31_31_124,1,6,0.066699,0.052969,0.035581,0.36106,0.03703,0.065555,0.381106
620_32_1573_1646,6,4,0.039128,0.210432,0.056071,0.200364,0.326229,0.0488,0.118977
620_32_943_1069,6,0,0.341384,0.206048,0.025239,0.071943,0.060254,0.205308,0.089825
620_32_458_574,5,0,0.561304,0.137731,0.01948,0.003581,0.009613,0.255816,0.012476
620_31_367_437,1,1,0.341794,0.427639,0.010084,0.096605,0.053845,0.018282,0.051751
681_35_98_148,1,1,0.012096,0.494994,0.166555,0.012424,0.086241,0.208065,0.019626
681_36_1290_1461,1,3,0.019351,0.228319,0.042365,0.360549,0.052314,0.023133,0.273968
681_35_1106_1276,1,1,0.153286,0.484076,0.0592,0.032382,0.07586,0.029328,0.165868
681_35_918_1017,6,1,0.025427,0.264099,0.158273,0.143821,0.074206,0.140348,0.193826
681_36_548_643,1,3,0.039613,0.100612,0.058547,0.426536,0.032584,0.207906,0.134202
681_36_156_201,1,1,0.24583,0.500056,0.032313,0.080949,0.030801,0.083325,0.026727
681_35_332_339,6,6,0.068494,0.122401,0.087857,0.144185,0.08764,0.068729,0.420694
681_36_1032_1092,6,1,0.090675,0.407891,0.039684,0.096587,0.095339,0.046368,0.223457
681_35_415_528,1,1,0.373629,0.441718,0.050808,0.013638,0.040399,0.026746,0.053063
681_36_31_64,1,1,0.026857,0.687678,0.040448,0.096183,0.042023,0.039121,0.067691
681_35_1473_1538,1,5,0.025649,0.309253,0.101503,0.0276,0.07082,0.385598,0.079577
681_36_804_913,6,6,0.023241,0.266252,0.043723,0.196111,0.063663,0.013276,0.393734
681_35_664_791,3,3,0.012879,0.017037,0.013802,0.820645,0.015489,0.035051,0.085098
681_36_362_406,1,1,0.04161,0.317199,0.069552,0.215807,0.160617,0.044162,0.151053
681_36_259_331,6,1,0.18885,0.455222,0.051822,0.081314,0.012919,0.034768,0.175105
681_35_224_250,1,6,0.02252,0.173495,0.115415,0.097719,0.071124,0.225823,0.293904
697_35_31_131,6,3,0.034686,0.03026,0.030561,0.357356,0.006819,0.195612,0.344706
697_36_1290_1336,6,6,0.018896,0.079832,0.023044,0.08869,0.032294,0.049975,0.707268
697_35_1394_1471,6,1,0.030198,0.329952,0.073079,0.067958,0.261194,0.12742,0.110198
697_35_910_1058,6,3,0.055809,0.032779,0.030037,0.561774,0.058971,0.043312,0.217317
697_36_176_249,6,6,0.051088,0.154673,0.042799,0.22488,0.044224,0.047742,0.434594
697_36_1095_1180,6,6,0.017382,0.04948,0.040439,0.328759,0.035116,0.031327,0.497498
697_36_302_533,6,6,0.008182,0.052679,0.040527,0.094386,0.041352,0.029071,0.733802
697_36_601_635,5,6,0.060446,0.086659,0.053129,0.041404,0.030978,0.305346,0.422038
697_36_1527_1622,1,1,0.023764,0.297689,0.071754,0.269281,0.169407,0.008131,0.159973
697_35_1206_1259,5,5,0.021439,0.051241,0.059204,0.215579,0.019852,0.456688,0.175997
697_36_749_873,1,3,0.015162,0.033211,0.022253,0.526742,0.01796,0.018387,0.366285
697_35_687_706,1,4,0.063897,0.196125,0.151461,0.042355,0.407912,0.063091,0.075159
697_35_555_582,6,5,0.023572,0.063132,0.075743,0.152532,0.040569,0.459375,0.185076
697_35_262_274,6,5,0.035695,0.056501,0.025043,0.130745,0.016553,0.62372,0.111743
707_36_31_176,3,5,0.097743,0.108221,0.169752,0.176141,0.034729,0.339045,0.074369
707_35_1110_1417,1,1,0.033805,0.435241,0.296061,0.006193,0.047899,0.169217,0.011582
707_36_1417_1461,5,5,0.01086,0.030335,0.018989,0.049392,0.014695,0.814137,0.061591
707_36_888_944,5,5,0.068523,0.085924,0.043232,0.103792,0.017276,0.530209,0.151044
707_35_944_1003,6,5,0.039508,0.039566,0.022829,0.007846,0.008006,0.8532,0.029045
707_35_176_212,6,1,0.137795,0.323305,0.049592,0.060759,0.086712,0.153911,0.187926
707_36_1034_1110,4,5,0.09028,0.183321,0.074013,0.082158,0.057384,0.306832,0.206011
707_36_1703_1771,6,1,0.163045,0.425368,0.01731,0.095943,0.011579,0.044044,0.242712
707_35_333_420,1,3,0.01375,0.038294,0.038024,0.634918,0.038567,0.148998,0.087449
707_35_614_657,3,3,0.082092,0.131553,0.029625,0.305996,0.030049,0.269326,0.15136
707_35_1508_1572,1,4,0.078182,0.310751,0.025773,0.010641,0.456311,0.082375,0.035968
707_35_801_888,5,6,0.143029,0.119821,0.057013,0.080202,0.070352,0.188525,0.341057
707_36_1572_1617,6,4,0.020478,0.073693,0.255875,0.008351,0.596737,0.029324,0.015542
707_35_1617_1654,4,5,0.133735,0.199826,0.118633,0.034852,0.138479,0.22439,0.150085
707_36_481_554,6,5,0.079473,0.056997,0.044917,0.11794,0.025008,0.465957,0.209707
707_36_728_745,4,5,0.022793,0.041148,0.07916,0.087648,0.02039,0.643787,0.105074
707_36_277_333,4,5,0.042173,0.042259,0.023286,0.023668,0.021808,0.790464,0.056342
709_35_88_189,5,5,0.007757,0.024026,0.017867,0.063987,0.009328,0.746217,0.130817
709_35_1249_1326,3,3,0.077031,0.102995,0.018926,0.435015,0.01688,0.125663,0.223491
709_36_1644_1800,1,5,0.182591,0.1498,0.042492,0.096312,0.024258,0.472669,0.031879
709_36_222_281,6,6,0.143094,0.280051,0.053999,0.070025,0.048139,0.087762,0.31693
709_35_1800_1874,3,3,0.030616,0.04961,0.006076,0.815073,0.007293,0.050606,0.040725
709_35_1441_1593,3,3,0.02156,0.090899,0.019702,0.46482,0.019261,0.353697,0.030061
709_36_938_955,5,5,0.050868,0.057213,0.041217,0.071074,0.019111,0.5903,0.170217
709_36_1326_1416,1,5,0.041577,0.088704,0.049061,0.32591,0.034659,0.378781,0.081309
709_36_554_673,6,6,0.013857,0.068184,0.021213,0.097137,0.009557,0.24961,0.540442
709_35_955_1157,3,3,0.011655,0.021228,0.010778,0.637371,0.014177,0.274835,0.029956
709_35_281_371,5,5,0.039221,0.026707,0.016474,0.029626,0.008292,0.858391,0.021289
709_36_371_521,1,5,0.029228,0.047266,0.026165,0.034449,0.01661,0.764634,0.081649
709_36_31_88,6,1,0.129649,0.302926,0.069512,0.149495,0.047235,0.128291,0.172892
709_35_769_901,3,3,0.007022,0.006648,0.01289,0.592741,0.008507,0.363604,0.008588
709_36_1190_1249,1,5,0.182697,0.024783,0.00833,0.029926,0.003835,0.731058,0.019371
709_35_521_554,5,5,0.002673,0.009266,0.006294,0.008818,0.005905,0.936681,0.030362
975_49_95_159,5,5,0.019973,0.067198,0.019407,0.014563,0.011019,0.841487,0.026353
975_50_1106_1199,5,1,0.075812,0.286213,0.074749,0.098887,0.047477,0.244141,0.172721
975_49_1819_1893,1,1,0.164459,0.693934,0.016028,0.05878,0.040772,0.009325,0.016701
975_50_1325_1546,6,1,0.094906,0.335746,0.147893,0.087641,0.15806,0.021062,0.154693
975_50_184_248,5,5,0.130015,0.121712,0.04206,0.045148,0.018797,0.507429,0.13484
975_49_482_753,6,5,0.009021,0.172039,0.183442,0.02953,0.25844,0.273706,0.073822
975_50_1723_1780,1,0,0.579336,0.292336,0.030125,0.025096,0.007338,0.045269,0.0205
975_49_997_1064,3,3,0.00927,0.011984,0.021127,0.674629,0.010583,0.263112,0.009294
975_50_31_71,6,0,0.330028,0.13069,0.042393,0.157368,0.058501,0.04797,0.23305
975_50_375_462,6,5,0.083963,0.160703,0.09932,0.058874,0.069708,0.432738,0.094695
975_49_1225_1284,6,0,0.712917,0.151561,0.026828,0.012769,0.010662,0.041954,0.043309
975_50_813_903,6,1,0.230159,0.439935,0.072004,0.020014,0.078375,0.016251,0.14326
975_49_1578_1673,1,1,0.10676,0.615579,0.050303,0.00695,0.080483,0.104254,0.035671
975_49_283_331,6,5,0.226781,0.146812,0.033717,0.090683,0.038511,0.247172,0.216324
979_49_31_175,4,6,0.035983,0.117651,0.031592,0.192863,0.204591,0.021229,0.396091
979_49_1295_1649,3,4,0.052649,0.189594,0.054808,0.067794,0.377809,0.043402,0.213945
979_50_1113_1273,4,4,0.022271,0.107385,0.051174,0.080937,0.652774,0.030807,0.054652
979_50_1664_1819,1,4,0.069842,0.396694,0.009281,0.029135,0.472365,0.006282,0.016399
979_50_218_332,5,5,0.029267,0.068145,0.029893,0.029808,0.021755,0.771657,0.049475
979_50_893_987,1,5,0.037171,0.092476,0.257946,0.036875,0.140086,0.389964,0.045482
979_50_492_594,1,3,0.052058,0.018091,0.023133,0.418502,0.18657,0.21488,0.086766
979_49_1003_1096,5,4,0.009572,0.109469,0.048556,0.01345,0.507794,0.02969,0.281469
979_49_594_639,5,5,0.002837,0.008078,0.004163,0.010095,0.002696,0.965975,0.006156
979_49_353_467,4,4,0.017313,0.317667,0.135482,0.023776,0.385193,0.019326,0.101243
979_49_763_885,5,4,0.0208,0.231594,0.047004,0.026379,0.467902,0.092202,0.11412
979_49_1841_1939,3,6,0.015681,0.123178,0.029631,0.121572,0.155435,0.009348,0.545156
979_50_678_726,1,4,0.074019,0.425962,0.00809,0.037541,0.435181,0.003938,0.015268
988_49_123_266,3,3,0.025042,0.141258,0.013209,0.561101,0.099681,0.030223,0.129486
988_49_1183_1291,4,4,0.009741,0.215095,0.045959,0.156566,0.44294,0.023309,0.106389
988_50_1668_2000,1,1,0.203965,0.397965,0.021996,0.04725,0.254034,0.040933,0.033856
988_49_857_995,4,1,0.145855,0.31185,0.030726,0.102098,0.198764,0.176647,0.03406
988_50_1314_1443,4,1,0.058373,0.355194,0.014079,0.118541,0.315591,0.009732,0.12849
988_50_515_626,4,4,0.05431,0.124237,0.023242,0.107988,0.620594,0.011506,0.058124
988_50_1063_1133,4,4,0.007729,0.095144,0.016644,0.010658,0.858085,0.002769,0.008971
988_50_321_397,5,3,0.02233,0.031648,0.018776,0.531613,0.238277,0.008287,0.149069
988_50_31_83,6,3,0.080025,0.111838,0.084062,0.255936,0.167265,0.1269,0.173973
988_49_416_458,3,5,0.018531,0.030044,0.00529,0.401597,0.007388,0.490128,0.047023
988_49_1504_1609,4,4,0.006434,0.08333,0.017578,0.01671,0.841845,0.002739,0.031364
988_49_648_704,3,3,0.109938,0.309918,0.020186,0.374892,0.089209,0.068679,0.027177
988_50_742_814,4,3,0.162684,0.238752,0.046891,0.255168,0.229764,0.031797,0.034942
997_50_31_132,3,3,0.046419,0.071202,0.041317,0.615595,0.078762,0.044543,0.102161
997_49_1223_1853,2,5,0.092257,0.230065,0.046801,0.079314,0.038204,0.477303,0.036056
997_50_1101_1204,2,5,0.06285,0.101501,0.246287,0.126395,0.046809,0.287095,0.129063
997_49_865_955,5,5,0.003794,0.017539,0.071235,0.005857,0.016773,0.880206,0.004596
997_49_144_243,3,1,0.018021,0.406142,0.047196,0.058395,0.209096,0.035795,0.225355
997_50_501_622,2,2,0.088293,0.124645,0.21332,0.165974,0.156788,0.044649,0.20633
997_50_275_441,2,6,0.034448,0.088074,0.123173,0.220696,0.106333,0.026841,0.400435
997_49_1014_1087,2,1,0.239412,0.507049,0.13135,0.043336,0.033559,0.025633,0.019659
997_49_460_487,2,5,0.012299,0.083752,0.25243,0.025289,0.03319,0.555356,0.037684
997_50_731_836,2,4,0.044416,0.134555,0.057485,0.265798,0.266882,0.011898,0.218967
997_50_1873_1951,2,3,0.044433,0.15336,0.043659,0.639799,0.014487,0.062605,0.041658
997_49_644_707,2,2,0.156296,0.310327,0.371302,0.031348,0.057609,0.048328,0.024789
997_50_964_995,2,3,0.020961,0.052902,0.169105,0.338046,0.060451,0.206207,0.152327
1645_83_2458_2547,3,3,0.022988,0.066555,0.076789,0.506388,0.028828,0.075918,0.222534
1645_84_120_146,3,3,0.009913,0.032885,0.013715,0.788312,0.012845,0.073323,0.069008
1645_83_1272_1322,5,5,0.029858,0.075902,0.102257,0.331046,0.026163,0.383426,0.051348
1645_84_1146_1270,1,1,0.324887,0.544295,0.034674,0.027186,0.031446,0.021314,0.016198
1645_83_153_307,5,1,0.129274,0.252567,0.05684,0.233869,0.025709,0.116579,0.185163
1645_83_2863_2965,3,3,0.016419,0.062367,0.064469,0.513166,0.02146,0.058009,0.264111
1645_83_2646_2760,6,6,0.013826,0.047741,0.01992,0.269188,0.01297,0.017332,0.619024
1645_84_1329_1494,0,3,0.140087,0.135895,0.014373,0.390991,0.021858,0.253043,0.043752
1645_84_2549_2640,3,3,0.007182,0.007484,0.006699,0.750984,0.005463,0.183285,0.038903
1645_83_756_984,6,6,0.010351,0.092513,0.054488,0.144597,0.025352,0.037946,0.634752
1645_84_2771_2862,3,3,0.042298,0.026656,0.013756,0.756038,0.01736,0.039223,0.104669
1645_84_2059_2119,6,3,0.031317,0.078435,0.00734,0.750934,0.018552,0.064607,0.048815
1645_83_1058_1138,5,6,0.008783,0.143981,0.23058,0.148827,0.023451,0.097008,0.34737
1645_83_1688_1781,5,5,0.020623,0.189117,0.067028,0.150789,0.028217,0.465336,0.07889
1645_83_373_688,1,1,0.059621,0.255203,0.156168,0.13847,0.049106,0.10907,0.232362
1645_84_1633_1685,3,3,0.026642,0.100262,0.01181,0.587575,0.019638,0.067769,0.186303
1645_83_1518_1619,5,6,0.024375,0.163186,0.233737,0.193833,0.06737,0.064938,0.252561
1645_83_2140_2332,5,5,0.070012,0.244615,0.037438,0.053232,0.026879,0.548219,0.019604
1645_84_1782_1914,5,3,0.039312,0.175667,0.019989,0.453949,0.033496,0.064875,0.212711
1645_83_31_119,5,6,0.050363,0.344068,0.044782,0.118182,0.043568,0.022304,0.376734
1645_84_696_735,3,3,0.010624,0.028405,0.016442,0.747665,0.01397,0.053992,0.128901
1645_83_1927_2055,5,5,0.014047,0.058371,0.055496,0.029157,0.020415,0.807463,0.01505
1645_83_3068_3151,5,3,0.011086,0.006618,0.016049,0.636291,0.011455,0.310176,0.008325
1645_84_309_356,3,3,0.013253,0.060775,0.046708,0.747043,0.020074,0.092688,0.019459
1645_84_2333_2454,3,3,0.070972,0.070995,0.014834,0.519351,0.022869,0.254995,0.045984
1645_84_2969_3065,3,3,0.015661,0.009199,0.005977,0.894545,0.010324,0.033824,0.03047
1645_84_999_1025,3,3,0.024076,0.033243,0.009185,0.825093,0.014006,0.020668,0.073729
1652_83_2398_2490,3,3,0.049501,0.065577,0.021445,0.470111,0.020063,0.023649,0.349655
1652_83_31_220,3,3,0.026981,0.104349,0.024104,0.420853,0.037987,0.204418,0.181308
1652_84_1123_1415,3,3,0.030081,0.041192,0.016861,0.606684,0.09936,0.035734,0.170088
1652_83_1837_2081,5,5,0.054515,0.034169,0.049348,0.178256,0.054357,0.607334,0.022022
1652_84_1611_1830,3,3,0.046169,0.189852,0.039892,0.35619,0.043545,0.215201,0.109151
1652_84_230_303,3,3,0.007262,0.014313,0.008242,0.906368,0.012038,0.031421,0.020356
1652_83_1423_1584,5,5,0.019592,0.047758,0.038572,0.048507,0.021719,0.799782,0.02407
1652_84_2089_2392,3,3,0.082667,0.173995,0.013813,0.551378,0.059483,0.066139,0.052526
1652_84_2496_2637,3,3,0.00928,0.007861,0.007623,0.910294,0.010083,0.019959,0.034898
1652_83_924_938,5,5,0.041665,0.046714,0.026576,0.078703,0.015739,0.749889,0.040713
1652_84_943_969,3,3,0.009974,0.040325,0.029767,0.432329,0.019517,0.343706,0.124383
1652_83_535_592,1,6,0.025856,0.169783,0.013408,0.172509,0.012859,0.018364,0.587222
1652_83_312_402,0,5,0.055401,0.105844,0.042678,0.205911,0.018755,0.344803,0.226609
1652_84_596_657,3,3,0.013168,0.02052,0.009969,0.728498,0.023274,0.166233,0.038338
1652_84_1004_1073,3,3,0.096983,0.103142,0.040398,0.340984,0.038147,0.253231,0.127114
1652_84_411_447,3,5,0.020625,0.040502,0.012218,0.313709,0.012666,0.563083,0.037198
1652_83_449_473,0,3,0.073712,0.301701,0.012979,0.329837,0.018286,0.044785,0.2187
1652_84_768_920,3,3,0.020754,0.100179,0.029086,0.555595,0.044664,0.121563,0.128158
1652_83_665_760,0,5,0.07972,0.239309,0.032822,0.150352,0.010836,0.291874,0.195087
1652_83_1083_1093,5,5,0.076462,0.089388,0.051311,0.212453,0.023067,0.31242,0.234899
1652_83_972_995,5,1,0.069637,0.25526,0.040154,0.253504,0.024654,0.192544,0.164245
1652_84_495_522,3,5,0.02719,0.037987,0.018394,0.109878,0.007674,0.7572,0.041677
1656_84_31_174,3,3,0.020766,0.031128,0.036408,0.516897,0.015886,0.305126,0.073789
1656_83_1214_1476,3,3,0.041364,0.20415,0.034698,0.336657,0.047837,0.076751,0.258543
1656_84_1970_2102,3,3,0.049233,0.081382,0.032281,0.704748,0.027267,0.046243,0.058846
1656_84_1029_1204,3,3,0.027981,0.081778,0.03495,0.628842,0.087538,0.101261,0.037649
1656_83_1608_1719,1,1,0.158753,0.475717,0.127964,0.040875,0.093951,0.039417,0.063322
1656_84_250_299,3,3,0.032159,0.042122,0.040426,0.515506,0.043091,0.166976,0.159719
1656_83_1781_1940,4,1,0.347733,0.544511,0.014043,0.011861,0.021314,0.024448,0.036089
1656_83_2136_2269,4,2,0.01273,0.25515,0.324135,0.034127,0.308529,0.014935,0.050394
1656_84_923_938,3,3,0.018174,0.036985,0.034887,0.591217,0.04754,0.08409,0.187106
1656_83_201_216,3,1,0.124974,0.288128,0.070028,0.067745,0.047823,0.238214,0.163088
1656_83_515_659,6,6,0.065594,0.1244,0.034754,0.198532,0.055093,0.017046,0.504581
1656_83_328_367,3,3,0.02314,0.096228,0.028601,0.665161,0.049332,0.022209,0.115329
1656_84_372_504,1,5,0.10408,0.21633,0.045358,0.033823,0.025417,0.545157,0.029835
1656_84_1498_1586,3,3,0.005353,0.001243,0.003438,0.958083,0.006632,0.016591,0.00866
1656_83_802_911,3,3,0.034562,0.168958,0.010791,0.365775,0.050196,0.011834,0.357883
1656_84_694_785,1,3,0.077694,0.118513,0.043512,0.445521,0.034436,0.160799,0.119524
1656_83_970_1009,3,3,0.039298,0.093801,0.017977,0.448849,0.023718,0.025296,0.351061
1656_84_1746_1756,5,5,0.021439,0.071136,0.032332,0.088146,0.01852,0.720127,0.048301
1662_84_31_179,0,0,0.387277,0.372506,0.02639,0.009452,0.028076,0.167385,0.008914
1662_83_1209_1347,2,1,0.053268,0.285973,0.07058,0.238524,0.059455,0.163314,0.128886
1662_83_2040_2224,1,2,0.041465,0.121264,0.428065,0.060767,0.255232,0.056957,0.03625
1662_84_1102_1208,5,5,0.005887,0.133244,0.305334,0.014032,0.015114,0.501651,0.024738
1662_83_1545_1780,5,5,0.078597,0.136625,0.070007,0.146817,0.065337,0.4648,0.037818
1662_83_193_269,2,1,0.16462,0.556767,0.059739,0.015629,0.126972,0.043308,0.032964
1662_84_1788_1849,1,1,0.089185,0.473017,0.030361,0.046629,0.204454,0.058569,0.097785
1662_84_1361_1544,0,1,0.061673,0.557631,0.136957,0.023978,0.066581,0.064721,0.088459
1662_83_880_1099,2,5,0.108032,0.132657,0.047013,0.137499,0.093953,0.457119,0.023728
1662_84_2228_2365,1,1,0.149997,0.473159,0.080157,0.021123,0.187343,0.049664,0.038558
1662_83_366_700,1,0,0.362268,0.288987,0.042676,0.090157,0.093904,0.070316,0.051692
1662_84_276_353,0,1,0.112805,0.319751,0.071126,0.133802,0.048454,0.105388,0.208675
1662_84_714_878,1,4,0.036076,0.180003,0.152773,0.03853,0.466714,0.061431,0.064472
1662_84_1908_2023,1,1,0.148908,0.546334,0.130254,0.026308,0.035249,0.091303,0.021644
1662_83_1852_1881,1,6,0.036918,0.232216,0.03326,0.240929,0.061414,0.057963,0.337299
1671_83_1286_1390,6,6,0.020288,0.113943,0.030803,0.106845,0.031907,0.030497,0.665718
1671_84_2017_2064,3,3,0.014762,0.071958,0.014666,0.759351,0.061805,0.010769,0.066689
1671_84_1116_1217,6,3,0.017796,0.227564,0.012621,0.511589,0.054397,0.027629,0.148404
1671_84_1606_1848,6,3,0.015971,0.090165,0.023267,0.59345,0.026292,0.05208,0.198776
1671_83_1455_1585,5,5,0.028632,0.105502,0.145808,0.06633,0.067317,0.459574,0.126836
1671_84_932_1022,6,3,0.009222,0.236468,0.014341,0.378918,0.060293,0.028403,0.272355
1671_83_137_247,6,6,0.035558,0.152008,0.054549,0.165119,0.033395,0.26707,0.292301
1671_83_383_732,6,5,0.022546,0.091827,0.075942,0.250961,0.067814,0.400834,0.090076
1671_84_263_364,3,3,0.013298,0.039355,0.010932,0.776001,0.026698,0.01572,0.117996
1671_84_31_115,3,3,0.01747,0.036532,0.016948,0.771447,0.071889,0.027731,0.057983
1671_84_758_824,3,3,0.012431,0.065598,0.007713,0.828461,0.029321,0.011402,0.045072
1671_83_1866_2000,6,6,0.019217,0.119476,0.084519,0.164763,0.260866,0.079532,0.271628
1671_84_1397_1425,6,3,0.029179,0.183311,0.020204,0.451156,0.054038,0.035406,0.226705
1671_83_858_914,6,6,0.066328,0.241153,0.042867,0.124444,0.026466,0.065842,0.4329
1671_83_1058_1098,6,6,0.140042,0.227365,0.033804,0.097815,0.019646,0.102131,0.379197
1671_83_2096_2122,1,6,0.047537,0.207513,0.027297,0.174257,0.041135,0.036703,0.465558
1675_84_31_307,1,3,0.092969,0.138405,0.008917,0.694438,0.015845,0.03509,0.014336
1675_84_1119_1363,1,6,0.011431,0.226926,0.0537,0.231722,0.071635,0.055216,0.349368
1675_83_2849_2929,2,4,0.009548,0.164572,0.293203,0.03263,0.429798,0.017339,0.05291
1675_84_2490_2830,1,1,0.285597,0.516869,0.014159,0.095372,0.018772,0.037352,0.03188
1675_84_1441_1577,3,3,0.01289,0.039641,0.007238,0.851005,0.015671,0.037334,0.036221
1675_84_2944_3205,1,1,0.153144,0.311697,0.024539,0.280358,0.044894,0.015768,0.1696
1675_83_749_958,2,1,0.036265,0.30707,0.034205,0.300074,0.053272,0.082078,0.187036
1675_84_2054_2216,1,1,0.04174,0.664768,0.048748,0.05835,0.038677,0.093875,0.053844
1675_83_1072_1119,1,5,0.064545,0.096884,0.038762,0.117968,0.013023,0.399958,0.26886
1675_84_1760_1801,5,5,0.007731,0.036533,0.015076,0.021604,0.004689,0.900621,0.013748
1675_84_519_749,1,0,0.610454,0.311289,0.018644,0.010701,0.006101,0.033338,0.009473
1675_83_2439_2483,1,1,0.191097,0.316538,0.012707,0.121658,0.010016,0.26784,0.080143
1675_83_1591_1752,2,3,0.03532,0.09995,0.047925,0.334176,0.074699,0.294113,0.113817
1675_84_2269_2435,1,1,0.018897,0.281639,0.050932,0.264911,0.062489,0.107998,0.213135
1675_83_1806_2040,2,5,0.018837,0.044711,0.033915,0.27429,0.016622,0.454849,0.156777
1675_83_3212_3316,2,5,0.020252,0.125933,0.119438,0.173022,0.087286,0.261168,0.212901
1675_83_1379_1427,6,3,0.027076,0.134578,0.01254,0.509072,0.052402,0.019016,0.245316
1675_84_964_1058,3,3,0.011724,0.03283,0.019985,0.765519,0.012277,0.139039,0.018626
1675_83_320_498,1,1,0.243208,0.412558,0.024792,0.098248,0.061114,0.106617,0.053464
1675_83_2223_2255,2,5,0.030421,0.142844,0.110638,0.089754,0.026191,0.376001,0.224151
1965_99_31_145,2,2,0.027014,0.167741,0.455082,0.008253,0.045305,0.066896,0.229708
1965_100_1246_1318,2,6,0.070404,0.144166,0.146701,0.162152,0.02222,0.056019,0.398338
1965_99_1058_1246,2,2,0.034164,0.183093,0.695496,0.005434,0.057472,0.013929,0.010411
1965_99_218_382,2,2,0.11298,0.290761,0.352872,0.002434,0.113263,0.065543,0.062147
1965_100_927_1058,2,4,0.007739,0.043227,0.353672,0.00915,0.514434,0.041402,0.030374
1965_100_145_218,5,5,0.003592,0.001753,0.010412,0.0089,0.002062,0.969942,0.003339
1965_99_1318_1391,2,2,0.014792,0.123155,0.751947,0.006487,0.079498,0.018698,0.005423
1965_99_516_726,2,2,0.002986,0.026135,0.928893,0.003497,0.020484,0.011152,0.006854
1965_100_382_516,2,2,0.205266,0.214503,0.369409,0.004038,0.021497,0.165679,0.019607
1965_99_787_927,4,1,0.035692,0.354027,0.273961,0.038879,0.05165,0.091481,0.15431
1965_100_726_787,6,6,0.078669,0.053488,0.182616,0.003582,0.010206,0.139241,0.532197
1977_99_31_167,2,6,0.018604,0.067922,0.058844,0.271827,0.028492,0.183672,0.370638
1977_100_1199_1356,5,0,0.743856,0.042059,0.015586,0.001348,0.00557,0.189104,0.002476
1977_99_1884_2155,1,0,0.707044,0.158174,0.025015,0.015259,0.043578,0.042501,0.008429
1977_100_193_347,1,2,0.019308,0.187987,0.289639,0.102295,0.093663,0.176416,0.130692
1977_99_1700_1813,1,0,0.582706,0.275248,0.017099,0.022144,0.02324,0.059898,0.019665
1977_99_1374_1485,1,0,0.559979,0.078079,0.012319,0.060996,0.012758,0.252933,0.022935
1977_100_2181_2297,1,1,0.221684,0.414866,0.091254,0.037904,0.05539,0.018575,0.160327
1977_99_920_1167,1,0,0.72748,0.202386,0.009584,0.003927,0.022376,0.026891,0.007356
1977_100_496_749,5,0,0.719285,0.069773,0.017951,0.009343,0.030162,0.149058,0.004429
1977_99_2310_2394,1,0,0.60428,0.267773,0.05625,0.010193,0.031617,0.015862,0.014025
1977_99_359_481,4,1,0.36872,0.52259,0.024149,0.010795,0.022918,0.024943,0.025885
1977_100_1534_1678,0,1,0.180809,0.4738,0.066404,0.059031,0.063569,0.049398,0.106989
1977_100_2413_2480,5,5,0.131288,0.009445,0.022749,0.003194,0.00351,0.827317,0.002496
1977_99_755_826,1,5,0.31057,0.122413,0.023128,0.058093,0.015148,0.446456,0.024191
1977_100_847_908,5,2,0.091989,0.223274,0.313665,0.011032,0.040579,0.271119,0.048342
1977_100_1829_1856,5,5,0.052399,0.004342,0.008597,0.005694,0.002207,0.923445,0.003316
1978_100_1270_1590,1,5,0.259517,0.105665,0.068019,0.049091,0.031208,0.433852,0.052649
1978_99_1832_2082,1,1,0.10028,0.387524,0.040658,0.141725,0.029519,0.050149,0.250144
1978_100_888_1192,3,3,0.009359,0.001308,0.00469,0.859956,0.007562,0.11436,0.002766
1978_100_232_351,3,3,0.158347,0.027001,0.033231,0.515903,0.02311,0.233556,0.008851
1978_99_2198_2277,1,0,0.584889,0.342497,0.01121,0.005756,0.009531,0.02296,0.023157
1978_99_142_213,1,1,0.056333,0.677439,0.057696,0.017039,0.139964,0.021307,0.030222
1978_99_518_667,1,0,0.541677,0.279481,0.020247,0.020516,0.017619,0.072547,0.047914
1978_100_1721_1777,5,5,0.075797,0.116654,0.074622,0.017971,0.009828,0.611095,0.094033
1978_100_442_506,1,5,0.127717,0.042017,0.017564,0.003904,0.008224,0.794271,0.006302
1978_100_31_113,3,3,0.009764,0.003636,0.007995,0.911152,0.008103,0.045011,0.014339
1978_99_788_838,4,1,0.174443,0.654449,0.043402,0.017556,0.023226,0.064334,0.022591
1978_100_2113_2181,1,5,0.010423,0.006465,0.007876,0.014992,0.003434,0.952184,0.004626
1978_100_689_775,3,3,0.005274,0.011271,0.008523,0.816906,0.00606,0.143615,0.008352
1978_99_362_415,1,1,0.279611,0.477411,0.070942,0.00479,0.028384,0.112629,0.026233
1978_99_1605_1672,1,5,0.202448,0.202406,0.047486,0.102956,0.022457,0.368399,0.053847
1978_99_1212_1251,1,2,0.033114,0.318289,0.340768,0.010583,0.053824,0.180063,0.063359
1988_99_87_160,5,5,0.031787,0.106596,0.12814,0.036287,0.034652,0.619878,0.042661
1988_100_1127_1427,5,0,0.293351,0.072672,0.038851,0.245872,0.04073,0.270525,0.037999
1988_99_1633_1766,1,5,0.249014,0.25714,0.050129,0.022671,0.023467,0.38721,0.010367
1988_99_217_329,1,1,0.268588,0.413165,0.059467,0.016758,0.02111,0.155615,0.065296
1988_99_1427_1530,5,3,0.021259,0.026378,0.050838,0.516793,0.035133,0.245157,0.104442
1988_100_926_1049,5,5,0.092553,0.255314,0.038121,0.025837,0.021205,0.541479,0.025492
1988_100_160_217,1,5,0.023392,0.07842,0.064262,0.085842,0.008578,0.527358,0.212146
1988_100_570_643,3,3,0.10961,0.071137,0.039579,0.331058,0.012184,0.117591,0.318841
1988_99_1049_1127,1,1,0.106743,0.563557,0.140792,0.040498,0.039082,0.054533,0.054796
1988_100_329_496,3,6,0.02205,0.053741,0.014245,0.304624,0.012227,0.093903,0.49921
1988_100_31_87,3,6,0.006462,0.028044,0.024334,0.302343,0.01943,0.218217,0.401169
1988_100_1530_1633,5,5,0.190727,0.085652,0.03506,0.257287,0.017405,0.396094,0.017775
1988_100_717_839,5,3,0.013547,0.047984,0.052897,0.414317,0.020537,0.307478,0.14324
1988_99_643_717,1,1,0.166076,0.361093,0.215819,0.121535,0.022823,0.103058,0.009595
1988_99_496_570,1,1,0.03611,0.633304,0.03379,0.033509,0.119817,0.038259,0.105212
1988_99_839_926,1,0,0.778365,0.155361,0.014388,0.006672,0.01271,0.029266,0.003236
1989_99_91_374,5,5,0.205893,0.084444,0.05065,0.131212,0.039685,0.418344,0.069772
1989_99_1208_1313,1,0,0.830133,0.112497,0.013729,0.001261,0.008339,0.031596,0.002445
1989_100_1151_1208,1,3,0.019259,0.016131,0.070463,0.693631,0.099534,0.090952,0.01003
1989_99_1468_1795,1,0,0.649103,0.091657,0.077188,0.007979,0.043928,0.121108,0.009036
1989_100_1795_1888,5,5,0.078805,0.066895,0.088945,0.036159,0.022834,0.700482,0.00588
1989_100_1313_1468,1,3,0.025528,0.062228,0.094486,0.529252,0.14683,0.116402,0.025273
1989_100_813_1042,1,1,0.038535,0.253241,0.161445,0.113031,0.112697,0.230999,0.090051
1989_100_588_734,1,2,0.023484,0.248659,0.338557,0.030907,0.08713,0.218034,0.05323
1989_99_1042_1151,1,0,0.701754,0.199091,0.012923,0.005511,0.013704,0.059107,0.007911
1989_100_374_478,5,5,0.016969,0.032967,0.094718,0.012961,0.026586,0.811393,0.004406
1989_99_31_55,5,3,0.040837,0.010295,0.03374,0.672593,0.017228,0.039815,0.185493
1989_99_1888_1938,1,0,0.811136,0.128511,0.021344,0.003516,0.006319,0.018634,0.010539
1989_100_55_91,5,5,0.029731,0.058219,0.029812,0.019364,0.007779,0.754136,0.100959
1989_99_478_588,1,0,0.478285,0.142581,0.02173,0.006607,0.014111,0.320244,0.016441
1989_99_734_813,5,5,0.043852,0.017835,0.031355,0.003371,0.006999,0.889941,0.006648
1993_100_1288_1441,6,3,0.012707,0.041767,0.020176,0.78996,0.027589,0.096282,0.01152
1993_99_782_1287,4,0,0.581614,0.208883,0.044444,0.018237,0.072112,0.053929,0.020781
1993_100_1624_1691,3,3,0.016311,0.073094,0.045961,0.471826,0.053857,0.172843,0.166109
1993_100_217_367,1,6,0.015723,0.04912,0.014952,0.381698,0.015242,0.048397,0.474868
1993_100_1800_1858,1,3,0.016977,0.028791,0.007362,0.827862,0.02179,0.027684,0.069535
1993_99_553_635,4,1,0.131616,0.488221,0.163425,0.010396,0.141984,0.043251,0.021107
1993_99_132_197,4,5,0.222057,0.088615,0.056212,0.052628,0.012074,0.528874,0.039541
1993_99_1692_1771,0,5,0.106393,0.104545,0.06723,0.01617,0.019322,0.644098,0.042241
1993_100_433_552,5,5,0.005872,0.016147,0.009636,0.045753,0.008838,0.896164,0.01759
1993_100_31_117,3,3,0.007509,0.003537,0.011571,0.803928,0.019973,0.098756,0.054727
1993_99_1465_1601,4,0,0.25832,0.140379,0.133489,0.040841,0.021502,0.164972,0.240497
1993_100_641_775,3,5,0.04617,0.019078,0.013611,0.414378,0.026262,0.473683,0.006819
1993_99_384_427,4,1,0.061292,0.373165,0.182182,0.00793,0.328338,0.021373,0.025719
2212_111_31_349,6,5,0.076193,0.243305,0.255381,0.05645,0.025613,0.260598,0.08246
2212_112_1213_1476,6,3,0.05739,0.133635,0.019408,0.378709,0.098861,0.034184,0.277813
2212_111_1856_2240,1,5,0.065774,0.251566,0.060643,0.038291,0.092389,0.479323,0.012014
2212_111_1004_1198,6,5,0.0456,0.310371,0.075158,0.093707,0.055748,0.38404,0.035376
2212_112_1658_1830,1,4,0.017729,0.310042,0.054893,0.061314,0.466733,0.014391,0.074898
2212_111_2604_2667,0,1,0.08229,0.575398,0.083564,0.107451,0.032813,0.071498,0.046986
2212_112_743_990,6,3,0.02826,0.245515,0.067183,0.277384,0.172729,0.031458,0.177473
2212_112_2254_2377,1,1,0.318579,0.55647,0.013162,0.030502,0.035922,0.025018,0.020347
2212_111_561_728,5,5,0.019158,0.159745,0.023073,0.054642,0.019963,0.708922,0.014497
2212_112_370_540,1,6,0.032194,0.191764,0.044864,0.214255,0.059161,0.209794,0.247968
2212_111_1507_1628,1,1,0.049667,0.304724,0.089584,0.106943,0.102187,0.259832,0.087063
2212_112_2503_2587,1,1,0.066482,0.401228,0.091273,0.247466,0.034181,0.018573,0.140796
2212_111_2377_2463,1,1,0.089911,0.461417,0.096084,0.182346,0.101113,0.028671,0.040458
2212_112_2669_2683,0,1,0.252831,0.400974,0.126883,0.068567,0.055579,0.051156,0.04401
2221_112_1228_1573,1,1,0.100596,0.394938,0.07586,0.09562,0.22623,0.060916,0.04584
2221_111_1921_2070,1,0,0.429401,0.160555,0.047774,0.051309,0.025543,0.271185,0.014234
2221_111_1021_1214,1,0,0.614223,0.292726,0.018052,0.00991,0.014483,0.039828,0.010777
2221_111_1596_1691,1,0,0.554956,0.383131,0.024429,0.003857,0.007579,0.017916,0.008133
2221_111_246_311,3,3,0.037721,0.098131,0.046302,0.475353,0.045742,0.026916,0.269834
2221_112_1706_1913,1,1,0.163592,0.604174,0.062244,0.035298,0.110341,0.016104,0.008247
2221_112_734_1012,1,0,0.382899,0.364264,0.028009,0.050641,0.043999,0.094034,0.036154
2221_112_138_234,1,5,0.222107,0.136952,0.023535,0.046719,0.027767,0.526211,0.016709
2221_111_519_690,5,3,0.061366,0.127221,0.068387,0.570187,0.032995,0.026567,0.113278
2221_112_322_492,1,5,0.140602,0.150798,0.024985,0.03379,0.02864,0.594742,0.026444
2221_111_31_114,3,1,0.15486,0.286975,0.057593,0.205808,0.065597,0.043295,0.185872
2221_112_2083_2196,1,0,0.766221,0.176677,0.012379,0.007947,0.006173,0.020115,0.010488
2228_111_1217_1352,1,3,0.014497,0.114816,0.087968,0.509084,0.199923,0.043421,0.030293
2228_112_1055_1201,1,3,0.020773,0.078958,0.029256,0.621933,0.046855,0.025713,0.176513
2228_111_225_313,3,3,0.007795,0.007421,0.017449,0.86213,0.013521,0.014814,0.07687
2228_112_1355_1545,4,1,0.047116,0.292336,0.031986,0.292279,0.180057,0.032785,0.123441
2228_111_782_1037,4,3,0.0134,0.071613,0.118832,0.387296,0.068976,0.304371,0.035513
2228_112_144_210,1,1,0.129447,0.454325,0.005381,0.085923,0.198302,0.071514,0.055108
2228_111_590_663,3,3,0.011533,0.014881,0.028912,0.777412,0.019534,0.108153,0.039575
2228_112_334_419,1,1,0.019035,0.511717,0.018429,0.044547,0.353835,0.009945,0.042492
2228_112_475_577,3,3,0.009561,0.009704,0.009431,0.89081,0.006042,0.037653,0.036798
2228_111_31_110,1,1,0.065417,0.480709,0.049919,0.082793,0.19081,0.018945,0.111408
2228_111_437_461,3,3,0.013699,0.028882,0.033861,0.607564,0.010384,0.257707,0.047903
2228_112_687_767,3,3,0.008773,0.042237,0.019813,0.648592,0.027698,0.036748,0.216139
2406_121_31_150,4,2,0.022382,0.176582,0.370991,0.103269,0.236022,0.046801,0.043952
2406_121_1118_1412,2,4,0.021905,0.131821,0.299612,0.060638,0.392694,0.048694,0.044637
2406_121_1516_1730,1,2,0.010297,0.09034,0.390173,0.252696,0.188316,0.036138,0.03204
2406_121_235_565,1,1,0.079216,0.614124,0.071839,0.021894,0.177842,0.016784,0.0183
2406_122_1737_2008,1,3,0.039082,0.09893,0.231999,0.370981,0.08515,0.082555,0.091303
2406_122_1413_1492,1,2,0.046112,0.21736,0.341465,0.07118,0.158687,0.132414,0.032783
2406_122_909_1100,1,2,0.091761,0.235729,0.349206,0.049933,0.11153,0.119196,0.042646
2406_122_160_219,1,5,0.051516,0.044861,0.065381,0.00926,0.015475,0.804979,0.008527
2406_122_570_703,2,2,0.030791,0.10787,0.339383,0.105278,0.073961,0.256481,0.086236
2406_121_714_897,1,1,0.026887,0.37915,0.160235,0.069898,0.325994,0.020629,0.017207
2404_122_31_178,2,5,0.235974,0.048808,0.091414,0.074695,0.014569,0.497115,0.037425
2404_122_1280_1440,1,0,0.486155,0.326079,0.02784,0.054945,0.018975,0.074696,0.01131
2404_121_1056_1280,1,3,0.015073,0.036653,0.048454,0.505964,0.025249,0.31456,0.054048
2404_121_1641_1727,3,3,0.011975,0.008955,0.011885,0.888553,0.010571,0.027043,0.041018
2404_122_252_370,1,3,0.133442,0.084102,0.062683,0.431272,0.00903,0.064317,0.215155
2404_121_1810_1832,3,3,0.007362,0.00748,0.009471,0.91081,0.006647,0.019353,0.038876
2404_122_1732_1810,1,2,0.027817,0.074713,0.476256,0.062592,0.019399,0.318477,0.020747
2404_121_1455_1520,1,3,0.017563,0.03017,0.064407,0.711303,0.040893,0.060584,0.075081
2404_122_907_1046,1,0,0.543655,0.313991,0.019125,0.013391,0.009183,0.092049,0.008607
2404_121_184_252,1,5,0.02663,0.070201,0.082901,0.066484,0.010045,0.71455,0.029189
2404_122_540_729,1,5,0.149621,0.16249,0.112694,0.049505,0.015768,0.463115,0.046806
2404_121_407_539,1,0,0.392695,0.311908,0.052759,0.094506,0.018046,0.081347,0.048738
2404_122_1527_1630,3,5,0.011123,0.031438,0.242367,0.076023,0.01011,0.61285,0.01609
2404_121_744_895,1,0,0.47223,0.142402,0.043051,0.132249,0.010315,0.145911,0.05384
2414_121_100_187,3,3,0.00533,0.01191,0.032991,0.896838,0.005928,0.033796,0.013208
2414_122_1161_1379,3,3,0.019306,0.014233,0.040977,0.742963,0.039212,0.121027,0.02228
2414_122_1632_2129,3,3,0.023368,0.011164,0.060675,0.720924,0.080522,0.093557,0.009789
2414_122_197_454,5,5,0.021729,0.01468,0.039035,0.24347,0.016905,0.648238,0.015942
2414_121_1407_1622,6,3,0.010098,0.029819,0.020399,0.873479,0.020712,0.01446,0.031033
2414_121_923_1153,4,3,0.004812,0.021558,0.093097,0.809987,0.041381,0.018409,0.010756
2414_121_464_604,5,3,0.003031,0.003172,0.026464,0.874266,0.021444,0.070137,0.001486
2414_122_612_910,5,5,0.122365,0.083426,0.062108,0.29221,0.074842,0.343271,0.021778
2414_122_31_87,5,5,0.116336,0.052638,0.053875,0.032307,0.007553,0.714248,0.023044
2414_121_2142_2189,3,3,0.002246,0.000996,0.007222,0.967377,0.005904,0.009907,0.006346
2416_121_121_132,5,5,0.161172,0.181628,0.065758,0.044448,0.02472,0.493597,0.028677
2416_121_1159_1330,1,1,0.376747,0.478189,0.03772,0.041266,0.041022,0.014817,0.010239
2416_121_1552_1777,0,1,0.208216,0.555632,0.039836,0.111295,0.057465,0.009953,0.017604
2416_122_157_314,0,0,0.570568,0.349269,0.023906,0.004905,0.009347,0.031288,0.010717
2416_122_1346_1535,2,0,0.446956,0.261044,0.094148,0.030302,0.11537,0.034282,0.017898
2416_122_897_988,1,0,0.81066,0.108971,0.021082,0.002988,0.011552,0.038787,0.005961
2416_122_454_653,0,0,0.740872,0.144509,0.026444,0.003273,0.017236,0.05784,0.009825
2416_122_1049_1130,1,0,0.441046,0.422405,0.046694,0.008972,0.060512,0.009425,0.010945
2416_121_328_440,0,0,0.328466,0.193569,0.047313,0.213773,0.022821,0.144308,0.04975
2416_122_31_114,1,5,0.166077,0.160396,0.178857,0.022586,0.020173,0.394514,0.057397
2416_121_673_881,0,0,0.730977,0.173463,0.036362,0.018355,0.014832,0.021801,0.00421
2416_121_999_1028,1,0,0.42591,0.39444,0.049634,0.022554,0.029608,0.051192,0.026661
2428_121_1240_1340,3,3,0.003459,0.001876,0.006193,0.959107,0.003825,0.004706,0.020835
2428_122_823_1206,4,1,0.108909,0.326604,0.282229,0.057405,0.054893,0.074693,0.095267
2428_122_1604_1750,1,1,0.112094,0.440975,0.169042,0.04471,0.126902,0.028353,0.077924
2428_122_198_469,1,1,0.160556,0.41253,0.200613,0.030387,0.063139,0.105736,0.027039
2428_122_575_654,1,1,0.124428,0.532284,0.135911,0.040144,0.029492,0.06875,0.068991
2428_122_31_97,4,2,0.048715,0.214972,0.470083,0.051261,0.085774,0.025104,0.104091
2428_121_1472_1575,3,3,0.010945,0.017523,0.018432,0.84604,0.014124,0.005737,0.087199
2428_121_690_816,2,5,0.102576,0.203574,0.064743,0.237487,0.04408,0.256083,0.091457
2428_122_1379_1434,1,0,0.423082,0.369793,0.072823,0.010213,0.107004,0.00815,0.008934
2428_121_499_573,4,1,0.320543,0.358676,0.027862,0.059226,0.045952,0.16053,0.027211
2428_121_130_167,2,1,0.155074,0.532856,0.039624,0.021536,0.073859,0.099758,0.077293
2430_121_31_262,1,1,0.167266,0.588802,0.036437,0.103714,0.041604,0.03408,0.028097
2430_121_1269_1364,4,5,0.124909,0.334773,0.02348,0.056935,0.043495,0.354791,0.061617
2430_122_1126_1258,1,1,0.273751,0.415031,0.030225,0.115465,0.02138,0.01983,0.124317
2430_122_1382_1515,1,1,0.167423,0.470309,0.04013,0.173841,0.017677,0.015925,0.114695
2430_122_776_1011,1,0,0.488721,0.408352,0.024837,0.021116,0.010443,0.029556,0.016975
2430_121_584_761,4,1,0.407893,0.467884,0.026679,0.011155,0.039277,0.03782,0.009292
2430_122_426_577,1,1,0.066553,0.433852,0.199016,0.095666,0.032492,0.145251,0.027171
2430_121_343_423,4,0,0.520253,0.363114,0.009261,0.050874,0.019717,0.019511,0.017271
2430_121_1047_1098,1,3,0.06441,0.142916,0.095215,0.488296,0.027241,0.074843,0.107079
2430_122_277_307,4,1,0.292219,0.382271,0.034787,0.010763,0.007925,0.254799,0.017236
2437_121_31_131,3,5,0.095262,0.117127,0.085359,0.243725,0.051756,0.318349,0.088422
2437_121_1092_1304,3,3,0.106712,0.237698,0.046271,0.284179,0.045736,0.250233,0.02917
2437_121_244_447,5,5,0.028588,0.068541,0.027914,0.058645,0.075495,0.734482,0.006335
2437_122_1319_1561,5,5,0.073774,0.17466,0.231756,0.108824,0.091882,0.27993,0.039174
2437_121_913_989,3,0,0.251827,0.230411,0.051613,0.158568,0.049855,0.137443,0.120283
2437_122_145_226,3,1,0.17568,0.379591,0.110823,0.10314,0.045227,0.09133,0.094209
2437_121_565_651,3,3,0.078253,0.125688,0.045421,0.320213,0.100549,0.072438,0.257437
2437_122_1007_1070,3,3,0.074347,0.099835,0.07846,0.569402,0.022253,0.048677,0.107027
2437_122_457_543,3,0,0.38771,0.384249,0.08883,0.019285,0.038159,0.048161,0.033607
2437_122_673_891,3,1,0.293814,0.410515,0.101679,0.038017,0.062779,0.072808,0.020388
2437_122_1615_1650,1,1,0.123574,0.420765,0.267928,0.074536,0.040748,0.040407,0.032042
2437_121_1579_1605,1,0,0.50441,0.411352,0.033049,0.009402,0.012007,0.023296,0.006485
3042_154_1119_1499,0,0,0.437986,0.336568,0.039669,0.032919,0.100056,0.023004,0.029797
3042_154_234_375,3,5,0.242226,0.088153,0.007403,0.134877,0.019271,0.492944,0.015126
3042_154_923_993,4,1,0.17288,0.41746,0.029383,0.131043,0.049674,0.055503,0.144057
3042_154_495_669,3,3,0.34506,0.084902,0.016314,0.406397,0.023292,0.086138,0.037896
3042_154_31_102,3,0,0.489748,0.104837,0.016003,0.067305,0.053422,0.256477,0.012208
3042_153_719_920,1,0,0.497169,0.189558,0.03998,0.024614,0.031335,0.198581,0.018763
3042_153_1538_1628,1,1,0.248749,0.511011,0.011822,0.038175,0.130891,0.038544,0.020808
3046_154_31_139,6,0,0.863175,0.07603,0.006759,0.013252,0.006302,0.006751,0.027732
3046_153_1198_1348,0,0,0.943835,0.022791,0.003108,0.002704,0.004583,0.019351,0.003628
3046_154_1071_1184,1,0,0.814061,0.107526,0.013276,0.011184,0.008236,0.03429,0.011427
3046_154_211_288,6,0,0.463778,0.341178,0.014989,0.09442,0.02041,0.015508,0.049718
3046_154_1407_1518,0,1,0.283731,0.326353,0.021309,0.068235,0.05773,0.156388,0.086253
3046_153_883_1050,0,0,0.873338,0.074706,0.007205,0.005398,0.006823,0.02291,0.00962
3046_153_155_205,0,0,0.549905,0.297939,0.008765,0.071271,0.010171,0.052513,0.009435
3046_154_421_653,1,0,0.696085,0.223361,0.010503,0.017244,0.006435,0.015674,0.030697
3046_153_304_401,0,0,0.656688,0.109268,0.020826,0.105026,0.00867,0.080193,0.019329
3046_153_1524_1569,0,1,0.303231,0.349809,0.006835,0.11017,0.024862,0.01347,0.191622
3046_154_779_864,1,0,0.763277,0.111926,0.009128,0.038848,0.005707,0.059179,0.011935
3046_153_664_747,1,0,0.813922,0.121174,0.006368,0.014767,0.005095,0.028719,0.009954
3049_154_100_207,6,3,0.03876,0.068215,0.070732,0.384506,0.112212,0.103686,0.221889
3049_154_1270_1453,6,3,0.03674,0.036887,0.053042,0.564017,0.186406,0.058245,0.064663
3049_153_999_1261,3,3,0.028679,0.024149,0.105454,0.580517,0.184915,0.023417,0.052869
3049_153_1518_1701,4,3,0.01057,0.06296,0.149883,0.375261,0.330723,0.03289,0.037713
3049_153_219_360,4,3,0.004357,0.00813,0.032467,0.805415,0.064194,0.045831,0.039606
3049_154_1715_1861,6,3,0.186961,0.07864,0.031918,0.513977,0.033256,0.041497,0.113752
3049_154_737_987,3,0,0.402529,0.082022,0.023037,0.332011,0.052808,0.04043,0.067163
3049_153_558_733,4,3,0.005398,0.003323,0.009387,0.926422,0.028292,0.007357,0.019821
3049_154_379_544,3,3,0.105969,0.089943,0.059305,0.466721,0.134826,0.040057,0.103179
3049_153_31_89,3,3,0.009383,0.048288,0.152762,0.389317,0.228089,0.096361,0.075801
3049_153_1869_2000,4,3,0.008104,0.005278,0.040912,0.853684,0.037683,0.038711,0.015628
3056_154_122_181,6,4,0.023184,0.187497,0.150709,0.087907,0.273821,0.025747,0.251135
3056_153_1183_1457,1,2,0.082025,0.125919,0.328587,0.200171,0.108067,0.070486,0.084744
3056_153_1536_1685,6,3,0.016401,0.05922,0.075011,0.499527,0.102635,0.022749,0.224455
3056_153_200_313,3,3,0.021679,0.038156,0.047151,0.601142,0.039997,0.032117,0.219758
3056_153_1737_1821,3,3,0.013107,0.013594,0.01344,0.868398,0.030855,0.009086,0.051521
3056_154_1460_1530,1,1,0.037927,0.299849,0.076435,0.180985,0.222721,0.04531,0.136771
3056_153_509_1103,1,3,0.027106,0.039829,0.051367,0.614285,0.062999,0.014758,0.189657
3056_154_315_357,1,6,0.039162,0.059043,0.01061,0.377561,0.036903,0.010809,0.465912
3056_154_467_498,6,4,0.024303,0.134098,0.290178,0.028754,0.339072,0.144631,0.038965
3056_153_31_103,3,3,0.021639,0.013015,0.013117,0.719438,0.037371,0.039315,0.156106
3056_154_1847_1926,1,3,0.013049,0.042614,0.045525,0.510554,0.04483,0.010442,0.332985
3056_154_1121_1133,6,4,0.033015,0.158185,0.065823,0.052745,0.377372,0.008229,0.304631
3056_154_1703_1730,1,6,0.025784,0.11373,0.165234,0.176979,0.168851,0.028077,0.321346
3072_153_31_213,0,0,0.772515,0.100033,0.009175,0.023602,0.030575,0.057034,0.007067
3072_154_1281_1369,2,2,0.044833,0.126575,0.243436,0.212384,0.143408,0.024333,0.205032
3072_153_889_1262,0,0,0.880102,0.037045,0.009786,0.008033,0.02384,0.035677,0.005517
3072_154_249_273,4,2,0.015961,0.048109,0.554803,0.039007,0.275158,0.008006,0.058956
3072_154_589_664,4,1,0.035164,0.254565,0.193215,0.063933,0.222923,0.008552,0.221647
3072_153_333_447,0,0,0.870203,0.082644,0.014448,0.002684,0.018702,0.008054,0.003266
3072_154_465_499,4,2,0.01337,0.065372,0.536511,0.082952,0.227403,0.010205,0.064187
3072_154_770_863,3,2,0.054315,0.187615,0.235871,0.133595,0.107749,0.061875,0.218981
3331_167_31_160,3,3,0.052295,0.034711,0.057474,0.343582,0.035796,0.271133,0.205009
3331_167_1026_1342,5,5,0.07261,0.072466,0.081749,0.1863,0.134448,0.38912,0.063308
3331_167_2014_2084,0,5,0.056299,0.054136,0.193173,0.03021,0.033635,0.625061,0.007485
3331_168_914_1221,6,6,0.080224,0.115233,0.12277,0.147969,0.014783,0.131212,0.387809
3331_167_1679_1708,5,5,0.023455,0.019714,0.048783,0.074795,0.012944,0.786377,0.033932
3331_168_178_321,6,5,0.055084,0.20966,0.049705,0.12651,0.039846,0.301327,0.217867
3331_168_1725_1845,6,6,0.042477,0.105155,0.076001,0.156655,0.027806,0.029708,0.562197
3331_168_1385_1632,3,3,0.020838,0.05824,0.12792,0.365957,0.020676,0.043702,0.362666
3331_168_2025_2229,1,0,0.489143,0.381016,0.006133,0.044669,0.021033,0.043485,0.014522
3331_167_2245_2421,4,2,0.244687,0.114106,0.294836,0.005381,0.266031,0.066246,0.008713
3331_168_479_682,1,1,0.244123,0.407022,0.071497,0.072624,0.053669,0.077515,0.073552
3331_167_424_455,6,5,0.229033,0.122312,0.072643,0.069093,0.030645,0.408057,0.068217
3331_167_720_873,5,3,0.008285,0.004149,0.011122,0.535894,0.007751,0.42234,0.010459
3331_167_1894_1923,6,3,0.283373,0.132687,0.084022,0.326494,0.040371,0.041787,0.091265
3331_168_1934_1941,5,5,0.021087,0.042993,0.021556,0.015996,0.032831,0.836756,0.028781
3347_167_127_153,3,3,0.01575,0.066726,0.14467,0.280501,0.258008,0.033811,0.200534
3347_167_1268_1470,5,3,0.030824,0.098798,0.044209,0.248585,0.231435,0.148886,0.197262
3347_167_2032_2114,3,3,0.0305,0.033275,0.030647,0.586155,0.063016,0.194821,0.061585
3347_167_1671_1748,4,4,0.017618,0.103283,0.057811,0.090869,0.461056,0.014095,0.255268
3347_167_234_268,3,4,0.007961,0.047461,0.040316,0.011983,0.739797,0.009642,0.142839
3347_168_1769_1847,3,3,0.008301,0.01964,0.06559,0.643741,0.033036,0.055425,0.174267
3347_167_895_1161,5,6,0.068395,0.16205,0.092076,0.159126,0.220712,0.050686,0.246954
3347_168_175_217,5,6,0.034023,0.02384,0.027809,0.22072,0.052242,0.058402,0.582964
3347_168_565_701,3,3,0.018012,0.134619,0.039643,0.39584,0.297792,0.029253,0.08484
3347_168_414_463,3,1,0.03453,0.44118,0.019859,0.077928,0.359446,0.006623,0.060435
3347_168_1482_1643,5,1,0.037736,0.243321,0.048815,0.227015,0.115549,0.232037,0.095526
3347_168_812_883,0,1,0.136569,0.276298,0.057417,0.173315,0.218681,0.04897,0.08875
3347_167_1847_1969,1,3,0.032194,0.055106,0.029614,0.430959,0.029104,0.335055,0.087968
3347_168_1191_1249,5,5,0.030251,0.072307,0.024709,0.0752,0.027524,0.677934,0.092074
3347_167_711_789,4,4,0.025335,0.227871,0.024549,0.017432,0.641463,0.013121,0.050229
3347_167_480_544,3,4,0.023559,0.259871,0.019924,0.103109,0.536824,0.004471,0.052241
3347_167_339_371,3,3,0.038237,0.1676,0.038125,0.470677,0.101323,0.018347,0.165692
3347_168_304_324,5,6,0.020425,0.041771,0.026707,0.195842,0.032439,0.140299,0.542517
3347_168_1988_2012,5,6,0.044329,0.100974,0.030634,0.086778,0.040749,0.040368,0.656168
3360_167_1077_1387,2,0,0.653049,0.177507,0.081197,0.003212,0.064045,0.015298,0.005691
3360_168_234_299,6,1,0.331996,0.396016,0.104823,0.065138,0.040809,0.011894,0.049324
3360_168_1449_1528,1,1,0.070817,0.394531,0.146506,0.067894,0.224924,0.020204,0.075123
3360_168_832_1011,0,0,0.811512,0.109646,0.028491,0.00852,0.016666,0.008949,0.016216
3360_168_562_688,0,6,0.120218,0.228518,0.035214,0.135273,0.051544,0.011849,0.417385
3360_167_300_341,5,6,0.053724,0.167634,0.016497,0.168219,0.064514,0.014003,0.515408
3360_168_450_476,1,1,0.222728,0.23627,0.04347,0.032241,0.132874,0.173951,0.158465
3360_167_66_85,1,1,0.112445,0.31053,0.080013,0.070697,0.187638,0.035691,0.202987
3360_167_494_534,1,1,0.196215,0.331622,0.025759,0.108467,0.077531,0.011123,0.249282
3360_167_730_806,2,0,0.357121,0.221859,0.114612,0.033043,0.087878,0.131871,0.053615
3360_168_31_51,6,3,0.051386,0.072133,0.021971,0.394422,0.024676,0.107857,0.327554
3360_168_146_168,6,6,0.046096,0.040573,0.038098,0.272735,0.033271,0.090448,0.478779
3360_167_186_198,1,1,0.092435,0.425007,0.048836,0.05911,0.102588,0.076345,0.19568
3805_192_111_269,6,3,0.019781,0.093624,0.143312,0.379113,0.06751,0.057518,0.239142
3805_191_1261_1305,3,3,0.008438,0.013673,0.028138,0.733099,0.01377,0.068205,0.134677
3805_191_1674_1726,3,3,0.016387,0.003041,0.010794,0.935095,0.003737,0.026094,0.004853
3805_191_1416_1506,2,3,0.010223,0.024727,0.021113,0.767979,0.041514,0.070934,0.06351
3805_192_880_1126,6,6,0.019486,0.129492,0.035472,0.299025,0.055121,0.046969,0.414435
3805_192_1306_1409,6,3,0.009927,0.042823,0.05829,0.527855,0.037117,0.075834,0.248154
3805_192_536_670,1,3,0.017942,0.098391,0.044282,0.377639,0.089701,0.224992,0.147054
3805_191_1140_1181,3,5,0.012318,0.031641,0.051483,0.266236,0.008839,0.525955,0.103528
3805_192_1738_1794,3,3,0.021769,0.095878,0.106649,0.564168,0.029674,0.069157,0.112704
3805_192_321_395,6,5,0.060819,0.107147,0.064759,0.14556,0.032292,0.51608,0.073343
3805_191_408_530,2,1,0.079233,0.583667,0.058695,0.0368,0.046179,0.109915,0.085511
3805_191_31_110,4,5,0.248959,0.211875,0.152127,0.022276,0.026954,0.273535,0.064273
3805_192_1525_1658,3,3,0.01138,0.093773,0.06769,0.581168,0.074657,0.014119,0.157213
3805_191_682_856,6,5,0.018469,0.289906,0.073375,0.033403,0.049353,0.341497,0.193996
3805_192_1210_1246,3,3,0.015263,0.023999,0.042489,0.476499,0.024738,0.160954,0.256058
3805_191_271_321,0,5,0.015218,0.048744,0.045342,0.00457,0.00497,0.853989,0.027169
3812_192_31_210,0,1,0.385426,0.401046,0.027176,0.017926,0.018998,0.135017,0.01441
3812_191_1296_1437,4,2,0.007659,0.195376,0.72748,0.004899,0.037792,0.012273,0.01452
3812_192_1864_2194,4,1,0.083325,0.486263,0.139233,0.049384,0.129739,0.053175,0.058882
3812_192_905_1263,0,0,0.472707,0.430013,0.025557,0.009469,0.020033,0.030193,0.012027
3812_191_1606_1830,4,1,0.030231,0.355928,0.25197,0.018763,0.045991,0.076366,0.220751
3812_191_231_298,4,1,0.092955,0.76404,0.017838,0.013429,0.055555,0.01486,0.041324
3812_191_2216_2243,2,2,0.002949,0.105728,0.825521,0.004077,0.022249,0.014959,0.024518
3812_191_2578_2635,2,3,0.023617,0.117152,0.019862,0.460506,0.061954,0.03255,0.284359
3812_192_2260_2413,6,3,0.024611,0.217766,0.096782,0.352139,0.070405,0.012526,0.22577
3812_192_590_783,0,0,0.730763,0.231268,0.008361,0.001641,0.005923,0.018584,0.003461
3812_192_310_498,0,0,0.589302,0.320623,0.009294,0.007583,0.010477,0.056085,0.006637
3812_192_1488_1588,4,5,0.05829,0.202505,0.187343,0.052799,0.049241,0.393041,0.05678
3812_192_2491_2562,3,3,0.006895,0.017786,0.039191,0.765251,0.011753,0.013008,0.146115
3812_191_800_895,1,0,0.452847,0.43533,0.034408,0.006757,0.014678,0.018793,0.037188
3812_191_2444_2456,3,3,0.009384,0.033084,0.020849,0.775598,0.060255,0.028964,0.071866
3809_192_31_131,3,3,0.012547,0.025255,0.024164,0.766463,0.023389,0.036463,0.111718
3809_192_1138_1347,3,3,0.00735,0.015208,0.010969,0.864741,0.016864,0.007948,0.07692
3809_191_227_323,1,5,0.050669,0.2144,0.036218,0.029868,0.079719,0.492553,0.096573
3809_192_1416_1578,3,3,0.007654,0.017068,0.020511,0.887375,0.017305,0.00966,0.040427
3809_191_2492_2622,3,3,0.004537,0.002049,0.00785,0.950465,0.007271,0.019832,0.007994
3809_192_860_1080,6,3,0.021179,0.072054,0.061934,0.433255,0.135409,0.038268,0.237901
3809_191_1092_1118,5,5,0.013172,0.084753,0.171827,0.031576,0.06606,0.535937,0.096674
3809_192_1725_1827,3,3,0.004847,0.004872,0.012009,0.924038,0.006098,0.005254,0.042882
3809_192_449_655,4,3,0.015972,0.068151,0.065981,0.320349,0.200149,0.016563,0.312836
3809_192_2635_2707,3,3,0.003979,0.002103,0.006251,0.957623,0.006643,0.014533,0.008869
3809_192_2347_2482,3,3,0.005584,0.002822,0.011926,0.934308,0.011765,0.008661,0.024933
3809_191_1589_1722,3,3,0.017075,0.025926,0.035008,0.564651,0.021362,0.152418,0.183559
3809_191_2275_2322,3,3,0.006531,0.002986,0.013323,0.891151,0.011497,0.045018,0.029494
3809_192_2173_2265,3,3,0.010532,0.006255,0.020152,0.858534,0.016786,0.024601,0.06314
3809_191_1833_1911,2,4,0.003262,0.029825,0.270919,0.014023,0.437415,0.105691,0.138865
3809_191_2075_2170,2,5,0.031508,0.087235,0.06946,0.065317,0.107602,0.423635,0.215243
3809_191_660_860,1,5,0.065289,0.108921,0.042025,0.013069,0.020442,0.73844,0.011814
3809_191_1358_1415,3,3,0.00964,0.017378,0.023771,0.712844,0.018579,0.058456,0.159332
3809_192_1926_2059,3,3,0.01806,0.043448,0.058665,0.649311,0.09809,0.013591,0.118835
3809_191_342_449,2,5,0.016881,0.064887,0.023993,0.017542,0.008327,0.819,0.04937
3809_192_323_342,3,3,0.017522,0.068695,0.0556,0.778722,0.012318,0.011842,0.055301
3819_191_31_132,1,5,0.007868,0.020622,0.139461,0.235716,0.124611,0.280395,0.191326
3819_192_1281_1374,1,3,0.009503,0.04573,0.026628,0.739066,0.038709,0.012634,0.127729
3819_192_2026_2129,3,3,0.006781,0.012384,0.011687,0.867105,0.016154,0.012622,0.073267
3819_191_1658_1695,1,5,0.003657,0.019849,0.017531,0.009804,0.007139,0.928039,0.013982
3819_191_210_437,4,6,0.020015,0.063509,0.113148,0.288712,0.076908,0.10667,0.331037
3819_192_1721_1867,4,3,0.025241,0.059776,0.067234,0.330174,0.099465,0.125311,0.292798
3819_191_1394_1498,6,3,0.007184,0.011837,0.008826,0.742202,0.024391,0.046184,0.159376
3819_192_939_989,1,1,0.013706,0.340678,0.115627,0.044033,0.080479,0.265373,0.140103
3819_192_441_649,1,3,0.004189,0.006152,0.019615,0.864358,0.012742,0.075631,0.017314
3819_192_1104_1180,2,2,0.012222,0.17118,0.357169,0.242532,0.045498,0.057861,0.113538
3819_192_144_197,1,5,0.024236,0.077676,0.017997,0.13269,0.012255,0.697694,0.037451
3819_191_1004_1053,1,5,0.015569,0.061373,0.113256,0.00613,0.01795,0.76148,0.024243
3819_192_1531_1650,5,5,0.016523,0.0348,0.032521,0.240167,0.046289,0.450759,0.178942
3819_191_1199_1261,1,0,0.460512,0.293707,0.044276,0.030725,0.010926,0.068031,0.091824
3819_191_1876_2011,3,3,0.0103,0.005579,0.005651,0.931655,0.011134,0.019011,0.016671
3819_191_668_713,1,2,0.024196,0.172096,0.316603,0.011683,0.059267,0.269659,0.146496
3819_191_835_925,1,1,0.155515,0.57304,0.053213,0.027224,0.01194,0.08144,0.097627
3819_192_725_815,6,3,0.015103,0.060574,0.027391,0.468561,0.06053,0.036938,0.330902
3826_192_101_128,1,5,0.111034,0.081572,0.025934,0.064163,0.011579,0.656924,0.048795
3826_191_1250_1388,3,3,0.003932,0.002629,0.007543,0.948588,0.013742,0.019847,0.00372
3826_191_2008_2130,3,3,0.007845,0.016614,0.0298,0.856255,0.024324,0.023004,0.042158
3826_192_1049_1247,1,3,0.018029,0.159508,0.060909,0.511997,0.045447,0.095938,0.108172
3826_192_1576_1710,2,1,0.059899,0.384195,0.120187,0.179829,0.032843,0.074272,0.148776
3826_191_148_301,5,3,0.03752,0.008233,0.047256,0.566833,0.015465,0.319381,0.005312
3826_192_1806_1884,3,3,0.018707,0.059547,0.047629,0.548301,0.057225,0.01329,0.2553
3826_192_1402_1467,2,5,0.014403,0.023803,0.04917,0.115542,0.02106,0.670717,0.105305
3826_192_2133_2233,3,3,0.009383,0.057608,0.018218,0.765139,0.022391,0.065094,0.062168
3826_191_868_1033,4,1,0.363659,0.378307,0.135008,0.005782,0.061458,0.04297,0.012816
3826_191_469_728,2,5,0.024066,0.171406,0.278518,0.024776,0.066472,0.424163,0.010598
3826_191_1734_1779,2,2,0.005893,0.153874,0.536995,0.004955,0.21683,0.056012,0.025441
3826_191_31_88,5,5,0.068181,0.040157,0.08865,0.262731,0.021846,0.513509,0.004926
3826_192_400_450,1,5,0.106751,0.089103,0.038237,0.092033,0.013497,0.494297,0.166083
3826_191_1488_1568,2,5,0.00494,0.036823,0.069741,0.077978,0.036248,0.639586,0.134684
3826_192_738_848,1,0,0.683791,0.171576,0.006625,0.011533,0.012473,0.101697,0.012305
3826_191_1898_1942,3,3,0.002531,0.000731,0.004771,0.802029,0.004847,0.182388,0.002703
3826_191_350_385,3,3,0.050197,0.032428,0.020481,0.817452,0.010801,0.0206,0.04804
3826_192_1963_1998,3,3,0.013903,0.011036,0.011242,0.820484,0.008223,0.121152,0.01396
3826_192_305_328,6,5,0.152846,0.158292,0.033796,0.047527,0.012206,0.491447,0.103887
3829_191_31_137,6,5,0.013529,0.110521,0.2606,0.056335,0.035411,0.412605,0.110998
3829_191_1269_1309,0,5,0.072409,0.177575,0.062262,0.108621,0.020019,0.431373,0.127741
3829_191_2014_2070,0,1,0.176898,0.327965,0.116006,0.004296,0.036824,0.317914,0.020096
3829_192_1067_1269,1,3,0.03804,0.035826,0.016263,0.586759,0.018423,0.21499,0.0897
3829_192_1645_1700,1,3,0.085593,0.263579,0.015527,0.351501,0.039962,0.026407,0.21743
3829_192_140_266,1,5,0.008969,0.064134,0.015588,0.045524,0.010812,0.829857,0.025116
3829_191_1713_1952,4,1,0.153261,0.331599,0.063171,0.113761,0.025936,0.055914,0.256358
3829_192_1443_1549,1,1,0.089682,0.639604,0.02678,0.040824,0.045247,0.018424,0.139439
3829_192_2070_2329,1,1,0.375501,0.416265,0.033599,0.065754,0.027026,0.038292,0.043563
3829_192_874_971,1,5,0.201763,0.188393,0.02455,0.064041,0.026902,0.471987,0.022364
3829_192_1309_1374,1,3,0.037007,0.156994,0.05846,0.477757,0.124218,0.10744,0.038124
3829_192_451_692,1,5,0.009113,0.096535,0.048557,0.110873,0.023696,0.616866,0.09436
3829_191_2332_2442,4,1,0.050264,0.554784,0.114668,0.0331,0.077329,0.059793,0.110062
3829_191_266_451,6,5,0.061553,0.344226,0.06822,0.016218,0.008469,0.461247,0.040068
3829_191_978_1067,0,0,0.421415,0.320155,0.039053,0.020212,0.013888,0.174985,0.010292
3829_191_692_874,1,1,0.27736,0.560557,0.030257,0.014049,0.033117,0.024038,0.060622
3829_191_1563_1635,0,1,0.275143,0.427783,0.039699,0.036737,0.011828,0.063651,0.14516
3829_191_1374_1443,0,1,0.231584,0.4817,0.060124,0.019462,0.042225,0.090795,0.074109
3829_192_2442_2466,3,3,0.010982,0.044145,0.031785,0.428666,0.036064,0.02744,0.42092
3829_192_1952_2007,1,5,0.219313,0.124541,0.015968,0.030494,0.014469,0.558717,0.036497
3833_192_85_165,5,5,0.006103,0.01163,0.016311,0.054562,0.014932,0.838196,0.058267
3833_191_1248_1362,3,3,0.003473,0.001995,0.004235,0.965273,0.015033,0.003671,0.00632
3833_192_1031_1248,3,3,0.203756,0.123027,0.032865,0.404772,0.030663,0.184782,0.020135
3833_191_1528_1705,3,3,0.039835,0.044284,0.041563,0.444569,0.058148,0.04164,0.329962
3833_192_1721_1850,3,3,0.008949,0.007039,0.005878,0.929675,0.009235,0.010495,0.028729
3833_192_1371_1520,3,3,0.006058,0.004683,0.009998,0.913753,0.018225,0.037379,0.009904
3833_191_884_1023,3,3,0.018764,0.062947,0.014439,0.687583,0.056098,0.013254,0.146916
3833_191_193_239,4,1,0.092109,0.419922,0.176841,0.012412,0.096405,0.038857,0.163455
3833_191_388_735,4,1,0.031217,0.384144,0.220562,0.012934,0.179986,0.098747,0.07241
3833_192_294_373,3,3,0.008231,0.027643,0.016367,0.712957,0.02865,0.016604,0.189549
3833_191_31_85,0,6,0.045899,0.051003,0.091461,0.109607,0.175738,0.039685,0.486609
3833_192_735_884,3,5,0.023195,0.028766,0.026041,0.245747,0.052364,0.47756,0.146328
3833_191_1850_1954,3,3,0.008697,0.020416,0.023766,0.837551,0.015693,0.07665,0.017227
3833_192_1954_2027,3,3,0.004051,0.000473,0.003262,0.956508,0.012326,0.013466,0.009915
3837_192_2409_2561,3,3,0.005558,0.011141,0.010919,0.913242,0.020004,0.005291,0.033845
3837_191_31_380,3,3,0.007787,0.01287,0.034741,0.693984,0.019469,0.158264,0.072884
3837_192_1984_2285,3,3,0.005999,0.010283,0.011876,0.889129,0.018264,0.04951,0.01494
3837_191_1115_1291,0,0,0.40221,0.377258,0.050765,0.010439,0.017173,0.094013,0.048141
3837_192_1611_1746,3,3,0.011858,0.031945,0.113354,0.594364,0.074683,0.062609,0.111188
3837_191_1761_1968,3,6,0.014237,0.158404,0.086498,0.174749,0.125625,0.119014,0.321473
3837_192_1309_1486,1,3,0.01189,0.034417,0.021977,0.706226,0.059273,0.019512,0.146706
3837_191_927_991,3,6,0.023299,0.046268,0.032122,0.241743,0.275937,0.015681,0.36495
3837_191_2301_2384,1,5,0.022754,0.164419,0.035234,0.168754,0.239925,0.305365,0.063549
3837_192_584_688,3,3,0.00759,0.00534,0.015116,0.753133,0.056287,0.09955,0.062986
3837_192_999_1109,1,5,0.035921,0.043126,0.018881,0.092065,0.036238,0.732221,0.041548
3837_192_386_460,5,3,0.008131,0.002689,0.009929,0.556413,0.010658,0.39646,0.01572
3837_191_1509_1598,3,3,0.017726,0.016325,0.037347,0.662701,0.028917,0.025458,0.211527
3837_192_786_842,3,3,0.01009,0.005281,0.011834,0.898242,0.019811,0.020101,0.034642
3837_191_697_774,3,3,0.00609,0.013357,0.017729,0.904367,0.021941,0.016989,0.019527
3837_191_478_575,3,3,0.006948,0.010827,0.024807,0.854216,0.037785,0.028892,0.036524
3837_191_851_872,3,3,0.03586,0.05436,0.071575,0.433245,0.116061,0.082212,0.206686
3837_192_888_897,3,5,0.014197,0.036974,0.023575,0.099095,0.039566,0.686199,0.100395
3924_198_116_164,1,5,0.107542,0.159197,0.158811,0.023148,0.02025,0.473598,0.057455
3924_198_1124_1322,1,6,0.105417,0.226065,0.05486,0.219252,0.01202,0.039628,0.342759
3924_197_843_1000,6,6,0.035399,0.226866,0.167613,0.112212,0.05741,0.118044,0.282455
3924_197_189_251,1,6,0.039959,0.205896,0.174949,0.020111,0.087079,0.044656,0.42735
3924_197_1326_1357,6,3,0.036591,0.076931,0.084944,0.418508,0.045663,0.069828,0.267534
3924_198_471_598,1,5,0.077848,0.099361,0.030978,0.170057,0.014281,0.413041,0.194434
3924_197_1085_1111,6,3,0.028868,0.071342,0.191882,0.386749,0.059397,0.078165,0.183597
3924_198_298_397,0,0,0.745559,0.162644,0.024403,0.00627,0.009134,0.045077,0.006913
3924_198_1005_1083,1,5,0.029304,0.071572,0.138994,0.049041,0.006546,0.427533,0.27701
3924_197_31_115,0,2,0.030479,0.213466,0.370134,0.049495,0.043677,0.077661,0.215089
3924_197_602_630,0,6,0.040877,0.152052,0.125234,0.127998,0.080974,0.116405,0.35646
3924_197_405_451,1,6,0.077647,0.232424,0.245201,0.060616,0.019423,0.115954,0.248735
3924_198_651_843,1,0,0.711996,0.226575,0.014384,0.00486,0.008605,0.024993,0.008588
3926_197_31_143,2,2,0.012079,0.084289,0.357946,0.246985,0.132066,0.006547,0.160088
3926_198_1195_1523,4,3,0.04672,0.094365,0.019908,0.567888,0.057601,0.051649,0.161868
3926_198_1613_1713,6,6,0.030089,0.190523,0.025037,0.194845,0.175663,0.015142,0.368701
3926_198_1805_1836,3,3,0.013983,0.027779,0.013885,0.619887,0.02619,0.054777,0.243499
3926_197_930_998,3,3,0.007439,0.010834,0.051883,0.830473,0.035785,0.004887,0.058699
3926_198_167_254,1,6,0.01723,0.063731,0.031937,0.293842,0.077033,0.023839,0.492388
3926_197_538_614,5,6,0.023456,0.1568,0.120406,0.210977,0.212662,0.036193,0.239506
3926_198_1009_1132,4,3,0.040989,0.120339,0.025761,0.392459,0.247311,0.020501,0.15264
3926_197_1748_1798,1,1,0.02125,0.536329,0.044579,0.299955,0.072519,0.009474,0.015895
3926_197_269_362,3,3,0.0244,0.024478,0.050542,0.679379,0.044015,0.105815,0.07137
3926_198_635_694,6,3,0.019505,0.030634,0.096023,0.327039,0.086168,0.117897,0.322733
3926_198_370_512,4,1,0.085408,0.408271,0.059255,0.035018,0.225212,0.143835,0.043002
3926_198_791_918,3,3,0.011685,0.028961,0.023987,0.728603,0.057726,0.020301,0.128736
3926_197_709_772,3,3,0.013445,0.050787,0.111593,0.587066,0.126126,0.007988,0.102996
3926_197_1537_1598,4,4,0.006435,0.202655,0.16371,0.02631,0.549767,0.010203,0.04092
3926_197_1154_1182,5,5,0.045555,0.188285,0.081492,0.019447,0.050566,0.367814,0.24684
3929_198_1245_1434,2,5,0.077824,0.142441,0.046507,0.048114,0.075594,0.590051,0.019469
3929_198_1932_2168,1,1,0.118034,0.42435,0.222034,0.039241,0.088862,0.082313,0.025167
3929_197_1038_1228,4,2,0.007851,0.165209,0.372605,0.046479,0.287212,0.006292,0.114352
3929_198_1474_1709,1,1,0.176634,0.325913,0.054834,0.119485,0.105588,0.069462,0.148083
3929_198_139_296,6,3,0.024027,0.035384,0.015598,0.455543,0.092308,0.007608,0.369532
3929_197_1725_1921,4,2,0.023929,0.250305,0.28751,0.017564,0.248139,0.114159,0.058395
3929_198_946_1021,1,3,0.013809,0.032889,0.021273,0.563906,0.024226,0.066287,0.27761
3929_197_300_381,3,3,0.022696,0.113396,0.107121,0.463731,0.136448,0.016357,0.140252
3929_197_593_656,6,3,0.024359,0.137691,0.108373,0.444482,0.128733,0.006008,0.150353
3929_197_459_539,3,4,0.023577,0.144928,0.087686,0.184575,0.344022,0.007274,0.207937
3929_197_31_83,3,3,0.013501,0.027001,0.088228,0.650128,0.061975,0.007162,0.152004
3929_198_402_440,6,6,0.016766,0.025741,0.028759,0.171852,0.086644,0.069605,0.600633
3929_198_702_838,3,3,0.03057,0.073268,0.031779,0.360107,0.108051,0.315029,0.081196
3929_197_843_928,6,1,0.030143,0.408241,0.102602,0.198253,0.101145,0.01585,0.143767
3929_198_553_588,6,6,0.034511,0.056166,0.072844,0.164542,0.050653,0.218245,0.403039
3929_197_1440_1444,5,5,0.024713,0.041872,0.037624,0.131592,0.030906,0.680039,0.053254
3937_197_31_180,5,4,0.039125,0.371082,0.129851,0.007228,0.389119,0.041805,0.02179
3937_197_1207_1342,5,1,0.041885,0.427759,0.183316,0.049157,0.125598,0.11001,0.062275
3937_198_1103_1193,6,3,0.04708,0.152095,0.053442,0.323906,0.116826,0.082242,0.224408
3937_198_1624_1683,5,3,0.031895,0.055083,0.027564,0.447834,0.269547,0.096968,0.071109
3937_198_190_305,3,3,0.027225,0.150423,0.034581,0.420578,0.124022,0.068536,0.174636
3937_198_1820_1925,3,3,0.023695,0.041114,0.063527,0.474499,0.226075,0.107984,0.063106
3937_197_1383_1604,5,1,0.037742,0.283034,0.192013,0.030653,0.234999,0.163443,0.058117
3937_197_923_1091,5,4,0.025375,0.128401,0.192538,0.19807,0.308124,0.071774,0.075718
3937_197_581_733,3,3,0.020738,0.209627,0.084033,0.312801,0.068725,0.188069,0.116006
3937_197_1692_1785,5,4,0.035446,0.281426,0.147638,0.04206,0.357216,0.025977,0.110238
3937_197_309_406,5,5,0.036454,0.229435,0.219899,0.051044,0.061737,0.267243,0.134188
3937_198_419_578,3,6,0.037902,0.14918,0.060191,0.244422,0.10327,0.076886,0.328149
3937_198_736_910,3,6,0.01836,0.057899,0.091633,0.257972,0.109715,0.073663,0.390759
3937_198_1360_1373,5,5,0.054078,0.136056,0.076782,0.054896,0.063347,0.46484,0.150002
3939_197_31_222,1,1,0.032048,0.412942,0.103838,0.042775,0.293723,0.023687,0.090987
3939_197_1291_1355,3,1,0.098814,0.23862,0.090801,0.018251,0.119,0.225231,0.209283
3939_198_1176_1288,4,3,0.085912,0.136762,0.029616,0.272497,0.045338,0.201558,0.228317
3939_197_1657_1695,1,1,0.026896,0.403166,0.072412,0.064394,0.280391,0.008883,0.143859
3939_198_251_411,0,6,0.036099,0.247724,0.087954,0.058863,0.064789,0.058092,0.446478
3939_197_1425_1475,5,5,0.038721,0.064432,0.015568,0.016759,0.013518,0.836427,0.014575
3939_198_824_1052,4,3,0.021164,0.224907,0.050369,0.355093,0.154219,0.065216,0.129032
3939_198_501_650,4,6,0.017865,0.108595,0.124929,0.088711,0.174982,0.084969,0.399948
3939_197_1063_1167,5,5,0.034793,0.199089,0.084805,0.015262,0.069684,0.570803,0.025563
3939_198_1716_1795,0,3,0.030073,0.115478,0.046199,0.280781,0.106115,0.148321,0.273034
3939_197_415_489,1,1,0.109209,0.685089,0.016889,0.017532,0.140539,0.003667,0.027075
3939_198_1497_1640,1,1,0.183329,0.536463,0.014331,0.076899,0.109086,0.037701,0.042192
3939_197_666_780,1,1,0.03262,0.445421,0.034741,0.089189,0.331589,0.018119,0.048322
3939_198_1366_1413,4,3,0.04693,0.074634,0.024397,0.393542,0.051553,0.073268,0.335676
3944_198_120_280,3,5,0.022885,0.105484,0.100924,0.1626,0.120225,0.260236,0.227646
3944_197_1195_1331,3,4,0.019538,0.157153,0.157616,0.127918,0.319809,0.089038,0.128927
3944_198_1800_1966,3,3,0.032576,0.17025,0.040661,0.317318,0.108757,0.034261,0.296177
3944_198_1350_1660,3,2,0.124711,0.271126,0.288778,0.030994,0.149604,0.07037,0.064418
3944_197_919_1071,1,1,0.03668,0.528939,0.050097,0.012611,0.302829,0.004938,0.063907
3944_197_1680_1790,3,4,0.014157,0.052782,0.284189,0.127454,0.343055,0.048537,0.129825
3944_197_431_487,1,2,0.007915,0.178613,0.643583,0.016834,0.095585,0.008292,0.049179
3944_197_31_104,4,2,0.024912,0.069799,0.277845,0.125735,0.158754,0.150872,0.192082
3944_197_643_722,1,1,0.011606,0.407645,0.228008,0.058457,0.239308,0.005537,0.049438
3944_198_336_406,3,3,0.017545,0.042321,0.032879,0.577056,0.051084,0.07378,0.205336
3944_197_295_326,5,5,0.066243,0.15877,0.155475,0.015613,0.054423,0.403865,0.145612
3941_198_119_185,5,5,0.017493,0.020559,0.018181,0.053579,0.022045,0.792553,0.07559
3941_197_1102_1285,3,4,0.011403,0.178439,0.0809,0.067592,0.556527,0.00477,0.100369
3941_197_1649_1817,3,4,0.022245,0.244698,0.046398,0.219138,0.286211,0.006115,0.175196
3941_197_202_333,1,4,0.035827,0.396958,0.049578,0.029278,0.423019,0.009185,0.056156
3941_197_1372_1488,3,6,0.017148,0.123486,0.048718,0.103638,0.29999,0.00836,0.39866
3941_197_828_949,0,1,0.144424,0.638797,0.016747,0.035717,0.093438,0.006887,0.06399
3941_198_1303_1360,3,5,0.010911,0.023448,0.057039,0.277208,0.089312,0.422986,0.119096
3941_198_557_634,1,2,0.013734,0.234636,0.374516,0.023573,0.242151,0.027817,0.083574
3941_198_974_1090,0,2,0.016891,0.133896,0.512887,0.05215,0.178678,0.023384,0.082114
3941_197_442_529,1,4,0.021757,0.174559,0.049188,0.124418,0.402327,0.012579,0.215172
3941_197_31_100,4,4,0.023208,0.180805,0.091692,0.109335,0.387689,0.004906,0.202365
3941_198_1507_1631,3,3,0.011742,0.037564,0.023634,0.657085,0.182882,0.024275,0.062818
3941_197_655_730,1,4,0.00762,0.202458,0.078363,0.017615,0.619252,0.002718,0.071974
3941_198_352_435,4,5,0.013029,0.018684,0.03308,0.177467,0.087357,0.608896,0.061488
3941_198_747_818,4,6,0.026517,0.045305,0.026266,0.297532,0.063352,0.043653,0.497375
3941_198_1841_1867,0,4,0.007542,0.031284,0.037609,0.180937,0.526139,0.075336,0.141153
3943_198_81_192,3,5,0.026475,0.086092,0.026868,0.087169,0.035311,0.558763,0.179321
3943_197_1192_1327,3,6,0.020973,0.128047,0.205439,0.15171,0.154944,0.124502,0.214386
3943_197_1566_1704,3,3,0.017728,0.047748,0.116032,0.371957,0.122825,0.081723,0.241987
3943_197_216_329,1,1,0.069126,0.561445,0.044664,0.019772,0.213793,0.011434,0.079766
3943_198_1345_1562,3,3,0.020053,0.033796,0.02114,0.428378,0.092652,0.031239,0.372742
3943_198_770_939,3,6,0.021635,0.054636,0.087373,0.277959,0.03952,0.061732,0.457144
3943_197_940_1070,1,1,0.057478,0.671946,0.016565,0.060706,0.141682,0.004409,0.047215
3943_198_553_664,1,6,0.019007,0.119151,0.043654,0.297731,0.133788,0.01606,0.370608
3943_198_1083_1183,3,6,0.048334,0.089486,0.050257,0.293069,0.094644,0.052685,0.371525
3943_197_31_66,3,5,0.10134,0.168558,0.100188,0.0159,0.026268,0.31582,0.271927
3943_198_339_469,1,6,0.075256,0.180236,0.035992,0.210544,0.071871,0.075088,0.351013
3943_198_1714_1758,3,3,0.022179,0.030096,0.02625,0.432289,0.035407,0.07791,0.37587
3943_197_676_756,0,1,0.077108,0.681017,0.057132,0.016687,0.113005,0.019993,0.035058
3943_197_486_544,1,4,0.011383,0.135358,0.181314,0.067159,0.324465,0.15411,0.126211
3957_198_31_164,3,3,0.038805,0.041468,0.031672,0.676529,0.023597,0.15072,0.037211
3957_197_1251_1471,4,1,0.183794,0.580084,0.032244,0.024175,0.123903,0.008223,0.047577
3957_198_1887_2099,3,3,0.01675,0.020798,0.00812,0.802289,0.066118,0.052054,0.033872
3957_198_1055_1236,1,3,0.008203,0.008127,0.008492,0.878034,0.013242,0.065605,0.018297
3957_197_1613_1850,1,1,0.087606,0.283072,0.11253,0.251035,0.073737,0.155237,0.036783
3957_197_185_409,1,3,0.039355,0.125987,0.035202,0.703549,0.021561,0.031004,0.043342
3957_197_729_1034,4,4,0.017089,0.180029,0.078449,0.023978,0.661304,0.006253,0.032899
3957_198_2260_2319,1,5,0.104914,0.128261,0.057848,0.063744,0.088109,0.372528,0.184595
3957_197_473_649,1,1,0.082904,0.294319,0.087973,0.229854,0.174686,0.033084,0.09718
3957_198_424_454,3,3,0.009903,0.019441,0.013589,0.760311,0.011599,0.161939,0.023217
3957_198_1500_1597,1,3,0.096968,0.278323,0.024586,0.309758,0.111927,0.01378,0.164658
3957_198_679_719,3,5,0.029099,0.064168,0.134475,0.179826,0.066572,0.425694,0.100166
3957_197_2128_2203,1,1,0.045647,0.512381,0.021608,0.044911,0.336011,0.005195,0.034246
3950_197_31_176,2,2,0.009051,0.055167,0.599264,0.061523,0.187461,0.009327,0.078206
3950_198_1202_1339,6,6,0.016539,0.077464,0.107341,0.030924,0.027778,0.126058,0.613896
3950_198_1882_2052,6,6,0.044681,0.09796,0.086049,0.131742,0.025008,0.078693,0.535867
3950_197_1071_1190,6,4,0.017719,0.110142,0.249146,0.013817,0.510409,0.039442,0.059325
3950_198_205_255,1,6,0.028131,0.078578,0.050251,0.032626,0.053699,0.093733,0.662983
3950_197_1791_1850,6,1,0.039198,0.547487,0.040453,0.084314,0.215079,0.008432,0.065036
3950_198_1461_1573,6,6,0.022202,0.092096,0.076648,0.109048,0.016103,0.04047,0.643433
3950_198_2170_2326,6,6,0.019977,0.075842,0.076121,0.177393,0.020229,0.036338,0.594099
3950_197_846_936,4,4,0.016078,0.175914,0.22989,0.051224,0.421484,0.007661,0.09775
3950_198_1717_1767,1,5,0.088364,0.147745,0.081737,0.059808,0.032721,0.362693,0.226932
3950_197_304_413,4,2,0.021161,0.312895,0.419023,0.03359,0.132158,0.023332,0.05784
3950_197_611_675,4,4,0.029818,0.157357,0.233148,0.015203,0.474993,0.00949,0.079991
3950_198_963_1048,1,6,0.034578,0.108093,0.060682,0.188546,0.036935,0.10439,0.466776
3950_198_431_572,1,2,0.014984,0.133596,0.441113,0.013132,0.12517,0.040168,0.231837
3950_197_2076_2144,5,1,0.084202,0.379975,0.094542,0.047464,0.218813,0.136937,0.038067
3950_198_719_795,6,4,0.056075,0.179878,0.179939,0.046528,0.292817,0.038587,0.206177
3950_197_1367_1444,5,5,0.008763,0.086862,0.093857,0.054193,0.107515,0.560766,0.088043
3950_197_2381_2396,4,4,0.031267,0.15005,0.330675,0.010004,0.401317,0.018126,0.058561
3950_197_1659_1670,1,4,0.023637,0.112129,0.069547,0.103203,0.501435,0.009034,0.181014
3964_199_31_252,3,3,0.006204,0.002826,0.017011,0.856679,0.014758,0.093022,0.0095
3964_199_1258_1451,3,3,0.034282,0.029213,0.012258,0.814496,0.038129,0.046131,0.025491
3964_200_1071_1229,0,0,0.60409,0.050432,0.011475,0.171246,0.017436,0.117848,0.027472
3964_199_1654_1717,1,3,0.016852,0.105818,0.07033,0.513519,0.174276,0.042932,0.076273
3964_200_1745_1894,0,0,0.831705,0.115193,0.005155,0.020262,0.005481,0.013104,0.009099
3964_200_1461_1632,0,0,0.752588,0.186836,0.006583,0.01899,0.005067,0.013814,0.016121
3964_200_741_929,1,1,0.344465,0.459516,0.051322,0.021617,0.016144,0.023534,0.083402
3964_200_541_653,1,0,0.446655,0.434325,0.020268,0.008927,0.005766,0.031153,0.052906
3964_200_284_341,5,3,0.026234,0.017429,0.009396,0.586972,0.008925,0.289134,0.06191
3964_199_954_1046,3,3,0.020849,0.066292,0.048877,0.669394,0.049872,0.114739,0.029978
3964_199_454_518,3,3,0.011132,0.011292,0.016862,0.844466,0.011671,0.070481,0.034096
3964_199_346_400,3,3,0.011663,0.008307,0.009316,0.838831,0.010919,0.102312,0.018653
3964_200_410_433,6,6,0.030365,0.216751,0.039593,0.04496,0.257482,0.004962,0.405888
3964_199_674_691,5,5,0.004428,0.01137,0.010054,0.062559,0.015771,0.887447,0.008371
3976_199_1105_1189,3,3,0.008284,0.008219,0.017633,0.817902,0.019228,0.072945,0.055789
3976_199_183_322,3,3,0.036406,0.159054,0.058076,0.430212,0.090735,0.03553,0.189987
3976_199_940_1014,4,6,0.043619,0.089512,0.084247,0.188841,0.207664,0.090947,0.295171
3976_200_1318_1365,3,3,0.013675,0.015441,0.006832,0.772056,0.052758,0.022782,0.116456
3976_199_485_657,4,4,0.007605,0.050786,0.134062,0.166783,0.570406,0.023722,0.046638
3976_200_1035_1070,4,4,0.005882,0.067222,0.011893,0.009174,0.837031,0.00215,0.066648
3976_199_31_114,3,3,0.013583,0.022459,0.063526,0.585674,0.071954,0.091131,0.151674
3976_200_345_456,1,6,0.044183,0.194265,0.02491,0.148558,0.216047,0.022484,0.349552
3976_199_786_856,4,4,0.018177,0.18474,0.069282,0.186121,0.410064,0.018706,0.112909
3976_200_682_755,1,4,0.026145,0.20667,0.029114,0.1829,0.450205,0.005409,0.099556
3976_199_1259_1292,3,3,0.01927,0.22556,0.132125,0.411204,0.12652,0.040203,0.045119
3976_200_869_907,4,4,0.021502,0.261461,0.018118,0.011663,0.600762,0.00346,0.083034
3976_200_1208_1247,5,3,0.010796,0.016702,0.022537,0.793347,0.051078,0.030497,0.075044
3976_200_133_173,4,6,0.089001,0.232805,0.02859,0.077832,0.099163,0.014944,0.457665
3980_200_1262_1368,5,5,0.006337,0.016932,0.023169,0.035007,0.020418,0.884597,0.013541
3980_199_1157_1248,4,4,0.015651,0.087946,0.205091,0.168828,0.352869,0.092812,0.076803
3980_199_1675_1741,3,3,0.023654,0.08837,0.028335,0.515989,0.297761,0.021401,0.02449
3980_200_1760_1862,4,4,0.027867,0.305444,0.028697,0.032904,0.56092,0.00937,0.034799
3980_199_1395_1474,4,4,0.011421,0.154646,0.066717,0.139372,0.523054,0.035597,0.069193
3980_199_867_949,4,1,0.07972,0.431662,0.047499,0.089946,0.29575,0.014206,0.041217
3980_200_138_249,1,4,0.020783,0.097306,0.04078,0.022253,0.559638,0.007845,0.251395
3980_200_965_1135,1,3,0.064456,0.19822,0.036288,0.26052,0.137804,0.179065,0.123647
3980_199_261_415,6,5,0.010969,0.013945,0.077083,0.2396,0.109751,0.521965,0.026688
3980_199_602_740,6,3,0.006687,0.004091,0.021651,0.863823,0.06081,0.026899,0.01604
3980_200_436_586,3,3,0.03606,0.062518,0.073428,0.37073,0.21166,0.085178,0.160426
3980_199_31_106,4,5,0.014038,0.029305,0.22998,0.129992,0.216026,0.233981,0.146678
3980_200_760_856,1,3,0.043038,0.050334,0.007588,0.731025,0.027844,0.01246,0.127712
3980_199_1877_1995,3,3,0.016457,0.07024,0.050985,0.522605,0.271735,0.022591,0.045386
3980_200_1571_1653,4,3,0.033466,0.053204,0.027685,0.344078,0.060727,0.26872,0.21212
3982_199_2482_2656,3,3,0.016852,0.064296,0.050027,0.469897,0.320919,0.055794,0.022216
3982_200_79_146,5,5,0.006236,0.015318,0.034864,0.018169,0.011267,0.887653,0.026493
3982_200_1168_1405,4,4,0.006307,0.093509,0.036156,0.011947,0.736948,0.00339,0.111742
3982_199_204_333,4,5,0.060564,0.209502,0.063834,0.089699,0.172875,0.326424,0.077101
3982_200_2723_2790,3,3,0.008918,0.021515,0.052696,0.674751,0.189427,0.023736,0.028958
3982_199_1443_1498,5,6,0.008926,0.020692,0.015564,0.176721,0.028094,0.36156,0.388442
3982_200_824_979,4,4,0.005418,0.057235,0.080539,0.003617,0.836618,0.007778,0.008795
3982_200_1953_2170,4,4,0.0092,0.198265,0.037735,0.010372,0.717963,0.001447,0.025018
3982_199_1004_1129,5,5,0.018418,0.052649,0.05871,0.114843,0.087285,0.604406,0.063688
3982_200_1760_1831,4,6,0.018027,0.193607,0.029202,0.210318,0.215611,0.003791,0.329444
3982_200_353_650,4,1,0.076152,0.565231,0.03523,0.005266,0.298794,0.006493,0.012833
3982_199_1559_1715,4,5,0.011999,0.059513,0.062827,0.344621,0.02914,0.381827,0.110072
3982_200_1505_1530,4,4,0.008422,0.100649,0.041354,0.004875,0.818031,0.00199,0.024678
3982_199_672_774,3,3,0.020636,0.07058,0.025068,0.568564,0.195287,0.016919,0.102946
3982_199_1852_1878,4,5,0.014777,0.018242,0.067954,0.204631,0.024887,0.337466,0.332042
3982_199_2216_2267,4,4,0.007843,0.033857,0.064885,0.064458,0.642993,0.021856,0.164109
3982_200_2318_2449,4,4,0.003788,0.039695,0.033638,0.014377,0.796327,0.003116,0.109057
3990_199_31_182,1,1,0.24192,0.277933,0.068478,0.118492,0.132547,0.109992,0.050637
3990_200_1198_1343,1,3,0.224181,0.136789,0.03632,0.44774,0.054292,0.035335,0.065343
3990_199_1082_1192,1,3,0.057243,0.203618,0.079419,0.290594,0.220445,0.063015,0.085666
3990_200_1504_1729,0,0,0.573183,0.117258,0.056598,0.078669,0.054239,0.106051,0.014001
3990_200_205_387,1,1,0.21749,0.320811,0.028082,0.079251,0.02391,0.302278,0.028178
3990_199_1738_1813,1,3,0.045652,0.098959,0.059925,0.320802,0.127784,0.19917,0.147707
3990_199_1355_1473,1,4,0.04185,0.378901,0.024239,0.032997,0.478813,0.011442,0.031759
3990_199_833_933,1,1,0.11556,0.405766,0.043185,0.09215,0.136063,0.046857,0.160419
3990_200_951_1060,0,0,0.653461,0.212718,0.014771,0.055127,0.014821,0.011513,0.037588
3990_200_547_622,0,3,0.292402,0.105166,0.016388,0.376574,0.05676,0.133108,0.019601
3990_199_636_684,1,0,0.315852,0.288058,0.047919,0.14019,0.0491,0.098037,0.060843
3990_199_395_535,1,5,0.018212,0.044121,0.031541,0.045106,0.048372,0.774886,0.037763
3990_200_1827_1965,0,1,0.436546,0.490818,0.010987,0.02662,0.008939,0.018804,0.007285
3990_200_690_821,1,0,0.531488,0.09356,0.024856,0.041373,0.036009,0.258951,0.013763
3998_199_2435_2589,3,3,0.013391,0.027602,0.028008,0.762424,0.058396,0.021109,0.08907
3998_199_31_138,3,3,0.021304,0.048685,0.066337,0.669104,0.075603,0.039484,0.079483
3998_199_1934_2210,2,3,0.017212,0.021966,0.102083,0.641191,0.130828,0.02878,0.057941
3998_199_1069_1276,3,3,0.00992,0.007423,0.11635,0.714379,0.038499,0.058264,0.055166
3998_199_1588_1753,1,5,0.011695,0.02233,0.037789,0.278292,0.087086,0.535882,0.026926
3998_200_160_422,3,3,0.015435,0.030518,0.034237,0.617517,0.167059,0.043971,0.091264
3998_200_1304_1548,6,5,0.020159,0.118541,0.095487,0.056268,0.090312,0.554164,0.065069
3998_200_659_940,1,3,0.02928,0.061826,0.014798,0.766118,0.07181,0.030797,0.02537
3998_199_951_1017,3,3,0.010859,0.045931,0.081398,0.696235,0.050139,0.089007,0.026431
3998_200_2245_2425,3,3,0.025329,0.031746,0.013076,0.736446,0.022157,0.140153,0.031093
3998_199_448_643,3,3,0.00789,0.00561,0.005751,0.908324,0.057189,0.009424,0.005812
3998_200_1836_1906,3,3,0.02325,0.047257,0.04127,0.683055,0.031045,0.15933,0.014793
3998_200_1040_1054,5,5,0.011633,0.036688,0.031744,0.080965,0.042575,0.684117,0.112279
4327_217_31_235,0,0,0.914461,0.037036,0.008884,0.002801,0.007336,0.024503,0.004979
4327_217_1116_1449,1,0,0.45376,0.434791,0.021557,0.009741,0.022994,0.036403,0.020754
4327_218_1575_1800,0,0,0.758919,0.181221,0.023349,0.005693,0.008311,0.009681,0.012826
4327_217_705_972,1,0,0.524509,0.339587,0.018134,0.013406,0.018346,0.05161,0.034409
4327_217_554_617,1,0,0.363645,0.318015,0.008398,0.130144,0.016341,0.015142,0.148314
4327_218_286_409,0,0,0.755939,0.095151,0.007454,0.01001,0.005334,0.122503,0.003609
4327_217_433_482,1,1,0.144595,0.759874,0.018705,0.010262,0.024741,0.016211,0.025613
4327_218_657_682,5,5,0.067819,0.066438,0.05518,0.05217,0.009587,0.668069,0.080736
4327_218_1047_1089,0,0,0.508318,0.213586,0.100516,0.047324,0.01989,0.096269,0.014097
4327_218_492_507,5,5,0.108262,0.066083,0.10782,0.032786,0.015213,0.576523,0.093313
4330_218_109_237,1,0,0.522538,0.225936,0.024506,0.018567,0.009773,0.16858,0.0301
4330_217_1125_1370,2,4,0.014991,0.190624,0.180156,0.013003,0.341941,0.130299,0.128986
4330_217_1522_1684,6,2,0.022444,0.205234,0.306669,0.020503,0.143761,0.099897,0.201491
4330_218_1749_1933,1,0,0.672401,0.248323,0.024885,0.003123,0.003927,0.03906,0.008281
4330_218_1409_1486,1,1,0.215383,0.312186,0.052701,0.048927,0.051049,0.26127,0.058483
4330_217_822_964,2,1,0.140199,0.378446,0.047726,0.004598,0.194638,0.017942,0.216451
4330_217_394_643,6,1,0.059643,0.500786,0.036221,0.054134,0.054484,0.125737,0.168995
4330_218_997_1096,1,0,0.740422,0.174879,0.015732,0.004502,0.014736,0.031636,0.018093
4330_217_31_75,6,6,0.15911,0.124154,0.015378,0.171897,0.02289,0.009648,0.496924
4330_218_682_796,1,1,0.391664,0.396576,0.028472,0.086067,0.018227,0.067771,0.011223
4330_218_342_372,1,5,0.117378,0.207496,0.080457,0.04211,0.014445,0.459462,0.078653
4330_217_1979_2016,0,0,0.774749,0.111411,0.012974,0.011742,0.011985,0.061411,0.015729
4330_217_267_318,5,1,0.207923,0.468416,0.052293,0.009593,0.099717,0.052287,0.109772
4342_218_110_218,1,5,0.232913,0.07456,0.032189,0.022959,0.011106,0.619084,0.007188
4342_218_1175_1321,1,1,0.261534,0.66071,0.008389,0.0283,0.008675,0.020235,0.012156
4342_217_1565_1719,3,3,0.038444,0.027452,0.011475,0.740855,0.010772,0.024208,0.146794
4342_217_218_335,1,6,0.013694,0.019394,0.02712,0.270682,0.053172,0.024261,0.591676
4342_218_1719_1869,1,5,0.049401,0.364057,0.023548,0.083966,0.026505,0.409778,0.042745
4342_218_1436_1565,1,1,0.051586,0.386456,0.041514,0.13251,0.040999,0.200218,0.146718
4342_218_854_952,1,0,0.626862,0.015546,0.006748,0.002287,0.005387,0.341732,0.001439
4342_217_1321_1436,1,0,0.648124,0.130261,0.01468,0.040731,0.011758,0.102063,0.052383
4342_218_557_757,1,0,0.648875,0.134081,0.009622,0.029458,0.012993,0.159462,0.00551
4342_217_952_1175,1,1,0.382702,0.435408,0.01591,0.010977,0.019398,0.021932,0.113673
4342_217_414_557,4,3,0.021789,0.112517,0.073558,0.419692,0.089889,0.159718,0.122838
4342_217_31_110,3,3,0.009017,0.011209,0.016107,0.825091,0.032705,0.009882,0.095988
4342_217_757_854,1,0,0.863437,0.068724,0.014018,0.002446,0.01487,0.022134,0.014372
4342_218_335_414,1,5,0.013722,0.018636,0.004274,0.016205,0.004233,0.938355,0.004575
4347_217_82_142,1,5,0.015557,0.188474,0.05566,0.038879,0.157208,0.301534,0.242688
4347_218_1217_1317,5,5,0.282505,0.31337,0.017051,0.017941,0.016307,0.337228,0.015598
4347_217_1014_1217,1,0,0.562161,0.350761,0.008146,0.003013,0.020667,0.049506,0.005746
4347_218_1657_1794,3,3,0.03477,0.118101,0.036607,0.386516,0.028746,0.238168,0.157091
4347_217_225_380,5,5,0.008611,0.031206,0.007033,0.257794,0.013915,0.636211,0.04523
4347_217_1794_1836,3,3,0.030365,0.073547,0.009966,0.724484,0.018917,0.042918,0.099802
4347_217_1317_1521,1,0,0.714979,0.226285,0.01161,0.002234,0.021927,0.018914,0.004051
4347_218_878_1014,5,5,0.02181,0.012793,0.007574,0.024578,0.007693,0.920147,0.005404
4347_218_142_225,5,3,0.081894,0.160129,0.019333,0.3351,0.029599,0.24041,0.133536
4347_218_380_609,3,3,0.026577,0.109654,0.028677,0.559256,0.031129,0.20381,0.040896
4347_217_609_688,5,5,0.038964,0.013173,0.008538,0.056341,0.008476,0.814766,0.059743
4347_218_31_82,3,0,0.271362,0.077132,0.03031,0.183093,0.015655,0.259265,0.163184
4347_217_803_878,1,5,0.020992,0.113805,0.024828,0.171717,0.046191,0.466149,0.156318
4347_218_735_803,3,3,0.005906,0.005545,0.007298,0.912392,0.01404,0.0247,0.030119
4353_218_105_248,5,5,0.01287,0.094138,0.035834,0.193694,0.03048,0.568575,0.064409
4353_217_1182_1390,1,3,0.025996,0.234691,0.089368,0.379735,0.042176,0.065099,0.162934
4353_218_1580_1775,3,1,0.31478,0.458584,0.027283,0.041218,0.012325,0.124364,0.021446
4353_217_1800_1870,3,6,0.054349,0.132833,0.1057,0.284922,0.053467,0.033057,0.335671
4353_217_2127_2301,0,3,0.114291,0.259264,0.044445,0.35208,0.035224,0.036766,0.157929
4353_217_858_1004,0,0,0.498481,0.421279,0.010274,0.020798,0.020445,0.016099,0.012623
4353_218_474_639,1,3,0.028405,0.10965,0.043433,0.601208,0.025,0.156786,0.035518
4353_218_1060_1161,1,5,0.05841,0.027696,0.009279,0.195831,0.002648,0.698084,0.008052
4353_217_271_451,1,4,0.049031,0.199328,0.163694,0.051203,0.414409,0.056836,0.065498
4353_217_31_94,3,3,0.023231,0.047621,0.070552,0.446599,0.083981,0.043005,0.285012
4353_217_1487_1526,1,3,0.076314,0.138837,0.065839,0.329362,0.025301,0.137181,0.227165
4353_218_765_833,0,3,0.027591,0.235083,0.079028,0.346086,0.027363,0.263532,0.021317
4353_217_656_743,3,3,0.028797,0.204655,0.064821,0.506822,0.045965,0.089998,0.058941
4353_218_1902_1979,1,5,0.138341,0.17863,0.020728,0.006673,0.037211,0.612319,0.006099
4353_218_1422_1442,5,5,0.203859,0.158638,0.013928,0.008818,0.007589,0.59279,0.014377
4353_217_1998_2043,0,5,0.084125,0.213213,0.130984,0.107265,0.102927,0.223367,0.138119
4353_218_2071_2096,1,4,0.059672,0.216363,0.160268,0.033029,0.32564,0.074017,0.131011
4356_218_95_191,3,3,0.006614,0.002696,0.006788,0.681313,0.015395,0.250204,0.03699
4356_218_1256_1565,1,1,0.033106,0.294879,0.056336,0.138286,0.187819,0.04644,0.243134
4356_217_2035_2078,6,3,0.013794,0.063398,0.068783,0.369014,0.050239,0.319416,0.115356
4356_217_1033_1193,5,5,0.033403,0.106555,0.02084,0.222072,0.032184,0.549268,0.035679
4356_217_1581_1696,5,5,0.05432,0.088653,0.00487,0.327421,0.010605,0.502886,0.011245
4356_217_203_261,2,2,0.018567,0.068759,0.433378,0.107728,0.135109,0.02026,0.2162
4356_218_1724_2024,1,0,0.517233,0.273677,0.030198,0.018758,0.028996,0.118076,0.013062
4356_218_2109_2299,1,6,0.045731,0.301837,0.034148,0.145361,0.047841,0.109529,0.315552
4356_218_2503_2673,1,3,0.024024,0.122053,0.015952,0.680799,0.011338,0.02177,0.124064
4356_218_898_1010,4,4,0.041896,0.130193,0.291425,0.028801,0.312493,0.055199,0.139993
4356_217_532_855,6,6,0.039679,0.145474,0.062869,0.097508,0.191928,0.202902,0.259641
4356_217_302_365,6,6,0.009508,0.025462,0.031093,0.241688,0.018977,0.286657,0.386615
4356_218_403_510,5,5,0.019607,0.035779,0.027586,0.071349,0.048235,0.761721,0.035724
4356_217_31_63,2,3,0.013248,0.021293,0.083469,0.538988,0.057937,0.017659,0.267405
4356_217_2348_2468,3,4,0.01027,0.215255,0.247513,0.053287,0.381154,0.011436,0.081085
4356_218_275_287,6,5,0.015972,0.07144,0.063661,0.137194,0.151014,0.369722,0.190997
4481_225_1218_1312,5,5,0.016396,0.026376,0.01915,0.152316,0.03506,0.680442,0.07026
4481_226_1114_1197,3,3,0.011347,0.015618,0.014355,0.677323,0.01367,0.034077,0.233609
4481_226_799_1047,1,3,0.012032,0.050308,0.067754,0.342187,0.077714,0.175019,0.274986
4481_226_133_239,3,3,0.020778,0.049797,0.023355,0.588865,0.039766,0.025975,0.251464
4481_226_1336_1448,3,3,0.012259,0.01473,0.010828,0.66891,0.010823,0.022858,0.259591
4481_225_320_373,5,3,0.057097,0.116499,0.064242,0.255877,0.130817,0.141189,0.234279
4481_225_605_654,6,3,0.029612,0.138417,0.043556,0.298695,0.103687,0.125317,0.260717
4481_226_391_591,3,6,0.012081,0.03031,0.026876,0.312638,0.023852,0.133963,0.460279
4481_225_31_94,2,4,0.038375,0.129547,0.077098,0.196171,0.375344,0.026704,0.156761
4481_226_1520_1556,3,0,0.384875,0.119092,0.012333,0.132822,0.007445,0.280574,0.062858
4481_225_1481_1515,6,3,0.021667,0.054128,0.017755,0.609449,0.020262,0.050012,0.226727
4481_226_667_746,5,5,0.038534,0.133609,0.034507,0.229616,0.041043,0.301658,0.221032
4481_225_1560_1627,3,3,0.01398,0.023168,0.020847,0.683467,0.049146,0.014579,0.194812
4481_225_760_794,6,3,0.021556,0.036869,0.034447,0.393382,0.082441,0.097564,0.333741
4481_225_1055_1103,5,5,0.015874,0.050573,0.070338,0.093921,0.077679,0.518194,0.173421
4489_225_31_150,6,5,0.105239,0.102928,0.020944,0.078967,0.060018,0.489821,0.142083
4489_225_1239_1321,3,4,0.146546,0.206276,0.050418,0.089487,0.21656,0.094963,0.19575
4489_226_1131_1208,1,5,0.044519,0.027862,0.010274,0.018577,0.01546,0.869951,0.013356
4489_226_171_366,1,5,0.010647,0.043831,0.057254,0.359977,0.05865,0.379665,0.089976
4489_225_887_968,5,5,0.013968,0.01567,0.011351,0.014481,0.029502,0.901853,0.013175
4489_226_1340_1408,3,0,0.507028,0.275821,0.026731,0.088679,0.032428,0.034717,0.034597
4489_226_472_618,4,5,0.028881,0.086812,0.026809,0.071912,0.067496,0.411271,0.306819
4489_225_1075_1123,3,3,0.091232,0.186825,0.045028,0.437475,0.024623,0.099978,0.114839
4489_225_625_647,5,5,0.031256,0.03175,0.016397,0.029741,0.018648,0.825925,0.046281
4489_226_981_1051,3,3,0.025332,0.064454,0.056738,0.536509,0.029548,0.047899,0.23952
4489_226_776_878,1,3,0.115197,0.212702,0.0506,0.40995,0.047533,0.06008,0.103938
4489_226_659_710,3,5,0.014946,0.019431,0.033051,0.161416,0.03204,0.676697,0.062419
4489_225_715_764,5,5,0.036111,0.054251,0.048602,0.035949,0.077262,0.613195,0.13463
4489_225_368_406,5,5,0.018942,0.026593,0.019655,0.032939,0.033957,0.807807,0.060107
4491_226_904_1365,1,1,0.032442,0.261401,0.064597,0.245732,0.21286,0.035182,0.147787
4491_225_219_278,1,4,0.009923,0.05221,0.065549,0.161799,0.347331,0.120433,0.242755
4491_226_1454_1638,2,3,0.014445,0.021784,0.047828,0.629632,0.051708,0.09895,0.135653
4491_225_90_127,4,6,0.012436,0.022915,0.040324,0.190416,0.065404,0.319472,0.349033
4491_226_546_723,4,1,0.23746,0.487494,0.020903,0.154789,0.040838,0.021458,0.037058
4491_226_162_185,2,5,0.01558,0.041449,0.027903,0.059478,0.018496,0.785656,0.051436
4491_226_302_434,4,4,0.016114,0.244627,0.279477,0.025476,0.392963,0.017666,0.023677
4491_225_456_501,4,1,0.275652,0.509431,0.016503,0.013397,0.090831,0.061728,0.032458
4491_225_755_861,4,5,0.019141,0.061605,0.053737,0.037915,0.205433,0.548757,0.073412
4491_226_65_87,6,5,0.014947,0.066331,0.050394,0.153549,0.073211,0.499436,0.142131
4491_225_1394_1436,4,6,0.021151,0.046951,0.06709,0.180308,0.05265,0.315627,0.316223
4491_225_31_52,6,3,0.26065,0.074402,0.062023,0.275338,0.046605,0.090817,0.190165
4494_226_123_174,6,5,0.014203,0.017171,0.036881,0.378672,0.024336,0.381952,0.146785
4494_226_1197_1497,6,3,0.0205,0.026236,0.037662,0.483671,0.07082,0.037147,0.323963
4494_225_1115_1188,2,3,0.096941,0.195886,0.07301,0.23297,0.142337,0.07665,0.182205
4494_225_190_259,2,2,0.013217,0.071272,0.408236,0.022284,0.388373,0.016788,0.07983
4494_225_936_953,4,6,0.026071,0.068797,0.03867,0.180851,0.171163,0.016485,0.497963
4494_225_581_725,2,4,0.020635,0.055512,0.188654,0.026833,0.295456,0.294384,0.118526
4494_225_324_407,2,6,0.018588,0.032944,0.032965,0.355518,0.037682,0.062954,0.459349
4494_226_970_1103,1,3,0.012202,0.055138,0.093115,0.337581,0.247662,0.110706,0.143596
4494_226_422_572,6,6,0.022853,0.054519,0.028141,0.360001,0.082883,0.053572,0.398031
4494_225_31_105,2,3,0.027785,0.07733,0.056495,0.495105,0.080007,0.041685,0.221592
4494_225_1512_1545,4,4,0.029403,0.153713,0.12304,0.054715,0.502634,0.013447,0.123048
4494_226_745_928,1,6,0.03944,0.125301,0.032398,0.29596,0.072073,0.107495,0.327332
4494_226_267_312,1,6,0.050912,0.082592,0.055102,0.194119,0.034071,0.271261,0.311944
4505_225_31_164,5,6,0.0195,0.065135,0.198317,0.086051,0.12057,0.185495,0.324932
4505_226_1293_1391,5,3,0.010361,0.095225,0.028303,0.508085,0.022642,0.314897,0.020486
4505_226_1977_2170,3,3,0.004458,0.00258,0.005004,0.938069,0.005613,0.031633,0.012643
4505_225_1134_1293,5,6,0.029202,0.113586,0.066505,0.184892,0.220617,0.106862,0.278335
4505_225_1649_1801,1,3,0.124499,0.164244,0.026705,0.299359,0.08971,0.200149,0.095334
4505_226_164_293,5,5,0.007379,0.063461,0.014839,0.119635,0.105585,0.56552,0.123581
4505_226_1801_1861,3,3,0.006416,0.008265,0.018857,0.770435,0.013692,0.145816,0.036519
4505_225_1391_1553,5,5,0.02619,0.074312,0.02054,0.038627,0.082174,0.723065,0.035092
4505_225_872_984,1,4,0.019136,0.34648,0.115859,0.029126,0.385183,0.017349,0.086867
4505_225_533_675,5,6,0.029498,0.030413,0.038592,0.236444,0.120595,0.111533,0.432926
4505_226_984_1134,3,3,0.011465,0.021226,0.035574,0.579937,0.042491,0.273755,0.035551
4505_225_293_460,5,5,0.007819,0.007385,0.008312,0.082122,0.008911,0.873322,0.01213
4505_226_460_533,5,3,0.01115,0.023599,0.013815,0.70339,0.035744,0.033705,0.178598
4505_226_675_872,5,5,0.009445,0.031668,0.060776,0.165404,0.168314,0.481671,0.082722
4505_225_1861_1977,3,3,0.04545,0.027422,0.023599,0.673201,0.104336,0.037126,0.088867
4505_226_1553_1649,5,3,0.026836,0.222004,0.037156,0.278018,0.171358,0.078731,0.185897
4519_225_84_136,5,5,0.013216,0.011875,0.01349,0.046483,0.012722,0.887132,0.015084
4519_225_1144_1235,0,0,0.506622,0.330871,0.01621,0.062773,0.028097,0.032063,0.023364
4519_226_148_293,1,6,0.029946,0.11297,0.121567,0.172077,0.212637,0.105006,0.245797
4519_226_1445_1500,0,3,0.004655,0.004684,0.006997,0.846113,0.09214,0.006151,0.039259
4519_225_949_1029,4,1,0.090493,0.403857,0.063426,0.106979,0.172141,0.019787,0.143317
4519_225_1311_1422,1,1,0.395224,0.446278,0.038571,0.031852,0.038412,0.00818,0.041483
4519_226_479_637,1,0,0.602284,0.24302,0.008143,0.035105,0.039548,0.039643,0.032257
4519_226_1038_1132,6,3,0.03288,0.04848,0.014212,0.506912,0.030194,0.016329,0.350993
4519_225_315_459,1,5,0.181679,0.160754,0.039241,0.025105,0.054749,0.506609,0.031862
4519_226_31_66,1,0,0.689631,0.053288,0.020079,0.037409,0.004619,0.146068,0.048907
4519_225_1513_1556,3,3,0.034704,0.174016,0.113458,0.30094,0.159725,0.029792,0.187365
4519_226_806_925,1,2,0.119085,0.148814,0.598717,0.013373,0.051527,0.027483,0.041
4519_225_659_784,6,6,0.134056,0.253085,0.052622,0.143697,0.062996,0.043195,0.310349
4519_226_1259_1291,1,5,0.165007,0.128214,0.014463,0.096449,0.014518,0.547214,0.034135
4519_226_1573_1617,1,4,0.071929,0.180736,0.059585,0.044213,0.569063,0.060409,0.014065
4722_238_110_174,4,1,0.080252,0.502635,0.080418,0.039889,0.125574,0.064868,0.106364
4722_238_1290_1392,3,3,0.020841,0.189542,0.034488,0.33821,0.050823,0.05993,0.306166
4722_237_1141_1273,1,6,0.06896,0.190237,0.061189,0.161433,0.20485,0.040187,0.273143
4722_238_1540_1700,1,3,0.005343,0.038109,0.048667,0.622681,0.014701,0.055544,0.214954
4722_238_242_459,1,1,0.019531,0.358099,0.117285,0.050861,0.162704,0.057627,0.233894
4722_237_1403_1527,3,3,0.010736,0.007686,0.016964,0.83161,0.013197,0.098219,0.021587
4722_238_901_951,6,5,0.00651,0.068225,0.034541,0.016772,0.008266,0.798852,0.066834
4722_237_181_222,5,5,0.006434,0.008796,0.010521,0.022324,0.007811,0.935111,0.009003
4722_238_525_777,4,6,0.008577,0.161317,0.127793,0.096892,0.095712,0.038017,0.471693
4722_238_1084_1133,1,1,0.017701,0.782336,0.054009,0.059937,0.021332,0.016984,0.047701
4722_237_1711_1768,3,1,0.122824,0.231716,0.210117,0.126946,0.127489,0.102491,0.078418
4722_237_961_1070,1,6,0.031942,0.252873,0.03184,0.157298,0.131142,0.029152,0.365753
4722_237_470_511,5,5,0.024292,0.044324,0.048626,0.163448,0.013953,0.585074,0.120284
4722_237_31_86,5,5,0.035223,0.099655,0.115314,0.140504,0.114431,0.249074,0.2458
4722_237_787_889,4,3,0.03615,0.035013,0.02265,0.63973,0.116822,0.056738,0.092898
4734_237_31_136,3,3,0.010842,0.008996,0.021633,0.851607,0.008786,0.016696,0.08144
4734_238_1213_1423,1,5,0.151883,0.275192,0.066489,0.149279,0.024975,0.305398,0.026783
4734_237_1030_1213,2,3,0.022154,0.170731,0.055538,0.480626,0.018375,0.097439,0.155137
4734_238_1638_1761,6,1,0.17995,0.666689,0.018159,0.057705,0.013577,0.024197,0.039722
4734_237_188_374,3,3,0.008274,0.039908,0.109787,0.633312,0.010616,0.109796,0.088307
4734_237_1423_1638,1,1,0.136336,0.628192,0.041568,0.038559,0.060436,0.049026,0.045882
4734_238_838_1030,5,5,0.312682,0.254167,0.028197,0.048409,0.017414,0.330276,0.008856
4734_237_464_652,5,1,0.211603,0.461027,0.030533,0.050922,0.01679,0.212812,0.016314
4734_238_136_188,6,5,0.034998,0.154896,0.087228,0.03868,0.028629,0.512217,0.143352
4734_238_374_464,2,5,0.033707,0.088155,0.072951,0.181042,0.042643,0.369422,0.212081
4734_237_762_838,6,6,0.01219,0.069499,0.046655,0.328007,0.025946,0.027724,0.489978
4734_238_652_762,5,5,0.017348,0.13517,0.024637,0.009281,0.012314,0.773268,0.027982
4731_238_106_186,5,5,0.011037,0.047757,0.045396,0.005043,0.009923,0.864058,0.016785
4731_237_1077_1303,1,1,0.224541,0.634108,0.021078,0.021701,0.056296,0.026527,0.015749
4731_238_2021_2141,1,1,0.050826,0.422019,0.146826,0.013884,0.291047,0.039459,0.03594
4731_238_1648_1811,6,3,0.031146,0.115252,0.086993,0.363973,0.065358,0.233819,0.103458
4731_237_197_262,1,4,0.01764,0.187818,0.106174,0.056116,0.499384,0.016972,0.115896
4731_238_1314_1461,1,5,0.005855,0.005213,0.008265,0.047946,0.00727,0.920549,0.004901
4731_237_2171_2262,4,4,0.026055,0.275086,0.090345,0.014073,0.527278,0.018953,0.04821
4731_237_685_956,1,1,0.05836,0.760823,0.042876,0.030943,0.051328,0.022826,0.032844
4731_238_2285_2374,1,2,0.036608,0.272414,0.382613,0.03877,0.18308,0.048452,0.038063
4731_238_573_660,5,5,0.016913,0.079351,0.13585,0.030715,0.017482,0.691705,0.027985
4731_238_279_405,1,5,0.039476,0.252873,0.078089,0.023565,0.033551,0.522204,0.050243
4731_238_969_1064,4,5,0.047574,0.193695,0.073157,0.01222,0.04291,0.606861,0.023584
4731_237_426_562,1,1,0.048167,0.663535,0.039411,0.005427,0.197042,0.017282,0.029136
4731_237_31_101,4,4,0.015809,0.106312,0.20427,0.100295,0.489584,0.0187,0.06503
4731_237_1484_1624,1,1,0.016965,0.312045,0.096084,0.169794,0.188978,0.035978,0.180156
4731_237_1838_1999,4,4,0.012186,0.237946,0.217225,0.100587,0.265394,0.016545,0.150117
4736_238_1176_1404,4,2,0.011003,0.12317,0.334653,0.1041,0.113136,0.209766,0.104171
4736_238_1670_1779,6,4,0.008699,0.063791,0.162691,0.110147,0.470634,0.034769,0.149269
4736_238_156_317,3,5,0.028523,0.201878,0.086195,0.129805,0.073944,0.397966,0.081688
4736_237_1812_2008,5,5,0.025274,0.06092,0.302844,0.009401,0.062575,0.528824,0.010161
4736_237_1425_1622,6,6,0.020598,0.180143,0.156512,0.12863,0.064402,0.108746,0.340969
4736_238_876_968,3,4,0.007852,0.225515,0.269956,0.045829,0.348816,0.030177,0.071856
4736_237_995_1148,5,5,0.005952,0.044268,0.040917,0.011138,0.018928,0.862774,0.016025
4736_238_604_704,4,1,0.027783,0.43531,0.302701,0.071012,0.055657,0.076385,0.031153
4736_237_346_575,6,1,0.037894,0.358632,0.087636,0.218976,0.134379,0.094486,0.067997
4736_237_31_108,3,0,0.325278,0.130265,0.082537,0.182775,0.032067,0.19611,0.050969
4736_237_736_842,5,1,0.35156,0.372387,0.038538,0.022901,0.037912,0.101874,0.074828
4735_238_84_203,1,6,0.013041,0.174579,0.06632,0.145319,0.061684,0.064085,0.474972
4735_238_1269_1423,1,1,0.081027,0.70147,0.082006,0.041467,0.008002,0.062162,0.023865
4735_237_1134_1269,1,1,0.046151,0.729982,0.054763,0.012596,0.125103,0.018736,0.01267
4735_237_1663_1776,1,1,0.050685,0.753772,0.01954,0.045137,0.098505,0.011331,0.02103
4735_237_203_412,1,4,0.005601,0.30327,0.228986,0.007211,0.434624,0.011269,0.00904
4735_238_1776_1862,6,3,0.030305,0.091458,0.082687,0.335365,0.086952,0.059243,0.31399
4735_237_1423_1492,1,1,0.0551,0.481858,0.043344,0.290795,0.040761,0.040577,0.047565
4735_237_902_1028,1,1,0.082858,0.591161,0.07293,0.047031,0.046962,0.122818,0.036241
4735_237_581_814,0,0,0.751197,0.192151,0.005286,0.001516,0.007246,0.040392,0.002212
4735_238_1028_1134,1,1,0.036151,0.41854,0.103351,0.127931,0.048389,0.060755,0.204882
4735_238_412_581,1,1,0.148907,0.51603,0.078344,0.024348,0.030067,0.1162,0.086104
4735_237_31_84,1,5,0.012617,0.098932,0.101843,0.037893,0.100719,0.331451,0.316544
4735_238_1492_1663,1,1,0.039971,0.385639,0.110001,0.059202,0.030653,0.288556,0.085978
4735_238_814_902,1,1,0.107528,0.73697,0.050293,0.009244,0.024934,0.015591,0.05544
4735_237_1862_1900,6,3,0.011445,0.060281,0.021087,0.51588,0.075468,0.020868,0.29497
4748_238_2389_2529,3,5,0.014751,0.071507,0.050408,0.047998,0.022903,0.774953,0.01748
4748_237_31_415,1,3,0.013042,0.078738,0.096545,0.483612,0.19399,0.051153,0.08292
4748_237_1286_1453,1,1,0.211175,0.707981,0.017998,0.012255,0.011992,0.0305,0.008098
4748_238_2033_2195,5,1,0.031344,0.28056,0.060942,0.065149,0.231671,0.228883,0.101451
4748_238_1050_1286,1,4,0.007302,0.349359,0.136378,0.014898,0.362807,0.08386,0.045395
4748_237_1662_2033,1,4,0.004684,0.015096,0.013768,0.029379,0.911485,0.013423,0.012165
4748_238_1453_1662,5,4,0.008214,0.114865,0.086871,0.038651,0.323692,0.260375,0.167332
4748_237_2195_2389,5,0,0.591699,0.346974,0.002896,0.002287,0.016978,0.036608,0.002557
4748_237_2529_2642,1,3,0.094866,0.115778,0.185049,0.477202,0.036954,0.063934,0.026217
4748_237_835_1050,5,3,0.023688,0.066844,0.093427,0.431647,0.138396,0.219743,0.026254
4748_238_415_835,6,1,0.013178,0.334927,0.092371,0.027085,0.125384,0.294477,0.112578
4749_237_1946_2568,3,3,0.020318,0.038696,0.053139,0.38272,0.048446,0.366159,0.090522
4749_237_95_415,5,5,0.012101,0.011717,0.015162,0.124613,0.040561,0.773778,0.022067
4749_238_1246_1300,1,4,0.018802,0.164667,0.213834,0.045376,0.44592,0.070443,0.040959
4749_237_1045_1246,5,3,0.029504,0.187107,0.047545,0.352225,0.22355,0.029669,0.1304
4749_238_1345_1640,1,4,0.019546,0.306314,0.180457,0.012687,0.33419,0.123771,0.023035
4749_238_2568_2616,1,4,0.023236,0.067029,0.178957,0.042096,0.375552,0.11974,0.19339
4749_238_809_1045,5,5,0.030511,0.241884,0.151761,0.051827,0.176353,0.331862,0.015804
4749_237_1640_1849,1,1,0.090652,0.60263,0.021552,0.032397,0.152544,0.080291,0.019933
4749_237_612_809,1,3,0.009005,0.034475,0.030441,0.864412,0.01612,0.019771,0.025776
4749_238_2661_2741,1,1,0.009352,0.314595,0.135987,0.106457,0.210429,0.078374,0.144806
4749_238_415_612,3,2,0.012869,0.151628,0.411777,0.133518,0.064099,0.148516,0.077593
4749_238_1849_1946,5,5,0.011785,0.062348,0.036419,0.096364,0.048811,0.641964,0.102308
4749_237_1300_1345,5,5,0.053899,0.126742,0.115545,0.041492,0.115673,0.462406,0.084244
4749_237_2616_2661,5,5,0.011533,0.022021,0.01955,0.033144,0.019322,0.861082,0.033347
4749_238_31_95,3,2,0.073915,0.242042,0.31066,0.086784,0.040407,0.155506,0.090686
4755_237_1296_1420,2,1,0.273835,0.600701,0.025645,0.037725,0.017764,0.034367,0.009964
4755_237_1970_2111,6,1,0.138473,0.602038,0.086356,0.025441,0.022116,0.108531,0.017045
4755_238_933_1267,6,1,0.034814,0.462429,0.151533,0.024453,0.026619,0.155166,0.144986
4755_237_1585_1767,2,1,0.421043,0.443453,0.030117,0.012663,0.023465,0.050365,0.018895
4755_237_252_381,2,0,0.44848,0.416404,0.044472,0.008387,0.041925,0.029076,0.011255
4755_238_1783_1901,6,4,0.020573,0.231775,0.311776,0.018037,0.38021,0.016526,0.021104
4755_238_2152_2246,3,3,0.015602,0.023238,0.019866,0.813154,0.023501,0.033392,0.071247
4755_238_148_220,3,3,0.013642,0.198561,0.162078,0.270574,0.061631,0.13002,0.163494
4755_238_429_805,6,2,0.019807,0.255206,0.292513,0.105767,0.053057,0.11601,0.15764
4755_237_31_78,2,5,0.056601,0.230172,0.075828,0.018243,0.026043,0.555864,0.037249
4755_238_1481_1554,6,1,0.114241,0.447068,0.169384,0.091537,0.014473,0.105,0.058297
4755_237_824_909,2,1,0.23976,0.381165,0.090952,0.013041,0.018266,0.15357,0.103246
4756_238_94_162,4,5,0.025553,0.196761,0.162044,0.019445,0.012221,0.52931,0.054666
4756_237_1176_1300,4,6,0.038863,0.148701,0.170096,0.058498,0.128026,0.202603,0.253213
4756_238_1992_2102,4,5,0.031025,0.047519,0.070869,0.105654,0.076209,0.651718,0.017006
4756_238_1624_1692,5,5,0.177898,0.120973,0.120312,0.012923,0.013609,0.540711,0.013574
4756_238_232_421,2,5,0.099562,0.335463,0.115047,0.010989,0.045323,0.379701,0.013914
4756_238_1803_1868,0,1,0.096898,0.558707,0.132577,0.028075,0.015166,0.082596,0.085982
4756_237_1362_1608,4,1,0.165108,0.370181,0.128691,0.042084,0.099314,0.091962,0.102661
4756_237_949_1083,1,1,0.047145,0.314067,0.200307,0.014258,0.289583,0.100351,0.034289
4756_237_177_214,4,5,0.011456,0.054181,0.271632,0.03433,0.110705,0.385454,0.132242
4756_238_575_775,0,0,0.55404,0.346101,0.028377,0.006115,0.008161,0.051295,0.005911
4756_238_1105_1144,5,5,0.016338,0.057503,0.032138,0.03818,0.010912,0.824459,0.02047
4756_237_1707_1790,1,0,0.496814,0.22875,0.076292,0.008324,0.027279,0.117435,0.045106
4756_238_1314_1348,5,1,0.122286,0.306433,0.05605,0.228216,0.038039,0.122584,0.126392
4756_237_444_553,4,1,0.037717,0.33852,0.16619,0.038324,0.305444,0.049714,0.064091
4756_237_31_70,4,1,0.060637,0.368445,0.094583,0.062513,0.275046,0.022587,0.116189
4756_237_789_853,4,0,0.442498,0.433007,0.024841,0.019398,0.020164,0.02912,0.030973
4756_237_1890_1976,4,3,0.07701,0.152822,0.018545,0.547541,0.065401,0.021881,0.116801
4756_238_881_927,5,5,0.042572,0.1987,0.239286,0.093222,0.020204,0.342983,0.063032
4928_247_31_186,2,2,0.005569,0.029062,0.731975,0.012095,0.196165,0.011368,0.013766
4928_247_1240_1374,4,2,0.016805,0.160857,0.48823,0.014092,0.28088,0.022626,0.01651
4928_247_2034_2066,5,5,0.042719,0.029485,0.159794,0.002819,0.00463,0.741384,0.019169
4928_248_955_1235,4,1,0.024586,0.380727,0.23291,0.021425,0.170352,0.102254,0.067747
4928_247_1574_1756,2,2,0.024116,0.079796,0.370303,0.187524,0.204285,0.070231,0.063744
4928_248_208_335,3,5,0.014564,0.059739,0.026078,0.025132,0.020235,0.844192,0.01006
4928_248_1773_2030,0,1,0.055239,0.636076,0.194257,0.009212,0.067518,0.020727,0.01697
4928_248_1389_1556,0,1,0.155328,0.713515,0.029718,0.021481,0.019835,0.047846,0.012277
4928_248_2078_2223,0,1,0.051327,0.566222,0.06877,0.029532,0.040603,0.188351,0.055195
4928_247_847_934,4,2,0.030356,0.146388,0.319355,0.037619,0.239049,0.053002,0.174231
4928_247_544_737,4,4,0.012837,0.081304,0.096938,0.036989,0.738554,0.009406,0.02397
4928_248_463_504,1,5,0.0384,0.167608,0.048354,0.022302,0.021078,0.677524,0.024734
4928_248_754_828,1,4,0.037896,0.29987,0.184206,0.015964,0.319278,0.060336,0.08245
4928_247_352_403,4,2,0.003351,0.040096,0.76951,0.016361,0.14687,0.007947,0.015865
4929_248_120_229,0,1,0.047943,0.486649,0.059012,0.137744,0.047731,0.051599,0.169321
4929_247_1267_1327,4,6,0.047979,0.303176,0.041304,0.101772,0.051034,0.043501,0.411233
4929_247_1130_1211,2,4,0.007982,0.112017,0.276382,0.014269,0.521345,0.011671,0.056334
4929_247_240_269,5,5,0.011904,0.044952,0.089758,0.02172,0.005621,0.772065,0.053981
4929_248_939_1118,0,5,0.030818,0.304599,0.048991,0.028576,0.02049,0.523075,0.043451
4929_248_1345_1424,0,5,0.107485,0.222564,0.077445,0.024258,0.011272,0.534895,0.022082
4929_248_289_363,3,5,0.015558,0.06837,0.168767,0.067019,0.019018,0.517181,0.144088
4929_247_593_714,2,1,0.04562,0.388952,0.211191,0.060385,0.10256,0.07471,0.116582
4929_248_463_584,1,1,0.045574,0.415828,0.127551,0.093919,0.044403,0.155864,0.116861
4929_247_31_105,2,5,0.021524,0.038016,0.18039,0.145015,0.017641,0.476731,0.120683
4929_247_367_448,5,5,0.006286,0.027493,0.098014,0.011333,0.005294,0.825955,0.025625
4929_248_1217_1254,0,5,0.080525,0.101714,0.023787,0.012243,0.005256,0.750493,0.025983
4929_248_718_877,0,5,0.012446,0.128369,0.061831,0.021161,0.01526,0.717276,0.043657
4929_247_885_913,5,5,0.018237,0.037728,0.078863,0.013335,0.015149,0.749841,0.086848
4952_248_1253_1378,1,6,0.01072,0.138871,0.132518,0.198475,0.103593,0.185652,0.230171
4952_247_1088_1215,6,3,0.008784,0.011257,0.022681,0.74848,0.012676,0.03211,0.164013
4952_247_148_257,1,1,0.158822,0.622249,0.051161,0.038564,0.025207,0.074312,0.029685
4952_247_1401_1485,0,5,0.361406,0.118867,0.047672,0.015576,0.024931,0.404983,0.026565
4952_247_916_942,6,3,0.013744,0.023723,0.021662,0.675181,0.035173,0.065154,0.165363
4952_247_577_694,1,3,0.022573,0.043155,0.047797,0.680733,0.041616,0.120276,0.04385
4952_248_293_351,1,1,0.019781,0.328516,0.058513,0.163217,0.129326,0.057043,0.243605
4952_248_989_1071,6,1,0.069971,0.269688,0.103065,0.080281,0.175368,0.182991,0.118636
4952_247_387_530,1,3,0.009845,0.041557,0.021032,0.704207,0.074882,0.090419,0.058058
4952_248_31_114,1,1,0.018038,0.558147,0.042367,0.087181,0.037696,0.175812,0.08076
4952_248_1527_1597,6,6,0.013222,0.181375,0.220397,0.133767,0.193949,0.036011,0.221278
4952_248_749_888,1,3,0.007617,0.064654,0.035779,0.711643,0.022172,0.013523,0.144613
4952_247_1621_1636,5,5,0.136559,0.172703,0.196638,0.022628,0.015308,0.386829,0.069335
4952_248_541_546,3,5,0.025207,0.019848,0.051925,0.404956,0.024392,0.441979,0.031693
4954_247_1141_1310,5,3,0.010397,0.023008,0.087538,0.545642,0.023597,0.270874,0.038945
4954_248_1519_1735,6,1,0.027837,0.408333,0.079684,0.121531,0.124923,0.066818,0.170874
4954_247_1764_1864,1,1,0.035333,0.655921,0.1427,0.047089,0.064773,0.023243,0.030941
4954_247_1368_1481,3,3,0.007453,0.001577,0.004072,0.944021,0.006252,0.027704,0.008922
4954_247_31_122,6,5,0.006099,0.020262,0.062462,0.020603,0.045046,0.773979,0.071549
4954_248_933_1119,6,1,0.022641,0.54845,0.130675,0.018724,0.135745,0.03704,0.106725
4954_247_175_232,6,5,0.006354,0.013728,0.065754,0.026327,0.024216,0.757952,0.105669
4954_248_523_632,6,4,0.012614,0.100514,0.141704,0.154197,0.347996,0.055495,0.18748
4954_248_259_404,1,1,0.017199,0.502498,0.071674,0.073038,0.067764,0.18283,0.084997
4954_247_425_497,1,1,0.357492,0.377842,0.067979,0.014306,0.044331,0.103896,0.034154
4954_247_794_906,5,5,0.020409,0.026047,0.033198,0.027832,0.01907,0.828776,0.044668
4954_248_1894_1908,6,3,0.009693,0.034349,0.041592,0.458352,0.021045,0.361903,0.073067
4954_248_1321_1336,6,3,0.013634,0.136531,0.026224,0.494956,0.025225,0.194451,0.108978
4954_247_648_720,6,5,0.010335,0.039316,0.025369,0.010065,0.008988,0.866714,0.039212
4954_248_744_759,6,3,0.033466,0.074547,0.106598,0.360723,0.024448,0.108193,0.292025
4954_248_145_156,6,1,0.097173,0.460917,0.040648,0.146077,0.046137,0.052339,0.156709
4960_247_31_131,1,1,0.041763,0.2718,0.051346,0.128814,0.171308,0.11987,0.215099
4960_247_1068_1202,1,3,0.087319,0.173701,0.030111,0.40767,0.026179,0.081135,0.193885
4960_248_1618_1719,5,6,0.008663,0.142053,0.047862,0.1091,0.01165,0.326013,0.354659
4960_248_156_365,5,5,0.008052,0.141394,0.030904,0.070927,0.071432,0.561517,0.115774
4960_247_1738_1831,1,0,0.510074,0.387858,0.013392,0.021108,0.022159,0.028222,0.017188
4960_248_1428_1476,5,5,0.014408,0.059647,0.018682,0.021817,0.008258,0.861548,0.01564
4960_247_929_1006,1,5,0.061974,0.238164,0.046659,0.077501,0.014843,0.43237,0.128489
4960_247_1299_1420,1,1,0.44639,0.476582,0.015909,0.003115,0.037061,0.014514,0.006429
4960_248_577_804,1,1,0.014273,0.4722,0.092084,0.047867,0.193081,0.088144,0.092351
4960_247_367_569,0,0,0.436401,0.246265,0.026744,0.014182,0.030899,0.230665,0.014843
4960_247_1487_1611,1,1,0.108605,0.586838,0.053669,0.010051,0.179454,0.031535,0.029846
4960_248_1211_1275,3,5,0.011112,0.148343,0.061794,0.257296,0.02422,0.367376,0.129859
4960_247_805_835,5,5,0.015903,0.018815,0.014946,0.032144,0.012022,0.889555,0.016615
4960_248_1842_1915,1,1,0.01258,0.415257,0.153749,0.038572,0.27258,0.050934,0.056328
4960_248_850_921,1,5,0.016059,0.178366,0.045154,0.208441,0.028158,0.423886,0.099936
4960_248_1008_1033,5,5,0.029584,0.062032,0.013368,0.047825,0.012906,0.810543,0.023742
5163_259_126_248,3,4,0.029575,0.375861,0.035073,0.012316,0.389367,0.016684,0.141125
5163_260_1294_1437,3,4,0.024069,0.326562,0.04957,0.033088,0.540793,0.008429,0.017489
5163_259_961_1252,3,3,0.0421,0.104966,0.024909,0.302095,0.24535,0.030738,0.249842
5163_260_1516_1746,3,1,0.064836,0.452683,0.025092,0.338069,0.047826,0.026796,0.044698
5163_260_248_299,3,3,0.009762,0.067177,0.054505,0.493373,0.103541,0.219439,0.052204
5163_259_1456_1497,3,1,0.058678,0.601642,0.01108,0.167429,0.028504,0.090144,0.042523
5163_260_638_946,3,3,0.008731,0.018261,0.010877,0.889106,0.019348,0.014137,0.03954
5163_259_577_625,3,5,0.023662,0.144535,0.045148,0.085889,0.018346,0.407145,0.275276
5163_259_321_339,3,5,0.046285,0.120388,0.033404,0.05103,0.024787,0.567164,0.156942
5163_259_416_507,3,5,0.119704,0.156587,0.012662,0.032347,0.034732,0.619338,0.024631
5163_260_31_93,3,3,0.030492,0.122426,0.072927,0.431857,0.071838,0.08517,0.18529
5163_260_342_406,3,3,0.023525,0.090482,0.05724,0.601355,0.043441,0.118064,0.065891
5163_260_508_564,3,6,0.010806,0.113829,0.02576,0.292837,0.032601,0.074562,0.449605
5170_260_104_212,3,1,0.116427,0.746924,0.025453,0.042319,0.011843,0.043793,0.013242
5170_260_1263_1516,3,1,0.089175,0.695714,0.039056,0.111739,0.022481,0.023483,0.018352
5170_259_1915_2375,1,1,0.28925,0.497054,0.056,0.00388,0.087906,0.054723,0.011188
5170_259_971_1261,1,1,0.282045,0.475747,0.056141,0.013994,0.048608,0.043,0.080466
5170_259_1544_1820,4,1,0.268201,0.477709,0.112902,0.003073,0.09349,0.015614,0.029012
5170_259_223_610,1,1,0.056999,0.5989,0.047299,0.005855,0.09668,0.124111,0.070155
5170_260_825_950,1,1,0.396038,0.52471,0.017582,0.007298,0.016632,0.021727,0.016013
5170_259_31_56,1,1,0.071881,0.466493,0.143684,0.02227,0.128854,0.110087,0.05673
5170_260_2378_2453,1,1,0.290662,0.644137,0.01148,0.020157,0.009208,0.018957,0.005399
5170_260_1832_1898,3,1,0.270452,0.534301,0.036336,0.013188,0.018472,0.115502,0.01175
5170_260_645_743,1,1,0.176573,0.443329,0.070005,0.027055,0.025094,0.201443,0.056501
5170_259_743_807,3,5,0.015323,0.045071,0.020706,0.08364,0.011949,0.760725,0.062587
5176_260_104_151,6,1,0.115718,0.623085,0.032881,0.158614,0.030808,0.015368,0.023526
5176_260_1162_1222,2,1,0.121534,0.432268,0.07853,0.028468,0.021735,0.274939,0.042526
5176_259_31_92,1,1,0.353995,0.533163,0.020241,0.003807,0.03745,0.030942,0.0204
5176_259_915_1133,6,1,0.01616,0.338961,0.158863,0.005825,0.127044,0.214509,0.138638
5176_259_623_781,5,1,0.105499,0.467432,0.041004,0.052363,0.016603,0.245756,0.071344
5176_259_167_365,1,1,0.381586,0.435153,0.036027,0.006314,0.031466,0.077018,0.032435
5176_260_382_440,3,1,0.043645,0.645045,0.083967,0.06864,0.036866,0.038721,0.083116
5176_260_583_607,4,1,0.117653,0.496142,0.051969,0.114944,0.055915,0.027666,0.135711
5176_260_808_863,5,5,0.026867,0.11258,0.045437,0.027601,0.029183,0.715336,0.042995
5176_259_477_568,6,6,0.055394,0.299758,0.023534,0.097983,0.081592,0.01071,0.431029
5181_259_101_227,5,5,0.020239,0.167111,0.042287,0.282728,0.03752,0.324702,0.125413
5181_259_1267_1372,4,1,0.09182,0.674448,0.011022,0.019865,0.106575,0.069112,0.027158
5181_260_1042_1238,4,4,0.013615,0.252529,0.080529,0.074119,0.46747,0.035741,0.075996
5181_259_1601_1773,3,6,0.025681,0.063672,0.041252,0.182643,0.167956,0.029582,0.489215
5181_260_231_301,4,3,0.00764,0.036905,0.019592,0.758423,0.021572,0.021525,0.134344
5181_260_1806_1829,4,6,0.033012,0.064288,0.097323,0.101373,0.112283,0.096312,0.495408
5181_260_1386_1589,4,3,0.035166,0.215403,0.128865,0.349973,0.083729,0.041629,0.145236
5181_260_711_941,4,3,0.063406,0.183748,0.050702,0.361421,0.108238,0.036312,0.196173
5181_260_536_593,3,3,0.020417,0.15637,0.099267,0.480344,0.129661,0.036718,0.077223
5181_259_309_534,5,5,0.007788,0.08228,0.035878,0.096814,0.046417,0.67653,0.054293
5181_260_31_61,4,6,0.081817,0.254587,0.095194,0.227249,0.05391,0.024572,0.262671
5181_259_646_689,3,3,0.013719,0.03104,0.028509,0.477431,0.018151,0.227347,0.203803
5181_259_955_1017,5,6,0.016381,0.052345,0.02261,0.194953,0.037816,0.313183,0.362713
5185_259_90_240,5,5,0.014238,0.130025,0.073992,0.010769,0.150295,0.605083,0.015599
5185_259_1223_1332,4,1,0.106073,0.56913,0.023939,0.005958,0.238135,0.020703,0.036063
5185_260_1163_1221,1,3,0.041973,0.172805,0.014767,0.667708,0.021228,0.039666,0.041854
5185_259_1427_1767,4,0,0.370493,0.348443,0.013386,0.013875,0.202747,0.022344,0.028712
5185_260_252_420,4,1,0.022892,0.648327,0.094008,0.072216,0.077025,0.043813,0.041719
5185_260_1785_1900,3,3,0.019432,0.035933,0.02725,0.810449,0.024505,0.013072,0.06936
5185_259_807_984,4,4,0.0506,0.197786,0.008358,0.002948,0.728135,0.004557,0.007617
5185_260_515_608,4,6,0.017483,0.207948,0.069947,0.137598,0.111782,0.046192,0.409051
5185_259_1039_1162,4,1,0.237043,0.491652,0.009487,0.006106,0.226219,0.008212,0.021282
5185_260_985_1039,1,3,0.036369,0.022671,0.017769,0.835063,0.01446,0.033532,0.040137
5185_259_448_512,4,5,0.024834,0.069027,0.084698,0.047886,0.05681,0.516231,0.200515
5185_260_31_89,1,4,0.016855,0.296846,0.221013,0.017927,0.402792,0.017488,0.02708
5185_259_643_714,4,4,0.010908,0.162606,0.052711,0.004261,0.688194,0.048808,0.032512
5185_260_719_777,3,3,0.018215,0.091546,0.059754,0.691283,0.033159,0.03328,0.072761
5185_260_1353_1390,4,3,0.021081,0.056539,0.010214,0.832883,0.020177,0.010887,0.048218
5188_259_1235_1349,4,3,0.016766,0.021628,0.021027,0.615078,0.074287,0.132753,0.11846
5188_260_1132_1214,5,5,0.014712,0.015649,0.015449,0.050309,0.013257,0.705266,0.185359
5188_260_1579_1793,4,3,0.026806,0.059073,0.016501,0.463,0.033179,0.022287,0.379155
5188_259_237_313,5,5,0.062711,0.077739,0.034783,0.278962,0.072388,0.341842,0.131575
5188_260_1386_1466,4,6,0.065248,0.065843,0.053042,0.114067,0.096308,0.08492,0.520572
5188_259_702_1085,4,5,0.015116,0.041201,0.041058,0.086116,0.114228,0.584697,0.117585
5188_260_130_220,5,6,0.025813,0.086259,0.099483,0.187829,0.089731,0.079816,0.431069
5188_260_538_687,4,3,0.020196,0.049835,0.035406,0.607143,0.041562,0.033539,0.212321
5188_260_332_419,3,3,0.046076,0.122526,0.062373,0.31037,0.091635,0.068448,0.298573
5188_259_438_500,5,4,0.035207,0.089406,0.224462,0.043273,0.39934,0.075408,0.132906
5188_259_31_99,4,3,0.057377,0.038906,0.023105,0.431215,0.075841,0.026865,0.34669
5188_259_1472_1511,6,6,0.023369,0.049356,0.008705,0.242913,0.06175,0.005379,0.608529
5188_260_1914_1976,4,3,0.081419,0.14818,0.067399,0.402194,0.032637,0.012874,0.255296
5188_259_1828_1855,5,4,0.007023,0.080442,0.085649,0.01039,0.595036,0.031414,0.190046
5190_259_124_247,5,5,0.027571,0.041413,0.047144,0.013103,0.015789,0.830679,0.024302
5190_260_1174_1313,4,3,0.013293,0.030684,0.033958,0.857435,0.026976,0.007058,0.030596
5190_259_1980_2152,3,3,0.011486,0.009399,0.01418,0.899481,0.013025,0.038911,0.013518
5190_260_1559_1698,5,3,0.041335,0.126732,0.143411,0.462617,0.119577,0.044309,0.06202
5190_260_247_278,3,1,0.093945,0.466341,0.074367,0.268942,0.021985,0.015801,0.05862
5190_259_1710_1854,3,3,0.007109,0.007154,0.009829,0.915908,0.013097,0.003656,0.043247
5190_259_1337_1529,1,3,0.089983,0.212095,0.080505,0.274105,0.136067,0.085163,0.122081
5190_260_2182_2280,3,3,0.119685,0.269872,0.023443,0.517379,0.019433,0.024643,0.025544
5190_260_682_967,3,5,0.112689,0.140811,0.043023,0.052844,0.029874,0.59327,0.027488
5190_259_2302_2378,3,3,0.004545,0.002998,0.003061,0.964652,0.007151,0.009877,0.007716
5190_259_579_661,4,6,0.023108,0.155697,0.105857,0.035781,0.153622,0.023707,0.502227
5190_259_999_1106,1,1,0.062747,0.548359,0.024098,0.051127,0.23697,0.011998,0.064702
5190_259_346_481,4,4,0.022509,0.324666,0.073634,0.039929,0.414236,0.02621,0.098817
5190_260_31_90,3,3,0.017738,0.03338,0.104041,0.715056,0.035073,0.019688,0.075024
5190_260_1859_1976,3,3,0.031836,0.067812,0.017173,0.836909,0.012302,0.01791,0.016058
5190_260_489_570,5,5,0.043081,0.076619,0.020257,0.023009,0.019855,0.787242,0.029937
5198_260_31_185,3,5,0.15345,0.175026,0.028844,0.241073,0.014118,0.376123,0.011365
5198_260_1239_1304,1,5,0.320284,0.291498,0.012493,0.014528,0.01659,0.327918,0.016689
5198_259_2016_2133,0,1,0.189537,0.43447,0.018417,0.175595,0.032008,0.02644,0.123533
5198_259_1110_1233,1,1,0.101991,0.623423,0.011366,0.044605,0.098144,0.014697,0.105774
5198_259_1630_1785,1,1,0.073067,0.86682,0.011284,0.005291,0.026631,0.004996,0.011912
5198_259_231_322,3,5,0.064056,0.061026,0.034476,0.156906,0.077663,0.504049,0.101824
5198_260_1810_2011,3,3,0.105283,0.276987,0.039883,0.412884,0.016659,0.046138,0.102167
5198_260_1377_1620,1,5,0.019455,0.203081,0.058939,0.05928,0.036264,0.601856,0.021124
5198_259_782_992,1,5,0.060527,0.109736,0.012979,0.047059,0.012624,0.734192,0.022884
5198_259_1308_1359,1,1,0.171188,0.650398,0.017507,0.00678,0.029909,0.06287,0.061347
5198_259_585_705,1,5,0.074516,0.072642,0.019368,0.002874,0.045016,0.728191,0.057394
5198_260_992_1108,3,3,0.063639,0.227433,0.04738,0.374174,0.018824,0.215722,0.052829
5198_260_346_579,3,3,0.008931,0.010094,0.028031,0.847651,0.020069,0.059954,0.02527
5198_260_710_772,3,0,0.410144,0.34445,0.029388,0.083753,0.010376,0.029343,0.092546
