utt_id,label,pred,p_angry,p_disgust,p_fear,p_happy,p_sad,p_surprise,p_neutral
121_7_2332_2498,1,1,0.063794,0.429674,0.03293,0.230274,0.034357,0.174667,0.034304
121_8_108_264,5,3,0.011871,0.006853,0.017678,0.911926,0.008965,0.035365,0.007341
121_8_1279_1374,4,3,0.010864,0.004963,0.007824,0.950672,0.003687,0.008146,0.013843
121_7_1952_2181,3,1,0.059065,0.554982,0.025842,0.077982,0.019514,0.234693,0.027922
121_7_1031_1261,4,2,0.010848,0.109894,0.240655,0.091014,0.137204,0.231948,0.178438
121_7_1665_1823,4,3,0.018611,0.032637,0.022556,0.787768,0.01644,0.087068,0.03492
121_7_1396_1583,4,3,0.009581,0.012185,0.010682,0.802079,0.007233,0.146225,0.012015
121_8_2186_2318,3,0,0.412257,0.072517,0.018896,0.361984,0.011734,0.059379,0.063233
121_8_841_1015,6,1,0.2339,0.297074,0.039906,0.180493,0.026423,0.106309,0.115893
121_8_584_694,3,3,0.014265,0.026949,0.016371,0.868058,0.012893,0.021034,0.040429
121_7_278_368,1,3,0.014113,0.06499,0.079865,0.557462,0.16383,0.042951,0.076789
121_7_469_559,4,3,0.009483,0.017186,0.010855,0.820195,0.010028,0.114367,0.017885
121_7_31_104,5,3,0.008266,0.005662,0.014541,0.917816,0.010564,0.021858,0.021295
121_8_368_468,5,3,0.011614,0.020147,0.012934,0.812095,0.007929,0.046693,0.088589
121_7_715_829,5,3,0.014663,0.209075,0.033756,0.448837,0.025809,0.093852,0.174007
121_8_1823_1949,3,5,0.240674,0.170017,0.04904,0.195534,0.026173,0.29366,0.024902
121_8_1596_1646,4,3,0.025339,0.05996,0.023945,0.818614,0.016719,0.018767,0.036656
122_8_92_128,5,5,0.043074,0.161936,0.068116,0.007605,0.026931,0.522634,0.169705
122_8_1177_1308,0,0,0.535376,0.333971,0.015825,0.033661,0.011598,0.021513,0.048056
122_7_2035_2131,4,1,0.073764,0.371074,0.044188,0.056711,0.196009,0.13321,0.125044
122_8_1645_1733,0,0,0.797757,0.097422,0.016627,0.024119,0.004642,0.04951,0.009924
122_7_147_262,1,2,0.047902,0.141173,0.235241,0.116627,0.189972,0.074244,0.194842
122_7_1750_1901,4,5,0.06643,0.267439,0.045665,0.043473,0.10176,0.405572,0.069661
122_8_2136_2290,1,0,0.313602,0.269285,0.058687,0.023375,0.045893,0.253371,0.035787
122_8_887_1069,0,0,0.486837,0.297962,0.020897,0.045008,0.014733,0.030879,0.103684
122_7_1313_1442,1,5,0.083274,0.23796,0.04731,0.022792,0.055678,0.49884,0.054147
122_8_514_630,0,0,0.821847,0.108978,0.01073,0.004058,0.005221,0.043721,0.005444
122_7_1077_1162,5,5,0.009177,0.067427,0.083247,0.004408,0.022719,0.756261,0.05676
122_8_269_347,1,1,0.372386,0.421538,0.032341,0.02799,0.017435,0.044497,0.083814
122_7_356_496,4,4,0.013801,0.167859,0.090139,0.060564,0.498005,0.044709,0.124923
122_7_31_90,1,5,0.007824,0.058478,0.110089,0.027547,0.047599,0.399195,0.349269
122_8_1468_1583,1,6,0.041555,0.096946,0.045275,0.150784,0.075822,0.054404,0.535214
122_7_642_880,1,4,0.042427,0.269762,0.130855,0.032176,0.430671,0.036153,0.057955
122_7_1595_1640,4,1,0.103059,0.365662,0.060542,0.114436,0.105278,0.082713,0.168311
122_8_1911_1995,0,0,0.513358,0.191559,0.021911,0.028912,0.009423,0.187122,0.047715
124_7_2416_2524,1,4,0.007061,0.092453,0.14342,0.012587,0.681185,0.009281,0.054012
124_7_31_210,1,4,0.020272,0.179831,0.260101,0.04211,0.38991,0.059781,0.047995
124_8_1064_1253,4,6,0.228249,0.258642,0.03728,0.078713,0.037844,0.069678,0.289594
124_8_231_337,1,1,0.08965,0.274523,0.093037,0.046041,0.222414,0.224671,0.049664
124_8_1389_1544,4,1,0.123522,0.477899,0.100961,0.075576,0.035766,0.071797,0.11448
124_8_2535_2703,4,4,0.014395,0.070592,0.091146,0.080188,0.48686,0.02692,0.229899
124_7_859_1054,1,4,0.020104,0.23971,0.191423,0.061113,0.375995,0.051078,0.060578
124_7_1328_1364,1,1,0.034537,0.53976,0.197752,0.009525,0.141621,0.039092,0.037713
124_8_1989_2099,4,5,0.039844,0.103967,0.066675,0.039578,0.04156,0.40385,0.304526
124_7_1624_1790,6,1,0.055733,0.362757,0.108773,0.045904,0.342109,0.033444,0.051281
124_7_615_665,1,1,0.14681,0.50962,0.072221,0.072733,0.055447,0.114094,0.029074
124_7_2109_2283,6,4,0.013844,0.142551,0.235427,0.035851,0.392894,0.063601,0.115833
124_7_1921_1971,1,1,0.031664,0.389902,0.03804,0.15192,0.058756,0.042131,0.287587
124_8_1814_1885,4,1,0.050265,0.373427,0.15994,0.064444,0.151764,0.134799,0.06536
124_8_477_575,1,5,0.025167,0.106146,0.031439,0.030284,0.05589,0.676291,0.074783
124_7_378_441,1,1,0.091338,0.533338,0.055772,0.048534,0.174754,0.071837,0.024428
124_8_2306_2375,6,1,0.075885,0.426855,0.090761,0.043092,0.076501,0.170046,0.116861
124_8_746_825,1,3,0.02735,0.033901,0.041495,0.62302,0.030654,0.085947,0.157634
124_7_2763_2804,3,4,0.015262,0.257475,0.09491,0.050982,0.403834,0.03507,0.142467
125_7_108_240,5,6,0.011341,0.121678,0.169801,0.071333,0.064098,0.043306,0.518444
125_8_1239_1335,6,4,0.015725,0.114365,0.07372,0.050766,0.557323,0.022879,0.165222
125_7_1938_2047,1,3,0.013149,0.03842,0.059667,0.694931,0.053152,0.102118,0.038563
125_7_1079_1239,4,4,0.026847,0.205711,0.076727,0.031883,0.492576,0.062495,0.103761
125_8_1548_1689,3,3,0.011308,0.094948,0.050587,0.588812,0.167322,0.068544,0.018479
125_8_243_351,1,5,0.010657,0.098143,0.059617,0.028051,0.038653,0.718283,0.046596
125_8_1759_1934,3,3,0.011591,0.039106,0.023176,0.870173,0.008756,0.024272,0.022926
125_7_1376_1544,4,4,0.012814,0.240347,0.156881,0.029952,0.468906,0.037809,0.05329
125_8_2053_2301,3,3,0.019345,0.072729,0.041289,0.783588,0.03415,0.018797,0.030103
125_7_838_944,4,4,0.019091,0.125679,0.065053,0.03107,0.673267,0.023439,0.062401
125_8_951_1061,6,6,0.009479,0.093649,0.167091,0.226182,0.13263,0.077092,0.293876
125_7_592_724,5,5,0.014743,0.102816,0.19951,0.020472,0.045045,0.511799,0.105614
125_7_2312_2345,3,4,0.021709,0.255457,0.059989,0.044662,0.384119,0.026885,0.20718
125_8_431_565,3,6,0.019765,0.040194,0.041787,0.132178,0.04341,0.054383,0.668283
125_7_31_59,3,5,0.027826,0.130787,0.215409,0.043746,0.082118,0.314153,0.185961
125_8_60_95,0,5,0.011149,0.074042,0.034902,0.06972,0.007223,0.680061,0.122902
125_7_1708_1758,0,1,0.179779,0.57108,0.062497,0.01502,0.026288,0.119241,0.026096
125_7_352_407,6,6,0.015274,0.087842,0.066605,0.103019,0.171463,0.046114,0.509684
125_8_724_818,6,6,0.012959,0.028525,0.015871,0.096618,0.00894,0.056934,0.780153
126_8_1277_1351,2,5,0.03237,0.353874,0.047166,0.005968,0.014154,0.507173,0.039295
126_7_1928_2127,2,1,0.047477,0.504798,0.268717,0.021873,0.070801,0.061039,0.025295
126_8_1016_1184,0,1,0.234657,0.462422,0.082514,0.014831,0.059929,0.089613,0.056033
126_7_1647_1820,2,1,0.015401,0.368666,0.13647,0.052819,0.037145,0.27686,0.112639
126_8_251_331,3,1,0.061581,0.369069,0.049927,0.033956,0.080142,0.052688,0.352636
126_7_1379_1510,2,2,0.010181,0.233118,0.541495,0.013093,0.031823,0.146425,0.023865
126_7_869_1011,1,6,0.02115,0.194797,0.08725,0.158296,0.072405,0.089748,0.376354
126_7_164_234,3,5,0.034156,0.231146,0.195099,0.011959,0.035179,0.371507,0.120953
126_7_551_721,1,2,0.008922,0.1155,0.48943,0.025416,0.268731,0.047301,0.0447
126_8_31_116,5,5,0.026775,0.038553,0.025589,0.204809,0.013567,0.623116,0.067591
126_7_354_476,1,6,0.017416,0.110226,0.059659,0.082253,0.047799,0.041265,0.641383
126_8_1522_1646,5,5,0.24975,0.039148,0.035773,0.015594,0.005292,0.610997,0.043446
126_7_1184_1260,6,5,0.007067,0.216101,0.070113,0.022541,0.017174,0.643515,0.023488
126_8_736_867,5,5,0.128359,0.120907,0.022051,0.002217,0.031185,0.680991,0.014291
126_8_1828_1927,0,0,0.335473,0.241587,0.280137,0.01022,0.019524,0.086001,0.027059
126_8_488_534,2,5,0.009624,0.064439,0.027082,0.006641,0.00977,0.804491,0.077952
129_7_2309_2502,6,1,0.135484,0.561512,0.056979,0.071602,0.036962,0.084309,0.053152
129_7_1087_1337,4,2,0.009778,0.139997,0.263491,0.056153,0.23896,0.058656,0.232965
129_7_140_401,4,4,0.005622,0.047113,0.289166,0.026723,0.445917,0.028596,0.156863
129_7_2676_2889,6,6,0.039717,0.25936,0.081263,0.12809,0.164721,0.06068,0.266169
129_8_1338_1478,1,1,0.095622,0.571808,0.04721,0.010858,0.025798,0.228188,0.020516
129_8_2518_2671,1,0,0.606533,0.320229,0.01899,0.008169,0.013361,0.019593,0.013124
129_7_824_1029,4,4,0.007363,0.241727,0.232121,0.022967,0.324306,0.099266,0.07225
129_8_2898_2998,1,1,0.346635,0.414461,0.034339,0.056066,0.015575,0.061558,0.071366
129_7_2059_2180,6,1,0.11248,0.516827,0.065614,0.035992,0.200265,0.034445,0.034375
129_7_1753_1948,6,1,0.061458,0.480763,0.096691,0.044194,0.211842,0.036437,0.068615
129_7_638_685,4,1,0.021703,0.409396,0.114688,0.024986,0.221119,0.066914,0.141193
129_8_1652_1743,1,0,0.493029,0.39845,0.020531,0.011722,0.008392,0.040286,0.02759
129_7_1512_1623,6,2,0.00755,0.156002,0.327618,0.035418,0.298816,0.028782,0.145814
129_8_401_619,5,5,0.011079,0.080431,0.061087,0.005706,0.016362,0.812452,0.012882
129_8_2181_2305,0,5,0.020101,0.055079,0.082133,0.006981,0.031659,0.740137,0.063909
129_8_71_115,5,5,0.009122,0.073878,0.049115,0.014567,0.007888,0.80264,0.042791
129_8_704_808,0,2,0.104775,0.210725,0.29187,0.025155,0.04333,0.153043,0.171102
129_8_1952_2055,0,0,0.450784,0.443861,0.031905,0.008668,0.014525,0.030146,0.020111
129_7_3008_3075,1,1,0.170602,0.504225,0.023134,0.136714,0.027649,0.018639,0.119037
129_8_1037_1082,5,5,0.02151,0.1508,0.072875,0.007619,0.025887,0.686849,0.034459
129_7_31_71,4,4,0.018734,0.094438,0.0863,0.278,0.348443,0.07894,0.095145
131_7_108_190,1,5,0.015299,0.139977,0.26813,0.110387,0.109888,0.29268,0.063639
131_7_1292_1421,1,4,0.028197,0.207922,0.065745,0.101258,0.293501,0.083698,0.219679
131_8_1100_1288,0,0,0.837859,0.094866,0.012642,0.011949,0.008556,0.025737,0.00839
131_8_197_401,1,0,0.752429,0.124567,0.026153,0.012488,0.009318,0.057187,0.017859
131_7_2720_2835,3,1,0.241622,0.451026,0.060936,0.05139,0.149235,0.012626,0.033166
131_8_1424_1491,1,1,0.410353,0.422726,0.038933,0.034288,0.023434,0.028513,0.041752
131_8_2491_2719,1,0,0.607452,0.279451,0.017031,0.019602,0.017342,0.025617,0.033505
131_8_759_945,0,0,0.83697,0.061328,0.012379,0.009346,0.004437,0.063438,0.0121
131_7_2002_2079,6,4,0.018587,0.336436,0.105628,0.035354,0.437707,0.019781,0.046507
131_7_1717_1806,1,3,0.026511,0.104681,0.023182,0.505311,0.039548,0.019736,0.281031
131_7_2309_2483,6,1,0.082893,0.26493,0.153626,0.104685,0.16352,0.106529,0.123816
131_8_1628_1717,0,1,0.335437,0.404085,0.032825,0.010268,0.022796,0.171665,0.022923
131_7_1514_1588,6,1,0.043766,0.323575,0.197441,0.036618,0.310414,0.047414,0.040771
131_8_555_634,1,0,0.648415,0.249828,0.03108,0.010236,0.010149,0.042921,0.007371
131_8_2104_2287,1,0,0.777135,0.143579,0.00852,0.005568,0.008052,0.0464,0.010747
131_8_1844_1975,1,0,0.358594,0.334959,0.021112,0.014943,0.038218,0.211126,0.021048
131_7_954_1088,6,5,0.167169,0.188054,0.035575,0.126035,0.043245,0.398073,0.041849
131_7_421_540,1,0,0.858834,0.019817,0.017558,0.016399,0.007864,0.050003,0.029525
131_8_31_108,1,0,0.822246,0.05294,0.028519,0.039402,0.008808,0.030393,0.017692
133_8_2303_2510,6,3,0.007087,0.041636,0.037951,0.755848,0.013821,0.082492,0.061164
133_7_31_179,3,3,0.007252,0.013472,0.035228,0.629729,0.018174,0.076889,0.219256
133_7_1181_1513,6,1,0.030837,0.541852,0.162362,0.026896,0.079631,0.086589,0.071833
133_8_179_345,5,5,0.005511,0.069271,0.047553,0.047899,0.013839,0.78254,0.033387
133_7_2763_2939,3,3,0.00748,0.01085,0.00969,0.890138,0.005935,0.06982,0.006087
133_8_2650_2763,3,3,0.008977,0.01583,0.021848,0.794256,0.012429,0.022165,0.124495
133_7_3001_3196,3,3,0.015343,0.024053,0.02621,0.604984,0.03027,0.049935,0.249204
133_7_2527_2649,3,3,0.008317,0.012819,0.015814,0.820759,0.010157,0.033245,0.098889
133_7_781_947,6,6,0.011305,0.250332,0.086534,0.028819,0.03151,0.240381,0.35112
133_8_2946_3001,3,3,0.007638,0.00722,0.014397,0.875839,0.006317,0.019455,0.069134
133_8_953_1166,6,5,0.046368,0.223853,0.070811,0.214896,0.020011,0.394792,0.029269
133_8_2033_2107,3,3,0.008015,0.013314,0.011302,0.929089,0.007109,0.012226,0.018945
133_7_1729_1854,3,3,0.014703,0.03479,0.0198,0.609915,0.010273,0.238236,0.072284
133_7_353_647,3,3,0.006156,0.044452,0.014165,0.554724,0.024996,0.266154,0.089353
133_8_1520_1728,6,1,0.071368,0.513097,0.072127,0.085806,0.026012,0.078993,0.152597
133_7_2115_2302,3,6,0.004663,0.142851,0.192119,0.040094,0.02504,0.25174,0.343493
133_8_1855_1955,3,3,0.008952,0.02812,0.01567,0.815442,0.008299,0.051366,0.072151
133_8_651_752,6,6,0.0115,0.04687,0.01955,0.121549,0.006898,0.312263,0.48137
133_7_1956_2030,3,6,0.008079,0.042891,0.036617,0.312937,0.011679,0.26735,0.320447
133_8_3202_3250,3,3,0.016262,0.026298,0.018482,0.854364,0.013348,0.011257,0.059989
134_7_31_208,3,3,0.008778,0.133218,0.089862,0.40549,0.03537,0.191852,0.13543
134_8_1262_1371,6,3,0.013587,0.094376,0.096878,0.55511,0.0264,0.122082,0.091568
134_8_1949_2085,3,3,0.005535,0.005281,0.013657,0.95509,0.003518,0.009189,0.00773
134_7_1088_1251,6,1,0.027404,0.472064,0.090534,0.019605,0.264827,0.041097,0.084469
134_8_1576_1805,3,3,0.011446,0.027604,0.020276,0.797287,0.067909,0.052806,0.022673
134_8_216_290,1,3,0.038057,0.132154,0.14622,0.458446,0.018786,0.171953,0.034385
134_7_1818_1925,3,3,0.016389,0.133833,0.042585,0.481449,0.093338,0.1396,0.092806
134_7_1390_1546,3,6,0.015225,0.175367,0.067578,0.102612,0.167926,0.097135,0.374155
134_8_2215_2328,3,3,0.007132,0.015656,0.019207,0.921486,0.006295,0.009402,0.020823
134_8_925_1063,4,4,0.013827,0.125727,0.116975,0.274912,0.315563,0.099022,0.053972
134_8_577_774,3,3,0.011156,0.088408,0.019249,0.809185,0.007593,0.050809,0.0136
134_7_305_567,3,2,0.020268,0.125678,0.412238,0.079595,0.023699,0.24456,0.093963
134_7_2103_2214,3,3,0.020091,0.058274,0.125498,0.50323,0.031386,0.080705,0.180817
134_7_824_895,5,6,0.023352,0.218674,0.237092,0.025057,0.073505,0.14716,0.275159
135_8_2413_2548,3,3,0.011113,0.020515,0.037112,0.880429,0.010396,0.023465,0.01697
135_7_31_178,5,2,0.01867,0.151906,0.395873,0.034668,0.115566,0.053867,0.229451
135_8_1223_1342,6,6,0.003975,0.057543,0.040636,0.086495,0.018392,0.046832,0.746127
135_7_2015_2193,6,3,0.03677,0.250862,0.051474,0.311017,0.078259,0.091616,0.180002
135_7_1094_1186,6,6,0.025974,0.126558,0.09607,0.050857,0.014896,0.226008,0.459637
135_8_1615_1685,3,3,0.010402,0.003838,0.006256,0.911795,0.00555,0.027274,0.034885
135_8_179_317,4,3,0.018658,0.050068,0.08974,0.600923,0.063358,0.057122,0.120132
135_8_1811_1988,3,3,0.016115,0.035545,0.020778,0.76935,0.011766,0.039729,0.106718
135_7_1704_1810,4,6,0.006558,0.059886,0.186445,0.024624,0.069169,0.104055,0.549263
135_7_1343_1597,4,6,0.009083,0.094614,0.102602,0.116786,0.174212,0.136925,0.365777
135_8_2195_2347,3,3,0.011778,0.006065,0.015414,0.925093,0.007205,0.021976,0.012469
135_8_896_1078,4,3,0.013611,0.096515,0.211728,0.264351,0.135396,0.059001,0.219399
135_8_469_617,1,6,0.01597,0.106263,0.193219,0.233418,0.11001,0.059985,0.281137
135_7_322_468,6,6,0.009558,0.085984,0.143849,0.0221,0.027712,0.183262,0.527536
135_7_637_855,4,1,0.02491,0.407337,0.289279,0.024691,0.123876,0.058139,0.071769
135_7_2347_2402,3,5,0.006639,0.075254,0.034779,0.222024,0.020324,0.591091,0.049888
135_7_2551_2585,3,3,0.021725,0.022231,0.020706,0.83062,0.016077,0.014977,0.073664
138_8_1202_1318,1,1,0.022728,0.267644,0.106313,0.166881,0.089755,0.082087,0.264592
138_7_1824_2061,6,1,0.058789,0.466543,0.121016,0.031955,0.170211,0.027744,0.123741
138_8_1604_1816,1,3,0.020568,0.124157,0.194599,0.363908,0.052465,0.054249,0.190054
138_8_221_280,1,5,0.011723,0.076043,0.104974,0.125722,0.021997,0.588274,0.071268
138_7_1337_1570,6,1,0.045673,0.259059,0.160029,0.072492,0.049461,0.214155,0.199131
138_7_839_929,6,2,0.054343,0.184571,0.316114,0.024855,0.062855,0.210438,0.146823
138_8_951_1090,5,5,0.017015,0.077475,0.051401,0.014654,0.015704,0.795085,0.028666
138_7_141_211,0,1,0.224913,0.370031,0.084039,0.103748,0.047348,0.048721,0.121199
138_7_501_671,6,1,0.118593,0.386151,0.094611,0.030686,0.033636,0.050109,0.286215
138_7_1100_1181,5,6,0.088216,0.243071,0.040969,0.100573,0.014812,0.106373,0.405986
138_7_286_380,0,1,0.341353,0.490017,0.024189,0.016965,0.010075,0.080519,0.03688
138_8_404_487,6,5,0.011085,0.130321,0.055536,0.051915,0.006546,0.683331,0.061266
138_7_31_95,0,6,0.044044,0.164876,0.06054,0.084708,0.015757,0.192999,0.437076
138_8_2077_2151,6,3,0.016097,0.072263,0.030002,0.531223,0.023363,0.047679,0.279373
138_8_95_118,6,3,0.029358,0.135034,0.053522,0.490586,0.021118,0.163192,0.107191
138_8_703_805,1,3,0.014155,0.094294,0.080408,0.396254,0.034201,0.256419,0.12427
139_7_31_134,3,2,0.014016,0.053761,0.539338,0.213413,0.070299,0.043378,0.065794
139_8_1222_1329,5,5,0.008573,0.067612,0.178802,0.032412,0.027412,0.6373,0.04789
139_7_1033_1202,5,5,0.006176,0.083219,0.102984,0.017346,0.012333,0.480436,0.297507
139_7_180_295,6,1,0.049139,0.294082,0.23336,0.071083,0.083218,0.11245,0.156667
139_8_1453_1563,6,2,0.009138,0.118827,0.628648,0.019222,0.138921,0.043771,0.041472
139_8_832_1030,6,2,0.019675,0.156749,0.381003,0.019174,0.108897,0.062752,0.251751
139_7_1330_1431,5,5,0.00911,0.104654,0.127352,0.020272,0.013735,0.65341,0.071466
139_8_578_682,5,5,0.00265,0.028063,0.217488,0.048303,0.007497,0.535531,0.160466
139_8_302_408,6,6,0.01213,0.043434,0.127335,0.224653,0.012744,0.222698,0.357007
139_7_427_560,6,6,0.019752,0.093116,0.13152,0.134891,0.048544,0.148112,0.424064
139_7_700_816,6,6,0.008053,0.061856,0.127025,0.02044,0.038261,0.106754,0.63761
139_8_135_171,3,3,0.009974,0.017035,0.031717,0.824243,0.003889,0.077557,0.035585
140_7_1089_1334,4,3,0.008227,0.110215,0.199461,0.215859,0.169342,0.095098,0.201799
140_7_1968_2143,3,3,0.007654,0.018779,0.02028,0.849163,0.008129,0.016456,0.07954
140_7_1478_1802,3,6,0.007864,0.029064,0.02724,0.4173,0.006548,0.056347,0.455636
140_8_130_282,3,3,0.017736,0.018619,0.030435,0.823622,0.014883,0.042959,0.051746
140_8_1811_1967,5,3,0.008804,0.006325,0.012383,0.840394,0.004114,0.123764,0.004216
140_7_31_125,3,5,0.004193,0.013734,0.008358,0.409265,0.003326,0.546728,0.014397
140_8_823_1076,3,3,0.009288,0.007648,0.018843,0.882746,0.00877,0.019232,0.053472
140_8_1346_1455,4,6,0.009778,0.035867,0.035022,0.201596,0.120921,0.021391,0.575425
140_8_445_689,3,3,0.007281,0.00735,0.014757,0.877338,0.012321,0.0184,0.062553
140_7_283_437,3,5,0.004968,0.061751,0.071812,0.092577,0.025964,0.703514,0.039414
140_7_701_814,3,3,0.014224,0.037796,0.02593,0.682064,0.049555,0.110585,0.079846
140_8_2147_2197,3,3,0.008749,0.004692,0.011328,0.947073,0.005624,0.009668,0.012866
141_8_115_282,6,6,0.008028,0.071216,0.121049,0.253572,0.037746,0.071051,0.437338
141_8_1272_1411,1,2,0.02923,0.225912,0.543775,0.047967,0.05198,0.074773,0.026364
141_8_1936_2051,6,2,0.019745,0.099677,0.268149,0.213363,0.205661,0.033532,0.159873
141_7_1110_1254,6,4,0.03592,0.165571,0.116615,0.041767,0.532878,0.031927,0.075322
141_8_1608_1815,6,2,0.004888,0.06327,0.66659,0.011906,0.060854,0.112124,0.080369
141_7_1820_1935,6,6,0.013749,0.055392,0.105976,0.218881,0.055977,0.018506,0.53152
141_7_1419_1607,6,4,0.198257,0.027167,0.224731,0.027685,0.385214,0.038606,0.09834
141_8_948_1106,5,5,0.006257,0.057718,0.125117,0.057179,0.087921,0.624899,0.040909
141_7_282_432,6,6,0.019725,0.180742,0.177852,0.026666,0.124423,0.095059,0.375534
141_8_595_834,6,3,0.017073,0.032709,0.049142,0.576536,0.012512,0.015556,0.296472
141_8_433_534,5,3,0.014533,0.024337,0.020151,0.739309,0.0131,0.040272,0.148299
141_7_31_96,6,6,0.014821,0.174993,0.261151,0.093358,0.066162,0.02762,0.361896
141_7_842_912,6,6,0.018292,0.133704,0.150682,0.050733,0.061631,0.173567,0.41139
141_7_534_564,6,6,0.020333,0.09196,0.164463,0.143093,0.030722,0.078019,0.471409
142_8_94_128,5,3,0.033588,0.005317,0.01451,0.858328,0.004215,0.077806,0.006234
142_8_718_839,6,3,0.025168,0.032291,0.021583,0.683303,0.010338,0.135298,0.092019
142_7_31_86,5,0,0.399574,0.189857,0.026123,0.094675,0.005666,0.242253,0.041851
142_7_965_1014,6,5,0.021824,0.039828,0.037064,0.062022,0.014321,0.738302,0.086638
142_7_128_279,3,3,0.077548,0.109925,0.018274,0.481296,0.007089,0.240347,0.065522
142_7_354_451,0,1,0.448831,0.452461,0.011972,0.035277,0.007864,0.027177,0.016418
142_7_613_710,3,1,0.200111,0.623595,0.024632,0.030881,0.04024,0.042979,0.037562
142_8_887_961,1,3,0.020765,0.033308,0.014487,0.792223,0.008816,0.092626,0.037775
142_8_451_605,3,3,0.147086,0.122537,0.029098,0.590368,0.021383,0.066835,0.022693
142_8_280_354,3,3,0.054165,0.038136,0.017849,0.815733,0.008195,0.049592,0.01633
142_7_846_874,6,1,0.073992,0.401707,0.055713,0.037686,0.0776,0.105922,0.247379
143_7_766_810,3,3,0.012097,0.008062,0.013912,0.903206,0.010051,0.018632,0.034042
143_8_627_766,3,3,0.008351,0.015215,0.01935,0.645935,0.006388,0.017922,0.28684
143_8_236_399,3,3,0.010029,0.014805,0.013743,0.845675,0.005959,0.018685,0.091105
143_7_400_419,3,3,0.015194,0.01326,0.01078,0.887142,0.006006,0.042994,0.024624
143_7_165_221,3,3,0.015786,0.027396,0.035587,0.625085,0.010343,0.126703,0.159099
143_8_430_498,3,3,0.011071,0.017344,0.017947,0.492359,0.005982,0.063856,0.39144
143_7_503_611,3,3,0.013588,0.035893,0.029209,0.744987,0.018033,0.100294,0.057997
143_7_31_58,3,3,0.090932,0.118286,0.046867,0.421607,0.004121,0.184753,0.133433
143_8_846_906,3,3,0.013552,0.020344,0.019335,0.79803,0.016494,0.023197,0.109047
144_8_54_219,3,3,0.005258,0.005572,0.006686,0.917282,0.00288,0.022223,0.040099
144_8_765_905,3,3,0.011712,0.021582,0.01409,0.642744,0.023611,0.024886,0.261375
144_7_219_377,3,3,0.011453,0.015619,0.016768,0.762233,0.012415,0.046216,0.135295
144_8_984_1044,3,3,0.009576,0.004293,0.005589,0.944511,0.004338,0.021227,0.010465
144_8_382_448,3,3,0.009449,0.003536,0.004741,0.95632,0.004578,0.014991,0.006386
144_8_585_660,3,3,0.0081,0.010032,0.007977,0.857128,0.010513,0.009031,0.097218
144_7_660_749,3,3,0.019082,0.064013,0.07017,0.310546,0.016011,0.22043,0.299748
144_7_915_971,3,3,0.009959,0.01271,0.008339,0.859797,0.005577,0.043444,0.060175
144_7_448_584,3,3,0.021112,0.066347,0.016046,0.550369,0.020466,0.092422,0.233238
144_7_31_54,3,3,0.007933,0.00299,0.010286,0.90805,0.003809,0.046192,0.02074
148_7_31_190,4,2,0.031934,0.146889,0.340905,0.07219,0.148176,0.112801,0.147105
148_8_798_865,2,5,0.108853,0.24369,0.139968,0.048852,0.017723,0.248245,0.192669
148_8_965_1030,2,6,0.016177,0.048247,0.0686,0.211728,0.050997,0.046331,0.557919
148_7_748_789,3,6,0.016286,0.127627,0.238407,0.050627,0.050679,0.224961,0.291414
148_7_247_382,6,6,0.012498,0.060577,0.141694,0.097711,0.020568,0.094069,0.572884
148_8_385_429,2,6,0.040091,0.123019,0.068083,0.010352,0.057076,0.073212,0.628168
148_7_537_668,6,6,0.044328,0.124109,0.090357,0.112476,0.012297,0.133722,0.48271
148_8_685_736,2,5,0.00947,0.032605,0.033681,0.007779,0.007221,0.855684,0.05356
148_7_874_945,4,2,0.015236,0.159543,0.621645,0.013051,0.096549,0.025399,0.068578
148_8_194_239,2,3,0.074133,0.134506,0.039929,0.428928,0.013196,0.184427,0.124881
148_7_435_485,6,3,0.037239,0.102173,0.045648,0.325024,0.017278,0.175093,0.297544
148_7_1043_1124,3,4,0.020759,0.126537,0.260988,0.145889,0.28135,0.036592,0.127885
148_8_488_528,2,6,0.042459,0.168214,0.035356,0.083284,0.025856,0.105759,0.539072
149_7_82_131,3,6,0.026823,0.1396,0.047889,0.308925,0.014586,0.014554,0.447624
149_7_955_1184,4,3,0.021876,0.073649,0.089338,0.3125,0.049075,0.144303,0.30926
149_7_805_851,3,3,0.017514,0.057205,0.115876,0.536614,0.043518,0.060453,0.168818
149_8_31_75,5,3,0.013465,0.044281,0.032494,0.340294,0.012439,0.288358,0.268669
149_8_746_801,3,3,0.013698,0.040726,0.050682,0.605411,0.081008,0.014409,0.194065
149_8_145_276,1,1,0.027917,0.506185,0.170352,0.026577,0.086479,0.07918,0.103311
149_7_276_431,1,2,0.005051,0.104041,0.507876,0.040449,0.061911,0.06472,0.215951
149_7_520_727,4,6,0.014958,0.133698,0.18889,0.15623,0.04966,0.074984,0.381581
149_8_856_950,4,6,0.01482,0.155161,0.187517,0.00636,0.137514,0.051408,0.44722
149_8_452_515,6,6,0.009045,0.039584,0.015959,0.289152,0.017763,0.014212,0.614285
150_8_123_197,3,6,0.014936,0.050662,0.104871,0.217756,0.024078,0.065638,0.52206
150_8_795_844,2,5,0.013247,0.159835,0.095889,0.136873,0.011817,0.307848,0.274491
150_8_31_87,2,5,0.010212,0.055972,0.077112,0.017438,0.01231,0.519393,0.307563
150_8_721_769,1,5,0.006234,0.10038,0.062216,0.020051,0.014752,0.662742,0.133625
150_7_205_389,4,2,0.010502,0.098933,0.282335,0.096726,0.158547,0.071404,0.281553
150_8_400_547,2,2,0.002346,0.09097,0.711969,0.010565,0.019794,0.103771,0.060585
150_7_548_717,1,2,0.029932,0.237908,0.316332,0.042873,0.053869,0.128765,0.190321
150_7_854_970,1,6,0.014694,0.098217,0.273282,0.087103,0.043144,0.113307,0.370252
150_7_87_102,3,6,0.018638,0.040292,0.051032,0.290652,0.018162,0.088062,0.493163
151_7_91_229,3,3,0.010453,0.022868,0.058267,0.797566,0.008262,0.056676,0.045908
151_8_939_1155,3,3,0.012441,0.013611,0.00941,0.830694,0.004703,0.016803,0.112338
151_7_774_816,6,3,0.015812,0.011013,0.024109,0.803111,0.010007,0.116791,0.019156
151_8_31_85,3,3,0.007548,0.00738,0.009024,0.84616,0.006053,0.068522,0.055312
151_8_600_774,6,6,0.007074,0.015479,0.09461,0.238965,0.015221,0.162935,0.465715
151_8_237_305,3,3,0.00772,0.009925,0.021831,0.656618,0.0054,0.119524,0.178981
151_8_353_475,3,3,0.008693,0.008735,0.007532,0.850868,0.005389,0.054496,0.064287
151_7_890_937,4,3,0.013189,0.039374,0.247681,0.470979,0.056864,0.084544,0.08737
151_7_491_593,3,3,0.012998,0.011107,0.031869,0.805423,0.016453,0.099939,0.022211
151_8_828_865,5,5,0.008708,0.015095,0.021334,0.185367,0.003459,0.569871,0.196166
151_7_315_352,6,3,0.020675,0.064205,0.050054,0.652026,0.032522,0.082534,0.097984
152_8_125_203,6,6,0.005692,0.028353,0.016384,0.034386,0.020967,0.014863,0.879355
152_8_1229_1313,6,1,0.058318,0.519326,0.077991,0.016423,0.18941,0.02461,0.113922
152_8_1023_1208,6,6,0.005327,0.087142,0.081431,0.03973,0.064178,0.223032,0.499161
152_8_1407_1821,3,4,0.022331,0.251657,0.063544,0.116709,0.338237,0.029283,0.178239
152_7_881_1023,6,5,0.009729,0.149035,0.325874,0.008856,0.10101,0.361047,0.044448
152_7_1325_1397,4,1,0.027487,0.507589,0.056206,0.039027,0.286335,0.018799,0.064557
152_7_561_678,4,1,0.018098,0.274025,0.266065,0.0433,0.15397,0.082377,0.162166
152_7_306_402,4,2,0.005189,0.072596,0.527161,0.027611,0.064281,0.178919,0.124243
152_8_422_548,4,4,0.008595,0.092148,0.202857,0.011956,0.428398,0.014732,0.241316
152_7_31_100,6,1,0.066703,0.584507,0.079763,0.043883,0.055178,0.072705,0.097263
152_8_689_842,4,5,0.006735,0.04918,0.096426,0.063263,0.16012,0.404429,0.219847
153_8_86_144,4,2,0.005232,0.052898,0.32508,0.007216,0.320944,0.017299,0.27133
153_7_31_86,6,5,0.021457,0.311252,0.113643,0.022993,0.020867,0.417669,0.092119
153_7_822_976,4,1,0.029152,0.328784,0.32544,0.013725,0.199456,0.07925,0.024193
153_8_702_784,5,0,0.284253,0.08143,0.206884,0.186888,0.016732,0.180177,0.043636
153_7_155_267,6,5,0.005637,0.082683,0.080609,0.018713,0.007357,0.7757,0.029302
153_8_987_1097,4,6,0.100065,0.185217,0.04188,0.070573,0.21705,0.051264,0.333949
153_8_267_496,2,4,0.008856,0.142678,0.20172,0.007849,0.481512,0.047968,0.109416
153_7_617_687,6,2,0.014007,0.138759,0.506619,0.077252,0.041137,0.060268,0.161958
153_8_554_595,6,6,0.079887,0.322244,0.09922,0.030073,0.063556,0.069045,0.335974
153_7_500_548,6,6,0.028993,0.145611,0.168047,0.039274,0.023124,0.153627,0.441323
154_8_89_146,3,3,0.013436,0.013438,0.01641,0.807416,0.007488,0.10281,0.039002
154_8_784_915,4,3,0.016055,0.046491,0.043388,0.774389,0.035497,0.053843,0.030336
154_7_31_82,3,3,0.007328,0.011415,0.015608,0.541771,0.00333,0.357574,0.062974
154_7_930_1023,6,5,0.01633,0.056172,0.045678,0.27349,0.012854,0.343716,0.251759
154_7_637_782,5,4,0.054827,0.015006,0.036201,0.026318,0.688497,0.035363,0.143787
154_8_220_348,4,3,0.032294,0.089273,0.017614,0.748648,0.034751,0.050533,0.026888
154_8_1025_1058,3,3,0.020151,0.101724,0.019605,0.695839,0.036611,0.055455,0.070614
154_7_349_456,6,3,0.095643,0.12975,0.125215,0.266617,0.041715,0.260626,0.080434
154_7_153_220,6,6,0.034974,0.202129,0.226633,0.084662,0.084638,0.122113,0.244851
154_8_462_619,6,3,0.023009,0.026641,0.029355,0.701196,0.043269,0.108442,0.068088
155_7_788_876,3,3,0.018694,0.036308,0.080091,0.695269,0.027618,0.105767,0.036254
155_7_31_76,3,3,0.029257,0.036853,0.055848,0.752194,0.016498,0.035734,0.073616
155_8_883_1029,1,5,0.005659,0.10591,0.157619,0.025369,0.05396,0.39611,0.255373
155_7_323_491,6,2,0.017165,0.079484,0.437386,0.082429,0.140964,0.040566,0.202007
155_7_593_711,6,3,0.01772,0.144344,0.157589,0.334967,0.130388,0.146612,0.06838
155_8_268_304,1,6,0.00548,0.027211,0.056462,0.007674,0.008957,0.419385,0.474831
155_8_134_209,5,3,0.020241,0.069325,0.096321,0.403308,0.033326,0.323253,0.054226
155_8_753_783,1,6,0.003145,0.010333,0.010334,0.122675,0.004137,0.009134,0.840241
155_7_217_250,3,3,0.014786,0.016117,0.016424,0.914768,0.003482,0.021888,0.012536
155_8_510_582,1,6,0.019394,0.046785,0.087728,0.35109,0.039061,0.047115,0.408827
156_7_31_143,5,3,0.008648,0.013705,0.013935,0.737253,0.006268,0.148798,0.071392
156_8_1100_1218,3,3,0.009768,0.012353,0.011699,0.914857,0.007032,0.021101,0.02319
156_7_740_869,5,6,0.015085,0.080111,0.067243,0.281006,0.024976,0.213021,0.318559
156_8_876_988,3,3,0.011333,0.008807,0.011457,0.920024,0.007421,0.014105,0.026855
156_8_155_277,3,3,0.011745,0.004783,0.008396,0.941791,0.007241,0.015275,0.010769
156_7_988_1081,6,6,0.009346,0.054321,0.03508,0.317338,0.011167,0.066034,0.506715
156_8_350_490,3,3,0.030302,0.070065,0.027453,0.593541,0.041335,0.057996,0.179309
156_7_508_656,5,3,0.008274,0.028603,0.048749,0.53102,0.020898,0.139801,0.222655
156_8_657_739,3,3,0.007374,0.005279,0.006567,0.936961,0.007589,0.015976,0.020254
156_7_286_332,5,5,0.006017,0.034251,0.040401,0.051828,0.008735,0.803996,0.054772
157_8_127_255,5,1,0.163788,0.586578,0.084145,0.013705,0.056573,0.057576,0.037635
157_8_1239_1407,1,3,0.017041,0.151768,0.105138,0.34883,0.064049,0.055563,0.257611
157_7_1121_1229,6,3,0.058557,0.237069,0.030098,0.290467,0.056677,0.046249,0.280882
157_7_31_122,5,6,0.006332,0.089894,0.055252,0.052285,0.015846,0.170761,0.609629
157_7_762_942,2,3,0.012596,0.080499,0.028473,0.562244,0.036319,0.118733,0.161135
157_7_534_616,6,1,0.057801,0.694628,0.040171,0.032147,0.095061,0.017382,0.062811
157_8_965_1112,1,6,0.031501,0.149132,0.066791,0.277669,0.008812,0.041123,0.424972
157_7_264_370,0,5,0.019044,0.249852,0.134984,0.0293,0.023699,0.443564,0.099559
157_8_633_746,6,6,0.007937,0.124293,0.063044,0.18859,0.092176,0.054701,0.469259
157_8_382_500,0,1,0.171256,0.655794,0.04152,0.011482,0.017939,0.069134,0.032875
158_7_31_131,6,6,0.012894,0.078526,0.29702,0.010076,0.053757,0.237766,0.309962
158_8_1239_1362,2,6,0.030491,0.156493,0.118433,0.075427,0.045191,0.043752,0.530211
158_7_1123_1233,2,2,0.011827,0.149036,0.634056,0.014042,0.091341,0.048026,0.051672
158_7_192_316,6,6,0.004344,0.099978,0.087194,0.01836,0.019652,0.287167,0.483304
158_7_726_949,3,2,0.019255,0.273495,0.398391,0.011351,0.161615,0.086552,0.049342
158_7_464_617,3,3,0.015315,0.147526,0.107916,0.356704,0.087007,0.090521,0.19501
158_8_132_187,6,5,0.008465,0.043896,0.066045,0.013449,0.005912,0.761083,0.10115
158_8_956_1111,6,6,0.009824,0.077306,0.156451,0.022443,0.115266,0.271672,0.347038
158_8_331_445,6,3,0.01237,0.025087,0.021311,0.625278,0.010847,0.198713,0.106394
158_8_630_723,3,6,0.007212,0.081707,0.105551,0.013991,0.086771,0.020988,0.683779
159_8_1169_1295,1,0,0.695725,0.187444,0.025146,0.012167,0.014715,0.040037,0.024767
159_8_124_227,0,5,0.126718,0.171893,0.067953,0.011726,0.03976,0.571126,0.010826
159_7_1077_1162,0,1,0.372228,0.526441,0.024476,0.017673,0.00431,0.046349,0.008521
159_7_805_957,0,1,0.161729,0.505157,0.038332,0.015376,0.010388,0.260707,0.008311
159_7_31_121,0,1,0.1174,0.498466,0.085295,0.025946,0.02716,0.185773,0.059961
159_8_649_796,0,0,0.620191,0.251904,0.017342,0.01557,0.00965,0.038148,0.047196
159_7_230_309,0,1,0.104088,0.43565,0.07156,0.026723,0.013327,0.206572,0.14208
159_8_979_1077,1,1,0.24819,0.362283,0.190248,0.019845,0.034975,0.111443,0.033017
159_8_328_469,0,0,0.607748,0.303374,0.017646,0.010324,0.016328,0.030378,0.014201
159_7_504_641,0,1,0.348268,0.531926,0.041816,0.012148,0.024659,0.030433,0.010751
160_8_31_212,2,5,0.018155,0.064858,0.021799,0.151109,0.032423,0.643413,0.068241
160_8_923_1147,2,2,0.022334,0.013427,0.917249,0.00856,0.008949,0.019542,0.009939
160_8_604_719,2,2,0.017162,0.272594,0.341644,0.013803,0.240565,0.076098,0.038136
160_7_422_447,1,5,0.071737,0.155446,0.034624,0.020068,0.007879,0.649746,0.0605
160_7_557_594,1,5,0.013367,0.103739,0.081223,0.005198,0.012846,0.754681,0.028945
160_8_369_412,2,2,0.029746,0.185461,0.333175,0.015535,0.07779,0.287914,0.07038
160_7_318_362,1,5,0.031714,0.06344,0.02812,0.027425,0.015192,0.768225,0.065883
160_8_507_547,2,3,0.024218,0.046483,0.030214,0.510145,0.012467,0.032069,0.344404
204_12_1265_1332,1,1,0.104866,0.600679,0.038987,0.082426,0.099342,0.019544,0.054157
204_11_1066_1265,0,0,0.800143,0.143622,0.010608,0.014866,0.007169,0.013699,0.009893
204_11_231_309,1,3,0.076411,0.207908,0.094643,0.278671,0.009926,0.139817,0.192625
204_12_1427_1491,1,1,0.042917,0.636227,0.06547,0.021372,0.160368,0.022407,0.051238
204_11_872_981,0,0,0.719922,0.127942,0.032778,0.056359,0.010737,0.032269,0.019993
204_12_197_230,6,3,0.02428,0.054064,0.038262,0.536651,0.012597,0.240251,0.093895
204_11_1333_1423,0,0,0.886966,0.046486,0.005736,0.010865,0.003899,0.041227,0.004821
204_12_559_655,1,0,0.501715,0.440085,0.013645,0.006357,0.020107,0.011635,0.006456
204_12_310_343,2,5,0.020528,0.102012,0.028298,0.024288,0.010587,0.776027,0.038261
204_12_983_1054,1,1,0.300355,0.570162,0.019586,0.036116,0.014562,0.041864,0.017356
204_11_360_558,1,0,0.571842,0.25343,0.043309,0.035881,0.027066,0.037934,0.030538
204_11_31_115,0,0,0.647821,0.165038,0.029575,0.079494,0.017082,0.028704,0.032286
204_11_1496_1600,6,3,0.112979,0.125573,0.037974,0.496487,0.006807,0.034165,0.186014
204_12_798_856,1,0,0.609802,0.326986,0.011689,0.019223,0.007999,0.013818,0.010483
204_11_656_798,1,1,0.26964,0.421292,0.074086,0.033495,0.141468,0.021619,0.0384
206_12_102_161,6,3,0.033577,0.0565,0.01928,0.729587,0.012675,0.062023,0.08636
206_12_1104_1184,2,5,0.008417,0.050623,0.018697,0.020005,0.009553,0.855738,0.036967
206_11_167_269,6,1,0.221876,0.410925,0.030823,0.205227,0.034077,0.048029,0.049043
206_11_807_969,2,1,0.251408,0.316696,0.13232,0.058917,0.104928,0.097798,0.037933
206_12_1303_1415,5,5,0.007604,0.067159,0.108001,0.007985,0.0198,0.779085,0.010366
206_12_582_652,6,5,0.00234,0.038298,0.056847,0.037267,0.007122,0.709777,0.148349
206_12_281_363,6,3,0.00837,0.023127,0.013039,0.842617,0.010407,0.057305,0.045136
206_11_1000_1097,2,1,0.309461,0.418226,0.057665,0.076473,0.039603,0.046979,0.051592
206_11_420_505,5,5,0.01111,0.028485,0.023701,0.050049,0.009417,0.813912,0.063326
206_12_31_54,3,3,0.007819,0.004503,0.010654,0.885819,0.009728,0.006217,0.075261
206_11_1199_1289,2,0,0.380857,0.280422,0.035617,0.016143,0.009615,0.262964,0.014383
206_11_54_102,6,3,0.013849,0.02068,0.021105,0.757069,0.007514,0.069328,0.110457
206_11_706_738,5,5,0.105285,0.075014,0.019869,0.040353,0.00931,0.677663,0.072504
206_12_505_530,6,3,0.011626,0.039375,0.022595,0.697713,0.018507,0.021368,0.188817
206_12_738_790,2,5,0.006577,0.091276,0.109359,0.00697,0.023369,0.685895,0.076554
206_11_540_582,2,5,0.010141,0.028402,0.022722,0.031486,0.005294,0.782107,0.119848
206_12_969_1000,5,5,0.007293,0.030014,0.020777,0.032309,0.006395,0.878693,0.024519
207_11_121_149,5,0,0.7554,0.110599,0.029913,0.029569,0.005203,0.056998,0.012317
207_11_1206_1365,3,3,0.108127,0.095893,0.028158,0.603252,0.033631,0.064531,0.066407
207_12_1065_1206,3,3,0.01608,0.035442,0.018684,0.81583,0.018806,0.062166,0.032991
207_11_242_355,5,3,0.208319,0.138035,0.017073,0.532857,0.008358,0.041879,0.053479
207_11_1449_1551,5,1,0.100655,0.292129,0.047685,0.171424,0.037379,0.155572,0.195157
207_12_855_1015,3,3,0.025064,0.145631,0.036962,0.619213,0.055311,0.087658,0.03016
207_12_173_240,3,3,0.084419,0.143845,0.016291,0.537726,0.007953,0.109863,0.099903
207_11_503_680,3,6,0.060138,0.151169,0.04481,0.297882,0.021985,0.102125,0.321891
207_11_1015_1065,3,3,0.070818,0.119716,0.037216,0.482637,0.012288,0.056496,0.22083
207_12_373_503,3,3,0.026598,0.037522,0.013281,0.788182,0.012024,0.071079,0.051313
207_12_31_72,3,3,0.101041,0.044666,0.045821,0.58638,0.010721,0.106707,0.104664
207_12_680_758,3,3,0.047658,0.097521,0.019605,0.680197,0.035893,0.087262,0.031863
207_12_1365_1449,5,3,0.01236,0.047477,0.021964,0.660249,0.034053,0.102434,0.121463
207_11_766_819,3,6,0.055462,0.266031,0.026112,0.160699,0.081175,0.037895,0.372626
208_12_31_140,0,0,0.410353,0.286061,0.077516,0.046405,0.094919,0.03652,0.048225
208_12_1096_1314,0,0,0.763216,0.166816,0.012285,0.01448,0.012589,0.020326,0.010287
208_11_1623_1849,6,1,0.348592,0.465667,0.01824,0.078434,0.016619,0.016649,0.0558
208_11_140_286,6,3,0.085586,0.208687,0.009761,0.541041,0.018374,0.013894,0.122656
208_11_1440_1532,0,0,0.745024,0.175033,0.011852,0.015596,0.005627,0.020358,0.02651
208_12_848_984,0,0,0.380798,0.345335,0.045833,0.025602,0.148392,0.03334,0.0207
208_11_1327_1405,0,0,0.639484,0.155969,0.017299,0.108134,0.008118,0.039938,0.031058
208_12_499_618,0,1,0.323346,0.41493,0.032831,0.09256,0.061202,0.028521,0.04661
208_12_286_388,0,0,0.425002,0.399021,0.012563,0.051883,0.068081,0.01963,0.02382
208_11_634_833,6,6,0.0589,0.255451,0.054161,0.075512,0.083025,0.077557,0.395394
208_11_997_1085,1,0,0.470686,0.343548,0.031864,0.033449,0.015925,0.040059,0.06447
208_11_388_499,6,1,0.124651,0.572964,0.029628,0.077546,0.105635,0.013627,0.07595
208_12_1532_1619,0,1,0.399616,0.431108,0.032703,0.061966,0.026633,0.015478,0.032496
208_12_1405_1440,5,5,0.19383,0.160594,0.036835,0.017821,0.010473,0.560888,0.019559
210_11_108_158,6,6,0.025697,0.126713,0.043015,0.144372,0.011081,0.111959,0.537163
210_12_1240_1522,1,3,0.03694,0.282682,0.034522,0.473566,0.051982,0.065282,0.055026
210_11_1112_1240,5,3,0.058261,0.243781,0.025789,0.416534,0.014989,0.064542,0.176103
210_12_1645_1732,1,4,0.021205,0.18469,0.21341,0.053727,0.490669,0.017,0.019299
210_11_250_470,4,1,0.019442,0.257204,0.100033,0.181065,0.025459,0.186054,0.230742
210_12_158_250,6,6,0.00635,0.070567,0.056121,0.219396,0.020195,0.234156,0.393215
210_11_523_672,1,1,0.066742,0.602833,0.103167,0.051399,0.055456,0.049,0.071404
210_12_1076_1112,3,3,0.006445,0.007013,0.011267,0.889188,0.009014,0.059982,0.01709
210_11_982_1076,5,3,0.012994,0.176782,0.027431,0.374493,0.012917,0.127781,0.267601
210_12_470_523,6,3,0.011804,0.044737,0.037304,0.717553,0.016208,0.007801,0.164593
210_11_31_84,5,3,0.05018,0.043916,0.010737,0.574343,0.009624,0.258205,0.052996
210_11_1522_1645,1,1,0.166691,0.39311,0.052669,0.099525,0.061819,0.160186,0.066
210_12_672_825,4,6,0.015669,0.164497,0.070268,0.226421,0.049417,0.179887,0.293841
210_12_84_108,3,3,0.013838,0.032577,0.02407,0.72128,0.017283,0.132319,0.058633
211_12_1239_1336,1,1,0.102559,0.522021,0.053803,0.017824,0.211935,0.057194,0.034665
211_12_1657_1815,0,1,0.059251,0.423226,0.045796,0.060343,0.298692,0.034186,0.078506
211_12_232_326,1,3,0.012795,0.211358,0.129056,0.376156,0.145587,0.042035,0.083014
211_12_1449_1554,0,1,0.143695,0.582672,0.033009,0.020648,0.14477,0.056421,0.018786
211_11_767_986,1,3,0.041085,0.067526,0.026556,0.584024,0.10608,0.092309,0.082419
211_11_142_232,1,1,0.060162,0.5599,0.056604,0.052043,0.128959,0.078968,0.063363
211_12_518_594,4,3,0.018145,0.13177,0.062453,0.516616,0.071055,0.121424,0.078537
211_11_1064_1179,1,1,0.121793,0.238489,0.073179,0.228678,0.088602,0.028671,0.220588
211_12_1033_1064,1,5,0.017622,0.08921,0.080959,0.05096,0.020322,0.610083,0.130844
211_11_381_483,1,5,0.088752,0.341453,0.027809,0.029526,0.012868,0.421666,0.077926
211_12_31_59,6,6,0.013682,0.086176,0.137765,0.028044,0.171513,0.184821,0.378
211_11_1865_1932,1,6,0.018361,0.077937,0.092707,0.105329,0.284656,0.034129,0.386881
211_11_647_718,1,6,0.018972,0.104168,0.028188,0.359675,0.018825,0.019145,0.451027
211_11_1554_1623,1,5,0.02742,0.200749,0.108032,0.089799,0.155565,0.275657,0.142778
211_11_1372_1410,1,1,0.046992,0.593955,0.028925,0.044537,0.20007,0.013757,0.071764
211_12_753_767,1,6,0.015285,0.12312,0.165977,0.066302,0.23339,0.076759,0.319166
212_11_102_139,5,5,0.03293,0.050787,0.027454,0.051032,0.00849,0.761276,0.068032
212_12_1190_1315,1,1,0.087779,0.408612,0.045917,0.091192,0.071996,0.186985,0.107519
212_11_1101_1190,1,1,0.051815,0.407232,0.132507,0.070208,0.111468,0.042728,0.184042
212_11_233_343,1,1,0.133748,0.652885,0.026043,0.047689,0.01661,0.067371,0.055653
212_12_1380_1471,1,1,0.085795,0.410799,0.043861,0.212259,0.160603,0.025311,0.061371
212_11_870_1038,0,0,0.599818,0.300117,0.029139,0.017372,0.020752,0.024236,0.008567
212_12_139_233,1,1,0.09205,0.50842,0.072929,0.031415,0.181954,0.070466,0.042766
212_11_1315_1380,4,0,0.585121,0.29238,0.02127,0.03648,0.010177,0.037609,0.016965
212_11_447_618,1,1,0.407114,0.458393,0.017609,0.034216,0.013534,0.056016,0.013117
212_12_618_661,1,5,0.174322,0.296692,0.019358,0.064542,0.012967,0.414198,0.01792
212_12_31_102,4,2,0.036309,0.132912,0.33094,0.036722,0.329141,0.071788,0.062188
212_12_343_447,0,1,0.145573,0.441858,0.078081,0.076327,0.110196,0.059931,0.088034
212_12_750_870,1,1,0.04376,0.384615,0.035865,0.261694,0.147151,0.060497,0.066418
212_11_661_750,1,6,0.022672,0.205442,0.142896,0.061102,0.188811,0.121944,0.257132
212_12_1038_1101,4,4,0.021061,0.294191,0.08862,0.060853,0.437567,0.020818,0.07689
213_11_1143_1303,5,1,0.098624,0.546991,0.039234,0.0584,0.063761,0.105788,0.087202
213_11_209_312,2,1,0.021721,0.403169,0.166351,0.05822,0.042387,0.02766,0.280492
213_12_824_1016,5,5,0.130571,0.091804,0.044236,0.030436,0.012393,0.676858,0.013702
213_12_1303_1432,3,3,0.005488,0.034632,0.041075,0.485624,0.328089,0.064601,0.040492
213_12_591_623,5,5,0.014195,0.050396,0.048451,0.006645,0.008568,0.846531,0.025215
213_12_1049_1110,3,3,0.018337,0.064075,0.06873,0.405382,0.137077,0.281684,0.024714
213_11_329_591,5,2,0.042513,0.143055,0.466989,0.034909,0.072067,0.104965,0.135503
213_11_623_824,5,2,0.046504,0.201043,0.275269,0.110564,0.089037,0.121668,0.155915
213_11_1016_1049,5,3,0.179945,0.204351,0.028626,0.385551,0.020625,0.076787,0.104115
213_12_31_74,6,5,0.00995,0.06295,0.035909,0.015912,0.01712,0.801796,0.056362
213_11_129_145,2,6,0.039997,0.15868,0.068663,0.040959,0.021851,0.075869,0.593981
213_12_312_329,6,6,0.014127,0.133225,0.084602,0.141776,0.156328,0.112163,0.35778
213_12_145_172,6,5,0.010322,0.09329,0.225712,0.018197,0.062585,0.543842,0.046052
214_11_31_133,1,3,0.183257,0.188497,0.029202,0.32695,0.021896,0.156606,0.093591
214_12_1274_1340,1,1,0.028566,0.544423,0.098382,0.031357,0.241298,0.01448,0.041493
214_11_1139_1274,1,1,0.381776,0.439602,0.024686,0.036224,0.02066,0.07769,0.019362
214_12_1645_1745,1,1,0.024243,0.42971,0.071981,0.295458,0.026748,0.116488,0.035373
214_11_211_341,1,6,0.022461,0.182528,0.201791,0.134791,0.122307,0.037325,0.298797
214_11_1745_1830,0,0,0.730268,0.183617,0.017487,0.018656,0.005632,0.032056,0.012283
214_11_1340_1645,0,1,0.1296,0.320522,0.062441,0.153035,0.093214,0.072894,0.168295
214_11_938_1082,1,1,0.14871,0.720846,0.013137,0.048346,0.022556,0.016442,0.029963
214_12_133_211,1,3,0.014254,0.097149,0.034976,0.675695,0.014611,0.061838,0.101478
214_12_504_685,3,3,0.009234,0.03455,0.039644,0.773858,0.010134,0.06416,0.068419
214_12_1082_1139,5,1,0.012682,0.468341,0.164595,0.020206,0.111833,0.139357,0.082986
214_11_450_504,1,1,0.07925,0.633096,0.018145,0.099776,0.037113,0.022225,0.110394
214_12_341_450,1,1,0.015887,0.453681,0.080274,0.137093,0.095161,0.03412,0.183784
214_12_748_893,3,3,0.008356,0.034626,0.023151,0.828081,0.008618,0.034206,0.062963
214_11_685_748,5,5,0.009771,0.042932,0.028274,0.043968,0.009527,0.764434,0.101093
216_11_31_187,5,3,0.102122,0.10246,0.028038,0.563584,0.0088,0.181177,0.013818
216_12_1220_1316,6,1,0.015535,0.245825,0.055289,0.245372,0.110208,0.09548,0.23229
216_11_1904_2096,6,1,0.052753,0.441039,0.118563,0.051756,0.019265,0.263302,0.053321
216_11_1531_1726,0,1,0.24463,0.639953,0.034609,0.024145,0.022538,0.013295,0.02083
216_12_253_297,5,5,0.03049,0.046301,0.036155,0.090965,0.022453,0.719295,0.054341
216_12_1726_1845,6,1,0.059874,0.337497,0.186583,0.047803,0.264316,0.043409,0.060518
216_12_890_976,4,4,0.011782,0.071838,0.085937,0.011506,0.800885,0.008517,0.009536
216_11_1316_1454,1,1,0.365705,0.374351,0.036672,0.117612,0.032307,0.031106,0.042247
216_12_538_783,5,1,0.066752,0.463419,0.08749,0.012129,0.24115,0.105506,0.023553
216_11_297_364,1,1,0.072429,0.547109,0.053955,0.178486,0.026498,0.052494,0.069029
216_11_976_1072,6,0,0.479799,0.44119,0.019302,0.019527,0.008162,0.011316,0.020705
216_11_394_538,1,1,0.049929,0.727155,0.086321,0.029097,0.046385,0.036172,0.024941
216_12_1485_1531,4,4,0.009647,0.073781,0.113028,0.014325,0.755875,0.011916,0.021427
216_11_783_890,1,1,0.03777,0.703056,0.049439,0.118694,0.036061,0.023839,0.031141
216_12_364_394,5,5,0.123364,0.096806,0.062871,0.204661,0.012254,0.386622,0.113422
217_12_127_214,5,5,0.003964,0.085992,0.051145,0.030514,0.01069,0.723774,0.093922
217_12_1281_1353,5,5,0.228067,0.127484,0.026172,0.217446,0.012502,0.371164,0.017164
217_11_1084_1240,6,2,0.007435,0.233346,0.495341,0.029522,0.107543,0.045916,0.080896
217_12_1673_1755,3,1,0.019902,0.315779,0.085278,0.165813,0.092862,0.126234,0.194133
217_11_214_275,3,2,0.011596,0.164774,0.349115,0.081151,0.053833,0.212593,0.126937
217_11_1353_1480,6,1,0.028409,0.439128,0.114625,0.192706,0.066017,0.033792,0.125323
217_11_83_127,3,1,0.064654,0.395258,0.039786,0.281009,0.047704,0.055578,0.116011
217_11_923_1008,6,1,0.030689,0.482247,0.090957,0.137442,0.086339,0.026416,0.145909
217_12_580_675,3,3,0.01676,0.087748,0.042254,0.694993,0.026584,0.101495,0.030165
217_12_320_376,5,5,0.005709,0.013338,0.017006,0.360156,0.006198,0.590798,0.006793
217_12_1008_1047,5,5,0.009428,0.06167,0.040682,0.025105,0.01124,0.745708,0.106167
217_11_376_580,3,2,0.008644,0.11671,0.266762,0.166275,0.091122,0.246988,0.103498
217_12_31_83,5,5,0.014871,0.072154,0.069585,0.065653,0.018407,0.584063,0.175267
217_12_1524_1582,5,3,0.008553,0.006959,0.013335,0.888475,0.018377,0.045288,0.019013
217_12_724_923,3,3,0.014472,0.035412,0.022048,0.846793,0.010917,0.044645,0.025713
217_11_675_724,5,1,0.165787,0.468576,0.045128,0.062715,0.02211,0.091714,0.143969
217_11_1582_1673,6,1,0.069915,0.824422,0.029207,0.017146,0.039044,0.006488,0.013779
218_11_98_158,5,1,0.089392,0.296212,0.05067,0.191727,0.052828,0.070893,0.248278
218_11_1284_1351,3,3,0.038523,0.061485,0.014326,0.720689,0.036808,0.073336,0.054833
218_12_1151_1284,3,3,0.004051,0.010959,0.014259,0.901693,0.004586,0.020112,0.04434
218_11_202_314,1,1,0.037492,0.350318,0.15881,0.093987,0.098357,0.077569,0.183467
218_11_1435_1469,3,6,0.014498,0.058702,0.03586,0.343523,0.034786,0.089723,0.422908
218_12_905_958,3,3,0.013826,0.088378,0.025461,0.79573,0.013628,0.019469,0.043507
218_11_573_752,6,5,0.011667,0.051524,0.034126,0.173858,0.023566,0.562667,0.142591
218_11_1080_1151,6,3,0.019251,0.084502,0.054962,0.518429,0.03101,0.107988,0.183858
218_12_158_202,4,1,0.044293,0.458687,0.022968,0.218727,0.071267,0.108677,0.07538
218_12_314_427,2,2,0.004941,0.231491,0.518102,0.016846,0.187265,0.013966,0.027389
218_12_1034_1080,3,3,0.004013,0.006662,0.007293,0.924014,0.005756,0.024127,0.028134
218_11_427_506,6,3,0.03219,0.13216,0.206831,0.258251,0.11181,0.087047,0.171712
218_12_31_54,3,5,0.008883,0.017761,0.049255,0.05198,0.010394,0.785909,0.075819
218_12_752_835,3,3,0.01033,0.047863,0.027035,0.856479,0.016986,0.026685,0.014623
218_12_1351_1435,3,3,0.008486,0.029705,0.009071,0.916553,0.009331,0.00863,0.018225
218_12_506_573,6,5,0.010807,0.151734,0.149586,0.16326,0.047925,0.353018,0.123669
218_11_835_905,5,5,0.014354,0.02558,0.018834,0.145628,0.008671,0.764696,0.022237
218_11_958_1034,3,3,0.01251,0.049168,0.015967,0.535812,0.008361,0.028838,0.349343
220_11_121_177,5,0,0.889532,0.024416,0.013247,0.013761,0.002594,0.051187,0.005262
220_11_1186_1300,4,0,0.655995,0.237437,0.021238,0.031594,0.017383,0.023631,0.012721
220_12_1673_1730,3,3,0.005748,0.005952,0.00824,0.926825,0.00518,0.009214,0.03884
220_12_210_263,3,3,0.012757,0.024008,0.040964,0.686945,0.020518,0.055194,0.159613
220_12_1793_1811,3,3,0.03141,0.026962,0.026006,0.791494,0.007997,0.053287,0.062844
220_11_1436_1673,3,3,0.020259,0.040647,0.028553,0.672231,0.021371,0.01413,0.202808
220_12_926_1026,3,3,0.013995,0.042868,0.023764,0.708566,0.011769,0.022873,0.176165
220_12_1332_1373,3,3,0.032691,0.132614,0.031365,0.504541,0.074169,0.045788,0.178832
220_11_440_605,3,0,0.508476,0.218051,0.050012,0.083474,0.059377,0.05116,0.029451
220_12_1077_1176,3,3,0.013511,0.046741,0.028066,0.578421,0.066387,0.023774,0.2431
220_11_1734_1793,3,3,0.057703,0.106198,0.025045,0.552422,0.021008,0.116946,0.120677
220_11_282_363,5,6,0.072172,0.071197,0.070786,0.264385,0.010812,0.208478,0.302169
220_12_605_670,5,5,0.010161,0.02824,0.021495,0.05856,0.008989,0.821732,0.050824
220_12_31_61,3,3,0.019984,0.019246,0.035457,0.781811,0.007306,0.030391,0.105805
220_11_675_926,3,0,0.378887,0.267359,0.031811,0.183554,0.046974,0.065818,0.025597
220_12_375_430,3,3,0.006447,0.012705,0.010796,0.845652,0.007654,0.045645,0.071101
221_12_78_143,2,2,0.003909,0.059117,0.493576,0.006241,0.403274,0.008113,0.02577
221_11_1208_1344,1,1,0.137715,0.357267,0.041709,0.210602,0.022733,0.028687,0.201288
221_12_1149_1208,4,2,0.012325,0.111501,0.425404,0.011769,0.361956,0.011988,0.065058
221_11_143_302,0,0,0.711362,0.207572,0.013861,0.017361,0.007848,0.024195,0.017801
221_12_915_961,4,6,0.016193,0.096648,0.19178,0.148667,0.142952,0.023543,0.380217
221_12_1344_1407,4,6,0.023531,0.218166,0.187689,0.095947,0.179032,0.026955,0.26868
221_12_561_621,2,2,0.022266,0.131723,0.477765,0.021331,0.298283,0.02683,0.021801
221_12_302_459,2,2,0.003277,0.039734,0.709086,0.017111,0.169345,0.006304,0.055143
221_11_621_662,1,1,0.278116,0.283712,0.034194,0.068912,0.007348,0.237841,0.089876
221_11_1001_1092,1,0,0.628894,0.265646,0.018402,0.029906,0.012323,0.017722,0.027108
221_11_459_561,0,1,0.268865,0.641254,0.022152,0.026085,0.013995,0.01451,0.013139
221_11_31_78,0,0,0.416279,0.081249,0.026132,0.136068,0.007607,0.225249,0.107416
221_11_686_825,1,3,0.021751,0.026361,0.010148,0.823934,0.005519,0.05314,0.059148
221_12_666_686,4,6,0.021554,0.2191,0.114891,0.189818,0.1502,0.015332,0.289104
221_11_867_915,1,5,0.246379,0.162808,0.03422,0.06001,0.019403,0.397662,0.079519
221_12_825_867,4,6,0.042386,0.166191,0.112225,0.213662,0.100999,0.048616,0.315922
223_12_101_169,3,3,0.005225,0.004533,0.009041,0.908793,0.008046,0.007412,0.056951
223_12_1067_1374,3,6,0.014751,0.081633,0.085701,0.175206,0.081912,0.042789,0.518009
223_11_186_268,3,4,0.023384,0.306955,0.03818,0.028805,0.505449,0.029763,0.067464
223_12_833_1002,3,3,0.010045,0.020666,0.018356,0.66862,0.009554,0.028478,0.244281
223_11_565_677,5,1,0.07857,0.566575,0.037687,0.047503,0.047175,0.147423,0.075067
223_12_268_376,4,6,0.01259,0.113029,0.059116,0.253941,0.071039,0.088063,0.402221
223_11_1002_1067,5,6,0.02773,0.140784,0.105568,0.078779,0.046065,0.214576,0.386499
223_12_429_565,3,3,0.007087,0.045376,0.018558,0.597283,0.013234,0.013184,0.305279
223_11_31_101,3,6,0.036816,0.01473,0.042325,0.091954,0.021106,0.088037,0.705033
223_11_791_833,5,5,0.026266,0.098078,0.029798,0.062562,0.024561,0.631651,0.127084
223_12_686_788,3,3,0.009976,0.020119,0.021425,0.854039,0.008318,0.01306,0.073063
223_11_382_429,5,1,0.067022,0.505771,0.028425,0.101221,0.02771,0.034727,0.235123
223_11_1393_1427,3,6,0.012663,0.067686,0.040607,0.304298,0.04154,0.100448,0.432759
223_12_1427_1459,3,3,0.024649,0.103149,0.094025,0.401343,0.03955,0.06085,0.276434
224_12_1147_1206,1,5,0.04706,0.270539,0.188454,0.047635,0.044092,0.340021,0.062198
224_11_207_346,3,3,0.022508,0.114594,0.019513,0.578476,0.06533,0.048872,0.150706
224_12_870_975,1,6,0.02502,0.10441,0.037204,0.258712,0.02109,0.074653,0.47891
224_12_1332_1411,4,6,0.012289,0.148098,0.173867,0.089765,0.24432,0.009789,0.321873
224_12_585_679,4,3,0.044288,0.162238,0.039855,0.334823,0.066065,0.064291,0.28844
224_11_1107_1146,0,1,0.056018,0.324495,0.117579,0.044921,0.036196,0.204481,0.216309
224_12_1034_1080,4,1,0.172802,0.459656,0.064953,0.079095,0.096689,0.018588,0.108217
224_12_382_509,4,1,0.055904,0.45957,0.082594,0.078658,0.14323,0.028427,0.151616
224_12_31_75,4,3,0.012437,0.028164,0.043669,0.560612,0.008027,0.052862,0.29423
224_11_1241_1277,0,2,0.03074,0.240451,0.292866,0.04271,0.059106,0.146168,0.187958
224_11_822_869,0,5,0.101395,0.105815,0.027961,0.025293,0.007823,0.652915,0.078798
224_11_709_764,0,1,0.177684,0.429901,0.035193,0.188821,0.015171,0.030843,0.122389
224_11_520_561,0,5,0.074611,0.074656,0.019569,0.02568,0.008342,0.729429,0.067713
224_12_765_821,0,4,0.052831,0.274304,0.128407,0.059453,0.313688,0.06143,0.109887
224_11_982_1033,0,5,0.120242,0.130421,0.041029,0.053929,0.008367,0.515365,0.130647
225_11_1267_1345,3,2,0.014157,0.203621,0.340759,0.101238,0.19199,0.032677,0.115558
225_12_910_1260,3,3,0.01311,0.01631,0.031694,0.831195,0.026589,0.026891,0.054211
225_12_1372_1776,3,3,0.009412,0.022444,0.015281,0.901255,0.016137,0.016428,0.019043
225_11_1788_1948,5,3,0.019429,0.03961,0.175045,0.544967,0.131494,0.064942,0.024513
225_12_140_215,3,3,0.02287,0.128935,0.075932,0.566384,0.05298,0.102309,0.050589
225_12_546_613,3,3,0.015193,0.120358,0.115314,0.281229,0.044841,0.220902,0.202164
225_12_280_470,3,3,0.008309,0.015018,0.036317,0.788807,0.030612,0.025314,0.095623
225_11_613_692,5,3,0.024509,0.11234,0.083579,0.302667,0.095455,0.09135,0.2901
225_12_31_87,3,4,0.017528,0.048098,0.266832,0.117968,0.316242,0.062565,0.170766
225_12_702_863,3,3,0.015953,0.041805,0.042459,0.717928,0.047315,0.032506,0.102034
225_11_494_546,5,5,0.007927,0.040201,0.022839,0.04096,0.004428,0.757797,0.125849
225_11_863_910,6,2,0.030994,0.195694,0.236867,0.090063,0.122433,0.115421,0.208527
225_11_219_246,1,5,0.013131,0.098966,0.073307,0.131292,0.026282,0.391348,0.265674
226_11_90_194,3,3,0.013339,0.032192,0.046843,0.403149,0.012485,0.174085,0.317907
226_12_1238_1408,3,3,0.014705,0.032244,0.044372,0.764931,0.01623,0.030792,0.096726
226_11_1151_1238,3,3,0.014242,0.050365,0.019338,0.677615,0.101194,0.030171,0.107074
226_12_223_291,6,3,0.014224,0.066595,0.060755,0.476736,0.076161,0.055325,0.250204
226_12_1452_1508,6,4,0.017883,0.0777,0.051653,0.349043,0.377858,0.013722,0.112142
226_11_749_1044,6,2,0.010123,0.052642,0.486171,0.047319,0.280283,0.020156,0.103307
226_11_580_651,6,1,0.161988,0.364116,0.062709,0.162269,0.086218,0.138975,0.023725
226_12_1044_1136,4,6,0.016043,0.05663,0.054131,0.366992,0.083265,0.005909,0.417031
226_11_339_497,4,4,0.019962,0.129498,0.164575,0.03119,0.605006,0.026113,0.023657
226_12_31_90,3,3,0.00573,0.009173,0.022144,0.506986,0.012362,0.376858,0.066746
226_11_1508_1628,3,3,0.020822,0.058365,0.063925,0.569093,0.061161,0.065272,0.161363
226_12_651_722,2,2,0.014769,0.140673,0.348574,0.06104,0.168037,0.158901,0.108006
226_11_1408_1452,5,1,0.087545,0.588951,0.041935,0.041629,0.088026,0.040312,0.111602
226_12_497_569,4,4,0.005551,0.078321,0.370732,0.003852,0.467351,0.065499,0.008694
227_11_122_166,0,1,0.284854,0.460815,0.043718,0.063972,0.022013,0.06521,0.059418
227_11_1253_1298,3,6,0.019446,0.112922,0.051386,0.17122,0.03922,0.290121,0.315686
227_12_1159_1209,6,3,0.016888,0.069115,0.099436,0.487715,0.03028,0.040219,0.256347
227_12_185_276,5,3,0.010339,0.057371,0.060244,0.497221,0.076836,0.118505,0.179484
227_11_940_1006,5,6,0.028664,0.256438,0.041799,0.287403,0.049176,0.037287,0.299232
227_12_545_689,6,3,0.015494,0.125977,0.111528,0.394482,0.110599,0.032459,0.209462
227_11_1134_1159,3,1,0.081005,0.495198,0.069717,0.155049,0.08301,0.018718,0.097303
227_12_1006_1129,6,3,0.012526,0.034144,0.020641,0.785426,0.023837,0.022372,0.101054
227_11_299_511,0,0,0.652848,0.264349,0.014887,0.020123,0.005775,0.032634,0.009383
227_12_1298_1350,6,3,0.034428,0.169791,0.226158,0.300792,0.08362,0.055403,0.129807
227_12_31_61,5,6,0.020918,0.138367,0.187892,0.063163,0.145176,0.182494,0.26199
227_12_807_928,6,3,0.041323,0.226014,0.165451,0.240259,0.117453,0.066509,0.14299
227_11_724_804,5,5,0.02335,0.212018,0.178623,0.031947,0.059441,0.357265,0.137357
228_12_31_150,5,5,0.020773,0.065567,0.226484,0.033249,0.023146,0.602826,0.027956
228_11_1255_1300,1,5,0.02684,0.205434,0.066887,0.030586,0.029989,0.459676,0.180589
228_12_1126_1255,1,1,0.237929,0.579621,0.031479,0.012115,0.011462,0.115957,0.011437
228_12_187_289,2,2,0.040848,0.129788,0.556248,0.022481,0.011997,0.214165,0.024473
228_11_1367_1528,1,1,0.132828,0.63907,0.023954,0.128065,0.022381,0.026133,0.027568
228_11_876_945,0,1,0.154931,0.668054,0.024622,0.035202,0.022098,0.070854,0.024238
228_12_945_987,5,1,0.193131,0.356626,0.08699,0.056925,0.03708,0.235804,0.033443
228_11_559_609,1,5,0.043709,0.171375,0.047882,0.008068,0.014844,0.697081,0.017041
228_11_150_187,6,5,0.043331,0.095962,0.040252,0.011212,0.022932,0.747028,0.039284
228_11_1071_1126,1,1,0.145804,0.522182,0.064105,0.014434,0.050372,0.163704,0.0394
228_11_289_367,6,5,0.059621,0.304323,0.039501,0.007768,0.014686,0.546204,0.027898
228_12_1300_1343,1,1,0.035282,0.429754,0.140426,0.017988,0.207277,0.056242,0.113031
228_12_367_454,5,5,0.008468,0.03669,0.054908,0.079407,0.007862,0.750023,0.062642
228_11_767_843,1,5,0.031918,0.226097,0.241188,0.039918,0.045128,0.303969,0.111782
228_12_645_713,1,3,0.015235,0.050143,0.066548,0.477032,0.0117,0.34605,0.033291
228_12_510_559,5,5,0.007736,0.033579,0.057685,0.044612,0.010888,0.821779,0.023721
228_11_480_506,6,5,0.017575,0.078676,0.053277,0.03577,0.013927,0.723291,0.077485
228_12_843_876,5,5,0.007219,0.029713,0.029334,0.066128,0.009944,0.762428,0.095233
229_12_78_171,4,2,0.006274,0.050093,0.738869,0.013132,0.164656,0.009114,0.017861
229_11_1205_1345,6,6,0.017423,0.107754,0.069032,0.061701,0.021705,0.305196,0.417189
229_12_1624_1748,3,6,0.02085,0.081454,0.053815,0.299122,0.073487,0.159783,0.31149
229_11_171_327,0,6,0.062884,0.256707,0.086048,0.107407,0.084445,0.073555,0.328954
229_11_1419_1468,3,3,0.027216,0.074497,0.035951,0.563579,0.009712,0.103128,0.185917
229_12_889_939,3,3,0.018845,0.036536,0.043813,0.805387,0.033729,0.022283,0.039408
229_11_588_720,1,1,0.023792,0.256148,0.189185,0.127567,0.127619,0.066111,0.209578
229_12_1124_1170,3,3,0.013781,0.015837,0.018258,0.857175,0.0165,0.01965,0.0588
229_11_955_1124,3,6,0.076317,0.310093,0.059664,0.131252,0.037609,0.044726,0.340339
229_12_327_396,4,2,0.024033,0.223219,0.344901,0.049396,0.281416,0.037275,0.039761
229_11_396_534,1,2,0.05117,0.335118,0.348968,0.063653,0.061246,0.026515,0.11333
229_11_31_78,0,1,0.247554,0.427103,0.084183,0.058175,0.046408,0.025737,0.110841
229_12_1468_1549,3,3,0.01204,0.070079,0.023773,0.684506,0.069017,0.014074,0.12651
229_11_819_889,3,1,0.256531,0.356511,0.012717,0.248898,0.029155,0.022888,0.0733
229_11_1575_1620,5,5,0.057909,0.111461,0.031767,0.142294,0.007883,0.438571,0.210114
229_12_1392_1419,3,3,0.011906,0.032108,0.026308,0.777532,0.017505,0.02936,0.10528
229_11_1850_1878,1,6,0.071095,0.12612,0.04335,0.306982,0.016487,0.038421,0.397545
229_12_762_819,3,3,0.01526,0.048058,0.049024,0.715993,0.073167,0.017953,0.080545
229_12_534_588,4,3,0.0113,0.04193,0.026744,0.757321,0.01739,0.01141,0.133905
230_12_123_222,6,6,0.008779,0.110601,0.13823,0.04603,0.095603,0.058191,0.542566
230_12_1291_1380,2,1,0.02021,0.268372,0.123344,0.14851,0.044663,0.208219,0.186684
230_12_862_1190,1,4,0.01272,0.128758,0.157309,0.248268,0.276744,0.066916,0.109285
230_12_1650_1721,4,3,0.003413,0.019192,0.025559,0.665663,0.007564,0.076537,0.202072
230_11_222_315,5,5,0.010702,0.032976,0.018398,0.225418,0.014146,0.51901,0.179351
230_11_1721_1879,3,3,0.050866,0.284701,0.022221,0.438759,0.04268,0.085711,0.075061
230_11_1380_1650,1,1,0.016828,0.417709,0.11283,0.074495,0.115426,0.048988,0.213723
230_11_31_123,6,3,0.015896,0.044263,0.023272,0.697928,0.004935,0.07739,0.136316
230_11_501_764,1,3,0.032971,0.260001,0.025215,0.293699,0.02445,0.153569,0.210097
230_12_315_404,3,3,0.004843,0.031543,0.025066,0.485551,0.022396,0.087765,0.342835
230_12_457_501,3,6,0.01515,0.05635,0.097494,0.192911,0.050673,0.117938,0.469484
230_11_404_457,5,5,0.012515,0.059288,0.035919,0.143561,0.006595,0.502221,0.239901
230_11_1190_1291,4,5,0.004514,0.035452,0.047214,0.035273,0.011594,0.821739,0.044214
230_11_815_862,1,5,0.015457,0.049196,0.021339,0.029248,0.013818,0.812942,0.058
230_12_1879_1969,1,3,0.006405,0.032406,0.024089,0.726248,0.00947,0.026504,0.174879
230_12_764_815,1,2,0.019348,0.222336,0.247926,0.12207,0.055725,0.187759,0.144836
230_11_1969_2031,3,6,0.021079,0.062912,0.03673,0.209596,0.033731,0.083372,0.552579
231_11_31_171,3,3,0.019138,0.05959,0.039214,0.451444,0.015938,0.054503,0.360173
231_12_1130_1187,3,3,0.007963,0.009234,0.011615,0.88816,0.010593,0.020184,0.052252
231_11_1784_1879,3,3,0.012197,0.034747,0.015309,0.613754,0.021148,0.024605,0.27824
231_11_862_982,5,1,0.067183,0.339384,0.040924,0.11011,0.102,0.183735,0.156663
231_12_171_216,3,3,0.007127,0.021184,0.01761,0.79384,0.008942,0.053309,0.097987
231_11_534_716,3,1,0.094249,0.338402,0.130878,0.099429,0.149269,0.031108,0.156665
231_11_1034_1130,5,4,0.015131,0.107493,0.046942,0.242004,0.3625,0.044062,0.181868
231_12_1702_1784,3,3,0.005717,0.00354,0.011739,0.930143,0.007563,0.015536,0.025762
231_12_1487_1530,6,3,0.015017,0.060977,0.021885,0.778279,0.022202,0.017856,0.083785
231_12_1879_1938,3,3,0.011327,0.046172,0.073873,0.545545,0.028722,0.018171,0.276189
231_12_716_760,2,3,0.018855,0.12763,0.053092,0.457451,0.041641,0.058085,0.243246
231_12_374_433,2,5,0.016066,0.094175,0.098257,0.167178,0.102134,0.497386,0.024804
231_12_982_1034,3,3,0.010717,0.026884,0.02185,0.842724,0.030613,0.016252,0.05096
232_12_82_145,3,3,0.007081,0.036149,0.018441,0.701467,0.009366,0.080561,0.146934
232_11_1167_1331,1,1,0.212263,0.426419,0.01452,0.218609,0.041841,0.034535,0.051812
232_11_1601_1741,0,3,0.113789,0.250788,0.036295,0.325074,0.023635,0.030719,0.219699
232_11_145_274,5,5,0.067293,0.169895,0.020177,0.233444,0.012797,0.412988,0.083407
232_12_1741_1832,1,3,0.019625,0.241578,0.108114,0.258214,0.129491,0.03306,0.209918
232_12_1331_1566,1,2,0.006965,0.340452,0.346655,0.038924,0.066817,0.136928,0.06326
232_11_929_994,0,6,0.044113,0.151601,0.063613,0.27411,0.022588,0.030234,0.413741
232_11_533_604,5,5,0.028312,0.015709,0.027327,0.04949,0.008712,0.794334,0.076117
232_12_1031_1167,1,2,0.003613,0.122382,0.62164,0.020675,0.108578,0.015987,0.107124
232_12_274_342,1,3,0.00653,0.051301,0.026441,0.529915,0.006521,0.256711,0.122581
232_12_392_533,1,3,0.011708,0.067688,0.028876,0.427702,0.021968,0.021637,0.42042
232_11_31_82,5,5,0.022293,0.066503,0.027841,0.029693,0.00831,0.729802,0.115557
232_12_790_891,1,3,0.010979,0.112383,0.053869,0.587074,0.018593,0.038452,0.17865
232_11_715_790,5,5,0.007118,0.042429,0.030875,0.020768,0.008013,0.821021,0.069776
232_11_342_392,5,5,0.020731,0.060437,0.019788,0.03715,0.009297,0.756084,0.096512
232_12_604_637,3,6,0.024696,0.091183,0.118508,0.329617,0.048352,0.03412,0.353525
233_11_112_170,5,5,0.058331,0.126709,0.070255,0.138348,0.013803,0.506579,0.085974
233_12_1160_1211,2,1,0.105057,0.662963,0.096688,0.010562,0.10085,0.016525,0.007354
233_12_787_863,1,0,0.523951,0.369245,0.042999,0.002873,0.035781,0.018966,0.006185
233_12_31_98,5,3,0.185627,0.108798,0.102064,0.423086,0.021931,0.128632,0.029862
233_12_946_1024,1,0,0.474001,0.433685,0.034694,0.005541,0.029275,0.013696,0.009108
233_12_700_753,5,5,0.132477,0.112267,0.108531,0.003193,0.024935,0.602659,0.015938
233_11_223_258,5,5,0.190983,0.134061,0.035278,0.086989,0.009501,0.507156,0.036032
233_11_1024_1125,0,0,0.343943,0.322709,0.065796,0.103521,0.0198,0.092263,0.051967
233_11_345_453,0,0,0.461792,0.175447,0.122685,0.05721,0.02316,0.125698,0.034008
233_11_645_700,0,3,0.052299,0.032173,0.01804,0.550707,0.007552,0.304235,0.034995
233_11_863_946,0,0,0.568433,0.13875,0.030295,0.039644,0.007005,0.204876,0.010997
233_12_170_223,2,0,0.463192,0.412008,0.061688,0.012961,0.020206,0.022844,0.0071
233_12_591_645,5,5,0.140606,0.155677,0.107275,0.004125,0.020776,0.54821,0.023332
233_12_463_522,1,1,0.222754,0.39736,0.169104,0.027142,0.053524,0.082552,0.047564
233_11_753_787,0,0,0.47136,0.165556,0.026834,0.181821,0.01324,0.101306,0.039882
233_12_307_345,2,1,0.230385,0.538008,0.056396,0.027648,0.02721,0.073304,0.047048
233_11_563_591,0,1,0.18039,0.378536,0.034968,0.228058,0.016662,0.012372,0.149014
236_11_31_215,6,6,0.025043,0.107194,0.050917,0.15791,0.033666,0.031024,0.594246
236_11_1274_1344,6,1,0.111816,0.277333,0.17663,0.08256,0.082613,0.098077,0.170971
236_11_964_1191,0,0,0.467949,0.316917,0.06055,0.067127,0.019573,0.036155,0.031729
236_11_1511_1911,6,1,0.154198,0.303848,0.0401,0.203357,0.046083,0.021715,0.230699
236_12_244_303,2,6,0.013444,0.112973,0.163925,0.199274,0.015403,0.145022,0.349959
236_11_1377_1478,6,1,0.040758,0.399209,0.031436,0.239776,0.03509,0.03244,0.221291
236_12_821_964,4,1,0.012446,0.399456,0.306721,0.130967,0.042942,0.036666,0.070802
236_12_1344_1377,4,2,0.010738,0.14534,0.387279,0.039081,0.107424,0.05778,0.25236
236_12_584_650,2,4,0.020787,0.199848,0.180702,0.019704,0.456973,0.032788,0.089199
236_12_328_390,2,1,0.01556,0.34394,0.079973,0.317481,0.112811,0.083989,0.046247
236_11_430_479,5,1,0.156018,0.422849,0.054887,0.040005,0.019602,0.242352,0.064287
236_12_1191_1274,4,2,0.004121,0.108971,0.532439,0.008213,0.292367,0.037748,0.016141
236_12_1478_1511,6,3,0.013447,0.022223,0.027773,0.636079,0.012379,0.127172,0.160926
236_11_712_821,0,5,0.153876,0.090991,0.014954,0.018147,0.014594,0.686765,0.020672
236_12_1911_1960,6,3,0.016677,0.13361,0.048403,0.572385,0.038954,0.023767,0.166204
236_11_303_328,6,5,0.039429,0.206443,0.085236,0.145961,0.042185,0.291428,0.189318
237_11_31_177,4,6,0.023081,0.306319,0.054397,0.075061,0.164703,0.033654,0.342785
237_11_1239_1350,1,1,0.149607,0.38821,0.03189,0.032773,0.020293,0.296085,0.081142
237_12_1015_1184,1,2,0.029785,0.180738,0.37469,0.055352,0.258664,0.079629,0.021142
237_12_1631_1736,3,3,0.005982,0.006001,0.010853,0.902233,0.005717,0.058196,0.011019
237_12_205_402,1,1,0.014837,0.269797,0.161682,0.165755,0.108114,0.230934,0.04888
237_11_1789_1897,6,1,0.121091,0.269357,0.121818,0.195181,0.04055,0.041907,0.210097
237_11_936_1015,0,1,0.096795,0.579847,0.04668,0.066286,0.022288,0.126132,0.061972
237_12_1350_1455,5,5,0.01121,0.052714,0.050266,0.368144,0.020195,0.489858,0.007613
237_12_468_681,1,3,0.013224,0.163029,0.07108,0.569549,0.057364,0.046683,0.079072
237_12_1758_1789,5,3,0.007964,0.011533,0.021936,0.846521,0.006989,0.079219,0.025838
237_11_402_468,0,1,0.198449,0.279309,0.043869,0.210904,0.012856,0.118058,0.136555
237_11_1511_1631,6,1,0.045865,0.456827,0.069599,0.127982,0.128335,0.023344,0.148049
237_12_788_886,1,2,0.003412,0.097176,0.362987,0.019571,0.0247,0.293187,0.198967
237_12_1897_2001,1,3,0.038164,0.209517,0.056991,0.425735,0.113234,0.038961,0.117398
237_11_1736_1758,6,3,0.029558,0.036848,0.022828,0.720059,0.007947,0.01828,0.164482
237_11_681_788,1,1,0.317665,0.40771,0.015629,0.013898,0.00933,0.220454,0.015313
238_11_31_132,6,6,0.055724,0.154909,0.085723,0.267358,0.024123,0.063783,0.348379
238_11_1283_1398,3,1,0.090341,0.486882,0.046655,0.199852,0.018896,0.132697,0.024678
238_12_1997_2066,3,3,0.004682,0.01215,0.009912,0.87528,0.006625,0.021279,0.070073
238_11_982_1226,6,3,0.018339,0.041697,0.014532,0.713831,0.031357,0.040194,0.14005
238_11_1673_1738,6,1,0.124964,0.393073,0.084359,0.142578,0.057738,0.045934,0.151353
238_12_133_283,2,1,0.017681,0.357074,0.18053,0.060005,0.209961,0.118891,0.055858
238_12_1738_1886,3,6,0.013306,0.050742,0.035525,0.394457,0.023444,0.019382,0.463144
238_12_1398_1546,3,3,0.006629,0.017567,0.038683,0.799496,0.015874,0.102533,0.019218
238_12_924_982,3,3,0.041498,0.272059,0.04883,0.387646,0.097315,0.123917,0.028734
238_12_555_627,2,2,0.02788,0.288233,0.388401,0.021513,0.053453,0.180444,0.040075
238_11_283_334,6,5,0.017754,0.076879,0.046145,0.151767,0.016248,0.516435,0.174772
238_11_627_924,6,3,0.028077,0.168894,0.069793,0.278814,0.233199,0.067171,0.154052
238_12_334_515,2,2,0.007836,0.200431,0.430673,0.028153,0.209829,0.032264,0.090814
238_12_1226_1283,3,3,0.049346,0.265579,0.105658,0.339769,0.128635,0.078484,0.032528
238_11_1886_1997,5,6,0.008287,0.068569,0.12633,0.086805,0.024956,0.303383,0.38167
238_12_1587_1673,3,3,0.01908,0.053319,0.07371,0.630438,0.023272,0.15715,0.043032
238_11_1546_1587,5,1,0.09669,0.392901,0.095996,0.056862,0.031956,0.205935,0.119658
238_11_515_555,5,1,0.06174,0.375396,0.100963,0.042583,0.030147,0.250909,0.138263
239_11_2175_2586,3,3,0.012823,0.043474,0.193759,0.476466,0.040502,0.021009,0.211966
239_11_1254_1318,5,5,0.013768,0.196509,0.199379,0.087162,0.106099,0.24999,0.147093
239_11_1664_2102,3,4,0.012145,0.050103,0.176573,0.09098,0.55837,0.06775,0.044079
239_12_1099_1254,3,3,0.007851,0.012144,0.013093,0.866763,0.01154,0.030505,0.058104
239_11_176_354,2,4,0.023588,0.260669,0.252245,0.033941,0.357523,0.032164,0.039871
239_12_1318_1624,3,3,0.00674,0.009833,0.012497,0.911428,0.008849,0.018118,0.032535
239_12_2586_2692,3,3,0.005386,0.009872,0.010699,0.906521,0.007534,0.012264,0.047723
239_12_889_988,3,3,0.007642,0.022957,0.011921,0.830496,0.014962,0.022286,0.089736
239_11_517_889,1,1,0.061706,0.417048,0.184904,0.110945,0.072731,0.093115,0.059552
239_11_988_1099,5,5,0.005411,0.094934,0.051477,0.043797,0.006897,0.75084,0.046644
239_12_354_517,3,3,0.005655,0.022277,0.018837,0.746066,0.017943,0.028754,0.160468
239_12_31_74,3,3,0.008226,0.021489,0.03496,0.722342,0.010781,0.026221,0.175982
239_12_2102_2134,3,3,0.027786,0.155775,0.045763,0.528008,0.077148,0.044244,0.121277
240_11_97_135,3,3,0.00698,0.007249,0.009651,0.952204,0.002628,0.012033,0.009255
240_11_1269_1322,3,3,0.011853,0.024369,0.027526,0.680183,0.008093,0.102947,0.145029
240_12_238_302,3,3,0.007198,0.001136,0.004775,0.955448,0.004,0.025624,0.001819
240_12_1396_1514,3,3,0.009075,0.00422,0.013396,0.940383,0.00588,0.015188,0.011858
240_12_876_948,3,3,0.031423,0.043844,0.014449,0.840612,0.007249,0.05004,0.012383
240_11_948_1035,3,3,0.010645,0.020932,0.022763,0.696061,0.007303,0.021574,0.220722
240_11_193_238,3,3,0.012839,0.02033,0.010946,0.908366,0.004565,0.015213,0.02774
240_12_527_657,3,3,0.006491,0.008538,0.046024,0.895862,0.011721,0.013884,0.01748
240_12_1097_1177,1,3,0.008313,0.027767,0.010112,0.600429,0.005999,0.194325,0.153055
240_12_135_193,3,3,0.025519,0.025408,0.022359,0.80759,0.006789,0.103862,0.008472
240_11_302_353,3,3,0.010449,0.006901,0.009584,0.852691,0.010788,0.079525,0.030062
240_11_414_527,3,3,0.009204,0.01864,0.005257,0.924853,0.003639,0.014787,0.02362
240_12_31_97,5,3,0.016687,0.029439,0.019844,0.696692,0.009715,0.110743,0.11688
240_11_1514_1547,3,3,0.024821,0.035988,0.017638,0.753062,0.006075,0.108305,0.054111
240_12_1224_1269,3,3,0.005016,0.006928,0.009071,0.900519,0.002601,0.035064,0.0408
240_11_792_876,3,5,0.0725,0.274858,0.049233,0.132593,0.02549,0.387445,0.05788
240_11_1187_1213,3,3,0.015269,0.043734,0.064161,0.447631,0.027132,0.069084,0.332989
240_11_657_697,3,3,0.05042,0.119437,0.037228,0.381972,0.015604,0.017183,0.378156
240_12_697_792,1,3,0.012901,0.026278,0.00951,0.882444,0.008422,0.014935,0.04551
240_12_353_414,3,3,0.025345,0.051627,0.019363,0.757036,0.026231,0.09743,0.022969
363_19_31_166,3,3,0.012282,0.02293,0.027666,0.466642,0.089315,0.191112,0.190053
363_19_1035_1196,3,3,0.013636,0.057924,0.02373,0.524225,0.069955,0.130293,0.180237
363_20_180_266,3,3,0.012054,0.037717,0.0347,0.577501,0.063554,0.023242,0.251233
363_20_1425_1579,4,3,0.008027,0.041389,0.024401,0.639631,0.055126,0.053892,0.177533
363_20_916_1027,3,3,0.007418,0.023492,0.023284,0.873655,0.017654,0.037417,0.01708
363_19_1300_1406,4,1,0.040066,0.553812,0.076348,0.020496,0.218704,0.020974,0.0696
363_19_540_664,3,1,0.050273,0.408296,0.059677,0.1119,0.044441,0.13898,0.186433
363_19_275_338,3,3,0.013701,0.012648,0.014553,0.775816,0.02623,0.061844,0.095209
363_20_356_530,3,1,0.03864,0.298287,0.030739,0.165842,0.152382,0.237126,0.076984
363_20_1204_1293,4,4,0.009333,0.174318,0.113499,0.043607,0.405533,0.166535,0.087176
363_19_816_904,3,3,0.015947,0.049952,0.029666,0.623609,0.02124,0.193609,0.065977
363_20_683_812,3,4,0.031144,0.290518,0.026384,0.124138,0.38147,0.051668,0.094677
363_19_1588_1631,3,3,0.011721,0.015023,0.070732,0.363056,0.241898,0.230458,0.067112
364_19_31_137,1,3,0.098973,0.269246,0.073157,0.280746,0.075572,0.073902,0.128404
364_19_1260_1406,3,3,0.012546,0.109974,0.028291,0.465487,0.066795,0.049887,0.267021
364_20_1129_1249,4,6,0.024879,0.195507,0.055394,0.20103,0.135331,0.056154,0.331705
364_19_1599_1739,3,3,0.046937,0.236706,0.028289,0.308779,0.020014,0.08895,0.270326
364_20_163_353,1,1,0.208885,0.607277,0.018627,0.049117,0.051064,0.046105,0.018924
364_20_1753_1929,5,5,0.004129,0.033396,0.016469,0.089149,0.052343,0.774835,0.029679
364_20_1422_1592,5,4,0.015705,0.203478,0.106124,0.01479,0.466852,0.156654,0.036397
364_20_898_1004,1,5,0.008505,0.081731,0.022595,0.024566,0.027883,0.784739,0.049982
364_20_488_639,1,1,0.172669,0.621235,0.027858,0.028348,0.051984,0.082116,0.01579
364_19_1013_1122,1,1,0.024709,0.550484,0.028286,0.12551,0.169868,0.021644,0.0795
364_19_375_462,1,4,0.021656,0.20818,0.065463,0.09321,0.301406,0.235379,0.074706
364_19_758_889,3,3,0.015829,0.103831,0.016635,0.722203,0.034156,0.030824,0.076522
364_19_642_681,3,3,0.097681,0.171422,0.017121,0.55451,0.019451,0.095547,0.044267
364_20_695_756,5,3,0.012331,0.164862,0.038414,0.418079,0.070472,0.137577,0.158265
364_19_1936_2034,3,3,0.014335,0.054162,0.010392,0.731958,0.009559,0.035364,0.14423
365_19_31_194,4,4,0.008369,0.145532,0.081817,0.009783,0.713008,0.01973,0.02176
365_19_1268_1404,1,1,0.219057,0.646758,0.020271,0.025741,0.039646,0.019478,0.029049
365_20_1160_1255,5,3,0.032784,0.062076,0.026667,0.598632,0.039827,0.147636,0.092379
365_20_1651_1725,6,3,0.015015,0.044389,0.025586,0.591922,0.019652,0.030872,0.272565
365_20_232_294,6,2,0.049601,0.235236,0.370777,0.025573,0.220928,0.025195,0.072691
365_20_1415_1516,1,1,0.057612,0.354298,0.035493,0.096073,0.145613,0.058135,0.252775
365_19_865_1143,1,1,0.084092,0.353828,0.205426,0.012404,0.272512,0.042218,0.029519
365_20_503_621,1,6,0.031801,0.151271,0.079901,0.084204,0.165934,0.035531,0.451358
365_19_1745_1793,4,4,0.024667,0.2689,0.040301,0.052889,0.318453,0.010979,0.283811
365_19_326_484,4,4,0.003368,0.051031,0.135751,0.01238,0.757409,0.028966,0.011095
365_19_1529_1645,1,1,0.046099,0.6254,0.029878,0.013489,0.23362,0.010111,0.041402
365_20_792_857,1,1,0.106875,0.588289,0.041827,0.064424,0.081964,0.024049,0.092571
365_19_648_766,1,1,0.150231,0.620341,0.041091,0.016632,0.1043,0.043001,0.024403
367_20_31_143,5,6,0.012617,0.079266,0.063969,0.147514,0.123645,0.180309,0.39268
367_19_1102_1408,6,6,0.022504,0.157935,0.065019,0.244062,0.170122,0.03013,0.310229
367_19_158_290,3,3,0.009282,0.054152,0.027773,0.341894,0.077313,0.206365,0.283221
367_20_1418_1485,3,3,0.010799,0.022329,0.01401,0.877875,0.026181,0.012365,0.036441
367_19_927_977,6,6,0.009981,0.05764,0.141444,0.120534,0.129822,0.105722,0.434858
367_20_535_697,6,3,0.056682,0.203143,0.027839,0.406578,0.061669,0.150108,0.093981
367_20_303_417,3,3,0.010159,0.035731,0.017505,0.790497,0.046055,0.036603,0.063451
367_20_996_1082,6,3,0.004338,0.009608,0.013657,0.888936,0.013607,0.011168,0.058685
367_19_436_524,5,5,0.112396,0.192229,0.049781,0.046184,0.068669,0.337556,0.193184
367_20_811_909,6,6,0.015255,0.05723,0.013534,0.411215,0.03085,0.023545,0.44837
367_19_718_797,3,5,0.019607,0.124714,0.083438,0.072744,0.013314,0.409701,0.276483
368_19_1030_1302,1,1,0.303774,0.572942,0.015945,0.033928,0.030057,0.019732,0.023622
368_20_1582_1685,2,4,0.012601,0.163208,0.074994,0.016155,0.692023,0.017169,0.02385
368_19_216_284,1,5,0.103937,0.103261,0.040472,0.021518,0.098957,0.338826,0.293029
368_19_1443_1566,1,1,0.34934,0.456313,0.031983,0.018396,0.090995,0.01954,0.033433
368_20_777_988,4,1,0.284858,0.380436,0.055637,0.013759,0.037621,0.216232,0.011457
368_20_1308_1417,6,4,0.01172,0.253116,0.244945,0.009756,0.393206,0.03527,0.051987
368_19_541_765,1,1,0.201917,0.571836,0.019543,0.074623,0.048648,0.048866,0.034566
368_20_305_516,5,1,0.01864,0.345624,0.175764,0.016636,0.166901,0.246425,0.03001
368_20_139_180,5,4,0.014786,0.167273,0.169936,0.012526,0.423392,0.174285,0.037802
369_19_31_179,3,6,0.009617,0.051247,0.050654,0.281161,0.057018,0.073168,0.477135
369_20_1271_1357,3,3,0.01088,0.020212,0.011024,0.886969,0.010221,0.023364,0.037331
369_19_899_1076,3,3,0.028882,0.085963,0.023077,0.461981,0.087037,0.106983,0.206076
369_20_182_253,3,3,0.010144,0.010732,0.017603,0.859326,0.019686,0.044464,0.038045
369_20_364_621,3,3,0.010992,0.068207,0.028604,0.647332,0.036582,0.030482,0.177801
369_20_1089_1181,3,3,0.009307,0.014011,0.013448,0.831739,0.041279,0.065166,0.02505
369_19_257_355,3,1,0.030996,0.636298,0.036306,0.037777,0.145279,0.037981,0.075363
369_19_1195_1263,3,5,0.02851,0.149805,0.118726,0.17188,0.046759,0.24394,0.24038
369_20_734_884,3,3,0.01378,0.09081,0.019657,0.631415,0.027745,0.044539,0.172054
369_19_647_721,3,6,0.03059,0.117751,0.015121,0.231006,0.022796,0.048032,0.534703
370_20_98_307,2,4,0.007941,0.125408,0.063317,0.072833,0.544417,0.127936,0.058147
370_20_1281_1316,4,4,0.009147,0.144223,0.036998,0.038873,0.676748,0.019586,0.074425
370_19_1348_1474,6,6,0.013667,0.115437,0.087206,0.271802,0.10697,0.028553,0.376366
370_19_797_1008,6,4,0.016859,0.078695,0.109101,0.070178,0.656793,0.021407,0.046966
370_20_1020_1180,4,4,0.00852,0.087257,0.045177,0.111504,0.64518,0.039484,0.062878
370_19_323_404,6,1,0.029166,0.422883,0.042405,0.028518,0.229485,0.018609,0.228933
370_20_603_770,1,4,0.018862,0.189845,0.055115,0.249394,0.271946,0.058881,0.155956
370_19_31_85,2,6,0.021156,0.141102,0.121233,0.049697,0.114051,0.089433,0.463328
370_20_429_473,1,1,0.102172,0.665859,0.024248,0.032219,0.091323,0.025364,0.058815
370_20_1494_1582,3,4,0.014768,0.098115,0.060775,0.170249,0.387163,0.048718,0.220212
370_19_1188_1271,4,1,0.014905,0.407134,0.056224,0.048691,0.337899,0.016401,0.118748
370_19_490_587,4,4,0.009414,0.139703,0.174463,0.01475,0.54599,0.03535,0.08033
373_20_94_153,6,6,0.016251,0.084387,0.06652,0.197383,0.257121,0.031768,0.346569
373_19_1142_1287,0,1,0.134514,0.340169,0.072507,0.057749,0.153399,0.171168,0.070495
373_19_167_348,5,5,0.065814,0.295935,0.058746,0.025676,0.021247,0.512259,0.020323
373_19_748_1028,1,1,0.184888,0.29408,0.283539,0.049659,0.070307,0.053908,0.06362
373_20_1297_1396,1,4,0.04225,0.155438,0.10173,0.114344,0.339445,0.046286,0.200506
373_20_558_715,6,1,0.046432,0.350839,0.211594,0.019455,0.163206,0.102217,0.106257
373_20_1049_1125,1,1,0.086718,0.447791,0.046452,0.021812,0.336725,0.017763,0.04274
373_19_469_525,0,0,0.352253,0.336207,0.032228,0.022247,0.012298,0.20777,0.036997
373_19_31_81,6,6,0.025449,0.054134,0.060383,0.091253,0.048628,0.226084,0.494069
373_20_370_448,1,1,0.051524,0.518006,0.069385,0.021883,0.231647,0.069747,0.037808
375_19_31_143,3,5,0.008176,0.014057,0.008098,0.357083,0.011496,0.580932,0.020158
375_20_762_845,6,6,0.013471,0.171498,0.029301,0.069562,0.070757,0.036367,0.609044
375_20_956_1067,6,6,0.029353,0.250994,0.044187,0.206853,0.073479,0.024955,0.370179
375_19_234_337,3,1,0.084744,0.307688,0.037531,0.11121,0.06821,0.205962,0.184657
375_20_362_447,3,3,0.030174,0.095594,0.014968,0.513177,0.029995,0.048469,0.267625
375_19_639_739,6,1,0.030825,0.406264,0.189068,0.015276,0.17811,0.093287,0.087171
375_19_857_943,3,5,0.008121,0.038677,0.019237,0.033266,0.009154,0.865204,0.026342
375_20_153_218,3,3,0.009099,0.017318,0.015301,0.789636,0.020993,0.064188,0.083466
375_20_548_622,2,1,0.046708,0.515451,0.139104,0.022569,0.220308,0.015563,0.040296
375_19_450_527,3,2,0.013271,0.089665,0.364028,0.060782,0.074886,0.152976,0.244392
376_19_31_132,3,6,0.005017,0.180229,0.261919,0.023023,0.124847,0.100735,0.30423
376_20_1096_1328,3,6,0.009299,0.029595,0.01954,0.431612,0.016952,0.020406,0.472596
376_20_161_360,2,6,0.012112,0.221074,0.149327,0.081962,0.205559,0.04407,0.285896
376_20_1417_1620,3,6,0.031967,0.246715,0.074067,0.189031,0.086034,0.084392,0.287794
376_19_885_1079,3,6,0.016466,0.163928,0.068741,0.166837,0.097615,0.065942,0.420471
376_19_1348_1404,6,3,0.022244,0.074133,0.073777,0.332566,0.018285,0.206754,0.272241
376_20_454_657,6,3,0.020587,0.062027,0.027131,0.433198,0.064217,0.054747,0.338093
376_19_377_441,6,6,0.012409,0.064661,0.043182,0.061824,0.021659,0.285317,0.510949
376_20_757_858,3,3,0.018486,0.046718,0.050496,0.512222,0.072981,0.033618,0.265479
376_19_680_744,3,3,0.011038,0.020672,0.019769,0.604674,0.026427,0.093962,0.223458
376_19_1635_1675,3,3,0.013666,0.026797,0.026051,0.522444,0.049865,0.065115,0.296062
378_20_102_202,6,5,0.021367,0.117186,0.040669,0.006578,0.047924,0.752802,0.013474
378_20_1141_1305,5,4,0.038888,0.249067,0.269383,0.01246,0.290025,0.111503,0.028673
378_19_229_327,2,6,0.007812,0.083646,0.18823,0.07483,0.12778,0.015132,0.50257
378_20_1690_1939,6,4,0.040715,0.269215,0.06783,0.029415,0.523128,0.014183,0.055514
378_20_1419_1563,6,4,0.029475,0.191802,0.167597,0.019007,0.502906,0.03235,0.056863
378_20_838_982,6,4,0.032771,0.17764,0.125692,0.022786,0.461403,0.0778,0.101907
378_19_1331_1406,4,6,0.013732,0.166943,0.235989,0.034644,0.254921,0.014716,0.279054
378_19_530_803,1,4,0.019521,0.120469,0.090243,0.016408,0.712184,0.018299,0.022876
378_19_1001_1130,2,2,0.011022,0.163877,0.613762,0.018388,0.10319,0.024651,0.065111
378_20_337_499,5,5,0.011272,0.132222,0.126924,0.010197,0.250377,0.433315,0.035692
378_19_31_89,6,6,0.017355,0.059819,0.057093,0.324883,0.034138,0.153603,0.353109
378_19_1593_1667,6,3,0.019755,0.078832,0.04264,0.481459,0.089296,0.065268,0.222751
378_19_1965_2026,6,4,0.033212,0.141124,0.040132,0.034967,0.633831,0.016239,0.100495
380_19_1296_1480,1,1,0.024104,0.666928,0.055729,0.021534,0.086054,0.101129,0.044522
380_20_1154_1278,0,5,0.011773,0.075359,0.032408,0.044932,0.036274,0.788209,0.011045
380_20_1498_1696,2,4,0.016109,0.134549,0.041092,0.009301,0.760648,0.016902,0.021399
380_20_131_288,1,4,0.054787,0.295166,0.089228,0.069519,0.363263,0.112065,0.015971
380_19_1710_1864,6,5,0.008051,0.127591,0.117584,0.035487,0.083274,0.59941,0.028603
380_20_785_955,1,1,0.127899,0.504984,0.109664,0.030288,0.120038,0.064575,0.042551
380_20_447_642,1,4,0.009657,0.236625,0.137337,0.024498,0.500444,0.06103,0.030409
380_19_985_1136,6,1,0.023087,0.462551,0.205599,0.030695,0.164478,0.047615,0.065976
380_19_31_109,3,4,0.019988,0.21817,0.096963,0.039906,0.325701,0.072235,0.227037
380_19_666_754,6,1,0.019056,0.487401,0.068615,0.093495,0.139893,0.039504,0.152037
380_19_339_428,6,1,0.019618,0.594326,0.067638,0.019274,0.177369,0.023331,0.098445
381_19_1278_1595,3,5,0.015299,0.110753,0.019944,0.13734,0.073502,0.571701,0.071462
381_20_1084_1256,3,4,0.013717,0.092249,0.085681,0.165669,0.434547,0.073435,0.134701
381_20_1607_1689,2,1,0.070547,0.374742,0.038029,0.071876,0.256548,0.035794,0.152464
381_20_141_344,3,3,0.022655,0.083484,0.046528,0.667843,0.06862,0.056265,0.054603
381_19_1695_1821,3,3,0.013294,0.063837,0.027194,0.406933,0.013973,0.073542,0.401227
381_19_711_1066,3,3,0.016062,0.061696,0.023805,0.663688,0.039131,0.087878,0.107741
381_20_462_696,2,4,0.010354,0.19357,0.067079,0.124748,0.403067,0.14502,0.056162
381_19_31_119,3,3,0.017816,0.049633,0.024015,0.650419,0.025596,0.141448,0.091073
381_20_1837_1948,3,3,0.00675,0.032106,0.015052,0.598128,0.036577,0.26833,0.043057
381_19_362_425,3,3,0.026194,0.036016,0.029481,0.581652,0.02743,0.21108,0.088147
382_20_85_193,6,6,0.00853,0.081423,0.082588,0.224568,0.085879,0.168206,0.348807
382_20_1161_1280,3,3,0.013902,0.038823,0.02245,0.637522,0.134863,0.016467,0.135974
382_19_210_423,5,5,0.011107,0.22528,0.016123,0.09479,0.021818,0.575847,0.055034
382_20_1726_1809,3,3,0.011993,0.045433,0.032851,0.429979,0.096868,0.292142,0.090735
382_19_1315_1490,6,1,0.017381,0.373446,0.028078,0.253383,0.049694,0.012063,0.265954
382_20_722_1063,3,3,0.006908,0.020325,0.01285,0.769645,0.051613,0.050382,0.088278
382_19_523_699,5,5,0.002996,0.091356,0.016159,0.102871,0.0099,0.670023,0.106695
382_19_1079_1146,3,3,0.006362,0.036798,0.017899,0.612145,0.053142,0.191102,0.082554
382_20_442_511,6,3,0.012945,0.052715,0.016596,0.493486,0.032783,0.040724,0.35075
382_19_31_76,6,3,0.014298,0.025124,0.026729,0.559327,0.02894,0.235478,0.110104
382_20_1506_1675,3,3,0.010233,0.026015,0.051305,0.640118,0.06561,0.064242,0.142476
382_19_1683_1716,3,3,0.016244,0.068767,0.028091,0.525766,0.06158,0.05138,0.248172
385_20_109_171,2,5,0.070202,0.328915,0.056092,0.012237,0.023992,0.479335,0.029227
385_20_1049_1311,2,1,0.119149,0.57955,0.047768,0.011074,0.206852,0.015806,0.0198
385_20_243_392,5,5,0.008667,0.043272,0.060629,0.016611,0.009972,0.856067,0.004782
385_19_1343_1478,0,1,0.055049,0.453759,0.306025,0.005982,0.153135,0.013482,0.012567
385_20_904_972,2,4,0.047214,0.172307,0.069057,0.012985,0.635522,0.017729,0.045186
385_19_185_236,2,1,0.048778,0.50149,0.16498,0.011643,0.190744,0.031183,0.051181
385_19_442_610,0,2,0.020647,0.346545,0.497952,0.016664,0.07081,0.023681,0.023701
385_20_620_820,0,1,0.146539,0.549534,0.088074,0.014161,0.131415,0.049222,0.021055
385_19_31_80,2,2,0.012447,0.110501,0.510637,0.009279,0.29945,0.036591,0.021096
385_20_1486_1647,0,0,0.568152,0.302276,0.033992,0.006892,0.015286,0.063795,0.009607
385_19_832_892,2,2,0.016099,0.346296,0.370145,0.002424,0.222928,0.019105,0.023003
385_19_993_1029,2,5,0.039139,0.268849,0.142649,0.009798,0.038925,0.440691,0.059948
386_19_31_163,3,3,0.010938,0.098874,0.043255,0.54759,0.012876,0.166382,0.120086
386_20_1176_1442,5,6,0.014386,0.105033,0.04994,0.264201,0.076295,0.202945,0.287201
386_20_1586_1924,6,3,0.009569,0.052394,0.020301,0.420757,0.054652,0.087059,0.355269
386_20_171_289,5,5,0.006662,0.037022,0.014015,0.09319,0.022533,0.790964,0.035613
386_19_1455_1575,3,1,0.017633,0.311904,0.09748,0.137806,0.082669,0.082187,0.27032
386_20_872_953,5,5,0.00679,0.059564,0.016935,0.123402,0.02753,0.743343,0.022436
386_20_441_658,5,5,0.005998,0.099759,0.034871,0.167089,0.048429,0.514594,0.129259
386_19_965_1162,3,3,0.011167,0.105224,0.022635,0.474306,0.014504,0.295285,0.076879
386_19_308_425,3,5,0.010785,0.308668,0.149705,0.051354,0.025851,0.33815,0.115487
386_19_681_862,3,6,0.00782,0.184997,0.19903,0.126556,0.041021,0.069591,0.370986
387_20_110_159,1,3,0.015922,0.038976,0.015736,0.726838,0.012359,0.026705,0.163464
387_20_252_283,5,5,0.031494,0.096014,0.045729,0.028433,0.013868,0.642221,0.142241
387_20_1302_1461,0,3,0.040268,0.160471,0.079582,0.276636,0.079593,0.140984,0.222466
387_19_833_964,0,5,0.034069,0.299928,0.077205,0.045996,0.065053,0.338964,0.138785
387_19_192_245,0,1,0.052211,0.535201,0.145554,0.02181,0.074463,0.144108,0.026653
387_20_574_827,1,4,0.01198,0.171737,0.114653,0.022739,0.380097,0.121073,0.17772
387_20_970_1180,0,0,0.32278,0.262905,0.131293,0.036049,0.090442,0.142606,0.013924
387_19_292_560,0,0,0.629656,0.218591,0.015245,0.012191,0.00909,0.105609,0.009618
387_19_31_89,5,5,0.01059,0.054703,0.027218,0.057271,0.009177,0.785453,0.055588
387_19_1189_1295,0,0,0.400914,0.361983,0.08745,0.048713,0.014331,0.044626,0.041983
388_20_117_377,6,4,0.007426,0.081391,0.065022,0.0993,0.329325,0.250365,0.16717
388_19_1231_1427,3,1,0.029294,0.397268,0.03939,0.354219,0.078542,0.028454,0.072833
388_20_967_1212,1,4,0.029594,0.154748,0.05567,0.141208,0.379378,0.113052,0.12635
388_19_1631_1689,3,1,0.007701,0.47526,0.214238,0.116473,0.074957,0.039743,0.071628
388_20_1431_1615,6,3,0.022844,0.042587,0.028598,0.769311,0.026955,0.018953,0.090753
388_19_887_955,3,1,0.06768,0.44929,0.036515,0.256095,0.01529,0.016531,0.1586
388_19_534_638,3,3,0.014401,0.12507,0.042569,0.730049,0.015428,0.025931,0.046551
388_19_31_104,6,5,0.003279,0.032711,0.04128,0.014726,0.008423,0.719015,0.180567
388_19_390_470,5,5,0.015232,0.212989,0.033427,0.298629,0.02942,0.347205,0.063098
388_20_648_869,6,4,0.015683,0.224444,0.073281,0.214417,0.243786,0.089091,0.139297
388_20_480_521,5,5,0.00517,0.025269,0.016771,0.042298,0.014843,0.845073,0.050576
389_20_78_336,3,5,0.025286,0.205656,0.047768,0.035825,0.293974,0.315892,0.0756
389_19_1280_1472,4,4,0.012331,0.179459,0.11529,0.026447,0.584774,0.024558,0.057141
389_20_1150_1255,5,5,0.003953,0.020242,0.015607,0.012314,0.010656,0.904753,0.032475
389_20_795_1021,6,6,0.028529,0.149934,0.025301,0.258162,0.182281,0.031649,0.324144
389_19_1038_1134,4,4,0.012139,0.286812,0.064136,0.013534,0.560701,0.012515,0.050161
389_19_1695_1794,4,1,0.056914,0.332774,0.055105,0.160839,0.196193,0.043233,0.15494
389_19_607_788,4,1,0.055045,0.465207,0.042949,0.045051,0.296497,0.034973,0.060278
389_19_366_491,4,4,0.030146,0.273076,0.059423,0.03675,0.49944,0.039114,0.062051
389_19_31_65,5,5,0.041777,0.208472,0.099987,0.043753,0.039566,0.399824,0.166621
389_20_1507_1673,5,4,0.07216,0.211788,0.046009,0.081448,0.296846,0.147923,0.143826
389_20_503_575,4,1,0.148305,0.578725,0.021183,0.025787,0.153805,0.019729,0.052466
391_20_31_131,3,6,0.033914,0.121234,0.246589,0.073236,0.074114,0.149471,0.301442
391_19_1270_1497,6,3,0.01973,0.031214,0.020598,0.687945,0.031399,0.012609,0.196505
391_20_1153_1250,3,3,0.014739,0.042843,0.020397,0.455726,0.038944,0.007553,0.419799
391_19_1600_1770,1,3,0.018601,0.043106,0.033521,0.774664,0.040543,0.012674,0.076892
391_19_149_364,1,1,0.026171,0.354538,0.196964,0.04613,0.085583,0.105019,0.185595
391_20_1775_1817,3,3,0.015814,0.024656,0.01894,0.822682,0.021908,0.019454,0.076546
391_20_762_940,4,3,0.01521,0.042536,0.052739,0.414731,0.218477,0.20276,0.053547
391_19_580_722,6,1,0.052751,0.459465,0.052142,0.124314,0.160186,0.03412,0.117021
391_19_958_1144,5,4,0.010756,0.151852,0.202315,0.033044,0.513151,0.015722,0.073159
391_20_373_557,4,4,0.011848,0.114094,0.114149,0.058847,0.638274,0.026491,0.036297
391_20_1501_1583,3,3,0.007436,0.004285,0.011157,0.93055,0.010606,0.015081,0.020884
393_19_1204_1330,4,1,0.331663,0.39541,0.031947,0.060106,0.066722,0.063732,0.050421
393_20_1335_1597,3,3,0.010551,0.014348,0.018384,0.89003,0.035086,0.017596,0.014005
393_19_842_972,4,1,0.042309,0.478654,0.054389,0.026086,0.049157,0.288799,0.060605
393_20_131_235,4,4,0.027918,0.361266,0.043994,0.046749,0.42145,0.013782,0.084839
393_19_528_695,2,1,0.023968,0.339846,0.239611,0.054013,0.196942,0.03256,0.11306
393_20_984_1178,4,4,0.018718,0.141267,0.041543,0.006969,0.772753,0.010726,0.008024
393_19_260_402,2,6,0.018717,0.123575,0.174839,0.177435,0.114463,0.087627,0.303343
393_20_423_498,3,1,0.040242,0.365852,0.130804,0.02204,0.31,0.044097,0.086965
393_19_31_99,3,3,0.013915,0.046766,0.083142,0.401527,0.012708,0.08802,0.353921
393_20_713_819,4,4,0.027381,0.340081,0.088926,0.023455,0.445822,0.014207,0.060128
394_19_31_134,3,6,0.007741,0.067284,0.08471,0.179148,0.036115,0.148265,0.476737
394_19_1229_1308,0,1,0.036502,0.577563,0.028256,0.019352,0.257193,0.016438,0.064696
394_20_961_1210,0,4,0.012504,0.133521,0.058265,0.087423,0.606006,0.04267,0.059611
394_19_1458_1499,3,3,0.048932,0.206134,0.063469,0.318284,0.115811,0.057292,0.190077
394_19_743_959,1,4,0.007683,0.198708,0.155957,0.022985,0.509031,0.035596,0.07004
394_20_142_241,4,6,0.02033,0.074041,0.05363,0.321448,0.054086,0.033074,0.443392
394_20_1330_1445,0,4,0.010735,0.181553,0.071653,0.042282,0.603736,0.018168,0.071873
394_19_466_592,1,4,0.019261,0.219688,0.126758,0.018477,0.534621,0.033524,0.047671
394_19_270_342,3,3,0.043191,0.194921,0.121469,0.394396,0.11415,0.061383,0.07049
394_20_594_726,1,4,0.012883,0.150096,0.103609,0.064363,0.571905,0.045129,0.052015
394_20_351_445,4,1,0.069754,0.457262,0.054159,0.19112,0.075949,0.061805,0.089952
395_20_101_319,1,3,0.019645,0.249152,0.062953,0.273338,0.147483,0.075856,0.171573
395_19_1181_1294,6,5,0.020143,0.098649,0.112135,0.040512,0.099874,0.484232,0.144455
395_19_908_1034,1,6,0.00389,0.110176,0.233154,0.141966,0.132328,0.042387,0.336098
395_20_1301_1420,4,6,0.022958,0.134583,0.072742,0.189421,0.13354,0.108463,0.338293
395_20_1038_1164,4,5,0.013953,0.169057,0.13528,0.075304,0.205759,0.362964,0.037682
395_19_621_809,4,2,0.014102,0.134818,0.308719,0.029778,0.12473,0.141389,0.246465
395_20_462_581,5,5,0.02376,0.0807,0.046849,0.015094,0.041768,0.763991,0.027839
395_19_31_91,1,5,0.028364,0.056852,0.051136,0.182658,0.027145,0.336874,0.31697
395_19_335_449,4,4,0.015662,0.103143,0.250906,0.018888,0.338605,0.044393,0.228403
395_20_816_863,4,2,0.023125,0.089077,0.566956,0.012911,0.190286,0.070745,0.0469
398_20_1223_1306,1,3,0.060983,0.17993,0.02686,0.426202,0.100211,0.039444,0.16637
398_20_119_291,5,5,0.005228,0.045036,0.03111,0.231821,0.073938,0.369601,0.243267
398_19_1149_1203,3,6,0.015524,0.171512,0.062516,0.160311,0.036429,0.250047,0.30366
398_20_739_928,5,5,0.004702,0.025764,0.022229,0.077409,0.048931,0.777782,0.043182
398_19_31_109,3,6,0.005188,0.100876,0.065524,0.111658,0.018781,0.139583,0.55839
398_19_944_1013,3,4,0.009664,0.072109,0.132964,0.056502,0.363058,0.07662,0.289082
398_20_1025_1133,5,4,0.046184,0.244799,0.047643,0.098708,0.304911,0.114406,0.143349
398_19_393_506,3,6,0.012662,0.155983,0.038675,0.24729,0.02826,0.076869,0.440262
398_19_653_732,6,5,0.030371,0.116626,0.071975,0.075511,0.104288,0.443429,0.1578
398_20_520_632,5,5,0.004602,0.06472,0.045509,0.038212,0.049322,0.773521,0.024114
398_20_347_388,6,6,0.009506,0.024002,0.022875,0.160464,0.015252,0.190808,0.577093
398_19_300_332,1,5,0.019794,0.130325,0.070544,0.042803,0.036907,0.536398,0.163228
399_19_31_128,1,1,0.039167,0.516405,0.119039,0.01171,0.172835,0.035381,0.105462
399_19_1281_1337,1,5,0.013398,0.096327,0.074641,0.138492,0.073459,0.573619,0.030065
399_20_1063_1270,1,3,0.055524,0.229877,0.047829,0.235955,0.192754,0.047661,0.190401
399_20_136_291,1,1,0.053426,0.409722,0.067784,0.058102,0.29605,0.048029,0.066887
399_19_1445_1516,1,6,0.016669,0.067992,0.02718,0.214841,0.023694,0.178054,0.47157
399_19_846_1046,1,1,0.132418,0.668592,0.02377,0.016774,0.053157,0.079519,0.025769
399_20_1346_1430,1,3,0.017638,0.072657,0.023707,0.429892,0.040644,0.016288,0.399174
399_19_591_744,1,5,0.013254,0.155629,0.029253,0.250289,0.043246,0.315673,0.192655
399_19_316_423,1,5,0.008283,0.083695,0.124799,0.028118,0.056204,0.486367,0.212534
399_20_439_553,5,5,0.003853,0.043934,0.041519,0.026988,0.061969,0.784327,0.037411
399_20_753_823,5,5,0.005756,0.071815,0.080061,0.031786,0.092624,0.650373,0.067585
400_20_128_257,3,5,0.006949,0.021363,0.015587,0.40024,0.043101,0.441108,0.071651
400_20_1223_1496,1,1,0.320887,0.494547,0.020003,0.043903,0.021598,0.077809,0.021252
400_19_937_1210,0,1,0.202933,0.512956,0.031709,0.096077,0.020359,0.088047,0.047919
400_20_590_655,5,5,0.00368,0.027548,0.013593,0.011418,0.009504,0.918736,0.015521
400_19_272_342,3,6,0.006837,0.074417,0.029194,0.229067,0.022303,0.043321,0.594862
400_19_31_115,3,3,0.009068,0.017075,0.028672,0.793828,0.015305,0.02648,0.109571
400_20_361_471,5,5,0.003278,0.089969,0.054344,0.030425,0.094572,0.554146,0.173265
400_19_1500_1545,1,3,0.152807,0.255576,0.026685,0.337957,0.019355,0.141827,0.065793
400_19_667_823,0,1,0.078384,0.786388,0.016757,0.025348,0.014779,0.061473,0.016871
400_20_1555_1606,1,1,0.033456,0.430187,0.062507,0.066353,0.266917,0.035197,0.105383
400_19_478_585,1,1,0.060383,0.783723,0.033646,0.034155,0.016039,0.04734,0.024713
400_20_831_911,1,5,0.010075,0.133958,0.042433,0.022505,0.030971,0.711512,0.048547
601_31_31_245,6,6,0.007379,0.037014,0.039124,0.154113,0.025547,0.063267,0.673556
601_31_1237_1502,6,6,0.008039,0.055841,0.039548,0.052066,0.103942,0.031207,0.709357
601_32_1112_1229,6,6,0.012625,0.105762,0.074333,0.012458,0.035027,0.106968,0.652827
601_31_1609_1690,6,6,0.009545,0.037666,0.021517,0.16532,0.010644,0.037059,0.71825
601_32_252_348,6,3,0.006801,0.079218,0.023655,0.50308,0.042002,0.060822,0.284423
601_31_1821_1868,3,3,0.011147,0.017096,0.01357,0.584502,0.010231,0.031978,0.331476
601_32_1696_1811,3,3,0.015195,0.044325,0.015006,0.628292,0.022687,0.065007,0.209488
601_31_797_1072,6,4,0.015422,0.135814,0.102082,0.013641,0.656666,0.011928,0.064447
601_32_580_783,6,3,0.018822,0.071956,0.044155,0.681385,0.063062,0.063569,0.057051
601_31_379_570,6,6,0.012394,0.128347,0.152243,0.041126,0.189596,0.042317,0.433977
601_32_1525_1587,6,6,0.009338,0.024464,0.024192,0.239911,0.026617,0.05421,0.621267
601_32_1872_1930,6,6,0.008833,0.072282,0.032057,0.04738,0.044312,0.008958,0.786179
602_31_31_157,5,5,0.034696,0.093464,0.025131,0.290491,0.023172,0.29179,0.241258
602_32_1255_1471,5,3,0.025813,0.058596,0.020876,0.802602,0.029688,0.049249,0.013176
602_31_1023_1254,6,1,0.0479,0.321131,0.021305,0.210432,0.200558,0.017128,0.181546
602_32_1575_1765,6,3,0.025046,0.083012,0.012804,0.702399,0.059713,0.024817,0.092209
602_32_167_362,5,3,0.009884,0.02893,0.028242,0.764235,0.046697,0.102899,0.019112
602_31_1769_1994,5,3,0.076343,0.140419,0.033517,0.452157,0.069864,0.108289,0.11941
602_32_849_1004,5,6,0.018688,0.199971,0.076346,0.009739,0.03851,0.321551,0.335195
602_32_491_594,5,3,0.01122,0.026713,0.022956,0.838717,0.02109,0.057945,0.021359
602_31_611_836,6,6,0.015893,0.075135,0.013816,0.167077,0.059425,0.014312,0.654343
602_31_396_470,6,6,0.019664,0.060071,0.053347,0.120777,0.157088,0.052787,0.536267
602_31_1487_1562,5,5,0.01865,0.035234,0.025774,0.019145,0.008906,0.688105,0.204187
603_32_93_215,5,5,0.013649,0.016144,0.011137,0.01228,0.003844,0.932256,0.010689
603_32_1259_1518,5,6,0.013615,0.059945,0.03225,0.124965,0.040738,0.145978,0.582508
603_32_1869_2097,1,4,0.014292,0.153371,0.090438,0.008582,0.660782,0.022923,0.049612
603_31_1158_1251,6,6,0.008936,0.022912,0.027453,0.089873,0.016407,0.041439,0.792979
603_31_1523_1830,1,1,0.057414,0.289108,0.043911,0.138075,0.107406,0.234089,0.129996
603_31_244_407,6,6,0.009885,0.020391,0.024543,0.32123,0.04023,0.02795,0.555771
603_31_2145_2371,6,6,0.022771,0.063072,0.014866,0.37933,0.024058,0.042705,0.453199
603_32_901_1123,1,3,0.025215,0.129919,0.034559,0.406293,0.228965,0.054147,0.120902
603_32_599_688,1,6,0.024141,0.134352,0.092044,0.028586,0.202182,0.058475,0.460219
603_32_423_492,6,6,0.008243,0.076809,0.048195,0.024549,0.048604,0.058281,0.735319
603_31_31_79,5,5,0.013653,0.024255,0.070135,0.109427,0.009931,0.469989,0.302609
603_31_759_896,5,3,0.017502,0.028179,0.033419,0.496893,0.01045,0.223438,0.190119
603_31_506_562,5,5,0.109439,0.242851,0.075086,0.015022,0.027226,0.424688,0.10569
604_31_1270_1336,5,5,0.020857,0.07288,0.052283,0.042899,0.01012,0.49198,0.308981
604_32_1975_2050,6,1,0.066546,0.530263,0.03592,0.034327,0.268411,0.012483,0.05205
604_32_1118_1246,3,3,0.016694,0.056735,0.052676,0.383095,0.263192,0.013353,0.214255
604_31_1633_1938,6,4,0.024492,0.155246,0.038414,0.088356,0.422024,0.022346,0.249121
604_32_145_509,1,5,0.079175,0.309714,0.052519,0.025829,0.0604,0.369498,0.102865
604_32_1352_1591,5,1,0.049178,0.448773,0.044931,0.175975,0.131304,0.04116,0.108678
604_31_815_1087,6,6,0.011735,0.067455,0.035643,0.115092,0.10506,0.021309,0.643707
604_32_614_776,5,5,0.012474,0.11318,0.111592,0.053958,0.132532,0.440539,0.135725
604_31_31_120,6,4,0.014217,0.086589,0.050286,0.030786,0.716257,0.0144,0.087465
604_31_2073_2151,3,3,0.027703,0.049345,0.011194,0.443391,0.017198,0.017568,0.433602
604_31_527_589,6,6,0.010544,0.173821,0.057622,0.153984,0.28251,0.033802,0.287717
607_31_1144_1395,6,6,0.012019,0.262979,0.112758,0.044641,0.235931,0.053084,0.278589
607_32_1410_1767,6,3,0.028683,0.184319,0.019289,0.561714,0.039547,0.024651,0.141797
607_31_234_378,6,4,0.009277,0.067553,0.232077,0.034496,0.5554,0.014288,0.08691
607_31_1804_1865,6,3,0.011803,0.028741,0.020427,0.450585,0.065241,0.029756,0.393447
607_32_822_1122,3,6,0.011683,0.056882,0.02207,0.282699,0.017709,0.037763,0.571194
607_32_136_214,3,3,0.019863,0.015639,0.018036,0.639493,0.019326,0.020245,0.267398
607_32_403_725,6,6,0.017176,0.072163,0.03358,0.154464,0.041128,0.108933,0.572556
607_31_31_116,6,3,0.03658,0.027628,0.023068,0.438026,0.013799,0.202681,0.258218
607_31_751_821,1,1,0.01445,0.301579,0.098067,0.074148,0.264312,0.013631,0.233814
608_31_2272_2714,6,6,0.033925,0.136947,0.039527,0.175705,0.076568,0.147503,0.389824
608_31_31_158,6,6,0.029344,0.181154,0.05662,0.0329,0.032351,0.22159,0.446041
608_32_1005_1264,6,1,0.029434,0.281647,0.236658,0.00995,0.101856,0.249351,0.091105
608_32_169_524,1,4,0.007786,0.22985,0.085105,0.006984,0.604373,0.020658,0.045243
608_32_2745_2987,5,5,0.04964,0.199785,0.2722,0.017887,0.106647,0.277345,0.076496
608_31_1297_1754,5,6,0.043555,0.12819,0.037485,0.181774,0.03309,0.096168,0.479737
608_31_576_981,5,6,0.027424,0.084763,0.06547,0.153644,0.168877,0.056834,0.442989
608_31_1860_2189,5,4,0.06207,0.267339,0.148376,0.026298,0.279638,0.109447,0.106831
608_32_1791_1839,6,5,0.023511,0.048684,0.106352,0.022335,0.024422,0.631791,0.142904
608_32_2222_2254,3,5,0.034292,0.148386,0.037153,0.086911,0.015937,0.432407,0.244914
610_31_31_216,4,4,0.026441,0.06934,0.039376,0.081785,0.72217,0.03282,0.028069
610_32_1191_1296,6,5,0.012164,0.197945,0.061019,0.019993,0.022408,0.402791,0.283679
610_31_2038_2300,6,4,0.012774,0.227813,0.098052,0.05792,0.403153,0.028453,0.171836
610_32_1678_1999,6,4,0.018667,0.180116,0.073753,0.041681,0.356561,0.031977,0.297246
610_31_1341_1651,1,4,0.013072,0.165,0.087572,0.01939,0.648928,0.021997,0.04404
610_32_661_1008,0,1,0.094081,0.551285,0.047623,0.010574,0.234161,0.016404,0.045872
610_32_2301_2388,6,6,0.034442,0.186305,0.070254,0.141193,0.064701,0.02373,0.479376
610_31_480_644,4,2,0.011099,0.059115,0.523225,0.018183,0.270695,0.045676,0.072007
610_31_1103_1150,4,4,0.02473,0.208937,0.053499,0.0158,0.660555,0.016694,0.019784
610_32_266_446,6,4,0.022724,0.312246,0.066197,0.049154,0.452791,0.014014,0.082875
611_32_2166_2512,6,6,0.105098,0.14502,0.072961,0.097501,0.161916,0.045825,0.37168
611_31_31_131,5,3,0.028976,0.024939,0.042433,0.651301,0.029194,0.037469,0.185688
611_32_1202_1459,6,5,0.015728,0.048019,0.02284,0.173795,0.022994,0.380391,0.336233
611_31_1119_1202,1,5,0.017493,0.172017,0.038919,0.159035,0.112319,0.389629,0.110588
611_32_143_565,3,3,0.010153,0.018844,0.066479,0.348482,0.229863,0.041744,0.284435
611_32_2693_2846,6,6,0.006512,0.051159,0.102451,0.076389,0.021352,0.205645,0.536491
611_31_2554_2629,1,1,0.23886,0.374473,0.069938,0.045024,0.123402,0.089343,0.058959
611_32_765_1104,6,3,0.021406,0.116477,0.063988,0.435269,0.129365,0.107478,0.126015
611_31_2036_2149,6,5,0.01936,0.143161,0.067688,0.016295,0.037973,0.488593,0.22693
611_32_1523_2024,1,0,0.380167,0.290694,0.034366,0.054196,0.041338,0.104541,0.094697
611_31_581_758,1,3,0.025004,0.039906,0.029888,0.710824,0.035034,0.065418,0.093927
611_31_1469_1511,1,2,0.012263,0.204472,0.390472,0.055334,0.193139,0.013396,0.130923
613_32_2435_2720,4,1,0.038871,0.335182,0.288927,0.008355,0.227836,0.066442,0.034388
613_31_31_157,6,3,0.012858,0.014754,0.031719,0.666303,0.033272,0.040058,0.201035
613_31_837_1539,1,1,0.074855,0.449919,0.140143,0.024235,0.120995,0.076157,0.113696
613_32_185_415,6,4,0.006811,0.091569,0.09259,0.011954,0.759071,0.014625,0.02338
613_31_2762_3094,6,4,0.03171,0.15536,0.199498,0.037328,0.293341,0.042958,0.239805
613_32_3106_3234,6,2,0.020094,0.188028,0.355558,0.024146,0.254109,0.011854,0.146213
613_32_1649_2051,4,2,0.013325,0.142457,0.353249,0.017471,0.26329,0.171847,0.038361
613_31_457_629,6,6,0.014383,0.037484,0.030084,0.19318,0.037305,0.037095,0.650469
613_31_2089_2426,6,2,0.007189,0.093503,0.451802,0.019573,0.360391,0.012219,0.055323
613_32_658_808,2,6,0.011414,0.106706,0.152946,0.087378,0.114641,0.087709,0.439205
614_32_127_309,5,5,0.006907,0.051347,0.052915,0.125535,0.021637,0.552783,0.188876
614_31_1097_1388,1,4,0.014937,0.140966,0.088354,0.069767,0.407822,0.034046,0.244107
614_32_1955_2389,3,3,0.013495,0.057933,0.019669,0.719977,0.034473,0.077267,0.077186
614_32_1392_1725,3,3,0.015939,0.020612,0.013051,0.832108,0.017866,0.07803,0.022394
614_31_1775_1923,6,6,0.009798,0.030632,0.024848,0.119092,0.010215,0.063914,0.7415
614_31_661_996,6,6,0.010614,0.050378,0.021295,0.318045,0.017135,0.085796,0.496739
614_32_498_624,6,3,0.012002,0.028464,0.026189,0.817848,0.023198,0.024061,0.068238
614_32_1030_1091,6,6,0.01085,0.041217,0.039407,0.134501,0.008428,0.149628,0.615968
614_31_31_118,6,2,0.006864,0.038829,0.670885,0.077338,0.027715,0.048035,0.130335
614_31_338_447,6,2,0.008597,0.071153,0.354496,0.033688,0.316312,0.030081,0.185674
615_31_2407_2549,5,6,0.009639,0.041997,0.077278,0.132484,0.102359,0.068246,0.567997
615_31_31_194,2,4,0.020552,0.204219,0.183164,0.089406,0.290341,0.081989,0.13033
615_31_1013_1322,1,6,0.026902,0.23295,0.081623,0.120967,0.233553,0.06586,0.238145
615_31_1835_2189,2,6,0.021692,0.09356,0.131531,0.171099,0.219824,0.126253,0.236042
615_32_1338_1791,6,4,0.017711,0.26636,0.100102,0.018913,0.397828,0.027947,0.171139
615_32_198_316,6,6,0.03331,0.127744,0.072474,0.24668,0.05722,0.159376,0.303194
615_32_2208_2376,6,6,0.003391,0.073476,0.0795,0.074672,0.033302,0.077706,0.657952
615_32_2583_2686,6,6,0.007379,0.024555,0.030263,0.346941,0.020814,0.03928,0.530767
615_32_723_983,5,2,0.005796,0.157688,0.32799,0.011434,0.130027,0.078578,0.288488
615_31_354_714,6,6,0.013387,0.051614,0.051179,0.103471,0.098719,0.031766,0.649864
616_32_960_1322,6,3,0.012552,0.042019,0.03914,0.544061,0.232805,0.058609,0.070815
616_31_1905_2141,3,3,0.02839,0.036113,0.029646,0.610534,0.06882,0.027284,0.199213
616_32_1607_1838,3,3,0.018682,0.075219,0.027732,0.590479,0.168831,0.054956,0.064101
616_32_131_261,6,6,0.040244,0.136135,0.041736,0.278804,0.041744,0.068754,0.392583
616_31_1342_1576,3,3,0.01547,0.009107,0.015622,0.897981,0.025115,0.018031,0.018674
616_32_2160_2241,6,3,0.016908,0.02443,0.015004,0.726465,0.014313,0.027921,0.174958
616_31_299_441,4,4,0.013905,0.148688,0.07482,0.022268,0.52523,0.024158,0.190932
616_31_608_920,2,4,0.011672,0.071498,0.096083,0.017738,0.756547,0.014836,0.031625
616_32_475_568,6,4,0.031781,0.123904,0.089269,0.109155,0.320147,0.060493,0.265251
616_31_31_104,5,6,0.026731,0.075712,0.044407,0.197073,0.029939,0.099242,0.526896
617_32_2025_2250,0,1,0.263855,0.43108,0.108202,0.011644,0.025703,0.102518,0.056998
617_32_1353_1782,1,5,0.006886,0.236785,0.101568,0.011579,0.029573,0.395615,0.217994
617_31_1802_1979,1,1,0.101956,0.393598,0.098689,0.051092,0.079095,0.08844,0.18713
617_31_31_122,6,6,0.05492,0.267475,0.112705,0.090185,0.082161,0.098543,0.294011
617_31_699_997,6,1,0.103947,0.489654,0.068173,0.031137,0.168285,0.061418,0.077386
617_32_572_684,1,1,0.065377,0.317602,0.119575,0.024072,0.043515,0.271772,0.158088
617_32_1043_1167,1,2,0.010207,0.171265,0.309869,0.024292,0.133865,0.0437,0.306802
617_32_136_197,5,6,0.006164,0.033655,0.10259,0.03443,0.047408,0.062117,0.713635
617_31_257_501,6,6,0.013248,0.060869,0.043618,0.235105,0.017976,0.055732,0.573452
617_31_1189_1207,6,6,0.014717,0.057723,0.038364,0.209802,0.023039,0.140146,0.516209
619_31_1190_1475,1,4,0.013282,0.156472,0.160153,0.015332,0.591658,0.029875,0.033227
619_32_2022_2142,2,4,0.007455,0.067334,0.341884,0.022523,0.478911,0.031438,0.050456
619_31_1668_1972,1,4,0.010594,0.086428,0.058758,0.035993,0.699416,0.026349,0.082462
619_32_157_425,4,1,0.042739,0.216387,0.215256,0.094346,0.178897,0.087171,0.165205
619_31_2206_2319,6,6,0.026363,0.145924,0.072335,0.155062,0.185493,0.01447,0.400353
619_32_813_1129,1,4,0.008548,0.066035,0.257979,0.052066,0.407618,0.029412,0.178342
619_31_499_791,2,4,0.017624,0.103136,0.354595,0.03949,0.358126,0.056087,0.070942
619_32_2336_2469,6,6,0.010718,0.018967,0.016288,0.218521,0.016818,0.014257,0.70443
619_31_31_116,1,5,0.026392,0.119404,0.130552,0.029071,0.025785,0.363171,0.305624
619_32_1540_1622,2,4,0.008389,0.096884,0.325877,0.037193,0.348543,0.041793,0.14132
621_31_31_204,3,3,0.019223,0.082846,0.036664,0.328567,0.031173,0.210407,0.291119
621_31_1226_1377,6,3,0.014986,0.014414,0.018781,0.744511,0.08293,0.028318,0.09606
621_31_1566_1791,6,6,0.01644,0.048191,0.02033,0.305565,0.037661,0.019389,0.552424
621_32_238_355,3,3,0.022104,0.008034,0.011503,0.914043,0.00456,0.031169,0.008587
621_32_1803_1842,6,3,0.035307,0.045586,0.028743,0.539253,0.009806,0.095777,0.245529
621_32_1401_1534,6,3,0.012121,0.012159,0.013496,0.915631,0.012276,0.011356,0.02296
621_31_933_1057,6,3,0.024424,0.029218,0.026259,0.488455,0.014642,0.037804,0.379199
621_32_514_904,3,3,0.01634,0.030971,0.033346,0.750153,0.032727,0.118867,0.017597
621_32_1079_1157,6,3,0.016915,0.028483,0.009442,0.810621,0.005671,0.009431,0.119437
621_31_387_492,5,5,0.024081,0.0624,0.043146,0.214691,0.026452,0.549763,0.079467
622_31_1769_2661,1,4,0.05857,0.279734,0.065542,0.022351,0.487639,0.024593,0.06157
622_31_31_246,4,4,0.010573,0.052922,0.138417,0.029174,0.708602,0.038947,0.021366
622_31_1065_1378,2,4,0.029732,0.130149,0.086289,0.05393,0.425053,0.110733,0.164113
622_32_2771_3180,6,6,0.009594,0.164036,0.165181,0.013855,0.255394,0.07569,0.316251
622_32_1394_1730,6,4,0.044599,0.294992,0.187453,0.017972,0.30527,0.036732,0.112982
622_31_3243_3487,1,4,0.023346,0.139687,0.0591,0.020976,0.689361,0.032181,0.035349
622_32_775_1029,1,1,0.055663,0.358218,0.040655,0.028746,0.172879,0.023837,0.320001
622_31_497_748,1,4,0.009796,0.072786,0.067626,0.011392,0.805517,0.015141,0.017743
622_32_3513_3624,6,4,0.026175,0.142245,0.14517,0.037366,0.489706,0.013546,0.145792
622_32_271_460,1,5,0.134183,0.26225,0.068961,0.085029,0.076722,0.335623,0.037231
623_31_2466_2771,0,0,0.811181,0.111821,0.015063,0.018092,0.010167,0.020798,0.012878
623_31_31_168,1,6,0.051063,0.194373,0.102535,0.02074,0.060146,0.27487,0.296272
623_31_1055_1396,0,0,0.503192,0.348178,0.041334,0.02487,0.039809,0.022265,0.020351
623_32_2790_2986,1,0,0.685975,0.234033,0.018269,0.013471,0.009944,0.023638,0.01467
623_32_1408_1773,1,0,0.633528,0.251771,0.020932,0.014514,0.01539,0.028802,0.035064
623_32_790_1023,6,1,0.361463,0.464233,0.040585,0.018064,0.056124,0.027522,0.03201
623_32_201_230,1,6,0.013253,0.111829,0.1423,0.029739,0.101702,0.02984,0.571337
623_32_1869_2404,1,1,0.174281,0.449161,0.102025,0.032752,0.077415,0.052992,0.111374
623_31_263_759,0,1,0.392565,0.408046,0.049773,0.030983,0.038263,0.040419,0.039951
623_31_1787_1804,0,5,0.195462,0.128374,0.014454,0.131147,0.005893,0.481035,0.043635
625_31_31_151,1,1,0.047502,0.251842,0.056679,0.233415,0.195228,0.03332,0.182013
625_32_1286_1552,0,4,0.039053,0.186219,0.101211,0.02774,0.602209,0.016894,0.026675
625_32_1864_2058,6,3,0.031718,0.128848,0.080007,0.355146,0.113452,0.085166,0.205663
625_31_1604_1822,1,1,0.168347,0.547039,0.050125,0.062599,0.064863,0.03,0.077027
625_31_239_358,1,6,0.042228,0.210963,0.178048,0.058601,0.094305,0.143859,0.271996
625_32_888_1172,1,1,0.213534,0.397691,0.06526,0.026667,0.222185,0.048765,0.025897
625_31_551_874,0,1,0.122103,0.373386,0.095917,0.090975,0.094368,0.05525,0.168001
625_32_174_191,5,5,0.019615,0.084183,0.066521,0.007266,0.014025,0.581602,0.226787
625_32_392_533,0,0,0.472021,0.351583,0.02007,0.048413,0.017673,0.047497,0.042744
625_31_1186_1266,0,5,0.176695,0.229776,0.019878,0.017124,0.014656,0.516159,0.025712
626_31_2140_2692,1,1,0.165099,0.392288,0.086043,0.02888,0.250332,0.029127,0.048232
626_31_31_302,1,1,0.053061,0.49059,0.037765,0.03966,0.219372,0.068698,0.090855
626_31_1020_1339,1,1,0.122526,0.396028,0.058001,0.129556,0.094264,0.053617,0.146009
626_32_2716_2801,1,4,0.073642,0.311968,0.048017,0.047477,0.431727,0.054896,0.032274
626_31_1450_1829,1,1,0.15642,0.507881,0.028036,0.059427,0.133682,0.060425,0.05413
626_32_909_985,5,5,0.011732,0.121906,0.042197,0.027776,0.028536,0.666802,0.101052
626_32_1868_2092,6,1,0.036949,0.508912,0.040044,0.026767,0.323565,0.023019,0.040744
626_32_334_633,6,1,0.142906,0.594365,0.03093,0.031234,0.068176,0.079559,0.052831
626_31_677_878,1,1,0.254826,0.508696,0.035299,0.044753,0.083203,0.035842,0.037381
626_32_1356_1431,1,3,0.025047,0.225677,0.026144,0.440894,0.025417,0.132724,0.124097
627_31_31_315,6,3,0.026195,0.051099,0.027581,0.47621,0.070376,0.092073,0.256468
627_31_1044_1373,6,6,0.085201,0.149946,0.018807,0.191776,0.027392,0.076852,0.450026
627_32_1911_2185,3,3,0.02084,0.025486,0.011051,0.870701,0.01538,0.030121,0.026421
627_31_1482_1895,6,4,0.021675,0.205898,0.128418,0.015703,0.501963,0.017066,0.109277
627_31_2216_2483,4,6,0.006962,0.125666,0.064245,0.059544,0.341976,0.024909,0.376699
627_32_2534_2650,4,4,0.005299,0.080817,0.103117,0.065635,0.36924,0.04185,0.334043
627_32_896_1001,6,5,0.031946,0.259628,0.016657,0.267794,0.019725,0.295586,0.108663
627_32_336_591,4,4,0.077138,0.26551,0.046046,0.079871,0.413578,0.033346,0.08451
627_31_652_879,6,6,0.028926,0.229387,0.017761,0.218244,0.050246,0.054859,0.400577
627_32_1391_1440,5,5,0.02054,0.015506,0.012168,0.230218,0.005883,0.700267,0.015417
629_31_2214_2522,1,4,0.016064,0.115833,0.169025,0.029144,0.555811,0.059875,0.054248
629_31_31_257,1,6,0.018823,0.080791,0.160995,0.088306,0.115183,0.063908,0.471993
629_31_1193_1546,1,4,0.136186,0.30464,0.085113,0.020811,0.398522,0.033529,0.021199
629_32_2522_2770,1,4,0.012877,0.074551,0.16463,0.133658,0.47299,0.05118,0.090114
629_32_882_1172,6,3,0.03057,0.163843,0.104461,0.38202,0.100904,0.050839,0.167363
629_32_2039_2204,6,3,0.052244,0.234761,0.032011,0.443651,0.015438,0.059166,0.162729
629_32_1600_1861,6,3,0.042658,0.094126,0.037053,0.685822,0.037118,0.036436,0.066787
629_32_258_691,6,3,0.051283,0.128272,0.038101,0.328295,0.063402,0.074946,0.315701
629_31_1882_2019,1,1,0.186224,0.441592,0.05939,0.015442,0.048851,0.152954,0.095548
629_31_709_879,1,5,0.020377,0.154989,0.228576,0.019536,0.145303,0.379733,0.051486
631_32_2473_2600,6,6,0.055511,0.046417,0.040887,0.115917,0.017653,0.115918,0.607697
631_31_31_340,0,0,0.604847,0.294081,0.024422,0.014521,0.015788,0.034866,0.011475
631_32_1075_1382,6,3,0.034621,0.245307,0.053842,0.363225,0.090181,0.100239,0.112585
631_32_2028_2179,6,6,0.01268,0.049725,0.035223,0.283468,0.06447,0.009158,0.545277
631_32_1580_1839,6,4,0.010544,0.15762,0.129427,0.094499,0.322889,0.036627,0.248394
631_31_1388_1579,6,3,0.007517,0.012727,0.009677,0.830995,0.033213,0.024979,0.080891
631_31_2190_2463,6,1,0.204442,0.327018,0.151,0.102562,0.021302,0.063225,0.130451
631_31_639_1052,6,6,0.043097,0.143804,0.167953,0.182932,0.165201,0.066178,0.230834
631_32_365_612,6,1,0.336001,0.444496,0.0349,0.04962,0.066575,0.028785,0.039623
631_31_1859_2002,6,3,0.009124,0.056439,0.028922,0.441255,0.028351,0.134154,0.301756
632_31_31_159,1,4,0.009387,0.131718,0.06446,0.017881,0.737925,0.012323,0.026306
632_32_1270_1573,0,0,0.637104,0.223245,0.015333,0.040223,0.028698,0.033226,0.022171
632_31_2036_2127,4,6,0.029273,0.110188,0.039162,0.304763,0.084677,0.015686,0.416251
632_31_1067_1253,1,4,0.022886,0.11849,0.059758,0.016633,0.740652,0.02031,0.021271
632_31_1639_1853,4,4,0.011069,0.042975,0.144277,0.076464,0.628974,0.031782,0.064459
632_32_181_320,0,0,0.606741,0.235149,0.041398,0.023997,0.043654,0.027133,0.021928
632_32_2128_2236,6,6,0.0127,0.032152,0.050398,0.324364,0.05211,0.17273,0.355545
632_32_791_1039,6,4,0.173461,0.211747,0.076853,0.036021,0.423394,0.053801,0.024722
632_31_359_783,1,4,0.012106,0.039894,0.03263,0.024321,0.867651,0.014803,0.008595
632_32_1857_2018,6,3,0.019124,0.04041,0.040084,0.566783,0.049652,0.016469,0.267477
634_32_112_200,6,5,0.009734,0.039191,0.121627,0.281521,0.017052,0.310639,0.220235
634_32_1249_1443,6,6,0.013099,0.05074,0.048263,0.130783,0.066516,0.018645,0.671954
634_32_1533_2092,6,6,0.030041,0.10261,0.043279,0.175097,0.071284,0.025242,0.552446
634_31_1007_1199,1,4,0.01368,0.225716,0.127767,0.055015,0.294999,0.045639,0.237183
634_31_221_455,6,6,0.012491,0.067393,0.103187,0.038559,0.060763,0.081712,0.635896
634_31_2116_2239,6,3,0.021147,0.030856,0.020138,0.588999,0.008325,0.038673,0.291863
634_32_492_979,6,3,0.025513,0.052247,0.018646,0.460867,0.055435,0.034642,0.35265
634_32_2262_2311,6,3,0.032846,0.013532,0.021417,0.745662,0.004928,0.083588,0.098027
634_31_31_109,6,6,0.015075,0.05999,0.148295,0.089406,0.117687,0.049229,0.520317
634_31_1463_1502,6,6,0.006448,0.040126,0.059663,0.034133,0.015257,0.128946,0.715427
635_32_2280_2613,6,1,0.076818,0.374917,0.10051,0.04619,0.204156,0.023598,0.17381
635_31_31_193,6,6,0.009176,0.050124,0.111654,0.034023,0.04484,0.109246,0.640937
635_32_1125_1594,1,1,0.022429,0.319189,0.131714,0.175043,0.154295,0.049512,0.147818
635_31_2009_2209,6,6,0.017901,0.127813,0.09896,0.069416,0.077567,0.106595,0.501748
635_31_1611_1738,6,3,0.01449,0.029557,0.014735,0.81237,0.00743,0.031148,0.090271
635_32_204_282,6,6,0.006293,0.045119,0.081667,0.017793,0.018736,0.382119,0.448274
635_32_1780_1940,6,3,0.026194,0.05667,0.041115,0.624487,0.013567,0.067886,0.170081
635_31_916_1107,6,6,0.011889,0.07352,0.092617,0.166212,0.020707,0.205477,0.429579
635_31_296_659,6,6,0.036746,0.125036,0.075109,0.234143,0.071129,0.123996,0.333841
635_32_681_845,1,6,0.004854,0.08531,0.048293,0.025534,0.048822,0.060822,0.726366
636_31_2165_2532,1,1,0.059672,0.633174,0.038684,0.054589,0.11425,0.061051,0.03858
636_31_31_141,6,3,0.011709,0.014091,0.014347,0.820549,0.016766,0.031698,0.090839
636_32_1275_1400,6,5,0.125232,0.226908,0.032549,0.014854,0.029291,0.530744,0.040422
636_31_914_1257,4,1,0.093378,0.475578,0.061087,0.03176,0.190056,0.072976,0.075165
636_31_1435_1825,1,1,0.153142,0.573514,0.039221,0.033791,0.126086,0.025459,0.048787
636_32_1834_2160,0,0,0.646372,0.174195,0.016307,0.006254,0.011086,0.137996,0.00779
636_31_412_691,1,4,0.042438,0.323124,0.080682,0.029105,0.448896,0.027407,0.04835
636_32_692_880,6,1,0.242529,0.560612,0.04533,0.015009,0.018446,0.09331,0.024763
637_31_31_137,0,5,0.271996,0.165667,0.038878,0.02585,0.021652,0.456876,0.019082
637_31_1601_1709,6,3,0.007438,0.008668,0.01437,0.819685,0.02372,0.014949,0.111169
637_32_1745_2021,1,1,0.123425,0.337206,0.12176,0.029356,0.298547,0.030418,0.059288
637_32_1297_1586,6,1,0.11366,0.559987,0.102436,0.01266,0.102605,0.034042,0.07461
637_31_702_1056,1,1,0.258601,0.536544,0.045671,0.014317,0.088689,0.034142,0.022036
637_32_146_229,6,0,0.351109,0.219743,0.096625,0.048521,0.025523,0.139365,0.119115
637_32_520_669,1,1,0.285814,0.487256,0.024168,0.071756,0.045462,0.03213,0.053415
637_32_1057_1179,0,1,0.084952,0.35854,0.11489,0.04481,0.019053,0.233917,0.143838
637_31_275_503,0,1,0.263024,0.525295,0.045326,0.017443,0.071429,0.06066,0.016824
637_31_1190_1284,0,1,0.152218,0.42817,0.062063,0.04003,0.03295,0.218111,0.066457
638_31_31_149,6,6,0.023781,0.083864,0.112112,0.048857,0.11928,0.053212,0.558892
638_32_1214_1593,6,4,0.024154,0.212652,0.046279,0.02336,0.620184,0.018457,0.054914
638_31_2033_2260,6,4,0.035065,0.122043,0.053951,0.094268,0.526124,0.023577,0.144971
638_31_994_1197,6,1,0.048267,0.46691,0.041384,0.025308,0.289955,0.037645,0.090532
638_31_1624_1886,6,6,0.033642,0.257296,0.14815,0.043681,0.094738,0.12218,0.300313
638_32_166_451,1,4,0.025701,0.240054,0.203323,0.006136,0.476323,0.0102,0.038263
638_32_796_931,5,5,0.207009,0.174293,0.046086,0.052502,0.059987,0.335069,0.125054
638_32_2278_2437,6,4,0.023645,0.113986,0.102713,0.117369,0.356881,0.018991,0.266415
638_31_575_771,1,4,0.061441,0.289031,0.08695,0.01641,0.476528,0.018839,0.050801
638_32_1903_2018,6,1,0.011541,0.451058,0.25297,0.005832,0.231314,0.019315,0.027969
639_31_2270_2493,2,1,0.065794,0.478522,0.082994,0.018264,0.309491,0.014511,0.030423
639_31_31_170,1,4,0.022916,0.154321,0.253317,0.020879,0.392956,0.033271,0.122339
639_31_1188_1386,1,1,0.107621,0.652714,0.068847,0.013662,0.095137,0.038383,0.023637
639_31_1536_2026,6,4,0.030548,0.344652,0.09704,0.013472,0.390918,0.028802,0.094568
639_32_212_560,6,4,0.007908,0.146169,0.273252,0.014157,0.474953,0.015655,0.067905
639_32_1404_1506,6,4,0.016749,0.300894,0.136419,0.013595,0.471904,0.026502,0.033937
639_32_2066_2232,6,6,0.014806,0.240793,0.123732,0.038346,0.216138,0.035433,0.330753
639_32_2542_2627,6,3,0.059535,0.287727,0.076816,0.289192,0.115725,0.025961,0.145043
639_32_894_1165,6,1,0.026961,0.340909,0.112493,0.227598,0.091164,0.020789,0.180085
639_31_606_826,1,1,0.019677,0.481112,0.063868,0.007317,0.383856,0.014403,0.029768
683_35_97_178,3,3,0.008708,0.033331,0.015863,0.651196,0.008896,0.032503,0.249503
683_36_1228_1343,3,1,0.027326,0.318963,0.177808,0.184625,0.078321,0.097753,0.115204
683_35_1177_1217,3,6,0.014229,0.053824,0.054983,0.270474,0.016461,0.148824,0.441204
683_35_1498_1680,1,3,0.007852,0.020946,0.024106,0.696752,0.008079,0.030951,0.211314
683_35_1788_1929,1,2,0.016212,0.128003,0.311002,0.282383,0.109116,0.108531,0.044752
683_36_1407_1491,3,2,0.014915,0.190695,0.299113,0.257842,0.06767,0.016857,0.152906
683_36_915_942,2,3,0.030161,0.116415,0.256367,0.345632,0.071498,0.053153,0.126773
683_35_1343_1375,1,6,0.012603,0.046237,0.178208,0.286487,0.034947,0.043134,0.398385
683_36_1070_1156,3,3,0.016494,0.044853,0.039141,0.792699,0.006357,0.045313,0.055143
683_36_329_368,6,5,0.049745,0.32515,0.057783,0.018885,0.005922,0.463596,0.07892
683_35_969_1070,1,3,0.019069,0.141969,0.297787,0.315411,0.074964,0.024026,0.126773
683_35_419_581,6,6,0.017368,0.149088,0.250372,0.114529,0.04724,0.111016,0.310387
683_36_31_95,5,5,0.052409,0.088746,0.022556,0.132266,0.012876,0.663194,0.027953
683_36_659_845,5,6,0.00609,0.060293,0.07282,0.16125,0.071356,0.295914,0.332277
683_36_1718_1761,2,5,0.014825,0.088122,0.041946,0.020139,0.009103,0.750856,0.07501
683_35_846_883,6,3,0.012189,0.017097,0.019238,0.472354,0.003069,0.021238,0.454816
683_36_1968_2034,6,3,0.055739,0.224504,0.089832,0.331223,0.015248,0.042712,0.240744
683_36_209_249,5,5,0.074364,0.153015,0.081094,0.078981,0.033985,0.405253,0.173308
683_35_260_290,6,6,0.013794,0.067486,0.050452,0.125969,0.047555,0.024515,0.670228
684_35_118_282,6,6,0.020553,0.094437,0.036864,0.151947,0.054785,0.127843,0.513572
684_35_1148_1219,3,5,0.023476,0.144348,0.080745,0.301467,0.025429,0.410232,0.014302
684_36_804_814,5,3,0.010532,0.009529,0.013923,0.794382,0.008033,0.028345,0.135257
684_36_31_92,6,3,0.039376,0.103252,0.031275,0.411934,0.016921,0.172085,0.225157
684_36_846_988,1,6,0.02471,0.288637,0.081033,0.059846,0.07083,0.099048,0.375895
684_35_727_758,3,3,0.006895,0.016691,0.03877,0.408362,0.005928,0.316065,0.207289
684_35_1008_1080,5,5,0.010499,0.008124,0.011358,0.231785,0.006222,0.72501,0.007002
684_36_393_455,1,3,0.008262,0.031144,0.019655,0.645439,0.013885,0.01864,0.262975
684_35_617_670,3,3,0.008071,0.013587,0.011387,0.745979,0.00622,0.084101,0.130656
684_36_672_721,3,3,0.006642,0.036721,0.010855,0.509151,0.00756,0.073485,0.355587
684_36_537_609,6,6,0.023091,0.074492,0.017323,0.411687,0.022171,0.025596,0.42564
684_36_1100_1126,6,6,0.010956,0.078132,0.0674,0.188707,0.039354,0.281867,0.333584
684_35_814_834,3,5,0.009945,0.043224,0.044783,0.110816,0.060216,0.651491,0.079524
684_35_476_537,1,6,0.028466,0.117393,0.049158,0.113672,0.138136,0.032956,0.52022
684_36_321_367,6,3,0.011405,0.060403,0.035281,0.421795,0.009983,0.11187,0.349263
684_35_367_383,3,3,0.013857,0.038573,0.030334,0.524286,0.036148,0.022571,0.334231
685_35_99_131,1,6,0.051011,0.275957,0.106718,0.126859,0.041655,0.097877,0.299923
685_35_1171_1279,1,1,0.31436,0.355374,0.042029,0.18011,0.015153,0.057525,0.035448
685_35_233_293,1,3,0.006185,0.01322,0.009375,0.740133,0.006282,0.022083,0.202722
685_36_1341_1502,1,0,0.453242,0.447896,0.015902,0.023203,0.010374,0.036672,0.012711
685_36_910_1028,1,1,0.022492,0.59507,0.111069,0.113649,0.071702,0.01968,0.066338
685_35_485_713,1,3,0.013758,0.036471,0.015345,0.784841,0.014411,0.091862,0.043312
685_36_1109_1151,1,3,0.057007,0.19408,0.039921,0.412401,0.019823,0.177732,0.099036
685_36_147_187,1,5,0.017472,0.154488,0.097409,0.020145,0.024473,0.502828,0.183184
685_35_1030_1109,1,5,0.009494,0.015921,0.019917,0.399134,0.01434,0.512932,0.028261
685_36_307_355,1,1,0.018592,0.281389,0.171175,0.042457,0.128998,0.104385,0.253003
685_36_397_478,1,1,0.122427,0.465501,0.09987,0.031851,0.082091,0.169426,0.028834
685_36_31_71,1,5,0.025185,0.204476,0.072871,0.050064,0.025181,0.534747,0.087476
685_36_724_874,1,5,0.036739,0.347092,0.042462,0.026273,0.013872,0.508699,0.024864
685_35_874_900,1,5,0.046946,0.232006,0.117142,0.096311,0.043716,0.26086,0.203018
685_35_355_370,1,6,0.081202,0.226193,0.09555,0.176969,0.114346,0.027552,0.278187
686_35_1141_1364,3,3,0.00911,0.018267,0.013861,0.845745,0.00748,0.023333,0.082203
686_35_250_264,3,3,0.031036,0.014432,0.014842,0.822894,0.006029,0.023262,0.087505
686_35_1423_1496,3,1,0.092686,0.408505,0.04609,0.261101,0.039188,0.078887,0.073543
686_35_791_977,3,1,0.281224,0.417072,0.027831,0.078753,0.048304,0.107399,0.039417
686_35_491_621,3,1,0.21945,0.397681,0.07528,0.029218,0.17758,0.060152,0.04064
686_36_1091_1127,5,5,0.065989,0.076548,0.030364,0.036824,0.01483,0.722089,0.053356
686_35_1031_1078,3,3,0.011151,0.014424,0.014371,0.790017,0.006393,0.041621,0.122025
686_36_31_89,4,1,0.027911,0.376523,0.288088,0.017073,0.205329,0.037258,0.047819
686_36_421_475,5,5,0.013345,0.05913,0.042238,0.030098,0.010485,0.776864,0.06784
686_36_1516_1543,1,5,0.015769,0.077625,0.05078,0.022943,0.010506,0.603062,0.219316
686_36_701_771,4,4,0.007883,0.150072,0.355551,0.012292,0.41558,0.014218,0.044405
686_36_1381_1423,1,2,0.043907,0.275498,0.310986,0.102402,0.108728,0.060771,0.097708
686_35_1551_1586,3,6,0.012253,0.07565,0.059205,0.033062,0.046796,0.16703,0.606005
686_36_991_1022,5,5,0.011633,0.065991,0.039322,0.027664,0.008883,0.519612,0.326896
686_35_351_386,6,6,0.008769,0.044647,0.315792,0.123306,0.07075,0.105122,0.331614
686_36_295_319,4,5,0.046233,0.226614,0.058634,0.01427,0.039083,0.500824,0.114341
688_36_119_151,6,4,0.022449,0.273551,0.067164,0.034324,0.404873,0.01319,0.184449
688_35_1131_1276,1,0,0.374333,0.263366,0.130329,0.088499,0.038715,0.057328,0.047429
688_36_936_979,1,1,0.057055,0.694208,0.039752,0.073162,0.050001,0.032769,0.053053
688_35_172_224,1,5,0.385478,0.099258,0.028801,0.009006,0.02419,0.442903,0.010364
688_36_1311_1393,3,4,0.029393,0.199632,0.143451,0.144149,0.347476,0.095587,0.040312
688_36_1046_1127,1,3,0.091793,0.285218,0.05835,0.298812,0.071202,0.047593,0.147031
688_35_618_711,0,0,0.583623,0.162264,0.032682,0.116323,0.042334,0.02401,0.038765
688_35_341_487,1,0,0.463647,0.325219,0.038571,0.040746,0.058522,0.035631,0.037663
688_35_31_82,5,5,0.24578,0.12158,0.04012,0.058454,0.015487,0.454145,0.064435
688_35_789_914,0,0,0.440969,0.140007,0.040625,0.233478,0.048068,0.044941,0.051912
688_36_723_788,1,1,0.339449,0.435734,0.050597,0.06878,0.025016,0.051786,0.028638
688_35_1406_1451,1,3,0.150404,0.168689,0.044227,0.372469,0.015262,0.020761,0.228188
688_36_500_561,1,1,0.042189,0.770415,0.022897,0.034889,0.087104,0.00878,0.033725
688_35_979_1028,1,0,0.74876,0.132327,0.017674,0.019615,0.011617,0.05929,0.010717
688_36_263_321,1,5,0.053521,0.111632,0.034806,0.029809,0.029767,0.689123,0.051341
693_36_123_132,6,5,0.181931,0.183269,0.032817,0.056851,0.012157,0.456267,0.076708
693_35_1413_1593,1,5,0.012281,0.042842,0.021491,0.399105,0.037942,0.401078,0.08526
693_36_851_1020,1,3,0.012868,0.058865,0.030166,0.407305,0.049737,0.212408,0.22865
693_35_173_207,3,3,0.017967,0.020805,0.014794,0.767935,0.015633,0.026491,0.136374
693_35_553_609,3,3,0.045821,0.172097,0.105466,0.304689,0.041978,0.275535,0.054414
693_35_1103_1127,0,1,0.082503,0.425287,0.048394,0.126074,0.058343,0.022788,0.236612
693_36_631_672,1,1,0.202807,0.541234,0.035066,0.087361,0.029829,0.046625,0.057078
693_36_469_536,1,1,0.203665,0.52739,0.070259,0.057773,0.050164,0.060671,0.030078
693_35_31_67,3,3,0.017327,0.035443,0.007683,0.874192,0.007642,0.039402,0.018311
693_35_692_763,3,1,0.206556,0.321921,0.026483,0.244668,0.014951,0.149802,0.035619
693_36_1269_1283,5,5,0.028195,0.066565,0.038793,0.02164,0.008775,0.760377,0.075654
693_35_340_371,1,1,0.111596,0.441186,0.063874,0.056112,0.161882,0.044196,0.121154
693_36_275_293,1,5,0.063916,0.242713,0.050764,0.076289,0.013115,0.330516,0.222688
694_35_31_169,6,5,0.025972,0.296621,0.098732,0.119041,0.029582,0.300077,0.129976
694_36_1179_1338,1,1,0.31761,0.386782,0.02668,0.102155,0.009864,0.058981,0.097928
694_36_204_353,1,6,0.016818,0.039261,0.067368,0.189565,0.01408,0.024545,0.648363
694_36_1451_1588,1,0,0.31722,0.307584,0.044789,0.187709,0.02321,0.09538,0.024108
694_36_532_599,1,1,0.325541,0.499085,0.031127,0.041097,0.03275,0.033013,0.037386
694_35_1113_1151,3,3,0.012247,0.054779,0.115455,0.550627,0.178037,0.046033,0.042822
694_36_980_1105,1,1,0.231685,0.485886,0.027808,0.036702,0.064851,0.070938,0.082129
694_35_417_453,6,5,0.009291,0.164677,0.113632,0.0235,0.008722,0.584123,0.096055
694_36_800_864,1,5,0.0976,0.172705,0.058175,0.171996,0.014889,0.371122,0.113513
694_35_1365_1421,4,2,0.009242,0.166497,0.610576,0.02684,0.104404,0.022111,0.06033
694_35_878_913,2,2,0.015905,0.141054,0.350782,0.133354,0.096671,0.054664,0.20757
694_35_1647_1678,6,1,0.090135,0.381698,0.088622,0.069313,0.168078,0.061787,0.140368
694_35_739_742,3,5,0.0059,0.024278,0.03747,0.040197,0.012726,0.766683,0.112746
695_35_91_150,3,3,0.02603,0.044357,0.015655,0.561679,0.013,0.055288,0.283991
695_35_1214_1375,1,1,0.084891,0.630467,0.019331,0.046188,0.082425,0.079224,0.057474
695_36_1450_1493,1,1,0.109211,0.654191,0.020386,0.042668,0.06339,0.016543,0.09361
695_36_194_221,6,5,0.005889,0.027047,0.024902,0.136914,0.004838,0.400822,0.399588
695_35_1099_1111,1,6,0.016315,0.065843,0.08603,0.044806,0.051284,0.335896,0.399826
695_35_954_1049,1,2,0.040762,0.238156,0.406687,0.01119,0.09542,0.110396,0.097388
695_36_31_61,6,3,0.009208,0.021429,0.038357,0.555804,0.017052,0.039772,0.318378
695_35_1534_1621,1,1,0.096638,0.722428,0.016847,0.025963,0.077901,0.021862,0.038361
695_36_853_907,5,5,0.069399,0.05667,0.022253,0.023595,0.013328,0.789185,0.02557
695_36_1644_1674,1,1,0.02684,0.338161,0.099247,0.041697,0.049753,0.166391,0.277911
695_36_1153_1165,6,5,0.016835,0.077358,0.050099,0.048252,0.023248,0.526691,0.257517
695_36_293_315,6,6,0.016684,0.029214,0.018816,0.326715,0.00833,0.057901,0.54234
695_35_229_251,3,6,0.007546,0.017436,0.014747,0.179453,0.032457,0.042585,0.705776
695_36_1077_1082,5,5,0.019115,0.042915,0.026887,0.107929,0.013599,0.660575,0.12898
695_35_327_331,3,6,0.010296,0.058641,0.028752,0.223876,0.099425,0.245049,0.333962
696_36_1295_1317,1,6,0.033486,0.092727,0.064161,0.065524,0.016549,0.339632,0.387921
696_35_1159_1256,1,6,0.025539,0.124705,0.051279,0.097174,0.047162,0.089281,0.564859
696_35_887_1058,1,1,0.040443,0.385416,0.047306,0.191289,0.157663,0.046272,0.131611
696_35_1330_1392,1,5,0.052175,0.239514,0.047077,0.154526,0.021806,0.327871,0.157032
696_36_1091_1141,1,5,0.170503,0.174168,0.036738,0.176205,0.05652,0.24635,0.139517
696_36_159_202,6,6,0.019843,0.049526,0.047459,0.27616,0.015452,0.041435,0.550126
696_35_291_387,1,1,0.031821,0.295854,0.115659,0.148254,0.174048,0.102415,0.131949
696_36_433_439,4,5,0.053676,0.138528,0.025635,0.022566,0.02514,0.599259,0.135198
696_36_814_842,1,5,0.01347,0.066576,0.027489,0.177395,0.01334,0.591887,0.109843
696_35_649_743,1,3,0.018326,0.204805,0.086693,0.368621,0.024668,0.077611,0.219276
696_36_606_630,6,6,0.015124,0.055724,0.027455,0.393001,0.054585,0.033172,0.42094
696_35_498_566,1,3,0.007977,0.018266,0.014073,0.490027,0.006836,0.29521,0.167611
696_35_93_111,6,5,0.004607,0.028714,0.06159,0.023843,0.012176,0.484969,0.3841
696_36_31_35,6,6,0.035166,0.140306,0.080286,0.046574,0.040659,0.314222,0.342788
698_35_117_233,3,3,0.006454,0.054958,0.023177,0.53689,0.011682,0.222294,0.144544
698_36_1191_1314,1,1,0.385324,0.417734,0.027515,0.037582,0.010919,0.094268,0.026657
698_36_1725_1815,1,1,0.08073,0.441225,0.063823,0.241446,0.026781,0.036578,0.109417
698_35_826_949,2,5,0.003477,0.06211,0.060449,0.03224,0.022621,0.792735,0.026369
698_35_1351_1387,1,1,0.167791,0.48509,0.177434,0.014188,0.05922,0.041458,0.05482
698_36_587_620,0,1,0.191317,0.471681,0.043551,0.036042,0.01033,0.148578,0.098502
698_35_1084_1148,2,4,0.006948,0.114802,0.329136,0.033907,0.340442,0.062834,0.111931
698_36_999_1041,1,6,0.05964,0.275981,0.031563,0.150761,0.02281,0.101981,0.357264
698_36_1490_1560,1,1,0.24675,0.427628,0.032974,0.093177,0.011754,0.13755,0.050167
698_36_703_784,1,1,0.119908,0.43466,0.086026,0.039725,0.023963,0.218607,0.077111
698_35_670_677,6,5,0.009657,0.049802,0.039194,0.046872,0.02105,0.653838,0.179587
698_36_31_53,1,1,0.06644,0.417295,0.080452,0.121272,0.052387,0.100444,0.16171
698_35_1593_1615,3,4,0.007008,0.061458,0.261276,0.088148,0.506256,0.017285,0.05857
700_36_1277_1429,3,6,0.01888,0.035954,0.037321,0.349487,0.019155,0.025353,0.51385
700_35_1103_1240,3,3,0.015942,0.060252,0.135022,0.45684,0.05508,0.030256,0.246608
700_36_236_342,5,6,0.010977,0.187782,0.181536,0.06337,0.170488,0.102028,0.283819
700_35_1459_1498,3,3,0.018134,0.02392,0.009909,0.788519,0.012153,0.108961,0.038403
700_35_935_988,3,3,0.015337,0.053959,0.039847,0.385298,0.020302,0.218856,0.266401
700_36_459_622,6,6,0.032269,0.210331,0.067501,0.2633,0.038354,0.056603,0.331644
700_35_178_187,3,6,0.021607,0.049177,0.033279,0.405211,0.024537,0.028113,0.438076
700_36_1014_1051,3,3,0.020852,0.052612,0.023146,0.746325,0.047215,0.023353,0.086498
700_36_31_72,6,1,0.066654,0.498996,0.059963,0.057329,0.14247,0.03283,0.141757
700_36_722_867,3,6,0.018012,0.131999,0.075521,0.080459,0.110611,0.046016,0.537383
700_35_385_415,3,3,0.007403,0.003616,0.010152,0.949823,0.006021,0.013686,0.009298
700_35_646_663,5,5,0.002327,0.014447,0.020728,0.010796,0.002863,0.841174,0.107664
700_36_134_171,6,6,0.034565,0.289064,0.069554,0.038592,0.023885,0.18552,0.35882
700_35_94_108,3,5,0.01325,0.027382,0.077504,0.253122,0.032388,0.438609,0.157746
701_36_31_188,3,3,0.013186,0.0312,0.060961,0.541915,0.014067,0.02004,0.318632
701_36_1224_1348,1,4,0.024199,0.169013,0.142361,0.095075,0.41204,0.050531,0.106782
701_35_1135_1197,0,0,0.558335,0.324894,0.023643,0.02023,0.017113,0.026586,0.029199
701_35_1656_1824,1,0,0.498546,0.315089,0.026975,0.050816,0.042151,0.039168,0.027255
701_36_1446_1591,0,0,0.759264,0.120914,0.019007,0.028903,0.045522,0.017344,0.009046
701_35_855_1006,0,0,0.805977,0.120518,0.014283,0.026732,0.004839,0.018972,0.008678
701_35_1348_1407,1,1,0.247855,0.410065,0.024422,0.113432,0.035822,0.075958,0.092444
701_35_501_593,0,0,0.837638,0.123116,0.009558,0.005899,0.0068,0.008501,0.008488
701_36_1037_1134,1,1,0.363691,0.482733,0.032572,0.02749,0.033927,0.033295,0.026291
701_36_598_688,1,5,0.242296,0.117292,0.012974,0.039682,0.004198,0.561149,0.022409
701_36_450_500,5,1,0.141348,0.370899,0.022065,0.034975,0.010192,0.369795,0.050726
701_35_396_448,1,1,0.194998,0.571867,0.018938,0.060282,0.027612,0.05031,0.075994
701_36_750_846,1,1,0.309202,0.576355,0.009644,0.044574,0.015687,0.015432,0.029106
701_35_689_741,0,0,0.665551,0.161235,0.041371,0.047388,0.014385,0.056225,0.013846
701_36_351_396,1,5,0.042551,0.101118,0.029592,0.028936,0.010369,0.729127,0.058307
701_35_281_298,1,1,0.274801,0.540636,0.016984,0.045634,0.042467,0.03338,0.046098
702_36_110_254,6,1,0.02636,0.36707,0.060599,0.05767,0.038313,0.294286,0.155702
702_36_1217_1406,0,0,0.742629,0.136653,0.010772,0.046761,0.005244,0.043636,0.014305
702_35_1097_1212,1,0,0.641272,0.219853,0.023264,0.010025,0.026951,0.068998,0.009637
702_35_254_290,4,5,0.005566,0.060293,0.04167,0.012503,0.02051,0.808211,0.051247
702_35_1424_1511,1,5,0.059688,0.067405,0.010906,0.010402,0.008598,0.836849,0.006152
702_35_933_988,1,0,0.358459,0.326272,0.053984,0.009663,0.055157,0.145378,0.051088
702_35_562_729,4,1,0.099112,0.662508,0.041033,0.015359,0.067017,0.100021,0.014949
702_36_989_1086,1,1,0.219269,0.404985,0.049861,0.088372,0.107159,0.053602,0.076751
702_35_462_499,4,1,0.054912,0.400974,0.069525,0.054818,0.210473,0.036963,0.172334
702_35_31_70,4,1,0.094681,0.399261,0.131888,0.044038,0.141565,0.048381,0.140186
702_36_335_460,6,1,0.009196,0.283069,0.168914,0.046464,0.164122,0.182714,0.14552
702_36_757_921,1,0,0.486736,0.300394,0.023959,0.037685,0.011457,0.112362,0.027408
702_36_512_547,1,1,0.020048,0.433906,0.215234,0.046939,0.088301,0.041597,0.153974
705_36_1264_1320,1,0,0.613126,0.230083,0.024912,0.024841,0.022723,0.053294,0.031022
705_35_1161_1263,1,1,0.092003,0.367512,0.083629,0.121281,0.110943,0.151991,0.07264
705_36_192_303,6,6,0.00833,0.037075,0.025842,0.249424,0.028191,0.028634,0.622504
705_36_31_126,6,3,0.024358,0.072564,0.013965,0.436981,0.013212,0.03793,0.400991
705_35_756_958,1,4,0.027818,0.256076,0.277347,0.016375,0.383777,0.025001,0.013606
705_36_540_692,6,6,0.015497,0.159554,0.175659,0.074371,0.066492,0.036057,0.47237
705_36_1026_1144,1,0,0.413061,0.393916,0.020799,0.026995,0.043038,0.021054,0.081138
705_35_331_403,5,5,0.003845,0.051265,0.047467,0.004536,0.006917,0.79476,0.091212
705_35_473_520,4,2,0.008001,0.115169,0.408518,0.020303,0.32734,0.070375,0.050294
705_36_406_442,1,5,0.014333,0.056865,0.024123,0.311072,0.01176,0.328027,0.253821
705_36_1479_1530,1,0,0.535792,0.287492,0.026024,0.035716,0.013331,0.075221,0.026424
705_35_1387_1453,1,1,0.05701,0.458019,0.036528,0.191884,0.040271,0.017704,0.198584
705_35_693_716,5,5,0.002941,0.01586,0.011187,0.01986,0.006373,0.889969,0.053811
705_36_726_747,6,5,0.014399,0.057882,0.054159,0.046552,0.016113,0.602566,0.208329
705_35_155_177,6,5,0.018033,0.084543,0.157681,0.102817,0.040591,0.387629,0.208705
710_36_96_218,1,5,0.010056,0.078796,0.111939,0.011167,0.014895,0.450583,0.322565
710_35_1647_1820,4,1,0.201119,0.475616,0.05256,0.015275,0.104832,0.136055,0.014543
710_35_218_263,4,4,0.019367,0.122297,0.114808,0.016395,0.692534,0.018494,0.016106
710_35_824_1139,1,1,0.254884,0.560697,0.040986,0.014361,0.039306,0.067738,0.022029
710_35_1329_1448,1,1,0.098289,0.543002,0.1353,0.010329,0.111096,0.064299,0.037684
710_35_589_771,1,1,0.169117,0.698395,0.022418,0.009387,0.032497,0.056581,0.011604
710_35_31_96,4,4,0.037701,0.295474,0.091908,0.040268,0.352185,0.036422,0.146041
710_35_369_447,1,5,0.046248,0.302484,0.054732,0.015622,0.042928,0.475682,0.062305
710_36_1504_1647,1,5,0.07189,0.199002,0.098488,0.035833,0.074161,0.442867,0.077759
710_36_1202_1275,1,1,0.095182,0.4204,0.054219,0.060001,0.132506,0.027916,0.209777
710_36_771_824,1,5,0.101177,0.165103,0.022285,0.020085,0.010296,0.63771,0.043344
710_36_512_589,0,5,0.081913,0.157868,0.127401,0.012814,0.019107,0.509478,0.091419
710_36_272_318,1,5,0.017575,0.032568,0.027419,0.009299,0.008305,0.779831,0.125002
711_36_1246_1332,2,1,0.225017,0.371959,0.057034,0.092425,0.065357,0.075899,0.112309
711_35_1162_1193,4,1,0.069639,0.398646,0.181885,0.03564,0.215494,0.079977,0.018719
711_36_199_292,2,3,0.020411,0.06545,0.042362,0.451352,0.010124,0.19518,0.21512
711_36_1796_1885,6,6,0.028926,0.16378,0.248142,0.153301,0.097922,0.042194,0.265734
711_36_1443_1600,1,3,0.06144,0.159688,0.069499,0.295176,0.199951,0.10816,0.106087
711_35_2133_2277,1,1,0.247598,0.432486,0.060474,0.036496,0.045292,0.154565,0.023088
711_35_910_1008,0,1,0.063811,0.314239,0.084319,0.107462,0.050845,0.170672,0.208651
711_35_1332_1357,1,4,0.027103,0.274044,0.083448,0.080966,0.274156,0.028623,0.231661
711_36_2277_2405,6,0,0.299608,0.296519,0.027455,0.081009,0.025465,0.236396,0.033548
711_35_592_634,1,6,0.012592,0.052444,0.060956,0.159214,0.032131,0.166402,0.516262
711_36_1069_1162,2,3,0.024145,0.02901,0.012186,0.761524,0.009678,0.084106,0.079352
711_36_2068_2117,1,5,0.026689,0.096016,0.105187,0.064262,0.025917,0.45669,0.22524
711_35_1691_1796,0,1,0.12213,0.535995,0.059472,0.03895,0.197395,0.025517,0.020542
711_35_327_347,6,5,0.032336,0.073144,0.062275,0.03903,0.016864,0.641372,0.134979
711_36_435_501,2,1,0.06693,0.326684,0.17509,0.123376,0.047259,0.126831,0.13383
711_35_31_82,6,5,0.01863,0.239813,0.081014,0.026953,0.020875,0.419189,0.193526
711_35_1885_2030,1,1,0.181639,0.557871,0.050044,0.025999,0.101623,0.021063,0.061761
711_36_845_856,2,2,0.016142,0.232665,0.324374,0.017875,0.280736,0.037035,0.091172
712_35_1219_1306,1,1,0.025685,0.419766,0.07612,0.019581,0.292383,0.079254,0.08721
712_36_31_132,1,3,0.042664,0.161718,0.029516,0.442771,0.014071,0.212891,0.096369
712_36_1088_1219,1,1,0.16138,0.69672,0.021676,0.021191,0.060383,0.014504,0.024146
712_36_736_808,1,2,0.016897,0.173016,0.272674,0.01281,0.110336,0.198606,0.215661
712_36_168_280,1,5,0.043643,0.106049,0.042101,0.260869,0.023196,0.347443,0.176698
712_35_997_1088,1,1,0.127757,0.517865,0.044002,0.029956,0.06574,0.160581,0.054099
712_36_379_503,1,6,0.020837,0.132989,0.019918,0.088148,0.037825,0.085161,0.615122
712_36_622_663,1,1,0.014571,0.53999,0.058257,0.043157,0.017769,0.230826,0.09543
712_35_663_736,3,1,0.222518,0.250565,0.043773,0.148818,0.058174,0.174231,0.101921
712_35_132_168,6,3,0.02007,0.105988,0.087988,0.346128,0.074244,0.227202,0.138379
712_36_925_966,5,5,0.116767,0.091825,0.032454,0.025114,0.012489,0.632734,0.088617
712_35_808_890,6,3,0.025719,0.223759,0.078266,0.29893,0.100797,0.05848,0.21405
712_35_280_325,3,3,0.006748,0.022241,0.013089,0.662313,0.012957,0.151145,0.131507
712_35_503_552,3,3,0.015142,0.044436,0.028066,0.435488,0.090667,0.142333,0.243868
713_36_31_171,4,4,0.012858,0.129579,0.069293,0.020017,0.733609,0.016707,0.017938
713_35_1296_1307,5,5,0.004452,0.022009,0.017002,0.004678,0.007874,0.849456,0.094529
713_35_1543_1742,2,0,0.626958,0.225017,0.039511,0.00945,0.047139,0.021693,0.030231
713_36_1770_1859,1,1,0.165454,0.436072,0.053198,0.173695,0.064319,0.08388,0.023382
713_36_1450_1543,1,1,0.21536,0.434478,0.09043,0.059493,0.037874,0.127878,0.034487
713_36_1340_1388,0,0,0.539451,0.239095,0.044423,0.023193,0.031589,0.092797,0.029452
713_35_1065_1149,5,2,0.025198,0.160901,0.359237,0.030831,0.098188,0.209924,0.11572
713_35_295_397,5,5,0.014108,0.073055,0.133644,0.00926,0.04587,0.666682,0.057381
713_35_611_656,1,2,0.011487,0.237962,0.374554,0.010535,0.109357,0.193302,0.062803
713_36_452_550,4,4,0.013356,0.237513,0.230977,0.046224,0.26762,0.064494,0.139816
713_35_1388_1450,5,0,0.528929,0.179547,0.109567,0.00739,0.036209,0.100004,0.038353
713_36_861_927,0,5,0.310781,0.201679,0.077636,0.024663,0.020162,0.318493,0.046586
713_36_1196_1247,1,1,0.082838,0.324277,0.045526,0.274016,0.018913,0.118011,0.13642
713_35_841_861,5,6,0.029083,0.183717,0.077772,0.010625,0.104741,0.085917,0.508144
713_36_731_752,1,5,0.015707,0.041374,0.034383,0.019217,0.017916,0.737657,0.133745
714_36_1290_1440,3,3,0.018977,0.021586,0.030692,0.655042,0.049335,0.011698,0.212669
714_35_1141_1245,0,0,0.620948,0.16828,0.016737,0.053522,0.023008,0.102583,0.014922
714_35_1591_1701,3,1,0.149012,0.44892,0.097206,0.052031,0.027876,0.132371,0.092585
714_35_247_325,3,3,0.010081,0.100708,0.091611,0.254895,0.112157,0.224505,0.206043
714_35_1440_1486,1,1,0.045609,0.625804,0.090149,0.018934,0.114941,0.074792,0.029771
714_35_891_1040,0,0,0.688778,0.177821,0.028694,0.009515,0.023607,0.05613,0.015455
714_36_145_247,3,2,0.017695,0.080373,0.384027,0.082002,0.026176,0.202447,0.207279
714_36_1040_1141,1,2,0.166305,0.302941,0.307517,0.024727,0.114498,0.040757,0.043256
714_36_325_411,1,1,0.006619,0.450284,0.152233,0.037634,0.278675,0.018011,0.056544
714_36_603_641,1,4,0.0138,0.164871,0.114614,0.065923,0.31208,0.06684,0.261872
714_35_411_543,5,5,0.002935,0.081392,0.131909,0.020098,0.017884,0.624849,0.120933
714_35_31_114,4,1,0.041423,0.377753,0.087691,0.136302,0.111323,0.191504,0.054004
714_36_1501_1591,5,0,0.279075,0.227796,0.144957,0.033518,0.023202,0.201643,0.089809
714_35_641_795,5,5,0.028037,0.199218,0.274177,0.021758,0.044301,0.305344,0.127164
714_36_828_891,5,5,0.009932,0.130535,0.073162,0.056107,0.031531,0.585491,0.113242
715_36_31_211,4,2,0.014381,0.189588,0.395963,0.035766,0.244363,0.04082,0.07912
715_36_1249_1297,1,5,0.029504,0.150163,0.053167,0.080564,0.047625,0.471343,0.167634
715_35_1087_1249,5,6,0.020311,0.165453,0.092221,0.112793,0.055275,0.250518,0.303428
715_35_1545_1684,1,4,0.006645,0.295886,0.153895,0.011115,0.466535,0.026761,0.039164
715_35_249_312,6,1,0.066461,0.494751,0.057489,0.102891,0.049643,0.139389,0.089375
715_35_882_1033,4,1,0.039007,0.517536,0.05249,0.041022,0.122104,0.173943,0.053898
715_35_1319_1357,5,5,0.005738,0.03552,0.023593,0.031419,0.008723,0.844591,0.050416
715_35_425_619,5,5,0.058472,0.35355,0.077112,0.022322,0.08196,0.38663,0.019955
715_36_1033_1087,3,5,0.035965,0.22864,0.063202,0.169581,0.058359,0.373323,0.07093
715_36_674_826,6,3,0.016583,0.135948,0.032374,0.424829,0.023963,0.024491,0.341812
715_36_347_425,4,2,0.00566,0.197403,0.370935,0.0679,0.107993,0.035539,0.21457
715_36_1357_1460,1,6,0.018237,0.118097,0.111926,0.053921,0.215834,0.169486,0.312499
716_36_31_146,1,1,0.19327,0.601177,0.038818,0.035736,0.019271,0.077448,0.034279
716_35_1238_1387,3,3,0.014966,0.130102,0.018724,0.591769,0.014264,0.072708,0.157467
716_36_1138_1238,0,1,0.42389,0.442869,0.025166,0.024034,0.024441,0.029856,0.029744
716_36_1590_1835,1,3,0.039392,0.154037,0.048562,0.497784,0.012549,0.029763,0.217913
716_35_146_320,3,3,0.008117,0.083464,0.096108,0.385161,0.045839,0.124602,0.25671
716_36_1387_1489,0,1,0.078503,0.46871,0.091251,0.015969,0.032738,0.294053,0.018777
716_35_807_937,3,3,0.005735,0.008995,0.014705,0.782945,0.006805,0.112845,0.06797
716_36_937_1033,1,1,0.036598,0.79756,0.033432,0.022596,0.025821,0.060595,0.023398
716_35_524_718,1,1,0.089684,0.520783,0.026831,0.106968,0.022663,0.147359,0.085713
716_35_1033_1138,3,3,0.040478,0.121676,0.023541,0.329518,0.049439,0.2869,0.148448
716_36_397_524,1,1,0.024425,0.544568,0.123271,0.186084,0.027008,0.033315,0.06133
716_35_1489_1590,5,5,0.038673,0.103858,0.022175,0.008655,0.027639,0.776288,0.022713
716_35_1835_1990,0,0,0.789545,0.15371,0.016503,0.004604,0.011186,0.01801,0.006441
716_36_718_807,1,1,0.021855,0.536313,0.096932,0.113484,0.083215,0.023173,0.125028
718_35_103_145,1,5,0.033912,0.170216,0.051167,0.040546,0.02638,0.58775,0.090029
718_36_1201_1317,4,6,0.03318,0.300038,0.028108,0.164306,0.080534,0.074487,0.319348
718_35_1835_2059,1,1,0.054987,0.498067,0.118175,0.041309,0.065225,0.095343,0.126894
718_35_984_1201,0,1,0.228093,0.527457,0.028235,0.038387,0.015631,0.109122,0.053074
718_36_1499_1813,3,3,0.031297,0.031386,0.015416,0.779963,0.017635,0.045946,0.078358
718_35_1371_1499,1,1,0.049708,0.568035,0.031259,0.102868,0.125017,0.072179,0.050934
718_36_864_984,5,5,0.013224,0.053024,0.011513,0.03271,0.007572,0.845623,0.036335
718_35_562_660,4,1,0.059133,0.492947,0.110538,0.018886,0.053736,0.220817,0.043944
718_36_145_198,3,3,0.055639,0.111107,0.035821,0.349558,0.018385,0.095682,0.333809
718_35_314_436,3,1,0.140752,0.398079,0.024606,0.095904,0.008472,0.284324,0.047864
718_36_436_548,3,6,0.04444,0.117912,0.02919,0.203741,0.015232,0.172921,0.416565
718_36_31_103,3,6,0.031601,0.090048,0.033621,0.220713,0.030835,0.060205,0.532977
718_35_767_864,0,3,0.041546,0.181352,0.058409,0.392361,0.042472,0.018486,0.265374
718_36_660_767,3,3,0.020857,0.019954,0.008562,0.831249,0.010728,0.058867,0.049784
719_36_113_133,1,6,0.020928,0.211395,0.040987,0.108066,0.15815,0.015922,0.444553
719_35_1134_1311,3,6,0.006283,0.175048,0.099914,0.088266,0.047141,0.197448,0.385901
719_36_1343_1505,3,3,0.027723,0.104337,0.11015,0.410316,0.055235,0.059872,0.232368
719_35_920_1010,3,4,0.019213,0.125269,0.243439,0.03793,0.476153,0.030518,0.067478
719_36_567_643,1,3,0.006966,0.155022,0.252434,0.27768,0.040235,0.045298,0.222366
719_35_400_520,5,5,0.011924,0.224315,0.107676,0.132457,0.023444,0.27879,0.221394
719_35_31_76,5,5,0.010852,0.053649,0.0581,0.239252,0.073525,0.320653,0.243969
719_35_1505_1620,3,3,0.01489,0.041657,0.069066,0.58458,0.09011,0.016857,0.18284
719_36_727_886,4,1,0.015661,0.25487,0.080188,0.140221,0.096865,0.159714,0.252481
719_35_677_727,3,6,0.032547,0.159156,0.028936,0.249039,0.025936,0.052423,0.451964
719_36_1044_1089,5,6,0.017163,0.049711,0.056046,0.163674,0.01413,0.155413,0.543863
719_36_302_328,1,5,0.051013,0.232857,0.059235,0.107407,0.033525,0.349476,0.166487
719_35_222_250,5,6,0.010965,0.070927,0.113792,0.043887,0.049417,0.340365,0.370647
720_35_85_186,1,4,0.021777,0.35326,0.096655,0.017004,0.420025,0.037185,0.054094
720_36_1173_1427,3,3,0.00824,0.023847,0.014319,0.6966,0.087165,0.078537,0.091291
720_35_1980_2053,0,5,0.147071,0.272278,0.061374,0.068144,0.052395,0.340197,0.058542
720_36_1561_1720,3,5,0.168946,0.047147,0.023371,0.083768,0.009391,0.648903,0.018475
720_36_186_263,4,1,0.061735,0.503839,0.040319,0.088376,0.040797,0.114535,0.150399
720_35_1767_1872,0,5,0.037255,0.156127,0.05471,0.014473,0.018376,0.702771,0.016288
720_35_1427_1492,0,5,0.006901,0.145486,0.056225,0.015309,0.020697,0.673476,0.081905
720_36_877_983,2,5,0.029811,0.244713,0.020983,0.186312,0.029819,0.42109,0.067272
720_36_575_684,4,6,0.014146,0.082423,0.023553,0.214375,0.028198,0.100047,0.537259
720_35_1026_1173,1,4,0.04245,0.398627,0.066237,0.016999,0.442966,0.017176,0.015544
720_36_2053_2192,1,1,0.156987,0.334232,0.185671,0.05339,0.189622,0.045376,0.034722
720_35_263_445,4,1,0.236043,0.46897,0.029332,0.025685,0.109424,0.102716,0.027829
720_36_445_523,4,0,0.401587,0.371947,0.018489,0.041771,0.012641,0.097697,0.055868
720_36_31_85,4,1,0.136509,0.489964,0.03141,0.078686,0.023501,0.201373,0.038557
720_35_817_877,0,1,0.23892,0.389379,0.029467,0.030873,0.013361,0.263928,0.034073
720_36_1872_1980,3,3,0.017799,0.115608,0.202212,0.326927,0.070933,0.173829,0.092692
720_35_523_575,0,5,0.014939,0.127614,0.053156,0.011101,0.013304,0.716534,0.063352
1000_49_2411_2693,1,5,0.014802,0.228059,0.056545,0.095287,0.040812,0.531539,0.032957
1000_49_123_203,3,3,0.00395,0.001734,0.004204,0.965495,0.011055,0.008927,0.004635
1000_50_1278_1361,2,1,0.141066,0.327544,0.072919,0.184464,0.073916,0.018013,0.182078
1000_49_1127_1217,1,4,0.013481,0.28098,0.171358,0.032972,0.350136,0.009578,0.141494
1000_50_250_305,3,3,0.012366,0.019797,0.01085,0.843218,0.030166,0.010873,0.07273
1000_50_2739_2824,4,4,0.071722,0.164091,0.081275,0.160669,0.347949,0.112238,0.062056
1000_49_924_944,2,5,0.037558,0.129745,0.079423,0.011853,0.015398,0.710151,0.015873
1000_50_2067_2410,2,6,0.03117,0.110801,0.036427,0.273366,0.04597,0.03574,0.466526
1000_50_1004_1106,3,6,0.013483,0.042172,0.017124,0.145919,0.031796,0.040528,0.708979
1000_50_1465_1947,2,3,0.048579,0.13553,0.069352,0.396144,0.16261,0.035039,0.152746
1000_49_639_685,5,5,0.005128,0.017021,0.011809,0.314602,0.005255,0.638125,0.00806
1000_50_517_632,3,3,0.049401,0.116489,0.060687,0.511254,0.134972,0.024184,0.103014
1000_49_1392_1455,1,1,0.008443,0.51406,0.16665,0.023277,0.148894,0.089059,0.049618
1000_49_1977_2049,1,3,0.025347,0.079196,0.024161,0.68437,0.01494,0.075689,0.096298
1000_50_854_896,3,3,0.024983,0.042855,0.047958,0.400377,0.023839,0.119178,0.34081
1000_49_333_459,3,3,0.012485,0.078901,0.051549,0.526798,0.188523,0.098728,0.043016
1000_50_31_107,3,3,0.006662,0.002795,0.003725,0.937347,0.006076,0.011073,0.032323
962_50_104_183,5,5,0.014127,0.047396,0.063433,0.035944,0.060143,0.576235,0.202723
962_50_1146_1187,1,1,0.240941,0.361828,0.052694,0.138659,0.070152,0.041799,0.093926
962_49_197_268,5,5,0.014896,0.037962,0.018949,0.010068,0.011511,0.898541,0.008074
962_49_942_1108,1,1,0.430022,0.431811,0.043965,0.016778,0.039083,0.02046,0.01788
962_50_1312_1397,1,3,0.011694,0.005427,0.004963,0.94195,0.00993,0.012356,0.01368
962_49_584_694,3,4,0.018214,0.272418,0.1377,0.027942,0.318028,0.021533,0.204166
962_50_301_360,6,6,0.034528,0.094791,0.068342,0.085975,0.170216,0.059689,0.48646
962_49_389_504,1,1,0.053938,0.680116,0.055156,0.041331,0.07761,0.032639,0.059208
962_49_31_83,5,5,0.016312,0.15285,0.160679,0.042153,0.174717,0.26939,0.183899
962_49_1217_1279,1,0,0.496506,0.365222,0.028627,0.040041,0.019841,0.019543,0.03022
962_49_785_831,3,6,0.030059,0.231143,0.095294,0.143931,0.071868,0.092836,0.334869
962_50_710_764,3,3,0.013289,0.034943,0.016038,0.445443,0.043359,0.009763,0.437166
962_49_1408_1459,3,3,0.172791,0.292254,0.042992,0.363906,0.01724,0.073128,0.037689
962_50_514_548,2,2,0.013165,0.116036,0.309867,0.021657,0.271994,0.14864,0.11864
962_50_860_912,1,6,0.061395,0.271742,0.030672,0.224258,0.120463,0.010889,0.280581
965_50_112_260,3,1,0.033379,0.297082,0.042877,0.210162,0.215041,0.054304,0.147155
965_49_1174_1261,4,3,0.025023,0.080494,0.060036,0.519658,0.201583,0.056388,0.056819
965_49_1414_1529,3,3,0.03055,0.109492,0.02898,0.635207,0.113697,0.030311,0.051764
965_50_928_1007,3,3,0.02106,0.028423,0.012026,0.726339,0.009098,0.020203,0.182852
965_50_1303_1378,3,4,0.015615,0.135599,0.039575,0.079038,0.65944,0.010257,0.060476
965_49_519_637,3,1,0.061341,0.614635,0.017069,0.173439,0.056396,0.032098,0.045021
965_50_1091_1137,3,3,0.013742,0.025843,0.01121,0.793416,0.018541,0.015455,0.121793
965_49_292_386,3,3,0.024757,0.087729,0.015694,0.726853,0.042438,0.042576,0.059954
965_49_1026_1087,3,3,0.023323,0.132397,0.015204,0.745322,0.017069,0.052606,0.01408
965_50_422_488,3,1,0.085019,0.587054,0.061518,0.09443,0.048914,0.023251,0.099814
965_49_31_89,1,1,0.085452,0.680044,0.032023,0.0292,0.053171,0.094422,0.025687
965_50_661_802,3,3,0.023918,0.072118,0.024518,0.741167,0.052806,0.023936,0.061537
965_50_1544_1612,3,3,0.033797,0.051015,0.015575,0.667465,0.088115,0.017383,0.126648
965_49_824_913,3,1,0.295302,0.34411,0.020611,0.202109,0.008869,0.071186,0.057813
966_49_1281_1434,1,0,0.427219,0.392439,0.064049,0.011062,0.039675,0.05242,0.013136
966_50_1111_1241,0,0,0.469722,0.250963,0.021341,0.056676,0.006206,0.108455,0.086637
966_49_210_298,3,3,0.041988,0.271701,0.020277,0.548276,0.036064,0.030903,0.050791
966_50_888_953,0,5,0.367574,0.030348,0.01444,0.013497,0.00644,0.557626,0.010076
966_50_129_184,3,3,0.00903,0.006383,0.016837,0.840371,0.011423,0.019581,0.096374
966_50_333_384,1,0,0.583114,0.286372,0.02273,0.026959,0.019587,0.038573,0.022664
966_49_623_672,5,1,0.046363,0.446999,0.11273,0.070246,0.160473,0.075477,0.087712
966_49_981_1100,5,1,0.080055,0.457005,0.030204,0.03491,0.02261,0.365353,0.009863
966_49_407_493,1,1,0.166537,0.522248,0.024117,0.192351,0.018122,0.050885,0.025739
966_49_31_105,5,4,0.136475,0.318149,0.073596,0.020806,0.397133,0.028259,0.025584
966_50_1468_1571,0,0,0.897855,0.059385,0.00822,0.007897,0.004846,0.014784,0.007014
966_49_815_880,5,5,0.077027,0.357862,0.013742,0.013523,0.008473,0.521273,0.0081
966_50_714_768,0,3,0.17007,0.280822,0.013417,0.403277,0.023732,0.010597,0.098084
966_49_1596_1666,1,1,0.217302,0.464518,0.063606,0.135727,0.019993,0.072043,0.026812
966_50_522_590,1,1,0.105621,0.572152,0.026564,0.080285,0.128539,0.01678,0.07006
967_49_31_175,6,1,0.030481,0.519133,0.126738,0.044051,0.126127,0.025481,0.127988
967_49_1253_1547,1,4,0.053666,0.335868,0.115767,0.008082,0.457302,0.017213,0.012101
967_49_2025_2122,0,0,0.651461,0.248612,0.037725,0.010962,0.014517,0.021165,0.015559
967_50_1160_1214,1,1,0.23228,0.629168,0.016898,0.025888,0.03476,0.030322,0.030684
967_50_203_280,1,6,0.106112,0.263585,0.045466,0.109673,0.027365,0.116821,0.330979
967_49_1689_1847,1,1,0.330145,0.520655,0.065053,0.013985,0.028316,0.026721,0.015125
967_50_911_969,1,1,0.142442,0.625218,0.031363,0.042493,0.062809,0.026964,0.06871
967_49_549_677,6,1,0.043071,0.337291,0.081693,0.077028,0.134568,0.121632,0.204718
967_49_1005_1133,1,1,0.262845,0.583451,0.050336,0.005839,0.065585,0.01557,0.016374
967_49_304_375,1,1,0.051129,0.632291,0.046388,0.124745,0.030985,0.074486,0.039977
967_50_385_510,1,0,0.55986,0.33808,0.021949,0.010846,0.012096,0.042699,0.014469
967_49_794_883,1,1,0.390535,0.507456,0.028353,0.007739,0.027771,0.021351,0.016794
967_50_1848_1994,1,5,0.059395,0.110779,0.016035,0.097803,0.021773,0.662916,0.031299
967_50_700_768,1,1,0.153644,0.623735,0.03087,0.036877,0.07058,0.043348,0.040946
967_50_1575_1652,0,1,0.165841,0.408665,0.06873,0.051561,0.039807,0.123277,0.14212
968_49_94_165,5,3,0.009025,0.007039,0.012581,0.630774,0.010794,0.324156,0.00563
968_49_1196_1382,5,3,0.008483,0.061816,0.033198,0.636617,0.023559,0.170709,0.065618
968_49_1565_1766,0,3,0.078516,0.228691,0.066337,0.514652,0.016919,0.079518,0.015368
968_50_201_272,1,1,0.066249,0.423969,0.090798,0.050428,0.163806,0.050388,0.154361
968_50_1390_1561,6,3,0.025894,0.063096,0.020767,0.639574,0.022766,0.023197,0.204706
968_49_877_1000,6,1,0.016729,0.336348,0.088281,0.120473,0.070162,0.17253,0.195477
968_50_540_616,1,4,0.008224,0.262049,0.143615,0.104007,0.28349,0.038721,0.159893
968_50_1036_1169,6,6,0.017584,0.098317,0.277208,0.173221,0.042502,0.030325,0.360842
968_49_279_343,5,3,0.044698,0.131786,0.023373,0.674515,0.008428,0.100378,0.016822
968_49_632_732,6,3,0.006733,0.161181,0.027246,0.509303,0.036498,0.106655,0.152385
968_49_425_502,3,3,0.061869,0.224157,0.039671,0.317129,0.040561,0.121971,0.194643
968_50_31_91,6,6,0.020137,0.048131,0.040092,0.127432,0.024438,0.044368,0.695402
968_50_733_848,6,6,0.033295,0.151568,0.04799,0.202274,0.042306,0.247664,0.274903
968_50_344_409,1,3,0.020264,0.056655,0.022097,0.768814,0.013098,0.039738,0.079335
969_49_123_214,6,3,0.012869,0.254415,0.078556,0.267731,0.107059,0.039693,0.239677
969_49_1271_1379,6,3,0.015686,0.126217,0.028156,0.492767,0.198225,0.08109,0.057858
969_50_1071_1248,1,3,0.042223,0.152144,0.029189,0.513184,0.047453,0.02562,0.190186
969_49_1625_1731,1,3,0.037086,0.186232,0.034046,0.669483,0.020851,0.036378,0.015925
969_50_226_322,6,1,0.025388,0.311189,0.032753,0.19194,0.179547,0.018967,0.240217
969_50_1746_1833,1,6,0.052684,0.219548,0.082641,0.078581,0.14818,0.146145,0.272221
969_50_1421_1589,1,4,0.042155,0.292758,0.085707,0.075481,0.430488,0.043228,0.030184
969_50_906_968,6,3,0.017725,0.02429,0.016688,0.857605,0.018307,0.01261,0.052774
969_50_517_595,6,3,0.017594,0.061854,0.025222,0.54719,0.025825,0.021133,0.301182
969_49_598_688,3,3,0.03289,0.144115,0.032848,0.524514,0.014927,0.186467,0.064239
969_49_980_1049,3,3,0.008479,0.015582,0.010112,0.905443,0.005295,0.014182,0.040907
969_49_343_496,6,3,0.021467,0.276492,0.042985,0.330682,0.027708,0.093296,0.207371
969_50_31_104,6,3,0.020396,0.124883,0.014258,0.619636,0.031822,0.031346,0.157658
969_49_812_904,3,3,0.013805,0.015727,0.018278,0.891345,0.00822,0.019976,0.03265
969_49_1845_1961,1,3,0.00729,0.041997,0.015006,0.872572,0.010356,0.043849,0.008931
969_50_727_797,6,3,0.015042,0.060092,0.045799,0.55808,0.078764,0.012823,0.2294
970_49_31_150,6,1,0.203162,0.438321,0.040332,0.035245,0.024089,0.055984,0.202866
970_49_1135_1348,5,1,0.137022,0.535325,0.049194,0.024001,0.030426,0.182842,0.04119
970_50_1648_1796,5,2,0.010526,0.113076,0.316676,0.050793,0.152047,0.301313,0.055568
970_50_206_258,5,1,0.040676,0.289901,0.278799,0.040384,0.136584,0.087738,0.125918
970_49_1802_2030,5,1,0.108959,0.635202,0.105133,0.011313,0.079581,0.025977,0.033835
970_50_1349_1463,5,5,0.008676,0.022058,0.012923,0.009483,0.007909,0.923457,0.015495
970_50_866_962,6,6,0.034414,0.188196,0.108552,0.172253,0.066298,0.020809,0.409478
970_49_512_597,1,0,0.423008,0.420686,0.041052,0.011691,0.020944,0.019825,0.062794
970_50_1056_1111,6,6,0.025331,0.151608,0.079366,0.193796,0.026757,0.045066,0.478077
970_49_261_357,5,0,0.676032,0.07936,0.026324,0.006541,0.008971,0.197848,0.004924
970_50_616_727,5,2,0.012245,0.080528,0.421978,0.021285,0.192977,0.24515,0.025838
970_49_986_1043,6,1,0.155588,0.33153,0.066999,0.062952,0.01325,0.306145,0.063537
970_50_366_492,5,1,0.119866,0.449924,0.146537,0.049185,0.092469,0.062323,0.079695
970_49_1476_1627,5,1,0.060863,0.668281,0.022702,0.013517,0.0137,0.215614,0.005324
970_49_746_848,0,1,0.067236,0.439202,0.207189,0.00694,0.083027,0.183336,0.01307
971_49_1203_1386,0,0,0.561084,0.247854,0.028149,0.009288,0.020628,0.124674,0.008323
971_50_1417_1734,2,1,0.059714,0.306359,0.134702,0.0795,0.245215,0.065799,0.108712
971_50_225_311,2,3,0.036263,0.255858,0.047243,0.425574,0.097521,0.031478,0.106065
971_49_1761_1870,0,1,0.424458,0.482058,0.019596,0.01389,0.036672,0.010399,0.012927
971_49_941_1049,0,1,0.299215,0.35712,0.031318,0.013826,0.025051,0.267696,0.005774
971_49_499_601,5,0,0.646948,0.08009,0.012788,0.005346,0.006353,0.243559,0.004917
971_50_1101_1179,2,1,0.043761,0.378013,0.136721,0.028383,0.271936,0.029434,0.111752
971_49_326_400,5,5,0.109863,0.276327,0.050568,0.003442,0.010684,0.538399,0.010717
971_50_626_698,2,4,0.007089,0.093995,0.065199,0.030435,0.749103,0.005712,0.048466
971_50_416_484,2,1,0.060843,0.385088,0.253348,0.042025,0.123763,0.069373,0.065561
971_50_31_118,2,4,0.050447,0.102161,0.059341,0.036723,0.725786,0.013406,0.012137
971_49_716_821,0,0,0.749578,0.192718,0.009838,0.003251,0.008152,0.031949,0.004513
971_49_139_178,5,5,0.010914,0.053953,0.01828,0.004232,0.004383,0.90255,0.005687
971_50_845_919,2,3,0.050353,0.161339,0.056488,0.391491,0.139444,0.08789,0.112993
972_49_107_219,1,5,0.050741,0.149495,0.026217,0.015974,0.014686,0.721257,0.02163
972_50_1243_1421,0,1,0.124208,0.382326,0.098964,0.020736,0.323769,0.028184,0.021813
972_49_1029_1217,1,5,0.068461,0.217949,0.05789,0.189762,0.020781,0.231411,0.213745
972_49_1457_1715,0,0,0.573801,0.378747,0.010782,0.004698,0.013437,0.012488,0.006046
972_50_1761_1849,4,1,0.094048,0.501519,0.105686,0.017985,0.244917,0.019535,0.01631
972_50_933_1001,1,0,0.457822,0.409339,0.017758,0.05317,0.010277,0.018682,0.032951
972_49_610_661,0,1,0.232416,0.637813,0.024693,0.007064,0.032231,0.058234,0.007549
972_49_367_494,0,1,0.246483,0.512784,0.054354,0.006412,0.028526,0.136243,0.015197
972_50_31_78,6,6,0.031197,0.066538,0.051062,0.021583,0.024072,0.25287,0.552678
972_49_799_917,1,1,0.055588,0.711598,0.041756,0.025847,0.058217,0.05533,0.051664
972_50_704_758,2,4,0.009569,0.047005,0.085999,0.027576,0.79944,0.007265,0.023146
972_50_519_549,1,1,0.25278,0.322679,0.102014,0.019775,0.036161,0.177283,0.089308
972_50_261_328,4,4,0.021622,0.060803,0.106404,0.04225,0.745815,0.015462,0.007643
973_49_1267_1417,0,0,0.732213,0.211902,0.014922,0.004243,0.009633,0.022184,0.004904
973_50_1179_1228,1,1,0.098496,0.497943,0.043349,0.186809,0.075938,0.029837,0.067627
973_49_1626_1690,6,0,0.52982,0.348381,0.021566,0.03269,0.006149,0.043237,0.018156
973_49_233_316,0,1,0.202468,0.593906,0.036782,0.032105,0.02194,0.038061,0.074739
973_50_1458_1594,1,1,0.198067,0.576021,0.024536,0.101533,0.034685,0.020402,0.044755
973_49_97_125,5,5,0.005138,0.019278,0.013722,0.015502,0.002975,0.842949,0.100435
973_50_877_956,0,5,0.326818,0.093312,0.043234,0.020308,0.01182,0.489524,0.014985
973_50_144_200,6,6,0.028664,0.044572,0.02205,0.224359,0.007762,0.014297,0.658296
973_49_1000_1124,6,1,0.021671,0.398104,0.070769,0.030079,0.31142,0.086023,0.081933
973_49_454_559,6,1,0.282336,0.595941,0.021314,0.010096,0.02201,0.05627,0.012033
973_50_31_78,6,6,0.013639,0.047532,0.016702,0.12809,0.022333,0.018104,0.7536
973_50_601_629,6,4,0.010717,0.204111,0.125059,0.021847,0.504709,0.011733,0.121825
973_49_662_860,2,1,0.042805,0.373784,0.184037,0.008435,0.358176,0.01622,0.016543
973_50_339_424,1,5,0.028612,0.149337,0.169604,0.020565,0.112395,0.463628,0.055859
974_49_1213_1712,4,4,0.019786,0.325493,0.049552,0.018554,0.5284,0.027479,0.030734
974_50_1748_2063,6,4,0.024439,0.129159,0.056803,0.111574,0.538167,0.025245,0.114613
974_49_251_328,3,3,0.012203,0.006996,0.01038,0.891828,0.008614,0.013274,0.056705
974_50_933_993,6,3,0.022608,0.046091,0.015584,0.625246,0.042198,0.008667,0.239605
974_50_130_218,3,3,0.012847,0.013384,0.012422,0.86298,0.022231,0.006132,0.070005
974_50_1130_1180,6,3,0.00672,0.007196,0.007165,0.856838,0.023966,0.012504,0.085611
974_50_604_756,6,3,0.03275,0.094331,0.032597,0.495058,0.182254,0.024339,0.138672
974_49_1023_1086,6,6,0.045464,0.1949,0.024065,0.185095,0.142014,0.012292,0.396169
974_49_460_570,6,3,0.00985,0.020324,0.017559,0.78452,0.040173,0.010524,0.117049
974_49_31_103,6,6,0.023344,0.304923,0.046405,0.119248,0.050103,0.024577,0.431399
974_49_787_895,6,4,0.04547,0.23059,0.035212,0.271719,0.289513,0.014962,0.112535
974_49_2089_2168,3,6,0.010843,0.05634,0.009935,0.408269,0.041514,0.008506,0.464594
974_50_367_427,3,3,0.013512,0.007646,0.007508,0.918301,0.006264,0.019649,0.02712
976_49_99_221,6,4,0.007148,0.151353,0.050119,0.068235,0.465229,0.04601,0.211905
976_49_1845_2049,4,4,0.01307,0.343004,0.036152,0.063884,0.388279,0.045446,0.110165
976_50_1305_1799,6,1,0.06195,0.429755,0.055593,0.05211,0.285656,0.032468,0.082467
976_50_2098_2242,6,4,0.080013,0.294008,0.04605,0.071822,0.411227,0.011585,0.085294
976_50_801_939,1,1,0.046321,0.405249,0.121128,0.019542,0.330168,0.038899,0.038693
976_50_561_619,5,1,0.032886,0.33261,0.086063,0.017634,0.182468,0.263271,0.085067
976_50_1121_1178,6,6,0.028531,0.214772,0.029573,0.235851,0.09025,0.012049,0.388974
976_50_268_354,6,4,0.04138,0.314223,0.059112,0.021811,0.485815,0.025551,0.052107
976_49_974_1055,4,4,0.009597,0.164003,0.059281,0.004527,0.740773,0.0046,0.017219
976_49_386_508,6,1,0.025933,0.433854,0.068998,0.188024,0.077637,0.047773,0.15778
976_50_31_70,4,4,0.008667,0.153123,0.024676,0.021585,0.747863,0.005784,0.038302
976_49_1209_1264,6,1,0.220248,0.287652,0.14973,0.081063,0.051289,0.140815,0.069202
976_49_652_747,2,1,0.161649,0.55963,0.044283,0.013846,0.074983,0.114532,0.031077
978_49_90_139,1,5,0.16753,0.19652,0.038896,0.017894,0.021654,0.545568,0.011938
978_49_1201_1505,1,1,0.016648,0.573506,0.137651,0.01153,0.191348,0.03947,0.029846
978_50_1878_2052,4,3,0.011541,0.079909,0.037599,0.512498,0.045694,0.01636,0.296399
978_50_1082_1184,4,1,0.02812,0.45061,0.067592,0.037923,0.293408,0.025138,0.097209
978_50_1527_1738,4,4,0.008564,0.198823,0.114081,0.07161,0.46086,0.061179,0.084883
978_49_216_291,3,5,0.006197,0.102541,0.046418,0.304651,0.045446,0.429188,0.065559
978_49_1757_1851,3,6,0.009556,0.12069,0.036036,0.260183,0.03744,0.196047,0.340049
978_50_811_940,4,4,0.017569,0.144477,0.081226,0.114246,0.513072,0.019492,0.109918
978_50_531_641,4,1,0.007081,0.256768,0.216813,0.062521,0.204119,0.020971,0.231728
978_50_141_202,4,4,0.024197,0.188181,0.104306,0.133035,0.404122,0.013311,0.132847
978_50_315_456,4,1,0.018834,0.350555,0.197343,0.029001,0.31196,0.041995,0.050311
978_49_956_1063,3,3,0.008121,0.02135,0.009715,0.848224,0.010681,0.008195,0.093714
978_49_458_516,3,1,0.014261,0.386901,0.1393,0.020752,0.09949,0.233228,0.106067
978_50_31_80,4,4,0.026951,0.183993,0.054371,0.036095,0.638378,0.009082,0.051129
978_49_669_795,3,1,0.018957,0.43478,0.056965,0.014126,0.334428,0.021781,0.118965
981_49_1182_1434,3,3,0.006717,0.004448,0.009299,0.913315,0.010784,0.04815,0.007287
981_49_1602_1802,3,3,0.022421,0.042254,0.010373,0.810984,0.010178,0.090851,0.01294
981_49_194_284,5,3,0.009952,0.027909,0.08529,0.61949,0.037471,0.121547,0.09834
981_49_877_996,3,3,0.011268,0.023108,0.02544,0.872442,0.012535,0.032668,0.02254
981_49_582_708,3,3,0.010991,0.029024,0.022676,0.776719,0.008203,0.131684,0.020703
981_50_1084_1170,3,2,0.0093,0.130535,0.473028,0.07228,0.263332,0.024723,0.026803
981_50_322_382,3,2,0.025531,0.166626,0.360129,0.082909,0.076688,0.11683,0.171288
981_49_31_91,5,2,0.004006,0.040081,0.744431,0.006248,0.067017,0.057227,0.08099
981_49_400_439,3,3,0.05723,0.293508,0.072565,0.329116,0.152223,0.038517,0.05684
981_50_1485_1582,3,3,0.014228,0.026398,0.01353,0.841526,0.028975,0.032066,0.043278
981_50_712_872,3,5,0.012563,0.054316,0.142294,0.111887,0.05866,0.584012,0.03627
981_50_1828_1888,3,3,0.007033,0.071081,0.048071,0.434232,0.276474,0.127792,0.035317
981_50_482_569,3,5,0.012425,0.083775,0.067626,0.176083,0.033733,0.458526,0.167834
981_50_131_176,5,5,0.028557,0.0628,0.103627,0.147919,0.099261,0.398602,0.159234
982_49_1267_1785,3,3,0.007356,0.018527,0.029004,0.73182,0.063914,0.031058,0.118321
982_50_1180_1243,3,4,0.018004,0.089493,0.03291,0.047519,0.758618,0.02138,0.032076
982_50_888_1014,3,3,0.021372,0.048151,0.023628,0.661626,0.036149,0.030453,0.17862
982_50_131_241,3,4,0.007904,0.037793,0.047447,0.039151,0.841946,0.014299,0.011461
982_50_587_644,3,3,0.060556,0.180572,0.027093,0.489901,0.075938,0.066674,0.099266
982_49_1055_1129,3,3,0.009336,0.136611,0.085779,0.31888,0.280522,0.052365,0.116507
982_49_259_339,3,3,0.006536,0.023104,0.029717,0.819565,0.021629,0.080401,0.019048
982_49_471_530,3,3,0.006519,0.01275,0.011275,0.871315,0.006267,0.015579,0.076295
982_49_31_108,6,3,0.004711,0.007162,0.006734,0.904536,0.014852,0.02992,0.032086
982_50_376_442,3,3,0.009197,0.006894,0.009239,0.899261,0.019387,0.029581,0.026441
982_49_663_834,5,1,0.025278,0.296914,0.073603,0.11281,0.061766,0.146398,0.283232
982_50_1832_2021,3,3,0.015725,0.010419,0.020252,0.706516,0.08582,0.125694,0.035574
983_50_1137_1329,4,4,0.010877,0.116957,0.036795,0.010241,0.80559,0.009257,0.010283
983_50_1613_1747,4,4,0.019732,0.216797,0.164181,0.046332,0.463708,0.034248,0.055002
983_50_165_264,4,6,0.023057,0.099694,0.053853,0.151853,0.127649,0.051754,0.49214
983_49_1778_1840,6,3,0.008502,0.119409,0.037342,0.433398,0.112951,0.152995,0.135403
983_49_1356_1583,3,3,0.01438,0.103512,0.02026,0.424381,0.042381,0.266031,0.129056
983_50_924_1010,4,4,0.008006,0.098376,0.084451,0.019164,0.739287,0.017122,0.033593
983_49_331_375,3,3,0.009279,0.024327,0.09771,0.488523,0.160043,0.129872,0.090246
983_50_408_475,4,1,0.051546,0.345347,0.016788,0.252661,0.150457,0.037168,0.146034
983_49_749_865,6,1,0.038285,0.524691,0.062818,0.015106,0.15888,0.092726,0.107495
983_49_80_114,3,3,0.012821,0.022812,0.014822,0.716059,0.026552,0.027323,0.17961
983_50_643_704,4,4,0.009744,0.087803,0.055145,0.062411,0.705894,0.016788,0.062216
983_49_502_590,3,3,0.016863,0.053778,0.062732,0.498511,0.024506,0.333551,0.010059
983_49_1058_1094,6,4,0.010562,0.260234,0.23306,0.0223,0.364426,0.024911,0.084507
983_50_31_49,6,6,0.025821,0.060089,0.118315,0.056732,0.113827,0.221687,0.403528
984_49_80_136,3,3,0.013187,0.008651,0.010389,0.741903,0.007886,0.009959,0.208025
984_50_1129_1344,4,4,0.014789,0.091758,0.151325,0.031057,0.674482,0.015146,0.021443
984_50_2022_2063,4,3,0.02617,0.178995,0.058329,0.274296,0.215764,0.023918,0.222529
984_50_1625_1849,4,4,0.025764,0.146494,0.048566,0.035444,0.570455,0.040718,0.132559
984_50_152_271,4,3,0.067233,0.146535,0.019981,0.412662,0.203876,0.026379,0.123335
984_49_1375_1578,3,1,0.016341,0.601588,0.035638,0.095784,0.156503,0.038889,0.055256
984_50_875_955,4,4,0.027179,0.316091,0.057383,0.046146,0.390292,0.013463,0.149446
984_49_563_612,3,3,0.046422,0.151206,0.062819,0.514764,0.022729,0.189335,0.012725
984_49_306_356,3,5,0.032836,0.03056,0.049218,0.318524,0.028422,0.455969,0.084471
984_49_982_1091,3,3,0.014685,0.061814,0.021302,0.777337,0.025062,0.033099,0.0667
984_50_403_518,4,4,0.023359,0.127661,0.099108,0.042084,0.456264,0.009929,0.241594
984_49_1878_1994,3,3,0.003563,0.009339,0.006453,0.711406,0.011322,0.241027,0.01689
984_50_643_722,4,1,0.024902,0.440593,0.041702,0.070871,0.217161,0.025596,0.179175
984_49_737_818,3,3,0.008726,0.022949,0.009147,0.876477,0.018031,0.010693,0.053976
984_50_31_49,1,6,0.01849,0.0495,0.037709,0.066694,0.024889,0.165521,0.637197
985_49_105_141,3,3,0.00771,0.012451,0.008356,0.856581,0.009621,0.020312,0.084968
985_50_1148_1325,4,1,0.043975,0.391617,0.056132,0.064135,0.368586,0.031056,0.0445
985_50_166_298,1,6,0.070524,0.235777,0.075761,0.106676,0.051683,0.088776,0.370804
985_50_1726_1849,4,4,0.024476,0.17915,0.030163,0.040698,0.677363,0.013073,0.035078
985_49_1364_1665,1,3,0.067584,0.295341,0.035595,0.43862,0.044198,0.087374,0.031288
985_50_948_1024,4,4,0.00691,0.092377,0.175961,0.012055,0.648605,0.009508,0.054584
985_49_544_611,3,3,0.026202,0.11596,0.017723,0.604353,0.007711,0.214562,0.013487
985_49_1053_1113,3,1,0.058957,0.482534,0.031079,0.119079,0.200223,0.030046,0.078081
985_50_629_754,1,1,0.050528,0.388209,0.143055,0.02186,0.312879,0.02579,0.057678
985_50_446_526,1,3,0.049178,0.225039,0.036413,0.430075,0.059159,0.04035,0.159785
985_50_31_77,4,6,0.016428,0.055273,0.060715,0.056473,0.040798,0.062772,0.707542
985_49_773_893,3,3,0.012216,0.135533,0.02734,0.758533,0.01996,0.026828,0.019591
985_49_340_422,3,3,0.011719,0.047733,0.034921,0.39024,0.025806,0.352828,0.136754
985_49_1899_2043,3,3,0.045525,0.29981,0.044626,0.367937,0.130626,0.085933,0.025543
986_50_1198_1396,4,4,0.047095,0.359393,0.033443,0.035748,0.442009,0.016926,0.065387
986_49_1943_2073,6,1,0.061125,0.467407,0.054584,0.092862,0.211399,0.049079,0.063544
986_50_1577_1680,4,4,0.01541,0.248974,0.097687,0.068758,0.460556,0.019837,0.088778
986_49_238_346,6,1,0.074682,0.669862,0.019416,0.013675,0.032842,0.146771,0.042751
986_49_1719_1831,3,3,0.012383,0.063989,0.039146,0.528258,0.171213,0.038773,0.146238
986_49_1439_1527,3,3,0.014098,0.057695,0.090037,0.54053,0.160991,0.055316,0.081334
986_49_852_930,0,1,0.279726,0.376157,0.037276,0.02692,0.015681,0.223786,0.040455
986_50_132_220,4,1,0.307923,0.310033,0.031257,0.019343,0.033636,0.24948,0.048328
986_49_553_684,4,4,0.013395,0.251262,0.02831,0.016348,0.64451,0.012858,0.033317
986_49_1037_1133,3,1,0.074645,0.368983,0.03832,0.273398,0.122906,0.07356,0.048187
986_50_373_512,4,4,0.029397,0.293123,0.059533,0.020542,0.507883,0.03622,0.053302
986_49_31_105,5,5,0.021403,0.172624,0.044072,0.013912,0.029607,0.671962,0.046421
986_50_709_844,1,4,0.046415,0.281137,0.069173,0.016683,0.522299,0.044585,0.019708
986_50_1854_1918,1,4,0.019417,0.226108,0.095998,0.090028,0.442221,0.025343,0.100885
986_50_2113_2208,4,1,0.034793,0.443398,0.028743,0.019816,0.4327,0.018899,0.02165
986_50_956_1020,1,6,0.096245,0.280506,0.0548,0.020197,0.018472,0.170262,0.359519
989_49_31_136,4,3,0.00903,0.082744,0.036715,0.461651,0.208358,0.131552,0.069949
989_50_1266_1488,4,4,0.007597,0.086264,0.050454,0.024044,0.797298,0.014568,0.019775
989_50_1917_2290,4,4,0.009528,0.058841,0.115484,0.014216,0.742465,0.02268,0.036786
989_49_1076_1214,5,5,0.117215,0.288277,0.035526,0.081451,0.043103,0.389387,0.045041
989_49_1547_1850,1,1,0.089852,0.413829,0.089811,0.105337,0.057259,0.061616,0.182297
989_49_227_325,4,1,0.01201,0.411721,0.100184,0.064575,0.105942,0.090269,0.215299
989_49_871_982,1,3,0.027307,0.234503,0.037266,0.321763,0.104619,0.123901,0.150641
989_50_164_190,1,1,0.079348,0.363427,0.122825,0.036716,0.089026,0.098433,0.210225
989_50_1001_1062,1,1,0.156166,0.43897,0.038911,0.019794,0.016058,0.262429,0.067671
989_50_598_631,1,5,0.037078,0.125117,0.05312,0.067851,0.19615,0.361954,0.158729
989_50_382_460,0,6,0.029669,0.191062,0.045041,0.106512,0.01433,0.290389,0.322997
989_50_777_855,0,1,0.161018,0.576468,0.047387,0.045352,0.066137,0.046358,0.05728
989_49_680_745,1,1,0.014507,0.394603,0.070424,0.113243,0.238166,0.032185,0.136873
989_49_502_587,1,3,0.015069,0.083366,0.134929,0.358724,0.301969,0.067166,0.038778
990_49_31_147,4,3,0.019523,0.07417,0.051852,0.608284,0.100209,0.049251,0.096711
990_49_1264_1560,1,3,0.012045,0.023119,0.047477,0.727392,0.102511,0.060697,0.026758
990_50_1139_1202,4,4,0.022395,0.324871,0.114411,0.032266,0.454578,0.015171,0.036308
990_50_177_241,3,4,0.049428,0.162041,0.071984,0.258616,0.296051,0.083333,0.078547
990_49_543_617,1,3,0.009247,0.066358,0.030539,0.790251,0.01954,0.047865,0.036199
990_49_274_380,4,3,0.008392,0.01649,0.024884,0.838394,0.0669,0.017929,0.02701
990_49_991_1100,1,3,0.019316,0.159312,0.03144,0.618234,0.078424,0.024923,0.068351
990_50_427_501,5,6,0.026321,0.10322,0.101276,0.048381,0.053022,0.311015,0.356766
990_49_770_830,1,3,0.006781,0.038063,0.01979,0.870002,0.011594,0.018118,0.035651
990_49_1688_1759,1,3,0.014403,0.126264,0.110856,0.440064,0.23225,0.035183,0.040979
990_50_683_741,3,6,0.091962,0.165226,0.034587,0.221928,0.038901,0.118532,0.328866
990_50_1584_1667,3,3,0.062742,0.166089,0.0556,0.43355,0.062582,0.096789,0.122647
990_50_869_924,3,3,0.066384,0.230832,0.055324,0.313464,0.04858,0.054903,0.230513
991_50_31_192,3,4,0.016371,0.028725,0.022686,0.38717,0.460302,0.058216,0.02653
991_50_1228_1341,3,1,0.108203,0.510254,0.019902,0.11511,0.120373,0.027319,0.098839
991_49_1357_1703,1,5,0.016022,0.035811,0.019132,0.346497,0.022326,0.545987,0.014225
991_50_1742_1842,3,1,0.155795,0.448203,0.019709,0.117999,0.120433,0.017908,0.119952
991_50_945_1024,3,3,0.011615,0.02199,0.012852,0.772988,0.034198,0.023486,0.122871
991_50_531_596,3,4,0.019759,0.282239,0.048498,0.041063,0.330776,0.016017,0.261647
991_49_1064_1131,3,3,0.009339,0.004991,0.008069,0.928893,0.010681,0.029985,0.008042
991_50_283_360,5,1,0.233247,0.431998,0.025638,0.088795,0.121535,0.017562,0.081225
991_49_635_659,3,3,0.008518,0.016261,0.028858,0.474845,0.010362,0.387978,0.073178
991_49_404_492,3,3,0.010474,0.072603,0.012155,0.82514,0.021277,0.046883,0.011469
991_49_829_901,3,3,0.022726,0.147797,0.049215,0.584507,0.094996,0.08586,0.0149
991_50_724_796,4,4,0.024655,0.191158,0.038951,0.150408,0.413899,0.02612,0.154809
991_49_210_250,3,3,0.029761,0.065434,0.019077,0.727101,0.01293,0.13131,0.014388
992_50_2451_2753,4,4,0.009207,0.089899,0.053618,0.014909,0.806085,0.011161,0.015121
992_49_31_141,4,4,0.012583,0.110731,0.061986,0.01588,0.747483,0.022233,0.029103
992_50_1238_1317,4,4,0.046217,0.159017,0.10111,0.095202,0.372194,0.079126,0.147134
992_49_1106_1235,4,4,0.003975,0.136907,0.113915,0.005968,0.716534,0.012623,0.010078
992_49_1362_1525,4,4,0.023551,0.344967,0.095048,0.010464,0.474585,0.029557,0.021828
992_49_857_959,1,1,0.055204,0.520589,0.026715,0.008181,0.352812,0.01962,0.016879
992_50_163_216,1,5,0.02303,0.077104,0.072588,0.013918,0.038532,0.680898,0.09393
992_49_1859_2388,4,4,0.018575,0.128266,0.027846,0.012212,0.778845,0.018179,0.016077
992_50_1590_1837,4,4,0.015036,0.074282,0.031627,0.008987,0.856458,0.007512,0.006099
992_49_485_672,4,4,0.007767,0.077099,0.050692,0.011381,0.825725,0.009748,0.017589
992_50_683_834,4,4,0.005283,0.045611,0.070952,0.017973,0.826758,0.014196,0.019227
992_50_1003_1084,1,4,0.038935,0.160426,0.039395,0.016342,0.708527,0.022207,0.014168
992_50_346_464,4,4,0.011459,0.065955,0.113433,0.01446,0.733961,0.038981,0.021751
992_49_258_341,4,4,0.005123,0.044657,0.095837,0.00925,0.809536,0.018472,0.017126
993_50_108_226,6,6,0.066731,0.199736,0.053862,0.178632,0.110975,0.045403,0.34466
993_49_1231_1503,1,3,0.015088,0.065885,0.085692,0.643452,0.103348,0.065461,0.021075
993_50_1161_1205,6,3,0.013255,0.017967,0.030218,0.514253,0.060349,0.013663,0.350295
993_50_1522_1720,4,4,0.023966,0.097049,0.063706,0.084769,0.629611,0.028775,0.072124
993_49_244_310,3,5,0.004914,0.031746,0.008765,0.199401,0.009897,0.716991,0.028285
993_49_1743_1928,3,5,0.01241,0.09246,0.035527,0.371531,0.039732,0.37219,0.076149
993_50_946_1022,1,4,0.026787,0.094666,0.134756,0.094843,0.477219,0.046967,0.124762
993_49_1040_1142,6,5,0.054426,0.205282,0.025577,0.150195,0.052028,0.392799,0.119693
993_50_607_656,6,3,0.046484,0.094327,0.04513,0.342155,0.014788,0.137288,0.319828
993_49_474_581,3,3,0.009263,0.013757,0.019563,0.822211,0.03409,0.069469,0.031645
993_49_31_87,6,5,0.011369,0.050509,0.012039,0.166821,0.009292,0.726319,0.02365
993_50_360_460,6,6,0.016108,0.105983,0.017735,0.122552,0.078722,0.028089,0.63081
993_49_780_912,3,3,0.007337,0.030486,0.020377,0.746535,0.04866,0.02212,0.124485
993_49_675_730,3,3,0.011606,0.009122,0.017819,0.892405,0.011323,0.026849,0.030876
993_50_742_778,6,4,0.02039,0.086386,0.071401,0.243684,0.343977,0.021168,0.212994
994_49_117_269,6,6,0.010224,0.076213,0.030026,0.287183,0.057626,0.038147,0.500582
994_50_1233_1534,1,1,0.104896,0.50049,0.089242,0.02281,0.226337,0.019022,0.037202
994_50_1846_2057,1,1,0.050246,0.332038,0.072261,0.108478,0.275645,0.040057,0.121274
994_49_1123_1217,6,1,0.221677,0.515616,0.084523,0.021696,0.049861,0.058953,0.047675
994_49_1549_1796,1,4,0.010798,0.28102,0.047092,0.048017,0.529998,0.024262,0.058812
994_49_879_974,6,6,0.008194,0.282759,0.121914,0.081768,0.177861,0.038303,0.289201
994_49_591_657,5,5,0.005751,0.074426,0.031565,0.086822,0.008537,0.73531,0.057589
994_50_303_390,5,5,0.008027,0.065861,0.070819,0.120392,0.031822,0.403947,0.299132
994_50_999_1087,1,1,0.081291,0.432878,0.102894,0.04571,0.277493,0.024899,0.034835
994_49_419_491,1,6,0.0086,0.348206,0.113743,0.03191,0.103687,0.027572,0.366282
994_50_31_85,6,6,0.055228,0.119697,0.075395,0.104863,0.03649,0.252614,0.355713
994_50_695_855,1,4,0.009304,0.125192,0.051336,0.152364,0.56058,0.033975,0.06725
994_50_511_582,6,4,0.009555,0.110349,0.086752,0.102716,0.365516,0.020842,0.304269
995_49_1943_2073,3,3,0.027012,0.042412,0.011238,0.716272,0.008201,0.187548,0.007317
995_49_1134_1261,3,3,0.006399,0.007585,0.016393,0.843935,0.009045,0.110517,0.006126
995_49_1554_1742,3,3,0.005569,0.012977,0.012709,0.781408,0.011693,0.146944,0.0287
995_50_1753_1931,3,4,0.037996,0.138821,0.044091,0.116006,0.505607,0.094447,0.063032
995_50_1307_1543,6,1,0.040987,0.362008,0.232873,0.076557,0.125436,0.042274,0.119865
995_49_132_219,3,3,0.005524,0.011916,0.019554,0.557481,0.012414,0.361407,0.031704
995_49_556_641,3,3,0.008866,0.008838,0.009683,0.882661,0.003817,0.050139,0.035996
995_50_958_1119,3,3,0.039459,0.032859,0.02201,0.594723,0.01981,0.268813,0.022326
995_50_264_364,6,1,0.061571,0.22126,0.121123,0.144504,0.194354,0.153137,0.10405
995_49_384_480,3,3,0.005923,0.013198,0.014781,0.897211,0.008112,0.047791,0.012983
995_50_31_112,6,3,0.022889,0.02942,0.022388,0.556106,0.022385,0.091505,0.255307
995_49_806_922,3,3,0.008766,0.008432,0.0118,0.900316,0.011411,0.053588,0.005685
995_50_660_777,5,5,0.005683,0.006958,0.007431,0.30433,0.004617,0.656087,0.014894
995_50_491_551,6,3,0.031446,0.051288,0.027415,0.580175,0.018603,0.197419,0.093654
996_49_104_205,6,6,0.009549,0.134122,0.03213,0.130494,0.238587,0.064725,0.390393
996_50_1121_1202,6,4,0.035864,0.138704,0.08197,0.165074,0.39496,0.041077,0.142351
996_49_1462_1894,3,3,0.014574,0.012201,0.019708,0.89459,0.012459,0.026947,0.019522
996_50_223_259,6,1,0.062334,0.419919,0.062479,0.1819,0.06474,0.05331,0.155318
996_50_875_985,1,6,0.071462,0.25186,0.039813,0.170083,0.051543,0.074386,0.340852
996_50_1313_1443,6,1,0.078985,0.469762,0.043439,0.046858,0.268605,0.039249,0.053103
996_50_594_695,1,1,0.045757,0.602807,0.051795,0.039652,0.097609,0.07582,0.086561
996_49_1002_1077,3,3,0.010826,0.085512,0.036243,0.695407,0.056123,0.022543,0.093346
996_49_435_576,1,3,0.017322,0.163442,0.071755,0.539674,0.051468,0.060969,0.09537
996_50_31_74,6,6,0.022492,0.035257,0.041815,0.238824,0.021137,0.115005,0.525471
996_49_1208_1285,3,3,0.007023,0.02331,0.019684,0.762812,0.006737,0.151743,0.028692
996_49_716_826,1,1,0.013171,0.555449,0.047033,0.17855,0.108044,0.049481,0.048271
996_50_368_417,6,2,0.012284,0.092616,0.374729,0.033497,0.158648,0.068808,0.259416
996_50_1924_2020,6,6,0.00894,0.04799,0.070436,0.312642,0.076088,0.032664,0.451241
996_49_276_331,3,3,0.012879,0.018684,0.024145,0.828321,0.055006,0.0277,0.033266
998_50_107_128,5,5,0.015611,0.065094,0.03942,0.008614,0.008812,0.739072,0.123378
998_49_1080_1565,3,3,0.008111,0.02628,0.016664,0.809912,0.087442,0.028225,0.023366
998_50_1609_1709,3,3,0.007966,0.007397,0.005716,0.939924,0.01122,0.021631,0.006146
998_49_149_245,3,3,0.010423,0.022006,0.026261,0.731345,0.029592,0.019911,0.160462
998_49_573_695,3,3,0.004913,0.003307,0.005335,0.956113,0.006151,0.012173,0.012009
998_49_1718_1783,3,3,0.009028,0.005954,0.00889,0.945329,0.00601,0.012939,0.011851
998_50_260_339,3,3,0.008469,0.018188,0.010436,0.54228,0.039436,0.354844,0.026347
998_50_995_1049,4,4,0.013121,0.077819,0.034956,0.041614,0.785822,0.014231,0.032436
998_50_467_557,3,3,0.008154,0.029413,0.011287,0.827266,0.05298,0.021846,0.049054
998_49_31_88,3,3,0.015302,0.064865,0.027963,0.489944,0.023577,0.325099,0.053249
998_49_368_446,3,3,0.004893,0.00783,0.009075,0.917225,0.007106,0.030707,0.023165
998_49_823_906,3,3,0.018104,0.067647,0.012841,0.701355,0.010615,0.057992,0.131446
998_50_728_792,4,3,0.013529,0.011919,0.013193,0.689214,0.093529,0.101802,0.076814
1641_83_2425_2584,6,6,0.006954,0.056885,0.117878,0.062822,0.042924,0.224153,0.488385
1641_83_97_219,3,3,0.014166,0.081169,0.210425,0.37833,0.076721,0.021543,0.217646
1641_84_1082_1334,3,3,0.017584,0.172761,0.057078,0.321142,0.034296,0.089581,0.307559
1641_84_2691_2768,4,3,0.028176,0.177988,0.045116,0.414314,0.057461,0.11371,0.163236
1641_84_1412_1497,6,6,0.01957,0.125337,0.055591,0.127568,0.04795,0.061758,0.562226
1641_84_3429_3660,3,3,0.051912,0.047799,0.027597,0.815747,0.013902,0.027509,0.015534
1641_84_3145_3196,1,5,0.02902,0.168973,0.043211,0.240265,0.028622,0.354338,0.135571
1641_84_3259_3337,1,3,0.030889,0.113605,0.034915,0.492094,0.017927,0.103072,0.207499
1641_83_2793_2855,6,2,0.005396,0.105765,0.355811,0.034311,0.262408,0.016269,0.220039
1641_83_1345_1389,6,6,0.03897,0.14362,0.10122,0.036379,0.017497,0.194968,0.467346
1641_83_2959_3127,1,2,0.004147,0.141917,0.515262,0.041493,0.068687,0.057057,0.171438
1641_84_2056_2227,3,3,0.02896,0.063009,0.018306,0.805788,0.013894,0.038732,0.03131
1641_84_1734_1856,3,3,0.008089,0.011538,0.016496,0.771045,0.013869,0.019224,0.159738
1641_84_584_643,3,3,0.011468,0.020887,0.019564,0.808453,0.0075,0.035469,0.09666
1641_83_1520_1715,6,1,0.052983,0.397128,0.20774,0.05134,0.1139,0.094514,0.082395
1641_83_3360_3413,6,6,0.012995,0.156107,0.203591,0.115819,0.01487,0.103963,0.392654
1641_83_1889_2040,6,6,0.018438,0.121189,0.129791,0.062589,0.093926,0.15418,0.419887
1641_83_842_883,6,6,0.010687,0.061244,0.106179,0.2598,0.033796,0.010737,0.517558
1641_83_946_1051,6,6,0.008331,0.030983,0.057454,0.101853,0.04579,0.078452,0.677138
1641_83_270_571,6,3,0.032838,0.143346,0.046415,0.37715,0.021486,0.076097,0.302669
1641_84_2317_2409,1,1,0.024436,0.268371,0.076396,0.209071,0.012455,0.236171,0.173099
1641_83_3213_3229,6,3,0.008388,0.024906,0.032022,0.432217,0.007729,0.09563,0.399108
1641_83_2256_2300,6,6,0.018121,0.1433,0.172167,0.079721,0.128514,0.084916,0.37326
1641_83_2659_2674,5,5,0.008303,0.068485,0.118144,0.032526,0.021305,0.630263,0.120973
1641_84_2887_2943,6,3,0.009964,0.033245,0.049739,0.438665,0.051782,0.199135,0.21747
1641_84_31_66,3,3,0.017305,0.097004,0.018396,0.751886,0.009852,0.018426,0.087132
1641_84_2608_2637,3,3,0.01705,0.059936,0.032659,0.652666,0.018433,0.144677,0.074579
1641_84_239_243,3,3,0.014922,0.016775,0.028696,0.737041,0.018617,0.023835,0.160114
1641_84_898_913,3,3,0.014574,0.053167,0.03127,0.624399,0.036513,0.061992,0.178084
1642_84_2199_2633,0,1,0.025832,0.362837,0.087791,0.224412,0.057142,0.117689,0.124297
1642_84_88_130,3,3,0.016266,0.031772,0.03433,0.680887,0.025703,0.108472,0.102569
1642_84_1258_1328,3,3,0.017569,0.069724,0.035241,0.78951,0.027422,0.031382,0.029152
1642_84_1101_1200,3,3,0.014685,0.081733,0.021566,0.686072,0.01003,0.119586,0.066328
1642_84_236_460,3,3,0.008462,0.011055,0.016138,0.773889,0.026206,0.030174,0.134076
1642_83_1331_1463,1,1,0.043707,0.603279,0.074843,0.044002,0.13223,0.049714,0.052224
1642_84_522_956,1,1,0.087237,0.37378,0.097026,0.169624,0.14052,0.069564,0.062249
1642_83_143_226,5,1,0.042528,0.307883,0.22888,0.134257,0.033609,0.068996,0.183848
1642_83_2040_2189,1,4,0.008911,0.273763,0.071885,0.05247,0.4685,0.043377,0.081094
1642_83_1725_1980,1,3,0.023201,0.188901,0.065365,0.354617,0.054006,0.052611,0.261299
1642_83_2634_2710,5,1,0.024069,0.259508,0.129242,0.177041,0.066051,0.212577,0.131512
1642_84_1465_1720,1,1,0.050388,0.596762,0.044981,0.101895,0.034384,0.067407,0.104183
1642_83_1201_1257,5,5,0.005557,0.03153,0.035776,0.079288,0.007857,0.751484,0.088508
1642_84_1981_2019,3,3,0.006638,0.013296,0.009984,0.912103,0.011678,0.027881,0.01842
1642_83_958_1099,5,2,0.01182,0.196099,0.516853,0.067265,0.051185,0.074398,0.082381
1642_83_461_520,5,5,0.007363,0.037882,0.02034,0.405521,0.01556,0.451118,0.062217
1642_83_31_77,5,6,0.010855,0.086825,0.255378,0.133217,0.141032,0.105434,0.267261
1643_84_2020_2534,1,1,0.038646,0.334417,0.032556,0.246207,0.024303,0.279448,0.044423
1643_83_123_210,2,1,0.038742,0.46198,0.089758,0.148922,0.057313,0.089624,0.11366
1643_83_1258_1384,5,6,0.004367,0.075072,0.074333,0.098394,0.020988,0.079336,0.64751
1643_84_881_1243,3,3,0.012351,0.171311,0.02339,0.387985,0.067775,0.084951,0.252237
1643_84_214_256,3,3,0.03297,0.084557,0.04471,0.516175,0.01431,0.290472,0.016807
1643_84_2796_3080,3,3,0.011268,0.058892,0.017641,0.477385,0.078292,0.077347,0.279175
1643_83_2733_2773,5,6,0.008497,0.051322,0.103933,0.171739,0.010721,0.087112,0.566676
1643_84_1392_1737,3,3,0.034286,0.193308,0.022953,0.562203,0.057997,0.043391,0.085861
1643_83_2535_2621,6,6,0.013657,0.207221,0.063446,0.22431,0.031253,0.091069,0.369044
1643_83_1741_1892,5,1,0.022054,0.309597,0.069335,0.140408,0.045097,0.283049,0.13046
1643_83_566_777,5,5,0.030094,0.23437,0.124636,0.117837,0.05156,0.273136,0.168367
1643_84_2631_2723,3,3,0.010412,0.025605,0.013516,0.741037,0.021928,0.023427,0.164076
1643_84_31_116,0,3,0.078091,0.172296,0.055018,0.416738,0.011674,0.254254,0.011929
1643_84_1901_1992,5,3,0.012447,0.05203,0.021655,0.626172,0.011987,0.256335,0.019375
1643_84_309_556,0,3,0.031799,0.292822,0.059009,0.404493,0.031924,0.092787,0.087166
1643_83_829_872,5,1,0.107895,0.443081,0.043306,0.03997,0.007416,0.257794,0.100538
1643_83_257_303,6,6,0.014938,0.042213,0.051686,0.318219,0.017785,0.013311,0.541848
1643_84_778_819,3,3,0.026427,0.056376,0.01525,0.838516,0.005103,0.044294,0.014034
1643_83_1993_2011,5,5,0.007475,0.041089,0.037273,0.041439,0.006288,0.810573,0.055862
1644_83_2468_2541,3,3,0.015146,0.071055,0.043088,0.515246,0.016141,0.10985,0.229475
1644_84_111_220,3,3,0.00868,0.010857,0.012197,0.791326,0.008603,0.150045,0.018292
1644_84_1180_1588,1,1,0.039022,0.574686,0.026807,0.086367,0.064848,0.08066,0.12761
1644_84_1802_2302,0,1,0.039472,0.500144,0.060264,0.091437,0.157039,0.077457,0.074186
1644_83_1607_1801,5,5,0.013049,0.202649,0.197583,0.046247,0.051715,0.308812,0.179945
1644_83_233_366,5,1,0.031707,0.302382,0.19603,0.08474,0.051246,0.144193,0.189702
1644_84_896_939,6,3,0.020373,0.080065,0.014922,0.676556,0.018039,0.081652,0.108393
1644_83_943_963,5,5,0.004727,0.026282,0.025591,0.02685,0.005367,0.801402,0.10978
1644_83_2303_2423,5,3,0.009614,0.039776,0.024425,0.507495,0.009027,0.126087,0.283576
1644_83_499_662,5,5,0.005239,0.136564,0.065597,0.189136,0.023486,0.427959,0.152018
1644_83_1128_1172,5,1,0.105004,0.38821,0.034716,0.115239,0.010744,0.241479,0.104609
1644_84_1043_1120,5,5,0.015928,0.085573,0.050545,0.045589,0.008156,0.781313,0.012897
1644_84_369_497,1,3,0.017956,0.327255,0.027781,0.429806,0.038976,0.09817,0.060056
1644_84_31_64,3,3,0.01497,0.027079,0.019915,0.857692,0.00935,0.057033,0.01396
1644_84_2430_2467,5,5,0.009646,0.017682,0.013744,0.344308,0.004315,0.585162,0.025143
1644_83_716_895,5,1,0.062919,0.580739,0.073911,0.070122,0.086572,0.074161,0.051576
1644_83_68_110,3,3,0.012478,0.058569,0.026699,0.597596,0.020106,0.137176,0.147376
1644_84_663_698,3,3,0.021089,0.018197,0.021493,0.752235,0.00806,0.164298,0.014628
1644_84_966_994,3,1,0.036701,0.313776,0.04461,0.297277,0.021463,0.096983,0.18919
1644_83_1003_1027,5,5,0.029595,0.131392,0.129452,0.021395,0.045097,0.597679,0.045389
1646_84_2404_2563,1,1,0.028084,0.433661,0.097204,0.174989,0.139186,0.050787,0.076089
1646_83_89_145,5,6,0.010644,0.089373,0.218531,0.065131,0.024758,0.271765,0.319797
1646_84_1155_1298,1,6,0.009608,0.171939,0.16293,0.127357,0.145968,0.120338,0.26186
1646_84_1941_2215,0,1,0.018092,0.397039,0.086457,0.109492,0.120959,0.102632,0.165329
1646_83_1599_1695,1,1,0.059284,0.332281,0.17304,0.031819,0.044895,0.152816,0.205865
1646_84_146_322,0,3,0.025074,0.353189,0.021339,0.427166,0.029805,0.032722,0.110704
1646_84_1714_1882,5,5,0.010276,0.22426,0.089545,0.112509,0.017246,0.332512,0.213652
1646_84_1409_1586,1,1,0.050304,0.737197,0.03608,0.049309,0.077936,0.025544,0.023631
1646_83_2216_2390,0,1,0.045632,0.456896,0.07024,0.06194,0.082314,0.212701,0.070277
1646_83_2604_2702,0,1,0.142415,0.6939,0.020736,0.015541,0.071018,0.013158,0.043231
1646_84_939_1115,0,1,0.045011,0.337877,0.226375,0.074609,0.096314,0.087596,0.132219
1646_83_1309_1405,0,1,0.070005,0.355684,0.103148,0.040536,0.148908,0.081567,0.200152
1646_83_447_638,0,1,0.163078,0.678925,0.022779,0.011372,0.017462,0.080255,0.026128
1646_83_334_407,1,1,0.071301,0.71478,0.069046,0.013,0.023698,0.095679,0.012495
1646_84_31_80,0,3,0.022569,0.306496,0.021204,0.455556,0.060998,0.039658,0.093519
1646_83_1889_1939,1,5,0.051064,0.136617,0.0372,0.01802,0.00705,0.667486,0.082562
1646_83_1117_1139,1,5,0.012372,0.120137,0.121494,0.034454,0.01933,0.48976,0.202452
1646_84_661_820,1,5,0.061689,0.324983,0.078334,0.11023,0.020978,0.333656,0.070128
1646_83_829_921,5,5,0.010042,0.084642,0.044927,0.101869,0.01738,0.620571,0.120569
1646_84_407_437,0,5,0.17168,0.167069,0.042507,0.034414,0.008468,0.519495,0.056366
1647_83_2377_2584,1,4,0.016246,0.125207,0.31511,0.034369,0.435699,0.04088,0.032488
1647_84_31_157,1,1,0.021825,0.357541,0.115225,0.147037,0.177455,0.084614,0.096303
1647_84_1187_1521,1,1,0.012131,0.37714,0.143931,0.038114,0.037043,0.307166,0.084475
1647_83_1094_1186,5,5,0.009894,0.080393,0.069213,0.030742,0.010133,0.647565,0.15206
1647_83_172_376,5,5,0.058392,0.309512,0.062723,0.041401,0.043528,0.434832,0.049613
1647_84_2874_3036,0,1,0.039736,0.598611,0.081984,0.042041,0.017116,0.180524,0.039988
1647_83_2709_2868,1,1,0.044112,0.600852,0.081279,0.019229,0.159964,0.032773,0.061791
1647_84_3151_3405,1,1,0.021013,0.289491,0.078809,0.055339,0.247378,0.043909,0.264059
1647_84_909_1081,5,5,0.006063,0.090818,0.068652,0.137663,0.067813,0.515699,0.113294
1647_83_1949_2243,1,6,0.0097,0.158265,0.199407,0.04902,0.094909,0.148576,0.340124
1647_83_1744_1863,0,1,0.173662,0.591953,0.038369,0.051658,0.018669,0.100459,0.025231
1647_84_525_739,1,1,0.028091,0.356389,0.071686,0.060752,0.348983,0.061681,0.072418
1647_84_2589_2701,1,1,0.018079,0.504963,0.060909,0.066853,0.2287,0.065827,0.054668
1647_83_1522_1695,1,1,0.056349,0.367189,0.119035,0.060731,0.077423,0.108846,0.210428
1647_84_2249_2341,1,1,0.032585,0.429338,0.032405,0.230757,0.037071,0.030106,0.207738
1647_84_1870_1914,3,1,0.057557,0.600378,0.0462,0.078952,0.028251,0.157297,0.031366
1647_83_740_905,5,5,0.008246,0.10547,0.023374,0.130526,0.021416,0.649937,0.061032
1647_83_3047_3139,1,2,0.015992,0.220043,0.283134,0.016632,0.034569,0.265966,0.163663
1647_84_389_490,6,1,0.036564,0.330751,0.04863,0.215422,0.093503,0.064799,0.210332
1647_83_492_523,6,6,0.012154,0.046464,0.033403,0.331075,0.04259,0.035107,0.499206
1647_84_1699_1731,3,1,0.041173,0.46763,0.050526,0.103549,0.153618,0.030672,0.152831
1648_84_2183_2566,0,1,0.037626,0.462849,0.019235,0.300403,0.051255,0.070822,0.057811
1648_83_31_143,4,5,0.028914,0.27394,0.084812,0.016704,0.016076,0.429412,0.150141
1648_84_1167_1317,3,1,0.078523,0.522945,0.030338,0.177701,0.051629,0.029095,0.109769
1648_84_159_339,4,6,0.010584,0.278218,0.052648,0.148725,0.047686,0.110628,0.35151
1648_83_2865_2916,4,5,0.0364,0.172366,0.055412,0.043338,0.042292,0.539526,0.110666
1648_84_2691_2843,3,1,0.266983,0.559588,0.020852,0.064901,0.021425,0.050612,0.01564
1648_83_1440_1517,4,5,0.056707,0.217633,0.054064,0.090102,0.025443,0.45429,0.10176
1648_84_3388_3641,3,3,0.026374,0.091945,0.089248,0.584015,0.058922,0.095193,0.054304
1648_84_2924_3250,3,3,0.021169,0.153652,0.048254,0.592282,0.053611,0.1037,0.027332
1648_83_3269_3365,4,1,0.060142,0.429406,0.022858,0.262117,0.066847,0.019707,0.138924
1648_83_2571_2681,4,1,0.042631,0.422251,0.087256,0.123297,0.094625,0.10969,0.120249
1648_84_633_996,4,6,0.007789,0.201144,0.109529,0.075607,0.115352,0.115371,0.375208
1648_83_1327_1379,4,1,0.115682,0.54596,0.061359,0.070836,0.06942,0.028955,0.107787
1648_83_999_1158,3,3,0.013148,0.092162,0.024482,0.601223,0.048745,0.095111,0.125128
1648_83_1961_2178,4,1,0.017135,0.415159,0.273454,0.033166,0.098426,0.066321,0.09634
1648_84_1523_1948,3,3,0.017096,0.269608,0.033106,0.387882,0.030801,0.110662,0.150845
1648_83_546_628,0,1,0.020615,0.320945,0.170099,0.053388,0.056189,0.072965,0.305798
1648_83_3650_3827,3,3,0.023617,0.101977,0.035498,0.458912,0.045943,0.042002,0.292051
1648_84_1385_1430,3,1,0.089155,0.347899,0.02099,0.288073,0.008899,0.194383,0.050601
1648_83_344_361,5,5,0.011897,0.047632,0.070093,0.054909,0.010477,0.479808,0.325183
1648_84_377_531,0,1,0.033273,0.704641,0.042228,0.054377,0.067893,0.044646,0.052942
1649_83_2470_2519,1,1,0.203958,0.45061,0.035975,0.034347,0.023518,0.162169,0.089424
1649_84_31_367,3,3,0.019518,0.137743,0.052893,0.493079,0.114249,0.089114,0.093404
1649_83_1273_1348,0,1,0.273106,0.363255,0.017228,0.036206,0.005866,0.285501,0.018836
1649_84_1024_1267,0,1,0.075336,0.270918,0.051836,0.231417,0.060429,0.155769,0.154294
1649_83_2733_2880,2,1,0.019817,0.361333,0.044112,0.237042,0.038105,0.198798,0.100793
1649_84_1352_1536,3,1,0.128704,0.491778,0.038183,0.129924,0.028328,0.150783,0.032301
1649_84_2545_2728,0,1,0.170731,0.513923,0.026297,0.156888,0.023301,0.073327,0.035532
1649_84_801_964,3,1,0.076467,0.416481,0.023339,0.337359,0.034713,0.056993,0.054647
1649_84_2032_2092,3,3,0.020656,0.107415,0.023326,0.724616,0.01229,0.058415,0.053283
1649_83_1540_1780,1,6,0.02244,0.088708,0.066184,0.183494,0.107868,0.080991,0.450315
1649_83_371_796,1,1,0.051741,0.293358,0.069695,0.167914,0.192954,0.152982,0.071356
1649_84_2138_2466,3,3,0.009174,0.084632,0.02632,0.528822,0.031246,0.073306,0.2465
1649_84_1785_1906,3,3,0.020334,0.058012,0.033787,0.680015,0.070759,0.08072,0.056374
1649_83_2007_2030,5,5,0.025593,0.134538,0.054755,0.026352,0.015119,0.604986,0.138657
1649_84_1947_1998,4,3,0.030047,0.149292,0.034373,0.672879,0.014427,0.040179,0.058804
1649_83_969_1011,5,5,0.104694,0.207932,0.031765,0.028821,0.009217,0.589291,0.028279
1649_83_1915_1942,5,5,0.015412,0.067237,0.043659,0.025198,0.015913,0.677391,0.155189
1649_83_2106_2133,2,6,0.014309,0.088125,0.086199,0.088508,0.019399,0.149052,0.554408
1650_84_31_217,3,1,0.020022,0.519905,0.052292,0.186018,0.032961,0.127952,0.06085
1650_84_1139_1522,3,3,0.01086,0.062094,0.024877,0.503049,0.024586,0.05759,0.316944
1650_84_2006_2132,0,1,0.147449,0.628703,0.021184,0.060056,0.013961,0.106409,0.022238
1650_83_222_412,3,3,0.009849,0.053339,0.022807,0.590154,0.009425,0.041135,0.273291
1650_83_1778_1882,1,3,0.014446,0.065638,0.022618,0.506345,0.010259,0.01723,0.363464
1650_83_2152_2246,1,3,0.019751,0.05562,0.042312,0.500039,0.04503,0.055023,0.282225
1650_84_861_1000,3,3,0.014356,0.094091,0.041615,0.689991,0.043646,0.070275,0.046026
1650_84_2283_2417,0,3,0.068499,0.266785,0.019836,0.482402,0.049676,0.047367,0.065435
1650_84_521_594,3,3,0.020484,0.136849,0.031604,0.599536,0.012665,0.052595,0.146267
1650_83_1016_1136,1,1,0.045803,0.283328,0.05432,0.042109,0.05116,0.25812,0.265159
1650_84_441_488,3,3,0.099889,0.246018,0.026562,0.392662,0.015261,0.189377,0.030231
1650_83_761_847,1,6,0.023646,0.170694,0.146024,0.03794,0.052439,0.171283,0.397975
1650_84_1896_1954,3,1,0.030074,0.407166,0.049414,0.165441,0.250437,0.04691,0.050557
1650_84_645_746,0,3,0.012255,0.052767,0.031666,0.666027,0.020632,0.02668,0.189973
1650_83_1541_1663,1,1,0.022081,0.272133,0.244415,0.053546,0.201179,0.032748,0.173898
1650_84_1685_1755,0,5,0.079453,0.400292,0.029363,0.012641,0.007001,0.459098,0.012154
1650_83_494_509,5,5,0.015236,0.08124,0.089713,0.102984,0.019682,0.518531,0.172614
1650_83_1969_1985,4,5,0.012632,0.033554,0.023569,0.029325,0.00831,0.800587,0.092023
1650_83_612_629,1,5,0.012509,0.047642,0.03683,0.030416,0.009396,0.732429,0.130779
1651_83_121_248,3,3,0.013703,0.053641,0.01994,0.641647,0.01605,0.100075,0.154944
1651_83_1191_1386,4,1,0.01932,0.420031,0.077005,0.108745,0.135597,0.06365,0.175653
1651_84_2877_2935,3,1,0.023685,0.556236,0.030503,0.184504,0.050448,0.069645,0.08498
1651_83_2647_2868,6,5,0.007305,0.225235,0.074635,0.043818,0.046655,0.33315,0.269203
1651_84_1391_1491,0,1,0.057427,0.59517,0.022604,0.154189,0.057462,0.055344,0.057804
1651_84_3369_3608,3,3,0.007498,0.045536,0.024128,0.597334,0.020332,0.053996,0.251177
1651_84_2977_3224,3,1,0.018066,0.473704,0.049459,0.126514,0.051746,0.095082,0.185429
1651_83_3232_3362,5,6,0.008005,0.150428,0.062896,0.050896,0.040032,0.222378,0.465364
1651_84_2507_2637,3,1,0.045501,0.433856,0.079158,0.166937,0.038845,0.19599,0.039714
1651_84_918_1172,3,3,0.007579,0.15841,0.095389,0.29352,0.147762,0.092457,0.204884
1651_83_2944_2968,5,5,0.007211,0.027079,0.026207,0.253523,0.008513,0.5265,0.150967
1651_83_2044_2142,5,5,0.005029,0.065902,0.022817,0.008319,0.00501,0.816671,0.076252
1651_84_1661_1874,0,6,0.010273,0.146076,0.101324,0.212222,0.045982,0.196566,0.287557
1651_84_475_706,3,5,0.007482,0.029036,0.052417,0.298242,0.038358,0.540039,0.034426
1651_83_2300_2473,1,6,0.008877,0.095802,0.031359,0.267625,0.017092,0.123208,0.456037
1651_83_1513_1648,1,1,0.015922,0.368921,0.065855,0.047297,0.117868,0.14306,0.241076
1651_84_2147_2292,0,1,0.019449,0.313351,0.044905,0.306243,0.011782,0.102856,0.201413
1651_83_1883_1917,5,5,0.020496,0.11118,0.034062,0.053858,0.006176,0.547396,0.226833
1651_84_31_114,4,3,0.005963,0.010303,0.008624,0.916841,0.008819,0.045941,0.003509
1651_84_1928_2041,1,6,0.007841,0.198454,0.046074,0.279777,0.02267,0.123925,0.321259
1651_83_728_908,3,6,0.030617,0.278843,0.028614,0.258113,0.071827,0.053129,0.278856
1651_83_326_456,3,6,0.018247,0.219828,0.031272,0.207437,0.066972,0.051986,0.404259
1651_84_257_312,3,3,0.003353,0.014499,0.011033,0.608387,0.009709,0.338745,0.014275
1653_83_2478_2694,4,1,0.020775,0.317526,0.254779,0.09321,0.086022,0.046909,0.180779
1653_84_66_132,0,1,0.278831,0.410384,0.025099,0.028861,0.020219,0.215313,0.021292
1653_84_1152_1295,4,1,0.129499,0.571369,0.047538,0.138337,0.041532,0.04316,0.028566
1653_84_192_272,0,5,0.020532,0.201084,0.143367,0.032363,0.021579,0.450169,0.130905
1653_84_2702_2878,0,5,0.031273,0.241774,0.192412,0.035545,0.015754,0.466467,0.016774
1653_84_1440_1481,5,5,0.042906,0.264293,0.082821,0.039746,0.023071,0.430004,0.117159
1653_84_847_1059,3,1,0.104091,0.50109,0.076375,0.088966,0.04275,0.154409,0.032319
1653_83_1307_1433,2,2,0.004227,0.110588,0.70263,0.013531,0.079717,0.048865,0.040442
1653_83_2898_3027,4,4,0.0311,0.316352,0.196776,0.044881,0.324916,0.033436,0.052538
1653_83_1064_1149,1,1,0.052895,0.466277,0.259755,0.012351,0.099758,0.071505,0.037459
1653_84_2017_2193,5,5,0.00994,0.076612,0.052525,0.063511,0.021451,0.697211,0.078751
1653_84_2403_2471,4,5,0.01023,0.109929,0.045526,0.197425,0.023203,0.541608,0.07208
1653_83_1580_1721,2,1,0.041942,0.287642,0.091403,0.131676,0.066666,0.108924,0.271746
1653_83_1490_1535,4,6,0.033354,0.166299,0.091094,0.130109,0.060428,0.026518,0.492197
1653_84_526_635,4,5,0.004512,0.029047,0.019568,0.012003,0.003922,0.913731,0.017217
1653_83_2206_2391,1,3,0.020964,0.072493,0.025903,0.446495,0.034832,0.101148,0.298166
1653_83_1771_2008,2,1,0.026847,0.301618,0.248338,0.063406,0.187781,0.050945,0.121065
1653_84_678_789,0,1,0.17037,0.349072,0.091915,0.047957,0.060535,0.244633,0.035517
1653_83_650_664,4,4,0.011596,0.175833,0.118446,0.041584,0.314148,0.028493,0.309901
1653_84_332_460,0,5,0.016513,0.192473,0.044353,0.009579,0.015778,0.708334,0.01297
1653_83_142_180,4,1,0.040451,0.486207,0.191444,0.021003,0.189941,0.029717,0.041237
1653_83_471_505,1,1,0.068523,0.338365,0.076163,0.050511,0.157178,0.02633,0.282931
1653_83_799_839,4,1,0.028633,0.454494,0.215905,0.018019,0.210095,0.032133,0.040721
1653_83_287_322,4,1,0.038478,0.391405,0.130057,0.038316,0.191564,0.035887,0.174293
1653_83_31_53,4,1,0.09063,0.473366,0.042855,0.011881,0.34196,0.008363,0.030945
1653_84_1538_1541,4,6,0.0323,0.159681,0.069466,0.156415,0.058044,0.144605,0.379489
1653_84_3035_3057,0,5,0.090023,0.063108,0.018328,0.058432,0.005423,0.750086,0.014602
1653_84_1723_1751,2,5,0.015038,0.097747,0.049733,0.252265,0.024543,0.434113,0.12656
1654_83_111_161,4,4,0.020925,0.363799,0.155524,0.015741,0.36849,0.008819,0.066703
1654_84_1107_1314,0,1,0.1672,0.379178,0.024742,0.179047,0.063066,0.119882,0.066885
1654_84_1930_2118,1,1,0.123125,0.632739,0.050498,0.035511,0.100183,0.043566,0.014378
1654_83_1480_1907,4,1,0.026411,0.356793,0.128685,0.021545,0.131901,0.2975,0.037165
1654_84_932_990,0,1,0.083848,0.33379,0.152253,0.051708,0.160551,0.12871,0.089139
1654_84_176_206,4,1,0.046289,0.276207,0.172006,0.052178,0.112023,0.17616,0.165136
1654_83_1334_1395,4,1,0.063085,0.636858,0.055461,0.018526,0.154643,0.013724,0.057703
1654_83_581_906,4,1,0.02376,0.25842,0.198678,0.104633,0.117994,0.040585,0.255931
1654_84_281_347,0,1,0.085555,0.619548,0.047709,0.024407,0.039812,0.126583,0.056386
1654_83_1018_1090,4,1,0.055629,0.317213,0.061886,0.191807,0.06963,0.03469,0.269146
1654_83_375_497,4,4,0.028177,0.242272,0.126673,0.070475,0.324644,0.017187,0.190571
1654_84_31_93,4,4,0.01656,0.148061,0.283592,0.037737,0.377953,0.108971,0.027126
1654_84_1412_1460,1,1,0.099582,0.635484,0.052618,0.044806,0.073154,0.078035,0.01632
1654_84_510_549,0,1,0.230144,0.550634,0.056332,0.027736,0.024167,0.090956,0.02003
1654_83_2128_2176,4,6,0.014346,0.040598,0.058466,0.321706,0.056001,0.181024,0.327858
1654_83_223_247,4,6,0.040554,0.314727,0.048556,0.032159,0.196585,0.017518,0.349903
1655_84_115_167,1,1,0.08335,0.503917,0.093422,0.047184,0.036361,0.104417,0.131349
1655_84_1135_1317,1,1,0.297776,0.513023,0.031145,0.031467,0.02638,0.052492,0.047718
1655_84_2047_2117,1,1,0.049416,0.538471,0.055171,0.108994,0.039606,0.021226,0.187116
1655_84_1642_1734,1,3,0.116671,0.245668,0.037002,0.460174,0.025707,0.05776,0.057018
1655_83_200_267,4,2,0.034658,0.193178,0.313807,0.139538,0.175616,0.03858,0.104624
1655_83_1762_1890,2,1,0.081953,0.441611,0.208869,0.024885,0.176084,0.027456,0.039142
1655_83_1332_1615,4,1,0.033382,0.499742,0.134949,0.015021,0.250935,0.03627,0.029701
1655_83_2152_2218,0,1,0.212583,0.543354,0.120138,0.018679,0.020704,0.036698,0.047845
1655_84_927_1039,1,1,0.122877,0.326558,0.063356,0.066311,0.062099,0.055682,0.303118
1655_83_523_642,1,1,0.083095,0.604089,0.091817,0.009603,0.162569,0.020255,0.028573
1655_83_1059_1115,1,1,0.150123,0.510801,0.034111,0.063985,0.023571,0.03006,0.187348
1655_84_300_350,1,6,0.025287,0.133139,0.098066,0.038078,0.017426,0.212268,0.475735
1655_84_395_506,1,3,0.021757,0.0944,0.049127,0.522375,0.090785,0.028452,0.193104
1655_84_31_57,1,4,0.025312,0.247508,0.133885,0.026525,0.483398,0.047826,0.035547
1655_83_71_97,1,1,0.113742,0.385124,0.063072,0.009395,0.045398,0.328649,0.054619
1655_84_671_815,1,1,0.032824,0.430686,0.072754,0.201966,0.12124,0.063073,0.077457
1655_84_1909_1971,1,1,0.071841,0.548688,0.107737,0.071112,0.043466,0.087507,0.069649
1655_83_838_912,0,1,0.208988,0.390828,0.023939,0.175907,0.026174,0.05184,0.122324
1655_83_1993_2020,4,1,0.081904,0.558776,0.064944,0.030342,0.071935,0.055183,0.136915
1655_83_377_381,4,6,0.025541,0.175891,0.051879,0.139299,0.085549,0.057172,0.464669
1657_83_2449_2563,1,6,0.020249,0.191879,0.038408,0.236909,0.064333,0.050007,0.398215
1657_83_88_165,6,6,0.011915,0.166187,0.058326,0.188027,0.190153,0.031179,0.354213
1657_83_1175_1272,6,6,0.007835,0.074415,0.119462,0.092382,0.040176,0.241916,0.423813
1657_84_208_309,3,3,0.012491,0.06436,0.031736,0.586767,0.040168,0.169482,0.094996
1657_84_2787_2907,3,3,0.014359,0.040234,0.023636,0.761105,0.007907,0.144435,0.008325
1657_83_2630_2764,6,6,0.037696,0.260747,0.076343,0.068331,0.025329,0.232864,0.298691
1657_84_3105_3201,1,1,0.037993,0.404786,0.061493,0.2278,0.050112,0.136252,0.081564
1657_84_881_957,4,4,0.017732,0.193434,0.248569,0.020254,0.443995,0.058455,0.017559
1657_84_1315_1448,6,3,0.010593,0.063682,0.039189,0.574906,0.038698,0.063664,0.209268
1657_83_2940_3095,4,1,0.027849,0.433049,0.066413,0.06103,0.049992,0.151181,0.210485
1657_84_1055_1155,3,3,0.006144,0.028528,0.01682,0.817561,0.01085,0.035496,0.084601
1657_84_1927_2140,6,6,0.03017,0.260381,0.028082,0.279992,0.039552,0.040312,0.321512
1657_84_503_687,0,3,0.03246,0.195255,0.060766,0.358847,0.041161,0.20832,0.103192
1657_83_1652_1759,3,6,0.009531,0.102754,0.021421,0.111446,0.02425,0.029682,0.700916
1657_83_1481_1553,6,6,0.012403,0.060468,0.038626,0.219363,0.00921,0.195701,0.46423
1657_84_2241_2449,3,3,0.013462,0.027877,0.0206,0.835341,0.016382,0.070203,0.016134
1657_83_2183_2222,5,5,0.009106,0.049995,0.101939,0.130206,0.092808,0.488612,0.127332
1657_83_1873_1898,6,6,0.008477,0.073817,0.039428,0.078976,0.012829,0.34902,0.437453
1657_84_1573_1619,6,3,0.009793,0.03763,0.01747,0.716106,0.009988,0.09042,0.118592
1657_84_1780_1858,3,3,0.013407,0.045153,0.022728,0.74802,0.016393,0.075256,0.079043
1657_83_957_1007,6,6,0.020754,0.297977,0.12171,0.030086,0.114632,0.06287,0.351971
1657_83_727_845,1,1,0.015688,0.406536,0.147779,0.043235,0.140571,0.033394,0.212798
1657_84_2586_2606,5,5,0.026071,0.109465,0.054853,0.120321,0.013661,0.474518,0.201112
1657_83_343_477,1,1,0.019887,0.54859,0.136882,0.052132,0.081646,0.038329,0.122534
1657_84_31_60,3,3,0.020177,0.029009,0.08743,0.589241,0.014841,0.147198,0.112103
1658_83_2446_2501,5,5,0.01124,0.11077,0.21145,0.041273,0.033504,0.50828,0.083484
1658_84_114_167,5,1,0.127402,0.467964,0.075839,0.030529,0.015199,0.165645,0.117422
1658_84_1147_1568,1,4,0.046671,0.211211,0.187598,0.122505,0.272177,0.060963,0.098875
1658_84_2799_3054,1,1,0.136599,0.598004,0.07054,0.029045,0.055298,0.078951,0.031564
1658_83_2729_2759,6,1,0.106571,0.645366,0.061226,0.063169,0.054449,0.015416,0.053802
1658_84_2516_2713,1,1,0.065193,0.289455,0.17424,0.184092,0.120971,0.076102,0.089947
1658_83_189_230,5,5,0.015706,0.121179,0.05806,0.073103,0.024349,0.609632,0.097972
1658_84_2045_2157,6,1,0.045441,0.389795,0.042587,0.322039,0.050567,0.064066,0.085506
1658_83_948_1118,6,5,0.02945,0.210803,0.136273,0.026413,0.092338,0.387973,0.11675
1658_84_1684_1782,1,3,0.019638,0.124928,0.03633,0.441126,0.020769,0.029917,0.327293
1658_83_376_859,1,1,0.070788,0.563763,0.114458,0.015219,0.155468,0.050644,0.029659
1658_84_2230_2425,1,1,0.029393,0.267168,0.192644,0.145667,0.08932,0.073879,0.201929
1658_83_2194_2219,2,2,0.04823,0.214006,0.379861,0.096583,0.059132,0.078769,0.123419
1658_83_1813_1904,5,5,0.015762,0.117077,0.070628,0.016954,0.012863,0.588938,0.177777
1658_83_1973_2031,5,2,0.015291,0.089971,0.412286,0.014586,0.077625,0.274978,0.115262
1658_84_878_907,4,4,0.018063,0.230445,0.183434,0.069685,0.330392,0.037814,0.130167
1658_83_3073_3128,5,5,0.007166,0.055959,0.095897,0.095818,0.082009,0.58347,0.079681
1658_83_31_100,6,1,0.058845,0.420688,0.133634,0.019764,0.029136,0.20625,0.131682
1658_83_1604_1658,6,5,0.025951,0.100321,0.028459,0.016194,0.0077,0.77561,0.045766
1658_84_259_344,1,3,0.019478,0.077665,0.020659,0.704795,0.016654,0.087285,0.073466
1658_84_1935_1946,1,6,0.040559,0.273045,0.124001,0.037278,0.079543,0.112071,0.333504
1659_84_125_206,1,1,0.033832,0.499578,0.068159,0.233978,0.051424,0.061949,0.05108
1659_83_1295_1351,5,6,0.006978,0.04123,0.138975,0.030303,0.048577,0.1084,0.625538
1659_83_1961_2157,1,4,0.012333,0.127384,0.215037,0.113949,0.318359,0.052608,0.16033
1659_83_1182_1197,5,5,0.01425,0.056646,0.045781,0.012674,0.013737,0.686256,0.170656
1659_83_1606_1738,1,1,0.21126,0.485502,0.110902,0.035131,0.08199,0.033821,0.041393
1659_83_234_308,1,1,0.079383,0.386301,0.277601,0.047901,0.042483,0.076466,0.089864
1659_84_1767_1933,0,1,0.118461,0.609747,0.103261,0.048052,0.064819,0.027064,0.028596
1659_84_1374_1595,0,1,0.421802,0.461037,0.035398,0.024884,0.015316,0.029034,0.012528
1659_84_927_1176,1,1,0.383659,0.438975,0.053792,0.016059,0.043042,0.044202,0.020271
1659_84_473_724,1,1,0.050257,0.381414,0.26446,0.137207,0.064146,0.044925,0.05759
1659_84_324_391,1,1,0.074862,0.639503,0.026335,0.168366,0.014085,0.047176,0.029671
1659_83_31_104,6,6,0.013962,0.087707,0.073979,0.120228,0.025291,0.060256,0.618577
1659_83_395_462,1,5,0.03194,0.205674,0.145528,0.061529,0.066614,0.397186,0.091529
1659_84_1223_1271,1,1,0.136171,0.458061,0.103277,0.055427,0.007622,0.104207,0.135234
1659_84_777_832,0,1,0.072571,0.424828,0.033864,0.092004,0.013068,0.321463,0.042201
1659_83_853_909,2,4,0.007889,0.051186,0.316668,0.043939,0.448116,0.04056,0.091642
1659_83_745_766,5,5,0.035256,0.080963,0.044507,0.044093,0.011812,0.664195,0.119174
1660_84_2443_2696,0,1,0.408126,0.44728,0.053053,0.033137,0.023859,0.020096,0.014448
1660_83_98_185,1,1,0.112665,0.464263,0.063728,0.105862,0.035898,0.163882,0.053703
1660_84_1226_1476,0,1,0.377105,0.494839,0.043866,0.018128,0.022994,0.025235,0.017834
1660_83_1166_1214,1,5,0.018786,0.099193,0.031816,0.235184,0.015031,0.514072,0.085918
1660_84_201_312,0,2,0.014971,0.2768,0.473277,0.0264,0.047376,0.113802,0.047374
1660_83_869_974,1,5,0.033929,0.245111,0.053186,0.083563,0.021158,0.32768,0.235374
1660_84_982_1164,0,0,0.654319,0.226753,0.020312,0.016612,0.006193,0.067344,0.008466
1660_84_2058_2129,1,1,0.22867,0.548893,0.049066,0.019931,0.097412,0.040179,0.015849
1660_83_1716_1782,1,1,0.137182,0.718796,0.018861,0.032582,0.044319,0.014398,0.033863
1660_84_566_710,1,2,0.020761,0.195479,0.242427,0.199999,0.101241,0.187272,0.052821
1660_84_1645_1702,0,0,0.348892,0.341865,0.055356,0.034022,0.014601,0.166449,0.038815
1660_83_1506_1628,1,1,0.295554,0.510065,0.034262,0.035895,0.070027,0.03201,0.022187
1660_83_2139_2435,1,4,0.041046,0.320288,0.135496,0.037064,0.331509,0.060247,0.074351
1660_84_1788_1929,0,1,0.283172,0.369238,0.047059,0.087405,0.114359,0.061452,0.037315
1660_83_1942_2050,1,1,0.108109,0.463062,0.063082,0.074359,0.061993,0.164537,0.06486
1660_83_729_775,1,1,0.07926,0.514628,0.106935,0.023361,0.162506,0.038327,0.074982
1660_83_329_416,1,4,0.015756,0.228323,0.084182,0.037067,0.395979,0.026091,0.212603
1660_83_2696_2743,3,1,0.126235,0.378518,0.032242,0.24031,0.058397,0.042749,0.12155
1660_84_431_505,0,1,0.136982,0.462885,0.057076,0.063335,0.126117,0.032948,0.120656
1660_84_31_90,1,1,0.108179,0.401219,0.203568,0.035019,0.068255,0.143845,0.039915
1660_83_516_561,1,1,0.152053,0.722838,0.023167,0.024811,0.023689,0.025087,0.028356
1660_84_783_852,0,1,0.244082,0.397026,0.063729,0.009689,0.011916,0.253652,0.019906
1661_83_2285_2589,5,1,0.131223,0.502939,0.142554,0.020166,0.070738,0.076845,0.055536
1661_84_88_239,0,1,0.20986,0.420012,0.029883,0.153851,0.022314,0.132463,0.031617
1661_83_1187_1320,1,6,0.008721,0.125687,0.081225,0.041765,0.018395,0.319991,0.404215
1661_84_997_1186,1,1,0.154661,0.462672,0.104214,0.061996,0.038518,0.105622,0.072318
1661_83_247_306,1,2,0.011552,0.217871,0.374691,0.029342,0.273273,0.023796,0.069475
1661_83_2713_3288,5,2,0.011703,0.146697,0.42192,0.020792,0.221706,0.069879,0.107303
1661_83_1359_1556,5,1,0.018211,0.325173,0.22304,0.032061,0.091051,0.068327,0.242138
1661_84_2589_2706,1,2,0.023927,0.219057,0.388941,0.012588,0.194157,0.150444,0.010886
1661_83_878_996,5,5,0.012834,0.119828,0.082676,0.027511,0.024132,0.598653,0.134367
1661_84_2036_2111,2,5,0.005128,0.044614,0.044927,0.011116,0.008022,0.879079,0.007114
1661_83_1683_2036,5,1,0.097934,0.515595,0.062107,0.02748,0.04819,0.059836,0.188859
1661_84_512_649,5,5,0.007247,0.161523,0.1235,0.024416,0.034672,0.612054,0.036587
1661_84_2161_2273,5,2,0.027857,0.165365,0.503094,0.013924,0.098935,0.119146,0.071678
1661_84_1321_1343,5,1,0.084611,0.696389,0.029963,0.052935,0.043716,0.040751,0.051635
1661_84_1561_1679,1,5,0.010658,0.118177,0.038435,0.013813,0.01238,0.788636,0.017901
1661_83_653_806,2,4,0.02024,0.288917,0.134025,0.039142,0.308885,0.045666,0.163124
1661_84_328_360,5,5,0.020102,0.123486,0.052744,0.122558,0.014808,0.547148,0.119154
1661_83_371_500,5,6,0.011244,0.060879,0.089985,0.104548,0.033517,0.249678,0.450148
1661_84_821_877,5,5,0.015709,0.144445,0.045279,0.021067,0.007737,0.750325,0.015438
1661_83_31_77,1,1,0.061201,0.377818,0.085306,0.117918,0.140069,0.174387,0.0433
1661_83_2113_2154,1,1,0.110784,0.620263,0.114425,0.038384,0.056922,0.035387,0.023835
1663_84_2355_2585,3,3,0.008007,0.012696,0.013613,0.853263,0.006995,0.096527,0.008899
1663_84_101_171,3,3,0.007507,0.023854,0.012388,0.83808,0.002951,0.106849,0.008372
1663_83_1218_1638,3,3,0.015862,0.063712,0.025602,0.635098,0.03615,0.209906,0.01367
1663_84_1108_1211,1,3,0.08397,0.165707,0.040968,0.558448,0.021938,0.10303,0.025939
1663_84_249_278,5,3,0.011274,0.023892,0.021756,0.633316,0.005728,0.285935,0.0181
1663_83_2595_2768,3,3,0.033816,0.141293,0.256061,0.348792,0.037847,0.108896,0.073294
1663_84_861_948,3,3,0.016359,0.062667,0.023808,0.633179,0.006553,0.247419,0.010014
1663_83_183_247,3,3,0.013312,0.036862,0.020781,0.775375,0.019333,0.118677,0.01566
1663_84_2036_2142,3,3,0.011665,0.077985,0.020071,0.727803,0.013519,0.139522,0.009435
1663_83_954_1105,5,3,0.066364,0.207903,0.019177,0.34836,0.032825,0.239047,0.086324
1663_83_1710_1995,3,3,0.02007,0.039098,0.024314,0.679455,0.021294,0.102694,0.113075
1663_84_603_647,3,3,0.007396,0.021174,0.013001,0.524328,0.005295,0.418536,0.010269
1663_84_1639_1698,3,3,0.005103,0.01164,0.016804,0.665564,0.004811,0.288043,0.008035
1663_83_2154_2345,3,3,0.017352,0.045436,0.017087,0.642039,0.01814,0.249335,0.010611
1663_84_703_733,3,3,0.020972,0.130815,0.094689,0.463369,0.067305,0.153485,0.069366
1663_83_481_601,3,3,0.01176,0.020878,0.01472,0.837252,0.010703,0.097616,0.007071
1663_83_648_696,3,3,0.027861,0.064072,0.010477,0.826246,0.00814,0.052727,0.010478
1663_83_285_365,3,3,0.016676,0.063446,0.035748,0.733265,0.025219,0.065212,0.060434
1663_83_400_449,3,3,0.018631,0.070238,0.035134,0.49873,0.015768,0.156497,0.205003
1663_83_761_860,3,1,0.108094,0.343639,0.035435,0.222642,0.119001,0.101098,0.070091
1663_83_31_98,3,3,0.012382,0.012751,0.013767,0.891948,0.003452,0.050559,0.01514
1663_84_450_471,5,3,0.017009,0.047049,0.028805,0.682939,0.011203,0.164503,0.048491
1663_84_367_387,5,3,0.014289,0.022245,0.016478,0.786239,0.010633,0.094355,0.055761
1665_84_2371_2622,5,1,0.075095,0.392188,0.37882,0.01497,0.045484,0.083714,0.009728
1665_84_126_238,1,1,0.032015,0.38675,0.038409,0.323485,0.073259,0.029411,0.116672
1665_83_1231_1428,4,2,0.033935,0.269629,0.32313,0.023904,0.093308,0.092689,0.163405
1665_84_1153_1218,5,5,0.024875,0.159114,0.206346,0.025091,0.021714,0.404642,0.158218
1665_83_244_296,4,5,0.005752,0.02952,0.026875,0.346014,0.04402,0.445889,0.101931
1665_83_2629_2895,1,4,0.029954,0.346219,0.123248,0.021586,0.362963,0.026104,0.089926
1665_84_1429_1486,1,1,0.046215,0.626206,0.087746,0.029344,0.067575,0.093724,0.04919
1665_83_853_959,4,4,0.009196,0.247253,0.117791,0.030427,0.327113,0.074896,0.193324
1665_84_2912_3006,6,3,0.025182,0.142405,0.132147,0.28874,0.118151,0.041525,0.25185
1665_83_1848_2114,1,2,0.021324,0.297067,0.303351,0.016675,0.272812,0.025727,0.063044
1665_83_1071_1138,4,5,0.019489,0.076155,0.068736,0.172165,0.022211,0.368438,0.272806
1665_83_1497_1782,1,1,0.080218,0.425295,0.162076,0.015422,0.198276,0.056053,0.06266
1665_83_548_781,4,2,0.03434,0.251912,0.399197,0.034195,0.197341,0.03091,0.052105
1665_84_2253_2310,5,5,0.011873,0.11628,0.101758,0.051035,0.029854,0.39526,0.29394
1665_83_2189_2244,1,1,0.080901,0.317896,0.121806,0.024821,0.075366,0.151097,0.228113
1665_83_31_117,6,6,0.014055,0.088921,0.193942,0.181363,0.062165,0.068847,0.390707
1665_84_1786_1839,1,1,0.091222,0.483316,0.101273,0.0794,0.031237,0.124967,0.088586
1665_84_3064_3139,0,1,0.1301,0.333937,0.055552,0.281826,0.04784,0.044866,0.105879
1665_84_981_1064,5,5,0.026188,0.15811,0.216456,0.009064,0.019197,0.550828,0.020157
1665_83_341_451,4,2,0.014327,0.147454,0.614485,0.02423,0.145714,0.02401,0.029781
1665_84_453_534,5,5,0.007847,0.097295,0.095085,0.019576,0.009515,0.756951,0.01373
1665_83_2312_2361,1,1,0.056627,0.432505,0.041833,0.04494,0.143467,0.029848,0.250779
1665_83_3014_3055,5,5,0.070597,0.247559,0.072684,0.055036,0.030183,0.356583,0.167358
1665_84_801_840,5,5,0.012617,0.084531,0.06261,0.039387,0.011754,0.740129,0.048973
1665_84_301_325,5,5,0.005202,0.040398,0.021831,0.01067,0.004239,0.88973,0.02793
1665_84_2131_2168,5,5,0.018937,0.156973,0.055572,0.024396,0.01341,0.652033,0.07868
1666_83_2412_2699,2,1,0.091506,0.529959,0.088898,0.043444,0.067736,0.111279,0.067179
1666_83_102_521,2,2,0.007014,0.103844,0.609344,0.037296,0.068872,0.042126,0.131503
1666_83_1178_1475,2,2,0.019551,0.123335,0.449924,0.037108,0.164817,0.069881,0.135383
1666_83_2848_3159,4,2,0.011228,0.091227,0.594485,0.070923,0.067878,0.128819,0.03544
1666_84_2722_2816,2,2,0.06422,0.25497,0.525136,0.026658,0.057197,0.05776,0.014059
1666_84_864_941,5,1,0.070842,0.554716,0.070616,0.026376,0.024202,0.203238,0.05001
1666_84_1117_1152,6,6,0.011788,0.101742,0.054761,0.111865,0.038922,0.128153,0.552769
1666_83_970_1104,2,6,0.051469,0.287186,0.064809,0.056111,0.065433,0.047156,0.427836
1666_83_1612_1873,2,5,0.032651,0.168112,0.248841,0.047182,0.083188,0.258794,0.161232
1666_83_634_839,2,4,0.037504,0.26015,0.241731,0.041709,0.27574,0.05069,0.092477
1666_84_1491_1597,5,5,0.006465,0.113896,0.07383,0.026931,0.00675,0.764417,0.007711
1666_84_2282_2392,2,1,0.076273,0.51013,0.107083,0.067343,0.071274,0.116133,0.051763
1666_83_2147_2265,2,1,0.101989,0.470097,0.061852,0.049762,0.036366,0.23859,0.041344
1666_84_1888_1952,1,1,0.022927,0.398625,0.34451,0.02736,0.047834,0.117804,0.04094
1666_84_2080_2121,2,5,0.02196,0.11004,0.076498,0.062093,0.040212,0.531918,0.157278
1666_83_1978_2063,2,2,0.043317,0.246477,0.272446,0.050368,0.056692,0.168701,0.161998
1666_84_540_595,2,6,0.054351,0.246977,0.135978,0.121219,0.084595,0.054842,0.302037
1666_84_3180_3258,2,1,0.075207,0.636766,0.09818,0.024337,0.068723,0.076426,0.02036
1666_84_31_69,6,2,0.006027,0.065375,0.529562,0.041633,0.026847,0.21959,0.110966
1667_83_2489_2583,1,6,0.014187,0.150959,0.118628,0.040339,0.046574,0.197314,0.431998
1667_83_97_147,6,6,0.012577,0.116805,0.030558,0.105845,0.048228,0.072043,0.613944
1667_83_1136_1285,1,1,0.059508,0.696717,0.037949,0.069915,0.050394,0.031582,0.053935
1667_83_2658_2924,1,1,0.060261,0.414432,0.108203,0.047918,0.092204,0.114873,0.162108
1667_83_1415_1475,1,1,0.017916,0.357483,0.038714,0.206527,0.021844,0.052895,0.304621
1667_84_3140_3178,4,1,0.082644,0.499349,0.090844,0.052466,0.236312,0.022328,0.016057
1667_83_804_963,1,1,0.037812,0.724196,0.049163,0.032381,0.066504,0.035622,0.054321
1667_84_170_219,2,5,0.00732,0.04609,0.222518,0.028227,0.022744,0.409391,0.26371
1667_84_1312_1386,2,1,0.136977,0.501089,0.081212,0.04297,0.085806,0.132309,0.019637
1667_84_2948_2968,1,2,0.017922,0.19362,0.340504,0.133723,0.087201,0.161092,0.065938
1667_83_2026_2387,1,1,0.039194,0.447672,0.069968,0.074636,0.09576,0.053014,0.219755
1667_83_258_721,6,5,0.026811,0.193387,0.147443,0.070682,0.098868,0.339704,0.123106
1667_84_1490_1752,2,1,0.06621,0.412238,0.02609,0.345729,0.014449,0.054024,0.081261
1667_83_1780_1900,1,1,0.015603,0.444248,0.023548,0.312484,0.030513,0.052688,0.120916
1667_84_1910_1996,2,5,0.003882,0.052811,0.090783,0.017468,0.012989,0.764658,0.057409
1667_83_2980_3104,1,1,0.033054,0.579064,0.053274,0.053656,0.020295,0.156963,0.103693
1667_84_992_1103,3,1,0.122742,0.510522,0.027615,0.230564,0.026762,0.0373,0.044496
1667_84_31_79,3,3,0.016146,0.046887,0.16001,0.386621,0.034649,0.209179,0.146508
1667_84_2408_2443,5,5,0.026179,0.119753,0.143274,0.013528,0.019834,0.583129,0.094304
1667_84_730_764,2,6,0.037502,0.191443,0.100485,0.11967,0.066941,0.070052,0.413908
1667_84_2600_2615,1,1,0.03004,0.43529,0.135286,0.017197,0.32217,0.030699,0.029318
1668_84_2476_2573,4,1,0.27004,0.496914,0.039251,0.064193,0.051989,0.039837,0.037774
1668_83_31_415,4,4,0.029102,0.298786,0.155299,0.016395,0.368373,0.022327,0.109718
1668_84_1246_1576,4,2,0.026198,0.23303,0.458015,0.086599,0.10462,0.030598,0.060939
1668_83_1106_1220,1,2,0.046201,0.193216,0.505988,0.02197,0.091982,0.07485,0.065793
1668_83_2605_2775,4,4,0.010411,0.251082,0.174106,0.032122,0.42932,0.02972,0.073238
1668_83_911_941,1,1,0.086272,0.753772,0.025095,0.03991,0.038107,0.016829,0.040015
1668_84_2069_2111,4,4,0.015704,0.27521,0.106359,0.03966,0.500445,0.041326,0.021296
1668_83_1753_1824,4,6,0.020514,0.144072,0.069692,0.124307,0.109872,0.096524,0.435019
1668_84_604_906,4,1,0.035812,0.401977,0.168143,0.035409,0.260102,0.053557,0.045
1668_84_1662_1710,4,0,0.487403,0.414983,0.020464,0.012025,0.018046,0.031515,0.015563
1668_83_2139_2447,1,1,0.094553,0.605184,0.037355,0.027241,0.144185,0.036037,0.055445
1668_83_1917_2044,4,1,0.058414,0.532665,0.069014,0.019839,0.224223,0.021365,0.074481
1668_84_1853_1895,4,1,0.089403,0.469764,0.055988,0.150092,0.031551,0.055632,0.14757
1668_83_1593_1631,1,1,0.021682,0.298674,0.205611,0.029204,0.184706,0.028826,0.231297
1668_83_527_575,4,6,0.012724,0.09823,0.14373,0.033117,0.057875,0.20026,0.454064
1668_84_967_1071,4,2,0.030558,0.203954,0.245868,0.16068,0.029473,0.143431,0.186035
1668_84_430_491,4,1,0.084331,0.472586,0.281828,0.018278,0.096633,0.034337,0.012007
1669_84_2436_2636,1,3,0.017566,0.120662,0.125709,0.528439,0.082874,0.060172,0.064578
1669_84_1231_1430,1,2,0.027567,0.177736,0.330089,0.121971,0.145954,0.093645,0.103038
1669_83_1039_1206,2,6,0.015617,0.094701,0.183847,0.186201,0.082192,0.20457,0.232872
1669_83_251_267,5,6,0.025675,0.083664,0.078877,0.208163,0.036294,0.272438,0.294888
1669_83_2654_2814,2,2,0.017924,0.103408,0.668864,0.05012,0.091701,0.038929,0.029054
1669_83_1449_1481,5,6,0.009879,0.05147,0.0907,0.017374,0.027052,0.307412,0.496113
1669_84_877_1008,6,1,0.063679,0.402424,0.223034,0.057184,0.1198,0.09179,0.04209
1669_84_148_227,1,3,0.030745,0.210831,0.026207,0.576608,0.026801,0.064122,0.064686
1669_84_1947_2149,2,2,0.021558,0.098926,0.673358,0.014693,0.043881,0.116801,0.030784
1669_84_521_789,1,1,0.030864,0.253694,0.247705,0.183369,0.116391,0.071749,0.096228
1669_84_1498_1756,1,1,0.02862,0.326727,0.258799,0.075756,0.069086,0.123149,0.117864
1669_84_2241_2332,3,1,0.068741,0.300143,0.191519,0.225937,0.051287,0.056458,0.105915
1669_83_2167_2218,2,2,0.017302,0.074412,0.560281,0.075603,0.038119,0.129362,0.104921
1669_83_31_123,5,2,0.022535,0.147621,0.391468,0.02859,0.122064,0.125029,0.162693
1669_83_1904_1925,5,5,0.008464,0.08327,0.08896,0.026057,0.016373,0.707555,0.069322
1669_84_1807_1869,2,1,0.07988,0.446658,0.176115,0.014234,0.031474,0.219588,0.032051
1669_83_1776_1792,5,5,0.017415,0.071583,0.095853,0.080181,0.020937,0.359039,0.354991
1669_84_291_399,1,2,0.023803,0.174918,0.319574,0.215199,0.086603,0.097851,0.082053
1669_83_2346_2419,0,1,0.152189,0.389492,0.150849,0.027825,0.038574,0.19286,0.04821
1669_83_810_860,5,5,0.011706,0.132644,0.136432,0.101438,0.04439,0.344623,0.228768
1669_83_453_503,5,5,0.007337,0.092895,0.04883,0.055885,0.043262,0.473547,0.278244
1670_84_2350_2750,0,1,0.155057,0.390571,0.092444,0.098097,0.136587,0.084053,0.043192
1670_84_31_138,0,1,0.163286,0.399598,0.042061,0.246142,0.018036,0.074757,0.056119
1670_84_1252_1496,0,0,0.597525,0.331368,0.018007,0.014848,0.010803,0.018882,0.008568
1670_83_1100_1226,1,1,0.069491,0.688882,0.058654,0.025776,0.03724,0.047432,0.072525
1670_84_210_272,0,1,0.055299,0.580559,0.040307,0.136378,0.039242,0.055622,0.092593
1670_84_2867_2882,6,6,0.022009,0.056091,0.060954,0.326333,0.095379,0.064267,0.374968
1670_84_794_955,0,1,0.414093,0.467266,0.023977,0.029801,0.010321,0.032671,0.02187
1670_83_2774_2842,4,2,0.009799,0.159016,0.417655,0.03608,0.187348,0.014993,0.175109
1670_84_1882_2250,6,1,0.053579,0.372109,0.196217,0.089872,0.192354,0.05053,0.04534
1670_83_1723_1781,1,1,0.19939,0.737594,0.009877,0.007649,0.027119,0.008814,0.009556
1670_84_1624_1699,0,0,0.709174,0.163907,0.019214,0.013336,0.003033,0.080651,0.010685
1670_83_1520_1613,0,1,0.216305,0.638802,0.026259,0.034948,0.037133,0.019481,0.027072
1670_84_522_634,0,1,0.303399,0.556008,0.033123,0.024661,0.038763,0.033696,0.010351
1670_83_2298_2339,4,1,0.027914,0.325344,0.110353,0.065227,0.161911,0.010448,0.298802
1670_83_666_755,0,0,0.447216,0.418236,0.018718,0.034925,0.016462,0.029652,0.034791
1670_84_1019_1061,1,1,0.230737,0.627039,0.024517,0.041154,0.029605,0.029074,0.017873
1670_83_976_1006,1,1,0.24853,0.504993,0.031245,0.017936,0.012267,0.137626,0.047403
1670_84_370_433,1,4,0.052667,0.249736,0.135166,0.193421,0.275845,0.048627,0.044537
1670_83_167_180,1,5,0.02943,0.157253,0.051836,0.03229,0.022606,0.569517,0.137069
1670_83_455_478,6,1,0.246003,0.519589,0.018392,0.040269,0.018859,0.035828,0.12106
1670_83_304_330,0,1,0.056832,0.429361,0.061816,0.071757,0.035615,0.275801,0.068818
1672_83_2473_2562,0,1,0.30394,0.547557,0.050825,0.0214,0.039878,0.011831,0.024569
1672_84_31_177,1,1,0.035782,0.405173,0.20042,0.070399,0.191599,0.067,0.029627
1672_83_1162_1394,6,1,0.029973,0.48716,0.104781,0.032556,0.174543,0.047955,0.123033
1672_83_194_330,6,5,0.007316,0.124582,0.162366,0.029804,0.048517,0.369344,0.258071
1672_83_2718_2816,0,1,0.146983,0.550949,0.032409,0.050415,0.057248,0.048941,0.113055
1672_84_1414_1549,1,1,0.146412,0.541677,0.053925,0.065157,0.01321,0.120658,0.05896
1672_83_3085_3181,6,1,0.073769,0.467048,0.089149,0.031612,0.061191,0.049113,0.228118
1672_83_791_1044,1,6,0.013873,0.276777,0.143232,0.029691,0.203754,0.027845,0.304828
1672_84_3327_3443,3,3,0.008545,0.018038,0.016706,0.871425,0.027143,0.031798,0.026345
1672_84_1070_1143,0,1,0.072309,0.576864,0.028659,0.151513,0.114116,0.0125,0.04404
1672_84_2024_2175,6,3,0.008534,0.025986,0.033234,0.758821,0.070685,0.039291,0.063449
1672_84_1679_1962,6,4,0.007835,0.118868,0.081744,0.139976,0.419637,0.039728,0.192213
1672_83_619_700,0,1,0.060463,0.658649,0.050783,0.032014,0.115131,0.017474,0.065486
1672_84_2584_2698,0,1,0.09157,0.553204,0.03022,0.123254,0.023252,0.033004,0.145495
1672_84_367_604,1,1,0.032644,0.48443,0.255907,0.021924,0.140901,0.036592,0.027603
1672_84_2298_2450,1,1,0.026416,0.723411,0.024774,0.046702,0.119232,0.018755,0.04071
1672_83_2198_2282,6,5,0.03912,0.129957,0.039034,0.047497,0.008363,0.654981,0.081048
1672_83_3276_3321,6,6,0.033096,0.330306,0.082738,0.037663,0.050917,0.075113,0.390166
1672_83_1572_1629,6,6,0.03018,0.189435,0.049692,0.016613,0.012251,0.26349,0.43834
1672_84_715_785,5,5,0.025474,0.139378,0.025188,0.026116,0.008542,0.730365,0.044936
1672_84_2985_3072,6,1,0.08629,0.495366,0.055506,0.04649,0.103223,0.068252,0.144872
1672_84_3211_3245,6,1,0.053096,0.350649,0.100311,0.035564,0.040653,0.261536,0.158191
1672_83_1982_2007,6,5,0.013178,0.074976,0.067122,0.012354,0.008882,0.547295,0.276193
1672_84_2838_2873,6,1,0.109072,0.408776,0.036324,0.095728,0.025674,0.09186,0.232567
1672_83_2894_2949,1,1,0.0808,0.469626,0.02876,0.10025,0.025152,0.058267,0.237146
1673_84_2415_2539,5,3,0.014971,0.135143,0.079003,0.353349,0.120963,0.09458,0.201991
1673_83_31_158,5,6,0.023169,0.123568,0.112698,0.193031,0.110585,0.178804,0.258144
1673_84_1232_1357,1,1,0.039354,0.419536,0.184697,0.030709,0.028493,0.265186,0.032026
1673_83_1128_1223,5,3,0.016955,0.130611,0.07258,0.431895,0.024975,0.125542,0.197442
1673_84_173_257,5,3,0.008889,0.038815,0.029267,0.491229,0.017383,0.365657,0.04876
1673_83_2846_2982,5,1,0.078458,0.703894,0.030334,0.026404,0.087425,0.039098,0.034387
1673_83_2552_2750,5,1,0.081238,0.36573,0.064247,0.096046,0.086326,0.05813,0.248283
1673_83_1364_1672,2,1,0.034815,0.356304,0.082782,0.076144,0.086851,0.078787,0.284316
1673_83_747_976,5,1,0.030422,0.334838,0.037504,0.195185,0.044804,0.042337,0.314909
1673_84_2751_2840,1,1,0.349811,0.587926,0.009674,0.021615,0.004817,0.018018,0.00814
1673_83_1946_2198,2,6,0.009638,0.093272,0.026379,0.064273,0.04838,0.04125,0.716808
1673_84_1086_1124,3,3,0.014502,0.03413,0.032391,0.817743,0.008801,0.057401,0.035033
1673_84_622_730,5,1,0.037936,0.331248,0.273267,0.019752,0.111973,0.180102,0.045721
1673_83_351_610,5,4,0.015266,0.258733,0.220314,0.032981,0.260517,0.039098,0.173091
1673_83_1772_1900,2,6,0.017266,0.293567,0.055323,0.091406,0.140971,0.046176,0.355292
1673_84_1912_1941,5,5,0.007986,0.025617,0.040006,0.010607,0.007535,0.89623,0.01202
1673_84_1682_1757,1,2,0.009684,0.246475,0.430786,0.011091,0.049626,0.229247,0.023092
1673_83_1023_1082,3,1,0.270312,0.58581,0.03153,0.044059,0.011171,0.029691,0.027427
1673_84_981_1004,3,5,0.018183,0.143561,0.037476,0.160804,0.016962,0.520616,0.102399
1673_83_2306_2402,5,1,0.049001,0.403963,0.105303,0.043686,0.085564,0.062062,0.25042
1673_84_2218_2286,2,1,0.023805,0.45416,0.337461,0.005843,0.094169,0.032308,0.052254
1673_84_321_338,5,5,0.030806,0.078925,0.02651,0.024835,0.00891,0.802808,0.027206
1673_83_269_306,5,1,0.049581,0.498005,0.06679,0.09952,0.045418,0.036899,0.203787
1677_83_2384_2777,1,1,0.100391,0.366688,0.050299,0.209431,0.120014,0.063286,0.089891
1677_84_1172_1360,1,3,0.020573,0.325354,0.029132,0.487749,0.017461,0.065723,0.054008
1677_84_204_256,1,3,0.022179,0.136256,0.038797,0.382219,0.029281,0.10625,0.285018
1677_83_1369_1524,1,1,0.069097,0.559148,0.03826,0.101688,0.049856,0.067514,0.114438
1677_84_900_1000,1,1,0.081928,0.370282,0.022551,0.234682,0.013022,0.123658,0.153877
1677_83_1032_1169,1,1,0.016326,0.469085,0.108035,0.035223,0.169923,0.108828,0.09258
1677_83_2058_2251,1,1,0.022954,0.378349,0.072548,0.143483,0.11846,0.045426,0.218781
1677_83_133_191,1,5,0.006326,0.031283,0.013918,0.080127,0.007874,0.822961,0.037511
1677_84_1538_1770,1,1,0.093585,0.455,0.036188,0.113986,0.030879,0.197861,0.0725
1677_84_552_614,1,1,0.095648,0.390922,0.047798,0.127119,0.032548,0.228907,0.077058
1677_84_2251_2369,1,1,0.08135,0.741738,0.02579,0.047358,0.018208,0.044421,0.041135
1677_83_1774_1908,1,3,0.014085,0.059672,0.01577,0.681387,0.02212,0.022831,0.184135
1677_84_1923_2018,1,1,0.061258,0.480827,0.068557,0.083771,0.034272,0.222248,0.049067
1677_83_800_880,2,5,0.019968,0.227474,0.060774,0.14036,0.02229,0.404649,0.124485
1677_83_445_512,2,1,0.16923,0.482154,0.058629,0.048831,0.023961,0.143705,0.07349
1677_84_31_103,3,3,0.021382,0.152015,0.06751,0.465447,0.021456,0.122703,0.149487
1677_83_272_348,1,1,0.036221,0.332669,0.146222,0.060017,0.194644,0.056193,0.174033
1677_84_376_427,1,1,0.042272,0.469043,0.077667,0.081745,0.159298,0.047052,0.122924
1679_83_2436_2688,1,1,0.167593,0.551386,0.037562,0.034674,0.152116,0.031396,0.025273
1679_83_31_152,3,3,0.007163,0.024501,0.015087,0.727509,0.054338,0.068734,0.102668
1679_83_959_1184,1,5,0.010925,0.128563,0.029655,0.067065,0.026596,0.605836,0.131361
1679_83_197_350,3,1,0.065938,0.39656,0.068212,0.14832,0.032437,0.138776,0.149757
1679_83_2786_2927,1,1,0.08204,0.554073,0.037469,0.08188,0.074106,0.046307,0.124124
1679_84_2703_2770,1,3,0.024006,0.256737,0.070996,0.305,0.086765,0.133769,0.122727
1679_83_1301_1531,1,1,0.015062,0.550781,0.100526,0.055092,0.129927,0.042126,0.106486
1679_83_2972_3171,3,3,0.025503,0.215012,0.01682,0.373282,0.069099,0.087237,0.213047
1679_84_846_959,3,3,0.014957,0.094908,0.042416,0.498887,0.016909,0.210918,0.121005
1679_83_1921_2099,1,1,0.037387,0.380979,0.035367,0.064183,0.056048,0.239356,0.18668
1679_84_159_195,3,5,0.007263,0.012845,0.012761,0.40524,0.003936,0.550291,0.007663
1679_83_1689_1870,3,3,0.015546,0.172349,0.020001,0.431011,0.0285,0.090821,0.241771
1679_83_491_832,3,6,0.033394,0.270805,0.054224,0.150983,0.092978,0.085508,0.312108
1679_84_1554_1689,3,3,0.04117,0.168584,0.024458,0.540385,0.049421,0.117431,0.058551
1679_84_2131_2436,1,1,0.177551,0.610276,0.038764,0.042926,0.080693,0.034658,0.015132
1679_84_1189_1294,1,5,0.143675,0.373109,0.019006,0.026725,0.010461,0.408258,0.018766
1679_84_1870_1900,3,5,0.006719,0.016408,0.021733,0.382985,0.005281,0.554779,0.012094
1679_84_363_478,3,3,0.028864,0.078166,0.040442,0.695353,0.024482,0.098278,0.034415
1679_84_2927_2949,3,5,0.012888,0.038483,0.025457,0.21979,0.013402,0.631255,0.058725
1680_84_2276_2510,3,3,0.027999,0.28847,0.054748,0.412955,0.029045,0.071829,0.114953
1680_83_86_135,2,5,0.009052,0.137405,0.095847,0.025468,0.013312,0.634566,0.084351
1680_83_1200_1314,2,1,0.205415,0.548395,0.049004,0.024089,0.065409,0.076267,0.031422
1680_84_1030_1188,3,1,0.23409,0.461315,0.051754,0.118645,0.029451,0.079332,0.025412
1680_84_2825_2890,3,3,0.011831,0.029919,0.014372,0.852206,0.01195,0.052826,0.026896
1680_84_2681_2794,3,3,0.010263,0.041411,0.029599,0.6899,0.072587,0.022119,0.134121
1680_83_1429_1524,2,2,0.013114,0.20622,0.402726,0.062271,0.043664,0.108252,0.163753
1680_83_2524_2669,5,4,0.016366,0.178532,0.245335,0.031903,0.473472,0.023143,0.031248
1680_83_899_1018,1,5,0.230934,0.219326,0.025013,0.024451,0.008729,0.466957,0.024589
1680_83_2795_2820,5,5,0.027319,0.047144,0.033557,0.07591,0.00977,0.781713,0.024586
1680_83_188_246,2,5,0.012257,0.126125,0.063628,0.019019,0.007777,0.707256,0.063938
1680_84_1320_1410,1,3,0.012111,0.048598,0.037618,0.594882,0.019313,0.255144,0.032333
1680_84_1915_2156,3,3,0.008642,0.038179,0.032023,0.792612,0.012736,0.022718,0.09309
1680_83_1672_1881,2,5,0.007145,0.136242,0.110417,0.210273,0.032846,0.369848,0.133229
1680_84_554_723,1,3,0.023288,0.16903,0.046231,0.47068,0.015258,0.221532,0.05398
1680_83_2173_2268,2,5,0.010221,0.105026,0.11545,0.04918,0.019072,0.53933,0.161721
1680_84_1535_1666,3,3,0.008906,0.032753,0.024762,0.738096,0.011436,0.060793,0.123254
1680_84_834_887,3,2,0.014326,0.148603,0.421122,0.227622,0.035757,0.115964,0.036606
1680_84_259_393,3,1,0.025235,0.402563,0.158947,0.049899,0.034249,0.279714,0.049393
1680_84_137_159,2,1,0.01452,0.328987,0.255014,0.020051,0.215676,0.084652,0.0811
1680_83_399_444,2,6,0.03799,0.21754,0.084185,0.098274,0.031985,0.125003,0.405024
1680_84_450_499,3,3,0.009322,0.048886,0.046106,0.457566,0.016919,0.247748,0.173453
1680_84_31_86,2,5,0.010118,0.0675,0.076562,0.033417,0.009313,0.741943,0.061146
1680_83_735_828,1,1,0.111191,0.4642,0.097845,0.029693,0.044174,0.133202,0.119695
1680_83_505_530,2,5,0.038804,0.194618,0.064017,0.019056,0.012196,0.577822,0.093488
1961_100_125_199,5,5,0.017555,0.094225,0.044524,0.007499,0.005236,0.787734,0.043227
1961_99_1247_1308,1,1,0.032677,0.574098,0.187192,0.015112,0.106364,0.055101,0.029456
1961_100_1108_1247,0,1,0.285022,0.483307,0.073106,0.02213,0.022224,0.101639,0.012571
1961_99_199_376,1,1,0.086838,0.453761,0.121557,0.020276,0.27085,0.020522,0.026196
1961_99_31_125,1,1,0.10341,0.428411,0.140334,0.0148,0.23828,0.030605,0.04416
1961_100_861_1048,0,0,0.41652,0.325069,0.116685,0.015073,0.065845,0.047098,0.013711
1961_100_1308_1381,1,0,0.64092,0.163057,0.044539,0.00657,0.009945,0.127722,0.007246
1961_99_579_644,1,1,0.055777,0.465781,0.287328,0.009454,0.053189,0.119163,0.009307
1961_99_1048_1108,1,1,0.169297,0.521424,0.078351,0.012512,0.190572,0.012282,0.015562
1961_99_418_496,1,0,0.651317,0.270407,0.022535,0.010884,0.017836,0.016817,0.010204
1961_99_755_861,1,1,0.051954,0.401826,0.1383,0.061396,0.198803,0.044546,0.103175
1961_100_644_755,0,0,0.440003,0.32146,0.01587,0.0057,0.007281,0.202989,0.006697
1961_100_376_418,5,5,0.062516,0.045183,0.026049,0.005944,0.004725,0.839518,0.016065
1961_99_1381_1442,1,1,0.242255,0.428999,0.124285,0.012652,0.109438,0.057917,0.024455
1961_100_496_579,1,5,0.299457,0.239291,0.022326,0.005828,0.013559,0.411103,0.008436
1962_100_31_141,3,3,0.006854,0.007386,0.008127,0.721737,0.00412,0.23364,0.018135
1962_100_1258_1349,5,5,0.146806,0.194443,0.069694,0.014553,0.025075,0.522056,0.027373
1962_99_1182_1258,1,1,0.420532,0.494094,0.023413,0.005215,0.01824,0.028043,0.010463
1962_99_141_310,1,0,0.435125,0.412363,0.035569,0.009336,0.054497,0.038768,0.014342
1962_100_799_948,5,3,0.024421,0.0349,0.016143,0.791327,0.010653,0.108241,0.014315
1962_99_948_1069,1,1,0.380467,0.42461,0.042084,0.017479,0.054501,0.06232,0.018538
1962_99_1349_1420,1,1,0.373911,0.444349,0.036916,0.017187,0.035676,0.073402,0.018558
1962_100_529_657,1,0,0.350952,0.347346,0.073294,0.050271,0.032624,0.108849,0.036664
1962_100_1069_1182,5,5,0.383785,0.093598,0.018335,0.049407,0.007305,0.43875,0.00882
1962_100_310_441,5,5,0.08098,0.141754,0.036964,0.069153,0.024009,0.635582,0.011558
1962_99_441_529,1,1,0.253811,0.421678,0.055373,0.009432,0.031581,0.207779,0.020346
1962_99_657_799,1,0,0.547737,0.345055,0.025199,0.007893,0.023877,0.041202,0.009036
1963_100_95_218,0,0,0.412564,0.197791,0.027262,0.012866,0.01161,0.326035,0.011873
1963_99_1134_1319,0,1,0.375989,0.518099,0.043441,0.003225,0.036486,0.012439,0.010321
1963_99_218_304,1,1,0.154307,0.624779,0.054782,0.008958,0.134731,0.008594,0.013849
1963_99_879_998,1,1,0.31494,0.528365,0.029898,0.005599,0.102541,0.008928,0.009728
1963_100_1319_1395,0,5,0.1358,0.247263,0.054588,0.009174,0.017019,0.515101,0.021055
1963_100_590_694,1,5,0.068406,0.100849,0.037403,0.027384,0.004892,0.647611,0.113455
1963_100_998_1134,0,0,0.567578,0.28538,0.028023,0.003603,0.009609,0.093633,0.012173
1963_100_304_448,1,1,0.387248,0.412857,0.04451,0.013052,0.018815,0.089571,0.033947
1963_99_448_590,1,1,0.245151,0.50752,0.108535,0.00452,0.043839,0.066886,0.023549
1963_99_31_95,1,1,0.183856,0.425427,0.159797,0.007793,0.089472,0.054928,0.078728
1963_100_822_879,0,1,0.08422,0.305577,0.069483,0.104693,0.035998,0.112665,0.287364
1963_99_694_822,1,1,0.28916,0.46708,0.075564,0.029847,0.039327,0.046603,0.052418
1963_99_1395_1431,0,0,0.740394,0.222452,0.01458,0.005171,0.004236,0.005446,0.007721
1964_100_31_173,2,5,0.046556,0.186585,0.241213,0.00541,0.011501,0.428792,0.079943
1964_99_1278_1411,4,2,0.032309,0.2641,0.471744,0.011411,0.196802,0.008332,0.015303
1964_100_1164_1278,2,2,0.060649,0.127239,0.54473,0.024103,0.052262,0.162072,0.028946
1964_100_233_299,5,5,0.003759,0.016027,0.048303,0.007542,0.002764,0.894197,0.027408
1964_100_1411_1469,2,1,0.049229,0.418355,0.294375,0.005997,0.104622,0.075182,0.052239
1964_100_907_977,2,2,0.031352,0.059769,0.537879,0.016724,0.013569,0.299496,0.04121
1964_99_173_233,4,5,0.005502,0.094398,0.361232,0.00414,0.031123,0.467795,0.03581
1964_99_580_625,4,6,0.012461,0.147569,0.237937,0.016665,0.06844,0.137211,0.379717
1964_99_977_1164,4,2,0.01468,0.107922,0.764606,0.009604,0.076613,0.017597,0.008978
1964_99_299_386,4,2,0.009593,0.241314,0.553998,0.00782,0.110898,0.031119,0.045258
1964_100_625_699,2,5,0.076597,0.081768,0.028586,0.013784,0.005363,0.769386,0.024516
1964_100_386_580,5,5,0.005372,0.040942,0.060318,0.004783,0.00514,0.875439,0.008007
1964_99_699_907,4,2,0.003785,0.085753,0.739812,0.002949,0.127696,0.023483,0.016522
1966_99_86_258,2,2,0.007957,0.13122,0.60024,0.002474,0.041751,0.143138,0.07322
1966_100_1250_1321,4,6,0.014476,0.199767,0.204775,0.025135,0.084953,0.094567,0.376327
1966_99_1090_1250,4,1,0.056925,0.35596,0.294774,0.010386,0.137788,0.052121,0.092046
1966_99_898_1013,6,2,0.028147,0.227343,0.294476,0.016073,0.146204,0.087794,0.199963
1966_99_1321_1386,1,1,0.090292,0.676224,0.084395,0.00709,0.026814,0.066751,0.048434
1966_99_512_645,5,1,0.088105,0.419737,0.235331,0.004534,0.157548,0.049163,0.045581
1966_99_332_406,5,0,0.400605,0.272206,0.02587,0.026367,0.00607,0.16579,0.10309
1966_100_1013_1090,2,5,0.026376,0.118684,0.119439,0.01428,0.018632,0.530544,0.172044
1966_100_406_512,5,5,0.007893,0.010832,0.038926,0.131846,0.022966,0.734998,0.052539
1966_100_31_86,6,5,0.01583,0.076953,0.11052,0.021404,0.01285,0.445935,0.316508
1966_100_742_898,2,1,0.016529,0.337471,0.18306,0.015858,0.268245,0.048509,0.130328
1966_100_645_672,2,1,0.0768,0.453475,0.197015,0.013919,0.172169,0.047164,0.039458
1966_99_672_742,4,1,0.049695,0.376843,0.18938,0.02026,0.236941,0.076251,0.05063
1966_100_258_332,2,6,0.004448,0.050863,0.054587,0.080174,0.034792,0.26159,0.513546
1967_100_31_151,2,5,0.015688,0.17355,0.366729,0.009416,0.024833,0.392406,0.017377
1967_100_1251_1393,5,5,0.009506,0.044335,0.139074,0.106912,0.011873,0.531402,0.156897
1967_99_1131_1251,5,5,0.020715,0.029749,0.116307,0.003176,0.004962,0.819363,0.005727
1967_99_151_272,2,2,0.011699,0.086616,0.839543,0.006672,0.02081,0.029572,0.005087
1967_99_1393_1496,2,2,0.01537,0.056095,0.805275,0.007905,0.041516,0.065815,0.008024
1967_99_868_944,2,2,0.014406,0.076983,0.647304,0.018967,0.031075,0.191719,0.019546
1967_100_944_1131,2,2,0.009638,0.076945,0.55537,0.053209,0.063485,0.150587,0.090766
1967_100_571_661,0,1,0.064835,0.254159,0.243554,0.244504,0.046764,0.101205,0.04498
1967_100_272_418,2,5,0.008346,0.087239,0.102867,0.159207,0.022086,0.478786,0.141468
1967_99_418_571,2,2,0.152526,0.23765,0.504382,0.008445,0.0746,0.016374,0.006024
1967_100_797_868,6,5,0.005848,0.018291,0.272634,0.069002,0.007324,0.5507,0.0762
1967_99_661_797,2,2,0.052829,0.417121,0.425688,0.008956,0.054421,0.02761,0.013375
1968_100_1132_1386,2,2,0.012737,0.071767,0.320514,0.022943,0.148144,0.260041,0.163854
1968_100_1811_2060,2,2,0.01934,0.091359,0.375248,0.016149,0.077117,0.32853,0.092256
1968_100_1466_1700,2,2,0.035587,0.242266,0.383429,0.013632,0.092718,0.164589,0.067778
1968_99_233_289,6,1,0.05039,0.482671,0.264548,0.037806,0.046344,0.043726,0.074514
1968_99_1718_1799,2,5,0.004887,0.090977,0.380874,0.004959,0.020182,0.472835,0.025286
1968_100_2135_2239,2,5,0.015255,0.124674,0.203599,0.017528,0.045417,0.415555,0.177971
1968_99_2397_2486,2,5,0.041565,0.231185,0.186427,0.006682,0.018676,0.386731,0.128734
1968_99_31_124,6,2,0.066953,0.150634,0.58186,0.063649,0.024047,0.079648,0.033209
1968_100_924_990,2,5,0.011022,0.082068,0.241551,0.020515,0.008554,0.607581,0.028709
1968_100_152_214,3,2,0.089656,0.199877,0.475706,0.043914,0.017433,0.112322,0.061093
1968_100_2289_2365,5,5,0.01033,0.053067,0.037677,0.176889,0.01439,0.459904,0.247743
1968_99_417_638,6,2,0.006139,0.038522,0.473717,0.012667,0.016744,0.423737,0.028474
1968_99_1024_1118,2,2,0.007785,0.064306,0.81094,0.010146,0.033865,0.064026,0.008932
1968_100_322_415,3,6,0.010813,0.051375,0.161228,0.054586,0.014757,0.28064,0.426601
1968_100_671_855,3,5,0.00935,0.084462,0.097355,0.122167,0.03143,0.539913,0.115323
1968_99_1409_1445,2,2,0.045701,0.290957,0.356523,0.021835,0.055357,0.179609,0.050018
1968_99_879_904,2,5,0.008652,0.094906,0.385654,0.003927,0.02696,0.407426,0.072475
1968_99_2072_2112,2,5,0.043011,0.289838,0.27759,0.002691,0.011707,0.314463,0.0607
1968_99_2557_2570,5,3,0.007852,0.005206,0.021519,0.776664,0.004295,0.180178,0.004286
1968_99_2257_2268,5,5,0.017622,0.124092,0.074883,0.004175,0.005645,0.693601,0.079982
1968_100_2517_2527,6,2,0.094766,0.102448,0.36003,0.025783,0.010273,0.347256,0.059444
1970_99_120_213,4,1,0.141896,0.686462,0.085309,0.006949,0.047277,0.023984,0.008123
1970_99_1255_1388,1,1,0.067553,0.414364,0.217577,0.004943,0.201939,0.083988,0.009637
1970_100_251_337,1,1,0.366305,0.502189,0.033367,0.010988,0.015268,0.030926,0.040956
1970_100_1424_1510,4,4,0.132924,0.33832,0.076458,0.014124,0.412452,0.014353,0.011369
1970_100_475_625,1,0,0.473648,0.372917,0.059235,0.00698,0.028586,0.032974,0.02566
1970_99_1067_1168,0,1,0.233472,0.615276,0.104727,0.005817,0.019592,0.010365,0.01075
1970_99_640_703,1,1,0.150044,0.738762,0.062028,0.006279,0.01068,0.01746,0.014747
1970_100_961_1052,1,1,0.178244,0.46094,0.12552,0.004459,0.023137,0.186702,0.020998
1970_100_31_87,1,1,0.211528,0.31387,0.077377,0.003522,0.009058,0.308098,0.076546
1970_99_367_463,1,1,0.142109,0.603286,0.122781,0.003992,0.013778,0.100878,0.013176
1970_100_1187_1245,1,1,0.215288,0.693159,0.017627,0.008577,0.043516,0.009852,0.01198
1970_100_721_792,2,1,0.314449,0.489631,0.072483,0.008298,0.071562,0.030723,0.012853
1970_99_827_926,0,0,0.574729,0.383032,0.01299,0.003253,0.005432,0.016473,0.00409
1971_100_31_239,3,3,0.009483,0.014072,0.022587,0.836457,0.009571,0.073824,0.034004
1971_99_1238_1361,1,1,0.109522,0.731143,0.047229,0.031064,0.014802,0.031052,0.035189
1971_100_1077_1217,5,6,0.04096,0.193696,0.170072,0.100644,0.042855,0.213211,0.238561
1971_100_1404_1528,5,2,0.022285,0.204753,0.551539,0.002574,0.150737,0.050132,0.017981
1971_100_886_977,5,5,0.046986,0.133747,0.203725,0.003656,0.014068,0.553427,0.044391
1971_99_494_723,1,1,0.122873,0.643552,0.128147,0.015752,0.048234,0.030319,0.011124
1971_99_265_334,1,2,0.034986,0.289157,0.304354,0.036747,0.030961,0.193198,0.110597
1971_100_368_471,5,5,0.051084,0.137795,0.120744,0.013042,0.012519,0.646695,0.018121
1971_99_808_856,1,1,0.082326,0.439661,0.044479,0.009782,0.007319,0.406884,0.009549
1971_100_755_791,5,5,0.093022,0.110563,0.204687,0.047543,0.017693,0.306599,0.219893
1971_99_998_1031,6,2,0.009598,0.269851,0.328895,0.009201,0.106467,0.095579,0.180409
1972_100_31_138,2,3,0.009907,0.012223,0.038484,0.794255,0.016936,0.083274,0.04492
1972_99_1254_1393,1,1,0.293948,0.487622,0.119443,0.008444,0.051515,0.022688,0.016339
1972_100_1139_1231,2,1,0.09164,0.339868,0.058735,0.137537,0.014865,0.109275,0.24808
1972_100_1637_1725,3,3,0.01475,0.037942,0.03096,0.785722,0.030529,0.025066,0.07503
1972_100_201_399,5,5,0.012079,0.096033,0.345949,0.004168,0.018691,0.488221,0.034859
1972_100_1411_1513,2,0,0.355961,0.32662,0.078522,0.098725,0.020294,0.078143,0.041735
1972_100_818_952,5,1,0.073895,0.395112,0.085651,0.021978,0.020102,0.189849,0.213411
1972_100_447_645,5,5,0.00771,0.054072,0.04142,0.219926,0.013219,0.608182,0.055471
1972_99_165_183,6,5,0.027239,0.066984,0.055355,0.00385,0.009751,0.777825,0.058998
1972_99_976_1113,1,2,0.014096,0.089205,0.828869,0.004611,0.04298,0.014638,0.005601
1972_99_1754_1767,1,2,0.010373,0.23364,0.48936,0.014542,0.127855,0.073977,0.050253
1972_99_1536_1608,2,1,0.154931,0.516922,0.10333,0.030732,0.081698,0.039247,0.073141
1972_99_674_797,5,5,0.043533,0.146951,0.117194,0.024609,0.023252,0.59868,0.045781
1972_99_410_424,5,5,0.079113,0.249918,0.105494,0.010456,0.021109,0.430741,0.103168
1973_100_31_146,5,5,0.00391,0.026996,0.040054,0.002528,0.002622,0.89699,0.0269
1973_100_1279_1454,1,5,0.021846,0.128287,0.251699,0.108112,0.048044,0.412862,0.029152
1973_99_1643_1690,2,2,0.05079,0.111075,0.714613,0.012057,0.088777,0.018743,0.003945
1973_99_168_291,1,2,0.039506,0.31108,0.468148,0.011888,0.086706,0.048375,0.034297
1973_100_852_947,5,5,0.005663,0.093234,0.317988,0.00937,0.076986,0.415399,0.081359
1973_100_454_638,5,2,0.02592,0.364115,0.366871,0.009762,0.037694,0.139526,0.056112
1973_100_1113_1179,2,2,0.02679,0.12367,0.627995,0.008179,0.077197,0.095866,0.040303
1973_99_957_1087,1,2,0.00352,0.143126,0.745153,0.01308,0.046512,0.032436,0.016173
1973_99_1194_1262,5,2,0.158679,0.18671,0.416133,0.015477,0.054504,0.15652,0.011978
1973_99_1463_1526,2,1,0.078441,0.43906,0.299102,0.016386,0.071754,0.055642,0.039616
1973_99_656_831,1,2,0.047626,0.197871,0.609818,0.018075,0.091588,0.018974,0.016047
1973_99_344_425,1,2,0.009333,0.240235,0.655759,0.00497,0.057367,0.023792,0.008544
1973_100_1550_1628,5,5,0.005398,0.066539,0.241253,0.003754,0.066913,0.582091,0.034052
1973_100_311_325,5,5,0.008776,0.01597,0.023785,0.011594,0.003074,0.918072,0.018728
1974_99_31_186,5,1,0.302869,0.338076,0.166748,0.019239,0.043111,0.104176,0.025781
1974_99_1259_1396,2,1,0.065344,0.477265,0.217973,0.018224,0.026505,0.155403,0.039287
1974_100_2005_2049,1,1,0.255616,0.46861,0.083749,0.014665,0.098088,0.053647,0.025625
1974_100_1176_1242,1,3,0.054064,0.284042,0.032941,0.428196,0.021439,0.147311,0.032007
1974_99_1591_1710,2,1,0.072131,0.444331,0.253148,0.017121,0.139673,0.052278,0.021318
1974_100_206_328,5,5,0.005001,0.032829,0.0551,0.005042,0.007953,0.884102,0.009973
1974_100_1733_1852,1,1,0.059716,0.544594,0.154567,0.024031,0.132904,0.050506,0.033682
1974_100_1417_1583,5,5,0.008453,0.164263,0.046969,0.048463,0.007966,0.584623,0.139263
1974_99_904_976,1,1,0.084543,0.49962,0.187732,0.026999,0.06026,0.081963,0.058883
1974_100_487_652,2,1,0.080684,0.530379,0.154404,0.010242,0.113566,0.087056,0.023668
1974_99_1110_1156,1,1,0.22323,0.538145,0.125318,0.009093,0.043155,0.0447,0.016359
1974_100_1023_1110,1,1,0.030972,0.256514,0.199374,0.1084,0.151781,0.075099,0.177859
1974_99_347_468,1,2,0.144912,0.206008,0.466763,0.016554,0.115482,0.028723,0.021558
1974_100_793_891,3,5,0.015545,0.059271,0.054025,0.28099,0.018158,0.511982,0.060029
1974_99_1874_1984,1,1,0.11433,0.28659,0.22473,0.049877,0.256428,0.052292,0.015753
1974_99_666_770,2,1,0.201324,0.430546,0.164441,0.014421,0.115945,0.052989,0.020333
1979_99_98_133,3,1,0.275096,0.603864,0.043315,0.007993,0.019057,0.035636,0.01504
1979_99_1104_1378,1,1,0.43466,0.492307,0.026223,0.005211,0.014851,0.017078,0.009671
1979_99_2013_2113,1,0,0.485441,0.432851,0.028425,0.004699,0.004947,0.037571,0.006065
1979_100_1401_1723,0,0,0.498594,0.34104,0.046682,0.022576,0.02381,0.046101,0.021197
1979_99_240_321,3,5,0.018263,0.241753,0.111182,0.008732,0.024736,0.557685,0.037649
1979_99_1735_1856,1,0,0.61698,0.325168,0.017333,0.005918,0.00636,0.022061,0.006181
1979_100_906_1093,0,0,0.389116,0.296063,0.025934,0.011501,0.017691,0.243893,0.015801
1979_100_159_228,1,6,0.013413,0.075325,0.073275,0.126842,0.021842,0.22416,0.465143
1979_100_613_798,1,1,0.270484,0.430832,0.040311,0.007175,0.01359,0.229184,0.008424
1979_100_340_522,1,1,0.40238,0.465311,0.048475,0.006499,0.019872,0.043228,0.014235
1979_100_31_74,3,5,0.014028,0.019036,0.034948,0.115091,0.006528,0.569854,0.240515
1979_100_1878_2001,1,0,0.587335,0.298435,0.024081,0.007982,0.011345,0.049411,0.021411
1979_99_825_881,1,1,0.286201,0.617507,0.042529,0.012565,0.018233,0.014811,0.008153
1979_99_538_586,0,1,0.122202,0.623953,0.073391,0.009715,0.009509,0.142386,0.018844
1979_99_2223_2273,1,0,0.568917,0.277164,0.037173,0.034235,0.014013,0.055838,0.012661
1979_100_2130_2212,1,1,0.087979,0.635634,0.101666,0.009915,0.021732,0.102858,0.040216
1980_99_1288_1395,4,5,0.012621,0.227948,0.121171,0.098968,0.040232,0.375105,0.123956
1980_100_235_426,1,1,0.05943,0.33612,0.197396,0.059833,0.094729,0.168519,0.083971
1980_99_1790_1879,4,1,0.204453,0.456077,0.102918,0.040269,0.065981,0.05757,0.072732
1980_100_1416_1486,1,5,0.237046,0.304542,0.050234,0.01392,0.028501,0.343059,0.022698
1980_100_946_1106,5,5,0.021941,0.13674,0.07663,0.063055,0.034274,0.640837,0.026523
1980_99_136_211,1,5,0.032688,0.147281,0.077848,0.061251,0.028244,0.590002,0.062686
1980_99_1121_1157,5,5,0.139133,0.223391,0.072992,0.026504,0.008421,0.440365,0.089193
1980_100_1683_1772,1,5,0.042822,0.177251,0.052172,0.057801,0.023913,0.621468,0.024574
1980_100_603_752,1,1,0.08352,0.281875,0.102224,0.204396,0.079034,0.138861,0.110091
1980_99_447_582,1,1,0.062456,0.743009,0.06483,0.021784,0.070851,0.019176,0.017895
1980_100_31_117,3,3,0.007032,0.014821,0.023435,0.847766,0.013044,0.043902,0.05
1980_99_1503_1674,1,1,0.209445,0.588109,0.070471,0.009799,0.079663,0.023773,0.018741
1980_100_1185_1275,1,6,0.007153,0.145578,0.087938,0.269968,0.021461,0.067275,0.400627
1980_99_768_922,1,1,0.085929,0.555362,0.073502,0.032297,0.19567,0.017415,0.039825
1980_100_1910_1964,1,1,0.03272,0.386427,0.239262,0.045558,0.095546,0.103971,0.096516
1982_100_1236_1349,1,1,0.391831,0.485317,0.033592,0.009925,0.019424,0.043536,0.016374
1982_99_1138_1212,4,1,0.131239,0.364351,0.206864,0.007399,0.105141,0.134355,0.050651
1982_100_1676_1753,1,1,0.119057,0.715095,0.05191,0.024956,0.029778,0.016394,0.042809
1982_99_236_335,4,5,0.047775,0.156866,0.12036,0.009359,0.027942,0.499225,0.138472
1982_99_1768_1844,0,0,0.465298,0.411681,0.044503,0.007601,0.029681,0.024396,0.016839
1982_100_1460_1563,1,1,0.08124,0.583631,0.092746,0.023355,0.043099,0.032314,0.143615
1982_100_861_1122,6,1,0.031896,0.295325,0.255019,0.025101,0.202807,0.040245,0.149607
1982_100_140_220,1,6,0.00666,0.185551,0.066352,0.061545,0.171959,0.052226,0.455707
1982_100_603_692,1,1,0.023364,0.370077,0.292654,0.007071,0.236466,0.016038,0.05433
1982_99_472_570,4,2,0.004633,0.074102,0.500605,0.003902,0.349926,0.055654,0.011178
1982_99_31_118,5,5,0.022302,0.195036,0.185386,0.009803,0.219933,0.288742,0.078798
1982_100_362_460,1,4,0.003762,0.13167,0.358007,0.010064,0.412175,0.028931,0.055392
1982_99_709_833,4,5,0.217121,0.251818,0.177004,0.003935,0.040866,0.262916,0.04634
1982_100_1868_1945,1,6,0.032024,0.265525,0.034023,0.103512,0.017363,0.086668,0.460885
1982_99_1577_1659,0,1,0.175706,0.523313,0.079394,0.02825,0.057542,0.069868,0.065926
1982_99_1368_1434,4,1,0.332698,0.460098,0.078158,0.005955,0.067525,0.041625,0.01394
1982_99_1964_2008,0,0,0.613114,0.334318,0.014322,0.004589,0.012284,0.012405,0.008968
1984_100_31_133,1,2,0.014247,0.130894,0.51664,0.04421,0.171788,0.077776,0.044444
1984_100_1148_1302,2,1,0.309102,0.498813,0.064225,0.017388,0.040364,0.032188,0.03792
1984_100_1660_1776,5,5,0.25953,0.195205,0.041003,0.008221,0.00647,0.470795,0.018775
1984_100_210_353,5,1,0.063637,0.400829,0.075902,0.024959,0.015832,0.340679,0.078163
1984_100_1382_1527,5,0,0.559135,0.298567,0.026929,0.01364,0.010821,0.06785,0.023059
1984_99_912_965,5,5,0.198179,0.063263,0.038028,0.010823,0.007962,0.663492,0.018252
1984_99_133_210,5,2,0.030737,0.210925,0.520521,0.033791,0.028748,0.108352,0.066926
1984_99_1302_1382,5,5,0.064546,0.07776,0.055186,0.16094,0.012075,0.602892,0.026602
1984_99_572_623,5,5,0.011534,0.028889,0.025405,0.037972,0.005668,0.86034,0.030192
1984_99_1077_1148,1,2,0.203609,0.16619,0.531216,0.014244,0.043206,0.031988,0.009547
1984_100_623_912,5,2,0.014538,0.195282,0.437795,0.019284,0.01361,0.151743,0.167748
1984_100_965_1077,1,5,0.197541,0.204736,0.039312,0.032439,0.006202,0.503827,0.015944
1984_100_409_572,5,5,0.006698,0.161258,0.066228,0.028062,0.010731,0.556169,0.170853
1984_99_1527_1660,1,1,0.129135,0.532211,0.056069,0.10998,0.030223,0.111898,0.030483
1984_99_353_409,5,5,0.014577,0.122954,0.112245,0.012791,0.02836,0.65967,0.049404
1985_99_116_261,5,1,0.04507,0.371904,0.22079,0.082113,0.028231,0.144209,0.107683
1985_100_1220_1328,5,5,0.014188,0.115697,0.162871,0.018349,0.012559,0.630972,0.045364
1985_100_1968_2076,5,3,0.00817,0.008862,0.010262,0.895981,0.004538,0.056803,0.015383
1985_99_1144_1220,5,1,0.129667,0.510048,0.219772,0.00794,0.036695,0.083348,0.012531
1985_99_1637_1680,5,2,0.015497,0.308358,0.386852,0.014007,0.163261,0.071036,0.040989
1985_100_1680_1868,2,2,0.027379,0.160492,0.622174,0.025077,0.0432,0.088912,0.032767
1985_100_1453_1637,1,0,0.580964,0.238146,0.031289,0.017956,0.008343,0.093141,0.030161
1985_99_914_982,0,0,0.733533,0.194382,0.023216,0.006256,0.019307,0.01574,0.007567
1985_99_1328_1453,5,1,0.294298,0.499224,0.055437,0.025221,0.01957,0.077616,0.028633
1985_100_488_637,2,2,0.011502,0.223137,0.348869,0.070071,0.050636,0.134217,0.161567
1985_100_982_1144,2,5,0.00552,0.055227,0.152309,0.088297,0.009218,0.673709,0.01572
1985_100_261_357,5,5,0.010285,0.086478,0.272351,0.146977,0.033168,0.385864,0.064878
1985_99_637_746,5,0,0.309324,0.222775,0.177071,0.01265,0.037638,0.186042,0.0545
1985_99_357_488,1,2,0.156941,0.3231,0.414023,0.006803,0.056897,0.034326,0.007911
1985_100_31_116,5,3,0.006696,0.030819,0.022057,0.597422,0.019556,0.049318,0.274132
1985_100_746_914,2,5,0.005727,0.092993,0.312831,0.195659,0.013144,0.365131,0.014515
1985_99_1868_1968,2,2,0.120932,0.238002,0.474414,0.03089,0.090055,0.023687,0.02202
1985_99_2076_2157,1,1,0.352035,0.42527,0.161228,0.006586,0.030671,0.015547,0.008662
1986_100_31_142,5,3,0.006957,0.013847,0.012566,0.821165,0.025927,0.059517,0.060021
1986_99_1215_1323,1,5,0.006331,0.111533,0.147237,0.061794,0.022776,0.521448,0.12888
1986_100_1085_1215,5,3,0.009671,0.011016,0.017305,0.884251,0.005744,0.027705,0.044309
1986_100_1510_1717,5,5,0.201425,0.143091,0.035506,0.267656,0.015925,0.319394,0.017003
1986_99_219_298,1,0,0.492096,0.290026,0.069944,0.008311,0.024846,0.106654,0.008123
1986_99_1717_1802,1,0,0.673179,0.210224,0.042358,0.004863,0.024645,0.0296,0.015131
1986_99_1419_1510,1,1,0.146811,0.377937,0.241578,0.006062,0.042959,0.159029,0.025625
1986_100_737_1006,3,3,0.004774,0.011253,0.012824,0.77608,0.007237,0.152422,0.035409
1986_100_165_219,3,3,0.006702,0.012138,0.009626,0.640999,0.006733,0.305139,0.018663
1986_100_1323_1419,5,5,0.003655,0.080473,0.040628,0.100835,0.011247,0.684721,0.078441
1986_100_547_660,3,3,0.169381,0.155205,0.025408,0.305816,0.012653,0.202505,0.129031
1986_100_298_501,3,3,0.034516,0.047553,0.022642,0.766711,0.01616,0.099261,0.013155
1986_99_1006_1085,5,3,0.015796,0.10933,0.171277,0.286253,0.099061,0.182185,0.136097
1986_99_660_737,5,5,0.033008,0.055165,0.0184,0.018773,0.006149,0.857957,0.010548
1986_99_501_547,5,5,0.082913,0.118236,0.037698,0.01853,0.005467,0.674488,0.062667
1986_99_142_165,1,5,0.028046,0.036081,0.041275,0.005274,0.008734,0.846989,0.033601
1987_100_31_180,3,3,0.007188,0.028017,0.052452,0.590893,0.014215,0.125147,0.182088
1987_100_1291_1364,3,3,0.033211,0.034608,0.02202,0.721956,0.034011,0.113168,0.041026
1987_99_1163_1291,1,3,0.028499,0.131244,0.075803,0.481235,0.065193,0.073201,0.144825
1987_99_1603_1792,5,5,0.04128,0.229595,0.058707,0.24088,0.039558,0.334908,0.055072
1987_100_239_418,5,3,0.011169,0.037207,0.015411,0.600219,0.010489,0.28836,0.037145
1987_100_1792_1873,5,5,0.11498,0.065756,0.023686,0.023505,0.006339,0.752698,0.013035
1987_99_1364_1466,5,5,0.05985,0.190966,0.132933,0.035168,0.090197,0.434276,0.05661
1987_100_822_935,3,3,0.006325,0.005703,0.005596,0.904106,0.004935,0.065606,0.00773
1987_99_935_1021,3,3,0.015103,0.142986,0.065874,0.558344,0.035382,0.046884,0.135429
1987_99_180_239,5,5,0.03072,0.042702,0.081887,0.100332,0.03508,0.69058,0.018698
1987_100_538_606,1,3,0.016579,0.14512,0.090002,0.328437,0.063606,0.229034,0.127222
1987_100_1021_1163,5,5,0.240068,0.221148,0.074163,0.099127,0.052839,0.285894,0.02676
1987_99_606_822,1,1,0.070171,0.639726,0.045429,0.022964,0.078651,0.067127,0.075932
1987_99_418_538,4,1,0.01461,0.318259,0.314078,0.014276,0.274595,0.027842,0.03634
1987_100_1466_1603,3,3,0.007919,0.01107,0.010682,0.886072,0.005881,0.020269,0.058107
1987_99_1873_1967,1,5,0.093913,0.215159,0.059061,0.027647,0.021633,0.569614,0.012973
1990_100_118_211,3,3,0.019351,0.013924,0.019695,0.825501,0.020098,0.058144,0.043285
1990_100_1190_1345,1,5,0.059538,0.366998,0.044184,0.011007,0.013656,0.48888,0.015737
1990_100_251_367,3,3,0.009456,0.005044,0.009978,0.895003,0.007495,0.034397,0.038627
1990_99_1348_1495,1,1,0.152196,0.490361,0.106445,0.051306,0.039347,0.094028,0.066317
1990_100_904_968,1,6,0.03006,0.1575,0.196877,0.052692,0.02349,0.218265,0.321116
1990_99_561_635,1,2,0.055278,0.137654,0.262359,0.033765,0.040287,0.250057,0.2206
1990_99_986_1163,1,1,0.111867,0.614081,0.078324,0.034946,0.064132,0.047061,0.04959
1990_100_471_560,5,5,0.016981,0.101104,0.09655,0.093962,0.018978,0.612635,0.059791
1990_100_31_93,3,3,0.007352,0.00332,0.012523,0.842955,0.004112,0.120439,0.009299
1990_99_368_470,1,5,0.088465,0.117222,0.045347,0.219674,0.022987,0.382623,0.123682
1990_100_1496_1546,1,1,0.070336,0.490184,0.196376,0.021109,0.078025,0.1204,0.023569
1990_99_707_903,1,5,0.096892,0.315619,0.044318,0.022175,0.010649,0.485672,0.024676
1990_100_662_706,0,5,0.036382,0.139081,0.135463,0.006331,0.013307,0.628405,0.041031
1990_99_94_117,3,5,0.030575,0.156896,0.136248,0.007053,0.00799,0.575654,0.085585
1990_99_236_250,3,5,0.047579,0.110564,0.094301,0.089033,0.02266,0.505387,0.130474
1991_100_1198_1517,5,3,0.009287,0.026353,0.050125,0.713121,0.017851,0.125731,0.057532
1991_99_1147_1198,4,5,0.040439,0.08998,0.087337,0.038507,0.008707,0.701788,0.033242
1991_100_1628_1684,1,5,0.025577,0.261174,0.048533,0.068468,0.006897,0.527151,0.0622
1991_99_234_349,4,5,0.07974,0.190531,0.050006,0.017089,0.012294,0.624687,0.025654
1991_99_911_993,3,3,0.040922,0.013077,0.015267,0.476658,0.003129,0.42709,0.023857
1991_100_155_233,4,6,0.013318,0.102266,0.03473,0.238969,0.041785,0.058846,0.510087
1991_99_491_613,0,1,0.336417,0.413297,0.086485,0.066799,0.012362,0.068894,0.015745
1991_100_1005_1125,3,3,0.019221,0.054191,0.112058,0.490186,0.011357,0.077759,0.235227
1991_99_1685_1774,1,0,0.352793,0.313622,0.079567,0.15266,0.007841,0.05655,0.036966
1991_100_614_767,3,3,0.0115,0.007283,0.009742,0.929646,0.009599,0.021112,0.011118
1991_100_31_116,6,6,0.013236,0.0487,0.066419,0.181565,0.032433,0.167802,0.489844
1991_100_350_468,1,1,0.041961,0.259171,0.097718,0.232494,0.099158,0.100094,0.169404
1991_99_1518_1601,1,1,0.232456,0.445595,0.057092,0.153106,0.015076,0.059971,0.036704
1991_100_818_886,6,3,0.01118,0.020254,0.013124,0.852216,0.008262,0.034054,0.060908
1991_99_778_800,1,5,0.072943,0.200925,0.215105,0.051204,0.028406,0.258357,0.17306
1991_99_148_154,6,6,0.039039,0.051094,0.056986,0.133504,0.023993,0.314413,0.380972
1992_100_31_181,1,5,0.013086,0.098564,0.052472,0.050542,0.008123,0.610417,0.166796
1992_100_1077_1348,3,3,0.032168,0.090651,0.253643,0.361528,0.037792,0.171978,0.052238
1992_99_184_298,1,6,0.074102,0.199089,0.131573,0.13458,0.026328,0.088846,0.345481
1992_99_1807_1892,0,1,0.371479,0.382766,0.043843,0.01014,0.009494,0.171154,0.011123
1992_100_1681_1806,4,3,0.007628,0.075349,0.095445,0.422971,0.026817,0.312479,0.059311
1992_99_1349_1652,1,0,0.57944,0.265078,0.052409,0.008203,0.023548,0.053104,0.018217
1992_100_861_974,3,3,0.014573,0.023101,0.062972,0.794455,0.012497,0.041375,0.051026
1992_99_523_604,1,0,0.395205,0.176089,0.040628,0.018946,0.009204,0.347891,0.012037
1992_100_320_376,3,5,0.008192,0.031414,0.0251,0.120198,0.004568,0.69383,0.116698
1992_100_611_699,1,3,0.040725,0.116993,0.031459,0.690486,0.012913,0.094907,0.012517
1992_99_999_1053,1,0,0.593934,0.152567,0.027945,0.02951,0.01097,0.174911,0.010163
1992_99_405_481,1,1,0.075473,0.580109,0.11017,0.034633,0.073307,0.053063,0.073245
1992_99_700_844,1,1,0.300707,0.376904,0.074786,0.021899,0.059279,0.151105,0.015321
1992_100_487_522,1,3,0.011221,0.010142,0.023274,0.856095,0.010997,0.050984,0.037286
1994_100_126_231,3,3,0.013891,0.042041,0.031925,0.566386,0.036724,0.078345,0.230687
1994_100_1285_1454,1,5,0.019929,0.236816,0.07671,0.021889,0.025084,0.565956,0.053615
1994_99_1787_2081,0,1,0.194658,0.367836,0.109982,0.007537,0.261075,0.042096,0.016816
1994_99_1170_1269,4,6,0.051511,0.236756,0.129025,0.035525,0.104961,0.166304,0.275918
1994_100_1628_1786,1,1,0.060454,0.443643,0.200588,0.044001,0.106732,0.122949,0.021633
1994_99_251_292,4,5,0.027462,0.132901,0.071686,0.003829,0.047132,0.601496,0.115493
1994_99_1455_1601,1,0,0.310319,0.283364,0.094243,0.0781,0.033686,0.132929,0.067358
1994_99_841_993,1,1,0.082608,0.569753,0.063304,0.036813,0.107013,0.047868,0.092641
1994_99_454_602,4,4,0.013693,0.115168,0.349585,0.016008,0.43553,0.035631,0.034385
1994_100_1127_1162,5,5,0.003916,0.026238,0.054167,0.010508,0.004998,0.778125,0.122048
1994_99_1098_1113,4,6,0.036099,0.108514,0.121352,0.077872,0.036949,0.094968,0.524247
1994_100_321_439,3,3,0.01348,0.018766,0.024443,0.787386,0.009734,0.038514,0.107677
1994_100_631_840,5,1,0.110207,0.413148,0.027802,0.051397,0.013277,0.365912,0.018257
1994_100_1007_1097,0,6,0.014169,0.067982,0.049973,0.029571,0.006838,0.113624,0.717844
1994_99_31_109,4,6,0.010952,0.045283,0.155793,0.117284,0.042705,0.118851,0.509131
1994_100_2097_2153,0,1,0.078221,0.572537,0.190379,0.008806,0.113691,0.021052,0.015315
1995_100_123_250,3,1,0.017555,0.226067,0.131359,0.183563,0.194008,0.086448,0.160999
1995_99_1274_1474,4,1,0.211283,0.559017,0.064008,0.010999,0.065264,0.057428,0.032001
1995_100_1066_1247,3,3,0.020347,0.126779,0.034511,0.528716,0.035942,0.178314,0.07539
1995_99_1681_1814,4,1,0.067797,0.303254,0.128432,0.087774,0.276218,0.051067,0.085459
1995_100_737_933,6,3,0.056676,0.223768,0.033378,0.501097,0.027967,0.118844,0.03827
1995_100_526_605,2,3,0.020163,0.090197,0.031933,0.645101,0.039832,0.099812,0.072962
1995_100_331_421,1,1,0.051768,0.555328,0.112593,0.08234,0.06647,0.079257,0.052245
1995_99_629_715,1,1,0.229672,0.635279,0.083118,0.003826,0.008956,0.032371,0.006778
1995_99_959_1049,4,5,0.007486,0.052094,0.285745,0.007803,0.116332,0.494149,0.036392
1995_99_444_502,1,0,0.473002,0.441165,0.028922,0.003158,0.009901,0.037418,0.006433
1995_99_31_87,4,6,0.016944,0.129541,0.279829,0.012223,0.142725,0.110271,0.308467
1995_100_1508_1653,3,3,0.008932,0.02225,0.015668,0.854643,0.020235,0.053861,0.024411
1995_99_1909_1925,1,2,0.010012,0.212032,0.598212,0.0064,0.08836,0.057849,0.027135
1995_100_1842_1891,1,5,0.054368,0.224433,0.07581,0.012909,0.010356,0.605256,0.016868
1995_99_274_310,6,6,0.032489,0.116239,0.105471,0.006918,0.037538,0.305916,0.395429
1997_100_102_173,3,3,0.020604,0.012987,0.014717,0.82037,0.015469,0.069753,0.0461
1997_99_1193_1303,6,2,0.018629,0.192475,0.310304,0.120645,0.100489,0.085412,0.172047
1997_99_1636_1734,1,5,0.242727,0.313516,0.036854,0.020722,0.023361,0.350863,0.011957
1997_100_226_294,3,3,0.01232,0.020812,0.024089,0.706031,0.008036,0.041662,0.18705
1997_100_1765_1842,2,5,0.076376,0.254048,0.040962,0.127283,0.008071,0.464024,0.029236
1997_99_1439_1504,1,0,0.728234,0.174749,0.022457,0.025867,0.006103,0.034211,0.008379
1997_99_889_1047,1,0,0.469335,0.445865,0.022156,0.011781,0.015793,0.022728,0.012342
1997_99_190_209,6,5,0.050109,0.144363,0.074578,0.013127,0.019087,0.579749,0.118987
1997_100_1319_1426,3,3,0.014081,0.038116,0.034433,0.707467,0.020879,0.084955,0.100069
1997_100_1076_1167,2,5,0.018636,0.177422,0.153326,0.058653,0.030619,0.436494,0.12485
1997_99_313_340,5,5,0.062698,0.042408,0.020719,0.013638,0.007921,0.835687,0.01693
1997_99_595_679,2,1,0.110456,0.548299,0.143697,0.01233,0.041358,0.076428,0.067431
1997_100_365_574,3,5,0.006831,0.092664,0.031673,0.094104,0.01344,0.684071,0.077218
1997_100_1529_1618,1,5,0.163366,0.272646,0.062545,0.062546,0.031826,0.304507,0.102564
1997_100_704_879,3,0,0.388784,0.340848,0.028821,0.093607,0.019469,0.102504,0.025969
1997_99_31_46,6,5,0.017622,0.035537,0.097656,0.04795,0.017244,0.533718,0.250273
2204_111_31_202,5,5,0.118903,0.174002,0.180213,0.057639,0.049754,0.404442,0.015047
2204_111_1289_1413,2,2,0.010424,0.166621,0.355071,0.076786,0.111887,0.078589,0.200622
2204_112_1092_1285,1,2,0.022775,0.21159,0.345376,0.05729,0.271587,0.04108,0.050302
2204_111_1664_1781,2,1,0.018822,0.389373,0.313137,0.038225,0.157738,0.024429,0.058276
2204_112_217_304,5,1,0.198126,0.35268,0.265571,0.014415,0.026892,0.129945,0.01237
2204_112_1458_1658,1,2,0.016672,0.166757,0.514501,0.012998,0.267072,0.011272,0.010729
2204_111_863_1072,1,2,0.018588,0.218576,0.344572,0.022369,0.340591,0.035546,0.019759
2204_112_454_644,5,0,0.687554,0.108726,0.014772,0.004248,0.005162,0.176439,0.003099
2204_111_322_429,5,2,0.046988,0.152555,0.432296,0.035568,0.278858,0.037315,0.01642
2204_112_1826_1991,2,2,0.006094,0.151532,0.553927,0.013566,0.237898,0.010826,0.026156
2204_111_645_759,5,3,0.026979,0.134796,0.151957,0.215074,0.085941,0.170673,0.214579
2204_111_2004_2036,2,1,0.241676,0.442398,0.075664,0.050639,0.131519,0.023449,0.034656
2204_112_790_820,5,1,0.084921,0.50654,0.058837,0.007476,0.301409,0.009954,0.030862
2202_112_126_287,6,5,0.01509,0.251469,0.240619,0.048672,0.088042,0.301342,0.054766
2202_112_1260_1566,0,1,0.212914,0.600964,0.0366,0.017401,0.091245,0.027114,0.013762
2202_111_1075_1219,0,1,0.280465,0.526103,0.105327,0.01475,0.034558,0.027469,0.011329
2202_111_1592_1696,1,1,0.1678,0.596509,0.07403,0.019261,0.076976,0.049165,0.016259
2202_111_1812_1848,2,1,0.092903,0.609332,0.038998,0.098671,0.05373,0.053806,0.05256
2202_112_1716_1811,0,1,0.119497,0.466593,0.23808,0.032271,0.09135,0.018822,0.033388
2202_112_825_1075,0,1,0.118923,0.708468,0.036899,0.022238,0.07751,0.016679,0.019282
2202_112_409_605,2,1,0.041354,0.57652,0.077106,0.091216,0.109684,0.031824,0.072296
2202_111_296_401,5,0,0.375576,0.271511,0.04054,0.007024,0.015509,0.275531,0.014309
2202_111_618_723,0,0,0.711244,0.231534,0.013231,0.009745,0.009921,0.018002,0.006324
2202_111_31_114,5,5,0.016442,0.098661,0.03747,0.014894,0.00386,0.803389,0.025285
2202_112_1848_1884,0,1,0.257345,0.514703,0.021523,0.093088,0.030491,0.011703,0.071147
2202_111_766_792,5,5,0.029621,0.180631,0.067056,0.0121,0.016401,0.628317,0.065874
2202_112_737_758,1,1,0.117282,0.605879,0.073661,0.036301,0.099285,0.04916,0.018431
2207_111_31_151,1,1,0.198746,0.470187,0.104684,0.03434,0.092728,0.085156,0.014158
2207_111_1287_1418,2,2,0.019999,0.173721,0.57245,0.02645,0.139148,0.051628,0.016605
2207_112_2006_2097,2,2,0.028635,0.12814,0.450227,0.060902,0.249084,0.007774,0.075239
2207_112_1117_1271,1,4,0.034044,0.372725,0.07069,0.017398,0.465242,0.009295,0.030607
2207_112_189_295,2,2,0.026164,0.182277,0.49912,0.142376,0.07501,0.029815,0.045238
2207_111_1695_1971,1,1,0.034976,0.391872,0.219739,0.027021,0.268928,0.038703,0.018761
2207_112_1446_1659,1,1,0.04513,0.507774,0.066154,0.04783,0.281826,0.016675,0.034612
2207_111_2118_2277,2,1,0.106439,0.46389,0.189592,0.029536,0.112862,0.069073,0.028607
2207_111_866_1108,2,1,0.066908,0.421097,0.123535,0.015977,0.344928,0.014215,0.013341
2207_112_2308_2368,5,4,0.056405,0.18792,0.131712,0.073386,0.385048,0.028884,0.136644
2207_111_307_565,0,1,0.137155,0.515202,0.069071,0.018578,0.223077,0.020835,0.016083
2207_112_612_847,2,4,0.038161,0.292947,0.144328,0.076379,0.390555,0.013442,0.044188
2210_112_81_212,5,5,0.031372,0.112424,0.011993,0.007417,0.007395,0.824277,0.005122
2210_111_1261_1515,1,4,0.020372,0.243198,0.125136,0.19822,0.259668,0.07651,0.076897
2210_111_1621_1727,0,4,0.024544,0.347288,0.090102,0.079112,0.407831,0.026869,0.024253
2210_111_218_291,1,2,0.007704,0.160301,0.383045,0.032335,0.219472,0.03045,0.166693
2210_112_1734_1925,2,1,0.016007,0.573672,0.05485,0.014987,0.308815,0.011153,0.020516
2210_111_640_972,5,1,0.024137,0.368543,0.245003,0.130173,0.077625,0.06857,0.08595
2210_112_555_633,5,5,0.063367,0.262285,0.108722,0.075634,0.056419,0.350891,0.082682
2210_111_1093_1172,1,4,0.012367,0.149143,0.063102,0.158771,0.541241,0.02663,0.048748
2210_112_312_441,5,5,0.012038,0.151381,0.020577,0.026521,0.014131,0.753931,0.021421
2210_112_987_1079,5,4,0.040816,0.265934,0.041439,0.122483,0.476801,0.010279,0.042248
2210_111_442_545,5,3,0.013926,0.050745,0.04279,0.724281,0.02776,0.019243,0.121255
2210_111_31_80,5,2,0.026159,0.204857,0.323549,0.026597,0.153139,0.116397,0.149302
2210_112_1536_1615,1,1,0.019209,0.359834,0.046346,0.233598,0.261073,0.018618,0.061322
2210_112_1185_1255,5,1,0.0644,0.335806,0.068835,0.245188,0.044637,0.135626,0.105508
2215_112_31_166,1,1,0.054962,0.417346,0.121989,0.21312,0.07662,0.014205,0.101759
2215_111_1877_2197,6,3,0.03511,0.089382,0.18652,0.296471,0.279118,0.071986,0.041412
2215_112_945_1287,0,1,0.191815,0.563089,0.040236,0.003182,0.038801,0.147578,0.015299
2215_112_1461_1869,0,1,0.096751,0.425231,0.030798,0.033391,0.025859,0.380197,0.007773
2215_111_196_351,0,2,0.031106,0.159313,0.539396,0.028382,0.037785,0.148925,0.055093
2215_111_1306_1435,2,2,0.015878,0.192029,0.220526,0.172487,0.099842,0.081138,0.2181
2215_112_2235_2392,1,1,0.06742,0.437915,0.114836,0.035095,0.236564,0.034415,0.073756
2215_112_618_776,1,1,0.24231,0.544007,0.03004,0.024643,0.034191,0.092229,0.032579
2215_112_374_483,1,1,0.038902,0.260852,0.138014,0.104094,0.238612,0.083655,0.135872
2215_111_803_913,2,1,0.035458,0.318881,0.165754,0.080093,0.132741,0.165407,0.101666
2215_111_525_542,2,1,0.044922,0.376138,0.141795,0.129075,0.136623,0.100006,0.071441
2214_111_31_257,0,0,0.499754,0.307149,0.060505,0.019052,0.038217,0.06368,0.011643
2214_111_1256_1586,2,2,0.01067,0.089204,0.507516,0.14283,0.186069,0.039813,0.023899
2214_111_1987_2072,2,3,0.01098,0.022912,0.012278,0.923038,0.006631,0.014316,0.009845
2214_112_890_1206,0,0,0.490806,0.395982,0.015914,0.031427,0.018647,0.021637,0.025587
2214_112_1586_1774,0,1,0.265544,0.446789,0.036483,0.100981,0.037583,0.023963,0.088658
2214_111_1791_1893,1,3,0.016317,0.032006,0.055206,0.827736,0.013786,0.039244,0.015705
2214_111_2199_2226,1,1,0.036089,0.43461,0.320553,0.042204,0.105551,0.043111,0.017881
2214_112_280_460,1,4,0.01547,0.253297,0.063079,0.035428,0.592002,0.011775,0.028949
2214_112_619_783,1,4,0.008484,0.166748,0.077069,0.014457,0.697753,0.009192,0.026296
2214_111_786_877,1,1,0.037056,0.458304,0.123018,0.027856,0.313813,0.014119,0.025834
2214_112_2077_2159,0,0,0.650475,0.297776,0.013932,0.011096,0.006512,0.004897,0.015313
2214_112_1899_1982,0,0,0.484981,0.394553,0.022071,0.012448,0.012426,0.042734,0.030788
2214_111_478_588,1,0,0.490133,0.327898,0.052107,0.013561,0.04575,0.053135,0.017416
2216_111_2379_2547,2,4,0.014461,0.069861,0.215341,0.070528,0.60109,0.017195,0.011523
2216_111_31_149,2,2,0.022484,0.251693,0.258142,0.088425,0.255324,0.035772,0.08816
2216_111_1035_1236,1,2,0.012706,0.178904,0.372987,0.034557,0.361148,0.023964,0.015734
2216_112_192_459,1,4,0.032398,0.207456,0.231093,0.014431,0.448218,0.054709,0.011695
2216_112_2577_2799,1,1,0.01297,0.393096,0.296121,0.021364,0.223237,0.014339,0.038873
2216_111_1302_1752,6,3,0.013968,0.05613,0.093882,0.578925,0.099166,0.070847,0.087083
2216_112_610_1002,0,1,0.03536,0.600784,0.121513,0.066896,0.103287,0.05127,0.02089
2216_111_1966_2162,6,2,0.018689,0.12374,0.316961,0.173853,0.304326,0.012806,0.049625
2216_112_2216_2362,2,2,0.007046,0.119322,0.532331,0.019785,0.296092,0.007268,0.018156
2216_112_1788_1942,5,5,0.021844,0.287538,0.050514,0.004578,0.05413,0.569769,0.011626
2216_111_488_581,2,4,0.023504,0.233418,0.22925,0.119728,0.292788,0.014374,0.086938
2216_112_1263_1280,1,1,0.028911,0.430645,0.094027,0.029464,0.375117,0.012711,0.029125
2213_112_123_274,2,2,0.009701,0.288565,0.348315,0.029446,0.278381,0.012719,0.032873
2213_111_1114_1381,0,1,0.355794,0.47736,0.057163,0.016433,0.050689,0.035197,0.007365
2213_111_2008_2101,0,0,0.467152,0.454134,0.017323,0.024989,0.010694,0.014677,0.011032
2213_112_1424_1723,1,4,0.015951,0.277184,0.097339,0.024214,0.558914,0.008425,0.017973
2213_111_1732_1851,0,2,0.050224,0.21674,0.421237,0.071056,0.12652,0.06265,0.051573
2213_111_929_975,1,3,0.014256,0.085939,0.030592,0.786363,0.030317,0.022697,0.029835
2213_111_295_429,1,1,0.200624,0.570256,0.086105,0.019379,0.083181,0.023673,0.016781
2213_111_594_716,1,1,0.063906,0.526302,0.178824,0.041778,0.11198,0.049751,0.02746
2213_112_989_1096,0,4,0.035538,0.39712,0.074741,0.022602,0.420958,0.027781,0.02126
2213_112_457_586,0,1,0.262634,0.62446,0.032887,0.00886,0.041049,0.020566,0.009544
2213_111_31_94,0,1,0.274517,0.545608,0.043081,0.015026,0.087408,0.021263,0.013098
2213_112_734_915,1,1,0.11868,0.616329,0.024471,0.054685,0.031483,0.115565,0.038787
2213_112_1877_1994,0,1,0.113141,0.694168,0.02025,0.070455,0.046886,0.012976,0.042125
2213_112_2115_2196,1,1,0.205046,0.642141,0.033923,0.043944,0.042735,0.011957,0.020254
2217_112_2443_2779,4,4,0.007194,0.108617,0.327947,0.018335,0.473319,0.008244,0.056344
2217_111_31_144,4,4,0.01165,0.086616,0.274642,0.014383,0.579714,0.019534,0.013461
2217_111_1101_1365,1,4,0.022141,0.124556,0.294251,0.117702,0.342923,0.057963,0.040463
2217_112_163_388,5,1,0.055269,0.375761,0.107269,0.008491,0.251381,0.170142,0.031687
2217_112_1389_1841,1,4,0.008072,0.143569,0.35459,0.022893,0.404136,0.01049,0.05625
2217_111_659_1011,4,4,0.01505,0.150435,0.252898,0.069998,0.441887,0.043227,0.026506
2217_111_2798_2826,4,4,0.028927,0.290207,0.1477,0.117989,0.295807,0.023409,0.095961
2217_111_1891_2105,4,4,0.031055,0.126521,0.086783,0.026511,0.680362,0.037085,0.011681
2217_112_548_642,1,5,0.014363,0.314909,0.098271,0.04771,0.070231,0.395294,0.059221
2217_111_2235_2428,1,4,0.020866,0.161629,0.328997,0.055686,0.390818,0.030605,0.011399
2217_112_2124_2216,1,2,0.013077,0.232206,0.505908,0.006252,0.20001,0.007817,0.03473
2217_112_1017_1081,4,1,0.097459,0.445129,0.079623,0.016689,0.323112,0.010885,0.027103
2217_111_397_530,4,2,0.022339,0.202134,0.286826,0.117291,0.271181,0.070251,0.029979
2218_112_88_205,1,1,0.00769,0.611362,0.113316,0.009743,0.218502,0.01592,0.023467
2218_111_1290_1386,0,1,0.078277,0.699409,0.096643,0.022018,0.059547,0.026425,0.01768
2218_112_1034_1271,1,1,0.025075,0.363677,0.144664,0.044775,0.336161,0.030962,0.054686
2218_112_1658_1797,1,1,0.045999,0.572158,0.019823,0.148379,0.065058,0.009818,0.138765
2218_111_221_275,5,5,0.04274,0.156161,0.058271,0.022453,0.008329,0.696105,0.015941
2218_111_1818_1852,0,0,0.6722,0.26961,0.013745,0.008831,0.007422,0.022114,0.006077
2218_112_1401_1548,1,4,0.006613,0.291161,0.198395,0.02021,0.432221,0.006651,0.044749
2218_111_880_1020,0,1,0.360891,0.496768,0.048409,0.011116,0.022841,0.042924,0.01705
2218_112_297_608,1,1,0.015498,0.509735,0.162477,0.009298,0.25705,0.022187,0.023755
2218_111_620_698,2,1,0.059549,0.469959,0.160031,0.013344,0.167339,0.064281,0.065497
2218_111_31_68,5,5,0.135092,0.307376,0.064513,0.012203,0.005998,0.457886,0.016932
2218_112_720_871,1,1,0.011408,0.314143,0.242971,0.02431,0.251349,0.083735,0.072083
2218_111_1571_1632,1,1,0.160365,0.363648,0.032315,0.075272,0.022064,0.321056,0.02528
2219_111_2420_2519,0,0,0.721351,0.209467,0.019938,0.012607,0.009616,0.019166,0.007854
2219_111_31_203,1,1,0.011194,0.512038,0.090604,0.063975,0.253142,0.044969,0.024078
2219_111_1275_1442,5,1,0.124671,0.37353,0.344671,0.011674,0.095843,0.035139,0.014473
2219_112_1922_2094,2,4,0.013238,0.175611,0.142784,0.006432,0.630435,0.014208,0.017293
2219_112_939_1265,2,4,0.024629,0.27802,0.293815,0.008531,0.307334,0.032332,0.055339
2219_111_1607_1906,0,1,0.231505,0.318958,0.196498,0.019802,0.153027,0.067557,0.012654
2219_112_216_373,1,1,0.182646,0.653957,0.043731,0.038152,0.045345,0.018594,0.017575
2219_112_1442_1598,2,1,0.060475,0.371574,0.084482,0.019032,0.333114,0.049005,0.082318
2219_111_2107_2308,0,0,0.588195,0.293608,0.045651,0.010064,0.038866,0.015388,0.008229
2219_112_558_812,0,1,0.439862,0.457667,0.01775,0.014009,0.012245,0.045975,0.012491
2219_112_2318_2420,1,1,0.27455,0.590685,0.034122,0.010406,0.061695,0.015831,0.012711
2219_111_373_549,5,5,0.014149,0.258021,0.101364,0.068401,0.030244,0.477478,0.050343
2219_111_830_923,5,5,0.037444,0.102819,0.025095,0.012403,0.006807,0.802157,0.013275
2220_111_31_236,2,1,0.008429,0.403087,0.27965,0.02126,0.069964,0.172969,0.04464
2220_112_1201_1389,1,1,0.091554,0.552072,0.036763,0.122353,0.091798,0.040009,0.065451
2220_111_2036_2077,3,3,0.014187,0.064878,0.038337,0.739126,0.038923,0.030684,0.073866
2220_111_1042_1191,1,3,0.021516,0.214416,0.074433,0.382404,0.070692,0.074956,0.161583
2220_112_1601_1750,1,1,0.155131,0.693783,0.018567,0.014787,0.016894,0.087817,0.013021
2220_112_1806_1986,1,1,0.055529,0.612761,0.086302,0.138657,0.046201,0.022143,0.038405
2220_111_1429_1600,4,1,0.026748,0.630449,0.150443,0.018224,0.069687,0.082356,0.022091
2220_112_775_1031,3,1,0.03807,0.442864,0.089024,0.167024,0.141058,0.02385,0.098109
2220_112_361_659,1,1,0.047242,0.685315,0.023248,0.102428,0.051108,0.052456,0.038204
2220_111_1760_1791,3,1,0.032705,0.28117,0.138222,0.116002,0.10381,0.237057,0.091034
2220_111_294_354,3,1,0.118561,0.752445,0.019164,0.02988,0.009443,0.059109,0.011397
2220_111_662_767,1,1,0.068738,0.551379,0.018565,0.082142,0.018867,0.222361,0.037948
2220_112_2089_2205,3,3,0.033355,0.201307,0.033292,0.478151,0.047555,0.072985,0.133355
2220_112_256_289,5,1,0.052122,0.472492,0.03412,0.00935,0.014349,0.395841,0.021727
2224_111_1090_1356,2,2,0.015236,0.176205,0.628351,0.012202,0.125284,0.02746,0.015262
2224_111_1977_2067,2,2,0.001375,0.024519,0.833124,0.003977,0.13207,0.00264,0.002295
2224_111_1542_1797,4,2,0.018607,0.12281,0.669557,0.011442,0.142975,0.03078,0.003829
2224_112_159_311,1,4,0.017428,0.278066,0.165725,0.027821,0.398222,0.019587,0.093152
2224_112_1437_1524,1,3,0.036238,0.254673,0.036117,0.38146,0.043139,0.105956,0.142417
2224_112_891_1053,1,4,0.015179,0.222664,0.110923,0.015164,0.501208,0.034297,0.100565
2224_112_576_633,4,1,0.046767,0.504909,0.047463,0.050155,0.217089,0.012878,0.120739
2224_111_316_548,4,2,0.011589,0.164617,0.589245,0.010378,0.172874,0.036742,0.014556
2224_111_31_108,4,2,0.007483,0.088921,0.73595,0.023105,0.071755,0.03585,0.036935
2224_111_658_868,1,5,0.008096,0.155908,0.272545,0.021106,0.02916,0.493724,0.019461
2224_112_1830_1950,1,1,0.03417,0.494636,0.107373,0.039626,0.215657,0.029841,0.078697
2224_112_2098_2118,4,1,0.023049,0.534161,0.020969,0.009445,0.337745,0.004556,0.070075
2227_112_1229_1280,1,0,0.77638,0.180886,0.010841,0.008454,0.004101,0.012498,0.006839
2227_111_101_209,5,5,0.053157,0.304181,0.100222,0.02031,0.018656,0.463942,0.039531
2227_111_1131_1214,1,0,0.715591,0.160968,0.023584,0.011524,0.020107,0.059232,0.008994
2227_112_738_921,1,1,0.166303,0.756283,0.020906,0.010318,0.01533,0.02337,0.00749
2227_112_31_83,1,1,0.114375,0.405449,0.110316,0.022964,0.049982,0.181419,0.115496
2227_111_937_1009,1,1,0.093815,0.631727,0.084172,0.05349,0.040339,0.04777,0.048687
2227_112_230_335,1,1,0.160708,0.457179,0.031588,0.025617,0.026299,0.239393,0.059215
2227_111_357_433,1,1,0.056927,0.703274,0.096246,0.01878,0.083675,0.021255,0.019844
2227_111_654_718,1,4,0.010384,0.168342,0.275711,0.048164,0.436214,0.032632,0.028553
2227_112_1037_1110,0,1,0.37081,0.496244,0.02804,0.035579,0.021291,0.030296,0.01774
2227_112_466_636,1,5,0.062001,0.388367,0.026226,0.031137,0.056469,0.409811,0.025989
2223_111_1134_1370,4,1,0.298919,0.305101,0.22671,0.016716,0.123843,0.018557,0.010155
2223_111_1587_1812,2,0,0.544164,0.215605,0.127698,0.014464,0.076643,0.013339,0.008086
2223_112_139_366,1,1,0.138342,0.575725,0.095466,0.011156,0.037068,0.132602,0.00964
2223_112_1397_1577,1,1,0.440076,0.463347,0.01585,0.019544,0.020464,0.030552,0.010167
2223_111_31_127,2,2,0.021136,0.159247,0.545138,0.009867,0.059139,0.184543,0.020929
2223_112_901_1115,1,0,0.545751,0.386168,0.02276,0.009301,0.016964,0.008856,0.010199
2223_111_399_594,2,0,0.777594,0.132302,0.038287,0.006634,0.027116,0.012324,0.005743
2223_112_2063_2172,1,0,0.72529,0.209247,0.025798,0.008574,0.007499,0.017823,0.005769
2223_112_616_744,1,0,0.77555,0.132295,0.020304,0.013093,0.009549,0.030071,0.019139
2223_111_763_876,2,1,0.302056,0.450875,0.097527,0.029929,0.080475,0.022069,0.017069
2223_112_1842_1886,1,0,0.54513,0.391344,0.016305,0.014641,0.00849,0.008336,0.015754
2223_111_2239_2244,2,1,0.123382,0.352121,0.202176,0.082304,0.083325,0.110927,0.045765
2223_111_1918_2017,1,1,0.133023,0.544079,0.185511,0.01593,0.058332,0.03227,0.030855
2222_112_119_159,1,4,0.024598,0.140309,0.378564,0.011749,0.404639,0.008332,0.031809
2222_111_1273_1570,2,1,0.069572,0.44304,0.295348,0.012632,0.139092,0.02849,0.011826
2222_112_980_1253,1,1,0.401046,0.45488,0.028927,0.008051,0.018565,0.083301,0.005231
2222_112_1580_1701,0,0,0.820205,0.122222,0.010035,0.005186,0.005314,0.030259,0.00678
2222_111_213_302,2,5,0.016884,0.157386,0.081812,0.006112,0.015956,0.705221,0.01663
2222_112_1804_1878,1,1,0.130432,0.474861,0.215367,0.03483,0.038256,0.090435,0.01582
2222_111_886_965,2,1,0.050206,0.570685,0.18364,0.026488,0.095411,0.034549,0.039021
2222_112_551_849,1,0,0.556015,0.356272,0.032628,0.004276,0.012625,0.033346,0.004839
2222_111_1715_1788,2,2,0.005634,0.051222,0.867142,0.01076,0.047379,0.012683,0.005181
2222_112_313_427,1,1,0.432218,0.446023,0.041313,0.008806,0.037824,0.011661,0.022156
2222_111_31_77,1,1,0.028015,0.304857,0.243102,0.02488,0.223107,0.115213,0.060827
2222_111_1902_1937,2,2,0.029474,0.134409,0.508022,0.189459,0.095968,0.020701,0.021968
2222_111_483_509,0,1,0.202088,0.482698,0.100126,0.032712,0.131841,0.028183,0.022351
2231_111_2361_2491,0,1,0.109208,0.578597,0.187433,0.019727,0.077887,0.018045,0.009102
2231_112_31_245,4,4,0.014918,0.218071,0.269647,0.040221,0.403101,0.020845,0.033196
2231_112_1977_2329,2,1,0.042484,0.514392,0.104841,0.055399,0.11015,0.110921,0.061811
2231_112_1081_1279,4,1,0.051369,0.616968,0.108663,0.017721,0.15791,0.035602,0.011767
2231_111_1670_1953,4,0,0.46963,0.400525,0.039866,0.019474,0.024562,0.034322,0.011623
2231_111_807_1030,4,0,0.583815,0.274472,0.050731,0.023582,0.028242,0.026262,0.012897
2231_111_1313_1428,0,1,0.151336,0.60336,0.062783,0.077705,0.029989,0.046336,0.028492
2231_112_471_787,4,1,0.019964,0.434721,0.175661,0.017665,0.303829,0.030776,0.017385
2231_111_306_432,1,0,0.718562,0.184234,0.018567,0.019851,0.007252,0.039593,0.011941
2231_112_1478_1649,1,1,0.019045,0.365447,0.183656,0.117488,0.20531,0.022379,0.086675
2231_112_2530_2604,1,1,0.041344,0.410288,0.160703,0.013989,0.34012,0.014479,0.019078
2229_111_2486_2507,1,1,0.141004,0.419868,0.145802,0.049194,0.058121,0.114707,0.071305
2229_112_119_288,0,1,0.401679,0.518785,0.018767,0.00871,0.02033,0.026706,0.005022
2229_111_1277_1435,0,0,0.460142,0.153587,0.253706,0.022966,0.041784,0.058559,0.009255
2229_112_2007_2278,1,1,0.021997,0.345811,0.144774,0.027904,0.186562,0.219361,0.053591
2229_112_952_1263,1,5,0.082055,0.368783,0.051948,0.045015,0.049817,0.379974,0.022408
2229_112_1493_1798,4,1,0.076086,0.518577,0.103301,0.078988,0.142846,0.041599,0.038604
2229_111_1817_1975,1,0,0.686926,0.156722,0.063905,0.018713,0.026926,0.034132,0.012675
2229_111_701_931,1,0,0.701307,0.162385,0.04134,0.018693,0.019223,0.048592,0.008461
2229_111_2290_2320,1,0,0.515199,0.368518,0.021904,0.045342,0.006669,0.024937,0.017431
2229_112_489_701,0,1,0.307982,0.323049,0.033642,0.097055,0.033528,0.183164,0.021579
2229_111_306_457,0,0,0.69249,0.214332,0.030292,0.014159,0.015082,0.023886,0.009759
2229_111_31_56,0,0,0.659933,0.208346,0.035846,0.010393,0.012025,0.065237,0.008219
2229_112_2348_2475,4,1,0.103758,0.352083,0.263947,0.038106,0.132756,0.037265,0.072084
2230_112_1221_1311,4,1,0.163654,0.65835,0.025595,0.013523,0.103986,0.017591,0.017301
2230_111_1094_1197,4,0,0.636241,0.138734,0.060184,0.030736,0.043377,0.074082,0.016647
2230_112_1493_1763,4,1,0.023632,0.247442,0.172352,0.242332,0.242166,0.017137,0.054939
2230_111_239_338,5,0,0.633472,0.044522,0.045447,0.009973,0.007589,0.256034,0.002962
2230_111_1311_1466,4,0,0.740421,0.122642,0.051481,0.012692,0.041487,0.021812,0.009464
2230_111_914_937,1,1,0.108711,0.561088,0.127358,0.038023,0.06265,0.082358,0.019814
2230_112_149_225,1,1,0.014875,0.247343,0.101308,0.096143,0.13714,0.217142,0.186048
2230_111_532_624,1,0,0.808275,0.114513,0.017453,0.013145,0.006664,0.03061,0.00934
2230_112_992_1077,1,1,0.458893,0.494303,0.0109,0.006501,0.016399,0.005942,0.007062
2230_112_357_521,1,1,0.028759,0.850744,0.047215,0.017799,0.024515,0.018325,0.012644
2230_111_31_119,0,0,0.429219,0.272568,0.064332,0.044663,0.018246,0.145862,0.025109
2230_112_642_897,0,0,0.613538,0.335758,0.017099,0.006074,0.011084,0.009874,0.006574
2225_112_111_231,1,4,0.007896,0.198493,0.165833,0.027741,0.306739,0.15238,0.140918
2225_111_1289_1382,1,1,0.089869,0.484974,0.29924,0.019159,0.03224,0.045734,0.028784
2225_112_1155_1268,1,1,0.048442,0.369054,0.171778,0.083082,0.111557,0.048295,0.167793
2225_111_246_337,2,1,0.033785,0.266172,0.140155,0.009148,0.038837,0.259841,0.252061
2225_112_1407_1469,1,1,0.181538,0.685842,0.024573,0.060397,0.014242,0.017391,0.016017
2225_112_862_1038,1,2,0.026229,0.264722,0.349515,0.099205,0.157144,0.042899,0.060285
2225_111_524_629,2,2,0.006045,0.062482,0.803813,0.011038,0.047613,0.046154,0.022854
2225_111_1089_1150,1,1,0.020253,0.535697,0.193431,0.092318,0.114057,0.011988,0.032256
2225_111_31_93,2,1,0.029124,0.532736,0.131362,0.014419,0.102045,0.105366,0.084949
2225_112_362_463,2,1,0.021586,0.598818,0.073444,0.007819,0.261504,0.016449,0.020381
2225_112_1528_1569,1,1,0.091996,0.645922,0.074602,0.055781,0.083371,0.009787,0.03854
2225_111_1491_1510,1,5,0.047729,0.273656,0.137476,0.034911,0.03832,0.369191,0.098718
2225_111_729_825,2,2,0.037612,0.234865,0.249125,0.116481,0.042472,0.132672,0.186773
2225_112_661_727,1,1,0.050392,0.322532,0.292466,0.037449,0.051718,0.199723,0.04572
2226_111_1221_1341,1,4,0.020153,0.206515,0.290818,0.043499,0.377067,0.035873,0.026075
2226_112_1177_1218,1,5,0.025493,0.242308,0.018527,0.004376,0.01529,0.679558,0.014449
2226_111_221_343,1,2,0.007787,0.175616,0.572273,0.013723,0.058306,0.068751,0.103544
2226_111_1446_1544,1,4,0.014408,0.226709,0.174259,0.023124,0.519853,0.017687,0.02396
2226_111_31_124,5,2,0.039305,0.200891,0.261029,0.069191,0.032589,0.255316,0.14168
2226_111_778_963,2,2,0.022415,0.182716,0.632889,0.01013,0.032896,0.086647,0.032307
2226_111_412_641,1,1,0.098677,0.66092,0.078046,0.036629,0.043934,0.054317,0.027477
2226_111_1069_1172,1,3,0.040448,0.169547,0.200625,0.34665,0.06012,0.114168,0.068443
2226_112_149_194,5,5,0.012359,0.144159,0.074873,0.010066,0.041894,0.681261,0.035388
2226_112_988_1059,1,4,0.010095,0.197773,0.245741,0.011405,0.432647,0.040513,0.061825
2226_112_669_749,1,1,0.010516,0.458199,0.169155,0.013748,0.193773,0.131762,0.022847
2226_112_360_392,1,1,0.062342,0.478396,0.041686,0.031098,0.036122,0.322179,0.028177
2226_112_1382_1443,4,1,0.037632,0.514401,0.035262,0.023076,0.298403,0.035507,0.055719
2233_111_31_212,0,0,0.534768,0.280451,0.064036,0.036092,0.026233,0.033956,0.024464
2233_112_1171_1386,1,1,0.031237,0.430285,0.084857,0.015351,0.397651,0.02341,0.017208
2233_111_1899_2060,1,4,0.071667,0.319458,0.196995,0.024167,0.354347,0.018681,0.014686
2233_112_233_346,3,1,0.013707,0.286222,0.058018,0.267945,0.038871,0.232586,0.102652
2233_112_1694_1885,1,1,0.103316,0.488724,0.025464,0.021258,0.035927,0.315236,0.010076
2233_111_1428_1653,0,0,0.484573,0.22733,0.040875,0.166231,0.014112,0.040614,0.026264
2233_112_2091_2230,3,1,0.049063,0.362627,0.149681,0.026953,0.353547,0.022599,0.03553
2233_112_939_1010,1,1,0.041813,0.437936,0.066947,0.065312,0.268906,0.014119,0.104967
2233_112_456_753,1,1,0.070249,0.723049,0.042211,0.019155,0.070272,0.058827,0.016238
2233_111_1015_1147,0,0,0.372288,0.330199,0.083086,0.086352,0.046733,0.050248,0.031094
2233_111_795_903,0,6,0.028482,0.212559,0.140993,0.154959,0.190907,0.026941,0.245159
2233_111_409_425,0,1,0.076055,0.330435,0.303941,0.021594,0.216573,0.030609,0.020793
2232_111_31_152,0,5,0.009151,0.150287,0.145607,0.035602,0.012605,0.594917,0.051831
2232_111_1180_1303,0,0,0.789486,0.155189,0.016534,0.008455,0.008547,0.014239,0.00755
2232_111_1985_2112,0,0,0.559566,0.281997,0.05924,0.022523,0.036127,0.030804,0.009743
2232_112_1328_1685,1,1,0.070857,0.539152,0.171295,0.025648,0.15222,0.019903,0.020925
2232_112_182_399,3,3,0.012286,0.117683,0.06201,0.498352,0.042699,0.104132,0.162839
2232_112_1805_1966,1,1,0.081331,0.670027,0.107594,0.011231,0.046669,0.071706,0.011443
2232_112_2147_2282,3,1,0.02948,0.296637,0.064898,0.290566,0.114199,0.025481,0.17874
2232_111_874_1048,0,0,0.849355,0.089937,0.017518,0.007038,0.013829,0.017917,0.004406
2232_111_2293_2336,0,0,0.754164,0.115945,0.055261,0.017773,0.021563,0.025826,0.009468
2232_112_572_874,1,1,0.106997,0.629322,0.095498,0.014006,0.098452,0.04158,0.014145
2232_112_1073_1163,1,1,0.021626,0.353236,0.311377,0.011027,0.258348,0.010198,0.034188
2232_111_1705_1791,0,5,0.131924,0.173118,0.075538,0.015486,0.020702,0.572148,0.011085
2232_111_406_534,0,0,0.741053,0.184808,0.023234,0.01308,0.007218,0.022865,0.007742
2235_111_31_280,2,1,0.368041,0.39105,0.105876,0.01547,0.067835,0.041937,0.009791
2235_112_1278_1489,6,3,0.014446,0.162858,0.122677,0.326945,0.185793,0.096957,0.090324
2235_112_997_1189,1,3,0.026425,0.204513,0.082078,0.378274,0.087393,0.09133,0.129986
2235_111_1509_1725,0,0,0.514024,0.324699,0.05785,0.018408,0.047008,0.020031,0.017978
2235_112_1748_1869,1,1,0.028912,0.378659,0.099295,0.03274,0.322817,0.039899,0.097678
2235_111_866_979,0,1,0.277013,0.518,0.044071,0.026648,0.096273,0.017168,0.020829
2235_111_524_622,1,1,0.072289,0.626584,0.061441,0.078903,0.061402,0.021831,0.07755
2235_112_309_522,1,3,0.020993,0.119208,0.081757,0.381662,0.067321,0.114841,0.214218
2235_112_637_861,1,1,0.028822,0.370501,0.331291,0.025407,0.184252,0.029179,0.030549
2235_111_1226_1243,1,1,0.125153,0.470085,0.1683,0.047302,0.12439,0.032938,0.031832
2234_112_2454_2577,1,4,0.007375,0.101777,0.226523,0.008297,0.612853,0.010477,0.032699
2234_112_1986_2366,4,4,0.008642,0.191999,0.142066,0.049477,0.562651,0.027753,0.017413
2234_111_981_1267,2,0,0.766352,0.121858,0.043394,0.010039,0.014378,0.038699,0.005279
2234_111_1678_1907,0,0,0.831124,0.106728,0.022103,0.007614,0.010033,0.013573,0.008825
2234_112_131_279,3,3,0.013711,0.073355,0.072538,0.632494,0.049642,0.05408,0.10418
2234_112_1307_1666,1,1,0.048707,0.539949,0.146411,0.035829,0.117368,0.06679,0.044947
2234_111_2591_2629,0,0,0.83696,0.067653,0.043659,0.011412,0.018089,0.016028,0.006199
2234_112_817_969,3,3,0.014542,0.07119,0.114017,0.577154,0.084902,0.011902,0.126294
2234_112_421_656,3,3,0.005099,0.02769,0.016378,0.870418,0.029089,0.029082,0.022244
2234_111_286_379,1,1,0.383608,0.439152,0.047826,0.048302,0.020873,0.034667,0.025574
2234_111_31_107,5,5,0.081962,0.230572,0.105897,0.048494,0.022128,0.436712,0.074234
2234_111_666_780,1,1,0.171443,0.312568,0.080216,0.184299,0.086705,0.125387,0.039382
2234_111_2393_2424,1,1,0.149838,0.66362,0.078271,0.021049,0.031784,0.020242,0.035196
2238_111_31_137,4,4,0.012986,0.092395,0.181825,0.016975,0.656239,0.022191,0.017388
2238_111_1189_1637,4,4,0.011833,0.204631,0.163862,0.016267,0.54431,0.038945,0.020152
2238_111_1781_2055,4,4,0.026839,0.180205,0.222007,0.012508,0.541918,0.010775,0.005748
2238_112_1655_1752,6,4,0.007325,0.093919,0.322515,0.034059,0.362161,0.023113,0.156907
2238_112_143_273,6,2,0.009698,0.222486,0.363898,0.091051,0.154821,0.040045,0.118001
2238_112_2149_2312,6,4,0.010907,0.107405,0.300852,0.13033,0.369876,0.008434,0.072195
2238_111_638_964,4,2,0.002726,0.03821,0.873797,0.011394,0.05284,0.007947,0.013086
2238_112_548_613,6,3,0.017426,0.128007,0.209656,0.302649,0.084519,0.163887,0.093856
2238_112_975_1179,2,4,0.006137,0.089328,0.304446,0.012346,0.57523,0.005972,0.006542
2238_111_281_516,4,4,0.017232,0.145892,0.208914,0.020365,0.577585,0.009836,0.020175
2238_111_2357_2422,1,1,0.03709,0.410138,0.102654,0.066082,0.185333,0.014804,0.1839
2237_111_31_187,0,0,0.797572,0.117347,0.01541,0.012733,0.007675,0.04238,0.006883
2237_112_1232_1327,1,1,0.373898,0.476957,0.035039,0.013129,0.043374,0.039553,0.018049
2237_111_1110_1213,1,0,0.52153,0.314662,0.017787,0.053745,0.011069,0.060944,0.020263
2237_112_1412_1696,4,4,0.004306,0.13891,0.199946,0.011914,0.61017,0.013013,0.021741
2237_112_216_315,6,3,0.014171,0.110227,0.047413,0.47416,0.0574,0.232663,0.063965
2237_112_1821_1930,3,4,0.019469,0.064765,0.062766,0.245894,0.304839,0.0235,0.278767
2237_111_771_950,1,0,0.546623,0.299948,0.047577,0.031262,0.030391,0.030526,0.013674
2237_111_1331_1385,2,0,0.743756,0.127255,0.038884,0.023039,0.013992,0.045511,0.007563
2237_111_1696_1791,0,0,0.648132,0.245325,0.027851,0.022576,0.018112,0.018546,0.019458
2237_111_316_566,2,2,0.255898,0.277917,0.29941,0.03719,0.078486,0.028621,0.022478
2237_112_597_767,1,2,0.022653,0.190977,0.465995,0.035949,0.243147,0.020724,0.020556
2237_112_967_1096,6,1,0.03731,0.40654,0.087242,0.074992,0.276993,0.04502,0.071904
2236_112_1173_1329,1,1,0.111156,0.295041,0.034445,0.221365,0.055514,0.215754,0.066724
2236_111_2018_2206,4,2,0.020583,0.133413,0.378057,0.116306,0.201267,0.028122,0.122252
2236_112_1598_1764,1,1,0.111705,0.552575,0.038753,0.06409,0.095826,0.099212,0.037839
2236_112_147_373,1,3,0.00996,0.143267,0.115042,0.348782,0.288186,0.037545,0.057218
2236_111_1769_1894,0,0,0.658043,0.236674,0.044448,0.017938,0.016949,0.017668,0.00828
2236_111_1333_1579,0,1,0.390816,0.40948,0.043991,0.063237,0.036702,0.042459,0.013314
2236_112_2211_2295,0,0,0.514699,0.352113,0.038034,0.011298,0.023379,0.051128,0.009348
2236_111_775_1155,0,4,0.188923,0.320336,0.103177,0.029929,0.322271,0.017524,0.01784
2236_112_464_760,3,3,0.034596,0.245512,0.087209,0.30641,0.133668,0.068118,0.124486
2236_111_31_120,2,2,0.009171,0.098586,0.564235,0.022534,0.212425,0.023958,0.06909
2236_111_378_434,0,2,0.050556,0.313877,0.423103,0.04817,0.099143,0.021395,0.043756
2236_112_1908_2000,0,1,0.076408,0.552337,0.118952,0.042299,0.137939,0.041889,0.030175
2239_112_31_206,2,2,0.009811,0.060425,0.392431,0.123994,0.350158,0.031638,0.031543
2239_111_1902_2066,0,4,0.018034,0.11679,0.224306,0.023977,0.581027,0.016844,0.019022
2239_111_968_1272,4,2,0.031373,0.159115,0.460865,0.021868,0.304533,0.012773,0.009473
2239_111_1391_1713,4,2,0.008115,0.154485,0.56909,0.035056,0.195838,0.013695,0.02372
2239_112_1738_1869,6,4,0.010416,0.282189,0.279014,0.012831,0.37102,0.01355,0.030982
2239_112_2098_2229,6,1,0.066927,0.392803,0.122125,0.057881,0.25286,0.027413,0.079991
2239_112_904_966,2,4,0.014866,0.338753,0.166801,0.026447,0.398802,0.022059,0.032271
2239_112_1309_1367,6,2,0.022056,0.182502,0.279645,0.119667,0.058963,0.112505,0.224662
2239_111_2242_2371,1,2,0.067239,0.281179,0.428532,0.015547,0.156456,0.026982,0.024064
2239_111_270_502,4,4,0.012987,0.077269,0.203321,0.022983,0.661449,0.013186,0.008805
2239_111_601_881,4,4,0.00954,0.16215,0.195997,0.104866,0.393567,0.051017,0.082863
2239_112_521_574,6,3,0.008802,0.098772,0.180871,0.416184,0.077875,0.103788,0.113708
2240_111_31_142,5,0,0.745644,0.065523,0.030908,0.006115,0.009072,0.13838,0.004358
2240_112_1286_1380,4,2,0.017584,0.135141,0.458389,0.032679,0.325352,0.014555,0.016299
2240_111_1129_1285,4,2,0.051466,0.130098,0.617319,0.027066,0.115449,0.046278,0.012324
2240_112_1631_1807,3,1,0.026791,0.234394,0.111694,0.183343,0.205803,0.027957,0.210018
2240_111_239_468,1,0,0.66065,0.22277,0.033801,0.014682,0.018294,0.043852,0.00595
2240_111_1412_1604,2,1,0.13772,0.460462,0.20586,0.014656,0.130333,0.040724,0.010244
2240_111_718_933,0,1,0.33077,0.424716,0.079582,0.047096,0.071514,0.03218,0.014143
2240_112_502_718,6,4,0.003529,0.038958,0.1505,0.041394,0.671958,0.034654,0.059007
2240_112_952_1115,3,4,0.002248,0.031017,0.299059,0.011522,0.645547,0.005535,0.005071
2240_111_1843_2040,4,4,0.041024,0.249795,0.152233,0.044832,0.46029,0.028723,0.023102
2240_112_2085_2183,4,4,0.02026,0.352563,0.121232,0.013334,0.451219,0.009773,0.031618
2240_112_151_177,6,4,0.014127,0.097765,0.19659,0.123325,0.456161,0.015458,0.096575
2403_122_114_284,3,3,0.009987,0.091533,0.075005,0.401737,0.029092,0.359532,0.033114
2403_121_1004_1325,1,1,0.181884,0.685051,0.039124,0.024489,0.033381,0.016582,0.019488
2403_122_1745_2153,1,1,0.243618,0.51798,0.138245,0.016157,0.04918,0.027301,0.00752
2403_121_1580_1739,1,1,0.302359,0.603616,0.021548,0.025407,0.016756,0.016522,0.013792
2403_122_1325_1567,1,1,0.193188,0.515139,0.167777,0.006038,0.067863,0.046472,0.003524
2403_122_782_985,1,1,0.437112,0.498287,0.025579,0.006472,0.011674,0.01651,0.004367
2403_122_515_620,1,0,0.637765,0.256756,0.029009,0.004162,0.022396,0.037887,0.012026
2403_121_298_508,1,1,0.308902,0.441231,0.050242,0.132574,0.02354,0.023257,0.020254
2403_121_634_782,1,0,0.458723,0.4439,0.032843,0.017501,0.02014,0.014243,0.01265
2403_121_31_113,3,3,0.006373,0.017822,0.017792,0.915708,0.005492,0.007283,0.02953
2402_121_31_575,1,1,0.134771,0.564169,0.058667,0.105083,0.092336,0.016799,0.028174
2402_122_1240_1326,1,5,0.004947,0.031146,0.045099,0.015181,0.010142,0.872412,0.021073
2402_122_1863_2142,1,0,0.49047,0.409904,0.032084,0.012508,0.022989,0.02207,0.009975
2402_121_1114_1240,1,3,0.009606,0.027333,0.019347,0.900628,0.009236,0.021088,0.012763
2402_122_1653_1778,1,1,0.106006,0.55364,0.033019,0.128587,0.054851,0.052511,0.071387
2402_121_1792_1863,0,0,0.552823,0.270966,0.025976,0.007733,0.016018,0.111494,0.01499
2402_122_1374_1574,1,1,0.10681,0.537838,0.119464,0.021989,0.047286,0.134613,0.032
2402_122_584_1005,1,1,0.274427,0.550221,0.066413,0.009681,0.038465,0.048202,0.012591
2402_121_1337_1355,1,6,0.018992,0.218569,0.102245,0.146252,0.128662,0.019884,0.365397
2402_121_1013_1060,1,3,0.011446,0.018688,0.012622,0.919631,0.00386,0.03022,0.003533
2402_121_1588_1640,1,1,0.0388,0.205744,0.155025,0.149556,0.126238,0.130081,0.194556
2402_122_1066_1102,1,5,0.042862,0.257318,0.117352,0.007492,0.0093,0.553989,0.011686
2401_122_31_279,1,1,0.312728,0.433206,0.111406,0.024571,0.036228,0.04844,0.03342
2401_122_1216_1369,1,2,0.034944,0.230019,0.266774,0.166151,0.125894,0.048204,0.128014
2401_121_1964_2069,1,4,0.02881,0.279599,0.291418,0.009758,0.361339,0.016297,0.01278
2401_121_981_1202,2,2,0.024846,0.309948,0.483438,0.034083,0.084365,0.025364,0.037957
2401_121_1381_1742,2,2,0.012717,0.166811,0.475527,0.006453,0.312331,0.010618,0.015544
2401_122_1752_1939,1,1,0.229303,0.572419,0.069457,0.012922,0.077121,0.012736,0.026043
2401_121_2175_2369,0,0,0.507777,0.397711,0.024107,0.010779,0.03557,0.018264,0.005792
2401_122_857_963,1,2,0.046086,0.200436,0.383079,0.016221,0.035577,0.252593,0.066007
2401_122_2069_2150,0,1,0.442211,0.444662,0.044936,0.011747,0.027573,0.013604,0.015268
2401_121_295_385,2,1,0.037147,0.312708,0.311005,0.013592,0.290716,0.016966,0.017866
2401_121_597_842,4,2,0.006544,0.069606,0.776143,0.006367,0.112837,0.019774,0.008728
2401_122_435_588,1,5,0.037762,0.079571,0.040188,0.011164,0.008175,0.815832,0.007307
2407_122_31_135,0,1,0.45514,0.468174,0.014541,0.009696,0.005586,0.042096,0.004767
2407_122_1082_1361,1,1,0.403497,0.514724,0.021154,0.006894,0.027729,0.01741,0.008592
2407_122_235_525,1,0,0.502241,0.42211,0.028192,0.009241,0.019949,0.010137,0.008129
2407_121_1383_1524,3,3,0.012443,0.052523,0.096192,0.671699,0.118961,0.033804,0.014378
2407_122_618_1030,1,0,0.561553,0.365222,0.034914,0.007189,0.013822,0.009313,0.007986
2407_121_148_228,1,1,0.07959,0.692159,0.042108,0.112366,0.035206,0.017467,0.021104
2407_121_537_618,1,1,0.201987,0.638488,0.040814,0.038715,0.030487,0.02626,0.023249
2407_121_1030_1076,1,1,0.074595,0.67305,0.082008,0.016904,0.112747,0.020207,0.020489
2407_122_1524_1601,1,1,0.208446,0.449377,0.106667,0.023834,0.031815,0.164739,0.015122
2407_121_1617_1657,1,0,0.5769,0.352522,0.022432,0.009581,0.025148,0.00816,0.005257
2408_121_121_229,3,3,0.010363,0.047332,0.01964,0.859158,0.016744,0.018355,0.028408
2408_122_1272_1518,1,1,0.062762,0.761712,0.065089,0.014914,0.075615,0.010873,0.009034
2408_121_1183_1261,2,2,0.003416,0.079419,0.604483,0.005931,0.292035,0.008551,0.006164
2408_121_1529_1712,2,4,0.009352,0.278594,0.121301,0.017825,0.542978,0.017041,0.012909
2408_122_235_526,1,0,0.679449,0.258793,0.017073,0.005384,0.01127,0.023912,0.00412
2408_122_1712_1976,1,1,0.131754,0.595227,0.110658,0.014434,0.097964,0.022577,0.027386
2408_121_919_1004,2,2,0.025531,0.223403,0.370449,0.052034,0.129708,0.191365,0.007511
2408_121_533_629,3,1,0.058292,0.365544,0.155735,0.057624,0.050111,0.267991,0.044703
2408_122_1020_1169,1,1,0.318676,0.45522,0.130605,0.008897,0.043435,0.033439,0.009728
2408_122_31_117,1,1,0.118271,0.65765,0.088405,0.045132,0.026001,0.019691,0.04485
2408_122_645_913,1,0,0.470085,0.414056,0.060798,0.006517,0.022223,0.018327,0.007994
2405_121_2404_2581,4,2,0.003157,0.044956,0.80396,0.004333,0.127745,0.011238,0.004612
2405_122_31_223,2,1,0.195507,0.402432,0.078462,0.006628,0.022518,0.287386,0.007066
2405_121_1190_1483,2,2,0.009653,0.104873,0.695255,0.030227,0.118098,0.028436,0.013457
2405_121_1992_2274,4,2,0.030315,0.282938,0.444099,0.012753,0.189483,0.022957,0.017456
2405_121_1530_1914,2,1,0.119018,0.493724,0.191913,0.013561,0.144459,0.022723,0.014601
2405_121_237_290,2,1,0.042126,0.572888,0.184215,0.010866,0.145176,0.028686,0.016042
2405_121_903_1042,2,1,0.043206,0.471381,0.17454,0.013873,0.261057,0.018028,0.017916
2405_122_2285_2397,1,2,0.027897,0.146089,0.556421,0.012061,0.17744,0.06675,0.013342
2405_122_291_710,1,1,0.2021,0.657413,0.066328,0.014874,0.025719,0.023364,0.010203
2405_122_1064_1182,1,5,0.019204,0.097981,0.274751,0.005075,0.016119,0.57575,0.01112
2405_122_1490_1519,2,5,0.019932,0.050536,0.084716,0.005921,0.006905,0.820022,0.011968
2405_122_780_880,1,2,0.032838,0.328798,0.359843,0.035261,0.192221,0.021064,0.029976
2405_121_727_762,2,2,0.005472,0.144794,0.570878,0.007314,0.247857,0.011665,0.01202
2405_122_1917_1976,1,5,0.007698,0.123962,0.308464,0.018136,0.045296,0.457809,0.038635
2411_122_1221_1513,1,1,0.113396,0.486425,0.032816,0.233229,0.019329,0.025431,0.089374
2411_121_1137_1208,1,1,0.098495,0.509164,0.029761,0.190786,0.038068,0.045968,0.087759
2411_122_1626_1716,5,3,0.042556,0.208205,0.040586,0.401985,0.040715,0.220615,0.045337
2411_122_201_353,5,1,0.114796,0.432281,0.173125,0.128978,0.081097,0.037749,0.031973
2411_122_784_1116,1,1,0.08472,0.421962,0.196996,0.147312,0.04454,0.055675,0.048796
2411_122_430_626,6,1,0.270944,0.580236,0.046751,0.020269,0.039296,0.015677,0.026826
2411_121_133_184,3,3,0.005986,0.006922,0.017548,0.92878,0.009754,0.019613,0.011396
2411_122_31_117,6,3,0.027766,0.0748,0.104044,0.494066,0.049996,0.092026,0.157302
2411_121_1521_1611,3,3,0.012234,0.029263,0.049198,0.838852,0.019858,0.025652,0.024944
2411_121_645_768,5,5,0.157179,0.302848,0.05203,0.038754,0.076856,0.357676,0.014658
2411_121_357_420,3,3,0.006849,0.014564,0.013251,0.927772,0.01069,0.01184,0.015034
2409_122_125_321,1,5,0.063551,0.150789,0.082882,0.007034,0.020896,0.666291,0.008558
2409_122_2027_2293,2,1,0.075927,0.396933,0.324931,0.013297,0.152793,0.020006,0.016113
2409_122_1012_1243,1,1,0.249804,0.688211,0.021692,0.005067,0.020226,0.008505,0.006496
2409_121_1656_2020,1,1,0.297737,0.584804,0.032472,0.024561,0.029724,0.010265,0.020438
2409_122_1305_1638,1,1,0.13141,0.55845,0.157707,0.015648,0.10325,0.01904,0.014495
2409_122_824_933,1,1,0.14531,0.732664,0.058772,0.005941,0.042984,0.007955,0.006373
2409_121_944_1004,2,5,0.033795,0.128462,0.072055,0.077469,0.009767,0.580304,0.098148
2409_122_496_602,1,1,0.252794,0.417651,0.055313,0.017342,0.009672,0.242221,0.005007
2409_121_325_386,3,3,0.025873,0.060275,0.072433,0.757449,0.016239,0.052101,0.01563
2409_121_602_812,1,3,0.028304,0.053909,0.051138,0.790778,0.009946,0.044727,0.021199
2409_121_426_490,3,3,0.007194,0.011707,0.019214,0.865513,0.006902,0.015723,0.073746
2409_121_31_108,3,3,0.007613,0.012222,0.055641,0.831715,0.025384,0.048176,0.019249
2409_121_1243_1295,3,3,0.01616,0.014982,0.019136,0.927992,0.002678,0.015327,0.003724
2409_122_393_426,1,5,0.093976,0.138843,0.06033,0.018749,0.023339,0.62237,0.042394
2412_122_112_369,5,5,0.030287,0.073762,0.075856,0.28602,0.069152,0.439249,0.025674
2412_122_1179_1438,3,1,0.135757,0.377199,0.045362,0.205657,0.063394,0.107206,0.065423
2412_122_1604_1751,5,1,0.08414,0.6415,0.073989,0.058655,0.101984,0.014963,0.02477
2412_121_1760_1995,1,3,0.014803,0.035011,0.040196,0.868209,0.020915,0.010074,0.010792
2412_121_1453_1586,1,1,0.05894,0.74883,0.047611,0.059744,0.055031,0.009945,0.019899
2412_122_922_1090,2,1,0.044578,0.35983,0.180459,0.111703,0.130991,0.099508,0.072932
2412_122_518_765,5,1,0.024567,0.246479,0.213326,0.134266,0.055174,0.20078,0.125407
2412_121_1100_1163,0,1,0.365037,0.537332,0.02556,0.017694,0.012829,0.022888,0.018661
2412_121_382_510,1,1,0.2082,0.662137,0.031208,0.038199,0.030638,0.015913,0.013706
2412_121_31_103,3,3,0.009689,0.009873,0.036197,0.904956,0.016631,0.01102,0.011635
2412_121_770_900,3,3,0.005854,0.007877,0.021476,0.910415,0.009166,0.007577,0.037635
2412_122_1996_2016,6,3,0.018477,0.033149,0.048918,0.808878,0.008995,0.029753,0.05183
2410_122_103_188,1,5,0.07788,0.072943,0.053921,0.003804,0.005694,0.777527,0.008231
2410_121_1159_1361,1,3,0.029854,0.161852,0.049635,0.661952,0.026425,0.02291,0.047373
2410_122_1990_2050,1,1,0.306033,0.447815,0.092133,0.006068,0.022888,0.105583,0.019481
2410_121_1429_1691,1,1,0.047055,0.405899,0.129751,0.043582,0.163572,0.04381,0.166331
2410_121_192_295,1,1,0.079429,0.629444,0.098865,0.021903,0.046959,0.049999,0.073401
2410_122_1696_1837,1,0,0.447664,0.430625,0.039249,0.017082,0.025947,0.024253,0.01518
2410_121_2068_2260,1,1,0.041774,0.486014,0.114921,0.032237,0.279584,0.016197,0.029274
2410_122_707_1148,1,1,0.274832,0.526848,0.110737,0.016076,0.048608,0.015784,0.007113
2410_121_521_702,2,1,0.01968,0.338445,0.291708,0.038185,0.248006,0.023811,0.040165
2410_122_305_509,1,1,0.189827,0.27692,0.193466,0.021825,0.037237,0.265204,0.015521
2410_121_31_92,2,1,0.096722,0.227612,0.194761,0.030082,0.201732,0.173123,0.075967
2410_121_1854_1977,2,3,0.012928,0.073324,0.13368,0.663765,0.045461,0.021149,0.049692
2410_122_1366_1416,1,1,0.140864,0.434215,0.071912,0.005094,0.015248,0.321529,0.011138
2419_121_111_353,4,4,0.015638,0.138839,0.204054,0.052444,0.535411,0.024799,0.028814
2419_121_1007_1410,4,4,0.016209,0.158776,0.231,0.049523,0.479707,0.036282,0.028503
2419_122_1542_1824,1,4,0.017121,0.285772,0.200585,0.028225,0.390161,0.028636,0.049499
2419_122_1430_1489,2,5,0.063376,0.271147,0.095673,0.038698,0.050089,0.389949,0.091068
2419_121_732_938,6,3,0.013554,0.053849,0.176698,0.427703,0.068919,0.034896,0.22438
2419_121_549_627,4,1,0.041973,0.680135,0.029088,0.084113,0.071724,0.009841,0.083126
2419_122_372_532,2,1,0.136077,0.516811,0.103874,0.013449,0.140651,0.061466,0.027672
2419_122_31_91,2,5,0.073941,0.265998,0.106323,0.006753,0.033725,0.491597,0.021664
2419_122_648_709,5,1,0.075556,0.569098,0.088135,0.006236,0.015008,0.236965,0.009002
2419_121_1507_1531,4,1,0.038857,0.579564,0.033989,0.074487,0.168661,0.007264,0.097178
2419_122_966_986,5,5,0.115583,0.110432,0.068701,0.013259,0.015995,0.651272,0.024758
2417_122_31_171,1,1,0.064145,0.700644,0.06732,0.010184,0.120712,0.013843,0.023151
2417_121_1197_1336,6,3,0.020526,0.06842,0.058696,0.74374,0.033527,0.008803,0.066288
2417_121_1573_1721,6,3,0.072428,0.213923,0.182037,0.273995,0.053912,0.098313,0.105391
2417_122_240_375,5,1,0.122403,0.695316,0.07253,0.010684,0.032923,0.041806,0.02434
2417_122_1356_1553,3,1,0.240367,0.557707,0.095286,0.024339,0.030125,0.042607,0.009568
2417_122_846_1010,6,1,0.085057,0.703644,0.069921,0.015094,0.088512,0.026598,0.011173
2417_121_189_225,6,3,0.059281,0.24112,0.084991,0.258876,0.049285,0.203944,0.102502
2417_122_490_703,6,1,0.058188,0.512092,0.075888,0.200508,0.091065,0.031179,0.031081
2417_122_1137_1179,5,1,0.393864,0.461748,0.03359,0.011407,0.027082,0.056151,0.016159
2417_121_1032_1112,4,4,0.007947,0.082022,0.230032,0.050665,0.606239,0.0102,0.012895
2417_121_406_481,3,3,0.01721,0.087108,0.053144,0.71649,0.020596,0.060969,0.044483
2417_121_727_830,6,1,0.199753,0.218774,0.168982,0.186905,0.027138,0.089564,0.108885
2422_121_31_415,3,3,0.022329,0.026971,0.051038,0.840895,0.007218,0.031652,0.019896
2422_121_1291_1420,3,1,0.023156,0.450263,0.070842,0.181194,0.170464,0.050219,0.053862
2422_122_1155_1277,5,1,0.043668,0.631994,0.137192,0.05416,0.028971,0.080601,0.023415
2422_122_1430_1521,5,5,0.032102,0.16768,0.105691,0.040808,0.017368,0.612193,0.024157
2422_121_787_1012,3,3,0.009598,0.053276,0.117396,0.634234,0.059913,0.086024,0.03956
2422_121_465_715,3,1,0.081615,0.307349,0.166537,0.254447,0.054234,0.061829,0.073989
2422_121_1088_1144,3,3,0.006774,0.010361,0.021317,0.906351,0.00449,0.046895,0.003814
2422_122_1016_1077,3,2,0.011195,0.09939,0.394393,0.090032,0.074583,0.256205,0.074201
2422_122_424_454,3,1,0.060979,0.568952,0.063602,0.116187,0.015101,0.156093,0.019086
2422_121_1531_1612,1,1,0.065212,0.755737,0.065975,0.063091,0.017131,0.021226,0.011627
2422_122_724_779,3,3,0.019343,0.166634,0.191543,0.296234,0.084593,0.190203,0.051451
2413_122_114_197,5,5,0.01615,0.094144,0.096783,0.041312,0.025742,0.676523,0.049347
2413_121_1284_1360,6,3,0.009396,0.037409,0.094096,0.626723,0.020289,0.043385,0.168701
2413_121_1129_1223,6,3,0.0086,0.016353,0.083336,0.854435,0.008667,0.009516,0.019094
2413_121_1460_1691,3,3,0.012488,0.01245,0.057974,0.876701,0.015976,0.010614,0.013798
2413_121_212_288,6,3,0.008216,0.026264,0.051465,0.83172,0.00951,0.024227,0.048598
2413_122_1696_1840,5,3,0.020306,0.022371,0.025596,0.620849,0.019636,0.269386,0.021855
2413_122_917_1106,5,3,0.015454,0.056485,0.055926,0.704441,0.059794,0.063348,0.044552
2413_121_583_674,3,3,0.023706,0.051414,0.050484,0.784902,0.015278,0.049143,0.025074
2413_122_297_413,6,3,0.014328,0.113291,0.050354,0.57204,0.050679,0.087233,0.112075
2413_122_477_573,5,3,0.044477,0.140847,0.225207,0.239789,0.071371,0.150924,0.127385
2413_121_31_101,6,3,0.011517,0.019358,0.07528,0.770432,0.005725,0.03401,0.083678
2413_121_423_460,3,3,0.041486,0.092089,0.044467,0.744833,0.011909,0.040617,0.024599
2413_122_1231_1276,5,3,0.032364,0.124318,0.08981,0.320533,0.031641,0.225706,0.175628
2413_121_759_912,5,3,0.007004,0.011717,0.025734,0.882167,0.011387,0.007572,0.054418
2413_122_692_746,5,0,0.424319,0.343518,0.035658,0.018789,0.018402,0.134625,0.02469
2413_122_1378_1446,6,3,0.014822,0.061409,0.025937,0.635254,0.01674,0.034817,0.211021
2418_121_1265_1344,3,3,0.015072,0.019877,0.042038,0.881547,0.008636,0.018913,0.013917
2418_122_1135_1243,6,1,0.040741,0.38294,0.209439,0.2098,0.054811,0.027126,0.075144
2418_121_1667_1784,1,1,0.063959,0.405195,0.065063,0.332868,0.040479,0.027289,0.065146
2418_122_141_285,3,3,0.01813,0.10525,0.080588,0.687247,0.042835,0.022841,0.043109
2418_122_1366_1470,6,2,0.020566,0.222476,0.323258,0.198642,0.03598,0.028756,0.170322
2418_122_846_986,0,1,0.107378,0.44922,0.121111,0.158584,0.022329,0.128044,0.013335
2418_122_538_732,3,3,0.029936,0.163985,0.09359,0.532189,0.078457,0.035527,0.066317
2418_121_1001_1105,6,3,0.013194,0.133342,0.133774,0.377865,0.114114,0.01655,0.211161
2418_121_321_373,6,1,0.080477,0.360076,0.130882,0.046302,0.135745,0.191333,0.055186
2418_121_468_517,2,2,0.018921,0.160745,0.296475,0.179925,0.116634,0.134937,0.092362
2418_121_31_116,6,2,0.063522,0.128153,0.327834,0.306007,0.092228,0.058216,0.02404
2418_122_392_443,6,3,0.022411,0.156789,0.11788,0.367204,0.156141,0.10613,0.073444
2418_121_1490_1560,1,1,0.119484,0.636003,0.083408,0.022111,0.095268,0.029826,0.0139
2418_121_753_824,6,6,0.022779,0.101923,0.191054,0.24526,0.059023,0.07458,0.305382
2418_122_1576_1646,3,3,0.056021,0.277436,0.089764,0.310482,0.0388,0.023997,0.2035
2420_121_90_188,1,1,0.413335,0.508168,0.016267,0.016784,0.013785,0.020157,0.011506
2420_122_1290_1376,0,0,0.438657,0.434683,0.056862,0.004534,0.01212,0.049237,0.003907
2420_122_1093_1184,5,5,0.053585,0.181009,0.084177,0.002427,0.011847,0.661567,0.005389
2420_122_1505_1699,0,1,0.356369,0.465009,0.068496,0.002895,0.009847,0.092539,0.004845
2420_122_202_343,0,1,0.089478,0.707565,0.09375,0.010993,0.042214,0.034384,0.021617
2420_121_1397_1485,1,1,0.234939,0.65037,0.028486,0.013126,0.047619,0.015832,0.009628
2420_121_894_965,6,1,0.058854,0.660048,0.162005,0.006703,0.075149,0.016857,0.020384
2420_122_405_870,2,1,0.216138,0.685386,0.044263,0.006945,0.025872,0.012771,0.008626
2420_121_1719_1775,0,1,0.295553,0.623519,0.023119,0.016821,0.017533,0.016602,0.006852
2420_121_1021_1075,6,1,0.053715,0.614062,0.087621,0.034587,0.126996,0.008646,0.074373
2420_122_31_67,0,1,0.250138,0.633871,0.057217,0.006452,0.02259,0.01031,0.019422
2420_121_1197_1261,0,1,0.046147,0.748331,0.041655,0.025028,0.091992,0.030968,0.015879
2420_122_985_997,5,5,0.295445,0.156008,0.049798,0.004903,0.016122,0.458826,0.018899
2420_121_359_379,1,1,0.208505,0.732988,0.011917,0.015809,0.009361,0.011151,0.01027
2423_121_31_360,4,1,0.081546,0.445565,0.1174,0.037216,0.236061,0.024027,0.058184
2423_122_1143_1217,1,1,0.015814,0.600371,0.171198,0.0171,0.116767,0.034392,0.044358
2423_122_935_1022,1,1,0.015932,0.343487,0.337709,0.009546,0.198678,0.072045,0.022602
2423_122_1306_1358,1,1,0.088958,0.839935,0.020062,0.006094,0.026238,0.010182,0.00853
2423_122_572_798,1,1,0.069405,0.629626,0.10323,0.008463,0.149453,0.029515,0.010308
2423_121_1036_1131,1,0,0.369247,0.356933,0.034398,0.078113,0.033719,0.111274,0.016316
2423_121_427_569,4,4,0.045468,0.289943,0.080288,0.029471,0.507659,0.027575,0.019596
2423_121_1227_1295,5,5,0.036286,0.165965,0.120571,0.044853,0.068819,0.535607,0.027899
2423_121_807_920,4,1,0.016319,0.404646,0.11018,0.022579,0.333854,0.020824,0.091598
2423_122_372_419,1,4,0.008007,0.093921,0.298006,0.004895,0.561338,0.024918,0.008915
2421_122_1215_1302,3,3,0.022997,0.196723,0.128677,0.488357,0.062792,0.046647,0.053807
2421_122_123_204,1,5,0.053112,0.275464,0.116763,0.008112,0.035566,0.499156,0.011827
2421_122_1112_1154,5,5,0.068648,0.159985,0.097413,0.009754,0.010187,0.627436,0.026577
2421_121_1167_1205,3,3,0.006423,0.009082,0.014865,0.885412,0.004769,0.010089,0.06936
2421_121_634_834,3,3,0.012625,0.018915,0.038647,0.889545,0.012633,0.019499,0.008135
2421_121_31_113,5,3,0.036369,0.036159,0.170509,0.633614,0.021486,0.040124,0.061738
2421_121_966_1101,3,3,0.00652,0.017209,0.030295,0.891129,0.00707,0.019278,0.028499
2421_121_222_289,5,1,0.030294,0.367523,0.340282,0.07885,0.064938,0.061731,0.056381
2421_122_292_440,1,1,0.05317,0.424524,0.182341,0.076124,0.129019,0.037716,0.097106
2421_122_845_952,1,2,0.021877,0.250171,0.41225,0.047199,0.074289,0.11404,0.080175
2421_122_536_629,1,1,0.141027,0.775175,0.024831,0.014939,0.012073,0.020765,0.011189
2421_121_460_526,5,3,0.032382,0.136949,0.186133,0.321642,0.020623,0.226183,0.076087
2426_121_126_164,4,1,0.184964,0.583531,0.078731,0.015442,0.043237,0.068283,0.025812
2426_121_1202_1350,1,1,0.16779,0.711156,0.019148,0.00502,0.085618,0.004393,0.006876
2426_121_1822_2047,4,5,0.027237,0.205348,0.176848,0.134956,0.145708,0.285177,0.024726
2426_122_1675_1818,1,2,0.025861,0.137733,0.37631,0.119185,0.115757,0.138185,0.086968
2426_122_1361_1505,1,1,0.055768,0.362785,0.091269,0.354365,0.07724,0.020492,0.038081
2426_121_855_1031,4,2,0.023848,0.178038,0.28861,0.234914,0.19513,0.01849,0.06097
2426_122_192_227,4,2,0.036886,0.153057,0.498715,0.064787,0.040992,0.097851,0.107712
2426_122_489_616,1,1,0.042306,0.472876,0.267236,0.014296,0.081951,0.08402,0.037316
2426_122_1072_1172,1,1,0.055797,0.340695,0.216565,0.116113,0.068836,0.125341,0.076652
2426_121_272_472,3,3,0.021976,0.04927,0.055023,0.791487,0.020587,0.024491,0.037167
2426_122_31_98,4,1,0.133933,0.388764,0.101155,0.007628,0.020109,0.309211,0.0392
2426_121_647_707,4,1,0.070313,0.604503,0.052596,0.128456,0.044075,0.038208,0.06185
2426_121_1552_1650,1,1,0.134533,0.735958,0.033343,0.018756,0.032827,0.025033,0.01955
2426_122_731_802,1,1,0.054538,0.405681,0.103721,0.176012,0.135826,0.053944,0.070278
2429_121_116_223,3,3,0.008118,0.011649,0.019646,0.908235,0.010165,0.008892,0.033295
2429_122_1165_1358,0,1,0.36965,0.570955,0.02102,0.007276,0.018279,0.007753,0.005068
2429_122_1548_1753,1,0,0.449887,0.420681,0.050028,0.006717,0.051369,0.015305,0.006014
2429_122_231_478,1,1,0.17203,0.674841,0.070599,0.010298,0.023096,0.041774,0.007362
2429_121_1400_1523,4,4,0.027043,0.237465,0.141819,0.231057,0.276888,0.018241,0.067487
2429_122_904_948,1,1,0.229156,0.64971,0.033223,0.047069,0.017921,0.010161,0.012759
2429_121_968_1133,3,1,0.099057,0.478056,0.069466,0.201119,0.092691,0.039384,0.020228
2429_122_615_736,1,1,0.030099,0.520133,0.313042,0.018936,0.038278,0.036967,0.042546
2429_122_31_100,1,1,0.060895,0.674001,0.087681,0.010389,0.024667,0.107761,0.034606
2429_121_758_887,3,1,0.041661,0.40677,0.052015,0.383387,0.029657,0.034995,0.051515
2429_121_510_591,4,1,0.048794,0.540715,0.052326,0.077264,0.21368,0.007931,0.059288
2431_122_100_288,6,3,0.04105,0.234806,0.200004,0.262598,0.026723,0.051209,0.183608
2431_121_1276_1323,4,1,0.316192,0.455901,0.077588,0.03704,0.025307,0.042411,0.04556
2431_122_863_1254,3,3,0.022403,0.113546,0.062833,0.617402,0.037511,0.068636,0.07767
2431_121_1382_1488,1,6,0.008388,0.078726,0.135225,0.213056,0.070387,0.14797,0.346247
2431_122_1340_1370,5,5,0.140468,0.210437,0.05319,0.02044,0.026613,0.520442,0.02841
2431_121_472_626,1,1,0.218233,0.62905,0.030842,0.021634,0.017356,0.068529,0.014356
2431_121_315_341,1,1,0.058323,0.622835,0.058201,0.017183,0.196597,0.013679,0.033183
2431_121_31_75,1,1,0.08431,0.289983,0.13784,0.110609,0.017182,0.277026,0.083049
2431_122_376_444,5,5,0.144573,0.262097,0.046451,0.022894,0.023401,0.483633,0.01695
2431_122_1510_1658,0,1,0.255712,0.58602,0.051569,0.016872,0.017382,0.066022,0.006424
2431_121_808_834,5,5,0.055851,0.152737,0.065978,0.017253,0.012257,0.651705,0.04422
2431_122_646_794,1,1,0.050092,0.676231,0.065728,0.133795,0.018424,0.029605,0.026126
2435_122_31_200,1,1,0.224946,0.654013,0.053851,0.0122,0.018668,0.018618,0.017705
2435_121_1191_1384,0,1,0.164093,0.615777,0.03547,0.025073,0.117577,0.013953,0.028056
2435_121_222_333,1,3,0.017074,0.123428,0.068146,0.670084,0.046236,0.033081,0.041951
2435_121_1701_1816,0,1,0.28505,0.49218,0.047368,0.084552,0.045024,0.014085,0.031741
2435_122_1401_1667,0,1,0.399009,0.457967,0.030464,0.004344,0.020658,0.08243,0.005128
2435_122_889_1165,0,0,0.57513,0.352979,0.018428,0.005443,0.014423,0.029489,0.004108
2435_121_576_642,1,1,0.086348,0.66733,0.046037,0.012664,0.163855,0.005242,0.018524
2435_122_351_553,0,0,0.661851,0.27038,0.026045,0.006028,0.014055,0.015167,0.006472
2435_121_799_861,3,3,0.005159,0.002902,0.006317,0.970447,0.002866,0.009395,0.002915
2435_122_1837_2020,1,0,0.587185,0.349533,0.020683,0.008762,0.00901,0.014424,0.010402
2435_122_662_777,1,1,0.238784,0.70188,0.014858,0.007956,0.015382,0.015213,0.005926
2433_122_111_220,2,1,0.080133,0.386321,0.315635,0.017784,0.112243,0.058894,0.028989
2433_122_1269_1591,2,1,0.275872,0.441543,0.206278,0.01291,0.042598,0.015443,0.005356
2433_121_1121_1248,5,0,0.505257,0.403272,0.031047,0.01027,0.016059,0.024116,0.00998
2433_121_253_364,4,3,0.020095,0.1069,0.041956,0.680922,0.049491,0.012528,0.088108
2433_122_871_935,1,2,0.025573,0.117114,0.533885,0.026287,0.053309,0.188809,0.055024
2433_121_550_851,1,1,0.027218,0.291798,0.28023,0.140775,0.177021,0.026644,0.056314
2433_122_1685_1793,1,4,0.018951,0.184902,0.293196,0.048514,0.376622,0.027845,0.04997
2433_122_1002_1090,2,2,0.06605,0.285347,0.526707,0.017571,0.019878,0.053336,0.031111
2433_122_399_519,1,2,0.033932,0.190107,0.379162,0.178736,0.046007,0.028443,0.143614
2433_121_31_90,2,2,0.016262,0.136898,0.389154,0.114907,0.084122,0.134696,0.123961
2433_121_1611_1663,2,4,0.03321,0.289221,0.19861,0.012621,0.443427,0.012178,0.010734
2433_121_960_995,6,5,0.045871,0.158803,0.079378,0.025884,0.025744,0.604075,0.060244
2439_121_128_229,4,2,0.03505,0.153356,0.404546,0.082557,0.159668,0.058134,0.10669
2439_122_994_1417,3,4,0.009777,0.086075,0.265501,0.057192,0.528574,0.028687,0.024195
2439_122_1906_2074,3,3,0.012013,0.06814,0.063723,0.641684,0.140933,0.022485,0.051022
2439_121_1657_1889,4,4,0.008205,0.119845,0.145308,0.008928,0.692244,0.013476,0.011995
2439_122_245_333,5,5,0.054509,0.248966,0.216772,0.026166,0.107085,0.311144,0.035357
2439_121_1450_1553,4,4,0.013981,0.190131,0.10278,0.041574,0.607922,0.012624,0.030989
2439_121_615_979,4,4,0.022194,0.306627,0.110232,0.01115,0.518285,0.013124,0.018388
2439_122_560_592,4,4,0.012756,0.250403,0.271525,0.016332,0.369836,0.032931,0.046218
2439_121_357_545,4,4,0.004339,0.071798,0.18702,0.006426,0.710101,0.013217,0.007099
2439_122_31_107,5,2,0.026345,0.161533,0.327171,0.007061,0.24603,0.209151,0.022708
2439_122_1572_1633,4,1,0.061488,0.421063,0.052226,0.033337,0.393934,0.010081,0.027871
2436_121_88_197,5,2,0.02094,0.166567,0.254736,0.194747,0.224325,0.076419,0.062266
2436_121_1234_1339,3,3,0.016187,0.029983,0.034271,0.665409,0.036285,0.014991,0.202874
2436_122_1121_1209,3,5,0.019885,0.029382,0.038068,0.147831,0.028211,0.728027,0.008596
2436_122_1669_1872,4,4,0.022367,0.219555,0.174125,0.058099,0.471372,0.037353,0.017128
2436_122_212_343,4,1,0.132135,0.654609,0.072836,0.007552,0.106542,0.017654,0.008672
2436_122_1355_1494,4,4,0.013769,0.186379,0.150123,0.013088,0.607847,0.01568,0.013114
2436_121_944_1106,5,4,0.04424,0.348799,0.052328,0.093986,0.394365,0.045013,0.021269
2436_122_499_620,1,1,0.021641,0.445165,0.142141,0.017042,0.35029,0.014798,0.008922
2436_121_367_490,1,1,0.144674,0.611171,0.073685,0.100082,0.032487,0.018127,0.019774
2436_122_31_70,4,4,0.022129,0.205498,0.077227,0.008613,0.67178,0.008184,0.006569
2436_121_1515_1654,4,1,0.066667,0.510374,0.035355,0.13464,0.11875,0.060257,0.073956
2436_121_1888_2015,3,3,0.007875,0.008696,0.017382,0.949254,0.005356,0.005716,0.005721
2436_121_647_810,5,3,0.029812,0.255592,0.081824,0.476251,0.054763,0.033754,0.068004
2436_122_827_928,4,4,0.022848,0.309069,0.109632,0.01874,0.508518,0.015747,0.015446
2440_122_1147_1312,0,0,0.601118,0.270196,0.055239,0.006713,0.044898,0.015377,0.006459
2440_122_1388_1545,0,0,0.622788,0.301506,0.033528,0.006752,0.014105,0.013972,0.007348
2440_121_31_122,1,1,0.230656,0.577898,0.060911,0.010213,0.035165,0.045478,0.039678
2440_121_889_963,2,1,0.067063,0.41316,0.399194,0.010828,0.047267,0.053951,0.008536
2440_122_132_234,0,0,0.609272,0.348068,0.011948,0.005728,0.006721,0.01335,0.004913
2440_121_1332_1372,2,4,0.018975,0.249306,0.056842,0.00611,0.645481,0.008327,0.014959
2440_122_371_619,0,1,0.449517,0.451518,0.03865,0.006568,0.018105,0.031181,0.00446
2440_121_1051_1137,1,1,0.154917,0.527056,0.086318,0.00752,0.194058,0.018187,0.011944
2440_121_257_360,4,1,0.42129,0.43075,0.063191,0.005648,0.057109,0.014185,0.007828
2440_122_718_861,0,0,0.664532,0.266726,0.030472,0.005392,0.016719,0.008091,0.008067
2440_121_644_708,4,4,0.019392,0.349569,0.237522,0.007885,0.356448,0.01911,0.010075
2440_122_984_1033,0,1,0.425063,0.474485,0.045973,0.002514,0.031011,0.016273,0.004681
2434_122_112_151,3,3,0.016879,0.052336,0.22391,0.450286,0.031924,0.075805,0.148861
2434_122_941_1207,3,3,0.050901,0.286294,0.094573,0.289346,0.052907,0.175826,0.050153
2434_121_1651_1797,1,1,0.182218,0.575325,0.071701,0.018458,0.134062,0.010052,0.008183
2434_121_172_406,3,3,0.008278,0.032813,0.106162,0.555288,0.041431,0.020128,0.235899
2434_121_1417_1517,4,2,0.012339,0.300008,0.402369,0.026228,0.224071,0.012442,0.022543
2434_122_1303_1386,3,1,0.046431,0.376185,0.084047,0.376039,0.022537,0.042022,0.052739
2434_122_526_701,3,3,0.018589,0.089436,0.143967,0.38551,0.031413,0.228186,0.102898
2434_121_470_509,3,3,0.009753,0.004139,0.017747,0.920562,0.006467,0.031076,0.010256
2434_121_31_94,3,3,0.010705,0.049047,0.022602,0.839741,0.021163,0.025341,0.031402
2434_122_431_446,3,5,0.028624,0.087609,0.069336,0.049315,0.016787,0.704493,0.043836
2434_122_1535_1633,3,3,0.0281,0.111578,0.048826,0.741059,0.0207,0.04104,0.008697
2434_121_1236_1282,4,1,0.039509,0.630538,0.080546,0.015382,0.182434,0.031189,0.020401
2434_121_878_921,1,0,0.410014,0.396985,0.086287,0.04247,0.021689,0.027398,0.015158
2434_121_742_807,3,3,0.01422,0.02064,0.040008,0.835131,0.008789,0.011118,0.070096
2434_122_827_857,3,5,0.026109,0.145963,0.181833,0.156946,0.039457,0.258777,0.190915
3041_154_924_1000,1,1,0.266001,0.46525,0.013113,0.137055,0.014841,0.045199,0.058539
3041_154_191_228,6,6,0.015218,0.104942,0.19937,0.071618,0.222855,0.042758,0.343238
3041_154_1322_1441,1,4,0.024323,0.204786,0.089321,0.056507,0.50515,0.029101,0.090812
3041_154_529_685,1,3,0.022706,0.060476,0.020758,0.478664,0.046633,0.030415,0.340347
3041_154_286_444,5,5,0.052138,0.219071,0.08806,0.036076,0.049799,0.416235,0.138621
3041_153_447_500,6,0,0.443523,0.339543,0.016351,0.066223,0.023752,0.060481,0.050128
3041_154_31_92,6,5,0.159078,0.236502,0.036616,0.114005,0.014237,0.28806,0.151503
3041_154_771_815,1,5,0.028437,0.158708,0.063611,0.031331,0.035081,0.440014,0.242818
3044_153_31_211,6,0,0.557246,0.1364,0.111076,0.07391,0.050714,0.035705,0.034949
3044_154_1246_1341,1,6,0.036192,0.271465,0.061095,0.204704,0.119917,0.009804,0.296823
3044_153_1046_1236,0,5,0.077646,0.272783,0.074349,0.027584,0.032468,0.452027,0.063142
3044_154_1571_1715,2,6,0.096453,0.2709,0.045276,0.032238,0.022746,0.259286,0.2731
3044_154_1818_1913,1,3,0.010463,0.017303,0.012373,0.767646,0.036479,0.010617,0.145119
3044_154_1406_1461,1,0,0.426866,0.381155,0.022791,0.063631,0.030736,0.012232,0.062589
3044_154_826_981,1,1,0.065001,0.301224,0.054899,0.17574,0.159011,0.061856,0.182269
3044_154_496_606,1,6,0.019686,0.036398,0.015851,0.367876,0.0722,0.020969,0.46702
3044_153_646_816,0,0,0.766044,0.128082,0.01654,0.016257,0.0141,0.047547,0.01143
3044_153_376_410,1,5,0.05113,0.083958,0.025966,0.016023,0.006061,0.781808,0.035054
3044_153_1726_1751,0,5,0.005223,0.017313,0.022245,0.051602,0.01037,0.849823,0.043424
3045_154_31_129,1,1,0.059276,0.27787,0.058562,0.178349,0.230962,0.074188,0.120792
3045_154_1245_1331,2,2,0.015261,0.242439,0.279467,0.015716,0.070006,0.148334,0.228777
3045_153_1122_1245,6,1,0.069701,0.313961,0.095068,0.056903,0.078756,0.261459,0.124153
3045_154_219_348,1,1,0.064632,0.495035,0.065919,0.030698,0.239113,0.016039,0.088564
3045_153_1380_1520,3,3,0.014629,0.044535,0.036057,0.395711,0.341329,0.084175,0.083563
3045_154_699_938,1,3,0.071874,0.225531,0.043787,0.3406,0.079082,0.057399,0.181727
3045_153_940_1031,6,5,0.039445,0.155482,0.059614,0.049757,0.045293,0.51247,0.137938
3045_153_139_217,6,5,0.106738,0.108471,0.034635,0.091131,0.015905,0.541513,0.101607
3045_154_434_622,1,1,0.063761,0.368873,0.074667,0.023515,0.360214,0.016142,0.092828
3045_154_1045_1112,6,6,0.048725,0.137105,0.035468,0.03342,0.123538,0.014619,0.607125
3045_153_627_699,5,5,0.017815,0.016393,0.010263,0.036488,0.004873,0.906019,0.008148
3045_154_1520_1627,1,3,0.068006,0.069791,0.072088,0.667463,0.042567,0.046619,0.033466
3045_153_362_419,6,5,0.25128,0.191462,0.025492,0.098757,0.029183,0.350704,0.053122
3047_153_95_248,6,6,0.005904,0.033776,0.162893,0.239631,0.038409,0.081055,0.438333
3047_154_1068_1292,6,3,0.034808,0.112168,0.021263,0.683488,0.029634,0.050579,0.06806
3047_154_1582_1771,6,1,0.127285,0.464172,0.057241,0.079957,0.047116,0.168952,0.055278
3047_153_1310_1567,0,0,0.674325,0.162082,0.010757,0.021747,0.01068,0.110653,0.009756
3047_153_926_1060,0,0,0.599777,0.219443,0.0174,0.036389,0.006691,0.104854,0.015446
3047_153_586_674,6,6,0.030545,0.100361,0.023594,0.235984,0.014222,0.251506,0.343788
3047_153_329_449,3,3,0.007534,0.04724,0.04814,0.389532,0.017919,0.16157,0.328064
3047_154_456_571,1,5,0.045463,0.075072,0.030485,0.071083,0.015441,0.725348,0.037108
3047_154_31_87,6,2,0.009852,0.139761,0.316447,0.010703,0.204632,0.052262,0.266345
3047_154_680_903,1,0,0.611743,0.244917,0.016948,0.043803,0.022269,0.031996,0.028323
3047_154_268_305,5,5,0.079457,0.029738,0.017519,0.087151,0.007892,0.747894,0.030348
3048_154_31_163,1,4,0.019758,0.152801,0.286255,0.014476,0.428661,0.060041,0.038009
3048_154_1291_1381,3,5,0.256177,0.098615,0.040304,0.031092,0.018239,0.528735,0.026839
3048_154_212_310,1,0,0.491887,0.115849,0.024343,0.101024,0.01273,0.23462,0.019547
3048_153_1394_1568,0,3,0.294118,0.034612,0.019021,0.369481,0.031008,0.123609,0.128151
3048_154_833_950,1,1,0.262715,0.406719,0.015718,0.159243,0.022722,0.029811,0.103073
3048_154_432_725,1,0,0.760549,0.12183,0.039778,0.021198,0.025016,0.018561,0.013068
3048_154_1100_1181,1,0,0.493316,0.333727,0.021993,0.036749,0.032368,0.05549,0.026357
3048_153_314_413,5,5,0.075544,0.03577,0.02031,0.032522,0.013454,0.804781,0.017619
3048_153_958_1090,1,4,0.06532,0.369797,0.089777,0.03705,0.380544,0.033908,0.023605
3054_153_1239_1448,3,5,0.009273,0.033473,0.023985,0.211743,0.018003,0.538025,0.165499
3054_154_993_1197,6,6,0.008282,0.035634,0.084815,0.02662,0.097617,0.045405,0.701626
3054_154_243_290,6,6,0.019777,0.116768,0.088801,0.022163,0.172467,0.019138,0.560885
3054_153_1712_1822,1,5,0.023986,0.136915,0.072738,0.046233,0.037826,0.654996,0.027307
3054_154_1454_1658,1,6,0.008004,0.060393,0.076707,0.21041,0.020246,0.207218,0.417021
3054_154_669_932,1,6,0.009928,0.035775,0.047181,0.009785,0.065088,0.090856,0.741386
3054_153_942_982,6,5,0.01683,0.053187,0.076632,0.088744,0.017111,0.468078,0.279417
3054_153_192_233,6,6,0.037611,0.117294,0.048721,0.220763,0.023331,0.174632,0.377649
3054_153_592_659,6,5,0.00893,0.031265,0.110016,0.176213,0.014508,0.477916,0.181152
3054_154_139_190,6,6,0.017136,0.046352,0.047218,0.19221,0.065401,0.054644,0.577039
3054_153_303_369,6,5,0.010757,0.045275,0.092864,0.194022,0.010176,0.381533,0.265373
3054_154_382_551,6,6,0.010132,0.063566,0.043218,0.036241,0.020339,0.045768,0.780736
3054_153_31_109,6,6,0.007119,0.028675,0.061869,0.058788,0.01896,0.265226,0.559362
3055_153_1262_1354,0,0,0.736772,0.140463,0.019945,0.020531,0.011015,0.056249,0.015024
3055_154_1129_1243,3,3,0.149327,0.120406,0.020494,0.514375,0.013457,0.143119,0.038821
3055_153_2507_2715,6,1,0.079837,0.62513,0.026614,0.137026,0.050203,0.029204,0.051987
3055_154_2058_2093,3,1,0.100938,0.368476,0.054212,0.074617,0.078578,0.143845,0.179334
3055_153_1042_1129,0,3,0.09245,0.153267,0.068267,0.394344,0.031613,0.102985,0.157074
3055_154_1626_1776,3,1,0.128814,0.290478,0.027636,0.123389,0.024469,0.249374,0.155841
3055_153_578_696,0,0,0.723787,0.175641,0.020489,0.027339,0.017332,0.016928,0.018485
3055_154_2300_2483,6,0,0.388105,0.291374,0.047857,0.120636,0.039832,0.027864,0.084331
3055_153_1476_1617,1,0,0.653247,0.174347,0.023638,0.077959,0.019588,0.023335,0.027886
3055_153_2152_2283,1,1,0.137054,0.681788,0.046027,0.039649,0.044313,0.012671,0.038497
3055_153_1807_2008,0,0,0.498627,0.390631,0.0105,0.059527,0.009055,0.012779,0.018882
3055_154_699_914,3,1,0.229565,0.374771,0.050711,0.125279,0.033479,0.079504,0.10669
3055_154_1361_1440,1,0,0.730428,0.172904,0.016509,0.017321,0.013994,0.029738,0.019107
3055_153_315_478,1,0,0.370753,0.326421,0.025323,0.13287,0.030854,0.039286,0.074492
3055_154_496_558,3,3,0.042404,0.212842,0.055037,0.362541,0.069725,0.024772,0.23268
3055_154_11_40,6,1,0.114147,0.419432,0.06849,0.048355,0.249541,0.041659,0.058376
3051_153_31_200,5,5,0.015528,0.133337,0.284475,0.008501,0.078401,0.443343,0.036415
3051_154_1268_1383,5,1,0.015184,0.361545,0.316468,0.009789,0.075191,0.147507,0.074315
3051_153_1124_1248,1,2,0.026311,0.177258,0.407478,0.010669,0.011611,0.364963,0.00171
3051_154_204_295,5,5,0.007838,0.075821,0.100617,0.006834,0.017396,0.756138,0.035356
3051_154_1788_1897,2,5,0.056053,0.145291,0.101822,0.045233,0.036357,0.517345,0.097899
3051_153_1397_1522,1,1,0.187212,0.601461,0.051427,0.005839,0.127142,0.020698,0.006221
3051_153_939_970,2,5,0.141921,0.205805,0.044244,0.03431,0.02177,0.494691,0.057258
3051_153_483_596,2,1,0.126519,0.466708,0.172673,0.042424,0.020317,0.160395,0.010963
3051_154_975_1116,2,5,0.002791,0.068623,0.16898,0.005438,0.005273,0.700822,0.048074
3051_153_1709_1776,2,2,0.045547,0.224799,0.556922,0.026055,0.051053,0.080669,0.014955
3051_153_297_423,2,5,0.008417,0.076072,0.066093,0.014083,0.015808,0.791923,0.027605
3051_154_613_660,1,3,0.028076,0.103577,0.076307,0.395843,0.011134,0.310503,0.07456
3051_154_424_467,1,1,0.025807,0.362839,0.143738,0.034369,0.194598,0.019943,0.218706
3051_153_691_919,2,0,0.38301,0.358775,0.141725,0.014771,0.029167,0.055604,0.016947
3051_154_1538_1676,1,1,0.253249,0.448827,0.134375,0.006073,0.095353,0.043086,0.019037
3053_154_98_162,3,1,0.207296,0.25481,0.039325,0.110984,0.022088,0.236263,0.129234
3053_153_1004_1330,6,2,0.128058,0.185372,0.225937,0.190626,0.168782,0.043944,0.057281
3053_154_2008_2100,3,3,0.01712,0.052972,0.007979,0.751219,0.0114,0.009678,0.149631
3053_153_1656_1703,3,3,0.007277,0.011103,0.017246,0.888188,0.012592,0.010443,0.053151
3053_153_168_264,3,3,0.008701,0.020861,0.017178,0.708819,0.008613,0.064194,0.171635
3053_154_1810_1932,6,3,0.06561,0.137701,0.020063,0.290317,0.039241,0.228699,0.21837
3053_154_727_974,3,1,0.224756,0.431505,0.042522,0.048006,0.151121,0.045978,0.056113
3053_154_1342_1459,4,4,0.014251,0.158884,0.125716,0.07647,0.306173,0.061472,0.257035
3053_154_554_608,3,3,0.014368,0.019787,0.011247,0.728201,0.011171,0.102938,0.112288
3053_154_1717_1766,6,6,0.025335,0.053003,0.036574,0.078387,0.026531,0.285584,0.494586
3053_154_264_362,5,5,0.008757,0.036291,0.021004,0.177758,0.027293,0.626193,0.102704
3053_153_609_716,6,3,0.028558,0.112414,0.033661,0.402957,0.035519,0.076377,0.310514
3053_153_391_538,6,3,0.006203,0.015089,0.009863,0.737018,0.028198,0.062546,0.141082
3053_153_31_84,3,3,0.011137,0.017407,0.013265,0.873576,0.011769,0.021265,0.051582
3053_153_1468_1569,3,3,0.019869,0.071002,0.05766,0.501049,0.024349,0.061382,0.264688
3053_154_1580_1623,6,3,0.094413,0.162712,0.042817,0.339804,0.054172,0.051083,0.255
3053_153_1776_1795,6,1,0.148136,0.414758,0.02827,0.076245,0.057064,0.021772,0.253754
3053_153_1947_1998,5,3,0.016048,0.015056,0.016118,0.843017,0.008842,0.022129,0.078789
3050_153_92_164,3,3,0.012147,0.009246,0.014341,0.913779,0.008879,0.02325,0.018358
3050_154_1203_1344,3,3,0.048544,0.046499,0.022128,0.45337,0.018139,0.387276,0.024043
3050_153_1139_1203,2,3,0.016755,0.043725,0.043242,0.730998,0.031202,0.029812,0.104266
3050_153_225_305,1,1,0.035346,0.348312,0.058438,0.182634,0.067974,0.015969,0.291327
3050_153_1701_1836,6,3,0.012839,0.023522,0.019662,0.529426,0.011017,0.252419,0.151116
3050_153_1377_1555,3,5,0.01278,0.034371,0.036846,0.252722,0.023072,0.541593,0.098617
3050_154_774_952,3,3,0.008317,0.003669,0.01206,0.581924,0.007785,0.382271,0.003973
3050_154_174_209,1,1,0.116864,0.321055,0.114188,0.053238,0.114691,0.059188,0.220776
3050_154_591_689,5,5,0.002605,0.012255,0.015792,0.009031,0.003055,0.945356,0.011907
3050_154_2049_2204,3,0,0.637243,0.13777,0.059677,0.070318,0.03053,0.030354,0.034109
3050_154_1046_1114,3,3,0.119663,0.033312,0.076513,0.600771,0.029736,0.127248,0.012758
3050_154_315_379,1,0,0.6072,0.30225,0.011705,0.022773,0.015163,0.023463,0.017445
3050_153_406_566,3,1,0.12174,0.35947,0.189305,0.155335,0.057438,0.073906,0.042805
3050_154_21_81,6,3,0.027441,0.031356,0.0204,0.789687,0.016005,0.051631,0.06348
3050_154_1838_1945,1,1,0.064176,0.245963,0.105431,0.229915,0.065873,0.192821,0.095822
3050_153_712_761,3,5,0.033766,0.065033,0.075542,0.149989,0.019372,0.382058,0.27424
3050_154_1569_1676,3,3,0.087298,0.027154,0.044726,0.552609,0.019662,0.250302,0.018249
3050_153_1974_2039,0,3,0.150277,0.192899,0.027109,0.530424,0.019338,0.047127,0.032825
3050_153_966_1022,3,3,0.058628,0.106774,0.026376,0.382067,0.041111,0.034788,0.350255
3057_153_31_129,1,1,0.069085,0.463142,0.075507,0.296151,0.016527,0.045317,0.034271
3057_153_1128_1953,0,1,0.095195,0.618025,0.082242,0.022031,0.103253,0.033178,0.046076
3057_153_2043_2205,1,1,0.0166,0.643848,0.065363,0.015413,0.208028,0.015099,0.035649
3057_153_203_260,1,5,0.039401,0.229451,0.05586,0.046788,0.108993,0.350277,0.16923
3057_153_781_966,1,1,0.068087,0.568969,0.039009,0.113084,0.076564,0.072846,0.061441
3057_153_2282_2334,0,4,0.012078,0.148449,0.077639,0.027902,0.451022,0.015256,0.267653
3057_153_523_668,1,1,0.063057,0.441423,0.092961,0.068011,0.107463,0.172594,0.054491
3057_154_147_193,6,6,0.011416,0.065243,0.029007,0.185999,0.103681,0.121893,0.482761
3057_154_272_365,1,6,0.048133,0.306409,0.04342,0.068393,0.031617,0.101415,0.400613
3057_154_976_1093,1,1,0.062256,0.544338,0.043759,0.050711,0.049313,0.044198,0.205424
3057_154_462_515,6,1,0.041391,0.38423,0.033622,0.012491,0.196367,0.008503,0.323395
3057_153_381_440,1,1,0.27511,0.512106,0.04421,0.03374,0.041009,0.044272,0.049554
3057_154_682_766,1,6,0.039652,0.269953,0.020192,0.189038,0.019967,0.040102,0.421097
3057_154_2222_2274,6,4,0.032938,0.203227,0.029893,0.015076,0.634081,0.006613,0.078171
3057_154_1967_2025,1,1,0.098952,0.666754,0.087234,0.015728,0.060112,0.032889,0.038331
3060_153_126_173,5,5,0.034731,0.102926,0.02861,0.177017,0.021676,0.579853,0.055186
3060_154_1286_1364,3,6,0.00966,0.044352,0.045772,0.38206,0.026452,0.092409,0.399296
3060_153_1101_1281,3,3,0.00933,0.009998,0.010809,0.874983,0.007999,0.026263,0.06062
3060_154_204_288,5,6,0.004835,0.023649,0.014742,0.040487,0.006828,0.016205,0.893255
3060_153_923_1022,3,3,0.015464,0.030205,0.013389,0.796737,0.018841,0.020392,0.104974
3060_154_531_617,3,6,0.017768,0.271935,0.106056,0.061863,0.0294,0.059395,0.453583
3060_154_326_381,6,6,0.103182,0.0892,0.021646,0.340455,0.014289,0.048382,0.382847
3060_153_627_649,3,6,0.013918,0.036723,0.030363,0.241842,0.035474,0.076931,0.564749
3060_154_1035_1073,3,6,0.014009,0.030959,0.062024,0.219486,0.024917,0.006396,0.642208
3060_154_31_106,6,5,0.034336,0.090379,0.037811,0.089087,0.013464,0.432043,0.302879
3060_154_437_463,6,5,0.039074,0.032967,0.035918,0.126508,0.015074,0.492825,0.257634
3060_153_723_836,3,3,0.011244,0.021538,0.017065,0.670661,0.015198,0.163298,0.100995
3060_154_662_703,6,6,0.012379,0.033702,0.033841,0.039835,0.014381,0.032092,0.833769
3060_153_388_436,5,5,0.007783,0.055743,0.084782,0.056079,0.020505,0.701491,0.073617
3060_154_846_896,6,5,0.016114,0.089789,0.031037,0.174533,0.014371,0.446381,0.227774
3060_153_494_514,6,3,0.011267,0.026792,0.022618,0.60135,0.021292,0.117484,0.199196
3060_153_300_324,5,3,0.024638,0.046292,0.096957,0.405142,0.065504,0.200293,0.161174
3063_153_115_178,6,6,0.005058,0.021155,0.023184,0.210437,0.018374,0.005982,0.71581
3063_154_1262_1310,4,1,0.069645,0.434202,0.226889,0.090071,0.075983,0.023807,0.079403
3063_153_1172_1250,3,3,0.007741,0.015616,0.016747,0.82899,0.03511,0.084158,0.011639
3063_154_201_279,5,6,0.003501,0.01196,0.023184,0.035948,0.025717,0.130431,0.769258
3063_154_1457_1547,3,6,0.016516,0.04604,0.026401,0.174174,0.020521,0.043518,0.672831
3063_154_923_945,6,6,0.018123,0.074319,0.078372,0.048244,0.050016,0.194405,0.536521
3063_153_1329_1440,6,3,0.015823,0.110792,0.058766,0.573085,0.100067,0.033755,0.107712
3063_154_1100_1155,3,3,0.01419,0.022439,0.013816,0.577952,0.01112,0.025128,0.335357
3063_153_595_664,3,3,0.013821,0.025656,0.020563,0.836621,0.020674,0.032286,0.050379
3063_153_450_477,4,6,0.028219,0.133897,0.149781,0.120365,0.166853,0.0201,0.380785
3063_154_31_100,6,6,0.006897,0.040905,0.177326,0.035028,0.013093,0.29905,0.427701
3063_153_758_914,6,3,0.021767,0.185774,0.050483,0.46048,0.048772,0.036449,0.196276
3063_154_693_752,6,6,0.005114,0.012887,0.027272,0.032178,0.006048,0.027835,0.888668
3063_154_347_402,6,5,0.007646,0.133338,0.151704,0.045315,0.011564,0.387402,0.263031
3063_153_1574_1637,3,3,0.027999,0.066631,0.052003,0.512242,0.046926,0.021752,0.272447
3063_154_517_584,3,6,0.013404,0.028701,0.018274,0.076764,0.007559,0.152511,0.702786
3063_153_1050_1089,6,5,0.01011,0.039322,0.080462,0.152167,0.012041,0.517624,0.188274
3063_153_299_331,6,6,0.028863,0.162925,0.099254,0.129867,0.065251,0.014239,0.499601
3066_154_1175_1268,0,2,0.049724,0.214791,0.486299,0.029115,0.101322,0.020965,0.097784
3066_153_230_334,2,5,0.009968,0.190294,0.139953,0.035342,0.111888,0.353801,0.158754
3066_154_1728_1896,0,1,0.164395,0.282666,0.081437,0.117956,0.037018,0.075526,0.241003
3066_154_1340_1611,0,0,0.60789,0.19796,0.02056,0.068088,0.01349,0.023963,0.06805
3066_154_891_1088,0,0,0.811654,0.104571,0.025704,0.010624,0.016256,0.015667,0.015524
3066_154_157_210,0,5,0.100898,0.220677,0.027705,0.049763,0.008805,0.297883,0.294269
3066_154_581_825,0,0,0.524271,0.237225,0.054639,0.046191,0.055745,0.032178,0.049752
3066_154_364_477,1,0,0.562067,0.227626,0.027155,0.043849,0.014348,0.085834,0.03912
3066_154_31_107,0,0,0.465574,0.20411,0.110622,0.030538,0.064174,0.078181,0.046801
3066_153_851_876,2,4,0.0168,0.199453,0.201703,0.023825,0.252859,0.120965,0.184395
3061_153_2445_2512,3,6,0.019577,0.103582,0.030083,0.227029,0.100119,0.01006,0.50955
3061_154_111_157,4,6,0.003235,0.021,0.012835,0.02941,0.011784,0.02717,0.894567
3061_153_1281_1363,4,4,0.010212,0.097906,0.056794,0.040759,0.691244,0.028903,0.074182
3061_153_1993_2082,4,4,0.02202,0.175388,0.040415,0.042425,0.666025,0.013209,0.040518
3061_154_1083_1251,4,4,0.022506,0.248006,0.050418,0.012259,0.591087,0.014522,0.061201
3061_154_1508_1684,4,6,0.010607,0.197441,0.096875,0.052101,0.21774,0.039866,0.38537
3061_153_177_275,3,5,0.057735,0.133102,0.022182,0.038959,0.007564,0.698685,0.041773
3061_154_1782_1966,4,4,0.043317,0.298366,0.064798,0.048918,0.34215,0.026826,0.175625
3061_154_1363_1480,4,6,0.010519,0.123791,0.041921,0.031612,0.049094,0.151088,0.591974
3061_153_2201_2336,3,3,0.034997,0.173791,0.027924,0.576946,0.041794,0.044723,0.099825
3061_154_886_1013,4,4,0.022794,0.214747,0.164185,0.010646,0.428189,0.023981,0.135458
3061_154_467_601,4,6,0.020816,0.140144,0.028987,0.198981,0.085167,0.011392,0.514512
3061_153_1731_1767,4,5,0.014456,0.068353,0.08678,0.024075,0.028886,0.612689,0.164761
3061_154_293_337,4,6,0.039677,0.155835,0.022098,0.037088,0.094085,0.014555,0.636662
3061_153_1027_1073,5,5,0.007927,0.029264,0.020177,0.031863,0.007536,0.831753,0.07148
3061_153_31_111,4,3,0.004788,0.008835,0.020266,0.671466,0.038356,0.016873,0.239416
3061_153_337_452,5,5,0.003433,0.009012,0.006324,0.051029,0.006352,0.916372,0.007477
3061_153_1480_1508,4,5,0.015557,0.060439,0.091474,0.067205,0.063091,0.442292,0.259942
3061_153_807_857,3,6,0.01186,0.059621,0.073167,0.078892,0.179735,0.079081,0.517644
3061_153_642_683,3,5,0.010572,0.046829,0.023999,0.023772,0.009463,0.666595,0.21877
3061_154_2110_2194,4,4,0.013921,0.18235,0.116746,0.041101,0.397738,0.016478,0.231667
3061_154_704_802,4,6,0.033708,0.204071,0.091539,0.034728,0.122963,0.038698,0.474294
3061_154_2342_2416,4,1,0.107343,0.433485,0.072359,0.132577,0.120618,0.021541,0.112078
3065_153_1251_1378,6,1,0.032785,0.428796,0.079883,0.111397,0.1573,0.020151,0.169689
3065_154_1125_1234,6,6,0.014273,0.059032,0.023533,0.250378,0.021518,0.133251,0.498015
3065_153_1675_1816,6,3,0.01856,0.025856,0.018584,0.849966,0.022367,0.011691,0.052978
3065_154_1402_1467,3,6,0.018557,0.067876,0.08237,0.121157,0.015713,0.016909,0.677419
3065_154_815_931,6,6,0.015074,0.092728,0.031704,0.064343,0.073274,0.014035,0.708843
3065_153_135_252,3,6,0.008308,0.143134,0.11324,0.092548,0.135653,0.05258,0.454537
3065_154_558_660,6,5,0.0089,0.165244,0.056732,0.008463,0.012601,0.653036,0.095024
3065_153_956_1120,6,3,0.01104,0.03957,0.042278,0.496934,0.036883,0.018603,0.354691
3065_153_477_548,6,6,0.021508,0.11802,0.103904,0.1505,0.124415,0.031858,0.449795
3065_154_31_106,6,5,0.01351,0.09718,0.119671,0.085702,0.018919,0.355804,0.309213
3065_154_384_460,6,6,0.014366,0.088892,0.124443,0.021271,0.016433,0.261237,0.473358
3065_153_1480_1570,6,3,0.01023,0.039176,0.011548,0.880609,0.009168,0.013251,0.036018
3065_154_717_755,6,3,0.011097,0.020292,0.016578,0.761212,0.012269,0.030878,0.147675
3065_154_1570_1662,3,6,0.055506,0.150633,0.020447,0.351594,0.01805,0.050057,0.353712
3065_153_765_815,6,3,0.012796,0.029443,0.017241,0.858323,0.025755,0.019886,0.036557
3065_153_338_379,3,3,0.017184,0.029944,0.02807,0.706532,0.101535,0.034086,0.082649
3065_154_275_330,6,3,0.01273,0.038441,0.027594,0.662499,0.010162,0.097904,0.150671
3065_153_674_692,6,3,0.012427,0.031201,0.044546,0.443821,0.044012,0.034119,0.389873
3073_154_1115_1244,1,0,0.301261,0.260895,0.067677,0.181476,0.02405,0.06231,0.102331
3073_154_1408_1462,1,6,0.07368,0.181304,0.092283,0.16778,0.027594,0.02727,0.43009
3073_154_148_220,1,1,0.142676,0.400844,0.083773,0.091054,0.030174,0.051749,0.19973
3073_154_415_547,0,0,0.798797,0.12119,0.015528,0.016386,0.008673,0.016737,0.022688
3073_154_750_833,0,0,0.697386,0.195201,0.024506,0.018054,0.01656,0.010436,0.037856
3068_153_1264_1298,5,3,0.016889,0.032156,0.021565,0.581426,0.0553,0.045373,0.247291
3068_154_1118_1230,3,3,0.012002,0.026639,0.016231,0.87558,0.007866,0.024807,0.036875
3068_153_216_402,5,6,0.003782,0.065733,0.015224,0.031929,0.039468,0.051743,0.792122
3068_154_1430_1491,6,6,0.006855,0.055919,0.042651,0.046873,0.043396,0.036355,0.76795
3068_154_1311_1384,6,6,0.006296,0.049225,0.029527,0.158424,0.047641,0.014006,0.694881
3068_153_519_666,6,6,0.017389,0.089657,0.019451,0.16588,0.034186,0.049684,0.623752
3068_154_156_189,6,6,0.016726,0.178313,0.055837,0.127161,0.055532,0.067969,0.498463
3068_153_1029_1118,5,3,0.010832,0.026821,0.012782,0.640526,0.026479,0.114641,0.167918
3068_154_420_506,5,6,0.014983,0.136844,0.04623,0.037894,0.012971,0.345115,0.405963
3068_153_31_90,6,3,0.016702,0.039749,0.020664,0.511294,0.014494,0.017434,0.379663
3068_153_1494_1518,6,6,0.014238,0.082393,0.04949,0.145956,0.157977,0.017753,0.532193
3068_154_674_826,6,6,0.007815,0.147116,0.252432,0.029901,0.185808,0.019225,0.357704
3068_153_1394_1430,3,6,0.013826,0.033407,0.015115,0.104598,0.016888,0.013065,0.803102
3068_153_840_881,5,5,0.006414,0.068742,0.027235,0.024891,0.017724,0.751215,0.10378
3068_154_987_1029,6,6,0.003533,0.03384,0.079443,0.027275,0.020252,0.124143,0.711514
3064_154_104_257,6,6,0.024007,0.150697,0.051989,0.068475,0.080869,0.031297,0.592667
3064_154_1285_1318,4,6,0.008373,0.150435,0.102828,0.050861,0.028058,0.318379,0.341066
3064_154_1996_2114,5,6,0.008816,0.090891,0.051554,0.053083,0.072766,0.066319,0.65657
3064_153_1546_1682,5,3,0.020447,0.040885,0.0135,0.640815,0.010777,0.183332,0.090244
3064_154_1711_1811,6,5,0.007989,0.03353,0.033236,0.060743,0.008227,0.634015,0.222261
3064_153_1338_1470,6,4,0.025426,0.311394,0.057952,0.02974,0.430584,0.03964,0.105264
3064_153_819_954,6,4,0.021005,0.161582,0.083369,0.122511,0.497603,0.079071,0.034859
3064_154_538_638,3,6,0.006995,0.222382,0.243919,0.025567,0.108989,0.114998,0.277148
3064_154_1124_1170,6,6,0.00578,0.034147,0.03584,0.017657,0.0095,0.084019,0.813058
3064_153_1041_1107,6,6,0.019896,0.282348,0.06678,0.081044,0.156492,0.01775,0.375689
3064_154_330_425,6,6,0.010609,0.215718,0.094812,0.024208,0.069636,0.018186,0.566831
3064_153_442_526,6,6,0.011458,0.047827,0.035277,0.398098,0.014802,0.014317,0.47822
3064_153_31_90,6,5,0.023342,0.064805,0.083237,0.060658,0.013367,0.452467,0.302124
3064_154_1487_1536,6,6,0.008647,0.136883,0.124487,0.078329,0.069419,0.041117,0.541119
3064_153_1190_1285,6,6,0.0116,0.059354,0.196704,0.035852,0.062974,0.285341,0.348176
3064_153_1825_1970,6,3,0.013175,0.09846,0.028459,0.330235,0.019258,0.309955,0.200457
3064_153_652_728,6,3,0.012742,0.046937,0.012104,0.839237,0.016025,0.035104,0.03785
3064_154_740_811,4,6,0.008678,0.018585,0.124493,0.088284,0.033884,0.051422,0.674654
3064_154_961_1033,4,6,0.012471,0.077393,0.034117,0.240617,0.00769,0.255866,0.371846
3064_153_272_330,6,6,0.008346,0.045492,0.080261,0.14086,0.015227,0.237754,0.472061
3070_153_31_162,6,3,0.011065,0.036354,0.024233,0.632997,0.018971,0.154712,0.121668
3070_153_1241_1446,6,6,0.018779,0.129477,0.034892,0.085973,0.056932,0.115449,0.558498
3070_153_1878_2145,3,6,0.02052,0.062033,0.068436,0.368431,0.049715,0.038725,0.39214
3070_154_1459_1730,5,6,0.011444,0.219593,0.224352,0.033318,0.118641,0.028954,0.363698
3070_153_1748_1805,5,5,0.021481,0.159614,0.133072,0.044567,0.151584,0.292262,0.197421
3070_154_923_968,6,6,0.012831,0.195284,0.139584,0.027765,0.135029,0.060811,0.428696
3070_154_182_223,3,1,0.020443,0.266344,0.14728,0.130705,0.116225,0.055141,0.263862
3070_154_459_643,5,3,0.00945,0.206312,0.090859,0.319545,0.0615,0.05864,0.253694
3070_153_1048_1159,6,5,0.005476,0.063299,0.03313,0.020716,0.018199,0.667333,0.191847
3070_153_259_448,6,5,0.043019,0.134909,0.012967,0.194872,0.023557,0.531343,0.059333
3070_153_643_892,6,4,0.031992,0.219258,0.093745,0.14109,0.247584,0.08362,0.182711
3070_154_1828_1849,6,6,0.007652,0.049575,0.054146,0.074005,0.054871,0.0098,0.749951
3070_154_1196_1216,6,4,0.011354,0.154808,0.277569,0.01219,0.286802,0.012512,0.244765
3070_154_2145_2213,6,6,0.013782,0.077842,0.078835,0.175763,0.128405,0.010887,0.514486
3074_154_1293_1357,1,6,0.003354,0.040722,0.200434,0.026377,0.029587,0.094441,0.605084
3074_153_1111_1270,4,6,0.013958,0.067734,0.103583,0.332438,0.023609,0.06406,0.394618
3074_154_1632_1766,1,1,0.017975,0.342087,0.147902,0.164893,0.093613,0.044541,0.188988
3074_154_184_305,3,6,0.007215,0.052908,0.067397,0.202266,0.024018,0.192749,0.453448
3074_153_1784_1852,4,3,0.007901,0.018028,0.013174,0.791783,0.011392,0.0106,0.147123
3074_153_1385_1551,3,3,0.006525,0.019957,0.012007,0.665928,0.015402,0.083905,0.196276
3074_153_701_953,3,3,0.007163,0.020588,0.031144,0.500948,0.005195,0.071301,0.36366
3074_154_444_626,3,6,0.010859,0.14777,0.081131,0.152963,0.029992,0.054593,0.522691
3074_154_1010_1083,3,6,0.007329,0.037672,0.032054,0.057042,0.004184,0.337811,0.523908
3074_153_348_406,3,3,0.011884,0.040472,0.03182,0.515479,0.012617,0.122373,0.265354
3071_153_31_209,3,3,0.047244,0.073706,0.022272,0.504094,0.062005,0.085784,0.204895
3071_153_1043_1308,1,0,0.438573,0.392998,0.025455,0.038166,0.05288,0.026835,0.025093
3071_153_1573_1707,3,3,0.00783,0.025586,0.023032,0.852464,0.013375,0.020408,0.057305
3071_154_209_389,3,3,0.024118,0.326989,0.025785,0.354166,0.035381,0.044495,0.189066
3071_153_897_975,1,1,0.159231,0.684071,0.035959,0.022912,0.035446,0.021871,0.04051
3071_154_1326_1397,3,6,0.00958,0.019103,0.012312,0.445742,0.010593,0.022525,0.480145
3071_154_499_637,1,6,0.018271,0.071354,0.024665,0.338068,0.042734,0.012963,0.491946
3071_153_409_478,3,3,0.006842,0.008307,0.020301,0.724805,0.016648,0.026943,0.196154
3071_154_1473_1573,3,6,0.006656,0.073147,0.06872,0.049215,0.037774,0.036856,0.727631
3071_154_725_881,0,0,0.503,0.328112,0.019903,0.03639,0.031902,0.025552,0.055139
3071_153_651_709,1,1,0.054282,0.854909,0.015867,0.011596,0.029976,0.011921,0.021448
3071_153_1419_1438,3,3,0.011583,0.012949,0.007858,0.912289,0.005843,0.008853,0.040626
3071_154_982_1009,3,3,0.023253,0.061764,0.019325,0.664526,0.021853,0.004708,0.204572
3071_154_1707_1746,3,6,0.057504,0.302757,0.027151,0.214539,0.078695,0.008433,0.310922
3067_153_110_140,6,5,0.013821,0.09343,0.030735,0.039605,0.018783,0.739092,0.064535
3067_154_1268_1376,4,1,0.049363,0.712401,0.063761,0.040727,0.083373,0.021353,0.029022
3067_153_1173_1255,4,3,0.060153,0.193632,0.064154,0.499125,0.085009,0.066573,0.031354
3067_153_194_255,3,5,0.014083,0.177746,0.053229,0.113405,0.073287,0.550402,0.017847
3067_153_1396_1528,6,3,0.017065,0.174716,0.073148,0.342136,0.206921,0.025294,0.160719
3067_153_867_944,3,3,0.006654,0.013459,0.016703,0.873379,0.005049,0.077501,0.007255
3067_154_581_683,3,3,0.008682,0.029916,0.010435,0.806493,0.012217,0.10524,0.027016
3067_154_152_184,6,3,0.008132,0.030348,0.035948,0.379148,0.011681,0.299164,0.23558
3067_154_1088_1132,4,1,0.100647,0.403334,0.055547,0.173466,0.133597,0.015074,0.118335
3067_154_255_340,3,3,0.008734,0.011764,0.010662,0.910106,0.008224,0.043198,0.007313
3067_153_1008_1056,3,3,0.005434,0.026691,0.018054,0.877492,0.041103,0.023891,0.007336
3067_154_31_88,3,5,0.00379,0.023158,0.019774,0.227892,0.01083,0.653601,0.060954
3067_154_436_453,3,3,0.024583,0.148454,0.084248,0.446548,0.118045,0.081374,0.096748
3067_154_823_854,5,3,0.024838,0.034927,0.020837,0.75955,0.013283,0.099584,0.046981
3067_153_703_781,3,3,0.008376,0.018609,0.037193,0.842381,0.038137,0.041768,0.013536
3067_153_384_425,4,2,0.01334,0.172307,0.348376,0.042186,0.117048,0.247912,0.058832
3067_154_1557_1606,4,4,0.033604,0.227507,0.11766,0.028615,0.552519,0.014859,0.025238
3067_153_479_581,3,3,0.005023,0.008401,0.01481,0.815146,0.006652,0.145393,0.004576
3067_154_962_991,3,3,0.006771,0.008149,0.008696,0.945211,0.004918,0.018901,0.007353
3077_153_1173_1346,4,1,0.18471,0.384741,0.070616,0.016566,0.296844,0.027528,0.018996
3077_153_214_344,0,0,0.398219,0.383343,0.026268,0.050206,0.059415,0.039374,0.043175
3077_153_1723_1950,4,4,0.038385,0.251468,0.205938,0.03352,0.37619,0.047223,0.047277
3077_154_1460_1644,4,4,0.011383,0.118581,0.266783,0.03701,0.440777,0.033299,0.092166
3077_154_31_122,1,1,0.093394,0.376702,0.078496,0.013438,0.096638,0.201274,0.140058
3077_154_920_1043,4,1,0.082519,0.54147,0.155181,0.014609,0.109967,0.014667,0.081587
3077_154_370_628,1,1,0.080989,0.415215,0.075976,0.034712,0.211548,0.031025,0.150536
3077_153_2066_2173,6,6,0.02731,0.130452,0.051072,0.33828,0.07199,0.02777,0.353126
3077_153_681_911,4,0,0.418938,0.246939,0.014992,0.02715,0.024553,0.2524,0.015027
3077_154_2002_2040,6,6,0.032399,0.06952,0.058849,0.036456,0.043028,0.25056,0.509188
3076_153_1436_1493,0,1,0.116763,0.379705,0.069672,0.029639,0.347633,0.031242,0.025345
3076_154_853_969,1,1,0.226838,0.481,0.044712,0.016016,0.099572,0.033941,0.097921
3076_153_167_254,2,1,0.04213,0.437026,0.076761,0.09104,0.195213,0.047419,0.110412
3076_154_568_625,0,0,0.419593,0.315724,0.021359,0.045364,0.013682,0.114728,0.06955
3076_153_1082_1139,0,5,0.017818,0.07623,0.022308,0.106975,0.0492,0.665133,0.062335
3076_153_470_502,0,1,0.290135,0.376501,0.026392,0.087503,0.043893,0.069464,0.106111
3076_154_31_115,4,4,0.005205,0.203874,0.195911,0.008669,0.31033,0.030262,0.245749
3076_154_1186_1285,6,1,0.269951,0.460271,0.091426,0.013115,0.11737,0.017616,0.030252
3076_153_659_827,0,1,0.244886,0.497992,0.074839,0.023357,0.031197,0.114064,0.013664
3076_154_335_369,1,6,0.062437,0.254919,0.115034,0.011631,0.066709,0.072057,0.417213
3075_154_1157_1187,6,5,0.033582,0.133555,0.093024,0.121667,0.006159,0.450154,0.161859
3075_154_1606_1689,0,1,0.030047,0.421829,0.09622,0.031851,0.043908,0.018852,0.357293
3075_153_1767_1929,4,6,0.013276,0.151195,0.209957,0.045475,0.109388,0.173856,0.296852
3075_154_1298_1496,6,1,0.046416,0.340243,0.1621,0.021676,0.096047,0.027543,0.305974
3075_153_782_949,0,1,0.070044,0.571736,0.162301,0.030338,0.059724,0.070169,0.035689
3075_153_138_239,6,4,0.02891,0.229443,0.152654,0.030233,0.461151,0.033655,0.063953
3075_153_479_657,6,1,0.031795,0.47412,0.160442,0.024927,0.236318,0.039562,0.032837
3075_154_31_69,6,6,0.007936,0.044564,0.051302,0.036198,0.03191,0.032406,0.795684
3075_153_1242_1266,6,6,0.019441,0.104623,0.096285,0.061747,0.10782,0.038727,0.571356
3075_154_681_745,1,1,0.045849,0.422671,0.114629,0.053227,0.033247,0.039665,0.290712
3075_154_362_407,6,6,0.009283,0.1157,0.259961,0.031474,0.122109,0.109877,0.351597
3075_153_1571_1606,4,6,0.011674,0.0664,0.101006,0.140937,0.027802,0.049585,0.602597
3075_154_1940_1991,6,1,0.034168,0.667068,0.054625,0.060238,0.048327,0.011484,0.124089
3079_154_1183_1451,5,3,0.060561,0.022192,0.020018,0.756345,0.047692,0.066889,0.026303
3079_154_850_989,5,3,0.034654,0.103509,0.022826,0.417558,0.034019,0.281881,0.105553
3079_154_141_240,5,6,0.009144,0.035181,0.042602,0.055756,0.027676,0.169098,0.660543
3079_153_467_745,3,3,0.010961,0.010364,0.016809,0.856966,0.029165,0.027955,0.047779
3079_153_1005_1183,3,3,0.04804,0.062435,0.042522,0.638666,0.037574,0.123468,0.047296
3079_154_31_82,6,5,0.005977,0.026462,0.022146,0.038262,0.00573,0.763384,0.138039
3079_153_1476_1588,3,3,0.024277,0.082835,0.042106,0.710547,0.054605,0.009732,0.075896
3079_154_347_431,5,1,0.251747,0.257565,0.036984,0.153232,0.042087,0.068334,0.190051
3079_154_1588_1618,3,3,0.114175,0.062856,0.01713,0.665956,0.016314,0.036764,0.086804
3079_154_762_789,3,3,0.00913,0.023767,0.023113,0.489695,0.012452,0.192772,0.24907
3079_153_268_332,3,3,0.017545,0.008083,0.011828,0.551164,0.01703,0.010262,0.384086
3078_153_69_149,5,3,0.011496,0.010569,0.033,0.527647,0.00602,0.345117,0.06615
3078_153_1218_1311,5,5,0.006061,0.013321,0.014403,0.119306,0.010982,0.80796,0.027967
3078_154_1148_1194,6,6,0.016942,0.054354,0.021119,0.138991,0.023183,0.034043,0.711369
3078_154_707_967,5,3,0.017105,0.032781,0.013662,0.553057,0.023627,0.289841,0.069927
3078_154_149_250,3,0,0.507851,0.069838,0.029562,0.178397,0.014926,0.170481,0.028944
3078_154_1326_1400,3,0,0.340588,0.09018,0.05569,0.109651,0.021298,0.320524,0.062069
3078_154_443_627,5,5,0.108178,0.066174,0.015624,0.065605,0.010354,0.728827,0.005237
3078_153_1015_1133,5,3,0.011525,0.022801,0.019823,0.455489,0.011003,0.35873,0.120629
3078_153_272_423,3,3,0.01398,0.024535,0.033866,0.748454,0.08081,0.037779,0.060576
3078_154_31_69,5,5,0.021399,0.034936,0.027971,0.047653,0.009814,0.805688,0.052539
3078_153_652_707,3,6,0.026169,0.0995,0.050794,0.151037,0.081209,0.02034,0.570951
3078_153_1424_1452,3,3,0.058165,0.1664,0.048797,0.455847,0.044669,0.086123,0.139999
3080_153_116_211,1,3,0.010774,0.026225,0.019883,0.599468,0.025874,0.027574,0.290202
3080_154_1212_1349,3,3,0.008773,0.015559,0.010417,0.871852,0.005182,0.028615,0.059602
3080_153_1979_2057,6,3,0.024611,0.091381,0.221741,0.274578,0.180023,0.048945,0.158721
3080_153_1593_1768,1,3,0.010868,0.05826,0.062056,0.540334,0.066619,0.22345,0.038413
3080_154_213_310,5,6,0.019293,0.097443,0.052431,0.124165,0.02904,0.201695,0.475933
3080_154_1789_1954,5,3,0.008063,0.035115,0.028431,0.587941,0.024366,0.186401,0.129683
3080_154_1401_1564,6,3,0.009081,0.033727,0.054977,0.437936,0.017654,0.106319,0.340305
3080_153_2181_2238,6,3,0.008276,0.013683,0.019545,0.797081,0.020431,0.085163,0.055821
3080_153_789_948,6,3,0.00756,0.035661,0.005753,0.854522,0.018829,0.017594,0.060082
3080_153_519_685,1,1,0.040885,0.427267,0.051614,0.108104,0.226488,0.077394,0.068248
3080_154_2057_2153,5,3,0.011226,0.086135,0.188498,0.308956,0.060622,0.077756,0.266807
3080_154_31_96,6,6,0.005171,0.011408,0.021781,0.177085,0.006174,0.012505,0.765876
3080_154_436_455,5,5,0.027562,0.088306,0.02538,0.023114,0.011176,0.685927,0.138535
3080_154_696_747,3,3,0.0258,0.236502,0.016079,0.38238,0.011112,0.131582,0.196545
3080_153_351_423,6,3,0.006209,0.024493,0.01398,0.732403,0.012372,0.010134,0.200409
3080_154_959_991,6,5,0.0091,0.017641,0.020017,0.28205,0.003947,0.378011,0.289234
3322_167_2476_2596,4,4,0.025812,0.137143,0.192093,0.040315,0.531005,0.010606,0.063025
3322_168_86_146,3,5,0.012045,0.029101,0.038357,0.076425,0.012648,0.545107,0.286316
3322_167_901_1329,3,4,0.037387,0.224358,0.062062,0.122624,0.392621,0.036291,0.124657
3322_167_1903_2298,3,4,0.048886,0.222516,0.193998,0.115219,0.302391,0.020429,0.09656
3322_167_1539_1809,5,3,0.041947,0.109454,0.025153,0.467537,0.14125,0.052532,0.162126
3322_167_171_261,5,6,0.041822,0.040525,0.05512,0.019125,0.197544,0.031656,0.614209
3322_168_1420_1461,3,4,0.008308,0.064926,0.096852,0.069181,0.362831,0.15438,0.243521
3322_168_581_685,3,6,0.012902,0.219824,0.120696,0.042347,0.240481,0.039068,0.324682
3322_168_2330_2436,5,4,0.009212,0.058633,0.079044,0.188663,0.527977,0.028288,0.108183
3322_168_312_396,5,6,0.017668,0.112775,0.130386,0.116661,0.221692,0.080427,0.320391
3322_167_426_531,3,5,0.019652,0.042566,0.01832,0.190815,0.011123,0.620315,0.097209
3322_168_821_866,3,5,0.018395,0.082692,0.083985,0.014396,0.048906,0.509435,0.242192
3322_167_716_769,5,6,0.038707,0.01342,0.10581,0.082608,0.10941,0.297134,0.352912
3322_168_1866_1875,5,5,0.010489,0.020828,0.024869,0.208932,0.013193,0.538425,0.183264
3322_167_31_46,5,5,0.011136,0.026489,0.043582,0.073198,0.011419,0.458249,0.375927
3328_167_1128_1561,3,3,0.063646,0.119807,0.032279,0.581493,0.133627,0.022326,0.046822
3328_167_1867_2070,3,3,0.135674,0.215518,0.066584,0.346886,0.020913,0.103651,0.110774
3328_168_1600_1849,3,1,0.064768,0.275407,0.072182,0.205757,0.187015,0.015648,0.179223
3328_167_2157_2243,3,1,0.052826,0.596999,0.034928,0.052633,0.099494,0.014618,0.148501
3328_168_936_1114,3,3,0.011411,0.01525,0.024972,0.561444,0.311605,0.037785,0.037533
3328_168_151_245,5,4,0.049815,0.295201,0.043823,0.02753,0.459765,0.029685,0.094181
3328_168_2276_2395,3,3,0.010503,0.034037,0.024784,0.786554,0.024951,0.009639,0.109532
3328_167_316_596,3,3,0.030661,0.041287,0.027708,0.722475,0.066601,0.021921,0.089348
3328_168_635_773,4,3,0.021983,0.086467,0.054293,0.571472,0.101538,0.040555,0.123693
3328_167_790_907,3,3,0.036764,0.058606,0.036614,0.472077,0.039026,0.028633,0.328279
3328_167_2395_2425,3,3,0.036937,0.01157,0.040386,0.61386,0.008974,0.278551,0.009722
3328_168_2100_2118,5,6,0.015246,0.054449,0.025994,0.208851,0.026971,0.010286,0.658203
3328_167_31_49,3,0,0.356611,0.021442,0.033598,0.223911,0.018438,0.315959,0.03004
3323_168_1219_1464,1,1,0.037403,0.309657,0.046776,0.127607,0.114968,0.172118,0.19147
3323_168_144_276,5,5,0.01255,0.054393,0.024134,0.229486,0.030105,0.610619,0.038713
3323_167_1704_1877,4,1,0.102976,0.427555,0.033164,0.09433,0.256834,0.02457,0.060571
3323_168_724_955,0,1,0.272477,0.565634,0.016414,0.014974,0.089383,0.02,0.021118
3323_168_2224_2399,3,3,0.018942,0.117969,0.052174,0.350343,0.232025,0.026027,0.202519
3323_168_379_614,3,1,0.056749,0.358619,0.05938,0.061241,0.356659,0.034776,0.072577
3323_167_1027_1149,4,4,0.02123,0.155034,0.090989,0.200502,0.276818,0.100911,0.154517
3323_167_2053_2109,1,1,0.133142,0.568614,0.091,0.046637,0.045529,0.058969,0.056109
3323_167_287_346,3,3,0.016249,0.065686,0.043178,0.38086,0.041058,0.12396,0.329009
3323_167_31_97,3,3,0.011099,0.021199,0.103047,0.457863,0.034151,0.099964,0.272677
3323_167_1504_1542,3,6,0.065422,0.184345,0.087981,0.22286,0.03346,0.168573,0.237359
3323_168_2492_2566,3,1,0.059687,0.444682,0.019666,0.166509,0.092138,0.027899,0.189419
3323_167_2407_2473,3,6,0.01566,0.030969,0.030424,0.304111,0.025283,0.215853,0.3777
3323_167_652_678,4,6,0.010294,0.106815,0.101412,0.260041,0.072998,0.093634,0.354807
3323_168_2114_2140,0,6,0.079043,0.16659,0.042075,0.239725,0.105463,0.020164,0.34694
3323_168_1914_1984,1,4,0.028452,0.192179,0.190468,0.0335,0.387664,0.027204,0.140534
3323_168_1556_1602,0,0,0.502592,0.434944,0.010319,0.015772,0.009157,0.015149,0.012067
3323_167_2156_2169,4,6,0.036219,0.056724,0.053841,0.338176,0.045845,0.084271,0.384924
3326_168_115_128,0,6,0.049159,0.202033,0.109097,0.040174,0.035712,0.14215,0.421674
3326_168_1096_1326,0,1,0.049613,0.362561,0.224223,0.015989,0.30454,0.021645,0.021429
3326_168_1933_2178,0,1,0.122513,0.564532,0.014484,0.089821,0.034129,0.151217,0.023303
3326_167_1790_1920,1,1,0.118968,0.493681,0.043534,0.046707,0.031223,0.236179,0.029707
3326_167_1346_1674,1,0,0.432045,0.421686,0.052969,0.013399,0.050748,0.014879,0.014274
3326_167_917_1079,0,1,0.231559,0.563142,0.044952,0.015179,0.08954,0.029621,0.026007
3326_167_133_225,1,1,0.035946,0.389161,0.105823,0.231748,0.029271,0.048094,0.159957
3326_167_570_720,1,1,0.031707,0.658689,0.11092,0.014463,0.084664,0.054593,0.044964
3326_168_1693_1781,0,1,0.158805,0.615482,0.022575,0.035981,0.060588,0.061592,0.044976
3326_167_278_374,0,0,0.516698,0.071341,0.018033,0.045394,0.00828,0.330179,0.010074
3326_168_415_523,0,2,0.004643,0.040093,0.654851,0.033063,0.203287,0.008971,0.055091
3326_168_753_894,1,4,0.014824,0.195556,0.2074,0.013313,0.519917,0.00906,0.039929
3326_167_60_110,3,2,0.010272,0.137967,0.278677,0.171693,0.081675,0.103368,0.216348
3326_168_230_250,1,6,0.063661,0.213086,0.069061,0.125959,0.039455,0.073018,0.415761
3326_168_31_50,0,1,0.106803,0.372032,0.077174,0.049094,0.039809,0.134635,0.220453
3327_167_31_139,5,6,0.030896,0.257071,0.151933,0.020167,0.153639,0.104458,0.281835
3327_168_1271_1444,1,1,0.050131,0.329791,0.054665,0.190346,0.073757,0.017232,0.284077
3327_167_1085_1203,4,2,0.00588,0.121509,0.37256,0.009866,0.36374,0.091003,0.035442
3327_168_1633_1683,5,6,0.022315,0.119614,0.081436,0.117434,0.0312,0.312335,0.315666
3327_168_161_279,1,5,0.013882,0.108595,0.053523,0.024927,0.040335,0.68246,0.076279
3327_167_1707_1813,5,5,0.006047,0.114042,0.058946,0.021336,0.047785,0.604825,0.147019
3327_167_926_959,4,1,0.078708,0.307634,0.069774,0.059117,0.10918,0.070966,0.304621
3327_167_493_719,0,4,0.02981,0.359486,0.09237,0.034263,0.409438,0.027875,0.046759
3327_168_2048_2070,1,1,0.044072,0.407104,0.049207,0.057497,0.297632,0.020944,0.123545
3327_168_981_1041,1,6,0.012923,0.057487,0.151676,0.060824,0.09645,0.234395,0.386246
3327_167_1471_1535,5,6,0.026459,0.215026,0.126145,0.085805,0.162266,0.125946,0.258354
3327_168_779_858,1,1,0.269834,0.603821,0.017078,0.017218,0.062136,0.016742,0.013171
3327_168_1826_1912,1,3,0.010268,0.04055,0.016745,0.661562,0.0311,0.035907,0.203867
3327_167_336_402,1,6,0.007595,0.245263,0.124769,0.043641,0.084995,0.124991,0.368746
3327_167_1938_2033,3,6,0.016129,0.152683,0.082013,0.053622,0.221479,0.031752,0.442322
3327_168_425_431,1,5,0.036848,0.215891,0.075914,0.025915,0.05303,0.441899,0.150504
3321_168_2356_2506,0,1,0.102133,0.516328,0.032827,0.084933,0.050315,0.072604,0.140859
3321_167_1276_1508,3,3,0.010561,0.007815,0.017144,0.888874,0.031578,0.01105,0.032978
3321_168_1156_1236,6,4,0.032372,0.268516,0.062876,0.089779,0.391566,0.015828,0.139064
3321_167_219_281,2,4,0.010462,0.081504,0.10583,0.014199,0.687067,0.024784,0.076154
3321_167_2876_2984,3,3,0.012282,0.017685,0.009932,0.776914,0.055154,0.024683,0.10335
3321_168_2656_2861,6,4,0.054129,0.266832,0.09186,0.078308,0.283404,0.029028,0.196441
3321_167_873_931,4,4,0.03423,0.280072,0.047561,0.043987,0.439905,0.021137,0.133108
3321_168_178_189,6,1,0.073967,0.274542,0.076648,0.037619,0.124739,0.186018,0.226467
3321_167_1056_1132,5,5,0.129339,0.289764,0.124069,0.039615,0.047224,0.349337,0.020652
3321_168_1746_1928,1,4,0.029439,0.196935,0.032042,0.060213,0.647246,0.012989,0.021136
3321_168_619_682,5,5,0.027931,0.04461,0.011518,0.022091,0.009828,0.852224,0.031798
3321_167_2136_2316,2,4,0.015154,0.125378,0.22457,0.042104,0.522764,0.017606,0.052424
3321_167_31_121,2,4,0.015343,0.084081,0.204134,0.056385,0.333111,0.115874,0.19107
3321_167_720_751,2,6,0.020774,0.142198,0.152803,0.075882,0.075599,0.133124,0.39962
3321_168_2041_2069,3,3,0.039674,0.316099,0.026045,0.448021,0.052656,0.025451,0.092054
3321_167_454_573,2,2,0.011603,0.09076,0.527447,0.058216,0.189971,0.027519,0.094484
3321_168_983_1006,1,5,0.075038,0.197917,0.034424,0.053908,0.008284,0.511489,0.11894
3321_167_2586_2596,3,6,0.022133,0.112209,0.103341,0.149761,0.116472,0.22655,0.269533
3321_168_319_371,6,1,0.046074,0.252312,0.157372,0.040678,0.106973,0.159507,0.237084
3321_167_1967_2009,6,5,0.026308,0.089758,0.038552,0.062063,0.011113,0.652433,0.119773
3321_168_786_840,0,4,0.036149,0.146513,0.047474,0.032857,0.679538,0.02002,0.03745
3321_167_1621_1653,6,6,0.026195,0.079245,0.184088,0.259799,0.033768,0.101496,0.315408
3321_168_1531_1565,6,6,0.027496,0.14199,0.078229,0.098611,0.032691,0.137246,0.483737
3330_167_31_143,0,5,0.085232,0.104824,0.038248,0.153043,0.038691,0.507399,0.072563
3330_167_1138_1305,1,0,0.523328,0.346105,0.027294,0.022635,0.022938,0.039914,0.017786
3330_168_2026_2117,1,1,0.081214,0.500306,0.074256,0.091636,0.106767,0.071507,0.074314
3330_167_1618_1724,0,0,0.584108,0.314887,0.03813,0.011541,0.026121,0.014743,0.010469
3330_167_229_347,0,0,0.545591,0.306776,0.033507,0.024127,0.026046,0.047898,0.016056
3330_168_1744_1907,1,3,0.078418,0.283674,0.032302,0.501081,0.037689,0.040394,0.026442
3330_168_1316_1466,0,0,0.816709,0.096963,0.019075,0.016029,0.007835,0.034603,0.008786
3330_167_689_986,1,5,0.103877,0.288961,0.037295,0.161301,0.043943,0.319172,0.045449
3330_168_163_218,6,5,0.04341,0.238972,0.086877,0.032611,0.046876,0.420767,0.130486
3330_168_590_668,1,1,0.08608,0.671652,0.015753,0.062553,0.063781,0.012367,0.087814
3330_168_1023_1124,0,1,0.333227,0.438844,0.065128,0.016316,0.04028,0.089385,0.01682
3330_167_468_573,4,5,0.017603,0.069209,0.027592,0.019296,0.028136,0.817964,0.0202
3330_168_363_456,1,1,0.121753,0.740033,0.019143,0.017921,0.046651,0.024932,0.029566
3330_168_1555_1595,0,1,0.226013,0.496036,0.040883,0.032809,0.05322,0.095587,0.055452
3330_167_1498_1535,1,1,0.201604,0.606193,0.02403,0.01829,0.019492,0.108288,0.022102
3330_167_1923_2004,1,3,0.044147,0.272401,0.029741,0.347167,0.069934,0.01828,0.21833
3324_167_31_146,2,0,0.339508,0.245317,0.091822,0.13142,0.015601,0.073877,0.102456
3324_168_1221_1368,3,4,0.033165,0.23656,0.033171,0.087926,0.555107,0.017455,0.036616
3324_167_1067_1199,1,0,0.827346,0.089805,0.035052,0.012394,0.011401,0.017036,0.006967
3324_168_1671_1710,1,1,0.091511,0.578361,0.051214,0.077528,0.051916,0.014154,0.135315
3324_167_221_257,4,5,0.014588,0.040807,0.047136,0.028424,0.014233,0.554943,0.299868
3324_168_877_955,1,1,0.117026,0.549369,0.041899,0.065445,0.121408,0.010231,0.094621
3324_167_431_607,1,3,0.089017,0.24878,0.039376,0.340024,0.052045,0.181959,0.048798
3324_168_181_200,1,5,0.058654,0.247271,0.068395,0.043631,0.039716,0.298125,0.244209
3324_167_325_375,4,1,0.076369,0.371117,0.052437,0.266507,0.008549,0.043486,0.181535
3324_168_625_731,1,1,0.19707,0.520414,0.043905,0.018249,0.157275,0.011751,0.051336
3324_168_1493_1536,3,1,0.243353,0.467668,0.025124,0.102803,0.112773,0.020597,0.027682
3324_168_383_419,1,1,0.085631,0.467143,0.041985,0.029781,0.296562,0.012047,0.066851
3324_167_1419_1438,1,0,0.322492,0.177042,0.078796,0.210691,0.027653,0.041501,0.141825
3324_167_738_782,2,0,0.51552,0.151143,0.053019,0.170254,0.010284,0.036534,0.063244
3324_167_1564_1611,3,3,0.005915,0.00335,0.003724,0.946095,0.00815,0.01066,0.022106
3324_167_963_995,1,0,0.663737,0.113123,0.036003,0.070285,0.011913,0.077328,0.027611
3324_168_1011_1031,1,3,0.09033,0.182161,0.03478,0.428766,0.059814,0.018819,0.18533
3324_167_1722_1730,3,5,0.03183,0.033888,0.02963,0.114369,0.015937,0.708754,0.065591
3324_168_278_316,1,1,0.166424,0.406481,0.090127,0.036099,0.144529,0.034592,0.121749
3333_168_2191_2602,3,3,0.013259,0.102733,0.039355,0.591329,0.156971,0.016046,0.080308
3333_167_1262_1351,1,1,0.034267,0.609933,0.027255,0.020559,0.250947,0.009484,0.047555
3333_168_1144_1241,1,1,0.039032,0.318696,0.031953,0.27718,0.064428,0.104169,0.164542
3333_167_241_581,4,4,0.064783,0.373614,0.083091,0.016822,0.410551,0.02019,0.03095
3333_167_1460_1735,0,1,0.060658,0.388011,0.061407,0.141702,0.189286,0.061527,0.097408
3333_167_761_1174,1,4,0.024664,0.269864,0.074683,0.009549,0.588104,0.012915,0.020222
3333_167_1819_2128,3,4,0.0099,0.031582,0.067164,0.356198,0.465586,0.040506,0.029064
3333_168_1747_1783,3,3,0.023069,0.015318,0.072256,0.739793,0.026383,0.094487,0.028693
3333_167_2621_2733,3,3,0.010322,0.007585,0.009679,0.91459,0.009724,0.01161,0.03649
3333_167_31_119,4,4,0.01288,0.080962,0.096506,0.070984,0.3893,0.018091,0.331278
3333_168_657_728,4,3,0.01833,0.166795,0.0428,0.374301,0.073896,0.024075,0.299803
3333_168_1371_1454,3,4,0.041939,0.196338,0.082728,0.068721,0.232087,0.21901,0.159177
3333_168_139_157,5,5,0.010471,0.043263,0.017564,0.009443,0.007238,0.880776,0.031245
3335_167_31_204,0,0,0.790553,0.053449,0.022885,0.023408,0.005803,0.096477,0.007425
3335_167_923_1394,1,1,0.311437,0.450112,0.057644,0.026206,0.034171,0.084475,0.035957
3335_167_1639_1754,1,1,0.037692,0.2661,0.114788,0.070017,0.098489,0.172767,0.240147
3335_168_1764_2000,1,1,0.158275,0.318686,0.2429,0.03885,0.156583,0.017906,0.066799
3335_168_1413_1625,6,4,0.039762,0.140617,0.231225,0.042883,0.492101,0.01198,0.041433
3335_167_565_737,0,0,0.484291,0.346044,0.053739,0.022488,0.037883,0.033067,0.022488
3335_167_276_466,0,0,0.565991,0.220941,0.076405,0.01962,0.02485,0.057454,0.03474
3335_168_787_914,6,4,0.019456,0.092313,0.111282,0.224813,0.365647,0.009587,0.176903
3335_168_504_551,1,6,0.007906,0.130679,0.205621,0.024469,0.046833,0.137084,0.447408
3335_167_2004_2036,0,0,0.786175,0.066453,0.016453,0.030509,0.003406,0.085271,0.011733
3335_168_214_224,5,5,0.019079,0.03955,0.015432,0.045766,0.013204,0.818533,0.048436
3332_167_2389_2517,3,3,0.014342,0.025883,0.048637,0.709065,0.074064,0.013742,0.114268
3332_168_1275_1404,6,6,0.045699,0.174243,0.075523,0.219908,0.073395,0.081306,0.329926
3332_168_1924_2072,3,6,0.01992,0.182,0.07061,0.160415,0.172662,0.039382,0.355011
3332_167_1669_1714,2,3,0.023553,0.140201,0.036675,0.423673,0.025077,0.219965,0.130856
3332_168_1730_1808,6,3,0.043977,0.162313,0.031736,0.469716,0.069317,0.026438,0.196503
3332_167_1457_1489,2,5,0.007511,0.046571,0.028251,0.041844,0.008292,0.638242,0.229289
3332_168_749_1000,4,4,0.035554,0.282073,0.054846,0.105765,0.435823,0.012125,0.073814
3332_168_150_252,4,3,0.009908,0.065347,0.015773,0.675029,0.160308,0.017438,0.056197
3332_168_2227_2372,3,4,0.016886,0.184177,0.084764,0.075148,0.464859,0.025825,0.14834
3332_168_369_637,4,1,0.036906,0.458334,0.044775,0.142024,0.179368,0.061422,0.077171
3332_167_1029_1182,3,3,0.022088,0.04981,0.031689,0.573367,0.075269,0.014313,0.233463
3332_167_270_355,3,6,0.015701,0.066175,0.076061,0.244478,0.07168,0.058575,0.46733
3332_167_31_104,3,4,0.013168,0.060885,0.091588,0.252731,0.274067,0.050614,0.256948
3332_168_1511_1650,6,3,0.01767,0.146298,0.021572,0.358716,0.040758,0.083131,0.331856
3332_167_1854_1898,2,5,0.017482,0.062725,0.027156,0.29853,0.022171,0.317745,0.25419
3332_167_655_738,4,3,0.022238,0.131493,0.035887,0.403639,0.046503,0.016638,0.343603
3332_167_2122_2207,3,6,0.031079,0.136321,0.098874,0.28847,0.063551,0.015398,0.366307
3334_168_31_147,1,1,0.135795,0.422953,0.083575,0.152995,0.069757,0.023872,0.111053
3334_168_1150_1395,1,3,0.026406,0.214976,0.058961,0.313144,0.139178,0.155979,0.091356
3334_168_2003_2136,3,3,0.028645,0.09232,0.038035,0.750481,0.033099,0.01959,0.03783
3334_168_1654_1914,3,3,0.117753,0.135922,0.057654,0.506554,0.023954,0.135528,0.022634
3334_168_232_258,1,3,0.050488,0.139498,0.029154,0.576527,0.052654,0.022053,0.129627
3334_167_1410_1644,5,5,0.217521,0.258447,0.030029,0.033412,0.026706,0.41279,0.021095
3334_167_2148_2251,1,0,0.708153,0.144297,0.05911,0.016623,0.008512,0.046845,0.01646
3334_167_880_1138,1,1,0.342884,0.407147,0.030585,0.048763,0.027038,0.108308,0.035275
3334_167_194_219,2,6,0.019273,0.103867,0.06684,0.079318,0.035812,0.226057,0.468833
3334_167_441_636,5,0,0.549716,0.266623,0.029536,0.026383,0.012623,0.104288,0.01083
3334_168_328_424,1,6,0.019639,0.075298,0.097334,0.140588,0.021164,0.209715,0.436263
3334_168_706_838,1,1,0.085379,0.419796,0.064229,0.094219,0.13742,0.071912,0.127045
3334_167_269_324,2,1,0.074084,0.328504,0.081068,0.090669,0.052575,0.2182,0.154899
3334_167_1924_1959,3,1,0.339122,0.357992,0.026352,0.054816,0.021039,0.154243,0.046436
3338_168_1250_1303,3,3,0.018354,0.033045,0.026041,0.802192,0.009566,0.047804,0.062999
3338_167_1147_1236,3,3,0.017,0.06274,0.019653,0.752163,0.012031,0.059432,0.076982
3338_168_196_266,0,5,0.179453,0.366589,0.032513,0.010937,0.014914,0.383933,0.011662
3338_168_771_932,0,1,0.16009,0.539959,0.053862,0.022886,0.020993,0.158075,0.044135
3338_167_1324_1364,1,1,0.100789,0.376738,0.058445,0.133052,0.043122,0.138033,0.149821
3338_167_564_666,3,3,0.01933,0.037075,0.028232,0.648836,0.013601,0.010824,0.242102
3338_167_321_361,3,3,0.009658,0.021453,0.017298,0.722708,0.010118,0.01552,0.203245
3338_167_954_1059,4,2,0.010108,0.183166,0.366856,0.031744,0.097198,0.105826,0.205102
3338_167_466_492,1,3,0.014713,0.037286,0.010069,0.654611,0.022716,0.017957,0.242648
3338_167_31_64,6,3,0.009539,0.020509,0.041758,0.564024,0.022707,0.02402,0.317443
3338_168_389_448,5,3,0.006263,0.012515,0.012311,0.784811,0.009991,0.158811,0.015298
3338_168_1105_1122,5,5,0.087207,0.231753,0.04864,0.022497,0.013388,0.498744,0.097772
3338_168_82_100,1,3,0.020094,0.051743,0.024421,0.489553,0.077682,0.034763,0.301745
3338_167_716_756,1,3,0.046509,0.091607,0.015734,0.500021,0.02821,0.029325,0.288594
3338_168_506_542,0,3,0.006305,0.007704,0.006606,0.916403,0.009408,0.016356,0.037219
3338_167_136_167,5,3,0.008589,0.009915,0.011162,0.767738,0.011099,0.166521,0.024976
3338_168_687_698,5,5,0.157711,0.239151,0.041275,0.052482,0.035709,0.329125,0.144546
3343_168_1250_1350,1,1,0.017075,0.479106,0.109281,0.106064,0.188519,0.026475,0.073479
3343_167_2017_2095,3,1,0.065909,0.283956,0.034689,0.260675,0.094923,0.009791,0.250057
3343_167_1670_1799,3,1,0.197795,0.481043,0.043345,0.056358,0.130174,0.041732,0.049552
3343_168_1817_1986,0,1,0.074822,0.27734,0.038299,0.218229,0.099051,0.110985,0.181273
3343_167_1380_1476,0,3,0.015036,0.046695,0.028641,0.44461,0.078428,0.126104,0.260485
3343_168_951_968,5,3,0.008774,0.032689,0.021368,0.561603,0.02682,0.115651,0.233095
3343_167_508_660,0,6,0.045671,0.132732,0.048751,0.164836,0.029712,0.196512,0.381787
3343_167_1012_1168,3,1,0.059297,0.28269,0.136094,0.086752,0.140719,0.245856,0.048592
3343_167_141_190,3,3,0.045837,0.125814,0.07264,0.348096,0.054946,0.042658,0.310008
3343_168_317_344,1,1,0.094709,0.535667,0.045197,0.022529,0.102781,0.106827,0.09229
3343_168_401_493,1,1,0.015466,0.559815,0.079578,0.032913,0.057507,0.179302,0.07542
3343_168_1523_1630,3,6,0.019835,0.090738,0.025167,0.273712,0.03093,0.033187,0.526431
3343_167_801_878,0,6,0.107401,0.238787,0.032871,0.22205,0.02897,0.049682,0.320239
3343_168_2119_2179,1,1,0.076171,0.612308,0.043093,0.030907,0.103891,0.028812,0.104819
3343_168_713_787,1,1,0.073739,0.551097,0.028845,0.039856,0.084494,0.081748,0.140219
3343_167_2193_2217,1,1,0.164275,0.328019,0.028065,0.095036,0.049197,0.018879,0.316529
3343_167_31_52,6,1,0.193014,0.260235,0.108175,0.087282,0.054665,0.106883,0.189746
3343_168_96_103,5,1,0.157493,0.30756,0.047392,0.033106,0.0323,0.305012,0.117138
3343_167_354_371,3,6,0.019063,0.061723,0.053915,0.103558,0.031908,0.037402,0.692431
3341_167_2031_2221,3,3,0.066375,0.129219,0.030293,0.372362,0.213888,0.05949,0.128373
3341_168_1162_1263,1,1,0.035985,0.654332,0.066376,0.027409,0.147415,0.017111,0.051371
3341_167_1647_1750,6,1,0.060733,0.251588,0.150226,0.027923,0.249184,0.071205,0.18914
3341_167_252_311,4,0,0.654931,0.186742,0.017487,0.042198,0.009174,0.061329,0.028138
3341_168_1786_1976,5,5,0.112356,0.210786,0.059247,0.004787,0.013393,0.594715,0.004717
3341_167_1366_1511,6,6,0.022153,0.128323,0.199249,0.031378,0.197388,0.195385,0.226123
3341_167_31_122,6,6,0.020034,0.05225,0.04462,0.258679,0.068828,0.025702,0.529887
3341_168_862_977,1,1,0.028214,0.563308,0.069217,0.029282,0.225238,0.040569,0.044172
3341_168_181_239,1,1,0.032866,0.444705,0.22557,0.015462,0.153312,0.043729,0.084356
3341_167_541_649,5,5,0.006349,0.058527,0.06037,0.024909,0.031513,0.748829,0.069504
3341_167_996_1098,3,6,0.055179,0.106459,0.018662,0.365931,0.039421,0.028744,0.385604
3341_168_341_518,0,2,0.020004,0.190808,0.557549,0.036894,0.124549,0.037431,0.032765
3341_167_2433_2457,6,1,0.232913,0.491511,0.021224,0.153431,0.022336,0.021204,0.057381
3341_167_772_846,3,1,0.133285,0.401937,0.031859,0.181127,0.121234,0.014138,0.11642
3341_168_674_740,1,1,0.058346,0.383929,0.150984,0.02827,0.120623,0.08981,0.168038
3341_168_1544_1622,6,5,0.016944,0.140051,0.103607,0.007136,0.067886,0.607399,0.056977
3341_168_2381_2421,1,2,0.006516,0.052394,0.657663,0.005977,0.177163,0.027838,0.072449
3344_167_31_136,3,6,0.01566,0.054906,0.057932,0.276354,0.038887,0.072305,0.483955
3344_167_2044_2095,1,3,0.016067,0.051606,0.021133,0.467281,0.162698,0.01019,0.271026
3344_167_1179_1205,1,1,0.102985,0.646484,0.03555,0.049433,0.065388,0.020065,0.080096
3344_168_1481_1724,0,6,0.029938,0.174624,0.03992,0.06068,0.180868,0.183569,0.330402
3344_167_1743_1823,1,4,0.029328,0.157534,0.122303,0.025591,0.299905,0.101945,0.263393
3344_167_1311_1470,1,1,0.288852,0.386212,0.032367,0.061991,0.131964,0.039459,0.059155
3344_168_912_950,1,1,0.048262,0.567212,0.028674,0.05634,0.260118,0.00994,0.029452
3344_168_171_240,1,6,0.010751,0.137162,0.073861,0.035125,0.151568,0.039507,0.552025
3344_168_590_797,1,4,0.062346,0.337699,0.114346,0.020716,0.349251,0.068047,0.047595
3344_168_1084_1158,1,3,0.016992,0.060356,0.043689,0.713705,0.081345,0.023779,0.060136
3344_167_267_334,2,4,0.042464,0.200017,0.228587,0.053414,0.335703,0.043597,0.096217
3344_167_989_1062,1,4,0.016323,0.153244,0.07714,0.022608,0.660313,0.020778,0.049593
3344_167_425_576,2,1,0.150884,0.483358,0.064971,0.013906,0.222057,0.033387,0.031438
3344_168_1229_1288,1,1,0.130761,0.606405,0.018689,0.076355,0.054663,0.019208,0.093919
3344_167_807_883,1,1,0.270225,0.552516,0.017188,0.080259,0.016086,0.042794,0.020932
3344_168_1885_1914,1,6,0.050183,0.194592,0.025037,0.112843,0.063298,0.05714,0.496907
3344_168_376_400,1,1,0.128378,0.583644,0.043073,0.032415,0.077978,0.065936,0.068576
3340_167_1241_1386,1,1,0.061352,0.494135,0.033631,0.019952,0.350296,0.021321,0.019313
3340_168_1124_1218,1,6,0.04255,0.219046,0.089529,0.134003,0.068403,0.052172,0.394297
3340_167_1533_1708,1,3,0.025578,0.091251,0.044701,0.46634,0.198097,0.053774,0.120259
3340_167_228_262,0,1,0.256655,0.524735,0.030597,0.010599,0.037123,0.114303,0.025988
3340_168_1726_1894,0,1,0.129952,0.527595,0.017632,0.060936,0.17611,0.027313,0.060462
3340_168_1401_1520,1,5,0.039352,0.255855,0.030747,0.02575,0.022318,0.448168,0.177811
3340_167_853_962,2,3,0.02709,0.19048,0.162582,0.271657,0.136277,0.107655,0.104259
3340_168_180_211,0,5,0.049623,0.128448,0.045965,0.086929,0.021335,0.352716,0.314985
3340_168_574_632,1,1,0.058414,0.339753,0.026547,0.155744,0.045923,0.33361,0.040009
3340_168_276_350,0,1,0.266303,0.386227,0.037178,0.056782,0.019512,0.158442,0.075556
3340_167_364_541,2,5,0.019158,0.116584,0.023999,0.014227,0.019082,0.789822,0.017129
3340_168_31_90,4,5,0.102278,0.218994,0.031712,0.055541,0.01412,0.476375,0.10098
3340_168_696_826,0,1,0.130415,0.419027,0.031694,0.084037,0.026633,0.267688,0.040505
3340_167_651_691,0,1,0.084882,0.384908,0.086327,0.120254,0.102599,0.073009,0.148022
3340_168_973_997,1,5,0.085835,0.255994,0.040362,0.189063,0.018727,0.335823,0.074196
3340_167_140_144,2,4,0.012824,0.249207,0.049175,0.01217,0.437409,0.02644,0.212776
3340_167_1929_2010,0,0,0.637348,0.305497,0.011032,0.020049,0.009951,0.00644,0.009683
3340_167_1042_1081,2,4,0.006985,0.103474,0.210298,0.02913,0.502475,0.008528,0.139109
3342_167_1296_1560,0,5,0.090079,0.212455,0.028139,0.183033,0.06403,0.369721,0.052544
3342_168_1033_1270,0,1,0.31614,0.482537,0.030575,0.064515,0.015668,0.048377,0.042188
3342_167_1670_1733,4,1,0.067667,0.537414,0.021145,0.072042,0.159767,0.014667,0.127297
3342_167_235_370,0,0,0.660554,0.237004,0.017905,0.021108,0.016272,0.033915,0.013242
3342_168_931_983,0,1,0.283118,0.560487,0.020234,0.019053,0.022156,0.045821,0.049129
3342_168_188_204,3,6,0.015304,0.081189,0.030426,0.280912,0.071826,0.06017,0.460173
3342_168_563_709,0,0,0.547575,0.315816,0.015159,0.055278,0.007824,0.045016,0.013332
3342_167_460_553,0,0,0.445419,0.395277,0.024422,0.014819,0.024066,0.068864,0.027133
3342_167_31_84,5,6,0.101184,0.250638,0.04972,0.098198,0.036649,0.192649,0.270961
3342_168_416_450,5,3,0.111555,0.252857,0.014545,0.321658,0.047982,0.014705,0.236699
3342_168_752_843,5,1,0.22228,0.548929,0.06323,0.01933,0.032668,0.068239,0.045325
3342_168_107_119,3,6,0.027508,0.116264,0.064129,0.094394,0.060435,0.181913,0.455358
3342_167_720_747,1,1,0.212103,0.569756,0.020976,0.021679,0.050037,0.036562,0.088887
3342_168_1600_1661,0,2,0.013181,0.123796,0.398896,0.045026,0.135044,0.018495,0.265563
3342_167_863_906,0,1,0.204769,0.314511,0.116364,0.023265,0.048895,0.191065,0.101131
3342_167_138_158,5,5,0.029925,0.116123,0.076265,0.019839,0.027528,0.599,0.131321
3342_167_999_1019,0,5,0.023612,0.033696,0.031962,0.031289,0.010802,0.767464,0.101175
3337_168_2271_2533,5,1,0.322347,0.491981,0.035574,0.022232,0.044263,0.046425,0.037177
3337_168_31_147,0,0,0.360578,0.316996,0.026153,0.013721,0.012938,0.254622,0.014992
3337_168_197_261,0,1,0.285314,0.464502,0.02117,0.112939,0.016233,0.064189,0.035654
3337_168_2630_2930,3,3,0.017465,0.095515,0.018953,0.716912,0.106421,0.020048,0.024686
3337_167_1450_1500,3,3,0.00666,0.007321,0.006686,0.863296,0.003611,0.109486,0.00294
3337_167_1556_2585,4,4,0.014066,0.165444,0.093392,0.079313,0.414552,0.013631,0.219603
3337_168_812_1018,1,1,0.080433,0.651429,0.040926,0.017695,0.055827,0.094903,0.058787
3337_168_1347_1424,0,1,0.139108,0.367881,0.045633,0.130473,0.158988,0.024841,0.133076
3337_168_1131_1147,5,6,0.051484,0.172643,0.033869,0.139031,0.071228,0.040083,0.491662
3337_167_160_188,5,6,0.037037,0.247966,0.123947,0.019798,0.203208,0.083916,0.284128
3337_167_1068_1120,3,6,0.010554,0.049774,0.061812,0.120973,0.023496,0.107394,0.625997
3337_168_1510_1751,3,3,0.060587,0.169673,0.037279,0.571012,0.043378,0.03862,0.07945
3337_167_572_608,5,4,0.00826,0.176354,0.156816,0.008781,0.330424,0.063395,0.25597
3337_167_1205_1285,3,1,0.09408,0.382489,0.04072,0.248033,0.076391,0.042794,0.115493
3337_167_2084_2137,4,1,0.116112,0.55671,0.057506,0.030065,0.168672,0.019461,0.051473
3337_168_1900_2054,4,3,0.039705,0.384528,0.042583,0.412579,0.060937,0.021116,0.038552
3337_168_656_722,1,1,0.058448,0.564614,0.027793,0.110322,0.195159,0.017533,0.026131
3337_167_1781_1887,4,6,0.007707,0.214286,0.101877,0.083807,0.060922,0.02318,0.508222
3337_167_346_457,4,2,0.010175,0.172251,0.425982,0.012338,0.317729,0.035098,0.026426
3337_168_477_498,1,5,0.014367,0.070884,0.020134,0.015801,0.009969,0.795342,0.073503
3337_168_1170_1180,6,1,0.03635,0.224067,0.160875,0.034237,0.137497,0.194798,0.212175
3337_167_766_803,3,1,0.051258,0.559721,0.03958,0.027504,0.115423,0.008533,0.197982
3346_167_31_150,6,2,0.015923,0.073826,0.368622,0.105384,0.220154,0.103145,0.112946
3346_167_1039_1279,3,6,0.014331,0.146721,0.15462,0.102838,0.08537,0.02112,0.475001
3346_168_189_323,6,4,0.032377,0.154651,0.247541,0.047734,0.273455,0.062702,0.18154
3346_167_1751_1832,3,3,0.008359,0.019906,0.014139,0.793296,0.026026,0.034004,0.104269
3346_168_479_619,5,6,0.010796,0.071296,0.041263,0.273974,0.044306,0.232051,0.326315
3346_167_336_461,2,6,0.01932,0.144577,0.086057,0.248084,0.18682,0.065118,0.250023
3346_168_1531_1599,1,1,0.062212,0.629508,0.024963,0.095488,0.128223,0.016914,0.042692
3346_167_1481_1508,3,6,0.066127,0.139521,0.06437,0.225925,0.035866,0.056962,0.41123
3346_167_808_920,3,6,0.016894,0.158379,0.083405,0.192327,0.186401,0.039267,0.323326
3346_168_1872_1927,6,6,0.011651,0.028555,0.034387,0.152971,0.021754,0.083141,0.66754
3346_167_641_694,6,6,0.014733,0.094568,0.042003,0.217687,0.052061,0.035026,0.543922
3346_167_1610_1678,3,6,0.016539,0.094118,0.089381,0.089189,0.084634,0.083214,0.542926
3346_168_1369_1458,3,3,0.021122,0.043986,0.017927,0.597222,0.033571,0.044768,0.241404
3346_168_1688_1696,5,5,0.021749,0.059667,0.025163,0.062622,0.019575,0.686289,0.124935
3346_168_727_785,1,5,0.030159,0.100422,0.048179,0.061722,0.019736,0.421857,0.317926
3346_168_963_1004,6,5,0.010891,0.045469,0.024271,0.065283,0.007975,0.492307,0.353804
3346_167_1942_1988,3,6,0.031643,0.051036,0.024,0.334539,0.013904,0.013922,0.530956
3345_167_73_152,3,3,0.009236,0.005241,0.011917,0.8318,0.012608,0.100383,0.028814
3345_168_1271_1412,4,4,0.007636,0.080295,0.052451,0.03398,0.73003,0.01095,0.084658
3345_168_2026_2162,6,4,0.013975,0.087909,0.159886,0.082419,0.446909,0.017239,0.191664
3345_168_1558_1909,1,4,0.024926,0.199217,0.049843,0.22861,0.286427,0.063076,0.147901
3345_168_197_256,3,1,0.184083,0.619849,0.016155,0.045144,0.030422,0.064022,0.040325
3345_167_1429_1534,4,4,0.020947,0.147793,0.122402,0.237641,0.277209,0.04406,0.149948
3345_167_2177_2222,3,3,0.00799,0.008692,0.008012,0.894207,0.021884,0.022396,0.036819
3345_167_891_936,4,5,0.008276,0.06946,0.115826,0.046836,0.051449,0.420685,0.28747
3345_167_548_616,3,6,0.024256,0.156657,0.0308,0.234032,0.091518,0.017956,0.44478
3345_168_1101_1153,4,1,0.078123,0.544861,0.023089,0.068357,0.116904,0.009588,0.159078
3345_167_275_338,3,3,0.00901,0.010643,0.016462,0.8337,0.038255,0.016554,0.075376
3345_168_370_526,6,3,0.027633,0.091727,0.031506,0.632201,0.056938,0.054944,0.105051
3345_167_1188_1238,5,3,0.044412,0.134738,0.022954,0.444052,0.220579,0.026096,0.10717
3345_168_650_748,6,6,0.00936,0.053525,0.063715,0.07529,0.056292,0.083713,0.658106
3345_167_778_822,4,4,0.020068,0.228856,0.093628,0.01912,0.367154,0.015824,0.25535
3345_168_959_1024,6,6,0.009166,0.140681,0.043619,0.097076,0.219132,0.02814,0.462187
3345_168_31_52,3,6,0.025903,0.094411,0.042601,0.14769,0.090581,0.018754,0.580059
3345_168_847_873,6,6,0.020657,0.137494,0.069508,0.023162,0.025367,0.360441,0.363371
3345_167_1931_1975,3,3,0.012626,0.058111,0.052478,0.43654,0.055172,0.098544,0.286528
3345_167_1048_1059,3,6,0.022478,0.17701,0.092618,0.103478,0.270176,0.007398,0.326842
3351_168_100_400,3,4,0.014766,0.067967,0.031153,0.03328,0.819199,0.019828,0.013807
3351_167_1107_1226,4,4,0.010459,0.049319,0.078429,0.062789,0.753373,0.01115,0.034481
3351_167_1754_1846,6,4,0.008671,0.091226,0.06452,0.177312,0.331146,0.009381,0.317743
3351_168_1341_1466,3,3,0.013156,0.061283,0.079823,0.363913,0.313043,0.018083,0.1507
3351_168_877_984,4,4,0.010499,0.095999,0.074296,0.021249,0.650695,0.060952,0.08631
3351_167_600_849,4,4,0.007603,0.053701,0.150344,0.020559,0.724369,0.010773,0.03265
3351_167_31_64,3,3,0.013068,0.013403,0.022992,0.711178,0.151994,0.02529,0.062075
3351_167_415_448,3,3,0.007868,0.007984,0.013541,0.830471,0.050528,0.014538,0.075071
3351_167_1542_1667,3,3,0.014,0.023589,0.027258,0.660283,0.110523,0.025903,0.138444
3351_168_500_580,6,4,0.016687,0.051302,0.136165,0.060261,0.271472,0.195234,0.268878
3351_168_1725_1735,3,6,0.025804,0.076927,0.043574,0.23554,0.047515,0.042109,0.528531
3350_168_31_151,1,6,0.020564,0.190487,0.058149,0.148236,0.163712,0.172003,0.246847
3350_168_1172_1308,1,4,0.03279,0.180365,0.040233,0.047787,0.663849,0.019098,0.015877
3350_167_1676_1755,3,6,0.014659,0.041954,0.025156,0.396118,0.078471,0.03758,0.406061
3350_167_165_328,2,4,0.014823,0.065473,0.197704,0.033031,0.642779,0.019411,0.02678
3350_168_1791_1907,4,3,0.0101,0.052833,0.04771,0.433054,0.164616,0.02125,0.270436
3350_168_1406_1495,5,5,0.027515,0.171485,0.045262,0.046677,0.065942,0.355766,0.287354
3350_167_895_1112,1,1,0.106523,0.47454,0.080351,0.054196,0.144591,0.084836,0.054962
3350_167_1332_1389,6,5,0.02108,0.09723,0.030584,0.117392,0.019033,0.503065,0.211617
3350_167_591_615,3,3,0.025998,0.065356,0.023771,0.431983,0.010023,0.127973,0.314895
3350_168_459_568,5,6,0.023948,0.107276,0.057508,0.250514,0.032134,0.186058,0.342562
3350_167_1507_1550,4,3,0.04,0.151897,0.025105,0.34702,0.041819,0.079334,0.314825
3350_168_655_876,5,5,0.034929,0.23119,0.028458,0.043156,0.026955,0.567643,0.067668
3350_168_1583_1637,3,3,0.018309,0.044731,0.046176,0.487883,0.243359,0.076558,0.082983
3350_168_348_375,1,5,0.039593,0.225685,0.096298,0.03994,0.024659,0.381538,0.192288
3350_167_400_430,3,3,0.011188,0.03029,0.012647,0.604656,0.022604,0.011918,0.306697
3348_168_122_217,5,1,0.049545,0.414126,0.028261,0.130843,0.294677,0.037345,0.045203
3348_168_1246_1353,5,1,0.025962,0.355959,0.027289,0.26382,0.253414,0.01918,0.054375
3348_168_2037_2147,1,1,0.106823,0.447244,0.016156,0.309093,0.017252,0.048353,0.05508
3348_168_1167_1185,5,5,0.018583,0.083657,0.054773,0.018812,0.018129,0.546382,0.259664
3348_168_1640_1795,1,6,0.034809,0.182904,0.033685,0.302023,0.121558,0.018428,0.306593
3348_167_244_284,5,5,0.015222,0.077489,0.02483,0.072099,0.036841,0.646779,0.126739
3348_167_1821_1841,3,5,0.012616,0.04396,0.039354,0.277439,0.0236,0.416762,0.186268
3348_167_1379_1577,4,4,0.020532,0.29715,0.172242,0.035451,0.329722,0.046256,0.098648
3348_167_2188_2255,1,1,0.099862,0.380259,0.027829,0.043283,0.042832,0.356437,0.049498
3348_168_811_1011,3,3,0.03356,0.243664,0.065002,0.337426,0.063897,0.031589,0.224861
3348_168_528_662,4,3,0.024495,0.161129,0.073648,0.396233,0.101681,0.029605,0.213209
3348_167_1017_1143,1,1,0.018458,0.427337,0.044866,0.05621,0.274578,0.040627,0.137924
3348_168_300_427,4,4,0.018253,0.136633,0.056432,0.107725,0.593807,0.038692,0.048457
3348_167_454_498,1,1,0.041466,0.729718,0.032532,0.01202,0.141552,0.014171,0.028541
3348_167_31_101,5,3,0.012035,0.012558,0.014308,0.662381,0.018989,0.098107,0.181623
3348_168_1857_1958,1,1,0.069053,0.517711,0.029161,0.123162,0.092193,0.125804,0.042916
3348_167_739_778,5,1,0.033422,0.512286,0.055347,0.028744,0.265326,0.029768,0.075108
3348_167_1217_1230,4,4,0.031254,0.241696,0.116493,0.032844,0.331911,0.067343,0.178458
3348_167_1992_2025,0,0,0.505883,0.360189,0.0226,0.01759,0.026038,0.041775,0.025925
3349_167_112_137,3,6,0.010674,0.090062,0.202869,0.127247,0.058159,0.132689,0.378301
3349_167_1190_1304,3,1,0.019848,0.271727,0.077041,0.113212,0.266408,0.015954,0.23581
3349_167_1922_2064,3,4,0.006674,0.068098,0.120061,0.005013,0.788192,0.003722,0.008241
3349_168_1656_1836,1,1,0.059202,0.455668,0.039628,0.075631,0.195675,0.028898,0.145299
3349_167_233_292,5,6,0.020302,0.175095,0.105737,0.081092,0.085903,0.136146,0.395724
3349_167_1438_1469,3,3,0.031244,0.224583,0.094753,0.237855,0.15714,0.062796,0.191628
3349_168_2133_2308,3,1,0.057892,0.553737,0.066091,0.023566,0.192942,0.056646,0.049126
3349_168_937_985,3,6,0.048571,0.275688,0.082045,0.029283,0.118335,0.110264,0.335814
3349_168_152_207,5,5,0.007471,0.044669,0.037428,0.027875,0.011213,0.670157,0.201187
3349_168_1338_1391,3,5,0.009101,0.022632,0.044212,0.234001,0.012515,0.599508,0.078031
3349_168_584_628,0,5,0.055677,0.138651,0.041245,0.216234,0.042609,0.325761,0.179823
3349_168_1102_1137,3,1,0.094024,0.594998,0.034922,0.045432,0.0516,0.049406,0.129618
3349_168_321_457,5,4,0.029986,0.273344,0.108642,0.023227,0.309804,0.074428,0.180568
3349_167_637_740,1,0,0.581929,0.277415,0.041271,0.017505,0.036159,0.019023,0.026698
3349_167_1010_1046,3,1,0.063309,0.386763,0.058087,0.067566,0.255634,0.026136,0.142505
3349_167_477_537,3,1,0.022167,0.246359,0.160252,0.094745,0.201755,0.043198,0.231524
3349_168_31_83,0,3,0.086472,0.171195,0.020869,0.564659,0.01404,0.10307,0.039696
3349_168_754_859,3,3,0.015935,0.072892,0.021012,0.810095,0.020388,0.027644,0.032033
3349_167_1551_1619,3,6,0.018289,0.073169,0.082108,0.198203,0.064664,0.184627,0.37894
3349_168_1512_1526,3,3,0.010764,0.025802,0.025556,0.883049,0.011136,0.024292,0.019401
3349_167_893_913,3,1,0.049151,0.333555,0.05795,0.126249,0.13882,0.032218,0.262057
3356_168_71_225,5,5,0.055622,0.078714,0.010281,0.036991,0.010548,0.794583,0.013261
3356_168_1216_1345,4,5,0.228661,0.156607,0.010717,0.009226,0.009826,0.578653,0.00631
3356_168_1540_1759,4,0,0.583173,0.312121,0.020582,0.010732,0.021465,0.041463,0.010465
3356_167_240_362,4,1,0.053784,0.423816,0.033335,0.078617,0.171616,0.034539,0.204293
3356_167_1407_1527,0,1,0.186353,0.563272,0.033518,0.015402,0.142373,0.013013,0.046069
3356_168_943_1154,0,0,0.519351,0.35124,0.019568,0.037622,0.021502,0.035044,0.015673
3356_168_589_615,1,6,0.019715,0.161388,0.072484,0.043808,0.038733,0.099501,0.564371
3356_167_1681_1794,4,4,0.023043,0.14295,0.169561,0.024101,0.523914,0.010779,0.105653
3356_167_629_751,2,4,0.023736,0.157474,0.091614,0.155353,0.399107,0.024804,0.147912
3356_168_373_538,1,1,0.428329,0.437354,0.012337,0.017998,0.021692,0.059203,0.023087
3356_167_31_61,2,1,0.040471,0.285406,0.079934,0.046992,0.229252,0.048917,0.269029
3356_168_769_824,1,5,0.024577,0.072072,0.019403,0.027988,0.008739,0.774974,0.072245
3356_167_1186_1201,0,4,0.023451,0.141455,0.283884,0.035174,0.310455,0.049118,0.156462
3356_167_859_910,2,2,0.006352,0.168211,0.329217,0.029676,0.131253,0.027705,0.307585
3356_167_551_575,4,6,0.035582,0.190789,0.027043,0.176794,0.167258,0.024373,0.378161
3358_167_1278_1471,1,0,0.605771,0.308565,0.021245,0.014455,0.021128,0.015138,0.013697
3358_167_1004_1189,0,1,0.300973,0.460749,0.02627,0.022827,0.026956,0.150487,0.011738
3358_168_860_973,1,6,0.009306,0.078808,0.283349,0.042084,0.087274,0.013172,0.486006
3358_168_140_187,5,5,0.006923,0.030676,0.048779,0.079394,0.016275,0.688404,0.12955
3358_168_303_388,5,2,0.005375,0.050691,0.552894,0.036015,0.19196,0.025736,0.137329
3358_168_612_746,1,2,0.005412,0.057615,0.559988,0.032509,0.199457,0.00803,0.136989
3358_167_402_577,1,6,0.022624,0.205802,0.221203,0.041428,0.137813,0.115772,0.255359
3358_167_31_60,6,6,0.115202,0.166117,0.03802,0.293476,0.032339,0.039737,0.315109
3358_168_1520_1675,1,2,0.007713,0.055591,0.524407,0.030184,0.224982,0.017365,0.139759
3358_167_788_823,1,0,0.367255,0.318676,0.050324,0.039898,0.034901,0.132719,0.056227
3358_167_1680_1720,0,0,0.321333,0.303245,0.041622,0.148424,0.018391,0.070345,0.09664
3358_168_1197_1223,2,6,0.037794,0.280469,0.107119,0.072446,0.071041,0.078164,0.352967
3358_167_207_244,6,6,0.015026,0.110036,0.078787,0.117921,0.052902,0.017943,0.607385
3357_167_1252_1501,4,2,0.007839,0.080183,0.562336,0.018599,0.249471,0.029208,0.052363
3357_168_1181_1240,1,1,0.102152,0.402762,0.075954,0.056773,0.028781,0.088602,0.244977
3357_168_1593_1720,5,5,0.024075,0.269871,0.09172,0.010499,0.02136,0.502484,0.079991
3357_167_233_321,4,4,0.012756,0.144625,0.097565,0.039269,0.564341,0.015773,0.125671
3357_167_1745_2038,4,4,0.005902,0.044788,0.313205,0.004517,0.608302,0.010686,0.0126
3357_168_2116_2300,1,4,0.011709,0.227857,0.228055,0.008831,0.493379,0.010926,0.019242
3357_168_140_222,1,6,0.00916,0.045667,0.057596,0.196932,0.042481,0.031091,0.617074
3357_168_541_919,6,1,0.032332,0.403893,0.130489,0.071655,0.178134,0.044449,0.139047
3357_167_1126_1161,2,4,0.025078,0.190985,0.142373,0.025366,0.475669,0.025811,0.114718
3357_167_2322_2389,4,3,0.010286,0.031356,0.106259,0.4115,0.124538,0.020329,0.295733
3357_168_990_1107,1,6,0.020936,0.137731,0.115836,0.035237,0.122618,0.057775,0.509868
3357_167_386_521,2,4,0.026374,0.136457,0.070565,0.142374,0.342926,0.013155,0.268149
3357_167_31_104,4,6,0.01024,0.070321,0.13172,0.175337,0.103659,0.027129,0.481593
3357_167_956_963,5,5,0.010652,0.024336,0.014051,0.029252,0.009261,0.871457,0.04099
3357_168_2391_2421,1,6,0.033447,0.248192,0.175451,0.037056,0.216575,0.037979,0.2513
3357_168_343_363,1,5,0.011439,0.048039,0.041709,0.019705,0.014923,0.723597,0.140587
3359_167_2045_2089,5,0,0.458396,0.038613,0.014767,0.038729,0.008936,0.423147,0.017413
3359_168_1026_1202,1,1,0.068443,0.378936,0.091556,0.087964,0.07011,0.035844,0.267146
3359_167_1802_1900,0,5,0.054846,0.173741,0.051822,0.219359,0.062643,0.225047,0.212543
3359_168_1317_1540,1,1,0.173763,0.520479,0.068008,0.026661,0.088699,0.05718,0.065209
3359_167_898_1012,0,1,0.076441,0.444466,0.097597,0.032278,0.286859,0.025907,0.036452
3359_167_134_220,0,0,0.84939,0.059061,0.019389,0.015577,0.002254,0.047309,0.00702
3359_167_556_697,0,1,0.099186,0.436127,0.038147,0.200707,0.046266,0.027574,0.151994
3359_168_1728_1786,1,6,0.06518,0.247083,0.111574,0.042698,0.147599,0.125236,0.26063
3359_168_473_490,5,5,0.018201,0.058687,0.077549,0.073323,0.012329,0.555904,0.204008
3359_167_336_444,0,2,0.028668,0.129694,0.37146,0.054583,0.304907,0.027518,0.083169
3359_167_1212_1288,0,0,0.557876,0.310662,0.01867,0.038264,0.017637,0.018555,0.038337
3359_168_709_882,5,2,0.006927,0.076933,0.360927,0.045921,0.162751,0.275026,0.071516
3359_168_2110_2190,0,6,0.039386,0.2134,0.043574,0.111524,0.085754,0.081565,0.424796
3359_167_1552_1665,0,0,0.574663,0.309332,0.015914,0.03381,0.016196,0.027383,0.022701
3359_168_1936_2035,1,1,0.074233,0.4018,0.186522,0.026499,0.214761,0.019139,0.077045
3359_168_278_291,5,5,0.009745,0.029444,0.02005,0.033863,0.009376,0.814234,0.083289
3359_167_31_41,0,6,0.059615,0.174599,0.038168,0.0673,0.060167,0.041085,0.559066
3355_168_1975_2095,3,3,0.013389,0.046855,0.034639,0.794295,0.033607,0.030166,0.047049
3355_167_1066_1292,4,1,0.23342,0.497113,0.057251,0.019899,0.118036,0.02967,0.044612
3355_168_1616_1691,1,6,0.02531,0.121577,0.117171,0.232365,0.104877,0.072713,0.325987
3355_168_196_281,1,1,0.290329,0.546353,0.018632,0.059941,0.008676,0.053486,0.022582
3355_167_1751_1951,5,5,0.009978,0.148638,0.102136,0.087308,0.083945,0.395718,0.172279
3355_167_1391_1565,3,3,0.062499,0.234794,0.023359,0.293844,0.186565,0.055408,0.14353
3355_167_876_936,4,0,0.43426,0.369889,0.052012,0.029743,0.059971,0.013013,0.041113
3355_168_1308_1373,1,0,0.45042,0.220068,0.012389,0.041016,0.011909,0.183769,0.080428
3355_168_572_673,1,1,0.140689,0.498388,0.049098,0.041167,0.187356,0.025015,0.058288
3355_167_288_344,4,2,0.079974,0.24968,0.263453,0.043745,0.179125,0.050101,0.133923
3355_167_423_553,3,0,0.455302,0.313977,0.040401,0.024646,0.037587,0.061253,0.066834
3355_168_70_98,1,1,0.126778,0.626347,0.010922,0.157474,0.038213,0.010144,0.030121
3355_167_2121_2216,5,1,0.197005,0.520554,0.031573,0.052139,0.057469,0.054857,0.086403
3355_167_689_739,1,1,0.439036,0.455566,0.023064,0.012383,0.034563,0.012653,0.022735
3355_168_344_398,0,1,0.388275,0.504396,0.019628,0.01704,0.01847,0.036944,0.015247
3355_168_758_791,1,1,0.239618,0.636947,0.013151,0.016393,0.036042,0.006193,0.051656
3355_168_2260_2300,3,3,0.010588,0.026409,0.01037,0.89565,0.012095,0.00609,0.038798
3355_168_972_1027,0,1,0.25876,0.503405,0.030615,0.067161,0.016647,0.06048,0.062931
3355_167_134_162,4,6,0.072255,0.159255,0.050156,0.259535,0.034037,0.105319,0.319442
3355_167_31_50,6,6,0.020968,0.038679,0.040557,0.133561,0.044689,0.337869,0.383676
3352_167_1243_1301,0,2,0.06053,0.176191,0.605222,0.014497,0.087881,0.033744,0.021936
3352_168_1629_1697,4,3,0.011567,0.037484,0.02077,0.874301,0.014297,0.009182,0.032398
3352_167_241_285,5,0,0.769304,0.101647,0.039777,0.014415,0.006314,0.055085,0.013459
3352_168_88_126,5,5,0.049988,0.100547,0.02903,0.013509,0.005635,0.777853,0.023438
3352_168_915_943,0,1,0.142977,0.806987,0.006527,0.01341,0.013943,0.00525,0.010905
3352_168_200_221,5,5,0.285884,0.26151,0.039593,0.012997,0.012851,0.349482,0.037684
3352_168_1318_1460,0,1,0.426312,0.498534,0.012221,0.026805,0.00842,0.017588,0.010119
3352_167_1127_1154,3,5,0.009234,0.065179,0.261947,0.004995,0.182292,0.292722,0.183631
3352_167_1707_1768,0,1,0.244709,0.437504,0.052078,0.052967,0.082037,0.035096,0.09561
3352_168_611_651,1,3,0.048884,0.291175,0.055394,0.348205,0.031182,0.056205,0.168956
3352_167_1029_1044,5,1,0.198189,0.47468,0.087312,0.057468,0.079721,0.054947,0.047683
3352_168_468_550,5,5,0.099862,0.148244,0.045309,0.309431,0.015628,0.313038,0.068489
3352_167_31_79,5,0,0.669356,0.172471,0.040625,0.018841,0.007364,0.083528,0.007816
3352_167_1493_1586,3,0,0.531465,0.379106,0.022023,0.010277,0.027298,0.015848,0.013983
3352_167_731_875,0,0,0.696361,0.227637,0.026534,0.006675,0.010471,0.02664,0.005683
3352_168_1187_1235,2,5,0.00614,0.158383,0.088222,0.075855,0.044481,0.388133,0.238786
3352_167_554_587,0,0,0.486479,0.454268,0.011395,0.016416,0.006063,0.014333,0.011046
3352_168_1070_1100,4,5,0.063378,0.064295,0.0303,0.014704,0.007754,0.789573,0.029994
3352_167_351_373,0,0,0.469116,0.36216,0.050702,0.028239,0.026096,0.043747,0.019941
3352_167_140_157,5,0,0.39166,0.34257,0.065244,0.060168,0.020482,0.052595,0.067281
3352_168_310_331,0,5,0.019872,0.208456,0.108024,0.014265,0.037373,0.534221,0.077789
3801_191_31_131,3,5,0.110311,0.263821,0.163245,0.046169,0.035133,0.280974,0.100347
3801_191_1286_1367,6,6,0.012166,0.054773,0.092959,0.086391,0.021123,0.182319,0.550269
3801_191_1891_2050,1,5,0.055029,0.257077,0.183145,0.020333,0.114136,0.333147,0.037132
3801_192_1121_1262,5,1,0.063248,0.577762,0.072465,0.068442,0.087251,0.034088,0.096743
3801_192_1641_1862,3,3,0.005286,0.021088,0.025498,0.723932,0.012673,0.097764,0.113759
3801_191_2191_2240,1,6,0.011577,0.085743,0.073789,0.110724,0.301158,0.025642,0.391368
3801_192_884_956,5,5,0.008068,0.062085,0.027211,0.107492,0.008335,0.523634,0.263175
3801_192_141_241,3,5,0.006279,0.030959,0.038274,0.181353,0.016252,0.610376,0.116507
3801_191_509_646,1,5,0.020204,0.230219,0.093295,0.017978,0.012916,0.596255,0.029134
3801_192_2056_2180,5,5,0.008573,0.048272,0.014375,0.203172,0.007738,0.698749,0.019121
3801_191_968_1111,6,5,0.014027,0.13063,0.153941,0.02201,0.081184,0.329349,0.268859
3801_191_262_426,1,1,0.258401,0.397221,0.052786,0.010524,0.018285,0.240678,0.022104
3801_192_428_508,5,5,0.026869,0.0642,0.025816,0.03266,0.011478,0.816239,0.022737
3801_191_1462_1634,5,5,0.00618,0.13878,0.319681,0.013381,0.118409,0.362121,0.041449
3801_191_767_867,0,0,0.420296,0.331173,0.129002,0.010064,0.025697,0.07368,0.010088
3801_192_647_757,1,3,0.16399,0.123092,0.023529,0.329039,0.008006,0.28463,0.067714
3801_192_1378_1432,5,6,0.023553,0.193875,0.036293,0.28738,0.023206,0.082748,0.352945
3803_192_114_223,3,6,0.00578,0.027449,0.113756,0.221904,0.118973,0.030905,0.481232
3803_192_1092_1404,3,3,0.019588,0.046481,0.015302,0.76514,0.034982,0.063537,0.05497
3803_191_2030_2065,3,5,0.017634,0.0969,0.081295,0.062048,0.017459,0.597876,0.126788
3803_191_224_290,1,6,0.014301,0.21438,0.180486,0.014825,0.181315,0.165704,0.228989
3803_191_1688_1862,3,1,0.116862,0.595353,0.03281,0.009003,0.019431,0.155807,0.070734
3803_191_1424_1462,4,4,0.008859,0.267286,0.253553,0.006787,0.348555,0.032075,0.082884
3803_191_2200_2219,3,3,0.012272,0.004296,0.018918,0.8961,0.004265,0.047126,0.017023
3803_191_859_1002,1,1,0.131655,0.613057,0.073377,0.006069,0.125106,0.023243,0.027493
3803_191_2296_2317,3,3,0.014705,0.007692,0.025939,0.86391,0.005321,0.035179,0.047253
3803_191_524_648,4,2,0.00699,0.09592,0.557947,0.008863,0.136736,0.127201,0.066343
3803_192_2069_2141,3,3,0.052205,0.198924,0.071642,0.459277,0.030492,0.068923,0.118537
3803_192_294_505,1,2,0.004536,0.136237,0.498529,0.011145,0.273092,0.020883,0.055578
3803_191_31_104,1,1,0.031917,0.409992,0.305699,0.007928,0.164777,0.031613,0.048074
3803_192_1479_1669,3,3,0.011734,0.125263,0.010385,0.664157,0.044442,0.076237,0.067782
3803_192_664_840,3,3,0.01014,0.037567,0.072377,0.48543,0.031488,0.228912,0.134086
3803_192_1864_2006,3,3,0.017811,0.056462,0.052286,0.696941,0.02084,0.025337,0.130323
3803_192_2220_2289,3,3,0.008439,0.017022,0.019386,0.846969,0.00731,0.015215,0.085659
3808_192_118_275,5,5,0.006199,0.082017,0.025628,0.032663,0.017881,0.79596,0.039653
3808_192_1158_1537,6,5,0.004141,0.123024,0.039696,0.083955,0.024734,0.679233,0.045217
3808_192_1923_2047,3,3,0.008977,0.064602,0.052611,0.474793,0.042786,0.021597,0.334635
3808_191_1563_1700,5,1,0.1168,0.527017,0.077024,0.009064,0.051814,0.157923,0.060358
3808_192_1705_1868,6,6,0.008853,0.229023,0.071085,0.156327,0.04343,0.211596,0.279686
3808_192_733_1038,5,3,0.048656,0.358677,0.03533,0.418233,0.027857,0.05232,0.058927
3808_192_356_645,6,6,0.016553,0.18102,0.068272,0.12311,0.125882,0.084876,0.400288
3808_191_1050_1156,1,5,0.002826,0.066313,0.107579,0.016309,0.020671,0.607524,0.178777
3808_191_283_348,1,1,0.062885,0.458294,0.056089,0.030165,0.023895,0.179904,0.188767
3808_191_31_95,1,1,0.086037,0.499453,0.075213,0.025122,0.065334,0.065587,0.183254
3808_191_1881_1906,3,6,0.008843,0.037573,0.021352,0.424574,0.020608,0.036034,0.451016
3808_191_648_732,1,5,0.007005,0.171079,0.23282,0.01827,0.123733,0.252699,0.194394
3802_191_31_211,5,5,0.04705,0.190368,0.045369,0.022864,0.023254,0.563867,0.107228
3802_192_1146_1356,5,3,0.011739,0.149168,0.136509,0.37906,0.107276,0.098522,0.117725
3802_191_2019_2124,1,5,0.009971,0.052183,0.025847,0.005426,0.00688,0.861923,0.03777
3802_192_1678_1714,3,3,0.021721,0.064212,0.035498,0.544394,0.01035,0.23955,0.084275
3802_192_218_408,3,5,0.00653,0.028762,0.031223,0.156208,0.019458,0.666893,0.090925
3802_191_1728_1824,3,1,0.176384,0.500292,0.043188,0.021852,0.06343,0.027721,0.167132
3802_192_1461_1621,3,3,0.006436,0.010308,0.015924,0.808014,0.008766,0.12394,0.026613
3802_192_2136_2285,5,5,0.023418,0.079401,0.026151,0.240561,0.01963,0.403368,0.207471
3802_191_828_1146,6,6,0.022082,0.159014,0.073245,0.06211,0.127771,0.065159,0.49062
3802_191_2302_2425,5,5,0.003888,0.035786,0.041752,0.042429,0.017143,0.842423,0.016578
3802_192_603_686,3,3,0.005942,0.008934,0.016883,0.775951,0.006907,0.141694,0.04369
3802_191_418_566,1,1,0.046603,0.3879,0.075332,0.024447,0.194844,0.053767,0.217105
3802_192_2436_2463,3,6,0.036932,0.211199,0.090873,0.22581,0.071747,0.038005,0.325433
3802_192_1868_1990,5,3,0.021024,0.072247,0.023648,0.718715,0.016336,0.054222,0.093807
3802_191_698_765,6,4,0.025573,0.294528,0.150757,0.03397,0.303603,0.02385,0.167718
3802_191_1371_1460,1,5,0.008247,0.142259,0.0589,0.0136,0.016659,0.70094,0.059395
3802_191_1623_1677,3,3,0.007277,0.007763,0.013828,0.885917,0.007366,0.022527,0.055321
3802_192_768_822,3,5,0.003,0.017541,0.010459,0.059515,0.004458,0.87832,0.026708
3804_191_31_166,3,1,0.136225,0.300265,0.060323,0.183149,0.028179,0.085682,0.206175
3804_191_1261_1371,3,1,0.053521,0.394407,0.091112,0.099131,0.138887,0.040479,0.182463
3804_192_1996_2104,3,3,0.006042,0.019329,0.011756,0.842421,0.013936,0.043449,0.063066
3804_192_1123_1242,0,1,0.175165,0.562815,0.044732,0.100349,0.017761,0.069166,0.030011
3804_191_1604_1714,1,0,0.566961,0.319672,0.026761,0.012673,0.022269,0.040422,0.011242
3804_191_231_337,3,3,0.016945,0.055465,0.035932,0.437391,0.011012,0.057025,0.38623
3804_192_1726_1834,3,3,0.022282,0.075736,0.015134,0.656193,0.015884,0.042678,0.172094
3804_191_1444_1487,1,5,0.006434,0.104025,0.086932,0.024666,0.058145,0.533249,0.186549
3804_192_781_976,1,1,0.204681,0.669269,0.047339,0.017489,0.015264,0.039988,0.00597
3804_192_171_205,1,3,0.032538,0.273031,0.035847,0.469641,0.043993,0.05241,0.092541
3804_192_566_626,5,5,0.053916,0.053598,0.020649,0.0609,0.013496,0.768773,0.028668
3804_191_987_1116,0,0,0.435067,0.292222,0.056602,0.021493,0.024697,0.162966,0.006953
3804_191_426_558,1,0,0.495554,0.383592,0.021707,0.015469,0.009138,0.046201,0.028339
3804_192_1511_1584,1,5,0.034459,0.101033,0.134779,0.095497,0.032428,0.487915,0.113889
3804_191_1846_1987,1,0,0.588254,0.371147,0.011202,0.0046,0.012217,0.006393,0.006187
3804_191_648_781,1,1,0.329937,0.496505,0.0325,0.025016,0.016874,0.053665,0.045503
3804_191_2122_2202,1,1,0.374282,0.520859,0.023558,0.011354,0.014658,0.033464,0.021825
3804_192_338_418,0,5,0.015199,0.089987,0.023356,0.015291,0.016429,0.831506,0.008232
3804_192_1384_1431,3,3,0.007958,0.029867,0.030914,0.734535,0.031913,0.034605,0.130208
3807_192_101_171,0,1,0.100314,0.460728,0.082949,0.086934,0.129266,0.058306,0.081504
3807_192_1100_1359,3,3,0.010061,0.034431,0.016369,0.85924,0.017743,0.017537,0.044619
3807_191_1593_1681,2,1,0.090149,0.308038,0.147645,0.008739,0.214383,0.028553,0.202493
3807_191_186_263,5,5,0.028003,0.060809,0.027343,0.012566,0.015843,0.82063,0.034806
3807_191_1391_1478,6,5,0.011064,0.110105,0.105172,0.012575,0.037936,0.6661,0.057049
3807_192_753_979,1,4,0.076851,0.287768,0.092691,0.022723,0.463031,0.031133,0.025802
3807_192_499_647,0,1,0.137049,0.456671,0.148847,0.032369,0.099106,0.084207,0.04175
3807_192_1731_1774,3,3,0.011231,0.023712,0.02353,0.866105,0.008313,0.015037,0.052071
3807_192_272_406,0,4,0.009489,0.095503,0.19142,0.019353,0.644835,0.013424,0.025976
3807_191_1014_1100,2,5,0.010719,0.114983,0.113901,0.012537,0.059836,0.643363,0.044661
3807_191_31_90,6,6,0.021475,0.081994,0.106967,0.053367,0.107301,0.237621,0.391277
3807_191_419_468,2,5,0.011126,0.026893,0.038163,0.005523,0.019622,0.820221,0.078452
3807_192_1481_1571,3,1,0.17409,0.617558,0.079383,0.014435,0.087387,0.010539,0.016609
3807_191_649_735,5,2,0.025304,0.143454,0.413373,0.005797,0.1336,0.172146,0.106326
3813_192_31_134,1,3,0.035321,0.040119,0.036499,0.452684,0.01985,0.284691,0.130836
3813_192_1126_1382,1,1,0.162483,0.294365,0.024162,0.279991,0.093967,0.084913,0.060119
3813_192_2028_2082,0,0,0.785128,0.089303,0.018952,0.038634,0.007647,0.045965,0.014371
3813_192_1454_1890,0,0,0.506795,0.351935,0.022416,0.049493,0.025264,0.014565,0.029532
3813_192_222_400,1,0,0.458921,0.36797,0.036024,0.044196,0.020991,0.034435,0.037464
3813_192_720_973,0,0,0.525362,0.273721,0.015497,0.032109,0.013433,0.128468,0.011408
3813_191_169_209,6,1,0.072267,0.502372,0.123281,0.022312,0.092556,0.026787,0.160425
3813_192_516_626,0,0,0.565259,0.286476,0.032559,0.057673,0.013498,0.023194,0.021341
3813_191_991_1098,4,1,0.06971,0.633582,0.066257,0.0064,0.040324,0.155292,0.028435
3813_191_426_488,1,1,0.033417,0.519594,0.194181,0.020407,0.04088,0.175301,0.016219
3813_191_643_706,1,1,0.196926,0.59733,0.059488,0.018711,0.011759,0.10291,0.012875
3813_191_1917_1965,0,0,0.407642,0.328937,0.120881,0.017576,0.06376,0.02317,0.038033
3810_192_1041_1301,0,3,0.015695,0.059159,0.031093,0.681415,0.030036,0.017339,0.165262
3810_192_216_310,0,1,0.251136,0.289089,0.060762,0.082195,0.021047,0.222737,0.073034
3810_191_921_938,2,4,0.010306,0.225279,0.263534,0.010983,0.322708,0.025666,0.141525
3810_192_950_999,0,1,0.211941,0.598321,0.023622,0.057354,0.014386,0.028193,0.066182
3810_191_171_215,1,1,0.156696,0.499164,0.072669,0.025626,0.087283,0.109248,0.049313
3810_192_1347_1407,0,1,0.052592,0.487816,0.036692,0.11409,0.118519,0.01688,0.173411
3810_192_356_607,0,1,0.236866,0.557219,0.074331,0.031257,0.039079,0.041328,0.01992
3810_191_311_354,2,1,0.082792,0.454292,0.275583,0.007385,0.074679,0.044761,0.060508
3810_191_611_643,2,4,0.005961,0.250777,0.181707,0.005263,0.503297,0.007953,0.045042
3810_192_31_84,0,3,0.241554,0.187408,0.070434,0.359908,0.022867,0.038587,0.079243
3810_192_784_914,0,1,0.097564,0.565431,0.049592,0.111835,0.056211,0.030239,0.089128
3810_191_1311_1335,2,4,0.018978,0.298663,0.267702,0.007715,0.314184,0.020702,0.072057
3810_192_651_759,0,1,0.099897,0.574785,0.049796,0.126138,0.035915,0.051025,0.062443
3810_191_761_779,2,6,0.006801,0.084619,0.154812,0.028315,0.19431,0.037521,0.493622
3810_191_1001_1027,2,4,0.014687,0.254461,0.203665,0.013771,0.331697,0.01539,0.166328
3806_191_2315_2530,3,1,0.305612,0.551139,0.040503,0.025844,0.021037,0.039465,0.0164
3806_191_96_151,0,5,0.016404,0.153128,0.047031,0.006762,0.031,0.672753,0.072922
3806_191_1278_1368,5,5,0.01335,0.084936,0.026961,0.006867,0.013639,0.83531,0.018937
3806_192_2039_2304,4,4,0.012207,0.1107,0.113326,0.162009,0.455107,0.034214,0.112438
3806_192_1020_1275,2,4,0.026754,0.309248,0.107248,0.025784,0.45805,0.048651,0.024265
3806_192_1625_1811,3,3,0.021199,0.050269,0.020912,0.777516,0.014417,0.023216,0.092472
3806_191_245_273,5,5,0.009289,0.032656,0.026937,0.012479,0.007546,0.862764,0.04833
3806_191_1812_2022,0,1,0.238718,0.481988,0.027588,0.012962,0.029988,0.20002,0.008737
3806_192_1385_1471,6,1,0.031509,0.383011,0.026256,0.341946,0.058723,0.027488,0.131066
3806_191_865_1009,2,1,0.053121,0.455842,0.040678,0.051744,0.076812,0.190177,0.131626
3806_192_155_229,2,1,0.073511,0.702898,0.028838,0.047729,0.072105,0.03068,0.044239
3806_192_556_646,5,5,0.03115,0.118037,0.047983,0.018722,0.035504,0.710026,0.038578
3806_192_292_447,5,1,0.060095,0.424535,0.051516,0.167559,0.20166,0.038055,0.056579
3806_191_458_544,4,5,0.0082,0.088627,0.033581,0.022805,0.033311,0.781933,0.031542
3806_191_31_55,6,5,0.038129,0.213361,0.064262,0.090739,0.09834,0.287746,0.207424
3806_191_1475_1623,6,5,0.024916,0.140164,0.060102,0.024367,0.025028,0.477519,0.247904
3806_192_815_853,2,4,0.03131,0.316396,0.086095,0.047115,0.333714,0.043962,0.141409
3806_192_57_87,6,5,0.023082,0.118316,0.064911,0.04592,0.017914,0.521931,0.207927
3806_191_660_810,0,1,0.141898,0.447616,0.08438,0.036936,0.136009,0.074764,0.078397
3806_192_2540_2580,3,3,0.015351,0.015312,0.029765,0.724869,0.050045,0.021793,0.142864
3814_192_2380_2493,3,3,0.010003,0.038629,0.061312,0.679953,0.141601,0.040449,0.028053
3814_192_80_176,2,5,0.008848,0.029369,0.02582,0.035371,0.008999,0.868174,0.023419
3814_192_946_1581,4,5,0.005335,0.076139,0.068878,0.019996,0.04897,0.757869,0.022814
3814_191_2047_2049,4,4,0.005915,0.14501,0.128356,0.012816,0.505702,0.018693,0.183508
3814_191_1597_1729,4,1,0.116718,0.682291,0.037108,0.005425,0.11232,0.032375,0.013763
3814_191_201_294,4,1,0.021115,0.381753,0.172803,0.005301,0.075452,0.243983,0.099594
3814_192_1746_1948,4,2,0.023005,0.310641,0.330047,0.03718,0.13661,0.13071,0.031806
3814_192_2079_2309,6,3,0.042791,0.268474,0.03314,0.447038,0.049171,0.041727,0.117659
3814_192_469_643,6,5,0.012498,0.201372,0.027586,0.046186,0.011946,0.666964,0.033447
3814_191_2325_2373,3,6,0.015964,0.074376,0.084683,0.243672,0.079426,0.026828,0.475051
3814_192_314_396,5,5,0.003027,0.03518,0.021503,0.018974,0.004394,0.868499,0.048423
3814_191_424_451,4,1,0.033865,0.73766,0.078558,0.006934,0.057531,0.042548,0.042903
3814_191_663_919,4,1,0.051042,0.522927,0.116185,0.011846,0.18027,0.029934,0.087796
3814_192_2005_2034,6,6,0.010732,0.05462,0.163388,0.189884,0.133846,0.166622,0.28091
3814_191_31_37,4,3,0.020351,0.059618,0.046015,0.421453,0.174458,0.095865,0.18224
3814_191_1963_1965,4,4,0.008197,0.16923,0.104953,0.026904,0.324535,0.04573,0.320452
3811_191_2464_2619,4,6,0.008292,0.134125,0.210591,0.012771,0.060756,0.085426,0.488039
3811_191_31_182,3,6,0.018,0.103236,0.059759,0.108617,0.027455,0.251506,0.431426
3811_192_1081_1265,6,3,0.019215,0.078086,0.03096,0.625065,0.034957,0.018471,0.193246
3811_192_212_408,3,3,0.008654,0.018963,0.014259,0.699946,0.015481,0.016054,0.226644
3811_191_2866_2945,4,2,0.012576,0.0753,0.269419,0.018016,0.204446,0.17454,0.245703
3811_192_2643_2834,2,5,0.004034,0.030432,0.134002,0.031723,0.055814,0.715218,0.028776
3811_192_3027_3506,4,4,0.009297,0.09362,0.166887,0.108165,0.520315,0.059141,0.042575
3811_191_917_1065,4,4,0.011971,0.176894,0.217325,0.033765,0.288061,0.098788,0.173196
3811_191_1319_1456,6,1,0.016638,0.266059,0.197342,0.04887,0.117418,0.236665,0.117008
3811_191_2003_2125,4,1,0.026364,0.297559,0.161387,0.010632,0.277821,0.031072,0.195166
3811_191_1752_1839,4,1,0.048232,0.371828,0.342452,0.008418,0.176007,0.025043,0.02802
3811_191_596_661,6,6,0.011603,0.055295,0.035358,0.056339,0.041603,0.01788,0.781923
3811_192_1484_1692,5,5,0.008684,0.074,0.023861,0.089676,0.026514,0.698246,0.079019
3811_192_2221_2428,5,5,0.007874,0.055009,0.027404,0.00632,0.006906,0.890573,0.005913
3811_192_1859_1972,2,1,0.222889,0.515678,0.040419,0.042518,0.027898,0.125299,0.025299
3811_192_700_897,6,3,0.08078,0.199295,0.041266,0.31878,0.048428,0.206478,0.104973
3811_191_3547_3641,4,1,0.246865,0.497843,0.064386,0.006732,0.056681,0.032881,0.094612
3811_192_515_570,6,5,0.05711,0.280625,0.061951,0.05057,0.023725,0.308219,0.2178
3811_191_3750_3789,3,3,0.034581,0.145613,0.019911,0.587335,0.021723,0.098728,0.092107
3811_191_432_493,6,5,0.006606,0.046195,0.049772,0.015186,0.012959,0.481663,0.38762
3811_192_3716_3726,3,5,0.028217,0.037357,0.016664,0.055497,0.01236,0.82248,0.027424
3816_191_31_159,1,1,0.049329,0.568777,0.073292,0.039932,0.099176,0.084946,0.084547
3816_192_1095_1300,6,1,0.074956,0.540925,0.059099,0.077751,0.171041,0.034708,0.041521
3816_192_1473_1869,6,3,0.04087,0.112114,0.02576,0.733429,0.024336,0.028406,0.035085
3816_192_867_947,5,5,0.05464,0.280465,0.087601,0.029525,0.017864,0.517628,0.012277
3816_192_178_237,5,5,0.005614,0.017155,0.014415,0.013434,0.005535,0.887516,0.05633
3816_191_1335_1450,0,0,0.468951,0.368192,0.022929,0.008011,0.017527,0.098109,0.016281
3816_192_595_748,6,3,0.052766,0.111155,0.028749,0.451498,0.110107,0.161619,0.084106
3816_191_977_1084,1,5,0.287878,0.180735,0.015918,0.012183,0.018255,0.472757,0.012273
3816_191_451_578,4,1,0.417966,0.511321,0.014352,0.006772,0.010261,0.03134,0.007989
3816_191_771_851,1,4,0.012582,0.145709,0.090491,0.009457,0.666436,0.019615,0.05571
3816_191_1884_1960,6,3,0.017961,0.105705,0.026556,0.49301,0.036084,0.024867,0.295818
3816_192_346_431,5,5,0.009616,0.034849,0.023042,0.025402,0.013897,0.857485,0.035709
3816_191_262_329,1,1,0.087382,0.428756,0.17493,0.00507,0.04836,0.214634,0.040869
3817_191_92_130,5,5,0.028866,0.14269,0.046908,0.006085,0.004809,0.696789,0.073853
3817_192_1183_1315,6,3,0.013179,0.106809,0.028248,0.372334,0.068701,0.077971,0.332758
3817_191_1625_1688,5,5,0.019342,0.037408,0.023385,0.014028,0.015745,0.878639,0.011452
3817_192_152_353,1,3,0.008386,0.13208,0.169071,0.207731,0.175234,0.103952,0.203546
3817_192_1700_1853,3,3,0.013105,0.098598,0.069617,0.463784,0.080521,0.022114,0.252261
3817_191_1344_1472,1,1,0.32638,0.480166,0.103053,0.013769,0.029301,0.028724,0.018607
3817_192_874_1038,6,6,0.009049,0.061572,0.021001,0.148376,0.025817,0.033597,0.700588
3817_192_493_793,1,1,0.02075,0.467136,0.078203,0.068856,0.064781,0.094666,0.205608
3817_191_1046_1178,5,5,0.045176,0.19513,0.029417,0.012614,0.011478,0.675765,0.03042
3817_191_377_480,1,5,0.011122,0.067143,0.029467,0.004486,0.005535,0.86854,0.013707
3817_191_31_64,5,6,0.022576,0.109709,0.147484,0.019385,0.324037,0.049059,0.327751
3817_192_1476_1608,3,2,0.042049,0.116536,0.505374,0.060305,0.057072,0.149983,0.068682
3817_191_809_857,1,5,0.010288,0.098941,0.082339,0.007427,0.054614,0.478497,0.267893
3817_192_71_91,6,5,0.009068,0.03782,0.025586,0.024781,0.0098,0.810699,0.082248
3815_191_2456_2619,0,1,0.094904,0.379346,0.19195,0.030272,0.049563,0.139012,0.114953
3815_192_681_1316,1,1,0.044281,0.421914,0.060395,0.09045,0.128868,0.097068,0.157023
3815_191_2688_2899,0,0,0.597728,0.260122,0.025328,0.018598,0.015958,0.046489,0.035777
3815_191_3101_3164,3,3,0.007293,0.008593,0.014204,0.725329,0.014348,0.222825,0.007407
3815_192_144_251,5,5,0.007577,0.035564,0.010417,0.029037,0.005896,0.894062,0.017446
3815_191_1337_1456,4,1,0.337675,0.446871,0.04737,0.023672,0.023309,0.026402,0.0947
3815_192_2927_3086,1,3,0.088758,0.235793,0.041592,0.456096,0.070868,0.032722,0.074171
3815_192_1466_1850,1,1,0.144898,0.726314,0.036864,0.02937,0.027853,0.014513,0.020188
3815_191_575_663,4,1,0.281243,0.512834,0.057726,0.013183,0.089048,0.016631,0.029335
3815_192_2097_2226,0,0,0.439369,0.434014,0.032932,0.030687,0.018175,0.020582,0.024241
3815_191_1882_1995,0,0,0.528175,0.391252,0.020748,0.006929,0.019553,0.009552,0.023792
3815_191_31_119,2,6,0.0207,0.172112,0.078126,0.056445,0.150545,0.038512,0.483561
3815_192_2645_2657,0,5,0.034541,0.070027,0.019923,0.039288,0.012336,0.768495,0.05539
3815_191_275_380,1,1,0.086351,0.436807,0.133709,0.018643,0.136447,0.08396,0.104084
3815_192_409_553,6,1,0.072595,0.419871,0.029886,0.240807,0.051341,0.032916,0.152583
3815_191_2256_2300,1,0,0.589523,0.317873,0.031235,0.004604,0.031255,0.013689,0.011821
3815_192_2397_2431,0,0,0.371092,0.333111,0.063542,0.094545,0.026356,0.077681,0.033672
3818_191_31_128,4,6,0.020792,0.171847,0.058537,0.104797,0.253261,0.052371,0.338394
3818_191_1149_1306,5,1,0.013424,0.57872,0.149085,0.023499,0.083772,0.103232,0.048268
3818_192_1465_1718,3,3,0.024883,0.192868,0.041316,0.479506,0.086271,0.069699,0.105458
3818_191_251_449,4,6,0.048521,0.275578,0.038123,0.093995,0.041534,0.223536,0.278713
3818_191_903_962,5,5,0.002783,0.016204,0.014095,0.043311,0.003271,0.912624,0.007712
3818_192_135_227,5,5,0.012554,0.101162,0.017363,0.027618,0.00855,0.819083,0.013669
3818_192_1318_1422,3,3,0.006734,0.01859,0.017232,0.833883,0.022346,0.024424,0.07679
3818_192_466_593,3,5,0.007394,0.024843,0.015882,0.188218,0.016698,0.72571,0.021255
3818_192_970_1132,3,3,0.013874,0.178655,0.029763,0.273909,0.061377,0.188631,0.253792
3818_191_1725_1783,3,3,0.015129,0.050093,0.038005,0.774929,0.025945,0.023941,0.071957
3818_191_606_698,6,3,0.004473,0.020024,0.007505,0.695667,0.007544,0.08218,0.182607
3818_192_709_890,3,3,0.013299,0.080287,0.025056,0.564098,0.050323,0.18745,0.079488
3818_191_1428_1455,3,3,0.021726,0.021267,0.023717,0.892457,0.011319,0.014928,0.014586
3821_191_31_129,1,6,0.012674,0.070016,0.059426,0.060582,0.051426,0.14078,0.605095
3821_191_1071_1312,6,3,0.012078,0.1169,0.084132,0.333209,0.084063,0.157117,0.212502
3821_192_1666_1719,3,5,0.025969,0.057844,0.023939,0.042072,0.007905,0.71015,0.132121
3821_192_139_367,5,5,0.022875,0.108957,0.017835,0.019167,0.020933,0.790958,0.019276
3821_191_1730_1839,3,3,0.006009,0.005281,0.01046,0.934083,0.006668,0.015665,0.021834
3821_192_1324_1521,3,3,0.006697,0.018007,0.022678,0.792969,0.018878,0.017253,0.123518
3821_192_906_1053,5,3,0.006574,0.039087,0.020723,0.5456,0.020005,0.271221,0.09679
3821_192_487_610,6,5,0.008291,0.079388,0.04152,0.138986,0.031576,0.543058,0.157181
3821_191_631_697,6,6,0.010114,0.077921,0.058095,0.133146,0.082662,0.062998,0.575064
3821_191_382_482,1,1,0.085007,0.694387,0.033675,0.013992,0.093303,0.016751,0.062886
3821_191_1524_1545,3,3,0.008624,0.003389,0.006621,0.953138,0.003423,0.019472,0.005332
3821_191_790_895,1,6,0.016787,0.241468,0.248637,0.036554,0.060975,0.073893,0.321686
3821_192_1853_2008,3,3,0.008058,0.029224,0.020355,0.509048,0.016711,0.030144,0.38646
3821_192_718_769,5,5,0.013471,0.053054,0.037616,0.192024,0.016384,0.610441,0.07701
3821_191_1615_1660,3,3,0.00898,0.004172,0.009092,0.93457,0.01014,0.023545,0.009501
3821_192_1568_1608,3,3,0.003871,0.002421,0.006257,0.960547,0.011188,0.01203,0.003686
3820_192_2452_2602,3,6,0.017892,0.232499,0.027116,0.205928,0.230423,0.04422,0.241923
3820_191_90_236,3,3,0.011322,0.027902,0.054935,0.719464,0.044471,0.087141,0.054764
3820_192_1984_2251,3,3,0.009378,0.035113,0.027436,0.583733,0.038157,0.030396,0.275787
3820_191_1170_1213,5,5,0.015256,0.050664,0.013398,0.009025,0.006665,0.877488,0.027504
3820_192_1618_1807,6,3,0.017799,0.188877,0.047253,0.299772,0.285726,0.061521,0.099051
3820_192_250_570,3,6,0.008824,0.094594,0.098711,0.167456,0.062741,0.121962,0.445712
3820_191_1353_1609,4,1,0.049375,0.525375,0.097716,0.037317,0.109423,0.077481,0.103314
3820_192_915_1006,6,5,0.01737,0.052595,0.037915,0.146904,0.06005,0.355053,0.330114
3820_191_2265_2438,4,1,0.068655,0.403972,0.067223,0.037455,0.050179,0.342887,0.029629
3820_191_582_627,1,5,0.055643,0.287991,0.036481,0.007825,0.019184,0.559232,0.033643
3820_192_1087_1161,3,3,0.025102,0.057117,0.029658,0.564251,0.03079,0.041916,0.251167
3820_191_1019_1072,1,1,0.07762,0.811158,0.027875,0.00903,0.0502,0.009968,0.014149
3820_192_1229_1290,6,6,0.020107,0.203447,0.031769,0.202378,0.0261,0.109946,0.406253
3820_192_644_854,3,6,0.00886,0.167302,0.185174,0.197526,0.141931,0.030303,0.268904
3820_191_1837_1977,4,1,0.030403,0.368582,0.242108,0.010085,0.135335,0.191257,0.02223
3820_191_859_901,5,5,0.013106,0.231186,0.227741,0.006023,0.034497,0.323224,0.164223
3820_191_2616_2653,1,4,0.014833,0.179852,0.078569,0.010418,0.661604,0.01674,0.037984
3820_192_61_80,6,5,0.009712,0.035862,0.024413,0.017865,0.009575,0.845583,0.056991
3820_191_31_50,6,6,0.041206,0.162803,0.075259,0.091306,0.135172,0.156299,0.337955
3824_192_127_146,5,5,0.00863,0.034624,0.021956,0.015294,0.010415,0.829302,0.079779
3824_192_1287_1402,3,3,0.025103,0.211838,0.063401,0.269923,0.236469,0.100415,0.09285
3824_191_1115_1252,3,3,0.009308,0.016612,0.013171,0.846459,0.012956,0.018433,0.083061
3824_192_1547_1689,3,1,0.124548,0.452728,0.038594,0.104237,0.1989,0.035447,0.045546
3824_191_1410_1533,3,3,0.014026,0.057414,0.019721,0.801247,0.026832,0.048679,0.032081
3824_192_910_989,6,3,0.010529,0.042852,0.117439,0.3437,0.045357,0.115506,0.324616
3824_191_162_254,6,6,0.008334,0.052967,0.025229,0.070288,0.017526,0.04,0.785655
3824_192_532_628,1,5,0.01259,0.089996,0.05804,0.009847,0.014916,0.748108,0.066503
3824_192_1081_1108,3,5,0.013173,0.046878,0.027641,0.374824,0.015171,0.45931,0.063002
3824_192_1745_1777,3,3,0.01121,0.010513,0.013388,0.750691,0.023612,0.041906,0.148679
3824_192_263_370,1,5,0.030664,0.061918,0.054984,0.126709,0.035646,0.590264,0.099816
3824_191_1003_1062,3,3,0.016144,0.010755,0.017625,0.674664,0.00582,0.271908,0.003084
3824_191_383_515,6,6,0.027301,0.278293,0.04715,0.032975,0.082423,0.017731,0.514127
3824_191_31_117,6,6,0.020106,0.195379,0.174143,0.039276,0.189148,0.063087,0.318861
3824_192_729_828,1,5,0.030407,0.120366,0.069612,0.136025,0.039941,0.420822,0.182826
3824_191_648_715,1,6,0.051756,0.340954,0.056787,0.041442,0.030178,0.102949,0.375933
3824_191_832_885,6,5,0.005649,0.041649,0.02738,0.079848,0.02184,0.613748,0.209885
3824_191_1693_1718,3,1,0.186507,0.647846,0.017026,0.038135,0.035185,0.012933,0.062368
3822_191_117_153,5,5,0.008962,0.039428,0.042416,0.007698,0.008657,0.78328,0.109559
3822_192_1254_1339,3,3,0.012753,0.020189,0.030319,0.665325,0.045591,0.06745,0.158373
3822_191_1982_2208,4,1,0.151508,0.59256,0.08307,0.021483,0.048587,0.054245,0.048547
3822_191_1111_1236,4,6,0.011537,0.225063,0.109284,0.069717,0.10532,0.047676,0.431403
3822_191_1554_1684,1,3,0.015123,0.247543,0.041435,0.525322,0.022334,0.032848,0.115396
3822_191_228_291,1,1,0.027738,0.413594,0.084737,0.007914,0.058201,0.117539,0.290277
3822_191_1771_1919,3,3,0.009954,0.016028,0.015248,0.716699,0.006103,0.015764,0.220205
3822_192_1386_1537,3,3,0.009933,0.023008,0.027526,0.598447,0.020365,0.035012,0.285709
3822_191_900_976,3,3,0.011425,0.019479,0.0119,0.854653,0.00846,0.051868,0.042216
3822_192_167_211,3,3,0.013283,0.026448,0.031738,0.648989,0.021493,0.158693,0.099356
3822_191_1347_1366,3,3,0.020089,0.085802,0.026162,0.681927,0.055968,0.031021,0.099031
3822_192_2222_2320,3,3,0.008873,0.013343,0.018903,0.916685,0.012742,0.007591,0.021863
3822_192_563_893,3,1,0.0854,0.343344,0.043074,0.281424,0.104847,0.06382,0.078092
3822_192_1693_1763,3,3,0.007851,0.015315,0.012233,0.900595,0.013326,0.012361,0.038319
3822_192_302_414,3,3,0.034652,0.162186,0.029872,0.308303,0.038262,0.283123,0.143602
3822_192_987_1091,3,3,0.024501,0.065829,0.066127,0.627973,0.046527,0.084167,0.084877
3822_191_421_548,1,5,0.005672,0.101217,0.064271,0.028075,0.028993,0.516356,0.255416
3822_192_31_106,6,3,0.009372,0.061361,0.045509,0.639416,0.060543,0.026302,0.157496
3822_192_1930_1960,5,5,0.010035,0.051987,0.039825,0.29264,0.013039,0.381942,0.210532
3823_192_2414_2709,1,1,0.080137,0.371835,0.190596,0.060061,0.135306,0.080771,0.081294
3823_191_96_198,6,5,0.009028,0.03047,0.013399,0.10914,0.023266,0.692689,0.122009
3823_191_1285_1492,2,1,0.084198,0.438553,0.357454,0.012772,0.039634,0.03828,0.029109
3823_192_1073_1271,1,2,0.025739,0.158327,0.41615,0.109391,0.107302,0.029319,0.153773
3823_192_203_261,5,5,0.008088,0.051728,0.022399,0.018296,0.010822,0.849582,0.039085
3823_191_2727_2872,2,1,0.386795,0.470344,0.046977,0.003373,0.026532,0.04417,0.02181
3823_191_849_1035,1,1,0.100539,0.526259,0.056829,0.024149,0.048834,0.161154,0.082236
3823_192_2884_3042,0,1,0.033026,0.318137,0.080356,0.299755,0.081309,0.025702,0.161716
3823_191_1974_2152,1,1,0.220597,0.585937,0.070549,0.006554,0.017025,0.038388,0.060951
3823_192_1500_1777,1,1,0.050067,0.385297,0.259868,0.03496,0.087511,0.112145,0.070152
3823_191_452_631,1,1,0.04275,0.378446,0.170664,0.015345,0.146018,0.032117,0.21466
3823_191_2251_2351,1,1,0.047247,0.632592,0.060657,0.005521,0.068911,0.021788,0.163284
3823_192_2166_2233,5,5,0.043589,0.056099,0.022229,0.022098,0.013616,0.811529,0.030839
3823_192_1882_1957,0,6,0.026756,0.148006,0.1945,0.250325,0.073107,0.051045,0.256261
3823_192_652_831,1,5,0.006605,0.072292,0.052216,0.006478,0.022852,0.82372,0.015838
3823_191_1796_1879,2,6,0.011045,0.186478,0.132759,0.026968,0.199727,0.045968,0.397055
3823_191_3049_3086,6,5,0.038101,0.028179,0.036971,0.066095,0.015113,0.61119,0.204352
3823_191_275_395,1,1,0.182391,0.603495,0.04421,0.01319,0.054201,0.027879,0.074634
3823_192_409_430,5,5,0.00868,0.043068,0.023701,0.01245,0.00804,0.849299,0.054761
3823_192_60_76,5,5,0.01003,0.040418,0.018819,0.018479,0.010547,0.860618,0.041089
3823_191_31_56,3,6,0.049023,0.122516,0.040689,0.309007,0.072537,0.084799,0.321429
3831_191_2473_2548,1,6,0.036958,0.32006,0.074593,0.024788,0.074859,0.120435,0.348307
3831_191_31_222,6,5,0.060159,0.266854,0.028911,0.017092,0.043079,0.43761,0.146296
3831_191_1129_1389,6,5,0.030902,0.176481,0.032904,0.012302,0.05806,0.442805,0.246545
3831_191_1935_2089,6,5,0.05114,0.208289,0.029871,0.020449,0.041509,0.369102,0.279639
3831_192_1673_1935,6,6,0.008219,0.077297,0.042398,0.186188,0.023009,0.234718,0.428171
3831_192_222_432,6,1,0.020148,0.349065,0.056393,0.080051,0.044883,0.113028,0.336431
3831_192_1389_1546,1,6,0.017012,0.151851,0.233972,0.026941,0.046484,0.166586,0.357154
3831_192_2089_2473,6,5,0.001818,0.050378,0.052176,0.046668,0.050186,0.6609,0.137874
3831_192_879_1129,6,6,0.012597,0.100177,0.067141,0.174225,0.019713,0.232589,0.393557
3831_192_533_754,6,6,0.006112,0.111679,0.028638,0.242431,0.060616,0.206112,0.344412
3831_191_461_533,6,5,0.006374,0.113822,0.04562,0.008706,0.006903,0.500684,0.317891
3831_191_754_879,6,6,0.042426,0.102809,0.028976,0.092792,0.025936,0.166314,0.540747
3831_191_1546_1673,1,1,0.064068,0.39898,0.076195,0.052446,0.311711,0.015198,0.081402
3832_192_31_174,0,0,0.721534,0.16633,0.042918,0.009124,0.019157,0.028293,0.012643
3832_191_1247_1526,4,2,0.01411,0.203327,0.435076,0.008241,0.269346,0.03572,0.034178
3832_192_1886_2321,3,1,0.063519,0.261628,0.163655,0.125958,0.217577,0.051822,0.115841
3832_192_1086_1247,0,1,0.126663,0.657691,0.035667,0.034491,0.021314,0.076722,0.047453
3832_192_1526_1766,6,1,0.10416,0.581399,0.095186,0.028789,0.11662,0.021775,0.052071
3832_192_212_415,0,0,0.774985,0.144789,0.01505,0.009067,0.012703,0.032074,0.011332
3832_191_1766_1886,4,1,0.022136,0.250949,0.153016,0.02113,0.230247,0.102737,0.219785
3832_191_722_1086,2,1,0.172255,0.591998,0.095208,0.006519,0.047669,0.040634,0.045716
3832_191_174_212,4,4,0.026216,0.214046,0.151883,0.013093,0.384198,0.019347,0.191217
3832_192_563_722,0,0,0.790797,0.1375,0.016624,0.011808,0.008358,0.024177,0.010735
3832_191_2321_2358,4,4,0.027178,0.250879,0.209227,0.025475,0.314943,0.02401,0.148288
3832_192_448_529,0,0,0.492788,0.201076,0.038747,0.052649,0.016189,0.15588,0.042671
3832_191_415_448,4,4,0.046083,0.382214,0.051359,0.012887,0.440488,0.019889,0.04708
3832_191_529_563,4,1,0.100428,0.536613,0.053379,0.015363,0.143502,0.021211,0.129504
3827_191_104_157,5,5,0.013207,0.074961,0.027024,0.004525,0.009504,0.84724,0.02354
3827_191_1271_1426,6,5,0.010454,0.15171,0.031313,0.019807,0.014094,0.755253,0.017368
3827_191_2008_2201,2,1,0.084338,0.660741,0.102849,0.035372,0.030071,0.063305,0.023324
3827_192_1145_1255,3,3,0.014272,0.046214,0.011748,0.825223,0.014193,0.027804,0.060546
3827_191_1530_1688,6,1,0.042735,0.569492,0.05295,0.071656,0.048133,0.063898,0.151136
3827_192_1694_1963,1,5,0.010119,0.085541,0.025048,0.010906,0.016421,0.833524,0.018441
3827_192_1428_1521,5,5,0.011247,0.027931,0.0203,0.10605,0.006642,0.756935,0.070896
3827_192_2213_2315,1,1,0.09347,0.322649,0.23605,0.073796,0.166694,0.024685,0.082657
3827_191_919_942,5,5,0.009348,0.032271,0.017753,0.016325,0.008649,0.902669,0.012984
3827_192_184_253,1,5,0.015195,0.130159,0.119978,0.048143,0.013517,0.599191,0.073817
3827_191_554_665,2,1,0.055345,0.626581,0.081947,0.035167,0.037868,0.040645,0.122447
3827_191_2335_2375,6,1,0.207492,0.642017,0.021374,0.024197,0.034286,0.021204,0.04943
3827_191_1071_1138,1,1,0.077721,0.793078,0.023282,0.008346,0.018875,0.05986,0.018837
3827_192_952_1061,1,3,0.024747,0.071809,0.019296,0.66394,0.015984,0.015918,0.188307
3827_192_31_92,5,5,0.015203,0.040999,0.017532,0.01706,0.005739,0.881843,0.021624
3827_192_383_460,5,5,0.019498,0.021034,0.018483,0.130346,0.007424,0.782741,0.020475
3827_192_669_909,1,1,0.109854,0.551134,0.121172,0.033176,0.037756,0.09952,0.047388
3827_192_512_529,5,5,0.062357,0.088088,0.026768,0.03267,0.007202,0.673138,0.109777
3827_191_481_501,2,4,0.009306,0.270854,0.105061,0.005608,0.557033,0.011345,0.040793
3827_191_273_310,1,5,0.049405,0.212478,0.042793,0.033977,0.026032,0.604924,0.030392
3828_191_108_138,1,1,0.243472,0.453837,0.023985,0.01914,0.015782,0.207329,0.036455
3828_192_1241_1362,3,3,0.033157,0.287188,0.050898,0.360285,0.06555,0.058021,0.144902
3828_191_1132_1234,1,1,0.084055,0.371275,0.039937,0.071317,0.026718,0.314503,0.092194
3828_191_1613_1689,1,6,0.022011,0.238859,0.066142,0.080881,0.047915,0.271999,0.272193
3828_191_1394_1505,1,1,0.07117,0.599611,0.091326,0.012494,0.048286,0.119678,0.057434
3828_192_916_1129,3,3,0.007589,0.037251,0.014314,0.559409,0.023542,0.056047,0.301849
3828_192_145_252,1,1,0.069791,0.44277,0.065334,0.016045,0.154802,0.152504,0.098754
3828_191_524_622,1,1,0.100291,0.665258,0.029884,0.017336,0.04206,0.094547,0.050623
3828_191_305_334,4,2,0.007293,0.134744,0.370824,0.011018,0.220791,0.17175,0.083579
3828_192_633_675,1,6,0.023839,0.149868,0.063054,0.107948,0.021286,0.286773,0.347233
3828_192_432_510,1,5,0.036177,0.101549,0.030766,0.068589,0.016558,0.583844,0.162516
3828_192_31_95,1,1,0.219625,0.521812,0.035363,0.036479,0.031077,0.113122,0.042522
3828_192_1516_1602,3,1,0.014376,0.336557,0.043065,0.257448,0.101706,0.057271,0.189578
3828_192_802_877,1,6,0.034015,0.261748,0.074,0.050062,0.243327,0.034548,0.302301
3828_191_693_779,1,1,0.462208,0.489255,0.018878,0.002897,0.010685,0.00912,0.006958
3828_192_348_389,0,6,0.022033,0.12039,0.062779,0.191098,0.014927,0.093491,0.495283
3828_191_884_905,5,5,0.007349,0.029923,0.02179,0.010551,0.009155,0.845969,0.075263
3828_191_399_421,1,6,0.028156,0.096669,0.035499,0.371377,0.041509,0.030915,0.395875
3825_192_101_206,3,5,0.004996,0.037029,0.032056,0.169337,0.02378,0.608232,0.12457
3825_192_1284_1514,3,3,0.031738,0.231221,0.027795,0.357491,0.050376,0.029784,0.271594
3825_192_1663_1722,3,1,0.081205,0.30946,0.02933,0.306302,0.025537,0.214067,0.034099
3825_191_221_281,1,1,0.036708,0.858625,0.014963,0.012748,0.045816,0.018224,0.012916
3825_192_1770_1904,3,3,0.057362,0.2831,0.027096,0.438091,0.025564,0.051228,0.117559
3825_192_919_986,6,6,0.019037,0.200295,0.202231,0.089701,0.028806,0.199942,0.259988
3825_191_573_676,1,1,0.022966,0.493454,0.085188,0.024068,0.138609,0.07507,0.160645
3825_192_1037_1174,1,3,0.012977,0.244856,0.020017,0.436824,0.062575,0.015129,0.207621
3825_191_2050_2076,3,3,0.019386,0.011711,0.027621,0.891347,0.007662,0.030144,0.01213
3825_192_294_344,3,3,0.014984,0.082356,0.016308,0.662008,0.041376,0.071186,0.111781
3825_192_439_559,3,3,0.008404,0.025202,0.013566,0.856123,0.018251,0.015584,0.06287
3825_191_31_79,1,6,0.009528,0.130857,0.074225,0.046214,0.311698,0.091243,0.336235
3825_191_1535_1652,1,1,0.371291,0.541713,0.022332,0.005276,0.02642,0.018941,0.014027
3825_191_1191_1271,1,1,0.036597,0.719691,0.078408,0.009487,0.037527,0.092045,0.026244
3825_191_802_903,1,6,0.02691,0.206075,0.048203,0.162082,0.033035,0.136599,0.387097
3825_191_1723_1759,6,3,0.019773,0.045887,0.02125,0.717997,0.010677,0.102596,0.08182
3825_192_704_782,5,5,0.012838,0.043046,0.029499,0.142463,0.012289,0.581951,0.177915
3825_191_363_426,6,5,0.005319,0.056989,0.036236,0.147081,0.019617,0.579521,0.155238
3825_191_1911_1937,3,3,0.008944,0.016564,0.00915,0.702386,0.006242,0.250425,0.006287
3825_192_1954_2041,3,3,0.051546,0.224303,0.024585,0.419523,0.03953,0.059539,0.180974
3825_191_993_1030,3,5,0.006207,0.038825,0.015313,0.054181,0.005532,0.83015,0.049792
3830_192_77_194,2,4,0.011114,0.176413,0.149471,0.03504,0.484053,0.098047,0.045862
3830_191_212_270,4,1,0.013026,0.489541,0.03777,0.017531,0.257458,0.022498,0.162176
3830_191_1443_1503,1,1,0.170261,0.652454,0.01533,0.014884,0.064701,0.035335,0.047036
3830_192_893_945,4,5,0.015246,0.150364,0.067933,0.071979,0.06401,0.327083,0.303386
3830_191_1309_1366,0,1,0.044936,0.288824,0.067246,0.085622,0.210093,0.215028,0.088251
3830_191_1129_1177,3,3,0.004876,0.01114,0.012591,0.666832,0.010632,0.272497,0.021432
3830_192_1009_1129,1,5,0.00737,0.078853,0.060343,0.067874,0.023546,0.590972,0.171043
3830_192_286_371,2,5,0.012011,0.023037,0.035515,0.018204,0.011006,0.852309,0.047918
3830_192_597_661,6,5,0.039243,0.047684,0.058559,0.04477,0.017779,0.630819,0.161145
3830_192_454_545,4,5,0.005718,0.033373,0.016525,0.025072,0.011735,0.847163,0.060415
3830_191_31_67,2,5,0.212959,0.225708,0.074246,0.043308,0.02796,0.313056,0.102764
3830_191_379_439,6,1,0.1631,0.601078,0.028982,0.013947,0.035051,0.030208,0.127635
3830_192_1503_1590,3,3,0.004756,0.013637,0.02358,0.522725,0.010368,0.067024,0.35791
3830_192_1191_1260,6,6,0.015692,0.217021,0.147837,0.093618,0.047586,0.22688,0.251366
3830_192_729_830,2,6,0.008468,0.045566,0.093434,0.07132,0.116113,0.060979,0.60412
3830_191_1597_1668,1,1,0.189497,0.679454,0.015075,0.024432,0.022556,0.026356,0.042629
3830_192_1366_1434,3,3,0.006998,0.012811,0.036593,0.706182,0.012765,0.080267,0.144383
3830_191_672_694,1,1,0.04015,0.30188,0.104755,0.037687,0.259098,0.062306,0.194125
3830_191_953_1009,3,3,0.006358,0.013415,0.010965,0.902358,0.008098,0.011944,0.046862
3830_191_830_866,6,6,0.01361,0.069503,0.023445,0.296713,0.025668,0.082136,0.488926
3830_191_546_568,6,6,0.025833,0.252157,0.040725,0.076589,0.196585,0.017808,0.390302
3839_191_114_194,1,2,0.005916,0.112587,0.70768,0.00812,0.023988,0.043625,0.098083
3839_191_1066_1402,1,2,0.038334,0.312854,0.36583,0.014857,0.049205,0.076433,0.142486
3839_191_1595_1786,1,1,0.117776,0.594933,0.060852,0.009164,0.057951,0.101883,0.057441
3839_192_233_316,1,5,0.010844,0.066651,0.030873,0.048626,0.012459,0.782011,0.048535
3839_192_1411_1585,1,3,0.028026,0.075608,0.043355,0.394137,0.110353,0.211474,0.137046
3839_192_941_1050,1,3,0.014361,0.020342,0.039861,0.686117,0.023971,0.113987,0.101362
3839_192_539_698,1,5,0.035078,0.121842,0.038018,0.095221,0.048734,0.566794,0.094313
3839_191_327_523,1,2,0.007628,0.153756,0.671785,0.009829,0.042254,0.027636,0.087112
3839_191_31_64,6,1,0.090274,0.345934,0.119943,0.022595,0.028591,0.111526,0.281137
3839_191_719_863,1,1,0.018343,0.395498,0.237257,0.009619,0.032725,0.058563,0.247994
3839_192_80_99,5,5,0.010695,0.029601,0.026302,0.09027,0.014167,0.75063,0.078335
3839_192_1901_2002,1,3,0.020455,0.023676,0.007795,0.86802,0.01092,0.017889,0.051245
3839_191_2013_2023,6,6,0.04437,0.086688,0.083382,0.343335,0.02778,0.055523,0.358922
3835_192_2344_2561,3,3,0.020916,0.17292,0.053752,0.577296,0.093586,0.05014,0.03139
3835_191_123_153,3,3,0.046511,0.056133,0.034268,0.624909,0.007435,0.018824,0.211919
3835_192_1077_1309,1,5,0.023314,0.319553,0.151312,0.022155,0.059007,0.386102,0.038556
3835_192_2026_2161,5,5,0.012022,0.076026,0.010606,0.069243,0.014145,0.79991,0.018047
3835_191_1646_1854,5,5,0.020809,0.256664,0.049953,0.008452,0.043738,0.594511,0.025873
3835_192_170_301,5,5,0.009076,0.033425,0.015924,0.0543,0.005942,0.857526,0.023807
3835_191_1316_1467,5,5,0.018828,0.271477,0.130087,0.007154,0.123938,0.413773,0.034744
3835_191_2166_2327,3,6,0.021203,0.17735,0.023088,0.202638,0.070856,0.056091,0.448773
3835_191_806_1073,6,4,0.010562,0.248318,0.043715,0.103153,0.325183,0.084064,0.185005
3835_191_519_602,1,2,0.035587,0.125175,0.473227,0.009574,0.016626,0.223371,0.11644
3835_191_306_349,5,5,0.017699,0.105074,0.156221,0.003545,0.027762,0.580563,0.109137
3835_192_628_803,3,3,0.023518,0.106487,0.032398,0.754824,0.013627,0.047085,0.02206
3835_192_361_506,1,3,0.035918,0.136374,0.30002,0.30189,0.053089,0.099525,0.073184
3835_192_31_119,3,3,0.003082,0.015866,0.011994,0.72243,0.012644,0.017242,0.216742
3835_192_1480_1633,2,1,0.02201,0.390838,0.07432,0.227253,0.193643,0.032186,0.059751
3835_192_1866_1940,3,3,0.006421,0.01503,0.02349,0.709758,0.01134,0.136784,0.097176
3835_191_1951_2006,3,1,0.035272,0.441422,0.040221,0.076896,0.229927,0.041055,0.135207
3836_192_2476_2570,3,3,0.006885,0.009737,0.012766,0.752026,0.006889,0.006911,0.204785
3836_191_31_138,3,6,0.010036,0.028866,0.045145,0.32834,0.039301,0.075322,0.47299
3836_192_1295_1428,3,3,0.009188,0.025982,0.0191,0.739941,0.021778,0.02518,0.158832
3836_192_2015_2108,3,3,0.035523,0.146811,0.05569,0.506517,0.0808,0.048948,0.125711
3836_191_1133_1288,2,4,0.033852,0.285528,0.113075,0.010011,0.429981,0.030183,0.097371
3836_191_1436_1844,5,5,0.008,0.02996,0.018533,0.255284,0.014447,0.654473,0.019304
3836_191_239_568,1,4,0.040668,0.201487,0.22869,0.044004,0.263241,0.104916,0.116995
3836_191_2120_2286,3,3,0.0072,0.007849,0.01224,0.881594,0.010846,0.060069,0.020201
3836_191_744_937,4,1,0.173324,0.599351,0.036411,0.00981,0.05391,0.082414,0.04478
3836_192_949_1122,4,4,0.012189,0.07562,0.117699,0.069649,0.52593,0.086802,0.11211
3836_192_145_226,3,3,0.014557,0.11641,0.065951,0.354745,0.132867,0.014068,0.301403
3836_192_2290_2379,3,3,0.006174,0.011305,0.01774,0.854738,0.015013,0.006541,0.088489
3836_192_581_728,4,4,0.005048,0.055349,0.208959,0.030344,0.64109,0.022248,0.036963
3836_191_2391_2475,3,6,0.014497,0.043811,0.023839,0.249524,0.027442,0.017006,0.623881
3836_192_1845_1961,3,3,0.011295,0.031537,0.034671,0.788469,0.026089,0.019959,0.08798
3836_191_1966_2001,5,5,0.049176,0.100492,0.057578,0.037838,0.024874,0.599736,0.130306
3834_191_2479_2518,2,4,0.023369,0.195001,0.165011,0.009462,0.546091,0.010801,0.050266
3834_191_31_144,4,1,0.021474,0.521533,0.056711,0.011671,0.318389,0.027316,0.042906
3834_191_1167_1339,4,1,0.035283,0.396008,0.135078,0.017796,0.303276,0.046924,0.065634
3834_192_166_406,0,5,0.053613,0.209864,0.054665,0.072485,0.103151,0.372857,0.133366
3834_191_2731_2777,1,1,0.061108,0.3745,0.059483,0.013165,0.313959,0.013347,0.164437
3834_191_1440_1673,4,1,0.064558,0.562048,0.126085,0.016106,0.124486,0.04163,0.065086
3834_192_2518_2731,4,1,0.060611,0.270103,0.114642,0.222547,0.091493,0.069852,0.170752
3834_191_843_1085,4,1,0.035122,0.361024,0.199683,0.010941,0.315188,0.038353,0.039688
3834_192_1339_1440,0,0,0.776889,0.04109,0.011087,0.006261,0.003814,0.154407,0.006451
3834_192_1097_1167,0,0,0.734556,0.109342,0.02018,0.013365,0.006852,0.10154,0.014166
3834_191_1845_2200,2,4,0.067897,0.301912,0.055502,0.012453,0.526484,0.019435,0.016317
3834_192_1673_1810,0,1,0.08644,0.540432,0.112304,0.058509,0.057811,0.083547,0.060957
3834_191_565_646,4,1,0.030646,0.566266,0.049751,0.007712,0.254345,0.037746,0.053534
3834_192_2200_2476,1,1,0.196965,0.61205,0.090531,0.008801,0.045816,0.0293,0.016538
3834_192_656_745,5,5,0.008055,0.022141,0.014168,0.014094,0.00284,0.914423,0.024279
3834_191_406_514,4,4,0.027999,0.316317,0.095431,0.011858,0.490113,0.030442,0.02784
3834_192_514_555,1,5,0.019295,0.109509,0.049121,0.034191,0.011996,0.580544,0.195344
3834_192_789_837,0,0,0.450277,0.362865,0.017219,0.030502,0.007607,0.107706,0.023826
3834_191_745_768,4,4,0.021282,0.320738,0.097634,0.013474,0.470925,0.021255,0.054693
3838_191_2375_2552,2,1,0.033742,0.518593,0.043467,0.067069,0.04105,0.058029,0.238049
3838_191_1272_1469,6,6,0.008538,0.154522,0.08402,0.164246,0.081477,0.057474,0.449724
3838_192_244_321,3,6,0.010658,0.091214,0.132085,0.038902,0.065696,0.327807,0.333637
3838_192_2573_2750,3,1,0.028039,0.360733,0.070307,0.076904,0.162111,0.056866,0.24504
3838_192_748_963,3,3,0.013979,0.033255,0.028899,0.378993,0.026419,0.324724,0.193731
3838_191_1099_1174,5,1,0.100112,0.390415,0.034616,0.195008,0.019577,0.13122,0.129052
3838_191_2061_2221,3,3,0.01565,0.119194,0.077809,0.414648,0.040267,0.016329,0.316103
3838_192_169_198,5,5,0.043698,0.088102,0.050429,0.221345,0.020741,0.428491,0.147195
3838_192_1715_2047,3,6,0.010317,0.075752,0.041428,0.15986,0.049975,0.066338,0.596331
3838_191_489_739,6,1,0.053679,0.377293,0.147013,0.02936,0.087597,0.059533,0.245526
3838_191_1630_1692,1,1,0.016394,0.797649,0.051669,0.006055,0.098243,0.006563,0.023426
3838_192_1483_1605,3,3,0.026209,0.121143,0.052023,0.541326,0.09654,0.065939,0.09682
3838_192_2247_2344,5,5,0.008938,0.075223,0.012931,0.015225,0.009735,0.842255,0.035694
3838_192_1190_1261,5,3,0.035427,0.128217,0.035966,0.381876,0.018598,0.18379,0.216125
3838_191_81_124,1,1,0.034276,0.562163,0.052005,0.060494,0.08537,0.010422,0.19527
3838_192_1031_1087,1,5,0.034653,0.087126,0.021038,0.013132,0.009879,0.80323,0.030941
3838_191_981_1024,5,1,0.055892,0.658319,0.131466,0.009195,0.061435,0.04586,0.037834
3838_191_329_392,1,6,0.018679,0.350528,0.100362,0.012984,0.134601,0.019074,0.363771
3838_192_418_476,3,6,0.009637,0.054403,0.057033,0.215651,0.009435,0.111031,0.542811
3838_192_31_67,3,6,0.005794,0.022659,0.048172,0.319192,0.018191,0.213309,0.372682
3838_191_219_226,1,6,0.027838,0.139291,0.065283,0.055464,0.130434,0.017547,0.564143
3840_192_31_316,2,5,0.048098,0.098528,0.076536,0.226701,0.040349,0.303144,0.206645
3840_192_1294_1320,2,6,0.026733,0.11691,0.024609,0.238981,0.057701,0.020803,0.514263
3840_192_835_1184,2,2,0.184245,0.110823,0.535837,0.035876,0.055532,0.033675,0.044011
3840_192_1642_1726,1,1,0.230668,0.26508,0.063711,0.142366,0.046611,0.068154,0.18341
3840_192_1791_1908,2,2,0.186018,0.228085,0.330404,0.066362,0.064669,0.036768,0.087694
3840_192_1448_1484,5,5,0.007913,0.041213,0.037153,0.044939,0.009286,0.707376,0.152118
3840_192_483_592,2,3,0.011996,0.020397,0.011058,0.821716,0.009194,0.06067,0.064969
3840_191_1733_1782,1,1,0.029079,0.51897,0.050347,0.032811,0.038573,0.208362,0.121858
3840_191_317_348,1,3,0.018847,0.139068,0.028887,0.406984,0.070794,0.023396,0.312023
3840_191_599_634,1,6,0.031559,0.187036,0.029019,0.155487,0.045028,0.021117,0.530754
3840_192_369_452,2,3,0.023064,0.022,0.04945,0.548436,0.115862,0.053473,0.187715
3840_191_454_463,6,6,0.013313,0.124861,0.066389,0.016472,0.296484,0.01736,0.465119
3840_191_1496_1548,1,6,0.024934,0.139393,0.252047,0.015189,0.049035,0.245346,0.274055
3840_191_1195_1264,1,1,0.049289,0.504263,0.081712,0.032856,0.14428,0.080107,0.107494
3840_191_726_823,1,1,0.153635,0.629876,0.038252,0.010231,0.090439,0.036515,0.041051
3840_192_647_713,2,3,0.03416,0.056965,0.026009,0.463579,0.022043,0.342266,0.054978
3840_191_1605_1628,6,6,0.143172,0.308632,0.048604,0.027238,0.03042,0.098899,0.343035
3840_191_1391_1420,5,1,0.238051,0.487385,0.071236,0.007137,0.126905,0.01355,0.055736
3840_192_1564_1576,5,5,0.015855,0.031378,0.019884,0.021162,0.008895,0.836125,0.0667
3925_198_117_429,1,4,0.089609,0.250839,0.078889,0.09807,0.332831,0.050445,0.099318
3925_197_1226_1329,1,1,0.172411,0.472259,0.025836,0.022421,0.029714,0.180395,0.096964
3925_198_1886_2358,1,6,0.083969,0.25895,0.029863,0.239188,0.032165,0.093631,0.262234
3925_198_1024_1201,1,1,0.090445,0.470458,0.021741,0.152625,0.028686,0.077908,0.158137
3925_198_1346_1684,1,4,0.058423,0.269547,0.067281,0.112758,0.305465,0.028017,0.158509
3925_197_1695_1860,0,0,0.693672,0.216864,0.02534,0.014873,0.013246,0.025393,0.010612
3925_197_877_990,0,1,0.127961,0.517659,0.068981,0.023175,0.121077,0.035276,0.105872
3925_198_541_864,1,1,0.081805,0.384057,0.096163,0.038383,0.310467,0.034241,0.054883
3925_197_439_528,1,0,0.450886,0.287419,0.021702,0.009719,0.008781,0.212444,0.00905
3925_197_31_79,1,2,0.02785,0.287822,0.354771,0.004432,0.210417,0.06138,0.05333
3925_197_2389_2481,1,3,0.037198,0.233939,0.065089,0.424766,0.049167,0.043449,0.146391
3928_198_31_149,5,4,0.031704,0.190255,0.110986,0.051139,0.271436,0.220467,0.124014
3928_197_1160_1356,4,3,0.016052,0.216019,0.125301,0.318259,0.17989,0.018286,0.126194
3928_198_1963_2172,1,3,0.029234,0.231224,0.044851,0.3347,0.18313,0.0774,0.099461
3928_198_1634_1781,1,6,0.045918,0.166756,0.036021,0.242603,0.031547,0.072602,0.404553
3928_198_248_318,1,5,0.040914,0.167405,0.143398,0.046654,0.125853,0.379735,0.096041
3928_197_1809_1962,3,4,0.009087,0.21494,0.198984,0.095271,0.416744,0.026716,0.038259
3928_198_1373_1584,0,5,0.018314,0.061225,0.029358,0.097857,0.011949,0.488527,0.292771
3928_198_929_1130,0,1,0.023792,0.326928,0.073941,0.046098,0.096824,0.185238,0.247179
3928_197_154_237,4,1,0.012086,0.519534,0.116436,0.097946,0.15656,0.016795,0.080642
3928_198_559_764,1,1,0.257131,0.403933,0.045235,0.01569,0.042168,0.217913,0.017931
3928_197_346_545,6,2,0.007455,0.182397,0.325999,0.087061,0.274125,0.02812,0.094843
3928_197_800_926,4,4,0.007635,0.141539,0.322838,0.017659,0.422072,0.006871,0.081385
3928_197_1604_1608,5,5,0.006086,0.032682,0.029768,0.032848,0.012786,0.812858,0.072973
3927_197_31_165,2,2,0.011296,0.038298,0.378382,0.278707,0.082564,0.033223,0.177529
3927_198_1209_1418,1,1,0.076749,0.583837,0.022991,0.067263,0.098334,0.040024,0.110802
3927_197_1622_1708,6,6,0.033122,0.189999,0.08481,0.23265,0.039675,0.037032,0.382713
3927_198_178_307,1,5,0.008469,0.053662,0.079075,0.061032,0.022652,0.532071,0.243038
3927_197_1418_1479,4,4,0.032543,0.38102,0.0993,0.007992,0.454985,0.005168,0.018992
3927_197_844_971,5,2,0.011714,0.132962,0.352503,0.015066,0.224297,0.064454,0.199003
3927_197_587_664,3,3,0.026494,0.057069,0.179506,0.410497,0.199396,0.024891,0.102146
3927_197_1119_1178,5,5,0.019705,0.097081,0.106321,0.068025,0.070046,0.383904,0.254919
3927_197_317_464,6,2,0.007439,0.074026,0.345332,0.180512,0.29983,0.015874,0.076987
3927_198_988_1101,1,1,0.030615,0.460284,0.041977,0.118071,0.058802,0.082953,0.207297
3927_198_465_571,5,5,0.01083,0.04717,0.029254,0.194803,0.024131,0.603955,0.089856
3927_198_1535_1611,4,4,0.019071,0.156761,0.059289,0.241029,0.279628,0.020745,0.223478
3927_198_674_833,3,3,0.015438,0.028854,0.031644,0.761476,0.034839,0.032331,0.095419
3931_198_99_156,6,2,0.039963,0.228187,0.362557,0.0178,0.056556,0.170487,0.12445
3931_197_1163_1346,1,1,0.086797,0.589908,0.047359,0.038158,0.201352,0.013133,0.023294
3931_197_1575_1691,1,1,0.11959,0.541335,0.074275,0.066362,0.091429,0.018564,0.088445
3931_198_231_256,6,6,0.035086,0.183196,0.259285,0.029337,0.061488,0.084795,0.346813
3931_198_1715_1870,0,1,0.21319,0.567226,0.050014,0.009737,0.025609,0.091639,0.042584
3931_198_1374_1563,0,1,0.149401,0.525808,0.034555,0.016914,0.062389,0.155764,0.055168
3931_198_918_1149,1,1,0.089067,0.469161,0.071876,0.025646,0.071604,0.080622,0.192023
3931_197_168_205,3,3,0.024155,0.157324,0.044467,0.437241,0.102865,0.014016,0.219931
3931_198_576_721,1,1,0.138176,0.533213,0.062136,0.010634,0.037716,0.161073,0.057052
3931_197_344_548,6,1,0.047444,0.470599,0.071135,0.077945,0.146025,0.083483,0.103369
3931_197_31_85,3,3,0.01467,0.02516,0.037575,0.73281,0.048828,0.014839,0.126118
3931_197_736_901,6,1,0.159361,0.626484,0.023336,0.058202,0.041287,0.034613,0.056718
3923_197_74_226,6,1,0.179075,0.488962,0.072272,0.020722,0.01788,0.189836,0.031253
3923_197_1189_1390,1,2,0.0055,0.149919,0.513655,0.006719,0.251981,0.029098,0.043127
3923_198_1956_2189,1,4,0.070928,0.273127,0.113668,0.051498,0.383895,0.041783,0.065101
3923_198_1594_1713,1,6,0.006668,0.095944,0.208133,0.054606,0.077463,0.021773,0.535413
3923_198_243_276,1,6,0.039465,0.222965,0.118231,0.061106,0.067876,0.05841,0.431946
3923_197_1727_1951,5,2,0.018052,0.170088,0.542984,0.006768,0.18076,0.050132,0.031216
3923_198_1417_1483,1,5,0.027562,0.146662,0.270952,0.034856,0.045168,0.35477,0.12003
3923_197_2208_2247,4,4,0.016585,0.304123,0.123889,0.010859,0.395711,0.015116,0.133716
3923_198_815_945,2,2,0.020387,0.18351,0.394305,0.028549,0.113973,0.07334,0.185937
3923_198_511_669,1,2,0.009387,0.05503,0.414454,0.034646,0.044975,0.212647,0.228861
3923_198_1045_1169,1,1,0.038817,0.322437,0.186813,0.031611,0.307428,0.040169,0.072725
3923_198_31_66,1,1,0.177557,0.361069,0.096017,0.013418,0.022452,0.252165,0.077323
3923_197_437_467,6,5,0.023718,0.179346,0.109847,0.009413,0.03617,0.449085,0.192421
3923_197_1487_1577,1,1,0.03004,0.645073,0.079692,0.012531,0.185391,0.014821,0.032452
3923_197_689_791,5,6,0.016376,0.148624,0.229117,0.019601,0.096479,0.214713,0.275089
3923_197_964_1033,5,5,0.017475,0.074313,0.029988,0.004003,0.007333,0.85269,0.014199
3933_198_112_200,3,3,0.014946,0.03827,0.02893,0.46183,0.022724,0.115451,0.31785
3933_197_1243_1344,3,1,0.105139,0.303325,0.073031,0.301838,0.056188,0.052654,0.107825
3933_198_1161_1240,5,3,0.038239,0.01501,0.014377,0.528051,0.005639,0.382705,0.015979
3933_197_1444_1699,5,5,0.048096,0.053822,0.023025,0.009681,0.006886,0.849068,0.009422
3933_198_253_332,1,1,0.133372,0.56684,0.024466,0.175312,0.013612,0.021657,0.06474
3933_197_858_1144,5,5,0.081058,0.094808,0.046167,0.022578,0.00755,0.728571,0.019268
3933_197_567_705,5,3,0.017155,0.026949,0.023847,0.705923,0.009808,0.204136,0.012183
3933_198_1709_1783,5,5,0.027096,0.006959,0.009523,0.291721,0.00808,0.646866,0.009756
3933_198_446_555,3,6,0.015826,0.036099,0.040388,0.303508,0.021052,0.043485,0.539641
3933_197_31_104,6,6,0.031961,0.096581,0.036312,0.210787,0.026696,0.191322,0.406341
3933_198_712_841,5,3,0.009441,0.013161,0.012518,0.821881,0.008784,0.11603,0.018184
3933_197_1831_1926,1,5,0.028944,0.089915,0.05692,0.02383,0.034106,0.630687,0.135597
3933_197_339_415,1,3,0.09652,0.230033,0.033082,0.521443,0.015752,0.025705,0.077466
3933_198_1374_1434,3,4,0.014053,0.128423,0.272951,0.072935,0.365651,0.020196,0.125791
3933_197_207_247,3,3,0.011539,0.024108,0.012651,0.887379,0.009439,0.010237,0.044646
3934_197_85_201,6,6,0.009334,0.122366,0.067267,0.10468,0.213391,0.042715,0.440246
3934_197_1210_1410,3,3,0.030262,0.07442,0.059233,0.610592,0.028092,0.028481,0.16892
3934_198_945_1201,3,5,0.015828,0.067614,0.056544,0.156256,0.036551,0.523486,0.143721
3934_198_1698_1881,1,6,0.080767,0.196968,0.112921,0.088062,0.13919,0.041161,0.34093
3934_198_1440_1560,1,1,0.086564,0.349531,0.293986,0.044019,0.121542,0.07986,0.024498
3934_197_510_609,1,1,0.163655,0.713968,0.033518,0.011514,0.043563,0.009533,0.02425
3934_197_264_356,3,6,0.022392,0.091098,0.124351,0.124461,0.090246,0.097871,0.449579
3934_198_616_677,3,1,0.119956,0.440369,0.020122,0.26575,0.03483,0.016324,0.10265
3934_198_365_506,3,1,0.170768,0.499,0.019471,0.120152,0.023557,0.055147,0.111904
3934_198_31_76,5,6,0.015089,0.048528,0.080978,0.01897,0.03757,0.326586,0.472279
3934_197_693_919,3,3,0.018401,0.038477,0.044205,0.772991,0.018256,0.022352,0.085317
3934_197_1577_1649,5,5,0.015362,0.108181,0.034813,0.019209,0.021714,0.669811,0.130911
3934_198_212_243,3,3,0.012495,0.036481,0.023605,0.639916,0.05496,0.063342,0.1692
3936_197_126_210,5,5,0.025572,0.086258,0.030603,0.233662,0.009644,0.508371,0.105889
3936_198_1148_1426,3,3,0.01885,0.046121,0.122303,0.430968,0.059921,0.102074,0.219762
3936_197_1652_1709,3,3,0.019156,0.016937,0.024934,0.868431,0.011767,0.030101,0.028675
3936_198_221_446,3,3,0.011886,0.022711,0.014393,0.772646,0.030064,0.066008,0.082293
3936_197_1434_1514,3,3,0.013878,0.011177,0.007051,0.899562,0.007785,0.049834,0.010715
3936_197_928_979,6,4,0.00696,0.282716,0.226509,0.006608,0.395205,0.014265,0.067737
3936_198_556_654,3,3,0.010595,0.026584,0.042251,0.554099,0.146185,0.01415,0.206136
3936_197_1097_1126,3,3,0.015202,0.034445,0.076402,0.526632,0.013819,0.220695,0.112804
3936_198_1724_1790,3,6,0.034778,0.163733,0.02802,0.257911,0.041895,0.013397,0.460267
3936_198_994_1079,3,6,0.021064,0.104067,0.102336,0.17231,0.024513,0.074205,0.501507
3936_197_460_542,3,3,0.03413,0.114237,0.016326,0.747295,0.037874,0.022612,0.027526
3936_198_31_102,3,6,0.01252,0.022799,0.1288,0.18383,0.007568,0.258779,0.385705
3936_198_1532_1646,3,6,0.017648,0.041819,0.027969,0.251938,0.012247,0.031598,0.616781
3936_198_812_916,3,6,0.0268,0.17653,0.133894,0.107118,0.075311,0.043273,0.437074
3936_197_694_785,3,4,0.005149,0.09869,0.273411,0.075622,0.292334,0.006855,0.247937
3940_198_128_250,0,4,0.01287,0.130212,0.153417,0.082676,0.287066,0.05942,0.274339
3940_198_1180_1285,1,4,0.018904,0.292578,0.112403,0.028965,0.366836,0.024806,0.155509
3940_198_1657_1814,1,4,0.03099,0.318307,0.042575,0.043597,0.496665,0.013762,0.054104
3940_198_1396_1521,1,1,0.021766,0.398122,0.079796,0.044036,0.222274,0.027089,0.206918
3940_198_818_1024,1,1,0.099133,0.591811,0.043647,0.028019,0.093351,0.056147,0.087891
3940_197_1312_1386,1,4,0.023191,0.405456,0.04957,0.024956,0.423773,0.031593,0.041461
3940_197_1043_1168,4,1,0.019171,0.490531,0.07817,0.01188,0.37202,0.008386,0.019843
3940_198_307_403,4,6,0.030917,0.19929,0.07403,0.04615,0.052312,0.158549,0.438752
3940_198_600_721,1,4,0.028642,0.242266,0.052194,0.027216,0.594759,0.022524,0.032398
3940_197_403_589,3,5,0.011076,0.094445,0.089499,0.049871,0.099257,0.597911,0.05794
3940_197_31_108,3,6,0.034108,0.155445,0.054358,0.03199,0.031782,0.250524,0.441792
3940_197_721_805,1,1,0.056329,0.763027,0.044735,0.01715,0.086716,0.017788,0.014255
3940_197_1547_1628,4,1,0.033922,0.496019,0.231093,0.02385,0.168292,0.006739,0.040087
3940_197_267_287,5,5,0.019109,0.083012,0.028827,0.020149,0.02106,0.703128,0.124715
3938_197_31_131,5,3,0.009093,0.017644,0.017945,0.851526,0.010145,0.069132,0.024516
3938_197_1249_1473,3,4,0.020145,0.308188,0.053435,0.041462,0.538469,0.01345,0.024851
3938_197_223_365,3,3,0.017763,0.13123,0.029309,0.704706,0.022795,0.01767,0.076528
3938_197_919_945,3,3,0.056274,0.341359,0.021871,0.412627,0.057254,0.007984,0.102632
3938_198_138_216,3,3,0.016011,0.04213,0.019049,0.586068,0.011265,0.119528,0.205949
3938_198_550_715,4,3,0.013014,0.063415,0.095871,0.52462,0.043149,0.126791,0.133139
3938_197_1033_1170,3,3,0.024115,0.122404,0.01768,0.734845,0.023045,0.049708,0.028204
3938_198_453_488,3,3,0.043552,0.255544,0.043887,0.287536,0.066673,0.021267,0.281541
3938_197_411_445,5,3,0.012821,0.015722,0.023442,0.498932,0.01158,0.368654,0.068848
3938_198_1490_1595,3,6,0.04879,0.22605,0.035816,0.109136,0.245968,0.038627,0.295613
3938_198_385_391,3,3,0.012109,0.014827,0.01807,0.548756,0.020181,0.030653,0.355402
3938_197_508_542,3,3,0.047185,0.119977,0.046197,0.489754,0.050405,0.047428,0.199053
3938_198_827_905,5,6,0.017517,0.032477,0.040829,0.131334,0.021395,0.094593,0.661856
3938_197_730_816,4,1,0.013461,0.524344,0.054936,0.028962,0.285751,0.006407,0.086138
3938_198_964_1021,5,5,0.033284,0.172896,0.062428,0.215364,0.155975,0.244044,0.116009
3938_198_1215_1242,3,3,0.015877,0.050342,0.020908,0.727439,0.039474,0.057338,0.088622
3948_198_93_142,6,5,0.008632,0.049602,0.055649,0.033669,0.019211,0.698289,0.134949
3948_197_1222_1366,0,0,0.75857,0.161795,0.00806,0.019035,0.004722,0.036605,0.011213
3948_197_1811_2064,1,0,0.464377,0.292345,0.023241,0.07764,0.020076,0.105183,0.017139
3948_198_975_1191,1,1,0.169152,0.48308,0.059639,0.032145,0.026679,0.195485,0.03382
3948_198_1380_1795,0,0,0.727367,0.198036,0.008966,0.019197,0.005985,0.030604,0.009845
3948_197_163_260,6,1,0.027538,0.474559,0.068868,0.120824,0.098791,0.079221,0.130198
3948_198_2221_2384,1,1,0.133487,0.316968,0.062207,0.186996,0.030639,0.10145,0.168253
3948_197_486_779,1,1,0.119137,0.515378,0.051858,0.142715,0.059175,0.041221,0.070516
3948_198_287_465,6,6,0.027797,0.251711,0.048641,0.237637,0.070737,0.082409,0.281067
3948_197_31_71,2,6,0.023067,0.19375,0.079527,0.145264,0.064848,0.059974,0.43357
3948_198_802_901,1,2,0.009808,0.090242,0.411396,0.017378,0.391615,0.044463,0.035096
3948_197_2113_2206,0,0,0.755487,0.129808,0.0204,0.037127,0.014693,0.016911,0.025573
3948_197_2404_2421,1,5,0.015939,0.081827,0.050965,0.214829,0.033604,0.360989,0.241847
3948_197_937_946,5,5,0.018333,0.080298,0.040753,0.04207,0.030759,0.659648,0.128139
3948_198_2074_2103,1,0,0.407801,0.375946,0.023349,0.077584,0.020878,0.022215,0.072227
3949_197_1262_1418,3,3,0.017172,0.152804,0.123948,0.336312,0.207056,0.025215,0.137493
3949_197_1769_2063,6,3,0.017487,0.141119,0.142942,0.289638,0.103732,0.028678,0.276406
3949_198_1504_1710,4,2,0.00865,0.215485,0.486132,0.010783,0.077202,0.126679,0.07507
3949_198_155_298,2,2,0.003935,0.076043,0.633616,0.006806,0.096459,0.039762,0.143379
3949_198_2110_2283,6,2,0.008041,0.080767,0.541539,0.032952,0.043019,0.025634,0.268047
3949_197_913_1171,6,6,0.011909,0.155282,0.188851,0.12623,0.095707,0.057279,0.364743
3949_198_479_599,5,5,0.009665,0.045937,0.06392,0.003108,0.004741,0.855584,0.017045
3949_197_315_461,3,3,0.009238,0.050045,0.030647,0.522588,0.021422,0.019649,0.346411
3949_198_31_75,2,2,0.005262,0.058359,0.791084,0.006481,0.052335,0.042829,0.043649
3949_198_799_880,4,5,0.006521,0.084623,0.160138,0.013659,0.008469,0.576509,0.150081
3949_197_644_767,3,2,0.012023,0.175666,0.229332,0.213639,0.14916,0.014711,0.205468
3949_197_103_115,3,6,0.025041,0.073076,0.080941,0.303553,0.056524,0.037542,0.423324
3949_198_1202_1247,5,5,0.010777,0.076176,0.054582,0.009011,0.007726,0.798146,0.043581
3953_198_114_257,1,5,0.01579,0.101384,0.060124,0.016679,0.026382,0.714649,0.064991
3953_197_2011_2131,3,3,0.013451,0.088865,0.084665,0.461021,0.034609,0.051337,0.266052
3953_197_1005_1205,3,3,0.00994,0.044381,0.043535,0.734101,0.015638,0.09338,0.059025
3953_197_1581_1691,3,6,0.049526,0.116691,0.051987,0.173346,0.035958,0.03045,0.542042
3953_198_1712_2009,3,6,0.022714,0.099903,0.152581,0.142402,0.057459,0.066322,0.458619
3953_198_737_975,1,2,0.009283,0.198753,0.280705,0.031757,0.192563,0.053916,0.233021
3953_197_1297_1451,3,6,0.013488,0.082658,0.039454,0.330661,0.044534,0.124796,0.364409
3953_198_378_606,1,6,0.005821,0.241039,0.1772,0.034613,0.063205,0.209543,0.268579
3953_197_290_378,4,5,0.010423,0.13416,0.101038,0.00464,0.01062,0.669048,0.070072
3953_197_607_730,4,4,0.017967,0.306053,0.196111,0.01111,0.386966,0.030524,0.051269
3953_197_31_114,3,3,0.022779,0.029838,0.042683,0.616584,0.01304,0.09257,0.182506
3953_198_1463_1569,6,6,0.010585,0.109476,0.323454,0.029556,0.05675,0.130842,0.339336
3953_198_1219_1293,5,6,0.006836,0.028775,0.075095,0.034482,0.016072,0.254478,0.584262
3951_198_2240_2692,1,6,0.021161,0.225834,0.083887,0.170391,0.17583,0.091604,0.231294
3951_198_124_402,6,6,0.050416,0.137433,0.061652,0.096982,0.232618,0.044116,0.376782
3951_197_1136_1389,3,3,0.048867,0.144101,0.093784,0.343103,0.090522,0.147556,0.132067
3951_197_2693_2976,3,3,0.013841,0.055692,0.029845,0.563842,0.034143,0.080255,0.222382
3951_198_1397_1869,1,4,0.017372,0.207923,0.121477,0.050026,0.349946,0.033038,0.220217
3951_198_3435_3552,6,6,0.02754,0.183163,0.169583,0.08396,0.086383,0.031045,0.418326
3951_197_3085_3432,3,6,0.024501,0.086902,0.088462,0.103375,0.116847,0.023752,0.556161
3951_198_698_1129,6,6,0.033423,0.200678,0.058477,0.079868,0.253106,0.044277,0.330171
3951_197_1870_2239,4,1,0.030943,0.253868,0.158457,0.110106,0.148783,0.06261,0.235232
3951_197_529_690,3,5,0.03021,0.175983,0.093801,0.098381,0.080795,0.271815,0.249014
3951_198_2986_3076,6,3,0.009239,0.038087,0.097558,0.526101,0.03419,0.014689,0.280136
3951_197_403_464,5,5,0.030142,0.103909,0.04956,0.031956,0.016103,0.594138,0.174192
3951_198_465_527,6,6,0.08003,0.192894,0.056307,0.132401,0.045704,0.054967,0.437696
3951_197_31_113,3,5,0.025153,0.129955,0.041507,0.170867,0.029657,0.301628,0.301234
3955_197_2351_2842,1,4,0.008904,0.042132,0.109789,0.025512,0.768575,0.012657,0.03243
3955_197_1232_1333,1,4,0.020429,0.157014,0.070345,0.023686,0.670474,0.013475,0.044577
3955_198_770_1217,4,4,0.067338,0.195203,0.042868,0.047949,0.590255,0.034215,0.022171
3955_198_169_625,1,4,0.048112,0.215625,0.046705,0.022016,0.58609,0.024682,0.05677
3955_198_1365_1947,1,1,0.133354,0.414062,0.047178,0.031524,0.292273,0.027867,0.053741
3955_197_3034_3473,1,4,0.025897,0.165529,0.096902,0.054109,0.456266,0.024125,0.177171
3955_198_2945_2971,1,6,0.016652,0.090563,0.223168,0.098255,0.11168,0.071578,0.388104
3955_198_2116_2328,1,1,0.106468,0.30162,0.169104,0.046942,0.255182,0.047982,0.072702
3955_197_31_125,1,4,0.032755,0.188187,0.193758,0.034319,0.464455,0.024537,0.061988
3955_197_643_737,1,4,0.03205,0.393047,0.082614,0.010875,0.457603,0.008952,0.014858
3955_197_1979_2055,1,1,0.0231,0.43897,0.068017,0.022707,0.376325,0.038023,0.032858
3955_198_3568_3703,1,4,0.009302,0.13813,0.065279,0.026022,0.677326,0.011206,0.072735
3954_198_1280_1668,1,4,0.03463,0.211514,0.109486,0.035936,0.266355,0.159542,0.182536
3954_197_150_272,1,5,0.015943,0.058725,0.025193,0.008136,0.007175,0.859287,0.025541
3954_198_1791_1923,1,4,0.031133,0.2317,0.201607,0.032577,0.26035,0.028106,0.214527
3954_198_2073_2261,1,1,0.053528,0.3902,0.074201,0.061059,0.213742,0.028296,0.178974
3954_198_31_127,4,4,0.019532,0.141966,0.193649,0.04154,0.52145,0.013146,0.068717
3954_198_569_1152,1,4,0.017868,0.135502,0.062763,0.030356,0.661905,0.024822,0.066785
3954_198_294_364,1,4,0.050132,0.329632,0.061947,0.038578,0.38915,0.02601,0.104552
3954_197_388_543,1,1,0.070959,0.464652,0.064061,0.031058,0.208627,0.092937,0.067705
3954_197_2281_2291,1,5,0.011749,0.063047,0.045073,0.028906,0.022598,0.716183,0.112445
3954_197_1200_1245,1,1,0.060917,0.345545,0.185643,0.009857,0.067335,0.302972,0.027729
3954_197_1931_2007,1,1,0.091173,0.628495,0.048186,0.041639,0.124855,0.02114,0.044512
3954_197_1709_1744,1,2,0.026606,0.243148,0.344186,0.024285,0.097084,0.127734,0.136956
3952_197_31_133,5,6,0.028343,0.084703,0.047196,0.136924,0.007704,0.289677,0.405453
3952_197_1272_1388,1,1,0.018596,0.411978,0.167248,0.015605,0.30867,0.015834,0.062069
3952_198_1606_1691,1,6,0.013363,0.156624,0.200557,0.01988,0.075535,0.090143,0.4439
3952_198_141_281,2,1,0.052173,0.307954,0.148593,0.043466,0.306813,0.049279,0.091722
3952_197_1447_1601,1,2,0.029498,0.233746,0.306283,0.080267,0.120929,0.042015,0.187261
3952_198_943_1060,1,6,0.080089,0.209835,0.052151,0.116847,0.02507,0.034906,0.481102
3952_197_510_683,1,1,0.026289,0.403905,0.119332,0.019896,0.307807,0.016779,0.105993
3952_197_1083_1182,1,1,0.025659,0.400127,0.229566,0.015386,0.225376,0.017194,0.086692
3952_197_1735_1776,0,4,0.012593,0.192154,0.103546,0.011198,0.46637,0.007823,0.206316
3952_197_292_407,0,1,0.054698,0.63333,0.070701,0.036447,0.074049,0.024333,0.106442
3952_198_417_501,5,5,0.02193,0.099326,0.166455,0.01807,0.016482,0.502161,0.175575
3952_198_1193_1255,2,5,0.019819,0.097645,0.078388,0.033969,0.018121,0.396269,0.355789
3952_198_699_829,1,5,0.027025,0.103662,0.134876,0.03752,0.025162,0.545361,0.126394
3952_198_1403_1433,1,5,0.011177,0.06468,0.038581,0.040439,0.01207,0.679461,0.153593
3952_197_871_906,1,1,0.026963,0.327345,0.080096,0.054842,0.249242,0.012169,0.249342
3959_197_31_146,3,3,0.012995,0.035768,0.114797,0.423519,0.278823,0.030031,0.104067
3959_198_1177_1586,4,4,0.023167,0.180299,0.064669,0.251811,0.349288,0.084223,0.046543
3959_198_2016_2170,5,6,0.00636,0.124188,0.158711,0.032114,0.239957,0.17626,0.262409
3959_197_1592_1732,4,4,0.010383,0.121323,0.033615,0.023651,0.779763,0.013569,0.017697
3959_198_174_395,6,4,0.01083,0.126176,0.072059,0.021247,0.714752,0.014888,0.040047
3959_197_1821_1982,5,5,0.013667,0.117137,0.164559,0.015562,0.135696,0.420455,0.132924
3959_198_1761_1809,5,5,0.020984,0.064693,0.054518,0.0342,0.034038,0.567667,0.223901
3959_197_2197_2247,5,5,0.015111,0.113453,0.225432,0.009434,0.079657,0.399097,0.157816
3959_198_760_947,6,4,0.019685,0.188999,0.111443,0.042717,0.413973,0.033127,0.190056
3959_197_436_605,4,4,0.02191,0.180217,0.062277,0.101876,0.558228,0.025022,0.050471
3959_197_1007_1174,2,4,0.008507,0.078411,0.104977,0.015858,0.746175,0.014974,0.031098
3959_198_629_699,6,4,0.03619,0.329281,0.047127,0.035362,0.474031,0.023635,0.054374
3959_197_715_734,4,3,0.023904,0.09011,0.113345,0.461315,0.080576,0.112939,0.117811
3958_198_2414_2753,3,1,0.113382,0.413702,0.076373,0.08763,0.253052,0.031787,0.024074
3958_197_31_238,5,5,0.013997,0.116308,0.06095,0.024037,0.009405,0.658304,0.116999
3958_197_1241_1511,5,4,0.017905,0.0842,0.024334,0.091108,0.721708,0.026523,0.034221
3958_198_1089_1219,6,1,0.028863,0.306948,0.152554,0.079947,0.19881,0.032601,0.200277
3958_197_2788_2954,1,4,0.030414,0.304171,0.112379,0.015847,0.505443,0.013789,0.017957
3958_197_808_1055,3,5,0.02939,0.097288,0.071616,0.238658,0.126161,0.413594,0.023293
3958_198_2050_2264,1,4,0.030695,0.241678,0.05118,0.070767,0.419515,0.024173,0.161992
3958_198_1532_1883,6,1,0.114231,0.483751,0.039452,0.16768,0.0842,0.045183,0.065503
3958_197_441_676,5,3,0.020965,0.143142,0.06523,0.395158,0.19663,0.067167,0.111708
3958_197_2276_2389,3,6,0.01568,0.185443,0.077532,0.195944,0.146405,0.080397,0.298599
3958_197_1884_2034,4,4,0.006264,0.223984,0.17794,0.051916,0.355763,0.154908,0.029224
3958_198_704_774,3,5,0.007042,0.038658,0.051231,0.113055,0.013842,0.685595,0.090577
3958_198_3013_3087,3,3,0.026159,0.056736,0.011133,0.787591,0.00706,0.012638,0.098683
3958_198_268_414,3,5,0.006233,0.033667,0.025173,0.025648,0.008065,0.816726,0.084489
3963_199_1213_1451,3,3,0.017866,0.057797,0.097178,0.569537,0.147251,0.037047,0.073324
3963_199_2040_2145,3,3,0.015352,0.091557,0.101532,0.418115,0.071846,0.015561,0.286038
3963_200_1017_1199,3,5,0.004421,0.027999,0.026678,0.262634,0.047196,0.51963,0.111443
3963_199_1575_1786,3,1,0.10174,0.537329,0.054538,0.117968,0.085088,0.029265,0.074072
3963_199_250_502,1,4,0.024951,0.101759,0.076922,0.207946,0.354624,0.136552,0.097246
3963_200_1803_2025,2,4,0.012194,0.082375,0.09232,0.237734,0.467559,0.038686,0.069132
3963_199_784_1009,3,3,0.007489,0.007337,0.019049,0.736325,0.022681,0.179211,0.027908
3963_200_130_248,5,5,0.0111,0.021907,0.007041,0.010591,0.003972,0.937473,0.007917
3963_200_518_657,1,6,0.014418,0.060878,0.062549,0.350822,0.089866,0.041961,0.379506
3963_199_31_110,5,3,0.010056,0.024657,0.044576,0.608289,0.035995,0.024368,0.252058
3963_200_1464_1560,3,3,0.030079,0.118021,0.022909,0.499723,0.03131,0.015924,0.282033
3963_199_670_728,3,3,0.009175,0.023631,0.040766,0.701043,0.0292,0.115795,0.080389
3963_200_735_771,5,5,0.004952,0.024086,0.01348,0.020285,0.004872,0.878712,0.053613
3963_200_2156_2178,3,3,0.019495,0.040439,0.025218,0.651452,0.042553,0.055742,0.165102
3966_199_31_131,1,4,0.017601,0.169489,0.135889,0.043803,0.337966,0.068006,0.227246
3966_199_1277_1659,1,1,0.083308,0.4546,0.036543,0.022653,0.350192,0.030832,0.021872
3966_199_1912_2131,3,3,0.006621,0.012105,0.019328,0.881314,0.023913,0.015444,0.041275
3966_200_1106_1262,1,3,0.043896,0.321789,0.022128,0.33607,0.088695,0.044106,0.143315
3966_199_244_342,1,1,0.110397,0.431056,0.059064,0.09818,0.106853,0.049112,0.145338
3966_200_1689_1799,0,0,0.495663,0.458922,0.012719,0.007691,0.01021,0.008078,0.006716
3966_199_928_1050,1,1,0.203298,0.621519,0.02218,0.037971,0.025415,0.066434,0.023183
3966_200_164_236,5,1,0.071961,0.347295,0.061917,0.094987,0.081564,0.035592,0.306686
3966_200_594_680,3,3,0.009697,0.021361,0.012634,0.79164,0.02286,0.058474,0.083334
3966_199_467_555,3,4,0.009017,0.167023,0.098784,0.044756,0.37543,0.101318,0.20367
3966_200_397_446,3,1,0.032021,0.31816,0.063786,0.101171,0.175048,0.07873,0.231083
3966_199_689_838,4,5,0.017768,0.191129,0.133827,0.043317,0.189755,0.338139,0.086064
3966_200_844_914,1,1,0.145636,0.331154,0.065451,0.137605,0.083128,0.139684,0.097342
3967_199_31_139,1,5,0.030682,0.127261,0.046549,0.013389,0.01228,0.749213,0.020626
3967_199_1144_1433,1,1,0.174076,0.465392,0.069641,0.037626,0.125554,0.089232,0.038478
3967_199_1581_1788,1,0,0.600769,0.315205,0.018573,0.012601,0.02211,0.019166,0.011574
3967_200_1822_2024,0,1,0.321217,0.581824,0.01867,0.006782,0.059003,0.006592,0.005912
3967_200_1455_1578,0,0,0.857409,0.10012,0.007597,0.0071,0.004757,0.018013,0.005004
3967_199_903_992,1,5,0.037852,0.058004,0.013514,0.008919,0.01108,0.859646,0.010985
3967_200_180_252,1,1,0.108591,0.598028,0.099329,0.004439,0.038046,0.135929,0.015638
3967_200_458_683,0,1,0.321067,0.479747,0.025965,0.058328,0.053027,0.024428,0.037438
3967_200_1017_1131,1,1,0.154022,0.781447,0.016847,0.004153,0.01683,0.011084,0.015618
3967_199_277_437,1,1,0.423429,0.428788,0.040767,0.017068,0.017838,0.049256,0.022855
3967_200_779_886,1,1,0.157413,0.733213,0.024944,0.004395,0.012842,0.055171,0.012022
3967_199_691_758,0,1,0.077684,0.28812,0.054412,0.065907,0.043741,0.245563,0.224573
3968_200_2018_2120,1,1,0.108564,0.458532,0.016782,0.284292,0.019934,0.057866,0.054031
3968_199_945_1269,3,3,0.036171,0.105464,0.017352,0.73817,0.032914,0.049567,0.020362
3968_200_159_310,3,0,0.402168,0.290147,0.017472,0.058421,0.024255,0.195781,0.011755
3968_199_1792_1983,3,3,0.097407,0.117995,0.041088,0.581074,0.046685,0.059547,0.056204
3968_199_1434_1645,3,3,0.025208,0.096352,0.01863,0.64365,0.157228,0.024334,0.034597
3968_200_1300_1408,1,3,0.040696,0.194223,0.009903,0.526874,0.046487,0.061599,0.120217
3968_200_1692_1790,4,1,0.104351,0.461751,0.020905,0.240046,0.060538,0.016877,0.095534
3968_199_327_499,3,3,0.02992,0.131196,0.04856,0.435361,0.240357,0.101275,0.013331
3968_199_594_812,3,3,0.042163,0.115911,0.029983,0.500152,0.089402,0.198172,0.024216
3968_199_31_117,3,3,0.006813,0.003384,0.008188,0.931248,0.016519,0.011756,0.022092
3968_199_2120_2206,1,3,0.137764,0.216105,0.047724,0.392309,0.017969,0.172853,0.015277
3968_200_827_918,1,1,0.241647,0.468372,0.018679,0.033502,0.037063,0.169695,0.031042
3968_200_552_577,0,5,0.131227,0.233992,0.017157,0.062163,0.017298,0.477715,0.060448
3971_199_31_294,4,1,0.168767,0.595122,0.053604,0.021047,0.067821,0.076995,0.016644
3971_200_1220_1311,1,0,0.511282,0.382779,0.009612,0.029135,0.008622,0.040419,0.018151
3971_199_2004_2226,1,0,0.508085,0.382859,0.023392,0.012437,0.04886,0.013903,0.010465
3971_199_968_1195,1,0,0.391781,0.366171,0.080366,0.024752,0.041235,0.077574,0.018122
3971_200_1653_1740,0,0,0.59911,0.328671,0.012345,0.018885,0.0099,0.014308,0.016781
3971_199_1773_1925,5,5,0.015454,0.127026,0.134378,0.022657,0.016878,0.625814,0.057793
3971_200_736_940,4,0,0.796856,0.156578,0.010791,0.010953,0.007785,0.009866,0.007171
3971_200_2260_2333,0,0,0.808181,0.123627,0.01309,0.016443,0.007128,0.021196,0.010335
3971_199_413_705,1,1,0.150426,0.534726,0.065643,0.049686,0.100281,0.053608,0.04563
3971_200_331_407,0,0,0.497765,0.371739,0.012759,0.055871,0.012088,0.037168,0.012611
3971_199_1532_1608,1,1,0.141176,0.680424,0.022301,0.027266,0.054328,0.03393,0.040576
3971_200_1962_1985,1,1,0.146724,0.629866,0.064567,0.014814,0.09959,0.019574,0.024866
3974_199_2056_2566,4,2,0.017787,0.12569,0.364977,0.085243,0.263198,0.069569,0.073536
3974_200_31_175,0,0,0.572781,0.201801,0.065714,0.061682,0.0178,0.055929,0.024294
3974_199_1214_1768,1,2,0.048765,0.205525,0.274989,0.039558,0.233755,0.074677,0.12273
3974_200_1030_1192,0,0,0.741464,0.128368,0.011275,0.080518,0.004548,0.020048,0.013779
3974_199_205_583,4,2,0.012348,0.157473,0.299176,0.181696,0.158907,0.044029,0.146372
3974_199_746_1002,4,1,0.062452,0.309743,0.1804,0.12378,0.119406,0.068102,0.136118
3974_200_607_714,0,0,0.896625,0.008313,0.010084,0.047157,0.008819,0.019133,0.009868
3974_200_2595_2702,0,0,0.553211,0.094532,0.032988,0.170702,0.01002,0.120031,0.018517
3974_199_2722_2746,4,5,0.028058,0.062267,0.193263,0.077175,0.1093,0.462731,0.067206
3974_200_1799_2040,0,0,0.869299,0.048529,0.028972,0.009218,0.008802,0.023569,0.011611
3970_199_31_132,1,5,0.030569,0.229672,0.232754,0.036361,0.071773,0.303523,0.095348
3970_199_1262_1349,1,1,0.109473,0.448995,0.032322,0.037982,0.046075,0.276453,0.048699
3970_199_1964_2166,1,1,0.055021,0.535905,0.207586,0.020396,0.082831,0.075259,0.023002
3970_200_1079_1234,3,1,0.350135,0.444063,0.059333,0.027096,0.08528,0.019311,0.014782
3970_199_1643_1809,1,1,0.085291,0.598496,0.040245,0.104142,0.068539,0.05142,0.051867
3970_199_244_410,1,1,0.225269,0.604637,0.028106,0.018275,0.020479,0.091311,0.011923
3970_199_1461_1572,1,1,0.099072,0.563512,0.048956,0.03605,0.162398,0.040602,0.04941
3970_199_559_1065,1,1,0.358799,0.521217,0.021659,0.019584,0.030796,0.032442,0.015503
3970_200_168_243,5,5,0.003174,0.014749,0.007007,0.006378,0.004343,0.953573,0.010776
3970_200_451_547,1,6,0.04917,0.200191,0.028636,0.19499,0.076534,0.028966,0.421512
3970_200_1829_1961,3,5,0.059262,0.300456,0.101195,0.031665,0.082273,0.311159,0.113989
3970_200_1374_1440,1,1,0.159478,0.613259,0.032184,0.042289,0.040746,0.093928,0.018115
3970_200_1591_1612,5,5,0.015709,0.052977,0.018355,0.052199,0.012494,0.800701,0.047564
3975_200_31_158,0,0,0.897344,0.043418,0.006482,0.020203,0.006705,0.012973,0.012876
3975_199_975_1399,3,3,0.019716,0.034653,0.023306,0.794387,0.028486,0.04715,0.052302
3975_199_1492_1735,3,3,0.022685,0.091355,0.071435,0.55589,0.046543,0.169782,0.042311
3975_199_177_305,4,3,0.068059,0.072446,0.046669,0.434716,0.08637,0.064484,0.227257
3975_200_1771_2026,3,1,0.081497,0.507021,0.041969,0.154515,0.118367,0.067655,0.028976
3975_200_1425_1490,5,5,0.00797,0.014194,0.036066,0.057873,0.009666,0.835466,0.038765
3975_199_479_867,3,3,0.010793,0.029481,0.036001,0.820283,0.034102,0.032002,0.037339
3975_199_2049_2155,3,1,0.037426,0.49041,0.048309,0.185337,0.019937,0.107907,0.110674
3969_199_112_273,4,5,0.017798,0.060321,0.264611,0.076388,0.194136,0.294289,0.092457
3969_199_2006_2108,3,3,0.009669,0.017568,0.106707,0.669359,0.019217,0.105244,0.072237
3969_199_1076_1240,3,3,0.009,0.014617,0.050464,0.820755,0.044601,0.039709,0.020856
3969_200_1576_1756,3,3,0.008751,0.024303,0.077745,0.830579,0.025458,0.022987,0.010176
3969_199_1796_1922,3,3,0.012533,0.084206,0.061785,0.697973,0.064621,0.043291,0.035591
3969_200_942_1069,4,2,0.001126,0.02333,0.777124,0.001408,0.171384,0.017253,0.008375
3969_200_1317_1460,3,3,0.007948,0.027186,0.143168,0.583476,0.019863,0.210378,0.007981
3969_199_2224_2472,3,3,0.009986,0.011247,0.02051,0.889311,0.01267,0.015564,0.040711
3969_199_556_607,1,4,0.020127,0.064604,0.166489,0.070843,0.459443,0.042441,0.176053
3969_200_285_536,2,5,0.021568,0.134219,0.189739,0.051858,0.077329,0.416316,0.108971
3969_200_626_776,2,5,0.007287,0.131319,0.218018,0.007928,0.034063,0.582929,0.018455
3969_200_31_90,2,2,0.013442,0.191801,0.585103,0.008551,0.045003,0.123005,0.033094
3969_199_1466_1531,3,3,0.014982,0.054144,0.032433,0.700224,0.029372,0.098302,0.070542
3969_199_791_916,3,4,0.033345,0.11764,0.179085,0.052168,0.322528,0.125765,0.16947
3969_200_2157_2217,2,1,0.070291,0.392866,0.07934,0.143486,0.043783,0.123381,0.146852
3969_200_1953_1990,3,3,0.011734,0.036849,0.241401,0.427009,0.073079,0.179697,0.03023
3977_199_109_172,4,6,0.015591,0.198576,0.099403,0.08915,0.185774,0.04494,0.366566
3977_199_1263_1448,3,3,0.01651,0.070847,0.057123,0.435749,0.289806,0.027827,0.102139
3977_199_846_931,4,6,0.011931,0.091318,0.075368,0.179213,0.164566,0.02346,0.454144
3977_200_200_240,5,5,0.005841,0.024637,0.00791,0.006704,0.007169,0.930051,0.017688
3977_199_493_715,4,1,0.06598,0.482308,0.040012,0.076013,0.260493,0.035372,0.039822
3977_199_1018_1177,4,4,0.017465,0.208434,0.085947,0.108607,0.467596,0.021642,0.090309
3977_200_313_468,4,5,0.023407,0.280601,0.070341,0.026479,0.192091,0.366806,0.040275
3977_200_31_82,4,5,0.035161,0.154041,0.071059,0.031192,0.176491,0.268551,0.263505
3977_200_1469_1577,3,3,0.009182,0.011715,0.013925,0.839736,0.060273,0.036398,0.028771
3977_200_751_776,6,6,0.027599,0.108626,0.087506,0.100449,0.086031,0.158844,0.430945
3977_200_965_1015,4,1,0.008276,0.337291,0.097685,0.011754,0.220773,0.05741,0.266811
3977_200_1204_1246,3,3,0.009926,0.007595,0.013807,0.902152,0.021404,0.033282,0.011835
3977_199_259_291,4,6,0.019564,0.099028,0.038686,0.233649,0.139994,0.012463,0.456616
3981_200_128_214,5,5,0.018738,0.065846,0.021178,0.125911,0.018701,0.730531,0.019094
3981_199_1978_2159,4,1,0.074289,0.512125,0.128662,0.036593,0.065379,0.074634,0.108319
3981_200_970_1191,4,1,0.294724,0.459412,0.033615,0.064504,0.068204,0.047331,0.032209
3981_199_1533_1714,4,1,0.031731,0.421209,0.122147,0.113705,0.131792,0.100217,0.079198
3981_199_240_393,1,1,0.031685,0.443837,0.220635,0.045472,0.071892,0.08809,0.098389
3981_200_1732_1954,1,1,0.319572,0.431417,0.028458,0.104007,0.039752,0.05069,0.026103
3981_200_1319_1499,1,5,0.026148,0.065021,0.018373,0.011018,0.029584,0.834913,0.014944
3981_200_2185_2264,1,0,0.828723,0.094257,0.007427,0.015754,0.004123,0.042187,0.007529
3981_199_919_942,5,5,0.014577,0.073265,0.049957,0.017201,0.024037,0.664933,0.156031
3981_199_555_743,4,1,0.058889,0.585507,0.067857,0.060893,0.148839,0.021075,0.056941
3981_200_436_519,4,5,0.015509,0.207244,0.042476,0.066534,0.06771,0.425135,0.175392
3981_199_31_103,1,5,0.016316,0.103863,0.061366,0.011149,0.026291,0.637164,0.143852
3981_199_1225_1284,3,4,0.020605,0.111499,0.082305,0.295159,0.354555,0.096964,0.038913
3981_200_791_906,4,1,0.077058,0.748833,0.052808,0.008827,0.089389,0.015237,0.007848
3978_199_31_183,3,3,0.021057,0.173748,0.045942,0.429409,0.119252,0.147112,0.06348
3978_199_1270_1303,5,5,0.012622,0.033289,0.016298,0.052766,0.00564,0.777991,0.101394
3978_199_983_1193,3,3,0.051367,0.223092,0.018521,0.48875,0.019295,0.175129,0.023846
3978_199_1654_1725,5,6,0.011665,0.138518,0.136054,0.13652,0.055667,0.202367,0.319209
3978_200_227_304,3,3,0.008505,0.027773,0.01668,0.678865,0.016765,0.230623,0.02079
3978_200_1745_1848,6,3,0.014664,0.073239,0.008549,0.751005,0.024492,0.024606,0.103446
3978_199_1378_1470,4,1,0.12996,0.485346,0.037973,0.180525,0.054339,0.068829,0.043029
3978_200_844_971,1,3,0.008181,0.030874,0.006477,0.800448,0.017289,0.012753,0.123978
3978_200_1318_1361,6,3,0.03445,0.234514,0.016356,0.482131,0.022074,0.020554,0.189921
3978_199_568_719,3,3,0.008996,0.018294,0.015624,0.883448,0.024304,0.022606,0.026727
3978_199_322_394,3,3,0.006779,0.010158,0.023567,0.56679,0.017759,0.339247,0.035699
3978_200_412_541,3,3,0.008275,0.02917,0.013526,0.785576,0.041727,0.024842,0.096884
3978_200_1503_1636,1,3,0.033672,0.185416,0.024312,0.50748,0.023145,0.024763,0.201212
3978_199_798_823,6,5,0.01393,0.030077,0.020373,0.191405,0.010404,0.690416,0.043393
3978_200_756_780,3,3,0.012065,0.01333,0.019559,0.857086,0.036644,0.02645,0.034868
3978_200_1208_1241,1,1,0.081156,0.254201,0.090608,0.109971,0.070632,0.204317,0.189115
3984_199_124_220,5,3,0.007398,0.023065,0.021145,0.510031,0.016638,0.406607,0.015117
3984_199_1062_1399,3,3,0.011994,0.066227,0.050187,0.561935,0.203364,0.059878,0.046415
3984_199_2008_2105,3,3,0.005426,0.008459,0.007757,0.90469,0.010394,0.034031,0.029243
3984_200_1589_1726,3,3,0.010735,0.031746,0.017178,0.810569,0.050344,0.022985,0.056442
3984_200_221_553,3,3,0.008795,0.022358,0.015933,0.841964,0.031322,0.024155,0.055474
3984_199_1728_1823,5,3,0.00995,0.051253,0.061464,0.580832,0.050855,0.133769,0.111876
3984_200_1401_1519,3,5,0.008441,0.068273,0.021235,0.142573,0.040579,0.675454,0.043444
3984_200_2112_2348,3,3,0.011601,0.098048,0.023995,0.553141,0.067005,0.039527,0.206682
3984_200_31_122,3,3,0.010073,0.075701,0.032534,0.621812,0.082353,0.037259,0.140269
3984_199_774_990,3,3,0.01034,0.025471,0.020702,0.860666,0.032396,0.033402,0.017022
3984_199_553_636,3,3,0.005942,0.005561,0.014333,0.931339,0.008196,0.020942,0.013688
3984_200_638_773,1,1,0.008496,0.527364,0.029418,0.144435,0.085431,0.04935,0.155506
3984_200_990_1062,3,1,0.029807,0.304228,0.036343,0.224223,0.103127,0.078415,0.223857
3984_199_1526_1581,3,3,0.026852,0.155222,0.022446,0.671809,0.034705,0.035551,0.053415
3984_200_1829_2006,3,1,0.017339,0.290887,0.050708,0.272927,0.05877,0.199483,0.109885
3984_199_2356_2431,3,4,0.016227,0.312583,0.039085,0.195973,0.330796,0.060633,0.044703
3987_199_1260_1360,1,5,0.007329,0.112518,0.020137,0.021362,0.017677,0.781114,0.039864
3987_200_1875_2075,1,3,0.220909,0.242696,0.037957,0.299875,0.026883,0.087026,0.084655
3987_200_1039_1245,1,3,0.023145,0.075631,0.021716,0.743143,0.013214,0.064985,0.058165
3987_199_1569_1686,3,3,0.005487,0.014171,0.011833,0.499793,0.012032,0.432514,0.02417
3987_200_155_263,1,1,0.025982,0.644325,0.049424,0.080333,0.072644,0.071849,0.055443
3987_200_1702_1830,1,1,0.272781,0.543391,0.011075,0.065755,0.022874,0.048042,0.036082
3987_200_1378_1546,1,5,0.120247,0.206883,0.027119,0.133422,0.019668,0.413965,0.078696
3987_200_749_935,1,1,0.121914,0.492077,0.111278,0.045907,0.06856,0.05459,0.105675
3987_199_945_1025,5,5,0.012339,0.026033,0.015209,0.021528,0.012619,0.890479,0.021792
3987_199_569_734,1,3,0.021578,0.088015,0.069456,0.61978,0.114857,0.045049,0.041263
3987_200_356_552,1,4,0.015279,0.098739,0.054717,0.026331,0.769429,0.023993,0.011511
3987_199_31_98,1,3,0.02492,0.182622,0.033886,0.423267,0.026585,0.163176,0.145543
3987_199_273_333,1,3,0.020576,0.240914,0.072466,0.271984,0.219655,0.027887,0.146517
3987_199_1842_1849,1,5,0.015075,0.060807,0.021166,0.019634,0.024091,0.801345,0.057882
3983_200_31_130,3,6,0.008008,0.031599,0.052,0.174566,0.021947,0.306446,0.405434
3983_199_1137_1299,3,3,0.0106,0.023473,0.069439,0.561572,0.095155,0.087307,0.152454
3983_199_2005_2135,3,4,0.029554,0.265703,0.078869,0.058327,0.484422,0.018064,0.065061
3983_200_1637_1715,3,3,0.010967,0.025879,0.018067,0.768856,0.01913,0.031922,0.12518
3983_199_130_267,3,4,0.011745,0.133303,0.150177,0.11216,0.388186,0.035172,0.169257
3983_199_1731_1862,1,1,0.042973,0.295176,0.066388,0.266734,0.155204,0.018675,0.15485
3983_199_1407_1630,3,3,0.005721,0.026475,0.055601,0.704121,0.046642,0.035969,0.12547
3983_199_812_969,1,4,0.013871,0.214198,0.038259,0.080791,0.57002,0.047793,0.035067
3983_200_1302_1398,1,1,0.018972,0.719174,0.024041,0.062993,0.056704,0.060248,0.057868
3983_200_581_625,3,3,0.006853,0.011229,0.009266,0.864985,0.052991,0.041223,0.013452
3983_200_978_1124,4,3,0.03648,0.166474,0.028414,0.54717,0.106946,0.083258,0.031258
3983_200_273_418,3,4,0.013759,0.183912,0.063765,0.16642,0.473421,0.027617,0.071105
3983_199_638_742,3,6,0.014435,0.080266,0.042018,0.16151,0.207653,0.030859,0.463258
3983_199_425_570,1,4,0.019952,0.16575,0.169081,0.121509,0.419686,0.029775,0.074248
3983_200_1883_1993,3,3,0.015388,0.074943,0.042753,0.641934,0.095918,0.020013,0.10905
3983_200_750_810,1,3,0.02623,0.128138,0.021458,0.529031,0.061504,0.012116,0.221522
3985_200_2414_2537,4,3,0.014833,0.031894,0.020144,0.790449,0.026975,0.05833,0.057375
3985_199_92_175,3,3,0.036349,0.168343,0.054056,0.450033,0.060694,0.03902,0.191505
3985_199_1184_1304,0,0,0.516693,0.242998,0.047966,0.044068,0.073593,0.029955,0.044726
3985_200_1964_2052,4,3,0.039445,0.181221,0.061757,0.242237,0.236135,0.044191,0.195013
3985_200_1574_1822,1,4,0.01779,0.109667,0.098877,0.070027,0.573976,0.074648,0.055016
3985_200_181_356,0,0,0.484417,0.275106,0.015937,0.031846,0.012795,0.161364,0.018535
3985_199_1446_1567,0,1,0.331158,0.396244,0.050589,0.041603,0.068008,0.078408,0.03399
3985_199_2059_2413,0,1,0.241355,0.491255,0.040644,0.067424,0.070425,0.044468,0.04443
3985_200_839_1025,4,4,0.020708,0.242094,0.061772,0.078047,0.455557,0.086969,0.054852
3985_200_1304_1439,4,3,0.123802,0.240631,0.026782,0.410595,0.037742,0.038417,0.12203
3985_200_576_632,5,5,0.209828,0.117051,0.01647,0.034647,0.010498,0.59481,0.016695
3985_200_1065_1182,1,1,0.116685,0.368113,0.031351,0.208514,0.037581,0.022605,0.215152
3985_199_632_837,1,3,0.023446,0.079031,0.028082,0.542813,0.02309,0.128396,0.175142
3985_199_1025_1065,1,5,0.013719,0.026369,0.019102,0.232547,0.014506,0.623917,0.06984
3985_199_364_554,1,1,0.073948,0.454001,0.046188,0.119503,0.086041,0.155643,0.064676
3985_200_31_84,1,3,0.034028,0.063717,0.028176,0.637757,0.014487,0.028691,0.193144
3985_199_1829_1953,0,1,0.243871,0.369789,0.047799,0.04332,0.091984,0.182102,0.021134
3994_200_2489_2632,5,1,0.259778,0.503424,0.052238,0.051528,0.031387,0.075895,0.025752
3994_199_31_205,3,3,0.018982,0.033914,0.045136,0.708785,0.082449,0.049054,0.06168
3994_200_1157_1576,6,4,0.006821,0.080549,0.184939,0.063114,0.509061,0.036799,0.118718
3994_199_1938_2285,4,4,0.016255,0.1101,0.170994,0.091384,0.411231,0.125315,0.07472
3994_199_1589_1749,4,5,0.013776,0.086492,0.09726,0.070859,0.200713,0.487688,0.043211
3994_200_232_475,3,3,0.010095,0.010068,0.017597,0.847367,0.059396,0.045848,0.009628
3994_200_1792_1922,6,3,0.027562,0.16733,0.062847,0.380061,0.113087,0.061192,0.187921
3994_199_857_1131,3,3,0.015268,0.030203,0.028002,0.716593,0.11731,0.054889,0.037734
3994_200_2298_2328,6,3,0.051255,0.203674,0.08506,0.25502,0.054039,0.242086,0.108866
3994_199_498_593,3,3,0.040724,0.197452,0.052916,0.512486,0.051694,0.095519,0.049208
3994_200_616_812,3,3,0.029067,0.063136,0.039371,0.554215,0.207147,0.032057,0.075007
3994_199_2359_2480,4,1,0.046451,0.293093,0.182566,0.07456,0.229619,0.048291,0.125419
3993_200_2330_2508,1,1,0.070604,0.822304,0.008761,0.017867,0.058473,0.012178,0.009812
3993_199_31_329,4,4,0.047177,0.278119,0.173849,0.047613,0.325194,0.068776,0.059273
3993_199_1117_1453,1,1,0.237368,0.536699,0.044605,0.042106,0.067523,0.045945,0.025755
3993_199_2541_2909,5,5,0.238576,0.192154,0.02088,0.147666,0.01289,0.358812,0.029021
3993_200_889_1082,1,1,0.062794,0.712248,0.030383,0.057102,0.062253,0.020033,0.055187
3993_200_2926_3036,0,0,0.679901,0.26818,0.010954,0.014213,0.010805,0.007268,0.008678
3993_199_1909_2305,1,3,0.026338,0.105038,0.022748,0.572062,0.028282,0.22152,0.024011
3993_200_1745_1875,0,0,0.430636,0.41876,0.024875,0.035795,0.028436,0.027798,0.0337
3993_200_1479_1562,1,1,0.014706,0.435785,0.081566,0.009783,0.314927,0.028631,0.114601
3993_200_346_615,1,1,0.325228,0.587605,0.016733,0.02586,0.017559,0.017956,0.00906
3993_199_645_866,4,1,0.045217,0.417531,0.133634,0.031019,0.307411,0.040828,0.02436
3993_199_1590_1666,2,2,0.019149,0.144542,0.363997,0.220841,0.11056,0.065173,0.075738
3993_199_3058_3084,1,1,0.075646,0.659737,0.040384,0.046297,0.126764,0.00857,0.042602
3992_200_116_253,1,1,0.146797,0.411187,0.025359,0.174381,0.069743,0.035364,0.137168
3992_200_1098_1359,1,1,0.418472,0.42474,0.028731,0.076638,0.02202,0.017855,0.011545
3992_200_1961_2213,0,0,0.3742,0.26984,0.018289,0.163232,0.088898,0.061367,0.024173
3992_200_1564_1797,0,0,0.85472,0.11511,0.007075,0.004332,0.004698,0.010383,0.003682
3992_199_1822_1947,1,1,0.108543,0.570228,0.0498,0.055715,0.051475,0.126672,0.037567
3992_199_1374_1547,4,4,0.042086,0.298911,0.246788,0.028195,0.323684,0.022642,0.037695
3992_199_893_1058,4,4,0.036027,0.231319,0.080256,0.180307,0.351648,0.043778,0.076665
3992_199_2254_2379,3,3,0.029972,0.189385,0.052654,0.521926,0.063554,0.073706,0.068803
3992_199_541_649,4,1,0.030032,0.358447,0.104355,0.051591,0.2434,0.182653,0.029523
3992_199_271_404,4,4,0.050022,0.279303,0.159528,0.042465,0.341945,0.065114,0.061622
3992_200_414_522,1,3,0.065226,0.221478,0.021094,0.520305,0.093261,0.027121,0.051515
3992_199_31_79,5,5,0.033571,0.175562,0.261848,0.017018,0.047062,0.391529,0.07341
3992_200_2399_2466,1,1,0.219814,0.532833,0.047558,0.038875,0.038857,0.090713,0.031351
3992_200_662_886,0,1,0.432526,0.449383,0.012205,0.012537,0.018149,0.068889,0.006311
3991_200_114_161,6,6,0.035983,0.147365,0.026652,0.130443,0.081364,0.030539,0.547654
3991_200_1161_1293,1,3,0.107257,0.30797,0.032204,0.369718,0.041478,0.072711,0.068662
3991_200_1434_1669,3,0,0.505488,0.268476,0.023888,0.093611,0.031714,0.046161,0.030662
3991_200_926_1032,4,1,0.011764,0.63576,0.05923,0.014485,0.212196,0.006846,0.05972
3991_199_177_243,5,1,0.108049,0.521303,0.091241,0.039574,0.156368,0.042217,0.041248
3991_199_1310_1412,4,1,0.040572,0.509318,0.059567,0.064312,0.240265,0.02712,0.058845
3991_199_546_644,4,4,0.021641,0.13724,0.129818,0.199051,0.274513,0.028796,0.20894
3991_199_1065_1133,4,4,0.009535,0.108331,0.153793,0.04518,0.560825,0.012142,0.110193
3991_200_256_417,3,3,0.011089,0.026305,0.023487,0.710077,0.135596,0.050656,0.042789
3991_199_432_502,4,4,0.00644,0.126766,0.296948,0.034362,0.404274,0.008365,0.122843
3991_199_31_84,5,6,0.007198,0.048085,0.273655,0.072694,0.018642,0.155511,0.424215
3991_199_720_907,4,3,0.030402,0.106798,0.159381,0.380875,0.205358,0.056099,0.061088
3991_200_659_703,4,1,0.058582,0.302155,0.102737,0.06381,0.039834,0.253218,0.179665
3991_200_515_529,5,5,0.009295,0.019094,0.011901,0.011811,0.006387,0.910684,0.030829
3996_199_31_147,1,4,0.038694,0.266924,0.154818,0.068405,0.365146,0.030208,0.075805
3996_200_1159_1393,1,4,0.040499,0.213268,0.057284,0.255599,0.358632,0.022812,0.051906
3996_199_2036_2162,4,4,0.021561,0.185001,0.113374,0.014336,0.614985,0.022096,0.028646
3996_200_1543_1774,1,1,0.03618,0.578102,0.172752,0.031531,0.040496,0.021906,0.119034
3996_200_175_455,1,1,0.058207,0.423855,0.086781,0.027702,0.345495,0.032471,0.02549
3996_199_1781_1868,1,6,0.020051,0.021667,0.024721,0.077644,0.372228,0.089913,0.393777
3996_199_1403_1502,4,4,0.019255,0.181594,0.051252,0.058791,0.584155,0.013987,0.090967
3996_200_887_1018,3,3,0.018456,0.029913,0.02323,0.825598,0.035814,0.029137,0.037852
3996_199_1025_1146,4,4,0.010547,0.188347,0.056091,0.072491,0.560918,0.059612,0.051993
3996_200_595_713,3,3,0.007266,0.015943,0.032216,0.86365,0.007962,0.046931,0.026032
3996_199_466_576,3,3,0.015727,0.138592,0.080669,0.340749,0.274031,0.020385,0.129846
3996_199_728_867,3,5,0.02027,0.119494,0.026371,0.280337,0.075144,0.402111,0.076274
3996_200_1888_2028,1,1,0.144196,0.304655,0.040091,0.229673,0.026584,0.214434,0.040367
3997_199_2257_2494,3,3,0.036209,0.142025,0.030215,0.609411,0.04344,0.096178,0.042522
3997_199_31_463,3,3,0.024257,0.058762,0.076178,0.602315,0.108204,0.092349,0.037935
3997_199_1289_1389,3,3,0.006675,0.016256,0.02624,0.866178,0.01022,0.046051,0.028379
3997_199_1942_2121,3,3,0.022411,0.044193,0.109501,0.3821,0.119428,0.207544,0.114821
3997_200_1107_1283,3,3,0.007266,0.027877,0.011019,0.653282,0.028557,0.262233,0.009765
3997_200_1529_1767,5,5,0.008397,0.040054,0.029765,0.103017,0.07049,0.720905,0.027372
3997_199_1796_1893,4,3,0.028535,0.115453,0.077045,0.535459,0.146297,0.047348,0.049863
3997_200_1407_1463,5,5,0.023876,0.048036,0.022383,0.124754,0.017583,0.520518,0.24285
3997_200_2170_2247,3,3,0.009095,0.025622,0.07429,0.742042,0.019646,0.090628,0.038676
3997_199_731_1091,4,3,0.020186,0.095441,0.076614,0.44919,0.256396,0.04032,0.061852
3997_200_484_698,3,3,0.049715,0.258484,0.016809,0.40993,0.105007,0.069947,0.090107
3997_199_1475_1513,3,6,0.028131,0.077898,0.083397,0.3055,0.060204,0.013685,0.431185
3997_200_1898_1927,5,5,0.005683,0.037492,0.022835,0.137398,0.012764,0.722517,0.061311
3999_200_2449_2577,1,5,0.013356,0.064761,0.029129,0.083353,0.03216,0.754224,0.023016
3999_200_126_385,3,3,0.012939,0.02243,0.015002,0.845971,0.047926,0.02737,0.028361
3999_200_820_1297,3,3,0.013303,0.028861,0.015865,0.819178,0.026124,0.053332,0.043337
3999_200_1815_2071,3,3,0.01249,0.037591,0.027767,0.824079,0.039102,0.040072,0.018899
3999_199_1506_1780,3,3,0.016158,0.067273,0.023918,0.688085,0.094636,0.060555,0.049375
3999_200_1421_1470,3,3,0.004701,0.00631,0.011015,0.888942,0.003665,0.025348,0.060019
3999_199_1310_1411,3,5,0.018217,0.043439,0.051095,0.170136,0.034012,0.606695,0.076407
3999_199_2305_2431,3,4,0.032865,0.204871,0.074003,0.088607,0.48433,0.01667,0.098655
3999_199_617_788,3,3,0.00601,0.005751,0.019596,0.82331,0.021489,0.115962,0.007883
3999_199_407_478,3,3,0.006206,0.006546,0.011079,0.860591,0.024388,0.077583,0.013606
3999_199_31_101,3,3,0.008522,0.022662,0.046281,0.548598,0.024853,0.172821,0.176263
3999_199_2116_2201,3,4,0.014633,0.063468,0.137867,0.169635,0.533707,0.049833,0.030857
3999_200_504_589,3,3,0.005986,0.005942,0.007917,0.909413,0.021615,0.021012,0.028114
3999_200_2240_2291,5,5,0.015847,0.068594,0.072719,0.033038,0.067417,0.546236,0.19615
4000_199_2328_2711,3,3,0.030823,0.065431,0.036603,0.464532,0.167531,0.172644,0.062435
4000_199_31_359,3,3,0.031583,0.044408,0.076835,0.557289,0.171009,0.038251,0.080624
4000_199_724_1385,3,3,0.021173,0.076645,0.068495,0.590894,0.079401,0.068017,0.095375
4000_200_2757_2946,1,4,0.010819,0.063411,0.123933,0.220602,0.475878,0.078576,0.026781
4000_200_1405_1608,5,5,0.003521,0.05445,0.037629,0.231608,0.010483,0.608138,0.054171
4000_199_1744_2168,3,3,0.017665,0.046396,0.059576,0.601253,0.088971,0.039481,0.146658
4000_199_474_610,3,3,0.014847,0.053436,0.051092,0.662522,0.122006,0.054043,0.042055
4000_200_2222_2318,1,3,0.02455,0.064501,0.01961,0.439535,0.028394,0.392102,0.031308
4000_199_2962_3070,3,3,0.011419,0.022706,0.01941,0.800724,0.057947,0.01409,0.073703
4000_200_650_720,5,5,0.018033,0.122618,0.01729,0.031511,0.009611,0.720905,0.080032
4000_200_386_454,5,5,0.014435,0.068605,0.036587,0.140094,0.037227,0.566987,0.136065
4000_199_1624_1677,3,1,0.024775,0.259501,0.208624,0.05172,0.238017,0.091854,0.12551
4000_200_1699_1727,5,5,0.010295,0.045802,0.027667,0.150429,0.016658,0.661453,0.087696
3995_200_31_171,1,0,0.555663,0.253802,0.032788,0.046182,0.019009,0.079553,0.013003
3995_199_1245_1381,1,0,0.549239,0.194327,0.014186,0.061129,0.008195,0.151778,0.021146
3995_200_1159_1222,0,0,0.59239,0.258764,0.008425,0.092895,0.004555,0.019809,0.023162
3995_200_232_417,0,0,0.779051,0.130691,0.012431,0.031401,0.008968,0.023125,0.014332
3995_200_1387_1504,0,0,0.443797,0.275407,0.0209,0.119701,0.016671,0.091253,0.03227
3995_199_833_971,1,1,0.223731,0.420063,0.06768,0.082148,0.019678,0.129182,0.057518
3995_199_427_622,1,0,0.685884,0.106133,0.017586,0.038081,0.00616,0.130927,0.015227
3995_199_1114_1151,1,0,0.511117,0.222937,0.027428,0.01964,0.017049,0.186561,0.015268
3995_200_635_816,0,0,0.364121,0.182234,0.024886,0.347759,0.020851,0.028024,0.032124
3995_199_1511_1570,0,0,0.648047,0.182352,0.027033,0.03403,0.015999,0.067174,0.025367
3995_200_1574_1616,0,0,0.80464,0.083458,0.010644,0.06268,0.004602,0.010946,0.02303
3995_199_1623_1677,1,3,0.023261,0.08465,0.01946,0.413007,0.012873,0.368466,0.078283
4323_217_31_155,4,5,0.013154,0.049944,0.016242,0.123029,0.027272,0.639346,0.131014
4323_217_1277_1379,1,5,0.00979,0.210415,0.029592,0.040118,0.031698,0.628234,0.050154
4323_218_1098_1268,1,1,0.015852,0.432195,0.115253,0.069441,0.08884,0.061068,0.217349
4323_217_211_572,4,1,0.07263,0.287568,0.028783,0.077998,0.27071,0.057161,0.20515
4323_218_1398_1552,1,1,0.020112,0.434945,0.039329,0.314251,0.027603,0.069863,0.093897
4323_218_801_1048,0,1,0.013284,0.399868,0.196036,0.075183,0.071641,0.134648,0.10934
4323_218_166_183,5,5,0.013178,0.044045,0.021529,0.017016,0.005979,0.85112,0.047133
4323_217_1727_1786,1,5,0.017492,0.292128,0.060946,0.049083,0.054387,0.403957,0.122007
4323_218_604_731,4,1,0.031368,0.540045,0.082283,0.027963,0.039944,0.199631,0.078766
4323_217_1566_1672,1,1,0.029721,0.428415,0.047622,0.128878,0.145591,0.067885,0.151888
4323_218_1681_1716,3,3,0.044746,0.077689,0.040501,0.399466,0.010717,0.357422,0.06946
4323_217_743_756,2,6,0.010194,0.028093,0.044964,0.06212,0.024186,0.223101,0.607341
4323_217_1061_1078,1,5,0.007146,0.040037,0.018235,0.019935,0.006554,0.847987,0.060107
4322_218_118_331,1,0,0.537555,0.31468,0.017623,0.013588,0.012146,0.096704,0.007704
4322_218_1096_1297,3,3,0.039574,0.235829,0.036797,0.511234,0.05123,0.082081,0.043255
4322_218_1369_1478,3,1,0.120126,0.436375,0.025957,0.030651,0.04989,0.280349,0.056652
4322_218_899_1022,3,3,0.021149,0.089078,0.013138,0.667953,0.016542,0.179357,0.012783
4322_217_1302_1361,1,3,0.041213,0.254616,0.041356,0.317691,0.018106,0.22294,0.104078
4322_217_498_670,5,5,0.012566,0.140667,0.030971,0.230851,0.046959,0.498098,0.039889
4322_217_1029_1068,3,5,0.005535,0.023519,0.026044,0.357309,0.01428,0.549552,0.023762
4322_218_417_492,5,5,0.114859,0.105422,0.032201,0.027911,0.018966,0.676128,0.024513
4322_217_31_94,3,3,0.07702,0.136076,0.036481,0.437806,0.044657,0.013526,0.254435
4322_217_1489_1607,3,3,0.017491,0.040132,0.011483,0.702145,0.037248,0.009214,0.182289
4322_217_749_879,4,6,0.022139,0.166961,0.043134,0.107568,0.063364,0.053733,0.543103
4322_218_702_739,1,5,0.112083,0.172092,0.028884,0.037911,0.011576,0.528984,0.10847
4322_217_352_394,5,5,0.168976,0.087434,0.025419,0.020975,0.013035,0.641316,0.042844
4322_218_1623_1630,3,3,0.003597,0.005056,0.015239,0.779509,0.041951,0.014675,0.139973
4321_218_108_144,0,5,0.024851,0.113931,0.023581,0.01128,0.006222,0.80136,0.018776
4321_218_1193_1344,1,5,0.093347,0.220725,0.030268,0.171468,0.0324,0.388492,0.0633
4321_217_1126_1184,6,1,0.054684,0.299672,0.038997,0.213483,0.196624,0.016671,0.179869
4321_218_1657_1696,1,0,0.562011,0.206724,0.045906,0.04107,0.045732,0.072486,0.026071
4321_217_153_284,3,3,0.013848,0.071458,0.017718,0.589484,0.094599,0.042175,0.170717
4321_217_1360_1463,0,0,0.688048,0.19165,0.015695,0.016121,0.013122,0.058998,0.016366
4321_218_858_1115,0,1,0.277386,0.397399,0.052174,0.035386,0.070659,0.14975,0.017245
4321_217_486_659,1,1,0.054511,0.40995,0.082187,0.125224,0.152529,0.071265,0.104335
4321_218_304_462,4,1,0.030522,0.596365,0.025048,0.150166,0.047974,0.129741,0.020185
4321_217_31_88,3,1,0.055574,0.30916,0.042754,0.218422,0.082105,0.133702,0.158284
4321_218_1487_1559,0,1,0.208667,0.589377,0.030741,0.081725,0.010892,0.049736,0.028863
4321_217_795_846,1,1,0.068697,0.500829,0.025219,0.0495,0.120894,0.157994,0.076866
4321_218_664_789,5,5,0.180892,0.180199,0.029979,0.138413,0.014132,0.403244,0.05314
4321_217_1581_1635,0,3,0.01421,0.085544,0.026732,0.545811,0.031333,0.086646,0.209724
4324_217_31_437,4,4,0.041073,0.302439,0.069713,0.024181,0.353248,0.028321,0.181025
4324_218_1130_1214,1,3,0.074725,0.172577,0.017865,0.495499,0.015093,0.106323,0.117919
4324_217_1631_1750,1,1,0.028145,0.400713,0.045675,0.146919,0.212416,0.086131,0.080001
4324_218_1806_2038,3,1,0.017835,0.385426,0.170321,0.064289,0.195419,0.11878,0.04793
4324_217_1389_1535,1,3,0.007535,0.068171,0.021502,0.451362,0.028142,0.391964,0.031325
4324_218_611_1007,3,3,0.032976,0.217962,0.023098,0.31907,0.017684,0.311315,0.077896
4324_218_1298_1377,3,5,0.018687,0.086497,0.016547,0.181466,0.012283,0.655568,0.028952
4324_217_1027_1119,1,1,0.02774,0.534432,0.096077,0.014146,0.194497,0.037682,0.095426
4324_218_456_520,1,5,0.015245,0.08606,0.1188,0.037021,0.012307,0.540021,0.190546
4324_217_1247_1276,5,5,0.046114,0.111323,0.041564,0.014026,0.027369,0.728653,0.030952
4324_217_546_590,4,4,0.00573,0.119372,0.083592,0.010108,0.667034,0.011383,0.102781
4324_218_1571_1606,3,3,0.035816,0.044505,0.044734,0.514933,0.009059,0.261505,0.089448
4326_218_986_1315,3,3,0.0137,0.04939,0.023046,0.742903,0.021094,0.098477,0.05139
4326_218_166_273,6,6,0.009253,0.035637,0.063937,0.197967,0.072675,0.016485,0.604046
4326_218_1693_1805,3,3,0.008991,0.014044,0.017065,0.875025,0.009591,0.021463,0.053822
4326_218_1388_1590,3,3,0.023341,0.045722,0.024792,0.713902,0.02954,0.036212,0.126491
4326_217_31_127,1,6,0.009901,0.091179,0.171229,0.084005,0.075956,0.060204,0.507528
4326_218_457_606,3,3,0.008899,0.021455,0.025601,0.753006,0.016937,0.125301,0.048801
4326_217_305_426,1,4,0.019719,0.196798,0.219864,0.077116,0.246405,0.018793,0.221304
4326_217_634_705,1,4,0.014022,0.316061,0.256592,0.009181,0.350655,0.007813,0.045675
4326_217_1320_1345,1,3,0.030342,0.195899,0.143605,0.318872,0.061427,0.126755,0.1231
4326_217_810_921,1,1,0.037367,0.314316,0.207159,0.054331,0.074109,0.164488,0.14823
4326_217_1834_1905,1,6,0.015456,0.04783,0.117975,0.176188,0.169339,0.017643,0.455569
4326_218_721_779,3,3,0.017032,0.014732,0.019635,0.833395,0.013031,0.070527,0.031648
4326_217_1619_1675,1,1,0.023641,0.345678,0.037223,0.145148,0.211111,0.016175,0.221025
4325_217_1162_1223,0,0,0.585676,0.203789,0.018799,0.075056,0.010716,0.0283,0.077664
4325_218_193_265,0,0,0.717229,0.144439,0.019914,0.019941,0.008845,0.077132,0.0125
4325_217_1314_1566,4,1,0.134483,0.413131,0.03166,0.150306,0.080115,0.036002,0.154302
4325_218_941_964,0,0,0.551252,0.22321,0.036055,0.087606,0.014535,0.053461,0.033882
4325_217_475_627,4,3,0.143878,0.157558,0.035224,0.343739,0.059315,0.167557,0.09273
4325_218_1082_1139,0,1,0.102942,0.563575,0.188205,0.018648,0.028758,0.044522,0.05335
4325_217_280_370,2,3,0.03206,0.098125,0.040712,0.380682,0.040864,0.230839,0.176718
4325_218_637_785,0,0,0.485111,0.327287,0.04917,0.048872,0.017188,0.059126,0.013247
4325_217_1003_1076,4,1,0.022625,0.480943,0.12625,0.009597,0.305083,0.01132,0.044181
4325_217_31_64,3,3,0.026694,0.066626,0.031982,0.72888,0.017084,0.023647,0.105086
4325_218_377_465,0,0,0.65765,0.235709,0.023422,0.008994,0.009372,0.058836,0.006016
4325_218_1235_1286,1,1,0.127782,0.687314,0.093813,0.013764,0.033396,0.02337,0.020561
4325_217_796_925,4,0,0.538143,0.272646,0.054966,0.042098,0.035266,0.01636,0.040522
4325_218_92_119,5,5,0.033423,0.299224,0.045983,0.071958,0.029182,0.435606,0.084624
4325_217_129_169,3,0,0.339563,0.192666,0.041087,0.296224,0.032289,0.058033,0.040138
4325_218_1594_1606,5,5,0.014086,0.038419,0.042123,0.020431,0.022792,0.81097,0.051179
4328_218_79_213,5,5,0.043139,0.059573,0.027691,0.165193,0.012284,0.590789,0.10133
4328_217_250_345,3,3,0.007013,0.015208,0.023,0.71015,0.013441,0.035747,0.195442
4328_217_804_979,6,1,0.046246,0.344793,0.202122,0.042847,0.157964,0.159458,0.046569
4328_217_1303_1367,1,1,0.08491,0.584016,0.054454,0.033821,0.139249,0.020084,0.083465
4328_217_456_611,1,1,0.025841,0.360545,0.13857,0.05907,0.283464,0.075577,0.056934
4328_218_1051_1177,6,1,0.212838,0.377909,0.079546,0.099064,0.107016,0.074449,0.049178
4328_217_31_58,3,3,0.01862,0.021665,0.063086,0.561648,0.008056,0.029832,0.297092
4328_218_1517_1565,3,3,0.01964,0.018885,0.021973,0.662539,0.022085,0.043943,0.210935
4328_218_1252_1282,6,1,0.117167,0.489459,0.044282,0.084057,0.016004,0.078895,0.170137
4328_218_718_780,5,5,0.021647,0.072264,0.059656,0.047893,0.010622,0.404802,0.383115
4328_218_376_437,3,5,0.081225,0.207268,0.070624,0.072299,0.039735,0.442877,0.085972
4328_218_1391_1451,6,6,0.071833,0.072882,0.014141,0.400819,0.019342,0.01598,0.405003
4328_217_1199_1214,3,6,0.022105,0.108609,0.069376,0.123235,0.053341,0.047003,0.57633
4328_217_1472_1493,4,6,0.017207,0.152554,0.073661,0.114478,0.124258,0.02941,0.488431
4329_218_108_144,0,5,0.018939,0.082708,0.091177,0.035213,0.02036,0.503039,0.248564
4329_218_1218_1310,1,5,0.046526,0.136149,0.08597,0.019119,0.013192,0.639301,0.059742
4329_218_236_256,0,5,0.023571,0.160592,0.081091,0.022875,0.016162,0.637364,0.058345
4329_218_941_989,0,1,0.101378,0.443765,0.080284,0.023103,0.065622,0.240831,0.045018
4329_217_1337_1367,1,5,0.030183,0.291944,0.135234,0.037747,0.045969,0.361255,0.097669
4329_217_490_752,1,3,0.03241,0.277587,0.081422,0.310487,0.184559,0.024783,0.088752
4329_217_1013_1172,6,1,0.031276,0.679087,0.054956,0.027999,0.133296,0.018821,0.054564
4329_217_284_360,6,3,0.016592,0.09749,0.054848,0.510472,0.0487,0.030821,0.241076
4329_217_31_101,1,4,0.021518,0.255032,0.255033,0.013565,0.376559,0.028868,0.049424
4329_218_391_473,0,5,0.005643,0.08282,0.066298,0.010174,0.007626,0.760094,0.067344
4329_218_786_866,0,1,0.110207,0.525051,0.069789,0.033685,0.058352,0.09067,0.112246
4329_218_1386_1426,1,5,0.010527,0.110483,0.157544,0.035108,0.064079,0.323415,0.298844
4329_217_158_180,6,1,0.033965,0.450625,0.130784,0.020196,0.275335,0.03632,0.052776
4329_217_883_924,4,4,0.023287,0.312701,0.072793,0.115496,0.382943,0.020498,0.072282
4337_218_101_257,3,3,0.014385,0.076014,0.045496,0.695181,0.082517,0.049301,0.037106
4337_218_1253_1349,0,1,0.287549,0.373484,0.046859,0.09573,0.015469,0.158605,0.022304
4337_217_928_1231,1,3,0.065845,0.218906,0.019038,0.301472,0.066166,0.063429,0.265145
4337_217_1626_1830,0,3,0.087502,0.177428,0.025006,0.356734,0.010473,0.291931,0.050926
4337_217_1371_1490,0,1,0.136432,0.321752,0.017612,0.217585,0.019835,0.267426,0.019358
4337_217_576_691,1,3,0.026757,0.274303,0.017666,0.428534,0.033368,0.114452,0.10492
4337_217_282_365,5,5,0.010842,0.014388,0.017106,0.384854,0.010692,0.527331,0.034787
4337_218_405_557,3,3,0.010345,0.023162,0.018952,0.699437,0.018707,0.115347,0.114051
4337_217_31_69,3,6,0.008155,0.018123,0.026696,0.326815,0.009817,0.250422,0.359971
4337_218_1509_1623,0,1,0.222496,0.377573,0.020598,0.078502,0.008655,0.281877,0.0103
4337_218_721_891,0,5,0.066645,0.251635,0.056382,0.025764,0.01669,0.564327,0.018557
4337_218_1892_1926,4,1,0.041322,0.301104,0.258671,0.0332,0.248557,0.059591,0.057554
4336_218_31_150,3,5,0.023663,0.056202,0.017899,0.177471,0.01466,0.521127,0.188977
4336_218_1151_1201,0,2,0.021864,0.255371,0.332991,0.01036,0.296382,0.061958,0.021073
4336_218_803_929,0,5,0.267882,0.154864,0.027047,0.053099,0.017253,0.455344,0.024511
4336_217_938_1043,1,5,0.007519,0.025205,0.021633,0.327673,0.012228,0.575904,0.029839
4336_217_686_764,5,5,0.015874,0.016792,0.013598,0.046787,0.005686,0.883925,0.017339
4336_218_297_418,1,0,0.442537,0.266092,0.024397,0.047465,0.024596,0.174005,0.020909
4336_218_578_685,6,1,0.068756,0.338998,0.026107,0.238999,0.143587,0.042471,0.141081
4336_217_170_248,3,3,0.014426,0.0208,0.023282,0.676961,0.027635,0.014018,0.222878
4336_217_428_570,1,3,0.057713,0.149799,0.047722,0.505145,0.069924,0.068934,0.100764
4336_217_1126_1148,3,6,0.011633,0.035384,0.028179,0.233585,0.011707,0.260564,0.418949
4336_218_1077_1123,0,5,0.070044,0.064255,0.021961,0.015143,0.012373,0.783426,0.032798
4338_217_90_171,1,1,0.421788,0.425662,0.017842,0.039885,0.016729,0.051098,0.026995
4338_218_1044_1305,1,1,0.203346,0.422593,0.086523,0.056549,0.108392,0.071752,0.050845
4338_218_171_379,3,3,0.014248,0.113723,0.032417,0.510235,0.090654,0.07719,0.161534
4338_217_899_1044,1,1,0.231927,0.313985,0.053406,0.125133,0.062393,0.136464,0.076692
4338_217_1305_1362,3,3,0.063215,0.075319,0.037757,0.669621,0.022375,0.068484,0.063229
4338_218_583_745,1,5,0.021336,0.097459,0.03238,0.007774,0.012708,0.817679,0.010663
4338_217_379_583,1,0,0.509803,0.310071,0.027697,0.028729,0.013914,0.095207,0.014579
4338_218_31_90,3,3,0.044162,0.06224,0.020005,0.617894,0.014934,0.038001,0.202764
4338_218_802_899,5,5,0.008261,0.147434,0.219753,0.019227,0.085646,0.431385,0.088294
4338_218_1362_1442,3,5,0.09734,0.072046,0.070115,0.248819,0.01832,0.442771,0.050589
4338_217_745_802,1,5,0.011459,0.073183,0.104179,0.155099,0.017221,0.355059,0.2838
4331_217_126_298,5,5,0.003574,0.05375,0.076373,0.036532,0.056415,0.725503,0.047854
4331_217_1282_1313,6,4,0.008888,0.192745,0.142759,0.061307,0.492753,0.033028,0.06852
4331_218_1161_1269,6,6,0.006814,0.120618,0.036141,0.099218,0.013846,0.356942,0.366421
4331_217_1613_1715,0,6,0.014914,0.108972,0.121959,0.012066,0.29042,0.054814,0.396854
4331_218_1774_1859,1,1,0.10064,0.478586,0.040061,0.182697,0.045513,0.041072,0.11143
4331_217_1388_1526,0,4,0.013404,0.216486,0.20178,0.026804,0.334396,0.06821,0.138919
4331_218_949_1034,6,2,0.008349,0.121234,0.548645,0.017989,0.156451,0.043556,0.103775
4331_218_1338_1358,1,5,0.022307,0.080336,0.03942,0.021011,0.041093,0.525693,0.270141
4331_217_439_614,0,1,0.0428,0.600116,0.073439,0.02359,0.062692,0.182587,0.014775
4331_217_1059_1129,5,5,0.033761,0.326678,0.094548,0.009635,0.060942,0.37056,0.103875
4331_218_323_422,6,1,0.101669,0.336385,0.032207,0.183255,0.041985,0.03146,0.27304
4331_218_638_789,3,3,0.039601,0.192707,0.034448,0.63784,0.008896,0.051296,0.035213
4331_218_31_107,6,1,0.11274,0.305895,0.070921,0.217342,0.056071,0.031385,0.205646
4331_217_806_888,2,5,0.044504,0.250246,0.061386,0.024475,0.072534,0.488289,0.058565
4331_218_1541_1575,6,6,0.075083,0.131457,0.070154,0.0762,0.049096,0.236476,0.361534
4334_218_1168_1234,5,5,0.00489,0.148784,0.098104,0.011118,0.017434,0.692543,0.027127
4334_218_111_143,5,5,0.011479,0.072421,0.05399,0.11132,0.010539,0.514982,0.225269
4334_217_786_936,3,5,0.030088,0.076671,0.021551,0.33898,0.006737,0.47941,0.046562
4334_217_31_99,3,6,0.01804,0.035827,0.059274,0.356629,0.023738,0.017859,0.488633
4334_218_951_1024,0,5,0.284599,0.248555,0.039164,0.011597,0.011547,0.395847,0.008691
4334_218_638_765,0,1,0.073797,0.574958,0.047011,0.087702,0.036443,0.109015,0.071073
4334_218_397_456,3,3,0.043174,0.324679,0.021117,0.477214,0.012183,0.064469,0.057163
4334_217_261_383,5,5,0.005804,0.056022,0.020747,0.014889,0.008281,0.845743,0.048513
4334_217_151_213,6,6,0.015802,0.059233,0.034816,0.27555,0.012887,0.285288,0.316423
4334_217_1026_1148,1,5,0.054584,0.291776,0.046028,0.040913,0.064007,0.420909,0.081782
4334_217_462_636,1,3,0.062462,0.138375,0.01282,0.53974,0.016002,0.167532,0.063069
4334_218_215_244,5,5,0.015601,0.109459,0.116568,0.02729,0.020523,0.490008,0.22055
4335_217_2476_2618,0,0,0.592635,0.213708,0.012339,0.06942,0.021678,0.042753,0.047467
4335_217_31_226,3,3,0.021298,0.099383,0.069222,0.384932,0.066898,0.247468,0.110799
4335_217_1026_1311,3,3,0.013767,0.030251,0.016462,0.705047,0.016899,0.110563,0.107011
4335_217_2701_2773,3,3,0.060624,0.135671,0.015706,0.432158,0.033277,0.023912,0.298651
4335_218_1412_1656,1,2,0.008251,0.190282,0.362143,0.015332,0.240876,0.139329,0.043786
4335_218_911_1019,5,1,0.205359,0.371983,0.034259,0.006539,0.01783,0.34842,0.01561
4335_218_2793_2833,5,5,0.0096,0.02471,0.016911,0.028438,0.006389,0.836421,0.077531
4335_218_2007_2143,2,1,0.068625,0.719314,0.055851,0.021408,0.081987,0.027678,0.025138
4335_217_1703_1966,3,3,0.079502,0.15636,0.019001,0.51997,0.012525,0.095677,0.116964
4335_217_486_893,1,1,0.073335,0.385185,0.024226,0.036138,0.04515,0.380828,0.055138
4335_218_2626_2692,3,3,0.009752,0.018773,0.012389,0.627413,0.004559,0.320913,0.006201
4335_217_2156_2376,3,1,0.043611,0.225628,0.212844,0.150021,0.17225,0.125532,0.070115
4335_218_291_471,1,1,0.131571,0.347647,0.034635,0.296674,0.063354,0.046083,0.080037
4335_218_2408_2459,3,0,0.370651,0.300093,0.020953,0.035225,0.015596,0.242257,0.015225
4332_218_1218_1349,0,5,0.13141,0.292726,0.046468,0.062822,0.016979,0.336691,0.112905
4332_218_2031_2063,0,1,0.077645,0.533208,0.071626,0.052934,0.077122,0.106279,0.081185
4332_218_1653_1700,4,4,0.027063,0.242841,0.187331,0.040755,0.381592,0.013438,0.106981
4332_217_250_485,0,1,0.078302,0.649008,0.103914,0.009871,0.08979,0.045797,0.023317
4332_217_1723_1993,0,1,0.372858,0.467471,0.030809,0.019658,0.038476,0.046293,0.024436
4332_217_1378_1525,0,1,0.073205,0.582142,0.091456,0.011653,0.150555,0.066102,0.024887
4332_217_98_124,0,1,0.025741,0.426775,0.079856,0.032637,0.116428,0.067143,0.251419
4332_217_933_977,0,5,0.065287,0.100173,0.011028,0.051455,0.014461,0.718208,0.039388
4332_218_195_224,2,2,0.01778,0.126285,0.368957,0.070981,0.067596,0.203214,0.145187
4332_217_1060_1176,0,1,0.074805,0.447586,0.115075,0.034188,0.191716,0.034738,0.101892
4332_217_603_821,0,5,0.263647,0.226747,0.027451,0.049881,0.016852,0.396056,0.019367
4332_218_996_1035,1,1,0.039355,0.46218,0.066538,0.069231,0.050999,0.194692,0.117004
4332_218_31_57,2,5,0.022332,0.106861,0.188252,0.067754,0.120292,0.288764,0.205745
4332_218_858_895,0,1,0.036529,0.367535,0.198329,0.033745,0.14054,0.103021,0.120301
4332_218_540_574,4,4,0.00698,0.083598,0.132191,0.052066,0.677619,0.013615,0.033932
4341_218_111_477,0,4,0.028357,0.254465,0.153207,0.062005,0.389383,0.080739,0.031844
4341_218_1227_1490,0,0,0.449614,0.312976,0.046919,0.061771,0.018954,0.055542,0.054223
4341_217_1052_1227,1,0,0.580994,0.259458,0.024384,0.023005,0.030056,0.069576,0.012527
4341_218_1611_1745,1,1,0.237796,0.336501,0.035219,0.080669,0.230187,0.041269,0.038359
4341_218_846_1052,0,1,0.117018,0.488402,0.065665,0.088626,0.023591,0.087009,0.129689
4341_218_583_699,1,5,0.063928,0.081445,0.044263,0.138023,0.071209,0.563725,0.037407
4341_217_31_111,4,1,0.091107,0.465003,0.031803,0.072363,0.167049,0.01825,0.154424
4341_217_1490_1611,4,4,0.034672,0.116857,0.047801,0.020302,0.737102,0.021313,0.021954
4341_217_699_846,1,1,0.076983,0.403368,0.115024,0.039489,0.232857,0.075285,0.056994
4341_217_477_583,1,5,0.106274,0.217435,0.076636,0.078733,0.078203,0.400873,0.041845
4340_218_114_159,5,5,0.0234,0.088565,0.049648,0.054166,0.010227,0.680929,0.093065
4340_218_1262_1476,3,5,0.023978,0.092479,0.019788,0.34852,0.024321,0.471816,0.019099
4340_218_1058_1211,5,3,0.012255,0.028958,0.035505,0.541871,0.0079,0.352968,0.020543
4340_218_1595_1711,1,5,0.095644,0.273079,0.02547,0.038599,0.01958,0.530614,0.017014
4340_217_159_315,1,0,0.401007,0.230089,0.044724,0.057853,0.023316,0.223716,0.019294
4340_217_796_1058,0,1,0.274395,0.552522,0.031669,0.017718,0.033635,0.078165,0.011895
4340_217_350_704,1,0,0.657102,0.196757,0.016009,0.03714,0.015281,0.050978,0.026733
4340_218_315_350,5,5,0.014482,0.03679,0.037748,0.102091,0.008856,0.628813,0.17122
4340_217_31_114,0,0,0.285175,0.253682,0.023613,0.219656,0.023218,0.116996,0.07766
4340_217_1476_1595,6,3,0.019268,0.036134,0.010819,0.67073,0.007433,0.041514,0.214102
4340_217_1211_1262,3,3,0.019107,0.038712,0.017675,0.606288,0.018714,0.033847,0.265657
4340_218_704_796,5,3,0.024411,0.066512,0.03668,0.672508,0.018857,0.172851,0.008181
4339_218_2070_2548,3,3,0.010534,0.041877,0.051477,0.585871,0.045448,0.187894,0.0769
4339_218_31_195,4,3,0.027903,0.205251,0.045107,0.365273,0.168869,0.141651,0.045947
4339_218_1239_1618,1,5,0.011909,0.176156,0.307227,0.032675,0.062666,0.37483,0.034536
4339_217_1175_1239,5,5,0.003027,0.018488,0.020793,0.027815,0.006787,0.820638,0.102453
4339_217_195_285,4,5,0.009523,0.09478,0.134872,0.016872,0.078109,0.613867,0.051977
4339_218_2661_2999,3,3,0.012008,0.031086,0.014856,0.720085,0.023581,0.134856,0.063528
4339_217_2548_2661,3,3,0.006813,0.004625,0.009842,0.525897,0.003332,0.442531,0.00696
4339_218_848_1175,3,5,0.077067,0.245213,0.07516,0.024936,0.050217,0.48057,0.046838
4339_217_1965_2070,3,3,0.01284,0.03064,0.019013,0.563343,0.005958,0.319087,0.049119
4339_218_1717_1965,1,5,0.202492,0.28081,0.102994,0.028812,0.031626,0.332985,0.020281
4339_218_534_757,3,5,0.01842,0.050438,0.069978,0.202393,0.032552,0.609896,0.016323
4339_217_1618_1717,3,3,0.011918,0.013224,0.013876,0.639281,0.008878,0.296351,0.016473
4339_218_285_403,4,4,0.011898,0.172208,0.17142,0.059039,0.443726,0.054424,0.087285
4339_217_403_534,4,4,0.009699,0.100015,0.418756,0.006188,0.427592,0.017375,0.020375
4339_217_757_848,3,5,0.005148,0.021209,0.021915,0.070057,0.004005,0.850293,0.027374
4344_217_31_154,3,3,0.027283,0.027353,0.025772,0.728818,0.01263,0.030114,0.148029
4344_217_1167_1316,1,3,0.024814,0.068261,0.01871,0.72314,0.034608,0.069984,0.060482
4344_217_222_338,1,5,0.110822,0.20758,0.017474,0.123243,0.006985,0.498131,0.035765
4344_217_1453_1608,3,3,0.006824,0.003996,0.010227,0.815593,0.008118,0.145536,0.009706
4344_217_893_944,3,3,0.00899,0.011456,0.018728,0.840137,0.006215,0.034402,0.080072
4344_218_154_222,1,5,0.01759,0.04129,0.034508,0.064584,0.014594,0.655787,0.171646
4344_217_555_717,0,0,0.735494,0.130802,0.024544,0.018742,0.012766,0.067402,0.01025
4344_218_1009_1167,1,1,0.262327,0.556562,0.039063,0.046232,0.017017,0.047732,0.031068
4344_218_418_555,5,5,0.008598,0.028671,0.026593,0.082711,0.006274,0.82189,0.025263
4344_218_758_893,5,5,0.01052,0.031459,0.015184,0.137182,0.011101,0.760735,0.03382
4344_218_1365_1453,1,1,0.080275,0.301756,0.045869,0.291781,0.019685,0.052802,0.207831
4343_218_1227_1303,1,5,0.050561,0.049308,0.016537,0.236395,0.009956,0.590916,0.046327
4343_217_31_138,1,2,0.01892,0.210151,0.276313,0.01769,0.168913,0.243969,0.064043
4343_217_1117_1227,0,0,0.401624,0.36698,0.037672,0.049687,0.050352,0.053864,0.039822
4343_218_769_823,1,1,0.011981,0.315067,0.057602,0.063001,0.12313,0.185526,0.243693
4343_218_967_1117,1,1,0.218511,0.413633,0.055942,0.146752,0.033954,0.084217,0.04699
4343_217_694_769,1,1,0.086415,0.575667,0.037328,0.084617,0.040539,0.138217,0.037216
4343_217_238_297,1,5,0.010449,0.3002,0.045978,0.021522,0.0336,0.544217,0.044034
4343_217_370_501,1,1,0.159963,0.632453,0.019235,0.075646,0.014174,0.05786,0.040669
4343_218_501_694,1,5,0.008582,0.053868,0.008368,0.209842,0.007903,0.677209,0.034226
4343_218_138_238,6,3,0.02579,0.094183,0.04901,0.499789,0.054276,0.180246,0.096706
4343_217_823_967,3,3,0.025098,0.031905,0.023306,0.609113,0.019604,0.03128,0.259694
4343_218_297_370,1,3,0.024624,0.213048,0.038513,0.424359,0.013349,0.160651,0.125456
4346_217_31_166,1,1,0.184661,0.453932,0.055286,0.03141,0.075583,0.165387,0.033743
4346_217_1225_1320,1,3,0.032224,0.0393,0.018845,0.687616,0.034801,0.02853,0.158684
4346_218_815_1225,2,1,0.037451,0.314579,0.030499,0.189809,0.265727,0.039763,0.122173
4346_218_1433_1745,5,5,0.006997,0.019302,0.089131,0.120014,0.014249,0.658942,0.091366
4346_218_190_449,2,2,0.084238,0.209823,0.322,0.081045,0.045757,0.210116,0.047021
4346_217_2122_2326,5,3,0.11496,0.025824,0.035056,0.53334,0.019288,0.258814,0.012718
4346_218_584_701,1,5,0.044617,0.156059,0.053187,0.17748,0.136833,0.345057,0.086768
4346_217_449_584,1,1,0.39906,0.471989,0.035335,0.022241,0.032971,0.023731,0.014673
4346_217_1860_1987,5,5,0.121239,0.299617,0.054502,0.025132,0.008983,0.473013,0.017513
4346_217_701_815,1,1,0.144022,0.719236,0.03324,0.012623,0.049946,0.024553,0.01638
4346_218_2071_2122,5,5,0.018206,0.101817,0.132571,0.017874,0.011905,0.69192,0.025707
4345_218_118_177,1,5,0.047087,0.232785,0.040412,0.031185,0.020038,0.581415,0.047077
4345_218_1252_1368,1,5,0.28856,0.268458,0.029478,0.007458,0.013439,0.374477,0.018129
4345_217_1097_1208,1,0,0.644946,0.276805,0.016868,0.02172,0.011856,0.019192,0.008612
4345_218_1549_1742,4,4,0.021803,0.206988,0.182296,0.033543,0.44011,0.078248,0.037011
4345_217_177_274,0,0,0.559876,0.145403,0.048262,0.128664,0.010921,0.08687,0.020003
4345_217_1368_1461,1,0,0.639143,0.277684,0.020316,0.01168,0.019216,0.02325,0.008712
4345_217_769_1013,1,0,0.620197,0.293064,0.034229,0.014564,0.014949,0.014166,0.008831
4345_217_378_599,0,0,0.851125,0.101718,0.008116,0.009525,0.005805,0.019591,0.004119
4345_218_274_378,5,5,0.341185,0.200189,0.044022,0.023624,0.018347,0.359601,0.013031
4345_217_31_118,0,0,0.517997,0.082807,0.025518,0.061975,0.021103,0.2751,0.015499
4345_218_663_769,5,1,0.054223,0.52075,0.099109,0.012368,0.02423,0.273795,0.015524
4345_218_1066_1097,4,4,0.005125,0.089597,0.191252,0.054747,0.552206,0.029245,0.077827
4348_217_31_202,1,2,0.011668,0.112174,0.283017,0.088652,0.266783,0.029868,0.207838
4348_217_1929_2075,3,3,0.008146,0.002332,0.007922,0.9449,0.00566,0.016614,0.014426
4348_217_1118_1241,4,2,0.015916,0.139508,0.456599,0.011125,0.331998,0.00887,0.035984
4348_218_1659_1753,3,3,0.014578,0.038316,0.019458,0.741755,0.010633,0.086749,0.088512
4348_218_244_319,1,2,0.00662,0.194881,0.660165,0.011801,0.032154,0.061306,0.033072
4348_218_1810_1929,3,3,0.039214,0.071088,0.039464,0.609923,0.045241,0.089243,0.105827
4348_217_1753_1810,3,3,0.015809,0.013062,0.01405,0.743089,0.023807,0.012665,0.177519
4348_218_1320_1591,1,1,0.087222,0.427515,0.313535,0.034439,0.071989,0.048926,0.016375
4348_217_793_958,1,3,0.044351,0.177532,0.093508,0.20895,0.200217,0.069718,0.205726
4348_218_462_793,1,1,0.022117,0.421694,0.160974,0.086528,0.116695,0.052612,0.13938
4348_218_989_1118,1,2,0.021015,0.229293,0.253828,0.136524,0.243552,0.049592,0.066197
4348_217_319_462,4,4,0.015353,0.287439,0.081927,0.031551,0.531411,0.021184,0.031134
4348_217_1591_1659,3,3,0.017625,0.01661,0.042486,0.805417,0.009475,0.049375,0.059012
4350_218_94_159,3,5,0.014628,0.085093,0.055533,0.21223,0.014692,0.442253,0.175571
4350_218_1213_1307,1,1,0.092802,0.243958,0.080369,0.110541,0.021744,0.218185,0.232401
4350_217_172_325,2,2,0.029617,0.210132,0.306346,0.170801,0.114445,0.04629,0.122369
4350_218_1454_1570,0,6,0.036799,0.11895,0.028773,0.271774,0.015591,0.113145,0.414968
4350_218_945_1075,0,1,0.37311,0.432516,0.015428,0.064187,0.012963,0.055117,0.046679
4350_217_1314_1393,1,3,0.020162,0.195141,0.038484,0.320763,0.06285,0.049023,0.313577
4350_218_577_783,1,0,0.614425,0.25056,0.054815,0.011565,0.023904,0.029701,0.01503
4350_217_1091_1152,2,2,0.007868,0.078875,0.695674,0.018176,0.061062,0.043013,0.095332
4350_218_326_401,1,1,0.253874,0.53265,0.048428,0.056672,0.037853,0.026141,0.044382
4350_217_420_557,3,6,0.025531,0.130684,0.150463,0.0808,0.094864,0.040285,0.477374
4350_217_31_87,3,5,0.010029,0.124379,0.182323,0.054492,0.117814,0.376627,0.134336
4350_217_795_904,4,1,0.052411,0.457405,0.126327,0.062611,0.157955,0.032468,0.110824
4349_218_127_267,3,3,0.016261,0.071497,0.036148,0.406838,0.056168,0.033634,0.379453
4349_217_1290_1415,1,1,0.204616,0.448623,0.051511,0.03385,0.17028,0.03096,0.060161
4349_218_932_1290,5,3,0.023804,0.046184,0.026829,0.720599,0.071239,0.07079,0.040555
4349_218_1491_1683,1,3,0.0217,0.063114,0.06842,0.564309,0.158577,0.10185,0.02203
4349_217_31_127,1,3,0.008697,0.044472,0.031441,0.64824,0.023707,0.080258,0.163184
4349_217_853_932,3,3,0.011348,0.026531,0.020956,0.489348,0.013413,0.043202,0.395201
4349_218_581_650,3,3,0.009669,0.007534,0.010834,0.838799,0.009841,0.020522,0.102801
4349_217_456_581,1,4,0.022958,0.137399,0.060079,0.267961,0.384322,0.066831,0.06045
4349_218_409_456,5,3,0.029087,0.303893,0.04035,0.445866,0.021955,0.032397,0.126451
4349_218_811_853,5,5,0.012919,0.059874,0.027238,0.015514,0.005744,0.832569,0.046143
4349_217_650_762,1,3,0.014319,0.037023,0.022895,0.470488,0.006542,0.252774,0.195959
4349_217_1683_1735,1,1,0.051146,0.600391,0.08568,0.036919,0.102655,0.082361,0.040848
4349_217_267_321,4,5,0.014438,0.186887,0.176772,0.027002,0.03111,0.443334,0.120458
4351_218_109_245,5,5,0.021081,0.048833,0.013141,0.009346,0.006535,0.891985,0.009079
4351_217_1981_2068,1,6,0.021712,0.101384,0.03905,0.29056,0.025634,0.105022,0.416638
4351_218_1080_1190,0,1,0.352095,0.429949,0.043372,0.036276,0.012917,0.106605,0.018787
4351_218_1573_1716,5,5,0.008412,0.210596,0.284164,0.028382,0.029358,0.425203,0.013885
4351_217_1737_1806,0,5,0.034181,0.186687,0.047954,0.282296,0.048492,0.324527,0.075863
4351_217_1403_1520,1,1,0.046375,0.44754,0.081989,0.093864,0.103587,0.094094,0.132549
4351_217_884_1060,1,1,0.196049,0.522315,0.035905,0.027,0.016682,0.136887,0.065163
4351_218_1344_1381,4,5,0.01989,0.133038,0.067451,0.021512,0.011598,0.670283,0.076227
4351_218_565_652,1,5,0.02088,0.095512,0.021386,0.011533,0.006258,0.81823,0.0262
4351_217_31_101,4,4,0.007896,0.114767,0.334372,0.022773,0.39996,0.0104,0.109833
4351_218_342_470,5,5,0.010018,0.040502,0.016695,0.005625,0.010932,0.908702,0.007525
4351_217_1210_1283,1,6,0.086586,0.200988,0.02625,0.20803,0.042597,0.025582,0.409966
4351_218_817_872,0,5,0.137373,0.305417,0.029229,0.015379,0.006948,0.49071,0.014943
4351_218_1840_1968,1,0,0.5857,0.317143,0.017041,0.013273,0.006689,0.052497,0.007658
4351_217_672_801,0,1,0.282403,0.476271,0.041368,0.062406,0.040591,0.049452,0.047509
4351_217_487_538,1,6,0.025021,0.128471,0.018379,0.236718,0.021743,0.048093,0.521576
4351_217_260_317,1,4,0.008765,0.071005,0.112454,0.035796,0.63072,0.014735,0.126525
4352_218_127_268,3,1,0.048369,0.502489,0.045597,0.020705,0.036907,0.325741,0.020193
4352_218_1281_1512,5,3,0.017441,0.033108,0.015991,0.802247,0.010124,0.103939,0.01715
4352_217_2010_2125,0,0,0.353637,0.257934,0.029145,0.044857,0.013095,0.282844,0.018489
4352_217_1059_1249,1,3,0.077176,0.139606,0.011089,0.462094,0.027273,0.10151,0.181254
4352_218_1620_1742,1,3,0.04008,0.233688,0.031263,0.509961,0.021981,0.117714,0.045312
4352_217_1761_1843,0,3,0.027085,0.103418,0.013751,0.619067,0.019273,0.027464,0.189942
4352_218_2154_2237,1,1,0.071048,0.519839,0.062312,0.046551,0.035729,0.185702,0.078819
4352_218_915_1052,0,3,0.15134,0.256059,0.016396,0.374825,0.018204,0.164232,0.018945
4352_217_540_604,5,6,0.026081,0.193045,0.055157,0.173379,0.113935,0.075308,0.363094
4352_217_294_443,3,1,0.136159,0.30461,0.036031,0.049947,0.070268,0.10036,0.302624
4352_218_626_703,3,3,0.026033,0.030196,0.035741,0.671354,0.029078,0.112126,0.095471
4352_217_31_108,3,6,0.011694,0.0517,0.039765,0.067389,0.026957,0.152265,0.650229
4352_217_1523_1578,0,1,0.206904,0.459684,0.021487,0.097522,0.03235,0.035215,0.146838
4352_217_715_892,1,5,0.054132,0.305724,0.013573,0.1345,0.011603,0.435934,0.044534
4352_218_1902_1989,3,1,0.041612,0.494606,0.099523,0.11138,0.161672,0.065831,0.025375
4352_218_488_522,3,3,0.011536,0.018536,0.031481,0.752213,0.009567,0.147898,0.028769
4352_217_2253_2270,5,5,0.02227,0.037711,0.040361,0.331646,0.008062,0.385941,0.174008
4354_218_2270_2520,3,3,0.008399,0.007954,0.041005,0.884625,0.024901,0.023324,0.009792
4354_218_1161_1331,3,3,0.100465,0.206087,0.036246,0.381522,0.08302,0.057536,0.135125
4354_217_1673_1773,0,1,0.251014,0.518751,0.027831,0.074818,0.052178,0.019997,0.055412
4354_218_151_330,3,3,0.030827,0.162386,0.105161,0.272158,0.257473,0.09189,0.080106
4354_218_1813_1963,3,3,0.008782,0.00977,0.0172,0.890982,0.010442,0.013064,0.04976
4354_218_1424_1670,3,1,0.196315,0.461531,0.028731,0.159612,0.033359,0.070339,0.050113
4354_217_867_1104,1,4,0.042898,0.2521,0.050429,0.143251,0.285703,0.037905,0.187715
4354_218_469_643,4,1,0.108475,0.332326,0.146928,0.192643,0.108616,0.075268,0.035745
4354_218_2050_2207,3,3,0.013338,0.012268,0.023735,0.860244,0.029178,0.027824,0.033412
4354_217_31_116,6,2,0.030486,0.222351,0.252065,0.038875,0.143533,0.240395,0.072295
4354_217_358_445,1,6,0.051852,0.28095,0.057086,0.061051,0.057193,0.08343,0.40844
4354_217_664_815,1,4,0.042108,0.376176,0.10994,0.023697,0.377344,0.01812,0.052614
4354_217_1357_1402,2,1,0.019929,0.808798,0.01584,0.044014,0.0559,0.030828,0.024691
4354_217_2539_2596,1,2,0.012978,0.151676,0.270569,0.107557,0.259656,0.031547,0.166017
4354_217_2228_2247,5,5,0.006794,0.086895,0.070224,0.022721,0.0181,0.543727,0.251539
4354_218_828_847,3,5,0.009289,0.028143,0.021502,0.019122,0.009585,0.828798,0.083562
4354_217_1980_1995,4,4,0.019516,0.222416,0.156847,0.102224,0.280991,0.018742,0.199265
4355_217_31_137,3,6,0.015303,0.035443,0.068548,0.176358,0.033839,0.057066,0.613444
4355_218_1954_2123,4,1,0.360216,0.51025,0.042907,0.016747,0.021996,0.036727,0.011157
4355_218_1041_1189,0,1,0.150906,0.597073,0.064478,0.013075,0.127004,0.035756,0.011707
4355_218_1503_1716,0,5,0.02398,0.375548,0.06837,0.007365,0.017532,0.500121,0.007085
4355_218_149_262,4,5,0.005644,0.108547,0.060871,0.052267,0.028613,0.680185,0.063873
4355_217_1743_1925,1,3,0.014069,0.147152,0.019893,0.584446,0.037858,0.034148,0.162433
4355_217_1435_1488,1,6,0.006796,0.150447,0.131478,0.034867,0.217972,0.027356,0.431084
4355_217_2156_2326,3,1,0.078699,0.358181,0.015324,0.22701,0.019622,0.08636,0.214803
4355_217_846_946,3,1,0.10221,0.439385,0.01604,0.151814,0.03236,0.01489,0.243302
4355_218_431_662,1,1,0.151938,0.555554,0.134265,0.01,0.081987,0.056834,0.009422
4355_217_293_379,3,5,0.011854,0.040009,0.018144,0.108693,0.005917,0.778062,0.037322
4355_217_1209_1295,1,1,0.105466,0.326679,0.106308,0.067897,0.041674,0.158487,0.193489
4355_217_2520_2608,3,2,0.010436,0.177823,0.379926,0.020266,0.33916,0.036429,0.03596
4355_218_2348_2480,5,5,0.008558,0.051675,0.031304,0.128525,0.014077,0.725994,0.039867
4355_217_693_727,3,6,0.008117,0.010116,0.020955,0.190644,0.01466,0.074618,0.680889
4355_218_1367_1402,1,1,0.047399,0.496812,0.041451,0.014253,0.026406,0.34667,0.027009
4355_218_799_820,4,2,0.018176,0.102778,0.678044,0.03011,0.103122,0.017703,0.050068
4359_218_31_129,3,6,0.068751,0.152071,0.041029,0.275466,0.01223,0.098016,0.352437
4359_217_1106_1231,0,1,0.039902,0.414402,0.124132,0.013861,0.112247,0.108604,0.186851
4359_217_1594_1721,0,1,0.091619,0.449853,0.067754,0.068416,0.135366,0.055472,0.131519
4359_218_217_344,3,1,0.060002,0.442876,0.056782,0.105053,0.037335,0.246241,0.051711
4359_218_1754_1886,1,1,0.098549,0.458831,0.253212,0.034699,0.072045,0.062288,0.020376
4359_218_1312_1364,2,2,0.00595,0.153607,0.580383,0.016055,0.152149,0.041336,0.05052
4359_218_519_598,3,3,0.013904,0.126039,0.016757,0.782576,0.018314,0.022067,0.020343
4359_217_152_184,1,5,0.009143,0.113664,0.149201,0.020383,0.030232,0.403781,0.273596
4359_217_617_659,1,1,0.118777,0.632859,0.038201,0.007622,0.085003,0.078356,0.039182
4359_218_960_1080,0,5,0.248415,0.255991,0.047944,0.028233,0.025808,0.348737,0.044871
4359_217_361_489,0,1,0.027156,0.466985,0.147638,0.046012,0.065896,0.113216,0.133096
4359_218_1462_1573,0,1,0.194147,0.493293,0.018069,0.015093,0.013142,0.244937,0.021321
4359_217_783_920,1,1,0.098498,0.538558,0.026391,0.109304,0.069672,0.072701,0.084877
4359_218_680_732,1,1,0.094019,0.329354,0.032251,0.168111,0.020173,0.164105,0.191987
4359_217_1909_2028,0,1,0.227696,0.389151,0.023797,0.201187,0.024203,0.054778,0.079189
4359_217_1385_1433,1,1,0.039803,0.396826,0.224578,0.021391,0.196685,0.014469,0.106249
4357_218_115_316,3,2,0.008692,0.041601,0.360893,0.293155,0.06424,0.026715,0.204703
4357_217_1932_2096,0,1,0.095803,0.377852,0.100637,0.084081,0.134454,0.076252,0.13092
4357_218_1128_1229,6,2,0.008934,0.057226,0.662555,0.052218,0.051549,0.06177,0.105748
4357_217_1667_1756,1,3,0.020553,0.087238,0.033305,0.499101,0.054222,0.02054,0.285041
4357_218_1782_1921,5,3,0.038043,0.129674,0.096249,0.393287,0.025461,0.061336,0.255949
4357_218_1309_1637,3,3,0.012651,0.111648,0.076294,0.574393,0.036949,0.064992,0.123073
4357_218_918_1021,3,3,0.048812,0.052362,0.01478,0.731372,0.008459,0.108454,0.035761
4357_218_543_797,3,3,0.041852,0.151517,0.13429,0.368779,0.069666,0.195109,0.038786
4357_217_462_505,1,3,0.03914,0.128193,0.05036,0.49313,0.034673,0.061759,0.192745
4357_217_801_894,1,3,0.012054,0.104126,0.140788,0.279196,0.238787,0.012444,0.212603
4357_217_71_86,5,5,0.011937,0.063435,0.055591,0.026825,0.017079,0.571111,0.254024
4357_217_1040_1096,1,3,0.012608,0.06071,0.094988,0.643642,0.081048,0.028974,0.07803
4357_217_335_380,5,3,0.02937,0.084338,0.136876,0.290986,0.039097,0.27572,0.143612
4357_218_407_437,3,3,0.033802,0.087917,0.023147,0.587248,0.026042,0.011483,0.230361
4357_218_31_46,6,6,0.018724,0.113914,0.201924,0.056088,0.061998,0.176089,0.371264
4358_217_89_190,6,2,0.012524,0.063578,0.351695,0.174067,0.053078,0.128449,0.21661
4358_218_1188_1347,1,6,0.027725,0.094074,0.177225,0.240491,0.135187,0.040737,0.284562
4358_217_1918_2168,3,3,0.005107,0.003432,0.007295,0.932086,0.007703,0.029387,0.014991
4358_218_205_294,5,5,0.009686,0.057103,0.04323,0.013468,0.012396,0.828938,0.035179
4358_217_1687_1819,3,3,0.018742,0.04343,0.024001,0.660569,0.009796,0.031285,0.212178
4358_217_1365_1481,3,5,0.005547,0.014246,0.023204,0.162648,0.009493,0.765784,0.019077
4358_218_2212_2253,1,6,0.023036,0.189609,0.115385,0.171917,0.107674,0.014838,0.377541
4358_217_847_934,3,3,0.013746,0.029749,0.013034,0.750766,0.014207,0.007742,0.170755
4358_217_2269_2382,6,3,0.011275,0.064711,0.144665,0.496768,0.026711,0.027994,0.227877
4358_218_527_637,1,4,0.020136,0.208137,0.244508,0.036423,0.318772,0.015911,0.156113
4358_217_1028_1151,0,1,0.099212,0.728679,0.021748,0.071566,0.024025,0.024214,0.030556
4358_217_316_496,1,3,0.027834,0.132275,0.034142,0.44861,0.037385,0.134925,0.18483
4358_218_1506_1672,1,0,0.377614,0.248971,0.132534,0.066709,0.083629,0.031167,0.059376
4358_218_2431_2458,1,1,0.073188,0.368349,0.308537,0.030063,0.088743,0.045286,0.085834
4358_218_1879_1901,0,6,0.042297,0.125017,0.044711,0.130613,0.019596,0.106627,0.531138
4358_217_656_750,3,3,0.021776,0.082838,0.026565,0.562265,0.049695,0.016196,0.240666
4358_218_770_819,5,5,0.043624,0.098062,0.04253,0.020156,0.013294,0.748595,0.033739
4358_218_968_996,1,1,0.149448,0.483679,0.080751,0.044519,0.046351,0.123202,0.07205
4358_217_31_49,6,6,0.039926,0.116946,0.241253,0.099424,0.013648,0.174964,0.31384
4358_218_67_74,5,5,0.00554,0.027336,0.038824,0.025747,0.012274,0.748696,0.141584
4360_218_99_154,3,3,0.013155,0.025551,0.027046,0.530862,0.006863,0.065328,0.331196
4360_218_2016_2129,3,2,0.018992,0.139511,0.404094,0.136967,0.180264,0.035958,0.084213
4360_218_1107_1288,3,3,0.0056,0.023477,0.009739,0.563252,0.010358,0.349447,0.038127
4360_218_1688_1855,3,3,0.009249,0.012766,0.011673,0.747416,0.011109,0.162336,0.045451
4360_218_1457_1526,3,3,0.021168,0.047088,0.019622,0.725743,0.015362,0.026085,0.144932
4360_217_2178_2242,3,3,0.006559,0.006535,0.012735,0.941608,0.006544,0.008223,0.017796
4360_218_853_988,5,5,0.008271,0.045098,0.016637,0.010162,0.007448,0.882417,0.029967
4360_217_172_251,3,3,0.01032,0.017332,0.025407,0.539033,0.008533,0.025005,0.37437
4360_217_1321_1433,6,3,0.034968,0.202564,0.043897,0.348384,0.176197,0.057708,0.136281
4360_218_2278_2383,5,2,0.011646,0.037957,0.286932,0.142524,0.074333,0.263628,0.18298
4360_217_584_629,3,3,0.017515,0.060092,0.085507,0.509573,0.09901,0.076413,0.151891
4360_218_275_341,3,3,0.013272,0.067301,0.171307,0.338753,0.023442,0.054916,0.331009
4360_217_1018_1067,6,6,0.024513,0.280219,0.080091,0.038931,0.219415,0.076113,0.280718
4360_218_463_561,3,1,0.039996,0.273705,0.098074,0.176627,0.108834,0.044599,0.258166
4360_217_31_61,3,6,0.006358,0.022991,0.078124,0.119611,0.074403,0.034107,0.664404
4360_217_787_837,3,6,0.02675,0.048291,0.094604,0.339998,0.098312,0.037564,0.354481
4360_217_1878_1968,3,3,0.009499,0.009869,0.022486,0.860528,0.017801,0.058016,0.021801
4360_218_663_750,3,3,0.04888,0.16333,0.024472,0.480428,0.024336,0.076258,0.182298
4360_217_360_434,3,6,0.008681,0.030467,0.039173,0.419113,0.022238,0.018886,0.461442
4360_217_1551_1662,3,3,0.017587,0.017347,0.02096,0.701215,0.01389,0.013626,0.215375
4482_225_109_158,6,3,0.013608,0.021478,0.040764,0.480485,0.007293,0.2832,0.153173
4482_226_1167_1202,3,3,0.014699,0.046467,0.044945,0.450547,0.013846,0.129889,0.299608
4482_225_776_869,1,6,0.01279,0.053031,0.054734,0.044908,0.08742,0.039819,0.707298
4482_226_31_82,3,5,0.030967,0.09665,0.200383,0.025214,0.049179,0.397944,0.199661
4482_226_881_1070,2,3,0.021241,0.095512,0.03855,0.381113,0.051225,0.3287,0.083659
4482_226_615_718,3,3,0.016665,0.06127,0.023797,0.742126,0.025044,0.078684,0.052414
4482_225_257_302,6,5,0.010129,0.045016,0.083943,0.039513,0.012146,0.47347,0.335782
4482_226_179_233,1,6,0.026236,0.138564,0.044518,0.182706,0.030252,0.106799,0.470926
4482_225_559_595,1,4,0.030021,0.152236,0.169198,0.02694,0.489559,0.02018,0.111866
4482_225_1086_1136,6,6,0.031663,0.167304,0.07081,0.067642,0.264936,0.019086,0.378558
4482_226_443_547,5,5,0.006772,0.039093,0.020752,0.02411,0.004812,0.855562,0.048901
4482_226_314_395,3,5,0.013013,0.030863,0.008805,0.008057,0.006129,0.90626,0.026874
4482_225_402_416,6,6,0.022815,0.101817,0.049469,0.078758,0.017985,0.09028,0.638876
4484_225_1245_1333,1,0,0.629372,0.188206,0.023418,0.020768,0.014966,0.111542,0.011727
4484_226_922_1237,0,1,0.282446,0.607201,0.034006,0.012311,0.027833,0.021079,0.015123
4484_225_246_300,6,5,0.005207,0.045668,0.010142,0.029737,0.00644,0.837877,0.064928
4484_226_91_121,6,3,0.047468,0.16334,0.035226,0.354721,0.031188,0.024704,0.343352
4484_226_181_231,1,1,0.061776,0.714202,0.034516,0.012593,0.085563,0.016294,0.075056
4484_226_1349_1397,1,1,0.286394,0.514756,0.048935,0.031274,0.047103,0.022105,0.049434
4484_226_577_626,1,2,0.020152,0.263926,0.300526,0.02325,0.23617,0.03908,0.116896
4484_226_333_491,1,1,0.066331,0.78495,0.027383,0.026405,0.032521,0.021371,0.041039
4484_225_31_77,6,5,0.017352,0.03271,0.037547,0.11242,0.024496,0.405037,0.370438
4484_226_727_825,1,1,0.039658,0.497061,0.047005,0.060444,0.133941,0.044337,0.177554
4484_225_667_696,1,5,0.024366,0.065469,0.03249,0.027038,0.010309,0.772705,0.067623
4484_225_510_565,5,5,0.019361,0.078674,0.071297,0.007361,0.075778,0.71737,0.030158
4484_225_837_922,4,0,0.55175,0.324393,0.038315,0.016635,0.017807,0.029498,0.021601
4484_225_135_164,1,5,0.016628,0.106895,0.038106,0.061212,0.011916,0.690628,0.074615
4485_225_114_163,6,6,0.127669,0.216592,0.065994,0.151038,0.058276,0.089813,0.290618
4485_226_1149_1286,5,3,0.033596,0.166665,0.055909,0.604087,0.017424,0.030432,0.091888
4485_226_879_1014,1,6,0.027955,0.11083,0.051654,0.165878,0.029296,0.176356,0.438031
4485_226_188_244,1,6,0.034109,0.154025,0.113983,0.225467,0.044329,0.115115,0.312972
4485_226_1350_1442,4,1,0.0697,0.680384,0.063898,0.009582,0.1339,0.015687,0.026849
4485_225_473_643,1,1,0.045143,0.305408,0.065291,0.027528,0.30068,0.195186,0.060764
4485_225_1037_1140,3,3,0.019839,0.034399,0.016659,0.567352,0.013708,0.308748,0.039295
4485_226_316_417,1,2,0.013203,0.08962,0.465083,0.216899,0.074978,0.054566,0.085651
4485_225_1309_1350,4,4,0.014341,0.263348,0.063269,0.032217,0.451916,0.034231,0.140678
4485_225_795_846,3,5,0.037378,0.036129,0.022662,0.108715,0.022448,0.752615,0.020053
4485_226_70_103,1,1,0.2334,0.533243,0.05196,0.03077,0.023914,0.102754,0.023961
4485_226_736_779,3,3,0.01072,0.015989,0.022733,0.86202,0.004247,0.011289,0.073001
4485_225_257_297,4,6,0.012714,0.02903,0.019038,0.137195,0.027165,0.028662,0.746197
4485_225_31_48,6,1,0.151269,0.278096,0.084733,0.067597,0.113378,0.030223,0.274704
4486_226_117_219,1,1,0.103575,0.804507,0.031064,0.008397,0.020887,0.014559,0.017011
4486_226_1118_1215,5,3,0.008162,0.025591,0.017832,0.436289,0.010901,0.089088,0.412135
4486_225_31_95,2,3,0.022614,0.067568,0.076922,0.396116,0.032667,0.196196,0.207917
4486_226_935_1034,0,0,0.42413,0.348372,0.019316,0.076912,0.015055,0.08659,0.029626
4486_225_725_799,6,4,0.017155,0.102927,0.081538,0.051665,0.371693,0.016639,0.358383
4486_225_239_274,6,5,0.031822,0.129499,0.050572,0.056814,0.028624,0.540915,0.161754
4486_225_353_474,3,3,0.024877,0.161444,0.048763,0.373196,0.066231,0.029484,0.296003
4486_225_602_667,3,3,0.014685,0.039273,0.010529,0.778654,0.013978,0.016179,0.126701
4486_226_678_714,1,5,0.031061,0.184375,0.042029,0.049208,0.023275,0.545473,0.124578
4486_225_1062_1118,3,3,0.033083,0.076862,0.020948,0.451563,0.017111,0.019946,0.380487
4486_226_811_841,5,5,0.151035,0.043164,0.026448,0.046983,0.017619,0.681221,0.03353
4486_226_286_333,1,3,0.039376,0.139248,0.037179,0.445626,0.008727,0.018357,0.311487
4486_225_849_901,6,6,0.025156,0.083481,0.036397,0.128243,0.087776,0.168563,0.470385
4486_226_495_589,4,1,0.218048,0.624787,0.032379,0.008869,0.021451,0.0665,0.027967
4487_226_120_168,1,5,0.014565,0.028494,0.021469,0.07013,0.007702,0.81106,0.046579
4487_226_1608_1739,6,5,0.023299,0.140127,0.034567,0.20951,0.096975,0.289199,0.206323
4487_226_1399_1551,3,0,0.402327,0.287252,0.041526,0.029245,0.041119,0.160188,0.038343
4487_226_572_937,6,3,0.022369,0.099842,0.029646,0.535351,0.03304,0.035076,0.244676
4487_225_191_241,4,5,0.061337,0.218694,0.130311,0.033658,0.057086,0.42193,0.076984
4487_225_1308_1391,4,4,0.012076,0.118996,0.089793,0.026403,0.688717,0.021661,0.042354
4487_226_1018_1149,4,1,0.0844,0.443728,0.036292,0.084777,0.074507,0.046428,0.229866
4487_226_258_474,1,5,0.038168,0.095262,0.065909,0.193495,0.04135,0.472968,0.092846
4487_225_31_101,6,6,0.042178,0.184548,0.071332,0.164368,0.12233,0.049133,0.366112
4487_226_1195_1292,4,1,0.146008,0.473217,0.066554,0.018263,0.191994,0.024751,0.079213
4487_225_481_551,2,1,0.051725,0.30902,0.116283,0.038481,0.076513,0.110817,0.297162
4487_225_955_994,4,5,0.019383,0.139305,0.100513,0.02873,0.056196,0.432517,0.223357
4487_225_1568_1606,1,1,0.215293,0.439418,0.060479,0.029069,0.164807,0.030497,0.060436
4487_225_1158_1181,4,4,0.020648,0.168495,0.185408,0.036423,0.417149,0.019022,0.152855
4495_226_111_137,3,5,0.109461,0.114495,0.032855,0.194472,0.009513,0.391947,0.147257
4495_225_1129_1170,3,3,0.011094,0.020451,0.017782,0.574537,0.018062,0.008166,0.349908
4495_226_733_901,6,3,0.011222,0.036158,0.04001,0.440512,0.068847,0.113608,0.289641
4495_225_31_99,2,1,0.046157,0.281489,0.136133,0.083636,0.072062,0.124127,0.256396
4495_226_965_1119,3,3,0.00664,0.017746,0.030151,0.676261,0.017589,0.036533,0.215081
4495_226_252_357,1,5,0.012553,0.026234,0.04229,0.006963,0.021443,0.774237,0.116281
4495_225_380_465,4,6,0.022784,0.15017,0.167594,0.051713,0.26116,0.02804,0.318538
4495_226_479_690,1,3,0.019205,0.10492,0.043824,0.316599,0.122823,0.127619,0.265011
4495_225_916_941,5,5,0.004854,0.028098,0.05119,0.021198,0.020934,0.765975,0.107751
4495_225_161_234,1,1,0.0443,0.488518,0.123687,0.026771,0.082274,0.053793,0.180657
4495_225_700_724,2,4,0.022856,0.201379,0.097667,0.021524,0.372827,0.010046,0.273701
4490_226_1146_1225,4,4,0.017207,0.153231,0.084944,0.050233,0.470083,0.064122,0.16018
4490_226_1542_1710,4,3,0.013746,0.074707,0.051114,0.396756,0.060786,0.021469,0.381423
4490_226_138_320,4,4,0.034997,0.244565,0.066647,0.067979,0.44926,0.050756,0.085797
4490_226_1335_1480,4,6,0.011628,0.045383,0.033523,0.331702,0.029383,0.016894,0.531487
4490_226_916_966,1,5,0.00608,0.026734,0.024178,0.063129,0.00849,0.632055,0.239334
4490_225_615_698,4,3,0.035936,0.148217,0.062997,0.238762,0.228108,0.052861,0.233118
4490_225_989_1088,4,6,0.05872,0.276812,0.037691,0.0917,0.105185,0.050697,0.379194
4490_225_353_477,6,4,0.04198,0.306775,0.063791,0.094725,0.350514,0.076385,0.06583
4490_225_31_115,4,5,0.00949,0.092787,0.050636,0.010535,0.077897,0.551113,0.207542
4490_225_1246_1278,4,4,0.020182,0.19685,0.286574,0.021856,0.392804,0.014575,0.06716
4490_226_711_817,1,5,0.003744,0.024131,0.02453,0.049058,0.011664,0.749264,0.137609
4490_226_501_582,4,5,0.005802,0.032945,0.101534,0.006592,0.038457,0.745352,0.069318
4490_225_828_909,4,6,0.051271,0.107434,0.021769,0.150323,0.053336,0.044094,0.571773
4490_225_1498_1525,5,5,0.016433,0.025314,0.017216,0.021783,0.008024,0.886906,0.024325
4490_225_1721_1754,3,6,0.066606,0.095398,0.025259,0.265088,0.012589,0.077093,0.457967
4496_226_77_168,6,3,0.004606,0.010464,0.020331,0.45522,0.019717,0.156807,0.332854
4496_226_1094_1315,3,3,0.007307,0.069446,0.160264,0.440889,0.093984,0.118201,0.109909
4496_226_1607_1712,2,3,0.011734,0.029957,0.048207,0.729406,0.021851,0.050006,0.108838
4496_226_1800_1861,3,3,0.006754,0.00529,0.005615,0.863586,0.004289,0.008872,0.105595
4496_226_1400_1524,3,3,0.006862,0.010096,0.010775,0.811243,0.006076,0.007256,0.147693
4496_226_812_959,4,1,0.009247,0.291776,0.196467,0.054723,0.245935,0.136526,0.065326
4496_225_176_254,2,5,0.01589,0.077732,0.227739,0.170081,0.04872,0.314182,0.145656
4496_225_1329_1385,3,5,0.015963,0.008412,0.013518,0.066261,0.006906,0.883421,0.005518
4496_225_570_787,4,2,0.023654,0.183354,0.495995,0.01839,0.142937,0.103097,0.032572
4496_225_1720_1792,3,3,0.02245,0.037968,0.017276,0.79887,0.006797,0.023579,0.09306
4496_226_259_394,3,5,0.004667,0.032797,0.023223,0.158457,0.025814,0.676031,0.079012
4496_225_1000_1080,4,4,0.011363,0.155549,0.215853,0.013882,0.51649,0.018382,0.068481
4496_226_459_558,4,2,0.008729,0.238417,0.495909,0.016167,0.13223,0.082684,0.025863
4496_225_31_65,6,3,0.00919,0.013635,0.019206,0.541268,0.012912,0.027311,0.376478
4496_225_1547_1590,3,3,0.011736,0.004846,0.009759,0.885216,0.034081,0.017582,0.03678
4496_225_405_433,3,6,0.026716,0.151559,0.126878,0.107961,0.072022,0.069043,0.445821
4497_226_73_180,1,5,0.020326,0.074454,0.015615,0.096864,0.014806,0.746009,0.031925
4497_226_1281_1341,4,1,0.010523,0.381168,0.0384,0.026303,0.311417,0.04438,0.187809
4497_225_1012_1272,1,1,0.015773,0.317151,0.117816,0.157736,0.147501,0.066156,0.177867
4497_226_1501_1710,6,3,0.009546,0.090072,0.036838,0.398408,0.03266,0.069759,0.362717
4497_225_196_319,5,5,0.006822,0.03119,0.022603,0.007847,0.00661,0.90582,0.019109
4497_226_1788_1889,3,1,0.042735,0.334436,0.047657,0.236442,0.068857,0.019291,0.250581
4497_225_1389_1477,5,5,0.052823,0.241028,0.054634,0.01419,0.039457,0.564695,0.033173
4497_226_537_597,3,3,0.021603,0.051102,0.015416,0.477214,0.006453,0.220944,0.207268
4497_225_1737_1788,3,3,0.019224,0.039907,0.027302,0.601567,0.041707,0.020547,0.249747
4497_226_328_418,1,1,0.119616,0.69894,0.015599,0.054599,0.014352,0.051823,0.045072
4497_225_613_674,5,6,0.013039,0.049826,0.045862,0.118905,0.018066,0.336617,0.417685
4497_225_430_522,2,5,0.00813,0.231836,0.177071,0.048167,0.078471,0.36722,0.089105
4497_225_817_922,4,4,0.012951,0.147857,0.076106,0.029349,0.642813,0.041238,0.049686
4497_226_681_773,6,6,0.013686,0.058737,0.014031,0.214007,0.014696,0.271086,0.413758
4497_226_963_1004,5,5,0.00889,0.024108,0.016455,0.015376,0.008251,0.88415,0.042769
4497_225_31_52,6,6,0.030401,0.136522,0.090238,0.085774,0.030984,0.187256,0.438826
4499_226_31_132,1,1,0.063785,0.36573,0.230577,0.04999,0.062226,0.133271,0.094421
4499_225_1219_1351,5,4,0.036541,0.228331,0.066612,0.062136,0.484455,0.025006,0.096919
4499_226_1109_1219,1,0,0.44436,0.417684,0.044413,0.017907,0.03236,0.024933,0.018342
4499_225_1559_1688,5,4,0.017801,0.081291,0.110187,0.052619,0.680289,0.032567,0.025245
4499_226_170_271,1,1,0.030584,0.309162,0.06892,0.075649,0.066281,0.144668,0.304735
4499_226_1351_1559,1,3,0.028876,0.133666,0.140716,0.267267,0.225554,0.037967,0.165955
4499_226_827_1062,1,1,0.180648,0.446514,0.075564,0.084659,0.04592,0.063058,0.103636
4499_226_506_736,1,6,0.032946,0.166249,0.054458,0.134579,0.044654,0.076439,0.490674
4499_225_1062_1109,5,5,0.14375,0.170783,0.039728,0.038696,0.119774,0.43723,0.050037
4499_226_309_456,1,1,0.023815,0.38086,0.048442,0.289403,0.056935,0.041929,0.158616
4499_225_456_506,5,5,0.057538,0.299595,0.035277,0.056142,0.1309,0.368933,0.051615
4499_225_736_827,5,1,0.069181,0.256856,0.176948,0.095432,0.050911,0.116996,0.233676
4499_226_1688_1729,3,3,0.007213,0.006664,0.008859,0.880636,0.012999,0.033524,0.050105
4499_225_271_309,1,4,0.02456,0.168908,0.086676,0.125283,0.267343,0.189422,0.137809
4498_226_76_142,6,3,0.012001,0.012503,0.016729,0.651702,0.013177,0.027395,0.266493
4498_225_1162_1450,4,2,0.018158,0.088349,0.418038,0.006946,0.395244,0.03833,0.034934
4498_225_2034_2058,6,3,0.015,0.021468,0.013861,0.717978,0.014699,0.016613,0.200381
4498_226_1661_1839,3,3,0.010165,0.033054,0.01915,0.517412,0.045059,0.02391,0.351251
4498_225_155_267,2,5,0.018834,0.084272,0.048578,0.012426,0.043674,0.765054,0.027162
4498_226_800_932,4,4,0.027467,0.183131,0.077068,0.028454,0.54871,0.020757,0.114412
4498_225_941_996,5,5,0.007491,0.015084,0.010998,0.022912,0.005548,0.911241,0.026726
4498_226_555_689,4,4,0.05859,0.259088,0.08048,0.013825,0.549003,0.018348,0.020665
4498_226_1014_1123,4,1,0.250855,0.427447,0.019268,0.135254,0.037782,0.076561,0.052833
4498_226_291_374,2,5,0.022219,0.155287,0.063659,0.009536,0.106385,0.535924,0.10699
4498_225_398_521,4,4,0.077429,0.28928,0.21701,0.017141,0.337065,0.019112,0.042963
4498_225_31_67,6,6,0.026898,0.137175,0.048427,0.104481,0.025421,0.049012,0.608586
4498_226_1476_1565,3,4,0.006787,0.066556,0.115315,0.040908,0.701079,0.011635,0.05772
4498_225_1854_1949,2,1,0.050797,0.357723,0.070994,0.065733,0.288021,0.026962,0.139771
4498_225_714_782,1,6,0.055376,0.27602,0.093552,0.064435,0.15108,0.028204,0.331332
4498_225_1587_1646,4,4,0.011295,0.126794,0.171124,0.014948,0.623007,0.015468,0.037365
4498_226_1965_2034,3,6,0.00914,0.025132,0.010553,0.457115,0.027681,0.010726,0.459652
4502_226_31_154,0,0,0.499654,0.263465,0.051222,0.021756,0.020935,0.07968,0.063288
4502_225_1295_1355,3,3,0.008258,0.003389,0.01003,0.876069,0.009645,0.080467,0.012143
4502_226_1099_1295,1,3,0.051649,0.143466,0.034765,0.458434,0.028787,0.014848,0.268052
4502_226_1678_1727,1,3,0.026044,0.080211,0.013536,0.754273,0.021399,0.014013,0.090524
4502_226_193_363,0,0,0.56658,0.168561,0.04155,0.060465,0.026105,0.092804,0.043936
4502_226_1355_1501,1,1,0.160738,0.295056,0.096615,0.223948,0.085929,0.032677,0.105036
4502_226_796_936,5,1,0.094508,0.570242,0.039298,0.062273,0.046325,0.077762,0.10959
4502_225_936_1099,1,2,0.199951,0.257944,0.314293,0.021458,0.090553,0.079704,0.036096
4502_225_550_796,1,2,0.02068,0.113483,0.257719,0.09135,0.251556,0.060455,0.204757
4502_225_154_193,2,4,0.035217,0.240171,0.226745,0.010177,0.366191,0.013194,0.108304
4502_226_475_550,5,5,0.009595,0.014342,0.042019,0.075305,0.019877,0.77422,0.064642
4502_225_363_475,1,2,0.021776,0.068045,0.45333,0.007306,0.402278,0.026256,0.02101
4502_226_1522_1625,1,0,0.320214,0.256264,0.19025,0.046017,0.033652,0.119885,0.033718
4502_225_1625_1678,2,3,0.038693,0.128027,0.023891,0.550626,0.026738,0.015535,0.216489
4502_225_1501_1522,5,3,0.021068,0.013781,0.021408,0.762996,0.007106,0.034726,0.138915
4503_226_106_174,5,5,0.005586,0.02953,0.021713,0.177281,0.01666,0.667603,0.081628
4503_225_1256_1321,1,2,0.021781,0.317916,0.321673,0.008957,0.197828,0.10099,0.030855
4503_226_1178_1256,3,3,0.008226,0.007057,0.030419,0.882067,0.010088,0.014254,0.047889
4503_225_174_270,5,5,0.041205,0.08269,0.029964,0.1605,0.033967,0.602514,0.049159
4503_226_890_959,3,3,0.018479,0.084723,0.067319,0.596491,0.027915,0.135155,0.069919
4503_226_1321_1398,5,5,0.020723,0.076622,0.026406,0.303265,0.013561,0.408219,0.151204
4503_225_535_627,5,6,0.013678,0.084097,0.038243,0.309703,0.070266,0.059534,0.42448
4503_226_1059_1154,3,3,0.007546,0.017381,0.017285,0.889759,0.011166,0.015865,0.040996
4503_226_270_434,1,1,0.110108,0.615495,0.137233,0.011184,0.05895,0.046935,0.020095
4503_226_627_733,1,1,0.044172,0.816488,0.050128,0.009033,0.040944,0.029139,0.010095
4503_225_959_1059,3,3,0.017674,0.084756,0.016793,0.567912,0.090334,0.148789,0.073743
4503_225_434_482,6,6,0.008331,0.036434,0.052054,0.08606,0.077097,0.049257,0.690766
4503_225_31_106,1,1,0.016821,0.642625,0.035468,0.049318,0.14605,0.034562,0.075155
4503_225_733_890,5,3,0.057796,0.180549,0.0346,0.474849,0.021633,0.043018,0.187556
4503_226_482_535,1,1,0.040413,0.49926,0.294503,0.03759,0.03295,0.039882,0.055402
4503_225_1154_1178,5,5,0.027961,0.031557,0.016149,0.135595,0.008816,0.695153,0.08477
4500_226_118_282,1,5,0.008379,0.038125,0.031342,0.095473,0.019922,0.734784,0.071974
4500_225_1213_1329,4,4,0.021033,0.185,0.0471,0.01703,0.687348,0.017724,0.024764
4500_226_1078_1213,1,3,0.016166,0.059082,0.027814,0.540386,0.041638,0.042991,0.271924
4500_225_1666_1772,1,4,0.018774,0.222585,0.063174,0.065761,0.5048,0.026552,0.098353
4500_225_1820_1892,5,1,0.101085,0.330394,0.061706,0.149488,0.210321,0.030843,0.116163
4500_226_1772_1820,5,5,0.010402,0.024914,0.011818,0.038098,0.011655,0.854668,0.048444
4500_225_1404_1562,5,5,0.140372,0.182458,0.068899,0.019714,0.095355,0.444231,0.048972
4500_226_901_1022,1,1,0.056728,0.333823,0.07431,0.060178,0.215953,0.048108,0.210899
4500_226_1329_1404,5,4,0.014597,0.132457,0.126227,0.188934,0.229717,0.084748,0.22332
4500_226_509_705,1,1,0.208229,0.433742,0.02494,0.118552,0.029266,0.113388,0.071883
4500_225_282_401,5,5,0.008214,0.031511,0.011612,0.008307,0.004747,0.918282,0.017326
4500_225_1022_1078,5,4,0.013687,0.088553,0.206415,0.010246,0.349013,0.240905,0.091181
4500_225_474_509,5,5,0.01035,0.029061,0.015845,0.035669,0.005178,0.623984,0.279913
4500_225_31_118,5,5,0.020439,0.210108,0.21827,0.033961,0.035378,0.314167,0.167676
4500_225_705_901,5,5,0.059857,0.221678,0.057826,0.032589,0.200472,0.377876,0.049702
4500_226_1892_2007,5,4,0.020113,0.111763,0.065921,0.248839,0.303099,0.025348,0.224917
4500_226_1562_1666,3,3,0.015308,0.05015,0.028179,0.679695,0.056445,0.078109,0.092114
4504_226_108_184,5,3,0.008031,0.046085,0.018168,0.438855,0.032602,0.020582,0.435677
4504_225_1212_1331,1,1,0.328677,0.343525,0.051263,0.131328,0.025178,0.033216,0.086813
4504_226_1148_1212,1,1,0.15668,0.591725,0.016332,0.035189,0.026924,0.052757,0.120393
4504_226_1605_1729,5,3,0.011626,0.039243,0.019121,0.853191,0.008083,0.027196,0.041539
4504_225_184_357,5,3,0.013504,0.080278,0.058462,0.354299,0.084199,0.228735,0.180523
4504_226_1331_1498,5,1,0.023579,0.528891,0.045166,0.088062,0.174101,0.026539,0.113663
4504_226_790_946,1,1,0.027606,0.447581,0.035771,0.015175,0.431555,0.012427,0.029885
4504_225_946_1020,1,4,0.019283,0.301814,0.11115,0.008299,0.535007,0.008562,0.015885
4504_226_564_679,1,1,0.111194,0.650779,0.021963,0.015122,0.164096,0.008125,0.028721
4504_225_1079_1148,0,1,0.355464,0.574023,0.021089,0.008247,0.020461,0.010342,0.010373
4504_226_1020_1079,1,1,0.149193,0.689632,0.026173,0.016158,0.05465,0.01562,0.048575
4504_226_357_504,5,5,0.017461,0.124692,0.032912,0.195538,0.049368,0.422363,0.157665
4504_225_31_108,5,1,0.113827,0.381385,0.062147,0.045755,0.012281,0.241556,0.143049
4504_225_1498_1605,1,1,0.0666,0.319248,0.0419,0.298383,0.078922,0.110266,0.08468
4504_225_679_790,1,6,0.012166,0.343879,0.045206,0.042684,0.026819,0.179512,0.349734
4504_225_504_564,1,1,0.016059,0.273163,0.186233,0.104378,0.100916,0.199065,0.120186
4508_226_99_234,5,5,0.011712,0.036647,0.02477,0.280208,0.015119,0.557275,0.07427
4508_226_1219_1464,5,3,0.005865,0.018749,0.034667,0.711639,0.021167,0.022063,0.18585
4508_225_1129_1219,1,1,0.03791,0.449664,0.084417,0.007284,0.373917,0.01447,0.032338
4508_226_1613_1696,3,3,0.007862,0.010034,0.022027,0.584946,0.0119,0.03762,0.325612
4508_225_234_320,1,1,0.047525,0.515654,0.030058,0.016657,0.345749,0.013391,0.030966
4508_226_1751_1801,3,3,0.017076,0.033185,0.032134,0.514425,0.023082,0.236673,0.143424
4508_225_881_963,1,1,0.171357,0.550473,0.075133,0.016173,0.071169,0.077568,0.038126
4508_226_518_601,1,5,0.005844,0.030746,0.016859,0.040739,0.013733,0.807229,0.08485
4508_226_963_1129,1,3,0.010587,0.153363,0.073496,0.29388,0.280513,0.0403,0.147862
4508_226_320_468,5,5,0.006344,0.107496,0.077229,0.102078,0.09168,0.525161,0.090013
4508_225_601_684,5,1,0.039797,0.32996,0.169835,0.034774,0.061847,0.116442,0.247346
4508_225_468_518,1,4,0.02361,0.199042,0.066062,0.10264,0.299031,0.025445,0.284171
4508_225_31_99,1,1,0.022612,0.787896,0.039589,0.015198,0.092518,0.007714,0.034474
4508_225_1464_1613,3,5,0.00752,0.016564,0.017686,0.306483,0.023525,0.587458,0.040765
4508_226_684_881,1,1,0.040785,0.711187,0.049969,0.083939,0.065754,0.018781,0.029585
4508_225_1696_1751,3,3,0.044337,0.029969,0.019049,0.762901,0.024939,0.095851,0.022955
4507_226_106_165,5,5,0.013197,0.030856,0.034101,0.007108,0.009334,0.87298,0.032423
4507_226_1233_1424,1,1,0.018984,0.436418,0.096878,0.025203,0.23246,0.037058,0.152999
4507_225_1054_1233,1,1,0.085397,0.638265,0.022742,0.074106,0.060732,0.047883,0.070875
4507_226_1594_1729,3,6,0.014342,0.085037,0.042969,0.21221,0.034184,0.053273,0.557985
4507_225_165_294,3,5,0.010672,0.067146,0.049305,0.168879,0.065519,0.3471,0.291379
4507_226_1820_1941,5,3,0.011522,0.067914,0.069408,0.474263,0.057906,0.101186,0.217801
4507_225_1729_1820,3,3,0.01272,0.059874,0.083419,0.486053,0.039454,0.162412,0.156069
4507_225_1424_1594,1,4,0.062786,0.301885,0.038351,0.090862,0.391806,0.022505,0.091804
4507_226_727_932,5,1,0.055069,0.734702,0.030584,0.019027,0.095777,0.035658,0.029185
4507_225_932_958,5,5,0.027931,0.128907,0.033882,0.016188,0.034275,0.622907,0.135911
4507_226_470_610,1,6,0.023662,0.277419,0.037067,0.128678,0.163077,0.046605,0.323492
4507_226_294_403,5,5,0.029078,0.045457,0.031228,0.01321,0.026467,0.832371,0.022188
4507_225_610_727,5,5,0.022928,0.326379,0.057595,0.016352,0.100131,0.444035,0.03258
4507_226_958_1054,1,1,0.035793,0.413367,0.115851,0.021983,0.101272,0.133394,0.17834
4507_225_31_106,3,4,0.01759,0.130035,0.135734,0.038739,0.575484,0.02494,0.077477
4507_225_403_470,2,1,0.022455,0.34902,0.187004,0.009392,0.241804,0.101136,0.089188
4507_225_1941_2034,3,1,0.138622,0.567095,0.029265,0.029428,0.163815,0.020651,0.051124
4506_226_101_230,5,5,0.007639,0.043022,0.047073,0.080402,0.016315,0.740579,0.06497
4506_226_1281_1388,5,3,0.006724,0.012411,0.024145,0.721337,0.011288,0.185115,0.038978
4506_225_1172_1281,5,3,0.027422,0.275527,0.029319,0.31464,0.090363,0.044938,0.217791
4506_225_1560_1687,1,3,0.06375,0.257298,0.024821,0.471887,0.044099,0.054251,0.083895
4506_225_230_348,5,5,0.003293,0.010743,0.010283,0.061575,0.00807,0.881059,0.024976
4506_226_1437_1560,5,5,0.011592,0.057852,0.019642,0.03222,0.009097,0.831097,0.038499
4506_226_823_1016,5,1,0.065339,0.445913,0.087165,0.145622,0.069587,0.131782,0.054592
4506_225_539_618,3,3,0.011936,0.030099,0.021463,0.60443,0.020502,0.216455,0.095115
4506_226_1108_1172,3,3,0.031361,0.150099,0.023664,0.458081,0.037541,0.25139,0.047863
4506_225_1016_1108,1,5,0.017544,0.140623,0.022292,0.018984,0.011601,0.757366,0.03159
4506_226_618_674,3,5,0.013737,0.069564,0.053137,0.273163,0.010462,0.308678,0.271259
4506_226_420_539,1,3,0.025773,0.142498,0.033916,0.373249,0.015289,0.260111,0.149164
4506_225_31_101,5,5,0.003574,0.021365,0.026797,0.007587,0.006032,0.911112,0.023533
4506_225_674_823,1,2,0.006475,0.171147,0.359485,0.010602,0.330487,0.076563,0.04524
4506_225_380_420,3,5,0.010398,0.029605,0.017421,0.266891,0.006123,0.619613,0.04995
4506_225_1388_1437,3,3,0.030055,0.075959,0.01586,0.545536,0.021128,0.052682,0.258781
4506_226_348_380,5,6,0.015199,0.252188,0.045077,0.256242,0.08773,0.086066,0.257499
4510_226_90_154,5,5,0.00244,0.008685,0.02018,0.058336,0.003326,0.856208,0.050825
4510_225_1204_1464,4,2,0.012217,0.08539,0.591747,0.016216,0.252509,0.018018,0.023902
4510_226_1042_1204,4,3,0.008912,0.054853,0.130497,0.298527,0.252253,0.119149,0.135809
4510_225_1586_1688,5,5,0.004028,0.024396,0.060795,0.036772,0.025783,0.806259,0.041967
4510_226_246_367,5,5,0.002299,0.024887,0.052971,0.020212,0.009765,0.821616,0.06825
4510_226_1688_1910,3,3,0.025632,0.095982,0.115828,0.476622,0.030626,0.045376,0.209934
4510_225_849_1042,5,3,0.010234,0.024698,0.015218,0.660349,0.031827,0.180332,0.077343
4510_225_154_246,5,2,0.003944,0.05025,0.582389,0.014018,0.064409,0.15504,0.129951
4510_225_546_610,5,3,0.048852,0.207626,0.042006,0.382194,0.048881,0.051408,0.219033
4510_226_610_692,5,5,0.002835,0.024306,0.034916,0.050436,0.004677,0.473036,0.409794
4510_225_367_520,2,6,0.010331,0.14581,0.039855,0.317097,0.038736,0.048847,0.399324
4510_225_31_90,1,6,0.014623,0.032934,0.035845,0.319079,0.020338,0.071178,0.506003
4510_226_1464_1586,5,5,0.008327,0.039477,0.036972,0.075061,0.025248,0.756602,0.058313
4510_226_772_849,5,5,0.004372,0.039098,0.027529,0.030963,0.035723,0.777948,0.084368
4510_225_692_772,4,1,0.052855,0.30259,0.089675,0.067924,0.224959,0.035787,0.22621
4510_226_520_546,5,5,0.011678,0.025825,0.027766,0.211394,0.005968,0.530395,0.186973
4512_226_122_159,6,6,0.007589,0.045686,0.088945,0.085629,0.075929,0.146098,0.550124
4512_226_1198_1302,3,3,0.005125,0.008713,0.019769,0.855172,0.028509,0.00924,0.073473
4512_225_179_294,2,5,0.046549,0.169297,0.045119,0.022841,0.08354,0.58974,0.042913
4512_225_1312_1465,4,4,0.027843,0.173737,0.135978,0.013315,0.568017,0.038811,0.0423
4512_226_949_1022,4,2,0.014788,0.042429,0.31075,0.190832,0.04606,0.188122,0.20702
4512_225_581_920,6,1,0.096369,0.391526,0.155237,0.068153,0.113496,0.109411,0.065809
4512_225_1032_1140,3,6,0.012311,0.063032,0.033966,0.182811,0.097667,0.022623,0.58759
4512_226_322_464,6,1,0.017461,0.28836,0.256125,0.032837,0.223826,0.044795,0.136596
4512_225_474_536,4,4,0.005168,0.119584,0.149009,0.006429,0.640782,0.01948,0.059548
4512_225_31_90,6,5,0.01588,0.104838,0.131632,0.021698,0.101377,0.369556,0.255019
4512_225_1522_1610,6,6,0.011648,0.107951,0.17591,0.039661,0.241177,0.077276,0.346378
4512_226_566_573,5,5,0.012536,0.036077,0.020952,0.039902,0.010758,0.796972,0.082802
4512_226_1471_1492,5,5,0.01568,0.066538,0.10941,0.072434,0.068921,0.385386,0.28163
4509_226_71_150,5,3,0.010739,0.030489,0.025785,0.66156,0.00781,0.081259,0.182357
4509_225_1275_1386,2,2,0.003315,0.046573,0.75914,0.006707,0.120241,0.02707,0.036953
4509_225_1081_1192,5,5,0.009586,0.046436,0.040603,0.017216,0.014897,0.759303,0.111959
4509_226_1599_1725,3,3,0.006042,0.012116,0.010707,0.796699,0.011598,0.028178,0.13466
4509_226_204_361,5,5,0.002323,0.045698,0.024798,0.013447,0.008787,0.863024,0.041922
4509_226_1386_1544,5,3,0.007414,0.025308,0.01096,0.781283,0.009903,0.015742,0.14939
4509_225_879_957,5,5,0.005916,0.040612,0.120239,0.036847,0.032929,0.644622,0.118836
4509_225_150_204,5,5,0.008265,0.032543,0.08506,0.079403,0.018802,0.560153,0.215774
4509_226_531_654,5,5,0.008463,0.059475,0.032269,0.095845,0.020383,0.721722,0.061842
4509_226_957_1081,5,3,0.020986,0.078783,0.027457,0.417298,0.014699,0.373048,0.067729
4509_225_361_531,5,5,0.003743,0.050374,0.056609,0.033893,0.046906,0.74274,0.065734
4509_225_31_71,3,3,0.011096,0.014801,0.021415,0.732642,0.016384,0.026528,0.177134
4509_226_1192_1275,3,3,0.006239,0.008055,0.010235,0.887647,0.007585,0.023451,0.056787
4509_226_708_879,1,3,0.008032,0.016924,0.024688,0.600604,0.026814,0.074624,0.248314
4509_225_654_708,5,5,0.003051,0.018286,0.024726,0.0291,0.005252,0.659563,0.260024
4509_225_1544_1599,3,3,0.018665,0.03153,0.046817,0.622583,0.037781,0.019028,0.223596
4509_225_1725_1756,3,3,0.018282,0.011288,0.015587,0.873923,0.0044,0.025832,0.050688
4511_226_122_195,6,6,0.018724,0.068703,0.088556,0.254704,0.022633,0.107004,0.439676
4511_226_1273_1342,6,3,0.024975,0.110863,0.038435,0.498108,0.06456,0.170241,0.092818
4511_226_1176_1206,6,5,0.00871,0.027872,0.037537,0.034951,0.014763,0.645023,0.231144
4511_226_1384_1462,3,6,0.004187,0.011011,0.032135,0.285464,0.018739,0.066633,0.581832
4511_226_884_987,5,5,0.039822,0.198075,0.104602,0.209811,0.011195,0.383264,0.053231
4511_225_592_636,5,2,0.012302,0.100407,0.375838,0.007924,0.10719,0.111407,0.284932
4511_225_1021_1096,5,5,0.008938,0.074703,0.091864,0.005952,0.013844,0.752598,0.052101
4511_226_352_495,2,2,0.057232,0.269536,0.402094,0.027661,0.042103,0.146062,0.055311
4511_225_1219_1265,1,5,0.02834,0.079394,0.049126,0.283537,0.04652,0.416085,0.096999
4511_225_71_86,5,5,0.007078,0.093715,0.112872,0.014181,0.016512,0.593757,0.161884
4511_226_647_817,6,1,0.156231,0.593816,0.035411,0.022417,0.020307,0.138675,0.033143
4511_226_31_53,6,6,0.021943,0.13087,0.070104,0.05709,0.049154,0.235128,0.435711
4511_225_844_862,6,5,0.007695,0.029624,0.045089,0.02077,0.007596,0.611938,0.277288
4511_225_267_333,6,5,0.003656,0.035877,0.036878,0.007315,0.006558,0.852875,0.056841
4511_225_1365_1383,5,5,0.00458,0.016194,0.016048,0.017075,0.004623,0.915515,0.025965
4513_225_100_352,1,1,0.156735,0.63617,0.034789,0.011663,0.10768,0.026764,0.0262
4513_225_1166_1323,1,1,0.082223,0.476654,0.048819,0.039505,0.228183,0.051188,0.073428
4513_226_2001_2092,0,5,0.054642,0.102413,0.022864,0.028545,0.006221,0.734729,0.050586
4513_226_1653_1730,0,1,0.125253,0.555077,0.055751,0.022243,0.039649,0.177166,0.024861
4513_225_1730_2001,1,1,0.126856,0.681486,0.02759,0.026522,0.066885,0.051765,0.018894
4513_225_1460_1653,1,1,0.048497,0.476625,0.090275,0.01145,0.318168,0.030459,0.024526
4513_226_865_941,1,5,0.194715,0.292026,0.041143,0.016672,0.016782,0.35475,0.083912
4513_225_941_1070,1,1,0.045124,0.533772,0.054194,0.120131,0.121712,0.018137,0.10693
4513_226_1323_1460,0,1,0.442479,0.471994,0.02215,0.012423,0.0154,0.024785,0.010769
4513_225_423_612,1,1,0.046902,0.387484,0.0602,0.02959,0.198729,0.111727,0.165368
4513_226_1070_1166,5,5,0.01687,0.164411,0.077258,0.040449,0.087709,0.524221,0.08908
4513_226_612_743,1,1,0.190472,0.529707,0.035508,0.024401,0.055257,0.130953,0.033702
4513_226_31_100,1,5,0.026369,0.086365,0.029904,0.046773,0.018856,0.740528,0.051205
4513_225_743_865,1,1,0.169267,0.366992,0.103849,0.026038,0.070162,0.23328,0.030411
4513_226_352_423,1,5,0.048361,0.331542,0.086038,0.037657,0.069843,0.382668,0.043892
4514_226_127_234,3,6,0.008463,0.038324,0.108357,0.036802,0.063452,0.265902,0.4787
4514_226_1281_1332,6,6,0.010481,0.108522,0.044383,0.142278,0.032075,0.194358,0.467904
4514_226_1164_1216,5,5,0.036703,0.062702,0.024272,0.011413,0.010249,0.821613,0.033046
4514_225_234_330,5,5,0.003243,0.025793,0.012809,0.018615,0.009061,0.918354,0.012125
4514_225_1332_1534,1,5,0.087168,0.359224,0.018849,0.008998,0.040376,0.47425,0.011135
4514_225_31_127,6,6,0.011019,0.045061,0.06177,0.072801,0.037793,0.34347,0.428086
4514_226_850_1079,3,5,0.005981,0.057477,0.019814,0.02382,0.015695,0.765475,0.111738
4514_226_514_704,3,5,0.016098,0.321798,0.053202,0.0408,0.04101,0.350997,0.176096
4514_225_1079_1164,5,5,0.0083,0.037116,0.013176,0.011862,0.011146,0.898524,0.019875
4514_226_330_387,3,6,0.032545,0.143186,0.062516,0.083488,0.058858,0.256672,0.362735
4514_225_387_514,5,5,0.013071,0.138382,0.075313,0.011337,0.062937,0.680024,0.018936
4514_226_1534_1628,3,1,0.042174,0.384256,0.118128,0.117769,0.076569,0.113367,0.147736
4514_225_1216_1281,1,5,0.034765,0.174687,0.02078,0.015272,0.018282,0.71494,0.021275
4514_225_704_850,5,1,0.096126,0.453234,0.025179,0.031641,0.038124,0.324726,0.03097
4518_225_2291_2523,2,1,0.102949,0.435048,0.055356,0.084207,0.200792,0.044699,0.07695
4518_226_84_214,5,5,0.001932,0.009392,0.007684,0.021645,0.007165,0.922512,0.02967
4518_225_1255_1438,4,4,0.042075,0.276362,0.180638,0.018856,0.334286,0.086857,0.060926
4518_225_1678_2066,1,4,0.025639,0.144523,0.112575,0.022701,0.647376,0.020814,0.026373
4518_226_1159_1223,1,6,0.01366,0.056273,0.138217,0.100284,0.217762,0.074038,0.399766
4518_225_224_495,3,3,0.031335,0.084223,0.052592,0.454846,0.096571,0.165189,0.115244
4518_226_2110_2268,4,4,0.01178,0.09685,0.355943,0.018531,0.435176,0.029109,0.052611
4518_226_2544_2624,4,6,0.008104,0.03798,0.136373,0.055868,0.04999,0.018599,0.693088
4518_225_862_1134,4,1,0.023625,0.437998,0.077683,0.015125,0.296193,0.023785,0.12559
4518_226_514_674,1,6,0.00841,0.047916,0.030645,0.203322,0.032064,0.095245,0.582397
4518_225_31_68,6,4,0.037676,0.225418,0.089618,0.038918,0.488507,0.019518,0.100345
4518_226_1473_1667,6,4,0.031442,0.201465,0.056987,0.133475,0.303175,0.035475,0.237981
4518_226_817_846,5,5,0.010966,0.056713,0.070837,0.00859,0.025473,0.749356,0.078065
4518_225_699_808,4,4,0.031327,0.173915,0.111108,0.020115,0.589315,0.020205,0.054015
4516_226_96_190,5,5,0.003879,0.028766,0.023059,0.007394,0.031292,0.866798,0.038811
4516_226_1040_1204,1,1,0.053564,0.354215,0.10875,0.082307,0.173711,0.092654,0.1348
4516_226_712_831,1,5,0.013596,0.161369,0.073777,0.011577,0.040993,0.656273,0.042415
4516_225_31_67,4,4,0.018776,0.383827,0.023779,0.010119,0.514282,0.009791,0.039426
4516_225_936_1015,4,1,0.037702,0.39173,0.042105,0.056234,0.265487,0.013761,0.192981
4516_225_191_295,1,1,0.061041,0.582501,0.055082,0.009718,0.236302,0.025146,0.03021
4516_225_369_436,5,5,0.024234,0.177812,0.046374,0.081576,0.067489,0.323395,0.279121
4516_225_635_698,1,4,0.022137,0.255367,0.04791,0.012153,0.615778,0.011919,0.034736
4516_226_587_620,1,6,0.015296,0.078045,0.212781,0.018207,0.145507,0.208777,0.321388
4516_226_441_518,5,5,0.007239,0.0583,0.015676,0.009861,0.014547,0.881399,0.012977
4516_225_836_870,1,5,0.010741,0.183337,0.132523,0.015685,0.097218,0.453386,0.10711
4516_226_316_358,4,5,0.020449,0.167353,0.075444,0.00831,0.033389,0.624165,0.07089
4516_226_882_921,1,5,0.019402,0.125392,0.114906,0.044692,0.039466,0.401927,0.254215
4516_225_521_565,6,1,0.043462,0.281984,0.032963,0.201053,0.099895,0.069321,0.271322
4520_226_802_1360,1,5,0.036477,0.078899,0.050573,0.040563,0.02648,0.727969,0.039038
4520_225_1938_2110,1,1,0.065563,0.428047,0.084772,0.067363,0.126784,0.146282,0.081189
4520_225_1609_1697,5,5,0.012088,0.098934,0.262484,0.026842,0.065923,0.484184,0.049545
4520_226_129_282,1,1,0.214401,0.325975,0.219138,0.016993,0.148025,0.044963,0.030506
4520_226_1749_1899,1,1,0.224896,0.426369,0.075733,0.032647,0.123315,0.067395,0.049644
4520_225_1409_1506,1,2,0.260409,0.256183,0.298643,0.010838,0.056305,0.111113,0.006509
4520_225_2210_2325,1,4,0.115165,0.337349,0.138841,0.023106,0.341209,0.028305,0.016024
4520_226_520_639,1,1,0.115536,0.316814,0.108067,0.019922,0.09184,0.280377,0.067444
4520_225_335_507,6,0,0.401609,0.401193,0.041313,0.015585,0.054167,0.071886,0.014247
4520_225_31_83,1,1,0.270056,0.482939,0.071463,0.01157,0.128881,0.021101,0.01399
4520_226_1522_1576,1,1,0.191604,0.516311,0.044829,0.020445,0.16261,0.018788,0.045413
4520_225_646_784,6,2,0.026233,0.177779,0.281924,0.033034,0.170513,0.209053,0.101464
4520_226_2346_2413,3,3,0.012792,0.036727,0.038135,0.43821,0.072914,0.026822,0.3744
4520_226_2141_2188,3,4,0.016731,0.074038,0.039275,0.084689,0.675836,0.010425,0.099005
4723_238_124_266,1,1,0.072674,0.740629,0.049398,0.005232,0.03227,0.083688,0.016111
4723_237_1294_1309,5,5,0.010152,0.078531,0.056199,0.01892,0.016916,0.754621,0.064661
4723_238_1181_1286,6,1,0.00636,0.387253,0.100699,0.026333,0.032537,0.073835,0.372983
4723_237_1500_1699,1,1,0.0414,0.390553,0.313799,0.007476,0.046406,0.18278,0.017587
4723_238_1350_1487,5,5,0.010825,0.220918,0.087295,0.02345,0.028551,0.395933,0.233027
4723_237_904_996,5,5,0.054583,0.105495,0.026646,0.013473,0.014182,0.775204,0.010417
4723_237_428_617,0,0,0.440406,0.430238,0.03917,0.008346,0.040062,0.026978,0.014801
4723_237_1039_1167,1,1,0.017637,0.454118,0.160375,0.012769,0.226291,0.096187,0.032624
4723_238_1717_1775,1,1,0.153545,0.465054,0.175483,0.020861,0.047942,0.031322,0.105793
4723_238_332_421,1,1,0.006394,0.328998,0.125576,0.031919,0.028789,0.272388,0.205936
4723_238_622_710,1,1,0.029195,0.628331,0.070072,0.007479,0.219537,0.020324,0.025062
4723_237_31_110,1,5,0.012987,0.091137,0.036659,0.040024,0.007943,0.761598,0.049652
4723_238_811_897,6,5,0.002754,0.069098,0.064606,0.107414,0.009485,0.614049,0.132594
4723_237_721_798,1,5,0.027086,0.352451,0.089008,0.014079,0.042853,0.40415,0.070373
4723_238_1004_1034,1,6,0.006611,0.118259,0.047644,0.070459,0.033048,0.13715,0.586828
4723_237_277_322,1,5,0.009,0.160254,0.135886,0.013272,0.018702,0.450741,0.212145
4727_238_117_190,5,5,0.001851,0.040678,0.020639,0.011379,0.002588,0.906001,0.016864
4727_238_1241_1398,1,1,0.026214,0.552745,0.07942,0.047534,0.194713,0.061555,0.037819
4727_237_1092_1241,1,1,0.082138,0.561067,0.08117,0.035057,0.189635,0.023751,0.027184
4727_237_1398_1680,1,1,0.143374,0.571298,0.054877,0.016592,0.178147,0.014175,0.021537
4727_237_190_368,1,1,0.02412,0.262318,0.157163,0.120215,0.050388,0.249516,0.136279
4727_237_776_933,3,3,0.017314,0.119291,0.149737,0.398476,0.076995,0.05661,0.181577
4727_238_933_1092,1,2,0.007225,0.144625,0.469436,0.02026,0.195173,0.059533,0.103748
4727_237_466_684,5,2,0.004528,0.13137,0.377456,0.097476,0.094942,0.031797,0.262431
4727_237_31_117,5,2,0.007409,0.050984,0.546413,0.076215,0.058446,0.095046,0.165487
4727_238_368_466,5,2,0.002184,0.079914,0.602835,0.007316,0.022078,0.260969,0.024703
4727_238_1680_1759,5,1,0.051582,0.599585,0.095383,0.030561,0.102737,0.019042,0.10111
4727_238_684_776,5,5,0.006627,0.083952,0.082942,0.042165,0.03784,0.703965,0.042507
4728_238_107_170,5,5,0.0097,0.081089,0.076632,0.027467,0.015652,0.725164,0.064294
4728_237_1187_1340,1,1,0.04243,0.798597,0.012915,0.067135,0.019638,0.027457,0.031829
4728_238_1080_1187,5,3,0.010373,0.151338,0.083932,0.439441,0.012281,0.219874,0.082761
4728_237_170_290,5,5,0.004491,0.03289,0.017062,0.02021,0.016369,0.878858,0.030119
4728_238_1340_1502,3,5,0.012178,0.165662,0.052011,0.263198,0.053617,0.265385,0.18795
4728_238_841_959,5,5,0.003499,0.024561,0.022823,0.013079,0.008652,0.901333,0.026052
4728_238_579_684,5,5,0.00627,0.09779,0.217201,0.008112,0.014392,0.62896,0.027275
4728_238_290_400,3,3,0.006537,0.031473,0.027874,0.767479,0.016672,0.085121,0.064843
4728_237_959_1080,1,1,0.017898,0.53543,0.127219,0.036121,0.151742,0.03042,0.10117
4728_237_440_579,3,3,0.019957,0.11885,0.063833,0.441776,0.169689,0.099196,0.086699
4728_237_31_107,5,6,0.00962,0.056987,0.130205,0.073823,0.052921,0.165627,0.510817
4728_237_1502_1543,5,3,0.011264,0.023382,0.052227,0.497536,0.020467,0.329413,0.065713
4728_237_684_841,5,1,0.025293,0.425245,0.142964,0.021843,0.215589,0.110016,0.05905
4724_238_125_208,1,5,0.004767,0.094126,0.05295,0.009828,0.015789,0.796423,0.026117
4724_238_1286_1468,3,6,0.012341,0.212947,0.067501,0.186466,0.036798,0.077128,0.40682
4724_237_1586_1700,1,1,0.084808,0.700658,0.05553,0.015471,0.096989,0.018449,0.028094
4724_237_218_279,5,5,0.004068,0.030889,0.04,0.003386,0.005686,0.908276,0.007695
4724_238_1717_1812,1,1,0.323378,0.392702,0.060616,0.021209,0.02094,0.148114,0.033041
4724_238_847_984,4,1,0.021421,0.811588,0.063044,0.006902,0.055125,0.019002,0.022919
4724_237_548_617,4,1,0.007282,0.333993,0.262162,0.017826,0.141343,0.141419,0.095975
4724_238_1104_1175,6,6,0.012497,0.132995,0.101662,0.204264,0.055279,0.168697,0.324606
4724_238_293_533,1,1,0.023981,0.383527,0.194398,0.031998,0.118205,0.046018,0.201872
4724_237_1002_1083,1,2,0.034166,0.301878,0.446876,0.037325,0.107528,0.015101,0.057125
4724_237_31_112,1,5,0.022663,0.361364,0.116898,0.005464,0.055559,0.41201,0.026042
4724_238_1527_1579,1,6,0.008981,0.079451,0.225426,0.060263,0.078526,0.074365,0.472988
4724_237_1187_1265,5,5,0.020611,0.095137,0.020786,0.003972,0.009386,0.843888,0.006221
4724_237_1482_1512,5,5,0.007165,0.082159,0.05037,0.005148,0.007083,0.78652,0.061555
4724_237_724_830,4,2,0.013321,0.302441,0.404531,0.061197,0.040773,0.109329,0.068407
4724_238_641_716,4,5,0.009482,0.174618,0.09592,0.05838,0.043235,0.360687,0.257678
4729_238_126_208,5,5,0.004536,0.071841,0.056615,0.035579,0.0139,0.741999,0.07553
4729_238_1174_1327,5,1,0.013874,0.500261,0.101104,0.044196,0.214642,0.089331,0.036593
4729_238_1656_1801,1,1,0.211148,0.625077,0.038361,0.024977,0.038415,0.035242,0.02678
4729_237_208_388,5,6,0.004955,0.093178,0.104854,0.17263,0.041042,0.197087,0.386254
4729_237_1801_1925,1,3,0.010491,0.172384,0.122432,0.562685,0.044969,0.015411,0.071626
4729_237_1327_1476,1,1,0.027364,0.553888,0.102946,0.025185,0.190153,0.037891,0.062573
4729_237_31_126,5,3,0.011232,0.065335,0.043988,0.496292,0.028131,0.056434,0.298588
4729_237_760_947,5,1,0.018699,0.278335,0.101147,0.077146,0.03931,0.260607,0.224755
4729_238_947_1042,1,1,0.036702,0.702362,0.059384,0.012862,0.062217,0.111387,0.015086
4729_237_470_635,5,1,0.098956,0.623527,0.097246,0.017092,0.058485,0.063084,0.04161
4729_237_1042_1174,1,1,0.037295,0.482949,0.157969,0.123178,0.098539,0.041458,0.058613
4729_238_635_760,1,5,0.007386,0.116238,0.181848,0.066363,0.062519,0.457064,0.108582
4729_238_388_470,5,5,0.011465,0.055526,0.039411,0.104586,0.021413,0.719651,0.047947
4729_238_1476_1554,1,1,0.043913,0.418091,0.073851,0.111024,0.055966,0.150989,0.146166
4729_237_1554_1656,1,4,0.01036,0.1407,0.081922,0.033202,0.708047,0.012953,0.012817
4732_238_75_202,5,5,0.001334,0.042244,0.028092,0.092837,0.00988,0.711509,0.114104
4732_237_1256_1330,3,3,0.008593,0.008997,0.015034,0.926893,0.008189,0.006371,0.025923
4732_237_1037_1194,3,3,0.042489,0.211457,0.057357,0.56827,0.046454,0.030419,0.043555
4732_237_202_323,3,3,0.007401,0.099061,0.129687,0.441483,0.033872,0.038067,0.250427
4732_237_649_956,3,5,0.006965,0.261254,0.120103,0.149164,0.055003,0.282469,0.125043
4732_238_1330_1368,3,3,0.007148,0.004823,0.006092,0.932019,0.007892,0.010416,0.03161
4732_237_380_602,6,2,0.012981,0.209497,0.296906,0.035371,0.059779,0.127586,0.257882
4732_238_323_380,5,5,0.002768,0.034308,0.03535,0.02157,0.004807,0.818044,0.083153
4732_238_602_649,3,5,0.013354,0.120364,0.051747,0.219989,0.021602,0.480685,0.092258
4732_238_956_1037,3,5,0.010314,0.103675,0.060076,0.137447,0.015071,0.598941,0.074477
4732_237_31_75,3,6,0.012729,0.110069,0.248921,0.180184,0.116956,0.05481,0.27633
4732_238_1194_1256,3,6,0.024548,0.198877,0.041445,0.289759,0.136512,0.015741,0.293119
4733_238_2408_2504,2,1,0.037821,0.350655,0.30058,0.066111,0.061412,0.036871,0.14655
4733_238_127_307,5,5,0.033926,0.205114,0.043414,0.010094,0.020025,0.680882,0.006545
4733_238_1095_1386,2,1,0.161265,0.675662,0.051436,0.013446,0.023306,0.058317,0.016567
4733_238_1948_2105,2,1,0.022227,0.513572,0.185148,0.019344,0.040006,0.101661,0.118043
4733_237_1623_1744,2,2,0.010746,0.157032,0.358866,0.019602,0.302053,0.043608,0.108093
4733_238_1744_1887,2,1,0.022627,0.311942,0.101831,0.208071,0.051228,0.054998,0.249304
4733_238_1450_1623,2,1,0.196707,0.614587,0.022672,0.015884,0.014946,0.118743,0.016462
4733_238_2138_2284,2,6,0.018825,0.265077,0.105005,0.060564,0.13653,0.035117,0.378883
4733_237_31_127,4,4,0.019121,0.269207,0.173619,0.105714,0.278181,0.026349,0.12781
4733_237_862_1095,1,1,0.017047,0.333179,0.178875,0.045534,0.115804,0.137297,0.172264
4733_237_2284_2408,2,2,0.009941,0.09348,0.545559,0.00417,0.317338,0.018157,0.011356
4733_237_307_705,1,4,0.016563,0.159537,0.27021,0.017308,0.470394,0.033076,0.032913
4733_238_705_862,5,5,0.003312,0.019744,0.027042,0.011927,0.007891,0.911532,0.018552
4733_237_1887_1948,2,2,0.005989,0.132688,0.477138,0.014334,0.1703,0.099197,0.100354
4733_237_2105_2138,5,5,0.036714,0.117625,0.035912,0.034335,0.020903,0.691951,0.06256
4733_237_1386_1450,2,5,0.011787,0.126616,0.09474,0.075517,0.046655,0.378632,0.266053
4741_237_31_179,1,1,0.041137,0.602859,0.050344,0.049843,0.034288,0.201148,0.020381
4741_237_988_1353,1,1,0.033953,0.485742,0.376267,0.014366,0.049851,0.022075,0.017746
4741_238_1638_1740,6,3,0.00457,0.023415,0.039026,0.451546,0.210266,0.05237,0.218808
4741_238_202_414,3,3,0.01522,0.141806,0.130262,0.514305,0.027549,0.057991,0.112868
4741_237_1762_1866,1,4,0.014493,0.073568,0.038311,0.243916,0.544917,0.029914,0.05488
4741_238_1378_1524,1,4,0.00872,0.205488,0.17629,0.035473,0.252392,0.179859,0.141777
4741_237_808_943,1,1,0.067046,0.628094,0.188536,0.012118,0.058934,0.027734,0.017538
4741_237_436_592,1,4,0.012341,0.197058,0.052697,0.140612,0.556188,0.023887,0.017217
4741_238_614_791,1,1,0.017441,0.315059,0.094415,0.173955,0.124996,0.121238,0.152896
4741_237_1541_1586,1,4,0.013864,0.26009,0.195352,0.019753,0.456132,0.016476,0.038334
4741_238_953_969,5,5,0.009413,0.045574,0.044104,0.008029,0.013757,0.849923,0.029199
4740_237_86_306,1,1,0.012777,0.337232,0.212581,0.152698,0.135835,0.02529,0.123588
4740_237_1025_1440,5,1,0.038314,0.427816,0.091352,0.036629,0.358707,0.030434,0.016747
4740_237_2031_2348,1,6,0.024053,0.162816,0.19984,0.069377,0.223136,0.072965,0.247812
4740_237_1773_1895,1,1,0.044078,0.510795,0.05412,0.019295,0.03179,0.219501,0.120421
4740_238_1459_1640,3,4,0.011311,0.155534,0.126812,0.256841,0.302157,0.113076,0.034269
4740_238_2383_2487,3,5,0.007651,0.113276,0.141251,0.185073,0.112825,0.286949,0.152975
4740_238_615_1002,1,1,0.021711,0.440938,0.085159,0.073083,0.282984,0.032369,0.063756
4740_238_316_422,1,5,0.004894,0.236103,0.235654,0.024134,0.124562,0.305359,0.069294
4740_237_430_590,1,1,0.010038,0.408219,0.167124,0.133054,0.208213,0.043502,0.02985
4740_238_31_73,3,5,0.011998,0.15779,0.080806,0.007131,0.013072,0.60859,0.120612
4740_238_1692_1744,5,2,0.003084,0.103811,0.555911,0.003241,0.066515,0.175421,0.092016
4740_238_1921_2021,3,1,0.015595,0.351604,0.182932,0.035073,0.156643,0.114328,0.143824
4740_237_1659_1670,5,5,0.009948,0.047653,0.025661,0.008116,0.007541,0.874322,0.026758
4739_238_1294_1484,1,1,0.003875,0.442859,0.214683,0.026213,0.059264,0.040637,0.212469
4739_237_1163_1263,5,5,0.010316,0.158349,0.181224,0.03408,0.019976,0.390079,0.205976
4739_237_1509_1723,1,5,0.01642,0.278779,0.085718,0.025159,0.026672,0.476687,0.090565
4739_238_137_278,1,6,0.009553,0.228239,0.068467,0.123285,0.046662,0.030178,0.493616
4739_238_1736_1805,1,6,0.006059,0.091323,0.070814,0.072794,0.014099,0.054297,0.690614
4739_237_2063_2263,1,4,0.012659,0.134605,0.189443,0.228263,0.319139,0.035231,0.080659
4739_238_937_1143,1,1,0.012682,0.381919,0.142586,0.042739,0.066214,0.035658,0.318202
4739_238_2281_2342,3,6,0.012326,0.184684,0.022134,0.262008,0.025395,0.040303,0.45315
4739_237_310_598,5,1,0.028176,0.309731,0.068623,0.23725,0.152712,0.05603,0.147479
4739_238_627_690,1,1,0.044116,0.545892,0.051741,0.051374,0.132091,0.035199,0.139586
4739_237_31_95,6,6,0.028167,0.174254,0.173518,0.125427,0.064023,0.140961,0.29365
4739_237_717_907,5,5,0.048049,0.194378,0.040734,0.030721,0.024354,0.626971,0.034792
4739_237_1824_1959,1,6,0.00425,0.053295,0.083478,0.167554,0.036231,0.162938,0.492253
4739_238_1984_2046,1,6,0.005742,0.127046,0.182779,0.080005,0.029071,0.120665,0.454691
4738_238_31_129,6,2,0.01038,0.328197,0.33275,0.0066,0.207127,0.025922,0.089024
4738_238_1062_1544,4,4,0.005979,0.1362,0.155637,0.011878,0.625595,0.026256,0.038455
4738_237_1974_2238,4,3,0.011311,0.148842,0.1344,0.385283,0.200191,0.038243,0.081731
4738_238_1639_1687,6,1,0.034996,0.329253,0.259335,0.012418,0.054338,0.128928,0.180732
4738_237_159_273,5,5,0.006791,0.101696,0.098514,0.007105,0.017895,0.735198,0.032801
4738_237_1715_1812,6,2,0.014399,0.158774,0.40805,0.031373,0.20979,0.041503,0.136111
4738_238_823_961,6,1,0.014904,0.234242,0.200194,0.044339,0.186326,0.125942,0.194053
4738_238_605_693,4,4,0.00768,0.23136,0.204317,0.013647,0.479839,0.021895,0.041263
4738_238_354_475,4,1,0.020036,0.55246,0.085294,0.012458,0.260852,0.014802,0.054098
4738_238_1835_1949,6,5,0.003363,0.048096,0.072721,0.009498,0.027246,0.829052,0.010023
4738_237_718_799,5,2,0.01672,0.209095,0.452436,0.018749,0.07415,0.099755,0.129095
4738_237_1556_1599,3,3,0.022669,0.073396,0.082749,0.622589,0.053084,0.02251,0.123002
4738_237_489_573,6,4,0.017939,0.319686,0.217633,0.038116,0.363996,0.022126,0.020505
4738_237_982_1033,3,3,0.021861,0.089104,0.067104,0.381777,0.033472,0.363812,0.04287
4738_238_2259_2276,6,6,0.002832,0.039517,0.099541,0.011423,0.247033,0.023486,0.576168
4742_237_1141_1491,2,2,0.007422,0.100378,0.381946,0.028941,0.348793,0.100531,0.03199
4742_237_1849_2064,2,2,0.014392,0.229127,0.36458,0.02378,0.30565,0.023259,0.039213
4742_237_1621_1718,2,2,0.016393,0.258439,0.41666,0.010429,0.141174,0.078002,0.078903
4742_238_134_283,5,5,0.014708,0.130971,0.049842,0.004205,0.022661,0.764472,0.013141
4742_238_1763_1831,5,5,0.028956,0.074539,0.072364,0.008382,0.021754,0.772269,0.021737
4742_237_909_991,2,2,0.012636,0.24368,0.350663,0.061339,0.063189,0.069647,0.198845
4742_238_578_669,5,5,0.006144,0.047186,0.03628,0.006051,0.010057,0.878195,0.016089
4742_238_1004_1112,1,1,0.015803,0.38302,0.22875,0.015711,0.04764,0.135786,0.17329
4742_237_313_559,2,2,0.016705,0.077247,0.356395,0.047685,0.205876,0.153142,0.142951
4742_237_31_108,2,2,0.013305,0.076039,0.348743,0.029156,0.098052,0.305636,0.129069
4742_238_1508_1610,5,5,0.002176,0.069442,0.121332,0.004053,0.010397,0.757366,0.035234
4742_238_798_856,5,5,0.008022,0.144416,0.125145,0.007162,0.019753,0.652696,0.042805
4742_237_728_778,1,1,0.02787,0.434304,0.088674,0.02455,0.284391,0.013103,0.127107
4743_237_31_599,2,2,0.018424,0.148489,0.660543,0.008346,0.073031,0.070471,0.020695
4743_237_1036_1325,2,2,0.026288,0.172348,0.424277,0.009879,0.268054,0.089781,0.009372
4743_237_1648_1812,2,4,0.022386,0.206443,0.205119,0.012233,0.49852,0.041465,0.013833
4743_237_1418_1587,1,2,0.00645,0.109001,0.629154,0.003228,0.076676,0.149773,0.025718
4743_237_746_955,2,2,0.025853,0.121736,0.436951,0.018264,0.331789,0.043079,0.022328
4743_238_1346_1392,4,2,0.002269,0.042406,0.623764,0.003985,0.050658,0.109333,0.167585
4743_238_630_723,1,2,0.001712,0.032115,0.611657,0.003804,0.036675,0.253685,0.060353
4743_237_1896_1995,2,1,0.115282,0.275893,0.087698,0.208351,0.149803,0.08087,0.082102
4743_238_1598_1625,2,2,0.009798,0.112798,0.482713,0.003472,0.021669,0.349775,0.019775
4743_238_1840_1879,5,5,0.002606,0.067844,0.206699,0.002894,0.00733,0.502717,0.209911
4743_238_968_998,1,2,0.011737,0.137162,0.357479,0.009574,0.209846,0.223341,0.050861
4743_238_1999_2036,2,5,0.066516,0.213115,0.062678,0.153053,0.022559,0.421186,0.060893
4744_237_942_1188,4,1,0.034684,0.366166,0.257391,0.082129,0.107546,0.129763,0.022321
4744_237_149_290,1,1,0.028077,0.375478,0.188532,0.056103,0.313345,0.012306,0.026158
4744_238_1421_1474,1,6,0.01354,0.125102,0.08169,0.105378,0.142027,0.028015,0.504248
4744_238_31_124,1,1,0.135974,0.452066,0.097127,0.009717,0.031489,0.247019,0.026608
4744_237_1297_1391,4,1,0.042305,0.358105,0.194711,0.02171,0.192902,0.155677,0.034591
4744_238_574_647,1,1,0.012839,0.303092,0.288554,0.043279,0.224582,0.060897,0.066757
4744_238_326_453,1,1,0.095789,0.717627,0.060345,0.011381,0.045967,0.038782,0.030109
4744_237_472_511,4,4,0.00972,0.098364,0.253825,0.018852,0.564272,0.009548,0.04542
4744_237_1494_1609,4,1,0.029691,0.426741,0.149056,0.043779,0.301195,0.017868,0.031671
4744_238_1201_1280,0,5,0.007916,0.120285,0.049209,0.022793,0.010328,0.766273,0.023196
4744_238_813_923,1,5,0.07046,0.209156,0.037908,0.012299,0.021421,0.627667,0.021089
4744_237_673_782,4,4,0.018096,0.13463,0.174899,0.026092,0.569795,0.030757,0.04573
4746_237_31_175,3,3,0.006943,0.101724,0.046218,0.658415,0.02023,0.113394,0.053075
4746_238_1795_2048,4,3,0.015584,0.084699,0.043794,0.456187,0.074084,0.020448,0.305203
4746_238_1112_1199,4,2,0.010424,0.256935,0.306168,0.011483,0.140828,0.237254,0.036909
4746_238_1601_1687,4,1,0.009636,0.312671,0.171871,0.128143,0.17751,0.059155,0.141014
4746_238_194_259,5,5,0.006883,0.108076,0.065256,0.011738,0.015339,0.769573,0.023134
4746_237_1451_1579,4,4,0.052921,0.280942,0.169808,0.023833,0.367741,0.077016,0.02774
4746_237_931_1090,1,1,0.017574,0.311557,0.254847,0.116985,0.084664,0.115345,0.099029
4746_238_1309_1423,4,6,0.007292,0.224197,0.109097,0.024275,0.069032,0.160655,0.405452
4746_238_545_912,4,2,0.005404,0.084976,0.337361,0.048949,0.301115,0.092029,0.130166
4746_237_1707_1767,4,1,0.110221,0.515103,0.031578,0.010371,0.312822,0.009527,0.010379
4746_237_274_528,3,1,0.022832,0.320404,0.267385,0.072689,0.26171,0.030849,0.024131
4746_237_1209_1284,5,5,0.003718,0.01992,0.028782,0.010526,0.007236,0.923678,0.006141
4745_238_31_156,1,2,0.006117,0.255185,0.479757,0.011751,0.054313,0.174711,0.018167
4745_238_1286_1373,3,6,0.001846,0.013699,0.044568,0.022143,0.016396,0.029135,0.872213
4745_237_1136_1262,3,3,0.008575,0.113741,0.060166,0.595252,0.034878,0.060822,0.126566
4745_237_1649_1736,1,3,0.013067,0.093067,0.153894,0.323521,0.125244,0.026538,0.264669
4745_237_180_398,1,1,0.018798,0.357409,0.244043,0.071615,0.10871,0.122525,0.076901
4745_237_1793_1948,1,4,0.026748,0.230894,0.101625,0.130284,0.429505,0.033262,0.047683
4745_237_1388_1530,3,3,0.006866,0.063533,0.348799,0.368476,0.075897,0.035526,0.100904
4745_237_913_1000,6,5,0.005848,0.074184,0.060528,0.090436,0.019202,0.588618,0.161184
4745_237_575_739,4,1,0.020135,0.465351,0.031745,0.170679,0.196898,0.037344,0.077847
4745_238_1028_1115,3,6,0.005316,0.050273,0.254296,0.223004,0.023556,0.073975,0.369578
4745_238_1747_1773,1,5,0.00566,0.031256,0.065997,0.108963,0.004953,0.671795,0.111377
4745_238_422_557,1,5,0.004075,0.022656,0.134899,0.138651,0.030282,0.397028,0.272408
4745_238_753_888,4,4,0.008735,0.177822,0.121279,0.053074,0.388542,0.065525,0.185023
4745_238_1559_1637,3,3,0.006731,0.012533,0.025066,0.783704,0.007133,0.057091,0.107742
4745_238_1964_2002,5,5,0.001987,0.008784,0.022764,0.007352,0.006193,0.946649,0.006271
4751_237_31_177,5,5,0.012584,0.051191,0.070282,0.027389,0.026901,0.785096,0.026556
4751_238_1237_1298,5,5,0.002708,0.029423,0.019836,0.072976,0.004789,0.848375,0.021894
4751_237_942_1237,5,5,0.052834,0.195828,0.041692,0.025213,0.027876,0.646024,0.010533
4751_237_1635_1784,5,3,0.046147,0.183713,0.11446,0.525133,0.018593,0.036271,0.075682
4751_238_177_290,3,3,0.011073,0.067425,0.049139,0.521571,0.135819,0.159552,0.055421
4751_238_1784_2022,1,6,0.007235,0.136353,0.160235,0.078936,0.175823,0.031732,0.409686
4751_238_1428_1635,1,1,0.078099,0.550132,0.053877,0.017789,0.024727,0.262267,0.013109
4751_238_785_942,5,5,0.006256,0.14336,0.230104,0.076209,0.027193,0.286342,0.230536
4751_237_1298_1428,5,1,0.104227,0.340936,0.184402,0.036034,0.194155,0.044787,0.09546
4751_237_552_785,1,5,0.01912,0.163166,0.017772,0.016672,0.010996,0.756285,0.015988
4751_237_290_412,5,3,0.011576,0.034372,0.027846,0.637609,0.040765,0.214487,0.033345
4751_238_412_552,1,1,0.028047,0.450835,0.146097,0.077477,0.110111,0.128097,0.059335
4752_237_127_267,1,4,0.025109,0.327693,0.101639,0.120712,0.354766,0.027083,0.042996
4752_237_1249_1359,5,2,0.0113,0.18139,0.335411,0.243251,0.1554,0.020122,0.053126
4752_238_1147_1249,5,5,0.007483,0.052796,0.040007,0.005322,0.011589,0.874505,0.008298
4752_237_1592_1763,5,1,0.066766,0.403908,0.06895,0.033703,0.059741,0.300157,0.066774
4752_238_1763_1866,1,1,0.076569,0.617819,0.080848,0.062298,0.031485,0.074715,0.056265
4752_238_1359_1592,5,2,0.005021,0.257485,0.444473,0.013187,0.067546,0.14088,0.071409
4752_238_31_127,5,2,0.009715,0.113753,0.376363,0.039632,0.243095,0.088956,0.128487
4752_237_717_982,5,5,0.011395,0.116095,0.238986,0.137955,0.152315,0.301633,0.041621
4752_238_530_717,5,2,0.006533,0.170026,0.525735,0.023508,0.142259,0.080048,0.051891
4752_237_1036_1147,1,4,0.019144,0.118203,0.194476,0.0248,0.510504,0.02521,0.107662
4752_238_267_344,5,2,0.004943,0.049087,0.573345,0.006666,0.257262,0.084361,0.024335
4752_238_982_1036,5,2,0.009049,0.131446,0.497679,0.015447,0.2358,0.087585,0.022994
4752_237_344_530,1,4,0.00583,0.178524,0.290312,0.007135,0.479881,0.013322,0.024996
4750_237_31_154,5,5,0.014807,0.128773,0.133189,0.020747,0.187629,0.46735,0.047506
4750_237_1270_1537,1,1,0.029411,0.305262,0.088052,0.153615,0.249592,0.03638,0.137688
4750_238_1141_1270,5,2,0.007987,0.166392,0.387895,0.021033,0.183879,0.16186,0.070953
4750_237_1624_1749,1,4,0.005225,0.137645,0.126446,0.005967,0.683157,0.026729,0.014831
4750_237_241_350,1,1,0.04426,0.336804,0.16956,0.021534,0.0736,0.261767,0.092474
4750_237_1800_1850,1,2,0.019134,0.242554,0.326118,0.022526,0.26444,0.020029,0.105199
4750_238_1749_1800,5,5,0.004548,0.034459,0.118691,0.016669,0.017949,0.730049,0.077635
4750_238_820_1007,1,2,0.00877,0.062659,0.40215,0.12069,0.124148,0.093711,0.187872
4750_238_154_241,5,6,0.013993,0.105732,0.068238,0.081661,0.037191,0.315737,0.377447
4750_237_477_820,5,4,0.019549,0.101702,0.268923,0.022219,0.275874,0.262265,0.049469
4750_237_1007_1141,1,4,0.016286,0.263638,0.056989,0.014654,0.60565,0.015579,0.027203
4750_238_350_477,5,2,0.006744,0.19503,0.442729,0.01639,0.239442,0.030365,0.0693
4750_238_1850_1988,1,1,0.017023,0.313213,0.213171,0.022745,0.016852,0.205648,0.211347
4750_238_1537_1624,5,4,0.005688,0.048461,0.255847,0.115742,0.335891,0.069951,0.16842
4754_238_902_1295,4,2,0.004986,0.163052,0.63658,0.00602,0.136239,0.025481,0.027642
4754_238_1538_1829,4,1,0.062487,0.720563,0.096768,0.010352,0.072235,0.02582,0.011775
4754_237_235_319,5,5,0.027745,0.170819,0.158331,0.006495,0.037152,0.52357,0.075888
4754_237_1332_1495,5,5,0.184234,0.198175,0.059932,0.014722,0.010716,0.529101,0.003119
4754_237_2210_2242,0,1,0.177053,0.566258,0.039528,0.049809,0.030736,0.063281,0.073334
4754_238_2067_2178,4,2,0.002193,0.064268,0.589763,0.002726,0.119066,0.06258,0.159404
4754_238_625_745,4,2,0.017263,0.316725,0.491081,0.004204,0.116563,0.02852,0.025643
4754_238_369_502,4,2,0.004707,0.175274,0.419492,0.009033,0.299233,0.034711,0.057551
4754_237_31_71,5,1,0.053504,0.276893,0.119314,0.045861,0.036046,0.268042,0.20034
4754_237_782_842,5,5,0.010288,0.083078,0.032153,0.003346,0.004765,0.838838,0.027532
4754_237_1857_1948,2,5,0.043265,0.252652,0.120312,0.007,0.019379,0.527879,0.029513
4754_237_2011_2031,5,5,0.028072,0.117452,0.075859,0.025981,0.035602,0.569082,0.147952
4754_238_1978_2006,4,1,0.036978,0.330017,0.098169,0.051379,0.208579,0.033165,0.241713
4754_238_188_194,4,2,0.005328,0.030495,0.624306,0.012092,0.275629,0.015999,0.036151
4754_237_546_563,5,5,0.348026,0.083444,0.022776,0.024053,0.011854,0.495207,0.01464
4753_237_111_149,1,1,0.029549,0.479856,0.221767,0.045719,0.162945,0.012297,0.047866
4753_237_1011_1353,5,1,0.019065,0.608945,0.160742,0.014579,0.050272,0.081797,0.0646
4753_237_1458_1876,1,1,0.089313,0.66503,0.046416,0.027967,0.033666,0.089023,0.048584
4753_238_177_222,6,5,0.019586,0.154667,0.17593,0.006068,0.036122,0.58933,0.018298
4753_237_542_627,6,3,0.011579,0.044817,0.186797,0.607646,0.043352,0.0212,0.084608
4753_237_257_378,1,2,0.009554,0.197204,0.570406,0.007397,0.129904,0.042426,0.04311
4753_238_403_520,3,1,0.02971,0.588549,0.122743,0.027844,0.117672,0.048532,0.064951
4753_238_31_84,6,2,0.004876,0.074387,0.540837,0.024077,0.141173,0.067406,0.147244
4753_237_761_907,4,1,0.038475,0.471869,0.236059,0.015789,0.170544,0.014975,0.05229
4753_238_682_736,5,5,0.003186,0.034879,0.038723,0.034861,0.00555,0.820075,0.062726
4753_238_1383_1432,6,6,0.009063,0.073067,0.039343,0.185671,0.026998,0.04195,0.623908
4753_238_952_1009,1,5,0.028559,0.277505,0.088271,0.010508,0.025901,0.47921,0.090047
4753_238_1931_2036,5,2,0.003353,0.091382,0.461752,0.004876,0.033549,0.351941,0.053147
4758_238_1922_2123,1,4,0.024055,0.223852,0.165076,0.112361,0.257076,0.045281,0.172298
4758_237_1113_1271,0,0,0.779037,0.141787,0.013885,0.020959,0.008269,0.031186,0.004876
4758_238_1600_1817,1,1,0.01358,0.251679,0.165152,0.091257,0.206411,0.054872,0.21705
4758_238_1311_1471,1,4,0.013024,0.192961,0.250713,0.017577,0.439054,0.018035,0.068635
4758_238_827_1107,1,2,0.01486,0.206095,0.460868,0.065155,0.156945,0.020858,0.075219
4758_238_130_225,1,1,0.030496,0.440044,0.210774,0.094302,0.093395,0.021809,0.10918
4758_237_259_573,1,0,0.48003,0.454093,0.010268,0.010376,0.00752,0.03247,0.005243
4758_238_640_701,3,3,0.01725,0.33145,0.07719,0.369144,0.023974,0.06356,0.117431
4758_237_31_90,0,1,0.377696,0.438652,0.017425,0.005127,0.014179,0.138698,0.008223
4758_237_1483_1570,0,1,0.174225,0.664238,0.028381,0.0743,0.007177,0.039046,0.012634
4758_237_725_801,1,5,0.058465,0.118047,0.040098,0.043335,0.023245,0.706611,0.010199
4758_237_1839_1857,0,4,0.037819,0.274468,0.267013,0.015813,0.352094,0.030324,0.022469
4757_238_1216_1383,0,1,0.396862,0.533342,0.020932,0.013631,0.008184,0.011785,0.015265
4757_238_1798_2093,1,1,0.149641,0.760317,0.018489,0.008861,0.028676,0.026925,0.007091
4757_237_1087_1186,4,1,0.067757,0.533637,0.037539,0.014996,0.316254,0.016988,0.012829
4757_237_1669_1780,4,4,0.031627,0.320814,0.07172,0.015662,0.496424,0.036905,0.026849
4757_238_133_318,1,1,0.096655,0.728972,0.049532,0.026712,0.031902,0.054713,0.011513
4757_237_1398_1526,4,4,0.012186,0.12478,0.159172,0.012996,0.659645,0.020223,0.010998
4757_237_789_955,1,1,0.41451,0.440513,0.031896,0.022825,0.022784,0.047579,0.019894
4757_238_2226_2392,4,4,0.034584,0.26185,0.099424,0.027476,0.509135,0.021806,0.045724
4757_237_342_662,4,1,0.189869,0.497071,0.102591,0.021676,0.130661,0.032512,0.025619
4757_238_971_1064,0,1,0.18826,0.455962,0.031011,0.156112,0.017425,0.013408,0.137821
4757_237_31_100,4,4,0.011043,0.078182,0.285934,0.019588,0.550605,0.018761,0.035888
4757_237_2415_2469,4,4,0.027428,0.286209,0.139549,0.017635,0.468121,0.032495,0.028562
4757_237_2111_2205,4,4,0.029811,0.202871,0.326483,0.007257,0.379242,0.02357,0.030766
4757_238_694_779,0,1,0.240282,0.617145,0.034989,0.012114,0.009976,0.065727,0.019767
4757_238_1542_1649,1,1,0.177148,0.699996,0.036232,0.009777,0.042628,0.0193,0.014919
4760_238_87_148,2,4,0.006406,0.092855,0.254104,0.023673,0.289526,0.075043,0.258393
4760_238_1180_1437,4,4,0.006484,0.080616,0.12413,0.04453,0.649873,0.049402,0.044966
4760_238_1738_2063,3,1,0.042692,0.521354,0.134473,0.031135,0.175258,0.031371,0.063717
4760_237_1595_1717,1,1,0.309259,0.483388,0.026033,0.093708,0.023004,0.041058,0.02355
4760_237_162_256,1,1,0.011795,0.695107,0.069102,0.022169,0.093534,0.036816,0.071477
4760_237_1447_1477,3,3,0.009129,0.038808,0.015713,0.884036,0.012902,0.009276,0.030136
4760_238_2210_2463,2,6,0.039945,0.245299,0.17361,0.036635,0.139993,0.063196,0.301321
4760_237_864_1151,5,1,0.05132,0.584397,0.08322,0.030178,0.07424,0.132292,0.044353
4760_238_576_677,1,4,0.025848,0.205846,0.152521,0.12815,0.235259,0.064193,0.188183
4760_238_282_429,1,1,0.015844,0.563861,0.127179,0.010441,0.19216,0.031237,0.059277
4760_237_438_563,3,3,0.009288,0.051557,0.042985,0.715521,0.094396,0.024144,0.062109
4760_237_31_58,3,5,0.012268,0.043201,0.072911,0.154319,0.031193,0.450615,0.235493
4760_238_1505_1580,5,6,0.018508,0.243327,0.199171,0.140707,0.047924,0.036214,0.314148
4760_238_794_849,2,2,0.022601,0.167665,0.271237,0.01965,0.191652,0.152726,0.17447
4760_237_2074_2183,1,1,0.043351,0.425194,0.08962,0.108766,0.238812,0.015458,0.078799
4760_237_692_766,1,6,0.008751,0.133318,0.148384,0.065298,0.08313,0.05527,0.50585
4759_237_106_171,4,4,0.027273,0.30598,0.200657,0.010126,0.398088,0.030113,0.027764
4759_237_1659_1771,4,1,0.029092,0.54613,0.08534,0.013931,0.30266,0.012145,0.010703
4759_238_215_311,5,1,0.19646,0.56736,0.049383,0.011625,0.012396,0.149824,0.012952
4759_238_1792_1875,1,1,0.179993,0.664587,0.061104,0.008514,0.029914,0.028784,0.027104
4759_237_1411_1541,0,1,0.061252,0.756212,0.070551,0.01941,0.035706,0.038057,0.018811
4759_238_921_979,5,1,0.069135,0.295693,0.259075,0.009014,0.115541,0.21798,0.033562
4759_238_1319_1385,5,5,0.008672,0.06553,0.034829,0.006816,0.009559,0.853961,0.020634
4759_238_576_741,5,1,0.201737,0.508908,0.041359,0.010402,0.017624,0.214169,0.005801
4759_237_992_1125,4,1,0.332205,0.555559,0.028506,0.016404,0.036454,0.017905,0.012968
4759_237_402_560,1,1,0.07517,0.668169,0.082114,0.054791,0.051723,0.040562,0.027472
4759_238_31_75,5,5,0.003963,0.045107,0.324766,0.004271,0.0235,0.515367,0.083025
4759_237_1192_1267,0,5,0.016869,0.171067,0.272944,0.011384,0.085983,0.417001,0.024752
4759_237_762_906,4,1,0.128329,0.740427,0.020731,0.014185,0.063425,0.015037,0.017866
4759_237_1896_2044,4,4,0.028965,0.248193,0.194415,0.035101,0.450503,0.024525,0.018299
4759_238_1557_1644,1,1,0.04118,0.712964,0.041823,0.011709,0.153345,0.017943,0.021035
4759_238_1151_1178,5,5,0.015833,0.190184,0.101989,0.02083,0.025908,0.591481,0.053774
4922_247_31_143,2,2,0.019442,0.154278,0.312076,0.110809,0.220606,0.059245,0.123544
4922_247_1239_1321,1,2,0.018304,0.19981,0.316585,0.0313,0.311545,0.04439,0.078066
4922_248_1173_1238,5,5,0.007016,0.139977,0.16859,0.008207,0.026784,0.56766,0.081765
4922_248_160_305,5,5,0.012766,0.297287,0.112482,0.03611,0.085188,0.418101,0.038066
4922_247_897_991,3,6,0.005189,0.017054,0.019877,0.302389,0.008852,0.021495,0.625143
4922_248_1351_1452,5,1,0.025437,0.504607,0.135781,0.030531,0.178906,0.083572,0.041167
4922_247_543_687,1,4,0.013485,0.165676,0.074121,0.027415,0.543664,0.012454,0.163185
4922_247_1082_1156,1,5,0.008222,0.107482,0.205354,0.023411,0.02351,0.520577,0.111443
4922_247_322_424,3,6,0.012295,0.078127,0.111886,0.24785,0.034803,0.034585,0.480453
4922_248_1017_1080,5,5,0.00514,0.12073,0.05864,0.011162,0.00516,0.776661,0.022507
4922_248_452_531,5,5,0.016852,0.122298,0.116389,0.05157,0.070536,0.564728,0.057627
4922_247_769_860,3,6,0.006447,0.052323,0.037564,0.205664,0.027273,0.065037,0.605692
4922_248_692_753,4,4,0.00426,0.168277,0.17709,0.011828,0.581553,0.048259,0.008733
4922_248_861_883,5,5,0.007846,0.058939,0.035822,0.026654,0.004837,0.820897,0.045005
4921_247_1204_1274,2,2,0.01195,0.132152,0.32643,0.066871,0.091875,0.155902,0.214821
4921_248_31_191,6,6,0.013457,0.102306,0.133425,0.255599,0.054308,0.174292,0.266613
4921_248_1063_1178,6,1,0.015285,0.261251,0.158639,0.14148,0.047332,0.242419,0.133595
4921_247_743_808,2,4,0.030761,0.154723,0.245515,0.024748,0.396646,0.076629,0.070979
4921_247_982_1046,2,4,0.013854,0.135089,0.160977,0.028657,0.583972,0.020746,0.056704
4921_248_411_545,6,2,0.023183,0.252891,0.301966,0.046316,0.216702,0.075611,0.083331
4921_248_637_732,6,4,0.018027,0.251234,0.069108,0.097587,0.383114,0.021727,0.159203
4921_248_260_344,5,5,0.004287,0.042623,0.017459,0.152169,0.004876,0.745956,0.03263
4921_248_1299_1349,5,5,0.021554,0.129736,0.065396,0.321974,0.009727,0.396827,0.054786
4921_248_835_963,5,5,0.006636,0.138166,0.114088,0.083738,0.038769,0.563628,0.054977
4921_247_199_245,2,4,0.032353,0.211032,0.169663,0.065035,0.30085,0.020719,0.200348
4921_247_550_619,1,5,0.055206,0.132171,0.063983,0.004612,0.013794,0.715164,0.015071
4921_247_349_405,2,5,0.006662,0.062203,0.217714,0.011742,0.021419,0.431592,0.248668
4924_247_31_167,1,4,0.013795,0.230232,0.333423,0.01153,0.340028,0.039309,0.031682
4924_247_1210_1410,3,3,0.014482,0.035826,0.059447,0.665945,0.017536,0.040422,0.166342
4924_248_1026_1209,5,5,0.004417,0.09029,0.054185,0.226511,0.016382,0.529172,0.079042
4924_247_1660_1734,4,2,0.009258,0.097663,0.458931,0.007224,0.390799,0.020097,0.016028
4924_248_169_341,5,5,0.008306,0.163023,0.042454,0.028193,0.022291,0.696808,0.038925
4924_248_1422_1495,5,1,0.018925,0.279101,0.222348,0.080834,0.05758,0.217123,0.124088
4924_248_755_939,5,5,0.006575,0.090202,0.057847,0.184809,0.081743,0.513753,0.065071
4924_247_581_753,3,3,0.007826,0.055943,0.037176,0.457238,0.007987,0.0826,0.351231
4924_248_1742_1773,5,5,0.019357,0.079079,0.028454,0.016604,0.010411,0.819622,0.026473
4924_247_349_485,3,4,0.029887,0.193506,0.080331,0.185379,0.244198,0.05922,0.207479
4924_248_1552_1648,1,5,0.016777,0.244659,0.119441,0.119707,0.033305,0.363973,0.102138
4924_248_494_580,5,5,0.002473,0.031139,0.015723,0.061586,0.005551,0.854507,0.02902
4924_247_953_989,3,3,0.023845,0.042708,0.051023,0.485121,0.004154,0.234208,0.158942
4924_247_1509_1529,1,5,0.014571,0.053013,0.055862,0.018074,0.011059,0.785396,0.062025
4923_247_31_139,1,1,0.00602,0.49206,0.319067,0.033247,0.076111,0.026651,0.046845
4923_248_1289_1311,5,5,0.036288,0.119383,0.031963,0.023849,0.013464,0.743278,0.031774
4923_248_1169_1227,5,1,0.017358,0.448229,0.093841,0.063459,0.023227,0.18723,0.166656
4923_247_1661_1784,1,1,0.020323,0.431144,0.149214,0.056843,0.125274,0.043378,0.173824
4923_247_229_324,3,2,0.002571,0.06021,0.798065,0.045038,0.024518,0.016549,0.053049
4923_248_1800_1859,5,5,0.016208,0.318592,0.11008,0.030674,0.023105,0.449274,0.052068
4923_248_1399_1529,5,1,0.024516,0.485762,0.063864,0.014703,0.044072,0.312861,0.054222
4923_248_743_980,1,4,0.008977,0.245714,0.201584,0.037157,0.403155,0.069971,0.033441
4923_248_168_210,5,5,0.016511,0.330278,0.143979,0.032674,0.022467,0.33668,0.117411
4923_247_1319_1391,1,1,0.069441,0.522577,0.137416,0.014905,0.06989,0.135936,0.049833
4923_247_439_724,1,2,0.014227,0.192006,0.466735,0.036568,0.233104,0.022132,0.035227
4923_247_990_1167,4,3,0.00892,0.034415,0.074569,0.699975,0.050816,0.017816,0.113489
4923_248_332_422,5,5,0.015306,0.135015,0.081379,0.03172,0.022359,0.675127,0.039095
4923_247_1532_1560,4,2,0.016136,0.270258,0.379806,0.027032,0.225921,0.030465,0.050381
4923_247_1243_1270,1,1,0.059658,0.340085,0.140713,0.043326,0.222909,0.024145,0.169165
4923_248_1602_1633,5,5,0.017671,0.234705,0.069384,0.061748,0.029518,0.481563,0.105411
4925_247_31_140,1,4,0.015345,0.158259,0.146835,0.104996,0.422441,0.029502,0.122621
4925_248_1255_1721,1,1,0.015359,0.452761,0.166201,0.009853,0.260211,0.047855,0.04776
4925_247_2012_2051,3,3,0.01367,0.019218,0.050779,0.829822,0.028165,0.022071,0.036275
4925_248_1120_1204,5,2,0.007285,0.08868,0.493919,0.010165,0.088465,0.282211,0.029275
4925_247_250_420,1,4,0.009026,0.088341,0.308998,0.016819,0.497049,0.022787,0.056979
4925_248_1752_2004,1,1,0.025907,0.311447,0.083881,0.209915,0.123184,0.062374,0.183292
4925_248_835_942,5,5,0.019133,0.353422,0.059973,0.024929,0.030042,0.442698,0.069804
4925_247_950_1108,1,4,0.016021,0.238957,0.21629,0.027658,0.371608,0.030823,0.098641
4925_248_145_245,5,5,0.031871,0.126116,0.021963,0.011615,0.008052,0.789152,0.011231
4925_247_490_623,1,2,0.007415,0.0813,0.420558,0.056988,0.072207,0.029706,0.331827
4925_248_640_696,5,5,0.009274,0.138494,0.189353,0.031803,0.03885,0.406258,0.185967
4925_248_424_449,5,5,0.020058,0.05656,0.027622,0.014546,0.012834,0.857323,0.011057
4925_247_710_823,1,4,0.009212,0.105971,0.177276,0.077982,0.451935,0.035279,0.142345
4925_247_1215_1238,5,5,0.010317,0.038973,0.029727,0.016543,0.009156,0.852692,0.042591
4925_247_1722_1750,5,5,0.006214,0.026222,0.029479,0.016622,0.008424,0.896376,0.016663
4927_248_31_136,0,1,0.04335,0.490392,0.059028,0.031649,0.03145,0.293014,0.051116
4927_248_961_1343,6,1,0.034455,0.490903,0.207525,0.038695,0.098875,0.070849,0.058698
4927_247_1596_1755,2,2,0.00264,0.032641,0.745569,0.003335,0.196585,0.012892,0.006338
4927_247_141_265,2,5,0.007197,0.067468,0.089024,0.013225,0.014373,0.781908,0.026805
4927_248_1760_1936,4,1,0.045456,0.560768,0.139939,0.040849,0.135857,0.042044,0.035087
4927_247_1415_1489,2,1,0.024199,0.419693,0.316981,0.010343,0.159203,0.040434,0.029147
4927_247_791_957,5,2,0.023665,0.122409,0.628658,0.013579,0.128886,0.057105,0.0257
4927_248_280_599,0,1,0.024928,0.450647,0.189709,0.032409,0.098393,0.145873,0.058042
4927_247_601_670,5,5,0.00714,0.095031,0.12054,0.013314,0.017859,0.716724,0.029392
4927_248_1494_1591,5,5,0.01423,0.203731,0.075979,0.007963,0.010483,0.676245,0.01137
4927_248_674_787,0,5,0.024707,0.100928,0.022175,0.019274,0.012804,0.809778,0.010335
4927_247_1353_1375,5,2,0.013963,0.162508,0.493681,0.010089,0.272295,0.019246,0.028218
4927_248_1380_1411,1,5,0.03138,0.169526,0.091973,0.035454,0.031355,0.598441,0.04187
4926_247_122_206,1,5,0.088999,0.297743,0.128129,0.036291,0.055972,0.303108,0.089759
4926_248_1135_1324,0,1,0.29175,0.550426,0.055437,0.02021,0.046477,0.019005,0.016695
4926_247_2042_2129,1,0,0.501942,0.29997,0.117614,0.007654,0.028665,0.031993,0.012161
4926_247_1675_1750,5,5,0.005346,0.01813,0.033688,0.013812,0.012517,0.898611,0.017897
4926_248_223_359,1,1,0.054658,0.311797,0.085919,0.158546,0.05253,0.113754,0.222796
4926_248_1764_2036,1,3,0.027722,0.128105,0.032202,0.452473,0.021503,0.047427,0.290568
4926_248_874_1062,1,1,0.102433,0.491124,0.075803,0.033232,0.177178,0.070231,0.049998
4926_247_1329_1417,0,0,0.611701,0.249823,0.046765,0.014968,0.009494,0.058311,0.008938
4926_248_480_782,1,2,0.033538,0.199772,0.263522,0.083671,0.158733,0.050231,0.210534
4926_247_1063_1124,1,1,0.200628,0.302961,0.032475,0.085618,0.260754,0.011223,0.106342
4926_248_31_107,6,3,0.024905,0.078701,0.052064,0.54858,0.016828,0.027387,0.251534
4926_247_362_466,0,1,0.293506,0.461588,0.046628,0.021668,0.098535,0.037219,0.040856
4926_248_1464_1657,0,0,0.389395,0.358695,0.054219,0.057216,0.061836,0.034286,0.044353
4926_247_787_856,1,5,0.009862,0.022689,0.028029,0.01582,0.012188,0.887433,0.02398
4930_247_1264_1328,5,5,0.005021,0.036234,0.037396,0.021857,0.016062,0.854157,0.029273
4930_248_1118_1250,0,1,0.063599,0.732068,0.059032,0.01307,0.061281,0.051682,0.019268
4930_248_131_269,0,5,0.022546,0.348818,0.13338,0.01293,0.027973,0.406016,0.048337
4930_248_1336_1614,0,1,0.082603,0.648873,0.136027,0.008505,0.037144,0.080612,0.006236
4930_248_803_981,0,1,0.045488,0.752455,0.064607,0.016015,0.038549,0.062993,0.019893
4930_247_1000_1105,2,1,0.097045,0.482146,0.140038,0.022809,0.112171,0.04901,0.09678
4930_247_598_659,2,2,0.021224,0.236508,0.317635,0.166188,0.090617,0.068431,0.099397
4930_247_31_114,0,5,0.021805,0.131271,0.054123,0.013298,0.007566,0.723795,0.048142
4930_247_423_469,2,2,0.022314,0.286289,0.309734,0.014364,0.241147,0.036084,0.090069
4930_248_682_739,0,5,0.023149,0.151114,0.100187,0.0375,0.055329,0.544212,0.088509
4930_248_349_407,0,5,0.015247,0.286024,0.151696,0.016802,0.014654,0.456959,0.058618
4930_248_480_579,5,5,0.00685,0.087063,0.030909,0.003922,0.009602,0.851327,0.010326
4930_247_755_782,5,5,0.010083,0.038069,0.087935,0.02129,0.009367,0.798921,0.034335
4930_247_299_321,4,2,0.005982,0.115873,0.618521,0.013208,0.192821,0.021511,0.032083
4931_247_31_216,5,5,0.012195,0.222321,0.347126,0.012574,0.028762,0.362236,0.014786
4931_248_1148_1373,0,0,0.542294,0.37587,0.019183,0.007587,0.009332,0.036701,0.009033
4931_248_1671_1815,0,1,0.202581,0.688555,0.029462,0.01595,0.020967,0.031134,0.011352
4931_248_233_617,0,1,0.075276,0.798292,0.037066,0.004842,0.024742,0.049134,0.010647
4931_247_1386_1478,0,0,0.690168,0.184116,0.036166,0.011708,0.015292,0.050615,0.011936
4931_247_926_1146,0,0,0.450363,0.377349,0.061315,0.015979,0.035398,0.042045,0.017553
4931_247_631_681,1,5,0.018083,0.183877,0.26502,0.011382,0.043968,0.438576,0.039095
4931_248_1484_1567,0,1,0.101659,0.447648,0.02933,0.211126,0.041138,0.037925,0.131173
4931_247_783_892,1,2,0.011987,0.253294,0.350297,0.012307,0.102514,0.213265,0.056336
4931_248_1875_1984,0,1,0.060597,0.492116,0.13601,0.019544,0.086453,0.184685,0.020595
4931_248_698_777,0,1,0.08001,0.394001,0.153299,0.08953,0.035823,0.160705,0.086633
4931_247_1571_1658,0,1,0.324377,0.44698,0.0459,0.062268,0.03914,0.04541,0.035925
4931_247_1828_1859,0,5,0.06661,0.311939,0.087467,0.057544,0.037896,0.40183,0.036715
4931_248_892_918,5,5,0.08642,0.084698,0.017542,0.00841,0.004996,0.788844,0.00909
4936_247_31_141,4,2,0.007065,0.053394,0.441962,0.025195,0.196473,0.113634,0.162277
4936_247_1166_1333,1,1,0.020773,0.498227,0.095867,0.149384,0.085,0.1,0.050749
4936_247_249_367,6,3,0.009403,0.046929,0.056359,0.552446,0.054438,0.104243,0.176182
4936_247_1382_1527,3,3,0.006775,0.0557,0.039136,0.411449,0.020374,0.092482,0.374083
4936_248_742_951,3,4,0.008585,0.10864,0.097795,0.164088,0.41609,0.099395,0.105405
4936_248_179_215,3,6,0.021669,0.07457,0.084728,0.136435,0.095604,0.245071,0.341923
4936_248_1345_1360,5,5,0.006157,0.026694,0.145133,0.232679,0.021486,0.477129,0.090722
4936_247_411_683,3,3,0.083315,0.199131,0.04752,0.328075,0.030821,0.066995,0.244143
4936_248_1044_1156,4,4,0.004795,0.180243,0.160388,0.119924,0.395528,0.058998,0.080123
4936_248_386_391,5,5,0.029458,0.105048,0.059105,0.208855,0.051465,0.34731,0.198758
4936_247_1620_1674,4,2,0.007916,0.088749,0.733065,0.006938,0.073153,0.069464,0.020714
4936_248_1559_1604,5,5,0.029165,0.149186,0.113063,0.109042,0.044046,0.35286,0.202637
4936_247_973_981,3,3,0.021227,0.012388,0.077523,0.759873,0.032338,0.059222,0.037428
4934_247_31_160,3,3,0.014909,0.02914,0.083417,0.719382,0.014235,0.038939,0.099978
4934_248_1295_1326,3,3,0.010353,0.02343,0.05538,0.630334,0.037718,0.094701,0.148084
4934_247_1105_1273,3,3,0.022642,0.065976,0.03776,0.69348,0.063188,0.019506,0.097448
4934_247_1368_1502,0,2,0.038997,0.341048,0.438597,0.009796,0.084101,0.070124,0.017337
4934_247_917_984,3,3,0.015816,0.051465,0.038273,0.563877,0.023471,0.143277,0.16382
4934_248_189_247,5,5,0.005373,0.036975,0.026006,0.283071,0.0158,0.544419,0.088356
4934_247_518_614,3,3,0.012111,0.028467,0.069738,0.613126,0.033565,0.018401,0.224592
4934_247_278_464,3,3,0.006346,0.009331,0.031742,0.896997,0.011675,0.014175,0.029734
4934_248_630_722,3,4,0.012574,0.156058,0.137371,0.238766,0.238809,0.151995,0.064426
4934_248_1006_1067,3,2,0.009213,0.133497,0.44929,0.062066,0.233001,0.084508,0.028425
4934_248_1540_1563,5,5,0.011412,0.082643,0.162585,0.036897,0.0285,0.583664,0.094299
4934_248_864_891,5,5,0.020155,0.142547,0.097753,0.038515,0.034232,0.575242,0.091556
4934_247_742_815,3,3,0.009505,0.008259,0.022055,0.901193,0.010135,0.021696,0.027157
4934_248_486_502,5,5,0.006679,0.050277,0.074762,0.107843,0.025711,0.551737,0.182991
4935_247_1242_1306,0,1,0.239007,0.348391,0.056569,0.117457,0.018042,0.111024,0.109511
4935_248_1176_1213,1,1,0.071276,0.64041,0.086101,0.021161,0.058606,0.051755,0.070691
4935_247_188_287,4,6,0.017886,0.243051,0.228476,0.041732,0.104435,0.055075,0.309345
4935_247_1432_1521,0,5,0.037307,0.107135,0.145114,0.1784,0.069222,0.411054,0.051769
4935_247_943_1144,0,2,0.065125,0.234355,0.508115,0.006966,0.138842,0.023647,0.02295
4935_248_1328_1403,6,2,0.011089,0.231399,0.349068,0.048885,0.170134,0.080644,0.10878
4935_247_435_663,4,2,0.040175,0.221892,0.387792,0.009432,0.318216,0.010601,0.011891
4935_248_320_396,1,2,0.014313,0.340233,0.351367,0.027767,0.15352,0.052632,0.060168
4935_247_31_120,4,2,0.027598,0.19998,0.38202,0.011371,0.262143,0.058844,0.058043
4935_247_784_849,5,2,0.011489,0.068771,0.716161,0.015714,0.030147,0.11921,0.038508
4935_248_693_754,6,2,0.016407,0.230976,0.316653,0.136037,0.039674,0.060548,0.199704
4935_248_1554_1587,3,2,0.009413,0.210044,0.338891,0.094146,0.095292,0.074974,0.177239
4935_248_865_893,6,6,0.037427,0.161986,0.082459,0.299995,0.068124,0.040037,0.309972
4935_248_145_169,5,5,0.009896,0.071182,0.171394,0.040936,0.032282,0.50682,0.16749
4939_248_31_154,1,1,0.026185,0.537179,0.038827,0.084207,0.055663,0.245183,0.012758
4939_247_1163_1386,5,2,0.063202,0.239947,0.395914,0.015348,0.178196,0.082346,0.025047
4939_248_1844_2083,1,1,0.028336,0.398601,0.249046,0.018053,0.159833,0.097084,0.049047
4939_247_1631_1827,1,1,0.293635,0.320441,0.139742,0.019911,0.147274,0.04269,0.036307
4939_248_1427_1617,1,6,0.012151,0.194871,0.131178,0.078404,0.164528,0.119804,0.299064
4939_247_2089_2260,1,0,0.625123,0.218094,0.049145,0.016381,0.045669,0.027134,0.018452
4939_247_897_1088,1,2,0.149265,0.178306,0.514619,0.012224,0.059822,0.069535,0.016228
4939_248_2305_2358,1,1,0.143061,0.389977,0.038729,0.171903,0.011011,0.183461,0.061858
4939_247_568_702,5,5,0.020315,0.073015,0.424949,0.008571,0.016759,0.450705,0.005686
4939_248_1090_1151,5,5,0.0178,0.049111,0.024066,0.002936,0.003398,0.897029,0.005659
4939_247_263_347,5,5,0.04219,0.08258,0.227404,0.016165,0.009556,0.563727,0.058378
4939_248_402_556,5,1,0.00885,0.293919,0.148621,0.073578,0.150641,0.120128,0.204263
4939_248_733_888,1,1,0.012575,0.262977,0.138526,0.059548,0.063383,0.231107,0.231885
4939_247_2372_2431,5,5,0.014269,0.043306,0.131365,0.094314,0.012197,0.647463,0.057086
4937_248_1273_1419,1,1,0.026437,0.495267,0.082495,0.094245,0.184124,0.064423,0.053009
4937_247_130_264,6,2,0.011303,0.097658,0.56472,0.013405,0.117836,0.106228,0.088851
4937_247_1435_1493,5,1,0.202483,0.444349,0.086261,0.027743,0.060443,0.144374,0.034346
4937_247_798_1076,1,3,0.006144,0.025448,0.046969,0.777723,0.016801,0.027744,0.099171
4937_248_1088_1181,4,3,0.012197,0.197165,0.087354,0.263323,0.135123,0.083042,0.221796
4937_248_290_348,1,1,0.049195,0.38582,0.109617,0.020755,0.214024,0.076848,0.143741
4937_247_601_700,1,1,0.107604,0.556859,0.152839,0.023575,0.074545,0.044333,0.040245
4937_247_361_504,1,2,0.01955,0.16894,0.45272,0.025292,0.226895,0.059677,0.046926
4937_248_31_109,6,3,0.019862,0.168198,0.078185,0.408534,0.033354,0.050158,0.241709
4937_248_1522_1652,3,3,0.006736,0.10667,0.076836,0.380647,0.10072,0.193717,0.134674
4937_248_732_771,1,1,0.048719,0.468364,0.048131,0.144302,0.023271,0.063594,0.203619
4937_248_542_588,1,6,0.02635,0.2981,0.068453,0.091173,0.121403,0.085044,0.309477
4937_247_1205_1242,5,2,0.024602,0.125457,0.325687,0.025436,0.102223,0.236849,0.159747
4940_248_101_303,5,6,0.003657,0.050329,0.23263,0.128742,0.084215,0.177879,0.322547
4940_248_1087_1359,6,3,0.011834,0.054204,0.318849,0.325349,0.076407,0.040918,0.172439
4940_247_1669_1717,3,3,0.014796,0.043707,0.019027,0.759733,0.023121,0.019082,0.120534
4940_247_1811_1874,3,5,0.037546,0.270698,0.235404,0.034504,0.068531,0.294178,0.059138
4940_248_1738_1808,3,3,0.139524,0.243091,0.039924,0.272821,0.039705,0.0479,0.217035
4940_247_868_1075,6,6,0.009698,0.156217,0.18629,0.05764,0.091459,0.214276,0.284419
4940_247_488_613,3,3,0.008039,0.014326,0.0319,0.675993,0.022034,0.231292,0.016415
4940_247_309_404,5,5,0.010295,0.025191,0.044894,0.025079,0.018697,0.85364,0.022204
4940_248_624_866,3,2,0.018229,0.093945,0.346468,0.04811,0.190309,0.224937,0.078001
4940_248_408_483,6,6,0.019791,0.024644,0.051831,0.13728,0.107409,0.198476,0.460568
4940_247_31_91,5,2,0.026085,0.059871,0.441239,0.006601,0.070238,0.366644,0.029322
4940_248_1472_1658,6,3,0.013034,0.139609,0.086184,0.307121,0.093398,0.054795,0.30586
4940_247_1362_1449,1,4,0.032993,0.148107,0.175236,0.043628,0.439018,0.072044,0.088975
4938_247_2400_2491,6,5,0.013531,0.061357,0.098364,0.025822,0.014381,0.735703,0.050842
4938_247_31_231,6,2,0.005065,0.045427,0.811353,0.010836,0.025184,0.084625,0.017511
4938_248_1235_1365,6,1,0.025589,0.360797,0.152217,0.116069,0.113678,0.105145,0.126505
4938_247_1172_1232,6,5,0.018446,0.106593,0.124377,0.051405,0.105991,0.323982,0.269206
4938_248_1615_1892,1,1,0.082651,0.730766,0.071988,0.021493,0.035344,0.044081,0.013676
4938_247_1409_1587,1,2,0.007622,0.054535,0.840238,0.013176,0.032827,0.033622,0.017981
4938_248_2210_2374,1,2,0.006627,0.241908,0.508052,0.038513,0.081209,0.072226,0.051464
4938_248_2550_2641,3,6,0.014721,0.18583,0.141787,0.215304,0.036767,0.071525,0.334067
4938_248_730_1137,6,1,0.018088,0.307658,0.053876,0.057351,0.058781,0.202205,0.302041
4938_248_274_338,5,3,0.014465,0.183552,0.038986,0.284289,0.050195,0.245869,0.182643
4938_247_616_713,6,2,0.007522,0.069358,0.397691,0.020251,0.04767,0.273151,0.184357
4938_247_364_501,3,3,0.011289,0.047218,0.056093,0.683035,0.032612,0.03113,0.138624
4938_247_2085_2188,6,2,0.0358,0.104926,0.363615,0.151476,0.052546,0.141766,0.14987
4938_247_1905_2011,6,3,0.078232,0.107443,0.136931,0.470929,0.050401,0.022215,0.133849
4938_248_518_572,3,3,0.009573,0.106507,0.082342,0.459722,0.103403,0.051082,0.187372
4938_248_2022_2041,3,1,0.151712,0.28779,0.071501,0.193171,0.026946,0.143276,0.125605
4942_248_31_289,1,2,0.01765,0.217217,0.307691,0.03171,0.28634,0.019929,0.119464
4942_248_891_1338,1,2,0.008572,0.200843,0.442812,0.01546,0.235784,0.022899,0.073629
4942_248_2501_2776,1,2,0.013387,0.179902,0.393034,0.017617,0.345809,0.025112,0.025139
4942_248_1426_1579,1,6,0.018334,0.125244,0.08724,0.124282,0.078815,0.086799,0.479286
4942_247_1342_1406,1,0,0.391428,0.204692,0.023437,0.008378,0.009388,0.344083,0.018595
4942_248_2041_2349,2,2,0.009189,0.183324,0.362635,0.028925,0.283065,0.036789,0.096074
4942_247_1641_1818,0,0,0.679205,0.15906,0.014341,0.025461,0.013869,0.092908,0.015156
4942_248_490_746,1,1,0.064252,0.525777,0.111448,0.019087,0.176003,0.031012,0.072421
4942_248_1833_1924,1,4,0.010792,0.223169,0.165869,0.04552,0.396522,0.031917,0.126211
4942_247_1931_2032,1,1,0.029725,0.518434,0.274367,0.012183,0.123739,0.023094,0.018458
4942_247_302_473,3,5,0.01167,0.153502,0.189118,0.065386,0.055343,0.481574,0.043406
4942_247_2374_2448,1,3,0.072075,0.134061,0.026775,0.517495,0.0149,0.06406,0.170633
4942_247_753_856,1,1,0.055427,0.414393,0.122643,0.155141,0.121185,0.035438,0.095773
4941_247_112_258,0,0,0.763049,0.179509,0.018014,0.011385,0.008064,0.012198,0.007782
4941_248_1140_1321,1,6,0.021603,0.281451,0.086242,0.103255,0.032966,0.142303,0.332178
4941_247_1529_1749,0,1,0.142163,0.341285,0.036454,0.304824,0.041023,0.027466,0.106785
4941_247_1801_1861,0,0,0.493714,0.065355,0.023511,0.056971,0.009544,0.343407,0.007498
4941_248_1764_1799,1,6,0.05188,0.208037,0.151806,0.155904,0.098253,0.086577,0.247544
4941_247_1323_1482,0,0,0.674226,0.223741,0.013909,0.027797,0.007254,0.039672,0.013401
4941_247_915_1121,0,0,0.611167,0.230683,0.02847,0.05048,0.020888,0.028704,0.029607
4941_247_502_667,0,1,0.154421,0.321672,0.05312,0.163395,0.082823,0.166215,0.058354
4941_248_264_393,2,6,0.018311,0.164792,0.140948,0.190567,0.106749,0.045402,0.333232
4941_248_469_497,5,5,0.008818,0.038789,0.022447,0.019052,0.006449,0.863761,0.040684
4941_248_31_97,2,3,0.01546,0.131691,0.183671,0.215344,0.168873,0.142221,0.14274
4941_247_395_462,0,0,0.48786,0.252871,0.037556,0.090656,0.01702,0.078772,0.035266
4941_248_1484_1520,1,2,0.003923,0.032235,0.6563,0.01067,0.281662,0.007106,0.008105
4941_248_679_912,1,4,0.006056,0.144365,0.355199,0.022568,0.357303,0.014213,0.100296
4946_248_31_133,6,4,0.011373,0.121108,0.163,0.051976,0.310946,0.082477,0.259121
4946_248_1232_1390,4,4,0.00693,0.179043,0.106498,0.016693,0.644911,0.014086,0.03184
4946_247_1992_2067,3,3,0.003187,0.002983,0.006282,0.873723,0.001614,0.110923,0.001288
4946_247_1174_1193,5,5,0.042594,0.060938,0.021253,0.017034,0.014037,0.806957,0.037187
4946_248_1619_1701,4,5,0.010364,0.055948,0.017296,0.045836,0.012449,0.841187,0.01692
4946_248_247_380,4,2,0.013145,0.160823,0.236888,0.04282,0.217378,0.188094,0.140852
4946_247_1708_1839,3,3,0.005674,0.03555,0.052371,0.563039,0.012698,0.047779,0.282889
4946_247_1406_1611,0,1,0.041768,0.726033,0.051861,0.05695,0.059678,0.037069,0.026641
4946_247_927_1015,4,3,0.012875,0.018197,0.028657,0.716508,0.05925,0.03139,0.133123
4946_247_142_230,1,4,0.015993,0.083852,0.093826,0.256446,0.322194,0.091338,0.13635
4946_247_584_729,1,1,0.10524,0.380607,0.119641,0.022208,0.295174,0.033967,0.043164
4946_248_1030_1162,4,4,0.020334,0.20592,0.070939,0.155557,0.446554,0.037675,0.06302
4946_248_452_545,4,4,0.011795,0.080588,0.150851,0.17299,0.242696,0.113339,0.227742
4946_248_753_911,1,4,0.012051,0.177241,0.111749,0.115728,0.247723,0.229751,0.105756
4946_248_1860_1976,4,6,0.008764,0.200692,0.181374,0.152049,0.179512,0.033982,0.243627
4946_247_386_435,5,5,0.004301,0.057765,0.161911,0.019058,0.032727,0.675963,0.048276
4948_248_65_140,3,5,0.00815,0.077402,0.097826,0.139881,0.072013,0.506052,0.098676
4948_248_1201_1315,5,5,0.008244,0.107326,0.127611,0.011588,0.045414,0.666297,0.033519
4948_247_1119_1191,2,2,0.019866,0.266609,0.333514,0.022479,0.089874,0.079904,0.187755
4948_247_1662_1740,3,3,0.008518,0.068378,0.02599,0.720954,0.019092,0.021629,0.135441
4948_247_147_265,2,3,0.005676,0.012007,0.029382,0.716824,0.026575,0.043471,0.166064
4948_247_867_976,3,3,0.015979,0.039621,0.025132,0.699146,0.025409,0.050449,0.144264
4948_247_1326_1455,1,3,0.01411,0.044581,0.016906,0.505927,0.009287,0.036576,0.372612
4948_247_568_708,4,3,0.027529,0.180496,0.091032,0.324691,0.05823,0.054133,0.263889
4948_248_281_430,6,1,0.013895,0.287205,0.087283,0.158414,0.186724,0.07624,0.190239
4948_248_982_1096,3,1,0.02004,0.373652,0.069375,0.33342,0.059708,0.11777,0.026034
4948_247_438_540,1,5,0.020275,0.142006,0.189352,0.178363,0.059535,0.297256,0.113214
4948_247_31_61,3,3,0.028357,0.057218,0.014213,0.663689,0.023926,0.032036,0.180561
4948_248_1465_1657,2,3,0.006939,0.023066,0.036543,0.792101,0.030456,0.075948,0.034947
4948_248_724_863,3,5,0.045714,0.211317,0.118768,0.157863,0.056748,0.364141,0.045449
4948_248_544_564,1,5,0.008569,0.088356,0.045486,0.068846,0.009256,0.724094,0.055392
4949_248_1279_1420,1,5,0.029101,0.200655,0.122898,0.232547,0.023108,0.268952,0.122738
4949_247_1091_1261,5,5,0.008621,0.02669,0.026673,0.103548,0.016116,0.794516,0.023835
4949_248_1490_1703,6,3,0.010638,0.063944,0.075684,0.455205,0.042688,0.24383,0.10801
4949_247_240_376,0,1,0.103697,0.422733,0.179116,0.016402,0.022092,0.236482,0.019478
4949_248_1796_1965,1,1,0.082724,0.405082,0.048437,0.155308,0.019046,0.129569,0.159833
4949_247_1438_1478,5,5,0.007797,0.110256,0.114196,0.118668,0.068006,0.421284,0.159793
4949_247_873_938,5,5,0.019552,0.160332,0.217451,0.020028,0.051905,0.452674,0.078059
4949_248_948_1063,1,1,0.012971,0.356154,0.09508,0.156521,0.022454,0.198433,0.158386
4949_248_134_208,6,6,0.01255,0.110846,0.051409,0.238572,0.038681,0.195891,0.352051
4949_247_500_604,1,5,0.015217,0.181184,0.030278,0.031334,0.014033,0.659157,0.068797
4949_247_1721_1794,5,2,0.002833,0.092501,0.577871,0.006999,0.04138,0.203456,0.07496
4949_248_607_869,3,6,0.010862,0.126782,0.068561,0.229164,0.065557,0.212262,0.286812
4949_248_381_487,1,5,0.007057,0.06238,0.043358,0.219995,0.039472,0.418168,0.20957
4949_247_31_80,3,3,0.010801,0.034463,0.051765,0.344216,0.018355,0.337161,0.203239
4943_248_116_170,1,1,0.04889,0.370612,0.103837,0.023345,0.053523,0.251041,0.148752
4943_247_1266_1342,1,2,0.005453,0.088062,0.672613,0.006898,0.147212,0.033621,0.04614
4943_248_1091_1265,1,1,0.064407,0.360794,0.068769,0.081769,0.036875,0.170313,0.217073
4943_247_1672_1764,3,3,0.006609,0.00864,0.007568,0.777297,0.004026,0.016147,0.179712
4943_248_1791_1896,6,6,0.013573,0.076802,0.1118,0.101064,0.06049,0.059942,0.57633
4943_247_1451_1617,5,6,0.024359,0.104347,0.19318,0.10122,0.12709,0.069606,0.380198
4943_248_859_1010,1,6,0.022262,0.102869,0.18983,0.067281,0.110853,0.045535,0.46137
4943_247_192_243,2,5,0.006107,0.08241,0.123091,0.030682,0.032512,0.566132,0.159066
4943_247_522_594,5,3,0.073637,0.139878,0.035828,0.357297,0.014695,0.261623,0.117042
4943_248_625_723,5,5,0.014931,0.088935,0.117162,0.042564,0.04342,0.454298,0.238691
4943_247_1021_1079,5,5,0.023836,0.082088,0.08752,0.010688,0.024603,0.737906,0.033359
4943_248_406_521,1,5,0.03348,0.144034,0.054534,0.027887,0.03009,0.465528,0.244448
4943_248_31_65,5,1,0.094367,0.360454,0.058583,0.12842,0.027034,0.15707,0.174072
4943_247_724_841,2,6,0.020503,0.158837,0.220016,0.046856,0.208688,0.045206,0.299893
4943_247_1897_1927,3,3,0.02202,0.109265,0.103428,0.478928,0.083631,0.082726,0.120002
4943_247_71_96,5,5,0.013868,0.036305,0.024495,0.025685,0.009846,0.844475,0.045326
4943_247_339_398,2,4,0.047376,0.261276,0.19145,0.025633,0.367297,0.035587,0.071382
4943_248_1361_1435,1,4,0.009637,0.227139,0.145166,0.04429,0.316416,0.085928,0.171423
4943_248_1618_1657,1,5,0.010049,0.035584,0.023703,0.036044,0.005573,0.829867,0.05918
4943_248_268_319,1,1,0.086384,0.346868,0.086838,0.044157,0.019239,0.277468,0.139046
4947_248_80_133,5,5,0.018758,0.094337,0.062272,0.118698,0.014936,0.612453,0.078546
4947_248_1204_1388,3,6,0.013185,0.059423,0.038729,0.351087,0.042125,0.050728,0.444724
4947_247_1096_1192,3,3,0.006725,0.010073,0.010257,0.852943,0.009775,0.086579,0.023647
4947_248_182_367,5,5,0.009922,0.047655,0.020326,0.019086,0.007351,0.888036,0.007624
4947_247_1401_1558,3,3,0.01889,0.166116,0.102748,0.27983,0.266762,0.023754,0.1419
4947_248_854_972,3,5,0.005949,0.049539,0.045575,0.255006,0.036507,0.574037,0.033387
4947_248_517_749,3,3,0.012572,0.158669,0.077745,0.276001,0.234327,0.209279,0.031407
4947_247_986_1038,3,3,0.007276,0.010115,0.0157,0.866922,0.014702,0.054333,0.03095
4947_247_466_512,3,0,0.500724,0.184434,0.039696,0.108399,0.030611,0.06564,0.070495
4947_247_31_74,3,3,0.008969,0.012082,0.016082,0.880108,0.011767,0.026319,0.044673
4947_248_412_463,5,5,0.02671,0.148512,0.069808,0.020777,0.010265,0.641965,0.081962
4947_248_1562_1633,3,3,0.010528,0.03492,0.015603,0.799012,0.020891,0.055376,0.063669
4947_247_775_815,3,3,0.050455,0.084268,0.032281,0.402688,0.011371,0.218295,0.200642
4947_248_1045_1094,3,5,0.02519,0.075291,0.019408,0.099751,0.009369,0.750229,0.020764
4947_247_137_172,3,3,0.152417,0.248474,0.031652,0.318879,0.042527,0.041876,0.164176
4947_247_367_384,3,3,0.013668,0.011334,0.011009,0.906655,0.007629,0.018292,0.031413
4953_248_31_283,6,4,0.007702,0.221449,0.184403,0.025513,0.431137,0.058729,0.071068
4953_248_1258_1343,6,1,0.023295,0.333602,0.140773,0.036552,0.322998,0.078903,0.063878
4953_248_2035_2170,4,1,0.013626,0.305123,0.162472,0.059438,0.287558,0.056764,0.115019
4953_247_879_1209,4,4,0.025017,0.276031,0.132969,0.057496,0.432147,0.057778,0.018561
4953_247_1823_1844,6,5,0.009141,0.075127,0.101136,0.059623,0.023683,0.488266,0.243024
4953_247_1388_1661,1,4,0.017921,0.275178,0.134215,0.013301,0.506077,0.031746,0.021563
4953_247_2191_2280,5,5,0.004418,0.030301,0.050371,0.07093,0.027066,0.797049,0.019864
4953_248_407_605,6,1,0.008048,0.305816,0.144077,0.06237,0.265232,0.100211,0.114245
4953_248_1693_1798,6,6,0.010905,0.214048,0.122977,0.068694,0.247537,0.050572,0.285267
4953_247_319_388,5,5,0.034622,0.33589,0.083205,0.004375,0.041151,0.458731,0.042027
4953_247_629_749,4,5,0.006479,0.164606,0.078692,0.019953,0.066427,0.638532,0.025312
4953_248_778_840,1,1,0.033419,0.660151,0.078633,0.024851,0.158464,0.015215,0.029266
4953_247_1896_2012,6,2,0.016647,0.227725,0.288655,0.127446,0.13715,0.073709,0.128668
4953_248_1871_1878,6,6,0.015542,0.052058,0.034772,0.325759,0.038914,0.130056,0.402899
4953_248_2312_2331,0,6,0.008765,0.109522,0.107241,0.055312,0.077485,0.25831,0.383365
4950_247_1291_1334,3,6,0.036761,0.07578,0.055843,0.227649,0.032448,0.093257,0.478263
4950_247_1091_1191,5,5,0.007991,0.018795,0.049773,0.089642,0.011337,0.808621,0.01384
4950_248_1620_1774,3,3,0.005311,0.032359,0.017842,0.727936,0.041321,0.102051,0.07318
4950_248_135_293,0,1,0.024109,0.320643,0.065446,0.248287,0.032697,0.115503,0.193315
4950_247_1416_1599,3,3,0.013532,0.074846,0.050601,0.578146,0.075896,0.06115,0.145829
4950_247_31_121,3,1,0.044501,0.340031,0.22064,0.053746,0.068514,0.19366,0.078909
4950_248_920_1071,2,1,0.011023,0.281011,0.10827,0.158739,0.028758,0.211121,0.201078
4950_248_509_620,1,1,0.012636,0.356636,0.109498,0.041632,0.165577,0.223662,0.090359
4950_247_297_384,1,5,0.015366,0.119723,0.083181,0.010617,0.032442,0.655199,0.083473
4950_247_628_914,3,5,0.007043,0.042124,0.053919,0.182617,0.08261,0.582227,0.04946
4950_247_454_489,1,5,0.009408,0.037686,0.013736,0.005882,0.003387,0.888732,0.041169
4950_248_401_446,1,1,0.04033,0.367547,0.153787,0.092369,0.053499,0.120287,0.17218
4950_248_1201_1272,1,5,0.029131,0.152504,0.03963,0.079817,0.004778,0.659976,0.034165
4950_248_1362_1408,3,5,0.014259,0.081377,0.018173,0.061338,0.006951,0.796266,0.021638
4951_248_115_184,5,5,0.01137,0.176725,0.100112,0.056832,0.016951,0.440387,0.197624
4951_248_1221_1331,4,4,0.014672,0.182254,0.098745,0.032156,0.603145,0.034846,0.034181
4951_247_199_276,1,1,0.065393,0.384682,0.100743,0.025231,0.045626,0.205406,0.172918
4951_248_891_943,6,5,0.01428,0.078042,0.151097,0.049873,0.132905,0.301757,0.272046
4951_247_539_594,6,5,0.018874,0.097543,0.175017,0.071545,0.027625,0.3871,0.222295
4951_248_1080_1130,6,1,0.018516,0.269776,0.133962,0.04123,0.15125,0.196852,0.188413
4951_248_297_349,6,6,0.016747,0.157259,0.220676,0.122535,0.065156,0.066537,0.35109
4951_248_613_753,1,5,0.015184,0.22243,0.05875,0.052792,0.059093,0.540999,0.050753
4951_247_971_1038,5,5,0.004777,0.076676,0.243664,0.031533,0.196382,0.24432,0.202649
4951_248_475_515,1,3,0.023929,0.21343,0.054397,0.475164,0.039817,0.050026,0.143237
4951_247_31_91,6,3,0.093897,0.107221,0.25213,0.318281,0.048931,0.083525,0.096015
4951_247_383_460,6,6,0.017442,0.046197,0.110416,0.095052,0.056791,0.163255,0.510846
4951_247_769_854,6,5,0.006563,0.025576,0.055966,0.109569,0.02603,0.727727,0.04857
4951_247_1356_1431,1,1,0.099486,0.452255,0.057501,0.181732,0.065053,0.061818,0.082154
4951_247_1159_1165,3,6,0.027735,0.079644,0.056379,0.210606,0.015605,0.154144,0.455886
4956_248_31_150,6,6,0.008909,0.145137,0.188461,0.188876,0.065489,0.072945,0.330184
4956_248_1227_1326,6,2,0.008964,0.201425,0.295767,0.026825,0.12098,0.214627,0.131412
4956_247_171_325,5,5,0.001928,0.017025,0.016665,0.009737,0.006162,0.939996,0.008487
4956_247_1370_1508,6,5,0.027792,0.208592,0.186263,0.045619,0.147822,0.219771,0.164141
4956_248_792_930,4,4,0.00334,0.096732,0.219941,0.018068,0.590929,0.052455,0.018536
4956_247_939_1019,5,5,0.004979,0.035197,0.023343,0.015002,0.013141,0.881119,0.027219
4956_247_426_630,6,5,0.003333,0.031654,0.036729,0.102246,0.031541,0.668352,0.126146
4956_247_1124_1183,5,5,0.005357,0.03007,0.018873,0.006889,0.011586,0.88469,0.042534
4956_248_1028_1102,6,6,0.009739,0.202369,0.090413,0.090855,0.0865,0.076641,0.443484
4956_248_1531_1643,6,1,0.006155,0.439677,0.19186,0.018188,0.098962,0.109608,0.13555
4956_248_663_687,6,6,0.014182,0.164518,0.218788,0.069973,0.068273,0.047597,0.416669
4956_247_722_747,4,6,0.021491,0.077707,0.095698,0.120613,0.295374,0.069624,0.319493
4956_248_347_387,6,6,0.019028,0.13235,0.068793,0.24207,0.065771,0.1131,0.358887
4956_247_1661_1676,4,5,0.01118,0.14083,0.203235,0.012117,0.069663,0.534294,0.02868
4957_247_1289_1358,1,1,0.104416,0.581863,0.027622,0.009501,0.047843,0.202653,0.026102
4957_247_1103_1235,5,5,0.009865,0.130506,0.068508,0.01462,0.072949,0.646952,0.0566
4957_248_1505_1758,5,4,0.007897,0.118982,0.2799,0.020179,0.399679,0.123723,0.04964
4957_247_193_417,1,1,0.398161,0.45213,0.03128,0.01457,0.045683,0.038562,0.019614
4957_247_1767_1921,5,5,0.024705,0.141566,0.023076,0.018863,0.027181,0.714606,0.050002
4957_247_1402_1500,1,4,0.009165,0.15138,0.090424,0.033963,0.558714,0.06459,0.091764
4957_247_917_950,5,5,0.003858,0.070685,0.062544,0.028634,0.022997,0.694931,0.116352
4957_248_429_915,1,1,0.019913,0.511839,0.131999,0.023049,0.208369,0.076988,0.027843
4957_248_952_1083,1,1,0.011236,0.600694,0.114869,0.02095,0.049661,0.159035,0.043554
4957_248_31_58,5,5,0.019304,0.080662,0.027907,0.031819,0.009739,0.789201,0.041368
4957_248_1236_1272,1,1,0.019088,0.543092,0.036039,0.052154,0.008856,0.311694,0.029076
4957_247_63_94,4,1,0.059109,0.364736,0.112753,0.049627,0.224619,0.05778,0.131375
4957_248_1362_1391,5,5,0.014801,0.179687,0.057112,0.021004,0.011636,0.684305,0.031455
4957_248_141_178,3,5,0.068408,0.188071,0.022903,0.238538,0.014217,0.439999,0.027864
4957_248_1932_2015,1,4,0.005746,0.215866,0.184902,0.050119,0.310587,0.062832,0.169948
4959_247_763_849,0,3,0.101358,0.183186,0.035276,0.479438,0.019203,0.160359,0.021179
4959_248_31_101,0,5,0.03075,0.172743,0.108279,0.161872,0.014079,0.415275,0.097002
4959_248_1002_1070,1,1,0.077094,0.750682,0.053787,0.015481,0.028361,0.063513,0.011081
4959_247_385_429,1,5,0.009807,0.162588,0.097113,0.15004,0.034205,0.513464,0.032783
4959_248_569_659,1,5,0.010205,0.277823,0.039409,0.05729,0.021799,0.53947,0.054004
4959_247_666_703,1,5,0.012423,0.130692,0.177695,0.109538,0.114568,0.428089,0.026995
4959_247_934_968,1,1,0.075089,0.505212,0.132099,0.038903,0.057429,0.121991,0.069277
4959_248_858_932,1,1,0.027938,0.659392,0.025451,0.020816,0.010179,0.240963,0.015262
4959_247_1073_1091,1,3,0.015171,0.052045,0.062046,0.580048,0.033472,0.071493,0.185725
4959_248_441_498,1,5,0.009064,0.06358,0.062624,0.017868,0.01149,0.816006,0.019368
4959_247_273_300,5,5,0.014746,0.064559,0.027368,0.025892,0.012714,0.830303,0.024418
4959_248_321_374,5,1,0.255302,0.313387,0.061697,0.01218,0.026193,0.303025,0.028216
4959_248_705_727,1,1,0.024492,0.483061,0.059668,0.037714,0.027969,0.319726,0.047371
4959_247_502_564,0,5,0.130753,0.171405,0.048874,0.011162,0.026926,0.592541,0.018339
4958_247_31_391,0,1,0.312516,0.491878,0.028055,0.007759,0.020614,0.129515,0.009662
4958_247_1224_1338,1,1,0.335752,0.468881,0.031642,0.030367,0.046045,0.04187,0.045443
4958_248_1176_1222,1,5,0.02401,0.294825,0.040938,0.023508,0.012252,0.561676,0.042791
4958_248_1361_1510,1,1,0.017455,0.359417,0.083277,0.060141,0.095212,0.292393,0.092105
4958_247_938_1014,1,4,0.025683,0.147536,0.233252,0.02277,0.34309,0.149834,0.077835
4958_247_1123_1161,1,1,0.276154,0.331097,0.029802,0.040671,0.015908,0.203765,0.102604
4958_248_1021_1122,1,1,0.013487,0.29007,0.109768,0.204594,0.068807,0.216272,0.097002
4958_248_603_649,5,5,0.018382,0.29055,0.054397,0.02344,0.021618,0.506672,0.084941
4958_247_434_578,1,1,0.012703,0.372056,0.076231,0.107164,0.252214,0.064443,0.115189
4958_247_1516_1621,1,0,0.437421,0.394095,0.021653,0.009044,0.024475,0.101444,0.011868
4958_247_650_676,5,5,0.045279,0.093849,0.026099,0.04022,0.011377,0.745734,0.037441
4958_248_696_731,5,5,0.009827,0.091055,0.029514,0.018463,0.006015,0.794102,0.051024
4958_248_832_918,5,5,0.015562,0.238251,0.044104,0.034432,0.015304,0.597738,0.05461
4958_247_743_818,5,1,0.076313,0.462131,0.034877,0.038101,0.049075,0.162871,0.176633
4958_248_392_420,5,5,0.020706,0.150213,0.047259,0.042185,0.012042,0.675156,0.052438
5161_259_31_315,0,1,0.032369,0.582946,0.054432,0.01122,0.059025,0.238425,0.021583
5161_259_1215_1419,0,1,0.138475,0.589198,0.048499,0.008871,0.182238,0.020589,0.012131
5161_260_2024_2104,3,1,0.072425,0.655461,0.092997,0.019178,0.034769,0.105741,0.019429
5161_260_1101_1209,3,1,0.0321,0.630008,0.063235,0.022766,0.222677,0.014605,0.014608
5161_259_1594_1728,3,3,0.019844,0.135616,0.027136,0.350644,0.270035,0.018621,0.178104
5161_260_1739_1835,3,1,0.018392,0.409956,0.045965,0.16239,0.176509,0.019359,0.167429
5161_260_1439_1592,3,1,0.05667,0.608579,0.02397,0.136888,0.120636,0.023345,0.029912
5161_260_934_1007,3,3,0.018725,0.179311,0.06224,0.517715,0.019764,0.03847,0.163775
5161_259_590_689,1,4,0.008642,0.164589,0.13229,0.02134,0.533142,0.032376,0.107621
5161_259_1017_1099,1,1,0.063558,0.801178,0.010553,0.008893,0.087376,0.007366,0.021077
5161_260_341_570,3,5,0.006084,0.067058,0.014166,0.424054,0.014937,0.444227,0.029474
5161_259_776_884,1,1,0.020763,0.427345,0.095248,0.032193,0.040023,0.289773,0.094656
5161_259_1849_2002,1,1,0.168018,0.683599,0.019585,0.018129,0.034018,0.018512,0.058139
5161_260_699_774,3,5,0.02172,0.195153,0.125101,0.078596,0.038377,0.315765,0.225288
5162_260_76_206,1,3,0.024422,0.077133,0.036494,0.480785,0.047083,0.15665,0.177434
5162_259_1291_1399,3,1,0.109457,0.791373,0.01059,0.016825,0.025736,0.033635,0.012384
5162_260_1988_2063,3,1,0.081269,0.522506,0.02793,0.181523,0.054666,0.02173,0.110377
5162_260_941_1278,3,1,0.04105,0.266079,0.083308,0.156088,0.214575,0.038168,0.200732
5162_259_1541_1986,3,1,0.082387,0.739606,0.04699,0.011274,0.057003,0.039396,0.023344
5162_259_216_335,1,1,0.04861,0.665974,0.05259,0.02167,0.107768,0.017005,0.086383
5162_260_1433_1525,3,3,0.075808,0.252845,0.017237,0.516409,0.020876,0.030443,0.086382
5162_260_2121_2293,3,6,0.076138,0.278912,0.044693,0.21689,0.054418,0.027021,0.301928
5162_259_721_931,4,1,0.014568,0.522822,0.118607,0.0036,0.289526,0.020551,0.030327
5162_259_2305_2375,3,3,0.020753,0.108662,0.02418,0.45361,0.141694,0.022256,0.228845
5162_260_586_669,1,5,0.04645,0.362797,0.074689,0.065564,0.023944,0.377483,0.049073
5162_259_2066_2120,3,1,0.187919,0.589372,0.017645,0.031724,0.014772,0.029296,0.129272
5162_259_426_575,1,1,0.129676,0.736214,0.03562,0.004371,0.039052,0.039309,0.015757
5162_259_31_74,1,1,0.026453,0.541967,0.037592,0.008986,0.293243,0.014322,0.077438
5162_260_337_416,1,1,0.061414,0.455765,0.04492,0.087068,0.237666,0.016727,0.096439
5166_259_31_172,3,4,0.009715,0.166884,0.087701,0.085019,0.399254,0.06527,0.186157
5166_260_1253_1297,3,3,0.035232,0.20004,0.115174,0.378465,0.061393,0.036598,0.173099
5166_259_1087_1232,3,1,0.056496,0.398814,0.042559,0.053982,0.063685,0.324724,0.05974
5166_259_1592_1730,4,1,0.011077,0.39883,0.140985,0.019337,0.165263,0.119929,0.14458
5166_260_1742_1834,3,3,0.02521,0.070221,0.026838,0.513873,0.021565,0.286017,0.056277
5166_259_1317_1507,3,1,0.028534,0.292492,0.06702,0.153121,0.125921,0.098573,0.23434
5166_260_878_1077,3,3,0.016021,0.129553,0.0271,0.745425,0.03316,0.018075,0.030666
5166_260_200_247,3,5,0.025108,0.11614,0.074784,0.13444,0.017271,0.509125,0.123132
5166_259_265_602,3,4,0.012574,0.058447,0.06484,0.235709,0.478688,0.099837,0.049903
5166_260_629_711,3,3,0.017112,0.058547,0.037587,0.622829,0.010955,0.137948,0.115022
5166_259_735_852,3,3,0.016131,0.078873,0.035494,0.539888,0.050808,0.107594,0.171213
5166_260_1540_1577,3,3,0.014748,0.022649,0.011093,0.907658,0.003958,0.008505,0.031391
5164_260_1217_1433,3,1,0.060724,0.570478,0.113771,0.068971,0.025188,0.081796,0.079071
5164_259_977_1215,3,5,0.018069,0.162076,0.054564,0.017514,0.017307,0.637351,0.093118
5164_260_1585_1697,1,1,0.022388,0.631077,0.109065,0.03436,0.123365,0.046615,0.033131
5164_259_1698_1872,5,5,0.014532,0.191172,0.036197,0.01131,0.045635,0.6799,0.021254
5164_259_1437_1461,5,5,0.013952,0.054114,0.027978,0.012174,0.01094,0.843502,0.03734
5164_260_747_977,3,3,0.052919,0.25627,0.075243,0.345793,0.033135,0.145399,0.091241
5164_259_139_252,3,3,0.0135,0.047146,0.056719,0.467425,0.036442,0.261812,0.116956
5164_260_560_619,3,3,0.049356,0.086491,0.032639,0.761307,0.011462,0.042128,0.016618
5164_260_278_376,3,1,0.060341,0.697771,0.014775,0.177086,0.020352,0.006809,0.022866
5164_259_621_728,3,3,0.03364,0.071271,0.048673,0.467402,0.052634,0.049673,0.276707
5164_259_377_558,3,1,0.27197,0.6212,0.015235,0.011639,0.017183,0.054342,0.008431
5164_260_31_112,3,3,0.043946,0.154011,0.03584,0.653076,0.022369,0.029088,0.061669
5164_259_1511_1577,4,1,0.039068,0.69603,0.052395,0.004705,0.167237,0.021127,0.019437
5164_260_1874_2005,3,1,0.013481,0.453782,0.267773,0.028549,0.156133,0.041297,0.038985
5164_260_1467_1493,3,1,0.37346,0.463672,0.033042,0.030563,0.024515,0.037125,0.037621
5168_259_70_331,3,1,0.077653,0.679168,0.025761,0.047171,0.015709,0.132396,0.022141
5168_259_1637_1686,5,1,0.044039,0.490467,0.096339,0.017346,0.016698,0.299851,0.03526
5168_259_1437_1520,3,6,0.013372,0.107389,0.228949,0.116216,0.205595,0.052698,0.275781
5168_260_804_949,3,1,0.027072,0.280511,0.215318,0.092703,0.08855,0.074159,0.221687
5168_260_1320_1355,3,6,0.021479,0.105682,0.034987,0.308773,0.094894,0.011924,0.422262
5168_259_584_619,1,1,0.029495,0.472809,0.159306,0.021656,0.118433,0.1028,0.095501
5168_259_1084_1107,3,6,0.017976,0.149299,0.149158,0.014922,0.075809,0.087068,0.505769
5168_260_334_436,3,1,0.019722,0.489567,0.135053,0.100569,0.101657,0.047262,0.10617
5168_260_621_678,1,1,0.01819,0.4361,0.122652,0.135651,0.076745,0.013486,0.197176
5168_259_455_514,4,1,0.008854,0.320816,0.210213,0.015044,0.05932,0.301459,0.084294
5168_260_31_68,3,5,0.015251,0.224248,0.107627,0.050259,0.015267,0.356922,0.230425
5168_259_705_786,3,2,0.014324,0.190926,0.369083,0.009877,0.253728,0.023709,0.138353
5168_260_1569_1623,3,3,0.008914,0.027175,0.011705,0.853004,0.012195,0.025743,0.061264
5168_260_515_574,3,1,0.038365,0.390409,0.301352,0.031373,0.065206,0.020545,0.15275
5172_259_126_134,5,5,0.002977,0.023171,0.01693,0.02038,0.008928,0.801064,0.126549
5172_259_1238_1436,6,6,0.01273,0.243874,0.115639,0.029581,0.074372,0.113669,0.410134
5172_260_1143_1200,6,6,0.025169,0.241517,0.06865,0.123805,0.228285,0.0428,0.269774
5172_259_1520_1719,6,6,0.005108,0.126371,0.048632,0.271519,0.04589,0.098451,0.40403
5172_259_251_492,6,5,0.007689,0.121735,0.103169,0.163888,0.111505,0.333402,0.158611
5172_260_1816_1839,3,4,0.032069,0.192031,0.083197,0.050565,0.397392,0.012205,0.23254
5172_259_884_1115,6,6,0.022416,0.304455,0.067898,0.085317,0.048936,0.077065,0.393913
5172_259_580_819,6,1,0.015428,0.333512,0.124561,0.012408,0.061457,0.166385,0.286249
5172_260_1477_1499,3,3,0.009578,0.052927,0.023996,0.810064,0.016479,0.013854,0.073104
5172_260_508_553,6,5,0.019182,0.190845,0.100975,0.04889,0.0106,0.529961,0.099547
5172_260_171_182,3,3,0.008268,0.020231,0.039321,0.825841,0.014252,0.021812,0.070276
5172_260_31_53,3,3,0.010374,0.02067,0.038801,0.818464,0.01118,0.039225,0.061286
5172_260_834_869,5,5,0.013823,0.140271,0.092803,0.041072,0.031966,0.422098,0.257967
5167_259_1194_1435,3,6,0.014846,0.072488,0.073985,0.308425,0.074152,0.146834,0.30927
5167_260_1088_1189,1,2,0.015264,0.198486,0.304569,0.027387,0.153897,0.070773,0.229624
5167_260_1673_1710,1,1,0.025647,0.380842,0.111683,0.073678,0.080785,0.15548,0.171885
5167_260_247_289,1,1,0.005565,0.318154,0.287501,0.010068,0.307853,0.019114,0.051744
5167_259_179_225,3,1,0.027734,0.544106,0.133341,0.026592,0.08447,0.074642,0.109115
5167_260_397_606,1,4,0.014218,0.264222,0.237334,0.029356,0.296965,0.053953,0.10395
5167_259_324_377,3,1,0.044655,0.347682,0.031867,0.110368,0.078714,0.086389,0.300326
5167_259_609_833,3,1,0.00789,0.53033,0.111954,0.012392,0.186304,0.094625,0.056505
5167_259_960_1076,2,5,0.022097,0.120934,0.213297,0.073351,0.084387,0.287927,0.198006
5167_259_31_65,3,3,0.008255,0.01154,0.018655,0.781103,0.010634,0.021775,0.148039
5167_259_1524_1620,3,1,0.019227,0.398729,0.256512,0.037822,0.064279,0.149774,0.073656
5167_260_1471_1520,1,1,0.02145,0.397134,0.268279,0.015409,0.05819,0.20981,0.029728
5167_260_71_113,1,6,0.017488,0.120275,0.103642,0.256903,0.105289,0.067785,0.328617
5167_260_835_898,1,1,0.016325,0.398458,0.14945,0.026182,0.234779,0.125306,0.0495
5175_259_31_159,6,1,0.037127,0.740815,0.048132,0.005697,0.065613,0.046817,0.055798
5175_259_733_1203,6,1,0.202211,0.691143,0.017961,0.008055,0.037028,0.025738,0.017864
5175_260_1626_1698,1,1,0.066885,0.41292,0.069636,0.140871,0.034538,0.176299,0.098851
5175_260_174_335,4,4,0.035891,0.307517,0.078612,0.062836,0.447115,0.024993,0.043035
5175_260_523_717,6,1,0.147094,0.615876,0.038956,0.077911,0.0391,0.052047,0.029016
5175_260_1328_1349,4,1,0.045153,0.541197,0.079633,0.045909,0.227197,0.014262,0.04665
5175_259_349_497,4,1,0.070412,0.782081,0.025999,0.012706,0.046584,0.052411,0.009807
5175_259_1466_1591,1,0,0.619936,0.31917,0.020076,0.003768,0.008481,0.021803,0.006765
5175_260_1244_1268,4,1,0.122115,0.688739,0.041672,0.00872,0.097853,0.016341,0.024561
5175_259_1360_1377,6,1,0.152626,0.383076,0.090912,0.003364,0.040869,0.287995,0.041157
5175_260_1404_1430,2,3,0.018751,0.151427,0.057431,0.618922,0.078004,0.013799,0.061666
5175_259_1306_1314,3,1,0.04766,0.489594,0.084914,0.005569,0.234256,0.030365,0.107641
5173_259_1223_1294,6,3,0.020337,0.045902,0.026152,0.561068,0.016131,0.029686,0.300725
5173_259_115_201,5,5,0.005093,0.046315,0.02607,0.011578,0.00979,0.875069,0.026085
5173_260_1162_1210,3,3,0.1904,0.254414,0.023825,0.346033,0.03956,0.036125,0.109644
5173_259_784_920,6,6,0.007994,0.08617,0.121904,0.115211,0.100168,0.130371,0.438182
5173_260_935_1027,3,3,0.007342,0.004905,0.005736,0.935614,0.003636,0.026989,0.015777
5173_260_388_502,1,1,0.080449,0.460566,0.043795,0.188304,0.102968,0.041201,0.082717
5173_259_524_675,6,4,0.007903,0.136075,0.072641,0.048667,0.461373,0.021734,0.251606
5173_260_70_87,3,3,0.043193,0.049145,0.037468,0.360283,0.01618,0.241445,0.252285
5173_260_693_744,3,3,0.006281,0.007897,0.007201,0.909893,0.004107,0.006302,0.05832
5173_259_1039_1123,3,1,0.118739,0.616151,0.021226,0.032716,0.077782,0.033413,0.099973
5173_259_273_364,1,4,0.011284,0.259321,0.127058,0.069573,0.391726,0.062523,0.078513
5173_260_214_234,3,6,0.053753,0.128049,0.06201,0.111379,0.032948,0.126248,0.485613
5173_259_31_38,5,5,0.00399,0.048966,0.016927,0.030634,0.02387,0.808068,0.067545
5171_259_31_155,4,1,0.017788,0.373236,0.258498,0.015878,0.169458,0.10812,0.057022
5171_260_2026_2095,6,1,0.054014,0.740027,0.043431,0.03262,0.07204,0.012266,0.045601
5171_259_1156_1197,4,1,0.101011,0.543384,0.197783,0.002649,0.071558,0.058229,0.025387
5171_260_1566_1702,1,1,0.032432,0.467578,0.121124,0.093226,0.070464,0.061592,0.153583
5171_260_205_467,6,1,0.051271,0.332426,0.267554,0.071931,0.195565,0.051709,0.029544
5171_259_1726_2010,1,1,0.046192,0.549403,0.08842,0.00857,0.269431,0.017536,0.020448
5171_259_1326_1530,6,1,0.060568,0.546467,0.080094,0.015099,0.194351,0.048937,0.054485
5171_260_2203_2287,6,1,0.032466,0.641231,0.086469,0.024561,0.085293,0.051524,0.078457
5171_259_798_1067,4,1,0.022797,0.684366,0.099275,0.005473,0.083859,0.074265,0.029964
5171_259_2304_2406,1,1,0.124075,0.673896,0.07238,0.005341,0.071502,0.031599,0.021207
5171_259_497_660,4,1,0.02459,0.543764,0.23179,0.011691,0.09107,0.081614,0.01548
5171_260_1082_1127,6,1,0.095523,0.71508,0.025845,0.058143,0.014092,0.014742,0.076575
5171_260_1211_1293,6,1,0.095939,0.696551,0.039639,0.041241,0.040626,0.01793,0.068073
5171_260_707_752,3,3,0.112332,0.34127,0.024307,0.405622,0.020433,0.046632,0.049404
5171_259_2131_2182,6,1,0.120018,0.547053,0.110205,0.006267,0.039621,0.149225,0.027611
5178_259_31_158,6,1,0.056166,0.699166,0.05747,0.006043,0.03016,0.137705,0.01329
5178_259_1191_1320,6,5,0.008927,0.127531,0.042527,0.011239,0.028639,0.734946,0.046191
5178_259_1504_1802,4,5,0.025007,0.302469,0.070111,0.018735,0.13322,0.400685,0.049773
5178_260_182_287,1,1,0.303853,0.541583,0.027576,0.061641,0.019262,0.027753,0.01833
5178_259_542_651,5,1,0.143553,0.466089,0.117219,0.00491,0.029692,0.225896,0.012641
5178_260_1122_1147,6,1,0.046505,0.477334,0.117195,0.014308,0.102246,0.183911,0.058501
5178_259_328_447,5,5,0.012425,0.148963,0.082662,0.026616,0.015143,0.680451,0.03374
5178_260_1859_1908,3,1,0.097635,0.62227,0.033804,0.107615,0.019971,0.033717,0.084988
5178_260_680_792,5,0,0.338296,0.297893,0.095963,0.020122,0.024246,0.20872,0.01476
5178_260_1368_1454,1,3,0.011857,0.244466,0.037548,0.510537,0.018543,0.082205,0.094844
5178_260_978_1016,5,5,0.038178,0.327065,0.049224,0.011748,0.024682,0.494147,0.054956
5178_259_1060_1100,5,5,0.025436,0.269182,0.152684,0.006464,0.078752,0.410224,0.057259
5178_260_484_519,5,1,0.055117,0.528907,0.081079,0.021356,0.033362,0.259036,0.021143
5178_259_904_919,5,5,0.029538,0.24901,0.061369,0.006056,0.021792,0.576305,0.05593
5182_259_31_373,3,1,0.045904,0.622354,0.026417,0.069308,0.092271,0.077271,0.066474
5182_260_1008_1311,4,1,0.020967,0.253113,0.194009,0.045323,0.185998,0.080707,0.219884
5182_259_1915_2099,4,3,0.010239,0.116704,0.075056,0.288881,0.196033,0.080081,0.233006
5182_260_1679_1872,3,3,0.010208,0.08421,0.05739,0.548068,0.029184,0.026706,0.244234
5182_259_1312_1673,4,1,0.020895,0.509219,0.100398,0.067541,0.050342,0.158191,0.093414
5182_259_941_1004,5,2,0.013504,0.068067,0.326159,0.059226,0.097381,0.155564,0.280098
5182_259_526_690,3,3,0.007015,0.046063,0.016119,0.633941,0.04394,0.093285,0.159638
5182_260_387_506,4,3,0.014514,0.206133,0.049403,0.478986,0.054855,0.043877,0.152233
5182_260_802_919,3,6,0.018441,0.100917,0.044946,0.332356,0.015752,0.055824,0.431765
5182_260_2125_2146,3,3,0.014295,0.040115,0.021125,0.542139,0.020585,0.035756,0.325984
5182_260_715_753,4,3,0.030879,0.125658,0.06212,0.49599,0.032161,0.11751,0.135682
5182_259_774_789,5,5,0.006655,0.061839,0.096761,0.006931,0.014844,0.775225,0.037746
5183_259_31_202,3,3,0.011528,0.026114,0.018295,0.787619,0.043711,0.048731,0.064002
5183_259_1213_1355,5,5,0.005976,0.068812,0.093195,0.135947,0.031171,0.354846,0.310054
5183_260_2038_2118,3,1,0.009355,0.302898,0.154114,0.091595,0.089247,0.176153,0.176637
5183_260_1077_1194,4,1,0.018947,0.281709,0.19907,0.10823,0.188671,0.042674,0.160699
5183_259_1424_1747,3,1,0.035941,0.532715,0.080175,0.05746,0.025001,0.231083,0.037624
5183_260_203_353,3,3,0.013776,0.029984,0.02031,0.691493,0.037393,0.058672,0.14837
5183_260_1789_1828,3,3,0.021232,0.108921,0.023861,0.596667,0.010704,0.191385,0.04723
5183_259_740_1075,4,4,0.017903,0.375664,0.047361,0.076674,0.398609,0.025128,0.058661
5183_260_586_702,4,1,0.049115,0.382807,0.096557,0.053507,0.326939,0.013476,0.077599
5183_260_466_526,4,1,0.070921,0.411208,0.019934,0.332335,0.07721,0.023013,0.065379
5183_259_1842_2033,5,1,0.060042,0.659648,0.093136,0.040883,0.07632,0.02176,0.048212
5183_259_354_431,3,3,0.007635,0.007936,0.010974,0.923129,0.007712,0.032118,0.010495
5183_260_1375_1395,5,5,0.011237,0.048237,0.061076,0.026317,0.012234,0.44506,0.39584
5183_259_560_566,5,5,0.014896,0.094454,0.168218,0.078631,0.09121,0.339365,0.213225
5186_259_31_263,0,1,0.142818,0.711913,0.027346,0.007565,0.067402,0.025161,0.017793
5186_260_1275_1639,0,0,0.751919,0.159176,0.016895,0.013741,0.011805,0.035157,0.011306
5186_259_1671_1787,4,1,0.134686,0.710051,0.034403,0.003475,0.051488,0.053635,0.012262
5186_260_1789_2033,0,0,0.479074,0.345381,0.033968,0.018501,0.01928,0.082023,0.021772
5186_259_2081_2452,4,1,0.271397,0.637598,0.018615,0.004618,0.023315,0.037838,0.00662
5186_260_933_1173,0,0,0.748766,0.186967,0.016977,0.008094,0.014048,0.01512,0.010028
5186_260_318_399,4,1,0.263525,0.642102,0.016662,0.015351,0.022766,0.014433,0.025162
5186_260_601_824,4,4,0.012999,0.123889,0.151048,0.059009,0.461906,0.02398,0.167168
5186_259_405_556,4,1,0.185242,0.66976,0.040557,0.00843,0.056418,0.02705,0.012543
5186_259_1199_1275,2,1,0.042333,0.506047,0.168532,0.003705,0.228156,0.025922,0.025304
5186_259_851_912,0,1,0.443904,0.45871,0.032094,0.004882,0.019766,0.035403,0.00524
5180_260_126_205,6,3,0.009206,0.048814,0.038061,0.685074,0.01582,0.030246,0.172778
5180_259_1247_1354,6,1,0.117597,0.582952,0.035045,0.071501,0.033728,0.026602,0.132574
5180_259_1878_2086,6,5,0.007515,0.238047,0.054944,0.046174,0.01977,0.49545,0.138099
5180_260_1183_1223,3,3,0.014652,0.094577,0.02408,0.667938,0.014565,0.017439,0.166749
5180_259_1553_1722,6,6,0.017494,0.21648,0.073609,0.157867,0.050513,0.212636,0.271402
5180_259_228_542,3,1,0.012585,0.338615,0.073731,0.162245,0.180967,0.065879,0.165978
5180_260_1726_1865,3,3,0.009958,0.048747,0.038991,0.79139,0.007321,0.019484,0.08411
5180_259_1461_1476,6,1,0.063144,0.263225,0.093151,0.094157,0.055383,0.214993,0.215947
5180_260_924_1014,3,3,0.015179,0.057959,0.008751,0.867017,0.004564,0.009937,0.036593
5180_260_584_704,6,5,0.021676,0.13986,0.05116,0.271149,0.037523,0.333105,0.145528
5180_259_1058_1140,3,3,0.039671,0.148654,0.01312,0.694119,0.027211,0.01152,0.065705
5180_259_31_102,6,1,0.014575,0.398109,0.085611,0.064754,0.085541,0.19937,0.15204
5180_260_1492_1531,6,3,0.028404,0.145764,0.02451,0.567335,0.009471,0.017496,0.207019
5180_259_779_910,4,1,0.01772,0.468259,0.054486,0.019038,0.071815,0.322334,0.046347
5180_260_1393_1455,6,5,0.069071,0.327606,0.080854,0.085594,0.037144,0.345831,0.053899
5187_260_31_371,0,0,0.522818,0.377252,0.015598,0.022156,0.019875,0.027192,0.015108
5187_260_1192_1585,4,1,0.048093,0.411666,0.119837,0.036898,0.310546,0.016282,0.056678
5187_259_1855_2071,4,1,0.062839,0.446879,0.059167,0.005281,0.394481,0.021178,0.010175
5187_259_1668_1691,4,4,0.003367,0.054992,0.311731,0.003231,0.61047,0.008825,0.007385
5187_260_927_975,1,1,0.044402,0.505424,0.036851,0.015202,0.374867,0.011507,0.011747
5187_260_521_755,0,0,0.716191,0.198317,0.021985,0.011212,0.013701,0.027524,0.01107
5187_260_1724_1764,4,6,0.019968,0.150312,0.086363,0.129308,0.165432,0.018773,0.429844
5187_259_1035_1058,4,1,0.021156,0.491052,0.137609,0.004225,0.290233,0.027829,0.027896
5187_259_452_487,4,4,0.009385,0.093286,0.314932,0.006302,0.537992,0.01604,0.022064
5187_259_812_887,4,4,0.008816,0.151943,0.158807,0.005834,0.646793,0.013762,0.014044
5189_260_120_208,5,6,0.007473,0.017331,0.036674,0.336838,0.009748,0.100272,0.491664
5189_259_1758_2084,4,4,0.027559,0.174908,0.065658,0.003956,0.703967,0.017443,0.006508
5189_259_1133_1277,4,4,0.00862,0.236579,0.13682,0.043176,0.291886,0.077275,0.205645
5189_260_1606_1717,3,1,0.062871,0.424392,0.041043,0.205088,0.071586,0.029077,0.165943
5189_259_210_387,4,4,0.01883,0.215706,0.039147,0.056889,0.594804,0.020896,0.053729
5189_260_1308_1498,3,3,0.008184,0.088357,0.034622,0.529565,0.017043,0.045961,0.276268
5189_259_729_1031,5,4,0.05991,0.260666,0.144577,0.013084,0.440814,0.069095,0.011854
5189_260_498_692,4,1,0.036833,0.312895,0.296285,0.09341,0.105872,0.091914,0.062791
5189_260_1033_1128,3,3,0.017158,0.138968,0.028331,0.661504,0.035623,0.015323,0.103093
5189_259_446_481,4,4,0.019971,0.158503,0.0949,0.040132,0.343102,0.077476,0.265917
5189_259_31_93,4,4,0.013319,0.42603,0.052707,0.00547,0.469704,0.010887,0.021883
5189_259_1503_1584,4,5,0.005785,0.124226,0.07919,0.020364,0.056528,0.640077,0.073831
5189_260_397_432,5,6,0.009497,0.019224,0.053586,0.331757,0.032904,0.05105,0.501983
5191_259_2456_2558,4,2,0.016225,0.141873,0.415799,0.004571,0.372847,0.032002,0.016683
5191_260_115_262,3,6,0.009467,0.051539,0.081892,0.140923,0.291379,0.056344,0.368456
5191_259_1262_1535,0,1,0.045091,0.615584,0.052078,0.006134,0.235822,0.033891,0.011401
5191_260_1134_1262,6,2,0.009514,0.183862,0.372256,0.05052,0.111298,0.144257,0.128293
5191_260_2558_2905,4,1,0.033069,0.355646,0.14708,0.068669,0.160056,0.049376,0.186103
5191_260_618_940,5,2,0.01185,0.193422,0.323514,0.143839,0.04807,0.21929,0.060015
5191_260_2005_2368,3,3,0.034587,0.197654,0.062476,0.536586,0.044309,0.061981,0.062407
5191_259_1065_1134,4,4,0.005665,0.134494,0.131689,0.005315,0.675724,0.020367,0.026746
5191_259_1726_1972,4,2,0.006241,0.048603,0.773236,0.002901,0.140314,0.022152,0.006554
5191_260_1535_1726,5,3,0.027971,0.208704,0.068221,0.573538,0.042924,0.025706,0.052935
5191_260_351_417,3,6,0.008387,0.042478,0.157163,0.071931,0.059105,0.112032,0.548903
5191_259_484_538,0,4,0.024462,0.221987,0.306252,0.009576,0.341655,0.03576,0.060307
5191_259_297_351,6,4,0.003528,0.111484,0.068964,0.030731,0.587515,0.011441,0.186336
5191_259_31_61,4,6,0.01647,0.084351,0.122079,0.059902,0.11177,0.115063,0.490364
5192_259_31_191,6,1,0.05901,0.618218,0.043195,0.004268,0.222254,0.022233,0.030822
5192_260_1236_1404,3,3,0.011061,0.010662,0.022324,0.86236,0.015359,0.010329,0.067905
5192_259_1178_1236,4,4,0.033014,0.360953,0.07307,0.021582,0.429661,0.011924,0.069796
5192_259_1577_1713,3,1,0.034861,0.446784,0.03927,0.142744,0.091713,0.154256,0.090371
5192_260_251_282,3,1,0.051188,0.554431,0.04753,0.090627,0.107774,0.021508,0.126943
5192_260_1435_1577,5,5,0.040564,0.244047,0.027017,0.192178,0.041116,0.398997,0.056081
5192_260_804_1028,3,1,0.041527,0.337242,0.130474,0.159338,0.234755,0.01857,0.078095
5192_260_423_630,3,1,0.063036,0.389864,0.189822,0.037453,0.262418,0.032648,0.024759
5192_259_630_732,4,1,0.074195,0.437586,0.115961,0.010896,0.334075,0.013873,0.013414
5192_259_1404_1435,3,5,0.025077,0.159723,0.088273,0.041986,0.052533,0.513631,0.118776
5192_259_392_423,4,4,0.012086,0.163288,0.0924,0.006623,0.695883,0.012119,0.017601
5193_260_81_292,6,6,0.009889,0.087813,0.031467,0.363924,0.084384,0.028645,0.393878
5193_260_1071_1459,3,3,0.017865,0.23203,0.048702,0.57392,0.025139,0.016005,0.08634
5193_259_1459_1722,6,1,0.033556,0.439721,0.061731,0.201252,0.093489,0.038915,0.131336
5193_260_1722_1869,3,3,0.009556,0.048051,0.039755,0.726856,0.026378,0.034676,0.114728
5193_260_791_975,5,6,0.012401,0.211012,0.206284,0.117239,0.046719,0.063925,0.34242
5193_260_467_621,6,1,0.048342,0.618514,0.05338,0.123714,0.047078,0.056412,0.05256
5193_259_292_351,5,5,0.017454,0.153888,0.077964,0.029742,0.018736,0.531077,0.171138
5193_259_621_791,1,1,0.016173,0.388389,0.037376,0.081653,0.330575,0.041366,0.104469
5193_259_975_1071,6,5,0.054681,0.379965,0.027148,0.082384,0.026302,0.388396,0.041124
5193_259_31_81,6,6,0.018531,0.114231,0.049271,0.060782,0.045392,0.097036,0.614758
5193_259_389_467,1,1,0.100128,0.68762,0.030203,0.035352,0.041497,0.08503,0.02017
5193_259_1869_2038,6,1,0.065531,0.380103,0.370123,0.013937,0.092989,0.040953,0.036365
5193_260_351_389,6,6,0.015611,0.14269,0.057215,0.139997,0.073727,0.132874,0.437886
5197_259_2397_2670,2,2,0.02457,0.28137,0.438198,0.012341,0.195236,0.026726,0.021559
5197_259_31_136,1,1,0.009183,0.253285,0.180056,0.059118,0.144138,0.200591,0.15363
5197_259_1811_2318,0,1,0.069371,0.516281,0.084458,0.010212,0.267201,0.017247,0.035231
5197_260_849_1267,0,1,0.152735,0.678283,0.024052,0.023249,0.037745,0.056273,0.027664
5197_259_1304_1712,2,1,0.023035,0.436667,0.055329,0.008223,0.430047,0.019742,0.026957
5197_260_151_293,4,1,0.03328,0.359626,0.033265,0.094193,0.061329,0.103998,0.314309
5197_259_333_596,4,1,0.062656,0.758883,0.049118,0.004416,0.092794,0.02359,0.008544
5197_260_2327_2383,1,1,0.197304,0.586243,0.036321,0.043018,0.012871,0.088877,0.035366
5197_260_1745_1781,1,5,0.009559,0.051848,0.063919,0.012121,0.00681,0.786593,0.06915
5197_260_607_646,1,1,0.055039,0.309662,0.091702,0.055528,0.021047,0.2343,0.232722
5197_259_677_829,0,1,0.039717,0.664255,0.033976,0.009072,0.220872,0.017884,0.014224
5194_259_31_170,4,2,0.022406,0.22853,0.306441,0.008622,0.295407,0.056979,0.081615
5194_260_1196_1316,5,5,0.020539,0.053268,0.014439,0.007285,0.004887,0.885789,0.013794
5194_259_826_1187,3,3,0.059639,0.3228,0.056893,0.329452,0.054908,0.05965,0.116659
5194_259_1667_1712,6,6,0.045185,0.194056,0.060312,0.23151,0.03416,0.179702,0.255076
5194_259_211_438,2,5,0.041324,0.366484,0.057627,0.003755,0.030214,0.491638,0.008959
5194_260_1717_1883,4,5,0.032615,0.330027,0.105335,0.083483,0.053681,0.334085,0.060773
5194_259_1317_1499,3,1,0.05735,0.599656,0.046888,0.026723,0.041292,0.174337,0.053754
5194_259_538_782,3,3,0.012568,0.159098,0.020813,0.347587,0.075773,0.336348,0.047813
5194_260_171_198,1,1,0.087719,0.432406,0.035488,0.090709,0.065925,0.014717,0.273036
5194_260_441_531,4,4,0.019705,0.325006,0.052198,0.019152,0.483682,0.07657,0.023686
5194_260_1502_1666,1,5,0.007049,0.244127,0.148453,0.141891,0.013316,0.251344,0.19382
5194_260_801_824,3,3,0.009098,0.021311,0.037641,0.807685,0.009745,0.052238,0.062283
5194_259_1884_1997,4,4,0.009999,0.297332,0.181804,0.006641,0.425756,0.067511,0.010957
5195_259_115_228,1,4,0.013788,0.2563,0.057239,0.026507,0.436719,0.015703,0.193743
5195_259_1249_1575,0,1,0.099132,0.769617,0.025022,0.004469,0.025177,0.068086,0.008497
5195_260_1059_1215,1,1,0.113847,0.715842,0.035785,0.064802,0.013239,0.028432,0.028053
5195_260_1580_1692,2,1,0.040497,0.419196,0.103037,0.285854,0.071309,0.018798,0.061308
5195_260_240_268,3,3,0.029062,0.090461,0.032415,0.593448,0.005319,0.217678,0.031617
5195_260_852_975,3,1,0.056595,0.523583,0.156704,0.130534,0.03206,0.043208,0.057316
5195_259_288_353,2,1,0.031096,0.537004,0.089863,0.009907,0.233726,0.021522,0.076881
5195_260_612_699,3,3,0.026909,0.190766,0.024661,0.55932,0.028817,0.014453,0.155073
5195_259_976_1058,3,1,0.169363,0.499211,0.084926,0.076565,0.012694,0.139176,0.018065
5195_259_465_552,3,1,0.030189,0.603498,0.027291,0.125757,0.133088,0.01606,0.064117
5195_260_31_96,3,6,0.014053,0.075022,0.065922,0.32469,0.017811,0.162982,0.33952
5195_259_713_850,3,5,0.019739,0.284413,0.095532,0.013596,0.048687,0.510912,0.027122
5195_260_358_414,3,3,0.039527,0.270241,0.034087,0.45907,0.008528,0.100689,0.087858
5200_259_1128_1313,4,4,0.019211,0.147101,0.106682,0.025195,0.623248,0.020384,0.058179
5200_260_1633_1718,2,1,0.035205,0.41958,0.169633,0.013489,0.146229,0.176076,0.039787
5200_259_207_368,6,4,0.013754,0.297266,0.105071,0.034884,0.424858,0.018716,0.105452
5200_259_1761_1867,4,4,0.007163,0.17529,0.065582,0.007664,0.697691,0.010508,0.036102
5200_259_1411_1598,1,1,0.032291,0.611903,0.034186,0.01226,0.2482,0.012109,0.04905
5200_259_778_934,6,1,0.023501,0.346718,0.137123,0.018038,0.313249,0.026974,0.134396
5200_260_950_1039,4,6,0.01988,0.147282,0.12383,0.094151,0.132674,0.018781,0.463402
5200_260_1342_1371,2,1,0.112401,0.472055,0.106263,0.016141,0.02558,0.242307,0.025253
5200_260_391_604,0,1,0.151148,0.521418,0.06289,0.035529,0.068034,0.08354,0.07744
5200_260_132_195,1,5,0.01727,0.063961,0.101704,0.200099,0.016377,0.466813,0.133776
5200_259_627_702,6,1,0.03339,0.739174,0.032645,0.011739,0.088264,0.018838,0.075951
5200_259_31_111,1,1,0.01829,0.335529,0.059058,0.009361,0.328843,0.013197,0.235721
5200_260_712_762,0,1,0.028363,0.564244,0.066818,0.029277,0.112625,0.050613,0.148061
5199_259_31_160,4,1,0.031574,0.459709,0.091552,0.01158,0.362247,0.026718,0.016619
5199_259_1211_1296,1,4,0.016135,0.352809,0.038891,0.017112,0.535831,0.020535,0.018687
5199_260_995_1184,1,1,0.114681,0.496049,0.067282,0.033292,0.041472,0.209447,0.037778
5199_259_1521_1800,2,1,0.058451,0.551671,0.03487,0.152833,0.041876,0.065976,0.094323
5199_260_175_300,3,1,0.123963,0.60665,0.043205,0.038997,0.01892,0.146615,0.021651
5199_260_1322_1500,3,1,0.070425,0.454443,0.04665,0.13197,0.076925,0.016724,0.202863
5199_260_507_617,3,3,0.044243,0.259454,0.028678,0.372481,0.032477,0.042441,0.220227
5199_259_308_504,1,1,0.064825,0.823993,0.030615,0.007914,0.023055,0.038684,0.010914
5199_259_631_654,1,5,0.022592,0.055696,0.040539,0.020966,0.017437,0.829327,0.013444
5199_260_658_833,3,1,0.269374,0.36384,0.032832,0.118866,0.016499,0.165268,0.03332
5199_259_1891_1957,4,1,0.0926,0.780112,0.016677,0.016568,0.04115,0.018972,0.033921
5199_260_1824_1870,4,1,0.083334,0.4329,0.049314,0.051129,0.011472,0.199367,0.172483
5199_259_857_926,0,1,0.072883,0.808351,0.029196,0.011089,0.046427,0.019805,0.012249
123_8_2371_2493,6,6,0.032858,0.231582,0.038998,0.159162,0.073962,0.017613,0.445825
123_8_78_219,6,5,0.011335,0.216761,0.113599,0.032763,0.068724,0.343961,0.212857
123_7_1200_1318,3,1,0.043856,0.273113,0.078595,0.168193,0.025032,0.229153,0.182059
123_8_1047_1199,1,2,0.05513,0.146747,0.35227,0.044052,0.107465,0.038787,0.25555
123_7_228_370,6,5,0.019386,0.094586,0.04471,0.028288,0.009938,0.76393,0.039162
123_7_2875_2961,1,5,0.005373,0.041778,0.024018,0.063572,0.011384,0.831829,0.022046
123_8_2634_2850,0,0,0.523418,0.281169,0.076899,0.012339,0.036731,0.047381,0.022064
123_7_1453_1667,3,3,0.087711,0.216274,0.034697,0.433188,0.051661,0.047373,0.129096
123_7_2502_2619,3,3,0.035791,0.093519,0.04598,0.381175,0.040744,0.067061,0.335729
123_7_871_1022,1,1,0.160814,0.308882,0.075745,0.079682,0.048909,0.256295,0.069674
123_8_1969_2171,0,5,0.21312,0.044648,0.022825,0.105121,0.021222,0.557901,0.035163
123_8_1673_1763,1,1,0.074808,0.532278,0.07418,0.151363,0.017885,0.067109,0.082377
123_8_598_850,1,0,0.412239,0.302491,0.051577,0.016429,0.065406,0.087233,0.064624
123_7_2198_2367,3,3,0.218192,0.18035,0.062774,0.245997,0.030755,0.147591,0.11434
123_7_1785_1968,6,3,0.037703,0.241022,0.022542,0.379759,0.014743,0.088659,0.215572
123_8_1352_1430,1,1,0.144431,0.437802,0.097042,0.032207,0.100916,0.106557,0.081045
123_8_2962_3023,0,0,0.692907,0.175319,0.053367,0.014991,0.011087,0.028884,0.023446
123_7_487_584,6,1,0.031865,0.56055,0.130772,0.053623,0.041013,0.04829,0.133888
123_8_381_477,1,5,0.015035,0.103846,0.054549,0.067194,0.036451,0.666627,0.056299
123_7_31_73,6,5,0.015948,0.055086,0.032795,0.044874,0.020447,0.698612,0.132237
130_8_127_246,5,5,0.00314,0.010742,0.011787,0.008115,0.003837,0.925498,0.036882
130_8_1238_1363,2,6,0.013484,0.089096,0.188943,0.101734,0.045165,0.193449,0.36813
130_8_1996_2190,3,3,0.026743,0.027756,0.026673,0.789948,0.01085,0.047537,0.070494
130_7_1101_1238,6,3,0.014967,0.033587,0.022115,0.441747,0.025733,0.034491,0.42736
130_7_1658_1762,1,4,0.019608,0.271805,0.118247,0.025034,0.385873,0.041015,0.138419
130_7_246_353,6,3,0.011744,0.010582,0.011396,0.761919,0.011679,0.054109,0.138571
130_8_1769_1909,2,3,0.02244,0.035335,0.030169,0.736314,0.038822,0.052468,0.084452
130_7_1398_1486,2,1,0.063736,0.531453,0.08743,0.022742,0.18464,0.032447,0.077551
130_7_2191_2294,3,3,0.010099,0.017973,0.019452,0.614954,0.02302,0.074096,0.240405
130_7_31_126,3,3,0.006403,0.004947,0.017054,0.827005,0.011747,0.048769,0.084076
130_7_836_1005,1,1,0.072078,0.340208,0.054841,0.053809,0.233568,0.185095,0.060402
130_8_2305_2427,3,3,0.017696,0.041503,0.017632,0.84013,0.011459,0.017723,0.053856
130_7_599_727,1,4,0.025185,0.204942,0.078651,0.130297,0.364573,0.024523,0.171829
130_8_1010_1100,1,3,0.01709,0.038894,0.014963,0.749327,0.017655,0.034519,0.127553
130_7_410_499,6,6,0.027297,0.113046,0.044121,0.166959,0.07163,0.064939,0.51201
130_8_1495_1653,2,3,0.027969,0.056136,0.024453,0.67167,0.020093,0.107495,0.092184
130_8_727_833,3,3,0.010426,0.002919,0.007656,0.928146,0.004185,0.043686,0.002982
130_8_359_405,3,3,0.014005,0.022879,0.010239,0.850225,0.00418,0.066663,0.03181
130_7_1910_1996,6,1,0.029073,0.385913,0.064438,0.123411,0.155066,0.016873,0.225226
130_8_508_590,5,3,0.011407,0.013329,0.017179,0.649998,0.010322,0.163744,0.134022
132_7_31_139,6,6,0.011826,0.085548,0.132698,0.021577,0.095496,0.103991,0.548863
132_7_1231_1373,3,5,0.01177,0.080364,0.064371,0.267029,0.020288,0.360965,0.195213
132_8_1925_2088,6,1,0.15758,0.397817,0.054027,0.1844,0.012806,0.165047,0.028321
132_8_1605_1775,1,1,0.199646,0.293185,0.167172,0.01857,0.045175,0.197455,0.078796
132_7_1784_1925,1,1,0.043859,0.439711,0.123773,0.028349,0.130716,0.066056,0.167536
132_8_1387_1539,6,3,0.009044,0.038906,0.035347,0.705688,0.00668,0.14672,0.057614
132_8_807_929,6,5,0.009652,0.048759,0.016367,0.006147,0.008678,0.85039,0.060008
132_7_951_1086,1,1,0.042109,0.328203,0.255435,0.015285,0.278974,0.052902,0.027093
132_8_146_229,6,5,0.008414,0.022021,0.009502,0.015518,0.00461,0.907303,0.032632
132_8_1102_1182,6,6,0.024459,0.157322,0.062336,0.25358,0.031442,0.155656,0.315204
132_7_256_405,4,1,0.021231,0.393683,0.120828,0.018702,0.165837,0.134611,0.145107
132_7_593_769,6,6,0.034025,0.246924,0.065994,0.15969,0.045541,0.087653,0.360173
132_8_426_550,1,6,0.048903,0.181103,0.024918,0.102568,0.031126,0.030876,0.580506
132_7_2097_2212,1,4,0.008181,0.13001,0.120932,0.019463,0.467688,0.022809,0.230918
132_7_1545_1595,5,5,0.00336,0.037084,0.023642,0.009383,0.004803,0.862965,0.058761
132_8_2222_2298,6,6,0.035923,0.232409,0.092026,0.071167,0.067949,0.047658,0.452868
136_8_120_170,5,5,0.020053,0.074726,0.108681,0.10938,0.011037,0.518914,0.15721
136_7_1171_1329,6,1,0.035579,0.453542,0.102966,0.054256,0.066686,0.149843,0.137128
136_7_1528_1746,3,2,0.01128,0.139928,0.262704,0.258308,0.041611,0.189612,0.096557
136_8_243_297,6,1,0.055548,0.4148,0.200406,0.026971,0.035507,0.248716,0.018052
136_8_1755_1873,3,3,0.010346,0.024952,0.023114,0.862076,0.01976,0.024227,0.035526
136_8_1360_1506,4,3,0.006231,0.092649,0.048396,0.338729,0.008851,0.326663,0.178483
136_7_825_1000,6,1,0.027224,0.541287,0.151066,0.020218,0.048356,0.168428,0.043421
136_7_185_223,5,5,0.012466,0.089785,0.197349,0.006909,0.009969,0.667416,0.016106
136_8_513_699,1,5,0.005349,0.100259,0.07591,0.0372,0.030347,0.726278,0.024657
136_8_1003_1169,4,5,0.007733,0.094853,0.028295,0.056202,0.028666,0.758822,0.02543
136_7_297_488,5,1,0.012863,0.434,0.309615,0.008303,0.131273,0.074375,0.029572
136_7_31_117,6,5,0.005258,0.097235,0.13477,0.018171,0.014762,0.471427,0.258376
136_7_1888_1978,3,3,0.009514,0.011358,0.025882,0.825244,0.009544,0.036016,0.082443
136_7_699_753,5,5,0.014058,0.057791,0.117061,0.105129,0.012035,0.652857,0.041069
136_8_769_820,5,5,0.040159,0.165765,0.085301,0.062245,0.014458,0.599738,0.032334
137_7_2391_2507,6,3,0.008991,0.04787,0.065332,0.529896,0.014907,0.214516,0.118487
137_8_1031_1328,3,3,0.014706,0.04609,0.039102,0.681136,0.011155,0.037122,0.17069
137_7_212_302,6,2,0.007721,0.207905,0.423803,0.061249,0.031154,0.149079,0.119089
137_8_2864_3077,3,3,0.0245,0.016399,0.038286,0.826522,0.009991,0.027671,0.056631
137_7_2703_2858,6,6,0.004652,0.203037,0.172726,0.040797,0.107195,0.149386,0.322208
137_7_1328_1596,5,1,0.012995,0.213246,0.173667,0.207571,0.096971,0.100487,0.195064
137_8_3472_3576,3,3,0.010042,0.007814,0.017113,0.925451,0.008667,0.010255,0.020657
137_7_3090_3224,6,6,0.027879,0.201676,0.074313,0.063602,0.054684,0.103061,0.474785
137_8_3230_3323,6,3,0.012933,0.017682,0.047854,0.738097,0.007558,0.05196,0.123917
137_8_2507_2702,6,3,0.017873,0.013889,0.022468,0.781377,0.006914,0.042121,0.115358
137_7_923_1031,5,1,0.034986,0.62529,0.107606,0.012126,0.016744,0.120258,0.082991
137_7_3324_3472,3,3,0.011095,0.013413,0.026209,0.870414,0.008295,0.026483,0.044091
137_8_131_205,3,3,0.00909,0.008134,0.013307,0.738599,0.004497,0.154557,0.071816
137_8_1973_2164,3,3,0.010565,0.013206,0.0188,0.889207,0.00529,0.013717,0.049215
137_8_1596_1844,6,3,0.01242,0.010074,0.033347,0.869043,0.011782,0.023535,0.039799
137_7_583_672,5,2,0.006817,0.115441,0.44271,0.029123,0.104958,0.117216,0.183735
137_8_2280_2391,6,3,0.017934,0.008245,0.015347,0.889144,0.007232,0.024718,0.037381
137_7_2165_2279,5,2,0.006176,0.048674,0.428528,0.137791,0.019211,0.235834,0.123786
137_7_1859_1973,5,5,0.007306,0.083824,0.046941,0.041052,0.009546,0.678662,0.132669
137_7_79_119,6,3,0.011061,0.006704,0.013332,0.890389,0.004309,0.053838,0.020367
137_8_675_891,3,3,0.011005,0.012224,0.031209,0.872158,0.006216,0.017158,0.05003
137_8_308_564,3,3,0.008701,0.006126,0.016207,0.91627,0.007968,0.021575,0.023153
137_8_31_78,3,3,0.010571,0.003022,0.009353,0.925705,0.00337,0.036145,0.011834
201_12_1205_1249,3,3,0.021623,0.061543,0.024994,0.62911,0.016161,0.01613,0.230438
201_12_93_238,3,5,0.009531,0.029808,0.123271,0.222801,0.047752,0.537544,0.029294
201_11_1138_1204,3,6,0.051288,0.231892,0.230741,0.064547,0.039525,0.036277,0.345731
201_11_795_935,6,3,0.018311,0.072061,0.034364,0.594109,0.025784,0.040846,0.214525
201_11_31_93,3,3,0.034932,0.123531,0.198091,0.288826,0.021065,0.046018,0.287537
201_12_937_1010,3,3,0.011386,0.022758,0.015153,0.80817,0.028464,0.035876,0.078192
201_12_645_779,6,3,0.010886,0.023431,0.023857,0.711014,0.032016,0.013139,0.185656
201_11_238_395,3,5,0.115928,0.212735,0.058746,0.208789,0.032855,0.225183,0.145764
201_11_1024_1057,6,1,0.071921,0.266529,0.154397,0.065525,0.019088,0.199587,0.222953
201_12_403_461,3,6,0.011684,0.094327,0.089265,0.297105,0.176952,0.013542,0.317124
201_11_579_644,5,3,0.015146,0.024843,0.029959,0.55365,0.012403,0.228679,0.135319
201_12_1057_1093,3,3,0.019439,0.048852,0.027228,0.497221,0.01982,0.016093,0.371347
201_11_465_504,3,3,0.022352,0.028121,0.024498,0.71362,0.025964,0.056405,0.129041
201_12_504_571,3,3,0.013549,0.015302,0.00939,0.839153,0.012724,0.030791,0.079091
202_12_1282_1320,5,5,0.041117,0.104831,0.041873,0.042369,0.031839,0.670907,0.067065
202_12_944_1210,6,3,0.040958,0.130551,0.048747,0.40184,0.063483,0.078155,0.236266
202_11_1631_1734,3,3,0.026785,0.03613,0.04776,0.53935,0.276549,0.045746,0.02768
202_11_195_261,1,0,0.464913,0.214038,0.030721,0.096554,0.011755,0.052919,0.129101
202_12_1399_1601,6,1,0.163448,0.500785,0.047139,0.105413,0.059378,0.03088,0.092956
202_11_611_944,2,1,0.252786,0.349772,0.16419,0.04276,0.085475,0.075993,0.029024
202_11_1324_1398,6,1,0.25314,0.442324,0.029073,0.170581,0.021245,0.046838,0.036799
202_12_571_609,6,6,0.052326,0.244496,0.099924,0.113549,0.176978,0.026412,0.286315
202_12_155_191,6,5,0.011696,0.051924,0.029593,0.043326,0.015763,0.757159,0.09054
202_11_312_406,1,1,0.276898,0.498743,0.023432,0.086935,0.008546,0.060745,0.044702
202_12_431_489,1,3,0.05655,0.21799,0.089351,0.258032,0.017807,0.186698,0.173571
202_11_31_116,1,0,0.725752,0.091405,0.027621,0.068915,0.006638,0.061218,0.018452
202_11_1223_1274,6,0,0.546497,0.227702,0.029423,0.070013,0.012334,0.067395,0.046636
202_11_489_570,1,3,0.126314,0.299509,0.018819,0.402556,0.01268,0.055923,0.084199
202_12_265_311,6,5,0.009327,0.049876,0.022035,0.021663,0.005711,0.867551,0.023836
205_12_1262_1308,0,0,0.801948,0.096253,0.024094,0.013009,0.011439,0.042622,0.010637
205_11_1095_1230,0,0,0.671238,0.264548,0.014042,0.019248,0.009922,0.008731,0.012271
205_12_243_389,3,3,0.00626,0.023831,0.016493,0.518075,0.012604,0.41034,0.012397
205_11_844_939,1,0,0.620948,0.245204,0.034664,0.027967,0.021836,0.02988,0.019502
205_12_942_1091,1,1,0.10346,0.609212,0.040423,0.056367,0.054471,0.094965,0.041101
205_11_197_243,1,1,0.198634,0.319353,0.040314,0.129463,0.005465,0.240264,0.066507
205_11_1308_1390,0,0,0.832008,0.114775,0.01346,0.009518,0.004916,0.017884,0.007439
205_11_535_687,1,1,0.125156,0.532693,0.042816,0.158537,0.025465,0.053377,0.061955
205_12_160_187,6,3,0.029323,0.075041,0.047217,0.496494,0.020231,0.169609,0.162085
205_12_451_485,3,3,0.022592,0.049308,0.01584,0.825749,0.004956,0.061634,0.019921
205_11_31_90,0,0,0.649866,0.073893,0.037855,0.158689,0.009443,0.045536,0.024718
205_11_396_451,2,5,0.015269,0.03444,0.01691,0.056414,0.004783,0.830675,0.041509
205_11_1470_1517,1,0,0.715226,0.190296,0.01636,0.031809,0.003098,0.030467,0.012744
205_12_687_844,3,3,0.027801,0.136276,0.013105,0.640156,0.024274,0.026207,0.132181
205_12_1396_1460,1,0,0.813986,0.140317,0.012747,0.005358,0.008649,0.013536,0.005408
209_12_1211_1595,3,3,0.01291,0.020957,0.016352,0.869319,0.016106,0.021641,0.042715
209_11_1042_1211,1,1,0.335648,0.350528,0.025927,0.101725,0.012389,0.152375,0.021408
209_11_1595_1691,1,4,0.023526,0.340441,0.074858,0.033697,0.463999,0.028788,0.034691
209_12_204_365,6,3,0.014029,0.12038,0.025562,0.669688,0.014149,0.095701,0.060491
209_11_1748_1803,0,0,0.571556,0.284549,0.033684,0.038099,0.014257,0.032925,0.024931
209_12_897_960,6,5,0.015095,0.155142,0.034932,0.185813,0.053605,0.363708,0.191706
209_11_155_204,6,1,0.211597,0.709978,0.01227,0.025471,0.011556,0.018553,0.010576
209_11_552_658,1,1,0.270531,0.58704,0.018056,0.04383,0.014456,0.054005,0.012082
209_12_1010_1042,6,5,0.032998,0.250067,0.148677,0.059534,0.075617,0.266647,0.16646
209_11_410_506,6,1,0.050567,0.495916,0.044162,0.097761,0.081846,0.184431,0.045317
209_12_31_106,3,6,0.008425,0.036799,0.030884,0.295046,0.020662,0.096944,0.51124
209_12_744_843,6,3,0.027095,0.132136,0.033854,0.614123,0.025537,0.082102,0.085152
209_12_658_704,3,5,0.026115,0.180865,0.185799,0.047532,0.146671,0.310491,0.102526
209_11_704_744,1,5,0.134262,0.196796,0.029788,0.021171,0.010373,0.544671,0.062939
209_12_1691_1748,6,3,0.035021,0.275631,0.026003,0.450981,0.065135,0.019687,0.127542
209_12_506_552,1,1,0.093821,0.568979,0.028072,0.022413,0.016233,0.240171,0.030311
209_11_960_1010,5,5,0.321337,0.095666,0.025087,0.057775,0.00984,0.465774,0.024521
209_11_882_897,1,5,0.027359,0.135788,0.047582,0.039057,0.026931,0.489864,0.233419
366_20_1116_1244,1,1,0.136965,0.583526,0.059229,0.035713,0.057373,0.096945,0.030249
366_20_108_230,3,3,0.034338,0.132425,0.018973,0.396363,0.066428,0.0524,0.299073
366_19_1258_1290,3,6,0.027348,0.054851,0.023172,0.37629,0.016944,0.017393,0.484002
366_19_779_827,3,5,0.025398,0.08912,0.042009,0.03616,0.009762,0.585439,0.212111
366_19_31_106,3,3,0.024549,0.07824,0.041314,0.528707,0.037229,0.063519,0.226442
366_20_832_1049,3,3,0.008988,0.029205,0.018556,0.685515,0.06337,0.10429,0.090075
366_20_685_773,1,1,0.041922,0.379059,0.045308,0.204696,0.135137,0.090995,0.102881
366_19_246_306,3,6,0.024202,0.114771,0.0331,0.246241,0.060299,0.014445,0.506942
366_20_318_545,2,5,0.035799,0.095769,0.03235,0.290818,0.082903,0.392633,0.069728
366_19_553_676,3,3,0.013649,0.073508,0.027749,0.44221,0.024058,0.058834,0.359992
366_19_1059_1101,2,3,0.035742,0.206114,0.077877,0.265126,0.0238,0.162172,0.229168
372_19_126_179,3,6,0.019556,0.087444,0.022022,0.17513,0.046396,0.02759,0.621861
372_20_1141_1182,6,6,0.088365,0.256968,0.062209,0.185962,0.095813,0.03134,0.279342
372_19_631_823,1,1,0.085313,0.511714,0.031426,0.043491,0.25268,0.01749,0.057885
372_20_31_112,5,6,0.019142,0.089806,0.073894,0.076586,0.037503,0.287948,0.415119
372_20_962_1040,6,3,0.040717,0.135331,0.036137,0.404993,0.093667,0.108797,0.180357
372_20_186_263,5,3,0.019101,0.049955,0.027378,0.663742,0.047622,0.157847,0.034356
372_19_277_419,3,1,0.19298,0.516553,0.040273,0.131548,0.034018,0.046347,0.03828
372_19_885_949,6,3,0.166456,0.285808,0.06057,0.294077,0.044871,0.044671,0.103547
372_20_435_611,6,1,0.151005,0.695466,0.016617,0.028186,0.047272,0.0434,0.018054
372_19_1048_1117,3,3,0.042724,0.08298,0.020732,0.574921,0.014706,0.125395,0.138542
372_20_836_876,1,3,0.029734,0.225793,0.028654,0.470604,0.125522,0.035038,0.084654
377_19_31_158,6,3,0.02159,0.041898,0.054601,0.572607,0.026322,0.083931,0.19905
377_19_1296_1445,3,1,0.071764,0.366021,0.062244,0.130001,0.057804,0.177548,0.134618
377_20_1101_1275,5,5,0.019006,0.170174,0.041751,0.015778,0.186634,0.527249,0.039409
377_20_184_311,1,1,0.194549,0.48308,0.039595,0.047385,0.105296,0.092064,0.038032
377_20_1461_1593,6,5,0.026342,0.260664,0.061007,0.070196,0.130498,0.433556,0.017737
377_19_880_1087,3,3,0.010853,0.01433,0.012654,0.836182,0.019268,0.015918,0.090796
377_19_548_636,6,6,0.023694,0.077654,0.093305,0.112929,0.134751,0.055142,0.502526
377_20_445_529,6,4,0.035275,0.221211,0.050914,0.151924,0.273413,0.121898,0.145365
377_20_652_865,5,5,0.007852,0.060299,0.017036,0.095781,0.074829,0.711922,0.03228
377_19_335_425,6,1,0.135296,0.341585,0.032849,0.128241,0.040053,0.051711,0.270264
383_19_31_144,3,5,0.009522,0.077018,0.065363,0.130099,0.051251,0.384482,0.282266
383_19_1270_1431,4,1,0.007743,0.282724,0.280863,0.012244,0.105513,0.209723,0.10119
383_19_1570_1749,6,6,0.002537,0.166747,0.222535,0.021146,0.13685,0.041717,0.408469
383_20_161_350,6,5,0.001972,0.06206,0.034277,0.014545,0.039517,0.807105,0.040524
383_19_1815_1880,3,6,0.043299,0.262729,0.05138,0.098001,0.046245,0.011994,0.486352
383_20_1444_1544,6,1,0.020757,0.342335,0.157707,0.029523,0.263889,0.119922,0.065867
383_19_904_1174,1,1,0.031323,0.488969,0.065158,0.031199,0.191035,0.028142,0.164174
383_20_571_888,1,1,0.138891,0.613977,0.028637,0.041581,0.105324,0.052984,0.018605
383_20_1756_1790,6,4,0.015638,0.12958,0.053656,0.02878,0.617797,0.019992,0.134559
383_19_381_554,6,1,0.033963,0.496994,0.0865,0.038767,0.145773,0.088261,0.10974
383_20_1191_1256,6,5,0.015168,0.112926,0.168022,0.084215,0.160351,0.272164,0.187155
383_20_1896_2015,3,3,0.007835,0.02852,0.019885,0.601295,0.037765,0.044719,0.259982
390_20_1096_1275,3,3,0.014886,0.037365,0.020361,0.705339,0.026092,0.12425,0.071707
390_20_1399_1696,3,3,0.028686,0.053277,0.011005,0.592598,0.024051,0.224227,0.066156
390_19_143_285,3,6,0.016227,0.167556,0.042314,0.162014,0.06405,0.032407,0.515431
390_19_1726_1810,3,1,0.055673,0.749663,0.039062,0.061191,0.042389,0.017434,0.034589
390_20_763_977,3,3,0.008513,0.011183,0.01043,0.806153,0.02589,0.120673,0.017158
390_19_1297_1375,3,1,0.132226,0.426852,0.024975,0.303764,0.019816,0.04863,0.043737
390_20_563_634,6,1,0.049137,0.315793,0.058547,0.231447,0.124359,0.037082,0.183635
390_20_300_368,6,6,0.010328,0.073414,0.04214,0.163299,0.1508,0.050351,0.509668
390_19_1007_1080,0,3,0.077854,0.236788,0.033164,0.472259,0.048478,0.067932,0.063524
390_19_397_546,1,6,0.012432,0.07705,0.095663,0.171802,0.072315,0.046772,0.523966
390_20_31_115,3,3,0.005396,0.011837,0.01538,0.617322,0.01242,0.019532,0.318113
390_19_678_756,3,3,0.012245,0.054261,0.017917,0.578595,0.024476,0.017802,0.294703
392_20_126_321,5,3,0.017819,0.120051,0.087695,0.524825,0.046398,0.11598,0.087233
392_20_1117_1330,3,1,0.070492,0.360822,0.032016,0.265732,0.119141,0.097676,0.054121
392_20_1446_1582,3,3,0.018797,0.033076,0.016952,0.824502,0.022725,0.05183,0.032118
392_19_866_1107,3,3,0.14165,0.202826,0.047766,0.354928,0.051391,0.152443,0.048995
392_19_1346_1445,3,3,0.011318,0.019623,0.014546,0.805804,0.015634,0.122247,0.010828
392_19_599_754,3,1,0.143678,0.38452,0.030886,0.268054,0.079001,0.050465,0.043397
392_20_459_569,1,5,0.032412,0.358483,0.044393,0.071509,0.018747,0.415439,0.059017
392_19_31_110,3,3,0.011957,0.009038,0.013448,0.845886,0.009426,0.093881,0.016363
392_19_347_452,3,3,0.047166,0.314787,0.01955,0.435386,0.063539,0.072723,0.04685
392_20_769_815,1,1,0.262912,0.561065,0.027065,0.05862,0.019094,0.045708,0.025536
396_19_31_153,3,5,0.016253,0.075636,0.083997,0.21522,0.014886,0.410378,0.183629
396_19_1295_1390,4,1,0.014534,0.347741,0.198692,0.056592,0.112942,0.011906,0.257593
396_20_1156_1285,5,2,0.019962,0.108168,0.497827,0.053431,0.124682,0.173656,0.022274
396_20_173_377,3,3,0.027714,0.137569,0.062503,0.410108,0.176543,0.047969,0.137595
396_20_1396_1666,4,4,0.029087,0.171847,0.124488,0.12451,0.417501,0.02661,0.105957
396_20_810_988,4,6,0.054143,0.18833,0.056595,0.265907,0.146645,0.019216,0.269163
396_20_540_643,4,1,0.082744,0.400364,0.073246,0.02671,0.344933,0.016733,0.055271
396_19_1001_1147,1,5,0.017233,0.069868,0.196841,0.106597,0.13373,0.309065,0.166665
396_19_385_524,3,3,0.009541,0.020733,0.017602,0.691359,0.028819,0.180701,0.051245
396_19_670_801,3,1,0.078288,0.536927,0.061565,0.017275,0.194007,0.022707,0.089231
618_31_1247_1449,5,5,0.009358,0.020925,0.022543,0.335039,0.009927,0.505087,0.097122
618_32_1067_1241,6,5,0.006776,0.060647,0.058798,0.029827,0.026644,0.591579,0.22573
618_31_2514_2703,3,3,0.011596,0.009694,0.015419,0.754266,0.008215,0.030755,0.170056
618_31_920_980,1,6,0.051548,0.170801,0.03211,0.235629,0.074119,0.028019,0.407775
618_32_137_254,5,5,0.008145,0.035797,0.126638,0.023327,0.015162,0.462076,0.328856
618_31_1809_2334,6,6,0.027717,0.04991,0.025738,0.408991,0.027112,0.04011,0.420422
618_32_1570_1807,5,3,0.012743,0.034028,0.043491,0.377016,0.031469,0.240253,0.261
618_32_540_890,6,3,0.019714,0.086115,0.207248,0.28238,0.200044,0.080286,0.124214
618_32_2372_2477,6,6,0.02984,0.071403,0.049852,0.0985,0.07198,0.058465,0.619959
618_31_273_526,6,3,0.015366,0.054337,0.094162,0.450096,0.178916,0.114195,0.092928
618_31_31_107,6,5,0.003571,0.033672,0.278055,0.01659,0.026097,0.418132,0.223884
618_32_2730_2745,3,3,0.024098,0.028213,0.049847,0.692807,0.047928,0.027977,0.12913
624_31_31_244,2,4,0.027348,0.182492,0.071908,0.074462,0.548794,0.050773,0.044223
624_32_1048_1434,6,1,0.069637,0.34356,0.209186,0.021737,0.117126,0.151105,0.08765
624_31_2047_2116,1,1,0.077976,0.388886,0.068046,0.057157,0.045668,0.175084,0.187183
624_31_1480_1733,1,1,0.131063,0.401587,0.071105,0.025654,0.142426,0.188427,0.039739
624_32_1772_2031,0,1,0.279972,0.604132,0.01465,0.023843,0.03732,0.012018,0.028065
624_32_2132_2349,1,1,0.308047,0.335067,0.150782,0.034987,0.076478,0.030274,0.064365
624_32_691_965,1,4,0.040135,0.346065,0.110079,0.020803,0.375893,0.035718,0.071307
624_31_414_676,6,1,0.043721,0.509986,0.077507,0.037793,0.177406,0.046087,0.1075
624_32_268_397,6,6,0.025913,0.187379,0.239207,0.013875,0.114828,0.095436,0.323362
624_31_990_1031,1,1,0.058534,0.647013,0.06409,0.021931,0.13632,0.026226,0.045886
628_31_31_164,5,3,0.030121,0.027654,0.017298,0.467103,0.00918,0.398794,0.04985
628_32_1125_1364,6,6,0.013575,0.04066,0.047559,0.392214,0.022263,0.008931,0.474799
628_32_1973_2048,6,3,0.017066,0.013932,0.019469,0.790665,0.005407,0.106985,0.046476
628_32_1619_1815,6,3,0.047352,0.085067,0.01494,0.726126,0.022939,0.047573,0.056004
628_32_170_329,3,3,0.01464,0.02437,0.032247,0.710843,0.017444,0.027677,0.172779
628_31_1364_1618,1,3,0.04323,0.100799,0.08331,0.472524,0.078132,0.145104,0.076902
628_31_878_1074,6,3,0.007273,0.043168,0.014389,0.678801,0.011843,0.021085,0.223441
628_31_331_705,3,1,0.095098,0.395522,0.050216,0.087187,0.242434,0.047957,0.081586
628_32_713_852,6,3,0.015054,0.017089,0.014934,0.617438,0.042317,0.008493,0.284674
628_31_1852_1972,6,3,0.031215,0.031988,0.022531,0.747586,0.081915,0.011871,0.072895
630_32_118_234,5,5,0.091905,0.0917,0.032997,0.046151,0.011799,0.662135,0.063314
630_31_1024_1352,6,6,0.023855,0.128089,0.038618,0.158086,0.121852,0.017239,0.512262
630_32_1856_2206,3,3,0.016621,0.053732,0.019241,0.534923,0.018537,0.056548,0.300399
630_32_1353_1786,6,6,0.034987,0.266672,0.094036,0.095119,0.051056,0.150148,0.307984
630_31_1798_1856,6,6,0.02273,0.032922,0.016948,0.412109,0.019752,0.017717,0.477821
630_32_807_994,6,5,0.02046,0.235096,0.07909,0.055397,0.05048,0.506493,0.052985
630_31_522_807,1,4,0.032685,0.301935,0.107342,0.044675,0.377378,0.062793,0.073192
630_31_263_366,4,6,0.022861,0.150467,0.039877,0.157522,0.223548,0.012474,0.393251
630_32_374_496,5,0,0.573565,0.187104,0.021855,0.013444,0.016863,0.168363,0.018806
630_31_31_115,6,5,0.017577,0.03635,0.083223,0.174151,0.018218,0.380373,0.290108
633_32_2472_2897,1,1,0.162501,0.548014,0.062699,0.017316,0.118546,0.03622,0.054704
633_31_31_243,3,3,0.012096,0.006979,0.022542,0.80137,0.046485,0.047083,0.063446
633_32_956_1504,1,1,0.094506,0.592003,0.090912,0.016218,0.114399,0.02826,0.063703
633_32_245_586,6,4,0.014121,0.165875,0.149201,0.074866,0.295713,0.028577,0.271648
633_32_3044_3171,6,4,0.054808,0.337711,0.040575,0.014839,0.436845,0.008786,0.106435
633_31_2931_3022,4,2,0.016912,0.204107,0.320027,0.023299,0.303966,0.015044,0.116644
633_31_1558_1785,2,4,0.026947,0.211312,0.154984,0.02397,0.278539,0.085111,0.219136
633_31_620_916,6,2,0.013738,0.083134,0.427976,0.01321,0.349121,0.023317,0.089502
633_31_2264_2452,6,6,0.007984,0.079999,0.148722,0.076561,0.096483,0.095412,0.494839
633_32_1823_1982,1,1,0.050006,0.505376,0.07861,0.011958,0.241351,0.052897,0.059802
640_32_119_407,6,3,0.019306,0.128372,0.05196,0.547692,0.020783,0.030132,0.201756
640_31_1175_1431,5,5,0.015438,0.060934,0.102846,0.135112,0.070302,0.321133,0.294235
640_32_1969_2061,6,6,0.012176,0.096978,0.15522,0.169661,0.110272,0.008441,0.447252
640_31_1700_1949,5,3,0.008227,0.028405,0.029482,0.551636,0.016741,0.200073,0.165436
640_32_1449_1667,6,6,0.00876,0.12537,0.069773,0.104964,0.070114,0.025775,0.595244
640_31_2097_2258,6,6,0.021678,0.062575,0.10883,0.315637,0.051027,0.079554,0.360699
640_32_874_1135,3,3,0.010758,0.074091,0.030028,0.586816,0.014752,0.037542,0.246014
640_32_2274_2396,6,3,0.016889,0.079504,0.063634,0.475226,0.037701,0.055731,0.271315
640_31_420_862,6,3,0.009846,0.034966,0.090509,0.305889,0.225273,0.071936,0.261581
640_31_31_106,3,6,0.04355,0.084887,0.088132,0.216332,0.089169,0.141723,0.336208
682_35_1165_1210,1,1,0.057791,0.42702,0.144013,0.026787,0.176844,0.024889,0.142656
682_36_765_827,1,0,0.48976,0.408781,0.023368,0.012159,0.014628,0.022872,0.028432
682_36_965_1087,1,1,0.253556,0.522961,0.088466,0.024605,0.035389,0.037332,0.037691
682_35_679_757,1,1,0.083914,0.372298,0.063617,0.156257,0.024474,0.088618,0.210821
682_35_237_284,1,5,0.062235,0.286698,0.044275,0.061756,0.027335,0.39197,0.125731
682_36_537_653,2,1,0.033011,0.477439,0.150011,0.040138,0.105723,0.024579,0.169098
682_35_83_119,5,5,0.085389,0.153664,0.074718,0.014979,0.009936,0.584605,0.076709
682_35_891_932,1,1,0.058015,0.424874,0.066799,0.017453,0.017285,0.35174,0.063836
682_36_160_212,6,1,0.018295,0.292671,0.13503,0.029636,0.080013,0.214121,0.230236
682_35_470_511,0,5,0.015355,0.137161,0.036881,0.288014,0.019565,0.349584,0.153439
682_36_294_395,1,2,0.081795,0.298959,0.461747,0.019433,0.063562,0.040495,0.034009
682_36_31_59,1,1,0.03763,0.719121,0.04611,0.016216,0.094285,0.010674,0.075964
687_35_1246_1296,3,3,0.010373,0.019267,0.014331,0.623283,0.014986,0.257715,0.060046
687_36_1166_1192,6,5,0.049315,0.226488,0.054328,0.05142,0.021725,0.368529,0.228195
687_35_1631_1682,2,2,0.020072,0.199826,0.415508,0.018256,0.107727,0.189427,0.049185
687_36_233_380,6,6,0.021741,0.053296,0.016076,0.360767,0.007797,0.015782,0.524542
687_35_1453_1523,1,6,0.021867,0.233588,0.122817,0.124597,0.166274,0.042085,0.288773
687_36_31_126,6,6,0.013272,0.072315,0.055464,0.094309,0.031275,0.073725,0.65964
687_36_883_952,1,6,0.025971,0.183524,0.190144,0.054151,0.083966,0.141671,0.320572
687_36_589_678,5,5,0.025803,0.166301,0.245664,0.032566,0.056059,0.315456,0.158152
687_35_983_1153,3,6,0.02619,0.113181,0.079963,0.269818,0.155806,0.043817,0.311225
687_35_403_452,2,5,0.081914,0.15262,0.118922,0.154642,0.041089,0.348106,0.102708
687_35_778_864,3,3,0.043288,0.118238,0.038336,0.388627,0.061551,0.152817,0.197144
687_36_718_765,1,1,0.069677,0.547692,0.053335,0.14806,0.05046,0.032751,0.098024
687_36_1354_1413,5,6,0.012508,0.047501,0.04642,0.168166,0.031378,0.040867,0.653159
687_36_1547_1630,1,5,0.210997,0.110704,0.015797,0.047538,0.011839,0.578534,0.024592
687_35_523_583,6,3,0.018085,0.043944,0.048319,0.419187,0.058743,0.101805,0.309918
687_35_678_701,2,3,0.046736,0.158454,0.04757,0.456158,0.080095,0.037041,0.173947
687_36_483_508,5,5,0.044526,0.105532,0.041948,0.020274,0.021062,0.658662,0.107995
687_35_138_161,2,3,0.020263,0.090728,0.029076,0.547822,0.02722,0.041597,0.243294
689_35_123_137,3,5,0.013721,0.015791,0.053494,0.265619,0.033228,0.450841,0.167306
689_36_1208_1313,4,6,0.007115,0.060087,0.053837,0.043264,0.322349,0.01923,0.494118
689_36_1604_1679,6,6,0.015444,0.117016,0.094855,0.104675,0.119296,0.04956,0.499153
689_35_215_255,3,6,0.01931,0.066384,0.058342,0.263981,0.069046,0.038638,0.4843
689_35_1376_1543,6,6,0.018237,0.080699,0.142242,0.108567,0.10608,0.040565,0.50361
689_36_568_616,5,5,0.009339,0.056662,0.039476,0.082541,0.0313,0.667422,0.113259
689_35_1120_1176,6,6,0.004669,0.033533,0.130182,0.026673,0.193945,0.256759,0.354239
689_36_161_190,6,6,0.00983,0.0751,0.065984,0.040316,0.082562,0.110616,0.615592
689_35_632_751,1,2,0.028845,0.236229,0.240473,0.028043,0.172623,0.146883,0.146905
689_36_955_1086,6,6,0.005363,0.04259,0.077814,0.063703,0.074962,0.020938,0.71463
689_35_364_553,2,6,0.011231,0.089356,0.07739,0.080277,0.155707,0.061219,0.524819
689_36_796_832,6,6,0.008807,0.073899,0.112079,0.143505,0.070157,0.117454,0.4741
689_36_65_91,5,5,0.038343,0.113184,0.049065,0.048477,0.012997,0.563673,0.174261
689_35_865_906,2,2,0.011124,0.139934,0.39238,0.016646,0.104338,0.135107,0.200471
689_36_307_316,6,6,0.048853,0.111948,0.096096,0.09641,0.027618,0.201334,0.417741
689_35_31_43,3,3,0.026193,0.013016,0.028618,0.824497,0.008203,0.038141,0.061333
690_35_82_254,6,6,0.011607,0.111256,0.121536,0.160314,0.096401,0.235679,0.263208
690_36_1341_1516,6,6,0.008739,0.035656,0.017164,0.268263,0.009837,0.037523,0.622819
690_36_941_988,1,2,0.004824,0.151582,0.389489,0.039932,0.27824,0.020262,0.115672
690_35_1016_1166,6,6,0.00493,0.020214,0.029478,0.192606,0.011679,0.030001,0.711093
690_35_318_421,2,6,0.018474,0.074695,0.100827,0.033786,0.045359,0.251284,0.475576
690_36_613_655,1,6,0.013335,0.180711,0.175077,0.044466,0.025991,0.241404,0.319016
690_36_438_517,6,6,0.00836,0.102885,0.054139,0.066539,0.038412,0.051465,0.6782
690_36_31_71,6,6,0.047032,0.150457,0.03664,0.131142,0.007396,0.174187,0.453147
690_36_1194_1284,6,6,0.011318,0.063377,0.030537,0.064942,0.008321,0.056736,0.76477
690_35_676_914,1,6,0.009232,0.190184,0.151662,0.069708,0.069341,0.245616,0.264259
690_35_537_583,1,6,0.003475,0.070341,0.208784,0.072969,0.063123,0.25771,0.323598
690_36_293_310,6,3,0.016149,0.064037,0.021488,0.503843,0.048169,0.050783,0.29553
690_35_1305_1312,3,3,0.01081,0.020675,0.025259,0.458481,0.014595,0.021529,0.448651
690_35_1541_1553,3,3,0.014954,0.021381,0.018033,0.59285,0.027783,0.045058,0.279942
691_36_31_74,1,1,0.095455,0.422018,0.118367,0.040207,0.080076,0.160011,0.083866
691_36_743_752,5,6,0.01731,0.05732,0.057348,0.087784,0.026334,0.224822,0.529083
691_36_994_1065,1,5,0.0667,0.209985,0.147263,0.18367,0.01477,0.321817,0.055794
691_35_687_708,6,3,0.165108,0.175797,0.024113,0.425774,0.011154,0.091141,0.106913
691_36_145_183,1,5,0.026908,0.27603,0.0671,0.121384,0.012645,0.440538,0.055395
691_35_80_114,5,5,0.01428,0.062503,0.119388,0.038539,0.031137,0.389226,0.344927
691_35_947_971,3,0,0.572106,0.086643,0.038837,0.131209,0.017016,0.110654,0.043535
691_35_433_454,6,6,0.00761,0.03421,0.306726,0.028967,0.204269,0.103752,0.314465
691_36_339_396,1,1,0.041498,0.361021,0.157259,0.020202,0.293301,0.03114,0.095579
691_35_283_308,5,5,0.022744,0.060942,0.062939,0.028321,0.023836,0.76365,0.037568
691_36_657_675,2,5,0.040845,0.103129,0.038033,0.034183,0.019586,0.647389,0.116835
691_35_605_631,6,5,0.035432,0.065187,0.130109,0.147882,0.016709,0.365997,0.238685
691_35_853_872,5,3,0.066075,0.052779,0.013083,0.720094,0.008582,0.019156,0.12023
691_36_895_906,1,5,0.259154,0.08542,0.019333,0.091172,0.012563,0.477357,0.055002
691_36_488_572,6,1,0.0648,0.529009,0.132729,0.079649,0.090356,0.039005,0.064451
692_35_91_179,3,5,0.156971,0.15759,0.054,0.045708,0.057755,0.452565,0.07541
692_35_1169_1275,3,3,0.012189,0.105619,0.019405,0.737502,0.040191,0.028605,0.056488
692_36_228_360,3,3,0.048266,0.18286,0.022999,0.337521,0.068011,0.243944,0.096398
692_36_530_676,3,4,0.038019,0.172108,0.057261,0.115137,0.528363,0.05592,0.033191
692_36_1101_1117,2,6,0.045503,0.239185,0.126491,0.071723,0.184367,0.0842,0.24853
692_35_390_481,3,3,0.013315,0.136672,0.040858,0.69592,0.028906,0.054738,0.029592
692_35_1542_1644,3,6,0.033734,0.128064,0.05181,0.143978,0.087959,0.018564,0.535891
692_36_1375_1435,3,3,0.03798,0.02251,0.02539,0.572708,0.011766,0.047846,0.2818
692_36_1688_1716,3,3,0.035545,0.010122,0.015189,0.838003,0.005437,0.042111,0.053594
692_36_857_890,6,6,0.010832,0.058571,0.215236,0.031058,0.074648,0.122237,0.487417
692_35_752_805,3,4,0.029429,0.171528,0.165881,0.072297,0.25995,0.112038,0.188877
692_35_957_1010,6,3,0.012073,0.072676,0.090263,0.31195,0.015393,0.26144,0.236204
692_36_31_42,3,3,0.043116,0.142584,0.016617,0.606548,0.028101,0.028069,0.134965
699_36_1251_1300,1,5,0.019819,0.217732,0.103867,0.040674,0.01722,0.520555,0.080133
699_35_1176_1200,6,5,0.004011,0.060793,0.164074,0.021168,0.00774,0.673949,0.068265
699_36_252_315,5,5,0.026843,0.234053,0.068377,0.021751,0.016075,0.57949,0.053412
699_35_170_217,5,1,0.251365,0.314366,0.112688,0.029225,0.050423,0.157006,0.084928
699_36_573_609,2,6,0.011847,0.111977,0.114299,0.093233,0.131052,0.019497,0.518094
699_35_437_502,2,1,0.113432,0.547214,0.080275,0.052951,0.042241,0.108809,0.055078
699_35_31_73,5,2,0.013646,0.073612,0.36066,0.016081,0.014605,0.356351,0.165045
699_36_1495_1641,1,2,0.052919,0.172821,0.447638,0.065519,0.020265,0.187972,0.052866
699_36_772_910,1,1,0.058773,0.431584,0.118227,0.053718,0.113378,0.065672,0.158648
699_35_1361_1423,6,5,0.003833,0.081663,0.082612,0.037516,0.020541,0.477818,0.296017
699_35_1682_1741,1,6,0.012847,0.196781,0.220521,0.049746,0.19282,0.068924,0.25836
699_35_335_375,5,2,0.028222,0.128002,0.416133,0.021333,0.04496,0.251137,0.110214
699_36_129_142,5,5,0.098033,0.247183,0.044019,0.007436,0.014465,0.536671,0.052194
699_35_612_616,2,6,0.031874,0.075061,0.04542,0.311024,0.041433,0.024412,0.470777
699_36_376_380,5,5,0.019428,0.048712,0.045656,0.02907,0.012542,0.776671,0.06792
703_36_122_178,6,5,0.049719,0.19488,0.023965,0.03757,0.018515,0.589941,0.08541
703_35_1271_1312,1,1,0.069204,0.507363,0.098932,0.011894,0.014876,0.200744,0.096987
703_36_1069_1259,1,1,0.159053,0.537056,0.040562,0.056285,0.108647,0.025902,0.072495
703_35_941_1048,4,4,0.007744,0.206117,0.073202,0.026967,0.567585,0.076857,0.041526
703_36_1314_1423,0,0,0.440161,0.307863,0.025054,0.039255,0.017845,0.124616,0.045207
703_36_592_618,6,5,0.07113,0.112282,0.037314,0.046566,0.010773,0.584305,0.13763
703_36_288_340,6,6,0.033852,0.083731,0.046092,0.186428,0.031344,0.083664,0.534888
703_35_628_716,1,1,0.266237,0.59115,0.032841,0.013808,0.049122,0.024851,0.021992
703_36_414_470,1,6,0.020296,0.198539,0.176415,0.053339,0.152052,0.123939,0.27542
703_36_717_750,1,3,0.032068,0.184773,0.018671,0.556927,0.040035,0.037032,0.130494
703_35_383_410,5,3,0.021125,0.135233,0.064203,0.353477,0.016946,0.160015,0.249001
703_35_515_579,4,1,0.077158,0.564485,0.127175,0.020541,0.145875,0.035921,0.028845
703_35_752_818,4,1,0.385384,0.492603,0.02347,0.009652,0.029267,0.029036,0.030587
703_35_31_51,4,1,0.082805,0.414328,0.057756,0.035982,0.325752,0.015147,0.06823
703_36_880_922,1,6,0.009447,0.125101,0.063534,0.10233,0.144768,0.069664,0.485156
703_35_211_248,4,6,0.037948,0.270489,0.078288,0.134602,0.157101,0.037787,0.283786
704_36_31_221,0,1,0.251709,0.40732,0.036022,0.115992,0.028025,0.088733,0.072198
704_35_1262_1393,1,1,0.01441,0.390579,0.114997,0.161039,0.231735,0.040673,0.046567
704_36_1060_1237,1,1,0.031172,0.332301,0.060738,0.2063,0.246831,0.073622,0.049035
704_35_1781_1935,1,1,0.044694,0.589888,0.086377,0.063524,0.121668,0.056258,0.037591
704_36_1442_1552,1,5,0.020243,0.129845,0.009244,0.084115,0.01509,0.699951,0.041512
704_36_2155_2288,4,4,0.025772,0.190868,0.028129,0.018935,0.706716,0.011359,0.018223
704_35_820_942,2,4,0.024583,0.254283,0.141322,0.115324,0.317343,0.053048,0.094098
704_35_591_670,2,5,0.008204,0.06088,0.040205,0.038267,0.01568,0.782168,0.054594
704_36_2053_2116,4,6,0.019452,0.144261,0.048367,0.050702,0.245901,0.090349,0.400968
704_36_301_352,1,3,0.010895,0.011347,0.020284,0.738371,0.008473,0.063423,0.147206
704_35_391_445,6,5,0.005995,0.069227,0.020252,0.21425,0.013473,0.542774,0.134028
704_35_2120_2142,5,5,0.024629,0.046377,0.019324,0.009577,0.013734,0.852431,0.033928
704_36_702_784,1,0,0.4057,0.272111,0.01454,0.183113,0.006917,0.0768,0.040818
704_36_1686_1738,2,2,0.018017,0.179616,0.517335,0.017942,0.123886,0.087272,0.055932
704_35_1555_1604,1,5,0.04439,0.191679,0.066828,0.094797,0.041248,0.433047,0.128012
704_36_507_582,1,5,0.040743,0.161254,0.060789,0.010923,0.011047,0.610986,0.104258
704_35_260_270,6,5,0.016187,0.097581,0.082271,0.037359,0.05993,0.40941,0.297262
706_35_1165_1231,0,0,0.790221,0.145424,0.015496,0.005825,0.012001,0.019588,0.011444
706_35_1372_1507,1,0,0.762408,0.104236,0.010391,0.020831,0.009991,0.076132,0.016012
706_36_31_127,1,1,0.225385,0.345731,0.040017,0.063445,0.023248,0.244623,0.057551
706_36_948_1013,1,1,0.149851,0.47818,0.047037,0.037654,0.049718,0.204302,0.033257
706_35_178_211,6,3,0.010161,0.070004,0.09066,0.375366,0.012118,0.071426,0.370265
706_36_1297_1369,0,5,0.343717,0.228929,0.017567,0.019798,0.018909,0.346336,0.024745
706_36_1121_1164,0,0,0.524105,0.252227,0.022421,0.097921,0.013015,0.026519,0.063792
706_35_307_351,0,0,0.411215,0.15534,0.047037,0.023163,0.012202,0.331894,0.019148
706_35_626_711,0,0,0.622324,0.286986,0.013855,0.007973,0.009514,0.046559,0.012789
706_36_604_617,1,5,0.024063,0.059028,0.032568,0.020561,0.010619,0.76025,0.09291
706_35_518_559,0,0,0.384519,0.146052,0.043933,0.012667,0.01266,0.377472,0.022697
706_35_853_888,0,0,0.776926,0.16256,0.016238,0.008063,0.012028,0.014992,0.009194
706_36_737_796,1,0,0.495329,0.247966,0.013519,0.145393,0.018021,0.028556,0.051218
706_35_1058_1103,0,1,0.369006,0.464723,0.037447,0.025794,0.018952,0.022024,0.062055
706_36_482_517,1,6,0.008266,0.108471,0.054383,0.12047,0.021214,0.115531,0.571665
706_36_213_249,6,3,0.02996,0.087367,0.041109,0.336734,0.023981,0.242383,0.238467
708_35_1127_1236,1,0,0.445731,0.346878,0.050537,0.03359,0.022668,0.070224,0.030372
708_35_1678_1740,0,0,0.721298,0.217295,0.022472,0.006419,0.010185,0.016576,0.005755
708_35_179_313,1,5,0.28342,0.15098,0.041168,0.026047,0.056167,0.413716,0.028502
708_35_1374_1524,1,0,0.740373,0.174767,0.021425,0.007477,0.021425,0.021548,0.012985
708_36_801_966,1,0,0.478722,0.369341,0.022364,0.018216,0.010318,0.077313,0.023727
708_36_1337_1374,0,1,0.37246,0.483017,0.039092,0.020025,0.017546,0.033441,0.034419
708_35_511_672,1,1,0.05756,0.406674,0.110878,0.023204,0.210296,0.152089,0.039298
708_36_1072_1127,0,0,0.759541,0.121369,0.03687,0.013958,0.010874,0.041928,0.01546
708_36_313_389,1,5,0.051614,0.13604,0.028273,0.180518,0.013419,0.421222,0.168914
708_35_966_1072,1,1,0.35961,0.412255,0.014889,0.120682,0.008464,0.041048,0.043052
708_36_452_511,1,5,0.017636,0.105713,0.109556,0.013199,0.018939,0.588268,0.146689
708_35_31_101,1,5,0.088769,0.076519,0.020355,0.013664,0.007637,0.773187,0.019868
708_35_389_452,5,5,0.030063,0.03817,0.020925,0.105375,0.010929,0.758364,0.036173
708_36_1524_1652,1,5,0.085826,0.272653,0.013798,0.043705,0.018102,0.519744,0.046172
708_35_722_761,1,1,0.127473,0.500015,0.041673,0.015635,0.079915,0.140768,0.094522
708_36_672_722,0,1,0.242572,0.486861,0.040999,0.038745,0.022014,0.127489,0.041319
708_36_146_179,1,5,0.026393,0.185052,0.098974,0.010677,0.023133,0.430204,0.225567
717_36_124_223,3,3,0.012073,0.042567,0.021588,0.456764,0.031401,0.031003,0.404605
717_36_1060_1194,3,3,0.015085,0.033916,0.041641,0.707674,0.01479,0.039662,0.147232
717_36_1650_1706,5,5,0.038695,0.134822,0.064336,0.042573,0.021255,0.555344,0.142974
717_35_223_347,3,3,0.009407,0.013316,0.029107,0.85134,0.007437,0.026162,0.063231
717_35_1791_1859,1,1,0.089927,0.576871,0.05809,0.027344,0.072737,0.046088,0.128943
717_35_1461_1606,1,5,0.003909,0.105805,0.333797,0.012037,0.023559,0.455586,0.065307
717_36_928_949,3,6,0.013398,0.05789,0.03694,0.242266,0.008067,0.107258,0.534182
717_35_949_1016,3,3,0.007053,0.020373,0.012692,0.751792,0.008006,0.177973,0.022112
717_36_1330_1396,5,5,0.009565,0.078733,0.043523,0.026847,0.016013,0.670666,0.154653
717_36_543_817,3,3,0.021124,0.10546,0.022314,0.532588,0.014394,0.145587,0.158534
717_36_417_485,3,3,0.010309,0.021641,0.018499,0.786451,0.012959,0.083364,0.066777
717_35_31_85,3,5,0.023614,0.035113,0.026264,0.376125,0.011521,0.445703,0.08166
717_35_1194_1285,1,5,0.003325,0.062328,0.090035,0.031241,0.017814,0.745291,0.049966
717_35_485_523,3,3,0.009816,0.019766,0.019544,0.448613,0.004284,0.302662,0.195316
717_35_861_895,5,5,0.021623,0.090072,0.014385,0.028314,0.006222,0.749694,0.089691
961_50_123_165,6,1,0.159634,0.53817,0.020801,0.063943,0.084916,0.028155,0.104381
961_49_1170_1288,1,1,0.034779,0.488436,0.127453,0.096945,0.139272,0.0609,0.052214
961_49_905_1025,4,1,0.128905,0.487205,0.09752,0.033685,0.197237,0.025792,0.029656
961_49_182_241,1,1,0.227498,0.528707,0.077779,0.028055,0.030425,0.086843,0.020692
961_50_1302_1443,0,1,0.258349,0.460643,0.024784,0.039468,0.022123,0.088375,0.106258
961_49_577_649,1,1,0.237079,0.570012,0.050017,0.029276,0.045254,0.013226,0.055135
961_50_1064_1145,1,3,0.04667,0.228284,0.030386,0.257312,0.099034,0.124786,0.213528
961_49_340_486,6,1,0.097319,0.718083,0.027567,0.031309,0.093494,0.012944,0.019284
961_49_31_98,3,6,0.018209,0.122508,0.119555,0.236161,0.126056,0.068833,0.308678
961_49_1470_1520,0,0,0.552356,0.243758,0.034587,0.079639,0.014442,0.041759,0.033461
961_50_697_740,1,1,0.102509,0.442693,0.017055,0.269894,0.057154,0.015354,0.095341
961_50_502_572,5,6,0.03674,0.1696,0.113091,0.121848,0.128307,0.211791,0.218623
961_50_842_895,1,1,0.076424,0.317418,0.085777,0.044692,0.113704,0.075042,0.286942
961_49_752_813,1,3,0.064355,0.196186,0.038486,0.327763,0.177181,0.134926,0.061103
961_50_272_326,0,1,0.327761,0.424277,0.0202,0.032612,0.033996,0.048854,0.1123
963_49_1287_1336,1,5,0.023872,0.17641,0.100655,0.011032,0.039768,0.578843,0.06942
963_50_254_294,3,6,0.022856,0.113853,0.070059,0.045709,0.031249,0.050619,0.665655
963_50_1354_1477,2,4,0.038347,0.167125,0.068318,0.201103,0.398306,0.016511,0.11029
963_49_905_946,3,6,0.046577,0.22714,0.021711,0.272281,0.065566,0.015525,0.3512
963_49_133_232,6,1,0.020242,0.380989,0.040633,0.055567,0.323489,0.017115,0.161966
963_49_553_610,1,1,0.065654,0.485379,0.050455,0.121443,0.082371,0.064719,0.12998
963_49_1084_1172,5,5,0.158516,0.119038,0.028324,0.008491,0.020368,0.647841,0.017421
963_49_315_425,4,1,0.029112,0.354701,0.100069,0.051028,0.230428,0.125153,0.109509
963_50_977_1061,1,1,0.164512,0.418603,0.030993,0.115447,0.138671,0.014235,0.11754
963_50_442_522,6,4,0.030912,0.151738,0.046001,0.02968,0.641215,0.01959,0.080864
963_50_31_89,3,6,0.014224,0.087323,0.144178,0.150093,0.064041,0.0269,0.513242
963_49_1507_1575,3,3,0.011845,0.106812,0.019488,0.730438,0.054537,0.013831,0.063048
963_50_1185_1272,2,3,0.072514,0.280406,0.034829,0.317555,0.141165,0.036502,0.117029
963_49_738_825,3,3,0.013436,0.087299,0.020644,0.518772,0.123319,0.110301,0.126229
963_50_645_696,3,3,0.013984,0.021816,0.026845,0.750096,0.041828,0.039744,0.105687
963_50_850_884,3,4,0.013175,0.054931,0.222612,0.108786,0.420501,0.016323,0.163672
964_49_1233_1441,3,3,0.066008,0.122459,0.04516,0.541813,0.034322,0.13697,0.053267
964_50_1183_1231,3,1,0.168227,0.363425,0.012466,0.245007,0.020959,0.02263,0.167285
964_49_149_271,5,5,0.015377,0.132723,0.057926,0.016072,0.059382,0.690616,0.027904
964_50_95_125,6,6,0.02196,0.077502,0.044258,0.103338,0.039286,0.048081,0.665575
964_50_902_965,1,6,0.015198,0.041306,0.014464,0.370824,0.013561,0.010047,0.5346
964_49_575_646,5,1,0.081106,0.43313,0.060791,0.034335,0.040537,0.190267,0.159835
964_50_1140_1175,3,3,0.026084,0.022742,0.005128,0.849392,0.007038,0.016998,0.072617
964_49_985_1117,3,3,0.015003,0.049891,0.011411,0.802281,0.009272,0.100586,0.011557
964_50_272_341,3,3,0.028197,0.106182,0.016165,0.472426,0.022045,0.025062,0.329924
964_50_467_538,1,6,0.017199,0.274043,0.060673,0.025587,0.255477,0.007999,0.359022
964_49_31_80,5,5,0.011109,0.043397,0.011885,0.031591,0.005808,0.86984,0.026369
964_50_1475_1541,3,0,0.483106,0.305503,0.027454,0.078237,0.039883,0.013611,0.052206
964_49_798_858,6,1,0.041358,0.302694,0.06699,0.117469,0.118548,0.252014,0.100927
964_50_661_753,1,6,0.043844,0.273562,0.031013,0.086536,0.160104,0.024602,0.380339
964_49_365_431,5,1,0.038825,0.337324,0.06137,0.044139,0.05247,0.246677,0.219195
964_49_1176_1183,3,3,0.021013,0.028041,0.021933,0.841647,0.004203,0.070783,0.012379
977_50_112_210,0,0,0.59954,0.248743,0.018215,0.02707,0.008945,0.085909,0.011578
977_50_1186_1524,1,1,0.185525,0.507142,0.052656,0.08831,0.062539,0.048894,0.054933
977_49_1540_1687,3,1,0.226953,0.433917,0.039178,0.093078,0.005335,0.068094,0.133446
977_49_237_288,0,0,0.576021,0.301027,0.01708,0.006925,0.017475,0.070954,0.010518
977_50_930_972,1,6,0.026071,0.085512,0.04523,0.334416,0.01018,0.045636,0.452953
977_50_558_603,1,1,0.236762,0.47191,0.019054,0.075096,0.015727,0.025383,0.156068
977_49_1026_1178,3,3,0.025071,0.108487,0.031937,0.695946,0.024086,0.016529,0.097944
977_50_312_400,0,0,0.462115,0.338342,0.035733,0.008873,0.009644,0.131814,0.013479
977_49_628_687,0,0,0.48305,0.394181,0.019985,0.006159,0.019978,0.058728,0.017919
977_49_428_517,1,1,0.292249,0.586887,0.027495,0.007366,0.026738,0.026245,0.033021
977_49_31_109,3,1,0.01944,0.52636,0.106585,0.025741,0.242304,0.019214,0.060357
977_49_794_909,1,1,0.124781,0.553771,0.061248,0.017386,0.03636,0.187014,0.01944
977_50_706_777,1,1,0.228638,0.389581,0.020798,0.238809,0.014529,0.035099,0.072546
980_50_31_133,3,3,0.012922,0.016639,0.022341,0.747028,0.09439,0.023488,0.083192
980_50_1161_1350,3,4,0.020325,0.039604,0.033176,0.174762,0.671237,0.013735,0.047161
980_49_1366_1489,3,3,0.00648,0.00406,0.005229,0.867415,0.011194,0.100368,0.005254
980_50_907_983,3,6,0.012333,0.068704,0.022711,0.413719,0.025438,0.025601,0.431494
980_49_155_219,5,5,0.004541,0.027333,0.015666,0.018283,0.004034,0.913591,0.016552
980_49_581_644,5,0,0.423029,0.184291,0.014736,0.012822,0.010749,0.3383,0.016073
980_49_1009_1093,3,3,0.004957,0.003546,0.006392,0.930196,0.007479,0.045187,0.002241
980_49_393_487,5,5,0.005352,0.037353,0.038588,0.010627,0.004253,0.891294,0.012532
980_50_1501_1583,3,3,0.011384,0.009969,0.007898,0.835734,0.085885,0.007657,0.041472
980_50_671_738,3,3,0.055731,0.124817,0.022093,0.601227,0.035243,0.01,0.150889
980_50_511_580,3,3,0.017277,0.036297,0.009197,0.766062,0.023858,0.039947,0.107362
980_49_824_883,3,5,0.002755,0.005449,0.006486,0.483546,0.003175,0.495741,0.002848
980_50_276_319,3,1,0.101356,0.332235,0.092229,0.167721,0.062012,0.030721,0.213726
987_50_2401_2535,4,4,0.006928,0.214402,0.165652,0.017938,0.514374,0.017238,0.063468
987_50_2012_2137,4,4,0.024219,0.280343,0.107279,0.023124,0.476752,0.036175,0.052109
987_50_1113_1280,4,4,0.018161,0.135657,0.192386,0.026985,0.530297,0.041793,0.054721
987_50_1540_1715,4,1,0.037747,0.581662,0.046234,0.083407,0.084976,0.057035,0.108939
987_49_1774_1975,1,4,0.036458,0.32886,0.117266,0.03474,0.369376,0.027119,0.086181
987_49_1315_1484,1,3,0.042827,0.19848,0.056421,0.47854,0.123268,0.050085,0.05038
987_49_2182_2360,1,1,0.049143,0.393897,0.062926,0.02079,0.201785,0.119675,0.151785
987_49_2573_2654,1,1,0.075778,0.539311,0.027376,0.035091,0.046619,0.013553,0.262273
987_49_154_221,6,6,0.010129,0.0859,0.028447,0.032555,0.025589,0.218027,0.599353
987_50_573_640,0,1,0.026191,0.284101,0.177226,0.023664,0.228044,0.203008,0.057767
987_50_277_395,4,6,0.016154,0.284861,0.12053,0.012289,0.099205,0.078353,0.388609
987_49_963_1064,1,1,0.050644,0.612971,0.047351,0.05273,0.084235,0.032766,0.119304
987_49_425_514,1,1,0.235606,0.383164,0.020946,0.092522,0.010815,0.162462,0.094486
987_50_31_109,1,1,0.060775,0.517712,0.060505,0.015856,0.299018,0.02207,0.024065
987_49_680_787,1,1,0.145835,0.369622,0.070162,0.036691,0.088599,0.242193,0.046898
987_50_827_913,2,1,0.123459,0.494687,0.063725,0.044217,0.070804,0.033506,0.169601
999_49_1238_1331,3,3,0.008081,0.056767,0.015932,0.788716,0.007479,0.106599,0.016426
999_49_2026_2092,3,3,0.010088,0.005819,0.008283,0.941552,0.003913,0.021578,0.008766
999_50_1175_1225,3,1,0.100621,0.402253,0.045788,0.148491,0.053837,0.083809,0.165201
999_50_1673_1705,5,6,0.101259,0.177876,0.018547,0.308243,0.009916,0.06124,0.322919
999_49_185_265,5,5,0.00579,0.165485,0.026539,0.080849,0.024671,0.63535,0.061316
999_49_1740_1884,3,3,0.013571,0.069563,0.014187,0.834447,0.014247,0.036238,0.017747
999_50_1370_1559,3,6,0.015248,0.081655,0.027769,0.116898,0.025721,0.074246,0.658464
999_49_806_940,3,3,0.017597,0.15939,0.018398,0.616508,0.045339,0.070049,0.072718
999_49_574_662,5,5,0.01283,0.016245,0.008728,0.392607,0.002761,0.551877,0.014953
999_49_1097_1151,3,3,0.007719,0.018654,0.0109,0.841384,0.016804,0.080975,0.023564
999_50_301_371,1,1,0.053877,0.382369,0.029666,0.260572,0.066404,0.064999,0.142113
999_50_988_1070,3,3,0.010703,0.025899,0.00978,0.601686,0.026774,0.012612,0.312546
999_50_468_561,1,6,0.027743,0.112252,0.058422,0.226238,0.149396,0.094571,0.331377
999_50_31_120,1,1,0.011493,0.462746,0.04391,0.069361,0.288675,0.036565,0.087252
999_49_395_458,5,5,0.012051,0.068827,0.028149,0.168345,0.019144,0.663633,0.039851
999_50_713_773,6,3,0.015222,0.081461,0.011224,0.498745,0.092353,0.022805,0.278191
999_49_1582_1661,5,5,0.0489,0.26436,0.015661,0.0216,0.008579,0.631574,0.009326
999_50_1904_2012,5,5,0.009996,0.015338,0.015728,0.232842,0.017832,0.660655,0.047609
1664_84_2206_2504,3,3,0.012066,0.054669,0.042644,0.618859,0.016588,0.238566,0.016608
1664_84_31_190,3,3,0.02109,0.067273,0.056938,0.714125,0.026367,0.096253,0.017954
1664_84_1201_1344,3,3,0.127845,0.279807,0.06266,0.392386,0.030247,0.077931,0.029124
1664_83_1119_1189,3,3,0.01665,0.024021,0.031675,0.673745,0.013185,0.23198,0.008742
1664_84_249_549,3,3,0.018883,0.063893,0.03561,0.632931,0.044015,0.17664,0.028027
1664_84_2732_2800,3,3,0.027945,0.022906,0.02029,0.816692,0.005255,0.10109,0.005821
1664_84_1392_1844,5,3,0.051627,0.145022,0.099241,0.468885,0.028674,0.126169,0.080382
1664_83_2509_2729,3,3,0.009355,0.015517,0.010097,0.886183,0.021027,0.036487,0.021334
1664_83_854_940,3,3,0.029474,0.097582,0.02895,0.378962,0.024801,0.236267,0.203964
1664_83_191_242,5,5,0.00772,0.043395,0.055463,0.068522,0.01351,0.562728,0.248661
1664_83_1345_1382,3,3,0.030158,0.171868,0.039316,0.59752,0.050798,0.070266,0.040073
1664_84_1911_2158,3,3,0.010418,0.011424,0.008237,0.903145,0.012712,0.033767,0.020296
1664_84_941_1117,3,3,0.02483,0.059003,0.022563,0.567064,0.014644,0.305529,0.006366
1664_83_554_713,3,3,0.008312,0.028202,0.010864,0.770756,0.007772,0.164128,0.009967
1664_83_2160_2203,3,3,0.032708,0.092987,0.022864,0.573541,0.02096,0.236552,0.020387
1664_83_1849_1910,5,5,0.005993,0.027672,0.045716,0.186575,0.010274,0.708712,0.015059
1664_84_719_847,5,3,0.023546,0.173286,0.035422,0.527687,0.011699,0.184802,0.043558
1674_84_2198_2536,1,1,0.053404,0.489171,0.0403,0.189757,0.030501,0.085355,0.111512
1674_83_97_238,2,6,0.015457,0.130947,0.124084,0.14963,0.1272,0.168733,0.283948
1674_83_1172_1297,1,6,0.027893,0.117594,0.025286,0.284417,0.039718,0.017354,0.487738
1674_83_2756_2884,2,1,0.058508,0.331473,0.154775,0.145825,0.117993,0.05646,0.134967
1674_84_1444_1529,1,1,0.059038,0.426852,0.02286,0.123999,0.009455,0.332651,0.025145
1674_83_3072_3193,1,5,0.021642,0.130356,0.034009,0.07205,0.02638,0.63154,0.084023
1674_84_3208_3325,1,1,0.171942,0.387887,0.035701,0.138751,0.033609,0.197128,0.034981
1674_83_2559_2671,2,3,0.012964,0.07763,0.023763,0.513963,0.053263,0.016003,0.302413
1674_83_911_1030,2,6,0.009029,0.062141,0.051021,0.356017,0.037562,0.047389,0.436842
1674_84_1312_1351,1,1,0.016106,0.338077,0.044553,0.282077,0.190461,0.039778,0.088949
1674_84_2885_3058,1,1,0.308203,0.451831,0.032156,0.070663,0.013632,0.092971,0.030543
1674_84_1051_1161,1,1,0.105983,0.466796,0.043733,0.157733,0.036184,0.163599,0.025972
1674_83_2050_2163,1,1,0.253243,0.588942,0.018127,0.047252,0.013619,0.057006,0.021811
1674_84_1728_2038,1,1,0.253962,0.390588,0.032974,0.149878,0.043979,0.079807,0.048813
1674_83_1538_1714,1,1,0.050491,0.429753,0.071179,0.045708,0.197277,0.101279,0.104314
1674_83_602_627,1,1,0.031718,0.80726,0.0172,0.054119,0.022193,0.030375,0.037134
1674_84_641_727,1,1,0.044544,0.642514,0.01605,0.147619,0.013095,0.117724,0.018455
1674_83_1363_1435,1,1,0.194206,0.627553,0.022186,0.044708,0.05227,0.018822,0.040254
1674_84_821_892,3,3,0.004601,0.038186,0.012501,0.831021,0.025352,0.041979,0.046359
1674_84_447_596,1,5,0.03703,0.277011,0.035861,0.066014,0.03207,0.518408,0.033606
1674_83_333_428,1,1,0.014306,0.556893,0.070521,0.06031,0.099042,0.076741,0.122188
1674_84_2686_2742,1,5,0.02665,0.27256,0.054056,0.017292,0.01213,0.600897,0.016414
1674_84_31_81,3,3,0.004447,0.009422,0.02518,0.760032,0.022848,0.03854,0.139532
1674_84_259_312,3,3,0.005159,0.014319,0.036896,0.703319,0.019971,0.056694,0.163643
1674_83_740_794,1,5,0.007488,0.036678,0.037006,0.071733,0.01637,0.538099,0.292626
1676_84_31_135,1,3,0.022778,0.15554,0.090333,0.301846,0.023802,0.220421,0.18528
1676_83_1215_1336,1,1,0.174539,0.535064,0.030478,0.107023,0.036188,0.035086,0.081622
1676_84_2012_2077,1,1,0.032676,0.494571,0.232518,0.027916,0.168863,0.029691,0.013764
1676_84_1127_1210,1,3,0.012114,0.145225,0.055437,0.374898,0.013044,0.208234,0.191049
1676_83_1660_1800,1,1,0.119988,0.485677,0.099089,0.030194,0.115913,0.088197,0.060942
1676_84_198_349,0,1,0.4078,0.447856,0.030509,0.022997,0.016722,0.056372,0.017743
1676_84_1812_1856,1,1,0.124298,0.535358,0.024456,0.029335,0.011207,0.259794,0.015552
1676_83_1459_1488,6,1,0.089762,0.659224,0.025325,0.085449,0.022977,0.028587,0.088676
1676_84_804_1093,1,1,0.095735,0.528817,0.047056,0.092368,0.157463,0.041653,0.036908
1676_83_538_661,1,3,0.041322,0.236144,0.024076,0.411854,0.026883,0.04073,0.218991
1676_83_1100_1126,2,5,0.053317,0.153246,0.049426,0.125593,0.006549,0.41528,0.196588
1676_84_476_531,1,5,0.034556,0.208957,0.037866,0.077082,0.0058,0.417911,0.217828
1676_83_357_452,2,1,0.0493,0.291059,0.088521,0.125736,0.079,0.098913,0.26747
1676_84_1496_1653,4,1,0.084164,0.407258,0.065265,0.14904,0.147529,0.07144,0.075305
1676_83_1869_1998,1,1,0.197268,0.428237,0.048338,0.036953,0.13467,0.04936,0.105174
1676_84_661_718,1,3,0.087583,0.179296,0.017068,0.550757,0.015567,0.101159,0.04857
1676_83_2077_2196,1,3,0.041453,0.129464,0.01568,0.630771,0.025125,0.026493,0.131014
1676_84_1366_1454,1,2,0.02745,0.285005,0.298901,0.047372,0.068287,0.184814,0.088171
1676_83_742_785,6,5,0.011238,0.0523,0.024247,0.088069,0.006771,0.736578,0.080797
1676_83_135_163,1,5,0.063039,0.119156,0.033098,0.113225,0.012558,0.58008,0.078844
1678_84_2276_2529,0,1,0.054146,0.505319,0.069033,0.251136,0.038888,0.04083,0.040648
1678_83_31_142,2,5,0.017908,0.071943,0.049294,0.266423,0.030871,0.352768,0.210793
1678_84_1278_1498,2,1,0.098519,0.67511,0.059518,0.027666,0.036693,0.084348,0.018146
1678_83_229_365,1,5,0.024755,0.142624,0.09721,0.088542,0.039828,0.368167,0.238874
1678_83_2542_2720,1,4,0.017985,0.15807,0.148655,0.086026,0.434223,0.039766,0.115274
1678_83_918_967,1,5,0.014762,0.073597,0.057789,0.152074,0.01644,0.542467,0.14287
1678_84_154_219,2,3,0.010249,0.053462,0.03085,0.571434,0.014615,0.262171,0.057219
1678_84_1103_1181,2,1,0.094376,0.536054,0.037116,0.0478,0.010747,0.22691,0.046997
1678_83_1925_2073,1,5,0.03642,0.217843,0.083756,0.171748,0.206039,0.247738,0.036456
1678_84_1571_1921,2,1,0.086339,0.428585,0.126999,0.078973,0.15419,0.101522,0.023391
1678_84_604_663,2,3,0.025125,0.223663,0.148783,0.293207,0.129395,0.090693,0.089134
1678_83_1498_1558,1,1,0.030996,0.409427,0.015258,0.251343,0.036569,0.045969,0.210439
1678_83_1193_1264,1,1,0.05067,0.368894,0.063966,0.073356,0.038591,0.302178,0.102345
1678_83_2186_2257,2,1,0.043878,0.364194,0.225927,0.043293,0.203239,0.064404,0.055065
1678_84_2091_2170,1,1,0.364391,0.372978,0.016762,0.115682,0.008773,0.099367,0.022048
1678_84_707_755,1,3,0.054243,0.267294,0.078745,0.368607,0.048869,0.033103,0.14914
1678_84_844_918,1,1,0.070259,0.335925,0.127073,0.185807,0.065574,0.069653,0.145707
1678_83_561_589,2,5,0.025755,0.117318,0.083739,0.105065,0.010718,0.476438,0.180966
1678_83_1025_1084,1,1,0.030323,0.402739,0.061205,0.144259,0.043968,0.240207,0.077298
1678_84_996_1016,5,5,0.011412,0.072124,0.019408,0.04944,0.004902,0.822186,0.020529
1678_83_668_702,1,5,0.097516,0.303497,0.038488,0.112204,0.01746,0.354402,0.076434
1678_84_495_556,1,3,0.017638,0.160232,0.162165,0.300861,0.13841,0.094721,0.125974
1678_83_431_488,2,5,0.022584,0.059402,0.07607,0.152925,0.033107,0.570236,0.085677
1678_84_379_410,2,3,0.011824,0.096281,0.024065,0.551416,0.03414,0.032579,0.249694
1678_83_768_812,1,5,0.038588,0.186805,0.06636,0.025213,0.020407,0.575733,0.086894
1969_99_31_137,3,2,0.035172,0.186711,0.343285,0.271071,0.019082,0.057735,0.086944
1969_100_749_812,6,2,0.003553,0.122389,0.632892,0.021629,0.030084,0.07352,0.115932
1969_99_953_982,5,5,0.088832,0.080634,0.088405,0.01732,0.014247,0.694105,0.016456
1969_100_1004_1025,3,3,0.063698,0.077149,0.189742,0.530849,0.018663,0.104174,0.015726
1969_100_401_485,6,6,0.012058,0.175306,0.169201,0.080937,0.022056,0.234006,0.306436
1969_100_618_668,3,3,0.024126,0.145342,0.12135,0.441641,0.018296,0.212111,0.037133
1969_99_256_378,6,2,0.042893,0.279526,0.462604,0.018692,0.032997,0.111157,0.052131
1969_100_902_931,5,2,0.023434,0.195552,0.311413,0.009995,0.141272,0.035968,0.282365
1969_100_170_232,6,5,0.00724,0.037658,0.123205,0.094568,0.013387,0.375659,0.348283
1969_99_1049_1102,1,1,0.424515,0.470509,0.049981,0.012192,0.022558,0.012204,0.008042
1969_99_833_852,2,2,0.007593,0.074987,0.513941,0.036659,0.027228,0.216077,0.123515
1969_99_690_725,5,5,0.047018,0.26097,0.188667,0.004419,0.019974,0.409943,0.069008
1969_99_511_562,6,1,0.125605,0.44932,0.177296,0.012208,0.032165,0.155915,0.047491
1975_100_126_266,5,0,0.592002,0.273796,0.018891,0.011866,0.007982,0.079768,0.015695
1975_100_1230_1402,0,1,0.29685,0.530523,0.047914,0.020734,0.021592,0.070331,0.012057
1975_100_1971_2130,3,3,0.013787,0.019542,0.014858,0.817727,0.012579,0.096704,0.024803
1975_99_1007_1198,0,1,0.369862,0.573981,0.018583,0.00539,0.019011,0.006282,0.006889
1975_100_1675_1904,4,1,0.052701,0.22834,0.156521,0.132964,0.173697,0.170303,0.085475
1975_99_1430_1625,0,0,0.576092,0.34611,0.021012,0.0045,0.0213,0.025361,0.005625
1975_100_935_995,5,5,0.007402,0.021055,0.025409,0.002633,0.005326,0.923721,0.014453
1975_100_583_608,5,5,0.018314,0.0722,0.035541,0.007593,0.003709,0.754255,0.108389
1975_99_285_358,1,1,0.371735,0.565432,0.023256,0.007366,0.013023,0.008964,0.010224
1975_99_622_678,0,0,0.728352,0.21538,0.014841,0.005135,0.011696,0.014918,0.009678
1975_100_380_482,5,0,0.630012,0.226319,0.023535,0.005968,0.008646,0.096619,0.008902
1975_99_31_95,1,1,0.123086,0.62896,0.08832,0.004655,0.067111,0.066912,0.020955
1975_100_711_824,1,5,0.034201,0.256269,0.041617,0.014308,0.009996,0.591791,0.051817
1975_99_506_557,0,0,0.538657,0.309253,0.085047,0.00597,0.020077,0.028545,0.012451
1975_99_840_912,4,1,0.045611,0.452026,0.190757,0.006111,0.207415,0.044463,0.053618
1975_99_1919_1955,5,1,0.262557,0.319392,0.139074,0.015662,0.06793,0.158184,0.037201
1976_99_117_156,1,1,0.348248,0.508572,0.04589,0.00967,0.025894,0.049719,0.012007
1976_100_1261_1522,0,0,0.702411,0.225138,0.019131,0.00363,0.010387,0.029498,0.009804
1976_100_1962_2064,0,0,0.511785,0.394653,0.025486,0.007841,0.012944,0.035052,0.012239
1976_100_916_1191,5,0,0.75814,0.131866,0.018648,0.004621,0.006257,0.074775,0.005693
1976_100_1673_1859,0,0,0.468378,0.403184,0.030662,0.017043,0.016983,0.045628,0.018121
1976_100_172_252,5,0,0.70857,0.113006,0.029269,0.018058,0.009305,0.107539,0.014253
1976_99_510_675,0,0,0.557877,0.202783,0.025086,0.007339,0.009549,0.19102,0.006346
1976_100_349_494,5,0,0.488117,0.231366,0.021981,0.007968,0.010046,0.231706,0.008817
1976_100_31_88,0,1,0.090621,0.454405,0.108149,0.027986,0.043429,0.038609,0.236801
1976_100_685_823,1,0,0.553544,0.318486,0.036783,0.008917,0.016637,0.046631,0.019004
1976_99_1873_1926,1,0,0.583856,0.32584,0.022558,0.019657,0.013159,0.025609,0.009321
1976_99_2071_2144,0,0,0.713995,0.202018,0.014913,0.004379,0.003916,0.057695,0.003083
1976_99_1543_1656,1,0,0.720816,0.169089,0.025301,0.038839,0.010201,0.026932,0.008821
1976_99_824_902,1,1,0.326487,0.502723,0.034825,0.005778,0.02203,0.09853,0.009627
1976_99_1207_1240,0,0,0.762824,0.142851,0.010784,0.004177,0.004788,0.069386,0.005191
1976_99_274_319,0,0,0.644055,0.296601,0.017476,0.002085,0.007304,0.025577,0.006901
1981_100_1234_1300,1,5,0.035888,0.186732,0.059575,0.012892,0.007637,0.586421,0.110855
1981_99_1155_1215,1,1,0.010882,0.421249,0.397948,0.004049,0.138743,0.014452,0.012677
1981_100_131_259,3,3,0.022251,0.062508,0.02839,0.549472,0.017712,0.291955,0.027712
1981_99_1457_1564,1,4,0.058891,0.325119,0.087101,0.025249,0.455233,0.018424,0.029983
1981_99_887_1031,1,2,0.013401,0.238601,0.375803,0.005951,0.339484,0.012026,0.014734
1981_99_1312_1370,4,1,0.03142,0.412607,0.249043,0.027958,0.119115,0.07621,0.083646
1981_100_1056_1144,5,5,0.022055,0.129944,0.172266,0.025469,0.020776,0.370074,0.259415
1981_100_1752_1792,1,1,0.252533,0.663446,0.029004,0.012566,0.014575,0.01547,0.012406
1981_100_615_713,1,5,0.002941,0.031808,0.173826,0.004367,0.008543,0.738583,0.03993
1981_100_345_480,3,3,0.009573,0.010811,0.008025,0.882302,0.008272,0.071001,0.010016
1981_99_31_110,6,2,0.047624,0.20433,0.339737,0.022313,0.314696,0.012997,0.058302
1981_100_814_868,1,5,0.12502,0.341413,0.037417,0.006681,0.017674,0.450646,0.021149
1981_100_1584_1674,1,1,0.307656,0.397457,0.069395,0.013172,0.020995,0.169061,0.022264
1981_100_1385_1445,1,1,0.06935,0.474384,0.086472,0.007394,0.014855,0.301858,0.045687
1981_99_1690_1739,4,1,0.049547,0.399553,0.27235,0.024722,0.135704,0.042381,0.075743
1981_99_495_579,3,2,0.011694,0.105591,0.292942,0.163733,0.048843,0.137202,0.239997
1981_99_729_790,1,2,0.017942,0.364006,0.407412,0.009835,0.063822,0.087866,0.049117
1981_99_266_324,3,5,0.331251,0.091467,0.057086,0.068275,0.027718,0.399721,0.024482
1983_99_2487_2541,1,2,0.026483,0.06136,0.853119,0.009668,0.017643,0.027467,0.004259
1983_99_127_247,5,5,0.035078,0.122713,0.079255,0.022157,0.132912,0.524241,0.083644
1983_100_1121_1323,2,2,0.02032,0.103287,0.336304,0.280004,0.030991,0.198407,0.030688
1983_100_1999_2186,1,2,0.007968,0.153293,0.421409,0.050192,0.018066,0.243299,0.105773
1983_99_1650_1698,5,5,0.119059,0.069748,0.025328,0.012434,0.009105,0.747466,0.016859
1983_100_1716_1872,5,3,0.009654,0.034576,0.018724,0.540445,0.008228,0.340798,0.047576
1983_100_1443_1633,1,2,0.011994,0.119364,0.324706,0.166762,0.052136,0.205673,0.119365
1983_99_2190_2309,2,2,0.116147,0.261238,0.451978,0.025304,0.097307,0.032795,0.015232
1983_100_723_997,6,6,0.00565,0.245265,0.232692,0.018004,0.087386,0.114294,0.296709
1983_99_1340_1418,1,1,0.332533,0.394398,0.062872,0.010144,0.014539,0.177368,0.008145
1983_100_571_629,3,5,0.019247,0.115944,0.188982,0.246969,0.029581,0.306069,0.093207
1983_100_2330_2473,1,5,0.237929,0.131076,0.030192,0.019554,0.006521,0.563874,0.010854
1983_100_273_490,3,3,0.024567,0.088607,0.039312,0.551878,0.037092,0.163023,0.095521
1983_99_1014_1100,1,5,0.056779,0.202174,0.056799,0.013216,0.026947,0.620409,0.023675
1983_100_31_110,3,3,0.007308,0.00652,0.013186,0.912841,0.007764,0.01854,0.03384
1983_99_1887_1978,5,5,0.022643,0.086182,0.22236,0.018871,0.044543,0.584547,0.020854
1983_99_646_700,1,5,0.012491,0.031627,0.020781,0.00531,0.008911,0.900775,0.020105
1983_99_503_550,5,1,0.121533,0.466646,0.17965,0.007785,0.096698,0.102347,0.025342
1996_99_1103_1283,6,0,0.38303,0.34681,0.040951,0.086094,0.032835,0.077219,0.033061
1996_99_1662_1783,1,1,0.241439,0.387775,0.122367,0.042816,0.102551,0.046294,0.056758
1996_100_196_287,3,6,0.01497,0.133808,0.083991,0.11849,0.193535,0.083506,0.371699
1996_99_1421_1484,1,5,0.140707,0.27456,0.083458,0.038699,0.04687,0.331776,0.08393
1996_100_798_1076,3,5,0.002146,0.019782,0.012687,0.16612,0.005419,0.757852,0.035993
1996_100_1308_1397,3,6,0.006139,0.049849,0.026163,0.204943,0.046005,0.019036,0.647865
1996_99_307_368,5,5,0.013321,0.038045,0.024261,0.008272,0.006837,0.888151,0.021114
1996_100_624_671,3,5,0.015205,0.072506,0.048376,0.16564,0.00594,0.486754,0.205578
1996_99_473_588,1,1,0.392553,0.474823,0.030558,0.004463,0.022603,0.056912,0.018088
1996_100_31_112,6,6,0.018111,0.133002,0.103215,0.164025,0.062808,0.129446,0.389393
1996_100_396_459,6,3,0.028959,0.105338,0.045801,0.395812,0.028519,0.367512,0.028058
1996_100_1528_1644,3,3,0.058454,0.131585,0.03309,0.565862,0.018926,0.101874,0.090208
1996_99_689_776,3,1,0.1205,0.396998,0.064208,0.111628,0.019102,0.15816,0.129404
1996_99_135_177,5,5,0.115665,0.139216,0.06773,0.030457,0.03001,0.555735,0.061187
1998_100_118_211,5,5,0.041645,0.200483,0.052396,0.063955,0.017366,0.372988,0.251167
1998_99_1241_1386,1,0,0.557635,0.323765,0.036614,0.011387,0.026703,0.029245,0.01465
1998_100_1067_1225,5,1,0.2869,0.519676,0.02995,0.023181,0.023819,0.090969,0.025504
1998_100_1634_1717,1,1,0.095655,0.51802,0.038788,0.027079,0.020642,0.283493,0.016324
1998_99_229_314,1,5,0.077261,0.160978,0.060584,0.00948,0.03393,0.638202,0.019565
1998_100_1412_1519,5,1,0.210592,0.44138,0.023574,0.015494,0.010094,0.287242,0.011624
1998_99_926_1044,1,0,0.537033,0.334184,0.020775,0.011071,0.03499,0.046762,0.015184
1998_99_468_607,1,1,0.254346,0.392018,0.029774,0.139321,0.038065,0.07368,0.072795
1998_100_329_450,1,0,0.436037,0.374887,0.026397,0.010219,0.013524,0.122425,0.016511
1998_100_634_716,2,1,0.064644,0.434476,0.247895,0.010908,0.089142,0.105601,0.047333
1998_99_31_96,5,5,0.244533,0.202948,0.072057,0.047149,0.042663,0.347495,0.043154
1998_99_1533_1619,1,0,0.648009,0.241435,0.031503,0.007945,0.038077,0.023461,0.00957
1998_100_803_907,3,3,0.064456,0.112322,0.023037,0.521125,0.018918,0.247665,0.012478
1998_99_730_785,1,1,0.205062,0.460142,0.10019,0.011255,0.154874,0.035583,0.032894
1999_100_31_162,2,6,0.018755,0.263858,0.134937,0.018078,0.026726,0.263073,0.274573
1999_99_1147_1340,1,2,0.012307,0.153767,0.650029,0.006643,0.126492,0.030099,0.020664
1999_99_1951_2137,2,1,0.25218,0.305607,0.274675,0.007965,0.046408,0.099529,0.013635
1999_100_1652_1947,1,1,0.016187,0.396511,0.247779,0.013632,0.030781,0.173924,0.121187
1999_99_179_259,5,5,0.011716,0.146309,0.117335,0.051391,0.018512,0.590723,0.064015
1999_100_2161_2256,3,6,0.010145,0.146377,0.03323,0.152119,0.017164,0.22448,0.416484
1999_99_731_959,2,2,0.005992,0.2143,0.474431,0.011561,0.092731,0.171134,0.02985
1999_100_1349_1457,1,5,0.008416,0.139587,0.287167,0.028034,0.045804,0.377398,0.113593
1999_99_2275_2342,6,6,0.036517,0.202322,0.174523,0.114297,0.170425,0.032357,0.269559
1999_99_403_596,5,5,0.013409,0.053849,0.049081,0.011498,0.008545,0.854573,0.009044
1999_100_967_1129,2,2,0.008403,0.237685,0.520526,0.016223,0.051726,0.100167,0.06527
1999_100_283_386,5,1,0.089257,0.414003,0.070678,0.014779,0.016629,0.204896,0.189758
1999_100_607_706,2,5,0.032693,0.147304,0.086254,0.044904,0.008067,0.613739,0.06704
1999_99_1473_1634,5,2,0.111262,0.318685,0.349907,0.022327,0.041709,0.121413,0.034697
2000_99_31_136,5,2,0.041199,0.168757,0.404454,0.017889,0.099092,0.212789,0.05582
2000_100_1095_1300,3,3,0.026863,0.150462,0.098282,0.337289,0.02534,0.148718,0.213046
2000_99_1628_1745,4,5,0.174859,0.281599,0.152473,0.020468,0.057674,0.288296,0.024632
2000_99_251_384,2,1,0.08087,0.432442,0.321993,0.022284,0.077594,0.034423,0.030393
2000_100_1765_1850,1,5,0.065213,0.270279,0.152403,0.06952,0.062319,0.30041,0.079856
2000_99_1308_1476,2,2,0.075193,0.237849,0.423777,0.046931,0.115365,0.046086,0.054799
2000_100_921_989,5,1,0.210421,0.495132,0.082397,0.013885,0.020724,0.125046,0.052394
2000_100_152_235,5,5,0.007247,0.021121,0.018724,0.007389,0.003508,0.922206,0.019805
2000_99_519_676,2,4,0.033136,0.238676,0.20817,0.016543,0.424597,0.043736,0.035141
2000_99_999_1079,4,1,0.231794,0.364794,0.262265,0.015635,0.079973,0.021138,0.024401
2000_100_408_503,1,6,0.009577,0.186722,0.059017,0.036558,0.027741,0.09797,0.582414
2000_100_1497_1613,1,1,0.316925,0.3354,0.107548,0.045511,0.062791,0.089196,0.04263
2000_99_795_903,2,2,0.017104,0.211191,0.395139,0.021346,0.11716,0.143683,0.094376
2000_99_1864_1941,3,1,0.212767,0.294568,0.073163,0.146423,0.039958,0.058487,0.174633
2000_100_691_779,5,5,0.008838,0.076828,0.123995,0.007236,0.012579,0.754303,0.01622
2201_112_128_153,1,4,0.01557,0.20875,0.210491,0.00923,0.413319,0.129267,0.013372
2201_111_1257_1389,1,0,0.720877,0.221289,0.013704,0.010447,0.009663,0.016768,0.007252
2201_112_912_1257,1,0,0.838206,0.119513,0.007904,0.005551,0.004403,0.019771,0.004653
2201_111_1534_1697,0,1,0.446868,0.473211,0.022663,0.019276,0.014984,0.00832,0.014678
2201_111_174_264,1,5,0.296618,0.186816,0.046563,0.021271,0.009704,0.426531,0.012497
2201_112_1718_1830,1,1,0.101198,0.500968,0.069343,0.190021,0.044021,0.04837,0.046079
2201_112_1394_1531,0,0,0.684205,0.237049,0.012138,0.011067,0.006618,0.043836,0.005088
2201_112_502_677,1,0,0.380966,0.308025,0.009558,0.008794,0.007934,0.280964,0.003758
2201_112_285_399,1,1,0.320059,0.537995,0.015982,0.055481,0.01067,0.039598,0.020215
2201_111_417_488,3,3,0.022026,0.108597,0.037946,0.646443,0.016319,0.050576,0.118093
2201_111_31_102,5,5,0.007299,0.046428,0.170527,0.015445,0.005136,0.741993,0.013173
2201_112_759_868,0,1,0.253273,0.622958,0.021188,0.027879,0.024913,0.033742,0.016047
2201_111_868_912,1,1,0.437846,0.465063,0.026178,0.013147,0.018972,0.028412,0.010383
2201_111_678_707,1,1,0.078342,0.385638,0.191106,0.11518,0.037835,0.158921,0.032979
2203_111_31_222,6,5,0.023667,0.319587,0.120789,0.025544,0.010926,0.441615,0.057872
2203_112_1224_1403,5,3,0.020255,0.184118,0.054486,0.374987,0.187111,0.076234,0.102809
2203_111_1060_1196,3,3,0.008919,0.109206,0.226215,0.356118,0.10957,0.075426,0.114546
2203_112_1603_1691,4,3,0.025436,0.11463,0.057038,0.633468,0.073573,0.02564,0.070215
2203_112_235_274,5,1,0.113806,0.689322,0.01786,0.008765,0.027188,0.128617,0.014442
2203_111_1701_1876,4,1,0.022327,0.283309,0.094258,0.123143,0.261927,0.178314,0.036722
2203_111_1428_1593,5,3,0.01852,0.253015,0.064347,0.253997,0.19509,0.161342,0.05369
2203_112_754_1045,5,1,0.04129,0.357706,0.047006,0.271412,0.088991,0.045913,0.147681
2203_112_488_634,5,5,0.011911,0.105881,0.025963,0.052408,0.049236,0.740161,0.014441
2203_111_288_476,6,1,0.025429,0.396967,0.18358,0.059089,0.06746,0.098652,0.168823
2203_112_1887_2013,4,4,0.017453,0.132809,0.050133,0.251572,0.348187,0.019175,0.180671
2203_111_650_727,3,3,0.02317,0.252138,0.116004,0.316472,0.042268,0.10858,0.141367
2205_111_31_216,5,5,0.038741,0.138976,0.051606,0.022299,0.010734,0.715744,0.0219
2205_112_1238_1387,0,1,0.042025,0.360207,0.115002,0.147245,0.149265,0.025459,0.160797
2205_111_1071_1229,5,0,0.422832,0.148885,0.01765,0.026715,0.008757,0.369207,0.005953
2205_111_1668_1793,1,1,0.023092,0.517998,0.158687,0.066166,0.034838,0.082572,0.116649
2205_112_242_323,1,1,0.030874,0.732448,0.023044,0.02305,0.14931,0.005906,0.035368
2205_112_1442_1662,0,1,0.104331,0.6344,0.102583,0.016828,0.090465,0.029214,0.022179
2205_112_753_1050,0,1,0.020275,0.50903,0.190204,0.019139,0.084669,0.080692,0.095991
2205_112_468_693,1,1,0.022179,0.27776,0.238608,0.133502,0.174421,0.033864,0.119666
2205_111_340_450,5,5,0.016132,0.063909,0.038474,0.016964,0.008028,0.841422,0.01507
2205_111_694_741,5,5,0.094021,0.067359,0.019374,0.014558,0.005273,0.789601,0.009814
2205_111_1387_1412,1,1,0.060026,0.420571,0.155382,0.107438,0.09083,0.092675,0.07308
2205_112_1825_1860,1,1,0.026865,0.570213,0.045843,0.017368,0.313265,0.00514,0.021306
2206_111_31_190,5,5,0.223857,0.247043,0.052271,0.011699,0.026913,0.426607,0.011611
2206_111_1290_1375,1,5,0.02956,0.235145,0.074248,0.054874,0.017445,0.473516,0.115211
2206_111_1865_2068,1,1,0.109683,0.456437,0.177984,0.037639,0.024122,0.140853,0.053283
2206_111_1126_1184,5,1,0.049469,0.377648,0.156793,0.011199,0.019747,0.301915,0.083229
2206_111_1606_1778,0,1,0.092816,0.515905,0.115972,0.06114,0.085724,0.06563,0.062813
2206_112_231_315,4,4,0.006755,0.086492,0.195344,0.009246,0.67905,0.009641,0.013471
2206_112_1788_1811,5,1,0.026821,0.56162,0.075974,0.03348,0.226935,0.020318,0.054852
2206_112_1398_1605,5,1,0.076133,0.510578,0.083124,0.071742,0.126703,0.108481,0.023239
2206_111_2163_2218,3,3,0.020827,0.094447,0.02602,0.699572,0.026559,0.025541,0.107034
2206_111_751_934,5,5,0.114362,0.200785,0.112591,0.010389,0.02948,0.525773,0.00662
2206_112_939_1112,1,6,0.026611,0.319237,0.064861,0.097598,0.126949,0.023201,0.341542
2206_112_425_750,1,1,0.033421,0.450896,0.13381,0.008852,0.283751,0.035582,0.053689
2206_112_2068_2153,3,3,0.015927,0.053132,0.035584,0.590563,0.033798,0.210233,0.060763
2206_111_316_402,5,5,0.311306,0.079526,0.017468,0.005128,0.004888,0.575424,0.006261
2206_112_1194_1285,4,4,0.011045,0.233289,0.075349,0.052614,0.265246,0.146922,0.215536
2206_112_2222_2246,3,3,0.014615,0.053053,0.019391,0.810236,0.026113,0.025442,0.051151
2208_111_121_148,5,1,0.101131,0.403555,0.072622,0.020337,0.021088,0.330642,0.050625
2208_112_1276_1308,1,1,0.070078,0.384361,0.019335,0.212688,0.025453,0.021627,0.266458
2208_112_1110_1188,1,1,0.09173,0.569618,0.108888,0.059264,0.047788,0.071224,0.051488
2208_112_161_281,0,1,0.148545,0.583682,0.047236,0.045425,0.025995,0.099758,0.049358
2208_112_818_975,0,1,0.136654,0.690387,0.023437,0.025824,0.039124,0.070724,0.01385
2208_111_1318_1409,5,0,0.64811,0.277526,0.020956,0.012145,0.013407,0.016036,0.01182
2208_112_438_666,0,1,0.063204,0.747546,0.011788,0.083162,0.039175,0.032733,0.022393
2208_111_301_426,1,1,0.076717,0.691356,0.059464,0.020357,0.099889,0.035206,0.017012
2208_111_988_1086,1,1,0.031852,0.507714,0.295343,0.01141,0.077377,0.063493,0.012811
2208_112_31_103,0,1,0.315463,0.438383,0.046718,0.045633,0.028317,0.110625,0.014862
2208_111_1205_1262,5,5,0.027889,0.043676,0.047268,0.006455,0.00938,0.861933,0.0034
2208_111_679_807,1,1,0.345316,0.534582,0.026608,0.011684,0.035148,0.032588,0.014074
2208_112_1410_1449,1,1,0.1052,0.624994,0.02314,0.054508,0.054242,0.047771,0.090146
2209_112_1267_1432,0,1,0.011049,0.373669,0.339525,0.038219,0.174571,0.032456,0.030511
2209_112_2034_2166,3,4,0.013037,0.191882,0.185104,0.196084,0.294786,0.014356,0.104752
2209_111_1074_1254,1,1,0.06214,0.424688,0.346312,0.010712,0.119402,0.02796,0.008785
2209_112_1579_1759,1,1,0.036539,0.541827,0.076834,0.03431,0.260952,0.021546,0.027992
2209_111_1795_1825,2,1,0.071854,0.463955,0.084409,0.018321,0.330126,0.014212,0.017123
2209_111_1443_1578,1,2,0.009939,0.134424,0.496115,0.007315,0.328359,0.015085,0.008763
2209_111_781_946,1,4,0.010937,0.112565,0.320014,0.031304,0.489772,0.017442,0.017966
2209_112_136_245,5,1,0.065169,0.479037,0.092091,0.012359,0.047609,0.279694,0.024041
2209_111_512_675,1,1,0.042566,0.416024,0.253949,0.06012,0.142692,0.055259,0.029389
2209_111_261_335,1,2,0.018104,0.247772,0.329709,0.060023,0.228172,0.05202,0.0642
2209_112_962_1068,0,5,0.029088,0.29251,0.033572,0.003693,0.022268,0.607538,0.011332
2209_112_353_488,5,5,0.009181,0.268747,0.207944,0.031289,0.085151,0.35701,0.040678
2209_111_31_103,1,1,0.184024,0.48694,0.174014,0.024594,0.069675,0.050561,0.010193
2209_112_1834_1926,3,1,0.030631,0.454684,0.112163,0.053814,0.269194,0.019367,0.060146
2209_112_712_765,5,5,0.045344,0.346637,0.023736,0.005783,0.011993,0.557988,0.008519
2209_111_1947_2018,2,2,0.004492,0.083829,0.499253,0.013525,0.388079,0.003637,0.007185
2211_111_31_215,1,4,0.012755,0.095316,0.133876,0.093149,0.520889,0.0412,0.102814
2211_111_839_1316,5,1,0.029737,0.617785,0.130124,0.027391,0.052339,0.106363,0.036261
2211_112_2031_2083,2,4,0.019827,0.260712,0.030314,0.058793,0.355624,0.01639,0.258339
2211_111_1643_1825,1,4,0.018585,0.279173,0.207736,0.029341,0.41276,0.033242,0.019163
2211_112_240_357,3,5,0.022558,0.194731,0.061841,0.129388,0.131406,0.384085,0.075991
2211_111_1451_1497,6,2,0.010002,0.214231,0.367382,0.084387,0.235825,0.011983,0.076191
2211_112_1342_1437,5,5,0.004002,0.063956,0.022648,0.023659,0.016281,0.845209,0.024245
2211_112_519_601,5,5,0.022376,0.400625,0.035349,0.035407,0.057904,0.412339,0.035999
2211_111_612_761,1,1,0.029404,0.533523,0.088655,0.082372,0.063474,0.143711,0.058861
2211_111_378_493,1,1,0.027243,0.644118,0.154594,0.012331,0.128638,0.020583,0.012492
2211_112_1526_1634,5,4,0.019593,0.258678,0.071835,0.042768,0.31544,0.195508,0.096179
2211_112_778_823,5,5,0.011734,0.170047,0.024974,0.025544,0.021365,0.686103,0.060234
2211_112_1831_1915,5,3,0.023732,0.251116,0.055759,0.316181,0.102238,0.03768,0.213294
2211_111_1926_2025,1,1,0.014153,0.40451,0.110792,0.020118,0.395193,0.015173,0.040062
2415_121_84_222,0,1,0.140213,0.687065,0.043796,0.019148,0.089333,0.00787,0.012575
2415_122_1240_1609,0,0,0.646935,0.274351,0.026058,0.003849,0.029979,0.011804,0.007025
2415_121_1024_1225,1,2,0.047712,0.233457,0.445497,0.022699,0.202473,0.032635,0.015528
2415_122_1666_1953,0,1,0.258252,0.38152,0.207141,0.051506,0.046705,0.028025,0.02685
2415_122_227_498,0,0,0.525752,0.422938,0.017429,0.003694,0.014743,0.010485,0.004959
2415_122_710_1013,0,0,0.554455,0.381402,0.023482,0.004228,0.017553,0.014379,0.0045
2415_122_558_638,0,0,0.479203,0.429314,0.040276,0.006337,0.024867,0.014853,0.00515
2415_122_31_59,0,0,0.494055,0.273626,0.068043,0.005195,0.016316,0.131579,0.011186
2415_121_656_696,2,4,0.027142,0.301464,0.230311,0.008786,0.417284,0.007451,0.007563
2415_121_1619_1645,1,2,0.012861,0.155963,0.651164,0.013733,0.104299,0.036525,0.025455
2415_121_512_543,2,2,0.019711,0.272625,0.393095,0.062973,0.174538,0.027602,0.049456
2415_121_1977_2006,1,4,0.018834,0.310257,0.236341,0.030856,0.345014,0.012541,0.046157
2427_122_31_233,1,1,0.071289,0.367595,0.192886,0.010599,0.05241,0.284534,0.020687
2427_122_1244_1312,1,1,0.093011,0.827784,0.038427,0.008567,0.015912,0.008101,0.008197
2427_121_1083_1224,4,1,0.166375,0.591247,0.103616,0.032234,0.058326,0.034533,0.013668
2427_122_1538_1739,4,4,0.017841,0.185885,0.211148,0.013896,0.55132,0.013229,0.006681
2427_121_1348_1495,4,1,0.374481,0.559392,0.018918,0.01212,0.018764,0.012121,0.004204
2427_121_681_945,4,1,0.10145,0.644374,0.065064,0.021788,0.12975,0.024086,0.013489
2427_122_370_666,1,1,0.098212,0.610472,0.089628,0.047577,0.089982,0.032493,0.031635
2427_121_1753_1796,4,4,0.011132,0.365692,0.11718,0.007002,0.462962,0.010752,0.02528
2427_121_278_340,4,4,0.019802,0.271397,0.149014,0.121361,0.328806,0.038645,0.070974
2427_122_973_1069,1,1,0.155138,0.670451,0.074107,0.016067,0.01609,0.058153,0.009995
2424_122_31_210,1,1,0.251742,0.57228,0.033505,0.019048,0.096638,0.010001,0.016786
2424_121_1092_1446,3,3,0.014834,0.047728,0.083088,0.768185,0.052021,0.014644,0.019499
2424_121_220_435,1,3,0.023131,0.139455,0.065549,0.594717,0.127864,0.016096,0.033187
2424_122_1453_1572,3,3,0.034164,0.302633,0.137231,0.351367,0.024057,0.064873,0.085674
2424_121_836_993,6,3,0.03238,0.169805,0.089847,0.363904,0.037099,0.020418,0.286547
2424_122_1006_1082,1,1,0.187626,0.639237,0.053994,0.009464,0.040883,0.056179,0.012617
2424_122_445_486,1,1,0.302129,0.546892,0.043832,0.019659,0.021784,0.035134,0.03057
2424_122_600_636,1,1,0.228726,0.45233,0.034336,0.010129,0.00625,0.237519,0.03071
2424_122_720_827,1,1,0.082521,0.505417,0.055213,0.018523,0.064523,0.22892,0.044884
2424_121_642_709,3,3,0.013804,0.021631,0.041605,0.785954,0.006727,0.017863,0.112416
2424_121_495_589,3,3,0.012306,0.016047,0.044016,0.873116,0.022463,0.02497,0.007082
2425_122_31_176,1,1,0.26932,0.564732,0.037736,0.015844,0.014517,0.093155,0.004697
2425_122_1251_1312,1,1,0.081371,0.321568,0.178098,0.050649,0.054158,0.220873,0.093283
2425_121_1031_1237,4,4,0.032889,0.245612,0.135038,0.131869,0.335855,0.045437,0.073302
2425_121_184_278,4,1,0.025762,0.45928,0.290579,0.017122,0.15893,0.033043,0.015284
2425_122_1420_1619,1,1,0.469427,0.470296,0.022014,0.00655,0.017171,0.00855,0.005992
2425_121_880_942,4,4,0.029499,0.310327,0.295639,0.006017,0.335924,0.014933,0.007662
2425_121_1321_1402,5,1,0.057735,0.466236,0.194171,0.024372,0.094393,0.142263,0.020831
2425_122_510_595,5,1,0.065927,0.477142,0.109014,0.031892,0.016842,0.272131,0.027051
2425_122_289_368,5,5,0.013663,0.068417,0.093853,0.013548,0.02226,0.781454,0.006806
2425_121_602_728,4,4,0.008321,0.091325,0.34824,0.00867,0.516751,0.017312,0.009381
2425_121_376_476,4,2,0.010205,0.169543,0.489784,0.012057,0.233408,0.030074,0.05493
2425_122_742_868,0,1,0.188325,0.560864,0.058317,0.034098,0.037523,0.077087,0.043786
2425_122_953_1019,5,6,0.031416,0.221621,0.037918,0.251009,0.026924,0.136345,0.294766
2432_121_31_295,4,4,0.013317,0.205306,0.207172,0.144502,0.242563,0.074101,0.113039
2432_122_1213_1601,4,1,0.041108,0.656784,0.098174,0.020842,0.156286,0.014663,0.012143
2432_121_913_1186,4,1,0.122564,0.707275,0.040599,0.017582,0.076757,0.020139,0.015085
2432_121_1654_1743,4,1,0.195216,0.633418,0.020424,0.026566,0.063821,0.028031,0.032523
2432_122_1770_1911,4,4,0.032777,0.357957,0.094977,0.025571,0.447168,0.018778,0.022771
2432_122_321_402,4,1,0.069521,0.536091,0.126212,0.004433,0.231963,0.020629,0.011151
2432_121_620_728,4,1,0.136426,0.419467,0.340842,0.018109,0.047672,0.021858,0.015626
2432_121_427_485,4,1,0.067231,0.292047,0.275524,0.019257,0.287677,0.034554,0.02371
2432_122_760_879,4,1,0.017189,0.43481,0.336151,0.016078,0.15504,0.011802,0.02893
2432_122_516_587,4,1,0.038279,0.431851,0.296126,0.009945,0.175146,0.024804,0.023849
2438_121_31_166,0,3,0.010342,0.239793,0.225962,0.249667,0.150797,0.024397,0.099042
2438_121_1108_1379,2,2,0.021634,0.186543,0.647388,0.01293,0.091659,0.022449,0.017398
2438_122_1533_1710,0,1,0.199004,0.595312,0.097452,0.04272,0.021991,0.019161,0.02436
2438_122_187_272,5,1,0.34905,0.410173,0.071797,0.012419,0.017345,0.123031,0.016184
2438_122_1389_1486,0,1,0.155511,0.485598,0.064207,0.015754,0.038376,0.226158,0.014395
2438_121_855_946,3,3,0.046691,0.26057,0.055645,0.394174,0.058234,0.059792,0.124893
2438_121_296_608,1,4,0.033392,0.32509,0.166621,0.016218,0.41799,0.016729,0.02396
2438_122_626_844,1,5,0.013762,0.113468,0.172446,0.012151,0.013755,0.659362,0.015056
2438_122_964_1087,5,1,0.276479,0.442527,0.088074,0.023185,0.018627,0.12636,0.024748
2438_121_1500_1520,5,5,0.017645,0.146903,0.08798,0.018624,0.034536,0.588044,0.106268
3043_153_1128_1386,1,4,0.029698,0.025754,0.123058,0.010229,0.721864,0.010708,0.078688
3043_153_165_274,0,5,0.027601,0.031043,0.093047,0.057348,0.033307,0.747974,0.00968
3043_154_1399_1470,2,6,0.021461,0.083338,0.118501,0.19254,0.031228,0.037198,0.515734
3043_154_503_610,2,4,0.011808,0.027212,0.40421,0.022689,0.456384,0.033595,0.044102
3043_154_299_397,2,2,0.005219,0.063733,0.745437,0.002538,0.091456,0.030844,0.060773
3043_153_636_755,1,5,0.008743,0.038772,0.097435,0.053963,0.057926,0.73002,0.01314
3043_154_1014_1090,2,6,0.007369,0.046091,0.180883,0.083515,0.048935,0.013256,0.619952
3043_153_402_482,0,0,0.729844,0.129165,0.013398,0.01077,0.007525,0.104816,0.004481
3043_154_31_114,5,2,0.004057,0.02442,0.769336,0.012265,0.107962,0.057567,0.024394
3043_153_1507_1567,1,2,0.026337,0.096142,0.591738,0.024818,0.109247,0.095112,0.056606
3043_154_767_852,2,4,0.053451,0.220844,0.12166,0.075975,0.263799,0.03358,0.230691
3043_154_1567_1671,2,2,0.005434,0.039443,0.702477,0.013228,0.18336,0.023027,0.03303
3052_154_95_183,2,2,0.010907,0.159412,0.310531,0.024034,0.147242,0.053691,0.294183
3052_154_1132_1206,2,6,0.018929,0.138004,0.159669,0.13299,0.047282,0.105824,0.397302
3052_153_1569_1717,0,3,0.005488,0.010949,0.017263,0.868795,0.006093,0.032609,0.058803
3052_153_1813_1837,1,3,0.014508,0.052331,0.043009,0.612625,0.034729,0.012051,0.230746
3052_154_1727_1801,3,5,0.041053,0.023081,0.014251,0.203852,0.006452,0.697103,0.014209
3052_153_1335_1483,6,3,0.006045,0.024194,0.016539,0.6825,0.007457,0.063036,0.200228
3052_153_943_1127,3,5,0.008518,0.088247,0.026519,0.331604,0.016575,0.377038,0.151498
3052_153_31_82,3,6,0.0281,0.028742,0.019364,0.279362,0.028085,0.012571,0.603777
3052_154_1497_1540,1,2,0.010573,0.158187,0.381081,0.023268,0.222674,0.057586,0.146632
3052_154_776_888,1,6,0.005198,0.096465,0.115242,0.04556,0.064721,0.022556,0.650258
3052_154_383_433,4,2,0.013712,0.207133,0.333613,0.01833,0.297597,0.05586,0.073755
3052_154_258_321,3,2,0.017676,0.089625,0.589806,0.033771,0.125485,0.01667,0.126968
3059_153_90_235,4,6,0.009257,0.039057,0.089995,0.269477,0.161075,0.052575,0.378564
3059_154_1215_1324,4,6,0.01554,0.033307,0.045307,0.282551,0.059797,0.12124,0.442258
3059_153_1993_2056,5,1,0.038182,0.361249,0.153077,0.037969,0.20524,0.118462,0.085821
3059_153_1113_1198,6,1,0.048504,0.266822,0.043142,0.231166,0.259235,0.066803,0.084328
3059_153_1665_1699,6,4,0.012439,0.080783,0.044456,0.079173,0.422137,0.019925,0.341087
3059_154_247_317,6,6,0.011784,0.063764,0.018097,0.114864,0.028846,0.045726,0.71692
3059_154_1701_1960,4,4,0.015677,0.132838,0.114252,0.022656,0.522217,0.017443,0.174918
3059_154_1383_1653,4,4,0.019782,0.162184,0.180842,0.03023,0.472486,0.023731,0.110744
3059_154_886_937,4,6,0.009387,0.018881,0.011151,0.127376,0.010029,0.035628,0.787548
3059_153_1344_1362,4,3,0.012864,0.042113,0.029174,0.592882,0.029675,0.159642,0.133649
3059_154_475_808,3,4,0.050064,0.222188,0.078543,0.236304,0.260227,0.035878,0.116796
3059_153_332_475,5,6,0.017015,0.122584,0.040717,0.174958,0.23026,0.109431,0.305036
3059_154_1031_1097,4,6,0.010958,0.036156,0.068741,0.110111,0.336522,0.014645,0.422867
3059_154_31_86,1,6,0.006359,0.075223,0.017786,0.047288,0.115997,0.012039,0.725308
3059_153_825_885,4,1,0.059961,0.319316,0.104137,0.096952,0.155291,0.068461,0.195881
3059_153_953_984,6,4,0.019827,0.222198,0.05866,0.038742,0.551907,0.035964,0.072701
3058_154_31_144,6,3,0.107806,0.160442,0.04469,0.394822,0.014902,0.042395,0.234943
3058_153_1169_1353,4,1,0.175829,0.615298,0.070134,0.01485,0.056856,0.053825,0.013208
3058_153_1927_2088,4,1,0.143405,0.659158,0.06071,0.025699,0.066855,0.018843,0.025329
3058_153_1629_1787,4,5,0.073573,0.261504,0.066541,0.012853,0.042235,0.524295,0.019
3058_154_253_298,6,6,0.0417,0.170742,0.035141,0.296153,0.015391,0.02328,0.417594
3058_154_1822_1901,3,1,0.045465,0.404615,0.066611,0.028115,0.396166,0.013377,0.045651
3058_154_1385_1491,6,2,0.035695,0.122471,0.297844,0.041424,0.247458,0.107443,0.147665
3058_154_860_965,3,1,0.038866,0.306594,0.078309,0.140729,0.149643,0.242886,0.042973
3058_153_2286_2361,4,3,0.024036,0.231912,0.076488,0.238313,0.183951,0.025448,0.219852
3058_153_636_685,4,1,0.183501,0.675664,0.037403,0.00598,0.073576,0.01204,0.011837
3058_153_965_1049,4,1,0.396647,0.489845,0.027383,0.03268,0.023185,0.014249,0.016011
3058_153_787_850,4,5,0.119325,0.257326,0.067934,0.038138,0.042247,0.417572,0.057458
3058_154_2123_2196,3,0,0.722942,0.180929,0.025311,0.028134,0.014582,0.012918,0.015185
3058_154_705_743,6,5,0.041019,0.09524,0.028284,0.034383,0.026121,0.642823,0.13213
3058_154_1049_1085,3,3,0.03322,0.061195,0.015109,0.763712,0.019997,0.024798,0.081968
3058_153_213_253,1,6,0.010002,0.229031,0.132336,0.037017,0.21152,0.043442,0.336652
3058_154_536_566,5,5,0.0127,0.064252,0.032371,0.082698,0.022051,0.728378,0.05755
3062_153_107_178,5,5,0.006224,0.044495,0.021561,0.153203,0.01885,0.696062,0.059605
3062_153_1195_1347,1,1,0.155238,0.566335,0.052247,0.040008,0.065727,0.078612,0.041833
3062_154_1939_2061,3,3,0.161903,0.150339,0.061165,0.248641,0.016025,0.244407,0.11752
3062_154_1143_1187,5,5,0.049904,0.119422,0.030618,0.055312,0.020902,0.656437,0.067405
3062_154_1558_1759,3,6,0.033678,0.102538,0.015957,0.176139,0.084908,0.048626,0.538156
3062_153_224_285,4,6,0.052364,0.225966,0.035143,0.110931,0.103974,0.148253,0.323368
3062_153_1768_1937,5,3,0.063044,0.072715,0.01188,0.714346,0.014922,0.023873,0.099221
3062_154_899_963,3,6,0.023286,0.184634,0.12954,0.192243,0.069499,0.130395,0.270403
3062_154_1347_1446,4,3,0.018952,0.05125,0.014601,0.763295,0.011953,0.034012,0.105937
3062_153_2061_2134,1,0,0.607411,0.138818,0.014304,0.150498,0.00744,0.06854,0.01299
3062_154_178_199,3,6,0.006821,0.044097,0.032478,0.122571,0.051876,0.023738,0.718419
3062_153_964_1126,3,5,0.007229,0.04635,0.017363,0.17289,0.016422,0.678006,0.061739
3062_154_285_355,3,3,0.033273,0.049892,0.016838,0.798079,0.009334,0.019431,0.073152
3062_154_600_719,3,6,0.033001,0.242131,0.03657,0.10576,0.083391,0.014562,0.484585
3062_154_452_485,3,5,0.018016,0.016967,0.01291,0.402332,0.009429,0.453838,0.086508
3062_154_31_98,3,6,0.025525,0.076311,0.034535,0.232438,0.038775,0.011052,0.581364
3062_153_402_447,3,3,0.016188,0.042969,0.019901,0.721092,0.01437,0.142938,0.042541
3062_153_1482_1543,3,3,0.006337,0.005857,0.004729,0.93604,0.006883,0.013992,0.026162
3062_153_736_899,5,3,0.009241,0.033027,0.015819,0.631302,0.026138,0.166579,0.117894
3062_153_519_588,5,6,0.046825,0.176014,0.098999,0.080844,0.119477,0.236518,0.241324
3069_154_31_128,1,6,0.007346,0.055375,0.079432,0.046353,0.033317,0.144853,0.633323
3069_153_1296_1326,3,3,0.036952,0.166031,0.026478,0.52459,0.019953,0.028778,0.197217
3069_154_1157_1259,0,6,0.164269,0.189072,0.011998,0.222098,0.012079,0.019116,0.381368
3069_153_1641_1707,4,1,0.117413,0.463484,0.048198,0.203716,0.044457,0.035044,0.087687
3069_154_219_291,1,1,0.015268,0.512593,0.101193,0.017459,0.061863,0.106875,0.184748
3069_153_1454_1523,1,1,0.319695,0.411436,0.036961,0.024282,0.021626,0.158242,0.027759
3069_154_888_932,3,5,0.01831,0.109682,0.058654,0.023454,0.029686,0.400158,0.360054
3069_153_1126_1157,5,5,0.021517,0.094285,0.031194,0.01676,0.012499,0.786786,0.036959
3069_153_167_185,5,5,0.016847,0.03346,0.020145,0.02799,0.011966,0.734936,0.154657
3069_154_634_730,1,1,0.094704,0.582408,0.051476,0.074418,0.028991,0.105723,0.062279
3069_154_995_1041,3,0,0.444251,0.41735,0.02513,0.023198,0.019289,0.01411,0.056672
3069_154_471_548,6,6,0.02438,0.092002,0.030743,0.289376,0.012842,0.079626,0.471031
3069_153_342_447,1,1,0.20565,0.40929,0.025512,0.02359,0.012785,0.087003,0.236171
3069_153_811_872,1,6,0.015427,0.06417,0.048491,0.050652,0.114029,0.061671,0.64556
3069_154_1384_1422,1,1,0.242052,0.442047,0.030824,0.044746,0.09463,0.023651,0.12205
3069_154_1548_1585,1,1,0.252422,0.381754,0.066397,0.040274,0.134514,0.044831,0.079808
3069_153_564_580,5,5,0.019885,0.053276,0.051216,0.049185,0.028844,0.544161,0.253432
3069_153_961_979,5,1,0.050002,0.270974,0.127407,0.025588,0.239951,0.076519,0.209558
3329_168_124_241,0,1,0.085873,0.401605,0.070758,0.029096,0.244168,0.131184,0.037315
3329_167_1262_1396,4,1,0.245749,0.55936,0.015795,0.061956,0.035735,0.0355,0.045906
3329_168_1154_1216,3,1,0.314919,0.38274,0.018759,0.063314,0.019676,0.172028,0.028564
3329_167_1631_1878,4,1,0.156058,0.466171,0.067125,0.010523,0.260256,0.015203,0.024664
3329_168_1421_1597,0,1,0.270621,0.581003,0.021975,0.012455,0.036297,0.049421,0.028228
3329_168_856_992,1,5,0.023003,0.237373,0.023388,0.035815,0.008606,0.611521,0.060295
3329_168_542_596,1,3,0.046243,0.115594,0.061549,0.534524,0.031449,0.186242,0.024399
3329_167_1026_1132,4,1,0.386721,0.542654,0.012229,0.01378,0.016555,0.017529,0.010532
3329_167_260_518,1,1,0.040268,0.590925,0.055533,0.020679,0.233061,0.034888,0.024646
3329_167_616_837,0,1,0.307618,0.508022,0.028651,0.021761,0.045124,0.066416,0.022407
3329_167_31_78,3,3,0.011499,0.074562,0.062861,0.488313,0.030854,0.033227,0.298686
3329_168_1906_2033,0,1,0.188007,0.538278,0.038881,0.018891,0.069645,0.114383,0.031916
3325_167_2240_2492,4,2,0.004418,0.038179,0.698229,0.010955,0.209859,0.018674,0.019685
3325_168_126_204,1,2,0.009946,0.056218,0.48674,0.103848,0.059426,0.04774,0.236082
3325_168_1269_1318,1,6,0.011715,0.046304,0.019576,0.094809,0.025356,0.020719,0.781521
3325_167_1948_2151,0,0,0.52502,0.329094,0.012085,0.013853,0.0084,0.101038,0.010509
3325_167_1048_1268,5,5,0.006959,0.07936,0.038881,0.017935,0.021305,0.805593,0.029966
3325_167_1340_1811,3,3,0.049396,0.157899,0.030611,0.471753,0.017484,0.064188,0.208668
3325_167_221_537,5,4,0.052071,0.233315,0.117112,0.049488,0.448496,0.053209,0.046309
3325_167_941_971,1,6,0.10245,0.145395,0.026359,0.213265,0.018205,0.129916,0.36441
3325_168_558_627,1,6,0.018633,0.160851,0.114791,0.055145,0.138814,0.024732,0.487034
3325_167_31_58,3,6,0.013909,0.053256,0.026818,0.098957,0.01839,0.039499,0.749172
3325_168_2495_2568,1,1,0.085231,0.480311,0.040646,0.0599,0.23558,0.012371,0.085961
3325_167_665_861,0,1,0.212066,0.408147,0.087446,0.06093,0.15036,0.048331,0.03272
3325_168_1831_1935,0,1,0.164366,0.525051,0.025955,0.053316,0.081106,0.030049,0.120158
3325_168_992_1006,1,6,0.038013,0.156287,0.039895,0.10991,0.026407,0.221596,0.407891
3325_168_2163_2201,0,6,0.113148,0.245596,0.025382,0.16245,0.023683,0.069153,0.360588
3325_168_894_914,1,6,0.012319,0.029979,0.034811,0.179156,0.018534,0.100483,0.624718
3339_168_1198_1230,4,6,0.049068,0.234328,0.048766,0.15661,0.132011,0.050181,0.329036
3339_167_1110_1163,3,3,0.036688,0.12842,0.101064,0.303058,0.042929,0.144006,0.243835
3339_167_31_95,4,4,0.016897,0.111913,0.111413,0.045705,0.482609,0.037554,0.193909
3339_167_752_798,3,3,0.02623,0.125142,0.032182,0.373907,0.063309,0.018765,0.360466
3339_167_200_451,3,5,0.011679,0.190293,0.115789,0.039758,0.069196,0.468897,0.104388
3339_167_1017_1027,3,3,0.012228,0.047832,0.037031,0.528547,0.057878,0.073723,0.242761
3339_168_673_718,3,6,0.01037,0.060388,0.103428,0.108568,0.065905,0.142462,0.508879
3339_168_136_184,4,5,0.011373,0.144904,0.111621,0.051133,0.034868,0.506633,0.139467
3339_168_929_950,1,1,0.076947,0.285551,0.052101,0.073199,0.039345,0.208666,0.26419
3339_167_527_644,3,6,0.020498,0.198704,0.092022,0.182624,0.05208,0.136113,0.317958
3339_168_818_832,3,4,0.020103,0.081015,0.076128,0.276221,0.279671,0.028329,0.238533
3339_168_473_499,3,5,0.010274,0.110142,0.172155,0.05275,0.228079,0.245235,0.181365
3339_167_879_905,3,3,0.005747,0.010098,0.013757,0.651203,0.006629,0.028611,0.283955
3339_168_1064_1082,3,6,0.030748,0.221943,0.051037,0.112668,0.071663,0.054602,0.457339
3336_167_1247_1322,4,4,0.004679,0.086774,0.083718,0.004874,0.80297,0.004639,0.012346
3336_168_1987_2122,1,1,0.214684,0.528005,0.023752,0.034886,0.044861,0.027848,0.125964
3336_168_1014_1237,1,4,0.094316,0.285439,0.048987,0.045706,0.482062,0.024457,0.019033
3336_167_1668_1699,5,5,0.008744,0.04133,0.025966,0.025324,0.008568,0.694277,0.195791
3336_168_222_283,1,5,0.023806,0.100604,0.050863,0.043882,0.017295,0.62215,0.141399
3336_168_1713_1874,1,4,0.038025,0.210489,0.02572,0.017493,0.672408,0.010147,0.025719
3336_168_1357_1536,0,1,0.104013,0.638528,0.0431,0.036532,0.108298,0.03068,0.03885
3336_167_2198_2227,1,6,0.013944,0.179592,0.190067,0.0309,0.237267,0.015923,0.332308
3336_167_31_124,1,4,0.002315,0.056109,0.139939,0.004768,0.777572,0.005622,0.013675
3336_167_914_1007,1,1,0.015333,0.441143,0.214386,0.007394,0.250454,0.010562,0.060728
3336_168_517_727,1,4,0.029673,0.149026,0.194626,0.119746,0.293436,0.079671,0.133822
3336_167_310_504,1,4,0.014501,0.361883,0.161633,0.003914,0.435013,0.009489,0.013567
3336_167_745_830,1,4,0.008257,0.270094,0.140127,0.00462,0.535498,0.008393,0.033011
3336_168_1604_1662,6,1,0.061224,0.462426,0.094476,0.032777,0.152391,0.011417,0.185288
3336_167_1558_1589,2,4,0.020561,0.262007,0.127226,0.066198,0.372855,0.009492,0.141662
3336_168_852_896,1,6,0.014495,0.059866,0.172033,0.081528,0.125819,0.131187,0.415071
3336_167_1931_1965,5,5,0.060249,0.120756,0.029727,0.007123,0.013745,0.741933,0.026468
3353_168_31_135,3,3,0.01806,0.035796,0.012931,0.753599,0.005446,0.023348,0.150821
3353_167_685_812,3,1,0.054299,0.408616,0.066334,0.13362,0.066031,0.051544,0.219556
3353_168_845_1035,3,3,0.016649,0.064054,0.110741,0.480471,0.188008,0.018083,0.121994
3353_168_202_258,3,6,0.016879,0.101478,0.05306,0.220638,0.034538,0.038673,0.534733
3353_167_415_447,3,3,0.113403,0.138399,0.056078,0.340708,0.073156,0.1057,0.172556
3353_168_618_670,3,3,0.018374,0.020409,0.019557,0.856778,0.017552,0.047704,0.019624
3353_167_584_601,3,6,0.013878,0.037507,0.033298,0.035366,0.014373,0.077745,0.787833
3353_168_326_406,3,1,0.022427,0.446088,0.074421,0.086373,0.044104,0.057298,0.269289
3353_167_273_311,5,6,0.07438,0.200935,0.05528,0.178685,0.066179,0.068129,0.356412
3353_167_156_172,5,1,0.084082,0.290557,0.078021,0.119552,0.04314,0.126294,0.258355
3353_168_501_508,5,5,0.01419,0.031494,0.066341,0.125777,0.04167,0.658936,0.061593
3354_168_31_161,0,4,0.05316,0.26838,0.088302,0.037717,0.489933,0.028636,0.033872
3354_168_1102_1373,0,1,0.097113,0.40613,0.047822,0.036214,0.189527,0.110412,0.112782
3354_168_242_461,0,1,0.044544,0.388312,0.085403,0.021137,0.221921,0.094403,0.144279
3354_168_2698_3134,1,4,0.026594,0.229686,0.055401,0.021917,0.594844,0.017325,0.054232
3354_167_3148_3173,3,3,0.037774,0.153642,0.036642,0.451871,0.052062,0.036312,0.231697
3354_167_2517_2641,4,4,0.003648,0.045438,0.38023,0.024686,0.411239,0.008101,0.126659
3354_168_2204_2488,1,4,0.026977,0.23934,0.030952,0.047477,0.568547,0.013293,0.073414
3354_167_920_929,4,4,0.008274,0.060256,0.088931,0.046104,0.601844,0.023698,0.170892
3354_167_1924_2096,0,1,0.133165,0.460354,0.065031,0.021678,0.28281,0.018689,0.018273
3354_167_175_183,2,4,0.019371,0.178524,0.089952,0.041357,0.401494,0.01488,0.254421
3354_168_1644_1900,1,1,0.065499,0.399005,0.127378,0.019318,0.262826,0.080415,0.04556
3354_167_625_648,1,5,0.052257,0.211358,0.143342,0.035191,0.05357,0.447871,0.05641
3354_167_1464_1576,4,4,0.007833,0.069509,0.172811,0.028967,0.378494,0.049238,0.293149
3354_168_688_774,0,1,0.25807,0.415887,0.027749,0.007851,0.025067,0.234268,0.031109
3354_168_533_587,0,1,0.263964,0.392261,0.043043,0.043871,0.121294,0.034603,0.100963
3354_167_491_519,2,4,0.022164,0.243722,0.137808,0.009257,0.475773,0.008758,0.102518
3354_167_800_838,2,4,0.05409,0.275519,0.269344,0.019646,0.279496,0.02569,0.076215
3354_168_856_872,0,5,0.233282,0.287293,0.017149,0.015042,0.006818,0.391444,0.048971
3922_197_31_156,3,3,0.010224,0.015467,0.014731,0.851418,0.003235,0.012815,0.092109
3922_198_1588_1791,1,1,0.096626,0.476326,0.07586,0.037563,0.054598,0.027445,0.231582
3922_198_164_284,3,3,0.017652,0.035044,0.017329,0.474998,0.036305,0.00937,0.409302
3922_197_1413_1574,1,1,0.329092,0.467776,0.076742,0.01632,0.045691,0.041546,0.022833
3922_198_933_1145,1,6,0.01253,0.07356,0.118741,0.105466,0.014785,0.31609,0.358828
3922_198_1308_1405,1,6,0.012329,0.191542,0.095734,0.032779,0.226963,0.025495,0.415157
3922_197_590_714,3,3,0.030496,0.130262,0.012915,0.754112,0.010583,0.049056,0.012575
3922_197_307_393,3,3,0.017802,0.053893,0.019911,0.84967,0.004808,0.032181,0.021734
3922_198_414_587,3,3,0.017239,0.083048,0.011183,0.695991,0.00423,0.057908,0.130401
3922_197_1223_1290,5,6,0.018383,0.113394,0.048649,0.012727,0.011957,0.375983,0.418908
3922_197_788_848,3,3,0.029527,0.050686,0.034242,0.739613,0.012516,0.05222,0.081197
3922_197_1839_2030,1,3,0.044415,0.131836,0.029789,0.527171,0.035956,0.195339,0.035494
3922_198_751_783,3,3,0.014782,0.021289,0.014952,0.625436,0.008169,0.018008,0.297363
3921_197_31_139,1,1,0.125412,0.305081,0.278243,0.013993,0.050356,0.097615,0.129299
3921_197_1142_1369,0,0,0.906773,0.058056,0.007691,0.007665,0.003782,0.009551,0.006482
3921_197_1615_1705,0,0,0.501013,0.276274,0.038455,0.040308,0.009612,0.108662,0.025676
3921_197_210_278,0,0,0.47167,0.386605,0.023975,0.012834,0.026548,0.067139,0.011228
3921_198_1716_1812,1,1,0.279496,0.473078,0.016375,0.027699,0.007452,0.177584,0.018316
3921_198_1376_1614,0,0,0.468467,0.413299,0.009806,0.014741,0.006264,0.027663,0.059761
3921_197_874_1011,0,1,0.412549,0.467029,0.029342,0.029273,0.024601,0.016518,0.020688
3921_198_539_625,1,1,0.202944,0.55836,0.049382,0.017582,0.042456,0.024751,0.104525
3921_198_148_193,1,1,0.218232,0.612493,0.03017,0.027924,0.033524,0.026317,0.05134
3921_198_1040_1138,1,1,0.315093,0.476771,0.029505,0.039186,0.008836,0.067333,0.063276
3921_198_296_387,1,1,0.065412,0.464161,0.043004,0.04003,0.035962,0.02661,0.324822
3921_197_630_724,1,0,0.446747,0.401968,0.028773,0.014557,0.029338,0.068517,0.010101
3921_197_396_539,0,0,0.402703,0.253574,0.042761,0.020997,0.023488,0.228951,0.027526
3921_198_743_870,1,1,0.383676,0.429825,0.014229,0.055888,0.007126,0.074617,0.034639
3930_198_110_225,6,6,0.015175,0.06467,0.097998,0.236829,0.057541,0.136047,0.39174
3930_198_1199_1316,6,6,0.012567,0.112008,0.175764,0.108096,0.073604,0.112304,0.405657
3930_197_1623_1732,4,4,0.005533,0.095324,0.302231,0.020112,0.492916,0.02545,0.058434
3930_197_246_385,1,4,0.005253,0.156135,0.318308,0.029772,0.367284,0.008105,0.115141
3930_198_1411_1584,1,5,0.025151,0.162581,0.065396,0.040119,0.035025,0.449006,0.222723
3930_198_940_992,6,6,0.018934,0.083701,0.083707,0.06644,0.020855,0.175628,0.550735
3930_198_577_789,3,3,0.008448,0.082275,0.034953,0.491356,0.063643,0.063278,0.256048
3930_197_1013_1142,6,4,0.012845,0.279399,0.140101,0.051516,0.3038,0.043517,0.168822
3930_197_1328_1346,6,6,0.037086,0.096336,0.031119,0.262242,0.045279,0.019633,0.508305
3930_197_475_547,5,5,0.010162,0.09832,0.108492,0.03847,0.042504,0.602941,0.099112
3930_197_31_104,6,4,0.01695,0.179266,0.126147,0.075377,0.293166,0.029847,0.279248
3930_198_399_470,3,3,0.016783,0.04161,0.042979,0.617801,0.076202,0.097757,0.106868
3930_197_792_908,4,4,0.005894,0.215787,0.105806,0.037482,0.569896,0.011041,0.054093
3930_198_1768_1784,1,4,0.026888,0.185159,0.238012,0.032283,0.31667,0.071307,0.129682
3932_197_31_210,2,5,0.017299,0.153126,0.197399,0.01838,0.062392,0.476989,0.074416
3932_197_2035_2211,4,1,0.107456,0.482573,0.02789,0.024672,0.31565,0.025332,0.016426
3932_198_1149_1260,1,4,0.015098,0.145553,0.160168,0.034638,0.368445,0.061417,0.21468
3932_197_1605_1924,2,1,0.056501,0.373917,0.17083,0.033503,0.309037,0.01359,0.042622
3932_198_233_400,6,6,0.015128,0.140036,0.101748,0.043912,0.255356,0.171422,0.272398
3932_198_1440_1587,2,4,0.014541,0.250115,0.124769,0.008453,0.545249,0.020922,0.03595
3932_197_749_942,2,4,0.032873,0.253779,0.061476,0.014861,0.600306,0.012209,0.024497
3932_198_950_1080,1,1,0.05738,0.385096,0.062241,0.095876,0.162096,0.022686,0.214625
3932_197_1313_1423,1,1,0.026888,0.458487,0.039735,0.028516,0.379168,0.01523,0.051976
3932_198_562_721,6,1,0.044736,0.404836,0.055719,0.043307,0.319265,0.040866,0.091271
3932_197_1088_1127,0,1,0.094836,0.574896,0.059278,0.035685,0.126626,0.015985,0.092694
3932_197_415_543,0,1,0.022464,0.353712,0.209518,0.015529,0.257681,0.068505,0.072591
3932_198_1954_2022,4,4,0.010115,0.085282,0.114818,0.049693,0.623283,0.017169,0.09964
3935_198_2489_2573,5,0,0.504296,0.064077,0.016686,0.155226,0.010663,0.234214,0.014839
3935_198_96_128,3,6,0.032312,0.146296,0.014577,0.164504,0.031152,0.007238,0.603919
3935_197_1029_1498,1,1,0.138561,0.355072,0.082679,0.121979,0.047239,0.090097,0.164374
3935_197_179_275,1,1,0.252691,0.511343,0.048075,0.027602,0.036781,0.079289,0.044219
3935_197_2616_2871,5,5,0.044769,0.020517,0.008807,0.021757,0.003068,0.898697,0.002385
3935_197_3031_3206,0,0,0.547674,0.214849,0.137326,0.004941,0.065313,0.018984,0.010912
3935_197_680_935,5,3,0.053827,0.257514,0.09529,0.355928,0.061119,0.043913,0.132409
3935_198_2897_2975,3,0,0.725219,0.178697,0.027418,0.016393,0.016746,0.018382,0.017144
3935_198_1958_2255,5,2,0.057082,0.206544,0.383208,0.044026,0.177036,0.059982,0.072123
3935_197_1615_1931,6,5,0.234468,0.197106,0.053868,0.029983,0.072495,0.342013,0.070066
3935_198_575_679,1,1,0.032973,0.25686,0.223597,0.068308,0.149399,0.094112,0.174751
3935_198_1522_1562,1,1,0.080164,0.345692,0.022234,0.02379,0.015872,0.339933,0.172315
3935_198_956_1014,5,2,0.028765,0.213519,0.308743,0.036517,0.154243,0.028,0.230213
3935_198_295_400,1,5,0.108354,0.256323,0.013672,0.154703,0.014144,0.405393,0.04741
3935_197_2309_2453,6,6,0.077609,0.184854,0.039757,0.124154,0.06236,0.195754,0.315512
3935_197_461_561,6,1,0.070875,0.417984,0.023691,0.25793,0.114106,0.028913,0.086501
3935_197_31_81,6,6,0.016114,0.081167,0.06186,0.116321,0.037686,0.325238,0.361614
3945_198_1269_1313,1,5,0.034435,0.152122,0.194396,0.013659,0.028436,0.301844,0.275108
3945_198_1589_1812,1,1,0.047632,0.381984,0.203633,0.009962,0.021207,0.265709,0.069873
3945_198_140_357,6,6,0.008264,0.05318,0.202709,0.031889,0.018944,0.049792,0.635222
3945_198_1407_1461,0,5,0.049746,0.257455,0.21615,0.010107,0.01733,0.324287,0.124925
3945_198_833_1178,6,6,0.01638,0.08445,0.084572,0.05303,0.020662,0.0603,0.680606
3945_197_1341_1353,5,5,0.018828,0.073636,0.040543,0.010668,0.011918,0.787897,0.056508
3945_198_479_731,6,6,0.014306,0.069873,0.059976,0.120372,0.027612,0.025094,0.682766
3945_197_380_454,6,6,0.014279,0.211235,0.20591,0.06177,0.097653,0.016758,0.392395
3945_197_1486_1535,5,5,0.010071,0.076621,0.11761,0.006393,0.015492,0.747296,0.026517
3945_197_1832_1911,4,1,0.012477,0.436416,0.279636,0.014081,0.185641,0.045208,0.026541
3945_197_1189_1198,6,6,0.014842,0.086626,0.103559,0.075356,0.048806,0.029987,0.640824
3945_197_745_798,6,6,0.015359,0.240809,0.219021,0.021802,0.218875,0.014883,0.269251
3945_198_1948_2022,0,1,0.07484,0.296889,0.100787,0.063674,0.104817,0.08292,0.276074
3945_197_100_109,3,6,0.024072,0.137791,0.135672,0.146215,0.103206,0.01204,0.441003
3945_198_31_36,1,6,0.024656,0.092651,0.036919,0.120836,0.009671,0.049838,0.665429
3946_197_31_198,3,5,0.051133,0.279396,0.080086,0.053707,0.02995,0.477637,0.02809
3946_198_1225_1331,3,3,0.024368,0.165056,0.078615,0.455576,0.055426,0.141441,0.079518
3946_197_1101_1196,4,1,0.044404,0.605447,0.034195,0.075672,0.144318,0.036315,0.05965
3946_198_219_360,3,1,0.033653,0.579887,0.066052,0.035759,0.112211,0.112234,0.060205
3946_197_1356_1472,5,1,0.048672,0.438202,0.078387,0.028217,0.039175,0.336643,0.030703
3946_198_909_1080,6,1,0.03399,0.418499,0.113168,0.05754,0.215552,0.06373,0.097521
3946_197_573_639,1,6,0.033619,0.218902,0.062812,0.058383,0.067387,0.133782,0.425115
3946_197_375_478,1,1,0.072585,0.63829,0.045795,0.042457,0.041255,0.057793,0.101825
3946_198_1510_1594,3,5,0.004666,0.005309,0.006006,0.476119,0.003404,0.501396,0.003099
3946_197_798_873,4,1,0.034018,0.360461,0.067526,0.056081,0.356449,0.016721,0.108744
3946_198_660_781,5,3,0.010678,0.100144,0.074801,0.417131,0.035052,0.334377,0.027816
3946_197_1620_1657,6,5,0.027373,0.100523,0.102085,0.099491,0.037366,0.403051,0.23011
3946_198_487_494,5,5,0.026991,0.110291,0.045871,0.023969,0.018264,0.716256,0.058358
3942_198_109_305,3,3,0.009459,0.027577,0.023435,0.521884,0.075382,0.031191,0.311071
3942_197_1292_1368,3,4,0.014318,0.158911,0.126123,0.108855,0.333246,0.010992,0.247555
3942_198_1163_1276,1,1,0.234023,0.618985,0.014907,0.060906,0.02617,0.028931,0.016078
3942_198_1819_1864,3,3,0.049122,0.150202,0.037509,0.352272,0.036489,0.211727,0.16268
3942_197_1699_1804,3,5,0.020313,0.109919,0.054023,0.120301,0.045964,0.609935,0.039545
3942_198_1393_1477,1,1,0.109518,0.254778,0.04658,0.058422,0.057189,0.240233,0.23328
3942_198_899_1057,1,3,0.025317,0.100623,0.024426,0.479572,0.089183,0.101097,0.179782
3942_197_509_687,3,3,0.027274,0.248419,0.088883,0.356973,0.098238,0.047926,0.132287
3942_197_1082_1143,3,3,0.018596,0.025857,0.021901,0.798808,0.005733,0.060735,0.06837
3942_197_305_390,5,5,0.003293,0.029078,0.014151,0.06696,0.013787,0.847045,0.025685
3942_197_31_97,3,6,0.016997,0.041764,0.051544,0.30995,0.078411,0.15826,0.343074
3942_198_402_454,3,6,0.039325,0.169191,0.034082,0.092731,0.058646,0.015539,0.590485
3942_197_1503_1609,3,4,0.00628,0.145957,0.049328,0.032028,0.672333,0.011104,0.08297
3942_197_751_888,3,3,0.026498,0.216958,0.054628,0.346939,0.217515,0.032863,0.1046
3942_198_715_750,0,1,0.191077,0.250582,0.029374,0.078215,0.016834,0.223571,0.210346
3942_198_1629_1665,4,6,0.009421,0.02907,0.025333,0.356943,0.066989,0.089322,0.422921
3947_198_1260_1418,4,4,0.011637,0.096776,0.423838,0.010951,0.425668,0.01591,0.015221
3947_198_1962_2107,1,1,0.052495,0.257457,0.254514,0.020697,0.095581,0.106209,0.213046
3947_197_1114_1191,4,4,0.009957,0.125845,0.057798,0.010917,0.775701,0.007129,0.012652
3947_198_1554_1688,4,6,0.005213,0.095359,0.318298,0.023047,0.181128,0.045125,0.33183
3947_198_151_353,2,2,0.020259,0.118187,0.480086,0.033802,0.15763,0.135826,0.05421
3947_197_1727_1818,4,6,0.012756,0.17361,0.061242,0.062526,0.102767,0.035809,0.551291
3947_198_837_971,6,1,0.047071,0.567731,0.158447,0.018914,0.084099,0.03365,0.090088
3947_197_604_825,4,1,0.075996,0.752545,0.0433,0.009142,0.103882,0.00799,0.007146
3947_198_1034_1060,0,1,0.170488,0.64059,0.059056,0.01289,0.0278,0.026347,0.062829
3947_197_393_501,1,5,0.0177,0.209378,0.041021,0.013909,0.028517,0.644043,0.045432
3947_197_31_113,1,1,0.182062,0.70221,0.025075,0.021169,0.021,0.018932,0.029552
3947_197_1474_1505,5,1,0.022421,0.304701,0.253687,0.008632,0.06794,0.266679,0.075941
3947_198_1852_1903,5,5,0.052991,0.283353,0.148463,0.004036,0.028157,0.385217,0.097782
3947_197_2119_2196,0,0,0.647986,0.288604,0.011691,0.021063,0.006871,0.012899,0.010887
3947_198_518_575,2,2,0.006042,0.136465,0.519017,0.006767,0.122667,0.052585,0.156457
3947_197_990_1023,4,1,0.107903,0.727642,0.0333,0.007319,0.095283,0.006134,0.022419
3947_198_2219_2230,0,5,0.097348,0.115229,0.028392,0.023035,0.009817,0.586848,0.139332
3947_197_1924_1951,6,1,0.063066,0.448031,0.056912,0.085168,0.138057,0.037203,0.171563
3956_197_2453_3358,1,4,0.012178,0.077985,0.19074,0.014301,0.647305,0.009102,0.048387
3956_197_31_224,1,4,0.0066,0.07942,0.15322,0.005964,0.735666,0.00781,0.011319
3956_197_1206_1384,1,4,0.040254,0.346323,0.097655,0.005924,0.475634,0.011457,0.022752
3956_198_1413_1485,1,6,0.012498,0.050198,0.14329,0.038598,0.219143,0.038939,0.497334
3956_198_3429_3664,1,6,0.011626,0.070109,0.108056,0.094517,0.273273,0.016947,0.425471
3956_198_918_1153,1,4,0.032345,0.187916,0.158448,0.03506,0.448839,0.03958,0.097811
3956_197_1918_2080,1,4,0.009831,0.170419,0.068539,0.009499,0.706859,0.006636,0.028218
3956_197_573_882,1,4,0.007697,0.100471,0.105757,0.005062,0.752087,0.006434,0.022491
3956_197_1613_1730,1,4,0.013538,0.055278,0.134927,0.007047,0.757763,0.010227,0.02122
3956_198_2134_2364,1,4,0.020196,0.127322,0.164627,0.017793,0.535933,0.022622,0.111507
3956_197_3760_3804,1,4,0.006549,0.110276,0.373828,0.005574,0.449712,0.013076,0.040984
3956_198_1778_1881,1,6,0.008663,0.084182,0.105454,0.070949,0.333004,0.012398,0.385348
3956_198_3868_3962,0,6,0.013926,0.057032,0.032084,0.036508,0.101671,0.041202,0.717577
3956_198_270_502,1,4,0.008183,0.082247,0.167624,0.015361,0.681586,0.021067,0.023932
3960_197_31_205,0,0,0.707257,0.175694,0.008729,0.018368,0.006881,0.07223,0.010841
3960_198_889_1270,0,0,0.815809,0.108614,0.009003,0.010836,0.007019,0.044434,0.004285
3960_198_219_406,5,5,0.024398,0.020514,0.011269,0.084114,0.011194,0.841895,0.006617
3960_197_2775_2999,0,0,0.820291,0.081597,0.006069,0.050531,0.004755,0.02763,0.009126
3960_197_1305_1762,0,0,0.885784,0.050284,0.004691,0.003689,0.003687,0.049144,0.002721
3960_197_3495_3601,0,0,0.797757,0.119107,0.016913,0.021731,0.011528,0.023967,0.008997
3960_198_3027_3453,1,0,0.459522,0.115845,0.028567,0.153883,0.028522,0.173721,0.03994
3960_198_2519_2744,0,5,0.136798,0.028174,0.016228,0.028858,0.02928,0.751247,0.009415
3960_197_1944_2486,0,0,0.747019,0.083391,0.008683,0.019773,0.00372,0.133322,0.004093
3960_198_564_787,0,0,0.454797,0.165562,0.046946,0.068,0.068726,0.173943,0.022026
3960_198_1783_1937,0,0,0.689115,0.110981,0.016917,0.103999,0.01252,0.052687,0.013782
3960_197_410_552,0,3,0.106222,0.230923,0.019907,0.508443,0.016482,0.069863,0.04816
3960_197_789_847,0,0,0.83318,0.063128,0.012666,0.024905,0.006464,0.051539,0.008118
3960_198_3627_3649,0,5,0.247959,0.033401,0.018919,0.15503,0.010164,0.504184,0.030344
3962_200_1188_1423,3,3,0.033261,0.140303,0.02794,0.664101,0.0427,0.059392,0.032303
3962_199_1679_2056,1,3,0.023202,0.07113,0.028824,0.746709,0.040931,0.067927,0.021277
3962_199_151_320,3,3,0.014407,0.074083,0.02613,0.571778,0.048337,0.248429,0.016836
3962_199_1442_1486,5,3,0.010516,0.038123,0.024233,0.791974,0.020499,0.069057,0.045598
3962_200_670_936,3,3,0.008622,0.045058,0.017179,0.773427,0.031962,0.034865,0.088886
3962_199_944_1009,3,3,0.012882,0.011984,0.024486,0.776157,0.024836,0.13593,0.013725
3962_199_402_663,3,3,0.01173,0.051291,0.027136,0.825768,0.018752,0.031071,0.034251
3962_199_1057_1160,3,3,0.007678,0.027648,0.030084,0.709479,0.035841,0.110338,0.078932
3962_200_1011_1037,5,5,0.011358,0.044504,0.034924,0.07455,0.017797,0.7593,0.057567
3962_200_31_112,3,5,0.052065,0.145294,0.065109,0.270444,0.043851,0.272873,0.150364
3962_200_1498_1668,1,3,0.051537,0.347732,0.011422,0.385198,0.021588,0.108344,0.074178
3962_200_335_378,3,3,0.005525,0.004583,0.006544,0.847775,0.007126,0.123572,0.004875
3961_199_84_180,3,3,0.010327,0.015376,0.021633,0.8007,0.016945,0.028085,0.106933
3961_200_874_1297,3,3,0.008544,0.011689,0.005193,0.621738,0.005963,0.336354,0.010519
3961_199_1549_1749,3,3,0.010267,0.12799,0.099291,0.468361,0.152534,0.049945,0.091612
3961_199_230_361,3,3,0.012785,0.045616,0.023422,0.774427,0.051808,0.038778,0.053164
3961_200_1757_1853,5,5,0.005392,0.050898,0.011326,0.217089,0.01985,0.671206,0.02424
3961_200_188_209,5,5,0.030942,0.048391,0.022113,0.046007,0.010137,0.771513,0.070897
3961_199_1319_1453,3,3,0.008625,0.008568,0.010615,0.90162,0.012403,0.044314,0.013855
3961_199_582_784,3,3,0.037953,0.171977,0.036472,0.444796,0.234597,0.043724,0.030481
3961_200_364_566,5,5,0.041175,0.068209,0.007607,0.051552,0.016704,0.808258,0.006495
3961_200_31_78,5,5,0.0096,0.025187,0.020256,0.079491,0.009729,0.802069,0.053668
3961_200_1478_1516,3,5,0.008301,0.050385,0.034165,0.028862,0.012886,0.759883,0.105517
3961_200_789_826,3,3,0.01765,0.094345,0.036622,0.55732,0.108318,0.031597,0.154148
3961_199_1862_1907,3,3,0.055999,0.345638,0.032977,0.404292,0.050737,0.022288,0.08807
3961_199_836_861,3,3,0.027816,0.076297,0.033368,0.628701,0.090173,0.047082,0.096563
3961_200_1915_1934,3,3,0.015551,0.013592,0.026911,0.815971,0.014962,0.05872,0.054292
3965_199_31_174,3,2,0.008172,0.019243,0.472709,0.132874,0.182535,0.112538,0.071929
3965_200_1231_1482,0,1,0.315988,0.498295,0.035858,0.037483,0.039679,0.036797,0.0359
3965_200_1850_2084,0,0,0.424008,0.379524,0.013563,0.075065,0.021875,0.064962,0.021003
3965_199_995_1207,3,3,0.033138,0.24572,0.0497,0.357723,0.188786,0.070966,0.053967
3965_199_1530_1833,3,3,0.019346,0.06664,0.035959,0.56398,0.111173,0.030705,0.172196
3965_200_222_324,1,1,0.149259,0.340206,0.148019,0.100105,0.063997,0.038397,0.160017
3965_199_2100_2297,3,3,0.019459,0.035542,0.022997,0.765536,0.040576,0.023589,0.092301
3965_200_825_994,0,1,0.102479,0.741712,0.01733,0.038297,0.070146,0.011481,0.018554
3965_200_410_593,1,1,0.017469,0.525547,0.042483,0.028593,0.317701,0.031471,0.036737
3965_200_2310_2421,1,0,0.636232,0.194403,0.024708,0.053609,0.024863,0.049895,0.01629
3965_199_622_799,1,1,0.032895,0.506061,0.056352,0.054968,0.240531,0.031016,0.078178
3965_199_367_395,4,5,0.00404,0.019027,0.017836,0.188417,0.010286,0.652741,0.107654
3972_199_31_184,4,4,0.070872,0.211242,0.075162,0.127973,0.420712,0.056707,0.037332
3972_200_1250_1370,4,1,0.241576,0.631784,0.010764,0.062443,0.011503,0.017961,0.023969
3972_199_868_1218,4,4,0.032403,0.148103,0.030587,0.09052,0.638612,0.027354,0.032421
3972_200_1572_1682,1,1,0.235116,0.64806,0.01341,0.05001,0.024765,0.009712,0.018927
3972_200_222_443,1,0,0.544127,0.341871,0.024008,0.033191,0.029047,0.015971,0.011785
3972_199_1388_1526,1,1,0.084672,0.587169,0.033129,0.11416,0.106713,0.028763,0.045393
3972_199_2143_2464,3,3,0.044695,0.229159,0.023857,0.349823,0.070322,0.197869,0.084275
3972_200_2055_2110,4,4,0.018753,0.311262,0.040569,0.010608,0.415845,0.002592,0.20037
3972_199_455_573,3,0,0.334748,0.250695,0.032932,0.198268,0.098869,0.048501,0.035987
3972_200_665_849,4,1,0.234573,0.616612,0.014241,0.012216,0.07904,0.027704,0.015614
3972_199_1713_1756,3,3,0.015598,0.0387,0.033844,0.689455,0.073854,0.010874,0.137676
3973_200_118_163,4,6,0.00872,0.019157,0.014647,0.153316,0.022897,0.034651,0.746612
3973_199_1155_1300,0,0,0.58005,0.296855,0.037667,0.017167,0.023354,0.0321,0.012807
3973_199_1553_1833,1,1,0.129289,0.406376,0.043635,0.170818,0.128521,0.085143,0.036219
3973_199_177_289,5,5,0.073586,0.380287,0.035865,0.019029,0.014626,0.457425,0.019183
3973_200_1323_1503,1,0,0.613173,0.26484,0.008561,0.016604,0.012351,0.079855,0.004614
3973_199_786_974,1,1,0.307707,0.514951,0.03502,0.044034,0.033301,0.039734,0.025253
3973_199_527_604,1,1,0.348851,0.353853,0.020579,0.133401,0.009126,0.080721,0.053469
3973_200_1003_1134,1,0,0.476918,0.221282,0.009017,0.210283,0.007687,0.044124,0.030689
3973_200_325_470,1,1,0.15206,0.48222,0.015092,0.142076,0.019602,0.138483,0.050467
3973_200_633_772,0,0,0.726519,0.242601,0.005989,0.005033,0.003232,0.013423,0.003202
3973_199_31_88,5,3,0.00743,0.015736,0.036515,0.492358,0.014243,0.119955,0.313764
3973_200_1907_1975,0,0,0.851809,0.085416,0.023829,0.010159,0.009223,0.013008,0.006557
3979_200_1219_1332,3,3,0.015242,0.037475,0.025921,0.830808,0.054308,0.010016,0.026229
3979_199_1133_1207,3,5,0.013743,0.064935,0.018032,0.245284,0.016446,0.624308,0.017252
3979_200_234_337,1,0,0.43903,0.320543,0.021807,0.113105,0.026185,0.052953,0.026377
3979_200_1436_1556,3,3,0.008786,0.011192,0.009018,0.898058,0.029051,0.020214,0.023681
3979_199_891_968,3,3,0.008274,0.044444,0.020642,0.821837,0.033207,0.04662,0.024976
3979_199_1346_1423,3,3,0.021183,0.125691,0.031151,0.596814,0.084325,0.125488,0.015348
3979_200_591_619,6,3,0.060342,0.286706,0.016078,0.347954,0.12887,0.056968,0.103083
3979_199_145_197,1,5,0.058137,0.1696,0.042212,0.083032,0.01659,0.574106,0.056323
3979_200_984_1122,3,3,0.014576,0.046187,0.017699,0.597851,0.042165,0.088755,0.192767
3979_199_638_667,3,3,0.017881,0.054295,0.032807,0.651958,0.03267,0.185159,0.02523
3979_200_438_542,6,3,0.076349,0.22588,0.026526,0.292405,0.172556,0.04099,0.165295
3979_200_31_104,1,0,0.543811,0.275114,0.021633,0.059767,0.01684,0.029527,0.053307
3979_200_689_862,3,3,0.022273,0.106849,0.01067,0.752494,0.035089,0.03579,0.036835
3979_199_366_420,5,5,0.006256,0.025149,0.020624,0.027769,0.009838,0.867702,0.042661
3979_199_562_580,3,3,0.016596,0.049293,0.020608,0.783652,0.018334,0.076183,0.035335
3988_199_117_177,1,5,0.005628,0.023306,0.021204,0.023835,0.011195,0.864715,0.050118
3988_199_1188_1416,1,6,0.044065,0.070581,0.041157,0.241457,0.086705,0.058998,0.457037
3988_200_236_271,1,6,0.024488,0.165363,0.156447,0.131575,0.11039,0.128453,0.283285
3988_199_1698_1831,1,6,0.017597,0.158957,0.064083,0.098336,0.120192,0.044631,0.496204
3988_200_1460_1658,1,2,0.029143,0.199077,0.350332,0.016591,0.350036,0.031494,0.023327
3988_199_870_989,6,5,0.012885,0.123425,0.073256,0.120098,0.021536,0.353386,0.295414
3988_200_1002_1165,1,1,0.10546,0.380171,0.175372,0.046258,0.128105,0.10119,0.063443
3988_199_292_427,1,6,0.015517,0.103036,0.065245,0.209523,0.091492,0.085335,0.429852
3988_199_618_689,1,5,0.014521,0.12016,0.17954,0.012079,0.044783,0.476594,0.152322
3988_200_442_572,1,5,0.018263,0.06564,0.032845,0.03453,0.024905,0.755063,0.068753
3988_200_31_104,1,0,0.412605,0.06555,0.05669,0.041154,0.011921,0.38383,0.028251
3988_200_743_831,1,5,0.022107,0.066156,0.075538,0.023573,0.166739,0.591644,0.054243
3988_200_1855_1961,1,4,0.009452,0.239095,0.205292,0.01319,0.495435,0.01659,0.020945
3989_199_1282_1359,3,3,0.01006,0.050809,0.008587,0.835454,0.010239,0.050882,0.033967
3989_199_1535_1702,3,3,0.015267,0.06058,0.016238,0.783449,0.024094,0.053816,0.046556
3989_199_253_333,3,3,0.008696,0.031302,0.0271,0.828767,0.016816,0.025238,0.062081
3989_200_1365_1523,3,3,0.030215,0.141561,0.017261,0.682946,0.039102,0.021736,0.067178
3989_200_899_1030,6,3,0.021997,0.31297,0.015988,0.555937,0.030434,0.038203,0.02447
3989_200_139_243,6,1,0.070393,0.584269,0.032366,0.013182,0.028083,0.238919,0.032788
3989_199_453_634,3,3,0.029966,0.128145,0.027912,0.515524,0.102607,0.084753,0.111093
3989_199_1041_1148,3,3,0.039384,0.138191,0.018429,0.70678,0.019376,0.057834,0.020006
3989_199_31_97,3,3,0.020331,0.044623,0.093673,0.574002,0.038673,0.129493,0.099205
3989_200_348_448,5,5,0.003434,0.041986,0.012628,0.003107,0.005759,0.925181,0.007904
3989_200_1193_1276,3,3,0.010782,0.061318,0.033417,0.68044,0.024897,0.127206,0.061941
3989_199_768_873,3,3,0.010354,0.070764,0.012512,0.816474,0.026208,0.02528,0.038408
3989_200_644_747,3,5,0.006971,0.030593,0.018543,0.403124,0.020492,0.453338,0.066939
3989_200_1710_1757,3,3,0.008507,0.007138,0.006809,0.93618,0.005702,0.029662,0.006002
3986_200_2015_2223,1,5,0.031499,0.306113,0.070917,0.067866,0.059507,0.433578,0.030519
3986_200_178_296,1,4,0.02492,0.215858,0.127272,0.066377,0.432266,0.03971,0.093596
3986_200_1712_1801,1,5,0.05169,0.19674,0.071802,0.079564,0.029902,0.305055,0.265247
3986_199_736_966,1,1,0.058052,0.447094,0.200891,0.048349,0.119295,0.058545,0.067775
3986_200_1310_1456,1,1,0.039921,0.347051,0.043044,0.214905,0.167145,0.025128,0.162806
3986_199_529_631,1,2,0.004004,0.158842,0.295279,0.076064,0.208472,0.046774,0.210564
3986_200_988_1175,1,1,0.124336,0.467876,0.024229,0.235227,0.055954,0.066707,0.02567
3986_200_2321_2458,1,1,0.070351,0.408605,0.058921,0.264036,0.07921,0.015307,0.103569
3986_200_390_493,1,4,0.016415,0.26626,0.079568,0.093569,0.28855,0.030807,0.22483
3986_199_1490_1650,1,2,0.010512,0.14513,0.561855,0.027605,0.170846,0.022389,0.061663
3986_199_1207_1264,1,6,0.02299,0.195453,0.121276,0.083274,0.263031,0.032402,0.281575
3986_199_1845_1959,1,6,0.045819,0.243852,0.053239,0.06806,0.08609,0.01955,0.483391
3986_200_648_705,1,3,0.03732,0.145527,0.039944,0.52887,0.073776,0.020529,0.154033
3986_199_2245_2266,1,4,0.011836,0.086726,0.296011,0.03307,0.507248,0.011708,0.0534
4333_217_31_215,1,4,0.023197,0.292153,0.142843,0.027618,0.407699,0.039488,0.067001
4333_217_913_1310,1,1,0.06581,0.522935,0.058299,0.017704,0.252169,0.02272,0.060363
4333_217_2033_2132,3,3,0.026368,0.097036,0.021875,0.543144,0.02114,0.087658,0.202779
4333_217_1461_1775,0,1,0.324848,0.492183,0.035866,0.024393,0.045688,0.036662,0.04036
4333_218_232_367,3,3,0.022852,0.053699,0.019727,0.667679,0.025545,0.043581,0.166918
4333_218_1807_1837,3,5,0.035551,0.109574,0.12158,0.2598,0.045402,0.374517,0.053576
4333_218_1332_1456,3,1,0.231654,0.329306,0.073149,0.117114,0.050849,0.086631,0.111298
4333_217_376_708,0,5,0.018876,0.085049,0.013222,0.181517,0.007462,0.63324,0.060634
4333_218_733_889,3,6,0.031687,0.110456,0.031194,0.255598,0.031729,0.129698,0.409638
4333_217_1854_1895,3,3,0.009696,0.011967,0.016369,0.806492,0.008325,0.018455,0.128695
4333_218_1934_2032,6,1,0.075284,0.421543,0.031397,0.356963,0.040113,0.035312,0.039387
4483_225_1295_1350,5,5,0.017881,0.068455,0.018751,0.017706,0.014262,0.814492,0.048453
4483_226_1179_1270,1,4,0.030852,0.272932,0.051358,0.105666,0.406069,0.035322,0.097802
4483_226_225_343,1,1,0.209671,0.589272,0.054381,0.02011,0.041306,0.064811,0.020449
4483_226_1368_1480,1,4,0.04974,0.382593,0.038885,0.030682,0.443541,0.013322,0.041236
4483_225_827_952,4,1,0.082322,0.316153,0.094607,0.056243,0.257194,0.10016,0.09332
4483_225_559_765,6,4,0.01943,0.135876,0.097632,0.014759,0.682412,0.019388,0.030502
4483_225_139_190,6,2,0.020938,0.118024,0.262788,0.05389,0.207116,0.098457,0.238787
4483_226_963_1035,1,1,0.037631,0.43948,0.247678,0.108334,0.026956,0.059433,0.080489
4483_226_457_526,3,5,0.012294,0.135011,0.176742,0.107973,0.027894,0.406949,0.133137
4483_226_69_96,1,4,0.015883,0.1927,0.089552,0.016029,0.597679,0.050921,0.037235
4483_225_362_427,3,6,0.020183,0.086178,0.047028,0.149884,0.129346,0.018292,0.549088
4483_226_774_815,1,5,0.017266,0.061296,0.128538,0.205379,0.08697,0.309746,0.190806
4483_225_1056_1100,1,1,0.205653,0.339575,0.022426,0.1205,0.038331,0.082731,0.190784
4483_225_31_53,6,6,0.08918,0.24723,0.074591,0.101943,0.172183,0.030873,0.284
4488_225_31_226,4,4,0.096963,0.321666,0.102715,0.028164,0.345892,0.056714,0.047885
4488_226_1104_1301,6,6,0.008746,0.029957,0.014653,0.259392,0.018642,0.07367,0.594939
4488_226_1663_1690,3,5,0.094477,0.332228,0.050908,0.057401,0.039316,0.347142,0.078528
4488_226_244_353,1,6,0.120166,0.233026,0.034395,0.067825,0.037508,0.09767,0.40941
4488_226_1361_1630,3,6,0.025796,0.122334,0.025657,0.313839,0.036116,0.1167,0.359558
4488_225_883_962,4,4,0.02529,0.15997,0.212878,0.026598,0.306989,0.07133,0.196945
4488_225_1308_1356,5,5,0.003241,0.022173,0.014318,0.017402,0.007532,0.876987,0.058346
4488_226_503_628,4,1,0.057812,0.426427,0.065031,0.065725,0.154463,0.143446,0.087096
4488_225_636_701,4,2,0.014703,0.116751,0.472527,0.014913,0.322758,0.034068,0.024282
4488_226_976_1062,6,6,0.00794,0.05139,0.041917,0.267322,0.032032,0.041363,0.558037
4488_225_394_489,4,1,0.085194,0.444355,0.079199,0.019354,0.280232,0.029491,0.062174
4488_226_714_867,4,4,0.021268,0.119121,0.091094,0.031622,0.680543,0.026752,0.0296
4488_225_1073_1097,5,5,0.009248,0.013017,0.011891,0.082576,0.005981,0.823908,0.053378
4488_225_1634_1659,5,5,0.011478,0.019497,0.011999,0.028368,0.006091,0.905464,0.017102
4493_225_113_242,6,6,0.013852,0.165638,0.125641,0.025306,0.224036,0.069628,0.375901
4493_226_1127_1277,4,1,0.040923,0.385858,0.08381,0.036429,0.118207,0.141357,0.193415
4493_226_1613_1700,3,3,0.044861,0.072759,0.031948,0.714162,0.019164,0.029595,0.087511
4493_226_251_374,1,6,0.00564,0.064868,0.171922,0.087741,0.096778,0.052264,0.520787
4493_226_1372_1537,5,5,0.062736,0.107162,0.050348,0.075147,0.019749,0.665607,0.019251
4493_226_915_964,4,6,0.012485,0.085289,0.053243,0.178922,0.135871,0.020417,0.513773
4493_225_1299_1356,6,5,0.003498,0.016671,0.011596,0.217568,0.012266,0.724581,0.013821
4493_226_555_649,2,4,0.007678,0.137882,0.231716,0.033109,0.499062,0.028861,0.061691
4493_225_1031_1105,5,1,0.03707,0.289306,0.126848,0.019012,0.222331,0.157293,0.14814
4493_225_415_525,6,4,0.034188,0.268214,0.083513,0.044572,0.412419,0.042007,0.115086
4493_226_31_98,2,5,0.02074,0.106074,0.090451,0.103933,0.029043,0.327775,0.321984
4493_225_660_707,6,6,0.105609,0.203343,0.100107,0.033864,0.091882,0.192183,0.273011
4493_225_1548_1600,6,3,0.029284,0.012385,0.028943,0.576566,0.007755,0.329227,0.015841
4493_225_842_903,1,2,0.003931,0.099988,0.543311,0.020978,0.202604,0.090838,0.03835
4493_226_741_818,1,6,0.007258,0.074472,0.09322,0.044708,0.326803,0.044387,0.409151
4492_225_117_144,6,5,0.006898,0.040246,0.030274,0.020731,0.019514,0.729611,0.152725
4492_226_31_114,3,3,0.085425,0.111609,0.039069,0.552178,0.02601,0.054271,0.131438
4492_225_691_789,4,4,0.017788,0.089399,0.046371,0.105145,0.515096,0.024818,0.201382
4492_225_231_255,2,4,0.010033,0.066459,0.27252,0.016851,0.350107,0.178227,0.105803
4492_225_988_1084,4,4,0.01237,0.126473,0.104589,0.012501,0.674718,0.012392,0.056958
4492_226_284_461,1,4,0.047609,0.266805,0.207639,0.028236,0.389543,0.019372,0.040796
4492_226_637_670,6,6,0.035329,0.131892,0.095739,0.036575,0.061314,0.317886,0.321266
4492_226_916_958,4,5,0.005802,0.0498,0.036197,0.025218,0.026765,0.662962,0.193256
4492_225_578_621,6,4,0.008984,0.078415,0.34398,0.03074,0.359102,0.072455,0.106323
4492_226_168_199,3,1,0.054809,0.311889,0.054987,0.075974,0.200643,0.027318,0.27438
4492_226_1092_1138,4,4,0.011051,0.119751,0.099309,0.099061,0.367027,0.091282,0.21252
4492_226_807_855,3,6,0.010777,0.053022,0.05532,0.083139,0.015272,0.3238,0.45867
4492_225_468_498,3,3,0.012224,0.018497,0.116441,0.633615,0.132633,0.03271,0.05388
4492_225_863_893,1,6,0.021781,0.152617,0.103255,0.045009,0.076088,0.051899,0.549351
4492_226_536_571,3,6,0.017751,0.07517,0.076812,0.031344,0.018984,0.196224,0.583715
4501_225_108_183,1,6,0.01216,0.076527,0.032559,0.074475,0.030564,0.024338,0.749377
4501_225_1261_1398,1,1,0.024805,0.440573,0.15187,0.031042,0.272154,0.039623,0.039934
4501_226_1126_1261,1,4,0.028251,0.216102,0.176447,0.024249,0.470916,0.066786,0.017248
4501_225_1605_1712,1,1,0.032735,0.386568,0.038553,0.083703,0.318544,0.020005,0.119892
4501_225_249_329,1,6,0.030114,0.135173,0.186078,0.041226,0.225005,0.018135,0.364269
4501_226_1712_1866,4,4,0.007733,0.071065,0.35487,0.032315,0.463538,0.020968,0.049512
4501_226_1398_1605,1,4,0.017644,0.130496,0.198399,0.076286,0.424696,0.05832,0.094158
4501_226_853_995,1,5,0.006731,0.190284,0.24662,0.04222,0.028226,0.431746,0.054173
4501_226_183_249,5,5,0.005642,0.026719,0.036995,0.091834,0.008667,0.712525,0.117617
4501_226_507_598,1,5,0.081777,0.066001,0.027226,0.023611,0.020614,0.760456,0.020314
4501_225_995_1126,5,2,0.008336,0.07655,0.636244,0.05863,0.05152,0.094222,0.074497
4501_225_598_853,1,2,0.037008,0.182519,0.386199,0.055392,0.209255,0.058163,0.071464
4501_225_365_507,1,1,0.063554,0.408724,0.215922,0.019574,0.18611,0.028844,0.077272
4501_225_31_68,2,3,0.008934,0.012758,0.020609,0.591422,0.016743,0.034962,0.314573
4501_226_68_108,5,3,0.006239,0.007326,0.014581,0.613825,0.004738,0.071554,0.281737
4517_226_122_188,6,6,0.01588,0.152339,0.065782,0.103533,0.158965,0.055207,0.448294
4517_225_1263_1481,2,4,0.051533,0.327613,0.072813,0.018214,0.482508,0.019022,0.028296
4517_226_1125_1238,4,5,0.012874,0.091042,0.037547,0.017444,0.034396,0.743391,0.063305
4517_225_208_287,5,5,0.006647,0.039408,0.020155,0.030122,0.021491,0.853307,0.02887
4517_225_863_934,5,5,0.009,0.028662,0.011375,0.330107,0.012778,0.58972,0.018358
4517_226_939_964,3,3,0.012566,0.035975,0.061614,0.528361,0.016656,0.298824,0.046004
4517_226_515_664,1,6,0.010949,0.057705,0.025917,0.317765,0.02666,0.038401,0.522604
4517_225_981_1110,1,1,0.064646,0.521594,0.068045,0.020172,0.26384,0.013988,0.047716
4517_226_311_362,1,4,0.013675,0.136328,0.207791,0.013941,0.2664,0.160954,0.200911
4517_225_391_504,5,5,0.009376,0.100354,0.107641,0.030566,0.150423,0.564526,0.037114
4517_225_31_97,6,5,0.021678,0.132041,0.129959,0.020967,0.030481,0.531414,0.133459
4517_226_1506_1558,1,6,0.012967,0.069718,0.10732,0.103194,0.061439,0.06592,0.579442
4517_226_814_839,3,3,0.011805,0.038076,0.039018,0.759065,0.014502,0.07739,0.060144
4517_225_677_802,5,5,0.007049,0.035491,0.037181,0.076207,0.038577,0.71074,0.094756
4515_226_120_173,1,5,0.010315,0.050733,0.019233,0.018021,0.006429,0.843428,0.051842
4515_225_1281_1314,2,4,0.011696,0.182227,0.301769,0.013002,0.452462,0.012166,0.026678
4515_226_1149_1262,1,5,0.058916,0.058618,0.021114,0.013712,0.007036,0.82046,0.020144
4515_225_181_281,1,1,0.019173,0.728518,0.029026,0.004313,0.192679,0.012096,0.014195
4515_225_1411_1472,1,1,0.045413,0.782921,0.052689,0.012537,0.065122,0.027854,0.013464
4515_226_799_937,1,5,0.007405,0.049672,0.037066,0.106918,0.015669,0.6788,0.10447
4515_225_945_970,4,1,0.048799,0.341466,0.173008,0.015392,0.248211,0.091834,0.08129
4515_226_1322_1394,1,1,0.198527,0.604318,0.039409,0.02594,0.030179,0.048464,0.053164
4515_225_570_770,1,1,0.084688,0.606067,0.037571,0.038951,0.125548,0.052442,0.054732
4515_225_1095_1126,1,4,0.025086,0.250975,0.163186,0.019304,0.456279,0.031346,0.053824
4515_226_302_404,1,6,0.02485,0.20607,0.048716,0.208133,0.178927,0.11917,0.214134
4515_226_996_1066,1,5,0.056236,0.244156,0.053396,0.015842,0.032968,0.462469,0.134933
4515_226_438_550,3,3,0.006345,0.020098,0.019609,0.646364,0.012719,0.099814,0.195051
4515_225_31_101,4,4,0.008324,0.254007,0.121255,0.010659,0.311572,0.033934,0.260248
4515_225_411_429,5,5,0.061053,0.0738,0.023496,0.014786,0.02261,0.789216,0.015039
4721_238_119_248,1,5,0.004589,0.070666,0.096845,0.008196,0.008256,0.788998,0.022451
4721_238_1225_1324,4,6,0.009322,0.106619,0.091757,0.285567,0.086291,0.045841,0.374604
4721_237_1005_1224,4,5,0.014619,0.073518,0.034799,0.253404,0.253446,0.336269,0.033947
4721_237_1600_1727,4,4,0.007143,0.063874,0.115301,0.025945,0.711794,0.032758,0.043185
4721_237_250_507,1,4,0.020448,0.18565,0.117764,0.010629,0.329371,0.233868,0.102269
4721_237_1330_1473,4,4,0.013294,0.140217,0.220772,0.029167,0.549109,0.016203,0.031238
4721_238_726_1000,1,2,0.010288,0.171176,0.615414,0.022901,0.083806,0.050407,0.04601
4721_238_520_641,4,4,0.00434,0.081209,0.302131,0.014513,0.354066,0.133034,0.110707
4721_238_1744_1796,1,1,0.013814,0.34155,0.272328,0.015052,0.251032,0.028678,0.077546
4721_237_31_108,5,5,0.005458,0.021183,0.020603,0.030741,0.006544,0.862821,0.05265
4721_238_1503_1588,4,1,0.017825,0.35496,0.065026,0.225525,0.134565,0.019178,0.18292
4721_237_641_710,5,5,0.00887,0.09477,0.120301,0.00854,0.028274,0.717952,0.021292
4726_237_2182_2490,1,1,0.013619,0.399801,0.208186,0.027609,0.272049,0.018403,0.060334
4726_237_31_297,2,4,0.005453,0.10564,0.342204,0.006097,0.512048,0.014752,0.013806
4726_238_1099_1391,6,2,0.014306,0.139799,0.381771,0.043219,0.244632,0.035409,0.140864
4726_237_2864_3037,5,1,0.04748,0.468271,0.065326,0.013586,0.061887,0.318645,0.024806
4726_238_2661_2864,1,1,0.021928,0.298299,0.164132,0.19119,0.124852,0.059096,0.140504
4726_237_1391_1715,1,4,0.00656,0.184668,0.342848,0.014348,0.413906,0.013093,0.024577
4726_238_2490_2612,5,4,0.035759,0.324246,0.128918,0.073422,0.333142,0.070317,0.034196
4726_238_828_935,5,4,0.009277,0.086969,0.173427,0.048327,0.383389,0.065838,0.232772
4726_238_1715_2182,1,2,0.014541,0.120693,0.294004,0.194678,0.189419,0.082763,0.103902
4726_238_297_703,5,2,0.004376,0.103174,0.51826,0.024087,0.120899,0.178457,0.050747
4726_237_703_828,5,5,0.046102,0.28415,0.122043,0.022469,0.053028,0.459058,0.013151
4726_237_935_1099,1,1,0.03321,0.52362,0.18539,0.005617,0.187131,0.047029,0.018002
4726_237_2612_2661,1,4,0.024585,0.369779,0.062146,0.041613,0.411852,0.02234,0.067686
4725_237_31_144,4,4,0.007292,0.244925,0.271833,0.005202,0.420208,0.019747,0.030794
4725_238_1196_1317,1,1,0.022886,0.569891,0.095467,0.012879,0.158421,0.027967,0.112489
4725_237_1666_1753,4,6,0.016163,0.173239,0.120886,0.07353,0.058965,0.038882,0.518334
4725_237_254_474,1,1,0.018925,0.321014,0.24913,0.005348,0.294349,0.069028,0.042206
4725_238_1768_1842,4,6,0.004516,0.063463,0.070036,0.160593,0.071497,0.031057,0.598838
4725_238_1420_1505,1,6,0.007214,0.039395,0.011794,0.095482,0.025345,0.006635,0.814135
4725_237_838_961,1,1,0.007137,0.431318,0.165496,0.01438,0.050084,0.209957,0.121627
4725_238_156_230,5,5,0.013429,0.161432,0.069616,0.006422,0.018275,0.713003,0.017823
4725_237_1339_1393,6,5,0.019137,0.18568,0.19777,0.039571,0.025204,0.299236,0.233402
4725_238_489_622,1,1,0.074367,0.6259,0.150108,0.005534,0.087174,0.03496,0.021956
4725_237_1106_1182,5,5,0.00695,0.178932,0.055744,0.004884,0.010363,0.721376,0.021752
4725_238_988_1089,4,2,0.005563,0.150766,0.580855,0.007072,0.0901,0.100237,0.065407
4725_237_1523_1566,2,2,0.004945,0.113283,0.375185,0.021055,0.035576,0.194164,0.255792
4725_237_643_729,1,1,0.085015,0.587048,0.08069,0.009135,0.193487,0.017011,0.027613
4725_238_1574_1649,6,2,0.008712,0.124257,0.39475,0.018706,0.070085,0.116048,0.267441
4725_238_770_821,1,5,0.00643,0.152704,0.214511,0.005245,0.108784,0.284805,0.227521
4730_238_107_203,5,1,0.006069,0.360153,0.077955,0.035656,0.23506,0.171712,0.113396
4730_238_1271_1373,5,1,0.042603,0.376447,0.075052,0.11756,0.080591,0.110147,0.197599
4730_237_1100_1271,5,5,0.003202,0.078414,0.060642,0.078839,0.026233,0.71053,0.042141
4730_237_1625_1748,3,3,0.008883,0.0392,0.061445,0.789737,0.03112,0.016688,0.052928
4730_237_203_298,5,5,0.030622,0.151245,0.049316,0.020957,0.01421,0.669617,0.064032
4730_237_1373_1478,5,5,0.07743,0.273948,0.042037,0.013339,0.015761,0.569551,0.007935
4730_237_835_941,1,1,0.012539,0.639934,0.051978,0.189731,0.019195,0.063024,0.0236
4730_238_941_1100,3,6,0.004307,0.045351,0.058823,0.202064,0.021262,0.129738,0.538456
4730_238_551_620,5,5,0.003617,0.045165,0.042565,0.022409,0.007327,0.803795,0.075121
4730_238_1748_1774,5,6,0.013372,0.088157,0.057638,0.257565,0.055912,0.092405,0.434952
4730_238_298_455,5,5,0.010394,0.179629,0.186783,0.084983,0.13155,0.253556,0.153104
4730_237_620_762,5,5,0.004786,0.199433,0.18395,0.016156,0.054547,0.464965,0.076163
4730_237_455_551,1,5,0.004063,0.174506,0.044338,0.114733,0.070839,0.414029,0.177493
4730_237_31_107,1,3,0.010582,0.168677,0.050906,0.356339,0.148961,0.049777,0.214757
4730_238_1478_1625,1,6,0.010595,0.164583,0.075265,0.1735,0.018223,0.015048,0.542785
4730_238_762_835,3,6,0.00465,0.037665,0.121,0.035918,0.045868,0.034851,0.720048
4737_238_2455_2500,6,5,0.024297,0.20136,0.09082,0.057299,0.085069,0.359797,0.181358
4737_238_31_237,6,2,0.004688,0.139748,0.266461,0.055345,0.189546,0.174409,0.169803
4737_237_1282_1369,3,3,0.006036,0.016693,0.06295,0.728497,0.023799,0.145173,0.016853
4737_238_940_1265,6,5,0.007902,0.158599,0.088219,0.171013,0.044589,0.396855,0.132822
4737_237_2524_2901,6,1,0.035522,0.30345,0.223344,0.011309,0.067716,0.215397,0.143261
4737_237_1502_1947,5,2,0.005979,0.071512,0.710394,0.011039,0.153484,0.035929,0.011664
4737_238_505_649,3,5,0.004469,0.031512,0.044539,0.008373,0.013811,0.884849,0.012447
4737_238_2273_2342,6,6,0.016155,0.272487,0.13387,0.047686,0.162188,0.072953,0.294661
4737_237_2075_2269,3,2,0.006073,0.100896,0.46362,0.105784,0.179506,0.06941,0.074712
4737_237_679_881,5,5,0.002408,0.020366,0.071052,0.007816,0.006004,0.885521,0.006833
4737_238_1404_1454,6,5,0.007137,0.089915,0.253448,0.005025,0.021065,0.537154,0.086256
4737_238_2003_2049,6,4,0.014061,0.172938,0.156406,0.03352,0.48039,0.085899,0.056786
4737_237_264_488,2,5,0.008491,0.090108,0.234136,0.012813,0.066648,0.569083,0.01872
4737_237_2370_2429,6,5,0.056093,0.288803,0.079862,0.07321,0.029365,0.35908,0.113587
4747_237_31_183,1,1,0.053033,0.398813,0.125774,0.012197,0.065998,0.269504,0.07468
4747_238_1222_1471,1,6,0.002844,0.033633,0.215274,0.073767,0.0464,0.181908,0.446174
4747_237_1915_2142,4,4,0.037596,0.289064,0.05504,0.043879,0.500284,0.031124,0.043013
4747_237_976_1193,1,5,0.152768,0.300424,0.037028,0.034975,0.034375,0.409198,0.031232
4747_238_205_312,6,1,0.038693,0.628732,0.064473,0.018406,0.040102,0.11091,0.098684
4747_238_1690_1900,4,2,0.005364,0.219907,0.349465,0.052895,0.09129,0.100308,0.180772
4747_238_782_952,4,5,0.002802,0.056713,0.100623,0.056178,0.077994,0.554804,0.150887
4747_237_2228_2319,1,5,0.044618,0.106195,0.022561,0.006838,0.022545,0.787838,0.009405
4747_237_584_737,1,5,0.029753,0.20034,0.066818,0.013278,0.061961,0.611669,0.016181
4747_238_2336_2391,4,1,0.014146,0.54619,0.142307,0.026422,0.11459,0.042353,0.11399
4747_237_1497_1655,5,5,0.056556,0.175997,0.049034,0.283786,0.06602,0.285341,0.083266
4747_237_342_403,5,5,0.00863,0.050766,0.019273,0.020976,0.006436,0.871879,0.022041
4747_238_486_568,6,2,0.003904,0.07021,0.583876,0.01075,0.068398,0.109361,0.153501
4747_238_2157_2209,4,1,0.050096,0.538356,0.086571,0.043076,0.140247,0.041149,0.100505
4933_247_87_258,4,4,0.007879,0.103124,0.374213,0.013792,0.426674,0.037525,0.036793
4933_248_1225_1336,6,2,0.008547,0.154005,0.455665,0.04807,0.119621,0.068792,0.1453
4933_248_1901_2065,1,1,0.010383,0.453547,0.199405,0.021717,0.252172,0.027861,0.034916
4933_247_1030_1196,4,2,0.003925,0.052107,0.550039,0.011431,0.343576,0.027588,0.011333
4933_248_1555_1794,6,1,0.008565,0.30708,0.265296,0.038597,0.222806,0.08081,0.076846
4933_247_1815_1873,0,1,0.083856,0.547759,0.096687,0.016124,0.155677,0.026044,0.073853
4933_247_1360_1531,4,2,0.009109,0.171684,0.620964,0.006361,0.108143,0.06379,0.019948
4933_248_823_998,4,2,0.006203,0.230358,0.361689,0.066614,0.220846,0.029606,0.084684
4933_248_292_469,4,4,0.007429,0.1159,0.159417,0.048682,0.575856,0.044281,0.048434
4933_248_598_708,3,1,0.026684,0.457569,0.024033,0.053998,0.014809,0.385083,0.037826
4933_247_508_579,1,5,0.021595,0.201659,0.027701,0.070895,0.021642,0.582644,0.073865
4933_247_741_766,6,5,0.00832,0.044056,0.1701,0.170836,0.017741,0.402136,0.186811
4933_248_31_47,6,6,0.0065,0.071406,0.055301,0.137845,0.075316,0.020762,0.63287
4932_247_31_162,3,2,0.007843,0.088428,0.491357,0.015636,0.014918,0.314287,0.067532
4932_247_1176_1308,3,1,0.14835,0.21886,0.159346,0.147158,0.021102,0.203894,0.10129
4932_247_1552_1689,2,5,0.003731,0.044483,0.201248,0.015552,0.076813,0.636538,0.021636
4932_248_173_269,3,5,0.010468,0.076972,0.032969,0.077205,0.019727,0.750741,0.031918
4932_248_1701_1826,4,4,0.007504,0.220923,0.10909,0.110397,0.24347,0.085272,0.223343
4932_248_1412_1550,4,4,0.019987,0.149775,0.076259,0.257091,0.343101,0.093092,0.060695
4932_247_864_949,1,2,0.010522,0.170698,0.431949,0.028828,0.234955,0.088884,0.034164
4932_247_1351_1402,2,5,0.027984,0.115067,0.098305,0.022752,0.029817,0.542394,0.163681
4932_247_576_694,5,1,0.028993,0.615182,0.12292,0.028702,0.060658,0.122931,0.020613
4932_248_969_1165,3,1,0.027602,0.517584,0.054243,0.180703,0.095986,0.067637,0.056246
4932_247_277_450,3,5,0.003417,0.032234,0.04457,0.042737,0.005173,0.841064,0.030806
4932_248_458_572,6,1,0.019002,0.538179,0.048472,0.121817,0.027269,0.09853,0.146732
4932_248_721_845,3,1,0.022773,0.453427,0.060252,0.203653,0.018648,0.08998,0.151267
4932_247_1845_1903,4,5,0.136975,0.139347,0.062797,0.019357,0.048222,0.560052,0.03325
4932_248_1308_1333,3,3,0.012667,0.087254,0.041751,0.386771,0.012772,0.299687,0.159098
4944_248_68_131,5,5,0.015874,0.082888,0.025909,0.047228,0.017987,0.783554,0.026561
4944_248_1050_1319,1,4,0.008499,0.13841,0.077029,0.050098,0.639958,0.030031,0.055975
4944_247_1957_2050,5,5,0.090941,0.120582,0.137676,0.120277,0.060296,0.421898,0.048328
4944_247_1601_1759,1,4,0.013834,0.153256,0.153781,0.065669,0.362122,0.104725,0.146611
4944_248_249_349,5,1,0.061352,0.494778,0.053462,0.035629,0.036628,0.297556,0.020596
4944_248_1782_1956,1,4,0.006282,0.14208,0.160677,0.073126,0.503692,0.047864,0.066278
4944_248_1426_1577,6,1,0.015351,0.303617,0.10017,0.20071,0.136527,0.137372,0.106254
4944_248_762_970,5,3,0.007878,0.069093,0.037417,0.394719,0.181121,0.2543,0.055473
4944_247_132_210,5,5,0.009755,0.098998,0.117344,0.017495,0.022596,0.685582,0.048231
4944_247_1322_1425,5,3,0.060824,0.138549,0.159665,0.227002,0.179202,0.119054,0.115704
4944_248_528_598,5,5,0.044057,0.325795,0.050492,0.011533,0.016241,0.54477,0.007112
4944_247_626_749,1,4,0.003832,0.052755,0.319774,0.023356,0.518126,0.042955,0.039203
4944_247_351_504,5,1,0.069079,0.378242,0.254731,0.0177,0.143272,0.099837,0.037139
4944_247_31_60,1,3,0.018249,0.053432,0.083224,0.443054,0.036929,0.156594,0.208518
4944_247_971_1023,1,1,0.142858,0.506363,0.068738,0.141143,0.025321,0.04694,0.068637
4945_248_117_171,6,5,0.009722,0.097968,0.046573,0.027111,0.007615,0.789841,0.021169
4945_248_1223_1357,5,3,0.013929,0.134338,0.153546,0.224604,0.163448,0.170206,0.139928
4945_247_1088_1220,3,3,0.027193,0.080869,0.051527,0.515954,0.062672,0.179856,0.08193
4945_247_1660_1834,5,3,0.005841,0.007476,0.020894,0.90097,0.009862,0.048403,0.006554
4945_247_175_293,5,3,0.02236,0.108446,0.127022,0.393305,0.068473,0.083125,0.197269
4945_247_1361_1599,5,3,0.00775,0.011354,0.01841,0.847227,0.024185,0.032245,0.058829
4945_248_894_1083,6,1,0.019014,0.268594,0.093232,0.2619,0.186486,0.072133,0.098642
4945_248_569_690,1,1,0.075806,0.62796,0.059579,0.031027,0.072815,0.110546,0.022267
4945_248_298_382,1,1,0.131277,0.362499,0.097696,0.020229,0.031544,0.344885,0.011869
4945_247_386_564,4,3,0.022406,0.085331,0.040652,0.637475,0.020979,0.037972,0.155185
4945_247_31_112,3,3,0.014272,0.070427,0.068921,0.482231,0.017734,0.219043,0.127373
4945_247_695_890,4,1,0.044681,0.351378,0.20187,0.104271,0.066906,0.15694,0.073954
4945_248_1837_1920,6,1,0.00733,0.380204,0.146412,0.058373,0.312816,0.035974,0.058891
4945_248_1604_1655,3,1,0.068644,0.325703,0.060261,0.034428,0.02609,0.322009,0.162864
4945_247_1924_2025,2,3,0.022116,0.099586,0.060302,0.562863,0.024327,0.146009,0.084799
4955_247_31_249,1,1,0.108158,0.58096,0.060621,0.021897,0.098462,0.081322,0.04858
4955_248_1294_1349,6,4,0.005816,0.131467,0.20028,0.012071,0.473669,0.028481,0.148216
4955_247_1136_1273,6,6,0.019228,0.102968,0.082156,0.100756,0.095213,0.191538,0.408141
4955_247_1676_1756,0,3,0.028332,0.181505,0.049769,0.317901,0.045239,0.186103,0.191152
4955_248_1405_1599,6,6,0.004443,0.110528,0.070865,0.139765,0.025475,0.322893,0.326032
4955_248_864_1095,1,5,0.003496,0.182864,0.104555,0.043944,0.062744,0.319725,0.282672
4955_248_577_633,6,6,0.006921,0.153961,0.121397,0.049289,0.112783,0.086992,0.468656
4955_248_293_500,1,4,0.013743,0.246113,0.151062,0.042431,0.308056,0.134663,0.103933
4955_247_788_841,6,5,0.017827,0.123158,0.075239,0.016999,0.03643,0.527628,0.20272
4955_247_651_686,1,5,0.049656,0.210608,0.044497,0.014765,0.018087,0.589372,0.073014
4955_248_704_738,6,1,0.026021,0.40429,0.119334,0.042985,0.098259,0.072994,0.236117
4955_247_1362_1381,5,5,0.020279,0.135157,0.068765,0.016031,0.021722,0.655455,0.082592
4955_247_1617_1630,3,3,0.029013,0.054357,0.054346,0.343021,0.046946,0.147689,0.324628
4955_248_1650_1667,6,5,0.007399,0.047945,0.085965,0.197999,0.058457,0.350868,0.251369
4955_247_525_542,6,5,0.017804,0.139852,0.121108,0.023274,0.040399,0.524325,0.133238
5165_259_31_262,5,5,0.015071,0.215309,0.044783,0.005063,0.032263,0.679197,0.008314
5165_260_1206_1363,3,1,0.012668,0.326218,0.146893,0.090194,0.212983,0.063067,0.147978
5165_259_921_1203,1,1,0.037138,0.436104,0.108141,0.012605,0.243107,0.110317,0.052588
5165_259_1591_1773,1,1,0.030338,0.551225,0.061269,0.028059,0.158744,0.08015,0.090215
5165_260_1792_1841,3,1,0.036995,0.4786,0.043015,0.013541,0.033881,0.371214,0.022755
5165_259_1366_1551,1,1,0.044977,0.480488,0.05828,0.009159,0.172367,0.175804,0.058926
5165_260_476_599,3,1,0.009863,0.219844,0.202946,0.159249,0.200442,0.129734,0.077922
5165_259_329_458,1,1,0.077577,0.812103,0.028819,0.003964,0.043444,0.022964,0.01113
5165_259_609_710,1,1,0.013801,0.567259,0.072042,0.008708,0.206613,0.019637,0.11194
5165_260_772_907,3,1,0.054069,0.603536,0.181633,0.023271,0.054744,0.048188,0.03456
5165_259_1842_1971,1,1,0.065925,0.636498,0.041634,0.018891,0.094684,0.045811,0.096557
5165_260_1577_1590,3,3,0.014494,0.025122,0.043507,0.700809,0.019571,0.072125,0.124372
5165_260_275_300,3,1,0.032112,0.491325,0.070145,0.093906,0.114899,0.052376,0.145238
5169_260_31_252,1,1,0.012866,0.497976,0.070148,0.197825,0.054171,0.055144,0.11187
5169_259_1171_1478,3,1,0.042026,0.606404,0.053407,0.035013,0.154088,0.042646,0.066416
5169_260_2042_2092,3,3,0.013362,0.104349,0.047191,0.693566,0.033494,0.041343,0.066694
5169_259_1608_1694,5,1,0.023729,0.401707,0.089084,0.152991,0.047353,0.250206,0.03493
5169_260_1705_1907,3,1,0.005911,0.412296,0.163789,0.0574,0.22514,0.037854,0.09761
5169_259_2105_2280,3,3,0.007424,0.044831,0.023761,0.758503,0.007596,0.093652,0.064234
5169_259_2318_2487,3,1,0.014104,0.493907,0.055085,0.133998,0.097862,0.07185,0.133195
5169_259_788_983,3,1,0.006558,0.341821,0.090296,0.051817,0.10405,0.285788,0.119669
5169_260_2288_2316,3,1,0.0674,0.493919,0.02931,0.258703,0.012088,0.011986,0.126595
5169_260_528_785,1,1,0.006713,0.222267,0.17897,0.148243,0.032423,0.210943,0.200441
5169_260_984_1169,3,6,0.016532,0.221173,0.118368,0.113092,0.121569,0.140013,0.269253
5169_259_258_381,3,1,0.014982,0.422015,0.054361,0.06483,0.036694,0.291287,0.115832
5169_260_383_481,3,1,0.028733,0.465727,0.119795,0.072055,0.093705,0.032271,0.187714
5169_260_1504_1587,1,1,0.014964,0.312864,0.13974,0.139266,0.12273,0.027247,0.24319
5169_259_483_522,5,5,0.00845,0.162486,0.051177,0.009577,0.009876,0.72387,0.034564
5169_259_1921_2013,3,3,0.015328,0.022043,0.020164,0.717067,0.014023,0.183024,0.028351
5174_259_1174_1493,3,1,0.022652,0.385869,0.253294,0.014721,0.182302,0.045726,0.095436
5174_260_159_408,6,6,0.023337,0.316253,0.063862,0.057356,0.189259,0.031473,0.318459
5174_259_1705_1863,3,1,0.009264,0.345034,0.154372,0.029172,0.06943,0.143925,0.248803
5174_259_31_126,4,1,0.00993,0.367412,0.094294,0.010916,0.080081,0.07884,0.358527
5174_259_819_1118,6,1,0.0125,0.307491,0.276501,0.00635,0.091624,0.155395,0.15014
5174_260_582_606,6,5,0.00864,0.047221,0.0452,0.064645,0.017229,0.487716,0.329348
5174_260_1138_1150,5,5,0.024608,0.140446,0.09092,0.036737,0.027506,0.50447,0.175314
5174_260_2053_2111,3,3,0.027317,0.364049,0.027811,0.420886,0.025376,0.031083,0.103479
5174_259_447_560,6,6,0.007958,0.074396,0.090053,0.065182,0.065972,0.34289,0.353549
5174_260_1872_1915,5,1,0.084349,0.350953,0.094386,0.086648,0.061738,0.235812,0.086112
5174_259_659_754,6,6,0.006623,0.21663,0.043769,0.023959,0.091405,0.034792,0.582822
5174_260_1537_1675,6,1,0.055542,0.517958,0.054287,0.070235,0.058571,0.056595,0.186813
5174_260_769_791,5,3,0.016209,0.07174,0.075226,0.412678,0.030086,0.109476,0.284585
5174_259_1953_2029,3,6,0.019465,0.271979,0.027106,0.169112,0.079099,0.018966,0.414272
5177_260_31_154,1,0,0.470336,0.324296,0.046634,0.080351,0.014466,0.029715,0.034202
5177_259_1284_1357,1,1,0.183281,0.663534,0.049877,0.003513,0.036665,0.052907,0.010223
5177_259_1966_2063,0,0,0.727761,0.189506,0.013441,0.003678,0.007971,0.052578,0.005066
5177_260_1101_1260,0,0,0.513157,0.360803,0.039555,0.025567,0.01996,0.024548,0.016409
5177_259_1551_1796,0,0,0.701352,0.201349,0.01412,0.004206,0.007878,0.066796,0.004299
5177_259_254_495,1,0,0.819262,0.145697,0.00968,0.003413,0.005021,0.012703,0.004224
5177_260_1817_1950,1,0,0.724875,0.224351,0.014362,0.008961,0.007456,0.01279,0.007205
5177_260_1384_1521,1,1,0.183206,0.723126,0.012135,0.038295,0.024984,0.004497,0.013756
5177_259_857_1077,1,0,0.61312,0.30882,0.023794,0.004498,0.010608,0.034326,0.004834
5177_259_2234_2325,1,0,0.606941,0.344144,0.010649,0.00673,0.004233,0.017851,0.009452
5177_260_505_841,0,0,0.463371,0.460194,0.021572,0.02226,0.010884,0.012822,0.008898
5177_260_2349_2452,0,0,0.701407,0.233712,0.019069,0.013045,0.007629,0.016063,0.009076
5177_260_2086_2195,1,1,0.439665,0.497448,0.020731,0.012989,0.009932,0.010251,0.008985
5179_260_31_190,1,5,0.030737,0.426536,0.018068,0.011481,0.007629,0.491973,0.013576
5179_260_1160_1381,3,6,0.029751,0.202135,0.076072,0.20442,0.049818,0.128254,0.30955
5179_259_2003_2108,4,4,0.012063,0.282955,0.120102,0.029447,0.367303,0.124466,0.063664
5179_259_247_689,4,1,0.037612,0.37709,0.035444,0.178117,0.070197,0.11919,0.18235
5179_259_1786_1904,4,1,0.140537,0.53609,0.094193,0.007424,0.089567,0.107925,0.024263
5179_259_1420_1637,3,5,0.01908,0.206067,0.031403,0.099773,0.058456,0.38016,0.20506
5179_260_2153_2219,3,3,0.03753,0.061453,0.033238,0.648832,0.016471,0.130507,0.071968
5179_259_825_1078,4,4,0.011317,0.330252,0.182686,0.005293,0.383893,0.0433,0.04326
5179_259_2256_2357,4,1,0.041366,0.375777,0.065963,0.016786,0.044016,0.363738,0.092354
5179_260_740_778,6,1,0.142289,0.524175,0.052619,0.11518,0.020907,0.03094,0.11389
5179_260_2378_2399,3,6,0.021913,0.094276,0.216284,0.211505,0.094122,0.104387,0.257513
5179_260_1930_1988,6,1,0.066486,0.354545,0.079608,0.067032,0.049641,0.253118,0.129569
5179_260_1717_1740,5,1,0.367522,0.454727,0.029188,0.010531,0.024585,0.085063,0.028383
5184_260_128_266,4,6,0.025767,0.153075,0.067717,0.250678,0.071541,0.035458,0.395763
5184_259_895_1350,3,3,0.024055,0.135746,0.034331,0.36853,0.140562,0.137094,0.159683
5184_259_1667_1715,3,6,0.018352,0.174387,0.054433,0.258669,0.105448,0.028107,0.360603
5184_260_1443_1529,3,3,0.011143,0.029717,0.209105,0.540428,0.017625,0.053997,0.137984
5184_259_420_666,1,4,0.007871,0.227291,0.263843,0.018007,0.356899,0.023005,0.103084
5184_260_1758_1787,3,3,0.01521,0.031366,0.020138,0.582667,0.022789,0.009822,0.318008
5184_259_294_355,5,1,0.015506,0.658201,0.060197,0.015003,0.185959,0.035068,0.030066
5184_259_31_114,5,5,0.003016,0.026048,0.022884,0.006327,0.007429,0.922615,0.011681
5184_260_1891_1908,3,3,0.012992,0.01723,0.029455,0.579112,0.012695,0.019449,0.329066
5184_260_372_403,5,5,0.013931,0.065516,0.079928,0.052694,0.009051,0.554356,0.224523
5184_259_744_790,5,5,0.032432,0.090424,0.107796,0.003782,0.023288,0.690547,0.05173
5184_260_689_699,5,5,0.070899,0.102125,0.107202,0.089792,0.014941,0.468845,0.146197
5184_260_838_866,5,1,0.151384,0.388491,0.103701,0.029593,0.073567,0.064217,0.189046
5184_259_1853_1865,3,3,0.013066,0.029225,0.032791,0.664803,0.036395,0.020806,0.202915
5196_260_2152_2496,3,1,0.039146,0.517597,0.021138,0.277963,0.030459,0.062615,0.051082
5196_260_1204_1381,1,1,0.032917,0.428235,0.079843,0.049,0.324328,0.021558,0.064121
5196_259_1135_1191,4,1,0.041658,0.52277,0.054075,0.009048,0.01433,0.277027,0.081092
5196_260_243_417,0,1,0.098415,0.468478,0.042077,0.165238,0.036348,0.090785,0.098659
5196_260_2664_2901,3,1,0.035921,0.514571,0.032391,0.129532,0.035398,0.14455,0.107636
5196_259_1403_1484,6,6,0.015808,0.158466,0.193338,0.032267,0.187506,0.115603,0.297012
5196_259_2520_2654,2,1,0.007223,0.767629,0.057191,0.030882,0.077287,0.028537,0.031251
5196_259_183_220,4,1,0.037738,0.42158,0.037928,0.028292,0.273322,0.007567,0.193572
5196_259_1860_2147,5,5,0.004676,0.095468,0.023862,0.023864,0.028833,0.809003,0.014294
5196_260_1048_1111,1,5,0.031909,0.09508,0.030716,0.088963,0.009479,0.710189,0.033663
5196_260_606_677,1,1,0.042792,0.419328,0.094441,0.039798,0.041278,0.139992,0.222371
5196_260_1519_1655,4,6,0.03194,0.210214,0.089472,0.197222,0.096894,0.038057,0.336201
5196_259_698_850,2,6,0.011664,0.12345,0.091693,0.102885,0.063308,0.20259,0.404409
5196_259_1688_1748,1,5,0.011897,0.157849,0.276569,0.004437,0.093239,0.36505,0.090959
5196_260_1767_1843,3,1,0.140626,0.245074,0.084229,0.181045,0.032253,0.21227,0.104504
5196_259_947_1022,2,1,0.033343,0.482498,0.063539,0.052053,0.176034,0.052728,0.139805
5196_259_449_579,4,1,0.01649,0.405914,0.099941,0.050908,0.206045,0.061874,0.158828
5196_260_31_98,6,1,0.121263,0.30434,0.047188,0.266266,0.016256,0.076297,0.16839
5196_260_883_904,1,6,0.01002,0.104165,0.181063,0.072578,0.038564,0.124852,0.468758
127_8_107_234,6,5,0.008455,0.094219,0.17265,0.015673,0.041596,0.537789,0.129619
127_8_1176_1296,0,0,0.450014,0.346902,0.023866,0.026006,0.018359,0.034005,0.100848
127_8_1971_2054,0,0,0.515645,0.289902,0.018154,0.071056,0.012342,0.028245,0.064655
127_7_1562_1762,0,0,0.792781,0.109455,0.012922,0.015604,0.007707,0.05254,0.008991
127_8_1766_1901,0,0,0.762312,0.147712,0.01477,0.025604,0.005361,0.018144,0.026097
127_8_1434_1561,1,0,0.744923,0.158433,0.016752,0.00288,0.009077,0.057611,0.010324
127_7_859_940,6,4,0.009468,0.180765,0.120753,0.006958,0.634899,0.00598,0.041178
127_8_950_1033,0,1,0.080298,0.368332,0.081045,0.017281,0.216807,0.038063,0.198174
127_7_1310_1433,0,0,0.350415,0.348589,0.028884,0.062776,0.015697,0.177385,0.016254
127_7_1052_1175,0,1,0.278939,0.464383,0.030571,0.005773,0.015083,0.193588,0.011663
127_7_262_371,2,4,0.019469,0.133363,0.294227,0.012083,0.475081,0.050182,0.015595
127_7_609_726,6,1,0.013267,0.281628,0.202811,0.042497,0.216726,0.102422,0.140649
127_8_380_578,1,1,0.237217,0.315887,0.158793,0.030469,0.072448,0.127174,0.058012
127_7_31_106,2,6,0.010485,0.132615,0.168009,0.032375,0.132779,0.095027,0.42871
127_7_1901_1967,0,0,0.56219,0.274864,0.034469,0.035915,0.016064,0.032143,0.044355
127_8_733_806,1,6,0.021718,0.124344,0.14401,0.008993,0.123395,0.068584,0.508956
128_8_2381_2552,3,3,0.014344,0.009511,0.012679,0.873773,0.009341,0.045253,0.0351
128_7_31_148,3,3,0.022765,0.047525,0.031996,0.416181,0.042459,0.073983,0.365091
128_7_1232_1318,3,3,0.009139,0.035849,0.019372,0.695221,0.009202,0.195228,0.035989
128_8_1074_1214,3,3,0.008734,0.004452,0.006987,0.925215,0.004589,0.042482,0.007542
128_8_169_259,3,3,0.007818,0.001507,0.004712,0.962348,0.005705,0.014187,0.003722
128_8_2784_2935,3,3,0.013688,0.00956,0.011302,0.910282,0.02719,0.01917,0.008808
128_7_2604_2775,3,3,0.009053,0.012812,0.01049,0.877481,0.037519,0.016038,0.036607
128_7_1399_1645,6,1,0.046103,0.261187,0.039321,0.258232,0.081246,0.170999,0.142912
128_8_895_1004,3,3,0.009924,0.007328,0.006443,0.949613,0.006804,0.011687,0.008201
128_8_1321_1398,5,5,0.007979,0.049235,0.027891,0.007469,0.009154,0.85717,0.041101
128_8_2043_2177,3,3,0.014137,0.009716,0.016526,0.906255,0.007183,0.025952,0.02023
128_8_1648_1881,3,3,0.009192,0.007336,0.008996,0.857365,0.007092,0.101715,0.008304
128_7_574_658,3,5,0.003906,0.011895,0.009239,0.22658,0.004801,0.737401,0.006179
128_7_2181_2372,3,3,0.010943,0.032362,0.010358,0.843878,0.00658,0.070271,0.025608
128_7_1893_2042,3,3,0.013815,0.010355,0.021798,0.890914,0.014451,0.038062,0.010606
128_8_658_819,3,3,0.015189,0.015644,0.014089,0.854476,0.005433,0.066376,0.028792
128_7_826_891,3,5,0.004227,0.00657,0.006945,0.421819,0.006285,0.547204,0.006949
128_8_460_572,3,3,0.015699,0.024715,0.018402,0.690739,0.011723,0.172819,0.065904
128_7_1004_1073,3,3,0.01246,0.023064,0.011806,0.887111,0.011174,0.031918,0.022467
128_7_260_459,3,3,0.013066,0.033632,0.030209,0.687706,0.046207,0.074677,0.114502
145_7_31_134,3,3,0.010436,0.006755,0.035582,0.835147,0.010097,0.031786,0.070196
145_7_1151_1270,0,1,0.04855,0.444573,0.116414,0.064305,0.055913,0.087514,0.182732
145_7_240_369,3,2,0.005344,0.052088,0.302023,0.226975,0.038264,0.182044,0.19326
145_7_815_931,0,1,0.035289,0.229947,0.094297,0.216764,0.043256,0.204907,0.175541
145_8_139_216,5,5,0.001672,0.027806,0.03599,0.024445,0.008022,0.795444,0.106621
145_8_1297_1379,0,6,0.016848,0.077687,0.120601,0.01275,0.057036,0.034755,0.680322
145_7_572_642,1,1,0.021493,0.291863,0.17439,0.23102,0.059368,0.073837,0.14803
145_8_972_1131,4,5,0.020965,0.114756,0.199231,0.039814,0.078528,0.338102,0.208603
145_8_405_540,2,1,0.066954,0.400287,0.104002,0.005598,0.046315,0.328873,0.04797
145_8_652_811,0,5,0.117492,0.270965,0.129853,0.025275,0.030926,0.369959,0.05553
146_7_1162_1230,3,3,0.008404,0.006563,0.017825,0.917853,0.004286,0.018335,0.026735
146_8_114_177,5,2,0.00675,0.118787,0.49609,0.103924,0.019961,0.202458,0.052031
146_7_672_820,3,3,0.038485,0.107993,0.03784,0.409081,0.02557,0.358274,0.022758
146_7_31_99,3,3,0.01131,0.026866,0.022098,0.69034,0.018328,0.154033,0.077025
146_7_966_1092,3,5,0.017011,0.046313,0.070778,0.22687,0.015366,0.589862,0.033801
146_7_184_272,3,3,0.01928,0.050667,0.063465,0.583472,0.062914,0.160412,0.05979
146_7_373_510,3,3,0.024386,0.074115,0.080515,0.472928,0.127345,0.150572,0.070139
146_8_520_670,3,3,0.014132,0.018818,0.014546,0.886955,0.004597,0.041488,0.019464
146_8_820_953,3,3,0.010295,0.152939,0.07866,0.489395,0.025102,0.179094,0.064515
146_8_1094_1151,3,3,0.02187,0.202235,0.010446,0.643971,0.005262,0.083164,0.033053
146_8_301_371,5,6,0.009986,0.108561,0.018122,0.11832,0.015705,0.123464,0.605844
147_7_98_220,3,3,0.010429,0.016069,0.031677,0.519865,0.014466,0.086732,0.320762
147_7_1050_1223,4,4,0.010341,0.113428,0.362768,0.013023,0.396533,0.057358,0.04655
147_7_764_928,4,5,0.017763,0.161811,0.250713,0.042103,0.107295,0.276532,0.143783
147_8_13_94,3,3,0.004912,0.002528,0.007674,0.936322,0.002806,0.036198,0.00956
147_8_955_1034,2,5,0.007973,0.052455,0.188423,0.003855,0.038961,0.529992,0.178341
147_8_225_325,3,3,0.016658,0.005992,0.007786,0.905651,0.006065,0.015632,0.042216
147_8_382_506,3,3,0.01963,0.014779,0.019145,0.831581,0.01611,0.029752,0.069003
147_8_646_750,3,3,0.009349,0.005964,0.013194,0.930912,0.005712,0.024276,0.010593
147_7_506_640,2,5,0.021018,0.343569,0.123191,0.010215,0.017655,0.445308,0.039045
147_7_325_378,3,3,0.005815,0.00442,0.007773,0.93383,0.004841,0.035242,0.008078
203_12_31_130,3,3,0.01518,0.026768,0.017777,0.780651,0.010299,0.016696,0.132629
203_12_1178_1332,6,3,0.024364,0.082135,0.066438,0.543201,0.021495,0.074867,0.1875
203_12_1593_1748,6,3,0.010845,0.016097,0.020777,0.858461,0.008161,0.015126,0.070533
203_12_165_329,3,3,0.016787,0.137549,0.101137,0.415944,0.050753,0.10989,0.16794
203_12_1403_1493,6,3,0.025044,0.081226,0.033477,0.603311,0.017098,0.038776,0.201067
203_12_906_1126,6,3,0.016664,0.092886,0.058198,0.555892,0.02103,0.098709,0.15662
203_11_1332_1403,6,3,0.015042,0.032,0.022102,0.710826,0.020538,0.008462,0.191029
203_12_382_700,6,3,0.014089,0.082232,0.025375,0.579591,0.021336,0.125577,0.151799
203_11_1126_1178,1,5,0.00923,0.099038,0.071582,0.085438,0.022507,0.530445,0.18176
203_11_1748_1793,6,3,0.020305,0.024745,0.022599,0.479816,0.008672,0.370487,0.073376
203_11_329_381,2,5,0.004921,0.033291,0.024314,0.132088,0.007552,0.737348,0.060485
203_11_1493_1562,6,3,0.03143,0.07206,0.020939,0.570736,0.011814,0.11118,0.181841
203_12_743_859,6,3,0.011143,0.04676,0.014983,0.665658,0.008836,0.104146,0.148473
203_11_700_743,1,1,0.073725,0.41184,0.08859,0.108672,0.074853,0.074773,0.167548
203_11_859_906,5,5,0.006666,0.023938,0.017261,0.022218,0.003513,0.872171,0.054233
203_11_130_165,3,3,0.013034,0.012828,0.020231,0.780069,0.034988,0.033136,0.105712
215_12_782_839,5,2,0.065679,0.201714,0.573904,0.025027,0.049575,0.062251,0.02185
215_11_31_125,1,1,0.304675,0.458125,0.07285,0.095775,0.01081,0.027691,0.030075
215_12_959_1005,6,3,0.018354,0.0693,0.022706,0.643079,0.022372,0.015837,0.208353
215_11_721_782,0,0,0.64325,0.232198,0.017789,0.044016,0.007015,0.017559,0.038173
215_11_236_284,6,6,0.056795,0.18695,0.075664,0.067546,0.019554,0.223944,0.369547
215_11_1005_1055,1,0,0.652743,0.257507,0.015771,0.031976,0.012673,0.009248,0.020083
215_12_409_465,6,1,0.02978,0.310235,0.082616,0.086913,0.078309,0.256191,0.155956
215_11_588_670,0,0,0.54816,0.318326,0.045471,0.024626,0.028414,0.016476,0.018526
215_12_670_721,6,3,0.136996,0.293483,0.039925,0.302064,0.036962,0.024081,0.166489
215_11_839_950,0,0,0.400454,0.380817,0.024778,0.060935,0.043355,0.042079,0.047581
215_12_1055_1113,6,3,0.034209,0.165054,0.086267,0.35575,0.065736,0.061393,0.23159
215_11_465_527,0,1,0.239069,0.390297,0.085492,0.040042,0.030811,0.069354,0.144934
215_11_357_409,1,1,0.110481,0.440463,0.032824,0.103868,0.041988,0.069104,0.201273
215_12_284_323,5,5,0.028192,0.101972,0.027415,0.025621,0.012265,0.698433,0.106102
215_12_223_236,5,5,0.038298,0.134457,0.068421,0.032044,0.032619,0.583768,0.110395
215_12_527_588,3,3,0.019842,0.100366,0.025102,0.772939,0.005401,0.06296,0.01339
219_11_31_225,1,3,0.02038,0.168941,0.142299,0.494079,0.053056,0.033508,0.087737
219_11_841_961,2,1,0.040356,0.397153,0.055665,0.236202,0.039737,0.049815,0.181072
219_12_1338_1369,1,1,0.07362,0.641212,0.030946,0.06068,0.067778,0.023785,0.101979
219_12_534_728,0,0,0.630849,0.246357,0.043401,0.019195,0.015802,0.029246,0.015149
219_11_1028_1151,1,1,0.322776,0.381388,0.090776,0.050572,0.042936,0.087471,0.02408
219_11_299_380,2,1,0.11704,0.327721,0.04848,0.059064,0.041269,0.111729,0.294698
219_11_1318_1338,2,4,0.030994,0.192839,0.09309,0.04546,0.564368,0.015651,0.057598
219_12_423_503,0,0,0.795204,0.116733,0.028891,0.005965,0.011384,0.034484,0.007339
219_12_1203_1284,0,1,0.197677,0.699775,0.02812,0.008953,0.020257,0.019643,0.025574
219_12_806_841,0,0,0.586783,0.308669,0.05017,0.005312,0.020917,0.018098,0.010053
219_11_503_534,5,5,0.012123,0.040185,0.020727,0.08803,0.010618,0.762136,0.066181
219_11_728_759,2,5,0.04669,0.104673,0.036036,0.209309,0.01545,0.521686,0.066156
219_12_961_1028,1,0,0.546795,0.318013,0.029955,0.009518,0.014105,0.07015,0.011464
219_12_225_254,1,1,0.110377,0.541149,0.033459,0.155199,0.036403,0.009515,0.113897
222_12_104_242,3,6,0.017215,0.050958,0.023146,0.419209,0.025234,0.012201,0.452037
222_12_1108_1428,3,3,0.018317,0.025702,0.039613,0.608815,0.019461,0.024277,0.263815
222_11_1760_2149,3,3,0.044592,0.152199,0.031858,0.291848,0.186025,0.062992,0.230485
222_12_1674_1760,3,3,0.012626,0.028096,0.036568,0.792476,0.008899,0.015391,0.105945
222_11_249_275,0,5,0.182892,0.220806,0.0543,0.054762,0.010026,0.325822,0.151392
222_11_1428_1520,5,5,0.069018,0.239651,0.068877,0.051105,0.009872,0.3404,0.221079
222_12_2167_2221,3,3,0.0091,0.003584,0.009377,0.934101,0.008083,0.012283,0.023472
222_12_923_951,3,6,0.01829,0.05641,0.133908,0.295746,0.044611,0.036414,0.414619
222_11_2222_2354,3,3,0.086211,0.201253,0.031095,0.335578,0.019406,0.120536,0.205921
222_12_474_818,3,3,0.016233,0.077776,0.044437,0.654495,0.022049,0.021293,0.163717
222_11_1006_1107,5,6,0.008515,0.060076,0.04033,0.231769,0.011032,0.157679,0.4906
222_12_316_423,3,3,0.014617,0.043112,0.051958,0.482605,0.086796,0.02112,0.299792
222_11_31_104,0,6,0.024016,0.05705,0.033978,0.162583,0.020676,0.222462,0.479234
222_11_437_465,5,5,0.054788,0.063609,0.025153,0.034526,0.00862,0.71628,0.097024
222_12_1520_1615,3,3,0.016028,0.01997,0.021375,0.853831,0.023097,0.031749,0.03395
222_11_850_920,5,1,0.086908,0.515938,0.068962,0.061824,0.092424,0.086793,0.08715
222_12_2354_2397,3,3,0.019987,0.043058,0.074009,0.688144,0.037988,0.041505,0.095309
222_11_1634_1674,3,5,0.057212,0.168607,0.037833,0.033772,0.008009,0.620087,0.07448
234_11_121_304,0,5,0.019376,0.065461,0.029792,0.029095,0.009837,0.695834,0.150605
234_12_1207_1301,4,1,0.01732,0.236727,0.189485,0.105222,0.109893,0.183808,0.157544
234_11_1018_1207,1,1,0.042337,0.392589,0.055716,0.03909,0.151431,0.248623,0.070214
234_11_1586_1712,1,5,0.013477,0.092243,0.031566,0.056105,0.012263,0.545966,0.24838
234_12_1718_1867,2,2,0.006524,0.067692,0.62182,0.025583,0.22416,0.011428,0.042794
234_12_1353_1549,2,6,0.01302,0.099384,0.119578,0.161179,0.157368,0.096916,0.352555
234_12_71_121,3,3,0.023394,0.139482,0.126931,0.28247,0.148131,0.033161,0.246431
234_11_862_935,1,5,0.040654,0.080795,0.034877,0.062965,0.00942,0.585872,0.185417
234_12_935_1008,3,6,0.012855,0.031788,0.04961,0.358618,0.022488,0.097796,0.426845
234_11_1301_1353,1,5,0.012718,0.053754,0.036939,0.072483,0.006749,0.617423,0.199933
234_11_505_688,1,6,0.011973,0.174173,0.115099,0.059288,0.143047,0.23304,0.26338
234_12_304_359,3,3,0.01363,0.020662,0.01811,0.836274,0.013169,0.019698,0.078458
234_12_472_505,3,3,0.024412,0.047122,0.031261,0.628458,0.020894,0.058179,0.189675
234_11_31_71,0,5,0.009852,0.051162,0.056013,0.077658,0.014099,0.41445,0.376766
234_11_359_472,5,5,0.032424,0.085966,0.056785,0.10423,0.024111,0.508321,0.188164
234_12_820_862,3,3,0.035653,0.048164,0.029923,0.607447,0.051389,0.052266,0.175158
234_11_1867_1965,1,1,0.051723,0.298266,0.129686,0.107301,0.137067,0.091198,0.184758
234_12_688_747,4,1,0.056252,0.39103,0.210752,0.030005,0.140109,0.142735,0.029117
234_11_760_820,0,6,0.05001,0.184436,0.091636,0.045148,0.056155,0.193686,0.37893
234_12_1965_2032,4,2,0.012674,0.159374,0.53766,0.025306,0.095532,0.109526,0.059929
235_11_31_196,1,1,0.039518,0.306964,0.268217,0.042543,0.056064,0.050834,0.23586
235_11_1257_1389,5,3,0.013606,0.011977,0.006931,0.856405,0.007883,0.065494,0.037704
235_11_1139_1228,5,1,0.087873,0.204251,0.153006,0.101446,0.196516,0.188327,0.068581
235_12_239_277,3,3,0.008275,0.022173,0.061971,0.621581,0.006869,0.11691,0.162221
235_12_901_1139,3,3,0.019402,0.054458,0.04725,0.662948,0.055106,0.054885,0.105952
235_12_503_614,3,3,0.020419,0.070289,0.055083,0.645462,0.024904,0.030487,0.153355
235_12_314_428,3,3,0.032858,0.075921,0.079685,0.526365,0.017433,0.09528,0.172458
235_11_614_640,6,3,0.012008,0.024739,0.024507,0.486363,0.015288,0.096024,0.341071
235_11_467_503,5,6,0.033048,0.096734,0.065967,0.202424,0.036099,0.034269,0.531459
235_12_1228_1257,3,3,0.021285,0.025954,0.030951,0.805804,0.008933,0.088002,0.019071
235_12_754_878,3,1,0.028382,0.376536,0.155349,0.121169,0.117064,0.104729,0.09677
235_12_640_687,3,5,0.07488,0.345704,0.1008,0.033609,0.040145,0.359552,0.045309
235_11_694_754,6,5,0.037293,0.189845,0.107306,0.080227,0.058388,0.298311,0.228631
235_11_878_901,5,5,0.046411,0.078341,0.053392,0.050328,0.01389,0.63331,0.124326
235_11_277_314,5,5,0.018774,0.086375,0.059539,0.038543,0.013807,0.554096,0.228865
361_20_102_335,3,4,0.009845,0.051782,0.041327,0.16572,0.356296,0.285334,0.089696
361_20_1157_1380,4,4,0.014438,0.177929,0.109304,0.06486,0.417051,0.093085,0.123333
361_19_1899_2079,3,6,0.015297,0.088769,0.065511,0.222925,0.178824,0.05749,0.371184
361_19_1699_1828,6,4,0.012494,0.111735,0.047425,0.081027,0.6139,0.050785,0.082635
361_19_1400_1498,6,1,0.060375,0.38236,0.036973,0.117745,0.066184,0.05577,0.280592
361_19_2177_2272,3,3,0.015218,0.044118,0.018148,0.56916,0.186166,0.009155,0.158036
361_20_894_1059,4,4,0.018512,0.170665,0.071121,0.101157,0.447848,0.07527,0.115426
361_20_2281_2328,3,3,0.005225,0.003554,0.007142,0.920732,0.020968,0.015262,0.027117
361_20_437_645,4,4,0.039713,0.276562,0.049184,0.045588,0.473669,0.081721,0.033563
361_19_1072_1127,4,6,0.008569,0.215456,0.108064,0.146097,0.117824,0.053215,0.350775
361_19_31_93,3,6,0.013591,0.035607,0.059871,0.285789,0.153841,0.109321,0.341979
361_20_1520_1658,4,4,0.010722,0.051946,0.056275,0.035464,0.790831,0.036583,0.018179
361_19_652_877,6,2,0.011974,0.093205,0.315072,0.085083,0.266059,0.141475,0.087133
361_20_2081_2166,6,6,0.013524,0.125995,0.057695,0.159426,0.254987,0.015412,0.372961
361_19_345_430,3,6,0.013445,0.05975,0.124658,0.107494,0.164974,0.170804,0.358874
361_20_1854_1887,3,5,0.005974,0.049346,0.093874,0.048505,0.065517,0.620608,0.116176
362_20_31_333,1,1,0.121246,0.473951,0.190401,0.019914,0.111058,0.048405,0.035025
362_20_1245_1445,0,0,0.398931,0.282624,0.1454,0.031804,0.057081,0.055369,0.028791
362_19_1101_1234,0,0,0.651847,0.144068,0.029717,0.020198,0.010523,0.134041,0.009607
362_19_1651_1705,1,0,0.756956,0.121024,0.028653,0.024251,0.028969,0.017764,0.022384
362_19_1789_1872,0,0,0.516178,0.229792,0.032456,0.104263,0.022653,0.029804,0.064853
362_19_1451_1531,1,0,0.553905,0.111598,0.053239,0.026555,0.014547,0.226897,0.013259
362_19_915_1022,0,0,0.776977,0.126437,0.020039,0.011954,0.012789,0.031261,0.020544
362_20_524_651,1,1,0.097672,0.406049,0.090771,0.091657,0.094518,0.162361,0.056973
362_20_1725_1778,0,0,0.561755,0.130328,0.147821,0.027383,0.0709,0.044659,0.017154
362_20_1031_1083,0,1,0.237111,0.446016,0.041661,0.081364,0.02852,0.138921,0.026408
362_19_412_500,1,1,0.339034,0.346416,0.090168,0.030019,0.054469,0.091847,0.048047
362_20_782_904,0,0,0.389393,0.277313,0.131179,0.02086,0.094838,0.064167,0.02225
362_19_689_766,1,1,0.207056,0.315373,0.049704,0.072906,0.082758,0.09115,0.181053
362_20_1545_1637,0,0,0.260106,0.224809,0.052537,0.102198,0.017374,0.179398,0.163579
371_20_96_244,5,5,0.017885,0.024031,0.044982,0.366096,0.076983,0.400546,0.069476
371_19_1140_1299,6,3,0.011492,0.074675,0.020025,0.578613,0.08781,0.038211,0.189174
371_20_1556_1691,3,3,0.020678,0.130118,0.054397,0.363123,0.194683,0.136365,0.100636
371_20_1809_1892,3,4,0.019483,0.088647,0.078137,0.14685,0.445806,0.021467,0.19961
371_19_1429_1550,3,3,0.020696,0.030025,0.021698,0.827658,0.040653,0.016335,0.042935
371_20_921_961,2,5,0.084422,0.311391,0.034096,0.019917,0.103481,0.364621,0.082073
371_20_1308_1416,3,3,0.04555,0.081504,0.047126,0.418821,0.211976,0.058225,0.136797
371_20_541_605,3,3,0.028727,0.116209,0.048882,0.506312,0.149668,0.08048,0.069723
371_20_1040_1114,5,5,0.0054,0.117811,0.017844,0.02596,0.04517,0.7528,0.035014
371_19_1726_1793,3,1,0.07489,0.404748,0.030008,0.149554,0.124803,0.080992,0.135006
371_20_310_423,3,3,0.089627,0.080373,0.060389,0.310513,0.243718,0.1492,0.066179
371_19_621_659,3,4,0.019865,0.218245,0.031569,0.081228,0.416982,0.011014,0.221098
371_19_445_519,3,6,0.045433,0.244945,0.033118,0.076421,0.117627,0.069216,0.413239
371_19_31_89,3,4,0.012277,0.030883,0.048332,0.194506,0.56133,0.050512,0.102159
371_19_761_907,6,3,0.043645,0.132212,0.026228,0.45732,0.069426,0.087762,0.183406
371_20_671_741,5,3,0.013751,0.030571,0.037346,0.695221,0.03558,0.066621,0.12091
371_19_983_1029,6,6,0.013104,0.117843,0.039875,0.151006,0.021683,0.279003,0.377486
371_19_258_297,3,3,0.016546,0.045388,0.02806,0.460959,0.082384,0.028959,0.337704
374_20_78_163,5,5,0.025293,0.190311,0.114086,0.049929,0.134222,0.394135,0.092023
374_19_1223_1454,1,1,0.109505,0.586316,0.053697,0.055229,0.115762,0.0196,0.059891
374_20_1115_1217,5,1,0.015963,0.260954,0.038316,0.197883,0.148494,0.212305,0.126085
374_19_178_379,3,1,0.03261,0.290143,0.067151,0.097758,0.103819,0.243919,0.1646
374_19_927_1105,5,1,0.203816,0.324024,0.066357,0.112728,0.057035,0.190457,0.045582
374_19_511_716,3,3,0.161294,0.23609,0.014281,0.344272,0.039871,0.113995,0.090198
374_20_407_505,5,5,0.022578,0.192154,0.117763,0.112787,0.199111,0.208213,0.147393
374_19_31_70,3,5,0.046933,0.074973,0.037557,0.137587,0.028992,0.539993,0.133965
374_20_1483_1613,4,4,0.007404,0.054566,0.058505,0.034543,0.810565,0.013161,0.021256
374_20_738_917,5,5,0.007157,0.078162,0.070221,0.042397,0.047199,0.722303,0.032561
379_20_31_137,2,5,0.002822,0.102111,0.124651,0.024782,0.024339,0.694219,0.027075
379_20_1290_1343,5,5,0.013684,0.176757,0.160793,0.018789,0.025537,0.553964,0.050477
379_20_1168_1219,2,5,0.008146,0.072008,0.060123,0.024449,0.030401,0.590788,0.214084
379_20_255_424,2,2,0.008673,0.290602,0.467461,0.012771,0.050622,0.146075,0.023795
379_20_853_1054,2,1,0.038288,0.42886,0.246666,0.022647,0.061543,0.12632,0.075675
379_19_164_235,1,5,0.005599,0.096427,0.083192,0.014826,0.023314,0.704957,0.071685
379_20_558_685,2,5,0.003424,0.115611,0.193512,0.008587,0.021059,0.642455,0.015352
379_19_1072_1124,5,5,0.102597,0.122976,0.093006,0.046421,0.017034,0.537617,0.08035
379_19_461_545,2,5,0.051282,0.096254,0.101,0.018195,0.01824,0.694028,0.021001
379_19_1229_1268,1,6,0.030093,0.104279,0.085064,0.216084,0.051864,0.11682,0.395796
379_19_715_830,2,2,0.177326,0.207489,0.31945,0.039495,0.082905,0.108828,0.064508
379_19_1379_1433,1,5,0.194961,0.225142,0.062863,0.015797,0.031777,0.426776,0.042683
384_20_1178_1333,3,3,0.026706,0.139457,0.049268,0.452356,0.129177,0.071184,0.131852
384_20_1692_1821,5,4,0.020529,0.309103,0.022648,0.085639,0.499328,0.025042,0.037712
384_19_1357_1674,6,4,0.010831,0.145447,0.087017,0.050469,0.414773,0.018107,0.273355
384_19_929_1159,3,3,0.005878,0.035722,0.022412,0.573991,0.045992,0.275984,0.04002
384_20_144_254,3,3,0.03756,0.313856,0.017747,0.412797,0.057886,0.070872,0.089283
384_19_267_366,5,5,0.009547,0.080874,0.042697,0.230604,0.023263,0.48607,0.126945
384_20_600_920,3,3,0.006421,0.012735,0.007263,0.89892,0.022619,0.026268,0.025775
384_20_384_489,3,3,0.015993,0.162634,0.023191,0.571493,0.069763,0.048733,0.108193
384_19_31_116,3,3,0.005678,0.010058,0.023616,0.730149,0.014917,0.091876,0.123707
384_19_508_579,3,3,0.009746,0.081812,0.046154,0.680267,0.009335,0.050836,0.12185
397_19_31_151,3,3,0.009787,0.042816,0.033061,0.701751,0.024896,0.062343,0.125345
397_20_1089_1267,5,5,0.006303,0.076646,0.037807,0.216011,0.082407,0.384237,0.19659
397_20_165_384,3,3,0.00948,0.061327,0.039528,0.378459,0.101933,0.118227,0.291046
397_20_1436_1574,3,6,0.025955,0.152081,0.176471,0.173766,0.196501,0.029275,0.24595
397_19_894_1071,3,1,0.034796,0.48107,0.055925,0.121713,0.034911,0.092309,0.179276
397_19_1299_1418,3,1,0.038024,0.382516,0.08454,0.080519,0.068721,0.021009,0.324672
397_20_542_642,3,6,0.032175,0.236717,0.078864,0.072062,0.275226,0.018365,0.286591
397_19_412_528,3,3,0.02186,0.058344,0.064285,0.38549,0.036381,0.069904,0.363737
397_20_771_875,1,4,0.005215,0.210167,0.160454,0.046649,0.266491,0.052765,0.25826
397_19_659_752,3,6,0.011018,0.057673,0.025365,0.188889,0.019896,0.060435,0.636724
605_31_31_391,6,6,0.026148,0.039083,0.063351,0.257889,0.029405,0.030109,0.554015
605_31_1223_1621,6,4,0.009226,0.093262,0.25553,0.008772,0.424941,0.017895,0.190374
605_32_1014_1186,0,1,0.138012,0.389472,0.075647,0.025127,0.027608,0.269218,0.074917
605_32_1629_1918,0,1,0.108718,0.631818,0.064959,0.009758,0.121474,0.036876,0.026397
605_31_846_996,6,6,0.010082,0.045352,0.023076,0.036699,0.037088,0.012645,0.835058
605_31_593_678,6,2,0.010078,0.08168,0.552703,0.021338,0.232182,0.042742,0.059277
605_32_396_519,5,6,0.021351,0.050974,0.028728,0.125405,0.013448,0.255129,0.504965
605_32_711_761,1,4,0.021833,0.34386,0.122916,0.007448,0.387151,0.018142,0.098651
605_31_1943_1968,6,4,0.038567,0.068606,0.198761,0.022985,0.565914,0.080492,0.024675
606_32_117_255,6,6,0.009972,0.093253,0.074699,0.108334,0.154715,0.023177,0.53585
606_32_1971_2130,6,6,0.004679,0.103419,0.143187,0.021116,0.024048,0.283204,0.420349
606_31_974_1286,1,1,0.080399,0.474209,0.083772,0.022764,0.236717,0.06721,0.034929
606_32_1619_1696,6,1,0.049339,0.605068,0.053334,0.033235,0.105525,0.023947,0.129552
606_31_1747_1940,1,1,0.110358,0.496338,0.068271,0.022984,0.233305,0.032426,0.036319
606_31_1345_1583,1,4,0.043905,0.275651,0.074741,0.011245,0.527324,0.027922,0.039212
606_32_2227_2404,0,0,0.465281,0.38326,0.045061,0.014327,0.036732,0.024082,0.031258
606_32_464_680,3,3,0.012431,0.022756,0.010096,0.829545,0.016194,0.02132,0.087657
606_31_289_451,5,3,0.018473,0.03516,0.015507,0.518428,0.10393,0.093439,0.215063
606_31_31_90,6,6,0.01718,0.105343,0.10271,0.14342,0.188764,0.04804,0.394543
606_32_822_916,5,5,0.021989,0.059154,0.025988,0.005634,0.011249,0.839129,0.036857
606_31_695_803,1,4,0.013044,0.305218,0.073998,0.022179,0.39618,0.027104,0.162276
606_31_2161_2216,1,4,0.012686,0.1277,0.23625,0.023136,0.325339,0.078595,0.196294
606_32_1305_1316,5,5,0.071942,0.072481,0.020169,0.015095,0.00843,0.761605,0.050278
609_31_31_152,1,1,0.284613,0.511954,0.038803,0.02703,0.081136,0.034571,0.021893
609_31_1212_1449,1,1,0.064341,0.550407,0.033799,0.029961,0.244131,0.036932,0.040429
609_31_1929_2195,6,4,0.014796,0.176419,0.136996,0.0539,0.486872,0.052666,0.078352
609_32_857_1192,6,1,0.051858,0.560905,0.054009,0.018643,0.23256,0.025309,0.056717
609_32_1471_1896,1,1,0.182034,0.420536,0.06732,0.00962,0.111821,0.099973,0.108695
609_32_164_299,0,0,0.472716,0.367339,0.049931,0.007365,0.049579,0.025715,0.027354
609_32_2219_2358,0,1,0.088013,0.644641,0.061225,0.027571,0.063538,0.033386,0.081627
609_31_331_578,1,1,0.136029,0.407538,0.051768,0.064652,0.234731,0.053015,0.052266
609_32_601_785,6,4,0.006423,0.089473,0.124294,0.032974,0.394911,0.016114,0.33581
609_31_803_831,6,6,0.04024,0.16065,0.0568,0.053993,0.017941,0.268613,0.401762
612_32_2392_2532,6,1,0.093626,0.275123,0.130303,0.10455,0.029571,0.106639,0.260187
612_31_31_199,0,5,0.289973,0.083718,0.028887,0.054071,0.010898,0.521823,0.01063
612_31_1263_1594,1,0,0.498121,0.17526,0.018591,0.02237,0.024431,0.24521,0.016017
612_32_876_1237,2,4,0.084742,0.237988,0.136334,0.01425,0.331283,0.055372,0.140032
612_32_229_547,2,6,0.051239,0.166256,0.084055,0.070108,0.073928,0.037962,0.516451
612_31_1691_2022,0,0,0.540019,0.280432,0.033595,0.030849,0.044004,0.027188,0.043914
612_31_2166_2386,0,0,0.764152,0.128677,0.019008,0.023003,0.019413,0.020953,0.024794
612_32_2068_2128,5,5,0.019564,0.04206,0.084146,0.111082,0.037519,0.530115,0.175513
612_31_597_833,1,0,0.656875,0.237542,0.019204,0.018877,0.021177,0.023371,0.022953
612_32_1594_1641,5,5,0.024375,0.066483,0.055755,0.035152,0.013895,0.460327,0.344013
620_31_1103_1556,6,6,0.022942,0.098688,0.049607,0.090252,0.091556,0.056267,0.590689
620_32_163_340,1,1,0.123444,0.572497,0.033757,0.010952,0.20078,0.03303,0.02554
620_31_2536_2913,1,1,0.155447,0.355169,0.040701,0.06621,0.220153,0.093709,0.068611
620_32_2366_2488,1,1,0.270676,0.60512,0.032988,0.017971,0.038727,0.01727,0.017248
620_32_2938_3084,6,1,0.049037,0.361318,0.074882,0.062314,0.293202,0.023546,0.1357
620_31_1664_2338,0,1,0.129477,0.358694,0.031704,0.096488,0.038242,0.058021,0.287375
620_31_619_898,1,3,0.047021,0.22437,0.02893,0.312738,0.044065,0.06114,0.281736
620_31_31_124,1,6,0.043941,0.14191,0.045239,0.182745,0.045459,0.118739,0.421966
620_32_1573_1646,6,4,0.011951,0.233782,0.110472,0.117894,0.343246,0.043171,0.139484
620_32_943_1069,6,6,0.039996,0.234356,0.072837,0.016664,0.049254,0.261656,0.325238
620_32_458_574,5,5,0.104437,0.347504,0.034591,0.004738,0.014121,0.462361,0.032248
620_31_367_437,1,0,0.481657,0.359673,0.022721,0.04901,0.022452,0.028386,0.036101
681_35_98_148,1,1,0.031895,0.684714,0.062112,0.01805,0.086401,0.082944,0.033883
681_36_1290_1461,1,6,0.013882,0.222547,0.098499,0.213207,0.092797,0.029076,0.329992
681_35_1106_1276,1,1,0.052636,0.523664,0.072283,0.035072,0.149571,0.02602,0.140755
681_35_918_1017,6,6,0.013976,0.214058,0.093914,0.161908,0.037862,0.122046,0.356236
681_36_548_643,1,6,0.020542,0.211152,0.065428,0.214478,0.05582,0.09842,0.33416
681_36_156_201,1,1,0.078646,0.619422,0.045068,0.085675,0.054379,0.044093,0.072718
681_35_332_339,6,6,0.028265,0.112269,0.090044,0.059256,0.084892,0.073737,0.551536
681_36_1032_1092,6,1,0.033057,0.390797,0.07186,0.059997,0.11589,0.119235,0.209165
681_35_415_528,1,1,0.109056,0.61188,0.063402,0.014452,0.131556,0.015822,0.053832
681_36_31_64,1,1,0.013283,0.793561,0.028261,0.031954,0.065361,0.014341,0.053238
681_35_1473_1538,1,1,0.048003,0.344297,0.165274,0.033415,0.077804,0.248563,0.082644
681_36_804_913,6,6,0.019925,0.324039,0.109914,0.089322,0.067151,0.043712,0.345937
681_35_664_791,3,3,0.013686,0.038909,0.0235,0.770948,0.019448,0.035091,0.098419
681_36_362_406,1,1,0.033073,0.433421,0.114461,0.133829,0.146469,0.027705,0.111042
681_36_259_331,6,6,0.028853,0.256867,0.098557,0.079979,0.018775,0.126837,0.390132
681_35_224_250,1,1,0.035361,0.386589,0.148446,0.044273,0.124829,0.110672,0.149832
697_35_31_131,6,6,0.005567,0.019594,0.021337,0.195549,0.007331,0.105338,0.645283
697_36_1290_1336,6,6,0.006666,0.080357,0.022649,0.056284,0.021429,0.028248,0.784366
697_35_1394_1471,6,1,0.040433,0.301296,0.042292,0.073823,0.222522,0.11705,0.202585
697_35_910_1058,6,3,0.047802,0.080282,0.031291,0.44462,0.049078,0.109376,0.237551
697_36_176_249,6,3,0.034681,0.272323,0.032218,0.311164,0.018954,0.076063,0.254597
697_36_1095_1180,6,6,0.007942,0.066311,0.051779,0.105953,0.144658,0.04393,0.579426
697_36_302_533,6,6,0.003763,0.036282,0.045593,0.048369,0.030268,0.034926,0.8008
697_36_601_635,5,1,0.26235,0.396492,0.041382,0.04723,0.045515,0.038652,0.168378
697_36_1527_1622,1,1,0.029266,0.538093,0.053083,0.132899,0.131629,0.012686,0.102344
697_35_1206_1259,5,5,0.01433,0.083602,0.105107,0.040011,0.009747,0.543734,0.203469
697_36_749_873,1,6,0.010257,0.041038,0.034392,0.228345,0.024469,0.024456,0.637042
697_35_687_706,1,1,0.037422,0.237607,0.220922,0.029138,0.218288,0.135791,0.120831
697_35_555_582,6,5,0.009395,0.04028,0.032379,0.101471,0.015839,0.723174,0.077462
697_35_262_274,6,5,0.020599,0.05966,0.039103,0.032097,0.022653,0.516829,0.30906
707_36_31_176,3,1,0.173578,0.301168,0.052819,0.130857,0.019326,0.161725,0.160526
707_35_1110_1417,1,2,0.016481,0.333298,0.461607,0.005195,0.053884,0.116014,0.013521
707_36_1417_1461,5,5,0.015231,0.062845,0.035253,0.045569,0.012538,0.720841,0.107723
707_36_888_944,5,5,0.033302,0.120067,0.041787,0.141804,0.013669,0.476938,0.172432
707_35_944_1003,6,5,0.026854,0.075123,0.051269,0.009063,0.012081,0.805834,0.019777
707_35_176_212,6,1,0.199908,0.527699,0.060216,0.019991,0.071081,0.055606,0.0655
707_36_1034_1110,4,5,0.02911,0.232425,0.108495,0.037059,0.04312,0.440455,0.109337
707_36_1703_1771,6,1,0.303804,0.509302,0.014162,0.051806,0.007792,0.024178,0.088956
707_35_333_420,1,3,0.020521,0.111326,0.193194,0.318764,0.089584,0.095824,0.170787
707_35_614_657,3,3,0.058397,0.146343,0.047334,0.330427,0.03166,0.224622,0.161217
707_35_1508_1572,1,1,0.114235,0.62813,0.034589,0.009639,0.156327,0.022404,0.034676
707_35_801_888,5,6,0.037954,0.244975,0.05733,0.098707,0.19589,0.064398,0.300745
707_36_1572_1617,6,5,0.016486,0.121595,0.268377,0.017398,0.167309,0.273975,0.13486
707_35_1617_1654,4,1,0.032807,0.372729,0.222117,0.009538,0.190279,0.043915,0.128614
707_36_481_554,6,5,0.035161,0.076152,0.038232,0.159965,0.014702,0.418412,0.257375
707_36_728_745,4,5,0.015568,0.052967,0.056612,0.043032,0.016646,0.631046,0.184129
707_36_277_333,4,5,0.01665,0.060427,0.026283,0.046453,0.0185,0.766963,0.064725
709_35_88_189,5,5,0.004219,0.04166,0.10076,0.038011,0.008798,0.511914,0.294638
709_35_1249_1326,3,3,0.049288,0.060863,0.031062,0.476177,0.015269,0.283853,0.083488
709_36_1644_1800,1,5,0.095212,0.28827,0.037467,0.063679,0.01609,0.465232,0.03405
709_36_222_281,6,6,0.015671,0.191249,0.098196,0.029561,0.057847,0.249684,0.357792
709_35_1800_1874,3,3,0.039329,0.06358,0.009985,0.817109,0.00585,0.048113,0.016034
709_35_1441_1593,3,3,0.019254,0.132186,0.029877,0.69541,0.012195,0.079651,0.031427
709_36_938_955,5,5,0.02702,0.085957,0.061138,0.033797,0.025299,0.454431,0.312358
709_36_1326_1416,1,1,0.126275,0.411502,0.082002,0.088872,0.056089,0.150542,0.084718
709_36_554_673,6,6,0.009059,0.100629,0.048832,0.057155,0.006274,0.319991,0.45806
709_35_955_1157,3,3,0.006803,0.026358,0.013885,0.838206,0.008972,0.081379,0.024396
709_35_281_371,5,5,0.024075,0.062811,0.054319,0.017615,0.014527,0.76551,0.061142
709_36_371_521,1,5,0.009543,0.04747,0.030668,0.048168,0.008273,0.781326,0.074551
709_36_31_88,6,5,0.021508,0.289802,0.135109,0.030508,0.030432,0.372454,0.120188
709_35_769_901,3,3,0.008603,0.014701,0.014263,0.71514,0.008634,0.229749,0.008909
709_36_1190_1249,1,5,0.05615,0.040713,0.017333,0.04745,0.002564,0.807179,0.02861
709_35_521_554,5,5,0.002125,0.0154,0.013154,0.010172,0.003334,0.925157,0.030659
975_49_95_159,5,5,0.037452,0.113208,0.029063,0.01623,0.013309,0.767823,0.022915
975_50_1106_1199,5,1,0.061705,0.363893,0.07999,0.030851,0.028604,0.361188,0.073769
975_49_1819_1893,1,1,0.113242,0.634231,0.039921,0.057652,0.081213,0.022336,0.051405
975_50_1325_1546,6,2,0.024105,0.230883,0.37402,0.034377,0.145277,0.033016,0.158323
975_50_184_248,5,5,0.045586,0.156327,0.071431,0.019389,0.025175,0.510981,0.171112
975_49_482_753,6,5,0.005357,0.140095,0.189352,0.010024,0.058464,0.547167,0.04954
975_50_1723_1780,1,1,0.23011,0.576364,0.046088,0.01404,0.010822,0.093974,0.028601
975_49_997_1064,3,3,0.009747,0.019285,0.018253,0.643971,0.012852,0.283463,0.01243
975_50_31_71,6,5,0.075295,0.181167,0.092268,0.045618,0.076466,0.316485,0.212701
975_50_375_462,6,5,0.024368,0.162881,0.196003,0.013646,0.081328,0.457903,0.063871
975_49_1225_1284,6,0,0.374562,0.299932,0.057078,0.018962,0.015707,0.123103,0.110656
975_50_813_903,6,1,0.041868,0.40127,0.133441,0.021271,0.230172,0.020756,0.151222
975_49_1578_1673,1,1,0.026323,0.346813,0.169645,0.007302,0.100929,0.314023,0.034964
975_49_283_331,6,5,0.041166,0.175816,0.036225,0.034799,0.027061,0.58244,0.102492
979_49_31_175,4,4,0.018449,0.082183,0.053798,0.055874,0.538315,0.021144,0.230236
979_49_1295_1649,3,4,0.033416,0.229326,0.066113,0.014083,0.514729,0.024457,0.117876
979_50_1113_1273,4,4,0.015946,0.096454,0.034219,0.013567,0.813061,0.012869,0.013884
979_50_1664_1819,1,4,0.032582,0.2572,0.018507,0.016115,0.650939,0.011305,0.013352
979_50_218_332,5,5,0.01794,0.159674,0.040843,0.019216,0.016761,0.666283,0.079283
979_50_893_987,1,4,0.036241,0.270437,0.158248,0.023454,0.422831,0.047866,0.040923
979_50_492_594,1,4,0.016496,0.064667,0.053884,0.122756,0.486056,0.166306,0.089836
979_49_1003_1096,5,6,0.011654,0.216393,0.090433,0.010679,0.236624,0.069633,0.364584
979_49_594_639,5,5,0.003219,0.043537,0.017548,0.015632,0.004024,0.874372,0.041667
979_49_353_467,4,4,0.012939,0.29945,0.132118,0.019115,0.345383,0.023549,0.167445
979_49_763_885,5,4,0.018492,0.242507,0.101148,0.021317,0.451342,0.074381,0.090814
979_49_1841_1939,3,6,0.009564,0.090294,0.031543,0.032294,0.162077,0.006782,0.667445
979_50_678_726,1,1,0.051214,0.502773,0.015258,0.021954,0.355092,0.007211,0.046498
988_49_123_266,3,3,0.013137,0.156978,0.02347,0.442382,0.250421,0.028891,0.084721
988_49_1183_1291,4,1,0.012905,0.284058,0.090435,0.130136,0.239735,0.038961,0.203771
988_50_1668_2000,1,1,0.131377,0.544611,0.038279,0.018176,0.204863,0.032719,0.029975
988_49_857_995,4,1,0.044565,0.515207,0.052703,0.071455,0.177084,0.098179,0.040807
988_50_1314_1443,4,4,0.042036,0.300756,0.034627,0.019932,0.534766,0.013992,0.053891
988_50_515_626,4,4,0.026083,0.23925,0.036683,0.018059,0.625648,0.008094,0.046183
988_50_1063_1133,4,4,0.017535,0.197762,0.037713,0.020265,0.692714,0.015622,0.018389
988_50_321_397,5,3,0.012232,0.049903,0.029688,0.532453,0.240458,0.022825,0.112442
988_50_31_83,6,1,0.120005,0.272349,0.064217,0.069908,0.131335,0.222506,0.119679
988_49_416_458,3,3,0.024921,0.105315,0.015719,0.651606,0.00757,0.151471,0.043399
988_49_1504_1609,4,4,0.012915,0.129729,0.045673,0.012768,0.76067,0.009216,0.029028
988_49_648_704,3,1,0.155072,0.333527,0.042561,0.305574,0.05161,0.079961,0.031695
988_50_742_814,4,1,0.099635,0.406989,0.100385,0.040326,0.285375,0.027446,0.039843
997_50_31_132,3,3,0.052619,0.173219,0.145936,0.357289,0.040932,0.092758,0.137247
997_49_1223_1853,2,5,0.018204,0.216084,0.076738,0.105194,0.014153,0.540947,0.028679
997_50_1101_1204,2,2,0.054606,0.142556,0.392976,0.081123,0.069052,0.13677,0.122918
997_49_865_955,5,2,0.008173,0.070885,0.589407,0.008019,0.021019,0.290833,0.011663
997_49_144_243,3,1,0.046911,0.46044,0.234462,0.064215,0.061946,0.090704,0.041322
997_50_501_622,2,2,0.046266,0.099899,0.457909,0.089123,0.121495,0.107631,0.077677
997_50_275_441,2,4,0.058417,0.214394,0.194776,0.113001,0.2668,0.054103,0.098509
997_49_1014_1087,2,1,0.073734,0.436422,0.275549,0.048278,0.0408,0.097869,0.027349
997_49_460_487,2,2,0.020618,0.162402,0.456314,0.023636,0.081458,0.194257,0.061314
997_50_731_836,2,4,0.035667,0.143996,0.1139,0.124362,0.303743,0.024262,0.254069
997_50_1873_1951,2,3,0.051824,0.191747,0.177795,0.432436,0.020553,0.046804,0.078841
997_49_644_707,2,2,0.119959,0.329453,0.399932,0.03993,0.029318,0.05123,0.030179
997_50_964_995,2,6,0.013818,0.077447,0.133899,0.28034,0.054586,0.11261,0.3273
1645_83_2458_2547,3,3,0.012174,0.058828,0.086133,0.368917,0.027049,0.097591,0.349307
1645_84_120_146,3,3,0.009762,0.022561,0.011381,0.842588,0.006298,0.058706,0.048704
1645_83_1272_1322,5,5,0.004192,0.035851,0.05467,0.092012,0.010165,0.767878,0.035232
1645_84_1146_1270,1,1,0.279002,0.601943,0.035841,0.020996,0.035372,0.015141,0.011704
1645_83_153_307,5,1,0.05059,0.410902,0.091351,0.122011,0.040566,0.07393,0.21065
1645_83_2863_2965,3,3,0.021873,0.106492,0.092607,0.394825,0.022353,0.090188,0.271661
1645_83_2646_2760,6,6,0.008231,0.079792,0.054816,0.134365,0.026572,0.018304,0.677919
1645_84_1329_1494,0,3,0.04322,0.257002,0.032013,0.401711,0.017037,0.086822,0.162195
1645_84_2549_2640,3,3,0.015959,0.06696,0.092975,0.474845,0.063907,0.109847,0.175507
1645_83_756_984,6,6,0.008309,0.1366,0.09729,0.059499,0.054863,0.084659,0.55878
1645_84_2771_2862,3,3,0.038379,0.128899,0.044628,0.484158,0.066131,0.049979,0.187825
1645_84_2059_2119,6,3,0.01813,0.060712,0.036437,0.758849,0.021151,0.050997,0.053723
1645_83_1058_1138,5,2,0.005393,0.137435,0.528713,0.036157,0.034712,0.080615,0.176976
1645_83_1688_1781,5,5,0.009038,0.26553,0.091033,0.070523,0.030114,0.469367,0.064395
1645_83_373_688,1,1,0.039372,0.400656,0.118837,0.117299,0.14486,0.047911,0.131066
1645_84_1633_1685,3,3,0.011631,0.049336,0.028546,0.601085,0.026673,0.099354,0.183375
1645_83_1518_1619,5,2,0.013008,0.182277,0.383071,0.045668,0.069938,0.081837,0.224201
1645_83_2140_2332,5,1,0.024671,0.371687,0.062606,0.094727,0.052383,0.342517,0.051409
1645_84_1782_1914,5,3,0.009312,0.146808,0.020967,0.617416,0.014673,0.045374,0.145449
1645_83_31_119,5,1,0.053609,0.387407,0.058962,0.140268,0.05455,0.01655,0.288654
1645_84_696_735,3,3,0.012599,0.025521,0.030522,0.794136,0.009274,0.061569,0.066379
1645_83_1927_2055,5,5,0.019606,0.27631,0.188822,0.040287,0.054415,0.351521,0.069039
1645_83_3068_3151,5,5,0.011308,0.017374,0.016521,0.429726,0.009148,0.494051,0.021873
1645_84_309_356,3,3,0.015246,0.072635,0.165655,0.590927,0.022856,0.115076,0.017605
1645_84_2333_2454,3,1,0.062979,0.437951,0.054958,0.220309,0.074968,0.111551,0.037284
1645_84_2969_3065,3,3,0.010355,0.010782,0.015295,0.892823,0.006096,0.019716,0.044932
1645_84_999_1025,3,3,0.018442,0.024122,0.022128,0.853591,0.007365,0.055582,0.01877
1652_83_2398_2490,3,6,0.016409,0.101857,0.039093,0.257986,0.028804,0.011666,0.544185
1652_83_31_220,3,3,0.022773,0.197698,0.034473,0.284698,0.07839,0.225807,0.156161
1652_84_1123_1415,3,3,0.010694,0.057223,0.04885,0.552858,0.060907,0.041968,0.2275
1652_83_1837_2081,5,5,0.022811,0.077103,0.100299,0.118928,0.117441,0.488999,0.074418
1652_84_1611_1830,3,1,0.022863,0.255121,0.130501,0.105741,0.217575,0.140054,0.128144
1652_84_230_303,3,3,0.009144,0.040465,0.020134,0.811957,0.024904,0.068721,0.024676
1652_83_1423_1584,5,5,0.007483,0.071729,0.161767,0.027197,0.10928,0.535892,0.086652
1652_84_2089_2392,3,3,0.057086,0.198086,0.037119,0.517562,0.043885,0.067617,0.078645
1652_84_2496_2637,3,3,0.012704,0.019482,0.01921,0.894736,0.008315,0.015281,0.030272
1652_83_924_938,5,5,0.027603,0.050718,0.029458,0.03337,0.010936,0.809602,0.038312
1652_84_943_969,3,1,0.023279,0.216646,0.153778,0.170622,0.064277,0.214732,0.156665
1652_83_535_592,1,6,0.012855,0.103512,0.026679,0.069176,0.008013,0.039806,0.739959
1652_83_312_402,0,5,0.015572,0.109889,0.047118,0.05793,0.011722,0.591429,0.16634
1652_84_596_657,3,3,0.048709,0.252398,0.054667,0.371826,0.056789,0.152019,0.063592
1652_84_1004_1073,3,1,0.110846,0.304536,0.080067,0.095686,0.051006,0.255645,0.102215
1652_84_411_447,3,5,0.02469,0.069146,0.030685,0.258747,0.013394,0.525085,0.078253
1652_83_449_473,0,1,0.10083,0.543772,0.025452,0.188941,0.022605,0.034252,0.084148
1652_84_768_920,3,3,0.016967,0.193677,0.087371,0.382559,0.058836,0.085034,0.175556
1652_83_665_760,0,5,0.011278,0.145961,0.231591,0.056417,0.01766,0.29064,0.246452
1652_83_1083_1093,5,5,0.01712,0.044046,0.085519,0.058188,0.039885,0.411249,0.343991
1652_83_972_995,5,5,0.064886,0.305065,0.093411,0.069967,0.022919,0.341433,0.10232
1652_84_495_522,3,5,0.007398,0.073101,0.024581,0.026958,0.004169,0.814578,0.049215
1656_84_31_174,3,5,0.007418,0.044867,0.038443,0.189298,0.010996,0.622207,0.086771
1656_83_1214_1476,3,6,0.013409,0.130354,0.04604,0.301279,0.031427,0.056269,0.421223
1656_84_1970_2102,3,3,0.043201,0.358384,0.061057,0.358658,0.056499,0.06994,0.05226
1656_84_1029_1204,3,4,0.016569,0.149814,0.163656,0.253192,0.308252,0.069003,0.039515
1656_83_1608_1719,1,2,0.025007,0.222332,0.424589,0.026202,0.185957,0.029578,0.086335
1656_84_250_299,3,3,0.010246,0.068953,0.049794,0.37409,0.037028,0.313491,0.146398
1656_83_1781_1940,4,1,0.078033,0.690499,0.060706,0.010858,0.067675,0.0277,0.064529
1656_83_2136_2269,4,2,0.00432,0.107746,0.665097,0.015625,0.15648,0.011754,0.038979
1656_84_923_938,3,3,0.022061,0.032586,0.092685,0.524659,0.064836,0.107752,0.155422
1656_83_201_216,3,6,0.015679,0.17039,0.095786,0.048949,0.038009,0.238282,0.392906
1656_83_515_659,6,6,0.023316,0.137562,0.052308,0.254522,0.061539,0.027561,0.443191
1656_83_328_367,3,3,0.032176,0.153334,0.031524,0.610418,0.068502,0.034683,0.069364
1656_84_372_504,1,1,0.140435,0.413845,0.07809,0.024108,0.022766,0.297782,0.022973
1656_84_1498_1586,3,3,0.00473,0.002951,0.012394,0.931216,0.019463,0.021702,0.007544
1656_83_802_911,3,3,0.028866,0.30718,0.022415,0.351658,0.064227,0.015932,0.209723
1656_84_694_785,1,3,0.080236,0.233365,0.056441,0.326283,0.048242,0.088002,0.16743
1656_83_970_1009,3,6,0.018714,0.138533,0.030291,0.363363,0.039012,0.021335,0.388753
1656_84_1746_1756,5,5,0.014229,0.075512,0.05616,0.041785,0.023559,0.51962,0.269136
1662_84_31_179,0,1,0.243031,0.478157,0.114704,0.008425,0.041528,0.106757,0.007398
1662_83_1209_1347,2,1,0.032536,0.48842,0.127636,0.042702,0.114669,0.08965,0.104387
1662_83_2040_2224,1,2,0.020247,0.114813,0.660545,0.016544,0.108454,0.057059,0.022337
1662_84_1102_1208,5,2,0.009357,0.162336,0.465232,0.01885,0.044575,0.269849,0.029801
1662_83_1545_1780,5,5,0.046452,0.335172,0.07944,0.036557,0.085479,0.338699,0.078202
1662_83_193_269,2,1,0.027048,0.367246,0.122249,0.012851,0.330517,0.029554,0.110535
1662_84_1788_1849,1,1,0.034566,0.713048,0.02873,0.070523,0.06691,0.041921,0.044303
1662_84_1361_1544,0,2,0.015818,0.300075,0.467214,0.026444,0.077492,0.050083,0.062873
1662_83_880_1099,2,5,0.03701,0.188284,0.079624,0.049888,0.15915,0.389279,0.096766
1662_84_2228_2365,1,4,0.032565,0.365674,0.086532,0.027138,0.416607,0.036765,0.034719
1662_83_366_700,1,1,0.077104,0.390828,0.113755,0.023974,0.294213,0.029394,0.070733
1662_84_276_353,0,1,0.172598,0.427844,0.056369,0.10814,0.032826,0.101487,0.100737
1662_84_714_878,1,4,0.029916,0.234424,0.13469,0.137476,0.238536,0.082058,0.1429
1662_84_1908_2023,1,1,0.035145,0.476401,0.225673,0.039658,0.031956,0.176484,0.014683
1662_83_1852_1881,1,3,0.035039,0.239948,0.035887,0.288994,0.041688,0.087691,0.270753
1671_83_1286_1390,6,6,0.006434,0.076224,0.022893,0.059797,0.021065,0.100994,0.712593
1671_84_2017_2064,3,3,0.011998,0.064485,0.020554,0.740576,0.053543,0.021678,0.087166
1671_84_1116_1217,6,3,0.018495,0.068235,0.036313,0.670438,0.042481,0.056491,0.107546
1671_84_1606_1848,6,3,0.012702,0.040366,0.043159,0.72499,0.022463,0.041671,0.114649
1671_83_1455_1585,5,5,0.010469,0.077501,0.059936,0.044502,0.014658,0.707552,0.085381
1671_84_932_1022,6,3,0.010858,0.109781,0.033296,0.655885,0.042265,0.043554,0.10436
1671_83_137_247,6,6,0.022177,0.186124,0.093555,0.029469,0.056317,0.278084,0.334274
1671_83_383_732,6,5,0.009828,0.09555,0.071694,0.121109,0.059648,0.552067,0.090105
1671_84_263_364,3,3,0.011872,0.017693,0.022652,0.861658,0.018885,0.035086,0.032153
1671_84_31_115,3,4,0.018365,0.080324,0.049114,0.357479,0.398949,0.063324,0.032445
1671_84_758_824,3,3,0.011195,0.030505,0.014357,0.885428,0.008312,0.018837,0.031365
1671_83_1866_2000,6,4,0.007694,0.17719,0.099965,0.099262,0.453046,0.076646,0.086198
1671_84_1397_1425,6,3,0.020275,0.059009,0.046726,0.574787,0.025148,0.085154,0.188901
1671_83_858_914,6,6,0.024909,0.185269,0.048166,0.092972,0.019867,0.084611,0.544205
1671_83_1058_1098,6,1,0.067867,0.312338,0.059651,0.039092,0.020497,0.202044,0.298511
1671_83_2096_2122,1,6,0.055158,0.291591,0.034492,0.115251,0.024166,0.035699,0.443644
1675_84_31_307,1,3,0.062617,0.15918,0.039009,0.624942,0.036554,0.058752,0.018946
1675_84_1119_1363,1,3,0.005144,0.08421,0.09856,0.431525,0.035545,0.087491,0.257525
1675_83_2849_2929,2,4,0.016268,0.254944,0.237815,0.034729,0.350542,0.029518,0.076185
1675_84_2490_2830,1,1,0.09663,0.67973,0.028834,0.100135,0.027713,0.029736,0.037221
1675_84_1441_1577,3,3,0.006533,0.023563,0.012824,0.908548,0.014298,0.020421,0.013813
1675_84_2944_3205,1,1,0.054667,0.327216,0.031034,0.314116,0.05853,0.024209,0.190227
1675_83_749_958,2,3,0.01317,0.21561,0.040525,0.298553,0.033048,0.137496,0.261598
1675_84_2054_2216,1,1,0.024436,0.564561,0.091128,0.086513,0.034726,0.159331,0.039306
1675_83_1072_1119,1,1,0.195008,0.377297,0.059587,0.052485,0.020335,0.156604,0.138685
1675_84_1760_1801,5,5,0.010977,0.071348,0.089808,0.013328,0.007474,0.792553,0.014511
1675_84_519_749,1,1,0.13203,0.621408,0.044267,0.041078,0.02203,0.123179,0.016008
1675_83_2439_2483,1,1,0.149924,0.523186,0.029737,0.025542,0.012064,0.210035,0.049512
1675_83_1591_1752,2,1,0.024309,0.290898,0.06704,0.188042,0.081192,0.18472,0.163799
1675_84_2269_2435,1,3,0.015684,0.138713,0.070731,0.509876,0.044755,0.066564,0.153676
1675_83_1806_2040,2,6,0.008376,0.08862,0.028361,0.20843,0.032485,0.305412,0.328316
1675_83_3212_3316,2,6,0.007863,0.142251,0.207034,0.083134,0.120791,0.118055,0.320873
1675_83_1379_1427,6,3,0.027537,0.30714,0.014839,0.349659,0.025845,0.047242,0.22774
1675_84_964_1058,3,3,0.00912,0.030899,0.039758,0.741754,0.016317,0.127198,0.034954
1675_83_320_498,1,1,0.026963,0.255642,0.156869,0.07881,0.208263,0.123371,0.150082
1675_83_2223_2255,2,5,0.010298,0.120228,0.068633,0.033425,0.015982,0.640852,0.110583
1965_99_31_145,2,2,0.006964,0.109389,0.652669,0.004081,0.115539,0.038544,0.072815
1965_100_1246_1318,2,1,0.092238,0.36173,0.22843,0.032564,0.072025,0.0522,0.160813
1965_99_1058_1246,2,2,0.006162,0.081869,0.831142,0.007142,0.058124,0.007323,0.008237
1965_99_218_382,2,2,0.012992,0.115654,0.669667,0.004753,0.123441,0.036765,0.036729
1965_100_927_1058,2,4,0.006422,0.106022,0.31326,0.008736,0.484084,0.042792,0.038683
1965_100_145_218,5,5,0.010868,0.014196,0.021397,0.01338,0.003367,0.915842,0.02095
1965_99_1318_1391,2,2,0.011522,0.167392,0.699622,0.008213,0.076557,0.024791,0.011902
1965_99_516_726,2,2,0.006892,0.081278,0.840477,0.006831,0.034842,0.016346,0.013333
1965_100_382_516,2,1,0.148039,0.584726,0.120744,0.005441,0.017835,0.10644,0.016775
1965_99_787_927,4,1,0.022533,0.36343,0.353307,0.033974,0.056296,0.057288,0.113172
1965_100_726_787,6,6,0.009928,0.048578,0.11301,0.003309,0.014165,0.265813,0.545197
1977_99_31_167,2,6,0.014512,0.095816,0.173093,0.167596,0.022862,0.217201,0.308919
1977_100_1199_1356,5,0,0.600555,0.13306,0.018646,0.003552,0.005858,0.232074,0.006255
1977_99_1884_2155,1,1,0.434156,0.447152,0.038329,0.017138,0.015145,0.037394,0.010686
1977_100_193_347,1,5,0.005223,0.165491,0.266182,0.033436,0.0678,0.36546,0.096408
1977_99_1700_1813,1,0,0.493249,0.430182,0.024291,0.005819,0.017441,0.020509,0.008508
1977_99_1374_1485,1,5,0.090171,0.172846,0.036174,0.097995,0.016859,0.535743,0.050212
1977_100_2181_2297,1,1,0.079723,0.658316,0.063447,0.026855,0.076297,0.013921,0.081441
1977_99_920_1167,1,1,0.324399,0.534284,0.062162,0.007055,0.030745,0.025946,0.015409
1977_100_496_749,5,0,0.500953,0.249923,0.019208,0.008917,0.014326,0.193555,0.013117
1977_99_2310_2394,1,0,0.555066,0.334963,0.046514,0.010261,0.020283,0.022699,0.010214
1977_99_359_481,4,1,0.292435,0.607583,0.036992,0.007409,0.029168,0.011132,0.015281
1977_100_1534_1678,0,1,0.171769,0.483702,0.073262,0.063691,0.028718,0.093944,0.084914
1977_100_2413_2480,5,5,0.140016,0.027458,0.028651,0.003004,0.002688,0.793862,0.00432
1977_99_755_826,1,5,0.070082,0.27434,0.062594,0.029121,0.012152,0.453899,0.097812
1977_100_847_908,5,1,0.253054,0.306438,0.180201,0.013066,0.066274,0.147105,0.033861
1977_100_1829_1856,5,5,0.103705,0.018448,0.019483,0.008412,0.004855,0.827656,0.017442
1978_100_1270_1590,1,5,0.092085,0.129264,0.022597,0.065723,0.009581,0.647659,0.03309
1978_99_1832_2082,1,1,0.083281,0.620636,0.102191,0.035988,0.013698,0.079087,0.065119
1978_100_888_1192,3,3,0.00964,0.006634,0.012123,0.922734,0.006152,0.037037,0.00568
1978_100_232_351,3,3,0.276835,0.103264,0.064425,0.388536,0.02242,0.121765,0.022754
1978_99_2198_2277,1,1,0.254248,0.557622,0.031541,0.048324,0.010423,0.059191,0.03865
1978_99_142_213,1,1,0.0384,0.580453,0.157703,0.014171,0.160232,0.033138,0.015903
1978_99_518_667,1,1,0.36836,0.407726,0.052184,0.065002,0.045836,0.03352,0.027372
1978_100_1721_1777,5,5,0.121259,0.327682,0.093513,0.011989,0.014443,0.340665,0.090449
1978_100_442_506,1,5,0.08084,0.101313,0.02473,0.00306,0.005738,0.765421,0.018898
1978_100_31_113,3,3,0.009185,0.009819,0.011065,0.885189,0.003889,0.046723,0.03413
1978_99_788_838,4,1,0.094592,0.73501,0.059951,0.016743,0.00825,0.072262,0.01319
1978_100_2113_2181,1,5,0.015717,0.033787,0.02397,0.02639,0.003656,0.877542,0.018938
1978_100_689_775,3,3,0.00918,0.028428,0.043015,0.7584,0.007326,0.13378,0.019871
1978_99_362_415,1,1,0.060716,0.438167,0.17226,0.00584,0.01942,0.256556,0.04704
1978_99_1605_1672,1,1,0.18758,0.490465,0.11842,0.018643,0.007859,0.158673,0.01836
1978_99_1212_1251,1,1,0.034267,0.497016,0.252082,0.011432,0.031861,0.115507,0.057835
1988_99_87_160,5,5,0.010244,0.093748,0.117352,0.024916,0.018817,0.708008,0.026914
1988_100_1127_1427,5,3,0.126012,0.239577,0.043162,0.353312,0.027677,0.134037,0.076222
1988_99_1633_1766,1,1,0.135635,0.52693,0.077843,0.021519,0.013408,0.206146,0.018519
1988_99_217_329,1,1,0.151377,0.592118,0.051104,0.015894,0.029844,0.130987,0.028675
1988_99_1427_1530,5,3,0.01019,0.03768,0.070589,0.380922,0.021643,0.357907,0.121069
1988_100_926_1049,5,1,0.111067,0.370817,0.043194,0.057281,0.026854,0.351614,0.039172
1988_100_160_217,1,5,0.009014,0.085263,0.035574,0.035436,0.006699,0.754086,0.073928
1988_100_570_643,3,3,0.128465,0.123918,0.028445,0.501622,0.01099,0.062046,0.144514
1988_99_1049_1127,1,1,0.041407,0.686118,0.077429,0.014561,0.142406,0.012399,0.025679
1988_100_329_496,3,1,0.136856,0.261733,0.03321,0.195855,0.01861,0.21086,0.142876
1988_100_31_87,3,3,0.006439,0.039882,0.039127,0.372984,0.00742,0.284037,0.250111
1988_100_1530_1633,5,0,0.419547,0.071904,0.034492,0.156407,0.016237,0.288692,0.01272
1988_100_717_839,5,5,0.011728,0.114136,0.054634,0.168282,0.014081,0.515097,0.122042
1988_99_643_717,1,1,0.26239,0.529618,0.072922,0.077131,0.014882,0.032596,0.010461
1988_99_496_570,1,1,0.023706,0.657238,0.088139,0.023621,0.05253,0.087854,0.066912
1988_99_839_926,1,0,0.566729,0.371244,0.019348,0.008682,0.01072,0.017799,0.005477
1989_99_91_374,5,1,0.23075,0.392144,0.062725,0.09448,0.041609,0.071484,0.106808
1989_99_1208_1313,1,0,0.791843,0.13465,0.016211,0.004066,0.006834,0.042784,0.003611
1989_100_1151_1208,1,3,0.21221,0.084514,0.111435,0.27644,0.089089,0.203598,0.022715
1989_99_1468_1795,1,0,0.449362,0.300377,0.105334,0.013588,0.065215,0.04356,0.022564
1989_100_1795_1888,5,5,0.159107,0.259079,0.059372,0.020802,0.013183,0.479609,0.008849
1989_100_1313_1468,1,2,0.030298,0.110964,0.281877,0.234429,0.215086,0.083726,0.04362
1989_100_813_1042,1,1,0.015738,0.339835,0.199769,0.06902,0.091239,0.225867,0.058531
1989_100_588_734,1,2,0.008949,0.186145,0.303079,0.030314,0.244338,0.122663,0.104512
1989_99_1042_1151,1,1,0.424974,0.429157,0.043022,0.009898,0.045703,0.031087,0.016158
1989_100_374_478,5,5,0.013212,0.070281,0.082405,0.012373,0.018449,0.797478,0.005803
1989_99_31_55,5,3,0.017509,0.007223,0.023043,0.87455,0.004171,0.011677,0.061827
1989_99_1888_1938,1,0,0.568294,0.351357,0.029824,0.004098,0.014234,0.023407,0.008787
1989_100_55_91,5,5,0.020742,0.100261,0.062153,0.016751,0.009648,0.684114,0.106332
1989_99_478_588,1,0,0.481319,0.218404,0.024498,0.00488,0.009692,0.245566,0.015641
1989_99_734_813,5,5,0.018069,0.035276,0.037016,0.002883,0.006352,0.893388,0.007015
1993_100_1288_1441,6,3,0.012298,0.162643,0.051615,0.597697,0.06575,0.083237,0.026761
1993_99_782_1287,4,1,0.170844,0.591756,0.049092,0.018122,0.108648,0.022625,0.038913
1993_100_1624_1691,3,3,0.032518,0.208768,0.167065,0.251193,0.054993,0.188005,0.097458
1993_100_217_367,1,6,0.019092,0.124692,0.02642,0.29752,0.01526,0.082142,0.434874
1993_100_1800_1858,1,3,0.023218,0.057934,0.022032,0.718165,0.022993,0.083366,0.072292
1993_99_553_635,4,4,0.012486,0.248089,0.172226,0.011707,0.516891,0.023678,0.014924
1993_99_132_197,4,5,0.032364,0.164413,0.082166,0.021905,0.037111,0.606058,0.055983
1993_99_1692_1771,0,5,0.165953,0.354623,0.063486,0.003183,0.012987,0.367796,0.031972
1993_100_433_552,5,5,0.005434,0.035035,0.018784,0.021094,0.004394,0.892957,0.022302
1993_100_31_117,3,3,0.010141,0.012205,0.043639,0.494977,0.026763,0.084546,0.327728
1993_99_1465_1601,4,2,0.197214,0.262154,0.33846,0.008844,0.07334,0.069616,0.050373
1993_100_641_775,3,3,0.074148,0.1467,0.032528,0.412095,0.035949,0.269159,0.029422
1993_99_384_427,4,1,0.023439,0.412029,0.310981,0.010554,0.163957,0.047439,0.031602
2212_111_31_349,6,2,0.029304,0.205706,0.363087,0.033951,0.031417,0.253021,0.083514
2212_112_1213_1476,6,4,0.044031,0.210296,0.073471,0.065699,0.429311,0.031276,0.145915
2212_111_1856_2240,1,1,0.078187,0.581054,0.098045,0.044282,0.06257,0.119003,0.016858
2212_111_1004_1198,6,1,0.032459,0.363239,0.166478,0.103454,0.100063,0.196598,0.037708
2212_112_1658_1830,1,1,0.019934,0.424523,0.094734,0.088326,0.283614,0.014892,0.073978
2212_111_2604_2667,0,1,0.066531,0.519028,0.146415,0.068568,0.044659,0.103716,0.051082
2212_112_743_990,6,3,0.018425,0.195608,0.080883,0.295424,0.163152,0.049765,0.196744
2212_112_2254_2377,1,1,0.182204,0.625643,0.047441,0.033559,0.048602,0.042661,0.01989
2212_111_561_728,5,5,0.016106,0.21971,0.044232,0.040565,0.018434,0.637547,0.023405
2212_112_370_540,1,3,0.017851,0.224248,0.033574,0.401538,0.060332,0.135374,0.127083
2212_111_1507_1628,1,2,0.011672,0.214005,0.540267,0.016799,0.030017,0.16438,0.02286
2212_112_2503_2587,1,1,0.052253,0.525281,0.055036,0.165955,0.036239,0.013242,0.151995
2212_111_2377_2463,1,1,0.048653,0.298474,0.244884,0.117295,0.153918,0.083223,0.053553
2212_112_2669_2683,0,1,0.267111,0.503803,0.058548,0.045425,0.024294,0.069948,0.030871
2221_112_1228_1573,1,1,0.056865,0.468231,0.145187,0.041462,0.226363,0.029868,0.032025
2221_111_1921_2070,1,5,0.085744,0.275916,0.081008,0.155463,0.041463,0.326017,0.034389
2221_111_1021_1214,1,1,0.276869,0.579519,0.034694,0.017431,0.028964,0.043175,0.019349
2221_111_1596_1691,1,1,0.162484,0.678592,0.064978,0.010523,0.04407,0.02595,0.013403
2221_111_246_311,3,3,0.009148,0.031502,0.029087,0.585887,0.017926,0.011378,0.315072
2221_112_1706_1913,1,1,0.044639,0.527691,0.214566,0.010941,0.18002,0.013966,0.008176
2221_112_734_1012,1,1,0.150196,0.587534,0.102055,0.035542,0.065577,0.035495,0.023602
2221_112_138_234,1,1,0.212616,0.470165,0.055315,0.02385,0.078553,0.138011,0.02149
2221_111_519_690,5,3,0.044068,0.225077,0.077887,0.355031,0.050374,0.035237,0.212327
2221_112_322_492,1,5,0.051549,0.387282,0.040161,0.018538,0.042004,0.442394,0.018073
2221_111_31_114,3,3,0.04612,0.206926,0.049276,0.352747,0.054913,0.026466,0.263552
2221_112_2083_2196,1,0,0.697222,0.262029,0.011441,0.006806,0.005379,0.010312,0.00681
2228_111_1217_1352,1,3,0.015011,0.122981,0.101579,0.306257,0.225326,0.129858,0.098987
2228_112_1055_1201,1,3,0.011112,0.093574,0.033659,0.58792,0.048409,0.041383,0.183944
2228_111_225_313,3,3,0.005936,0.014962,0.018919,0.829518,0.005968,0.009709,0.114989
2228_112_1355_1545,4,1,0.02983,0.501563,0.059674,0.255472,0.074818,0.016745,0.061897
2228_111_782_1037,4,1,0.039142,0.239836,0.125936,0.229733,0.096571,0.196107,0.072674
2228_112_144_210,1,1,0.120949,0.715266,0.021458,0.02546,0.039771,0.048807,0.02829
2228_111_590_663,3,3,0.016811,0.060941,0.060023,0.638632,0.033121,0.112096,0.078377
2228_112_334_419,1,1,0.010939,0.72961,0.016644,0.048906,0.131466,0.013979,0.048456
2228_112_475_577,3,3,0.004773,0.018701,0.008176,0.889558,0.009201,0.030101,0.039489
2228_111_31_110,1,1,0.017731,0.512765,0.036153,0.04132,0.313951,0.011135,0.066946
2228_111_437_461,3,5,0.013029,0.060436,0.049516,0.231548,0.008735,0.535242,0.101494
2228_112_687_767,3,3,0.005599,0.023303,0.023392,0.798586,0.023077,0.03888,0.087162
2406_121_31_150,4,1,0.032721,0.467938,0.250178,0.043415,0.155513,0.019262,0.030973
2406_121_1118_1412,2,4,0.017129,0.17413,0.265002,0.03615,0.455263,0.018142,0.034184
2406_121_1516_1730,1,4,0.016719,0.152562,0.285266,0.070135,0.423787,0.021713,0.029816
2406_121_235_565,1,1,0.099422,0.672219,0.064655,0.016045,0.114447,0.018617,0.014595
2406_122_1737_2008,1,2,0.0166,0.11913,0.455691,0.17327,0.117856,0.04521,0.072242
2406_122_1413_1492,1,1,0.032564,0.499957,0.143267,0.019019,0.265242,0.013409,0.026541
2406_122_909_1100,1,4,0.032491,0.31267,0.196409,0.016172,0.410262,0.016851,0.015145
2406_122_160_219,1,5,0.045212,0.117566,0.102483,0.006749,0.025758,0.689457,0.012776
2406_122_570_703,2,2,0.008761,0.081516,0.564378,0.028729,0.056789,0.156788,0.10304
2406_121_714_897,1,1,0.032757,0.594114,0.155269,0.011799,0.183378,0.013132,0.009551
2404_122_31_178,2,3,0.165307,0.265498,0.085126,0.276736,0.021531,0.121631,0.06417
2404_122_1280_1440,1,1,0.336911,0.571231,0.024032,0.027733,0.013904,0.01717,0.009019
2404_121_1056_1280,1,3,0.016222,0.045875,0.059192,0.613307,0.032352,0.11092,0.122131
2404_121_1641_1727,3,3,0.010774,0.016953,0.014233,0.901305,0.007312,0.009968,0.039456
2404_122_252_370,1,1,0.245397,0.421712,0.064607,0.129164,0.022742,0.03443,0.081947
2404_121_1810_1832,3,3,0.006958,0.006246,0.010206,0.890226,0.005907,0.014015,0.066442
2404_122_1732_1810,1,2,0.015999,0.116201,0.542293,0.083682,0.088825,0.111272,0.041727
2404_121_1455_1520,1,3,0.017813,0.052078,0.038476,0.739095,0.03471,0.038539,0.079289
2404_122_907_1046,1,1,0.394433,0.474513,0.034961,0.015641,0.020443,0.045073,0.014936
2404_121_184_252,1,5,0.015247,0.14037,0.19417,0.040312,0.009047,0.565494,0.035361
2404_122_540_729,1,5,0.046701,0.177245,0.105716,0.055682,0.013607,0.574444,0.026606
2404_121_407_539,1,0,0.514534,0.389995,0.035742,0.019438,0.012734,0.017903,0.009653
2404_122_1527_1630,3,5,0.013779,0.117612,0.139448,0.063042,0.028332,0.592249,0.045538
2404_121_744_895,1,0,0.610554,0.337646,0.014199,0.013426,0.004912,0.011513,0.007751
2414_121_100_187,3,3,0.011707,0.021635,0.055394,0.838169,0.008044,0.031444,0.033607
2414_122_1161_1379,3,3,0.014136,0.037481,0.048558,0.803222,0.030581,0.037754,0.028269
2414_122_1632_2129,3,3,0.036972,0.067253,0.06524,0.674627,0.06593,0.056024,0.033954
2414_122_197_454,5,5,0.033162,0.133845,0.120796,0.232278,0.04227,0.402798,0.034851
2414_121_1407_1622,6,3,0.013225,0.047282,0.055078,0.817046,0.011624,0.016018,0.039727
2414_121_923_1153,4,2,0.009761,0.109948,0.407968,0.279165,0.153556,0.017224,0.022379
2414_121_464_604,5,3,0.010436,0.007568,0.052536,0.867537,0.02527,0.032992,0.003662
2414_122_612_910,5,3,0.087603,0.242631,0.099325,0.320188,0.094366,0.106617,0.049269
2414_122_31_87,5,5,0.057256,0.141827,0.140876,0.028419,0.017316,0.576793,0.037514
2414_121_2142_2189,3,3,0.007001,0.004327,0.015681,0.927992,0.012989,0.022067,0.009943
2416_121_121_132,5,5,0.048313,0.197401,0.07008,0.028974,0.029417,0.568089,0.057726
2416_121_1159_1330,1,0,0.45476,0.415096,0.043718,0.01862,0.046179,0.011311,0.010317
2416_121_1552_1777,0,1,0.147744,0.628292,0.051127,0.074887,0.067728,0.015496,0.014726
2416_122_157_314,0,0,0.659297,0.274238,0.021953,0.005912,0.012848,0.018151,0.007601
2416_122_1346_1535,2,1,0.051805,0.385127,0.214458,0.022281,0.297126,0.01711,0.012093
2416_122_897_988,1,0,0.458787,0.442515,0.037019,0.007314,0.033183,0.015421,0.00576
2416_122_454_653,0,0,0.534245,0.368121,0.043379,0.004579,0.014594,0.028272,0.006809
2416_122_1049_1130,1,1,0.101758,0.567399,0.060093,0.011705,0.230329,0.008957,0.019758
2416_121_328_440,0,1,0.269171,0.433149,0.048502,0.107366,0.015066,0.086951,0.039794
2416_122_31_114,1,2,0.09122,0.24549,0.262952,0.056294,0.044872,0.21264,0.086532
2416_121_673_881,0,0,0.590839,0.338642,0.02862,0.007934,0.019233,0.010323,0.004409
2416_121_999_1028,1,1,0.12989,0.693561,0.033923,0.010459,0.068931,0.034399,0.028838
2428_121_1240_1340,3,3,0.005272,0.006305,0.016217,0.937114,0.00492,0.003691,0.02648
2428_122_823_1206,4,1,0.080235,0.653957,0.127221,0.014104,0.083678,0.016239,0.024567
2428_122_1604_1750,1,1,0.033308,0.589694,0.1275,0.021756,0.184773,0.011544,0.031424
2428_122_198_469,1,1,0.04521,0.608858,0.221383,0.009411,0.077794,0.019973,0.01737
2428_122_575_654,1,1,0.050539,0.829323,0.04512,0.006654,0.044489,0.00739,0.016484
2428_122_31_97,4,2,0.019937,0.240067,0.470112,0.020451,0.141348,0.017785,0.0903
2428_121_1472_1575,3,3,0.01165,0.0343,0.053382,0.8151,0.022805,0.005034,0.057729
2428_121_690_816,2,1,0.05739,0.298821,0.1038,0.217688,0.053384,0.086301,0.182617
2428_122_1379_1434,1,1,0.077137,0.56593,0.178787,0.01202,0.143851,0.008176,0.014099
2428_121_499_573,4,1,0.104804,0.641914,0.061822,0.083828,0.040253,0.044534,0.022844
2428_121_130_167,2,1,0.041645,0.72543,0.056509,0.012657,0.079528,0.052948,0.031284
2430_121_31_262,1,1,0.079578,0.633443,0.057904,0.16242,0.023709,0.013985,0.028961
2430_121_1269_1364,4,1,0.090985,0.578631,0.066519,0.02252,0.075044,0.133873,0.032427
2430_122_1126_1258,1,1,0.151353,0.729349,0.02053,0.026354,0.035168,0.009797,0.02745
2430_122_1382_1515,1,1,0.091023,0.701507,0.050982,0.055457,0.026559,0.022567,0.051905
2430_122_776_1011,1,1,0.364561,0.570164,0.021838,0.011775,0.011608,0.010394,0.00966
2430_121_584_761,4,1,0.325765,0.550499,0.025108,0.010377,0.053533,0.019682,0.015035
2430_122_426_577,1,1,0.084613,0.746996,0.06449,0.03394,0.031974,0.026609,0.011377
2430_121_343_423,4,1,0.428332,0.501117,0.01261,0.021662,0.011156,0.013948,0.011174
2430_121_1047_1098,1,1,0.046905,0.414536,0.071967,0.301515,0.058682,0.024734,0.081663
2430_122_277_307,4,1,0.115544,0.546711,0.147541,0.010913,0.016034,0.143599,0.019657
2437_121_31_131,3,1,0.073778,0.322739,0.193169,0.040065,0.153097,0.131395,0.085756
2437_121_1092_1304,3,3,0.068346,0.294348,0.042442,0.353625,0.054329,0.122701,0.064209
2437_121_244_447,5,5,0.017642,0.170341,0.098449,0.04601,0.182944,0.439762,0.044853
2437_122_1319_1561,5,2,0.009804,0.16131,0.300895,0.045488,0.236099,0.175575,0.07083
2437_121_913_989,3,1,0.106734,0.404673,0.056168,0.045874,0.056854,0.218791,0.110907
2437_122_145_226,3,1,0.067764,0.362695,0.093055,0.188688,0.059751,0.047464,0.180582
2437_121_565_651,3,1,0.052296,0.317511,0.065219,0.181549,0.141276,0.060679,0.181469
2437_122_1007_1070,3,3,0.037105,0.18282,0.135556,0.518495,0.03958,0.033653,0.05279
2437_122_457_543,3,1,0.136195,0.448306,0.145764,0.103279,0.035688,0.073069,0.057698
2437_122_673_891,3,1,0.036052,0.356265,0.211545,0.029924,0.316226,0.030771,0.019219
2437_122_1615_1650,1,1,0.066377,0.665513,0.087339,0.016845,0.136383,0.010995,0.016548
2437_121_1579_1605,1,0,0.462659,0.455124,0.022636,0.010707,0.008128,0.031608,0.009138
3042_154_1119_1499,0,1,0.340546,0.425507,0.04489,0.036134,0.093591,0.02535,0.033982
3042_154_234_375,3,5,0.249192,0.193963,0.013542,0.068034,0.012452,0.428119,0.034699
3042_154_923_993,4,1,0.049174,0.385602,0.094303,0.053089,0.077513,0.035794,0.304525
3042_154_495_669,3,3,0.083218,0.146713,0.01858,0.579466,0.00872,0.04822,0.115083
3042_154_31_102,3,5,0.204794,0.148234,0.041024,0.101823,0.029426,0.431874,0.042825
3042_153_719_920,1,0,0.364223,0.09832,0.056148,0.013692,0.085478,0.34431,0.037829
3042_153_1538_1628,1,1,0.119842,0.514148,0.017903,0.029178,0.266414,0.012451,0.040065
3046_154_31_139,6,0,0.496092,0.253898,0.029417,0.040491,0.036546,0.01957,0.123985
3046_153_1198_1348,0,0,0.870843,0.079294,0.010399,0.006999,0.005464,0.017118,0.009884
3046_154_1071_1184,1,0,0.752669,0.148454,0.019366,0.018513,0.007085,0.037123,0.01679
3046_154_211_288,6,1,0.186681,0.500226,0.034731,0.104543,0.040795,0.012648,0.120377
3046_154_1407_1518,0,1,0.29034,0.337169,0.039398,0.036305,0.104459,0.146429,0.045899
3046_153_883_1050,0,0,0.671244,0.193317,0.029168,0.013964,0.010255,0.047315,0.034737
3046_153_155_205,0,5,0.224426,0.119966,0.019416,0.121253,0.009831,0.480427,0.024682
3046_154_421_653,1,0,0.714252,0.166377,0.029018,0.032577,0.006435,0.023274,0.028068
3046_153_304_401,0,0,0.700913,0.11884,0.025879,0.055797,0.008954,0.067992,0.021626
3046_153_1524_1569,0,1,0.282454,0.534979,0.025039,0.034199,0.035256,0.007805,0.080267
3046_154_779_864,1,0,0.393373,0.155578,0.021373,0.016737,0.019152,0.382109,0.011678
3046_153_664_747,1,0,0.817355,0.102719,0.014082,0.019416,0.003311,0.027777,0.015341
3049_154_100_207,6,6,0.015657,0.107029,0.159927,0.134856,0.158129,0.07011,0.354292
3049_154_1270_1453,6,4,0.014991,0.055359,0.129881,0.278821,0.310099,0.028427,0.182422
3049_153_999_1261,3,3,0.01769,0.027095,0.122049,0.421546,0.215458,0.046976,0.149185
3049_153_1518_1701,4,4,0.008576,0.049882,0.147482,0.232793,0.263056,0.241352,0.05686
3049_153_219_360,4,3,0.009237,0.044101,0.061361,0.367394,0.236527,0.031586,0.249794
3049_154_1715_1861,6,3,0.034692,0.064709,0.034308,0.535584,0.042971,0.020083,0.267653
3049_154_737_987,3,3,0.133771,0.095825,0.049502,0.443418,0.174525,0.028394,0.074565
3049_153_558_733,4,3,0.00794,0.012097,0.017542,0.850695,0.046206,0.010143,0.055377
3049_154_379_544,3,3,0.126733,0.127809,0.036508,0.474255,0.106195,0.030134,0.098365
3049_153_31_89,3,3,0.008249,0.062125,0.039291,0.747,0.040436,0.037875,0.065023
3049_153_1869_2000,4,3,0.007388,0.013286,0.030255,0.805605,0.024019,0.035482,0.083965
3056_154_122_181,6,2,0.01108,0.156151,0.381955,0.021096,0.193519,0.027736,0.208464
3056_153_1183_1457,1,2,0.012652,0.162076,0.424962,0.030081,0.108098,0.072213,0.189918
3056_153_1536_1685,6,6,0.012177,0.068019,0.088149,0.350308,0.070452,0.013618,0.397276
3056_153_200_313,3,3,0.009995,0.028369,0.016917,0.776072,0.019262,0.031009,0.118377
3056_153_1737_1821,3,3,0.00676,0.013474,0.014652,0.83675,0.014506,0.007477,0.106381
3056_154_1460_1530,1,1,0.014586,0.344923,0.121336,0.050767,0.202342,0.075581,0.190464
3056_153_509_1103,1,3,0.017966,0.033849,0.025775,0.462646,0.017449,0.021297,0.421019
3056_154_315_357,1,6,0.011638,0.025921,0.013987,0.177199,0.010653,0.023817,0.736785
3056_154_467_498,6,2,0.010952,0.139246,0.347336,0.019811,0.288559,0.127712,0.066384
3056_153_31_103,3,3,0.011868,0.021726,0.022129,0.676994,0.042583,0.028841,0.195858
3056_154_1847_1926,1,6,0.016132,0.060186,0.045828,0.407391,0.03252,0.011786,0.426157
3056_154_1121_1133,6,6,0.020565,0.125505,0.098408,0.052919,0.199323,0.012866,0.490414
3056_154_1703_1730,1,6,0.013459,0.097099,0.176317,0.04798,0.097139,0.032122,0.535884
3072_153_31_213,0,0,0.706819,0.180334,0.009645,0.015647,0.022488,0.054236,0.01083
3072_154_1281_1369,2,2,0.013878,0.181374,0.326875,0.040759,0.179041,0.012585,0.245488
3072_153_889_1262,0,0,0.839179,0.088716,0.014497,0.011602,0.012429,0.024563,0.009014
3072_154_249_273,4,4,0.007013,0.057525,0.337633,0.026075,0.445026,0.01498,0.111749
3072_154_589_664,4,1,0.012607,0.371405,0.21537,0.020906,0.109214,0.020583,0.249914
3072_153_333_447,0,0,0.596253,0.290504,0.028771,0.019122,0.042191,0.015495,0.007664
3072_154_465_499,4,4,0.007005,0.062678,0.342494,0.042869,0.476868,0.011463,0.056624
3072_154_770_863,3,6,0.01172,0.125616,0.073715,0.029354,0.053424,0.075808,0.630363
3331_167_31_160,3,5,0.087746,0.118812,0.206059,0.040753,0.026837,0.309078,0.210715
3331_167_1026_1342,5,6,0.029902,0.154138,0.146986,0.151962,0.070142,0.220966,0.225904
3331_167_2014_2084,0,5,0.025505,0.148186,0.205572,0.044716,0.044021,0.523881,0.008118
3331_168_914_1221,6,6,0.033714,0.141089,0.085617,0.137148,0.01913,0.274937,0.308365
3331_167_1679_1708,5,5,0.014327,0.038576,0.037829,0.022427,0.011689,0.847505,0.027646
3331_168_178_321,6,1,0.035895,0.29141,0.078217,0.052028,0.036606,0.276074,0.22977
3331_168_1725_1845,6,6,0.01884,0.2513,0.225288,0.040046,0.107556,0.054793,0.302176
3331_168_1385_1632,3,6,0.033583,0.103036,0.198273,0.222217,0.020262,0.052592,0.370036
3331_168_2025_2229,1,1,0.1011,0.711117,0.017757,0.055932,0.033959,0.059209,0.020926
3331_167_2245_2421,4,1,0.248745,0.332314,0.19936,0.021256,0.101314,0.086975,0.010036
3331_168_479_682,1,1,0.295341,0.518612,0.048136,0.013765,0.073953,0.024852,0.025341
3331_167_424_455,6,1,0.127033,0.247758,0.153791,0.085186,0.153402,0.162053,0.070778
3331_167_720_873,5,3,0.006572,0.011641,0.012009,0.669725,0.00759,0.256858,0.035603
3331_167_1894_1923,6,1,0.208015,0.389807,0.042881,0.181333,0.030058,0.011774,0.136132
3331_168_1934_1941,5,5,0.006454,0.047358,0.015463,0.013961,0.008021,0.867089,0.041653
3347_167_127_153,3,6,0.019976,0.078856,0.137521,0.168478,0.219817,0.037485,0.337867
3347_167_1268_1470,5,6,0.012643,0.083751,0.030348,0.215641,0.061174,0.235036,0.361406
3347_167_2032_2114,3,3,0.023127,0.111419,0.059166,0.344769,0.173368,0.096068,0.192082
3347_167_1671_1748,4,6,0.014283,0.074338,0.046122,0.17707,0.087141,0.040822,0.560224
3347_167_234_268,3,6,0.005505,0.037715,0.039128,0.037555,0.157291,0.029456,0.69335
3347_168_1769_1847,3,6,0.009429,0.09468,0.081587,0.273395,0.078946,0.056667,0.405296
3347_167_895_1161,5,3,0.032088,0.115318,0.109126,0.352365,0.05215,0.045363,0.29359
3347_168_175_217,5,6,0.023091,0.042217,0.052672,0.113578,0.024195,0.212427,0.53182
3347_168_565_701,3,1,0.021558,0.340774,0.05074,0.225311,0.228574,0.032192,0.10085
3347_168_414_463,3,1,0.049947,0.701733,0.015623,0.045601,0.144815,0.009879,0.0324
3347_168_1482_1643,5,1,0.017439,0.470648,0.072536,0.135163,0.122272,0.092656,0.089285
3347_168_812_883,0,1,0.104669,0.384537,0.069064,0.101944,0.158874,0.039764,0.141147
3347_167_1847_1969,1,5,0.009619,0.071395,0.022672,0.358831,0.027294,0.420375,0.089814
3347_168_1191_1249,5,5,0.007692,0.059141,0.02585,0.017888,0.00884,0.769163,0.111425
3347_167_711_789,4,4,0.0535,0.323182,0.052173,0.027097,0.413865,0.049722,0.08046
3347_167_480_544,3,1,0.016942,0.446199,0.029136,0.05917,0.382892,0.015423,0.050238
3347_167_339_371,3,1,0.047577,0.460689,0.039032,0.104906,0.144814,0.01796,0.185021
3347_168_304_324,5,6,0.010804,0.030193,0.033033,0.345438,0.032989,0.185589,0.361955
3347_168_1988_2012,5,6,0.021924,0.116611,0.041765,0.122369,0.028717,0.165975,0.50264
3360_167_1077_1387,2,0,0.427276,0.357101,0.094055,0.01336,0.072674,0.020606,0.014928
3360_168_234_299,6,1,0.25246,0.474773,0.069988,0.06811,0.044032,0.011354,0.079284
3360_168_1449_1528,1,1,0.061109,0.489945,0.134114,0.045533,0.167917,0.026771,0.074611
3360_168_832_1011,0,0,0.481216,0.261383,0.096452,0.032169,0.055558,0.029622,0.0436
3360_168_562_688,0,6,0.027249,0.179089,0.164804,0.069584,0.200459,0.023491,0.335323
3360_167_300_341,5,6,0.036189,0.189564,0.020992,0.117682,0.051189,0.024722,0.559662
3360_168_450_476,1,6,0.033504,0.125438,0.075364,0.049307,0.115566,0.164841,0.43598
3360_167_66_85,1,1,0.078262,0.382143,0.070501,0.038301,0.185419,0.019439,0.225935
3360_167_494_534,1,6,0.10509,0.316642,0.038937,0.042379,0.090495,0.032696,0.373762
3360_167_730_806,2,1,0.363166,0.374441,0.107828,0.034227,0.052497,0.028424,0.039417
3360_168_31_51,6,6,0.072448,0.041006,0.019523,0.255074,0.027549,0.050024,0.534376
3360_168_146_168,6,5,0.026247,0.080826,0.068885,0.088045,0.019586,0.379907,0.336504
3360_167_186_198,1,1,0.055791,0.461687,0.024339,0.172256,0.04193,0.026475,0.217522
3805_192_111_269,6,6,0.014251,0.223483,0.16648,0.11093,0.064735,0.136145,0.283976
3805_191_1261_1305,3,3,0.005684,0.017426,0.024149,0.511253,0.00872,0.269287,0.163481
3805_191_1674_1726,3,3,0.019065,0.010611,0.012609,0.909017,0.006495,0.035591,0.006613
3805_191_1416_1506,2,1,0.322745,0.422389,0.04672,0.077979,0.045259,0.04276,0.042148
3805_192_880_1126,6,6,0.006436,0.115175,0.051755,0.250416,0.074396,0.073191,0.428631
3805_192_1306_1409,6,3,0.004415,0.028572,0.030553,0.596431,0.019528,0.100941,0.21956
3805_192_536_670,1,3,0.019384,0.139769,0.051449,0.368576,0.051209,0.252762,0.116851
3805_191_1140_1181,3,5,0.003715,0.020761,0.020485,0.037557,0.005899,0.851266,0.060317
3805_192_1738_1794,3,1,0.034987,0.288619,0.275918,0.139894,0.053845,0.053742,0.152996
3805_192_321_395,6,5,0.0306,0.128306,0.192035,0.130384,0.030307,0.403921,0.084448
3805_191_408_530,2,1,0.065082,0.699743,0.053769,0.009904,0.088464,0.047515,0.035524
3805_191_31_110,4,6,0.02143,0.180213,0.139285,0.013714,0.044596,0.229299,0.371463
3805_192_1525_1658,3,3,0.01034,0.123436,0.066895,0.444438,0.053851,0.02976,0.27128
3805_191_682_856,6,1,0.019842,0.434709,0.04699,0.043222,0.039076,0.27735,0.138811
3805_192_1210_1246,3,5,0.006277,0.024863,0.014191,0.097532,0.005808,0.794882,0.056447
3805_191_271_321,0,5,0.007706,0.059055,0.031617,0.007441,0.004743,0.837943,0.051495
3812_192_31_210,0,1,0.214267,0.519588,0.033945,0.024708,0.015996,0.177526,0.01397
3812_191_1296_1437,4,2,0.016326,0.246438,0.609149,0.009565,0.086352,0.017721,0.014448
3812_192_1864_2194,4,2,0.019552,0.157351,0.565336,0.031872,0.091809,0.08053,0.053551
3812_192_905_1263,0,1,0.268172,0.55855,0.050057,0.013804,0.05909,0.033209,0.017118
3812_191_1606_1830,4,1,0.014171,0.368738,0.229605,0.010971,0.2863,0.024019,0.066196
3812_191_231_298,4,1,0.029864,0.786542,0.027261,0.005686,0.123989,0.010991,0.015666
3812_191_2216_2243,2,2,0.015537,0.216705,0.619524,0.011085,0.088386,0.021856,0.026907
3812_191_2578_2635,2,6,0.021996,0.171866,0.035883,0.287657,0.069946,0.040116,0.372535
3812_192_2260_2413,6,2,0.03149,0.208572,0.368465,0.108399,0.113034,0.032467,0.137572
3812_192_590_783,0,0,0.568727,0.347051,0.023064,0.00531,0.010652,0.040437,0.004759
3812_192_310_498,0,1,0.382086,0.470661,0.026189,0.011426,0.020646,0.081095,0.007898
3812_192_1488_1588,4,2,0.021663,0.131757,0.381641,0.039406,0.029213,0.34268,0.05364
3812_192_2491_2562,3,3,0.007837,0.024804,0.032622,0.666428,0.015193,0.016565,0.236551
3812_191_800_895,1,1,0.180262,0.6909,0.04431,0.0064,0.025586,0.009602,0.042939
3812_191_2444_2456,3,3,0.015155,0.043564,0.041392,0.574973,0.084944,0.024422,0.21555
3809_192_31_131,3,3,0.010114,0.028936,0.025118,0.698678,0.02415,0.072024,0.14098
3809_192_1138_1347,3,3,0.010234,0.028679,0.020056,0.827962,0.022736,0.023262,0.06707
3809_191_227_323,1,5,0.018349,0.113209,0.026443,0.014884,0.017526,0.775203,0.034386
3809_192_1416_1578,3,3,0.014,0.032155,0.024833,0.813252,0.015392,0.014496,0.085871
3809_191_2492_2622,3,3,0.008105,0.004276,0.012643,0.928237,0.006201,0.010535,0.030003
3809_192_860_1080,6,4,0.023871,0.165877,0.108931,0.11496,0.381478,0.039012,0.165872
3809_191_1092_1118,5,5,0.009482,0.051792,0.058238,0.045211,0.026231,0.726447,0.082599
3809_192_1725_1827,3,3,0.005564,0.008035,0.010644,0.859777,0.003358,0.013465,0.099157
3809_192_449_655,4,2,0.008315,0.108522,0.279288,0.111234,0.216295,0.034999,0.241347
3809_192_2635_2707,3,3,0.009247,0.006505,0.01316,0.915877,0.01819,0.011872,0.025149
3809_192_2347_2482,3,3,0.00677,0.004294,0.011697,0.941864,0.006406,0.011365,0.017605
3809_191_1589_1722,3,5,0.016816,0.072796,0.059075,0.16876,0.014691,0.359237,0.308625
3809_191_2275_2322,3,3,0.017443,0.016285,0.027958,0.807225,0.014253,0.056817,0.060019
3809_192_2173_2265,3,3,0.009708,0.016951,0.050788,0.753249,0.02573,0.054371,0.089204
3809_191_1833_1911,2,6,0.005595,0.076871,0.204395,0.010377,0.110506,0.253517,0.338738
3809_191_2075_2170,2,5,0.062271,0.278909,0.110369,0.01852,0.093236,0.333209,0.103485
3809_191_660_860,1,1,0.270637,0.410905,0.033412,0.010444,0.012273,0.25221,0.010119
3809_191_1358_1415,3,3,0.00648,0.014339,0.015755,0.580944,0.008251,0.049085,0.325145
3809_192_1926_2059,3,6,0.019564,0.15279,0.163261,0.22955,0.097741,0.050487,0.286606
3809_191_342_449,2,5,0.009251,0.084599,0.050058,0.007534,0.013078,0.784314,0.051165
3809_192_323_342,3,3,0.020897,0.091769,0.037029,0.752319,0.014776,0.014585,0.068624
3819_191_31_132,1,5,0.006573,0.082654,0.145861,0.049434,0.049418,0.41855,0.247509
3819_192_1281_1374,1,3,0.068485,0.254337,0.040968,0.343022,0.063094,0.030807,0.199287
3819_192_2026_2129,3,3,0.006098,0.015334,0.01334,0.858805,0.010402,0.023337,0.072683
3819_191_1658_1695,1,5,0.010986,0.052398,0.033493,0.013469,0.008958,0.86037,0.020327
3819_191_210_437,4,6,0.038253,0.195002,0.074868,0.113434,0.096075,0.079647,0.402721
3819_192_1721_1867,4,5,0.010493,0.110453,0.081064,0.110761,0.067018,0.365078,0.255134
3819_191_1394_1498,6,3,0.003515,0.010858,0.007495,0.734589,0.012693,0.019677,0.211174
3819_192_939_989,1,1,0.007495,0.426387,0.174952,0.028452,0.029409,0.271399,0.061907
3819_192_441_649,1,3,0.008357,0.027669,0.029712,0.807646,0.02766,0.057935,0.041021
3819_192_1104_1180,2,2,0.012174,0.231581,0.373605,0.061651,0.073915,0.101033,0.146041
3819_192_144_197,1,5,0.023285,0.175365,0.02163,0.072291,0.00767,0.661422,0.038337
3819_191_1004_1053,1,5,0.012797,0.14277,0.259198,0.006431,0.057872,0.382802,0.13813
3819_192_1531_1650,5,5,0.009133,0.077735,0.05908,0.284194,0.044871,0.33344,0.191547
3819_191_1199_1261,1,1,0.296914,0.532228,0.029377,0.023153,0.006487,0.040811,0.071031
3819_191_1876_2011,3,3,0.017699,0.025436,0.008495,0.873046,0.011877,0.036326,0.027121
3819_191_668_713,1,1,0.019011,0.349429,0.318122,0.006393,0.038173,0.17678,0.092092
3819_191_835_925,1,1,0.021807,0.337883,0.06505,0.109827,0.01778,0.225292,0.22236
3819_192_725_815,6,3,0.00893,0.067813,0.032841,0.442771,0.040956,0.084215,0.322474
3826_192_101_128,1,5,0.255995,0.153108,0.037741,0.041978,0.010311,0.440227,0.06064
3826_191_1250_1388,3,3,0.009122,0.006613,0.011708,0.916628,0.017439,0.032234,0.006256
3826_191_2008_2130,3,3,0.009329,0.03438,0.022595,0.83901,0.024124,0.025824,0.044739
3826_192_1049_1247,1,3,0.036654,0.247785,0.052379,0.269244,0.045641,0.24935,0.098947
3826_192_1576_1710,2,1,0.11081,0.567097,0.138613,0.040433,0.025956,0.048317,0.068774
3826_191_148_301,5,3,0.108711,0.039106,0.103682,0.592363,0.023896,0.124349,0.007892
3826_192_1806_1884,3,6,0.029203,0.216593,0.12686,0.102428,0.16925,0.017318,0.33835
3826_192_1402_1467,2,5,0.075643,0.12366,0.091541,0.074911,0.033661,0.480088,0.120497
3826_192_2133_2233,3,3,0.008591,0.14217,0.032151,0.354239,0.050535,0.283321,0.128993
3826_191_868_1033,4,1,0.384011,0.452287,0.065577,0.005796,0.06709,0.012303,0.012936
3826_191_469_728,2,1,0.065757,0.394715,0.083025,0.012703,0.127438,0.301707,0.014655
3826_191_1734_1779,2,2,0.004132,0.067358,0.57234,0.001881,0.337421,0.010542,0.006325
3826_191_31_88,5,5,0.020887,0.027011,0.07094,0.252454,0.010203,0.616476,0.00203
3826_192_400_450,1,3,0.048294,0.132714,0.060825,0.384059,0.008537,0.192637,0.172934
3826_191_1488_1568,2,5,0.003076,0.055257,0.047556,0.037953,0.022588,0.718161,0.115408
3826_192_738_848,1,0,0.578457,0.292751,0.017004,0.021597,0.020544,0.045291,0.024358
3826_191_1898_1942,3,3,0.004672,0.002938,0.005375,0.910656,0.005997,0.067225,0.003137
3826_191_350_385,3,3,0.018678,0.016091,0.020424,0.763184,0.006655,0.147962,0.027006
3826_192_1963_1998,3,3,0.045849,0.150729,0.025592,0.568682,0.034716,0.112168,0.062264
3826_192_305_328,6,5,0.041738,0.136453,0.039322,0.042586,0.00979,0.664149,0.065963
3829_191_31_137,6,6,0.010794,0.178299,0.140149,0.077605,0.100342,0.200611,0.292199
3829_191_1269_1309,0,5,0.035463,0.290786,0.060443,0.106032,0.05528,0.302933,0.149062
3829_191_2014_2070,0,1,0.079927,0.45721,0.135415,0.004475,0.064257,0.213202,0.045514
3829_192_1067_1269,1,3,0.067021,0.183498,0.028375,0.456117,0.028901,0.075396,0.160692
3829_192_1645_1700,1,1,0.089966,0.576546,0.027846,0.065537,0.023368,0.043087,0.173651
3829_192_140_266,1,5,0.007351,0.095119,0.023696,0.018188,0.007329,0.829217,0.019102
3829_191_1713_1952,4,1,0.075925,0.380673,0.044614,0.176842,0.061721,0.029214,0.23101
3829_192_1443_1549,1,1,0.045328,0.578102,0.054217,0.115313,0.028545,0.022226,0.156269
3829_192_2070_2329,1,1,0.33,0.506354,0.035093,0.026413,0.022461,0.041716,0.037962
3829_192_874_971,1,0,0.302475,0.297349,0.034687,0.035339,0.022544,0.288411,0.019195
3829_192_1309_1374,1,1,0.048669,0.431116,0.101304,0.093588,0.052214,0.241674,0.031436
3829_192_451_692,1,5,0.008053,0.183996,0.047157,0.046248,0.019922,0.647081,0.047542
3829_191_2332_2442,4,4,0.026453,0.386032,0.079061,0.010931,0.449984,0.012575,0.034965
3829_191_266_451,6,1,0.154877,0.552918,0.048614,0.026184,0.034735,0.115287,0.067385
3829_191_978_1067,0,1,0.22222,0.579047,0.028937,0.022071,0.030416,0.083034,0.034275
3829_191_692_874,1,1,0.112898,0.584603,0.043107,0.015139,0.120687,0.045199,0.078367
3829_191_1563_1635,0,1,0.125924,0.55344,0.042483,0.03447,0.014172,0.097871,0.13164
3829_191_1374_1443,0,1,0.158237,0.622575,0.033281,0.02966,0.084492,0.031769,0.039987
3829_192_2442_2466,3,6,0.018801,0.091087,0.046844,0.277758,0.048112,0.044113,0.473285
3829_192_1952_2007,1,0,0.421707,0.21361,0.027816,0.013789,0.010916,0.282205,0.029957
3833_192_85_165,5,5,0.003163,0.02162,0.026189,0.017727,0.005861,0.858753,0.066687
3833_191_1248_1362,3,3,0.006495,0.006746,0.008885,0.939218,0.014155,0.006914,0.017587
3833_192_1031_1248,3,3,0.136824,0.318532,0.082121,0.320873,0.04753,0.062993,0.031128
3833_191_1528_1705,3,6,0.035436,0.119945,0.085047,0.057344,0.208793,0.039161,0.454275
3833_192_1721_1850,3,3,0.01443,0.020578,0.020283,0.855484,0.020017,0.03898,0.030228
3833_192_1371_1520,3,3,0.014248,0.020492,0.021042,0.827411,0.018562,0.08026,0.017984
3833_191_884_1023,3,3,0.015705,0.148954,0.044132,0.384899,0.049205,0.011747,0.345359
3833_191_193_239,4,1,0.03737,0.380236,0.107213,0.013859,0.262969,0.013761,0.184592
3833_191_388_735,4,2,0.022996,0.288544,0.341768,0.008524,0.270961,0.040919,0.026289
3833_192_294_373,3,3,0.009301,0.030099,0.011505,0.757114,0.013661,0.015581,0.162739
3833_191_31_85,0,6,0.023251,0.110158,0.107329,0.038321,0.093991,0.039635,0.587316
3833_192_735_884,3,5,0.011746,0.055272,0.028891,0.151626,0.020426,0.57923,0.152809
3833_191_1850_1954,3,3,0.011791,0.017516,0.020502,0.896063,0.008387,0.024139,0.021602
3833_192_1954_2027,3,3,0.003079,0.001927,0.004423,0.949051,0.009309,0.007455,0.024758
3837_192_2409_2561,3,3,0.010231,0.066281,0.018845,0.744326,0.026001,0.010433,0.123883
3837_191_31_380,3,6,0.008143,0.055763,0.080391,0.165785,0.048835,0.06312,0.577962
3837_192_1984_2285,3,5,0.011251,0.068923,0.020377,0.319656,0.051152,0.501704,0.026937
3837_191_1115_1291,0,1,0.060704,0.669275,0.052977,0.00695,0.093542,0.040052,0.0765
3837_192_1611_1746,3,3,0.012102,0.034796,0.069019,0.643586,0.023318,0.094989,0.12219
3837_191_1761_1968,3,6,0.004244,0.14062,0.102699,0.057257,0.123071,0.065897,0.506211
3837_192_1309_1486,1,3,0.017628,0.068796,0.021272,0.569868,0.031714,0.051783,0.238939
3837_191_927_991,3,3,0.026812,0.051257,0.027869,0.455714,0.068205,0.02119,0.348954
3837_191_2301_2384,1,1,0.156211,0.523623,0.03305,0.017451,0.101502,0.130601,0.037562
3837_192_584_688,3,3,0.011341,0.022455,0.031258,0.635126,0.080463,0.159496,0.059861
3837_192_999_1109,1,5,0.04232,0.077318,0.029616,0.269842,0.035175,0.467993,0.077735
3837_192_386_460,5,3,0.012101,0.013782,0.016544,0.510596,0.015475,0.405842,0.02566
3837_191_1509_1598,3,3,0.024824,0.032805,0.026684,0.436073,0.017111,0.057894,0.404608
3837_192_786_842,3,3,0.012327,0.011183,0.011779,0.88249,0.017747,0.039895,0.024579
3837_191_697_774,3,3,0.008695,0.021767,0.009967,0.885243,0.019512,0.013031,0.041784
3837_191_478_575,3,3,0.013596,0.023469,0.023548,0.817883,0.027805,0.023057,0.070643
3837_191_851_872,3,4,0.048097,0.152854,0.077803,0.186765,0.25799,0.06864,0.20785
3837_192_888_897,3,5,0.007907,0.039874,0.017809,0.042534,0.01213,0.787453,0.092293
3924_198_116_164,1,5,0.022298,0.147858,0.172806,0.011624,0.024136,0.510485,0.110793
3924_198_1124_1322,1,6,0.114253,0.294532,0.080294,0.128762,0.01599,0.028567,0.337603
3924_197_843_1000,6,6,0.021731,0.176592,0.251674,0.054735,0.202328,0.027402,0.265539
3924_197_189_251,1,6,0.012741,0.144186,0.165582,0.024087,0.120015,0.062291,0.471099
3924_197_1326_1357,6,3,0.031172,0.076811,0.044122,0.584897,0.020279,0.048866,0.193853
3924_198_471_598,1,5,0.067567,0.16507,0.03264,0.13351,0.008435,0.375246,0.217532
3924_197_1085_1111,6,6,0.020301,0.089795,0.092592,0.135605,0.079363,0.04937,0.532975
3924_198_298_397,0,0,0.545206,0.230077,0.080263,0.011885,0.021361,0.09511,0.016098
3924_198_1005_1083,1,5,0.014996,0.062433,0.106722,0.013124,0.009051,0.725133,0.068541
3924_197_31_115,0,1,0.031357,0.350324,0.348684,0.012443,0.082094,0.072323,0.102774
3924_197_602_630,0,6,0.040171,0.215594,0.102808,0.195099,0.076474,0.031294,0.33856
3924_197_405_451,1,6,0.02563,0.150447,0.165791,0.060676,0.040374,0.096789,0.460293
3924_198_651_843,1,1,0.290442,0.557552,0.038234,0.010477,0.031456,0.045397,0.026442
3926_197_31_143,2,4,0.011283,0.111229,0.254734,0.105207,0.31334,0.021232,0.182976
3926_198_1195_1523,4,3,0.048338,0.238717,0.044833,0.296951,0.116253,0.040421,0.214486
3926_198_1613_1713,6,6,0.044324,0.298708,0.035127,0.130055,0.107704,0.02643,0.357652
3926_198_1805_1836,3,6,0.02003,0.091087,0.035568,0.369047,0.046654,0.026277,0.411337
3926_197_930_998,3,3,0.008251,0.009771,0.016707,0.842588,0.012257,0.010888,0.099539
3926_198_167_254,1,6,0.008508,0.046571,0.050076,0.128928,0.023692,0.100381,0.641844
3926_197_538_614,5,6,0.019639,0.143111,0.133079,0.099652,0.183104,0.182549,0.238867
3926_198_1009_1132,4,3,0.023561,0.103692,0.036547,0.376573,0.261716,0.046855,0.151055
3926_197_1748_1798,1,1,0.017854,0.554601,0.060527,0.12788,0.190074,0.024855,0.02421
3926_197_269_362,3,3,0.020433,0.02856,0.043476,0.700604,0.03839,0.025396,0.143141
3926_198_635_694,6,6,0.016527,0.066661,0.101604,0.067978,0.058852,0.048775,0.639603
3926_198_370_512,4,5,0.01675,0.121674,0.059118,0.133692,0.050624,0.522451,0.095691
3926_198_791_918,3,3,0.012872,0.042253,0.024236,0.637411,0.026738,0.040967,0.215523
3926_197_709_772,3,3,0.021379,0.031394,0.045586,0.698892,0.064755,0.021286,0.116708
3926_197_1537_1598,4,1,0.013728,0.333676,0.133186,0.072406,0.321052,0.025381,0.10057
3926_197_1154_1182,5,5,0.014037,0.13636,0.048576,0.012661,0.021319,0.578584,0.188463
3929_198_1245_1434,2,5,0.050301,0.273218,0.098115,0.043765,0.088156,0.407462,0.038984
3929_198_1932_2168,1,1,0.056993,0.446647,0.23324,0.024341,0.16394,0.040322,0.034517
3929_197_1038_1228,4,4,0.008788,0.173399,0.254119,0.067911,0.264711,0.027322,0.203749
3929_198_1474_1709,1,1,0.09852,0.387684,0.055629,0.100382,0.185612,0.022744,0.149429
3929_198_139_296,6,6,0.025944,0.093575,0.024933,0.341464,0.072392,0.012224,0.429469
3929_197_1725_1921,4,4,0.01409,0.228286,0.202385,0.011965,0.434237,0.061126,0.04791
3929_198_946_1021,1,3,0.016226,0.059605,0.023169,0.565973,0.020096,0.070054,0.244877
3929_197_300_381,3,2,0.009653,0.125655,0.327721,0.073944,0.219804,0.009859,0.233365
3929_197_593_656,6,3,0.051041,0.208047,0.043443,0.367438,0.11884,0.01297,0.198221
3929_197_459_539,3,4,0.016506,0.168098,0.071843,0.110575,0.362674,0.010031,0.260272
3929_197_31_83,3,3,0.014095,0.07614,0.065304,0.476833,0.062157,0.011405,0.294066
3929_198_402_440,6,6,0.006645,0.0145,0.017437,0.087429,0.021641,0.040213,0.812135
3929_198_702_838,3,3,0.013991,0.100426,0.036387,0.36019,0.046314,0.344001,0.098691
3929_197_843_928,6,6,0.00947,0.26366,0.075342,0.188321,0.072766,0.055192,0.335249
3929_198_553_588,6,6,0.012658,0.039398,0.064042,0.047159,0.017828,0.100198,0.718718
3929_197_1440_1444,5,5,0.008898,0.030617,0.02296,0.068288,0.013409,0.766474,0.089354
3937_197_31_180,5,4,0.023224,0.204662,0.178849,0.007827,0.528269,0.030971,0.026198
3937_197_1207_1342,5,1,0.036894,0.329728,0.231908,0.034682,0.18855,0.090048,0.088191
3937_198_1103_1193,6,6,0.022257,0.119619,0.024169,0.220397,0.02519,0.119052,0.469317
3937_198_1624_1683,5,6,0.013275,0.059402,0.035974,0.239448,0.168271,0.133066,0.350565
3937_198_190_305,3,3,0.027023,0.160796,0.029253,0.36735,0.049579,0.103277,0.262721
3937_198_1820_1925,3,3,0.020119,0.045215,0.033493,0.510744,0.094918,0.123135,0.172376
3937_197_1383_1604,5,1,0.03649,0.30593,0.116414,0.030795,0.197658,0.222099,0.090613
3937_197_923_1091,5,3,0.021333,0.084837,0.088943,0.44985,0.067536,0.129823,0.157678
3937_197_581_733,3,3,0.004703,0.265759,0.069565,0.288523,0.052262,0.224062,0.095125
3937_197_1692_1785,5,6,0.028618,0.289679,0.082335,0.032591,0.224931,0.027299,0.314546
3937_197_309_406,5,2,0.010675,0.227412,0.288142,0.019068,0.099944,0.284733,0.070026
3937_198_419_578,3,6,0.032941,0.236554,0.089731,0.090665,0.125814,0.075438,0.348856
3937_198_736_910,3,6,0.020304,0.12052,0.097023,0.174513,0.109011,0.180996,0.297632
3937_198_1360_1373,5,5,0.023005,0.10548,0.079961,0.04528,0.053537,0.477442,0.215294
3939_197_31_222,1,1,0.018176,0.36048,0.112715,0.034936,0.287969,0.105113,0.080611
3939_197_1291_1355,3,1,0.102665,0.28352,0.080517,0.023939,0.107993,0.246509,0.154858
3939_198_1176_1288,4,6,0.029797,0.210991,0.048936,0.122238,0.03422,0.232266,0.321552
3939_197_1657_1695,1,1,0.03307,0.602856,0.031935,0.059125,0.075151,0.025668,0.172194
3939_198_251_411,0,6,0.025723,0.226051,0.198604,0.046461,0.073224,0.064955,0.364981
3939_197_1425_1475,5,5,0.064333,0.249968,0.033341,0.017232,0.021981,0.589604,0.023542
3939_198_824_1052,4,1,0.038833,0.318501,0.086213,0.148329,0.184759,0.052721,0.170644
3939_198_501_650,4,6,0.007138,0.137654,0.138108,0.049033,0.076514,0.066944,0.52461
3939_197_1063_1167,5,5,0.025716,0.16924,0.058678,0.009979,0.030737,0.680295,0.025355
3939_198_1716_1795,0,6,0.023332,0.096289,0.0352,0.17028,0.065532,0.04083,0.568539
3939_197_415_489,1,1,0.089506,0.605697,0.040494,0.019143,0.17758,0.028211,0.03937
3939_198_1497_1640,1,1,0.150265,0.562288,0.022075,0.043672,0.080435,0.070583,0.070683
3939_197_666_780,1,4,0.011046,0.240718,0.047867,0.055014,0.571552,0.018076,0.055728
3939_198_1366_1413,4,6,0.051332,0.099341,0.047334,0.064885,0.090543,0.194871,0.451693
3944_198_120_280,3,5,0.009354,0.067246,0.056409,0.131637,0.039747,0.42881,0.266797
3944_197_1195_1331,3,4,0.013681,0.140558,0.198644,0.070763,0.272628,0.0721,0.231626
3944_198_1800_1966,3,6,0.042894,0.015606,0.019553,0.37607,0.017522,0.00571,0.522646
3944_198_1350_1660,3,6,0.026137,0.168256,0.197572,0.073707,0.221687,0.086065,0.226576
3944_197_919_1071,1,1,0.018732,0.517509,0.09038,0.008856,0.306016,0.006493,0.052014
3944_197_1680_1790,3,4,0.008065,0.065387,0.347334,0.041342,0.443592,0.018042,0.076239
3944_197_431_487,1,2,0.005829,0.130642,0.515237,0.014307,0.295014,0.007908,0.031063
3944_197_31_104,4,2,0.024752,0.132686,0.347832,0.033808,0.177385,0.132115,0.151422
3944_197_643_722,1,2,0.012861,0.278444,0.464301,0.019858,0.189748,0.008423,0.026364
3944_198_336_406,3,3,0.010685,0.037852,0.019674,0.432372,0.012206,0.071304,0.415907
3944_197_295_326,5,5,0.055447,0.215998,0.094635,0.038817,0.084418,0.369364,0.141321
3941_198_119_185,5,5,0.00665,0.030471,0.016217,0.026431,0.009648,0.806409,0.104173
3941_197_1102_1285,3,4,0.0189,0.305913,0.113778,0.065947,0.379049,0.020035,0.096377
3941_197_1649_1817,3,3,0.012121,0.180111,0.04469,0.403611,0.17141,0.022948,0.165109
3941_197_202_333,1,4,0.012867,0.18836,0.105204,0.017094,0.613558,0.012161,0.050757
3941_197_1372_1488,3,4,0.03327,0.182388,0.071698,0.085081,0.312016,0.017864,0.297683
3941_197_828_949,0,1,0.041376,0.633236,0.0282,0.026532,0.224553,0.011108,0.034995
3941_198_1303_1360,3,5,0.006859,0.033004,0.021903,0.088126,0.02589,0.726191,0.098028
3941_198_557_634,1,1,0.035331,0.360266,0.219107,0.033093,0.232554,0.018579,0.101071
3941_198_974_1090,0,6,0.01685,0.190102,0.220604,0.035071,0.1916,0.0354,0.310373
3941_197_442_529,1,4,0.023606,0.322753,0.054072,0.078725,0.329814,0.032897,0.158133
3941_197_31_100,4,6,0.02336,0.197045,0.158191,0.063681,0.206274,0.027078,0.32437
3941_198_1507_1631,3,3,0.016963,0.047137,0.023098,0.651509,0.05355,0.040122,0.167622
3941_197_655_730,1,4,0.006237,0.23614,0.14096,0.014638,0.515008,0.003485,0.083532
3941_198_352_435,4,6,0.010628,0.043257,0.048213,0.166501,0.062548,0.275391,0.393463
3941_198_747_818,4,6,0.013112,0.059297,0.037291,0.076268,0.029667,0.259681,0.524683
3941_198_1841_1867,0,6,0.007172,0.041202,0.029769,0.299436,0.15458,0.093428,0.374412
3943_198_81_192,3,5,0.023784,0.119694,0.027763,0.051028,0.01914,0.647072,0.111521
3943_197_1192_1327,3,5,0.008542,0.123313,0.119392,0.050241,0.036028,0.565989,0.096495
3943_197_1566_1704,3,3,0.016713,0.076464,0.174889,0.339499,0.110384,0.039218,0.242834
3943_197_216_329,1,1,0.024041,0.458662,0.114998,0.027366,0.227811,0.024108,0.123014
3943_198_1345_1562,3,3,0.005346,0.016723,0.013315,0.590421,0.014597,0.013793,0.345806
3943_198_770_939,3,6,0.016469,0.144654,0.267754,0.091551,0.075131,0.045654,0.358787
3943_197_940_1070,1,1,0.020974,0.664604,0.032935,0.132828,0.049665,0.016907,0.082087
3943_198_553_664,1,6,0.027512,0.204087,0.07855,0.116435,0.148491,0.033432,0.391493
3943_198_1083_1183,3,6,0.021654,0.115981,0.051258,0.25609,0.039827,0.04518,0.470011
3943_197_31_66,3,5,0.03628,0.2351,0.108138,0.012694,0.041332,0.317453,0.249003
3943_198_339_469,1,6,0.045891,0.257127,0.052653,0.144721,0.036774,0.115603,0.347231
3943_198_1714_1758,3,6,0.009131,0.026161,0.029542,0.226653,0.034485,0.031952,0.642075
3943_197_676_756,0,1,0.049449,0.715682,0.048211,0.006145,0.150181,0.00762,0.022712
3943_197_486_544,1,5,0.007885,0.144517,0.214718,0.015814,0.08886,0.472596,0.05561
3957_198_31_164,3,0,0.368066,0.200944,0.051065,0.160875,0.028801,0.143061,0.047189
3957_197_1251_1471,4,1,0.046925,0.450145,0.044913,0.070859,0.195056,0.026935,0.165166
3957_198_1887_2099,3,3,0.017931,0.100712,0.022505,0.56839,0.09154,0.058614,0.140309
3957_198_1055_1236,1,3,0.026333,0.042654,0.010918,0.517525,0.029075,0.326523,0.046973
3957_197_1613_1850,1,1,0.03949,0.296256,0.156528,0.118097,0.241843,0.115147,0.032639
3957_197_185_409,1,3,0.07923,0.304877,0.027755,0.435674,0.024592,0.036464,0.091407
3957_197_729_1034,4,4,0.010866,0.094357,0.158485,0.007667,0.694821,0.009454,0.024351
3957_198_2260_2319,1,5,0.073701,0.209436,0.074182,0.029232,0.051009,0.446341,0.116099
3957_197_473_649,1,1,0.033398,0.31343,0.091996,0.166039,0.288185,0.019372,0.08758
3957_198_424_454,3,3,0.010748,0.017995,0.008517,0.899882,0.003753,0.04384,0.015265
3957_198_1500_1597,1,1,0.227545,0.546495,0.018117,0.030878,0.070131,0.01666,0.090173
3957_198_679_719,3,5,0.017356,0.048305,0.043725,0.10918,0.022099,0.674574,0.084761
3957_197_2128_2203,1,1,0.056998,0.5186,0.024828,0.049537,0.277757,0.030506,0.041774
3950_197_31_176,2,2,0.009455,0.100329,0.534703,0.049998,0.155321,0.029008,0.121186
3950_198_1202_1339,6,6,0.003891,0.073088,0.20334,0.030464,0.028693,0.171452,0.489072
3950_198_1882_2052,6,6,0.010679,0.089255,0.093417,0.069973,0.022412,0.147001,0.567262
3950_197_1071_1190,6,4,0.007744,0.068093,0.280142,0.013798,0.417526,0.125817,0.08688
3950_198_205_255,1,6,0.010858,0.100625,0.059642,0.036413,0.039868,0.096126,0.656467
3950_197_1791_1850,6,1,0.027389,0.541657,0.068109,0.081877,0.139264,0.020079,0.121625
3950_198_1461_1573,6,6,0.017881,0.115856,0.054284,0.028498,0.011037,0.094911,0.677533
3950_198_2170_2326,6,6,0.008137,0.056944,0.065953,0.055293,0.015152,0.023643,0.774877
3950_197_846_936,4,6,0.011188,0.131752,0.150134,0.052484,0.172953,0.017415,0.464074
3950_198_1717_1767,1,5,0.039364,0.189247,0.048361,0.04253,0.02411,0.478035,0.178353
3950_197_304_413,4,1,0.021114,0.40358,0.22753,0.022004,0.209838,0.017596,0.098337
3950_197_611_675,4,1,0.022445,0.349058,0.11288,0.013176,0.332397,0.035094,0.13495
3950_198_963_1048,1,6,0.015459,0.114776,0.124518,0.029028,0.023829,0.321926,0.370463
3950_198_431_572,1,2,0.003793,0.107331,0.530874,0.004621,0.19606,0.020255,0.137065
3950_197_2076_2144,5,6,0.015902,0.11852,0.192359,0.108188,0.113643,0.204977,0.24641
3950_198_719_795,6,6,0.018196,0.152265,0.126545,0.044205,0.08276,0.031929,0.5441
3950_197_1367_1444,5,5,0.011186,0.128114,0.043057,0.027975,0.02884,0.694179,0.06665
3950_197_2381_2396,4,4,0.025094,0.275128,0.155481,0.007173,0.440445,0.012013,0.084667
3950_197_1659_1670,1,6,0.021073,0.122526,0.075165,0.087025,0.193224,0.014916,0.486072
3964_199_31_252,3,3,0.010982,0.010456,0.039938,0.779172,0.036872,0.104374,0.018205
3964_199_1258_1451,3,3,0.013807,0.052728,0.019944,0.737639,0.043255,0.08603,0.046597
3964_200_1071_1229,0,3,0.261333,0.158224,0.03326,0.443344,0.019846,0.055518,0.028474
3964_199_1654_1717,1,3,0.023832,0.120998,0.129919,0.405023,0.106612,0.152064,0.061554
3964_200_1745_1894,0,0,0.750384,0.180981,0.013641,0.02436,0.007475,0.012584,0.010575
3964_200_1461_1632,0,0,0.647813,0.296678,0.011434,0.011664,0.008951,0.012749,0.010712
3964_200_741_929,1,1,0.114806,0.609127,0.097331,0.019575,0.040294,0.024198,0.094669
3964_200_541_653,1,1,0.227712,0.624326,0.044336,0.010832,0.019196,0.019095,0.054503
3964_200_284_341,5,3,0.04162,0.069665,0.020356,0.571281,0.010432,0.217907,0.06874
3964_199_954_1046,3,3,0.041254,0.225325,0.128295,0.279818,0.14228,0.141744,0.041284
3964_199_454_518,3,3,0.007363,0.015082,0.019002,0.856132,0.00822,0.019002,0.0752
3964_199_346_400,3,3,0.014538,0.014555,0.023552,0.797643,0.010443,0.099878,0.03939
3964_200_410_433,6,6,0.048329,0.28655,0.045606,0.048771,0.127222,0.018296,0.425225
3964_199_674_691,5,5,0.012814,0.031222,0.020277,0.034365,0.006683,0.861369,0.03327
3976_199_1105_1189,3,3,0.01042,0.026804,0.040023,0.703424,0.027776,0.038072,0.153481
3976_199_183_322,3,1,0.044009,0.363293,0.043783,0.276746,0.120191,0.023501,0.128476
3976_199_940_1014,4,4,0.015512,0.082775,0.128786,0.100365,0.434083,0.040358,0.19812
3976_200_1318_1365,3,3,0.011722,0.021851,0.011548,0.731856,0.039592,0.044073,0.139358
3976_199_485_657,4,4,0.009905,0.097424,0.322703,0.107078,0.328386,0.033355,0.101148
3976_200_1035_1070,4,4,0.010641,0.127675,0.027378,0.028991,0.407899,0.005167,0.39225
3976_199_31_114,3,3,0.011032,0.043656,0.064597,0.354607,0.02833,0.234259,0.263518
3976_200_345_456,1,6,0.029787,0.238664,0.054499,0.076156,0.15318,0.045559,0.402154
3976_199_786_856,4,6,0.023179,0.146953,0.093342,0.173104,0.085768,0.15891,0.318744
3976_200_682_755,1,3,0.020655,0.139811,0.013236,0.428132,0.094795,0.008448,0.294924
3976_199_1259_1292,3,3,0.025759,0.269555,0.121654,0.35902,0.050282,0.027832,0.145898
3976_200_869_907,4,4,0.031026,0.348485,0.045978,0.018273,0.366041,0.014605,0.175591
3976_200_1208_1247,5,3,0.011281,0.037911,0.020535,0.622273,0.061848,0.08257,0.163581
3976_200_133_173,4,6,0.031336,0.199012,0.048958,0.023808,0.113538,0.014049,0.569298
3980_200_1262_1368,5,5,0.006257,0.035646,0.026444,0.009319,0.0144,0.893358,0.014576
3980_199_1157_1248,4,4,0.010127,0.123936,0.152064,0.079428,0.507685,0.043021,0.083739
3980_199_1675_1741,3,3,0.011668,0.039859,0.036223,0.530476,0.28117,0.021714,0.07889
3980_200_1760_1862,4,1,0.019373,0.412092,0.053389,0.050983,0.410536,0.026426,0.027201
3980_199_1395_1474,4,3,0.022231,0.256287,0.056266,0.2654,0.134028,0.057463,0.208324
3980_199_867_949,4,4,0.021398,0.291765,0.061998,0.028484,0.547585,0.020994,0.027776
3980_200_138_249,1,6,0.016575,0.09758,0.021358,0.038627,0.119219,0.00601,0.700631
3980_200_965_1135,1,1,0.087356,0.338544,0.049197,0.144474,0.149845,0.153694,0.076888
3980_199_261_415,6,5,0.010483,0.032843,0.091114,0.269247,0.094805,0.404175,0.097333
3980_199_602_740,6,3,0.007668,0.004125,0.018315,0.853202,0.039295,0.036193,0.041202
3980_200_436_586,3,4,0.013322,0.046876,0.06457,0.275098,0.376806,0.076479,0.14685
3980_199_31_106,4,2,0.005324,0.04006,0.713971,0.010895,0.109521,0.073061,0.04717
3980_200_760_856,1,3,0.02483,0.071199,0.012083,0.711235,0.06027,0.026942,0.093441
3980_199_1877_1995,3,3,0.024653,0.064017,0.070416,0.536925,0.135094,0.022719,0.146177
3980_200_1571_1653,4,6,0.034039,0.103946,0.050221,0.153511,0.112803,0.153373,0.392107
3982_199_2482_2656,3,3,0.008399,0.074972,0.052922,0.422181,0.353554,0.048991,0.038981
3982_200_79_146,5,5,0.003094,0.037356,0.058381,0.009778,0.009053,0.86946,0.012879
3982_200_1168_1405,4,4,0.011951,0.126916,0.036208,0.011476,0.741352,0.008654,0.063442
3982_199_204_333,4,5,0.026104,0.162044,0.177459,0.02531,0.06927,0.468564,0.071248
3982_200_2723_2790,3,3,0.013522,0.071103,0.05463,0.406291,0.365412,0.042483,0.046559
3982_199_1443_1498,5,5,0.003832,0.025118,0.023542,0.057009,0.01318,0.718933,0.158385
3982_200_824_979,4,4,0.006326,0.089452,0.104087,0.022813,0.707537,0.030265,0.03952
3982_200_1953_2170,4,1,0.021775,0.394657,0.139997,0.01134,0.379709,0.013735,0.038787
3982_199_1004_1129,5,4,0.011567,0.076076,0.226637,0.05657,0.413959,0.158127,0.057063
3982_200_1760_1831,4,6,0.016187,0.166977,0.025228,0.191425,0.229482,0.01107,0.359631
3982_200_353_650,4,1,0.054891,0.480054,0.083651,0.005265,0.34964,0.016248,0.01025
3982_199_1559_1715,4,6,0.005944,0.069738,0.057228,0.280994,0.062048,0.147133,0.376913
3982_200_1505_1530,4,4,0.007378,0.152,0.074611,0.005466,0.702568,0.006457,0.05152
3982_199_672_774,3,3,0.014441,0.140765,0.037895,0.412541,0.173792,0.019028,0.201538
3982_199_1852_1878,4,6,0.009252,0.028997,0.091105,0.081106,0.022541,0.320316,0.446684
3982_199_2216_2267,4,6,0.007605,0.039458,0.052397,0.113268,0.217099,0.046828,0.523345
3982_200_2318_2449,4,4,0.01428,0.159058,0.084434,0.021387,0.516541,0.016213,0.188086
3990_199_31_182,1,5,0.068516,0.195826,0.243893,0.019515,0.165213,0.267057,0.039981
3990_200_1198_1343,1,3,0.025713,0.068601,0.016092,0.782672,0.017983,0.017708,0.071231
3990_199_1082_1192,1,1,0.099504,0.399197,0.076572,0.120508,0.174681,0.050962,0.078576
3990_200_1504_1729,0,0,0.394541,0.321262,0.095816,0.038054,0.060955,0.07192,0.017452
3990_200_205_387,1,1,0.101466,0.487603,0.035531,0.148865,0.02089,0.124853,0.080792
3990_199_1738_1813,1,5,0.02047,0.080436,0.073631,0.250563,0.083169,0.257544,0.234187
3990_199_1355_1473,1,1,0.035523,0.64358,0.067531,0.019325,0.175707,0.037646,0.020689
3990_199_833_933,1,1,0.058428,0.572152,0.074862,0.049908,0.12961,0.040513,0.074527
3990_200_951_1060,0,0,0.57548,0.322675,0.031084,0.021364,0.014524,0.014145,0.020729
3990_200_547_622,0,0,0.383528,0.19118,0.029886,0.189624,0.044945,0.113154,0.047683
3990_199_636_684,1,1,0.04431,0.2829,0.152553,0.077175,0.140982,0.125772,0.176309
3990_199_395_535,1,5,0.006333,0.058788,0.034267,0.016266,0.012823,0.842026,0.029497
3990_200_1827_1965,0,1,0.240606,0.659413,0.023819,0.019191,0.012696,0.035035,0.00924
3990_200_690_821,1,5,0.279358,0.17081,0.027498,0.051147,0.017349,0.441646,0.012191
3998_199_2435_2589,3,3,0.015499,0.063887,0.066415,0.587667,0.052498,0.059007,0.155027
3998_199_31_138,3,3,0.025196,0.090333,0.06847,0.500353,0.162962,0.066652,0.086035
3998_199_1934_2210,2,3,0.0177,0.037776,0.157777,0.464793,0.212228,0.061133,0.048593
3998_199_1069_1276,3,3,0.014163,0.024551,0.173035,0.515,0.052602,0.13125,0.0894
3998_199_1588_1753,1,4,0.016002,0.065292,0.082212,0.275198,0.349318,0.163051,0.048927
3998_200_160_422,3,3,0.011071,0.035393,0.017774,0.709684,0.058295,0.041936,0.125847
3998_200_1304_1548,6,5,0.006699,0.109002,0.139665,0.050496,0.134152,0.4943,0.065686
3998_200_659_940,1,3,0.049629,0.310417,0.024137,0.387867,0.117659,0.065501,0.04479
3998_199_951_1017,3,3,0.022176,0.070893,0.062546,0.588045,0.039924,0.154554,0.061863
3998_200_2245_2425,3,3,0.013491,0.030282,0.018272,0.846638,0.013627,0.054672,0.023018
3998_199_448_643,3,3,0.006489,0.010832,0.007867,0.900007,0.038627,0.03024,0.005938
3998_200_1836_1906,3,5,0.009786,0.031104,0.02948,0.373036,0.013345,0.534996,0.008252
3998_200_1040_1054,5,5,0.007553,0.036579,0.022603,0.046846,0.015669,0.752027,0.118724
4327_217_31_235,0,0,0.807387,0.10497,0.021593,0.01536,0.008564,0.031121,0.011006
4327_217_1116_1449,1,1,0.170621,0.626289,0.048551,0.009313,0.024561,0.100662,0.020003
4327_218_1575_1800,0,0,0.468689,0.409075,0.048359,0.013606,0.024062,0.017868,0.018342
4327_217_705_972,1,1,0.332039,0.497878,0.031628,0.018426,0.024656,0.059171,0.036201
4327_217_554_617,1,1,0.260805,0.511927,0.02317,0.053427,0.034392,0.043274,0.073004
4327_218_286_409,0,0,0.726044,0.131704,0.011404,0.009115,0.004734,0.111196,0.005804
4327_217_433_482,1,1,0.166499,0.741191,0.024717,0.01207,0.029217,0.01874,0.007565
4327_218_657_682,5,5,0.045069,0.139119,0.07587,0.012698,0.011089,0.650044,0.066111
4327_218_1047_1089,0,0,0.623522,0.221808,0.057298,0.023521,0.027462,0.030462,0.015927
4327_218_492_507,5,5,0.015641,0.070313,0.119066,0.012594,0.037589,0.550117,0.19468
4330_218_109_237,1,1,0.243785,0.283782,0.176511,0.027328,0.013778,0.214438,0.040378
4330_217_1125_1370,2,4,0.007918,0.131613,0.137531,0.009991,0.649156,0.028382,0.035409
4330_217_1522_1684,6,2,0.009205,0.12746,0.318823,0.026044,0.240671,0.092693,0.185105
4330_218_1749_1933,1,1,0.371603,0.493342,0.049082,0.008754,0.012623,0.054845,0.00975
4330_218_1409_1486,1,5,0.062296,0.317007,0.042929,0.041089,0.017591,0.37272,0.146369
4330_217_822_964,2,1,0.035417,0.393406,0.064305,0.010202,0.341678,0.045766,0.109225
4330_217_394_643,6,1,0.018894,0.430539,0.063961,0.035108,0.074666,0.299099,0.077733
4330_218_997_1096,1,0,0.452328,0.376938,0.037107,0.008438,0.019341,0.087863,0.017985
4330_217_31_75,6,6,0.04235,0.14349,0.025125,0.188165,0.048714,0.016662,0.535495
4330_218_682_796,1,1,0.337585,0.509715,0.038617,0.03316,0.023565,0.040669,0.016689
4330_218_342_372,1,5,0.096635,0.33038,0.092848,0.038368,0.020395,0.337642,0.083732
4330_217_1979_2016,0,0,0.552111,0.358235,0.017556,0.015203,0.015836,0.025576,0.015484
4330_217_267_318,5,1,0.098443,0.713349,0.043032,0.010174,0.073285,0.038963,0.022754
4342_218_110_218,1,0,0.334171,0.272479,0.104565,0.026029,0.03021,0.218895,0.013651
4342_218_1175_1321,1,1,0.313549,0.457222,0.021375,0.059407,0.007457,0.12791,0.013081
4342_217_1565_1719,3,3,0.024718,0.024534,0.014196,0.709747,0.00647,0.036177,0.184159
4342_217_218_335,1,6,0.009109,0.022651,0.106305,0.189381,0.229699,0.021232,0.421623
4342_218_1719_1869,1,5,0.013203,0.223404,0.025007,0.053552,0.007014,0.665059,0.012761
4342_218_1436_1565,1,5,0.020278,0.349889,0.051781,0.034913,0.011072,0.46963,0.062436
4342_218_854_952,1,0,0.863876,0.036075,0.007046,0.00444,0.002319,0.083439,0.002806
4342_217_1321_1436,1,1,0.226975,0.389173,0.024976,0.168348,0.02476,0.091439,0.07433
4342_218_557_757,1,0,0.379824,0.156792,0.015562,0.058742,0.013748,0.365539,0.009793
4342_217_952_1175,1,1,0.209194,0.627172,0.024163,0.026917,0.028882,0.029169,0.054503
4342_217_414_557,4,5,0.008663,0.143843,0.053308,0.25854,0.078806,0.350287,0.106553
4342_217_31_110,3,3,0.008623,0.017388,0.017417,0.757972,0.017428,0.011785,0.169389
4342_217_757_854,1,0,0.692461,0.211973,0.028756,0.01288,0.017434,0.021499,0.014998
4342_218_335_414,1,5,0.032154,0.045646,0.01581,0.016378,0.007136,0.875317,0.007559
4347_217_82_142,1,5,0.019745,0.199625,0.052944,0.02386,0.030216,0.619621,0.053989
4347_218_1217_1317,5,1,0.114129,0.477686,0.031678,0.016857,0.01467,0.328255,0.016726
4347_217_1014_1217,1,1,0.39523,0.399202,0.017723,0.009977,0.022719,0.148582,0.006567
4347_218_1657_1794,3,1,0.056698,0.477786,0.037189,0.208079,0.014488,0.116152,0.089608
4347_217_225_380,5,5,0.009365,0.066351,0.014776,0.175384,0.015067,0.665355,0.053701
4347_217_1794_1836,3,3,0.02283,0.128569,0.034253,0.660021,0.016343,0.043219,0.094764
4347_217_1317_1521,1,0,0.538143,0.391113,0.017947,0.005126,0.01559,0.025844,0.006237
4347_218_878_1014,5,5,0.061399,0.05107,0.015775,0.020457,0.009939,0.83207,0.009289
4347_218_142_225,5,3,0.042012,0.178568,0.043338,0.348469,0.03699,0.138497,0.212127
4347_218_380_609,3,3,0.019674,0.144612,0.032333,0.487863,0.023043,0.25157,0.040904
4347_217_609_688,5,5,0.004871,0.024275,0.010218,0.039941,0.008382,0.876086,0.036227
4347_218_31_82,3,5,0.235685,0.115301,0.03155,0.14293,0.007749,0.289192,0.177593
4347_217_803_878,1,5,0.008268,0.16298,0.076448,0.148836,0.04776,0.443109,0.112598
4347_218_735_803,3,3,0.010122,0.012334,0.010541,0.89677,0.018291,0.028299,0.023642
4353_218_105_248,5,5,0.007879,0.10807,0.039231,0.072271,0.015642,0.713525,0.043382
4353_217_1182_1390,1,1,0.026773,0.39243,0.12709,0.121054,0.064864,0.091075,0.176716
4353_218_1580_1775,3,1,0.133728,0.629077,0.038043,0.02671,0.009767,0.140673,0.022003
4353_217_1800_1870,3,5,0.054875,0.213494,0.091068,0.077408,0.049872,0.365946,0.147336
4353_217_2127_2301,0,1,0.063371,0.488297,0.021931,0.270401,0.02375,0.019869,0.112381
4353_217_858_1004,0,1,0.295443,0.604185,0.020453,0.016743,0.02241,0.027276,0.013491
4353_218_474_639,1,3,0.019171,0.154634,0.151756,0.503209,0.048812,0.100294,0.022124
4353_218_1060_1161,1,5,0.023298,0.11783,0.023319,0.114062,0.004713,0.694636,0.022142
4353_217_271_451,1,4,0.01633,0.165194,0.261393,0.026337,0.445512,0.040339,0.044894
4353_217_31_94,3,3,0.01037,0.024084,0.040139,0.491059,0.035902,0.060616,0.337831
4353_217_1487_1526,1,6,0.030974,0.123977,0.065237,0.173043,0.019115,0.175866,0.411788
4353_218_765_833,0,1,0.036761,0.475909,0.102768,0.191761,0.061691,0.068965,0.062145
4353_217_656_743,3,1,0.021376,0.274896,0.143379,0.158632,0.237319,0.08488,0.079518
4353_218_1902_1979,1,5,0.253432,0.254018,0.025224,0.010105,0.012154,0.439228,0.00584
4353_218_1422_1442,5,5,0.066888,0.225791,0.028999,0.009996,0.007765,0.643341,0.017219
4353_217_1998_2043,0,5,0.056001,0.236525,0.153035,0.035986,0.052313,0.346902,0.119239
4353_218_2071_2096,1,2,0.0318,0.197339,0.377285,0.017631,0.184306,0.122451,0.069187
4356_218_95_191,3,5,0.004915,0.011135,0.008535,0.279316,0.0062,0.659911,0.029989
4356_218_1256_1565,1,1,0.029137,0.455504,0.078074,0.042796,0.226428,0.032552,0.13551
4356_217_2035_2078,6,5,0.010964,0.087084,0.136122,0.083472,0.024392,0.471999,0.185967
4356_217_1033_1193,5,3,0.041272,0.181692,0.064386,0.331573,0.025262,0.274907,0.080907
4356_217_1581_1696,5,3,0.044073,0.168479,0.022019,0.40567,0.009387,0.327761,0.022611
4356_217_203_261,2,2,0.005915,0.051057,0.633643,0.031303,0.092911,0.0207,0.164471
4356_218_1724_2024,1,1,0.219027,0.451411,0.047085,0.02325,0.041031,0.196184,0.022013
4356_218_2109_2299,1,1,0.070866,0.343233,0.034687,0.158939,0.038854,0.060233,0.293188
4356_218_2503_2673,1,1,0.0445,0.356502,0.04122,0.334121,0.025289,0.059027,0.13934
4356_218_898_1010,4,2,0.078142,0.286499,0.289049,0.033362,0.162731,0.073587,0.076629
4356_217_532_855,6,3,0.034595,0.212164,0.085934,0.233668,0.047667,0.200257,0.185715
4356_217_302_365,6,6,0.00901,0.03687,0.05689,0.160724,0.019329,0.305081,0.412095
4356_218_403_510,5,5,0.026271,0.220344,0.144531,0.031664,0.088946,0.373882,0.114362
4356_217_31_63,2,6,0.005698,0.012626,0.082583,0.383553,0.043304,0.075687,0.396549
4356_217_2348_2468,3,1,0.010829,0.289839,0.145707,0.16697,0.131358,0.051394,0.203903
4356_218_275_287,6,5,0.006919,0.032588,0.031888,0.127676,0.03408,0.550791,0.216058
4481_225_1218_1312,5,5,0.00539,0.015042,0.010685,0.099014,0.009763,0.821089,0.039017
4481_226_1114_1197,3,3,0.00892,0.026391,0.033885,0.596945,0.022404,0.039073,0.272382
4481_226_799_1047,1,6,0.003793,0.049874,0.085059,0.219914,0.092143,0.17984,0.369376
4481_226_133_239,3,6,0.016391,0.077865,0.02696,0.398527,0.018646,0.03008,0.43153
4481_226_1336_1448,3,3,0.011457,0.040928,0.027442,0.548514,0.014972,0.028101,0.328585
4481_225_320_373,5,6,0.015894,0.117968,0.101709,0.049013,0.058524,0.265679,0.391212
4481_225_605_654,6,6,0.022893,0.201848,0.07372,0.109205,0.096619,0.161543,0.334172
4481_226_391_591,3,6,0.00695,0.041748,0.048241,0.221625,0.018407,0.15235,0.510679
4481_225_31_94,2,4,0.03306,0.207992,0.200016,0.040999,0.349359,0.034063,0.134512
4481_226_1520_1556,3,3,0.112937,0.158462,0.020594,0.289032,0.003657,0.181759,0.233561
4481_225_1481_1515,6,6,0.033732,0.202098,0.073952,0.123866,0.05981,0.154409,0.352134
4481_226_667_746,5,5,0.031399,0.175727,0.072139,0.050289,0.021259,0.473075,0.176112
4481_225_1560_1627,3,3,0.013054,0.022875,0.013985,0.560667,0.018816,0.017533,0.353071
4481_225_760_794,6,6,0.013598,0.03181,0.037546,0.208373,0.037837,0.103202,0.567634
4481_225_1055_1103,5,5,0.01341,0.050572,0.037655,0.067316,0.025702,0.68488,0.120466
4489_225_31_150,6,5,0.045917,0.12234,0.042024,0.043845,0.081006,0.464819,0.200049
4489_225_1239_1321,3,6,0.09967,0.267786,0.063063,0.046088,0.150252,0.104093,0.269048
4489_226_1131_1208,1,5,0.027873,0.031009,0.016704,0.012049,0.016315,0.878822,0.017227
4489_226_171_366,1,5,0.012046,0.082413,0.108117,0.189888,0.241844,0.281391,0.0843
4489_225_887_968,5,5,0.009606,0.028451,0.027085,0.017295,0.039778,0.857483,0.020302
4489_226_1340_1408,3,0,0.376424,0.364797,0.033332,0.090894,0.034389,0.044627,0.055537
4489_226_472_618,4,6,0.016297,0.107525,0.038117,0.042068,0.125063,0.263886,0.407044
4489_225_1075_1123,3,3,0.03862,0.129438,0.022911,0.642725,0.017924,0.071778,0.076604
4489_225_625_647,5,5,0.020953,0.035664,0.017908,0.017976,0.01018,0.836782,0.060537
4489_226_981_1051,3,6,0.053181,0.199547,0.083646,0.189945,0.028848,0.08021,0.364623
4489_226_776_878,1,1,0.084306,0.290326,0.119936,0.126324,0.119381,0.078173,0.181554
4489_226_659_710,3,5,0.01112,0.025931,0.037171,0.152429,0.029128,0.529016,0.215206
4489_225_715_764,5,5,0.024233,0.04767,0.046489,0.014401,0.027543,0.774953,0.064711
4489_225_368_406,5,5,0.042484,0.06202,0.033195,0.016933,0.043749,0.755748,0.045871
4491_226_904_1365,1,1,0.024104,0.348031,0.313981,0.040861,0.186739,0.037428,0.048856
4491_225_219_278,1,6,0.009826,0.054464,0.065116,0.174807,0.148845,0.189701,0.35724
4491_226_1454_1638,2,3,0.012273,0.026807,0.044286,0.487288,0.017003,0.051847,0.360498
4491_225_90_127,4,5,0.016847,0.044776,0.048079,0.169614,0.025862,0.409773,0.285049
4491_226_546_723,4,1,0.14338,0.665136,0.042202,0.053567,0.059672,0.014356,0.021687
4491_226_162_185,2,5,0.021367,0.063896,0.041436,0.047479,0.013356,0.736899,0.075567
4491_226_302_434,4,4,0.009056,0.165447,0.310515,0.010018,0.481159,0.014022,0.009783
4491_225_456_501,4,5,0.084775,0.337081,0.049006,0.016443,0.057624,0.39967,0.055402
4491_225_755_861,4,1,0.046201,0.387116,0.079343,0.055359,0.239472,0.123841,0.068668
4491_226_65_87,6,5,0.01442,0.082195,0.03535,0.083022,0.018237,0.626608,0.140167
4491_225_1394_1436,4,5,0.043564,0.116849,0.06523,0.05534,0.021847,0.546431,0.150738
4491_225_31_52,6,0,0.217024,0.177932,0.106764,0.150059,0.068869,0.101655,0.177697
4494_226_123_174,6,5,0.00401,0.01985,0.040271,0.034914,0.015796,0.784082,0.101076
4494_226_1197_1497,6,6,0.027742,0.159152,0.092857,0.127273,0.18942,0.0716,0.331956
4494_225_1115_1188,2,4,0.030502,0.166786,0.062581,0.01937,0.615998,0.027427,0.077337
4494_225_190_259,2,4,0.030196,0.170287,0.298415,0.042904,0.343991,0.046002,0.068206
4494_225_936_953,4,6,0.023906,0.138788,0.054986,0.061684,0.21208,0.010027,0.498529
4494_225_581_725,2,2,0.014302,0.082823,0.417556,0.008094,0.335522,0.102442,0.03926
4494_225_324_407,2,6,0.00798,0.04421,0.033586,0.098244,0.042521,0.041473,0.731985
4494_226_970_1103,1,3,0.021613,0.079563,0.116768,0.303002,0.124423,0.089659,0.264974
4494_226_422_572,6,3,0.01251,0.04275,0.024846,0.464237,0.030928,0.061782,0.362947
4494_225_31_105,2,1,0.121353,0.340325,0.067088,0.158088,0.12096,0.028582,0.163604
4494_225_1512_1545,4,4,0.023483,0.188445,0.193566,0.029144,0.393648,0.020341,0.151373
4494_226_745_928,1,6,0.036351,0.176519,0.067813,0.076665,0.104829,0.172115,0.365708
4494_226_267_312,1,5,0.014317,0.063764,0.053207,0.028613,0.01584,0.615879,0.20838
4505_225_31_164,5,2,0.008379,0.08158,0.423996,0.022976,0.278644,0.04006,0.144365
4505_226_1293_1391,5,5,0.011186,0.061905,0.034851,0.237642,0.010838,0.604639,0.038939
4505_226_1977_2170,3,3,0.009582,0.011364,0.011305,0.869012,0.008097,0.044017,0.046623
4505_225_1134_1293,5,3,0.016708,0.188254,0.082792,0.242214,0.201621,0.051534,0.216877
4505_225_1649_1801,1,4,0.016607,0.223656,0.053108,0.264045,0.29729,0.060546,0.084747
4505_226_164_293,5,5,0.007386,0.106096,0.027617,0.097836,0.059415,0.563031,0.138618
4505_226_1801_1861,3,3,0.009005,0.010783,0.02294,0.765898,0.015085,0.147792,0.028498
4505_225_1391_1553,5,5,0.014474,0.176157,0.064587,0.035494,0.096229,0.499049,0.114009
4505_225_872_984,1,1,0.015466,0.476931,0.10221,0.020594,0.304479,0.012848,0.067473
4505_225_533_675,5,6,0.019919,0.088862,0.199485,0.126233,0.177967,0.134054,0.253482
4505_226_984_1134,3,3,0.029363,0.119121,0.067733,0.506391,0.161131,0.07532,0.04094
4505_225_293_460,5,5,0.002579,0.02157,0.011093,0.207532,0.008665,0.710856,0.037706
4505_226_460_533,5,3,0.015267,0.043512,0.036405,0.75381,0.019446,0.033472,0.098088
4505_226_675_872,5,5,0.013294,0.119742,0.081663,0.048206,0.080234,0.585052,0.071808
4505_225_1861_1977,3,3,0.02726,0.078194,0.028757,0.490806,0.263239,0.036542,0.075202
4505_226_1553_1649,5,3,0.013351,0.221535,0.046593,0.270025,0.05355,0.212925,0.18202
4519_225_84_136,5,5,0.008692,0.019417,0.013423,0.036568,0.005756,0.889968,0.026175
4519_225_1144_1235,0,1,0.349926,0.396843,0.042425,0.052131,0.039884,0.087999,0.030792
4519_226_148_293,1,4,0.020945,0.223794,0.175548,0.018607,0.450702,0.036908,0.073498
4519_226_1445_1500,0,3,0.004977,0.004507,0.00524,0.921165,0.008572,0.011626,0.043913
4519_225_949_1029,4,1,0.06153,0.559693,0.037048,0.047784,0.185395,0.012306,0.096243
4519_225_1311_1422,1,1,0.159124,0.656571,0.039092,0.026174,0.059643,0.011918,0.047478
4519_226_479_637,1,1,0.292396,0.468266,0.027488,0.026635,0.050154,0.045425,0.089636
4519_226_1038_1132,6,6,0.017417,0.068435,0.018829,0.216381,0.038538,0.019078,0.621322
4519_225_315_459,1,5,0.104107,0.261255,0.059892,0.007623,0.045132,0.495091,0.0269
4519_226_31_66,1,3,0.060996,0.083397,0.024632,0.552811,0.005392,0.084264,0.188509
4519_225_1513_1556,3,6,0.037711,0.214874,0.090078,0.181063,0.122138,0.032096,0.322039
4519_226_806_925,1,2,0.039243,0.108958,0.728702,0.016779,0.046576,0.02439,0.035351
4519_225_659_784,6,3,0.024982,0.169254,0.021464,0.465644,0.015036,0.061522,0.242097
4519_226_1259_1291,1,5,0.255385,0.237884,0.026114,0.067198,0.014626,0.356487,0.042306
4519_226_1573_1617,1,4,0.06176,0.293853,0.097376,0.03836,0.355448,0.12184,0.031364
4722_238_110_174,4,1,0.043033,0.411506,0.081884,0.025903,0.343278,0.032071,0.062326
4722_238_1290_1392,3,3,0.011013,0.101931,0.030412,0.544824,0.027825,0.0484,0.235595
4722_237_1141_1273,1,4,0.038204,0.264324,0.086581,0.10503,0.333179,0.048722,0.123959
4722_238_1540_1700,1,6,0.006703,0.154056,0.11853,0.304026,0.048098,0.047311,0.321277
4722_238_242_459,1,1,0.018356,0.542015,0.126273,0.02209,0.191982,0.03396,0.065324
4722_237_1403_1527,3,3,0.014572,0.035313,0.022376,0.738349,0.017325,0.132542,0.039523
4722_238_901_951,6,5,0.001951,0.041304,0.057964,0.032219,0.004582,0.670514,0.191467
4722_237_181_222,5,5,0.003986,0.013215,0.015006,0.027331,0.005473,0.918907,0.016081
4722_238_525_777,4,6,0.005383,0.078952,0.070821,0.057877,0.07729,0.037478,0.672199
4722_238_1084_1133,1,1,0.023445,0.789497,0.046083,0.026331,0.030505,0.025672,0.058468
4722_237_1711_1768,3,1,0.093971,0.351355,0.161904,0.03162,0.153524,0.160715,0.046911
4722_237_961_1070,1,1,0.030531,0.385061,0.059831,0.076608,0.279627,0.033376,0.134966
4722_237_470_511,5,5,0.007607,0.043927,0.037016,0.073436,0.004104,0.681955,0.151954
4722_237_31_86,5,5,0.019678,0.088065,0.116273,0.034566,0.02335,0.651191,0.066876
4722_237_787_889,4,3,0.015746,0.052475,0.033574,0.58183,0.136338,0.101733,0.078305
4734_237_31_136,3,3,0.007084,0.008917,0.049236,0.831298,0.006599,0.031391,0.065474
4734_238_1213_1423,1,1,0.155162,0.481232,0.054603,0.125276,0.041775,0.097076,0.044876
4734_237_1030_1213,2,3,0.027977,0.287504,0.105495,0.366185,0.039591,0.079657,0.09359
4734_238_1638_1761,6,1,0.103348,0.744982,0.027981,0.056799,0.00796,0.023094,0.035837
4734_237_188_374,3,3,0.01172,0.070052,0.166089,0.430228,0.032956,0.097592,0.191363
4734_237_1423_1638,1,1,0.244663,0.626429,0.028487,0.018018,0.033026,0.0351,0.014278
4734_238_838_1030,5,1,0.376919,0.401944,0.026771,0.029329,0.017754,0.133512,0.013771
4734_237_464_652,5,1,0.089621,0.435356,0.033781,0.044628,0.018772,0.362513,0.015329
4734_238_136_188,6,5,0.012861,0.134953,0.068367,0.028673,0.020437,0.462066,0.272643
4734_238_374_464,2,5,0.018594,0.174627,0.160621,0.040046,0.060274,0.416534,0.129304
4734_237_762_838,6,3,0.008426,0.034565,0.04883,0.519829,0.017476,0.050394,0.320479
4734_238_652_762,5,5,0.007767,0.129483,0.030314,0.005483,0.006284,0.805812,0.014858
4731_238_106_186,5,5,0.004766,0.037186,0.044285,0.001471,0.00668,0.89376,0.011851
4731_237_1077_1303,1,1,0.232251,0.635923,0.032244,0.013937,0.054988,0.017432,0.013226
4731_238_2021_2141,1,1,0.016803,0.382487,0.161835,0.010618,0.357443,0.045408,0.025405
4731_238_1648_1811,6,3,0.012908,0.091959,0.091681,0.291975,0.167926,0.233737,0.109814
4731_237_197_262,1,4,0.015612,0.169074,0.138834,0.026174,0.580007,0.016461,0.053838
4731_238_1314_1461,1,5,0.002414,0.017001,0.013537,0.048067,0.005729,0.902515,0.010736
4731_237_2171_2262,4,4,0.02815,0.310945,0.083865,0.01701,0.507583,0.019987,0.03246
4731_237_685_956,1,1,0.019135,0.730653,0.066552,0.013015,0.100462,0.027527,0.042655
4731_238_2285_2374,1,2,0.01131,0.219084,0.549232,0.011176,0.130762,0.045792,0.032644
4731_238_573_660,5,5,0.006497,0.12458,0.106822,0.008482,0.018491,0.715026,0.020102
4731_238_279_405,1,5,0.011848,0.235456,0.142961,0.00481,0.022514,0.561874,0.020538
4731_238_969_1064,4,5,0.008309,0.086557,0.054162,0.010461,0.01778,0.801497,0.021234
4731_237_426_562,1,1,0.027029,0.65554,0.102433,0.005752,0.161797,0.028735,0.018713
4731_237_31_101,4,4,0.018188,0.140547,0.22387,0.109205,0.369006,0.023143,0.11604
4731_237_1484_1624,1,1,0.009516,0.392316,0.132303,0.094655,0.222998,0.027919,0.120293
4731_237_1838_1999,4,1,0.007404,0.335827,0.257576,0.045732,0.313222,0.012541,0.027698
4736_238_1176_1404,4,2,0.004037,0.081234,0.339053,0.036717,0.200766,0.093443,0.24475
4736_238_1670_1779,6,6,0.004164,0.03474,0.115116,0.185682,0.11457,0.032603,0.513125
4736_238_156_317,3,5,0.013164,0.155265,0.071677,0.041768,0.083734,0.573089,0.061302
4736_237_1812_2008,5,2,0.044369,0.252348,0.327112,0.007942,0.079019,0.258636,0.030574
4736_237_1425_1622,6,2,0.007227,0.188102,0.471797,0.046405,0.11397,0.060484,0.112015
4736_238_876_968,3,4,0.006138,0.194592,0.211834,0.049659,0.3671,0.022761,0.147915
4736_237_995_1148,5,5,0.004736,0.115811,0.124221,0.005619,0.026054,0.70342,0.02014
4736_238_604_704,4,2,0.011468,0.212749,0.489951,0.017913,0.098509,0.090434,0.078976
4736_237_346_575,6,1,0.018825,0.336684,0.123475,0.233565,0.073887,0.151368,0.062195
4736_237_31_108,3,3,0.10429,0.171757,0.096392,0.406663,0.03696,0.087393,0.096544
4736_237_736_842,5,1,0.15786,0.47592,0.0546,0.03976,0.136701,0.042595,0.092563
4735_238_84_203,1,6,0.014541,0.303549,0.063508,0.132884,0.051218,0.097735,0.336565
4735_238_1269_1423,1,1,0.052106,0.782362,0.043227,0.033534,0.010507,0.05755,0.020715
4735_237_1134_1269,1,1,0.034477,0.809895,0.052703,0.027151,0.026412,0.026153,0.02321
4735_237_1663_1776,1,1,0.062857,0.819931,0.017381,0.024473,0.041614,0.01899,0.014755
4735_237_203_412,1,4,0.011148,0.248116,0.270813,0.020848,0.395481,0.035057,0.018536
4735_238_1776_1862,6,6,0.012221,0.049862,0.043983,0.147977,0.036818,0.035315,0.673824
4735_237_1423_1492,1,1,0.034782,0.671936,0.04189,0.119316,0.054765,0.043253,0.034058
4735_237_902_1028,1,1,0.057629,0.624807,0.086447,0.029381,0.055991,0.126234,0.01951
4735_237_581_814,0,1,0.335515,0.510457,0.039226,0.004941,0.017938,0.084367,0.007557
4735_238_1028_1134,1,1,0.015684,0.318852,0.223178,0.042819,0.069502,0.087848,0.242116
4735_238_412_581,1,1,0.088044,0.700307,0.051776,0.00864,0.027616,0.095793,0.027822
4735_237_31_84,1,5,0.005949,0.07253,0.172024,0.014195,0.055471,0.400784,0.279047
4735_238_1492_1663,1,1,0.017799,0.478646,0.192765,0.028801,0.061391,0.136988,0.083609
4735_238_814_902,1,1,0.10615,0.670287,0.094361,0.009531,0.045981,0.041896,0.031794
4735_237_1862_1900,6,3,0.01323,0.053152,0.016659,0.727393,0.015266,0.021991,0.152309
4748_238_2389_2529,3,5,0.011872,0.050822,0.039127,0.036051,0.011973,0.806248,0.043906
4748_237_31_415,1,4,0.013454,0.14638,0.080183,0.094674,0.565878,0.042995,0.056436
4748_237_1286_1453,1,1,0.047519,0.82894,0.032771,0.027835,0.035126,0.015427,0.012382
4748_238_2033_2195,5,4,0.012116,0.203061,0.072544,0.12259,0.383868,0.106956,0.098864
4748_238_1050_1286,1,1,0.00801,0.389917,0.18714,0.035942,0.215129,0.100986,0.062877
4748_237_1662_2033,1,4,0.010787,0.049969,0.05217,0.068785,0.739597,0.050768,0.027923
4748_238_1453_1662,5,5,0.006714,0.189661,0.112895,0.083948,0.128366,0.345464,0.132951
4748_237_2195_2389,5,1,0.2906,0.572107,0.024956,0.008104,0.048777,0.045041,0.010415
4748_237_2529_2642,1,3,0.067781,0.287731,0.131573,0.412948,0.045639,0.035351,0.018977
4748_237_835_1050,5,4,0.020823,0.102057,0.091114,0.263386,0.369587,0.115898,0.037135
4748_238_415_835,6,2,0.009621,0.219118,0.242372,0.034314,0.218167,0.157218,0.11919
4749_237_1946_2568,3,5,0.014913,0.054308,0.043383,0.061667,0.033515,0.723474,0.06874
4749_237_95_415,5,5,0.005199,0.02848,0.026261,0.120812,0.04474,0.724628,0.04988
4749_238_1246_1300,1,4,0.005267,0.082657,0.378783,0.038887,0.407796,0.036171,0.05044
4749_237_1045_1246,5,4,0.027253,0.209913,0.07414,0.23312,0.294408,0.06395,0.097216
4749_238_1345_1640,1,4,0.007472,0.214871,0.329956,0.013437,0.357874,0.039952,0.036438
4749_238_2568_2616,1,4,0.039084,0.226833,0.22597,0.049248,0.233719,0.079399,0.145747
4749_238_809_1045,5,5,0.006145,0.083488,0.227159,0.130348,0.231675,0.234641,0.086544
4749_237_1640_1849,1,1,0.07197,0.548913,0.061245,0.025723,0.140513,0.118788,0.032849
4749_237_612_809,1,3,0.017804,0.102077,0.054298,0.699986,0.017932,0.042074,0.065828
4749_238_2661_2741,1,1,0.006271,0.266999,0.231326,0.034056,0.225567,0.031494,0.204287
4749_238_415_612,3,2,0.005404,0.077478,0.548406,0.098954,0.098857,0.044799,0.126101
4749_238_1849_1946,5,5,0.005476,0.057557,0.052099,0.072408,0.021117,0.646104,0.145239
4749_237_1300_1345,5,5,0.047408,0.139168,0.04883,0.011013,0.027282,0.690379,0.03592
4749_237_2616_2661,5,5,0.008412,0.031695,0.020001,0.017588,0.006791,0.874783,0.040731
4749_238_31_95,3,1,0.068036,0.313128,0.251756,0.102262,0.021657,0.115758,0.127403
4755_237_1296_1420,2,1,0.178695,0.709812,0.034077,0.021405,0.017849,0.031686,0.006476
4755_237_1970_2111,6,1,0.035606,0.500836,0.241838,0.007878,0.060444,0.134862,0.018536
4755_238_933_1267,6,2,0.026667,0.291499,0.361091,0.012284,0.068156,0.111422,0.128882
4755_237_1585_1767,2,1,0.172197,0.662193,0.043136,0.028243,0.023942,0.040725,0.029563
4755_237_252_381,2,1,0.198519,0.586243,0.061423,0.009728,0.094418,0.037007,0.012661
4755_238_1783_1901,6,2,0.010477,0.171356,0.35105,0.018534,0.346685,0.050978,0.05092
4755_238_2152_2246,3,3,0.015043,0.034084,0.024856,0.769942,0.026531,0.028426,0.101117
4755_238_148_220,3,1,0.013982,0.305582,0.201848,0.064431,0.108259,0.091274,0.214624
4755_238_429_805,6,2,0.006984,0.108589,0.673858,0.014784,0.094076,0.031133,0.070577
4755_237_31_78,2,5,0.09254,0.32388,0.113817,0.006988,0.019804,0.422732,0.020238
4755_238_1481_1554,6,1,0.076809,0.56506,0.112788,0.037511,0.026775,0.073096,0.107961
4755_237_824_909,2,1,0.039393,0.366913,0.111345,0.006542,0.030641,0.348704,0.096463
4756_238_94_162,4,5,0.013006,0.252172,0.186391,0.009118,0.030959,0.462142,0.046212
4756_237_1176_1300,4,2,0.015282,0.156897,0.389997,0.021532,0.228484,0.124192,0.063617
4756_238_1992_2102,4,5,0.005504,0.047621,0.052072,0.084071,0.022279,0.771993,0.016459
4756_238_1624_1692,5,1,0.084352,0.325848,0.284746,0.012234,0.050822,0.213398,0.0286
4756_238_232_421,2,5,0.00913,0.157689,0.282332,0.008579,0.078231,0.443185,0.020855
4756_238_1803_1868,0,5,0.029038,0.227601,0.088211,0.151093,0.015111,0.245822,0.243126
4756_237_1362_1608,4,4,0.010637,0.173359,0.378399,0.012252,0.379524,0.018502,0.027329
4756_237_949_1083,1,4,0.028196,0.217613,0.135675,0.013749,0.555956,0.02873,0.02008
4756_237_177_214,4,5,0.008038,0.052248,0.200915,0.012508,0.07274,0.604868,0.048682
4756_238_575_775,0,1,0.367529,0.491404,0.045909,0.011835,0.030268,0.038486,0.014569
4756_238_1105_1144,5,5,0.003734,0.035847,0.037774,0.029001,0.007088,0.843398,0.043158
4756_237_1707_1790,1,1,0.231518,0.505399,0.078702,0.013513,0.042015,0.080802,0.048051
4756_238_1314_1348,5,1,0.073814,0.495633,0.075379,0.07429,0.07947,0.119801,0.081613
4756_237_444_553,4,4,0.033049,0.156629,0.256725,0.026561,0.460957,0.038116,0.027962
4756_237_31_70,4,4,0.036344,0.326501,0.101456,0.047154,0.330762,0.019574,0.138209
4756_237_789_853,4,1,0.156116,0.641773,0.039939,0.024703,0.078669,0.022446,0.036354
4756_237_1890_1976,4,1,0.049404,0.52667,0.039504,0.194302,0.104795,0.046416,0.03891
4756_238_881_927,5,5,0.007952,0.09443,0.120618,0.016945,0.01763,0.614781,0.127643
4928_247_31_186,2,2,0.006166,0.054929,0.558269,0.00677,0.304121,0.02677,0.042975
4928_247_1240_1374,4,2,0.005344,0.104349,0.667309,0.0049,0.198959,0.011502,0.007638
4928_247_2034_2066,5,5,0.023137,0.042194,0.098099,0.005955,0.008315,0.790295,0.032005
4928_248_955_1235,4,1,0.03511,0.474246,0.172254,0.024181,0.140216,0.126669,0.027325
4928_247_1574_1756,2,2,0.009243,0.085561,0.563308,0.049709,0.219776,0.04237,0.030033
4928_248_208_335,3,5,0.009507,0.072055,0.111587,0.011536,0.057113,0.729903,0.008299
4928_248_1773_2030,0,2,0.015827,0.243156,0.40985,0.014449,0.283795,0.016864,0.016059
4928_248_1389_1556,0,1,0.100317,0.708747,0.087253,0.015876,0.049332,0.024076,0.0144
4928_248_2078_2223,0,1,0.056949,0.657069,0.075886,0.032559,0.034895,0.10653,0.036111
4928_247_847_934,4,4,0.016147,0.106305,0.321742,0.013144,0.484718,0.027818,0.030126
4928_247_544_737,4,4,0.014529,0.109563,0.19751,0.017408,0.618256,0.023192,0.019543
4928_248_463_504,1,5,0.038906,0.195895,0.1525,0.015944,0.027119,0.554765,0.01487
4928_248_754_828,1,1,0.071556,0.332914,0.136891,0.022679,0.049512,0.313935,0.072512
4928_247_352_403,4,4,0.003406,0.050453,0.43381,0.006093,0.477713,0.01296,0.015564
4929_248_120_229,0,1,0.012143,0.238898,0.186863,0.096212,0.19461,0.064658,0.206615
4929_247_1267_1327,4,1,0.040819,0.452884,0.099501,0.02921,0.069711,0.132579,0.175296
4929_247_1130_1211,2,4,0.012726,0.229529,0.183896,0.031511,0.400816,0.016215,0.125306
4929_247_240_269,5,5,0.005112,0.056707,0.08821,0.012866,0.006605,0.784173,0.046328
4929_248_939_1118,0,1,0.03363,0.597013,0.100172,0.014297,0.044895,0.187894,0.022099
4929_248_1345_1424,0,1,0.103224,0.616085,0.084031,0.016311,0.021377,0.13302,0.025951
4929_248_289_363,3,5,0.008762,0.094159,0.11405,0.02033,0.013964,0.609205,0.13953
4929_247_593_714,2,1,0.020912,0.432878,0.333117,0.018644,0.088267,0.056654,0.049527
4929_248_463_584,1,1,0.02486,0.306912,0.260543,0.060596,0.103325,0.071808,0.171956
4929_247_31_105,2,2,0.006316,0.024786,0.374835,0.073312,0.017514,0.319022,0.184214
4929_247_367_448,5,5,0.003226,0.032918,0.062393,0.005317,0.005669,0.867447,0.02303
4929_248_1217_1254,0,5,0.050444,0.335971,0.091759,0.015631,0.013302,0.435531,0.057362
4929_248_718_877,0,5,0.008355,0.141511,0.059953,0.016574,0.01173,0.723822,0.038055
4929_247_885_913,5,5,0.017323,0.060046,0.090197,0.006952,0.022812,0.742233,0.060437
4952_248_1253_1378,1,1,0.007529,0.303106,0.141081,0.070973,0.084212,0.19797,0.19513
4952_247_1088_1215,6,3,0.009354,0.027118,0.056309,0.571381,0.024719,0.038048,0.273071
4952_247_148_257,1,1,0.071104,0.595862,0.133676,0.026831,0.103528,0.045668,0.023329
4952_247_1401_1485,0,5,0.107539,0.238784,0.099073,0.023135,0.02266,0.463346,0.045463
4952_247_916_942,6,3,0.014156,0.047405,0.091243,0.538039,0.028407,0.084162,0.196587
4952_247_577_694,1,3,0.016441,0.101292,0.252052,0.357058,0.10201,0.076001,0.095145
4952_248_293_351,1,1,0.017499,0.40864,0.111213,0.044457,0.225869,0.045382,0.146939
4952_248_989_1071,6,5,0.014966,0.101645,0.147201,0.031595,0.060385,0.519994,0.124214
4952_247_387_530,1,3,0.010071,0.082004,0.032644,0.664678,0.067126,0.063968,0.079509
4952_248_31_114,1,1,0.022163,0.619557,0.097662,0.055915,0.04093,0.106017,0.057756
4952_248_1527_1597,6,6,0.010506,0.252817,0.15654,0.056491,0.181364,0.052748,0.289534
4952_248_749_888,1,3,0.008154,0.115781,0.079031,0.466666,0.038696,0.032161,0.259511
4952_247_1621_1636,5,5,0.044987,0.273099,0.196171,0.024681,0.052549,0.286018,0.122495
4952_248_541_546,3,3,0.012306,0.018288,0.038609,0.628929,0.014853,0.251443,0.035573
4954_247_1141_1310,5,3,0.015627,0.043542,0.123876,0.46075,0.039963,0.223245,0.092997
4954_248_1519_1735,6,1,0.012301,0.288978,0.074833,0.179683,0.266024,0.035308,0.142872
4954_247_1764_1864,1,1,0.048275,0.757729,0.060031,0.030364,0.048545,0.035121,0.019936
4954_247_1368_1481,3,3,0.008681,0.00665,0.014571,0.895124,0.020485,0.046626,0.007863
4954_247_31_122,6,5,0.006822,0.044865,0.174194,0.020119,0.204558,0.494692,0.054749
4954_248_933_1119,6,1,0.007333,0.53215,0.166779,0.019279,0.159215,0.047542,0.067701
4954_247_175_232,6,5,0.009004,0.049727,0.116183,0.091557,0.062437,0.352852,0.31824
4954_248_523_632,6,2,0.010459,0.119038,0.267109,0.100388,0.224557,0.175295,0.103154
4954_248_259_404,1,4,0.011026,0.317493,0.193386,0.028532,0.341195,0.056232,0.052136
4954_247_425_497,1,5,0.017217,0.199013,0.09297,0.023263,0.04698,0.526637,0.093919
4954_247_794_906,5,5,0.007724,0.05015,0.037197,0.008238,0.013149,0.828362,0.05518
4954_248_1894_1908,6,5,0.019696,0.071205,0.112472,0.222549,0.059444,0.384177,0.130457
4954_248_1321_1336,6,3,0.013662,0.102993,0.038852,0.651592,0.025228,0.081647,0.086025
4954_247_648_720,6,5,0.004571,0.071927,0.046829,0.006462,0.008782,0.797812,0.063616
4954_248_744_759,6,6,0.019943,0.073587,0.203339,0.223063,0.037628,0.127937,0.314503
4954_248_145_156,6,1,0.063268,0.435896,0.055843,0.104724,0.059086,0.111756,0.169426
4960_247_31_131,1,6,0.017526,0.150482,0.078944,0.058845,0.225471,0.106703,0.362029
4960_247_1068_1202,1,1,0.088079,0.357875,0.123809,0.160299,0.115484,0.059967,0.094487
4960_248_1618_1719,5,6,0.006318,0.115472,0.130862,0.13017,0.022925,0.294903,0.299351
4960_248_156_365,5,5,0.013076,0.165372,0.050524,0.091195,0.081474,0.546507,0.051851
4960_247_1738_1831,1,1,0.203895,0.656682,0.022699,0.015312,0.065129,0.014314,0.021969
4960_248_1428_1476,5,5,0.040651,0.14441,0.038366,0.065688,0.018004,0.658592,0.03429
4960_247_929_1006,1,5,0.025965,0.293513,0.115724,0.037785,0.01532,0.434181,0.077511
4960_247_1299_1420,1,1,0.254212,0.571502,0.038362,0.008501,0.10196,0.011335,0.014129
4960_248_577_804,1,4,0.01329,0.284617,0.177444,0.054761,0.33131,0.072517,0.066062
4960_247_367_569,0,1,0.234353,0.409048,0.079699,0.020222,0.085794,0.146076,0.024808
4960_247_1487_1611,1,1,0.009892,0.4889,0.095297,0.017819,0.285676,0.079831,0.022585
4960_248_1211_1275,3,5,0.016568,0.349088,0.040215,0.128419,0.010372,0.416769,0.038569
4960_247_805_835,5,5,0.011141,0.02082,0.023338,0.030249,0.014028,0.881755,0.018668
4960_248_1842_1915,1,4,0.008103,0.238396,0.212521,0.009499,0.496961,0.017919,0.016601
4960_248_850_921,1,5,0.012598,0.135817,0.070002,0.16046,0.050484,0.513609,0.05703
4960_248_1008_1033,5,5,0.056878,0.117567,0.027636,0.037709,0.009894,0.730954,0.019361
5163_259_126_248,3,1,0.01492,0.387767,0.086122,0.039658,0.200239,0.043479,0.227815
5163_260_1294_1437,3,4,0.010843,0.172863,0.071224,0.020614,0.684054,0.01711,0.023292
5163_259_961_1252,3,4,0.02888,0.235486,0.041865,0.194915,0.273606,0.040211,0.185037
5163_260_1516_1746,3,3,0.045029,0.291325,0.054931,0.414098,0.03973,0.051143,0.103744
5163_260_248_299,3,3,0.015763,0.086856,0.061616,0.421453,0.047106,0.209732,0.157474
5163_259_1456_1497,3,1,0.032732,0.761156,0.020251,0.062382,0.032293,0.043367,0.047819
5163_260_638_946,3,3,0.011047,0.032846,0.02026,0.735749,0.016521,0.020107,0.16347
5163_259_577_625,3,5,0.010505,0.214041,0.073578,0.058616,0.019301,0.430603,0.193357
5163_259_321_339,3,5,0.036847,0.149882,0.026514,0.020938,0.016297,0.687031,0.062491
5163_259_416_507,3,1,0.074277,0.425995,0.027754,0.021808,0.027398,0.386399,0.036369
5163_260_31_93,3,3,0.020319,0.063378,0.08424,0.542025,0.047254,0.073629,0.169156
5163_260_342_406,3,3,0.021033,0.085767,0.052411,0.49789,0.016978,0.071812,0.254109
5163_260_508_564,3,6,0.013557,0.186753,0.026606,0.334542,0.037421,0.023005,0.378116
5170_260_104_212,3,1,0.066985,0.747506,0.02308,0.047945,0.023744,0.06992,0.020819
5170_260_1263_1516,3,1,0.044188,0.788577,0.041898,0.053589,0.033399,0.021948,0.016401
5170_259_1915_2375,1,1,0.169933,0.652099,0.045084,0.010384,0.084386,0.028935,0.009179
5170_259_971_1261,1,1,0.099469,0.548043,0.106151,0.028845,0.113641,0.043316,0.060534
5170_259_1544_1820,4,2,0.046105,0.239065,0.516664,0.009322,0.148292,0.016002,0.02455
5170_259_223_610,1,1,0.065659,0.704236,0.072663,0.009344,0.068259,0.052502,0.027338
5170_260_825_950,1,1,0.106882,0.74723,0.037229,0.012152,0.025627,0.051418,0.019464
5170_259_31_56,1,1,0.044935,0.596964,0.076353,0.006585,0.104653,0.136461,0.034049
5170_260_2378_2453,1,1,0.176583,0.71862,0.01851,0.026105,0.014466,0.034364,0.011351
5170_260_1832_1898,3,1,0.073664,0.779951,0.042874,0.012161,0.024055,0.056572,0.010724
5170_260_645_743,1,1,0.087371,0.65964,0.074834,0.023672,0.041027,0.066386,0.04707
5170_259_743_807,3,5,0.020449,0.135819,0.041104,0.046919,0.013136,0.674578,0.067996
5176_260_104_151,6,1,0.145722,0.710922,0.028093,0.049617,0.027619,0.017423,0.020602
5176_260_1162_1222,2,1,0.038434,0.441561,0.047321,0.017447,0.016045,0.406119,0.033074
5176_259_31_92,1,1,0.160819,0.694525,0.023641,0.006346,0.07721,0.023821,0.013638
5176_259_915_1133,6,1,0.013619,0.464163,0.127356,0.004876,0.043703,0.321827,0.024456
5176_259_623_781,5,5,0.026202,0.258401,0.041245,0.019867,0.014172,0.612374,0.027739
5176_259_167_365,1,1,0.195117,0.63917,0.049436,0.005399,0.033741,0.05695,0.020187
5176_260_382_440,3,1,0.046664,0.793745,0.035945,0.021908,0.059422,0.013437,0.028879
5176_260_583_607,4,1,0.092717,0.63746,0.034452,0.093514,0.033177,0.026683,0.081998
5176_260_808_863,5,5,0.013209,0.16295,0.033916,0.016787,0.013078,0.741916,0.018145
5176_259_477_568,6,1,0.040673,0.419355,0.031107,0.070079,0.078574,0.037406,0.322805
5181_259_101_227,5,1,0.020696,0.417195,0.053061,0.128909,0.052708,0.228704,0.098727
5181_259_1267_1372,4,1,0.015337,0.479531,0.037076,0.088932,0.08886,0.224183,0.066081
5181_260_1042_1238,4,4,0.015727,0.340319,0.095137,0.067783,0.366128,0.060564,0.054342
5181_259_1601_1773,3,4,0.011132,0.117692,0.079791,0.041361,0.648314,0.025544,0.076166
5181_260_231_301,4,6,0.006038,0.057161,0.03827,0.391391,0.041032,0.026715,0.439392
5181_260_1806_1829,4,6,0.02016,0.093778,0.098274,0.042788,0.05582,0.188604,0.500576
5181_260_1386_1589,4,1,0.021237,0.314241,0.135266,0.246995,0.067844,0.047013,0.167405
5181_260_711_941,4,4,0.034804,0.183869,0.104952,0.124343,0.292405,0.041527,0.218101
5181_260_536_593,3,1,0.008838,0.341244,0.091064,0.216837,0.189563,0.033879,0.118575
5181_259_309_534,5,5,0.004265,0.143526,0.042726,0.088651,0.061317,0.620795,0.038721
5181_260_31_61,4,3,0.014596,0.145319,0.075738,0.40759,0.022408,0.020439,0.313908
5181_259_646_689,3,5,0.018551,0.084734,0.037394,0.251356,0.019929,0.373135,0.214901
5181_259_955_1017,5,6,0.01734,0.19537,0.105884,0.054089,0.070273,0.182756,0.374288
5185_259_90_240,5,5,0.006198,0.181904,0.220238,0.004467,0.142921,0.429793,0.014479
5185_259_1223_1332,4,1,0.090229,0.768061,0.020562,0.00639,0.077328,0.025909,0.011522
5185_260_1163_1221,1,3,0.064207,0.372239,0.018414,0.454331,0.023986,0.024794,0.042029
5185_259_1427_1767,4,1,0.065125,0.687245,0.023159,0.018944,0.127382,0.052858,0.025287
5185_260_252_420,4,1,0.012308,0.609402,0.098217,0.025343,0.176314,0.038385,0.040031
5185_260_1785_1900,3,3,0.012886,0.075918,0.045135,0.734385,0.038197,0.017299,0.07618
5185_259_807_984,4,1,0.042067,0.458418,0.0226,0.009307,0.440479,0.013821,0.013308
5185_260_515_608,4,6,0.007874,0.126973,0.083141,0.209606,0.121444,0.053968,0.396994
5185_259_1039_1162,4,1,0.06194,0.737027,0.017762,0.008312,0.148057,0.011979,0.014922
5185_260_985_1039,1,3,0.015776,0.03796,0.026886,0.69362,0.012301,0.075508,0.137949
5185_259_448_512,4,2,0.035474,0.228647,0.341743,0.014942,0.046947,0.287115,0.045132
5185_260_31_89,1,4,0.00783,0.363345,0.157988,0.013878,0.413203,0.022648,0.021108
5185_259_643_714,4,1,0.012415,0.298563,0.192389,0.014866,0.213084,0.124819,0.143863
5185_260_719_777,3,3,0.024473,0.219397,0.0262,0.570696,0.049633,0.028576,0.081025
5185_260_1353_1390,4,3,0.051626,0.271227,0.014126,0.546039,0.04093,0.019111,0.056941
5188_259_1235_1349,4,3,0.010428,0.037923,0.045138,0.544518,0.068451,0.038218,0.255325
5188_260_1132_1214,5,5,0.009592,0.037887,0.02216,0.042,0.017062,0.651224,0.220075
5188_260_1579_1793,4,3,0.049644,0.077702,0.031402,0.381514,0.06616,0.034513,0.359063
5188_259_237_313,5,5,0.01979,0.053708,0.060311,0.172695,0.115423,0.412063,0.16601
5188_260_1386_1466,4,6,0.041539,0.086118,0.06305,0.123253,0.043971,0.08155,0.560519
5188_259_702_1085,4,5,0.010765,0.047677,0.061298,0.13364,0.139423,0.40804,0.199156
5188_260_130_220,5,6,0.017164,0.067695,0.159574,0.054676,0.098766,0.116011,0.486114
5188_260_538_687,4,6,0.021554,0.106629,0.030518,0.315265,0.063161,0.048521,0.414352
5188_260_332_419,3,1,0.04401,0.257241,0.11884,0.10419,0.191083,0.071287,0.213348
5188_259_438_500,5,2,0.014801,0.078967,0.360594,0.016619,0.216859,0.126592,0.185568
5188_259_31_99,4,3,0.010019,0.016749,0.018439,0.47667,0.032003,0.013924,0.432195
5188_259_1472_1511,6,6,0.01104,0.040976,0.026294,0.09426,0.075436,0.017382,0.734612
5188_260_1914_1976,4,6,0.05252,0.210564,0.064119,0.168339,0.036492,0.013063,0.454903
5188_259_1828_1855,5,6,0.015476,0.129532,0.146766,0.033798,0.23201,0.069799,0.372619
5190_259_124_247,5,5,0.029116,0.112237,0.036071,0.028418,0.015208,0.755989,0.02296
5190_260_1174_1313,4,3,0.016486,0.04793,0.043949,0.805386,0.014682,0.026463,0.045104
5190_259_1980_2152,3,3,0.021815,0.066386,0.018924,0.787959,0.014421,0.051585,0.03891
5190_260_1559_1698,5,4,0.021482,0.20968,0.168506,0.08201,0.292336,0.142543,0.083442
5190_260_247_278,3,1,0.083711,0.484814,0.038968,0.244045,0.026799,0.019953,0.10171
5190_259_1710_1854,3,3,0.008755,0.020367,0.015173,0.782879,0.010337,0.007294,0.155196
5190_259_1337_1529,1,1,0.157205,0.550617,0.060107,0.017526,0.177534,0.016075,0.020937
5190_260_2182_2280,3,3,0.211545,0.315005,0.023397,0.34224,0.020192,0.025961,0.06166
5190_260_682_967,3,5,0.021071,0.147689,0.029575,0.060184,0.0178,0.700495,0.023186
5190_259_2302_2378,3,3,0.005531,0.011422,0.004487,0.93485,0.007875,0.013813,0.022023
5190_259_579_661,4,6,0.012222,0.175164,0.104488,0.02629,0.124913,0.0329,0.524024
5190_259_999_1106,1,1,0.030443,0.466801,0.041787,0.036914,0.316263,0.019317,0.088475
5190_259_346_481,4,4,0.010412,0.374605,0.116985,0.013054,0.375533,0.029978,0.079434
5190_260_31_90,3,3,0.008022,0.027513,0.064074,0.771483,0.014297,0.028606,0.086005
5190_260_1859_1976,3,3,0.038898,0.13616,0.030585,0.714845,0.013564,0.017995,0.047954
5190_260_489_570,5,5,0.031806,0.147786,0.035007,0.012392,0.020594,0.714085,0.03833
5198_260_31_185,3,1,0.133276,0.55925,0.043549,0.088122,0.018966,0.132438,0.024399
5198_260_1239_1304,1,1,0.187168,0.50497,0.018547,0.011775,0.009237,0.245724,0.022578
5198_259_2016_2133,0,1,0.051171,0.644702,0.019669,0.040276,0.180764,0.009832,0.053586
5198_259_1110_1233,1,1,0.066109,0.769234,0.012416,0.023113,0.067716,0.009973,0.05144
5198_259_1630_1785,1,1,0.019407,0.882953,0.023673,0.009088,0.0283,0.018744,0.017835
5198_259_231_322,3,5,0.058744,0.176479,0.140323,0.213655,0.126978,0.224593,0.059228
5198_260_1810_2011,3,1,0.118294,0.475392,0.033028,0.174025,0.018094,0.108181,0.072987
5198_260_1377_1620,1,1,0.058374,0.442835,0.037572,0.030216,0.020402,0.373003,0.037599
5198_259_782_992,1,5,0.018863,0.221472,0.025784,0.063221,0.016413,0.628314,0.025933
5198_259_1308_1359,1,1,0.0667,0.745797,0.033466,0.006107,0.028816,0.086987,0.032127
5198_259_585_705,1,5,0.017862,0.17457,0.058467,0.002966,0.024743,0.703784,0.017608
5198_260_992_1108,3,1,0.078257,0.326188,0.044135,0.30597,0.011802,0.135862,0.097786
5198_260_346_579,3,3,0.011126,0.022887,0.037307,0.713904,0.031244,0.138525,0.045007
5198_260_710_772,3,0,0.515099,0.287044,0.021121,0.077988,0.005401,0.030688,0.062659
