utt_id,label,pred,p_angry,p_disgust,p_fear,p_happy,p_sad,p_surprise,p_neutral
121_7_2332_2498,1,1,0.076402,0.295686,0.043561,0.276503,0.053653,0.213914,0.040282
121_8_108_264,5,3,0.026498,0.013735,0.013371,0.771351,0.032402,0.128149,0.014493
121_8_1279_1374,4,3,0.008929,0.009325,0.014725,0.909695,0.0084,0.013748,0.035178
121_7_1952_2181,3,1,0.103987,0.410631,0.060975,0.161033,0.089673,0.094752,0.078948
121_7_1031_1261,4,5,0.021968,0.058666,0.176886,0.163145,0.117205,0.285397,0.176733
121_7_1665_1823,4,3,0.021876,0.050531,0.031283,0.545257,0.033814,0.270659,0.04658
121_7_1396_1583,4,3,0.012752,0.012964,0.008536,0.571025,0.017792,0.363347,0.013585
121_8_2186_2318,3,3,0.155426,0.09093,0.015249,0.388795,0.039323,0.272342,0.037934
121_8_841_1015,6,3,0.207123,0.215535,0.033108,0.27207,0.046247,0.113925,0.111992
121_8_584_694,3,3,0.020083,0.03345,0.046981,0.75254,0.033802,0.079415,0.033728
121_7_278_368,1,3,0.017925,0.039699,0.067253,0.673543,0.081121,0.051354,0.069105
121_7_469_559,4,3,0.01689,0.031684,0.018014,0.782673,0.029913,0.082734,0.038093
121_7_31_104,5,3,0.008752,0.00504,0.016772,0.795378,0.01668,0.133184,0.024194
121_8_368_468,5,3,0.015305,0.021629,0.015319,0.787821,0.02288,0.080275,0.05677
121_7_715_829,5,3,0.02321,0.098519,0.047282,0.313312,0.043945,0.179995,0.293738
121_8_1823_1949,3,5,0.142267,0.106865,0.022302,0.100184,0.059413,0.551342,0.017627
121_8_1596_1646,4,3,0.055203,0.138132,0.064869,0.575003,0.057616,0.06064,0.048538
122_8_92_128,5,5,0.013281,0.026232,0.027738,0.011707,0.03235,0.756404,0.132288
122_8_1177_1308,0,0,0.59745,0.261412,0.01552,0.03652,0.033503,0.024434,0.031161
122_7_2035_2131,4,1,0.158409,0.32254,0.03056,0.070848,0.118361,0.157837,0.141445
122_8_1645_1733,0,0,0.645577,0.12765,0.016021,0.024254,0.02838,0.14892,0.009198
122_7_147_262,1,3,0.068107,0.221604,0.07375,0.240735,0.111208,0.166055,0.118541
122_7_1750_1901,4,5,0.096994,0.170134,0.035282,0.103518,0.080699,0.447935,0.065438
122_8_2136_2290,1,0,0.389387,0.242083,0.016486,0.022482,0.072856,0.240781,0.015925
122_8_887_1069,0,0,0.422163,0.27185,0.017239,0.096492,0.044861,0.038382,0.109014
122_7_1313_1442,1,5,0.125966,0.226112,0.050611,0.077079,0.068501,0.386269,0.065462
122_8_514_630,0,0,0.851875,0.065997,0.002678,0.001551,0.005969,0.07014,0.001789
122_7_1077_1162,5,5,0.022762,0.056845,0.031898,0.005046,0.01746,0.843311,0.022679
122_8_269_347,1,0,0.621267,0.275024,0.017099,0.004345,0.016374,0.0499,0.015991
122_7_356_496,4,3,0.02781,0.167147,0.080817,0.238424,0.147607,0.106125,0.23207
122_7_31_90,1,5,0.011282,0.065025,0.091002,0.03934,0.098618,0.508692,0.186041
122_8_1468_1583,1,6,0.086458,0.088218,0.035225,0.326908,0.067096,0.05831,0.337786
122_7_642_880,1,1,0.09209,0.323372,0.088805,0.081067,0.23414,0.073823,0.106704
122_7_1595_1640,4,1,0.099265,0.313339,0.081711,0.243548,0.09342,0.038241,0.130477
122_8_1911_1995,0,0,0.694675,0.194989,0.009739,0.007524,0.019111,0.061681,0.01228
124_7_2416_2524,1,4,0.030189,0.268014,0.055509,0.027866,0.512945,0.008191,0.097287
124_7_31_210,1,1,0.050334,0.34481,0.115337,0.063114,0.275907,0.098612,0.051886
124_8_1064_1253,4,1,0.212601,0.23875,0.044872,0.071183,0.088568,0.185017,0.15901
124_8_231_337,1,4,0.11144,0.215482,0.059618,0.035433,0.303157,0.207542,0.067329
124_8_1389_1544,4,1,0.141537,0.346376,0.105848,0.063282,0.083755,0.062874,0.196328
124_8_2535_2703,4,6,0.025271,0.044826,0.033799,0.292849,0.276316,0.027711,0.299228
124_7_859_1054,1,4,0.02881,0.205266,0.105977,0.227698,0.243351,0.046655,0.142242
124_7_1328_1364,1,1,0.048682,0.272368,0.251236,0.019875,0.268292,0.04326,0.096288
124_8_1989_2099,4,5,0.080441,0.072242,0.046852,0.039872,0.069479,0.479129,0.211986
124_7_1624_1790,6,4,0.032559,0.317434,0.058275,0.061439,0.426985,0.019073,0.084235
124_7_615_665,1,1,0.229864,0.543198,0.044828,0.015658,0.094467,0.055708,0.016277
124_7_2109_2283,6,4,0.013184,0.127054,0.130828,0.130613,0.285693,0.120475,0.192154
124_7_1921_1971,1,1,0.029448,0.304156,0.098556,0.072369,0.113204,0.078186,0.304081
124_8_1814_1885,4,5,0.048797,0.226696,0.13871,0.029987,0.098324,0.311681,0.145805
124_8_477_575,1,5,0.057052,0.097343,0.040719,0.051164,0.207493,0.436155,0.110074
124_7_378_441,1,1,0.184067,0.532307,0.042931,0.02499,0.104467,0.08591,0.025327
124_8_2306_2375,6,6,0.084233,0.267984,0.087144,0.037016,0.160296,0.065896,0.297431
124_8_746_825,1,3,0.020295,0.029599,0.038802,0.483505,0.046601,0.343615,0.037584
124_7_2763_2804,3,3,0.022023,0.116506,0.125879,0.322224,0.142789,0.072624,0.197954
125_7_108_240,5,6,0.012067,0.068899,0.157676,0.102303,0.086469,0.059802,0.512783
125_8_1239_1335,6,4,0.028092,0.162501,0.066836,0.083812,0.412593,0.062466,0.183699
125_7_1938_2047,1,3,0.020905,0.087135,0.065339,0.532977,0.104159,0.123218,0.066268
125_7_1079_1239,4,1,0.047443,0.352567,0.079863,0.076828,0.289123,0.051534,0.102641
125_8_1548_1689,3,3,0.019114,0.045312,0.035241,0.720511,0.055754,0.095767,0.028301
125_8_243_351,1,5,0.01793,0.076385,0.087525,0.028866,0.088634,0.553456,0.147203
125_8_1759_1934,3,3,0.028239,0.068033,0.046752,0.692355,0.037367,0.086828,0.040426
125_7_1376_1544,4,4,0.029039,0.290759,0.124795,0.03115,0.334624,0.043052,0.146579
125_8_2053_2301,3,3,0.035907,0.168881,0.048176,0.579144,0.057306,0.029872,0.080715
125_7_838_944,4,4,0.03459,0.167861,0.076166,0.088404,0.443625,0.053796,0.135558
125_8_951_1061,6,6,0.014447,0.056879,0.076746,0.162067,0.12229,0.126045,0.441525
125_7_592_724,5,5,0.015345,0.063711,0.081772,0.010851,0.045271,0.704263,0.078786
125_7_2312_2345,3,6,0.033361,0.165511,0.0855,0.217303,0.214742,0.028163,0.255421
125_8_431_565,3,6,0.012261,0.029759,0.029414,0.140292,0.038677,0.081234,0.668363
125_7_31_59,3,6,0.028723,0.090052,0.153368,0.061043,0.110508,0.248637,0.30767
125_8_60_95,0,5,0.018038,0.055246,0.038754,0.022897,0.017699,0.781643,0.065723
125_7_1708_1758,0,1,0.259385,0.295072,0.073241,0.013305,0.044668,0.248258,0.066071
125_7_352_407,6,6,0.022303,0.077678,0.048825,0.203455,0.068506,0.115427,0.463807
125_8_724_818,6,6,0.014684,0.026459,0.020575,0.089878,0.029306,0.141227,0.67787
126_8_1277_1351,2,1,0.188754,0.344002,0.030451,0.005389,0.0461,0.313741,0.071563
126_7_1928_2127,2,1,0.072736,0.446529,0.217406,0.031337,0.148319,0.048889,0.034785
126_8_1016_1184,0,1,0.278136,0.339182,0.044741,0.011584,0.091711,0.148521,0.086125
126_7_1647_1820,2,1,0.056616,0.350214,0.108876,0.048273,0.091401,0.205255,0.139365
126_8_251_331,3,1,0.235597,0.407833,0.044677,0.024315,0.125489,0.056628,0.105461
126_7_1379_1510,2,2,0.020414,0.212542,0.372399,0.023791,0.103205,0.147313,0.120335
126_7_869_1011,1,6,0.028936,0.127193,0.100362,0.193924,0.112221,0.066841,0.370522
126_7_164_234,3,5,0.036186,0.169584,0.221479,0.018141,0.122579,0.232603,0.199429
126_7_551_721,1,2,0.014831,0.124139,0.262446,0.105994,0.105689,0.179,0.207901
126_8_31_116,5,5,0.030653,0.035574,0.05284,0.052171,0.061468,0.643843,0.123451
126_7_354_476,1,6,0.016677,0.108971,0.101941,0.185255,0.109067,0.01936,0.458729
126_8_1522_1646,5,5,0.142111,0.039109,0.016893,0.005012,0.010951,0.778046,0.007878
126_7_1184_1260,6,5,0.01592,0.157654,0.108395,0.021215,0.055408,0.550253,0.091155
126_8_736_867,5,5,0.048358,0.021236,0.012001,0.002493,0.047776,0.855936,0.012199
126_8_1828_1927,0,0,0.652319,0.144238,0.064047,0.003726,0.025424,0.096395,0.01385
126_8_488_534,2,5,0.026628,0.045967,0.032887,0.0131,0.023312,0.755029,0.103077
129_7_2309_2502,6,1,0.293157,0.382793,0.036791,0.112048,0.059035,0.057437,0.058739
129_7_1087_1337,4,6,0.013054,0.085286,0.176733,0.11185,0.138263,0.029569,0.445245
129_7_140_401,4,6,0.010731,0.040938,0.218007,0.076487,0.249211,0.026475,0.378151
129_7_2676_2889,6,1,0.07858,0.242164,0.083311,0.140961,0.154168,0.068428,0.232388
129_8_1338_1478,1,1,0.164776,0.365262,0.041138,0.027405,0.116256,0.219474,0.065688
129_8_2518_2671,1,0,0.668095,0.265844,0.008032,0.00506,0.031796,0.013126,0.008046
129_7_824_1029,4,2,0.024611,0.222046,0.262834,0.045477,0.180971,0.155664,0.108398
129_8_2898_2998,1,0,0.430605,0.301776,0.023749,0.057639,0.041216,0.071306,0.073709
129_7_2059_2180,6,1,0.086597,0.381115,0.058472,0.194294,0.179252,0.022788,0.077482
129_7_1753_1948,6,1,0.103188,0.438619,0.046397,0.100222,0.189305,0.018587,0.103682
129_7_638_685,4,4,0.02759,0.209412,0.086221,0.060611,0.343169,0.066984,0.206013
129_8_1652_1743,1,0,0.578942,0.323353,0.014803,0.007,0.021461,0.036076,0.018365
129_7_1512_1623,6,6,0.019054,0.174261,0.248459,0.07092,0.200977,0.036896,0.249433
129_8_401_619,5,5,0.009323,0.013646,0.024397,0.00779,0.035926,0.894465,0.014453
129_8_2181_2305,0,5,0.093727,0.054818,0.034271,0.012563,0.067726,0.658865,0.07803
129_8_71_115,5,5,0.011375,0.040294,0.037585,0.009941,0.016893,0.829748,0.054164
129_8_704_808,0,0,0.376275,0.227712,0.061584,0.026478,0.057113,0.177537,0.073301
129_8_1952_2055,0,0,0.409958,0.250008,0.066782,0.024513,0.076872,0.066554,0.105313
129_7_3008_3075,1,1,0.219369,0.34117,0.035758,0.208225,0.055758,0.033276,0.106444
129_8_1037_1082,5,5,0.033332,0.105643,0.087566,0.010396,0.07209,0.644843,0.046129
129_7_31_71,4,3,0.01983,0.024964,0.063627,0.674399,0.072865,0.060628,0.083688
131_7_108_190,1,5,0.032539,0.135715,0.154526,0.205754,0.122051,0.212567,0.136847
131_7_1292_1421,1,6,0.05473,0.119414,0.066343,0.218504,0.156806,0.100633,0.28357
131_8_1100_1288,0,0,0.842568,0.07349,0.003267,0.011064,0.034278,0.031983,0.003351
131_8_197_401,1,0,0.754146,0.089751,0.011245,0.006674,0.019048,0.115945,0.003192
131_7_2720_2835,3,3,0.220947,0.21811,0.097886,0.270207,0.102047,0.023964,0.066839
131_8_1424_1491,1,0,0.451141,0.238786,0.032715,0.040114,0.049537,0.137547,0.05016
131_8_2491_2719,1,0,0.708386,0.178214,0.007043,0.016975,0.047489,0.026297,0.015596
131_8_759_945,0,0,0.678208,0.049543,0.005774,0.00524,0.016318,0.240925,0.003993
131_7_2002_2079,6,4,0.033497,0.232255,0.174972,0.059759,0.360813,0.039966,0.098738
131_7_1717_1806,1,3,0.030574,0.059899,0.034365,0.618003,0.048361,0.017568,0.191231
131_7_2309_2483,6,3,0.099132,0.117336,0.134974,0.225219,0.117529,0.178897,0.126914
131_8_1628_1717,0,0,0.285839,0.257294,0.032604,0.024846,0.059569,0.242767,0.09708
131_7_1514_1588,6,1,0.076335,0.303784,0.169914,0.052046,0.185904,0.143512,0.068504
131_8_555_634,1,0,0.761439,0.152907,0.009747,0.006259,0.01263,0.050746,0.006272
131_8_2104_2287,1,0,0.782074,0.123678,0.003676,0.002986,0.016268,0.067802,0.003515
131_8_1844_1975,1,0,0.423723,0.205042,0.011624,0.007803,0.054698,0.283176,0.013934
131_7_954_1088,6,5,0.16729,0.158961,0.056572,0.132842,0.117779,0.30487,0.061686
131_7_421_540,1,0,0.609624,0.139918,0.016735,0.024826,0.018511,0.181965,0.008421
131_8_31_108,1,0,0.593198,0.139986,0.045304,0.08906,0.03011,0.071633,0.03071
133_8_2303_2510,6,3,0.012365,0.030536,0.028961,0.742731,0.025699,0.072666,0.087042
133_7_31_179,3,3,0.007285,0.0126,0.024565,0.67342,0.036473,0.021881,0.223775
133_7_1181_1513,6,2,0.019629,0.172975,0.297111,0.038751,0.145694,0.140302,0.185538
133_8_179_345,5,5,0.011291,0.026603,0.018529,0.0285,0.020276,0.870122,0.024679
133_7_2763_2939,3,3,0.01457,0.020786,0.012981,0.684089,0.01771,0.227875,0.021989
133_8_2650_2763,3,3,0.011419,0.03372,0.028048,0.668193,0.024061,0.030267,0.204293
133_7_3001_3196,3,3,0.007973,0.019509,0.02291,0.748797,0.027795,0.026543,0.146473
133_7_2527_2649,3,3,0.00692,0.014037,0.024069,0.799729,0.015836,0.01896,0.120448
133_7_781_947,6,6,0.014296,0.132258,0.144507,0.039472,0.067859,0.196848,0.40476
133_8_2946_3001,3,3,0.013232,0.015114,0.020295,0.690858,0.016898,0.05884,0.184764
133_8_953_1166,6,5,0.051092,0.127439,0.063714,0.229055,0.043847,0.443171,0.041682
133_8_2033_2107,3,3,0.014674,0.047583,0.020136,0.773444,0.022476,0.057206,0.06448
133_7_1729_1854,3,3,0.023831,0.059388,0.035418,0.572762,0.024,0.106135,0.178466
133_7_353_647,3,3,0.010055,0.02409,0.026763,0.574001,0.03804,0.256085,0.070965
133_8_1520_1728,6,1,0.060611,0.236684,0.078716,0.223226,0.057882,0.112153,0.230727
133_7_2115_2302,3,2,0.008581,0.113533,0.377214,0.041081,0.061042,0.194571,0.203979
133_8_1855_1955,3,3,0.015097,0.02656,0.016928,0.782748,0.021058,0.068169,0.06944
133_8_651_752,6,5,0.013989,0.049212,0.02946,0.123704,0.015478,0.564611,0.203547
133_7_1956_2030,3,6,0.018825,0.055312,0.051742,0.14927,0.037112,0.312463,0.375277
133_8_3202_3250,3,3,0.016851,0.027993,0.026681,0.812996,0.030017,0.026438,0.059024
134_7_31_208,3,3,0.014058,0.060819,0.046945,0.542312,0.043341,0.138758,0.153767
134_8_1262_1371,6,3,0.030646,0.083901,0.09632,0.309519,0.080157,0.170008,0.229449
134_8_1949_2085,3,3,0.007034,0.01174,0.015038,0.905989,0.00968,0.013473,0.037046
134_7_1088_1251,6,1,0.05882,0.369339,0.134388,0.026108,0.194354,0.076332,0.140661
134_8_1576_1805,3,3,0.009354,0.012344,0.010336,0.791644,0.09661,0.064798,0.014914
134_8_216_290,1,3,0.058329,0.165641,0.055952,0.399668,0.053913,0.228389,0.038108
134_7_1818_1925,3,3,0.023317,0.079539,0.072591,0.554938,0.120431,0.06268,0.086503
134_7_1390_1546,3,6,0.0212,0.113584,0.102205,0.128724,0.242925,0.052323,0.339039
134_8_2215_2328,3,3,0.013927,0.02971,0.020904,0.836273,0.02069,0.030403,0.048093
134_8_925_1063,4,3,0.030009,0.164526,0.094394,0.342012,0.186761,0.086383,0.095913
134_8_577_774,3,3,0.020805,0.060736,0.02203,0.723281,0.032524,0.115342,0.025281
134_7_305_567,3,5,0.055203,0.120059,0.050089,0.188653,0.05802,0.370387,0.15759
134_7_2103_2214,3,3,0.015625,0.023918,0.105207,0.638571,0.040077,0.063756,0.112845
134_7_824_895,5,5,0.055398,0.217448,0.167174,0.031834,0.098056,0.228514,0.201577
135_8_2413_2548,3,3,0.011173,0.018358,0.047629,0.818323,0.01873,0.027157,0.058629
135_7_31_178,5,6,0.034738,0.098319,0.201066,0.115539,0.051642,0.040393,0.458302
135_8_1223_1342,6,6,0.00626,0.02847,0.087609,0.058612,0.021447,0.009874,0.787728
135_7_2015_2193,6,3,0.021636,0.07953,0.082181,0.367396,0.047433,0.051475,0.35035
135_7_1094_1186,6,6,0.032788,0.073062,0.073416,0.126856,0.028346,0.095647,0.569884
135_8_1615_1685,3,3,0.009807,0.006172,0.010693,0.835884,0.020626,0.068842,0.047976
135_8_179_317,4,3,0.015738,0.04704,0.120016,0.521068,0.096934,0.114645,0.084559
135_8_1811_1988,3,3,0.014661,0.042048,0.046685,0.622815,0.033697,0.068155,0.171938
135_7_1704_1810,4,6,0.018738,0.051997,0.1015,0.065284,0.122784,0.104817,0.534881
135_7_1343_1597,4,5,0.0229,0.054823,0.062794,0.133444,0.158069,0.357208,0.210761
135_8_2195_2347,3,3,0.011558,0.012008,0.021417,0.804196,0.013711,0.090096,0.047014
135_8_896_1078,4,6,0.017047,0.054879,0.136191,0.175343,0.217872,0.026887,0.37178
135_8_469_617,1,6,0.011836,0.080478,0.134013,0.164124,0.064001,0.0516,0.493949
135_7_322_468,6,6,0.014007,0.054194,0.122941,0.065003,0.024863,0.055143,0.66385
135_7_637_855,4,2,0.025335,0.251183,0.327645,0.03932,0.129713,0.101063,0.125741
135_7_2347_2402,3,5,0.009721,0.037734,0.036601,0.244348,0.025523,0.603483,0.042589
135_7_2551_2585,3,3,0.02092,0.038532,0.033472,0.772334,0.030367,0.032254,0.07212
138_8_1202_1318,1,6,0.014147,0.060155,0.070068,0.099864,0.031816,0.093585,0.630364
138_7_1824_2061,6,1,0.172151,0.295732,0.083723,0.089742,0.113923,0.095048,0.149681
138_8_1604_1816,1,6,0.029008,0.051476,0.060242,0.23731,0.05385,0.032331,0.535783
138_8_221_280,1,5,0.01574,0.070441,0.098323,0.107208,0.046878,0.453932,0.207479
138_7_1337_1570,6,5,0.090431,0.126649,0.086348,0.123013,0.065379,0.351829,0.15635
138_7_839_929,6,5,0.079776,0.172726,0.20304,0.038473,0.087212,0.257274,0.161499
138_8_951_1090,5,5,0.01813,0.026775,0.095707,0.013867,0.045183,0.74163,0.058709
138_7_141_211,0,0,0.299552,0.215308,0.074864,0.08635,0.052707,0.147835,0.123384
138_7_501_671,6,6,0.075169,0.201189,0.108627,0.094088,0.057373,0.032987,0.430567
138_7_1100_1181,5,5,0.131536,0.203869,0.094743,0.046777,0.038484,0.351457,0.133134
138_7_286_380,0,0,0.453895,0.309437,0.038639,0.015282,0.026816,0.107595,0.048337
138_8_404_487,6,5,0.011303,0.051226,0.071845,0.031136,0.018499,0.657088,0.158903
138_7_31_95,0,5,0.1366,0.184803,0.086655,0.092727,0.047191,0.250013,0.202012
138_8_2077_2151,6,3,0.02073,0.041276,0.028726,0.546117,0.042332,0.024397,0.296423
138_8_95_118,6,3,0.023725,0.076896,0.056806,0.413241,0.059066,0.189227,0.181039
138_8_703_805,1,5,0.019913,0.06445,0.16937,0.086556,0.08502,0.365138,0.209552
139_7_31_134,3,3,0.013665,0.030982,0.350882,0.361601,0.042761,0.026269,0.173841
139_8_1222_1329,5,5,0.005665,0.024406,0.090798,0.019683,0.056008,0.622167,0.181274
139_7_1033_1202,5,5,0.018368,0.060185,0.156406,0.025294,0.042161,0.552004,0.145582
139_7_180_295,6,6,0.048924,0.14673,0.123364,0.197548,0.060181,0.116588,0.306666
139_8_1453_1563,6,6,0.033445,0.139194,0.196361,0.100919,0.130106,0.097403,0.302572
139_8_832_1030,6,6,0.014721,0.046396,0.151747,0.025735,0.053545,0.060342,0.647514
139_7_1330_1431,5,5,0.016804,0.09054,0.127642,0.05144,0.040592,0.489853,0.183129
139_8_578_682,5,5,0.003841,0.015284,0.083493,0.034529,0.023132,0.688868,0.150853
139_8_302_408,6,6,0.012144,0.032513,0.106662,0.095011,0.027722,0.329542,0.396405
139_7_427_560,6,6,0.023139,0.075969,0.271099,0.180052,0.085599,0.066277,0.297865
139_7_700_816,6,6,0.031415,0.087851,0.205761,0.053926,0.112913,0.119677,0.388457
139_8_135_171,3,3,0.016609,0.035691,0.050528,0.687009,0.023964,0.073444,0.112755
140_7_1089_1334,4,3,0.014859,0.067303,0.117049,0.295197,0.130599,0.150388,0.224604
140_7_1968_2143,3,3,0.010619,0.029312,0.029315,0.6958,0.017574,0.028349,0.189032
140_7_1478_1802,3,3,0.007916,0.02236,0.049139,0.559907,0.014643,0.04949,0.296545
140_8_130_282,3,3,0.019662,0.032668,0.062377,0.572334,0.056727,0.187794,0.068437
140_8_1811_1967,5,5,0.006696,0.007431,0.010351,0.346252,0.01369,0.610162,0.005419
140_7_31_125,3,3,0.007203,0.012523,0.025928,0.457764,0.019627,0.425371,0.051584
140_8_823_1076,3,3,0.010935,0.014675,0.034481,0.713558,0.027837,0.12409,0.074423
140_8_1346_1455,4,6,0.018052,0.064438,0.081265,0.229678,0.221358,0.052467,0.332742
140_8_445_689,3,3,0.008672,0.011752,0.025353,0.803237,0.029111,0.031469,0.090406
140_7_283_437,3,5,0.014112,0.057474,0.081225,0.086886,0.061588,0.622438,0.076277
140_7_701_814,3,3,0.023638,0.044158,0.041727,0.480144,0.124493,0.160569,0.125272
140_8_2147_2197,3,3,0.006961,0.006707,0.022533,0.894553,0.019484,0.021901,0.027862
141_8_115_282,6,6,0.009531,0.041859,0.087306,0.261252,0.037902,0.039113,0.523038
141_8_1272_1411,1,2,0.028453,0.114154,0.378328,0.054725,0.149683,0.110169,0.164488
141_8_1936_2051,6,3,0.011424,0.026633,0.088431,0.591026,0.049526,0.017032,0.215927
141_7_1110_1254,6,2,0.05059,0.112345,0.259088,0.167375,0.240411,0.059242,0.110949
141_8_1608_1815,6,6,0.014076,0.04393,0.282345,0.013332,0.101594,0.148427,0.396297
141_7_1820_1935,6,6,0.015905,0.048375,0.09836,0.14318,0.065413,0.030506,0.598261
141_7_1419_1607,6,2,0.021898,0.079083,0.376438,0.077474,0.143667,0.230034,0.071404
141_8_948_1106,5,5,0.006234,0.033725,0.12448,0.028744,0.161947,0.563012,0.081859
141_7_282_432,6,6,0.024331,0.107481,0.178438,0.064128,0.07542,0.200986,0.349217
141_8_595_834,6,6,0.007653,0.026284,0.065983,0.26506,0.024017,0.029096,0.581907
141_8_433_534,5,3,0.015571,0.015889,0.031601,0.4544,0.054422,0.24301,0.185108
141_7_31_96,6,6,0.01451,0.066609,0.268499,0.107674,0.076364,0.030589,0.435755
141_7_842_912,6,6,0.037397,0.111116,0.13722,0.132889,0.10902,0.108352,0.364006
141_7_534_564,6,6,0.015658,0.03963,0.045106,0.26335,0.027632,0.07225,0.536373
142_8_94_128,5,3,0.040415,0.009965,0.012716,0.682304,0.028943,0.214189,0.011468
142_8_718_839,6,3,0.036833,0.041942,0.033345,0.372322,0.041459,0.337938,0.136162
142_7_31_86,5,5,0.190311,0.103819,0.032724,0.078078,0.020655,0.48845,0.085964
142_7_965_1014,6,5,0.018511,0.018418,0.01653,0.035343,0.014725,0.844576,0.051897
142_7_128_279,3,5,0.244123,0.105269,0.016198,0.063512,0.020984,0.525563,0.024352
142_7_354_451,0,0,0.460425,0.376504,0.012861,0.047778,0.020471,0.061701,0.02026
142_7_613_710,3,1,0.163454,0.445401,0.041463,0.105865,0.094408,0.048952,0.100457
142_8_887_961,1,3,0.140976,0.101014,0.021072,0.378442,0.045984,0.278959,0.033552
142_8_451_605,3,3,0.109217,0.139265,0.022821,0.555199,0.044469,0.101553,0.027476
142_8_280_354,3,3,0.049367,0.04782,0.01575,0.737219,0.033718,0.10321,0.012916
142_7_846_874,6,6,0.134882,0.230582,0.056554,0.09195,0.077443,0.065325,0.343264
143_7_766_810,3,3,0.008582,0.012161,0.020481,0.858978,0.014585,0.02174,0.063473
143_8_627_766,3,3,0.013462,0.030907,0.036666,0.5168,0.018687,0.031215,0.352262
143_8_236_399,3,3,0.006995,0.01698,0.022384,0.783261,0.013594,0.029404,0.127382
143_7_400_419,3,3,0.021148,0.042415,0.027767,0.731848,0.026789,0.067909,0.082125
143_7_165_221,3,3,0.023226,0.038452,0.039559,0.663622,0.025942,0.131871,0.077328
143_8_430_498,3,3,0.016356,0.033911,0.055442,0.425051,0.044516,0.144493,0.280231
143_7_503_611,3,3,0.014388,0.021603,0.030296,0.752303,0.024124,0.119382,0.037905
143_7_31_58,3,3,0.109848,0.069054,0.040346,0.400952,0.018718,0.113223,0.247858
143_8_846_906,3,3,0.016848,0.031355,0.034309,0.646153,0.027173,0.025139,0.219022
144_8_54_219,3,3,0.006284,0.00724,0.009424,0.812159,0.007497,0.031688,0.125708
144_8_765_905,3,3,0.011702,0.019243,0.011595,0.635265,0.0325,0.038985,0.250709
144_7_219_377,3,3,0.01071,0.013944,0.01407,0.649922,0.019067,0.096194,0.196093
144_8_984_1044,3,3,0.011743,0.006806,0.009255,0.877717,0.016364,0.058188,0.019927
144_8_382_448,3,3,0.011693,0.01046,0.008424,0.873549,0.023635,0.051432,0.020807
144_8_585_660,3,3,0.015024,0.031686,0.014226,0.705853,0.027901,0.012418,0.192893
144_7_660_749,3,5,0.030727,0.057818,0.052377,0.133983,0.029739,0.489566,0.205791
144_7_915_971,3,3,0.015714,0.017584,0.013812,0.748617,0.020449,0.102075,0.081749
144_7_448_584,3,3,0.047989,0.07354,0.01494,0.488632,0.05057,0.138223,0.186106
144_7_31_54,3,3,0.009186,0.006604,0.020269,0.856223,0.015185,0.051943,0.04059
148_7_31_190,4,2,0.028228,0.043617,0.398411,0.149669,0.106453,0.097701,0.175921
148_8_798_865,2,5,0.086878,0.138392,0.099683,0.053632,0.042213,0.306697,0.272507
148_8_965_1030,2,3,0.011374,0.017645,0.026437,0.514086,0.029698,0.048587,0.352174
148_7_748_789,3,6,0.031098,0.091172,0.151305,0.144631,0.098362,0.222728,0.260704
148_7_247_382,6,6,0.021217,0.068604,0.193805,0.110912,0.067088,0.074199,0.464176
148_8_385_429,2,6,0.057806,0.092754,0.059946,0.022256,0.076544,0.101535,0.58916
148_7_537_668,6,6,0.030435,0.073207,0.08293,0.318361,0.031964,0.032733,0.430371
148_8_685_736,2,5,0.010533,0.019491,0.021718,0.007635,0.010963,0.881619,0.048043
148_7_874_945,4,2,0.065417,0.212118,0.386978,0.040314,0.090589,0.020298,0.184287
148_8_194_239,2,6,0.036265,0.098938,0.049955,0.234035,0.042911,0.137706,0.40019
148_7_435_485,6,6,0.045571,0.110208,0.080715,0.062802,0.054117,0.264992,0.381596
148_7_1043_1124,3,3,0.011341,0.029595,0.095908,0.520796,0.057194,0.033181,0.251986
148_8_488_528,2,6,0.037937,0.07317,0.034905,0.111768,0.080177,0.084279,0.577765
149_7_82_131,3,6,0.047707,0.081558,0.081033,0.205043,0.024152,0.015272,0.545234
149_7_955_1184,4,3,0.025225,0.060703,0.146459,0.344309,0.129681,0.071263,0.22236
149_7_805_851,3,3,0.015081,0.034531,0.054302,0.605344,0.054042,0.036952,0.199747
149_8_31_75,5,5,0.023482,0.059042,0.058822,0.08877,0.035334,0.523862,0.210688
149_8_746_801,3,3,0.012872,0.011798,0.02684,0.812434,0.040511,0.022615,0.07293
149_8_145_276,1,6,0.043305,0.247473,0.165483,0.01644,0.116163,0.154215,0.25692
149_7_276_431,1,6,0.011346,0.085257,0.198408,0.184883,0.055493,0.048283,0.41633
149_7_520_727,4,6,0.007412,0.051092,0.114198,0.091108,0.052119,0.047692,0.636379
149_8_856_950,4,6,0.076167,0.18021,0.16737,0.013687,0.081077,0.070116,0.411373
149_8_452_515,6,6,0.00705,0.022501,0.018161,0.137888,0.018547,0.019444,0.776408
150_8_123_197,3,6,0.011398,0.028965,0.057188,0.37774,0.032748,0.014061,0.4779
150_8_795_844,2,5,0.022219,0.098697,0.122681,0.02223,0.036477,0.440022,0.257674
150_8_31_87,2,6,0.040845,0.0828,0.075562,0.041551,0.064597,0.303208,0.391438
150_8_721_769,1,5,0.022052,0.056098,0.084583,0.00681,0.036403,0.679678,0.114376
150_7_205_389,4,6,0.013959,0.082062,0.159731,0.23423,0.142456,0.055732,0.311829
150_8_400_547,2,2,0.004735,0.061881,0.310283,0.035241,0.064662,0.236585,0.286613
150_7_548_717,1,6,0.026618,0.130802,0.229523,0.058092,0.107869,0.077149,0.369948
150_7_854_970,1,6,0.019349,0.064751,0.08675,0.193644,0.03828,0.076997,0.52023
150_7_87_102,3,6,0.013351,0.041262,0.037424,0.21554,0.032893,0.044869,0.61466
151_7_91_229,3,3,0.012086,0.026887,0.068528,0.684898,0.024,0.094604,0.088997
151_8_939_1155,3,3,0.009167,0.023413,0.02128,0.659769,0.014562,0.031326,0.240483
151_7_774_816,6,3,0.02545,0.041004,0.055282,0.484716,0.024356,0.328064,0.041129
151_8_31_85,3,3,0.018182,0.011415,0.018847,0.569218,0.020054,0.174097,0.188188
151_8_600_774,6,3,0.009402,0.01354,0.04213,0.383217,0.031935,0.138133,0.381643
151_8_237_305,3,6,0.008511,0.013133,0.053738,0.31704,0.020111,0.197433,0.390035
151_8_353_475,3,3,0.008546,0.014425,0.01653,0.613968,0.019988,0.26954,0.057004
151_7_890_937,4,2,0.020301,0.046074,0.422333,0.32737,0.074516,0.054436,0.054969
151_7_491_593,3,3,0.014144,0.015459,0.053112,0.612906,0.047594,0.219387,0.037397
151_8_828_865,5,5,0.01433,0.018332,0.050022,0.271381,0.019774,0.54743,0.078731
151_7_315_352,6,3,0.029537,0.103021,0.056014,0.5177,0.042048,0.157261,0.09442
152_8_125_203,6,6,0.012151,0.029092,0.022464,0.124159,0.039037,0.014377,0.75872
152_8_1229_1313,6,1,0.051412,0.393492,0.067107,0.04922,0.198364,0.090985,0.14942
152_8_1023_1208,6,6,0.02114,0.09906,0.075617,0.02455,0.213052,0.09699,0.469591
152_8_1407_1821,3,6,0.029896,0.160522,0.058063,0.184937,0.207228,0.033179,0.326175
152_7_881_1023,6,5,0.024439,0.124756,0.110831,0.017393,0.070499,0.548664,0.103417
152_7_1325_1397,4,1,0.0551,0.36923,0.093658,0.054631,0.242309,0.015365,0.169707
152_7_561_678,4,6,0.018633,0.115308,0.296711,0.059462,0.124518,0.043587,0.34178
152_7_306_402,4,6,0.012499,0.063085,0.147423,0.110508,0.194717,0.045386,0.426382
152_8_422_548,4,6,0.008853,0.07857,0.134039,0.014765,0.212588,0.017862,0.533324
152_7_31_100,6,1,0.131655,0.406498,0.056295,0.059539,0.139883,0.078828,0.127301
152_8_689_842,4,5,0.008662,0.029878,0.043062,0.050284,0.109417,0.415021,0.343675
153_8_86_144,4,2,0.006642,0.036836,0.383601,0.004435,0.295451,0.018401,0.254633
153_7_31_86,6,1,0.109524,0.266136,0.123216,0.02528,0.073763,0.238899,0.163182
153_7_822_976,4,1,0.055524,0.315633,0.195053,0.021901,0.155152,0.16825,0.088488
153_8_702_784,5,3,0.120546,0.088287,0.085156,0.395288,0.031223,0.264004,0.015496
153_7_155_267,6,5,0.011281,0.054975,0.163604,0.034343,0.059083,0.535601,0.141113
153_8_987_1097,4,6,0.057912,0.175403,0.055585,0.05439,0.178137,0.058039,0.420534
153_8_267_496,2,4,0.022099,0.070522,0.18746,0.009999,0.388669,0.042032,0.279218
153_7_617_687,6,6,0.019802,0.067996,0.199214,0.322084,0.029533,0.030569,0.330801
153_8_554_595,6,6,0.02418,0.06802,0.105082,0.03989,0.072526,0.1472,0.543103
153_7_500_548,6,5,0.041352,0.087073,0.152289,0.093616,0.025782,0.316842,0.283046
154_8_89_146,3,3,0.024111,0.01798,0.021779,0.61231,0.021927,0.185815,0.116078
154_8_784_915,4,3,0.024409,0.081191,0.056181,0.531217,0.064825,0.057575,0.184602
154_7_31_82,3,3,0.015228,0.01563,0.0241,0.565695,0.017909,0.225372,0.136066
154_7_930_1023,6,6,0.017362,0.060028,0.068059,0.282976,0.044669,0.222953,0.303953
154_7_637_782,5,5,0.014362,0.053924,0.085308,0.232812,0.152273,0.237534,0.223788
154_8_220_348,4,3,0.054574,0.128794,0.041525,0.476606,0.062492,0.127244,0.108765
154_8_1025_1058,3,3,0.026581,0.082868,0.04818,0.542106,0.041427,0.066683,0.192155
154_7_349_456,6,5,0.057612,0.132296,0.13682,0.155158,0.100712,0.243283,0.174119
154_7_153_220,6,2,0.040721,0.164471,0.229801,0.043885,0.125218,0.210502,0.185402
154_8_462_619,6,3,0.025334,0.045602,0.040388,0.450959,0.07864,0.168341,0.190736
155_7_788_876,3,3,0.027869,0.07375,0.168637,0.496351,0.093884,0.065497,0.074011
155_7_31_76,3,3,0.021379,0.027927,0.105189,0.671741,0.031402,0.06939,0.072972
155_8_883_1029,1,5,0.01057,0.077324,0.128793,0.053475,0.057809,0.390864,0.281165
155_7_323_491,6,6,0.015761,0.067621,0.191584,0.191828,0.085725,0.040199,0.407282
155_7_593_711,6,3,0.025223,0.128273,0.104239,0.397964,0.155011,0.130228,0.059062
155_8_268_304,1,5,0.011454,0.027544,0.070662,0.009846,0.034909,0.54575,0.299836
155_8_134_209,5,5,0.010912,0.057242,0.102401,0.132709,0.063556,0.580726,0.052454
155_8_753_783,1,6,0.004514,0.01809,0.02957,0.034483,0.013411,0.031158,0.868774
155_7_217_250,3,3,0.05375,0.063449,0.031577,0.70618,0.024019,0.095142,0.025882
155_8_510_582,1,6,0.022606,0.142726,0.202875,0.10791,0.095716,0.213883,0.214283
156_7_31_143,5,3,0.009946,0.017997,0.052552,0.417566,0.028097,0.318217,0.155625
156_8_1100_1218,3,3,0.014277,0.015935,0.026759,0.824816,0.02109,0.053269,0.043854
156_7_740_869,5,6,0.032168,0.126406,0.140615,0.17324,0.086517,0.143224,0.29783
156_8_876_988,3,3,0.012057,0.022411,0.018141,0.824667,0.017232,0.032321,0.073171
156_8_155_277,3,3,0.0088,0.008138,0.007303,0.897645,0.01865,0.043087,0.016377
156_7_988_1081,6,6,0.01463,0.073101,0.08857,0.310598,0.02366,0.030604,0.458837
156_8_350_490,3,3,0.037603,0.076323,0.045926,0.441467,0.068152,0.08832,0.242208
156_7_508_656,5,3,0.013911,0.039563,0.078356,0.383681,0.056788,0.270087,0.157614
156_8_657_739,3,3,0.011974,0.018135,0.014802,0.829346,0.020176,0.045741,0.059826
156_7_286_332,5,5,0.009594,0.029225,0.045364,0.043499,0.021369,0.811649,0.039299
157_8_127_255,5,1,0.197011,0.413757,0.062217,0.025545,0.073964,0.120528,0.106977
157_8_1239_1407,1,3,0.025486,0.101596,0.21783,0.24,0.105619,0.104895,0.204575
157_7_1121_1229,6,1,0.084681,0.366486,0.036629,0.204535,0.140694,0.037776,0.129199
157_7_31_122,5,5,0.035329,0.198676,0.104725,0.054124,0.034618,0.292919,0.27961
157_7_762_942,2,3,0.016582,0.09089,0.05265,0.468096,0.066785,0.119227,0.185769
157_7_534_616,6,1,0.118703,0.538002,0.035452,0.076774,0.119157,0.02406,0.087852
157_8_965_1112,1,6,0.065844,0.237264,0.122499,0.185166,0.0582,0.077825,0.253202
157_7_264_370,0,6,0.034115,0.153137,0.106347,0.099777,0.096793,0.119164,0.390668
157_8_633_746,6,6,0.013936,0.055143,0.056165,0.206981,0.073096,0.019585,0.575093
157_8_382_500,0,1,0.210788,0.470731,0.054101,0.017646,0.059347,0.060711,0.126677
158_7_31_131,6,6,0.025211,0.081359,0.095581,0.040185,0.076002,0.237382,0.44428
158_8_1239_1362,2,6,0.018339,0.065238,0.070859,0.054392,0.063391,0.131856,0.595926
158_7_1123_1233,2,2,0.019405,0.189695,0.370539,0.009199,0.230512,0.063971,0.116679
158_7_192_316,6,6,0.013228,0.072175,0.112005,0.026268,0.071457,0.346802,0.358065
158_7_726_949,3,2,0.020333,0.154593,0.377327,0.010246,0.219311,0.103246,0.114944
158_7_464_617,3,3,0.024477,0.120902,0.086497,0.300122,0.150524,0.13083,0.186648
158_8_132_187,6,5,0.012477,0.028651,0.039898,0.020613,0.013789,0.811617,0.072955
158_8_956_1111,6,6,0.016997,0.049894,0.161274,0.013841,0.140104,0.231159,0.38673
158_8_331_445,6,3,0.014143,0.029025,0.035832,0.560955,0.023242,0.158389,0.178414
158_8_630_723,3,6,0.015786,0.086316,0.349567,0.018998,0.132283,0.029581,0.367469
159_8_1169_1295,1,0,0.665315,0.222518,0.019108,0.011045,0.026462,0.042483,0.01307
159_8_124_227,0,5,0.03949,0.03405,0.01504,0.010072,0.027297,0.861406,0.012646
159_7_1077_1162,0,0,0.568542,0.240232,0.029552,0.018892,0.018959,0.106369,0.017454
159_7_805_957,0,1,0.19587,0.378761,0.042349,0.042864,0.041465,0.258686,0.040006
159_7_31_121,0,1,0.29283,0.294041,0.054686,0.059206,0.045492,0.130492,0.123253
159_8_649_796,0,0,0.661625,0.216609,0.007689,0.006137,0.016729,0.074366,0.016844
159_7_230_309,0,1,0.199604,0.367617,0.100129,0.023612,0.041658,0.114091,0.15329
159_8_979_1077,1,0,0.270818,0.216959,0.117523,0.021978,0.06986,0.224617,0.078245
159_8_328_469,0,0,0.697369,0.21707,0.007177,0.008149,0.032536,0.026998,0.010702
159_7_504_641,0,0,0.51485,0.385686,0.021579,0.008999,0.034171,0.023164,0.011552
160_8_31_212,2,5,0.035449,0.042286,0.053354,0.290256,0.093527,0.376885,0.108244
160_8_923_1147,2,1,0.221726,0.261591,0.197202,0.070643,0.080794,0.10915,0.058894
160_8_604_719,2,6,0.025318,0.148278,0.212777,0.05535,0.187205,0.065093,0.305978
160_7_422_447,1,5,0.023117,0.033511,0.019743,0.006121,0.010886,0.880697,0.025925
160_7_557_594,1,5,0.013582,0.037086,0.05006,0.006512,0.015416,0.850693,0.026651
160_8_369_412,2,2,0.076531,0.178708,0.260336,0.009422,0.141843,0.250757,0.082402
160_7_318_362,1,5,0.028859,0.03173,0.01612,0.014837,0.014202,0.850161,0.044091
160_8_507_547,2,6,0.057884,0.08833,0.079216,0.162826,0.057487,0.107682,0.446574
204_12_1265_1332,1,1,0.182869,0.448489,0.048961,0.075855,0.17435,0.026514,0.042963
204_11_1066_1265,0,0,0.665789,0.271711,0.009548,0.010488,0.019875,0.014496,0.008093
204_11_231_309,1,3,0.237379,0.144058,0.085703,0.253964,0.018314,0.104965,0.155616
204_12_1427_1491,1,1,0.081931,0.403795,0.041861,0.075101,0.258304,0.017036,0.121972
204_11_872_981,0,0,0.505691,0.213954,0.03663,0.101363,0.026566,0.073694,0.042104
204_12_197_230,6,5,0.029434,0.054866,0.043177,0.206699,0.034255,0.498823,0.132746
204_11_1333_1423,0,0,0.848409,0.097069,0.005671,0.008623,0.011632,0.024202,0.004394
204_12_559_655,1,0,0.584755,0.352282,0.006718,0.002867,0.015752,0.034559,0.003068
204_12_310_343,2,5,0.028042,0.051699,0.022191,0.014943,0.0163,0.82825,0.038575
204_12_983_1054,1,0,0.447358,0.422208,0.017289,0.020506,0.039563,0.038944,0.014131
204_11_360_558,1,0,0.445434,0.326683,0.059772,0.02952,0.046269,0.056821,0.0355
204_11_31_115,0,3,0.298844,0.161492,0.028942,0.303235,0.067705,0.094654,0.045128
204_11_1496_1600,6,3,0.158264,0.140009,0.068335,0.25761,0.034967,0.110583,0.230231
204_12_798_856,1,0,0.553467,0.367313,0.008081,0.01493,0.030199,0.014673,0.011336
204_11_656_798,1,0,0.577761,0.282332,0.024445,0.016281,0.056678,0.026724,0.015779
206_12_102_161,6,3,0.05434,0.093443,0.053876,0.370561,0.06919,0.186806,0.171785
206_12_1104_1184,2,5,0.006735,0.028178,0.032748,0.018854,0.023514,0.846937,0.043033
206_11_167_269,6,3,0.049154,0.174009,0.032755,0.548477,0.080461,0.030744,0.0844
206_11_807_969,2,1,0.19723,0.241385,0.192275,0.037802,0.130033,0.12083,0.080446
206_12_1303_1415,5,5,0.006934,0.015756,0.027984,0.012982,0.025238,0.87935,0.031756
206_12_582_652,6,5,0.003904,0.037029,0.069871,0.023491,0.021959,0.736707,0.107039
206_12_281_363,6,3,0.010414,0.017061,0.031844,0.763678,0.022042,0.065243,0.089718
206_11_1000_1097,2,1,0.338927,0.339659,0.082195,0.030189,0.07918,0.058888,0.070962
206_11_420_505,5,5,0.014247,0.012653,0.013884,0.064074,0.016278,0.820823,0.05804
206_12_31_54,3,3,0.005228,0.003941,0.012498,0.860767,0.020645,0.014323,0.082598
206_11_1199_1289,2,0,0.429265,0.230724,0.032438,0.015237,0.025539,0.253998,0.0128
206_11_54_102,6,3,0.037089,0.059059,0.054235,0.503394,0.035849,0.135643,0.174731
206_11_706_738,5,5,0.055946,0.053866,0.021486,0.025049,0.018365,0.757409,0.067879
206_12_505_530,6,6,0.021272,0.048041,0.044435,0.348534,0.039575,0.060837,0.437305
206_12_738_790,2,5,0.007143,0.0447,0.064789,0.008899,0.051284,0.774988,0.048198
206_11_540_582,2,5,0.009691,0.012307,0.013094,0.011621,0.007412,0.905828,0.040047
206_12_969_1000,5,5,0.005944,0.019046,0.018991,0.022939,0.01177,0.872398,0.048911
207_11_121_149,5,0,0.549889,0.200834,0.034129,0.029979,0.026194,0.144171,0.014805
207_11_1206_1365,3,3,0.279692,0.106441,0.021334,0.349466,0.056241,0.150729,0.036096
207_12_1065_1206,3,3,0.034005,0.056282,0.030607,0.688946,0.042803,0.069435,0.077923
207_11_242_355,5,3,0.268653,0.19582,0.028061,0.315102,0.027323,0.075172,0.089869
207_11_1449_1551,5,0,0.231079,0.227362,0.051385,0.165417,0.059955,0.132032,0.13277
207_12_855_1015,3,3,0.079924,0.12698,0.095327,0.266308,0.123028,0.230602,0.07783
207_12_173_240,3,6,0.172356,0.164377,0.034743,0.160669,0.041348,0.204755,0.221752
207_11_503_680,3,6,0.097721,0.200956,0.102922,0.19556,0.099492,0.070307,0.233041
207_11_1015_1065,3,3,0.126166,0.250893,0.036576,0.260432,0.037411,0.067986,0.220537
207_12_373_503,3,3,0.07888,0.073556,0.034403,0.490285,0.04731,0.115297,0.160269
207_12_31_72,3,3,0.121325,0.06318,0.053941,0.537561,0.045317,0.081694,0.096982
207_12_680_758,3,3,0.103944,0.095846,0.044565,0.357828,0.093726,0.264581,0.03951
207_12_1365_1449,5,5,0.036041,0.100254,0.044512,0.178063,0.118274,0.268577,0.254277
207_11_766_819,3,6,0.062684,0.163315,0.025928,0.172418,0.060985,0.037949,0.47672
208_12_31_140,0,0,0.283608,0.163251,0.077546,0.146847,0.180277,0.059068,0.089403
208_12_1096_1314,0,0,0.793917,0.138594,0.006593,0.005552,0.025039,0.027972,0.002332
208_11_1623_1849,6,1,0.34812,0.367137,0.037393,0.060035,0.035291,0.063564,0.088461
208_11_140_286,6,1,0.247129,0.357873,0.014657,0.200263,0.068213,0.027272,0.084594
208_11_1440_1532,0,0,0.661527,0.2414,0.014865,0.0107,0.015593,0.02622,0.029695
208_12_848_984,0,0,0.513791,0.313574,0.014104,0.009171,0.125107,0.020033,0.00422
208_11_1327_1405,0,0,0.540117,0.248694,0.020186,0.062509,0.024762,0.06753,0.036202
208_12_499_618,0,0,0.34601,0.299161,0.027758,0.079229,0.13354,0.040321,0.073981
208_12_286_388,0,0,0.52342,0.342731,0.007271,0.01471,0.08362,0.021031,0.007218
208_11_634_833,6,6,0.061325,0.178224,0.043639,0.176975,0.183785,0.043476,0.312575
208_11_997_1085,1,0,0.504145,0.281557,0.04589,0.021046,0.028056,0.053105,0.066202
208_11_388_499,6,1,0.144707,0.394928,0.049661,0.070066,0.159324,0.032911,0.148404
208_12_1532_1619,0,0,0.478942,0.378555,0.024694,0.022387,0.038425,0.022229,0.03477
208_12_1405_1440,5,0,0.36977,0.211735,0.029963,0.013014,0.039266,0.3101,0.026151
210_11_108_158,6,5,0.060134,0.095147,0.036306,0.047417,0.01569,0.592867,0.152439
210_12_1240_1522,1,1,0.070924,0.281771,0.053157,0.177394,0.264711,0.07218,0.079863
210_11_1112_1240,5,3,0.062395,0.163025,0.044889,0.360005,0.040773,0.079903,0.24901
210_12_1645_1732,1,4,0.028972,0.195581,0.127935,0.042047,0.568329,0.01426,0.022875
210_11_250_470,4,1,0.114549,0.387213,0.074286,0.203157,0.093316,0.04979,0.077688
210_12_158_250,6,6,0.007257,0.080587,0.13393,0.180703,0.037794,0.086546,0.473184
210_11_523_672,1,1,0.107376,0.406282,0.163953,0.040534,0.180736,0.027759,0.07336
210_12_1076_1112,3,3,0.012372,0.012617,0.012654,0.788789,0.03049,0.106934,0.036145
210_11_982_1076,5,6,0.018776,0.061643,0.030599,0.360084,0.019409,0.113516,0.395972
210_12_470_523,6,3,0.025766,0.05963,0.048803,0.655652,0.041797,0.017767,0.150585
210_11_31_84,5,3,0.040752,0.039691,0.011448,0.512247,0.047031,0.240631,0.108199
210_11_1522_1645,1,1,0.269135,0.290387,0.037414,0.085826,0.057205,0.164751,0.095282
210_12_672_825,4,6,0.021835,0.093405,0.056652,0.336565,0.071022,0.048255,0.372266
210_12_84_108,3,3,0.018564,0.057933,0.045318,0.491503,0.043389,0.209167,0.134126
211_12_1239_1336,1,1,0.124455,0.331194,0.072725,0.012499,0.202164,0.166458,0.090505
211_12_1657_1815,0,1,0.11647,0.341887,0.055677,0.045198,0.288871,0.052016,0.099881
211_12_232_326,1,3,0.028993,0.133301,0.111641,0.301454,0.1801,0.115931,0.128579
211_12_1449_1554,0,1,0.15736,0.386222,0.04237,0.033345,0.183646,0.14549,0.051566
211_11_767_986,1,3,0.045998,0.064206,0.019912,0.550185,0.093068,0.151582,0.07505
211_11_142_232,1,1,0.203549,0.465379,0.035869,0.041058,0.127026,0.088169,0.038949
211_12_518_594,4,5,0.025397,0.042374,0.054019,0.286558,0.08734,0.380576,0.123735
211_11_1064_1179,1,6,0.048648,0.108479,0.088604,0.283394,0.073135,0.03724,0.3605
211_12_1033_1064,1,5,0.037271,0.08503,0.136627,0.023959,0.112311,0.459203,0.1456
211_11_381_483,1,1,0.12138,0.287282,0.063787,0.123404,0.058913,0.196771,0.148464
211_12_31_59,6,6,0.016719,0.066806,0.104222,0.031201,0.100423,0.277824,0.402805
211_11_1865_1932,1,4,0.157574,0.232337,0.063035,0.072898,0.314854,0.056484,0.102819
211_11_647_718,1,6,0.038231,0.098109,0.038285,0.215522,0.042225,0.038043,0.529585
211_11_1554_1623,1,1,0.102404,0.370632,0.042202,0.072967,0.308282,0.06308,0.040433
211_11_1372_1410,1,1,0.063588,0.467583,0.048165,0.040314,0.276193,0.024557,0.0796
211_12_753_767,1,6,0.014655,0.094692,0.138074,0.081519,0.232961,0.091732,0.346367
212_11_102_139,5,5,0.030906,0.044946,0.031813,0.070378,0.025886,0.669177,0.126894
212_12_1190_1315,1,1,0.143163,0.245932,0.057623,0.090989,0.141096,0.173764,0.147433
212_11_1101_1190,1,1,0.068017,0.303297,0.103436,0.172815,0.200679,0.022266,0.129491
212_11_233_343,1,1,0.138319,0.589095,0.040279,0.080655,0.069416,0.036954,0.045282
212_12_1380_1471,1,3,0.164623,0.280215,0.024069,0.319664,0.110523,0.02662,0.074286
212_11_870_1038,0,0,0.515934,0.36395,0.024075,0.023865,0.034161,0.02843,0.009583
212_12_139_233,1,1,0.210295,0.411932,0.05569,0.021424,0.181988,0.053528,0.065143
212_11_1315_1380,4,0,0.438024,0.325229,0.046187,0.033181,0.036173,0.087031,0.034175
212_11_447_618,1,1,0.339795,0.509824,0.020263,0.037305,0.035541,0.041133,0.01614
212_12_618_661,1,5,0.241487,0.26118,0.02345,0.051015,0.026192,0.364808,0.031869
212_12_31_102,4,4,0.033198,0.09787,0.174021,0.066007,0.453148,0.05638,0.119376
212_12_343_447,0,4,0.083318,0.210655,0.090228,0.079513,0.326834,0.062662,0.14679
212_12_750_870,1,1,0.079187,0.28909,0.045589,0.240309,0.161711,0.045672,0.138442
212_11_661_750,1,1,0.030791,0.214711,0.090439,0.172065,0.100307,0.187635,0.204052
212_12_1038_1101,4,1,0.105103,0.425552,0.040696,0.069896,0.2206,0.030422,0.107731
213_11_1143_1303,5,1,0.27808,0.400546,0.032525,0.034314,0.126303,0.07379,0.054441
213_11_209_312,2,1,0.060897,0.42182,0.188623,0.023899,0.09877,0.046745,0.159245
213_12_824_1016,5,5,0.056864,0.044034,0.053636,0.018886,0.030019,0.782266,0.014295
213_12_1303_1432,3,4,0.017088,0.037763,0.03836,0.328972,0.475049,0.055346,0.047423
213_12_591_623,5,5,0.018587,0.032781,0.036639,0.007726,0.014307,0.865859,0.024099
213_12_1049_1110,3,5,0.020216,0.049678,0.030349,0.189778,0.201317,0.495735,0.012928
213_11_329_591,5,1,0.139535,0.24272,0.123894,0.03671,0.125905,0.116177,0.215058
213_11_623_824,5,5,0.070482,0.150749,0.121491,0.09304,0.078133,0.245054,0.24105
213_11_1016_1049,5,3,0.081221,0.123517,0.030575,0.384427,0.036556,0.106631,0.237072
213_12_31_74,6,5,0.015046,0.042573,0.065337,0.030425,0.052563,0.60708,0.186976
213_11_129_145,2,6,0.124058,0.204235,0.090903,0.134823,0.060181,0.042617,0.343183
213_12_312_329,6,6,0.010419,0.056872,0.036873,0.093932,0.060305,0.053973,0.687626
213_12_145_172,6,5,0.006346,0.01747,0.053818,0.009291,0.015057,0.816109,0.081909
214_11_31_133,1,3,0.238223,0.132036,0.048593,0.258032,0.07568,0.160338,0.087098
214_12_1274_1340,1,1,0.046403,0.458919,0.057749,0.044805,0.270163,0.017045,0.104916
214_11_1139_1274,1,0,0.582118,0.256447,0.019128,0.009771,0.021491,0.102393,0.008654
214_12_1645_1745,1,1,0.053284,0.314845,0.141629,0.160605,0.087091,0.187294,0.055253
214_11_211_341,1,6,0.026656,0.146925,0.117673,0.193431,0.110839,0.01842,0.386056
214_11_1745_1830,0,0,0.60806,0.296506,0.021645,0.013547,0.014475,0.036785,0.008981
214_11_1340_1645,0,1,0.194975,0.247569,0.051655,0.111886,0.132017,0.129036,0.132861
214_11_938_1082,1,1,0.192942,0.576996,0.026307,0.060498,0.066857,0.031491,0.04491
214_12_133_211,1,3,0.023815,0.066027,0.071216,0.506335,0.039969,0.184189,0.108449
214_12_504_685,3,3,0.0153,0.06066,0.08291,0.552559,0.027154,0.109066,0.152352
214_12_1082_1139,5,1,0.032348,0.352869,0.066253,0.0393,0.181388,0.23026,0.097581
214_11_450_504,1,1,0.072576,0.379651,0.031173,0.167147,0.120328,0.019888,0.209236
214_12_341_450,1,6,0.033138,0.220334,0.068349,0.162539,0.127414,0.037579,0.350648
214_12_748_893,3,3,0.016898,0.067896,0.044736,0.534433,0.029842,0.049999,0.256196
214_11_685_748,5,5,0.015174,0.031844,0.035062,0.055073,0.021188,0.752865,0.088795
216_11_31_187,5,3,0.177152,0.132063,0.039241,0.387456,0.034236,0.213775,0.016077
216_12_1220_1316,6,4,0.015984,0.102087,0.108131,0.090032,0.424732,0.124745,0.134288
216_11_1904_2096,6,1,0.16666,0.415382,0.113148,0.059778,0.055089,0.092803,0.097139
216_11_1531_1726,0,1,0.263552,0.599864,0.025323,0.028562,0.053699,0.013145,0.015855
216_12_253_297,5,5,0.04313,0.027473,0.019506,0.020225,0.029972,0.836968,0.022726
216_12_1726_1845,6,4,0.071634,0.243349,0.095958,0.070691,0.34597,0.113652,0.058746
216_12_890_976,4,4,0.008254,0.025473,0.059146,0.016357,0.875623,0.007494,0.007653
216_11_1316_1454,1,0,0.343228,0.285636,0.022981,0.204877,0.06425,0.027859,0.05117
216_12_538_783,5,4,0.101673,0.178458,0.049954,0.011652,0.350146,0.272983,0.035135
216_11_297_364,1,1,0.097527,0.326999,0.094986,0.263902,0.072207,0.082332,0.062046
216_11_976_1072,6,1,0.198659,0.538862,0.044503,0.056249,0.040597,0.017637,0.103494
216_11_394_538,1,1,0.127272,0.510817,0.088049,0.083957,0.08176,0.08274,0.025406
216_12_1485_1531,4,4,0.018011,0.072602,0.073685,0.040561,0.753644,0.018095,0.023402
216_11_783_890,1,1,0.15641,0.509958,0.060086,0.136961,0.055982,0.03723,0.043373
216_12_364_394,5,1,0.208628,0.231448,0.092559,0.032226,0.062393,0.219493,0.153254
217_12_127_214,5,5,0.004296,0.019511,0.040757,0.013677,0.012816,0.852169,0.056776
217_12_1281_1353,5,5,0.257943,0.178804,0.034105,0.124879,0.033027,0.330388,0.040854
217_11_1084_1240,6,2,0.025121,0.262168,0.338888,0.06753,0.151867,0.046762,0.107665
217_12_1673_1755,3,6,0.035486,0.181872,0.084035,0.242278,0.155582,0.047654,0.253092
217_11_214_275,3,2,0.023355,0.131307,0.345661,0.097176,0.079754,0.124914,0.197833
217_11_1353_1480,6,1,0.06177,0.569121,0.058362,0.069281,0.139681,0.024552,0.077234
217_11_83_127,3,1,0.092573,0.308983,0.069874,0.149648,0.106343,0.058849,0.213731
217_11_923_1008,6,1,0.055525,0.310625,0.108843,0.098411,0.090648,0.067847,0.268101
217_12_580_675,3,3,0.036404,0.107407,0.080211,0.528798,0.055806,0.127576,0.063799
217_12_320_376,5,5,0.008706,0.011866,0.018897,0.069752,0.012269,0.871248,0.007262
217_12_1008_1047,5,5,0.009418,0.03024,0.043557,0.01769,0.015277,0.810571,0.073246
217_11_376_580,3,3,0.038725,0.119341,0.140354,0.24451,0.094851,0.209669,0.15255
217_12_31_83,5,5,0.021273,0.048292,0.073035,0.024749,0.038895,0.674277,0.119478
217_12_1524_1582,5,3,0.023935,0.020698,0.008822,0.815483,0.054928,0.051971,0.024162
217_12_724_923,3,3,0.023543,0.054656,0.026647,0.672295,0.047638,0.132849,0.042371
217_11_675_724,5,5,0.097597,0.136268,0.067851,0.140752,0.05971,0.279825,0.217997
217_11_1582_1673,6,1,0.192488,0.656727,0.030309,0.013006,0.076369,0.007769,0.023332
218_11_98_158,5,1,0.118277,0.253748,0.094024,0.077204,0.085258,0.14856,0.22293
218_11_1284_1351,3,3,0.03113,0.04395,0.008534,0.743892,0.052697,0.085122,0.034677
218_12_1151_1284,3,3,0.009198,0.022804,0.042699,0.705643,0.013873,0.030799,0.174985
218_11_202_314,1,1,0.059083,0.368386,0.183523,0.059728,0.122536,0.088849,0.117896
218_11_1435_1469,3,6,0.015256,0.053134,0.048244,0.333866,0.07321,0.030694,0.445597
218_12_905_958,3,3,0.019357,0.078337,0.059255,0.714348,0.028255,0.024732,0.075715
218_11_573_752,6,5,0.012217,0.018805,0.0296,0.279922,0.047654,0.42356,0.188243
218_11_1080_1151,6,3,0.035582,0.079571,0.054658,0.452309,0.103133,0.110048,0.164699
218_12_158_202,4,5,0.081435,0.267679,0.054559,0.065408,0.152344,0.293592,0.084983
218_12_314_427,2,4,0.018368,0.267417,0.165984,0.064078,0.317502,0.039397,0.127255
218_12_1034_1080,3,3,0.009778,0.011317,0.025335,0.706767,0.021994,0.087776,0.137034
218_11_427_506,6,3,0.065928,0.143373,0.114218,0.256425,0.139856,0.116372,0.163828
218_12_31_54,3,5,0.006171,0.013317,0.025951,0.0259,0.021303,0.812185,0.095174
218_12_752_835,3,3,0.03325,0.095175,0.07651,0.598007,0.065317,0.091039,0.040701
218_12_1351_1435,3,3,0.010488,0.032133,0.015737,0.860775,0.01372,0.016767,0.05038
218_12_506_573,6,6,0.013354,0.111523,0.209608,0.100092,0.089414,0.218906,0.257103
218_11_835_905,5,5,0.018237,0.014101,0.011185,0.084245,0.01519,0.827774,0.029268
218_11_958_1034,3,3,0.01492,0.042493,0.011137,0.642975,0.022022,0.014418,0.252035
220_11_121_177,5,0,0.668939,0.086911,0.021519,0.026569,0.015514,0.171282,0.009267
220_11_1186_1300,4,0,0.556568,0.24248,0.026414,0.052435,0.040577,0.066266,0.015259
220_12_1673_1730,3,3,0.004912,0.004386,0.007128,0.890776,0.005098,0.006722,0.080978
220_12_210_263,3,6,0.029669,0.038001,0.046548,0.193851,0.04008,0.183186,0.468665
220_12_1793_1811,3,3,0.054833,0.046481,0.039032,0.417118,0.028133,0.209862,0.204541
220_11_1436_1673,3,3,0.086347,0.122261,0.035459,0.431247,0.098005,0.031144,0.195537
220_12_926_1026,3,3,0.017462,0.059874,0.042688,0.565464,0.032087,0.042691,0.239734
220_12_1332_1373,3,1,0.060364,0.24133,0.058445,0.185044,0.215274,0.063442,0.176101
220_11_440_605,3,0,0.560639,0.115547,0.039493,0.05661,0.074928,0.137809,0.014973
220_12_1077_1176,3,3,0.020368,0.049876,0.024797,0.439213,0.091449,0.021334,0.352963
220_11_1734_1793,3,3,0.055481,0.067279,0.035992,0.412369,0.027041,0.036055,0.365783
220_11_282_363,5,3,0.153967,0.059824,0.073423,0.30305,0.045011,0.12188,0.242844
220_12_605_670,5,5,0.009036,0.019747,0.030763,0.023602,0.017917,0.825906,0.07303
220_12_31_61,3,3,0.048718,0.041814,0.046035,0.553177,0.05277,0.089387,0.168098
220_11_675_926,3,5,0.328676,0.116119,0.041544,0.099007,0.053803,0.335463,0.025388
220_12_375_430,3,3,0.027808,0.059931,0.042393,0.40563,0.065526,0.149507,0.249206
221_12_78_143,2,2,0.007435,0.037511,0.545724,0.004286,0.366912,0.00679,0.031342
221_11_1208_1344,1,1,0.129014,0.27843,0.056617,0.216869,0.055413,0.047813,0.215845
221_12_1149_1208,4,4,0.017798,0.099895,0.23845,0.026476,0.485627,0.016962,0.114791
221_11_143_302,0,0,0.578784,0.267682,0.022573,0.018048,0.025177,0.061065,0.026671
221_12_915_961,4,6,0.014983,0.06169,0.238012,0.280965,0.09742,0.025263,0.281666
221_12_1344_1407,4,6,0.012014,0.06736,0.096396,0.259997,0.089583,0.029999,0.444652
221_12_561_621,2,2,0.039041,0.124645,0.321823,0.117496,0.311163,0.056785,0.029047
221_12_302_459,2,2,0.020396,0.086354,0.531294,0.029782,0.213643,0.011992,0.106539
221_11_621_662,1,1,0.239738,0.270701,0.056605,0.098494,0.042888,0.165305,0.126268
221_11_1001_1092,1,1,0.310048,0.496915,0.035537,0.035659,0.048058,0.033025,0.040759
221_11_459_561,0,1,0.329475,0.48164,0.032581,0.026227,0.038735,0.060575,0.030767
221_11_31_78,0,5,0.168846,0.076679,0.058717,0.076837,0.025239,0.40077,0.192912
221_11_686_825,1,5,0.043026,0.030771,0.009101,0.342201,0.020147,0.503867,0.050889
221_12_666_686,4,6,0.01701,0.062565,0.095178,0.350438,0.068199,0.045878,0.360732
221_11_867_915,1,5,0.084083,0.071337,0.032615,0.059454,0.025341,0.655135,0.072036
221_12_825_867,4,3,0.041796,0.146115,0.117344,0.270683,0.088425,0.15537,0.180268
223_12_101_169,3,3,0.003472,0.002272,0.004326,0.945057,0.011037,0.007386,0.026451
223_12_1067_1374,3,6,0.01599,0.071695,0.081505,0.180359,0.059333,0.049864,0.541255
223_11_186_268,3,4,0.0521,0.198398,0.060767,0.053824,0.485151,0.060189,0.089572
223_12_833_1002,3,3,0.013644,0.039069,0.040501,0.487498,0.03408,0.029873,0.355335
223_11_565_677,5,1,0.094244,0.227458,0.095774,0.103795,0.058068,0.217152,0.20351
223_12_268_376,4,6,0.013617,0.075851,0.089508,0.186179,0.106348,0.075283,0.453215
223_11_1002_1067,5,5,0.026037,0.084448,0.107172,0.143355,0.080993,0.312443,0.245552
223_12_429_565,3,6,0.009228,0.054396,0.02928,0.331602,0.033238,0.022722,0.519533
223_11_31_101,3,5,0.014829,0.033401,0.067441,0.178806,0.017314,0.572378,0.115829
223_11_791_833,5,5,0.016165,0.035226,0.028694,0.046536,0.026844,0.769114,0.077421
223_12_686_788,3,3,0.007461,0.02335,0.021908,0.632663,0.015198,0.013782,0.285637
223_11_382_429,5,1,0.237348,0.441719,0.046597,0.048906,0.050152,0.07351,0.101768
223_11_1393_1427,3,3,0.013737,0.060381,0.080443,0.374214,0.135596,0.11569,0.21994
223_12_1427_1459,3,3,0.016345,0.101708,0.169934,0.279457,0.09845,0.152703,0.181403
224_12_1147_1206,1,5,0.066719,0.178935,0.105506,0.115143,0.08996,0.280475,0.163262
224_11_207_346,3,3,0.052109,0.144951,0.014899,0.4852,0.15627,0.034187,0.112384
224_12_870_975,1,6,0.029867,0.120941,0.22337,0.042941,0.112524,0.088373,0.381985
224_12_1332_1411,4,6,0.013483,0.082674,0.122838,0.243659,0.191932,0.017279,0.328135
224_12_585_679,4,6,0.062159,0.184088,0.059338,0.152566,0.190318,0.157777,0.193755
224_11_1107_1146,0,5,0.102016,0.190379,0.106691,0.063281,0.061689,0.332269,0.143674
224_12_1034_1080,4,6,0.057159,0.134951,0.191952,0.162177,0.150354,0.065246,0.238161
224_12_382_509,4,1,0.085615,0.284369,0.167537,0.037962,0.197788,0.053288,0.173441
224_12_31_75,4,3,0.022951,0.043643,0.066539,0.393221,0.044069,0.145619,0.283959
224_11_1241_1277,0,2,0.033728,0.155942,0.344017,0.043329,0.14102,0.11465,0.167313
224_11_822_869,0,5,0.119937,0.082273,0.046208,0.039459,0.026688,0.621932,0.063503
224_11_709_764,0,1,0.22908,0.32393,0.058612,0.17151,0.053075,0.078777,0.085016
224_11_520_561,0,5,0.030175,0.040524,0.026861,0.020869,0.017102,0.804459,0.06001
224_12_765_821,0,4,0.072417,0.196575,0.134966,0.076514,0.208233,0.147592,0.163702
224_11_982_1033,0,5,0.083403,0.073977,0.058344,0.036403,0.028499,0.6196,0.099775
225_11_1267_1345,3,2,0.064189,0.266513,0.345394,0.059343,0.186312,0.02602,0.05223
225_12_910_1260,3,3,0.018544,0.020833,0.124181,0.647258,0.065903,0.041157,0.082125
225_12_1372_1776,3,3,0.009777,0.014959,0.022458,0.861372,0.029205,0.038506,0.023725
225_11_1788_1948,5,3,0.025844,0.053521,0.103204,0.592946,0.089272,0.115075,0.020138
225_12_140_215,3,3,0.029993,0.097493,0.156342,0.36526,0.109677,0.129876,0.111359
225_12_546_613,3,5,0.023064,0.077104,0.078358,0.24107,0.073989,0.323474,0.18294
225_12_280_470,3,3,0.008281,0.014972,0.043288,0.736475,0.030149,0.021679,0.145156
225_11_613_692,5,3,0.014745,0.044791,0.049716,0.41484,0.060573,0.030108,0.385228
225_12_31_87,3,3,0.017618,0.015725,0.144856,0.368595,0.139944,0.107484,0.205778
225_12_702_863,3,3,0.007508,0.018836,0.061714,0.671465,0.029625,0.023577,0.187275
225_11_494_546,5,5,0.006019,0.025293,0.032991,0.023362,0.007606,0.827499,0.077229
225_11_863_910,6,3,0.021051,0.10672,0.150773,0.217375,0.153899,0.147296,0.202885
225_11_219_246,1,3,0.023128,0.102805,0.100136,0.276994,0.059872,0.180761,0.256305
226_11_90_194,3,3,0.009952,0.015925,0.026367,0.465038,0.029513,0.168521,0.284684
226_12_1238_1408,3,3,0.012468,0.021588,0.03914,0.719921,0.031329,0.021363,0.15419
226_11_1151_1238,3,3,0.010875,0.029466,0.025497,0.701319,0.168281,0.022254,0.042308
226_12_223_291,6,6,0.015984,0.051226,0.148272,0.215567,0.130683,0.09868,0.339589
226_12_1452_1508,6,3,0.023914,0.047929,0.025401,0.569709,0.227866,0.018956,0.086226
226_11_749_1044,6,4,0.020378,0.067186,0.289189,0.161475,0.31266,0.030049,0.119064
226_11_580_651,6,1,0.087972,0.321426,0.092125,0.177179,0.130063,0.17581,0.015425
226_12_1044_1136,4,3,0.010058,0.028133,0.114797,0.556497,0.114569,0.016523,0.159423
226_11_339_497,4,4,0.026875,0.200459,0.237682,0.075746,0.368945,0.046506,0.043787
226_12_31_90,3,3,0.003701,0.004475,0.00966,0.604742,0.014486,0.292535,0.070401
226_11_1508_1628,3,3,0.013689,0.0229,0.034996,0.729275,0.103308,0.025354,0.070478
226_12_651_722,2,2,0.011979,0.080103,0.300678,0.052123,0.241135,0.158083,0.155898
226_11_1408_1452,5,1,0.135724,0.482942,0.05183,0.057155,0.129428,0.065537,0.077383
226_12_497_569,4,4,0.005143,0.04077,0.324573,0.005322,0.369426,0.236998,0.01777
227_11_122_166,0,1,0.324606,0.409612,0.053822,0.021703,0.030889,0.10274,0.056627
227_11_1253_1298,3,6,0.036267,0.131587,0.068471,0.16747,0.108128,0.118433,0.369643
227_12_1159_1209,6,3,0.010012,0.023748,0.035329,0.609393,0.018768,0.02471,0.27804
227_12_185_276,5,3,0.020281,0.052591,0.102002,0.313011,0.144783,0.281616,0.085715
227_11_940_1006,5,6,0.02483,0.123741,0.078844,0.260541,0.108762,0.045292,0.357989
227_12_545_689,6,6,0.023356,0.074965,0.129574,0.256244,0.100551,0.030049,0.385262
227_11_1134_1159,3,1,0.049164,0.290723,0.112078,0.236972,0.137006,0.033091,0.140966
227_12_1006_1129,6,3,0.009926,0.014075,0.015048,0.72297,0.02385,0.013273,0.200858
227_11_299_511,0,0,0.670299,0.241247,0.015017,0.011283,0.016347,0.037575,0.008233
227_12_1298_1350,6,3,0.018306,0.036006,0.057706,0.606345,0.039267,0.021455,0.220915
227_12_31_61,5,6,0.031323,0.061847,0.078509,0.089704,0.089802,0.235923,0.412893
227_12_807_928,6,3,0.044668,0.100457,0.105228,0.41493,0.088152,0.055439,0.191127
227_11_724_804,5,5,0.040398,0.180457,0.160023,0.054069,0.115916,0.344531,0.104606
228_12_31_150,5,5,0.034094,0.050234,0.080283,0.05542,0.067627,0.646178,0.066164
228_11_1255_1300,1,5,0.035437,0.093297,0.058913,0.026136,0.046512,0.591911,0.147793
228_12_1126_1255,1,1,0.265698,0.507847,0.02682,0.012683,0.049294,0.120564,0.017094
228_12_187_289,2,2,0.030221,0.050543,0.346783,0.077538,0.055359,0.329789,0.109768
228_11_1367_1528,1,1,0.171803,0.477344,0.042026,0.153233,0.063592,0.03445,0.057551
228_11_876_945,0,1,0.357893,0.424113,0.021361,0.029829,0.041023,0.104065,0.021716
228_12_945_987,5,5,0.087573,0.22765,0.092636,0.070627,0.082609,0.384551,0.054354
228_11_559_609,1,5,0.030265,0.072442,0.054878,0.00957,0.018814,0.791581,0.02245
228_11_150_187,6,5,0.067089,0.084242,0.042046,0.010741,0.019963,0.744595,0.031324
228_11_1071_1126,1,5,0.084892,0.161397,0.072542,0.027823,0.04896,0.524637,0.079749
228_11_289_367,6,5,0.051695,0.154207,0.078908,0.015778,0.037716,0.637819,0.023877
228_12_1300_1343,1,6,0.022224,0.153534,0.07763,0.081783,0.088915,0.18525,0.390664
228_12_367_454,5,5,0.015772,0.020263,0.028091,0.10736,0.025403,0.738295,0.064816
228_11_767_843,1,5,0.045364,0.113148,0.060191,0.039904,0.030768,0.668019,0.042606
228_12_645_713,1,3,0.018067,0.044857,0.081084,0.398524,0.031675,0.377434,0.048358
228_12_510_559,5,5,0.003732,0.016164,0.061728,0.029555,0.026193,0.840692,0.021937
228_11_480_506,6,5,0.014132,0.029505,0.054974,0.029515,0.01955,0.803498,0.048826
228_12_843_876,5,5,0.00431,0.015489,0.024958,0.052176,0.019749,0.810712,0.072607
229_12_78_171,4,2,0.030337,0.086007,0.388452,0.131103,0.200725,0.024634,0.13874
229_11_1205_1345,6,5,0.075672,0.121978,0.0637,0.142283,0.048131,0.333826,0.21441
229_12_1624_1748,3,6,0.013223,0.037884,0.048671,0.334225,0.063138,0.051607,0.451252
229_11_171_327,0,6,0.063171,0.203416,0.154351,0.092691,0.100285,0.100574,0.285512
229_11_1419_1468,3,5,0.02552,0.050108,0.04744,0.315529,0.018612,0.392323,0.150468
229_12_889_939,3,3,0.013079,0.01337,0.035401,0.856974,0.025427,0.024672,0.031077
229_11_588_720,1,6,0.062502,0.184104,0.132625,0.085804,0.137708,0.144509,0.252748
229_12_1124_1170,3,3,0.009811,0.012402,0.029668,0.76862,0.026904,0.032999,0.119597
229_11_955_1124,3,6,0.044359,0.124183,0.069282,0.245093,0.052011,0.027912,0.437159
229_12_327_396,4,4,0.042824,0.162642,0.299285,0.067222,0.334465,0.044837,0.048725
229_11_396_534,1,1,0.086397,0.35492,0.206175,0.056631,0.107471,0.028485,0.15992
229_11_31_78,0,1,0.168045,0.28389,0.216897,0.049961,0.123957,0.024492,0.132759
229_12_1468_1549,3,3,0.018244,0.053652,0.042058,0.599928,0.043638,0.028056,0.214424
229_11_819_889,3,1,0.113093,0.318115,0.016374,0.311235,0.083712,0.02893,0.12854
229_11_1575_1620,5,5,0.050698,0.080463,0.049511,0.078772,0.028914,0.550713,0.160929
229_12_1392_1419,3,3,0.019831,0.037652,0.021606,0.676313,0.032875,0.074611,0.137111
229_11_1850_1878,1,6,0.062708,0.139599,0.08617,0.270055,0.059686,0.04086,0.340922
229_12_762_819,3,3,0.020221,0.041297,0.059644,0.737771,0.030886,0.035377,0.074803
229_12_534_588,4,3,0.015554,0.050928,0.096678,0.600375,0.037782,0.017888,0.180795
230_12_123_222,6,6,0.029566,0.121026,0.139869,0.056394,0.106601,0.128678,0.417865
230_12_1291_1380,2,6,0.02508,0.0964,0.092832,0.286875,0.071615,0.120068,0.307131
230_12_862_1190,1,3,0.009431,0.036117,0.061148,0.502567,0.11413,0.057134,0.219474
230_12_1650_1721,4,3,0.009037,0.03003,0.07332,0.405268,0.02626,0.093394,0.362693
230_11_222_315,5,6,0.006924,0.017271,0.01979,0.389123,0.018749,0.07453,0.473613
230_11_1721_1879,3,3,0.090891,0.13445,0.009554,0.480015,0.05029,0.155026,0.079773
230_11_1380_1650,1,1,0.030815,0.300984,0.124103,0.110479,0.128596,0.036535,0.268487
230_11_31_123,6,3,0.034045,0.051038,0.043766,0.294987,0.029047,0.294251,0.252864
230_11_501_764,1,1,0.13117,0.325804,0.030359,0.124582,0.068631,0.138375,0.181078
230_12_315_404,3,6,0.00812,0.045675,0.044158,0.268484,0.069478,0.052371,0.511714
230_12_457_501,3,6,0.017257,0.062522,0.068176,0.204299,0.067376,0.044622,0.535749
230_11_404_457,5,5,0.011949,0.025457,0.022053,0.065424,0.013237,0.704211,0.157669
230_11_1190_1291,4,5,0.011196,0.014771,0.014295,0.050339,0.012956,0.852562,0.043881
230_11_815_862,1,5,0.033342,0.053973,0.020754,0.023824,0.0222,0.796058,0.049849
230_12_1879_1969,1,3,0.005572,0.020511,0.029588,0.456758,0.015831,0.017609,0.454131
230_12_764_815,1,5,0.025107,0.114526,0.174226,0.054093,0.080072,0.447159,0.104817
230_11_1969_2031,3,3,0.02639,0.053833,0.036048,0.413775,0.040136,0.044341,0.385477
231_11_31_171,3,6,0.026155,0.059756,0.044959,0.318963,0.042178,0.165441,0.342548
231_12_1130_1187,3,3,0.004135,0.002643,0.004781,0.933664,0.006456,0.014027,0.034294
231_11_1784_1879,3,3,0.021766,0.053205,0.027954,0.683957,0.026003,0.018438,0.168677
231_11_862_982,5,1,0.159901,0.208697,0.108509,0.069127,0.180513,0.182102,0.091151
231_12_171_216,3,3,0.020595,0.028009,0.036786,0.514077,0.0342,0.180841,0.185492
231_11_534_716,3,6,0.078755,0.25072,0.092315,0.156694,0.107674,0.032038,0.281804
231_11_1034_1130,5,6,0.017404,0.05005,0.047788,0.245838,0.054856,0.18654,0.397524
231_12_1702_1784,3,3,0.007498,0.006515,0.012604,0.873579,0.020404,0.034456,0.044944
231_12_1487_1530,6,3,0.0133,0.037297,0.045305,0.62361,0.03826,0.023598,0.218629
231_12_1879_1938,3,3,0.021284,0.039391,0.063723,0.580943,0.040874,0.037497,0.216287
231_12_716_760,2,6,0.021527,0.102189,0.138755,0.195264,0.106009,0.177666,0.258591
231_12_374_433,2,5,0.011312,0.019286,0.046554,0.082668,0.044919,0.762836,0.032425
231_12_982_1034,3,3,0.009331,0.012252,0.013404,0.873628,0.022137,0.017432,0.051817
232_12_82_145,3,6,0.008746,0.032766,0.028739,0.283317,0.024281,0.286595,0.335554
232_11_1167_1331,1,1,0.160848,0.4197,0.019366,0.158194,0.141823,0.04263,0.057438
232_11_1601_1741,0,3,0.053885,0.073757,0.054724,0.403181,0.044625,0.079056,0.290772
232_11_145_274,5,5,0.071849,0.107645,0.061414,0.202242,0.05464,0.3562,0.14601
232_12_1741_1832,1,6,0.020844,0.14852,0.160747,0.137744,0.19365,0.03319,0.305306
232_12_1331_1566,1,2,0.010107,0.159719,0.469576,0.018816,0.180721,0.051939,0.109122
232_11_929_994,0,3,0.027021,0.034067,0.028154,0.455852,0.020059,0.067668,0.367179
232_11_533_604,5,5,0.056121,0.04899,0.037736,0.042929,0.020215,0.745485,0.048523
232_12_1031_1167,1,2,0.010244,0.149745,0.598169,0.00947,0.09466,0.034081,0.103631
232_12_274_342,1,3,0.013774,0.040445,0.04075,0.462366,0.022316,0.201782,0.218567
232_12_392_533,1,6,0.007525,0.02791,0.034025,0.367969,0.022127,0.020794,0.519651
232_11_31_82,5,5,0.015245,0.031783,0.034344,0.035272,0.01413,0.803518,0.06571
232_12_790_891,1,3,0.013995,0.067576,0.063885,0.47526,0.034559,0.055532,0.289193
232_11_715_790,5,5,0.008232,0.02304,0.028317,0.024221,0.014101,0.845517,0.056571
232_11_342_392,5,5,0.021547,0.029071,0.018531,0.026302,0.016528,0.846287,0.041735
232_12_604_637,3,3,0.018147,0.051718,0.083785,0.453809,0.056108,0.037835,0.298598
233_11_112_170,5,5,0.067927,0.061363,0.050409,0.031128,0.028582,0.732394,0.028198
233_12_1160_1211,2,1,0.197324,0.589754,0.026363,0.00445,0.142055,0.038276,0.001777
233_12_787_863,1,0,0.359593,0.321308,0.078434,0.004139,0.077952,0.152755,0.005819
233_12_31_98,5,3,0.246814,0.08206,0.062102,0.280111,0.121569,0.172192,0.035152
233_12_946_1024,1,0,0.526562,0.393343,0.020349,0.001986,0.041894,0.010037,0.005829
233_12_700_753,5,5,0.201655,0.151463,0.069454,0.004208,0.032342,0.533042,0.007834
233_11_223_258,5,5,0.077328,0.125382,0.050122,0.0433,0.032175,0.601598,0.070095
233_11_1024_1125,0,0,0.270315,0.252121,0.097331,0.06761,0.058346,0.161038,0.093239
233_11_345_453,0,0,0.515941,0.212318,0.040533,0.024744,0.040748,0.149312,0.016403
233_11_645_700,0,3,0.124621,0.121371,0.04921,0.477343,0.027304,0.132067,0.068084
233_11_863_946,0,0,0.617085,0.132127,0.016275,0.019261,0.020776,0.184976,0.0095
233_12_170_223,2,0,0.61814,0.238282,0.031348,0.017605,0.04719,0.036815,0.01062
233_12_591_645,5,5,0.226724,0.149018,0.07581,0.004061,0.031485,0.502614,0.010288
233_12_463_522,1,0,0.429056,0.382517,0.049778,0.007039,0.069041,0.038481,0.024089
233_11_753_787,0,0,0.333842,0.222011,0.032419,0.182391,0.059567,0.084283,0.085487
233_12_307_345,2,0,0.534463,0.271484,0.037281,0.012913,0.056907,0.056704,0.030248
233_11_563_591,0,1,0.082522,0.345484,0.054898,0.306799,0.067217,0.012292,0.130789
236_11_31_215,6,6,0.015365,0.038691,0.044731,0.340562,0.037253,0.021747,0.501652
236_11_1274_1344,6,6,0.064358,0.135656,0.114499,0.154038,0.096848,0.096963,0.337637
236_11_964_1191,0,0,0.583163,0.213103,0.056149,0.041816,0.032775,0.039714,0.03328
236_11_1511_1911,6,6,0.075691,0.185732,0.049405,0.171887,0.048382,0.046635,0.422269
236_12_244_303,2,2,0.014473,0.0675,0.300606,0.085429,0.042853,0.237447,0.251692
236_11_1377_1478,6,6,0.024484,0.162283,0.062723,0.255061,0.046597,0.035444,0.413408
236_12_821_964,4,1,0.028654,0.364957,0.173318,0.062275,0.215514,0.017752,0.137531
236_12_1344_1377,4,6,0.02223,0.11153,0.097948,0.171726,0.100522,0.041189,0.454856
236_12_584_650,2,6,0.02409,0.174638,0.224385,0.038158,0.256415,0.019856,0.262459
236_12_328_390,2,2,0.040617,0.193379,0.234685,0.155838,0.159566,0.145456,0.070459
236_11_430_479,5,5,0.060322,0.135385,0.073018,0.032939,0.046035,0.576852,0.07545
236_12_1191_1274,4,2,0.0109,0.121265,0.427342,0.009657,0.349225,0.047376,0.034233
236_12_1478_1511,6,3,0.020494,0.057116,0.090501,0.351676,0.052548,0.078724,0.348941
236_11_712_821,0,5,0.161092,0.102117,0.031169,0.016658,0.020139,0.625296,0.04353
236_12_1911_1960,6,6,0.020772,0.115799,0.08505,0.318945,0.096183,0.020605,0.342647
236_11_303_328,6,6,0.048731,0.126229,0.109648,0.1688,0.062354,0.150941,0.333296
237_11_31_177,4,4,0.031387,0.20189,0.07164,0.056252,0.456459,0.024032,0.158338
237_11_1239_1350,1,1,0.180013,0.325243,0.082856,0.051638,0.062085,0.235512,0.062653
237_12_1015_1184,1,4,0.07571,0.220294,0.157724,0.126254,0.317517,0.075558,0.026945
237_12_1631_1736,3,3,0.00807,0.008985,0.019635,0.776862,0.010408,0.114853,0.061187
237_12_205_402,1,5,0.035063,0.176544,0.147119,0.0569,0.223606,0.273196,0.087573
237_11_1789_1897,6,6,0.044157,0.065722,0.081455,0.30459,0.027122,0.074092,0.402861
237_11_936_1015,0,1,0.105291,0.369257,0.084536,0.068286,0.071057,0.175766,0.125807
237_12_1350_1455,5,5,0.021888,0.052177,0.036607,0.378034,0.045413,0.445653,0.020229
237_12_468_681,1,3,0.019693,0.114049,0.068727,0.529937,0.059376,0.0557,0.152518
237_12_1758_1789,5,5,0.011924,0.042422,0.18868,0.200876,0.051652,0.413911,0.090536
237_11_402_468,0,3,0.092327,0.227123,0.038297,0.257665,0.076508,0.071233,0.236847
237_11_1511_1631,6,1,0.042734,0.29371,0.063518,0.193993,0.093846,0.041475,0.270723
237_12_788_886,1,2,0.00807,0.094836,0.369963,0.016805,0.059879,0.311325,0.139122
237_12_1897_2001,1,3,0.09179,0.243826,0.041667,0.300473,0.198355,0.076609,0.047281
237_11_1736_1758,6,3,0.052158,0.067108,0.048034,0.500531,0.036697,0.037025,0.258446
237_11_681_788,1,1,0.269918,0.456561,0.041252,0.018031,0.026216,0.165198,0.022824
238_11_31_132,6,6,0.031501,0.048281,0.070362,0.196102,0.053215,0.125743,0.474794
238_11_1283_1398,3,1,0.168523,0.26615,0.073604,0.16631,0.055987,0.223476,0.04595
238_12_1997_2066,3,3,0.007396,0.014283,0.020274,0.666421,0.014973,0.019667,0.256987
238_11_982_1226,6,3,0.036529,0.071041,0.033291,0.546081,0.106655,0.051132,0.155269
238_11_1673_1738,6,6,0.084257,0.166584,0.059249,0.248199,0.076588,0.099115,0.266009
238_12_133_283,2,2,0.014943,0.098208,0.341689,0.042695,0.110458,0.293705,0.098302
238_12_1738_1886,3,3,0.013169,0.035895,0.035276,0.534458,0.028766,0.022879,0.329556
238_12_1398_1546,3,3,0.016485,0.026445,0.112672,0.578108,0.029948,0.196586,0.039756
238_12_924_982,3,3,0.04363,0.139455,0.145132,0.36744,0.086528,0.189071,0.028744
238_12_555_627,2,5,0.03447,0.1094,0.154673,0.064035,0.071374,0.452703,0.113346
238_11_283_334,6,5,0.013249,0.024693,0.01714,0.067115,0.013105,0.779155,0.085543
238_11_627_924,6,6,0.066493,0.140013,0.078535,0.213883,0.197326,0.082239,0.221512
238_12_334_515,2,2,0.015819,0.18776,0.273189,0.040642,0.263202,0.023074,0.196313
238_12_1226_1283,3,3,0.049677,0.203821,0.215375,0.259595,0.133006,0.10419,0.034336
238_11_1886_1997,5,6,0.010238,0.031915,0.094784,0.219964,0.037562,0.208666,0.39687
238_12_1587_1673,3,3,0.019171,0.033289,0.082818,0.480433,0.03602,0.209193,0.139077
238_11_1546_1587,5,1,0.197585,0.405449,0.092941,0.042509,0.061498,0.132994,0.067024
238_11_515_555,5,1,0.152227,0.295081,0.104369,0.033392,0.043076,0.266889,0.104965
239_11_2175_2586,3,3,0.01287,0.028706,0.028298,0.798684,0.036108,0.027812,0.067521
239_11_1254_1318,5,5,0.025511,0.124381,0.08257,0.126979,0.169036,0.345702,0.125821
239_11_1664_2102,3,4,0.0309,0.068116,0.092154,0.167016,0.378764,0.180383,0.082668
239_12_1099_1254,3,3,0.007478,0.016807,0.020252,0.639706,0.009693,0.016174,0.289889
239_11_176_354,2,4,0.031722,0.22534,0.17318,0.028874,0.466915,0.039077,0.034891
239_12_1318_1624,3,3,0.005169,0.011799,0.016361,0.810633,0.00711,0.012232,0.136696
239_12_2586_2692,3,3,0.006394,0.010933,0.010501,0.801026,0.010358,0.009923,0.150866
239_12_889_988,3,3,0.006147,0.011123,0.007392,0.706202,0.011996,0.011684,0.245456
239_11_517_889,1,1,0.131577,0.299544,0.116481,0.108218,0.111522,0.190626,0.042032
239_11_988_1099,5,5,0.031766,0.093102,0.038989,0.024129,0.020002,0.729639,0.062373
239_12_354_517,3,3,0.007391,0.017409,0.01855,0.648544,0.021847,0.020878,0.265381
239_12_31_74,3,3,0.0264,0.040767,0.066785,0.525881,0.037436,0.066262,0.236469
239_12_2102_2134,3,3,0.024443,0.09906,0.129863,0.264862,0.1677,0.067382,0.246691
240_11_97_135,3,3,0.012502,0.049575,0.032608,0.793918,0.019359,0.041281,0.050756
240_11_1269_1322,3,3,0.027615,0.081142,0.05244,0.503483,0.046729,0.099115,0.189475
240_12_238_302,3,3,0.009615,0.004839,0.007268,0.862347,0.022401,0.087948,0.005582
240_12_1396_1514,3,3,0.007481,0.004688,0.009267,0.922989,0.008461,0.011248,0.035867
240_12_876_948,3,3,0.199431,0.239966,0.024924,0.316539,0.038397,0.157536,0.023207
240_11_948_1035,3,3,0.00989,0.015488,0.026298,0.596775,0.013248,0.015791,0.32251
240_11_193_238,3,3,0.023608,0.055087,0.032931,0.749049,0.020145,0.03337,0.08581
240_12_527_657,3,3,0.007631,0.011581,0.036818,0.840509,0.016157,0.01733,0.069974
240_12_1097_1177,1,3,0.008998,0.028256,0.025022,0.518067,0.015067,0.024549,0.38004
240_12_135_193,3,3,0.157361,0.079173,0.032706,0.539004,0.037645,0.132401,0.02171
240_11_302_353,3,3,0.005483,0.003506,0.008199,0.80639,0.015322,0.135111,0.025989
240_11_414_527,3,3,0.015387,0.058283,0.007499,0.846281,0.013334,0.03034,0.028877
240_12_31_97,5,5,0.186136,0.138687,0.056861,0.175403,0.056053,0.23632,0.150539
240_11_1514_1547,3,3,0.037275,0.057738,0.025633,0.62443,0.023811,0.148541,0.08257
240_12_1224_1269,3,3,0.013647,0.037209,0.026481,0.762042,0.022299,0.046067,0.092255
240_11_792_876,3,1,0.112949,0.353572,0.093941,0.168707,0.107364,0.111073,0.052395
240_11_1187_1213,3,6,0.015885,0.052698,0.065533,0.280078,0.062462,0.029686,0.493658
240_11_657_697,3,3,0.023121,0.038333,0.025707,0.582402,0.021633,0.012179,0.296626
240_12_697_792,1,3,0.013641,0.022129,0.015826,0.808581,0.01332,0.015212,0.111292
240_12_353_414,3,3,0.100562,0.102484,0.022982,0.370593,0.064494,0.292198,0.046687
363_19_31_166,3,3,0.024581,0.02411,0.025289,0.455226,0.143673,0.168844,0.158276
363_19_1035_1196,3,3,0.01975,0.031336,0.023744,0.337984,0.119134,0.241213,0.226839
363_20_180_266,3,3,0.013166,0.021241,0.029181,0.694991,0.047043,0.032816,0.161562
363_20_1425_1579,4,3,0.007555,0.020685,0.028567,0.555867,0.026119,0.030224,0.330983
363_20_916_1027,3,3,0.013658,0.020637,0.034551,0.794684,0.021055,0.073325,0.042089
363_19_1300_1406,4,1,0.058945,0.295355,0.170041,0.010472,0.248404,0.025856,0.190926
363_19_540_664,3,6,0.025174,0.199403,0.114514,0.088237,0.101965,0.138561,0.332146
363_19_275_338,3,3,0.010187,0.00906,0.008364,0.841672,0.021943,0.034138,0.074636
363_20_356_530,3,5,0.068873,0.108593,0.034701,0.24554,0.164333,0.25646,0.1215
363_20_1204_1293,4,5,0.012683,0.039734,0.050711,0.068378,0.111553,0.598692,0.11825
363_19_816_904,3,5,0.043329,0.058661,0.029936,0.153939,0.040619,0.627754,0.045762
363_20_683_812,3,4,0.030413,0.112087,0.037984,0.259422,0.273365,0.082871,0.203858
363_19_1588_1631,3,5,0.010544,0.004865,0.01729,0.3617,0.100152,0.470682,0.034767
364_19_31_137,1,3,0.088165,0.137781,0.062316,0.326873,0.080937,0.152295,0.151632
364_19_1260_1406,3,6,0.014015,0.068216,0.035895,0.27337,0.073753,0.076459,0.458292
364_20_1129_1249,4,6,0.025549,0.177759,0.082087,0.077523,0.16419,0.064074,0.408818
364_19_1599_1739,3,6,0.035894,0.090698,0.044584,0.190092,0.035889,0.153195,0.449649
364_20_163_353,1,1,0.200229,0.403068,0.038203,0.061741,0.16737,0.060768,0.068621
364_20_1753_1929,5,5,0.013301,0.022803,0.01674,0.13407,0.110475,0.649818,0.052793
364_20_1422_1592,5,5,0.074708,0.223815,0.077028,0.027655,0.191208,0.320109,0.085477
364_20_898_1004,1,5,0.015835,0.044352,0.023298,0.035058,0.044333,0.745355,0.091768
364_20_488_639,1,1,0.164042,0.40538,0.038706,0.073719,0.127655,0.129774,0.060725
364_19_1013_1122,1,1,0.041197,0.32048,0.034607,0.239585,0.135423,0.07057,0.158139
364_19_375_462,1,5,0.025437,0.131396,0.054515,0.0874,0.294014,0.317896,0.089344
364_19_758_889,3,3,0.019086,0.069353,0.012843,0.606714,0.040291,0.028731,0.222982
364_19_642_681,3,3,0.109827,0.248165,0.046967,0.322213,0.078026,0.091804,0.102999
364_20_695_756,5,3,0.015734,0.047444,0.025762,0.440565,0.061862,0.091161,0.317472
364_19_1936_2034,3,6,0.033352,0.113527,0.037967,0.2375,0.030347,0.05808,0.489228
365_19_31_194,4,4,0.029475,0.142873,0.081858,0.009535,0.628154,0.080109,0.027996
365_19_1268_1404,1,1,0.145179,0.4141,0.026499,0.054751,0.145443,0.10625,0.107779
365_20_1160_1255,5,5,0.053187,0.064609,0.043517,0.18781,0.086753,0.459375,0.104749
365_20_1651_1725,6,6,0.056404,0.078938,0.060035,0.236714,0.043273,0.1304,0.394235
365_20_232_294,6,2,0.028253,0.15273,0.333092,0.038603,0.283903,0.032064,0.131355
365_20_1415_1516,1,6,0.069299,0.24392,0.045486,0.10616,0.109472,0.063657,0.362006
365_19_865_1143,1,1,0.112335,0.296579,0.13226,0.012903,0.285016,0.096671,0.064237
365_20_503_621,1,6,0.027716,0.123995,0.072585,0.062835,0.248999,0.025528,0.438342
365_19_1745_1793,4,4,0.043531,0.183225,0.058496,0.131359,0.380527,0.021144,0.181717
365_19_326_484,4,4,0.042652,0.091965,0.171642,0.017997,0.560635,0.072121,0.042988
365_19_1529_1645,1,1,0.090009,0.464801,0.026934,0.036253,0.277452,0.011656,0.092896
365_20_792_857,1,1,0.106782,0.424965,0.084592,0.021338,0.212377,0.041276,0.10867
365_19_648_766,1,1,0.341486,0.389713,0.034089,0.012732,0.090485,0.098498,0.032997
367_20_31_143,5,6,0.031459,0.058022,0.045248,0.17085,0.065605,0.172968,0.455849
367_19_1102_1408,6,6,0.010442,0.062579,0.040801,0.18869,0.081358,0.020094,0.596036
367_19_158_290,3,6,0.019289,0.047748,0.032126,0.165133,0.085884,0.16862,0.4812
367_20_1418_1485,3,3,0.029458,0.033546,0.039523,0.70069,0.058195,0.023872,0.114717
367_19_927_977,6,3,0.023148,0.059524,0.055757,0.374188,0.072332,0.040884,0.374167
367_20_535_697,6,6,0.028259,0.099121,0.047284,0.190442,0.108435,0.223591,0.302869
367_20_303_417,3,3,0.014766,0.027016,0.009664,0.661511,0.055304,0.034665,0.197075
367_20_996_1082,6,3,0.006352,0.011251,0.023213,0.703773,0.019114,0.011446,0.224851
367_19_436_524,5,5,0.066843,0.079492,0.063512,0.066141,0.082081,0.468472,0.173459
367_20_811_909,6,6,0.009466,0.029213,0.015271,0.297021,0.017425,0.014635,0.616969
367_19_718_797,3,6,0.022616,0.072713,0.085906,0.087285,0.042442,0.09075,0.598289
368_19_1030_1302,1,1,0.32434,0.36335,0.049224,0.075416,0.081972,0.04657,0.059128
368_20_1582_1685,2,4,0.044371,0.128134,0.119696,0.133993,0.403348,0.041933,0.128525
368_19_216_284,1,0,0.229418,0.186942,0.162341,0.043352,0.079619,0.167212,0.131116
368_19_1443_1566,1,1,0.240357,0.377508,0.054843,0.023302,0.154659,0.052499,0.096831
368_20_777_988,4,5,0.156957,0.18218,0.045814,0.025577,0.084735,0.463055,0.041682
368_20_1308_1417,6,4,0.04362,0.202285,0.278801,0.022241,0.30551,0.027289,0.120255
368_19_541_765,1,0,0.333119,0.259827,0.042296,0.045221,0.114681,0.161362,0.043493
368_20_305_516,5,5,0.031915,0.107106,0.092184,0.034725,0.129699,0.465455,0.138916
368_20_139_180,5,5,0.070692,0.087546,0.054826,0.039213,0.144873,0.443973,0.158877
369_19_31_179,3,6,0.018273,0.060662,0.083412,0.156936,0.093183,0.053741,0.533793
369_20_1271_1357,3,3,0.022613,0.040538,0.020823,0.637827,0.031848,0.023792,0.222559
369_19_899_1076,3,3,0.027624,0.047626,0.013588,0.450464,0.069563,0.067058,0.324077
369_20_182_253,3,3,0.008125,0.005887,0.01288,0.873678,0.01949,0.028016,0.051925
369_20_364_621,3,3,0.009204,0.038782,0.019091,0.563109,0.033108,0.024117,0.312589
369_20_1089_1181,3,3,0.008992,0.007982,0.005432,0.750764,0.032943,0.172536,0.02135
369_19_257_355,3,1,0.044569,0.329485,0.04425,0.147625,0.134789,0.054794,0.244488
369_19_1195_1263,3,6,0.026562,0.124529,0.145439,0.087022,0.104124,0.085578,0.426747
369_20_734_884,3,3,0.020128,0.069051,0.024489,0.524076,0.048593,0.045117,0.268547
369_19_647_721,3,6,0.061717,0.205035,0.032075,0.120184,0.04726,0.097521,0.436209
370_20_98_307,2,5,0.017952,0.033747,0.027982,0.138216,0.24806,0.425479,0.108564
370_20_1281_1316,4,4,0.0128,0.10892,0.050579,0.050638,0.542099,0.030651,0.204313
370_19_1348_1474,6,6,0.017146,0.061251,0.044666,0.249523,0.091918,0.021148,0.514348
370_19_797_1008,6,4,0.023519,0.061763,0.038333,0.179753,0.456581,0.015511,0.224539
370_20_1020_1180,4,4,0.011997,0.058274,0.024078,0.035858,0.78386,0.014992,0.070941
370_19_323_404,6,6,0.028862,0.212385,0.031394,0.052682,0.263052,0.028895,0.38273
370_20_603_770,1,6,0.03353,0.188141,0.050664,0.23748,0.174371,0.070229,0.245585
370_19_31_85,2,6,0.016169,0.053496,0.141001,0.055997,0.114412,0.078039,0.540886
370_20_429_473,1,1,0.09466,0.447213,0.048399,0.075518,0.135574,0.044488,0.154147
370_20_1494_1582,3,3,0.016313,0.067712,0.035393,0.357279,0.263079,0.036254,0.22397
370_19_1188_1271,4,1,0.050547,0.445915,0.049354,0.029954,0.298229,0.02453,0.101472
370_19_490_587,4,4,0.017784,0.13424,0.070792,0.017006,0.621033,0.027661,0.111483
373_20_94_153,6,3,0.012097,0.056546,0.026804,0.524803,0.108679,0.015367,0.255704
373_19_1142_1287,0,1,0.312482,0.330585,0.039691,0.033825,0.08938,0.105818,0.088219
373_19_167_348,5,5,0.114158,0.157593,0.041158,0.050632,0.04732,0.534288,0.05485
373_19_748_1028,1,1,0.10048,0.262936,0.147691,0.042709,0.123026,0.063754,0.259405
373_20_1297_1396,1,3,0.043328,0.069196,0.030523,0.403956,0.128024,0.035902,0.289072
373_20_558_715,6,4,0.045132,0.270304,0.108232,0.047518,0.33137,0.039446,0.157997
373_20_1049_1125,1,1,0.159508,0.536469,0.033746,0.022067,0.188727,0.01281,0.046673
373_19_469_525,0,0,0.46563,0.235784,0.030598,0.011804,0.022853,0.201266,0.032064
373_19_31_81,6,6,0.029782,0.040724,0.054972,0.096695,0.083197,0.156017,0.538613
373_20_370_448,1,4,0.067232,0.321279,0.064927,0.026938,0.361604,0.092473,0.065547
375_19_31_143,3,5,0.013925,0.009793,0.00699,0.176989,0.017645,0.734036,0.040622
375_20_762_845,6,6,0.019544,0.110182,0.060789,0.064411,0.111044,0.035401,0.598629
375_20_956_1067,6,6,0.018321,0.07238,0.065556,0.257492,0.040245,0.026896,0.51911
375_19_234_337,3,6,0.112756,0.211867,0.055063,0.05721,0.142125,0.136324,0.284656
375_20_362_447,3,3,0.030303,0.076148,0.028407,0.402334,0.0459,0.058626,0.358282
375_19_639_739,6,1,0.084829,0.309852,0.170098,0.025508,0.115435,0.156199,0.13808
375_19_857_943,3,5,0.014609,0.021532,0.016527,0.024054,0.021434,0.86366,0.038183
375_20_153_218,3,3,0.015477,0.025539,0.032035,0.506849,0.068234,0.181729,0.170136
375_20_548_622,2,1,0.074577,0.499047,0.120817,0.018208,0.172802,0.02055,0.093999
375_19_450_527,3,6,0.018018,0.052102,0.073296,0.085482,0.050893,0.218573,0.501637
376_19_31_132,3,6,0.013771,0.131202,0.157347,0.026047,0.122704,0.119004,0.429925
376_20_1096_1328,3,6,0.006642,0.020474,0.020354,0.441109,0.019193,0.014851,0.477377
376_20_161_360,2,6,0.018792,0.162167,0.119856,0.052492,0.098638,0.029532,0.518521
376_20_1417_1620,3,6,0.010127,0.060434,0.059871,0.15663,0.051507,0.04517,0.616261
376_19_885_1079,3,6,0.023177,0.113911,0.145954,0.110252,0.135769,0.029554,0.441384
376_19_1348_1404,6,6,0.014264,0.052712,0.078046,0.159515,0.028614,0.185226,0.481622
376_20_454_657,6,6,0.028495,0.057923,0.03693,0.225112,0.112701,0.042063,0.496774
376_19_377_441,6,5,0.010077,0.044896,0.073955,0.039756,0.037406,0.422741,0.371168
376_20_757_858,3,6,0.031563,0.067572,0.060795,0.342943,0.050935,0.026925,0.419267
376_19_680_744,3,3,0.021064,0.040197,0.039785,0.396476,0.077254,0.133296,0.291928
376_19_1635_1675,3,3,0.025262,0.047484,0.043685,0.36627,0.100127,0.067028,0.350143
378_20_102_202,6,5,0.032492,0.074253,0.046298,0.017626,0.098217,0.679621,0.051494
378_20_1141_1305,5,5,0.038797,0.094067,0.105853,0.035717,0.25906,0.394724,0.071782
378_19_229_327,2,6,0.010987,0.057153,0.112288,0.163795,0.076121,0.017264,0.562392
378_20_1690_1939,6,4,0.057355,0.195529,0.073211,0.193993,0.292344,0.024668,0.1629
378_20_1419_1563,6,4,0.039494,0.15056,0.103705,0.065827,0.400972,0.017681,0.22176
378_20_838_982,6,4,0.04166,0.198022,0.116488,0.022415,0.302901,0.142751,0.175764
378_19_1331_1406,4,4,0.032675,0.164994,0.157392,0.064504,0.356837,0.010237,0.213362
378_19_530_803,1,4,0.048988,0.194588,0.073966,0.023746,0.597684,0.021113,0.039915
378_19_1001_1130,2,1,0.041688,0.330391,0.198839,0.015825,0.281568,0.043818,0.087871
378_20_337_499,5,4,0.009416,0.068099,0.18633,0.009727,0.296331,0.266073,0.164023
378_19_31_89,6,6,0.01667,0.047622,0.059973,0.110594,0.056671,0.295659,0.412811
378_19_1593_1667,6,3,0.049042,0.122079,0.030923,0.360715,0.114234,0.093542,0.229466
378_19_1965_2026,6,4,0.088971,0.231501,0.031518,0.061056,0.450579,0.035543,0.100831
380_19_1296_1480,1,1,0.062698,0.503034,0.07049,0.031595,0.141658,0.087557,0.102968
380_20_1154_1278,0,5,0.009315,0.021751,0.033766,0.010103,0.049903,0.838919,0.036244
380_20_1498_1696,2,4,0.100584,0.229462,0.044455,0.014138,0.52625,0.039043,0.046069
380_20_131_288,1,4,0.132244,0.185588,0.039357,0.186117,0.265087,0.171846,0.01976
380_19_1710_1864,6,5,0.017179,0.066062,0.041856,0.033859,0.105957,0.696641,0.038446
380_20_785_955,1,1,0.11982,0.338145,0.060147,0.062841,0.1426,0.075239,0.201208
380_20_447_642,1,4,0.031942,0.23571,0.098466,0.073507,0.326007,0.081916,0.152451
380_19_985_1136,6,1,0.053093,0.223706,0.20325,0.041114,0.128199,0.17889,0.171746
380_19_31_109,3,6,0.023086,0.067168,0.071058,0.061758,0.132361,0.176206,0.468363
380_19_666_754,6,1,0.031169,0.276113,0.065036,0.069514,0.257725,0.060554,0.239889
380_19_339_428,6,1,0.041204,0.299432,0.110248,0.058465,0.150453,0.11511,0.225088
381_19_1278_1595,3,5,0.014579,0.04646,0.018266,0.103028,0.079711,0.598283,0.139674
381_20_1084_1256,3,3,0.025139,0.065952,0.048161,0.379084,0.222172,0.066942,0.19255
381_20_1607_1689,2,6,0.024727,0.07163,0.060596,0.103769,0.194894,0.077884,0.466499
381_20_141_344,3,3,0.024913,0.058396,0.049636,0.589204,0.080918,0.138898,0.058034
381_19_1695_1821,3,6,0.010926,0.027087,0.024425,0.289976,0.016402,0.059382,0.571802
381_19_711_1066,3,3,0.028264,0.044491,0.029483,0.347986,0.084233,0.312137,0.153406
381_20_462_696,2,4,0.026043,0.08673,0.032176,0.14811,0.43733,0.180495,0.089115
381_19_31_119,3,3,0.066348,0.08278,0.025266,0.292722,0.109526,0.26804,0.155318
381_20_1837_1948,3,5,0.011767,0.017121,0.019662,0.219134,0.038608,0.628901,0.064806
381_19_362_425,3,3,0.073349,0.072855,0.039897,0.325588,0.065638,0.283434,0.139239
382_20_85_193,6,6,0.008083,0.041731,0.052089,0.187574,0.058793,0.15054,0.501189
382_20_1161_1280,3,3,0.009649,0.015713,0.010476,0.730765,0.044106,0.014609,0.174681
382_19_210_423,5,5,0.027618,0.094827,0.01699,0.11211,0.055851,0.609978,0.082625
382_20_1726_1809,3,3,0.010871,0.012278,0.018412,0.503892,0.037725,0.3018,0.115022
382_19_1315_1490,6,1,0.029261,0.300024,0.050517,0.192115,0.189749,0.032693,0.205641
382_20_722_1063,3,3,0.009969,0.015056,0.013597,0.643048,0.062668,0.085544,0.170119
382_19_523_699,5,5,0.004405,0.028603,0.014571,0.083347,0.014918,0.774256,0.0799
382_19_1079_1146,3,3,0.013188,0.022142,0.014739,0.420175,0.041144,0.365343,0.123269
382_20_442_511,6,6,0.017912,0.035393,0.021666,0.298346,0.048282,0.094241,0.48416
382_19_31_76,6,6,0.019019,0.020094,0.024222,0.32209,0.022847,0.177949,0.41378
382_20_1506_1675,3,3,0.008103,0.015274,0.021729,0.686146,0.033827,0.032637,0.202283
382_19_1683_1716,3,3,0.015374,0.021661,0.013044,0.644478,0.057503,0.075763,0.172177
385_20_109_171,2,5,0.080153,0.13095,0.029104,0.017129,0.034795,0.663407,0.044463
385_20_1049_1311,2,1,0.227725,0.512588,0.038687,0.020546,0.130384,0.022955,0.047117
385_20_243_392,5,5,0.018011,0.020122,0.025502,0.057798,0.028814,0.830664,0.019089
385_19_1343_1478,0,1,0.386791,0.389433,0.057565,0.005765,0.119427,0.030529,0.010489
385_20_904_972,2,1,0.158798,0.326125,0.067185,0.049192,0.139536,0.047154,0.212009
385_19_185_236,2,1,0.135899,0.549323,0.058544,0.015191,0.182897,0.026585,0.03156
385_19_442_610,0,1,0.118774,0.428726,0.207374,0.018328,0.098406,0.10063,0.027763
385_20_620_820,0,1,0.325986,0.461017,0.03487,0.013905,0.101026,0.03139,0.031807
385_19_31_80,2,1,0.076065,0.250081,0.12208,0.032069,0.23229,0.221935,0.06548
385_20_1486_1647,0,0,0.532166,0.206279,0.043368,0.013116,0.040206,0.136583,0.028282
385_19_832_892,2,1,0.120704,0.441683,0.131005,0.004304,0.243264,0.028088,0.030953
385_19_993_1029,2,5,0.144102,0.267827,0.046016,0.007032,0.041784,0.463835,0.029404
386_19_31_163,3,3,0.015417,0.047431,0.038253,0.427196,0.025966,0.358023,0.087714
386_20_1176_1442,5,6,0.035473,0.099244,0.079128,0.094762,0.134418,0.151492,0.405482
386_20_1586_1924,6,6,0.016111,0.05373,0.024912,0.351567,0.117508,0.062548,0.373623
386_20_171_289,5,5,0.018569,0.024764,0.024195,0.321817,0.041155,0.420516,0.148986
386_19_1455_1575,3,6,0.027112,0.190026,0.063374,0.093107,0.067597,0.210937,0.347848
386_20_872_953,5,5,0.008186,0.020465,0.016475,0.06836,0.0283,0.816433,0.041782
386_20_441_658,5,5,0.01587,0.069558,0.043273,0.197046,0.068169,0.405175,0.200909
386_19_965_1162,3,3,0.025167,0.099448,0.027388,0.352544,0.044657,0.295918,0.154878
386_19_308_425,3,5,0.018191,0.098029,0.060644,0.145985,0.032078,0.515487,0.129586
386_19_681_862,3,6,0.015131,0.082854,0.082473,0.211089,0.038378,0.111896,0.458179
387_20_110_159,1,6,0.010515,0.030247,0.020568,0.351458,0.032641,0.017542,0.537029
387_20_252_283,5,5,0.031847,0.048644,0.038765,0.022817,0.017037,0.699861,0.14103
387_20_1302_1461,0,6,0.147276,0.219028,0.10209,0.085845,0.08114,0.128279,0.236341
387_19_833_964,0,5,0.137231,0.178332,0.065641,0.024955,0.068506,0.328221,0.197113
387_19_192_245,0,1,0.295251,0.471748,0.055372,0.013135,0.051419,0.074441,0.038632
387_20_574_827,1,5,0.055615,0.156602,0.08208,0.031774,0.155847,0.342701,0.175382
387_20_970_1180,0,5,0.084626,0.075279,0.060629,0.044957,0.111782,0.59567,0.027056
387_19_292_560,0,0,0.604501,0.223839,0.024966,0.005608,0.036776,0.085203,0.019107
387_19_31_89,5,5,0.026572,0.057774,0.066345,0.042875,0.020798,0.503795,0.281841
387_19_1189_1295,0,0,0.425824,0.275033,0.068668,0.040425,0.033624,0.076432,0.079995
388_20_117_377,6,6,0.017594,0.075865,0.071758,0.107482,0.199435,0.203692,0.324173
388_19_1231_1427,3,1,0.098419,0.400824,0.03182,0.255186,0.098494,0.073543,0.041713
388_20_967_1212,1,4,0.032462,0.061994,0.027587,0.179617,0.262928,0.198791,0.236621
388_19_1631_1689,3,1,0.030315,0.314363,0.147736,0.188471,0.101567,0.121181,0.096367
388_20_1431_1615,6,3,0.023616,0.043413,0.038889,0.582251,0.031399,0.018811,0.26162
388_19_887_955,3,1,0.129697,0.321327,0.062635,0.235605,0.042574,0.067989,0.140175
388_19_534_638,3,3,0.033403,0.118554,0.045682,0.597877,0.054713,0.078591,0.07118
388_19_31_104,6,5,0.009959,0.025546,0.030226,0.037901,0.017714,0.44677,0.431884
388_19_390_470,5,5,0.051615,0.204558,0.04107,0.162068,0.050051,0.410396,0.080243
388_20_648_869,6,6,0.037664,0.144532,0.073148,0.189246,0.182219,0.140575,0.232617
388_20_480_521,5,5,0.006952,0.0173,0.022027,0.05133,0.021821,0.771887,0.108684
389_20_78_336,3,4,0.023544,0.111606,0.046807,0.040658,0.350384,0.296878,0.130123
389_19_1280_1472,4,4,0.025645,0.227944,0.034732,0.035868,0.559969,0.018844,0.096998
389_20_1150_1255,5,5,0.003592,0.007073,0.011346,0.01202,0.014648,0.920798,0.030523
389_20_795_1021,6,4,0.037881,0.124477,0.019951,0.200367,0.320023,0.034861,0.262439
389_19_1038_1134,4,1,0.035937,0.417323,0.038153,0.025058,0.382998,0.025915,0.074617
389_19_1695_1794,4,1,0.169094,0.354316,0.038911,0.069775,0.190229,0.081186,0.09649
389_19_607_788,4,1,0.167441,0.426067,0.019736,0.026912,0.286462,0.044074,0.029307
389_19_366_491,4,4,0.02712,0.166808,0.03376,0.039715,0.593565,0.054015,0.085015
389_19_31_65,5,5,0.056411,0.136241,0.081456,0.055467,0.092102,0.349128,0.229196
389_20_1507_1673,5,4,0.104616,0.202219,0.062127,0.06884,0.276014,0.103414,0.18277
389_20_503_575,4,1,0.175106,0.456327,0.034655,0.044298,0.130043,0.065819,0.093753
391_20_31_131,3,6,0.052959,0.089933,0.100266,0.117717,0.07414,0.063468,0.501516
391_19_1270_1497,6,3,0.010755,0.015081,0.010753,0.807928,0.03441,0.016686,0.104388
391_20_1153_1250,3,3,0.015101,0.038159,0.031242,0.612419,0.038167,0.016944,0.247968
391_19_1600_1770,1,3,0.029046,0.07386,0.029437,0.579601,0.121662,0.03683,0.129564
391_19_149_364,1,6,0.019821,0.109347,0.115496,0.158814,0.106921,0.051067,0.438534
391_20_1775_1817,3,3,0.017646,0.031526,0.032027,0.761659,0.02888,0.040036,0.088226
391_20_762_940,4,4,0.018963,0.024823,0.051775,0.184079,0.373839,0.285986,0.060535
391_19_580_722,6,1,0.110956,0.349135,0.068472,0.061702,0.225342,0.033306,0.151088
391_19_958_1144,5,4,0.038563,0.223868,0.135792,0.056741,0.272398,0.061342,0.211295
391_20_373_557,4,4,0.02363,0.140208,0.191707,0.034105,0.501503,0.028961,0.079885
391_20_1501_1583,3,3,0.006267,0.002077,0.004731,0.940714,0.007588,0.026132,0.01249
393_19_1204_1330,4,0,0.40666,0.31759,0.031752,0.039085,0.112123,0.0601,0.03269
393_20_1335_1597,3,3,0.0062,0.008258,0.008248,0.904598,0.040102,0.01758,0.015013
393_19_842_972,4,1,0.139151,0.417048,0.074239,0.028903,0.113898,0.165227,0.061533
393_20_131_235,4,6,0.037715,0.222218,0.024891,0.172502,0.223754,0.011239,0.307681
393_19_528_695,2,1,0.050077,0.347581,0.154654,0.038734,0.20841,0.06286,0.137684
393_20_984_1178,4,4,0.065733,0.345627,0.036694,0.011565,0.475597,0.043257,0.021527
393_19_260_402,2,6,0.027793,0.108301,0.142779,0.116308,0.125032,0.094269,0.38552
393_20_423_498,3,6,0.035268,0.163189,0.052137,0.093238,0.225333,0.026186,0.40465
393_19_31_99,3,3,0.014244,0.030811,0.049036,0.510692,0.019676,0.170542,0.204999
393_20_713_819,4,4,0.021493,0.213497,0.170441,0.029947,0.384696,0.018346,0.16158
394_19_31_134,3,6,0.01193,0.032327,0.048413,0.233825,0.024598,0.159925,0.488982
394_19_1229_1308,0,1,0.06821,0.43176,0.029956,0.017924,0.290554,0.021151,0.140446
394_20_961_1210,0,4,0.02617,0.134975,0.049098,0.131009,0.344105,0.061239,0.253404
394_19_1458_1499,3,3,0.053943,0.205106,0.046382,0.260073,0.162061,0.0497,0.222736
394_19_743_959,1,4,0.030541,0.170263,0.089236,0.049703,0.348772,0.071165,0.24032
394_20_142_241,4,3,0.017512,0.029724,0.027398,0.579466,0.032716,0.028935,0.284248
394_20_1330_1445,0,4,0.019205,0.183052,0.051276,0.015179,0.636015,0.011748,0.083524
394_19_466_592,1,4,0.03964,0.238709,0.084735,0.032557,0.260398,0.087702,0.25626
394_19_270_342,3,3,0.042054,0.140833,0.059153,0.473774,0.093703,0.035092,0.155391
394_20_594_726,1,4,0.017548,0.113654,0.10016,0.076723,0.371999,0.084031,0.235885
394_20_351_445,4,6,0.045299,0.224414,0.078327,0.160234,0.092231,0.080297,0.319198
395_20_101_319,1,1,0.054604,0.264743,0.162837,0.078441,0.184074,0.082749,0.172552
395_19_1181_1294,6,5,0.013872,0.058659,0.141313,0.03999,0.132004,0.471334,0.142828
395_19_908_1034,1,2,0.007403,0.090213,0.352272,0.047219,0.108967,0.043759,0.350168
395_20_1301_1420,4,6,0.025304,0.060178,0.061057,0.166313,0.169849,0.079135,0.438164
395_20_1038_1164,4,5,0.016605,0.070825,0.109637,0.04406,0.16008,0.486626,0.112167
395_19_621_809,4,6,0.030864,0.133437,0.188603,0.017293,0.219116,0.07602,0.334666
395_20_462_581,5,5,0.023646,0.066545,0.109889,0.041639,0.107607,0.573911,0.076763
395_19_31_91,1,6,0.022712,0.048478,0.081265,0.06383,0.068698,0.232794,0.482224
395_19_335_449,4,4,0.024372,0.116613,0.251741,0.014356,0.322349,0.033128,0.237441
395_20_816_863,4,2,0.049885,0.134285,0.30804,0.01421,0.148157,0.257766,0.087658
398_20_1223_1306,1,3,0.050685,0.109497,0.020957,0.474977,0.116778,0.023229,0.203878
398_20_119_291,5,5,0.015174,0.030875,0.020798,0.3136,0.079917,0.35819,0.181445
398_19_1149_1203,3,6,0.027455,0.124286,0.055384,0.177532,0.093592,0.188567,0.333183
398_20_739_928,5,5,0.012243,0.009491,0.010371,0.105361,0.069058,0.734148,0.059329
398_19_31_109,3,6,0.012119,0.078457,0.10123,0.081575,0.051399,0.194742,0.480477
398_19_944_1013,3,6,0.025285,0.069655,0.03746,0.164646,0.10045,0.125907,0.476596
398_20_1025_1133,5,5,0.022035,0.052619,0.028541,0.175723,0.292862,0.310853,0.117368
398_19_393_506,3,6,0.021716,0.121046,0.050025,0.166938,0.067928,0.097639,0.474706
398_19_653_732,6,4,0.09239,0.127712,0.076925,0.053488,0.274156,0.119345,0.255984
398_20_520_632,5,5,0.007615,0.013789,0.020655,0.056576,0.044346,0.800081,0.056939
398_20_347_388,6,6,0.01528,0.022773,0.0317,0.066101,0.022986,0.30549,0.53567
398_19_300_332,1,6,0.029902,0.125835,0.091228,0.100937,0.074624,0.164531,0.412942
399_19_31_128,1,1,0.123871,0.364649,0.091059,0.032469,0.129611,0.056653,0.201689
399_19_1281_1337,1,5,0.009482,0.031361,0.023556,0.074472,0.036307,0.770091,0.05473
399_20_1063_1270,1,4,0.062735,0.174014,0.058241,0.184258,0.225535,0.075196,0.22002
399_20_136_291,1,1,0.108158,0.370201,0.047387,0.100876,0.161722,0.071052,0.140603
399_19_1445_1516,1,6,0.011822,0.028431,0.0275,0.257871,0.022165,0.081529,0.570682
399_19_846_1046,1,1,0.097471,0.399726,0.082227,0.023951,0.142382,0.14955,0.104693
399_20_1346_1430,1,6,0.018394,0.05475,0.031995,0.383556,0.046045,0.019028,0.446232
399_19_591_744,1,5,0.022818,0.090563,0.033104,0.12109,0.035619,0.41027,0.286537
399_19_316_423,1,5,0.017571,0.064619,0.053105,0.062406,0.033019,0.399804,0.369478
399_20_439_553,5,5,0.006234,0.01582,0.029954,0.036424,0.044585,0.814349,0.052634
399_20_753_823,5,5,0.011673,0.036713,0.033876,0.045059,0.086468,0.6797,0.106511
400_20_128_257,3,3,0.007565,0.007832,0.005648,0.656742,0.023256,0.205589,0.093367
400_20_1223_1496,1,1,0.246778,0.419114,0.025596,0.054912,0.091228,0.081582,0.08079
400_19_937_1210,0,1,0.20839,0.415228,0.032835,0.048684,0.091261,0.070648,0.132954
400_20_590_655,5,5,0.003387,0.00633,0.009885,0.006932,0.012859,0.943477,0.01713
400_19_272_342,3,6,0.011335,0.041631,0.017251,0.232736,0.021241,0.129897,0.545909
400_19_31_115,3,3,0.009978,0.019224,0.041054,0.562121,0.025,0.067486,0.275135
400_20_361_471,5,5,0.008619,0.02877,0.019418,0.014358,0.046925,0.802359,0.079551
400_19_1500_1545,1,1,0.235046,0.488292,0.028646,0.06214,0.095298,0.049651,0.040927
400_19_667_823,0,1,0.246123,0.386491,0.026114,0.020756,0.039494,0.232228,0.048793
400_20_1555_1606,1,4,0.0383,0.215231,0.092906,0.094306,0.363106,0.044658,0.151493
400_19_478_585,1,1,0.066135,0.614853,0.072365,0.027749,0.085315,0.06958,0.064003
400_20_831_911,1,5,0.009868,0.043724,0.038576,0.030497,0.048627,0.780974,0.047734
601_31_31_245,6,6,0.021209,0.036081,0.047552,0.150069,0.06007,0.149293,0.535726
601_31_1237_1502,6,6,0.014697,0.054886,0.05424,0.054909,0.157647,0.058446,0.605174
601_32_1112_1229,6,6,0.037839,0.129868,0.113248,0.026381,0.120555,0.145972,0.426137
601_31_1609_1690,6,6,0.014746,0.030247,0.025974,0.287722,0.016719,0.057959,0.566633
601_32_252_348,6,6,0.015802,0.040544,0.022533,0.354321,0.041339,0.102798,0.422663
601_31_1821_1868,3,3,0.015857,0.018131,0.018053,0.508013,0.025922,0.072894,0.34113
601_32_1696_1811,3,3,0.021452,0.038375,0.021029,0.57989,0.030247,0.087703,0.221303
601_31_797_1072,6,4,0.031401,0.161886,0.145801,0.017177,0.418429,0.025924,0.199383
601_32_580_783,6,3,0.020723,0.050383,0.028318,0.726172,0.041226,0.068282,0.064897
601_31_379_570,6,6,0.017254,0.104009,0.066384,0.108839,0.088752,0.066412,0.54835
601_32_1525_1587,6,6,0.018036,0.028543,0.037194,0.229919,0.060867,0.044303,0.581137
601_32_1872_1930,6,6,0.025062,0.101948,0.045294,0.087961,0.036791,0.01089,0.692054
602_31_31_157,5,5,0.029103,0.034863,0.018894,0.13402,0.023737,0.684166,0.075216
602_32_1255_1471,5,3,0.054413,0.059669,0.014723,0.673094,0.054013,0.128243,0.015846
602_31_1023_1254,6,1,0.086463,0.308275,0.01621,0.245475,0.127425,0.025865,0.190287
602_32_1575_1765,6,3,0.031888,0.05729,0.016975,0.630033,0.050396,0.054874,0.158544
602_32_167_362,5,3,0.027955,0.037731,0.027101,0.568784,0.047001,0.26527,0.026157
602_31_1769_1994,5,3,0.062757,0.142318,0.029816,0.331301,0.121768,0.12164,0.190401
602_32_849_1004,5,6,0.081183,0.19078,0.042565,0.027411,0.045627,0.216753,0.39568
602_32_491_594,5,3,0.045153,0.104244,0.033068,0.602508,0.076808,0.092044,0.046174
602_31_611_836,6,6,0.023091,0.089729,0.013023,0.181752,0.16852,0.01281,0.511075
602_31_396_470,6,6,0.018278,0.034379,0.040255,0.160941,0.120916,0.084617,0.540613
602_31_1487_1562,5,5,0.019865,0.034412,0.028834,0.025011,0.016255,0.718739,0.156884
603_32_93_215,5,5,0.026645,0.012151,0.008874,0.0423,0.016129,0.861795,0.032106
603_32_1259_1518,5,6,0.019379,0.02538,0.025238,0.24634,0.049168,0.081275,0.55322
603_32_1869_2097,1,4,0.053275,0.193013,0.030278,0.00736,0.6465,0.020478,0.049097
603_31_1158_1251,6,6,0.021372,0.030767,0.039928,0.153813,0.027827,0.188989,0.537304
603_31_1523_1830,1,5,0.085718,0.170648,0.05594,0.111116,0.194533,0.200379,0.181666
603_31_244_407,6,6,0.009306,0.016443,0.016077,0.43235,0.054068,0.035224,0.436533
603_31_2145_2371,6,3,0.031774,0.058154,0.022681,0.513511,0.067596,0.019882,0.286401
603_32_901_1123,1,4,0.05187,0.182231,0.022608,0.242039,0.372508,0.057025,0.071719
603_32_599_688,1,6,0.022383,0.070606,0.105468,0.079158,0.230707,0.071058,0.420619
603_32_423_492,6,6,0.007661,0.042111,0.030115,0.0936,0.022209,0.024069,0.780236
603_31_31_79,5,5,0.018143,0.02082,0.039713,0.058977,0.015538,0.718711,0.128096
603_31_759_896,5,5,0.011898,0.012727,0.012085,0.189834,0.014685,0.715853,0.042918
603_31_506_562,5,1,0.280384,0.356979,0.031038,0.015402,0.051737,0.121977,0.142485
604_31_1270_1336,5,5,0.05004,0.066886,0.042205,0.091654,0.023184,0.580913,0.145117
604_32_1975_2050,6,1,0.157206,0.325424,0.040065,0.204173,0.179019,0.032134,0.061979
604_32_1118_1246,3,3,0.022678,0.039794,0.037048,0.570608,0.194741,0.040702,0.094428
604_31_1633_1938,6,6,0.047388,0.161737,0.04085,0.173751,0.17091,0.052625,0.35274
604_32_145_509,1,5,0.180702,0.230507,0.038108,0.054919,0.082057,0.293642,0.120065
604_32_1352_1591,5,1,0.163261,0.286595,0.033234,0.212119,0.067699,0.163061,0.074031
604_31_815_1087,6,6,0.011139,0.044654,0.041378,0.206142,0.135818,0.023096,0.537772
604_32_614_776,5,5,0.024384,0.057125,0.064777,0.034851,0.091507,0.651504,0.075851
604_31_31_120,6,4,0.050715,0.154829,0.051255,0.092573,0.5287,0.019398,0.102531
604_31_2073_2151,3,3,0.034306,0.080851,0.022605,0.495932,0.045905,0.018436,0.301966
604_31_527_589,6,6,0.020189,0.104711,0.036429,0.238736,0.228079,0.042032,0.329825
607_31_1144_1395,6,6,0.029817,0.202567,0.133155,0.072014,0.14299,0.060305,0.359151
607_32_1410_1767,6,3,0.052211,0.2633,0.026185,0.452991,0.057471,0.050033,0.097808
607_31_234_378,6,4,0.034622,0.112262,0.104732,0.101217,0.397215,0.020876,0.229076
607_31_1804_1865,6,3,0.010233,0.014727,0.01613,0.681286,0.055213,0.056203,0.166208
607_32_822_1122,3,6,0.012678,0.032604,0.020796,0.327142,0.016884,0.054575,0.535321
607_32_136_214,3,3,0.01575,0.020531,0.025848,0.677291,0.036079,0.038089,0.186412
607_32_403_725,6,6,0.079681,0.101989,0.026025,0.173476,0.081925,0.24406,0.292843
607_31_31_116,6,3,0.028581,0.031655,0.031278,0.324063,0.027355,0.268245,0.288823
607_31_751_821,1,1,0.037695,0.332073,0.082148,0.051561,0.322208,0.020321,0.153994
608_31_2272_2714,6,6,0.04037,0.106919,0.045423,0.193609,0.092243,0.108534,0.412902
608_31_31_158,6,6,0.03979,0.146147,0.111277,0.034395,0.071937,0.232991,0.363463
608_32_1005_1264,6,5,0.06341,0.098518,0.106574,0.016669,0.109588,0.484318,0.120923
608_32_169_524,1,4,0.055872,0.281547,0.057028,0.011453,0.37986,0.037475,0.176765
608_32_2745_2987,5,5,0.075295,0.088038,0.060365,0.033242,0.047529,0.629383,0.066147
608_31_1297_1754,5,6,0.039536,0.126596,0.060606,0.176649,0.095229,0.043473,0.457913
608_31_576_981,5,6,0.028346,0.070295,0.039302,0.145219,0.069524,0.097072,0.550242
608_31_1860_2189,5,4,0.119639,0.208662,0.13058,0.035266,0.271707,0.095593,0.138553
608_32_1791_1839,6,5,0.052051,0.060649,0.050851,0.046954,0.029857,0.61777,0.141867
608_32_2222_2254,3,5,0.034917,0.06799,0.058127,0.040778,0.03384,0.661844,0.102504
610_31_31_216,4,4,0.08295,0.128484,0.03268,0.147481,0.455649,0.07754,0.075216
610_32_1191_1296,6,6,0.03851,0.225546,0.048742,0.052351,0.05822,0.081844,0.494788
610_31_2038_2300,6,4,0.020953,0.160114,0.075934,0.068508,0.353025,0.015706,0.305761
610_32_1678_1999,6,6,0.039082,0.074578,0.02658,0.184929,0.091297,0.104854,0.47868
610_31_1341_1651,1,4,0.042909,0.200603,0.047658,0.028804,0.603569,0.022012,0.054446
610_32_661_1008,0,1,0.239989,0.361103,0.018874,0.027725,0.258083,0.035971,0.058254
610_32_2301_2388,6,6,0.028631,0.069838,0.092586,0.229418,0.055392,0.04199,0.482145
610_31_480_644,4,4,0.020431,0.06573,0.121885,0.008759,0.727884,0.023436,0.031876
610_31_1103_1150,4,1,0.071936,0.40432,0.079176,0.018438,0.33757,0.036759,0.051801
610_32_266_446,6,1,0.073815,0.379448,0.024204,0.082071,0.29591,0.013211,0.13134
611_32_2166_2512,6,6,0.052051,0.073644,0.035325,0.11174,0.058872,0.058702,0.609665
611_31_31_131,5,3,0.025162,0.029847,0.050793,0.434578,0.090945,0.096354,0.272321
611_32_1202_1459,6,5,0.023602,0.030022,0.017604,0.192225,0.025117,0.546519,0.164912
611_31_1119_1202,1,5,0.027361,0.149822,0.10047,0.062277,0.246538,0.270333,0.143198
611_32_143_565,3,6,0.012951,0.019772,0.033688,0.324438,0.160881,0.044941,0.403329
611_32_2693_2846,6,6,0.012827,0.053291,0.136226,0.112244,0.02908,0.163044,0.493288
611_31_2554_2629,1,1,0.134646,0.25383,0.144549,0.03827,0.182183,0.135895,0.110627
611_32_765_1104,6,3,0.028368,0.078896,0.047688,0.46971,0.105246,0.070427,0.199665
611_31_2036_2149,6,6,0.031919,0.130277,0.107369,0.033343,0.128726,0.278561,0.289804
611_32_1523_2024,1,5,0.104513,0.116005,0.040002,0.05254,0.060754,0.45159,0.174596
611_31_581_758,1,3,0.021134,0.043693,0.055573,0.476788,0.106749,0.184523,0.11154
611_31_1469_1511,1,2,0.016936,0.137442,0.510376,0.045563,0.190651,0.012195,0.086837
613_32_2435_2720,4,1,0.210862,0.297,0.065869,0.007299,0.27864,0.105861,0.03447
613_31_31_157,6,3,0.009941,0.010114,0.028632,0.65613,0.046129,0.061638,0.187416
613_31_837_1539,1,4,0.068234,0.217367,0.136193,0.033094,0.286442,0.053967,0.204704
613_32_185_415,6,4,0.028983,0.118886,0.067583,0.029237,0.640964,0.043065,0.071281
613_31_2762_3094,6,4,0.073098,0.169198,0.105143,0.066042,0.273867,0.07214,0.240512
613_32_3106_3234,6,4,0.028717,0.137945,0.278545,0.050166,0.316471,0.011042,0.177113
613_32_1649_2051,4,4,0.051052,0.135419,0.165596,0.035755,0.284906,0.157515,0.169757
613_31_457_629,6,6,0.0211,0.097366,0.047608,0.162216,0.163489,0.048342,0.459878
613_31_2089_2426,6,2,0.015848,0.115445,0.282638,0.034132,0.263858,0.020153,0.267926
613_32_658_808,2,6,0.034341,0.079367,0.075625,0.165234,0.10603,0.180669,0.358734
614_32_127_309,5,5,0.009971,0.018265,0.023863,0.056521,0.022543,0.747585,0.121252
614_31_1097_1388,1,4,0.024391,0.18749,0.058947,0.121392,0.355428,0.027374,0.224977
614_32_1955_2389,3,3,0.025551,0.039779,0.024647,0.587475,0.058728,0.183081,0.080739
614_32_1392_1725,3,3,0.030604,0.035709,0.023661,0.643977,0.043049,0.147849,0.075151
614_31_1775_1923,6,6,0.014457,0.030691,0.079766,0.136132,0.034985,0.066794,0.637175
614_31_661_996,6,6,0.02333,0.074111,0.025924,0.194808,0.098105,0.084871,0.49885
614_32_498_624,6,3,0.017962,0.03437,0.037583,0.768449,0.032004,0.047544,0.062089
614_32_1030_1091,6,5,0.016799,0.035046,0.067273,0.091454,0.03156,0.460872,0.296995
614_31_31_118,6,6,0.024074,0.048053,0.273516,0.222004,0.061971,0.069253,0.30113
614_31_338_447,6,4,0.028012,0.091199,0.239648,0.071506,0.292431,0.040894,0.23631
615_31_2407_2549,5,6,0.013397,0.036035,0.111618,0.223297,0.151908,0.115319,0.348425
615_31_31_194,2,2,0.030294,0.170759,0.247533,0.051014,0.170186,0.114913,0.2153
615_31_1013_1322,1,4,0.033037,0.117317,0.089573,0.122393,0.308903,0.063612,0.265165
615_31_1835_2189,2,6,0.018217,0.048907,0.111861,0.100354,0.219572,0.095706,0.405382
615_32_1338_1791,6,6,0.019342,0.101888,0.057585,0.033559,0.178703,0.037369,0.571553
615_32_198_316,6,5,0.018766,0.03725,0.049895,0.213106,0.079886,0.433254,0.167843
615_32_2208_2376,6,6,0.011533,0.044612,0.043879,0.103,0.038353,0.10894,0.649684
615_32_2583_2686,6,3,0.010684,0.018124,0.054,0.368438,0.031417,0.176279,0.341058
615_32_723_983,5,6,0.016876,0.098616,0.105497,0.019857,0.071754,0.342535,0.344865
615_31_354_714,6,6,0.010271,0.029743,0.049402,0.157009,0.068064,0.049203,0.636308
616_32_960_1322,6,3,0.033022,0.067095,0.030703,0.474384,0.260529,0.071576,0.06269
616_31_1905_2141,3,3,0.058917,0.102311,0.066077,0.366268,0.201548,0.051104,0.153775
616_32_1607_1838,3,3,0.028725,0.073707,0.034704,0.615259,0.10159,0.052684,0.093331
616_32_131_261,6,6,0.067763,0.086721,0.038638,0.286366,0.035772,0.116947,0.367793
616_31_1342_1576,3,3,0.01745,0.020262,0.015267,0.788304,0.058762,0.083279,0.016676
616_32_2160_2241,6,3,0.019974,0.026996,0.013401,0.683628,0.027029,0.027684,0.201289
616_31_299_441,4,4,0.032798,0.191969,0.11143,0.043757,0.36894,0.067754,0.183352
616_31_608_920,2,4,0.019406,0.091235,0.055415,0.065079,0.546792,0.02526,0.196812
616_32_475_568,6,6,0.031347,0.064082,0.066554,0.113415,0.114332,0.173103,0.437166
616_31_31_104,5,6,0.049913,0.089766,0.09686,0.101019,0.090617,0.204699,0.367126
617_32_2025_2250,0,0,0.380399,0.240673,0.110962,0.012821,0.049338,0.131347,0.07446
617_32_1353_1782,1,5,0.049438,0.203895,0.088333,0.015674,0.113004,0.405154,0.124503
617_31_1802_1979,1,1,0.088068,0.397155,0.108726,0.033557,0.075817,0.112904,0.183773
617_31_31_122,6,6,0.040034,0.116895,0.084811,0.115842,0.065523,0.145761,0.431135
617_31_699_997,6,1,0.13353,0.366169,0.066331,0.051072,0.172595,0.074474,0.135829
617_32_572_684,1,5,0.030542,0.091192,0.086286,0.02821,0.074544,0.398892,0.290335
617_32_1043_1167,1,6,0.020174,0.103687,0.317061,0.048449,0.099939,0.025576,0.385114
617_32_136_197,5,6,0.018016,0.037401,0.049043,0.229031,0.038805,0.166866,0.46084
617_31_257_501,6,6,0.017907,0.056911,0.04727,0.390683,0.037711,0.026866,0.422653
617_31_1189_1207,6,6,0.017193,0.100974,0.05906,0.123565,0.053999,0.062907,0.582303
619_31_1190_1475,1,4,0.02783,0.123847,0.107934,0.026484,0.570691,0.045508,0.097706
619_32_2022_2142,2,4,0.012574,0.054052,0.238625,0.033934,0.507673,0.053862,0.099281
619_31_1668_1972,1,4,0.014428,0.05854,0.044497,0.02087,0.761661,0.011439,0.088566
619_32_157_425,4,4,0.061888,0.160624,0.194856,0.038789,0.269042,0.119871,0.15493
619_31_2206_2319,6,6,0.024149,0.059449,0.058036,0.285645,0.103913,0.011707,0.457102
619_32_813_1129,1,4,0.014276,0.072332,0.104648,0.11087,0.353099,0.031119,0.313657
619_31_499_791,2,4,0.037281,0.11366,0.099736,0.060646,0.445317,0.107057,0.136302
619_32_2336_2469,6,6,0.009066,0.014544,0.022355,0.414061,0.029936,0.017078,0.49296
619_31_31_116,1,6,0.044801,0.1145,0.187929,0.034045,0.07736,0.206762,0.334603
619_32_1540_1622,2,4,0.021236,0.120164,0.226188,0.065103,0.284634,0.039504,0.243171
621_31_31_204,3,6,0.063097,0.121275,0.062005,0.205724,0.116253,0.215585,0.216061
621_31_1226_1377,6,3,0.009267,0.006944,0.009787,0.766797,0.043083,0.046199,0.117924
621_31_1566_1791,6,6,0.024488,0.121609,0.042686,0.214873,0.096984,0.035865,0.463495
621_32_238_355,3,3,0.029555,0.017378,0.01318,0.834129,0.035026,0.050943,0.019789
621_32_1803_1842,6,3,0.035847,0.045951,0.033698,0.338877,0.021082,0.258534,0.266011
621_32_1401_1534,6,3,0.014749,0.01794,0.01172,0.868695,0.034658,0.022806,0.029431
621_31_933_1057,6,3,0.027577,0.048821,0.032081,0.490429,0.038761,0.129454,0.232877
621_32_514_904,3,3,0.04045,0.045788,0.030568,0.615499,0.055863,0.135686,0.076146
621_32_1079_1157,6,3,0.023275,0.035546,0.024517,0.690185,0.022637,0.029064,0.174776
621_31_387_492,5,5,0.028289,0.053534,0.056763,0.097477,0.047212,0.587776,0.128948
622_31_1769_2661,1,4,0.071995,0.235117,0.050349,0.017794,0.582513,0.011697,0.030535
622_31_31_246,4,4,0.018363,0.039615,0.11242,0.0255,0.72976,0.046282,0.028059
622_31_1065_1378,2,4,0.047211,0.098133,0.051591,0.088677,0.381703,0.155211,0.177475
622_32_2771_3180,6,4,0.04478,0.118834,0.082675,0.049591,0.323782,0.07631,0.304028
622_32_1394_1730,6,1,0.204135,0.261262,0.10646,0.030457,0.138228,0.102627,0.156829
622_31_3243_3487,1,4,0.073501,0.182154,0.024779,0.013036,0.66636,0.02866,0.01151
622_32_775_1029,1,1,0.153516,0.324644,0.029855,0.076283,0.157778,0.029898,0.228027
622_31_497_748,1,4,0.013166,0.098545,0.071416,0.003973,0.7811,0.008511,0.023289
622_32_3513_3624,6,4,0.057884,0.150478,0.159571,0.074576,0.300662,0.019232,0.237598
622_32_271_460,1,0,0.335499,0.226698,0.043336,0.080795,0.124199,0.137629,0.051844
623_31_2466_2771,0,0,0.744382,0.171244,0.012557,0.011754,0.021914,0.030334,0.007815
623_31_31_168,1,5,0.089664,0.171301,0.140485,0.02415,0.102564,0.291728,0.180108
623_31_1055_1396,0,1,0.368186,0.408614,0.047501,0.01986,0.079401,0.046812,0.029626
623_32_2790_2986,1,0,0.475136,0.37915,0.029549,0.017873,0.039007,0.023796,0.03549
623_32_1408_1773,1,1,0.316306,0.347786,0.044052,0.028665,0.081068,0.099,0.083123
623_32_790_1023,6,1,0.239582,0.317191,0.113184,0.017314,0.132594,0.089822,0.090314
623_32_201_230,1,6,0.020128,0.081284,0.184885,0.035309,0.102846,0.049868,0.525681
623_32_1869_2404,1,1,0.185326,0.277659,0.111153,0.029175,0.103114,0.090423,0.203151
623_31_263_759,0,0,0.434483,0.24134,0.050474,0.025741,0.067058,0.125715,0.055188
623_31_1787_1804,0,5,0.1203,0.064798,0.015611,0.039458,0.017479,0.710511,0.031842
625_31_31_151,1,6,0.094077,0.210897,0.063343,0.205992,0.160284,0.052463,0.212945
625_32_1286_1552,0,1,0.300953,0.306266,0.052167,0.027124,0.25377,0.024372,0.035348
625_32_1864_2058,6,3,0.067302,0.091957,0.086305,0.406761,0.113925,0.093602,0.140147
625_31_1604_1822,1,1,0.164457,0.395111,0.06536,0.063334,0.125093,0.040965,0.145681
625_31_239_358,1,6,0.081535,0.182821,0.112412,0.068697,0.109743,0.220141,0.22465
625_32_888_1172,1,4,0.253747,0.25866,0.043487,0.024565,0.326127,0.067113,0.0263
625_31_551_874,0,1,0.217549,0.330363,0.048341,0.076853,0.210609,0.054608,0.061678
625_32_174_191,5,5,0.079186,0.11261,0.043086,0.018741,0.023589,0.610651,0.112136
625_32_392_533,0,0,0.400291,0.351658,0.014015,0.057778,0.060365,0.065525,0.050367
625_31_1186_1266,0,5,0.247339,0.193003,0.026684,0.025832,0.030667,0.442261,0.034214
626_31_2140_2692,1,1,0.195793,0.297595,0.131121,0.035448,0.101496,0.077792,0.160754
626_31_31_302,1,1,0.157233,0.414894,0.040269,0.022662,0.254326,0.061088,0.049528
626_31_1020_1339,1,6,0.106477,0.203988,0.080102,0.094083,0.143589,0.095058,0.276704
626_32_2716_2801,1,1,0.199702,0.378204,0.04654,0.043367,0.194468,0.105451,0.032268
626_31_1450_1829,1,1,0.275557,0.435385,0.025377,0.042772,0.110684,0.042712,0.067513
626_32_909_985,5,5,0.013529,0.046566,0.048218,0.019297,0.044039,0.750781,0.077571
626_32_1868_2092,6,1,0.058304,0.371443,0.06003,0.062418,0.220689,0.040988,0.186128
626_32_334_633,6,1,0.290107,0.351351,0.030526,0.027826,0.157162,0.093679,0.04935
626_31_677_878,1,1,0.146496,0.313986,0.057509,0.0765,0.244156,0.097428,0.063925
626_32_1356_1431,1,5,0.028542,0.086686,0.043561,0.246466,0.095979,0.341041,0.157724
627_31_31_315,6,3,0.044671,0.08829,0.033329,0.307833,0.226396,0.139977,0.159502
627_31_1044_1373,6,3,0.142926,0.174305,0.017205,0.318876,0.073598,0.126072,0.147017
627_32_1911_2185,3,3,0.071646,0.038091,0.013951,0.701581,0.037548,0.09134,0.045843
627_31_1482_1895,6,4,0.065083,0.324219,0.086794,0.021611,0.401699,0.016337,0.084257
627_31_2216_2483,4,6,0.010389,0.081242,0.095215,0.104429,0.258937,0.040937,0.40885
627_32_2534_2650,4,4,0.010937,0.061694,0.041974,0.095772,0.444776,0.111072,0.233775
627_32_896_1001,6,5,0.14608,0.206288,0.031927,0.165818,0.047056,0.208335,0.194498
627_32_336_591,4,4,0.104988,0.221016,0.022334,0.110026,0.465668,0.034267,0.041702
627_31_652_879,6,6,0.026916,0.117699,0.036834,0.262636,0.097546,0.047051,0.411319
627_32_1391_1440,5,5,0.038249,0.034624,0.021908,0.213196,0.019515,0.613268,0.05924
629_31_2214_2522,1,4,0.061677,0.162723,0.062635,0.065786,0.491463,0.062395,0.093321
629_31_31_257,1,6,0.023156,0.072982,0.229265,0.060009,0.20631,0.101111,0.307167
629_31_1193_1546,1,4,0.099081,0.256771,0.111432,0.023208,0.325114,0.108404,0.075991
629_32_2522_2770,1,4,0.018687,0.080945,0.115,0.168995,0.431894,0.070566,0.113913
629_32_882_1172,6,3,0.070105,0.144995,0.097631,0.398148,0.126265,0.052469,0.110387
629_32_2039_2204,6,3,0.085597,0.175525,0.065992,0.314459,0.042801,0.071106,0.24452
629_32_1600_1861,6,3,0.072387,0.108219,0.041076,0.551775,0.063594,0.052113,0.110836
629_32_258_691,6,3,0.033379,0.04803,0.044262,0.461635,0.062652,0.140083,0.20996
629_31_1882_2019,1,1,0.198468,0.294146,0.091539,0.024693,0.066211,0.193933,0.13101
629_31_709_879,1,5,0.022978,0.091839,0.159607,0.012334,0.092117,0.542707,0.078418
631_32_2473_2600,6,3,0.051566,0.105695,0.063073,0.377161,0.035422,0.051478,0.315605
631_31_31_340,0,0,0.549305,0.300206,0.024585,0.011146,0.044402,0.060951,0.009405
631_32_1075_1382,6,3,0.086062,0.13801,0.047286,0.313968,0.124823,0.178907,0.110943
631_32_2028_2179,6,3,0.026447,0.067404,0.015457,0.590711,0.08439,0.005842,0.209749
631_32_1580_1839,6,4,0.020108,0.106649,0.054366,0.126977,0.349253,0.044457,0.29819
631_31_1388_1579,6,3,0.009491,0.01253,0.012127,0.667461,0.056117,0.025228,0.217047
631_31_2190_2463,6,6,0.109967,0.155082,0.220278,0.065075,0.056728,0.0943,0.298569
631_31_639_1052,6,6,0.063723,0.120949,0.087836,0.202239,0.145458,0.120887,0.258909
631_32_365_612,6,1,0.191437,0.306936,0.060129,0.08347,0.185056,0.07499,0.097981
631_31_1859_2002,6,6,0.01317,0.044304,0.031248,0.232566,0.055238,0.076824,0.546651
632_31_31_159,1,4,0.02792,0.123311,0.100716,0.022628,0.663488,0.038392,0.023546
632_32_1270_1573,0,0,0.586399,0.198931,0.01677,0.049415,0.058014,0.06591,0.024562
632_31_2036_2127,4,3,0.01305,0.031702,0.04056,0.460816,0.047043,0.008798,0.398032
632_31_1067_1253,1,4,0.074894,0.145089,0.086217,0.043692,0.50238,0.068337,0.079392
632_31_1639_1853,4,4,0.01688,0.043686,0.145023,0.129149,0.512478,0.027257,0.125527
632_32_181_320,0,0,0.425134,0.282499,0.058718,0.034189,0.110436,0.057373,0.031651
632_32_2128_2236,6,6,0.019779,0.047437,0.064864,0.354825,0.067269,0.047552,0.398273
632_32_791_1039,6,0,0.324957,0.273758,0.05293,0.036736,0.209982,0.053493,0.048145
632_31_359_783,1,4,0.037645,0.065157,0.081468,0.036959,0.710244,0.040548,0.027979
632_32_1857_2018,6,3,0.016482,0.032406,0.042309,0.419256,0.102839,0.031638,0.35507
634_32_112_200,6,6,0.016476,0.030144,0.10897,0.232503,0.016833,0.169023,0.426051
634_32_1249_1443,6,6,0.062621,0.112773,0.074138,0.142335,0.165416,0.075959,0.366758
634_32_1533_2092,6,6,0.042667,0.100555,0.058909,0.214821,0.107819,0.05771,0.417518
634_31_1007_1199,1,6,0.014383,0.123662,0.201131,0.034047,0.197985,0.091134,0.337658
634_31_221_455,6,6,0.015638,0.034306,0.063636,0.129904,0.07373,0.142177,0.54061
634_31_2116_2239,6,6,0.012953,0.02605,0.036788,0.339723,0.019868,0.078873,0.485746
634_32_492_979,6,3,0.046331,0.052061,0.021934,0.509454,0.064566,0.07178,0.233875
634_32_2262_2311,6,3,0.020674,0.016061,0.024638,0.607776,0.012038,0.037079,0.281734
634_31_31_109,6,6,0.015465,0.025899,0.052752,0.272795,0.05961,0.054887,0.518591
634_31_1463_1502,6,5,0.01065,0.027605,0.043911,0.032555,0.023394,0.503162,0.358723
635_32_2280_2613,6,1,0.112579,0.358627,0.061798,0.074896,0.146057,0.034004,0.212039
635_31_31_193,6,6,0.016975,0.050287,0.168552,0.077972,0.06886,0.173242,0.444112
635_32_1125_1594,1,1,0.049205,0.255811,0.109725,0.229074,0.1834,0.085068,0.087717
635_31_2009_2209,6,6,0.021417,0.119785,0.154007,0.060024,0.115298,0.05231,0.47716
635_31_1611_1738,6,3,0.018319,0.040376,0.030255,0.609457,0.018314,0.079891,0.203387
635_32_204_282,6,5,0.010344,0.035612,0.063162,0.022847,0.027796,0.67134,0.1689
635_32_1780_1940,6,5,0.017877,0.027808,0.019222,0.308698,0.022948,0.560002,0.043444
635_31_916_1107,6,5,0.017373,0.053932,0.055742,0.206758,0.037898,0.37663,0.251667
635_31_296_659,6,6,0.03208,0.051788,0.083293,0.229307,0.233335,0.113662,0.256535
635_32_681_845,1,6,0.019872,0.100153,0.042759,0.059823,0.068468,0.223624,0.485301
636_31_2165_2532,1,1,0.183427,0.382089,0.022241,0.046111,0.225558,0.107619,0.032956
636_31_31_141,6,3,0.017723,0.013361,0.010928,0.755239,0.031783,0.092555,0.078411
636_32_1275_1400,6,5,0.047629,0.081888,0.062641,0.036841,0.070145,0.607083,0.093772
636_31_914_1257,4,1,0.181273,0.290345,0.063491,0.033349,0.144504,0.172831,0.114206
636_31_1435_1825,1,1,0.300799,0.410036,0.041497,0.0437,0.095875,0.037273,0.07082
636_32_1834_2160,0,0,0.71886,0.133718,0.009816,0.004645,0.017625,0.109388,0.005948
636_31_412_691,1,4,0.063532,0.246127,0.114856,0.042475,0.413815,0.04582,0.073375
636_32_692_880,6,0,0.48657,0.297651,0.034967,0.00951,0.032601,0.115431,0.02327
637_31_31_137,0,0,0.44456,0.196672,0.044075,0.012804,0.044671,0.227553,0.029665
637_31_1601_1709,6,3,0.018915,0.017901,0.026668,0.594777,0.17393,0.046081,0.121728
637_32_1745_2021,1,4,0.071774,0.247734,0.092955,0.042736,0.359482,0.022835,0.162484
637_32_1297_1586,6,6,0.062194,0.235313,0.136819,0.048578,0.116833,0.072916,0.327347
637_31_702_1056,1,0,0.549766,0.317981,0.022591,0.008533,0.043905,0.039253,0.017971
637_32_146_229,6,0,0.464604,0.185022,0.094957,0.017675,0.049361,0.098282,0.090099
637_32_520_669,1,1,0.185559,0.411078,0.04983,0.066385,0.096602,0.048777,0.141769
637_32_1057_1179,0,5,0.094177,0.156174,0.136505,0.039884,0.033364,0.39607,0.143826
637_31_275_503,0,1,0.304453,0.458412,0.02835,0.010993,0.164081,0.021274,0.012437
637_31_1190_1284,0,5,0.108851,0.201958,0.11338,0.039683,0.068439,0.288626,0.179063
638_31_31_149,6,6,0.027506,0.07085,0.068217,0.124315,0.131918,0.137762,0.439431
638_32_1214_1593,6,4,0.060236,0.220679,0.027897,0.020233,0.546391,0.027338,0.097226
638_31_2033_2260,6,4,0.071814,0.141259,0.042678,0.066607,0.445533,0.038471,0.193639
638_31_994_1197,6,1,0.101247,0.37868,0.033613,0.022481,0.244425,0.080298,0.139256
638_31_1624_1886,6,1,0.116751,0.293906,0.073233,0.029295,0.129616,0.187973,0.169226
638_32_166_451,1,4,0.057837,0.230939,0.174139,0.007743,0.390246,0.023531,0.115566
638_32_796_931,5,5,0.077892,0.051161,0.036397,0.026446,0.063333,0.674679,0.07009
638_32_2278_2437,6,6,0.03537,0.043335,0.038802,0.356216,0.091777,0.032348,0.402152
638_31_575_771,1,4,0.036913,0.291706,0.065853,0.018355,0.501866,0.01881,0.066496
638_32_1903_2018,6,1,0.036763,0.476878,0.148765,0.006567,0.219095,0.029104,0.082828
639_31_2270_2493,2,1,0.139658,0.484335,0.053983,0.016765,0.241486,0.027349,0.036423
639_31_31_170,1,6,0.053135,0.18672,0.143716,0.070468,0.159943,0.152191,0.233826
639_31_1188_1386,1,1,0.112625,0.433678,0.117472,0.013623,0.15108,0.112353,0.05917
639_31_1536_2026,6,1,0.027601,0.315516,0.106724,0.009973,0.288285,0.039208,0.212694
639_32_212_560,6,4,0.029887,0.254853,0.149919,0.01782,0.362857,0.025613,0.15905
639_32_1404_1506,6,1,0.027358,0.35552,0.135038,0.010536,0.328556,0.032947,0.110044
639_32_2066_2232,6,6,0.059873,0.309526,0.066565,0.039615,0.166976,0.030454,0.326991
639_32_2542_2627,6,3,0.092681,0.136899,0.06506,0.397839,0.125893,0.056274,0.125353
639_32_894_1165,6,3,0.038273,0.246532,0.085741,0.261619,0.222975,0.032051,0.11281
639_31_606_826,1,1,0.116612,0.542457,0.025226,0.007017,0.267996,0.024375,0.016319
683_35_97_178,3,3,0.007322,0.020215,0.025405,0.532769,0.015706,0.080521,0.318062
683_36_1228_1343,3,1,0.057767,0.293625,0.135615,0.154265,0.097923,0.154655,0.10615
683_35_1177_1217,3,3,0.013571,0.050219,0.085016,0.380002,0.036535,0.106907,0.327751
683_35_1498_1680,1,3,0.015914,0.035214,0.060111,0.478277,0.029868,0.074603,0.306014
683_35_1788_1929,1,2,0.031017,0.17521,0.220407,0.21155,0.120891,0.146038,0.094887
683_36_1407_1491,3,3,0.01533,0.051274,0.029897,0.734235,0.027048,0.006496,0.13572
683_36_915_942,2,3,0.028728,0.09529,0.167052,0.311248,0.104222,0.17875,0.11471
683_35_1343_1375,1,6,0.01806,0.096725,0.174823,0.202661,0.183728,0.035625,0.288378
683_36_1070_1156,3,3,0.024388,0.07956,0.047715,0.612602,0.028819,0.128172,0.078745
683_36_329_368,6,5,0.098666,0.211302,0.052975,0.006936,0.018134,0.567908,0.044079
683_35_969_1070,1,3,0.018526,0.081173,0.130912,0.47051,0.048491,0.026614,0.223773
683_35_419_581,6,1,0.053254,0.240876,0.154797,0.062,0.175625,0.114929,0.19852
683_36_31_95,5,5,0.031411,0.042668,0.01415,0.079497,0.011883,0.798145,0.022247
683_36_659_845,5,6,0.016509,0.057847,0.043793,0.136214,0.046833,0.272138,0.426665
683_36_1718_1761,2,5,0.013002,0.044387,0.024382,0.020768,0.014678,0.836262,0.046521
683_35_846_883,6,3,0.011362,0.034425,0.034362,0.580347,0.011892,0.04444,0.283172
683_36_1968_2034,6,3,0.048541,0.176695,0.06754,0.385889,0.054351,0.026087,0.240897
683_36_209_249,5,5,0.05308,0.104503,0.072793,0.074852,0.052779,0.483498,0.158496
683_35_260_290,6,6,0.030211,0.11627,0.115517,0.2531,0.101907,0.065087,0.317909
684_35_118_282,6,6,0.028335,0.099649,0.068006,0.086619,0.103037,0.037168,0.577185
684_35_1148_1219,3,5,0.017215,0.093933,0.069307,0.217835,0.046041,0.541858,0.013812
684_36_804_814,5,3,0.014235,0.016137,0.012914,0.785756,0.02194,0.042839,0.106179
684_36_31_92,6,0,0.213607,0.212309,0.0405,0.182468,0.033807,0.124796,0.192514
684_36_846_988,1,6,0.026571,0.094197,0.043334,0.151248,0.036479,0.317238,0.330934
684_35_727_758,3,5,0.006398,0.013629,0.02931,0.276229,0.017705,0.446054,0.210674
684_35_1008_1080,5,5,0.031802,0.011274,0.009886,0.150304,0.017838,0.768735,0.010162
684_36_393_455,1,3,0.007578,0.016969,0.014304,0.782275,0.027052,0.030382,0.12144
684_35_617_670,3,3,0.012496,0.030041,0.023752,0.442969,0.036832,0.165106,0.288803
684_36_672_721,3,3,0.011838,0.054977,0.025979,0.51463,0.017155,0.0807,0.294721
684_36_537_609,6,3,0.056601,0.15616,0.068416,0.308722,0.08137,0.096504,0.232228
684_36_1100_1126,6,5,0.031102,0.076103,0.049757,0.205477,0.041359,0.405146,0.191055
684_35_814_834,3,6,0.021189,0.083201,0.052112,0.106673,0.081675,0.311178,0.343971
684_35_476_537,1,1,0.069205,0.27338,0.035057,0.143852,0.203218,0.020128,0.25516
684_36_321_367,6,6,0.037808,0.092325,0.044835,0.287468,0.025642,0.18668,0.325242
684_35_367_383,3,6,0.017127,0.038317,0.039871,0.256022,0.041639,0.055253,0.551771
685_35_99_131,1,6,0.030599,0.134624,0.095743,0.080036,0.124133,0.078557,0.456308
685_35_1171_1279,1,1,0.329822,0.38508,0.017964,0.144835,0.032362,0.06773,0.022208
685_35_233_293,1,6,0.014154,0.030862,0.039668,0.408128,0.02526,0.021717,0.460212
685_36_1341_1502,1,1,0.301983,0.424484,0.02405,0.039402,0.030818,0.161102,0.018162
685_36_910_1028,1,1,0.064608,0.576891,0.031295,0.112606,0.080673,0.044951,0.088976
685_35_485_713,1,3,0.041078,0.06141,0.023237,0.61369,0.053578,0.091405,0.115602
685_36_1109_1151,1,5,0.107549,0.161675,0.045402,0.067789,0.027782,0.560765,0.029039
685_36_147_187,1,5,0.052179,0.143507,0.078238,0.011068,0.035958,0.590266,0.088784
685_35_1030_1109,1,5,0.026552,0.037602,0.041287,0.094082,0.034604,0.693528,0.072345
685_36_307_355,1,6,0.041839,0.18752,0.118992,0.039378,0.065841,0.171673,0.374758
685_36_397_478,1,1,0.116794,0.369123,0.058343,0.014375,0.122208,0.293768,0.025388
685_36_31_71,1,5,0.082816,0.234032,0.074812,0.013919,0.034674,0.50612,0.053627
685_36_724_874,1,5,0.05264,0.1677,0.040677,0.056786,0.026613,0.631153,0.024431
685_35_874_900,1,5,0.016149,0.067186,0.056907,0.04032,0.031369,0.622574,0.165495
685_35_355_370,1,6,0.040908,0.140515,0.077492,0.185038,0.132857,0.036261,0.386929
686_35_1141_1364,3,3,0.010793,0.031745,0.021989,0.635476,0.014448,0.029563,0.255986
686_35_250_264,3,3,0.04838,0.028347,0.027257,0.524751,0.026447,0.132791,0.212027
686_35_1423_1496,3,1,0.248742,0.409504,0.044469,0.06905,0.058861,0.100305,0.069069
686_35_791_977,3,1,0.159386,0.25517,0.061541,0.083265,0.152957,0.122804,0.164876
686_35_491_621,3,1,0.198616,0.291283,0.064165,0.054095,0.211508,0.062236,0.118098
686_36_1091_1127,5,5,0.023636,0.033888,0.017604,0.025199,0.014811,0.835854,0.049007
686_35_1031_1078,3,3,0.019909,0.031856,0.023165,0.651953,0.026182,0.065577,0.181358
686_36_31_89,4,4,0.018918,0.226799,0.216657,0.02201,0.376771,0.043764,0.095082
686_36_421_475,5,5,0.015153,0.034734,0.029817,0.021854,0.016792,0.833763,0.047888
686_36_1516_1543,1,5,0.035045,0.080403,0.040258,0.022635,0.026387,0.653802,0.141469
686_36_701_771,4,4,0.044582,0.318435,0.157324,0.010958,0.392882,0.030225,0.045594
686_36_1381_1423,1,1,0.076563,0.357229,0.098239,0.151414,0.138895,0.129697,0.047964
686_35_1551_1586,3,6,0.016714,0.075821,0.164064,0.027328,0.056746,0.151375,0.507952
686_36_991_1022,5,5,0.009628,0.031131,0.025243,0.015982,0.016199,0.753469,0.148349
686_35_351_386,6,6,0.01737,0.06069,0.260517,0.061262,0.135224,0.134506,0.330432
686_36_295_319,4,5,0.095565,0.2136,0.050166,0.006983,0.056886,0.512663,0.064136
688_36_119_151,6,1,0.068176,0.323071,0.055831,0.092419,0.18716,0.037936,0.235407
688_35_1131_1276,1,0,0.574121,0.198507,0.045852,0.047891,0.068012,0.029604,0.036013
688_36_936_979,1,1,0.175256,0.497575,0.042925,0.103162,0.063979,0.073972,0.04313
688_35_172_224,1,5,0.21709,0.060231,0.012884,0.005865,0.043884,0.649345,0.010701
688_36_1311_1393,3,3,0.047193,0.155336,0.105435,0.340085,0.158791,0.153621,0.039539
688_36_1046_1127,1,0,0.390694,0.287884,0.024224,0.118064,0.092594,0.041025,0.045515
688_35_618_711,0,0,0.56118,0.15497,0.018473,0.137233,0.067604,0.039271,0.021268
688_35_341_487,1,0,0.319192,0.263512,0.033983,0.048866,0.193256,0.084608,0.056583
688_35_31_82,5,5,0.056961,0.025746,0.013779,0.05077,0.023068,0.732548,0.097129
688_35_789_914,0,0,0.513135,0.091993,0.018524,0.166846,0.09229,0.065798,0.051414
688_36_723_788,1,1,0.321556,0.382146,0.032847,0.094411,0.044702,0.103055,0.021282
688_35_1406_1451,1,3,0.136659,0.102388,0.10528,0.402981,0.074766,0.034234,0.143691
688_36_500_561,1,1,0.079143,0.73843,0.017822,0.028406,0.105003,0.007153,0.024044
688_35_979_1028,1,0,0.705412,0.205759,0.014276,0.014026,0.019352,0.025274,0.015901
688_36_263_321,1,5,0.055637,0.077557,0.019788,0.022035,0.021913,0.768408,0.034661
693_36_123_132,6,5,0.173006,0.161172,0.050079,0.05932,0.03697,0.408297,0.111156
693_35_1413_1593,1,5,0.044151,0.042289,0.022382,0.296321,0.047819,0.455232,0.091805
693_36_851_1020,1,3,0.044668,0.077139,0.026589,0.542151,0.093865,0.077561,0.138026
693_35_173_207,3,3,0.045521,0.044003,0.032734,0.380955,0.091932,0.064281,0.340575
693_35_553_609,3,5,0.046353,0.176127,0.082582,0.089667,0.064002,0.496392,0.044877
693_35_1103_1127,0,6,0.079125,0.264767,0.047637,0.161458,0.12639,0.01525,0.305374
693_36_631_672,1,0,0.380615,0.370521,0.046861,0.034784,0.057148,0.054574,0.055497
693_36_469_536,1,0,0.359474,0.336525,0.054913,0.038326,0.099423,0.085223,0.026116
693_35_31_67,3,3,0.031934,0.055372,0.012959,0.761747,0.035244,0.072838,0.029907
693_35_692_763,3,0,0.428761,0.335981,0.020896,0.057029,0.030874,0.100261,0.026198
693_36_1269_1283,5,5,0.059653,0.073741,0.031238,0.024412,0.015619,0.730238,0.065098
693_35_340_371,1,1,0.164134,0.234075,0.033375,0.15692,0.190563,0.065063,0.15587
693_36_275_293,1,1,0.194551,0.356643,0.051321,0.050333,0.060846,0.181667,0.104638
694_35_31_169,6,5,0.016948,0.096966,0.232249,0.04969,0.093411,0.275142,0.235595
694_36_1179_1338,1,0,0.4344,0.243295,0.035914,0.086022,0.025898,0.089098,0.085373
694_36_204_353,1,3,0.017584,0.053284,0.057146,0.58281,0.025417,0.024214,0.239545
694_36_1451_1588,1,0,0.433502,0.235763,0.019634,0.115477,0.034915,0.145545,0.015163
694_36_532_599,1,0,0.395886,0.340618,0.024373,0.065521,0.044771,0.106806,0.022026
694_35_1113_1151,3,3,0.022135,0.086788,0.202262,0.384392,0.229772,0.042273,0.032377
694_36_980_1105,1,1,0.265914,0.302244,0.057966,0.056251,0.077061,0.122394,0.11817
694_35_417_453,6,5,0.012914,0.093516,0.121754,0.021914,0.014391,0.471645,0.263865
694_36_800_864,1,5,0.108116,0.105836,0.030838,0.155527,0.027615,0.49168,0.080388
694_35_1365_1421,4,2,0.017044,0.263329,0.45928,0.007538,0.154921,0.034805,0.063083
694_35_878_913,2,2,0.021472,0.218559,0.437979,0.048066,0.147386,0.034511,0.092028
694_35_1647_1678,6,1,0.129086,0.31233,0.137898,0.039021,0.198711,0.055783,0.127171
694_35_739_742,3,5,0.007299,0.024928,0.034838,0.036359,0.047803,0.746797,0.101977
695_35_91_150,3,6,0.010719,0.021748,0.012779,0.409699,0.006669,0.025382,0.513004
695_35_1214_1375,1,1,0.233038,0.444468,0.017316,0.048317,0.121139,0.043652,0.092069
695_36_1450_1493,1,1,0.174341,0.538602,0.027328,0.047013,0.065378,0.039142,0.108196
695_36_194_221,6,5,0.006927,0.024148,0.020778,0.064617,0.011596,0.649023,0.222911
695_35_1099_1111,1,6,0.017046,0.05711,0.082671,0.079706,0.095943,0.195264,0.472259
695_35_954_1049,1,2,0.053403,0.17385,0.372862,0.008621,0.09254,0.182639,0.116086
695_36_31_61,6,3,0.013001,0.029681,0.051198,0.409978,0.023371,0.192824,0.279946
695_35_1534_1621,1,1,0.17136,0.610781,0.012553,0.033718,0.102583,0.016805,0.052199
695_36_853_907,5,5,0.031269,0.035669,0.02028,0.021575,0.018477,0.841713,0.031018
695_36_1644_1674,1,6,0.038348,0.252023,0.131585,0.105017,0.093675,0.106817,0.272535
695_36_1153_1165,6,5,0.018593,0.048725,0.033127,0.042123,0.027374,0.695768,0.134291
695_36_293_315,6,3,0.033828,0.048131,0.028324,0.420093,0.019278,0.133314,0.317032
695_35_229_251,3,6,0.006111,0.015724,0.009127,0.277487,0.021289,0.034532,0.63573
695_36_1077_1082,5,5,0.01973,0.038604,0.035609,0.05486,0.024916,0.681082,0.1452
695_35_327_331,3,6,0.023674,0.055666,0.033993,0.282375,0.078153,0.0382,0.487939
696_36_1295_1317,1,6,0.037361,0.059163,0.053553,0.186742,0.038212,0.303429,0.32154
696_35_1159_1256,1,6,0.069576,0.139716,0.06158,0.112889,0.075386,0.129139,0.411714
696_35_887_1058,1,1,0.060809,0.362093,0.102783,0.059015,0.20119,0.083371,0.130738
696_35_1330_1392,1,5,0.135945,0.233569,0.070639,0.07855,0.062624,0.285695,0.132979
696_36_1091_1141,1,5,0.051588,0.12402,0.075947,0.131679,0.168577,0.285252,0.162936
696_36_159_202,6,3,0.032365,0.090307,0.060478,0.458005,0.033142,0.054162,0.271541
696_35_291_387,1,1,0.056134,0.364453,0.12376,0.053284,0.286544,0.078056,0.037768
696_36_433_439,4,5,0.040334,0.05635,0.027173,0.023477,0.036651,0.74955,0.066466
696_36_814_842,1,5,0.023533,0.054309,0.025467,0.223116,0.019293,0.604701,0.049581
696_35_649_743,1,3,0.035717,0.267567,0.080312,0.291516,0.07131,0.05015,0.203427
696_36_606_630,6,6,0.013805,0.036621,0.021069,0.391964,0.062184,0.043191,0.431165
696_35_498_566,1,3,0.012405,0.024386,0.034893,0.387551,0.028541,0.204993,0.30723
696_35_93_111,6,5,0.015772,0.045963,0.047432,0.025856,0.015462,0.629428,0.220087
696_36_31_35,6,5,0.069914,0.118927,0.074136,0.076363,0.084265,0.388156,0.188239
698_35_117_233,3,6,0.020725,0.078108,0.077238,0.243938,0.043822,0.245197,0.290973
698_36_1191_1314,1,0,0.447298,0.301851,0.037393,0.030894,0.023299,0.129347,0.029917
698_36_1725_1815,1,1,0.137708,0.308637,0.075678,0.285994,0.059724,0.085717,0.046543
698_35_826_949,2,5,0.028872,0.075083,0.202889,0.014662,0.096472,0.501862,0.08016
698_35_1351_1387,1,1,0.059844,0.351326,0.313846,0.009004,0.173984,0.035001,0.056994
698_36_587_620,0,5,0.180226,0.273149,0.053747,0.041163,0.033687,0.291452,0.126577
698_35_1084_1148,2,4,0.010551,0.071707,0.35703,0.022719,0.428662,0.060761,0.048569
698_36_999_1041,1,6,0.047901,0.191339,0.057077,0.103834,0.055789,0.11045,0.433609
698_36_1490_1560,1,0,0.409888,0.23797,0.0231,0.062781,0.026335,0.216112,0.023814
698_36_703_784,1,5,0.140698,0.287173,0.094316,0.017291,0.050633,0.29709,0.112799
698_35_670_677,6,5,0.006983,0.012218,0.01705,0.011897,0.012218,0.907378,0.032256
698_36_31_53,1,1,0.106792,0.277353,0.087838,0.086608,0.052453,0.252554,0.136403
698_35_1593_1615,3,4,0.023533,0.095417,0.22756,0.090955,0.507226,0.015441,0.039868
700_36_1277_1429,3,3,0.019399,0.039652,0.035603,0.593207,0.041464,0.059554,0.211122
700_35_1103_1240,3,6,0.016056,0.125926,0.156285,0.208549,0.108085,0.044628,0.340471
700_36_236_342,5,4,0.034598,0.279853,0.073576,0.033789,0.327572,0.0612,0.189411
700_35_1459_1498,3,3,0.035472,0.066685,0.013788,0.639446,0.030794,0.07444,0.139374
700_35_935_988,3,3,0.018551,0.044475,0.113253,0.386667,0.045623,0.103727,0.287705
700_36_459_622,6,3,0.056887,0.206307,0.082457,0.244846,0.086992,0.11937,0.203141
700_35_178_187,3,6,0.020681,0.056351,0.062612,0.189664,0.070615,0.029781,0.570295
700_36_1014_1051,3,3,0.020511,0.042511,0.017708,0.785882,0.053361,0.055354,0.024672
700_36_31_72,6,1,0.119259,0.612627,0.026407,0.015481,0.136556,0.018408,0.071262
700_36_722_867,3,6,0.031026,0.177917,0.041284,0.069608,0.171261,0.059834,0.449071
700_35_385_415,3,3,0.00669,0.004576,0.011931,0.93411,0.010729,0.022821,0.009144
700_35_646_663,5,5,0.006739,0.012326,0.033699,0.02329,0.010799,0.824904,0.088244
700_36_134_171,6,1,0.121888,0.343199,0.050989,0.014691,0.045597,0.260229,0.163408
700_35_94_108,3,5,0.01958,0.052166,0.094225,0.1571,0.093247,0.455551,0.128131
701_36_31_188,3,3,0.012519,0.025575,0.044308,0.675864,0.020173,0.030923,0.190638
701_36_1224_1348,1,4,0.108144,0.190653,0.052422,0.106792,0.47257,0.027783,0.041635
701_35_1135_1197,0,0,0.466801,0.35623,0.017766,0.038779,0.057207,0.021044,0.042174
701_35_1656_1824,1,0,0.60585,0.25025,0.019303,0.015976,0.063638,0.029855,0.015128
701_36_1446_1591,0,0,0.670777,0.198452,0.021621,0.014139,0.069563,0.02017,0.005278
701_35_855_1006,0,0,0.826385,0.098314,0.008895,0.010491,0.013196,0.0349,0.007819
701_35_1348_1407,1,0,0.386904,0.319812,0.018325,0.082639,0.041273,0.088678,0.06237
701_35_501_593,0,0,0.834764,0.13139,0.004412,0.003351,0.012765,0.008649,0.004668
701_36_1037_1134,1,1,0.37131,0.445859,0.029658,0.021704,0.037585,0.056708,0.037176
701_36_598_688,1,5,0.156994,0.131524,0.032645,0.048761,0.021378,0.515751,0.092947
701_36_450_500,5,5,0.033135,0.092435,0.03101,0.01882,0.022865,0.74047,0.061263
701_35_396_448,1,1,0.238691,0.408811,0.045858,0.04627,0.077538,0.048824,0.134007
701_36_750_846,1,0,0.47174,0.377628,0.019765,0.022482,0.03601,0.035436,0.036938
701_35_689_741,0,0,0.58742,0.191901,0.023792,0.04289,0.03495,0.091909,0.027138
701_36_351_396,1,5,0.02937,0.043254,0.025614,0.019501,0.015675,0.819043,0.047544
701_35_281_298,1,1,0.223257,0.598345,0.010961,0.04677,0.057786,0.019914,0.042966
702_36_110_254,6,1,0.117894,0.385675,0.053502,0.037687,0.111811,0.216889,0.076542
702_36_1217_1406,0,0,0.626532,0.185398,0.014971,0.053446,0.018348,0.078706,0.022599
702_35_1097_1212,1,0,0.729845,0.204013,0.005578,0.003088,0.027169,0.027302,0.003005
702_35_254_290,4,5,0.016729,0.076674,0.062208,0.015215,0.040702,0.683511,0.104962
702_35_1424_1511,1,5,0.068092,0.060622,0.015641,0.016003,0.026791,0.787441,0.02541
702_35_933_988,1,0,0.418567,0.232701,0.03168,0.01004,0.084098,0.179741,0.043173
702_35_562_729,4,1,0.240005,0.568405,0.015265,0.010754,0.114986,0.028062,0.022523
702_36_989_1086,1,1,0.12577,0.313863,0.066334,0.084749,0.08016,0.175823,0.153303
702_35_462_499,4,1,0.098437,0.350831,0.031661,0.065651,0.149168,0.047427,0.256826
702_35_31_70,4,1,0.116122,0.286251,0.12304,0.103165,0.148843,0.048062,0.174518
702_36_335_460,6,5,0.012656,0.068387,0.048709,0.028217,0.037316,0.72321,0.081505
702_36_757_921,1,0,0.475351,0.329649,0.016562,0.025793,0.024517,0.103743,0.024385
702_36_512_547,1,1,0.04487,0.33961,0.135648,0.041619,0.151766,0.05691,0.229577
705_36_1264_1320,1,0,0.405695,0.239253,0.036219,0.034578,0.042965,0.185837,0.055454
705_35_1161_1263,1,1,0.131447,0.277653,0.0391,0.138896,0.244637,0.053989,0.114279
705_36_192_303,6,6,0.016177,0.046062,0.03289,0.307366,0.060796,0.078933,0.457776
705_36_31_126,6,3,0.028736,0.053179,0.020952,0.402873,0.046895,0.050859,0.396505
705_35_756_958,1,4,0.06162,0.36877,0.130844,0.011363,0.393031,0.019903,0.014468
705_36_540_692,6,6,0.013895,0.068763,0.082111,0.154438,0.043118,0.066458,0.571219
705_36_1026_1144,1,6,0.117185,0.182245,0.055672,0.157207,0.080008,0.090398,0.317286
705_35_331_403,5,5,0.005721,0.016798,0.016374,0.004548,0.009451,0.907087,0.040021
705_35_473_520,4,4,0.011705,0.166163,0.284309,0.012199,0.393688,0.060388,0.071549
705_36_406_442,1,5,0.023995,0.050379,0.021174,0.1711,0.020214,0.51491,0.198228
705_36_1479_1530,1,0,0.357275,0.275399,0.033602,0.033832,0.033089,0.230345,0.036458
705_35_1387_1453,1,1,0.090135,0.401297,0.081686,0.071113,0.174985,0.032975,0.147808
705_35_693_716,5,5,0.003641,0.011636,0.008679,0.01101,0.009301,0.910338,0.045396
705_36_726_747,6,6,0.04141,0.11798,0.092499,0.10255,0.086746,0.228476,0.330341
705_35_155_177,6,5,0.026411,0.080867,0.089884,0.115206,0.050281,0.342218,0.295132
710_36_96_218,1,5,0.027112,0.06301,0.066317,0.016207,0.028133,0.672774,0.126446
710_35_1647_1820,4,0,0.303286,0.285545,0.032331,0.02176,0.176477,0.163179,0.017421
710_35_218_263,4,1,0.112947,0.420155,0.048911,0.014865,0.35867,0.021932,0.02252
710_35_824_1139,1,1,0.221568,0.525977,0.049518,0.010117,0.101281,0.036906,0.054634
710_35_1329_1448,1,1,0.173181,0.473873,0.088314,0.013657,0.094921,0.103706,0.052348
710_35_589_771,1,1,0.242579,0.538684,0.029208,0.009159,0.083313,0.071902,0.025155
710_35_31_96,4,4,0.052086,0.39893,0.027756,0.015509,0.455081,0.015484,0.035153
710_35_369_447,1,5,0.144733,0.204328,0.029889,0.015501,0.04056,0.516131,0.048857
710_36_1504_1647,1,5,0.10427,0.216375,0.05255,0.048316,0.122187,0.395258,0.061045
710_36_1202_1275,1,1,0.091403,0.259945,0.092766,0.111441,0.120359,0.071878,0.252209
710_36_771_824,1,5,0.299735,0.217076,0.022734,0.017686,0.020152,0.390449,0.032168
710_36_512_589,0,5,0.115327,0.149742,0.109851,0.036648,0.062379,0.422675,0.103379
710_36_272_318,1,5,0.027097,0.03162,0.016571,0.012022,0.013464,0.835421,0.063804
711_36_1246_1332,2,1,0.179281,0.25253,0.06148,0.156416,0.072276,0.15859,0.119426
711_35_1162_1193,4,1,0.084103,0.592032,0.04297,0.029053,0.203395,0.025948,0.0225
711_36_199_292,2,5,0.035282,0.087777,0.0465,0.123804,0.026528,0.564672,0.115438
711_36_1796_1885,6,3,0.035576,0.1092,0.080672,0.420194,0.130076,0.033141,0.191141
711_36_1443_1600,1,3,0.106173,0.205169,0.03217,0.397462,0.128287,0.071231,0.059508
711_35_2133_2277,1,5,0.212365,0.230472,0.026305,0.022674,0.033137,0.45159,0.023458
711_35_910_1008,0,1,0.156939,0.36142,0.050492,0.056761,0.072489,0.181791,0.120108
711_35_1332_1357,1,6,0.016314,0.116837,0.082442,0.163531,0.189233,0.028146,0.403497
711_36_2277_2405,6,0,0.332769,0.2374,0.029524,0.129872,0.055229,0.18796,0.027247
711_35_592_634,1,6,0.036141,0.054156,0.037284,0.256774,0.094267,0.175078,0.3463
711_36_1069_1162,2,3,0.022389,0.046118,0.035437,0.553693,0.03702,0.177338,0.128005
711_36_2068_2117,1,5,0.014555,0.034101,0.034129,0.025112,0.017972,0.813605,0.060526
711_35_1691_1796,0,1,0.200238,0.592564,0.027934,0.011194,0.141744,0.012604,0.013723
711_35_327_347,6,5,0.058803,0.071532,0.034042,0.027219,0.018201,0.6809,0.109303
711_36_435_501,2,1,0.10084,0.318837,0.1291,0.138946,0.104282,0.0657,0.142295
711_35_31_82,6,5,0.073715,0.166686,0.046783,0.023201,0.031672,0.595601,0.062342
711_35_1885_2030,1,1,0.307265,0.472064,0.041473,0.018795,0.096012,0.019891,0.044499
711_36_845_856,2,4,0.029654,0.211691,0.218857,0.030854,0.324556,0.054467,0.129922
712_35_1219_1306,1,5,0.04381,0.196338,0.060226,0.032123,0.120794,0.349464,0.197244
712_36_31_132,1,3,0.063051,0.10846,0.02493,0.438513,0.040508,0.289171,0.035367
712_36_1088_1219,1,1,0.215083,0.671407,0.015014,0.018126,0.04559,0.022513,0.012267
712_36_736_808,1,2,0.069689,0.199519,0.225245,0.021545,0.162337,0.113226,0.208439
712_36_168_280,1,3,0.031128,0.068793,0.056615,0.43828,0.075731,0.230966,0.098487
712_35_997_1088,1,1,0.098296,0.460875,0.032104,0.02574,0.220453,0.07615,0.086381
712_36_379_503,1,6,0.027386,0.055487,0.016862,0.290529,0.041563,0.178446,0.389727
712_36_622_663,1,1,0.062551,0.520746,0.077473,0.044418,0.040484,0.195764,0.058565
712_35_663_736,3,5,0.11922,0.122367,0.028638,0.10619,0.104665,0.459284,0.059637
712_35_132_168,6,5,0.016677,0.060733,0.144074,0.179238,0.074753,0.289323,0.235204
712_36_925_966,5,5,0.204589,0.066525,0.014667,0.023758,0.015825,0.638429,0.036208
712_35_808_890,6,6,0.062196,0.237668,0.10962,0.142419,0.129043,0.0495,0.269553
712_35_280_325,3,3,0.017112,0.064263,0.050425,0.419285,0.062204,0.148698,0.238013
712_35_503_552,3,3,0.021082,0.034863,0.017619,0.545622,0.072036,0.111029,0.197748
713_36_31_171,4,4,0.060701,0.250086,0.070994,0.025037,0.520706,0.040484,0.031993
713_35_1296_1307,5,5,0.010695,0.020889,0.014827,0.0065,0.014838,0.850241,0.08201
713_35_1543_1742,2,0,0.573544,0.278355,0.027111,0.011006,0.060148,0.029302,0.020534
713_36_1770_1859,1,1,0.106516,0.379933,0.026342,0.241209,0.101785,0.133932,0.010282
713_36_1450_1543,1,1,0.151911,0.356043,0.07548,0.085845,0.066314,0.207371,0.057036
713_36_1340_1388,0,0,0.50105,0.266483,0.023482,0.010744,0.037397,0.153539,0.007306
713_35_1065_1149,5,6,0.027362,0.073745,0.235682,0.023677,0.215642,0.072617,0.351274
713_35_295_397,5,6,0.037321,0.092224,0.114682,0.014497,0.138342,0.270257,0.332677
713_35_611_656,1,4,0.024482,0.203646,0.2443,0.01396,0.317358,0.124981,0.071273
713_36_452_550,4,4,0.012906,0.113267,0.155538,0.0855,0.354234,0.102262,0.176293
713_35_1388_1450,5,0,0.633634,0.186025,0.03568,0.007911,0.051552,0.064512,0.020686
713_36_861_927,0,5,0.19971,0.130049,0.051829,0.032308,0.024789,0.502285,0.05903
713_36_1196_1247,1,3,0.08606,0.177592,0.070292,0.335316,0.061335,0.178579,0.090825
713_35_841_861,5,6,0.100931,0.260039,0.067895,0.031527,0.114106,0.15433,0.271173
713_36_731_752,1,5,0.044156,0.047776,0.019904,0.017647,0.016879,0.776114,0.077524
714_36_1290_1440,3,3,0.020365,0.01947,0.021003,0.747142,0.134293,0.009741,0.047986
714_35_1141_1245,0,0,0.651241,0.275115,0.005303,0.009956,0.029697,0.024192,0.004496
714_35_1591_1701,3,1,0.198485,0.346042,0.046703,0.104187,0.070732,0.096284,0.137567
714_35_247_325,3,3,0.017763,0.077713,0.040346,0.387538,0.064309,0.236794,0.175538
714_35_1440_1486,1,1,0.080471,0.429028,0.096256,0.041614,0.170209,0.119861,0.06256
714_35_891_1040,0,0,0.534974,0.16247,0.025121,0.00851,0.05905,0.196574,0.013301
714_36_145_247,3,3,0.042882,0.118145,0.087419,0.256091,0.058393,0.244709,0.192361
714_36_1040_1141,1,1,0.141814,0.392469,0.164298,0.026331,0.164103,0.059438,0.051547
714_36_325_411,1,1,0.04326,0.482311,0.078099,0.101912,0.161376,0.065154,0.067887
714_36_603_641,1,4,0.017817,0.107775,0.103714,0.159572,0.27529,0.111458,0.224375
714_35_411_543,5,5,0.014229,0.087348,0.222464,0.064829,0.107579,0.263282,0.240268
714_35_31_114,4,5,0.056554,0.196896,0.051996,0.214853,0.206732,0.216421,0.056548
714_36_1501_1591,5,5,0.162964,0.193232,0.1669,0.032237,0.048318,0.285399,0.11095
714_35_641_795,5,5,0.069185,0.184999,0.186612,0.016886,0.153585,0.26138,0.127353
714_36_828_891,5,5,0.01527,0.126432,0.109732,0.051272,0.077819,0.393713,0.225761
715_36_31_211,4,1,0.043266,0.254954,0.186279,0.041292,0.203241,0.096443,0.174525
715_36_1249_1297,1,6,0.034882,0.149147,0.059965,0.072528,0.066586,0.297201,0.319691
715_35_1087_1249,5,6,0.032086,0.125533,0.076953,0.091424,0.064295,0.24433,0.365379
715_35_1545_1684,1,4,0.015794,0.265356,0.070966,0.005757,0.624222,0.006815,0.01109
715_35_249_312,6,1,0.112928,0.448706,0.048988,0.059697,0.166012,0.032126,0.131543
715_35_882_1033,4,1,0.096761,0.373626,0.035237,0.026919,0.318779,0.093778,0.054899
715_35_1319_1357,5,5,0.007583,0.019617,0.014529,0.025938,0.011948,0.876377,0.044007
715_35_425_619,5,5,0.049205,0.227862,0.059942,0.018022,0.238522,0.385095,0.021351
715_36_1033_1087,3,1,0.0838,0.328291,0.051016,0.117825,0.1064,0.241043,0.071625
715_36_674_826,6,6,0.024131,0.124141,0.025485,0.257515,0.0367,0.029115,0.502913
715_36_347_425,4,1,0.019964,0.29074,0.182425,0.062491,0.14785,0.024966,0.271564
715_36_1357_1460,1,6,0.02877,0.1462,0.056753,0.063129,0.130017,0.207493,0.367638
716_36_31_146,1,1,0.192107,0.346103,0.035233,0.098709,0.045825,0.232221,0.049802
716_35_1238_1387,3,3,0.016631,0.08082,0.019048,0.491731,0.025207,0.048635,0.317927
716_36_1138_1238,0,1,0.364925,0.462047,0.025474,0.015365,0.034504,0.046967,0.050718
716_36_1590_1835,1,3,0.144166,0.297778,0.030872,0.322573,0.030696,0.052032,0.121882
716_35_146_320,3,6,0.011198,0.04247,0.032444,0.239321,0.038808,0.264511,0.371248
716_36_1387_1489,0,0,0.455053,0.404884,0.028691,0.006742,0.028725,0.06564,0.010266
716_35_807_937,3,3,0.006676,0.009365,0.029653,0.710056,0.014905,0.080843,0.148502
716_36_937_1033,1,1,0.131938,0.643956,0.036896,0.031584,0.039592,0.083404,0.032631
716_35_524_718,1,1,0.108983,0.429492,0.02716,0.106773,0.111947,0.093997,0.121649
716_35_1033_1138,3,3,0.132256,0.16335,0.025269,0.229677,0.082679,0.156632,0.210137
716_36_397_524,1,1,0.108465,0.466663,0.04793,0.134713,0.052396,0.090631,0.099202
716_35_1489_1590,5,5,0.085146,0.104114,0.021093,0.010043,0.041578,0.704127,0.033899
716_35_1835_1990,0,0,0.72215,0.190375,0.013521,0.005511,0.037166,0.026696,0.004581
716_36_718_807,1,1,0.030517,0.307651,0.054531,0.151824,0.162947,0.017111,0.275419
718_35_103_145,1,5,0.068639,0.13873,0.048518,0.028253,0.033875,0.599044,0.082941
718_36_1201_1317,4,6,0.074761,0.241436,0.017171,0.169289,0.119667,0.082929,0.294747
718_35_1835_2059,1,1,0.127937,0.381251,0.071725,0.063892,0.126779,0.084474,0.143942
718_35_984_1201,0,1,0.262624,0.430822,0.049082,0.048073,0.048935,0.072378,0.088087
718_36_1499_1813,3,3,0.051401,0.068123,0.009722,0.660802,0.064947,0.075386,0.06962
718_35_1371_1499,1,1,0.109657,0.544264,0.021071,0.074685,0.171881,0.032871,0.045571
718_36_864_984,5,5,0.060336,0.08142,0.014312,0.032567,0.0192,0.739265,0.052899
718_35_562_660,4,5,0.054457,0.160113,0.062625,0.017676,0.031023,0.627568,0.046538
718_36_145_198,3,6,0.148629,0.172498,0.048279,0.175384,0.051732,0.193769,0.20971
718_35_314_436,3,5,0.083389,0.108969,0.02504,0.055615,0.020957,0.64346,0.062569
718_36_436_548,3,6,0.036752,0.141246,0.0628,0.25537,0.0356,0.177156,0.291076
718_36_31_103,3,3,0.11156,0.149639,0.055549,0.336952,0.080855,0.042769,0.222676
718_35_767_864,0,6,0.098494,0.215146,0.06326,0.21895,0.080912,0.011592,0.311645
718_36_660_767,3,3,0.065477,0.026384,0.010754,0.72929,0.031108,0.099745,0.037243
719_36_113_133,1,6,0.057389,0.231087,0.055248,0.117437,0.159637,0.024487,0.354714
719_35_1134_1311,3,6,0.02471,0.213815,0.080207,0.08256,0.050618,0.190456,0.357635
719_36_1343_1505,3,3,0.019665,0.045107,0.117329,0.399885,0.031212,0.251596,0.135207
719_35_920_1010,3,1,0.06033,0.341137,0.162608,0.066627,0.188313,0.027954,0.153031
719_36_567_643,1,2,0.02499,0.246826,0.269888,0.126395,0.095912,0.121543,0.114446
719_35_400_520,5,6,0.02372,0.116941,0.081016,0.103741,0.041178,0.254484,0.37892
719_35_31_76,5,5,0.046776,0.100942,0.055135,0.086481,0.083339,0.318178,0.30915
719_35_1505_1620,3,3,0.008134,0.014521,0.022321,0.758066,0.025091,0.009388,0.162479
719_36_727_886,4,1,0.028291,0.266783,0.071827,0.2184,0.131783,0.106502,0.176414
719_35_677_727,3,6,0.115602,0.269827,0.075226,0.085656,0.072129,0.076711,0.304848
719_36_1044_1089,5,5,0.017669,0.035573,0.037588,0.328948,0.028636,0.357353,0.194233
719_36_302_328,1,6,0.044533,0.14442,0.072979,0.21613,0.048284,0.16717,0.306485
719_35_222_250,5,6,0.014022,0.054844,0.090951,0.065803,0.057494,0.144096,0.57279
720_35_85_186,1,1,0.059186,0.535166,0.046633,0.006204,0.32178,0.014487,0.016543
720_36_1173_1427,3,3,0.014996,0.018153,0.006198,0.772645,0.064454,0.103807,0.019746
720_35_1980_2053,0,5,0.091805,0.135392,0.057807,0.028974,0.081739,0.545585,0.058697
720_36_1561_1720,3,5,0.227304,0.102673,0.027576,0.132474,0.027993,0.456605,0.025376
720_36_186_263,4,1,0.103631,0.4157,0.039157,0.09779,0.159705,0.054637,0.129379
720_35_1767_1872,0,5,0.044046,0.074105,0.026268,0.007665,0.025666,0.80899,0.01326
720_35_1427_1492,0,5,0.036433,0.197028,0.060618,0.03167,0.030703,0.556508,0.087041
720_36_877_983,2,1,0.084338,0.298421,0.064242,0.155741,0.085634,0.196236,0.115388
720_36_575_684,4,6,0.037801,0.11228,0.026103,0.220138,0.075892,0.103377,0.424408
720_35_1026_1173,1,1,0.107849,0.565329,0.04189,0.009162,0.248845,0.008775,0.018149
720_36_2053_2192,1,5,0.153597,0.260842,0.072101,0.084813,0.07996,0.330233,0.018456
720_35_263_445,4,1,0.3328,0.375482,0.02729,0.015306,0.102266,0.128371,0.018484
720_36_445_523,4,1,0.14626,0.303334,0.041467,0.047875,0.03933,0.235201,0.186534
720_36_31_85,4,5,0.137028,0.251749,0.032214,0.052605,0.044621,0.454634,0.027149
720_35_817_877,0,5,0.274373,0.245792,0.025077,0.012528,0.025165,0.382701,0.034363
720_36_1872_1980,3,2,0.025237,0.096773,0.357898,0.091306,0.239532,0.131648,0.057606
720_35_523_575,0,5,0.021991,0.092584,0.078086,0.013093,0.031232,0.675917,0.087096
1000_49_2411_2693,1,1,0.110139,0.315221,0.077677,0.082632,0.129922,0.15582,0.128589
1000_49_123_203,3,3,0.003855,0.002475,0.003532,0.942442,0.013849,0.026554,0.007293
1000_50_1278_1361,2,3,0.042553,0.118536,0.119792,0.419737,0.094052,0.017752,0.187578
1000_49_1127_1217,1,1,0.044249,0.416873,0.222262,0.013892,0.208975,0.038829,0.05492
1000_50_250_305,3,3,0.01179,0.008975,0.008635,0.890877,0.035526,0.014043,0.030153
1000_50_2739_2824,4,5,0.050793,0.089231,0.070023,0.272154,0.157442,0.29996,0.060397
1000_49_924_944,2,5,0.012435,0.051799,0.071341,0.003993,0.021251,0.817559,0.021621
1000_50_2067_2410,2,3,0.043944,0.127821,0.073271,0.300465,0.104805,0.09353,0.256164
1000_50_1004_1106,3,6,0.011009,0.017371,0.036504,0.331205,0.058414,0.042639,0.502858
1000_50_1465_1947,2,3,0.066928,0.118706,0.058948,0.423445,0.156463,0.071133,0.104377
1000_49_639_685,5,5,0.011365,0.029197,0.019964,0.163432,0.011955,0.743943,0.020144
1000_50_517_632,3,3,0.037819,0.049031,0.060446,0.597292,0.159134,0.04196,0.054319
1000_49_1392_1455,1,1,0.029129,0.36903,0.277306,0.019566,0.178394,0.066434,0.060141
1000_49_1977_2049,1,3,0.06477,0.128476,0.064167,0.302288,0.034198,0.280644,0.125458
1000_50_854_896,3,3,0.028304,0.056884,0.111375,0.357373,0.04816,0.144379,0.253524
1000_49_333_459,3,3,0.016092,0.085321,0.057746,0.581276,0.128169,0.052896,0.078499
1000_50_31_107,3,3,0.004166,0.001552,0.002145,0.940371,0.007083,0.014456,0.030226
962_50_104_183,5,5,0.011836,0.029958,0.051158,0.038225,0.117059,0.59533,0.156434
962_50_1146_1187,1,1,0.177933,0.308737,0.070815,0.170281,0.103749,0.064483,0.104002
962_49_197_268,5,5,0.010834,0.014326,0.011739,0.013195,0.02197,0.915714,0.012222
962_49_942_1108,1,0,0.414662,0.399626,0.034532,0.040877,0.047599,0.031138,0.031567
962_50_1312_1397,1,3,0.021794,0.008317,0.004235,0.88465,0.032538,0.029118,0.019347
962_49_584_694,3,6,0.049759,0.191458,0.068571,0.076664,0.173886,0.037174,0.402488
962_50_301_360,6,4,0.025833,0.084199,0.098015,0.070073,0.431897,0.019868,0.270114
962_49_389_504,1,1,0.087305,0.275771,0.102305,0.082661,0.143151,0.119684,0.189124
962_49_31_83,5,6,0.07116,0.123607,0.168106,0.034205,0.23689,0.126683,0.239348
962_49_1217_1279,1,0,0.427148,0.362836,0.019111,0.08844,0.049846,0.019652,0.032967
962_49_785_831,3,6,0.133678,0.196429,0.11744,0.068364,0.049927,0.10875,0.325411
962_50_710_764,3,3,0.011675,0.028476,0.017821,0.593617,0.062002,0.011487,0.274921
962_49_1408_1459,3,1,0.287848,0.376185,0.023635,0.216288,0.024051,0.051412,0.02058
962_50_514_548,2,4,0.019893,0.125076,0.156234,0.040035,0.275228,0.243173,0.140362
962_50_860_912,1,3,0.045397,0.109673,0.022299,0.577665,0.087088,0.016128,0.14175
965_50_112_260,3,3,0.028529,0.116748,0.042982,0.363977,0.188904,0.042151,0.216709
965_49_1174_1261,4,3,0.03188,0.091025,0.061344,0.496922,0.172436,0.070815,0.075578
965_49_1414_1529,3,3,0.018516,0.047594,0.019622,0.777499,0.068129,0.030935,0.037706
965_50_928_1007,3,3,0.00827,0.016572,0.008933,0.863218,0.010884,0.013066,0.079056
965_50_1303_1378,3,4,0.023934,0.12401,0.068472,0.234782,0.444108,0.019589,0.085105
965_49_519_637,3,1,0.250813,0.427143,0.037427,0.126357,0.062956,0.049446,0.045858
965_50_1091_1137,3,3,0.009402,0.010676,0.004086,0.885709,0.029486,0.015672,0.044969
965_49_292_386,3,3,0.027676,0.074359,0.025077,0.744275,0.041607,0.022264,0.064742
965_49_1026_1087,3,3,0.045391,0.186386,0.030908,0.603402,0.039189,0.068926,0.025799
965_50_422_488,3,1,0.075998,0.345779,0.096932,0.153028,0.172408,0.025839,0.130015
965_49_31_89,1,1,0.137691,0.520977,0.042605,0.020083,0.097725,0.153795,0.027124
965_50_661_802,3,3,0.019078,0.043716,0.020938,0.801608,0.044484,0.020461,0.049714
965_50_1544_1612,3,3,0.019907,0.036522,0.018112,0.696553,0.147112,0.020718,0.061076
965_49_824_913,3,1,0.304566,0.350624,0.028362,0.092904,0.029613,0.16631,0.02762
966_49_1281_1434,1,0,0.452139,0.388228,0.042794,0.012608,0.048486,0.040751,0.014993
966_50_1111_1241,0,0,0.536004,0.151465,0.027126,0.046392,0.021115,0.159735,0.058163
966_49_210_298,3,3,0.094679,0.294746,0.052012,0.387889,0.047498,0.056176,0.067
966_50_888_953,0,5,0.218737,0.054761,0.023948,0.018655,0.013646,0.642725,0.027527
966_50_129_184,3,3,0.01913,0.01649,0.041158,0.659157,0.040358,0.083915,0.139793
966_50_333_384,1,1,0.239733,0.461098,0.037397,0.041944,0.114033,0.039211,0.066584
966_49_623_672,5,5,0.124405,0.179362,0.10296,0.047958,0.117958,0.347102,0.080255
966_49_981_1100,5,1,0.178493,0.489451,0.039341,0.046685,0.054275,0.149973,0.041782
966_49_407_493,1,1,0.236341,0.500843,0.018591,0.133145,0.036501,0.048787,0.025792
966_49_31_105,5,4,0.143029,0.147842,0.080605,0.06259,0.248854,0.223877,0.093203
966_50_1468_1571,0,0,0.847082,0.098034,0.005058,0.006998,0.009064,0.030194,0.003569
966_49_815_880,5,0,0.381026,0.316634,0.016889,0.010206,0.018758,0.238168,0.018318
966_50_714_768,0,3,0.186403,0.268876,0.012696,0.331901,0.072519,0.022704,0.104901
966_49_1596_1666,1,1,0.346207,0.388796,0.041055,0.095858,0.040895,0.064869,0.02232
966_50_522_590,1,1,0.103152,0.403832,0.054505,0.190213,0.130493,0.024728,0.093077
967_49_31_175,6,1,0.117477,0.403633,0.13714,0.055667,0.100753,0.03221,0.153119
967_49_1253_1547,1,1,0.362355,0.485291,0.022632,0.008923,0.092667,0.018285,0.009846
967_49_2025_2122,0,0,0.62546,0.24574,0.030896,0.014424,0.02879,0.038662,0.016028
967_50_1160_1214,1,1,0.188248,0.497376,0.03835,0.037757,0.138325,0.047414,0.05253
967_50_203_280,1,1,0.138716,0.293145,0.051381,0.098177,0.059356,0.162071,0.197154
967_49_1689_1847,1,0,0.467099,0.41537,0.026087,0.012708,0.043521,0.020924,0.014292
967_50_911_969,1,1,0.302678,0.350934,0.040137,0.058058,0.063043,0.07705,0.1081
967_49_549_677,6,1,0.15666,0.376702,0.038091,0.108782,0.122317,0.040794,0.156654
967_49_1005_1133,1,1,0.281395,0.572808,0.025578,0.005291,0.09157,0.013008,0.010349
967_49_304_375,1,1,0.126081,0.439126,0.09807,0.098474,0.087603,0.089364,0.061281
967_50_385_510,1,0,0.633833,0.231226,0.019877,0.022686,0.020557,0.053638,0.018183
967_49_794_883,1,0,0.49241,0.356627,0.034172,0.006684,0.026885,0.062266,0.020955
967_50_1848_1994,1,5,0.054192,0.05848,0.011127,0.093366,0.036774,0.719332,0.026728
967_50_700_768,1,1,0.278439,0.53414,0.023056,0.028135,0.079569,0.027278,0.029384
967_50_1575_1652,0,5,0.209338,0.243958,0.049041,0.044523,0.053776,0.338753,0.06061
968_49_94_165,5,5,0.008711,0.00892,0.011278,0.219368,0.022514,0.720162,0.009046
968_49_1196_1382,5,3,0.025125,0.097994,0.051491,0.554319,0.04729,0.137233,0.086549
968_49_1565_1766,0,3,0.191234,0.230649,0.049718,0.351896,0.049801,0.115409,0.011294
968_50_201_272,1,1,0.074439,0.318066,0.094153,0.093434,0.216498,0.038325,0.165086
968_50_1390_1561,6,3,0.025579,0.066108,0.045999,0.514016,0.077453,0.037764,0.233081
968_49_877_1000,6,6,0.0207,0.093847,0.065314,0.219997,0.046698,0.077794,0.47565
968_50_540_616,1,2,0.013663,0.147264,0.32784,0.087292,0.229165,0.040298,0.154478
968_50_1036_1169,6,3,0.025555,0.083191,0.172256,0.298349,0.072175,0.066165,0.28231
968_49_279_343,5,3,0.063375,0.158558,0.030619,0.595153,0.026942,0.095148,0.030204
968_49_632_732,6,6,0.013942,0.096792,0.045018,0.326943,0.027013,0.10912,0.381172
968_49_425_502,3,3,0.041471,0.067388,0.033612,0.390968,0.030815,0.108281,0.327464
968_50_31_91,6,3,0.024374,0.033867,0.05227,0.466514,0.065605,0.12655,0.230819
968_50_733_848,6,3,0.024078,0.069819,0.039466,0.379943,0.075538,0.217211,0.193945
968_50_344_409,1,3,0.033958,0.066177,0.048974,0.508882,0.055499,0.08495,0.201562
969_49_123_214,6,1,0.017954,0.256093,0.183282,0.156494,0.060808,0.123903,0.201466
969_49_1271_1379,6,3,0.024159,0.072698,0.021493,0.628499,0.095219,0.059616,0.098314
969_50_1071_1248,1,3,0.043706,0.110918,0.024205,0.614732,0.090959,0.040133,0.075347
969_49_1625_1731,1,3,0.039399,0.156824,0.065228,0.588626,0.04751,0.079782,0.022631
969_50_226_322,6,3,0.01114,0.063478,0.024516,0.54513,0.084623,0.017219,0.253895
969_50_1746_1833,1,3,0.047021,0.106706,0.056973,0.233002,0.105734,0.223814,0.226751
969_50_1421_1589,1,4,0.075333,0.24491,0.050439,0.202325,0.318308,0.063683,0.045001
969_50_906_968,6,3,0.02463,0.053177,0.037038,0.689007,0.042538,0.042873,0.110737
969_50_517_595,6,3,0.006026,0.010274,0.011894,0.831995,0.01437,0.011314,0.114128
969_49_598_688,3,3,0.028468,0.10862,0.073073,0.504629,0.03704,0.072589,0.17558
969_49_980_1049,3,3,0.009099,0.036082,0.020121,0.845903,0.013319,0.013557,0.061919
969_49_343_496,6,6,0.019428,0.103317,0.075475,0.279092,0.0319,0.174213,0.316576
969_50_31_104,6,3,0.026217,0.084018,0.026688,0.406538,0.087341,0.081155,0.288043
969_49_812_904,3,3,0.016231,0.051147,0.043547,0.743183,0.029784,0.044187,0.071921
969_49_1845_1961,1,3,0.021243,0.084697,0.032854,0.714029,0.035689,0.09279,0.018698
969_50_727_797,6,3,0.004498,0.008235,0.009413,0.833266,0.011756,0.006398,0.126434
970_49_31_150,6,0,0.459751,0.248077,0.034461,0.020809,0.042881,0.110167,0.083854
970_49_1135_1348,5,0,0.459438,0.277596,0.056917,0.006928,0.078992,0.078889,0.041241
970_50_1648_1796,5,5,0.019069,0.11687,0.198597,0.091023,0.205799,0.256032,0.11261
970_50_206_258,5,2,0.091893,0.218292,0.250372,0.047639,0.150124,0.188561,0.05312
970_49_1802_2030,5,1,0.234182,0.472463,0.053337,0.015184,0.134678,0.033575,0.056581
970_50_1349_1463,5,5,0.017168,0.015482,0.008647,0.019783,0.016815,0.909766,0.012338
970_50_866_962,6,3,0.086855,0.20587,0.051422,0.289537,0.111342,0.019262,0.235713
970_49_512_597,1,0,0.436597,0.282111,0.076857,0.009349,0.044571,0.051803,0.098712
970_50_1056_1111,6,6,0.041931,0.137967,0.064873,0.303248,0.054908,0.035015,0.362058
970_49_261_357,5,5,0.441614,0.058396,0.025156,0.003484,0.018529,0.443988,0.008833
970_50_616_727,5,5,0.018484,0.070626,0.199181,0.041122,0.308535,0.323829,0.038223
970_49_986_1043,6,6,0.141025,0.177385,0.043283,0.072736,0.036847,0.165299,0.363425
970_50_366_492,5,1,0.118368,0.355899,0.090655,0.092684,0.148478,0.067451,0.126466
970_49_1476_1627,5,1,0.343577,0.462487,0.032167,0.01412,0.033307,0.091596,0.022746
970_49_746_848,0,0,0.378461,0.364185,0.069767,0.004996,0.116512,0.039293,0.026785
971_49_1203_1386,0,5,0.366573,0.150101,0.024636,0.007826,0.029388,0.41148,0.009997
971_50_1417_1734,2,1,0.183202,0.268672,0.062321,0.068502,0.168164,0.135743,0.113395
971_50_225_311,2,3,0.080854,0.233228,0.071036,0.308513,0.122058,0.061331,0.12298
971_49_1761_1870,0,0,0.487121,0.395057,0.011428,0.01151,0.074433,0.015666,0.004784
971_49_941_1049,0,5,0.397748,0.106372,0.008883,0.012644,0.018701,0.450239,0.005413
971_49_499_601,5,5,0.436631,0.072254,0.010845,0.003477,0.01278,0.457484,0.00653
971_50_1101_1179,2,1,0.162986,0.310286,0.123029,0.082546,0.139486,0.083451,0.098216
971_49_326_400,5,5,0.143029,0.104243,0.029961,0.006151,0.022504,0.659742,0.034371
971_50_626_698,2,4,0.038019,0.167078,0.076269,0.190671,0.459408,0.02167,0.046886
971_50_416_484,2,1,0.192291,0.243383,0.085677,0.069265,0.202454,0.099139,0.107789
971_50_31_118,2,4,0.186676,0.216913,0.044171,0.166868,0.285183,0.086545,0.013645
971_49_716_821,0,0,0.842028,0.109951,0.003195,0.001711,0.00997,0.030285,0.002859
971_49_139_178,5,5,0.025133,0.039339,0.024955,0.00789,0.011027,0.86844,0.023216
971_50_845_919,2,3,0.051827,0.153666,0.033211,0.468923,0.114957,0.094302,0.083115
972_49_107_219,1,5,0.130617,0.095045,0.021576,0.013302,0.023454,0.681871,0.034135
972_50_1243_1421,0,1,0.187837,0.302253,0.052908,0.045013,0.273404,0.115992,0.022593
972_49_1029_1217,1,0,0.218552,0.200615,0.044878,0.177915,0.075978,0.153075,0.128987
972_49_1457_1715,0,0,0.62655,0.291353,0.010277,0.013144,0.02847,0.019933,0.010273
972_50_1761_1849,4,1,0.161632,0.494984,0.096665,0.021269,0.16837,0.039015,0.018065
972_50_933_1001,1,0,0.398144,0.191308,0.016376,0.2262,0.024201,0.067934,0.075838
972_49_610_661,0,1,0.350139,0.507838,0.019963,0.009013,0.04977,0.042724,0.020553
972_49_367_494,0,0,0.329426,0.305339,0.071615,0.008902,0.047804,0.181034,0.055881
972_50_31_78,6,6,0.066631,0.076335,0.061658,0.154359,0.047696,0.164771,0.42855
972_49_799_917,1,1,0.151389,0.42631,0.043296,0.042582,0.08484,0.1094,0.142183
972_50_704_758,2,4,0.080083,0.1316,0.073261,0.242965,0.393427,0.030045,0.048619
972_50_519_549,1,0,0.35504,0.315128,0.088689,0.025357,0.067012,0.077472,0.071303
972_50_261_328,4,3,0.086186,0.133399,0.042786,0.419955,0.233494,0.065808,0.018371
973_49_1267_1417,0,0,0.832635,0.101689,0.007109,0.001982,0.011073,0.043125,0.002387
973_50_1179_1228,1,3,0.106965,0.297774,0.048898,0.299876,0.106515,0.094947,0.045025
973_49_1626_1690,6,0,0.567917,0.255664,0.014434,0.043829,0.024638,0.066807,0.026711
973_49_233_316,0,1,0.22297,0.415987,0.027613,0.076215,0.068807,0.022788,0.16562
973_50_1458_1594,1,1,0.117014,0.392832,0.028718,0.19124,0.076166,0.038233,0.155798
973_49_97_125,5,5,0.006752,0.014384,0.010531,0.019355,0.005702,0.900558,0.042718
973_50_877_956,0,0,0.332269,0.231139,0.038393,0.025537,0.03521,0.31083,0.026621
973_50_144_200,6,3,0.031715,0.037863,0.032287,0.506031,0.02074,0.045404,0.325959
973_49_1000_1124,6,1,0.148057,0.388471,0.031644,0.03141,0.179022,0.108949,0.112447
973_49_454_559,6,1,0.318644,0.428941,0.025924,0.021228,0.069371,0.069932,0.06596
973_50_31_78,6,3,0.01665,0.031685,0.012948,0.674014,0.033078,0.010879,0.220747
973_50_601_629,6,4,0.015444,0.230904,0.08423,0.085158,0.363912,0.025411,0.19494
973_49_662_860,2,1,0.145406,0.458702,0.106275,0.003353,0.251132,0.019498,0.015633
973_50_339_424,1,5,0.06003,0.118747,0.090907,0.012116,0.066911,0.61691,0.034381
974_49_1213_1712,4,4,0.028731,0.198496,0.040457,0.007747,0.667771,0.015535,0.041265
974_50_1748_2063,6,4,0.025472,0.089621,0.028937,0.213665,0.506443,0.020294,0.115568
974_49_251_328,3,3,0.018811,0.027424,0.012694,0.854945,0.02752,0.03635,0.022257
974_50_933_993,6,3,0.015331,0.035929,0.015606,0.708887,0.07936,0.008383,0.136503
974_50_130_218,3,3,0.006856,0.006278,0.006143,0.930707,0.017525,0.010655,0.021837
974_50_1130_1180,6,3,0.011159,0.008827,0.007143,0.819046,0.104096,0.028061,0.021669
974_50_604_756,6,3,0.022196,0.042105,0.016327,0.556818,0.269667,0.025401,0.067486
974_49_1023_1086,6,3,0.046608,0.159853,0.018427,0.405784,0.048089,0.018628,0.30261
974_49_460_570,6,3,0.012182,0.036284,0.033834,0.726994,0.085686,0.020777,0.084243
974_49_31_103,6,6,0.065174,0.288989,0.08227,0.092553,0.123461,0.024019,0.323534
974_49_787_895,6,3,0.03227,0.106259,0.014327,0.611282,0.124046,0.012223,0.099593
974_49_2089_2168,3,3,0.031067,0.079237,0.012139,0.60478,0.084105,0.01386,0.174812
974_50_367_427,3,3,0.011192,0.009206,0.009376,0.886037,0.013677,0.058222,0.01229
976_49_99_221,6,4,0.029997,0.215484,0.029617,0.06368,0.413238,0.046626,0.201357
976_49_1845_2049,4,4,0.05928,0.261077,0.012422,0.019608,0.5749,0.024489,0.048223
976_50_1305_1799,6,4,0.120921,0.253228,0.038408,0.128423,0.283702,0.041077,0.13424
976_50_2098_2242,6,4,0.102952,0.336094,0.034929,0.083399,0.339448,0.010534,0.092644
976_50_801_939,1,1,0.097769,0.42929,0.056634,0.025636,0.303796,0.048611,0.038264
976_50_561_619,5,4,0.030205,0.221519,0.088668,0.047944,0.241884,0.235948,0.133832
976_50_1121_1178,6,3,0.035839,0.143029,0.031916,0.349143,0.228975,0.009547,0.201552
976_50_268_354,6,4,0.07916,0.310372,0.068597,0.034205,0.337134,0.033947,0.136584
976_49_974_1055,4,4,0.06234,0.296072,0.03543,0.004509,0.570428,0.006828,0.024393
976_49_386_508,6,1,0.060689,0.438764,0.054632,0.066351,0.138011,0.0837,0.157853
976_50_31_70,4,4,0.028962,0.137815,0.032111,0.028261,0.686616,0.010546,0.075688
976_49_1209_1264,6,0,0.281414,0.156642,0.056267,0.207208,0.046593,0.064984,0.186891
976_49_652_747,2,1,0.202301,0.288572,0.043441,0.01372,0.114044,0.274317,0.063606
978_49_90_139,1,5,0.304612,0.231158,0.038656,0.006594,0.052351,0.345594,0.021035
978_49_1201_1505,1,1,0.036847,0.576294,0.102187,0.015268,0.136106,0.04511,0.088189
978_50_1878_2052,4,6,0.020825,0.11066,0.02632,0.349108,0.12515,0.015022,0.352914
978_50_1082_1184,4,1,0.043495,0.31188,0.073468,0.13224,0.303844,0.028442,0.106631
978_50_1527_1738,4,6,0.020502,0.121316,0.096646,0.097256,0.143686,0.182265,0.338328
978_49_216_291,3,3,0.027234,0.09946,0.050451,0.365981,0.073701,0.262201,0.120972
978_49_1757_1851,3,6,0.055065,0.097297,0.020245,0.209338,0.057694,0.239354,0.321007
978_50_811_940,4,3,0.052056,0.203275,0.037208,0.316509,0.267005,0.02319,0.100758
978_50_531_641,4,6,0.015059,0.161415,0.122853,0.124983,0.220602,0.024767,0.330321
978_50_141_202,4,4,0.061984,0.17445,0.08549,0.256206,0.308127,0.046923,0.066819
978_50_315_456,4,4,0.03722,0.275066,0.077134,0.115159,0.312161,0.084267,0.098994
978_49_956_1063,3,3,0.011148,0.04342,0.024006,0.77684,0.021489,0.017178,0.105918
978_49_458_516,3,1,0.135187,0.397876,0.081626,0.035248,0.071646,0.169194,0.109224
978_50_31_80,4,4,0.124417,0.224526,0.047233,0.185494,0.307897,0.055841,0.054592
978_49_669_795,3,1,0.077535,0.404222,0.033887,0.020299,0.296668,0.0254,0.141988
981_49_1182_1434,3,3,0.008935,0.006461,0.006619,0.713732,0.02487,0.235294,0.004088
981_49_1602_1802,3,3,0.020461,0.043084,0.008782,0.797455,0.036486,0.078313,0.015419
981_49_194_284,5,3,0.009579,0.037163,0.132237,0.405708,0.025786,0.293623,0.095903
981_49_877_996,3,3,0.020123,0.054811,0.075833,0.669152,0.027503,0.082598,0.069978
981_49_582_708,3,3,0.01989,0.048198,0.051463,0.669281,0.027984,0.100258,0.082926
981_50_1084_1170,3,2,0.024065,0.10714,0.430763,0.177486,0.104495,0.115566,0.040484
981_50_322_382,3,5,0.019734,0.091954,0.189754,0.10256,0.04502,0.40664,0.144338
981_49_31_91,5,2,0.01151,0.043756,0.677966,0.009447,0.068031,0.077492,0.111799
981_49_400_439,3,3,0.061644,0.218593,0.183636,0.273039,0.078975,0.076589,0.107525
981_50_1485_1582,3,3,0.017191,0.025916,0.021576,0.706355,0.084069,0.105739,0.039152
981_50_712_872,3,5,0.018819,0.022049,0.04174,0.190357,0.056064,0.624865,0.046106
981_50_1828_1888,3,3,0.01638,0.068974,0.0919,0.403409,0.250297,0.130998,0.038042
981_50_482_569,3,5,0.007433,0.014642,0.017367,0.073397,0.018826,0.807686,0.060647
981_50_131_176,5,5,0.009616,0.009536,0.037399,0.078096,0.030821,0.620883,0.213649
982_49_1267_1785,3,3,0.01194,0.038031,0.101318,0.563278,0.141666,0.037628,0.106138
982_50_1180_1243,3,4,0.029039,0.205162,0.039759,0.15698,0.432995,0.026478,0.109587
982_50_888_1014,3,3,0.015404,0.02426,0.016588,0.749111,0.076445,0.032363,0.085829
982_50_131_241,3,4,0.022932,0.069763,0.092349,0.237427,0.527775,0.023847,0.025907
982_50_587_644,3,3,0.043107,0.141163,0.052689,0.434019,0.12643,0.119821,0.082772
982_49_1055_1129,3,4,0.022593,0.181667,0.110325,0.236429,0.284673,0.07582,0.088493
982_49_259_339,3,3,0.021999,0.073392,0.050188,0.629348,0.0421,0.139982,0.042991
982_49_471_530,3,3,0.013682,0.033794,0.026807,0.723515,0.021359,0.067679,0.113165
982_49_31_108,6,3,0.005819,0.0047,0.006631,0.867525,0.020017,0.059376,0.035932
982_50_376_442,3,3,0.012144,0.007073,0.009162,0.863419,0.043632,0.042815,0.021756
982_49_663_834,5,6,0.05573,0.178709,0.061232,0.135919,0.047967,0.239463,0.280979
982_50_1832_2021,3,3,0.01716,0.004591,0.014271,0.560816,0.079599,0.297344,0.026218
983_50_1137_1329,4,4,0.028412,0.238264,0.025372,0.015351,0.664661,0.010877,0.017063
983_50_1613_1747,4,4,0.033958,0.270579,0.085193,0.124187,0.372423,0.036356,0.077304
983_50_165_264,4,4,0.01677,0.036716,0.034121,0.20925,0.332774,0.186757,0.183613
983_49_1778_1840,6,5,0.01537,0.069453,0.068088,0.144114,0.15714,0.409404,0.136431
983_49_1356_1583,3,3,0.053168,0.259029,0.035176,0.373538,0.086332,0.109559,0.083197
983_50_924_1010,4,4,0.024951,0.188104,0.034865,0.048939,0.63516,0.020536,0.047444
983_49_331_375,3,3,0.020705,0.035191,0.054489,0.563302,0.045965,0.189401,0.090947
983_50_408_475,4,3,0.026508,0.076288,0.024749,0.411364,0.31173,0.025896,0.123465
983_49_749_865,6,1,0.039629,0.34944,0.084714,0.016882,0.238731,0.103623,0.166981
983_49_80_114,3,3,0.021454,0.063439,0.04492,0.605851,0.081003,0.076002,0.107331
983_50_643_704,4,3,0.028088,0.094314,0.030226,0.423087,0.324987,0.033673,0.065624
983_49_502_590,3,5,0.025718,0.035582,0.029431,0.419536,0.031841,0.44354,0.014351
983_49_1058_1094,6,1,0.025519,0.251707,0.22108,0.069275,0.176547,0.088651,0.167221
983_50_31_49,6,6,0.050779,0.067025,0.050427,0.131594,0.095347,0.221531,0.383297
984_49_80_136,3,3,0.011001,0.02082,0.047693,0.789133,0.047158,0.022704,0.061491
984_50_1129_1344,4,4,0.031984,0.163664,0.044168,0.231349,0.443563,0.023259,0.062012
984_50_2022_2063,4,4,0.042246,0.190523,0.017978,0.189092,0.413722,0.019072,0.127367
984_50_1625_1849,4,4,0.023714,0.066055,0.042107,0.133497,0.568119,0.039412,0.127097
984_50_152_271,4,3,0.068676,0.127787,0.022211,0.448783,0.211029,0.043792,0.077722
984_49_1375_1578,3,1,0.056675,0.337713,0.064278,0.119734,0.135851,0.150386,0.135362
984_50_875_955,4,4,0.03803,0.241466,0.071896,0.162847,0.270817,0.059279,0.155665
984_49_563_612,3,3,0.050382,0.209027,0.083514,0.430969,0.062605,0.143763,0.01974
984_49_306_356,3,3,0.031986,0.07257,0.04505,0.387201,0.043243,0.358777,0.061173
984_49_982_1091,3,3,0.056089,0.221191,0.047503,0.436629,0.062957,0.102267,0.073364
984_50_403_518,4,3,0.02861,0.077387,0.083901,0.281563,0.249613,0.016579,0.262347
984_49_1878_1994,3,5,0.007703,0.014636,0.009302,0.374864,0.021508,0.555115,0.016872
984_50_643_722,4,3,0.034042,0.148261,0.032146,0.390513,0.173223,0.124161,0.097653
984_49_737_818,3,3,0.023521,0.102614,0.020122,0.732306,0.041927,0.028201,0.051309
984_50_31_49,1,5,0.025106,0.04344,0.042591,0.122489,0.033826,0.389298,0.34325
985_49_105_141,3,3,0.014318,0.036698,0.014298,0.820097,0.026256,0.047213,0.04112
985_50_1148_1325,4,4,0.070859,0.240226,0.058255,0.216713,0.282868,0.083597,0.047482
985_50_166_298,1,5,0.050147,0.075236,0.025739,0.062773,0.04773,0.659209,0.079165
985_50_1726_1849,4,4,0.04127,0.224091,0.030195,0.099292,0.555871,0.01191,0.037372
985_49_1364_1665,1,1,0.115309,0.36222,0.052022,0.225542,0.08765,0.118763,0.038493
985_50_948_1024,4,4,0.024946,0.18021,0.092401,0.022436,0.603171,0.010017,0.066818
985_49_544_611,3,3,0.048531,0.129007,0.051347,0.507524,0.032834,0.198693,0.032064
985_49_1053_1113,3,3,0.083611,0.205154,0.045001,0.287133,0.148009,0.052726,0.178366
985_50_629_754,1,1,0.061804,0.287116,0.083812,0.13768,0.248953,0.055512,0.125123
985_50_446_526,1,3,0.051858,0.209197,0.062506,0.28884,0.188855,0.073321,0.125424
985_50_31_77,4,6,0.082587,0.13399,0.044527,0.181121,0.119903,0.176111,0.261761
985_49_773_893,3,3,0.028533,0.163496,0.03386,0.659033,0.036129,0.039955,0.038994
985_49_340_422,3,5,0.012564,0.047077,0.051342,0.380887,0.041308,0.395707,0.071115
985_49_1899_2043,3,3,0.058229,0.20209,0.035752,0.54103,0.082941,0.058886,0.021072
986_50_1198_1396,4,1,0.102075,0.440447,0.025275,0.065052,0.241149,0.032399,0.093602
986_49_1943_2073,6,1,0.041148,0.412364,0.064379,0.101954,0.226893,0.050799,0.102464
986_50_1577_1680,4,4,0.020545,0.128792,0.082387,0.129158,0.50522,0.022923,0.110975
986_49_238_346,6,1,0.106911,0.341052,0.043634,0.038598,0.064263,0.258138,0.147405
986_49_1719_1831,3,3,0.016289,0.048617,0.036037,0.671548,0.087145,0.047638,0.092726
986_49_1439_1527,3,3,0.030241,0.107824,0.067277,0.580376,0.074386,0.111415,0.028482
986_49_852_930,0,0,0.293062,0.254587,0.063531,0.056738,0.049547,0.112377,0.170158
986_50_132_220,4,5,0.134866,0.190422,0.04632,0.02996,0.074531,0.459803,0.064098
986_49_553_684,4,1,0.056487,0.346119,0.038461,0.058683,0.33431,0.041047,0.124892
986_49_1037_1133,3,1,0.078111,0.359467,0.056786,0.240248,0.104352,0.123138,0.037899
986_50_373_512,4,4,0.062565,0.224496,0.07429,0.034703,0.32507,0.149155,0.129721
986_49_31_105,5,5,0.035927,0.091748,0.064109,0.015287,0.046813,0.676727,0.069388
986_50_709_844,1,1,0.119354,0.289239,0.056697,0.026514,0.185373,0.251338,0.071486
986_50_1854_1918,1,3,0.029591,0.119226,0.04054,0.326415,0.278222,0.022702,0.183304
986_50_2113_2208,4,1,0.058379,0.640623,0.025858,0.01641,0.22561,0.008221,0.024899
986_50_956_1020,1,5,0.149928,0.212678,0.064312,0.032625,0.054728,0.35985,0.125878
989_49_31_136,4,3,0.032365,0.111007,0.056209,0.340992,0.127126,0.203899,0.128401
989_50_1266_1488,4,4,0.022485,0.119346,0.021956,0.026117,0.771167,0.018875,0.020055
989_50_1917_2290,4,4,0.020711,0.069978,0.077618,0.014013,0.753121,0.024346,0.040213
989_49_1076_1214,5,5,0.063618,0.129989,0.0192,0.055988,0.068634,0.643052,0.019519
989_49_1547_1850,1,1,0.083769,0.250783,0.077985,0.10034,0.122024,0.196468,0.168632
989_49_227_325,4,1,0.031405,0.332108,0.160377,0.045824,0.13337,0.162895,0.13402
989_49_871_982,1,1,0.086097,0.249831,0.051551,0.205396,0.119819,0.193188,0.094118
989_50_164_190,1,6,0.058479,0.152411,0.108181,0.110236,0.11069,0.169781,0.290221
989_50_1001_1062,1,0,0.347525,0.291235,0.026633,0.009768,0.024003,0.268914,0.031922
989_50_598_631,1,5,0.050036,0.127986,0.05402,0.118257,0.111429,0.350753,0.187518
989_50_382_460,0,5,0.05791,0.102734,0.043206,0.093395,0.035355,0.573479,0.09392
989_50_777_855,0,1,0.316806,0.369936,0.03892,0.052857,0.066266,0.105109,0.050107
989_49_680_745,1,1,0.026007,0.310304,0.063483,0.181745,0.207067,0.041443,0.169952
989_49_502_587,1,3,0.025754,0.122037,0.114699,0.50235,0.112257,0.07545,0.047452
990_49_31_147,4,3,0.018972,0.050122,0.032098,0.714237,0.075178,0.037656,0.071738
990_49_1264_1560,1,3,0.015526,0.023657,0.053588,0.709983,0.056158,0.104012,0.037076
990_50_1139_1202,4,1,0.051513,0.434607,0.05271,0.039412,0.37305,0.018295,0.030412
990_50_177_241,3,3,0.040379,0.079479,0.088066,0.43667,0.199483,0.103054,0.052869
990_49_543_617,1,3,0.027224,0.131146,0.113677,0.513856,0.046191,0.122742,0.045164
990_49_274_380,4,3,0.016275,0.035109,0.06276,0.707814,0.088373,0.044942,0.044727
990_49_991_1100,1,3,0.026902,0.131218,0.061078,0.593173,0.080051,0.036316,0.071262
990_50_427_501,5,5,0.019377,0.036808,0.024805,0.100743,0.028796,0.720892,0.06858
990_49_770_830,1,3,0.017773,0.079634,0.049976,0.722076,0.037062,0.028637,0.064842
990_49_1688_1759,1,3,0.021356,0.100388,0.115199,0.617754,0.062979,0.045905,0.036418
990_50_683_741,3,3,0.058131,0.146413,0.044568,0.391941,0.084346,0.137621,0.136979
990_50_1584_1667,3,3,0.036682,0.089737,0.085138,0.483267,0.085261,0.168864,0.051052
990_50_869_924,3,3,0.057185,0.17575,0.062897,0.39421,0.09039,0.082463,0.137104
991_50_31_192,3,3,0.025938,0.034812,0.019095,0.587205,0.275054,0.036589,0.021306
991_50_1228_1341,3,3,0.076637,0.142287,0.050006,0.319471,0.226945,0.103909,0.080746
991_49_1357_1703,1,5,0.030696,0.037612,0.025718,0.360535,0.052831,0.478494,0.014114
991_50_1742_1842,3,3,0.081318,0.189972,0.043863,0.394197,0.115158,0.052437,0.123055
991_50_945_1024,3,3,0.02317,0.040409,0.015217,0.540681,0.176167,0.025416,0.178939
991_50_531_596,3,6,0.029898,0.208356,0.041643,0.124136,0.274969,0.028679,0.29232
991_49_1064_1131,3,3,0.010126,0.009719,0.011422,0.879819,0.029551,0.048656,0.010707
991_50_283_360,5,1,0.125274,0.282942,0.041697,0.127035,0.231854,0.060675,0.130523
991_49_635_659,3,3,0.020159,0.039569,0.035158,0.525605,0.020599,0.270598,0.088312
991_49_404_492,3,3,0.022,0.071598,0.029429,0.702944,0.045454,0.10737,0.021206
991_49_829_901,3,3,0.03562,0.168771,0.054479,0.538047,0.078788,0.10218,0.022116
991_50_724_796,4,3,0.038131,0.098815,0.024591,0.379182,0.279069,0.030379,0.149833
991_49_210_250,3,3,0.03509,0.091242,0.042057,0.534829,0.037196,0.234699,0.024888
992_50_2451_2753,4,4,0.032001,0.162488,0.020179,0.037478,0.718948,0.012934,0.015973
992_49_31_141,4,4,0.023616,0.117217,0.036453,0.036211,0.710447,0.014908,0.061146
992_50_1238_1317,4,3,0.047116,0.104706,0.044382,0.406238,0.212378,0.094797,0.090383
992_49_1106_1235,4,4,0.011888,0.119995,0.158973,0.005403,0.649754,0.014387,0.0396
992_49_1362_1525,4,1,0.059424,0.333465,0.088058,0.019863,0.314062,0.063977,0.121151
992_49_857_959,1,1,0.245751,0.435816,0.027816,0.006517,0.246004,0.027734,0.010361
992_50_163_216,1,5,0.017982,0.037501,0.046215,0.017258,0.066008,0.749884,0.065152
992_49_1859_2388,4,4,0.019427,0.091868,0.034661,0.009151,0.812345,0.011166,0.021382
992_50_1590_1837,4,4,0.037601,0.096789,0.035671,0.020979,0.789123,0.010301,0.009536
992_49_485_672,4,4,0.01925,0.076323,0.023958,0.007586,0.853439,0.00814,0.011304
992_50_683_834,4,4,0.006606,0.027672,0.023393,0.018156,0.908857,0.006466,0.008851
992_50_1003_1084,1,4,0.086824,0.340584,0.031108,0.032734,0.460461,0.019708,0.02858
992_50_346_464,4,4,0.014778,0.044224,0.0448,0.021039,0.760978,0.090246,0.023934
992_49_258_341,4,4,0.006939,0.082648,0.094311,0.003279,0.74878,0.013573,0.050469
993_50_108_226,6,6,0.029035,0.087996,0.048668,0.232428,0.186386,0.032179,0.383309
993_49_1231_1503,1,3,0.035492,0.09921,0.091932,0.382978,0.209274,0.149401,0.031713
993_50_1161_1205,6,3,0.0088,0.012639,0.026543,0.561235,0.11684,0.019884,0.25406
993_50_1522_1720,4,4,0.01856,0.036449,0.018566,0.116517,0.700112,0.061311,0.048485
993_49_244_310,3,5,0.010123,0.035046,0.017509,0.152568,0.022649,0.718042,0.044063
993_49_1743_1928,3,3,0.019179,0.101753,0.085467,0.445042,0.077188,0.107242,0.164128
993_50_946_1022,1,4,0.029165,0.081352,0.055783,0.319508,0.348111,0.055743,0.110338
993_49_1040_1142,6,4,0.100352,0.152127,0.045373,0.18692,0.255916,0.044365,0.214947
993_50_607_656,6,3,0.059961,0.118769,0.091324,0.274722,0.083507,0.14856,0.223157
993_49_474_581,3,3,0.008244,0.015396,0.020054,0.779235,0.03028,0.112356,0.034435
993_49_31_87,6,5,0.048753,0.097233,0.028949,0.166503,0.033543,0.57493,0.050089
993_50_360_460,6,3,0.019784,0.03879,0.01497,0.392109,0.104028,0.038623,0.391695
993_49_780_912,3,3,0.008655,0.017753,0.01936,0.688916,0.063623,0.043852,0.157841
993_49_675_730,3,3,0.016732,0.030104,0.028359,0.75143,0.030933,0.053326,0.089117
993_50_742_778,6,4,0.023162,0.044676,0.053874,0.260166,0.361339,0.045754,0.211029
994_49_117_269,6,6,0.008304,0.050003,0.030586,0.11658,0.045739,0.025685,0.723103
994_50_1233_1534,1,1,0.099208,0.397139,0.095137,0.057338,0.25107,0.028538,0.07157
994_50_1846_2057,1,3,0.025828,0.150136,0.063076,0.28298,0.171313,0.046574,0.260093
994_49_1123_1217,6,6,0.138789,0.249099,0.160439,0.044463,0.095002,0.036107,0.2761
994_49_1549_1796,1,4,0.049319,0.36464,0.025797,0.042883,0.384446,0.02162,0.111296
994_49_879_974,6,6,0.01023,0.153916,0.273758,0.036449,0.092971,0.07037,0.362306
994_49_591_657,5,5,0.005554,0.026458,0.02672,0.044855,0.014529,0.80404,0.077845
994_50_303_390,5,5,0.008979,0.017659,0.02756,0.13718,0.031298,0.675321,0.102003
994_50_999_1087,1,1,0.047641,0.408219,0.075648,0.133128,0.270333,0.024557,0.040475
994_49_419_491,1,1,0.03783,0.446915,0.141701,0.024058,0.170378,0.071359,0.107759
994_50_31_85,6,6,0.018408,0.042707,0.069076,0.145445,0.046543,0.117059,0.560762
994_50_695_855,1,3,0.019862,0.084137,0.029376,0.439962,0.253801,0.069967,0.102894
994_50_511_582,6,6,0.017856,0.043331,0.042336,0.231613,0.232441,0.019826,0.412597
995_49_1943_2073,3,3,0.025836,0.046339,0.0133,0.657546,0.02463,0.223395,0.008954
995_49_1134_1261,3,3,0.009341,0.012435,0.017574,0.850187,0.012605,0.07946,0.018397
995_49_1554_1742,3,3,0.010182,0.020989,0.026569,0.666161,0.02289,0.198469,0.05474
995_50_1753_1931,3,3,0.041147,0.06442,0.020566,0.303628,0.268068,0.212175,0.089995
995_50_1307_1543,6,6,0.029723,0.184814,0.09036,0.102033,0.274388,0.028325,0.290357
995_49_132_219,3,5,0.007055,0.012455,0.023294,0.369387,0.01288,0.54905,0.025879
995_49_556_641,3,3,0.012908,0.019698,0.020385,0.800541,0.013737,0.074414,0.058317
995_50_958_1119,3,3,0.0328,0.01081,0.008819,0.558689,0.027416,0.343645,0.017822
995_50_264_364,6,5,0.046046,0.101906,0.088832,0.24033,0.107427,0.310496,0.104963
995_49_384_480,3,3,0.016166,0.039867,0.025803,0.738121,0.020624,0.124424,0.034996
995_50_31_112,6,3,0.049128,0.06597,0.041799,0.47235,0.091299,0.205627,0.073826
995_49_806_922,3,3,0.014724,0.014995,0.011381,0.742344,0.017575,0.185346,0.013635
995_50_660_777,5,5,0.006957,0.002997,0.003142,0.106517,0.007156,0.865413,0.007817
995_50_491_551,6,3,0.029948,0.030092,0.022275,0.441857,0.028087,0.384693,0.06305
996_49_104_205,6,6,0.020808,0.086053,0.047231,0.143574,0.216099,0.06103,0.425205
996_50_1121_1202,6,3,0.038431,0.076532,0.070109,0.408116,0.191477,0.057174,0.158162
996_49_1462_1894,3,3,0.012738,0.032566,0.023638,0.79867,0.040141,0.051757,0.04049
996_50_223_259,6,1,0.054852,0.278015,0.109987,0.109727,0.251168,0.056382,0.13987
996_50_875_985,1,3,0.090109,0.185281,0.034748,0.283362,0.125955,0.126903,0.153642
996_50_1313_1443,6,1,0.062695,0.298242,0.054571,0.144191,0.213679,0.040004,0.186619
996_50_594_695,1,1,0.05285,0.361947,0.070156,0.091167,0.2044,0.121587,0.097893
996_49_1002_1077,3,3,0.017701,0.050755,0.049707,0.739758,0.061241,0.027699,0.053139
996_49_435_576,1,3,0.015455,0.079199,0.121635,0.528762,0.043674,0.120402,0.090873
996_50_31_74,6,6,0.039174,0.060365,0.038087,0.233506,0.043828,0.140098,0.444942
996_49_1208_1285,3,3,0.017015,0.054493,0.051089,0.496985,0.019873,0.302734,0.057812
996_49_716_826,1,1,0.050417,0.476717,0.071469,0.126091,0.176663,0.023632,0.075012
996_50_368_417,6,6,0.018199,0.081412,0.18419,0.053802,0.238313,0.074379,0.349706
996_50_1924_2020,6,3,0.010493,0.018225,0.024779,0.641086,0.040369,0.029721,0.235326
996_49_276_331,3,3,0.013008,0.023078,0.030822,0.811819,0.066814,0.025438,0.02902
998_50_107_128,5,5,0.029804,0.04384,0.029459,0.032886,0.017813,0.674241,0.171956
998_49_1080_1565,3,3,0.015627,0.034453,0.022109,0.765147,0.08949,0.050713,0.022461
998_50_1609_1709,3,3,0.022062,0.011502,0.009389,0.815259,0.031196,0.100121,0.010471
998_49_149_245,3,3,0.007187,0.021821,0.014552,0.744852,0.01536,0.021307,0.174922
998_49_573_695,3,3,0.005002,0.006756,0.011974,0.899679,0.012937,0.019729,0.043922
998_49_1718_1783,3,3,0.012496,0.031777,0.014966,0.857174,0.018492,0.032303,0.032792
998_50_260_339,3,5,0.014344,0.010477,0.00846,0.448517,0.054993,0.448759,0.014449
998_50_995_1049,4,4,0.023543,0.083443,0.065231,0.166166,0.526543,0.018963,0.116111
998_50_467_557,3,3,0.009356,0.012335,0.010316,0.846157,0.034609,0.033044,0.054183
998_49_31_88,3,6,0.045667,0.084384,0.060313,0.187051,0.054951,0.245691,0.321943
998_49_368_446,3,3,0.009046,0.0103,0.010846,0.862259,0.011157,0.065274,0.031118
998_49_823_906,3,3,0.016823,0.106345,0.047013,0.519349,0.038765,0.176702,0.095002
998_50_728_792,4,3,0.021609,0.007157,0.006925,0.631977,0.106372,0.202533,0.023426
1641_83_2425_2584,6,6,0.022306,0.099103,0.110495,0.084599,0.08976,0.256947,0.33679
1641_83_97_219,3,3,0.012733,0.038088,0.074709,0.552431,0.085248,0.018602,0.218188
1641_84_1082_1334,3,3,0.033336,0.13604,0.07158,0.385281,0.112373,0.082909,0.178481
1641_84_2691_2768,4,3,0.021385,0.067145,0.052576,0.377662,0.037382,0.226608,0.217242
1641_84_1412_1497,6,2,0.026921,0.183524,0.2315,0.076864,0.205142,0.095629,0.180421
1641_84_3429_3660,3,3,0.036254,0.071323,0.020894,0.786388,0.026141,0.039707,0.019292
1641_84_3145_3196,1,5,0.078326,0.164462,0.037151,0.218443,0.047091,0.265432,0.189095
1641_84_3259_3337,1,3,0.046015,0.140566,0.049675,0.464395,0.030856,0.092933,0.17556
1641_83_2793_2855,6,6,0.014244,0.137045,0.125117,0.058528,0.223758,0.023074,0.418236
1641_83_1345_1389,6,6,0.063295,0.187252,0.10456,0.092137,0.062682,0.197339,0.292734
1641_83_2959_3127,1,2,0.018963,0.181402,0.263611,0.079712,0.157566,0.097272,0.201473
1641_84_2056_2227,3,3,0.043723,0.110215,0.044328,0.617476,0.046626,0.088246,0.049386
1641_84_1734_1856,3,3,0.007783,0.01852,0.034411,0.680078,0.017983,0.019126,0.2221
1641_84_584_643,3,3,0.011514,0.031077,0.031103,0.748956,0.017943,0.030256,0.129151
1641_83_1520_1715,6,1,0.093437,0.305422,0.170998,0.039366,0.132154,0.126829,0.131794
1641_83_3360_3413,6,6,0.019904,0.098727,0.174251,0.101506,0.06396,0.144869,0.396783
1641_83_1889_2040,6,6,0.018158,0.061488,0.081959,0.078106,0.094576,0.161597,0.504117
1641_83_842_883,6,6,0.009854,0.039887,0.084921,0.326312,0.050943,0.012019,0.476064
1641_83_946_1051,6,6,0.031935,0.044432,0.041512,0.129784,0.057471,0.246816,0.44805
1641_83_270_571,6,3,0.055866,0.077269,0.037723,0.475853,0.040132,0.090424,0.222733
1641_84_2317_2409,1,3,0.03245,0.168018,0.144851,0.229058,0.040225,0.202826,0.182573
1641_83_3213_3229,6,6,0.01787,0.031331,0.020577,0.178161,0.014128,0.26277,0.475164
1641_83_2256_2300,6,6,0.028936,0.140902,0.129575,0.10327,0.108393,0.183027,0.305897
1641_83_2659_2674,5,5,0.011931,0.051948,0.056048,0.063433,0.032974,0.666065,0.117601
1641_84_2887_2943,6,3,0.011643,0.032131,0.033989,0.554034,0.04524,0.194728,0.128235
1641_84_31_66,3,3,0.029603,0.113943,0.039047,0.564325,0.029988,0.026114,0.19698
1641_84_2608_2637,3,3,0.021546,0.14637,0.057172,0.434851,0.044735,0.086264,0.209062
1641_84_239_243,3,3,0.017876,0.035033,0.05744,0.649253,0.03331,0.0317,0.175388
1641_84_898_913,3,3,0.025704,0.132575,0.05138,0.477324,0.050937,0.076774,0.185307
1642_84_2199_2633,0,3,0.04685,0.172291,0.087155,0.251524,0.071614,0.134355,0.236211
1642_84_88_130,3,3,0.022128,0.069072,0.076738,0.571549,0.069638,0.081203,0.109672
1642_84_1258_1328,3,3,0.028281,0.126268,0.047366,0.679073,0.04601,0.034996,0.038006
1642_84_1101_1200,3,3,0.020212,0.078382,0.024959,0.654188,0.023686,0.061569,0.137004
1642_84_236_460,3,3,0.008877,0.026874,0.055668,0.697024,0.058148,0.026508,0.1269
1642_83_1331_1463,1,1,0.085331,0.437911,0.100442,0.049677,0.12586,0.073895,0.126883
1642_84_522_956,1,3,0.031663,0.243582,0.126391,0.256111,0.126897,0.039421,0.175936
1642_83_143_226,5,6,0.034526,0.159728,0.229031,0.095965,0.113063,0.082879,0.284807
1642_83_2040_2189,1,4,0.046221,0.343353,0.060163,0.054599,0.346575,0.043978,0.105111
1642_83_1725_1980,1,6,0.04708,0.161232,0.05323,0.22918,0.076357,0.151162,0.281759
1642_83_2634_2710,5,5,0.033003,0.158072,0.139935,0.106369,0.073298,0.26963,0.219693
1642_84_1465_1720,1,1,0.079833,0.375073,0.098559,0.127283,0.09401,0.053385,0.171858
1642_83_1201_1257,5,5,0.007912,0.022575,0.025076,0.066687,0.017954,0.795538,0.064258
1642_84_1981_2019,3,3,0.015376,0.036082,0.023845,0.807969,0.030861,0.046837,0.03903
1642_83_958_1099,5,6,0.019275,0.150254,0.273278,0.087583,0.106776,0.08289,0.279944
1642_83_461_520,5,5,0.008432,0.017223,0.018525,0.181764,0.023389,0.704222,0.046444
1642_83_31_77,5,6,0.0106,0.052467,0.107092,0.190838,0.11217,0.125637,0.401196
1643_84_2020_2534,1,1,0.076393,0.382359,0.049901,0.181974,0.074373,0.177339,0.05766
1643_83_123_210,2,1,0.025311,0.28211,0.136059,0.078021,0.181921,0.046546,0.250032
1643_83_1258_1384,5,6,0.016546,0.080159,0.133391,0.097595,0.047207,0.122069,0.503033
1643_84_881_1243,3,3,0.021446,0.115684,0.053897,0.403074,0.06222,0.042728,0.300951
1643_84_214_256,3,3,0.028448,0.065187,0.045524,0.485669,0.026553,0.297316,0.051303
1643_84_2796_3080,3,3,0.019458,0.074505,0.030464,0.490083,0.06253,0.082739,0.240222
1643_83_2733_2773,5,6,0.026239,0.059822,0.10806,0.168386,0.040029,0.16753,0.429933
1643_84_1392_1737,3,3,0.051161,0.248004,0.0455,0.307933,0.151579,0.032202,0.163622
1643_83_2535_2621,6,6,0.041326,0.206506,0.109088,0.187244,0.095693,0.081611,0.278532
1643_83_1741_1892,5,5,0.013439,0.061565,0.044572,0.048047,0.028202,0.746857,0.057319
1643_83_566_777,5,5,0.100813,0.170301,0.1001,0.108124,0.074837,0.292126,0.153699
1643_84_2631_2723,3,3,0.019236,0.070973,0.037405,0.683544,0.039596,0.029593,0.119653
1643_84_31_116,0,1,0.24582,0.284788,0.057667,0.067823,0.051503,0.268869,0.02353
1643_84_1901_1992,5,3,0.016311,0.070728,0.028605,0.436983,0.015206,0.396163,0.036005
1643_84_309_556,0,1,0.088984,0.332581,0.049143,0.272407,0.063113,0.068928,0.124845
1643_83_829_872,5,1,0.130194,0.300425,0.115569,0.040728,0.036967,0.210075,0.166043
1643_83_257_303,6,6,0.010135,0.032038,0.057419,0.378193,0.021774,0.020359,0.480083
1643_84_778_819,3,3,0.052366,0.135861,0.041894,0.593675,0.030124,0.111093,0.034986
1643_83_1993_2011,5,5,0.008163,0.028252,0.030435,0.02562,0.018326,0.817282,0.071923
1644_83_2468_2541,3,6,0.015897,0.0568,0.04592,0.344644,0.030456,0.120136,0.386148
1644_84_111_220,3,3,0.014353,0.023438,0.0158,0.717463,0.017259,0.178877,0.03281
1644_84_1180_1588,1,1,0.078705,0.328837,0.04655,0.129754,0.077585,0.056761,0.281808
1644_84_1802_2302,0,1,0.067393,0.283577,0.054868,0.179965,0.135012,0.079646,0.199538
1644_83_1607_1801,5,5,0.04362,0.115869,0.083977,0.044295,0.047672,0.564645,0.099922
1644_83_233_366,5,1,0.069557,0.270929,0.107055,0.093831,0.073478,0.177677,0.207473
1644_84_896_939,6,3,0.041217,0.138897,0.057502,0.425601,0.047939,0.117501,0.171342
1644_83_943_963,5,5,0.005965,0.017134,0.018724,0.017833,0.010784,0.852001,0.07756
1644_83_2303_2423,5,3,0.012457,0.034288,0.026574,0.464059,0.021763,0.2054,0.235459
1644_83_499_662,5,5,0.017816,0.069465,0.049347,0.190106,0.038929,0.517672,0.116666
1644_83_1128_1172,5,5,0.232665,0.241981,0.032354,0.016277,0.024262,0.374087,0.078374
1644_84_1043_1120,5,5,0.044934,0.107064,0.034007,0.06318,0.02166,0.695858,0.033296
1644_84_369_497,1,3,0.033481,0.335315,0.04774,0.376382,0.058643,0.064074,0.084364
1644_84_31_64,3,3,0.019809,0.052847,0.037093,0.723967,0.01957,0.108438,0.038277
1644_84_2430_2467,5,5,0.008761,0.012204,0.01109,0.067212,0.00579,0.87491,0.020032
1644_83_716_895,5,1,0.103561,0.439006,0.049259,0.073372,0.133464,0.109924,0.091414
1644_83_68_110,3,3,0.012775,0.016535,0.014302,0.622314,0.019666,0.221207,0.093202
1644_84_663_698,3,3,0.019101,0.017741,0.017553,0.655703,0.020547,0.240373,0.028982
1644_84_966_994,3,6,0.05729,0.243794,0.052552,0.224719,0.050114,0.0467,0.324832
1644_83_1003_1027,5,5,0.030008,0.152327,0.135383,0.040436,0.103666,0.471653,0.066527
1646_84_2404_2563,1,1,0.070152,0.357827,0.10342,0.116062,0.195021,0.040683,0.116835
1646_83_89_145,5,6,0.02828,0.098971,0.129386,0.088257,0.057128,0.281495,0.316483
1646_84_1155_1298,1,6,0.034729,0.205283,0.193023,0.079143,0.188123,0.054276,0.245424
1646_84_1941_2215,0,6,0.030596,0.20065,0.074243,0.117284,0.204471,0.094613,0.278143
1646_83_1599_1695,1,5,0.042297,0.142489,0.145642,0.025949,0.037699,0.418229,0.187697
1646_84_146_322,0,1,0.090486,0.377706,0.035478,0.293123,0.06282,0.03474,0.105647
1646_84_1714_1882,5,6,0.035818,0.133343,0.114278,0.158041,0.038434,0.161171,0.358915
1646_84_1409_1586,1,1,0.07359,0.372981,0.058637,0.165104,0.195735,0.054433,0.079521
1646_83_2216_2390,0,5,0.083421,0.173288,0.067525,0.047048,0.144371,0.433349,0.050998
1646_83_2604_2702,0,1,0.235748,0.55687,0.029638,0.014272,0.09527,0.019341,0.048861
1646_84_939_1115,0,1,0.08754,0.284675,0.192169,0.057376,0.123435,0.097487,0.157317
1646_83_1309_1405,0,4,0.06658,0.210103,0.103959,0.044658,0.237483,0.147122,0.190095
1646_83_447_638,0,1,0.255269,0.345184,0.035598,0.008532,0.040312,0.282337,0.032768
1646_83_334_407,1,1,0.218238,0.458811,0.051979,0.01191,0.029546,0.210226,0.019289
1646_84_31_80,0,3,0.024229,0.199475,0.051994,0.541543,0.083156,0.072862,0.026741
1646_83_1889_1939,1,5,0.155356,0.197469,0.066918,0.031752,0.041939,0.378705,0.12786
1646_83_1117_1139,1,5,0.026346,0.110508,0.089424,0.060303,0.05223,0.418592,0.242597
1646_84_661_820,1,5,0.096541,0.213142,0.116645,0.102503,0.070363,0.306267,0.094539
1646_83_829_921,5,5,0.043205,0.119131,0.044085,0.098746,0.057024,0.452598,0.185211
1646_84_407_437,0,5,0.057995,0.128404,0.072453,0.025595,0.02636,0.581322,0.107872
1647_83_2377_2584,1,4,0.050373,0.176867,0.155451,0.025776,0.5248,0.031113,0.035619
1647_84_31_157,1,3,0.015246,0.076458,0.041034,0.558584,0.078608,0.080722,0.149348
1647_84_1187_1521,1,5,0.020598,0.196358,0.144642,0.053735,0.059848,0.392595,0.132224
1647_83_1094_1186,5,5,0.014417,0.047419,0.048808,0.020106,0.019091,0.804753,0.045408
1647_83_172_376,5,5,0.138717,0.188448,0.048543,0.021462,0.057821,0.488659,0.05635
1647_84_2874_3036,0,1,0.061442,0.345995,0.19242,0.047889,0.059402,0.179591,0.11326
1647_83_2709_2868,1,1,0.134703,0.457662,0.098447,0.016848,0.198922,0.042233,0.051187
1647_84_3151_3405,1,6,0.02217,0.187672,0.123699,0.156504,0.220804,0.037656,0.251494
1647_84_909_1081,5,5,0.00919,0.079909,0.092212,0.135113,0.060646,0.462329,0.160601
1647_83_1949_2243,1,6,0.018296,0.12989,0.097598,0.087065,0.218452,0.087492,0.361206
1647_83_1744_1863,0,1,0.145066,0.365741,0.064433,0.062148,0.054851,0.243947,0.063813
1647_84_525_739,1,3,0.049183,0.190518,0.072626,0.279727,0.203433,0.091842,0.112672
1647_84_2589_2701,1,1,0.025767,0.389644,0.077088,0.083948,0.246397,0.017756,0.159399
1647_83_1522_1695,1,6,0.053843,0.210927,0.133628,0.057655,0.129756,0.126805,0.287386
1647_84_2249_2341,1,6,0.040801,0.202516,0.101416,0.218337,0.088667,0.046538,0.301726
1647_84_1870_1914,3,1,0.12073,0.402749,0.076496,0.063305,0.124068,0.153984,0.058668
1647_83_740_905,5,5,0.011073,0.03998,0.016922,0.046205,0.047252,0.810019,0.028549
1647_83_3047_3139,1,1,0.117524,0.360177,0.160535,0.021328,0.097104,0.135571,0.107761
1647_84_389_490,6,1,0.066704,0.230895,0.078301,0.148683,0.178599,0.074765,0.222053
1647_83_492_523,6,6,0.013392,0.046829,0.034,0.241288,0.050047,0.040841,0.573603
1647_84_1699_1731,3,4,0.031365,0.171021,0.054937,0.118787,0.38329,0.034028,0.206572
1648_84_2183_2566,0,1,0.089393,0.346397,0.03434,0.264744,0.073943,0.096933,0.09425
1648_83_31_143,4,5,0.090836,0.232898,0.120177,0.022048,0.051986,0.340778,0.141276
1648_84_1167_1317,3,1,0.155192,0.299446,0.033146,0.181581,0.067464,0.031951,0.231219
1648_84_159_339,4,6,0.028407,0.196073,0.097643,0.201731,0.06272,0.082827,0.330598
1648_83_2865_2916,4,1,0.153486,0.30068,0.064033,0.076755,0.064144,0.244457,0.096445
1648_84_2691_2843,3,1,0.224166,0.479339,0.040841,0.07816,0.060923,0.079406,0.037163
1648_83_1440_1517,4,5,0.035724,0.114662,0.07265,0.035642,0.047438,0.563012,0.130871
1648_84_3388_3641,3,3,0.032347,0.074746,0.063331,0.640205,0.059269,0.083254,0.046847
1648_84_2924_3250,3,3,0.064322,0.242776,0.058124,0.337961,0.075216,0.195288,0.026313
1648_83_3269_3365,4,1,0.186233,0.419595,0.020516,0.123617,0.092166,0.035032,0.122842
1648_83_2571_2681,4,1,0.08807,0.32129,0.085231,0.06545,0.221304,0.077322,0.141332
1648_84_633_996,4,6,0.035066,0.19241,0.09488,0.132889,0.107422,0.140057,0.297276
1648_83_1327_1379,4,1,0.134565,0.407196,0.113271,0.042528,0.141312,0.072085,0.089043
1648_83_999_1158,3,3,0.021599,0.055694,0.023606,0.438049,0.069217,0.282068,0.109768
1648_83_1961_2178,4,1,0.033208,0.418505,0.140531,0.059521,0.183328,0.034639,0.130268
1648_84_1523_1948,3,6,0.063467,0.23628,0.066438,0.207931,0.059816,0.1112,0.254868
1648_83_546_628,0,1,0.049504,0.303843,0.133004,0.07995,0.104946,0.080139,0.248615
1648_83_3650_3827,3,3,0.069536,0.110715,0.028422,0.426812,0.178535,0.058081,0.127899
1648_84_1385_1430,3,1,0.188463,0.323242,0.06589,0.085989,0.040512,0.213508,0.082396
1648_83_344_361,5,5,0.029485,0.057388,0.051681,0.045892,0.025327,0.581104,0.209123
1648_84_377_531,0,1,0.084846,0.453556,0.080328,0.075207,0.183028,0.052436,0.070598
1649_83_2470_2519,1,5,0.214639,0.218419,0.036836,0.028071,0.033558,0.25388,0.214598
1649_84_31_367,3,3,0.020941,0.097842,0.076281,0.535347,0.056037,0.065944,0.147607
1649_83_1273_1348,0,0,0.466381,0.195799,0.017867,0.017223,0.016014,0.270201,0.016515
1649_84_1024_1267,0,3,0.057276,0.130172,0.056556,0.382258,0.07255,0.067924,0.233264
1649_83_2733_2880,2,6,0.053964,0.258247,0.062274,0.2352,0.056485,0.06609,0.26774
1649_84_1352_1536,3,1,0.178271,0.482435,0.061785,0.080327,0.056452,0.094761,0.04597
1649_84_2545_2728,0,1,0.153138,0.46711,0.036396,0.142548,0.069569,0.049946,0.081293
1649_84_801_964,3,1,0.117254,0.362754,0.046561,0.246632,0.076254,0.084855,0.065689
1649_84_2032_2092,3,3,0.022048,0.135422,0.068699,0.557912,0.047868,0.088628,0.079423
1649_83_1540_1780,1,6,0.02417,0.085883,0.052388,0.286684,0.117261,0.108509,0.325105
1649_83_371_796,1,3,0.085223,0.184326,0.05991,0.301484,0.118927,0.198947,0.051184
1649_84_2138_2466,3,3,0.027853,0.092228,0.054288,0.358632,0.064036,0.044803,0.358159
1649_84_1785_1906,3,3,0.016782,0.086904,0.048993,0.622231,0.044369,0.078771,0.10195
1649_83_2007_2030,5,5,0.082125,0.187503,0.047596,0.036357,0.032414,0.469482,0.144524
1649_84_1947_1998,4,1,0.063017,0.331503,0.056915,0.289918,0.041534,0.081571,0.135541
1649_83_969_1011,5,5,0.135349,0.226005,0.061467,0.035393,0.035337,0.441065,0.065384
1649_83_1915_1942,5,5,0.027668,0.063599,0.055078,0.026359,0.037172,0.650212,0.139912
1649_83_2106_2133,2,6,0.01467,0.039819,0.048665,0.10804,0.018358,0.257037,0.513411
1650_84_31_217,3,1,0.07199,0.424511,0.065818,0.140845,0.060814,0.084481,0.151542
1650_84_1139_1522,3,3,0.018002,0.075287,0.028452,0.453952,0.03792,0.06865,0.317736
1650_84_2006_2132,0,1,0.381627,0.407889,0.015017,0.030391,0.024511,0.111136,0.02943
1650_83_222_412,3,6,0.014851,0.048957,0.034445,0.364004,0.028302,0.091697,0.417744
1650_83_1778_1882,1,6,0.05541,0.085341,0.049814,0.271112,0.036947,0.078475,0.422903
1650_83_2152_2246,1,5,0.060784,0.05785,0.048244,0.23343,0.073236,0.325332,0.201125
1650_84_861_1000,3,3,0.031678,0.199215,0.080639,0.42015,0.089337,0.078381,0.1006
1650_84_2283_2417,0,1,0.157489,0.310027,0.036366,0.281082,0.068274,0.031475,0.115287
1650_84_521_594,3,6,0.048293,0.255798,0.049313,0.233567,0.02629,0.10031,0.28643
1650_83_1016_1136,1,5,0.059129,0.117772,0.033791,0.057346,0.040994,0.510401,0.180567
1650_84_441_488,3,3,0.095315,0.256937,0.050277,0.261966,0.033522,0.214707,0.087275
1650_83_761_847,1,5,0.076805,0.189379,0.108579,0.030399,0.064348,0.400031,0.130458
1650_84_1896_1954,3,1,0.085691,0.469764,0.077722,0.06034,0.21768,0.020463,0.068341
1650_84_645_746,0,6,0.026115,0.180699,0.065978,0.303136,0.053307,0.03542,0.335345
1650_83_1541_1663,1,6,0.02943,0.143766,0.210791,0.167202,0.198078,0.028684,0.222049
1650_84_1685_1755,0,5,0.158326,0.168995,0.036079,0.03128,0.02431,0.539183,0.041827
1650_83_494_509,5,5,0.034431,0.112214,0.089893,0.109458,0.055985,0.370295,0.227726
1650_83_1969_1985,4,5,0.020811,0.033695,0.024887,0.022318,0.01881,0.781583,0.097896
1650_83_612_629,1,5,0.028075,0.042677,0.028536,0.020875,0.017929,0.787049,0.074859
1651_83_121_248,3,3,0.021114,0.041447,0.014975,0.653286,0.02267,0.111038,0.13547
1651_83_1191_1386,4,6,0.045321,0.248407,0.057661,0.098755,0.139868,0.151005,0.258983
1651_84_2877_2935,3,1,0.070071,0.350577,0.104902,0.131101,0.103972,0.088379,0.150999
1651_83_2647_2868,6,5,0.015237,0.101473,0.046825,0.092383,0.063688,0.411799,0.268594
1651_84_1391_1491,0,1,0.06272,0.410801,0.040208,0.210173,0.075757,0.063146,0.137194
1651_84_3369_3608,3,3,0.011686,0.066379,0.058689,0.38604,0.052902,0.039149,0.385157
1651_84_2977_3224,3,6,0.039694,0.20266,0.076681,0.192812,0.088129,0.058772,0.341252
1651_83_3232_3362,5,5,0.026324,0.185375,0.069762,0.096371,0.064527,0.29106,0.26658
1651_84_2507_2637,3,1,0.071347,0.286319,0.061594,0.23617,0.106704,0.176841,0.061025
1651_84_918_1172,3,1,0.046521,0.235981,0.069743,0.196567,0.197937,0.069029,0.184222
1651_83_2944_2968,5,5,0.016644,0.038301,0.02616,0.050751,0.021821,0.593736,0.252587
1651_83_2044_2142,5,5,0.012204,0.028202,0.015557,0.008004,0.006285,0.889429,0.040318
1651_84_1661_1874,0,1,0.037295,0.233646,0.091076,0.133981,0.09928,0.183252,0.221469
1651_84_475_706,3,5,0.021868,0.043662,0.03664,0.387807,0.075036,0.395164,0.039822
1651_83_2300_2473,1,6,0.018678,0.047944,0.026068,0.288598,0.021734,0.283754,0.313224
1651_83_1513_1648,1,1,0.084531,0.252138,0.066492,0.05159,0.130115,0.175558,0.239576
1651_84_2147_2292,0,6,0.024556,0.192237,0.09358,0.243048,0.020161,0.050301,0.376117
1651_83_1883_1917,5,5,0.037954,0.10693,0.049235,0.045532,0.025607,0.476015,0.258727
1651_84_31_114,4,3,0.014757,0.011745,0.007448,0.861302,0.017278,0.079423,0.008048
1651_84_1928_2041,1,6,0.019331,0.131115,0.063237,0.250203,0.043217,0.101537,0.391359
1651_83_728_908,3,6,0.046895,0.15929,0.030367,0.243659,0.054816,0.07839,0.386583
1651_83_326_456,3,3,0.057118,0.125302,0.025978,0.402337,0.073461,0.113404,0.202401
1651_84_257_312,3,3,0.028922,0.05977,0.045622,0.559128,0.041593,0.216058,0.048907
1653_83_2478_2694,4,6,0.032193,0.180756,0.198426,0.084115,0.197124,0.041875,0.26551
1653_84_66_132,0,5,0.214638,0.320445,0.032967,0.022772,0.053433,0.321419,0.034327
1653_84_1152_1295,4,1,0.209373,0.471579,0.049824,0.10723,0.061112,0.064572,0.03631
1653_84_192_272,0,5,0.106249,0.256152,0.090993,0.070619,0.055814,0.311789,0.108383
1653_84_2702_2878,0,5,0.047037,0.136488,0.122324,0.065874,0.036225,0.544499,0.047553
1653_84_1440_1481,5,5,0.018383,0.076009,0.059022,0.047942,0.029935,0.675355,0.093354
1653_84_847_1059,3,5,0.127715,0.273092,0.076517,0.118544,0.062807,0.28995,0.051375
1653_83_1307_1433,2,2,0.014493,0.218513,0.375896,0.011139,0.275343,0.044341,0.060274
1653_83_2898_3027,4,4,0.042997,0.311076,0.169622,0.022768,0.32671,0.037363,0.089464
1653_83_1064_1149,1,1,0.155443,0.450588,0.132362,0.01259,0.074638,0.114561,0.059817
1653_84_2017_2193,5,5,0.030761,0.051967,0.035367,0.036252,0.035402,0.757194,0.053057
1653_84_2403_2471,4,5,0.014349,0.067886,0.065865,0.125792,0.03112,0.615185,0.079802
1653_83_1580_1721,2,1,0.118529,0.368377,0.058981,0.061823,0.19573,0.035401,0.161159
1653_83_1490_1535,4,6,0.045417,0.164592,0.107057,0.096811,0.133504,0.060324,0.392294
1653_84_526_635,4,5,0.004879,0.011604,0.016595,0.016202,0.008121,0.903231,0.039368
1653_83_2206_2391,1,3,0.03628,0.043994,0.024692,0.409136,0.07128,0.281778,0.13284
1653_83_1771_2008,2,1,0.033582,0.239626,0.209921,0.066627,0.165259,0.079901,0.205084
1653_84_678_789,0,0,0.370114,0.28894,0.037155,0.027184,0.034275,0.215951,0.02638
1653_83_650_664,4,6,0.01837,0.155122,0.081217,0.081944,0.295959,0.025008,0.342381
1653_84_332_460,0,5,0.050586,0.154961,0.059032,0.01549,0.047282,0.625648,0.047001
1653_83_142_180,4,4,0.024827,0.304773,0.24468,0.017432,0.322608,0.019831,0.065848
1653_83_471_505,1,1,0.14173,0.488833,0.046065,0.036114,0.139871,0.022125,0.125262
1653_83_799_839,4,1,0.074822,0.403279,0.214667,0.010648,0.182211,0.06064,0.053732
1653_83_287_322,4,1,0.054909,0.400439,0.091372,0.016874,0.35364,0.019494,0.063272
1653_83_31_53,4,1,0.067402,0.423303,0.067184,0.010084,0.388503,0.013209,0.030314
1653_84_1538_1541,4,6,0.01865,0.082977,0.042175,0.170794,0.038097,0.034179,0.613128
1653_84_3035_3057,0,5,0.057676,0.051818,0.021543,0.04056,0.013253,0.782936,0.032215
1653_84_1723_1751,2,6,0.031946,0.137971,0.077657,0.175426,0.077903,0.176398,0.322699
1654_83_111_161,4,4,0.025494,0.362007,0.089017,0.009765,0.445207,0.01106,0.05745
1654_84_1107_1314,0,1,0.20375,0.297931,0.03452,0.179131,0.124733,0.063607,0.096327
1654_84_1930_2118,1,1,0.131094,0.585401,0.041919,0.053873,0.090155,0.057961,0.039598
1654_83_1480_1907,4,1,0.0687,0.285349,0.193179,0.023023,0.223229,0.160986,0.045534
1654_84_932_990,0,1,0.08386,0.330649,0.135644,0.071756,0.117879,0.135946,0.124267
1654_84_176_206,4,5,0.050033,0.20025,0.102259,0.063702,0.067738,0.270015,0.246003
1654_83_1334_1395,4,1,0.061735,0.55849,0.061182,0.01387,0.188697,0.024553,0.091472
1654_83_581_906,4,6,0.028833,0.219444,0.088903,0.070063,0.251234,0.02481,0.316713
1654_84_281_347,0,1,0.088882,0.345188,0.077697,0.026028,0.067049,0.325127,0.070028
1654_83_1018_1090,4,1,0.055832,0.345137,0.057669,0.087018,0.262083,0.029588,0.162673
1654_83_375_497,4,6,0.019343,0.148185,0.08483,0.08048,0.298813,0.032079,0.33627
1654_84_31_93,4,5,0.030417,0.197441,0.162512,0.079019,0.239864,0.24152,0.049226
1654_84_1412_1460,1,1,0.063709,0.625343,0.040389,0.05452,0.150335,0.037862,0.027841
1654_84_510_549,0,1,0.201306,0.398736,0.078302,0.053982,0.084934,0.126196,0.056544
1654_83_2128_2176,4,3,0.027327,0.046581,0.034358,0.334658,0.073172,0.175673,0.308232
1654_83_223_247,4,6,0.050109,0.273838,0.055693,0.04292,0.167653,0.039645,0.370141
1655_84_115_167,1,6,0.111847,0.221739,0.058236,0.177201,0.038467,0.088784,0.303725
1655_84_1135_1317,1,0,0.420962,0.358025,0.037026,0.042172,0.047357,0.054112,0.040347
1655_84_2047_2117,1,1,0.044421,0.495165,0.103742,0.08228,0.07284,0.022472,0.17908
1655_84_1642_1734,1,3,0.120058,0.234814,0.036557,0.476916,0.050912,0.03342,0.047322
1655_83_200_267,4,4,0.033921,0.238788,0.19063,0.076413,0.317606,0.055047,0.087596
1655_83_1762_1890,2,1,0.089549,0.34944,0.208039,0.026905,0.172399,0.071872,0.081795
1655_83_1332_1615,4,1,0.084701,0.438405,0.095108,0.01183,0.283878,0.058488,0.027591
1655_83_2152_2218,0,1,0.30324,0.404029,0.077693,0.03805,0.040023,0.058417,0.078548
1655_84_927_1039,1,6,0.101128,0.185214,0.08592,0.21153,0.080029,0.08981,0.24637
1655_83_523_642,1,1,0.110284,0.593188,0.079679,0.012878,0.124534,0.030408,0.049029
1655_83_1059_1115,1,1,0.102431,0.320606,0.054081,0.099656,0.06189,0.065811,0.295526
1655_84_300_350,1,5,0.079341,0.154509,0.079479,0.058043,0.036227,0.321176,0.271224
1655_84_395_506,1,3,0.023949,0.107356,0.05767,0.515646,0.107318,0.023254,0.164808
1655_84_31_57,1,1,0.139168,0.581661,0.04277,0.032551,0.130181,0.040762,0.032905
1655_83_71_97,1,1,0.297183,0.359029,0.031045,0.015214,0.034096,0.199503,0.063931
1655_84_671_815,1,1,0.074838,0.511823,0.057422,0.097689,0.16603,0.040551,0.051647
1655_84_1909_1971,1,1,0.096196,0.467931,0.098715,0.05234,0.139258,0.066176,0.079383
1655_83_838_912,0,1,0.283636,0.294481,0.024744,0.131204,0.061198,0.10855,0.096187
1655_83_1993_2020,4,1,0.057404,0.352134,0.089801,0.034041,0.10695,0.101925,0.257745
1655_83_377_381,4,6,0.014089,0.056495,0.041213,0.172146,0.057221,0.031938,0.626898
1657_83_2449_2563,1,6,0.042647,0.153707,0.019412,0.309621,0.077693,0.043734,0.353186
1657_83_88_165,6,6,0.015484,0.118237,0.053985,0.219011,0.157536,0.027585,0.408162
1657_83_1175_1272,6,6,0.030483,0.092572,0.046958,0.215653,0.097398,0.128899,0.388038
1657_84_208_309,3,3,0.023595,0.106944,0.037791,0.4852,0.064149,0.164551,0.11777
1657_84_2787_2907,3,3,0.012364,0.021336,0.014525,0.684352,0.020735,0.226109,0.020578
1657_83_2630_2764,6,6,0.073148,0.19903,0.08227,0.038976,0.086792,0.239062,0.280723
1657_84_3105_3201,1,1,0.062001,0.363232,0.073707,0.101106,0.077178,0.176448,0.146328
1657_84_881_957,4,2,0.0147,0.28561,0.308801,0.005369,0.251716,0.110061,0.023744
1657_84_1315_1448,6,3,0.011205,0.101025,0.066081,0.536935,0.028452,0.07966,0.176643
1657_83_2940_3095,4,1,0.159271,0.30387,0.05129,0.086807,0.075235,0.175034,0.148492
1657_84_1055_1155,3,3,0.010415,0.054054,0.017756,0.689206,0.034947,0.033038,0.160583
1657_84_1927_2140,6,6,0.045699,0.222506,0.044631,0.192464,0.054655,0.029655,0.410391
1657_84_503_687,0,6,0.046404,0.152791,0.060433,0.221423,0.05151,0.169146,0.298294
1657_83_1652_1759,3,6,0.017418,0.090852,0.020258,0.229334,0.0557,0.022993,0.563445
1657_83_1481_1553,6,5,0.025684,0.04368,0.024173,0.102877,0.019458,0.655598,0.128531
1657_84_2241_2449,3,3,0.013766,0.027366,0.018593,0.751235,0.017295,0.136989,0.034756
1657_83_2183_2222,5,5,0.010847,0.04241,0.08244,0.092166,0.149666,0.470556,0.151915
1657_83_1873_1898,6,6,0.022452,0.091319,0.048104,0.034373,0.030459,0.380534,0.392759
1657_84_1573_1619,6,3,0.009426,0.022055,0.018764,0.663386,0.013137,0.089361,0.183872
1657_84_1780_1858,3,3,0.021321,0.061221,0.025588,0.531181,0.03007,0.125877,0.204743
1657_83_957_1007,6,6,0.030017,0.189311,0.095823,0.056065,0.122672,0.072859,0.433253
1657_83_727_845,1,1,0.036517,0.354634,0.078593,0.08444,0.116646,0.040847,0.288323
1657_84_2586_2606,5,5,0.030431,0.057265,0.044273,0.154,0.027189,0.477624,0.209217
1657_83_343_477,1,1,0.060524,0.411065,0.130082,0.066751,0.079431,0.100045,0.152101
1657_84_31_60,3,3,0.022394,0.030831,0.060099,0.456989,0.02702,0.323875,0.078791
1658_83_2446_2501,5,5,0.013228,0.086646,0.125747,0.036191,0.057333,0.597385,0.083471
1658_84_114_167,5,1,0.183293,0.317456,0.061973,0.022167,0.02531,0.234653,0.155149
1658_84_1147_1568,1,2,0.030998,0.204783,0.225923,0.056043,0.222114,0.038227,0.221912
1658_84_2799_3054,1,1,0.214263,0.431806,0.100394,0.014816,0.124339,0.066195,0.048186
1658_83_2729_2759,6,1,0.053413,0.419302,0.070052,0.079656,0.199296,0.017663,0.160618
1658_84_2516_2713,1,1,0.101389,0.329467,0.137002,0.094191,0.147886,0.083581,0.106483
1658_83_189_230,5,5,0.044543,0.119943,0.065339,0.114586,0.057706,0.466656,0.131227
1658_84_2045_2157,6,6,0.029266,0.200667,0.112248,0.19235,0.080977,0.168427,0.216066
1658_83_948_1118,6,5,0.033765,0.087133,0.064329,0.020593,0.076353,0.657531,0.060295
1658_84_1684_1782,1,6,0.033115,0.193888,0.105994,0.202139,0.034502,0.034274,0.396089
1658_83_376_859,1,1,0.102252,0.510545,0.105078,0.015859,0.163555,0.033115,0.069596
1658_84_2230_2425,1,6,0.038233,0.220035,0.12955,0.090681,0.123331,0.07299,0.32518
1658_83_2194_2219,2,1,0.065936,0.260044,0.162102,0.083108,0.099617,0.147484,0.181709
1658_83_1813_1904,5,5,0.025624,0.089861,0.07474,0.026896,0.020806,0.636137,0.125935
1658_83_1973_2031,5,5,0.033158,0.120638,0.149075,0.027203,0.115733,0.427458,0.126736
1658_84_878_907,4,1,0.029164,0.323429,0.115237,0.100145,0.315373,0.066307,0.050346
1658_83_3073_3128,5,5,0.009194,0.042454,0.062579,0.080605,0.11884,0.607726,0.078602
1658_83_31_100,6,1,0.143912,0.325277,0.083869,0.032648,0.057472,0.229426,0.127395
1658_83_1604_1658,6,5,0.03495,0.06151,0.030209,0.013418,0.016992,0.791047,0.051873
1658_84_259_344,1,3,0.022376,0.063476,0.041681,0.657616,0.031143,0.124811,0.058897
1658_84_1935_1946,1,6,0.029261,0.128992,0.05025,0.070499,0.100863,0.041304,0.578831
1659_84_125_206,1,1,0.036115,0.364474,0.046044,0.267888,0.074169,0.048157,0.163153
1659_83_1295_1351,5,5,0.045441,0.082281,0.114532,0.03886,0.070877,0.333663,0.314346
1659_83_1961_2157,1,4,0.02078,0.142824,0.101992,0.189308,0.266064,0.046844,0.232189
1659_83_1182_1197,5,5,0.068535,0.1192,0.033524,0.020964,0.03029,0.557037,0.170449
1659_83_1606_1738,1,0,0.360637,0.33972,0.06183,0.035215,0.092996,0.067329,0.042273
1659_83_234_308,1,1,0.062654,0.251058,0.155707,0.050115,0.060453,0.18524,0.234772
1659_84_1767_1933,0,1,0.29761,0.524577,0.060028,0.011799,0.049045,0.027275,0.029667
1659_84_1374_1595,0,1,0.330571,0.535383,0.034126,0.017052,0.031977,0.028661,0.02223
1659_84_927_1176,1,1,0.298494,0.425666,0.072402,0.016874,0.110888,0.038491,0.037186
1659_84_473_724,1,1,0.070077,0.390943,0.17648,0.050748,0.08663,0.030425,0.194697
1659_84_324_391,1,1,0.121847,0.649425,0.042368,0.044799,0.042953,0.036223,0.062384
1659_83_31_104,6,6,0.032627,0.095679,0.053449,0.229064,0.03574,0.088189,0.465252
1659_83_395_462,1,5,0.044334,0.204286,0.085329,0.140562,0.064953,0.348082,0.112453
1659_84_1223_1271,1,1,0.231396,0.447842,0.059169,0.029241,0.022698,0.093319,0.116335
1659_84_777_832,0,1,0.115256,0.399713,0.049826,0.044207,0.034504,0.20584,0.150654
1659_83_853_909,2,4,0.011485,0.063853,0.178922,0.085592,0.45915,0.083022,0.117976
1659_83_745_766,5,5,0.086881,0.15435,0.05333,0.04636,0.032389,0.454571,0.172119
1660_84_2443_2696,0,1,0.406124,0.410586,0.072622,0.016633,0.051253,0.022387,0.020395
1660_83_98_185,1,1,0.152717,0.256146,0.079701,0.107337,0.087006,0.214914,0.102178
1660_84_1226_1476,0,1,0.400753,0.406814,0.063074,0.019374,0.046112,0.027714,0.036158
1660_83_1166_1214,1,6,0.047211,0.141161,0.060914,0.21913,0.049974,0.227295,0.254315
1660_84_201_312,0,1,0.018832,0.285825,0.246956,0.02132,0.06481,0.128705,0.233553
1660_83_869_974,1,1,0.196619,0.362066,0.061275,0.037613,0.056426,0.201993,0.084008
1660_84_982_1164,0,0,0.61366,0.244565,0.0243,0.008331,0.016375,0.081994,0.010774
1660_84_2058_2129,1,1,0.232707,0.503829,0.042047,0.01524,0.166142,0.022225,0.01781
1660_83_1716_1782,1,1,0.194663,0.571947,0.030528,0.029793,0.0748,0.042199,0.056068
1660_84_566_710,1,1,0.043683,0.252282,0.146837,0.157012,0.09173,0.223186,0.08527
1660_84_1645_1702,0,0,0.447716,0.288382,0.056758,0.021502,0.01964,0.116574,0.049428
1660_83_1506_1628,1,1,0.407893,0.413485,0.016799,0.035637,0.068396,0.04052,0.01727
1660_83_2139_2435,1,1,0.142071,0.342617,0.126768,0.037145,0.210478,0.059987,0.080934
1660_84_1788_1929,0,1,0.26984,0.404233,0.041723,0.053589,0.137417,0.05804,0.035159
1660_83_1942_2050,1,1,0.230871,0.336185,0.040287,0.055955,0.051351,0.218461,0.066888
1660_83_729_775,1,1,0.174421,0.447919,0.089589,0.029779,0.133678,0.075834,0.04878
1660_83_329_416,1,6,0.059998,0.285757,0.085963,0.0419,0.183974,0.046167,0.296242
1660_83_2696_2743,3,1,0.110294,0.257733,0.049042,0.208012,0.101248,0.061734,0.211936
1660_84_431_505,0,1,0.121856,0.396361,0.104786,0.040235,0.105952,0.049988,0.180822
1660_84_31_90,1,5,0.133738,0.258643,0.112315,0.028405,0.063123,0.26353,0.140246
1660_83_516_561,1,1,0.186137,0.612275,0.034479,0.021223,0.076496,0.033548,0.035842
1660_84_783_852,0,0,0.350339,0.305442,0.069708,0.011999,0.038341,0.170461,0.053709
1661_83_2285_2589,5,1,0.185746,0.378388,0.12157,0.023013,0.108147,0.076133,0.107003
1661_84_88_239,0,1,0.272197,0.414058,0.03911,0.087428,0.050034,0.093701,0.043473
1661_83_1187_1320,1,6,0.030383,0.169648,0.136283,0.037173,0.046136,0.149297,0.431078
1661_84_997_1186,1,6,0.050212,0.183056,0.110236,0.138249,0.084151,0.124015,0.310081
1661_83_247_306,1,2,0.01791,0.223717,0.33142,0.020367,0.237985,0.018046,0.150554
1661_83_2713_3288,5,2,0.050693,0.217195,0.256063,0.019206,0.224974,0.08261,0.149259
1661_83_1359_1556,5,6,0.06033,0.203363,0.223417,0.03192,0.071308,0.165896,0.243766
1661_84_2589_2706,1,4,0.077355,0.221774,0.112253,0.020818,0.422214,0.127185,0.018401
1661_83_878_996,5,5,0.019052,0.06445,0.059819,0.041238,0.030825,0.638962,0.145655
1661_84_2036_2111,2,5,0.010507,0.032818,0.037861,0.022801,0.030616,0.848001,0.017397
1661_83_1683_2036,5,1,0.15525,0.347173,0.083222,0.032602,0.085581,0.093188,0.202984
1661_84_512_649,5,5,0.014617,0.122668,0.093605,0.016739,0.026399,0.686094,0.039878
1661_84_2161_2273,5,5,0.062888,0.206414,0.221227,0.011054,0.107094,0.330138,0.061186
1661_84_1321_1343,5,1,0.054495,0.287327,0.076483,0.097198,0.083349,0.212209,0.188938
1661_84_1561_1679,1,5,0.014607,0.057393,0.048238,0.013577,0.030006,0.804831,0.031347
1661_83_653_806,2,6,0.034417,0.140639,0.122753,0.044096,0.170166,0.117741,0.370188
1661_84_328_360,5,5,0.022995,0.089814,0.10792,0.101942,0.031172,0.411636,0.234521
1661_83_371_500,5,6,0.016096,0.043131,0.086006,0.11494,0.032991,0.289895,0.416941
1661_84_821_877,5,5,0.023621,0.074891,0.03757,0.021804,0.016011,0.806181,0.019923
1661_83_31_77,1,5,0.047456,0.144529,0.086718,0.114745,0.135073,0.414271,0.057208
1661_83_2113_2154,1,1,0.223201,0.380473,0.119418,0.03577,0.080491,0.103276,0.05737
1663_84_2355_2585,3,3,0.02493,0.031789,0.014768,0.664739,0.0296,0.216583,0.017592
1663_84_101_171,3,3,0.028926,0.060173,0.02374,0.524317,0.018176,0.324405,0.020262
1663_83_1218_1638,3,3,0.045629,0.098688,0.038315,0.491898,0.062009,0.212606,0.050856
1663_84_1108_1211,1,3,0.111241,0.254784,0.04152,0.437122,0.036837,0.064482,0.054014
1663_84_249_278,5,5,0.026749,0.05514,0.030764,0.385726,0.018993,0.451541,0.031087
1663_83_2595_2768,3,3,0.114638,0.133788,0.076203,0.328616,0.064579,0.120412,0.161764
1663_84_861_948,3,5,0.036071,0.091962,0.026032,0.392005,0.025325,0.415374,0.01323
1663_83_183_247,3,3,0.040289,0.063896,0.03296,0.617728,0.042116,0.180441,0.02257
1663_84_2036_2142,3,3,0.021037,0.066079,0.029397,0.66401,0.026831,0.180233,0.012413
1663_83_954_1105,5,5,0.096899,0.146108,0.037398,0.200576,0.064333,0.376349,0.078336
1663_83_1710_1995,3,3,0.033451,0.057562,0.025542,0.649105,0.056413,0.145378,0.032549
1663_84_603_647,3,5,0.014454,0.029669,0.011977,0.315849,0.015167,0.602869,0.010016
1663_84_1639_1698,3,5,0.009266,0.01011,0.00744,0.231104,0.010492,0.725874,0.005714
1663_83_2154_2345,3,3,0.037643,0.044647,0.025738,0.521127,0.035952,0.321416,0.013477
1663_84_703_733,3,3,0.03032,0.197131,0.149323,0.382256,0.075431,0.104673,0.060866
1663_83_481_601,3,3,0.035152,0.064609,0.036442,0.538919,0.030658,0.267093,0.027127
1663_83_648_696,3,3,0.022953,0.068709,0.016928,0.769147,0.026738,0.065179,0.030347
1663_83_285_365,3,3,0.03604,0.092356,0.077865,0.493588,0.058527,0.167648,0.073976
1663_83_400_449,3,3,0.04145,0.083205,0.048764,0.474705,0.032572,0.11166,0.207645
1663_83_761_860,3,3,0.090072,0.263425,0.056497,0.337912,0.09556,0.095468,0.061066
1663_83_31_98,3,3,0.04622,0.0454,0.030178,0.728873,0.028663,0.099872,0.020794
1663_84_450_471,5,3,0.017419,0.059743,0.044695,0.395915,0.021791,0.38298,0.077456
1663_84_367_387,5,3,0.01512,0.058341,0.047228,0.544992,0.028991,0.129831,0.175497
1665_84_2371_2622,5,1,0.226269,0.48858,0.080772,0.006187,0.087972,0.094744,0.015477
1665_84_126_238,1,1,0.119606,0.415001,0.046087,0.130383,0.086031,0.058237,0.144655
1665_83_1231_1428,4,2,0.064305,0.235781,0.259672,0.021688,0.150155,0.101163,0.167236
1665_84_1153_1218,5,5,0.031442,0.142996,0.179734,0.026854,0.060267,0.381366,0.177341
1665_83_244_296,4,5,0.011099,0.020149,0.01849,0.25841,0.099071,0.551984,0.040795
1665_83_2629_2895,1,6,0.026315,0.190109,0.125813,0.048061,0.278754,0.039437,0.291511
1665_84_1429_1486,1,1,0.040027,0.301322,0.243336,0.033767,0.177218,0.076763,0.127567
1665_83_853_959,4,6,0.022445,0.169749,0.122463,0.098364,0.182035,0.094777,0.310166
1665_84_2912_3006,6,3,0.018506,0.062012,0.135627,0.368362,0.070792,0.020326,0.324374
1665_83_1848_2114,1,4,0.054258,0.331515,0.170959,0.015578,0.335092,0.02641,0.066188
1665_83_1071_1138,4,5,0.012748,0.03137,0.067884,0.07945,0.043451,0.592626,0.172471
1665_83_1497_1782,1,1,0.132513,0.403608,0.101852,0.023074,0.211801,0.056041,0.071111
1665_83_548_781,4,6,0.026307,0.179372,0.179989,0.058985,0.238316,0.074171,0.242859
1665_84_2253_2310,5,6,0.02317,0.06294,0.076195,0.109683,0.030487,0.291143,0.406382
1665_83_2189_2244,1,1,0.25564,0.288983,0.078709,0.028919,0.065677,0.132317,0.149754
1665_83_31_117,6,6,0.019855,0.07249,0.111557,0.189787,0.046466,0.166997,0.392846
1665_84_1786_1839,1,1,0.104529,0.347048,0.118121,0.083097,0.097341,0.130593,0.11927
1665_84_3064_3139,0,1,0.129881,0.379362,0.046024,0.178947,0.043824,0.042639,0.179322
1665_84_981_1064,5,5,0.012057,0.0359,0.05695,0.00729,0.024841,0.844549,0.018413
1665_83_341_451,4,2,0.025577,0.256912,0.280548,0.029394,0.231589,0.029365,0.146615
1665_84_453_534,5,5,0.008596,0.051141,0.064067,0.012027,0.016802,0.818075,0.029293
1665_83_2312_2361,1,1,0.099236,0.352983,0.046957,0.070003,0.134405,0.053478,0.242939
1665_83_3014_3055,5,5,0.101202,0.221403,0.110268,0.024948,0.051187,0.367388,0.123604
1665_84_801_840,5,5,0.009959,0.043632,0.05017,0.01401,0.01996,0.807547,0.054722
1665_84_301_325,5,5,0.005898,0.018786,0.018379,0.008547,0.009235,0.90081,0.038346
1665_84_2131_2168,5,5,0.031434,0.072731,0.072195,0.017157,0.042135,0.574613,0.189736
1666_83_2412_2699,2,1,0.091534,0.257048,0.199514,0.030134,0.123053,0.16557,0.133147
1666_83_102_521,2,6,0.013476,0.149536,0.220472,0.085892,0.173992,0.047906,0.308725
1666_83_1178_1475,2,5,0.066508,0.175353,0.1939,0.048922,0.138638,0.211171,0.165508
1666_83_2848_3159,4,2,0.047605,0.14778,0.259199,0.057578,0.193541,0.236038,0.058259
1666_84_2722_2816,2,1,0.142192,0.487711,0.183251,0.010375,0.07649,0.084291,0.015691
1666_84_864_941,5,5,0.096403,0.232225,0.062736,0.033749,0.044484,0.440604,0.0898
1666_84_1117_1152,6,6,0.025102,0.214844,0.049417,0.169974,0.116194,0.040136,0.384333
1666_83_970_1104,2,6,0.073765,0.248686,0.096658,0.058532,0.054072,0.068569,0.399718
1666_83_1612_1873,2,5,0.062985,0.107149,0.098242,0.065067,0.116529,0.43548,0.114547
1666_83_634_839,2,6,0.066307,0.195066,0.155082,0.060167,0.180328,0.125219,0.217832
1666_84_1491_1597,5,5,0.011919,0.087417,0.065098,0.024068,0.023886,0.771824,0.015789
1666_84_2282_2392,2,1,0.103507,0.3202,0.069745,0.054091,0.112958,0.282293,0.057206
1666_83_2147_2265,2,5,0.105711,0.280165,0.056212,0.03264,0.06161,0.420662,0.042999
1666_84_1888_1952,1,1,0.028807,0.384236,0.225774,0.033029,0.10896,0.065894,0.1533
1666_84_2080_2121,2,5,0.02525,0.075571,0.053469,0.030286,0.032865,0.615566,0.166993
1666_83_1978_2063,2,6,0.078472,0.220481,0.086261,0.04996,0.068788,0.209966,0.286072
1666_84_540_595,2,6,0.044018,0.175023,0.125219,0.226815,0.071155,0.041263,0.316506
1666_84_3180_3258,2,1,0.14244,0.527886,0.088967,0.016348,0.082993,0.115695,0.025672
1666_84_31_69,6,2,0.009829,0.060202,0.390557,0.034891,0.03983,0.159632,0.305059
1667_83_2489_2583,1,6,0.043716,0.191671,0.141644,0.050694,0.08196,0.217755,0.272559
1667_83_97_147,6,6,0.020608,0.082422,0.039142,0.231262,0.041943,0.076419,0.508205
1667_83_1136_1285,1,1,0.084015,0.49402,0.056546,0.108836,0.075668,0.050805,0.13011
1667_83_2658_2924,1,1,0.09557,0.314387,0.098432,0.03522,0.152219,0.191725,0.112446
1667_83_1415_1475,1,6,0.022075,0.181466,0.058756,0.15058,0.037251,0.068905,0.480966
1667_84_3140_3178,4,1,0.081407,0.555864,0.070431,0.021308,0.24632,0.016709,0.00796
1667_83_804_963,1,1,0.048852,0.406172,0.084445,0.086196,0.103284,0.077614,0.193436
1667_84_170_219,2,6,0.013279,0.032408,0.078444,0.122836,0.034425,0.295026,0.423582
1667_84_1312_1386,2,1,0.175416,0.412956,0.045624,0.052197,0.068317,0.161906,0.083584
1667_84_2948_2968,1,2,0.013732,0.220993,0.497582,0.024042,0.125888,0.077944,0.03982
1667_83_2026_2387,1,6,0.044033,0.235812,0.104461,0.068276,0.0778,0.164595,0.305022
1667_83_258_721,6,1,0.062103,0.237224,0.086025,0.112699,0.176152,0.114992,0.210804
1667_84_1490_1752,2,3,0.051343,0.248678,0.068498,0.316666,0.042691,0.061932,0.210192
1667_83_1780_1900,1,1,0.034059,0.312166,0.052508,0.281082,0.074669,0.087309,0.158208
1667_84_1910_1996,2,5,0.005216,0.031689,0.05532,0.022909,0.01528,0.802539,0.067047
1667_83_2980_3104,1,5,0.056048,0.218687,0.114447,0.04928,0.043613,0.279972,0.237953
1667_84_992_1103,3,1,0.115311,0.448904,0.048207,0.176408,0.048008,0.041309,0.121853
1667_84_31_79,3,3,0.019229,0.048015,0.094879,0.408691,0.049848,0.176274,0.203064
1667_84_2408_2443,5,5,0.106901,0.231464,0.086745,0.014757,0.032518,0.399388,0.128227
1667_84_730_764,2,6,0.033214,0.093453,0.064695,0.23437,0.03482,0.049279,0.490169
1667_84_2600_2615,1,4,0.036985,0.295975,0.118112,0.022417,0.432217,0.067819,0.026475
1668_84_2476_2573,4,1,0.282185,0.4643,0.042229,0.052009,0.068915,0.037758,0.052603
1668_83_31_415,4,4,0.031029,0.246401,0.166464,0.028791,0.291074,0.029767,0.206474
1668_84_1246_1576,4,1,0.063641,0.397146,0.15871,0.045406,0.142182,0.025095,0.167821
1668_83_1106_1220,1,2,0.065727,0.246482,0.293644,0.021233,0.125278,0.129484,0.118153
1668_83_2605_2775,4,4,0.012744,0.139653,0.218285,0.045701,0.425864,0.035957,0.121796
1668_83_911_941,1,1,0.106319,0.455973,0.041846,0.066397,0.05901,0.032905,0.23755
1668_84_2069_2111,4,1,0.053864,0.455349,0.047261,0.031366,0.379464,0.014826,0.017871
1668_83_1753_1824,4,1,0.060558,0.245058,0.062564,0.133902,0.157996,0.105774,0.234148
1668_84_604_906,4,4,0.062477,0.317572,0.110134,0.02035,0.411094,0.030716,0.047657
1668_84_1662_1710,4,0,0.422846,0.360272,0.039439,0.018658,0.044828,0.076594,0.037362
1668_83_2139_2447,1,1,0.097863,0.514979,0.065114,0.029105,0.15219,0.040261,0.100488
1668_83_1917_2044,4,1,0.076385,0.373526,0.070693,0.025257,0.2833,0.038423,0.132417
1668_84_1853_1895,4,6,0.124832,0.279296,0.080097,0.123197,0.054482,0.056445,0.281651
1668_83_1593_1631,1,6,0.023922,0.236925,0.208042,0.070545,0.156052,0.061462,0.243053
1668_83_527_575,4,6,0.019989,0.158677,0.153961,0.08497,0.146252,0.104091,0.33206
1668_84_967_1071,4,6,0.080369,0.200011,0.105491,0.172242,0.043598,0.074678,0.323612
1668_84_430_491,4,1,0.074162,0.50654,0.178367,0.015515,0.144432,0.062693,0.018291
1669_84_2436_2636,1,3,0.034445,0.194021,0.097496,0.374423,0.101499,0.052369,0.145747
1669_84_1231_1430,1,1,0.041704,0.254776,0.18279,0.128118,0.133084,0.113672,0.145857
1669_83_1039_1206,2,3,0.023129,0.054079,0.102977,0.262153,0.124373,0.212253,0.221036
1669_83_251_267,5,6,0.029702,0.060213,0.05023,0.197596,0.024789,0.259136,0.378335
1669_83_2654_2814,2,2,0.018968,0.140756,0.531053,0.029946,0.116675,0.060657,0.101943
1669_83_1449_1481,5,5,0.020953,0.032586,0.051719,0.039894,0.023152,0.493291,0.338405
1669_84_877_1008,6,1,0.042555,0.407267,0.133187,0.03167,0.160816,0.045755,0.178752
1669_84_148_227,1,3,0.047374,0.220471,0.093358,0.244144,0.075616,0.113329,0.205708
1669_84_1947_2149,2,5,0.060308,0.223433,0.147796,0.009984,0.081073,0.418792,0.058614
1669_84_521_789,1,6,0.031433,0.253636,0.113834,0.133962,0.100921,0.044299,0.321916
1669_84_1498_1756,1,6,0.049074,0.218418,0.200379,0.04384,0.13885,0.119245,0.230194
1669_84_2241_2332,3,1,0.094652,0.60516,0.076293,0.067363,0.077989,0.019452,0.05909
1669_83_2167_2218,2,5,0.048028,0.18964,0.173704,0.081379,0.103696,0.228982,0.174572
1669_83_31_123,5,1,0.06072,0.227866,0.127988,0.048441,0.131973,0.190587,0.212425
1669_83_1904_1925,5,5,0.010232,0.07133,0.097953,0.024633,0.042927,0.708027,0.044898
1669_84_1807_1869,2,1,0.136431,0.431697,0.083014,0.009721,0.055183,0.237733,0.046221
1669_83_1776_1792,5,5,0.036998,0.080551,0.066945,0.089429,0.042038,0.463917,0.220122
1669_84_291_399,1,2,0.01859,0.189508,0.299926,0.128031,0.102506,0.11184,0.149599
1669_83_2346_2419,0,1,0.281178,0.30611,0.06252,0.028929,0.045211,0.237476,0.038577
1669_83_810_860,5,5,0.020015,0.092226,0.127021,0.106359,0.06052,0.367636,0.226222
1669_83_453_503,5,5,0.024433,0.133767,0.052481,0.082353,0.058903,0.524755,0.123308
1670_84_2350_2750,0,1,0.103893,0.521852,0.06768,0.024724,0.201884,0.042977,0.03699
1670_84_31_138,0,1,0.34272,0.388455,0.055074,0.058989,0.03259,0.068781,0.053391
1670_84_1252_1496,0,0,0.6691,0.26245,0.01572,0.006126,0.013672,0.026649,0.006283
1670_83_1100_1226,1,1,0.18637,0.468166,0.080848,0.018549,0.074891,0.096209,0.074968
1670_84_210_272,0,1,0.223472,0.295526,0.132676,0.122285,0.072192,0.067553,0.086295
1670_84_2867_2882,6,3,0.031094,0.134052,0.079178,0.291528,0.147923,0.037082,0.279142
1670_84_794_955,0,0,0.572517,0.278054,0.024153,0.014155,0.025131,0.066358,0.019632
1670_83_2774_2842,4,2,0.02062,0.14059,0.369965,0.065826,0.185819,0.016412,0.200767
1670_84_1882_2250,6,1,0.06508,0.367963,0.162646,0.054496,0.173559,0.060621,0.115633
1670_83_1723_1781,1,1,0.245477,0.664898,0.008999,0.01012,0.044236,0.013242,0.013028
1670_84_1624_1699,0,0,0.454964,0.093851,0.020484,0.020382,0.009925,0.385026,0.015368
1670_83_1520_1613,0,1,0.385174,0.453657,0.024152,0.020715,0.028541,0.061052,0.026711
1670_84_522_634,0,1,0.313401,0.465594,0.042876,0.017096,0.05247,0.091202,0.017361
1670_83_2298_2339,4,4,0.041227,0.243266,0.149079,0.084247,0.313405,0.007264,0.161512
1670_83_666_755,0,1,0.328146,0.423493,0.041058,0.032162,0.04166,0.078131,0.055349
1670_84_1019_1061,1,1,0.294481,0.549315,0.026999,0.02078,0.053006,0.030214,0.025205
1670_83_976_1006,1,1,0.273032,0.348918,0.048641,0.031668,0.030564,0.192428,0.074749
1670_84_370_433,1,1,0.09671,0.371845,0.097979,0.158393,0.137989,0.070231,0.066854
1670_83_167_180,1,5,0.062716,0.160374,0.052552,0.038521,0.040226,0.536602,0.10901
1670_83_455_478,6,0,0.369084,0.342768,0.027428,0.025733,0.039259,0.1206,0.075129
1670_83_304_330,0,5,0.078172,0.240422,0.074044,0.045327,0.052613,0.37604,0.133382
1672_83_2473_2562,0,1,0.238572,0.514193,0.08941,0.023652,0.069891,0.035621,0.028661
1672_84_31_177,1,1,0.035466,0.347627,0.173478,0.069907,0.223134,0.096137,0.054252
1672_83_1162_1394,6,1,0.0755,0.479339,0.078482,0.035498,0.114405,0.041086,0.17569
1672_83_194_330,6,5,0.012359,0.097376,0.225701,0.034142,0.092854,0.39187,0.145698
1672_83_2718_2816,0,1,0.321449,0.41376,0.023614,0.040443,0.051341,0.067927,0.081466
1672_84_1414_1549,1,1,0.268452,0.434919,0.053517,0.021894,0.042288,0.096476,0.082454
1672_83_3085_3181,6,1,0.152441,0.472998,0.073866,0.042534,0.090325,0.035794,0.132041
1672_83_791_1044,1,1,0.038862,0.344687,0.226465,0.013028,0.187608,0.028521,0.160829
1672_84_3327_3443,3,3,0.016375,0.031557,0.053735,0.642739,0.051173,0.144199,0.060223
1672_84_1070_1143,0,1,0.14201,0.582611,0.037905,0.077552,0.074783,0.017098,0.068041
1672_84_2024_2175,6,3,0.009596,0.025299,0.048884,0.721974,0.040377,0.057256,0.096615
1672_84_1679_1962,6,6,0.011606,0.096812,0.08223,0.174442,0.153815,0.044532,0.436562
1672_83_619_700,0,1,0.094625,0.381465,0.086398,0.072981,0.065,0.066818,0.232712
1672_84_2584_2698,0,1,0.191859,0.468326,0.033469,0.076182,0.042238,0.02436,0.163565
1672_84_367_604,1,1,0.062209,0.5609,0.093565,0.008918,0.181882,0.032451,0.060074
1672_84_2298_2450,1,1,0.038183,0.421249,0.057418,0.080549,0.201246,0.041302,0.160054
1672_83_2198_2282,6,5,0.034746,0.059685,0.037715,0.030801,0.020316,0.731434,0.085302
1672_83_3276_3321,6,1,0.11093,0.294158,0.074123,0.064931,0.09246,0.072443,0.290955
1672_83_1572_1629,6,5,0.041172,0.111643,0.04447,0.024903,0.020441,0.545935,0.211436
1672_84_715_785,5,5,0.030828,0.076708,0.019836,0.012543,0.011211,0.813414,0.035458
1672_84_2985_3072,6,1,0.087766,0.382658,0.070738,0.03201,0.098601,0.048285,0.279943
1672_84_3211_3245,6,1,0.140198,0.369422,0.062161,0.033963,0.058197,0.201175,0.134884
1672_83_1982_2007,6,5,0.06168,0.124772,0.079431,0.033455,0.032157,0.440464,0.228041
1672_84_2838_2873,6,1,0.217136,0.361739,0.035504,0.055223,0.035153,0.090253,0.204992
1672_83_2894_2949,1,1,0.184356,0.478677,0.039519,0.038999,0.064518,0.036552,0.157379
1673_84_2415_2539,5,6,0.017137,0.083133,0.139346,0.172507,0.086869,0.184927,0.31608
1673_83_31_158,5,5,0.021858,0.049519,0.060976,0.112754,0.055974,0.621801,0.077118
1673_84_1232_1357,1,5,0.052341,0.286382,0.110343,0.023206,0.093021,0.313199,0.121508
1673_83_1128_1223,5,5,0.042154,0.159803,0.079642,0.236346,0.051266,0.256959,0.173829
1673_84_173_257,5,5,0.021018,0.069203,0.044749,0.350353,0.027773,0.387459,0.099445
1673_83_2846_2982,5,1,0.124667,0.540795,0.05896,0.032038,0.136019,0.027316,0.080205
1673_83_2552_2750,5,6,0.068011,0.201049,0.053839,0.130039,0.097995,0.136801,0.312266
1673_83_1364_1672,2,6,0.061104,0.236598,0.127303,0.030093,0.101309,0.081016,0.362577
1673_83_747_976,5,6,0.029833,0.129569,0.040438,0.178512,0.04673,0.073861,0.501057
1673_84_2751_2840,1,1,0.385801,0.501613,0.019431,0.013618,0.025907,0.035607,0.018022
1673_83_1946_2198,2,6,0.027357,0.111431,0.04067,0.105729,0.068348,0.089212,0.557252
1673_84_1086_1124,3,3,0.024291,0.069385,0.071233,0.619775,0.027376,0.13723,0.050709
1673_84_622_730,5,5,0.103904,0.249219,0.088733,0.018675,0.042321,0.385396,0.111752
1673_83_351_610,5,6,0.029045,0.232104,0.218565,0.034022,0.151115,0.05843,0.276718
1673_83_1772_1900,2,6,0.038141,0.204127,0.096401,0.06487,0.091221,0.093727,0.411513
1673_84_1912_1941,5,5,0.008015,0.02311,0.032098,0.022571,0.02272,0.853069,0.038418
1673_84_1682_1757,1,5,0.009285,0.165656,0.27668,0.009326,0.044977,0.469187,0.02489
1673_83_1023_1082,3,0,0.411536,0.354195,0.031825,0.033417,0.038345,0.080258,0.050426
1673_84_981_1004,3,5,0.07013,0.146915,0.060245,0.093972,0.032414,0.450705,0.145618
1673_83_2306_2402,5,1,0.089755,0.307363,0.088978,0.050307,0.064253,0.182799,0.216545
1673_84_2218_2286,2,2,0.01435,0.280886,0.415898,0.004826,0.123055,0.076457,0.084528
1673_84_321_338,5,5,0.015292,0.030442,0.018697,0.015058,0.012309,0.872742,0.035459
1673_83_269_306,5,1,0.149359,0.426518,0.103112,0.052113,0.077166,0.057668,0.134064
1677_83_2384_2777,1,1,0.18306,0.264957,0.04116,0.184988,0.153246,0.073213,0.099375
1677_84_1172_1360,1,3,0.041705,0.285562,0.033871,0.448806,0.041639,0.048351,0.100065
1677_84_204_256,1,3,0.039336,0.160399,0.045255,0.345689,0.047397,0.085957,0.275967
1677_83_1369_1524,1,1,0.110867,0.386124,0.070666,0.071125,0.126061,0.077133,0.158025
1677_84_900_1000,1,3,0.087154,0.198321,0.024634,0.365295,0.044877,0.073229,0.20649
1677_83_1032_1169,1,1,0.023383,0.349396,0.28247,0.032813,0.157105,0.0621,0.092732
1677_83_2058_2251,1,6,0.034832,0.220535,0.042716,0.209345,0.12669,0.032279,0.333604
1677_83_133_191,1,5,0.009528,0.016582,0.011876,0.041878,0.010367,0.876465,0.033305
1677_84_1538_1770,1,1,0.320925,0.396845,0.037189,0.053661,0.071679,0.070298,0.049403
1677_84_552_614,1,1,0.118471,0.320545,0.064092,0.163171,0.096503,0.126495,0.110725
1677_84_2251_2369,1,1,0.172687,0.600529,0.028619,0.047466,0.070594,0.028548,0.051557
1677_83_1774_1908,1,3,0.032899,0.100199,0.016711,0.506625,0.052459,0.031243,0.259864
1677_84_1923_2018,1,1,0.107159,0.302902,0.077284,0.101615,0.057831,0.231248,0.121961
1677_83_800_880,2,5,0.028325,0.074619,0.052072,0.159399,0.02995,0.544805,0.11083
1677_83_445_512,2,1,0.128691,0.390913,0.127381,0.043399,0.100594,0.105282,0.103741
1677_84_31_103,3,3,0.042833,0.10211,0.082675,0.363974,0.050017,0.177048,0.181342
1677_83_272_348,1,1,0.107225,0.291791,0.144211,0.050545,0.156536,0.088229,0.161464
1677_84_376_427,1,1,0.082451,0.440724,0.076475,0.084633,0.117948,0.039472,0.158297
1679_83_2436_2688,1,1,0.337494,0.467943,0.020103,0.023672,0.089289,0.042643,0.018856
1679_83_31_152,3,3,0.016209,0.02262,0.00865,0.687566,0.08479,0.123107,0.057058
1679_83_959_1184,1,5,0.036774,0.103824,0.029643,0.084856,0.068098,0.552632,0.124173
1679_83_197_350,3,1,0.085641,0.276353,0.121642,0.14607,0.097368,0.109969,0.162956
1679_83_2786_2927,1,1,0.151132,0.550132,0.02526,0.071017,0.098942,0.032215,0.071302
1679_84_2703_2770,1,3,0.02456,0.051099,0.03564,0.403069,0.045036,0.237245,0.203351
1679_83_1301_1531,1,1,0.039745,0.437392,0.108908,0.051393,0.170339,0.046295,0.145927
1679_83_2972_3171,3,3,0.020884,0.070619,0.013473,0.584982,0.075774,0.056921,0.177347
1679_84_846_959,3,3,0.031389,0.110614,0.06011,0.331427,0.03322,0.240427,0.192813
1679_83_1921_2099,1,1,0.139616,0.436761,0.027308,0.092981,0.151442,0.04785,0.104043
1679_84_159_195,3,5,0.014448,0.028098,0.027158,0.217443,0.014014,0.675489,0.023351
1679_83_1689_1870,3,3,0.032514,0.095094,0.016109,0.50943,0.082478,0.07798,0.186395
1679_83_491_832,3,6,0.030593,0.146392,0.042263,0.231005,0.101653,0.067651,0.380443
1679_84_1554_1689,3,3,0.072294,0.153754,0.030502,0.43551,0.10567,0.103368,0.098903
1679_84_2131_2436,1,1,0.151592,0.588337,0.047592,0.032277,0.111697,0.042761,0.025743
1679_84_1189_1294,1,5,0.149188,0.231594,0.034702,0.019436,0.025354,0.485594,0.054133
1679_84_1870_1900,3,5,0.008121,0.019613,0.023238,0.283952,0.01452,0.631588,0.018968
1679_84_363_478,3,3,0.042936,0.109874,0.034743,0.615455,0.037599,0.130771,0.028622
1679_84_2927_2949,3,5,0.014594,0.033178,0.048351,0.148575,0.01933,0.660816,0.075156
1680_84_2276_2510,3,3,0.046949,0.203066,0.071514,0.386992,0.05399,0.058345,0.179144
1680_83_86_135,2,5,0.013531,0.103374,0.106006,0.024697,0.03935,0.647516,0.065525
1680_83_1200_1314,2,1,0.243787,0.346455,0.069494,0.023143,0.038257,0.232608,0.046256
1680_84_1030_1188,3,1,0.216481,0.385263,0.081974,0.075286,0.050511,0.14982,0.040665
1680_84_2825_2890,3,3,0.008481,0.020633,0.020246,0.847923,0.018317,0.036019,0.048381
1680_84_2681_2794,3,3,0.005231,0.007119,0.007917,0.90209,0.017026,0.008207,0.05241
1680_83_1429_1524,2,1,0.043358,0.254249,0.120417,0.102154,0.095872,0.189979,0.193971
1680_83_2524_2669,5,4,0.03292,0.22642,0.20143,0.024796,0.434628,0.016321,0.063485
1680_83_899_1018,1,5,0.102585,0.111868,0.028552,0.020374,0.026568,0.677513,0.032539
1680_83_2795_2820,5,5,0.036689,0.065831,0.035746,0.051099,0.023457,0.750489,0.036689
1680_83_188_246,2,5,0.034263,0.097259,0.063449,0.031418,0.021316,0.711022,0.041273
1680_84_1320_1410,1,5,0.013026,0.057215,0.053442,0.370659,0.031573,0.448339,0.025747
1680_84_1915_2156,3,3,0.00516,0.023636,0.032245,0.778119,0.014402,0.018016,0.128422
1680_83_1672_1881,2,5,0.024761,0.044547,0.047664,0.142233,0.031681,0.654106,0.055007
1680_84_554_723,1,3,0.071694,0.220229,0.083646,0.36541,0.06807,0.115583,0.075368
1680_83_2173_2268,2,6,0.020065,0.068576,0.078365,0.145123,0.036908,0.282471,0.368493
1680_84_1535_1666,3,3,0.007789,0.059257,0.095268,0.497153,0.022993,0.144234,0.173306
1680_84_834_887,3,2,0.011751,0.179389,0.295737,0.132966,0.053593,0.263355,0.06321
1680_84_259_393,3,1,0.052598,0.301469,0.170925,0.031054,0.077971,0.297163,0.068818
1680_84_137_159,2,4,0.013189,0.306905,0.233398,0.008456,0.34004,0.023613,0.074399
1680_83_399_444,2,1,0.069078,0.33004,0.086495,0.09587,0.101199,0.035666,0.281651
1680_84_450_499,3,5,0.012927,0.019106,0.025448,0.273812,0.025765,0.492799,0.150145
1680_84_31_86,2,5,0.015974,0.047658,0.050703,0.042552,0.016174,0.731795,0.095143
1680_83_735_828,1,5,0.065198,0.224346,0.15191,0.030728,0.106051,0.284254,0.137512
1680_83_505_530,2,5,0.03976,0.133504,0.065386,0.019869,0.031273,0.624809,0.085399
1961_100_125_199,5,5,0.04232,0.090198,0.033313,0.023507,0.016024,0.762513,0.032125
1961_99_1247_1308,1,1,0.14519,0.506466,0.083746,0.015223,0.097886,0.083693,0.067796
1961_100_1108_1247,0,1,0.322355,0.496994,0.040246,0.02512,0.038804,0.065049,0.011432
1961_99_199_376,1,1,0.140473,0.466424,0.096435,0.007077,0.244832,0.028003,0.016756
1961_99_31_125,1,1,0.261439,0.393359,0.078182,0.021333,0.183634,0.0291,0.032953
1961_100_861_1048,0,0,0.46894,0.319255,0.056777,0.019264,0.0712,0.055988,0.008577
1961_100_1308_1381,1,0,0.723522,0.152353,0.02223,0.003963,0.014698,0.078799,0.004435
1961_99_579_644,1,1,0.16901,0.440244,0.12671,0.006487,0.120466,0.12766,0.009423
1961_99_1048_1108,1,1,0.146973,0.58486,0.043854,0.00535,0.201378,0.009871,0.007714
1961_99_418_496,1,1,0.440382,0.504835,0.007127,0.003134,0.032647,0.007633,0.004241
1961_99_755_861,1,4,0.055749,0.275321,0.169164,0.027484,0.359351,0.025901,0.08703
1961_100_644_755,0,0,0.525118,0.310759,0.009193,0.004954,0.012454,0.132592,0.00493
1961_100_376_418,5,5,0.166943,0.081037,0.015458,0.011216,0.012267,0.69595,0.017129
1961_99_1381_1442,1,1,0.314138,0.390749,0.055144,0.014714,0.10872,0.091206,0.025329
1961_100_496_579,1,0,0.647316,0.232186,0.008227,0.003121,0.0108,0.094778,0.003573
1962_100_31_141,3,3,0.01187,0.012475,0.010411,0.562276,0.019419,0.358392,0.025158
1962_100_1258_1349,5,5,0.0455,0.059239,0.013177,0.012818,0.012407,0.839458,0.017401
1962_99_1182_1258,1,0,0.447991,0.442417,0.019164,0.003674,0.033557,0.041489,0.011708
1962_99_141_310,1,0,0.492938,0.394877,0.017756,0.003801,0.052636,0.030703,0.007289
1962_100_799_948,5,3,0.063475,0.058108,0.012114,0.620366,0.028726,0.20604,0.01117
1962_99_948_1069,1,0,0.414077,0.325903,0.022242,0.010769,0.046759,0.167356,0.012894
1962_99_1349_1420,1,1,0.394617,0.422007,0.03209,0.006771,0.037447,0.088504,0.018564
1962_100_529_657,1,1,0.270924,0.390951,0.042371,0.047711,0.046098,0.172194,0.029751
1962_100_1069_1182,5,5,0.255615,0.109411,0.010269,0.035441,0.019456,0.561585,0.008223
1962_100_310_441,5,5,0.158989,0.166011,0.017883,0.089705,0.030702,0.52461,0.012101
1962_99_441_529,1,0,0.54383,0.240881,0.036628,0.006156,0.030345,0.127177,0.014983
1962_99_657_799,1,0,0.613274,0.276647,0.014487,0.003113,0.019936,0.066788,0.005754
1963_100_95_218,0,0,0.580902,0.181209,0.014362,0.005358,0.023254,0.186962,0.007953
1963_99_1134_1319,0,0,0.548704,0.374922,0.015163,0.001407,0.046716,0.010451,0.002638
1963_99_218_304,1,1,0.163574,0.663939,0.021522,0.00199,0.137734,0.007434,0.003807
1963_99_879_998,1,1,0.415046,0.445403,0.009613,0.002159,0.118898,0.006609,0.002273
1963_100_1319_1395,0,5,0.272856,0.159979,0.012177,0.008252,0.021692,0.512842,0.012202
1963_100_590_694,1,5,0.236343,0.200943,0.062522,0.044272,0.027318,0.2979,0.130702
1963_100_998_1134,0,0,0.57953,0.143432,0.013545,0.003859,0.016169,0.236222,0.007242
1963_100_304_448,1,0,0.410393,0.389314,0.024908,0.021376,0.046766,0.076243,0.030999
1963_99_448_590,1,0,0.626187,0.247143,0.023205,0.002336,0.041688,0.051831,0.00761
1963_99_31_95,1,1,0.128876,0.298667,0.161276,0.014976,0.22778,0.084483,0.083942
1963_100_822_879,0,6,0.084224,0.299923,0.049073,0.080029,0.084241,0.079499,0.323011
1963_99_694_822,1,1,0.225831,0.333328,0.067724,0.028013,0.12094,0.157436,0.066727
1963_99_1395_1431,0,0,0.579789,0.308471,0.019869,0.036058,0.027456,0.016859,0.011498
1964_100_31_173,2,5,0.10239,0.212827,0.078075,0.0276,0.025889,0.466052,0.087166
1964_99_1278_1411,4,1,0.057076,0.441658,0.101697,0.005181,0.368003,0.012149,0.014238
1964_100_1164_1278,2,5,0.190166,0.259388,0.14539,0.028424,0.084731,0.267433,0.024468
1964_100_233_299,5,5,0.00731,0.011814,0.013169,0.011771,0.007827,0.937766,0.010343
1964_100_1411_1469,2,1,0.072988,0.437114,0.217862,0.010244,0.135655,0.076592,0.049546
1964_100_907_977,2,5,0.049712,0.142299,0.26447,0.025795,0.033321,0.418709,0.065695
1964_99_173_233,4,5,0.018094,0.135584,0.147312,0.011025,0.063629,0.587678,0.036677
1964_99_580_625,4,1,0.039055,0.245582,0.182274,0.014264,0.209008,0.07743,0.232387
1964_99_977_1164,4,1,0.05771,0.345664,0.238359,0.011551,0.279966,0.046041,0.020709
1964_99_299_386,4,4,0.01169,0.189692,0.325644,0.006998,0.39151,0.027108,0.047358
1964_100_625_699,2,5,0.147021,0.107129,0.024989,0.023766,0.023288,0.639056,0.034751
1964_100_386_580,5,5,0.016466,0.043261,0.037638,0.006046,0.021157,0.865145,0.010287
1964_99_699_907,4,4,0.018984,0.146951,0.346683,0.006742,0.393524,0.040057,0.047059
1966_99_86_258,2,6,0.05088,0.255736,0.19969,0.016828,0.12462,0.084291,0.267956
1966_100_1250_1321,4,6,0.033448,0.219446,0.130641,0.053054,0.243039,0.041451,0.278921
1966_99_1090_1250,4,1,0.089211,0.382844,0.151274,0.013153,0.251566,0.024118,0.087833
1966_99_898_1013,6,4,0.063926,0.173959,0.11049,0.048699,0.320458,0.084812,0.197656
1966_99_1321_1386,1,1,0.207638,0.575328,0.051396,0.009959,0.098862,0.02051,0.036307
1966_99_512_645,5,0,0.30389,0.287896,0.083257,0.009254,0.164867,0.095736,0.0551
1966_99_332_406,5,0,0.363168,0.305864,0.035845,0.023411,0.054033,0.113237,0.104442
1966_100_1013_1090,2,5,0.026465,0.072182,0.07233,0.031878,0.01772,0.519548,0.259877
1966_100_406_512,5,5,0.013679,0.010512,0.010798,0.076855,0.029483,0.839961,0.018711
1966_100_31_86,6,6,0.030701,0.108443,0.095357,0.098907,0.036491,0.203895,0.426205
1966_100_742_898,2,4,0.052321,0.294431,0.116558,0.018206,0.307906,0.115623,0.094955
1966_100_645_672,2,1,0.099721,0.3061,0.140747,0.034366,0.186123,0.165697,0.067245
1966_99_672_742,4,1,0.07339,0.357572,0.106027,0.013766,0.318863,0.095323,0.035059
1966_100_258_332,2,6,0.024022,0.133022,0.063133,0.159003,0.082735,0.226747,0.311339
1967_100_31_151,2,5,0.047029,0.288673,0.121426,0.006838,0.066391,0.453062,0.016581
1967_100_1251_1393,5,5,0.007975,0.025365,0.0597,0.207274,0.02824,0.538352,0.133094
1967_99_1131_1251,5,5,0.015944,0.011527,0.018395,0.00381,0.011122,0.933472,0.00573
1967_99_151_272,2,1,0.110763,0.512657,0.157736,0.004288,0.161139,0.037187,0.01623
1967_99_1393_1496,2,2,0.029981,0.126903,0.339793,0.013811,0.217883,0.253092,0.018537
1967_99_868_944,2,5,0.017788,0.115918,0.19377,0.047446,0.076798,0.39937,0.148909
1967_100_944_1131,2,2,0.014484,0.091048,0.249712,0.166404,0.072774,0.205104,0.200475
1967_100_571_661,0,1,0.20308,0.407304,0.077254,0.104905,0.036527,0.129164,0.041766
1967_100_272_418,2,5,0.025119,0.105215,0.069334,0.187486,0.038048,0.441519,0.133278
1967_99_418_571,2,1,0.23334,0.379355,0.196077,0.001418,0.165546,0.021415,0.002849
1967_100_797_868,6,5,0.021654,0.05957,0.069007,0.180417,0.023871,0.553453,0.092027
1967_99_661_797,2,1,0.231022,0.599786,0.051047,0.00324,0.089306,0.020413,0.005185
1968_100_1132_1386,2,5,0.061108,0.11221,0.086286,0.095602,0.05834,0.389642,0.196812
1968_100_1811_2060,2,5,0.064378,0.102418,0.083915,0.053627,0.053672,0.567232,0.074759
1968_100_1466_1700,2,5,0.045075,0.148795,0.082641,0.025444,0.063405,0.579994,0.054646
1968_99_233_289,6,1,0.135169,0.47703,0.151597,0.011829,0.137289,0.049873,0.037213
1968_99_1718_1799,2,5,0.004538,0.027244,0.054432,0.017799,0.02128,0.834472,0.040235
1968_100_2135_2239,2,5,0.047784,0.179671,0.119213,0.022541,0.062307,0.354238,0.214245
1968_99_2397_2486,2,5,0.084999,0.128633,0.137242,0.013285,0.085444,0.350926,0.199471
1968_99_31_124,6,2,0.114516,0.196755,0.219268,0.054612,0.094088,0.151076,0.169685
1968_100_924_990,2,5,0.031835,0.162754,0.141015,0.030856,0.044588,0.513984,0.074968
1968_100_152_214,3,1,0.173592,0.465612,0.095044,0.051343,0.028682,0.118726,0.067002
1968_100_2289_2365,5,5,0.019526,0.095542,0.063198,0.167255,0.058505,0.460193,0.135782
1968_99_417_638,6,5,0.019869,0.038869,0.079898,0.046723,0.062303,0.681235,0.071103
1968_99_1024_1118,2,2,0.014889,0.1171,0.394962,0.009103,0.179727,0.256859,0.02736
1968_100_322_415,3,6,0.028528,0.069097,0.080791,0.290038,0.027263,0.174494,0.329789
1968_100_671_855,3,5,0.022575,0.051611,0.023123,0.142025,0.033895,0.619178,0.107593
1968_99_1409_1445,2,5,0.014192,0.070128,0.114877,0.045016,0.096996,0.418713,0.240078
1968_99_879_904,2,5,0.012165,0.069567,0.183402,0.009028,0.082095,0.543419,0.100323
1968_99_2072_2112,2,5,0.128851,0.177963,0.078675,0.006969,0.023195,0.513941,0.070407
1968_99_2557_2570,5,3,0.021403,0.031926,0.026049,0.542058,0.037255,0.327921,0.013388
1968_99_2257_2268,5,5,0.034861,0.085551,0.04815,0.007659,0.015758,0.697821,0.110199
1968_100_2517_2527,6,5,0.161941,0.101418,0.082121,0.055141,0.027783,0.404063,0.167533
1970_99_120_213,4,1,0.189594,0.654472,0.03613,0.004755,0.096452,0.012975,0.005622
1970_99_1255_1388,1,4,0.088155,0.215367,0.075409,0.00923,0.354057,0.248032,0.009751
1970_100_251_337,1,1,0.327394,0.435933,0.04427,0.040229,0.038728,0.060085,0.053361
1970_100_1424_1510,4,1,0.103995,0.486572,0.023316,0.01458,0.354291,0.010949,0.006297
1970_100_475_625,1,0,0.376907,0.365889,0.065501,0.005442,0.062987,0.101367,0.021907
1970_99_1067_1168,0,1,0.274956,0.47706,0.086115,0.016083,0.069094,0.04438,0.032313
1970_99_640_703,1,1,0.224497,0.561571,0.07582,0.013275,0.059786,0.034547,0.030504
1970_100_961_1052,1,1,0.339866,0.425284,0.057438,0.007093,0.044707,0.112107,0.013505
1970_100_31_87,1,1,0.202394,0.321621,0.071558,0.011481,0.027407,0.297123,0.068415
1970_99_367_463,1,1,0.354645,0.404397,0.065164,0.00545,0.065287,0.080182,0.024877
1970_100_1187_1245,1,1,0.322093,0.607158,0.006348,0.005785,0.042911,0.009806,0.0059
1970_100_721_792,2,0,0.465125,0.38527,0.027275,0.00622,0.056625,0.053906,0.005579
1970_99_827_926,0,0,0.64624,0.28405,0.011132,0.003637,0.022406,0.027374,0.005161
1971_100_31_239,3,3,0.011269,0.019392,0.022595,0.805383,0.022254,0.071754,0.047353
1971_99_1238_1361,1,1,0.143511,0.519503,0.033224,0.062723,0.112632,0.036325,0.092082
1971_100_1077_1217,5,5,0.057376,0.124122,0.062972,0.195939,0.063868,0.315722,0.180001
1971_100_1404_1528,5,1,0.150452,0.383659,0.211037,0.00502,0.184972,0.043335,0.021526
1971_100_886_977,5,5,0.127563,0.149423,0.036492,0.008894,0.021845,0.63151,0.024273
1971_99_494_723,1,1,0.306033,0.492351,0.037881,0.013297,0.086824,0.050374,0.01324
1971_99_265_334,1,5,0.065971,0.116242,0.115617,0.164753,0.149702,0.246576,0.14114
1971_100_368_471,5,5,0.090113,0.126939,0.02741,0.031077,0.02212,0.681657,0.020684
1971_99_808_856,1,5,0.068444,0.314485,0.074163,0.039524,0.043542,0.402781,0.057061
1971_100_755_791,5,5,0.088459,0.196919,0.067727,0.11199,0.045225,0.416156,0.073525
1971_99_998_1031,6,4,0.014873,0.232815,0.216578,0.016303,0.244314,0.08779,0.187327
1972_100_31_138,2,3,0.012964,0.015297,0.017792,0.804953,0.02526,0.092115,0.031619
1972_99_1254_1393,1,1,0.364955,0.386807,0.074745,0.008429,0.129468,0.02115,0.014447
1972_100_1139_1231,2,1,0.153444,0.305636,0.048751,0.183171,0.043816,0.076498,0.188684
1972_100_1637_1725,3,3,0.02175,0.049662,0.048102,0.71979,0.042505,0.066485,0.051706
1972_100_201_399,5,5,0.062104,0.151069,0.275355,0.011965,0.048255,0.400602,0.05065
1972_100_1411_1513,2,3,0.08771,0.234918,0.111527,0.276817,0.056569,0.145909,0.086549
1972_100_818_952,5,1,0.154778,0.263287,0.05002,0.060627,0.04971,0.234396,0.187181
1972_100_447_645,5,5,0.027038,0.094438,0.033032,0.347077,0.027552,0.387967,0.082896
1972_99_165_183,6,5,0.034806,0.076663,0.039341,0.00716,0.027852,0.744119,0.070059
1972_99_976_1113,1,2,0.053843,0.159908,0.396253,0.002851,0.354471,0.025404,0.00727
1972_99_1754_1767,1,4,0.020146,0.253252,0.271759,0.018751,0.309769,0.067975,0.058347
1972_99_1536_1608,2,1,0.181582,0.330604,0.080099,0.061607,0.149464,0.045736,0.150907
1972_99_674_797,5,5,0.030468,0.062328,0.050178,0.011356,0.075076,0.743581,0.027012
1972_99_410_424,5,5,0.062083,0.203654,0.09092,0.016553,0.057062,0.442673,0.127055
1973_100_31_146,5,5,0.020804,0.046006,0.036246,0.008798,0.014264,0.824924,0.048958
1973_100_1279_1454,1,5,0.035188,0.14549,0.060417,0.155489,0.08075,0.485564,0.037102
1973_99_1643_1690,2,2,0.041504,0.129506,0.612693,0.001461,0.192214,0.02043,0.002192
1973_99_168_291,1,1,0.092489,0.386317,0.257351,0.005606,0.20228,0.037988,0.017969
1973_100_852_947,5,5,0.021552,0.077675,0.082817,0.012429,0.059019,0.712873,0.033634
1973_100_454_638,5,1,0.061634,0.387543,0.170626,0.012624,0.081004,0.194437,0.092132
1973_100_1113_1179,2,2,0.054445,0.229589,0.429757,0.007078,0.142452,0.106874,0.029806
1973_99_957_1087,1,2,0.009114,0.140531,0.544862,0.018396,0.193889,0.054497,0.03871
1973_99_1194_1262,5,5,0.108803,0.116008,0.080891,0.014741,0.066557,0.596486,0.016514
1973_99_1463_1526,2,1,0.2339,0.321512,0.154167,0.022819,0.145077,0.072722,0.049803
1973_99_656_831,1,1,0.090383,0.345282,0.339,0.003486,0.183554,0.027119,0.011177
1973_99_344_425,1,1,0.052038,0.394887,0.240556,0.027705,0.165405,0.051429,0.06798
1973_100_1550_1628,5,5,0.015065,0.042962,0.049282,0.008144,0.033793,0.832872,0.017882
1973_100_311_325,5,5,0.014164,0.025238,0.012878,0.020601,0.009266,0.893469,0.024385
1974_99_31_186,5,5,0.178082,0.215225,0.159663,0.030539,0.16313,0.217193,0.036167
1974_99_1259_1396,2,1,0.152283,0.319666,0.188671,0.005372,0.107907,0.198437,0.027664
1974_100_2005_2049,1,1,0.251766,0.556305,0.053282,0.007098,0.081651,0.034917,0.014981
1974_100_1176_1242,1,3,0.086058,0.252438,0.036943,0.33272,0.048954,0.218453,0.024434
1974_99_1591_1710,2,1,0.144153,0.286265,0.195592,0.026327,0.215491,0.114521,0.017652
1974_100_206_328,5,5,0.006332,0.018294,0.021715,0.004552,0.014057,0.928409,0.006641
1974_100_1733_1852,1,4,0.025819,0.189752,0.153823,0.094633,0.203336,0.139729,0.192908
1974_100_1417_1583,5,5,0.027739,0.116625,0.051588,0.124629,0.016621,0.423667,0.239131
1974_99_904_976,1,1,0.095032,0.374591,0.145989,0.023922,0.229439,0.070626,0.060401
1974_100_487_652,2,1,0.246096,0.489798,0.063927,0.004663,0.132071,0.04728,0.016165
1974_99_1110_1156,1,1,0.17858,0.590102,0.073815,0.004206,0.094653,0.051194,0.007451
1974_100_1023_1110,1,1,0.021505,0.276125,0.117334,0.089623,0.245327,0.056916,0.19317
1974_99_347_468,1,1,0.192022,0.330856,0.140653,0.009612,0.290775,0.021314,0.01477
1974_100_793_891,3,5,0.017807,0.075858,0.071474,0.237418,0.029359,0.5183,0.049783
1974_99_1874_1984,1,4,0.141291,0.215306,0.104744,0.062966,0.371849,0.084298,0.019546
1974_99_666_770,2,1,0.242426,0.321403,0.099844,0.016721,0.205234,0.088418,0.025954
1979_99_98_133,3,1,0.255913,0.444103,0.063209,0.008608,0.072442,0.125087,0.030637
1979_99_1104_1378,1,0,0.564115,0.33619,0.020284,0.005165,0.041118,0.024727,0.008401
1979_99_2013_2113,1,0,0.644264,0.271729,0.024129,0.005843,0.026691,0.018443,0.008902
1979_100_1401_1723,0,0,0.427714,0.314693,0.02918,0.031812,0.035574,0.148781,0.012245
1979_99_240_321,3,5,0.077109,0.168556,0.050731,0.021437,0.09185,0.555369,0.034949
1979_99_1735_1856,1,0,0.601971,0.321855,0.01933,0.005858,0.021513,0.023275,0.006198
1979_100_906_1093,0,0,0.417223,0.254127,0.012894,0.011342,0.03094,0.266309,0.007164
1979_100_159_228,1,6,0.038799,0.114491,0.074739,0.211371,0.036862,0.256378,0.26736
1979_100_613_798,1,0,0.41316,0.246501,0.02067,0.005226,0.020122,0.287694,0.006627
1979_100_340_522,1,0,0.455725,0.400032,0.039789,0.005928,0.026888,0.060787,0.010851
1979_100_31_74,3,5,0.022133,0.040396,0.040621,0.094104,0.023606,0.659253,0.119888
1979_100_1878_2001,1,0,0.482215,0.337429,0.022956,0.032815,0.030588,0.065932,0.028066
1979_99_825_881,1,0,0.548884,0.385323,0.015854,0.007069,0.022961,0.016126,0.003784
1979_99_538_586,0,1,0.249175,0.432677,0.06927,0.009263,0.042479,0.154396,0.04274
1979_99_2223_2273,1,0,0.65396,0.235739,0.013039,0.01206,0.033372,0.046902,0.004929
1979_100_2130_2212,1,1,0.329904,0.44486,0.031845,0.019186,0.034345,0.114939,0.02492
1980_99_1288_1395,4,1,0.081706,0.308173,0.044217,0.080009,0.113925,0.288546,0.083423
1980_100_235_426,1,1,0.130992,0.317103,0.086352,0.116022,0.085621,0.23075,0.033159
1980_99_1790_1879,4,0,0.298363,0.241637,0.072168,0.073386,0.128778,0.092148,0.09352
1980_100_1416_1486,1,0,0.446748,0.256909,0.021096,0.011008,0.024133,0.221128,0.018978
1980_100_946_1106,5,5,0.017192,0.066909,0.061274,0.054709,0.047499,0.733552,0.018866
1980_99_136_211,1,5,0.129053,0.183516,0.040272,0.058611,0.072561,0.409207,0.10678
1980_99_1121_1157,5,5,0.207351,0.181167,0.053717,0.072806,0.022593,0.238481,0.223885
1980_100_1683_1772,1,5,0.027794,0.093791,0.015781,0.064923,0.033702,0.75307,0.010939
1980_100_603_752,1,5,0.073711,0.158242,0.04498,0.301044,0.057565,0.301434,0.063024
1980_99_447_582,1,1,0.130614,0.672107,0.022422,0.010862,0.140826,0.009945,0.013224
1980_100_31_117,3,3,0.016609,0.029489,0.04649,0.70301,0.036209,0.103083,0.06511
1980_99_1503_1674,1,1,0.295729,0.512065,0.0285,0.012706,0.105653,0.029629,0.015719
1980_100_1185_1275,1,3,0.013012,0.122527,0.058401,0.41086,0.020411,0.094171,0.280618
1980_99_768_922,1,1,0.158634,0.311681,0.043363,0.124037,0.274034,0.019909,0.068342
1980_100_1910_1964,1,1,0.0938,0.414296,0.158275,0.045078,0.101903,0.11244,0.074209
1982_100_1236_1349,1,1,0.431678,0.489053,0.013881,0.004823,0.02156,0.030073,0.008932
1982_99_1138_1212,4,0,0.461978,0.260947,0.048364,0.006521,0.085994,0.105333,0.030863
1982_100_1676_1753,1,1,0.1746,0.428176,0.060403,0.105371,0.061299,0.031494,0.138656
1982_99_236_335,4,5,0.071555,0.147507,0.092524,0.013904,0.083337,0.516928,0.074244
1982_99_1768_1844,0,0,0.598861,0.194202,0.026886,0.006705,0.051559,0.112718,0.00907
1982_100_1460_1563,1,1,0.176511,0.412594,0.096074,0.053666,0.060798,0.042155,0.158202
1982_100_861_1122,6,1,0.091218,0.295945,0.14224,0.025875,0.165938,0.034627,0.244156
1982_100_140_220,1,6,0.030193,0.173317,0.059882,0.067741,0.20593,0.067188,0.395749
1982_100_603_692,1,1,0.068865,0.528367,0.101746,0.006104,0.196178,0.011748,0.086991
1982_99_472_570,4,4,0.010363,0.102792,0.289851,0.009936,0.435774,0.137657,0.013627
1982_99_31_118,5,5,0.038554,0.091062,0.057018,0.007837,0.124428,0.658647,0.022455
1982_100_362_460,1,2,0.012612,0.199386,0.38663,0.005506,0.258518,0.070002,0.067346
1982_99_709_833,4,5,0.15847,0.197591,0.151988,0.015648,0.160576,0.242636,0.073092
1982_100_1868_1945,1,6,0.155169,0.184504,0.023632,0.169395,0.041245,0.163406,0.262649
1982_99_1577_1659,0,0,0.383237,0.349234,0.04564,0.019814,0.141993,0.032183,0.027899
1982_99_1368_1434,4,1,0.318392,0.415618,0.065268,0.004424,0.05607,0.132509,0.007719
1982_99_1964_2008,0,0,0.711155,0.225236,0.01181,0.004019,0.027698,0.013161,0.006921
1984_100_31_133,1,6,0.018951,0.203407,0.083842,0.067731,0.122063,0.055869,0.448138
1984_100_1148_1302,2,1,0.330191,0.48822,0.046739,0.01445,0.044924,0.040033,0.035444
1984_100_1660_1776,5,5,0.264427,0.272759,0.023706,0.011954,0.014226,0.401467,0.011461
1984_100_210_353,5,1,0.095809,0.369179,0.076327,0.046677,0.043795,0.234843,0.133369
1984_100_1382_1527,5,0,0.364772,0.20018,0.024156,0.014373,0.014721,0.358767,0.023031
1984_99_912_965,5,5,0.016554,0.020507,0.030393,0.008015,0.009331,0.897905,0.017294
1984_99_133_210,5,1,0.098065,0.466603,0.153004,0.010413,0.123999,0.090541,0.057375
1984_99_1302_1382,5,5,0.089961,0.145459,0.074452,0.121248,0.05143,0.477327,0.040121
1984_99_572_623,5,5,0.01224,0.028985,0.01962,0.040686,0.016985,0.862386,0.019099
1984_99_1077_1148,1,0,0.372902,0.176847,0.214299,0.011857,0.129756,0.084671,0.009668
1984_100_623_912,5,6,0.033408,0.214107,0.082908,0.046081,0.018753,0.213098,0.391645
1984_100_965_1077,1,5,0.296944,0.173149,0.037715,0.036495,0.022991,0.416227,0.016479
1984_100_409_572,5,5,0.022825,0.079677,0.028234,0.05231,0.017587,0.500871,0.298496
1984_99_1527_1660,1,1,0.116162,0.311454,0.065922,0.244592,0.089698,0.076394,0.095778
1984_99_353_409,5,5,0.142716,0.220616,0.073277,0.053475,0.065582,0.270309,0.174025
1985_99_116_261,5,6,0.031277,0.266368,0.122863,0.110587,0.07595,0.098634,0.294321
1985_100_1220_1328,5,5,0.087786,0.190142,0.084784,0.034346,0.040787,0.453212,0.108943
1985_100_1968_2076,5,3,0.008589,0.009482,0.011661,0.852109,0.008272,0.082149,0.027737
1985_99_1144_1220,5,1,0.281767,0.446026,0.114017,0.011969,0.063333,0.069932,0.012955
1985_99_1637_1680,5,2,0.023535,0.193617,0.291469,0.027139,0.250225,0.101844,0.112171
1985_100_1680_1868,2,1,0.153979,0.297121,0.296153,0.014328,0.07205,0.116992,0.049379
1985_100_1453_1637,1,0,0.409829,0.226525,0.021592,0.052322,0.02494,0.237162,0.02763
1985_99_914_982,0,0,0.737222,0.183507,0.014134,0.006492,0.029061,0.025821,0.003763
1985_99_1328_1453,5,1,0.20425,0.316731,0.075069,0.011826,0.060765,0.306798,0.024562
1985_100_488_637,2,6,0.038042,0.188084,0.148879,0.117964,0.066915,0.136975,0.30314
1985_100_982_1144,2,5,0.020572,0.170005,0.177559,0.072058,0.042013,0.457514,0.060279
1985_100_261_357,5,5,0.021015,0.181349,0.135395,0.251918,0.042324,0.275203,0.092796
1985_99_637_746,5,2,0.10893,0.192913,0.277766,0.024865,0.080762,0.262843,0.051921
1985_99_357_488,1,1,0.309277,0.352075,0.133557,0.008017,0.056454,0.128456,0.012164
1985_100_31_116,5,3,0.014151,0.05482,0.030875,0.417971,0.023837,0.104792,0.353553
1985_100_746_914,2,5,0.016831,0.13717,0.1227,0.1959,0.021261,0.479653,0.026485
1985_99_1868_1968,2,4,0.081627,0.260041,0.26539,0.021379,0.297698,0.055017,0.018847
1985_99_2076_2157,1,0,0.349488,0.345167,0.164014,0.005791,0.074475,0.054492,0.006573
1986_100_31_142,5,3,0.009863,0.012182,0.011533,0.757903,0.029868,0.132289,0.046362
1986_99_1215_1323,1,5,0.026599,0.098548,0.092492,0.100084,0.071495,0.416098,0.194684
1986_100_1085_1215,5,3,0.013232,0.017964,0.021652,0.694305,0.022831,0.197383,0.032633
1986_100_1510_1717,5,5,0.235041,0.181956,0.026845,0.201202,0.037835,0.298349,0.018772
1986_99_219_298,1,0,0.682647,0.202107,0.021252,0.005908,0.046039,0.036918,0.005128
1986_99_1717_1802,1,0,0.600847,0.240072,0.042464,0.00414,0.05694,0.04523,0.010307
1986_99_1419_1510,1,1,0.142003,0.282808,0.230731,0.011599,0.080626,0.175083,0.077151
1986_100_737_1006,3,3,0.009206,0.022084,0.012814,0.729378,0.014778,0.151833,0.059906
1986_100_165_219,3,3,0.026588,0.040743,0.025845,0.662031,0.027952,0.133745,0.083096
1986_100_1323_1419,5,5,0.009614,0.109257,0.055681,0.063344,0.035507,0.654595,0.072001
1986_100_547_660,3,3,0.045892,0.069967,0.02573,0.412255,0.01882,0.221227,0.20611
1986_100_298_501,3,3,0.100315,0.098744,0.017854,0.559421,0.050528,0.157968,0.01517
1986_99_1006_1085,5,3,0.033978,0.136171,0.077391,0.27219,0.212264,0.175786,0.092221
1986_99_660_737,5,5,0.018245,0.030695,0.017452,0.021925,0.013527,0.877954,0.020202
1986_99_501_547,5,5,0.015625,0.046489,0.054678,0.007651,0.012675,0.830222,0.03266
1986_99_142_165,1,5,0.022156,0.026039,0.024189,0.00953,0.011649,0.878957,0.027481
1987_100_31_180,3,3,0.013817,0.021414,0.040926,0.609583,0.02373,0.125762,0.164767
1987_100_1291_1364,3,3,0.011959,0.018325,0.0118,0.835757,0.036942,0.058622,0.026594
1987_99_1163_1291,1,3,0.024357,0.068584,0.030879,0.61378,0.102632,0.055274,0.104495
1987_99_1603_1792,5,5,0.139508,0.21385,0.047165,0.121749,0.099457,0.345829,0.032442
1987_100_239_418,5,3,0.019564,0.044342,0.016285,0.570787,0.02848,0.274213,0.046329
1987_100_1792_1873,5,5,0.098905,0.059523,0.011779,0.023617,0.010392,0.784184,0.0116
1987_99_1364_1466,5,5,0.059413,0.091702,0.084762,0.062009,0.084671,0.529392,0.08805
1987_100_822_935,3,3,0.009458,0.004918,0.006604,0.7603,0.014498,0.189274,0.014948
1987_99_935_1021,3,3,0.015266,0.095486,0.086759,0.500007,0.086346,0.041,0.175136
1987_99_180_239,5,5,0.050585,0.053864,0.051859,0.055958,0.033093,0.727667,0.026973
1987_100_538_606,1,5,0.02873,0.125224,0.052992,0.196627,0.115119,0.336776,0.144531
1987_100_1021_1163,5,5,0.123895,0.127877,0.025388,0.060024,0.036885,0.605485,0.020447
1987_99_606_822,1,1,0.109066,0.416591,0.042531,0.068531,0.146472,0.055626,0.161183
1987_99_418_538,4,1,0.065745,0.390794,0.186011,0.013271,0.186313,0.0987,0.059167
1987_100_1466_1603,3,3,0.022192,0.036477,0.020014,0.808147,0.020911,0.032501,0.059756
1987_99_1873_1967,1,1,0.197382,0.333212,0.084487,0.040106,0.083347,0.232988,0.028479
1990_100_118_211,3,3,0.034778,0.030499,0.016751,0.66759,0.03455,0.175426,0.040406
1990_100_1190_1345,1,5,0.11831,0.228743,0.020179,0.015458,0.036426,0.565305,0.01558
1990_100_251_367,3,3,0.013882,0.010963,0.011162,0.775027,0.020448,0.117765,0.050753
1990_99_1348_1495,1,1,0.166285,0.268235,0.068084,0.109211,0.113026,0.218418,0.056741
1990_100_904_968,1,1,0.113966,0.303895,0.087726,0.029271,0.079828,0.231757,0.153558
1990_99_561_635,1,5,0.131421,0.182545,0.141985,0.091107,0.07406,0.260042,0.118839
1990_99_986_1163,1,1,0.176742,0.334106,0.062242,0.085029,0.152714,0.120089,0.069078
1990_100_471_560,5,5,0.026205,0.062408,0.015224,0.048877,0.018468,0.814984,0.013835
1990_100_31_93,3,3,0.014527,0.010238,0.016551,0.786143,0.024264,0.130194,0.018084
1990_99_368_470,1,5,0.143465,0.160024,0.033368,0.102001,0.075323,0.403817,0.082001
1990_100_1496_1546,1,1,0.098252,0.44792,0.153217,0.016847,0.152895,0.08164,0.049229
1990_99_707_903,1,5,0.072668,0.147621,0.061529,0.02183,0.082777,0.591968,0.021607
1990_100_662_706,0,5,0.049737,0.098615,0.026494,0.007677,0.02012,0.74733,0.050028
1990_99_94_117,3,5,0.037959,0.076205,0.049808,0.027353,0.015108,0.750411,0.043157
1990_99_236_250,3,5,0.046299,0.093716,0.042758,0.079089,0.037154,0.630129,0.070855
1991_100_1198_1517,5,3,0.012937,0.028254,0.03016,0.691792,0.026355,0.110974,0.099528
1991_99_1147_1198,4,5,0.012643,0.028327,0.032932,0.016211,0.012604,0.876126,0.021158
1991_100_1628_1684,1,5,0.029092,0.125395,0.015803,0.067762,0.022173,0.711717,0.028058
1991_99_234_349,4,5,0.04824,0.101656,0.026829,0.019242,0.04268,0.737362,0.023991
1991_99_911_993,3,5,0.020463,0.013993,0.012469,0.131283,0.02157,0.779537,0.020685
1991_100_155_233,4,6,0.031499,0.089699,0.031711,0.302028,0.027695,0.055989,0.46138
1991_99_491_613,0,0,0.341765,0.334814,0.043693,0.090805,0.067308,0.099245,0.02237
1991_100_1005_1125,3,3,0.011505,0.040099,0.070513,0.504878,0.010832,0.117913,0.24426
1991_99_1685_1774,1,0,0.334078,0.299386,0.034695,0.151421,0.0403,0.108456,0.031665
1991_100_614_767,3,3,0.013186,0.015295,0.008804,0.88912,0.021822,0.023299,0.028475
1991_100_31_116,6,3,0.033155,0.109605,0.114584,0.269757,0.063924,0.184122,0.224852
1991_100_350_468,1,1,0.080305,0.317475,0.085085,0.191089,0.084918,0.121065,0.120063
1991_99_1518_1601,1,0,0.37159,0.345755,0.060404,0.062063,0.065775,0.068109,0.026304
1991_100_818_886,6,3,0.016391,0.027569,0.016154,0.787705,0.019181,0.044436,0.088563
1991_99_778_800,1,5,0.10965,0.166336,0.120457,0.091004,0.090621,0.242139,0.179793
1991_99_148_154,6,5,0.034476,0.043607,0.059842,0.111705,0.048933,0.489619,0.211819
1992_100_31_181,1,5,0.019219,0.04701,0.042627,0.158879,0.018126,0.557411,0.156728
1992_100_1077_1348,3,3,0.052259,0.098247,0.054382,0.371738,0.046934,0.303823,0.072618
1992_99_184_298,1,3,0.114413,0.149178,0.055206,0.318074,0.059363,0.076068,0.227698
1992_99_1807_1892,0,0,0.344891,0.292798,0.065302,0.016835,0.067315,0.198762,0.014097
1992_100_1681_1806,4,3,0.013318,0.119652,0.114274,0.339062,0.045492,0.239943,0.128259
1992_99_1349_1652,1,0,0.411183,0.136635,0.070996,0.009468,0.13833,0.219777,0.013612
1992_100_861_974,3,3,0.017817,0.035541,0.027027,0.792969,0.018696,0.043508,0.064442
1992_99_523_604,1,5,0.180233,0.110267,0.038685,0.025778,0.027235,0.598179,0.019623
1992_100_320_376,3,5,0.024268,0.054083,0.065095,0.203858,0.030275,0.329649,0.292771
1992_100_611_699,1,3,0.075716,0.152302,0.034247,0.534422,0.028002,0.152399,0.022912
1992_99_999_1053,1,5,0.237435,0.131143,0.017631,0.018914,0.032317,0.553924,0.008637
1992_99_405_481,1,1,0.234272,0.349403,0.03472,0.091827,0.065729,0.05594,0.168109
1992_99_700_844,1,0,0.410481,0.243183,0.035534,0.032849,0.093007,0.164477,0.020468
1992_100_487_522,1,3,0.017395,0.01953,0.02346,0.694418,0.020855,0.134731,0.089611
1994_100_126_231,3,3,0.019255,0.033753,0.016716,0.631381,0.043743,0.074584,0.180568
1994_100_1285_1454,1,5,0.096698,0.237011,0.060341,0.044844,0.069016,0.394703,0.097387
1994_99_1787_2081,0,1,0.295267,0.321553,0.080209,0.007194,0.263129,0.024691,0.007957
1994_99_1170_1269,4,5,0.083324,0.225171,0.106304,0.067242,0.13546,0.251207,0.131292
1994_100_1628_1786,1,5,0.143843,0.324451,0.042417,0.077987,0.04718,0.353483,0.010639
1994_99_251_292,4,5,0.121702,0.128266,0.036289,0.009318,0.073035,0.545216,0.086174
1994_99_1455_1601,1,0,0.420224,0.287741,0.051298,0.009954,0.065844,0.147609,0.017329
1994_99_841_993,1,1,0.110983,0.406502,0.049718,0.008977,0.334983,0.050998,0.037839
1994_99_454_602,4,4,0.031359,0.092084,0.157253,0.020803,0.477425,0.205948,0.015128
1994_100_1127_1162,5,5,0.00554,0.014621,0.018464,0.020249,0.008317,0.888746,0.044063
1994_99_1098_1113,4,6,0.04219,0.100161,0.072697,0.117222,0.043414,0.054141,0.570175
1994_100_321_439,3,3,0.012778,0.029219,0.023932,0.733249,0.019345,0.073363,0.108114
1994_100_631_840,5,0,0.433289,0.257452,0.016212,0.04878,0.047941,0.178816,0.017509
1994_100_1007_1097,0,6,0.080506,0.109158,0.057441,0.078154,0.020875,0.179076,0.474789
1994_99_31_109,4,3,0.017483,0.040538,0.127637,0.370308,0.104346,0.073329,0.26636
1994_100_2097_2153,0,1,0.058254,0.501354,0.133345,0.011406,0.23488,0.027858,0.032904
1995_100_123_250,3,3,0.065556,0.22144,0.038684,0.3043,0.116649,0.170571,0.0828
1995_99_1274_1474,4,5,0.069001,0.148458,0.053401,0.028671,0.218534,0.444563,0.037371
1995_100_1066_1247,3,3,0.069265,0.216599,0.025426,0.317207,0.046586,0.159037,0.16588
1995_99_1681_1814,4,4,0.120403,0.298707,0.046835,0.107965,0.309217,0.063813,0.053059
1995_100_737_933,6,3,0.090701,0.214173,0.024625,0.361399,0.047388,0.208858,0.052856
1995_100_526_605,2,3,0.032477,0.166545,0.028007,0.574406,0.04388,0.115394,0.039291
1995_100_331_421,1,1,0.070939,0.50128,0.061476,0.08269,0.083111,0.079553,0.120953
1995_99_629_715,1,0,0.344555,0.306754,0.120881,0.010782,0.075373,0.128596,0.013059
1995_99_959_1049,4,5,0.01816,0.04003,0.194426,0.016221,0.238719,0.472303,0.020141
1995_99_444_502,1,0,0.481034,0.344277,0.044621,0.005043,0.041384,0.07369,0.009952
1995_99_31_87,4,4,0.034709,0.129449,0.226224,0.010508,0.362911,0.157976,0.078223
1995_100_1508_1653,3,3,0.01929,0.047068,0.012899,0.747361,0.029983,0.092559,0.050839
1995_99_1909_1925,1,1,0.035106,0.30861,0.276363,0.019653,0.231769,0.085908,0.042593
1995_100_1842_1891,1,5,0.198143,0.178029,0.022104,0.02152,0.013847,0.543792,0.022563
1995_99_274_310,6,5,0.160893,0.238161,0.077978,0.009049,0.101279,0.31641,0.096231
1997_100_102_173,3,3,0.01789,0.024403,0.01454,0.811476,0.022192,0.056762,0.052738
1997_99_1193_1303,6,6,0.047128,0.166326,0.126856,0.159054,0.203781,0.0656,0.231255
1997_99_1636_1734,1,0,0.405253,0.270495,0.026269,0.010495,0.106806,0.173788,0.006894
1997_100_226_294,3,3,0.012678,0.023938,0.024879,0.766256,0.015115,0.074488,0.082646
1997_100_1765_1842,2,5,0.112621,0.097837,0.021565,0.080857,0.017458,0.636395,0.033268
1997_99_1439_1504,1,0,0.65894,0.19904,0.018663,0.022809,0.029805,0.061684,0.009059
1997_99_889_1047,1,0,0.511427,0.40565,0.011865,0.008488,0.026705,0.027163,0.008702
1997_99_190_209,6,5,0.122602,0.206147,0.059789,0.02928,0.03958,0.422185,0.120418
1997_100_1319_1426,3,3,0.014157,0.050168,0.047081,0.721024,0.050807,0.071052,0.04571
1997_100_1076_1167,2,5,0.033591,0.10584,0.044125,0.036514,0.037207,0.702398,0.040325
1997_99_313_340,5,5,0.018385,0.015249,0.021283,0.017278,0.011535,0.887463,0.028807
1997_99_595_679,2,1,0.285515,0.431509,0.064045,0.015304,0.079176,0.08888,0.03557
1997_100_365_574,3,5,0.02747,0.066496,0.015868,0.157411,0.029555,0.665586,0.037613
1997_100_1529_1618,1,5,0.120422,0.124626,0.026674,0.115498,0.066454,0.497942,0.048384
1997_100_704_879,3,0,0.351171,0.178368,0.01437,0.209689,0.045094,0.180244,0.021064
1997_99_31_46,6,5,0.035853,0.050967,0.091301,0.127311,0.064087,0.363642,0.266839
2204_111_31_202,5,2,0.109864,0.20412,0.394827,0.027924,0.112657,0.135626,0.014983
2204_111_1289_1413,2,2,0.025954,0.254004,0.316085,0.059513,0.191262,0.033288,0.119895
2204_112_1092_1285,1,2,0.043223,0.24697,0.273244,0.048347,0.232364,0.096755,0.059096
2204_111_1664_1781,2,1,0.039186,0.436358,0.161699,0.032835,0.239648,0.020778,0.069497
2204_112_217_304,5,0,0.405516,0.261741,0.130316,0.011694,0.04905,0.123921,0.017762
2204_112_1458_1658,1,4,0.027455,0.24611,0.287304,0.012955,0.39207,0.021842,0.012264
2204_111_863_1072,1,1,0.155386,0.375779,0.177414,0.013678,0.206015,0.05186,0.019868
2204_112_454_644,5,5,0.114685,0.069659,0.04194,0.011652,0.029731,0.718004,0.014329
2204_111_322_429,5,2,0.0272,0.133827,0.507568,0.020186,0.262218,0.025403,0.023598
2204_112_1826_1991,2,1,0.030277,0.360843,0.238127,0.01447,0.297994,0.023111,0.035179
2204_111_645_759,5,2,0.046547,0.148643,0.220114,0.178334,0.139435,0.106503,0.160424
2204_111_2004_2036,2,1,0.135949,0.442383,0.123655,0.047244,0.176176,0.033687,0.040905
2204_112_790_820,5,1,0.106639,0.482902,0.106771,0.007152,0.224578,0.033269,0.03869
2202_112_126_287,6,5,0.028884,0.164014,0.152807,0.056135,0.075203,0.38295,0.140007
2202_112_1260_1566,0,1,0.383662,0.438519,0.029594,0.017074,0.075263,0.031917,0.023972
2202_111_1075_1219,0,1,0.34013,0.514471,0.047958,0.007001,0.046125,0.034077,0.010237
2202_111_1592_1696,1,1,0.139159,0.520402,0.083363,0.017925,0.151172,0.062059,0.025919
2202_111_1812_1848,2,1,0.240854,0.476898,0.046205,0.025982,0.068,0.092359,0.049701
2202_112_1716_1811,0,1,0.192951,0.548055,0.061775,0.028871,0.116431,0.027897,0.024021
2202_112_825_1075,0,1,0.377126,0.480244,0.027644,0.016971,0.048293,0.030235,0.019489
2202_112_409_605,2,1,0.067948,0.439254,0.062368,0.094997,0.11337,0.036725,0.185338
2202_111_296_401,5,5,0.055309,0.093876,0.046194,0.004081,0.022072,0.768047,0.01042
2202_111_618_723,0,0,0.657993,0.286287,0.006874,0.004164,0.014137,0.02696,0.003585
2202_111_31_114,5,5,0.051379,0.096866,0.063712,0.010816,0.019099,0.716767,0.041362
2202_112_1848_1884,0,0,0.417483,0.363087,0.022116,0.074799,0.050715,0.034979,0.03682
2202_111_766_792,5,5,0.040795,0.103307,0.026902,0.006777,0.020284,0.778461,0.023473
2202_112_737_758,1,1,0.099294,0.430409,0.159563,0.019499,0.173181,0.076712,0.041342
2207_111_31_151,1,1,0.12098,0.60554,0.03113,0.006832,0.215758,0.014909,0.00485
2207_111_1287_1418,2,2,0.043822,0.21195,0.328713,0.039745,0.292658,0.064005,0.019108
2207_112_2006_2097,2,1,0.134083,0.489969,0.091662,0.081761,0.137416,0.02702,0.03809
2207_112_1117_1271,1,1,0.067719,0.556111,0.061686,0.017052,0.24826,0.010619,0.038554
2207_112_189_295,2,1,0.067269,0.326289,0.124408,0.172768,0.098175,0.112667,0.098423
2207_111_1695_1971,1,1,0.066077,0.416017,0.120678,0.017127,0.346956,0.016998,0.016146
2207_112_1446_1659,1,1,0.087486,0.49422,0.058571,0.029086,0.296157,0.015086,0.019394
2207_111_2118_2277,2,1,0.178252,0.401805,0.175242,0.016856,0.105249,0.095247,0.027349
2207_111_866_1108,2,1,0.127379,0.442806,0.119305,0.00972,0.267616,0.026224,0.006949
2207_112_2308_2368,5,1,0.088177,0.37647,0.110069,0.061587,0.158751,0.053878,0.151068
2207_111_307_565,0,1,0.229939,0.487632,0.049614,0.008076,0.18403,0.031223,0.009486
2207_112_612_847,2,1,0.069577,0.51299,0.089397,0.034034,0.259359,0.017241,0.017402
2210_112_81_212,5,5,0.017601,0.034826,0.013604,0.015618,0.013544,0.861626,0.043181
2210_111_1261_1515,1,1,0.060403,0.312962,0.123403,0.126313,0.175436,0.063641,0.137842
2210_111_1621_1727,0,1,0.055572,0.454094,0.066668,0.079391,0.270386,0.013957,0.059932
2210_111_218_291,1,6,0.014259,0.113135,0.20657,0.144817,0.127645,0.059999,0.333575
2210_112_1734_1925,2,1,0.044668,0.501812,0.071509,0.019093,0.289157,0.027047,0.046713
2210_111_640_972,5,1,0.055176,0.263341,0.166207,0.140358,0.131048,0.077744,0.166127
2210_112_555_633,5,0,0.359685,0.215509,0.030846,0.057368,0.048137,0.24557,0.042885
2210_111_1093_1172,1,4,0.031895,0.206514,0.052376,0.29633,0.306933,0.02616,0.079793
2210_112_312_441,5,5,0.020546,0.071269,0.035219,0.019972,0.026913,0.772564,0.053517
2210_112_987_1079,5,3,0.057248,0.187425,0.040491,0.339012,0.263964,0.021194,0.090665
2210_111_442_545,5,3,0.019208,0.098571,0.097966,0.366193,0.082155,0.151301,0.184608
2210_111_31_80,5,2,0.039027,0.177072,0.340647,0.019719,0.176633,0.122336,0.124566
2210_112_1536_1615,1,4,0.033258,0.283684,0.026841,0.288198,0.309875,0.016858,0.041285
2210_112_1185_1255,5,6,0.059987,0.124715,0.079159,0.19086,0.045409,0.172132,0.327736
2215_112_31_166,1,3,0.054282,0.224618,0.128392,0.299981,0.06368,0.024846,0.204201
2215_111_1877_2197,6,3,0.021703,0.05528,0.096655,0.620921,0.145205,0.042294,0.017942
2215_112_945_1287,0,5,0.247846,0.19134,0.025388,0.00305,0.034997,0.481678,0.015701
2215_112_1461_1869,0,5,0.117266,0.16757,0.02691,0.041578,0.051627,0.581539,0.01351
2215_111_196_351,0,5,0.103941,0.209775,0.131628,0.03231,0.043106,0.444033,0.035207
2215_111_1306_1435,2,6,0.023103,0.096498,0.17441,0.207355,0.175232,0.049929,0.273474
2215_112_2235_2392,1,1,0.303536,0.351806,0.052281,0.014735,0.088796,0.161512,0.027334
2215_112_618_776,1,0,0.357514,0.270667,0.032909,0.03601,0.035417,0.181772,0.085711
2215_112_374_483,1,6,0.05465,0.200437,0.104896,0.105591,0.056351,0.221717,0.256359
2215_111_803_913,2,2,0.037283,0.256669,0.331077,0.073467,0.175971,0.060585,0.064948
2215_111_525_542,2,1,0.082708,0.286441,0.176531,0.12736,0.115171,0.155189,0.056601
2214_111_31_257,0,0,0.467507,0.30512,0.059471,0.012895,0.061745,0.08584,0.007422
2214_111_1256_1586,2,2,0.030454,0.123749,0.324087,0.291455,0.134314,0.077713,0.018227
2214_111_1987_2072,2,3,0.024462,0.047925,0.017536,0.824895,0.021338,0.041674,0.022169
2214_112_890_1206,0,0,0.60509,0.263858,0.013272,0.030645,0.023888,0.044865,0.018381
2214_112_1586_1774,0,0,0.597173,0.319083,0.008194,0.018545,0.03058,0.015969,0.010457
2214_111_1791_1893,1,3,0.02218,0.050012,0.078223,0.716461,0.027663,0.060803,0.044658
2214_111_2199_2226,1,2,0.054787,0.299312,0.312588,0.0374,0.22307,0.051788,0.021054
2214_112_280_460,1,4,0.041362,0.327569,0.03873,0.028815,0.524621,0.01825,0.020653
2214_112_619_783,1,1,0.041618,0.488167,0.087411,0.023936,0.257156,0.019275,0.082437
2214_111_786_877,1,1,0.183152,0.541899,0.063735,0.034792,0.121817,0.02732,0.027285
2214_112_2077_2159,0,0,0.549606,0.373711,0.00908,0.02449,0.017248,0.007867,0.017998
2214_112_1899_1982,0,0,0.731607,0.210867,0.008262,0.004472,0.011031,0.024247,0.009515
2214_111_478_588,1,1,0.174478,0.385881,0.089302,0.009802,0.175689,0.150431,0.014417
2216_111_2379_2547,2,4,0.030527,0.098848,0.147895,0.054667,0.640411,0.011399,0.016252
2216_111_31_149,2,4,0.038532,0.167172,0.316593,0.064049,0.356262,0.015186,0.042205
2216_111_1035_1236,1,4,0.036613,0.229932,0.321419,0.029718,0.333318,0.029018,0.019981
2216_112_192_459,1,1,0.093817,0.399997,0.129583,0.032979,0.16867,0.151308,0.023647
2216_112_2577_2799,1,1,0.053733,0.505596,0.166115,0.014694,0.172268,0.040657,0.046938
2216_111_1302_1752,6,3,0.026037,0.068551,0.110262,0.454838,0.164072,0.070973,0.105267
2216_112_610_1002,0,1,0.116493,0.481251,0.086199,0.086528,0.149574,0.03808,0.041876
2216_111_1966_2162,6,4,0.048427,0.124925,0.30017,0.119744,0.32163,0.020055,0.06505
2216_112_2216_2362,2,4,0.023968,0.290947,0.27439,0.016911,0.328623,0.025164,0.039998
2216_112_1788_1942,5,5,0.036058,0.144721,0.07653,0.006791,0.066716,0.654057,0.015127
2216_111_488_581,2,1,0.066885,0.384458,0.155234,0.07234,0.258272,0.01721,0.045601
2216_112_1263_1280,1,1,0.076861,0.541915,0.080375,0.023214,0.24565,0.010891,0.021095
2213_112_123_274,2,4,0.020109,0.29606,0.203425,0.026878,0.394541,0.012788,0.046199
2213_111_1114_1381,0,0,0.461742,0.378942,0.034713,0.011782,0.052245,0.056511,0.004066
2213_111_2008_2101,0,1,0.419586,0.456861,0.01833,0.043001,0.030487,0.019438,0.012298
2213_112_1424_1723,1,1,0.061515,0.52292,0.102062,0.054985,0.188316,0.017061,0.05314
2213_111_1732_1851,0,1,0.06633,0.292972,0.245809,0.073492,0.106439,0.174751,0.040207
2213_111_929_975,1,3,0.027671,0.071422,0.03424,0.705126,0.062683,0.03294,0.065917
2213_111_295_429,1,1,0.380281,0.459863,0.042792,0.009355,0.067402,0.028027,0.01228
2213_111_594_716,1,1,0.281268,0.512091,0.069266,0.015205,0.081101,0.03006,0.01101
2213_112_989_1096,0,1,0.091783,0.394226,0.081074,0.03961,0.116967,0.244091,0.032248
2213_112_457_586,0,0,0.444921,0.369013,0.033443,0.032875,0.036232,0.051578,0.031939
2213_111_31_94,0,1,0.366556,0.496281,0.02473,0.005098,0.084352,0.017114,0.00587
2213_112_734_915,1,1,0.279788,0.401526,0.020207,0.079569,0.051309,0.072778,0.094823
2213_112_1877_1994,0,1,0.283909,0.525319,0.019414,0.048672,0.065985,0.016615,0.040087
2213_112_2115_2196,1,1,0.203874,0.539432,0.031519,0.076932,0.091986,0.027441,0.028815
2217_112_2443_2779,4,4,0.020992,0.313472,0.172753,0.015313,0.391165,0.017981,0.068323
2217_111_31_144,4,2,0.016341,0.052145,0.457058,0.018673,0.396342,0.045543,0.013897
2217_111_1101_1365,1,4,0.059087,0.168889,0.20591,0.174561,0.286177,0.075488,0.029887
2217_112_163_388,5,1,0.125971,0.339426,0.082371,0.009171,0.14724,0.257759,0.038062
2217_112_1389_1841,1,4,0.022944,0.281324,0.211201,0.021199,0.35644,0.026193,0.080698
2217_111_659_1011,4,4,0.030969,0.150031,0.28479,0.070411,0.413994,0.021085,0.028722
2217_111_2798_2826,4,4,0.032931,0.208026,0.214055,0.174989,0.28023,0.037774,0.051995
2217_111_1891_2105,4,4,0.063739,0.189278,0.041826,0.019292,0.664301,0.016835,0.004729
2217_112_548_642,1,5,0.023551,0.160122,0.141042,0.028209,0.136585,0.397259,0.113232
2217_111_2235_2428,1,2,0.01753,0.116935,0.511778,0.046795,0.282171,0.014836,0.009956
2217_112_2124_2216,1,1,0.024829,0.330169,0.317143,0.016056,0.218131,0.01823,0.075442
2217_112_1017_1081,4,1,0.075928,0.416592,0.148624,0.01154,0.292014,0.020665,0.034636
2217_111_397_530,4,2,0.022806,0.159793,0.428344,0.060696,0.263144,0.049118,0.016099
2218_112_88_205,1,1,0.044995,0.487912,0.20559,0.012996,0.143688,0.047143,0.057677
2218_111_1290_1386,0,1,0.173284,0.587767,0.080033,0.016243,0.043343,0.079031,0.020299
2218_112_1034_1271,1,1,0.108853,0.326079,0.062518,0.074668,0.283567,0.067385,0.076929
2218_112_1658_1797,1,3,0.057219,0.222245,0.017724,0.351817,0.053194,0.017812,0.27999
2218_111_221_275,5,5,0.031752,0.055684,0.033552,0.010681,0.012058,0.844865,0.011408
2218_111_1818_1852,0,0,0.730182,0.223271,0.007544,0.002661,0.011404,0.022168,0.00277
2218_112_1401_1548,1,4,0.020467,0.349523,0.085628,0.035081,0.365232,0.011205,0.132866
2218_111_880_1020,0,1,0.312033,0.471429,0.066398,0.008298,0.042462,0.067429,0.031951
2218_112_297_608,1,1,0.034574,0.389936,0.126297,0.008477,0.355471,0.043799,0.041448
2218_111_620_698,2,1,0.110753,0.388067,0.169425,0.017464,0.113354,0.126511,0.074427
2218_111_31_68,5,5,0.126819,0.140001,0.039241,0.007674,0.013498,0.65687,0.015897
2218_112_720_871,1,4,0.029016,0.212846,0.21772,0.031914,0.273605,0.044756,0.190143
2218_111_1571_1632,1,1,0.340982,0.392336,0.024309,0.033394,0.031383,0.141998,0.035599
2219_111_2420_2519,0,0,0.679629,0.23358,0.017365,0.010496,0.017176,0.034502,0.007253
2219_111_31_203,1,1,0.045511,0.476141,0.088156,0.04435,0.197745,0.080023,0.068075
2219_111_1275_1442,5,2,0.12567,0.309016,0.316081,0.003142,0.136901,0.099308,0.009881
2219_112_1922_2094,2,1,0.056177,0.389616,0.108373,0.013934,0.368671,0.034064,0.029165
2219_112_939_1265,2,2,0.054509,0.303133,0.332297,0.012645,0.149169,0.088828,0.059419
2219_111_1607_1906,0,1,0.283841,0.285587,0.127033,0.010677,0.201542,0.085279,0.00604
2219_112_216_373,1,1,0.155134,0.511035,0.092799,0.049683,0.076517,0.047422,0.067409
2219_112_1442_1598,2,1,0.194025,0.346627,0.061378,0.061676,0.12461,0.064594,0.147091
2219_111_2107_2308,0,0,0.471692,0.404119,0.032877,0.007255,0.07107,0.009214,0.003774
2219_112_558_812,0,1,0.35703,0.398624,0.044024,0.020909,0.036159,0.112634,0.030621
2219_112_2318_2420,1,1,0.358889,0.476572,0.03499,0.016547,0.06022,0.033311,0.019471
2219_111_373_549,5,5,0.043391,0.174424,0.09113,0.029499,0.044034,0.591524,0.025998
2219_111_830_923,5,5,0.058949,0.056632,0.02038,0.010203,0.012564,0.828257,0.013015
2220_111_31_236,2,2,0.017821,0.235527,0.394439,0.020032,0.192445,0.092088,0.047649
2220_112_1201_1389,1,1,0.094102,0.358681,0.09765,0.114028,0.114288,0.078973,0.142277
2220_111_2036_2077,3,3,0.023606,0.090642,0.057435,0.665678,0.04836,0.050224,0.064055
2220_111_1042_1191,1,1,0.053097,0.286736,0.135219,0.081753,0.124357,0.175869,0.142969
2220_112_1601_1750,1,1,0.319453,0.493024,0.022479,0.007998,0.04203,0.074992,0.040023
2220_112_1806_1986,1,1,0.120019,0.498608,0.043486,0.12071,0.080828,0.036302,0.100047
2220_111_1429_1600,4,1,0.056316,0.444007,0.186809,0.010607,0.239634,0.039629,0.022999
2220_112_775_1031,3,1,0.101791,0.522194,0.045018,0.121475,0.122938,0.030248,0.056335
2220_112_361_659,1,1,0.070996,0.554049,0.039009,0.068463,0.161297,0.030584,0.075602
2220_111_1760_1791,3,1,0.058627,0.363434,0.171578,0.070294,0.135342,0.111774,0.088952
2220_111_294_354,3,1,0.257326,0.582445,0.02501,0.014344,0.04277,0.065882,0.012223
2220_111_662_767,1,5,0.128695,0.351243,0.038077,0.041436,0.042606,0.35982,0.038123
2220_112_2089_2205,3,3,0.054553,0.139001,0.021291,0.415931,0.065572,0.024194,0.279458
2220_112_256_289,5,1,0.170204,0.411231,0.043402,0.016456,0.034075,0.266841,0.057791
2224_111_1090_1356,2,2,0.054399,0.253682,0.38887,0.012217,0.144431,0.121083,0.025318
2224_111_1977_2067,2,2,0.010042,0.093462,0.674821,0.005521,0.198673,0.005723,0.011758
2224_111_1542_1797,4,4,0.133694,0.249022,0.246597,0.013861,0.285632,0.064968,0.006226
2224_112_159_311,1,6,0.036947,0.231703,0.180421,0.04503,0.143558,0.027116,0.335225
2224_112_1437_1524,1,6,0.036271,0.092767,0.03542,0.310827,0.042371,0.083637,0.398707
2224_112_891_1053,1,6,0.037269,0.217333,0.123129,0.019031,0.249376,0.035257,0.318604
2224_112_576_633,4,6,0.093941,0.234573,0.060388,0.052408,0.065219,0.025907,0.467564
2224_111_316_548,4,2,0.019433,0.137925,0.477254,0.010028,0.130642,0.201084,0.023634
2224_111_31_108,4,2,0.021431,0.196968,0.479225,0.022362,0.20663,0.041328,0.032055
2224_111_658_868,1,2,0.011064,0.102821,0.442103,0.014206,0.089958,0.312824,0.027024
2224_112_1830_1950,1,1,0.087818,0.41888,0.110226,0.044582,0.150258,0.063936,0.124299
2224_112_2098_2118,4,1,0.099646,0.679831,0.017017,0.012706,0.132942,0.007317,0.050542
2227_112_1229_1280,1,0,0.775962,0.176149,0.005501,0.006829,0.010704,0.015139,0.009717
2227_111_101_209,5,5,0.061473,0.13868,0.099925,0.013824,0.031555,0.626347,0.028196
2227_111_1131_1214,1,0,0.603709,0.206815,0.026546,0.005859,0.021851,0.129871,0.00535
2227_112_738_921,1,1,0.330781,0.48435,0.033436,0.028677,0.038732,0.044658,0.039366
2227_112_31_83,1,1,0.186644,0.300749,0.074389,0.017111,0.049099,0.206765,0.165243
2227_111_937_1009,1,1,0.109943,0.481984,0.086748,0.077434,0.129856,0.032432,0.081603
2227_112_230_335,1,5,0.236096,0.274689,0.044993,0.022656,0.033425,0.27635,0.11179
2227_111_357_433,1,1,0.084844,0.5743,0.118027,0.022991,0.133261,0.035733,0.030844
2227_111_654_718,1,4,0.026462,0.258782,0.221916,0.118342,0.268471,0.060975,0.045053
2227_112_1037_1110,0,0,0.475899,0.306912,0.024329,0.044938,0.035171,0.075076,0.037675
2227_112_466_636,1,5,0.165898,0.239377,0.046163,0.063302,0.0786,0.329851,0.076809
2223_111_1134_1370,4,0,0.437003,0.344787,0.065737,0.008283,0.112425,0.028398,0.003367
2223_111_1587_1812,2,0,0.541925,0.255791,0.082162,0.014404,0.085617,0.015395,0.004707
2223_112_139_366,1,1,0.220634,0.376065,0.116057,0.023776,0.066932,0.16589,0.030645
2223_112_1397_1577,1,0,0.680502,0.225493,0.008398,0.013042,0.017772,0.044248,0.010545
2223_111_31_127,2,2,0.022922,0.111677,0.508409,0.015366,0.212104,0.099948,0.029573
2223_112_901_1115,1,0,0.669353,0.232576,0.016674,0.018301,0.025177,0.01671,0.021211
2223_111_399_594,2,0,0.590081,0.255247,0.057041,0.003621,0.081542,0.009577,0.002891
2223_112_2063_2172,1,0,0.802819,0.105785,0.011052,0.006675,0.012926,0.056496,0.004247
2223_112_616_744,1,0,0.776825,0.152463,0.013646,0.007006,0.017192,0.021707,0.01116
2223_111_763_876,2,0,0.570263,0.249769,0.046185,0.018557,0.057642,0.050254,0.00733
2223_112_1842_1886,1,0,0.452113,0.353723,0.028218,0.046079,0.031756,0.023909,0.064203
2223_111_2239_2244,2,1,0.154259,0.284228,0.165935,0.073992,0.206714,0.066935,0.047936
2223_111_1918_2017,1,1,0.251702,0.359646,0.188453,0.020245,0.09359,0.034435,0.05193
2222_112_119_159,1,1,0.085127,0.341381,0.303096,0.016177,0.162074,0.041171,0.050975
2222_111_1273_1570,2,1,0.347095,0.423309,0.12219,0.004167,0.065112,0.03176,0.006366
2222_112_980_1253,1,0,0.710633,0.196791,0.016902,0.005542,0.022558,0.041189,0.006385
2222_112_1580_1701,0,0,0.893683,0.07651,0.002412,0.001583,0.005703,0.018415,0.001694
2222_111_213_302,2,5,0.024583,0.083002,0.107884,0.004721,0.031859,0.738,0.00995
2222_112_1804_1878,1,1,0.237104,0.386633,0.046873,0.023881,0.073221,0.192353,0.039934
2222_111_886_965,2,1,0.108838,0.452298,0.161194,0.027027,0.144257,0.062757,0.043629
2222_112_551_849,1,0,0.703547,0.170746,0.022697,0.011297,0.023113,0.056101,0.012498
2222_111_1715_1788,2,2,0.009786,0.118597,0.68505,0.003867,0.136868,0.040979,0.004853
2222_112_313_427,1,0,0.558729,0.319785,0.030975,0.013797,0.029625,0.025295,0.021794
2222_111_31_77,1,5,0.130801,0.242189,0.10299,0.015647,0.075004,0.395616,0.037754
2222_111_1902_1937,2,1,0.106507,0.389436,0.222916,0.065472,0.147447,0.058914,0.009308
2222_111_483_509,0,1,0.204254,0.421983,0.128501,0.022764,0.153642,0.049255,0.0196
2231_111_2361_2491,0,1,0.123005,0.453835,0.195061,0.012515,0.176594,0.031718,0.007272
2231_112_31_245,4,4,0.015097,0.191517,0.223637,0.054763,0.401239,0.029173,0.084575
2231_112_1977_2329,2,5,0.062968,0.263601,0.073404,0.036372,0.126123,0.354397,0.083135
2231_112_1081_1279,4,1,0.090349,0.392755,0.081474,0.008091,0.356912,0.056151,0.014267
2231_111_1670_1953,4,0,0.510705,0.38803,0.025839,0.009674,0.035988,0.025027,0.004738
2231_111_807_1030,4,0,0.452084,0.218287,0.069866,0.014527,0.065991,0.172204,0.007041
2231_111_1313_1428,0,1,0.180673,0.482918,0.07814,0.051586,0.072737,0.075524,0.058422
2231_112_471_787,4,4,0.043363,0.304118,0.102711,0.023559,0.415645,0.065279,0.045324
2231_111_306_432,1,0,0.48684,0.295741,0.024029,0.012387,0.018706,0.152879,0.009418
2231_112_1478_1649,1,2,0.021169,0.247186,0.274633,0.073962,0.16423,0.028333,0.190487
2231_112_2530_2604,1,4,0.029287,0.339042,0.167627,0.011789,0.397788,0.017572,0.036894
2229_111_2486_2507,1,1,0.12366,0.314629,0.203445,0.043487,0.159144,0.079768,0.075867
2229_112_119_288,0,0,0.460196,0.365931,0.031441,0.019078,0.041726,0.069926,0.0117
2229_111_1277_1435,0,0,0.695069,0.075271,0.044601,0.01122,0.063252,0.108541,0.002046
2229_112_2007_2278,1,1,0.06026,0.249839,0.117763,0.081161,0.198046,0.117513,0.175418
2229_112_952_1263,1,5,0.065146,0.139852,0.070477,0.085714,0.069618,0.477494,0.091699
2229_112_1493_1798,4,1,0.225164,0.440362,0.078425,0.040669,0.119498,0.041708,0.054173
2229_111_1817_1975,1,0,0.731111,0.152927,0.027793,0.011805,0.045335,0.026594,0.004436
2229_111_701_931,1,0,0.627798,0.141582,0.039321,0.012499,0.036312,0.14031,0.002178
2229_111_2290_2320,1,1,0.395685,0.422112,0.02895,0.050114,0.037564,0.044335,0.021239
2229_112_489_701,0,5,0.203997,0.142311,0.028652,0.126308,0.070962,0.388509,0.039262
2229_111_306_457,0,0,0.673053,0.239929,0.023668,0.008176,0.031078,0.021191,0.002903
2229_111_31_56,0,0,0.460499,0.257986,0.039306,0.009137,0.025705,0.196697,0.010671
2229_112_2348_2475,4,2,0.064935,0.221289,0.236713,0.087734,0.13644,0.088282,0.164607
2230_112_1221_1311,4,0,0.46586,0.414288,0.013507,0.016232,0.040704,0.033943,0.015465
2230_111_1094_1197,4,0,0.320467,0.20082,0.173942,0.029938,0.141154,0.118656,0.015022
2230_112_1493_1763,4,4,0.071653,0.284038,0.1032,0.114762,0.351809,0.020594,0.053944
2230_111_239_338,5,0,0.494707,0.088885,0.051074,0.01394,0.031056,0.313375,0.006963
2230_111_1311_1466,4,0,0.49546,0.245741,0.059827,0.023556,0.115667,0.055085,0.004663
2230_111_914_937,1,1,0.122713,0.421318,0.116584,0.044321,0.183036,0.063819,0.048208
2230_112_149_225,1,5,0.038345,0.113737,0.071458,0.081145,0.074719,0.374268,0.246328
2230_111_532_624,1,0,0.747893,0.176857,0.014382,0.006388,0.010326,0.038945,0.005208
2230_112_992_1077,1,0,0.523595,0.404191,0.010057,0.013167,0.02553,0.011878,0.011581
2230_112_357_521,1,1,0.134662,0.675626,0.050518,0.009918,0.069742,0.02934,0.030195
2230_111_31_119,0,0,0.384272,0.29711,0.107827,0.031985,0.059366,0.094092,0.025348
2230_112_642_897,0,0,0.569535,0.33679,0.01826,0.006938,0.031228,0.025769,0.011479
2225_112_111_231,1,5,0.02233,0.252331,0.13127,0.026292,0.181044,0.296028,0.090705
2225_111_1289_1382,1,1,0.193402,0.551344,0.080789,0.013873,0.044685,0.080299,0.035608
2225_112_1155_1268,1,1,0.085963,0.406418,0.089571,0.061156,0.081077,0.067788,0.208027
2225_111_246_337,2,5,0.057974,0.239739,0.136996,0.007128,0.061017,0.406414,0.090732
2225_112_1407_1469,1,1,0.40851,0.460334,0.022673,0.035298,0.017887,0.033665,0.021634
2225_112_862_1038,1,1,0.040308,0.261855,0.130455,0.178354,0.149104,0.076043,0.163881
2225_111_524_629,2,2,0.040941,0.243496,0.332126,0.011,0.249024,0.097632,0.025781
2225_111_1089_1150,1,2,0.029635,0.275867,0.333721,0.147714,0.12277,0.021003,0.06929
2225_111_31_93,2,1,0.047318,0.281165,0.149714,0.01232,0.181678,0.26226,0.065545
2225_112_362_463,2,1,0.055795,0.470003,0.102182,0.008826,0.283006,0.020781,0.059407
2225_112_1528_1569,1,1,0.124375,0.530442,0.038726,0.083571,0.083797,0.016199,0.12289
2225_111_1491_1510,1,1,0.171019,0.337835,0.073864,0.029253,0.03735,0.2793,0.07138
2225_111_729_825,2,5,0.091647,0.282054,0.087724,0.046569,0.056731,0.339831,0.095444
2225_112_661_727,1,5,0.099397,0.239147,0.088733,0.0177,0.048855,0.441452,0.064715
2226_111_1221_1341,1,1,0.052948,0.322061,0.15784,0.112644,0.172966,0.100171,0.081371
2226_112_1177_1218,1,5,0.047216,0.104632,0.030365,0.008064,0.028199,0.720005,0.06152
2226_111_221_343,1,2,0.025808,0.251337,0.371031,0.018921,0.14096,0.064449,0.127494
2226_111_1446_1544,1,4,0.022975,0.241737,0.189012,0.025596,0.463742,0.018976,0.037963
2226_111_31_124,5,2,0.030609,0.117301,0.293977,0.106091,0.088518,0.214995,0.148509
2226_111_778_963,2,2,0.050701,0.257235,0.401139,0.019957,0.093207,0.109008,0.068753
2226_111_412_641,1,1,0.093384,0.400894,0.237031,0.02124,0.143653,0.053113,0.050685
2226_111_1069_1172,1,3,0.03297,0.193916,0.250175,0.27465,0.072786,0.094138,0.081364
2226_112_149_194,5,5,0.017141,0.083127,0.064474,0.014081,0.044635,0.667237,0.109304
2226_112_988_1059,1,4,0.030924,0.264348,0.216611,0.036968,0.280612,0.063097,0.10744
2226_112_669_749,1,1,0.036446,0.310075,0.146243,0.03151,0.251266,0.18522,0.039241
2226_112_360_392,1,5,0.051733,0.182586,0.073403,0.017016,0.048677,0.513834,0.112751
2226_112_1382_1443,4,1,0.091249,0.401386,0.061049,0.036033,0.211856,0.066608,0.131819
2233_111_31_212,0,0,0.441885,0.273719,0.092084,0.034674,0.073327,0.066599,0.017713
2233_112_1171_1386,1,1,0.115305,0.48387,0.062489,0.020587,0.218824,0.038146,0.060779
2233_111_1899_2060,1,1,0.153791,0.327218,0.1717,0.020401,0.255822,0.058766,0.012301
2233_112_233_346,3,6,0.033447,0.152025,0.081369,0.16876,0.051998,0.208517,0.303884
2233_112_1694_1885,1,1,0.352863,0.383437,0.025143,0.023426,0.063849,0.124589,0.026693
2233_111_1428_1653,0,0,0.413531,0.341278,0.031867,0.099641,0.060858,0.030144,0.022681
2233_112_2091_2230,3,1,0.120115,0.331796,0.078558,0.057818,0.312491,0.033701,0.065522
2233_112_939_1010,1,6,0.07421,0.282838,0.067228,0.088084,0.144699,0.019917,0.323025
2233_112_456_753,1,1,0.13267,0.604407,0.040979,0.026813,0.112823,0.027661,0.054648
2233_111_1015_1147,0,0,0.320566,0.313717,0.092989,0.086489,0.092726,0.06441,0.029104
2233_111_795_903,0,1,0.065272,0.302824,0.120091,0.138241,0.26385,0.018379,0.091343
2233_111_409_425,0,1,0.114391,0.419894,0.188007,0.019732,0.190708,0.044036,0.023231
2232_111_31_152,0,5,0.022026,0.098101,0.201968,0.015071,0.033118,0.606922,0.022793
2232_111_1180_1303,0,0,0.854826,0.112473,0.005872,0.002511,0.008159,0.014522,0.001636
2232_111_1985_2112,0,0,0.509716,0.377659,0.025986,0.018346,0.048989,0.016235,0.003068
2232_112_1328_1685,1,1,0.067067,0.370725,0.158531,0.050446,0.21991,0.039219,0.094103
2232_112_182_399,3,3,0.028136,0.072126,0.061275,0.345051,0.042476,0.236845,0.214091
2232_112_1805_1966,1,1,0.246382,0.528854,0.079893,0.00768,0.065454,0.045087,0.026651
2232_112_2147_2282,3,3,0.022278,0.10176,0.052667,0.365103,0.076683,0.038486,0.343024
2232_111_874_1048,0,0,0.835993,0.089372,0.010149,0.004558,0.017559,0.041241,0.001128
2232_111_2293_2336,0,0,0.70043,0.165551,0.06548,0.01059,0.030091,0.021822,0.006035
2232_112_572_874,1,1,0.160797,0.467333,0.083821,0.029262,0.120792,0.082929,0.055066
2232_112_1073_1163,1,1,0.090485,0.600638,0.10186,0.008551,0.159784,0.022231,0.016451
2232_111_1705_1791,0,5,0.269728,0.145314,0.08523,0.007097,0.031046,0.454761,0.006824
2232_111_406_534,0,0,0.644836,0.228098,0.030439,0.010858,0.020596,0.05764,0.007535
2235_111_31_280,2,0,0.500353,0.29013,0.068052,0.010916,0.052638,0.066428,0.011482
2235_112_1278_1489,6,3,0.032317,0.173772,0.073543,0.241233,0.172763,0.204831,0.101542
2235_112_997_1189,1,5,0.048136,0.164958,0.101735,0.127545,0.114404,0.287223,0.155999
2235_111_1509_1725,0,1,0.365799,0.407359,0.0718,0.017189,0.09745,0.021635,0.018768
2235_112_1748_1869,1,1,0.062509,0.367673,0.100248,0.071234,0.140399,0.055456,0.202481
2235_111_866_979,0,1,0.295049,0.514313,0.04134,0.017854,0.085217,0.023442,0.022786
2235_111_524_622,1,1,0.090765,0.43735,0.122095,0.074582,0.111269,0.032539,0.1314
2235_112_309_522,1,3,0.025773,0.09482,0.079352,0.440883,0.064623,0.098658,0.195891
2235_112_637_861,1,1,0.080825,0.408143,0.162591,0.035798,0.157176,0.087754,0.067713
2235_111_1226_1243,1,1,0.11637,0.389691,0.178693,0.045553,0.174397,0.052093,0.043202
2234_112_2454_2577,1,4,0.02408,0.24122,0.224126,0.020575,0.333539,0.032433,0.124026
2234_112_1986_2366,4,4,0.020861,0.270358,0.158739,0.066631,0.36515,0.054894,0.063367
2234_111_981_1267,2,0,0.501915,0.222975,0.098361,0.014614,0.039892,0.113688,0.008555
2234_111_1678_1907,0,0,0.641317,0.260146,0.030455,0.006881,0.034855,0.019679,0.006667
2234_112_131_279,3,3,0.010289,0.036319,0.063797,0.640493,0.030524,0.071897,0.146681
2234_112_1307_1666,1,1,0.05235,0.317581,0.188101,0.056211,0.163598,0.069459,0.152701
2234_111_2591_2629,0,0,0.579969,0.075823,0.064054,0.045747,0.155824,0.072715,0.005868
2234_112_817_969,3,3,0.019742,0.098732,0.111766,0.458357,0.058415,0.013322,0.239667
2234_112_421_656,3,3,0.009544,0.027785,0.022761,0.765274,0.048072,0.089173,0.037391
2234_111_286_379,1,1,0.237401,0.355054,0.080307,0.096952,0.053741,0.123603,0.052942
2234_111_31_107,5,5,0.039411,0.053431,0.07395,0.022537,0.029854,0.750955,0.029863
2234_111_666_780,1,1,0.226433,0.29468,0.051062,0.124801,0.14083,0.124613,0.037581
2234_111_2393_2424,1,1,0.234085,0.507395,0.067475,0.029895,0.090695,0.024634,0.045822
2238_111_31_137,4,4,0.007368,0.069116,0.275565,0.004723,0.599125,0.019942,0.024161
2238_111_1189_1637,4,4,0.01152,0.060627,0.15458,0.006864,0.739843,0.017305,0.009262
2238_111_1781_2055,4,4,0.016202,0.103473,0.315264,0.005295,0.543825,0.010549,0.005394
2238_112_1655_1752,6,6,0.013824,0.098748,0.223845,0.080342,0.204852,0.038428,0.339962
2238_112_143_273,6,2,0.015376,0.186725,0.309885,0.10334,0.1226,0.035243,0.226831
2238_112_2149_2312,6,4,0.014336,0.099184,0.218514,0.189958,0.303398,0.00945,0.16516
2238_111_638_964,4,2,0.00853,0.088609,0.655073,0.00781,0.191267,0.008791,0.039919
2238_112_548_613,6,3,0.019823,0.145651,0.19433,0.195964,0.166132,0.094469,0.183631
2238_112_975_1179,2,4,0.011698,0.199612,0.32405,0.010263,0.422043,0.009434,0.0229
2238_111_281_516,4,4,0.026183,0.078258,0.313729,0.019637,0.530037,0.008755,0.023401
2238_111_2357_2422,1,1,0.073284,0.480601,0.073229,0.051478,0.209281,0.010366,0.10176
2237_111_31_187,0,0,0.678212,0.185724,0.019279,0.01101,0.020302,0.080825,0.004647
2237_112_1232_1327,1,1,0.297194,0.337961,0.058758,0.030136,0.167348,0.046285,0.062318
2237_111_1110_1213,1,0,0.626851,0.190321,0.013947,0.039394,0.028161,0.089853,0.011473
2237_112_1412_1696,4,4,0.032776,0.298989,0.105619,0.013656,0.494338,0.023312,0.03131
2237_112_216_315,6,5,0.035291,0.093392,0.076071,0.227543,0.054222,0.385174,0.128307
2237_112_1821_1930,3,4,0.034684,0.085175,0.050202,0.146988,0.336037,0.076065,0.270848
2237_111_771_950,1,0,0.635326,0.266027,0.025022,0.009197,0.025439,0.034597,0.004392
2237_111_1331_1385,2,0,0.654757,0.221274,0.030532,0.022459,0.030488,0.034349,0.006141
2237_111_1696_1791,0,0,0.500944,0.255028,0.063699,0.036896,0.046835,0.06671,0.029889
2237_111_316_566,2,0,0.558195,0.229108,0.068643,0.020992,0.05935,0.056344,0.007369
2237_112_597_767,1,4,0.064385,0.33473,0.160905,0.020015,0.363783,0.039521,0.016661
2237_112_967_1096,6,6,0.060757,0.250991,0.073065,0.182154,0.136304,0.044942,0.251787
2236_112_1173_1329,1,5,0.085816,0.115593,0.030769,0.281448,0.092237,0.303008,0.091128
2236_111_2018_2206,4,2,0.021519,0.067628,0.58325,0.028632,0.222993,0.025467,0.050511
2236_112_1598_1764,1,1,0.158105,0.329813,0.058371,0.061551,0.132599,0.07863,0.180931
2236_112_147_373,1,4,0.02456,0.156547,0.140172,0.171741,0.328864,0.061066,0.11705
2236_111_1769_1894,0,0,0.591497,0.292267,0.040459,0.011887,0.033252,0.024893,0.005745
2236_111_1333_1579,0,0,0.435331,0.401166,0.02838,0.024513,0.059335,0.04342,0.007855
2236_112_2211_2295,0,0,0.49173,0.291625,0.050302,0.024754,0.052311,0.039163,0.050116
2236_111_775_1155,0,1,0.316234,0.342314,0.068866,0.028785,0.199583,0.027353,0.016865
2236_112_464_760,3,6,0.030208,0.202123,0.094051,0.235869,0.135572,0.054294,0.247883
2236_111_31_120,2,4,0.070191,0.29025,0.221453,0.020301,0.326596,0.020508,0.050701
2236_111_378_434,0,2,0.097558,0.196618,0.462292,0.020513,0.155029,0.036674,0.031315
2236_112_1908_2000,0,1,0.166007,0.362407,0.127986,0.056326,0.111872,0.105834,0.069567
2239_112_31_206,2,4,0.010651,0.088826,0.322682,0.096639,0.338114,0.040709,0.102381
2239_111_1902_2066,0,4,0.048484,0.221654,0.115448,0.025213,0.563434,0.01756,0.008207
2239_111_968_1272,4,4,0.031843,0.09706,0.248212,0.00847,0.592623,0.014791,0.007001
2239_111_1391_1713,4,2,0.018825,0.16938,0.39126,0.022655,0.35928,0.014305,0.024296
2239_112_1738_1869,6,2,0.019868,0.272745,0.334169,0.015546,0.223859,0.041785,0.092027
2239_112_2098_2229,6,1,0.06122,0.421292,0.083148,0.059187,0.22463,0.024743,0.12578
2239_112_904_966,2,4,0.010016,0.293857,0.190812,0.01924,0.427712,0.017701,0.040663
2239_112_1309_1367,6,6,0.014628,0.09453,0.240916,0.156048,0.080732,0.037049,0.376097
2239_111_2242_2371,1,4,0.064982,0.287033,0.100891,0.018395,0.507037,0.007268,0.014394
2239_111_270_502,4,4,0.023959,0.120633,0.258759,0.01651,0.546842,0.009122,0.024175
2239_111_601_881,4,4,0.01734,0.145938,0.179759,0.103622,0.427951,0.030204,0.095186
2239_112_521_574,6,2,0.014627,0.093106,0.265104,0.251054,0.100381,0.135775,0.139953
2240_111_31_142,5,5,0.135353,0.032791,0.047869,0.015509,0.034041,0.728826,0.00561
2240_112_1286_1380,4,4,0.010286,0.134786,0.135773,0.014023,0.678515,0.010064,0.016553
2240_111_1129_1285,4,2,0.051525,0.155483,0.3668,0.018984,0.205952,0.189891,0.011366
2240_112_1631_1807,3,4,0.036774,0.237228,0.081721,0.082745,0.410995,0.031299,0.119238
2240_111_239_468,1,0,0.729902,0.186234,0.016318,0.008761,0.029071,0.026443,0.003271
2240_111_1412_1604,2,1,0.311444,0.37458,0.086949,0.017274,0.092882,0.105204,0.011667
2240_111_718_933,0,0,0.39379,0.217616,0.049914,0.096939,0.13531,0.096664,0.009766
2240_112_502_718,6,4,0.010557,0.072687,0.078765,0.058961,0.600504,0.134345,0.044182
2240_112_952_1115,3,4,0.004121,0.044065,0.165202,0.022212,0.740866,0.014448,0.009085
2240_111_1843_2040,4,4,0.086534,0.280909,0.043088,0.029419,0.525612,0.020521,0.013918
2240_112_2085_2183,4,1,0.073715,0.41561,0.177112,0.009053,0.278824,0.021709,0.023976
2240_112_151_177,6,4,0.02118,0.099077,0.121547,0.137268,0.468748,0.03037,0.12181
2403_122_114_284,3,5,0.030978,0.073897,0.078813,0.310682,0.056508,0.383867,0.065254
2403_121_1004_1325,1,1,0.247975,0.540632,0.028004,0.023554,0.134154,0.009421,0.01626
2403_122_1745_2153,1,0,0.484909,0.376207,0.024766,0.012986,0.061123,0.032264,0.007746
2403_121_1580_1739,1,0,0.54308,0.352266,0.016841,0.005873,0.048559,0.027672,0.005708
2403_122_1325_1567,1,0,0.549828,0.344856,0.028665,0.003383,0.036725,0.032201,0.004341
2403_122_782_985,1,0,0.630767,0.319682,0.008844,0.003019,0.022585,0.011259,0.003844
2403_122_515_620,1,0,0.570378,0.311768,0.029181,0.002097,0.030359,0.049928,0.006288
2403_121_298_508,1,0,0.385134,0.264045,0.060353,0.096179,0.073911,0.08783,0.032548
2403_121_634_782,1,0,0.532805,0.337262,0.024773,0.009876,0.053817,0.034502,0.006965
2403_121_31_113,3,3,0.007892,0.017307,0.038539,0.870386,0.013033,0.009851,0.042992
2402_121_31_575,1,1,0.17855,0.380963,0.058027,0.124282,0.182201,0.032585,0.043392
2402_122_1240_1326,1,5,0.007524,0.019046,0.026996,0.006324,0.018919,0.908312,0.012879
2402_122_1863_2142,1,0,0.615042,0.253285,0.016301,0.017794,0.052465,0.032752,0.012361
2402_121_1114_1240,1,3,0.03184,0.067635,0.02985,0.763109,0.04311,0.042713,0.021744
2402_122_1653_1778,1,1,0.238006,0.324099,0.029683,0.115396,0.139363,0.051194,0.102259
2402_121_1792_1863,0,0,0.477505,0.257,0.029093,0.004756,0.026834,0.197372,0.00744
2402_122_1374_1574,1,1,0.383283,0.418452,0.037954,0.018336,0.068127,0.049925,0.023923
2402_122_584_1005,1,0,0.422629,0.366709,0.034813,0.011846,0.06254,0.08297,0.018492
2402_121_1337_1355,1,6,0.039694,0.179156,0.079305,0.154007,0.154251,0.02904,0.364548
2402_121_1013_1060,1,3,0.022014,0.033984,0.02367,0.751383,0.021178,0.132458,0.015313
2402_121_1588_1640,1,6,0.055295,0.127611,0.096796,0.16587,0.095735,0.193418,0.265275
2402_122_1066_1102,1,5,0.089484,0.180975,0.097477,0.006005,0.023424,0.589748,0.012887
2401_122_31_279,1,1,0.191317,0.249851,0.101393,0.064096,0.117603,0.175287,0.100454
2401_122_1216_1369,1,1,0.124511,0.271904,0.100736,0.149617,0.141696,0.016082,0.195453
2401_121_1964_2069,1,4,0.099267,0.307598,0.14498,0.005827,0.379613,0.050979,0.011736
2401_121_981_1202,2,1,0.032586,0.310183,0.30275,0.015818,0.305259,0.018268,0.015135
2401_121_1381_1742,2,4,0.017413,0.139742,0.387534,0.006053,0.425574,0.015712,0.007972
2401_122_1752_1939,1,1,0.258621,0.546701,0.038292,0.011812,0.104699,0.009775,0.030101
2401_121_2175_2369,0,1,0.378169,0.453855,0.027467,0.004894,0.087934,0.046018,0.001664
2401_122_857_963,1,1,0.194973,0.275957,0.17066,0.013884,0.057532,0.226748,0.060245
2401_122_2069_2150,0,0,0.440033,0.417558,0.03862,0.012529,0.052696,0.014357,0.024207
2401_121_295_385,2,2,0.043389,0.181861,0.579629,0.013828,0.161747,0.010556,0.00899
2401_121_597_842,4,2,0.02171,0.177114,0.496536,0.011017,0.244876,0.041276,0.00747
2401_122_435_588,1,5,0.042526,0.050437,0.026846,0.010204,0.018104,0.844801,0.007084
2407_122_31_135,0,0,0.637233,0.298874,0.009865,0.004116,0.013388,0.030479,0.006045
2407_122_1082_1361,1,0,0.494427,0.415056,0.013476,0.003587,0.058177,0.009346,0.00593
2407_122_235_525,1,0,0.591798,0.330484,0.016736,0.008163,0.024444,0.01779,0.010584
2407_121_1383_1524,3,3,0.023347,0.036889,0.039371,0.796031,0.056586,0.042043,0.005733
2407_122_618_1030,1,0,0.65566,0.274312,0.022145,0.002579,0.024884,0.013221,0.007199
2407_121_148_228,1,1,0.133643,0.426789,0.066665,0.19159,0.099677,0.016422,0.065213
2407_121_537_618,1,1,0.289778,0.496652,0.033112,0.048188,0.069014,0.034275,0.028981
2407_121_1030_1076,1,1,0.2714,0.520673,0.044295,0.015603,0.102949,0.025694,0.019387
2407_122_1524_1601,1,0,0.430927,0.376706,0.060941,0.016917,0.048863,0.042965,0.02268
2407_121_1617_1657,1,1,0.425519,0.4513,0.038985,0.010774,0.051049,0.018372,0.004002
2408_121_121_229,3,3,0.012331,0.033232,0.037809,0.74009,0.02586,0.027378,0.1233
2408_122_1272_1518,1,1,0.25162,0.574102,0.03476,0.018679,0.085596,0.015102,0.020142
2408_121_1183_1261,2,2,0.004572,0.074364,0.649103,0.004747,0.250884,0.008157,0.008172
2408_121_1529_1712,2,1,0.075917,0.44633,0.091368,0.01603,0.344003,0.014651,0.011701
2408_122_235_526,1,0,0.778623,0.149817,0.007356,0.002017,0.015306,0.045798,0.001083
2408_122_1712_1976,1,1,0.169111,0.45905,0.073733,0.044603,0.132703,0.036197,0.084604
2408_121_919_1004,2,2,0.016619,0.120042,0.349765,0.028943,0.132911,0.342924,0.008795
2408_121_533_629,3,5,0.083494,0.268091,0.124078,0.047274,0.06191,0.397989,0.017164
2408_122_1020_1169,1,0,0.556068,0.338727,0.031053,0.004423,0.046635,0.016945,0.006148
2408_122_31_117,1,0,0.482748,0.400214,0.043023,0.005804,0.027662,0.02535,0.015199
2408_122_645_913,1,0,0.636955,0.291144,0.017334,0.0023,0.025058,0.021819,0.00539
2405_121_2404_2581,4,2,0.006724,0.075832,0.610195,0.003949,0.275312,0.019696,0.008292
2405_122_31_223,2,0,0.366798,0.322009,0.047515,0.004008,0.052749,0.198048,0.008873
2405_121_1190_1483,2,2,0.018468,0.095781,0.458345,0.085907,0.24742,0.03985,0.054227
2405_121_1992_2274,4,4,0.035708,0.182905,0.288506,0.007922,0.461401,0.013176,0.010382
2405_121_1530_1914,2,1,0.13365,0.350863,0.144721,0.006955,0.334029,0.019085,0.010697
2405_121_237_290,2,2,0.03079,0.244895,0.332815,0.009955,0.323353,0.034829,0.023363
2405_121_903_1042,2,1,0.074032,0.387507,0.138381,0.011423,0.345209,0.015125,0.028324
2405_122_2285_2397,1,1,0.22464,0.347153,0.116079,0.011693,0.135428,0.144895,0.020111
2405_122_291_710,1,1,0.300486,0.443728,0.075907,0.011192,0.059806,0.081302,0.027579
2405_122_1064_1182,1,5,0.203716,0.176585,0.189516,0.011809,0.037297,0.359781,0.021297
2405_122_1490_1519,2,5,0.027952,0.040759,0.04939,0.005989,0.012575,0.849429,0.013907
2405_122_780_880,1,1,0.199686,0.447843,0.107891,0.043355,0.134419,0.024788,0.042019
2405_121_727_762,2,1,0.051213,0.384074,0.192124,0.011999,0.321479,0.02573,0.013381
2405_122_1917_1976,1,5,0.018858,0.110989,0.164683,0.027861,0.0451,0.55121,0.081298
2411_122_1221_1513,1,1,0.296356,0.456428,0.034072,0.069174,0.058034,0.015436,0.070499
2411_121_1137_1208,1,6,0.05799,0.148062,0.057401,0.250782,0.125289,0.089166,0.27131
2411_122_1626_1716,5,5,0.082791,0.075315,0.020861,0.093927,0.059867,0.62725,0.03999
2411_122_201_353,5,1,0.261611,0.332895,0.127748,0.044224,0.097556,0.080454,0.055511
2411_122_784_1116,1,1,0.341046,0.423356,0.058731,0.027892,0.095293,0.025359,0.028322
2411_122_430_626,6,1,0.191248,0.45851,0.054418,0.049331,0.118214,0.016153,0.112126
2411_121_133_184,3,3,0.005881,0.010793,0.030371,0.888152,0.019294,0.022507,0.023002
2411_122_31_117,6,3,0.035896,0.072082,0.062065,0.466839,0.090657,0.029377,0.243084
2411_121_1521_1611,3,3,0.024134,0.065472,0.126269,0.527237,0.072563,0.091443,0.092882
2411_121_645_768,5,5,0.076343,0.091265,0.036605,0.006968,0.062508,0.719096,0.007215
2411_121_357_420,3,3,0.003803,0.005588,0.017172,0.932589,0.010765,0.011718,0.018364
2409_122_125_321,1,5,0.042654,0.079237,0.079551,0.003594,0.084482,0.703828,0.006655
2409_122_2027_2293,2,1,0.247011,0.420053,0.072944,0.01849,0.175614,0.029314,0.036574
2409_122_1012_1243,1,1,0.386229,0.531439,0.01756,0.002305,0.049954,0.007669,0.004843
2409_121_1656_2020,1,1,0.239769,0.471217,0.047903,0.063986,0.112066,0.022792,0.042265
2409_122_1305_1638,1,1,0.294066,0.447469,0.053298,0.013086,0.142354,0.03645,0.013276
2409_122_824_933,1,1,0.174811,0.646185,0.070499,0.003739,0.078153,0.02069,0.005921
2409_121_944_1004,2,5,0.028256,0.075707,0.125053,0.046876,0.028968,0.6402,0.054941
2409_122_496_602,1,0,0.499521,0.259506,0.020123,0.009761,0.022033,0.182396,0.00666
2409_121_325_386,3,3,0.066688,0.089579,0.074346,0.567753,0.050281,0.128683,0.022671
2409_121_602_812,1,3,0.064009,0.108564,0.07405,0.469099,0.047749,0.191554,0.044975
2409_121_426_490,3,3,0.027598,0.033687,0.051739,0.516679,0.030835,0.077343,0.262119
2409_121_31_108,3,3,0.012857,0.017405,0.15012,0.539013,0.089486,0.146705,0.044413
2409_121_1243_1295,3,3,0.089056,0.098006,0.036462,0.644791,0.028732,0.072204,0.030749
2409_122_393_426,1,5,0.044539,0.0712,0.064983,0.00974,0.026396,0.738362,0.044781
2412_122_112_369,5,5,0.030883,0.02868,0.021886,0.161684,0.067501,0.674224,0.015141
2412_122_1179_1438,3,1,0.168747,0.249457,0.041021,0.157382,0.182505,0.106986,0.093904
2412_122_1604_1751,5,1,0.232678,0.437877,0.077711,0.038029,0.15057,0.031803,0.031331
2412_121_1760_1995,1,3,0.041189,0.065421,0.030845,0.742427,0.058988,0.036097,0.025034
2412_121_1453_1586,1,1,0.09703,0.504693,0.050534,0.125628,0.171279,0.009961,0.040876
2412_122_922_1090,2,5,0.079335,0.189743,0.106443,0.079083,0.194202,0.248437,0.102757
2412_122_518_765,5,1,0.174321,0.294332,0.076885,0.080046,0.095702,0.175673,0.10304
2412_121_1100_1163,0,1,0.254646,0.452758,0.071283,0.019568,0.080558,0.06332,0.057866
2412_121_382_510,1,1,0.383929,0.426935,0.042418,0.025115,0.064441,0.042002,0.015159
2412_121_31_103,3,3,0.007911,0.008951,0.024709,0.872989,0.038105,0.018869,0.028467
2412_121_770_900,3,3,0.006616,0.013993,0.016663,0.852437,0.025816,0.008732,0.075742
2412_122_1996_2016,6,3,0.053312,0.13113,0.092381,0.447503,0.05133,0.079316,0.145027
2410_122_103_188,1,5,0.053797,0.052592,0.046666,0.003668,0.015478,0.820447,0.007352
2410_121_1159_1361,1,3,0.057631,0.140854,0.044476,0.591922,0.060375,0.042098,0.062644
2410_122_1990_2050,1,0,0.451153,0.335445,0.04407,0.004273,0.032431,0.113998,0.01863
2410_121_1429_1691,1,4,0.065256,0.2872,0.145328,0.036341,0.314333,0.042996,0.108547
2410_121_192_295,1,1,0.092797,0.322938,0.068784,0.074927,0.206118,0.076373,0.158062
2410_122_1696_1837,1,0,0.527324,0.394126,0.020478,0.004207,0.029514,0.018389,0.005963
2410_121_2068_2260,1,1,0.079379,0.421795,0.073822,0.02853,0.338593,0.008524,0.049356
2410_122_707_1148,1,0,0.500856,0.324332,0.047632,0.009186,0.087671,0.021812,0.008511
2410_121_521_702,2,2,0.040125,0.211255,0.293184,0.082988,0.263649,0.033371,0.075428
2410_122_305_509,1,0,0.412626,0.304697,0.07832,0.013891,0.058932,0.10814,0.023394
2410_121_31_92,2,5,0.038778,0.100425,0.147483,0.022244,0.099583,0.541876,0.049611
2410_121_1854_1977,2,3,0.008519,0.03523,0.103609,0.703096,0.05674,0.016027,0.076779
2410_122_1366_1416,1,0,0.377646,0.351122,0.033864,0.002164,0.033343,0.193014,0.008847
2419_121_111_353,4,4,0.024688,0.124947,0.070754,0.05682,0.687518,0.012609,0.022663
2419_121_1007_1410,4,4,0.020368,0.108852,0.269588,0.077119,0.450607,0.037442,0.036025
2419_122_1542_1824,1,1,0.080147,0.424997,0.053233,0.022157,0.355335,0.013363,0.050768
2419_122_1430_1489,2,1,0.109887,0.289509,0.076237,0.025536,0.166637,0.238303,0.093891
2419_121_732_938,6,3,0.01838,0.049358,0.115564,0.365166,0.158771,0.07043,0.222331
2419_121_549_627,4,3,0.033959,0.248387,0.063244,0.305025,0.077181,0.021936,0.250269
2419_122_372_532,2,1,0.263338,0.362461,0.042438,0.037687,0.16654,0.088017,0.03952
2419_122_31_91,2,5,0.15502,0.302223,0.073833,0.00326,0.063294,0.385172,0.017197
2419_122_648_709,5,1,0.30145,0.413459,0.053292,0.004373,0.024528,0.188907,0.013991
2419_121_1507_1531,4,4,0.048289,0.371476,0.041858,0.051429,0.381745,0.010454,0.09475
2419_122_966_986,5,5,0.019507,0.048809,0.065043,0.01157,0.032383,0.789388,0.033301
2417_122_31_171,1,1,0.154329,0.506167,0.064974,0.008639,0.203295,0.018347,0.044249
2417_121_1197_1336,6,3,0.028372,0.080847,0.072891,0.63461,0.101008,0.007312,0.07496
2417_121_1573_1721,6,5,0.120958,0.174879,0.131777,0.093988,0.091206,0.359006,0.028186
2417_122_240_375,5,1,0.161158,0.458154,0.080446,0.01078,0.153095,0.069336,0.067031
2417_122_1356_1553,3,0,0.450639,0.381477,0.046311,0.014146,0.043132,0.052592,0.011703
2417_122_846_1010,6,1,0.278427,0.491019,0.028727,0.008545,0.087533,0.088433,0.017317
2417_121_189_225,6,1,0.198505,0.24412,0.066707,0.060352,0.084985,0.233143,0.112189
2417_122_490_703,6,1,0.178662,0.407524,0.018018,0.107012,0.219899,0.027957,0.040928
2417_122_1137_1179,5,0,0.405835,0.296432,0.031194,0.003252,0.035541,0.216875,0.010872
2417_121_1032_1112,4,4,0.024229,0.123846,0.126912,0.104092,0.57884,0.010986,0.031095
2417_121_406_481,3,3,0.037637,0.09825,0.064727,0.545548,0.062507,0.125606,0.065725
2417_121_727_830,6,5,0.040228,0.061564,0.088595,0.207147,0.092224,0.389652,0.120591
2422_121_31_415,3,3,0.051803,0.071064,0.082126,0.696344,0.035646,0.04016,0.022857
2422_121_1291_1420,3,3,0.078283,0.277891,0.047526,0.29219,0.137231,0.069207,0.097672
2422_122_1155_1277,5,1,0.140224,0.339171,0.087186,0.044129,0.046201,0.305571,0.03752
2422_122_1430_1521,5,5,0.050579,0.117301,0.073713,0.047029,0.023095,0.657652,0.030632
2422_121_787_1012,3,3,0.021994,0.047913,0.131093,0.504853,0.103476,0.104646,0.086025
2422_121_465_715,3,1,0.167939,0.376158,0.083444,0.13366,0.132837,0.060979,0.044982
2422_121_1088_1144,3,3,0.008439,0.015241,0.023322,0.734585,0.012212,0.190315,0.015886
2422_122_1016_1077,3,5,0.02189,0.090936,0.155942,0.181143,0.099293,0.319742,0.131054
2422_122_424_454,3,1,0.215625,0.634878,0.023787,0.044587,0.045378,0.024809,0.010937
2422_121_1531_1612,1,1,0.214553,0.507413,0.068277,0.072039,0.053374,0.053889,0.030457
2422_122_724_779,3,5,0.021956,0.119937,0.19036,0.080396,0.087338,0.461282,0.038731
2413_122_114_197,5,5,0.0211,0.063396,0.070159,0.020005,0.032669,0.749635,0.043038
2413_121_1284_1360,6,3,0.034693,0.065981,0.077631,0.431966,0.043682,0.142816,0.203231
2413_121_1129_1223,6,3,0.018592,0.023763,0.10273,0.749328,0.026399,0.024013,0.055175
2413_121_1460_1691,3,3,0.015543,0.019475,0.043062,0.861758,0.030613,0.016822,0.012727
2413_121_212_288,6,3,0.024339,0.048927,0.065025,0.653671,0.040225,0.056235,0.111577
2413_122_1696_1840,5,5,0.016714,0.010356,0.013709,0.172633,0.03514,0.740529,0.010919
2413_122_917_1106,5,3,0.082883,0.12472,0.041333,0.415195,0.175072,0.072811,0.087985
2413_121_583_674,3,3,0.06228,0.086657,0.090517,0.523595,0.059322,0.115443,0.062185
2413_122_297_413,6,5,0.053088,0.10272,0.037419,0.262904,0.102582,0.30723,0.134058
2413_122_477_573,5,5,0.109268,0.131306,0.120015,0.072242,0.108558,0.34466,0.113951
2413_121_31_101,6,3,0.029916,0.03219,0.14374,0.562145,0.030018,0.089727,0.112263
2413_121_423_460,3,3,0.038772,0.078773,0.086072,0.612592,0.031156,0.118895,0.033741
2413_122_1231_1276,5,5,0.050021,0.078139,0.073899,0.168201,0.045762,0.374736,0.209241
2413_121_759_912,5,3,0.010663,0.027613,0.027839,0.856321,0.035986,0.006883,0.034694
2413_122_692_746,5,0,0.481884,0.299323,0.050381,0.006536,0.025355,0.103178,0.033342
2413_122_1378_1446,6,3,0.033301,0.074158,0.022589,0.489277,0.064442,0.040529,0.275703
2418_121_1265_1344,3,3,0.036691,0.066901,0.101688,0.537856,0.075038,0.136069,0.045756
2418_122_1135_1243,6,3,0.089774,0.165873,0.057808,0.367088,0.089691,0.034541,0.195226
2418_121_1667_1784,1,1,0.153797,0.491994,0.076094,0.091324,0.116442,0.036554,0.033794
2418_122_141_285,3,1,0.139386,0.320193,0.035206,0.233855,0.182277,0.02929,0.059792
2418_122_1366_1470,6,3,0.046136,0.149662,0.157354,0.382355,0.043933,0.014509,0.206051
2418_122_846_986,0,0,0.514895,0.330987,0.037758,0.013965,0.027607,0.067121,0.007667
2418_122_538_732,3,3,0.068964,0.173113,0.033628,0.441886,0.123971,0.034358,0.12408
2418_121_1001_1105,6,3,0.018047,0.106936,0.064036,0.433827,0.171216,0.013186,0.192751
2418_121_321_373,6,1,0.20317,0.283457,0.067218,0.098058,0.153721,0.131429,0.062947
2418_121_468_517,2,2,0.027382,0.159227,0.214518,0.208987,0.188095,0.085379,0.116413
2418_121_31_116,6,3,0.066294,0.05565,0.12973,0.295726,0.127707,0.267502,0.05739
2418_122_392_443,6,3,0.055008,0.199033,0.083244,0.243966,0.169668,0.20292,0.046161
2418_121_1490_1560,1,1,0.222176,0.312399,0.094228,0.051575,0.052143,0.2356,0.031878
2418_121_753_824,6,3,0.064128,0.121047,0.107951,0.357462,0.149502,0.048574,0.151336
2418_122_1576_1646,3,3,0.08877,0.247794,0.060246,0.265909,0.076457,0.01636,0.244463
2420_121_90_188,1,1,0.450839,0.467864,0.012483,0.014656,0.02663,0.019772,0.007756
2420_122_1290_1376,0,0,0.429302,0.336153,0.057095,0.00251,0.02273,0.146949,0.00526
2420_122_1093_1184,5,5,0.175263,0.21122,0.064829,0.003265,0.026364,0.510402,0.008656
2420_122_1505_1699,0,0,0.496338,0.248204,0.056757,0.001782,0.030646,0.162693,0.00358
2420_122_202_343,0,0,0.518136,0.387984,0.015384,0.004673,0.031724,0.032173,0.009926
2420_121_1397_1485,1,1,0.321965,0.481643,0.039356,0.014319,0.072574,0.064682,0.005461
2420_121_894_965,6,1,0.153739,0.572687,0.077431,0.01109,0.128842,0.01582,0.040392
2420_122_405_870,2,1,0.282929,0.56426,0.045587,0.005586,0.069097,0.014825,0.017717
2420_121_1719_1775,0,1,0.425494,0.489542,0.010696,0.010093,0.043823,0.016207,0.004145
2420_121_1021_1075,6,1,0.051927,0.354454,0.104248,0.045554,0.215495,0.010869,0.217453
2420_122_31_67,0,1,0.333656,0.462367,0.076498,0.009334,0.051127,0.018614,0.048404
2420_121_1197_1261,0,1,0.221055,0.585492,0.048786,0.014291,0.080045,0.031461,0.01887
2420_122_985_997,5,5,0.103819,0.090252,0.032608,0.003905,0.017406,0.732232,0.019777
2420_121_359_379,1,1,0.342273,0.568953,0.014801,0.018004,0.03209,0.012586,0.011293
2423_121_31_360,4,4,0.089695,0.230973,0.167867,0.055501,0.326703,0.021646,0.107614
2423_122_1143_1217,1,1,0.079369,0.537061,0.045277,0.013532,0.255877,0.028365,0.040519
2423_122_935_1022,1,1,0.092882,0.452157,0.15131,0.010486,0.145019,0.134597,0.013548
2423_122_1306_1358,1,1,0.210962,0.706789,0.013145,0.003336,0.051231,0.008145,0.006392
2423_122_572_798,1,1,0.274884,0.522119,0.030726,0.008404,0.117611,0.035171,0.011085
2423_121_1036_1131,1,0,0.458701,0.323147,0.027195,0.045231,0.057391,0.07065,0.017685
2423_121_427_569,4,4,0.102628,0.335151,0.081119,0.032721,0.384308,0.022544,0.041529
2423_121_1227_1295,5,5,0.029458,0.067932,0.051012,0.01573,0.056914,0.764498,0.014457
2423_121_807_920,4,4,0.057076,0.252273,0.094899,0.048966,0.345952,0.020431,0.180404
2423_122_372_419,1,4,0.020146,0.174862,0.145072,0.002591,0.622923,0.021312,0.013093
2421_122_1215_1302,3,1,0.087697,0.306402,0.119871,0.159579,0.169934,0.077865,0.078651
2421_122_123_204,1,5,0.11572,0.235082,0.065566,0.004933,0.064276,0.505568,0.008855
2421_122_1112_1154,5,5,0.044152,0.07719,0.049973,0.003849,0.01563,0.792351,0.016854
2421_121_1167_1205,3,3,0.012736,0.022366,0.046396,0.759656,0.018136,0.021099,0.119611
2421_121_634_834,3,3,0.009922,0.02654,0.055576,0.831877,0.024899,0.03184,0.019345
2421_121_31_113,5,3,0.03078,0.032613,0.121708,0.358655,0.076482,0.315746,0.064015
2421_121_966_1101,3,3,0.00744,0.022673,0.049492,0.809069,0.016925,0.030768,0.063633
2421_121_222_289,5,1,0.075888,0.361901,0.179744,0.143725,0.082389,0.093692,0.062661
2421_122_292_440,1,1,0.12981,0.322769,0.052528,0.111352,0.182951,0.03387,0.16672
2421_122_845_952,1,5,0.062461,0.200778,0.088675,0.093044,0.047813,0.383563,0.123665
2421_122_536_629,1,1,0.266211,0.503482,0.0355,0.028751,0.059992,0.033143,0.072921
2421_121_460_526,5,5,0.061234,0.158216,0.094353,0.045192,0.054727,0.539822,0.046458
2426_121_126_164,4,1,0.185933,0.4471,0.090114,0.01298,0.110994,0.084763,0.068116
2426_121_1202_1350,1,1,0.142546,0.639944,0.014937,0.001469,0.196014,0.002882,0.002208
2426_121_1822_2047,4,1,0.126313,0.259178,0.087491,0.040772,0.238924,0.218769,0.028552
2426_122_1675_1818,1,1,0.175087,0.262335,0.111344,0.041379,0.174135,0.162979,0.072742
2426_122_1361_1505,1,3,0.073203,0.3034,0.029969,0.304991,0.132407,0.020241,0.135791
2426_121_855_1031,4,4,0.045959,0.306602,0.073628,0.057607,0.427023,0.011615,0.077567
2426_122_192_227,4,1,0.172933,0.310263,0.141052,0.025329,0.080595,0.115299,0.154529
2426_122_489_616,1,1,0.159825,0.454829,0.07138,0.026348,0.108502,0.092636,0.08648
2426_122_1072_1172,1,1,0.254665,0.274414,0.053119,0.150838,0.07282,0.086727,0.107416
2426_121_272_472,3,3,0.049708,0.120587,0.092294,0.495977,0.089077,0.062804,0.089554
2426_122_31_98,4,1,0.214766,0.353568,0.103999,0.011813,0.072541,0.149523,0.093791
2426_121_647_707,4,1,0.124958,0.510491,0.055882,0.066544,0.154737,0.024817,0.06257
2426_121_1552_1650,1,1,0.270031,0.568073,0.022591,0.012433,0.07288,0.029234,0.024758
2426_122_731_802,1,1,0.132495,0.354061,0.05865,0.041131,0.304703,0.041468,0.067492
2429_121_116_223,3,3,0.006289,0.020314,0.014095,0.854315,0.019489,0.008192,0.077306
2429_122_1165_1358,0,1,0.466529,0.473391,0.008502,0.004659,0.036144,0.006654,0.004121
2429_122_1548_1753,1,1,0.427787,0.429298,0.042018,0.002007,0.064578,0.03169,0.002622
2429_122_231_478,1,1,0.410829,0.479891,0.026521,0.005012,0.043942,0.024603,0.009203
2429_121_1400_1523,4,4,0.051846,0.25025,0.093439,0.098173,0.431857,0.01126,0.063174
2429_122_904_948,1,1,0.385523,0.469293,0.02777,0.030198,0.044445,0.021207,0.021564
2429_121_968_1133,3,3,0.116823,0.229471,0.082672,0.32145,0.12149,0.038869,0.089225
2429_122_615_736,1,1,0.156976,0.494103,0.0818,0.023921,0.079279,0.056278,0.107643
2429_122_31_100,1,1,0.258725,0.487657,0.057552,0.009119,0.052979,0.09593,0.038037
2429_121_758_887,3,3,0.047481,0.145304,0.085467,0.43899,0.064461,0.034851,0.183446
2429_121_510_591,4,6,0.0756,0.29422,0.07609,0.122246,0.105721,0.01,0.316122
2431_122_100_288,6,6,0.105161,0.252059,0.101617,0.150304,0.06827,0.052524,0.270065
2431_121_1276_1323,4,1,0.13217,0.253472,0.160153,0.092931,0.088788,0.052883,0.219601
2431_122_863_1254,3,3,0.045787,0.10593,0.034526,0.56834,0.0654,0.06109,0.118926
2431_121_1382_1488,1,6,0.014493,0.032528,0.053344,0.345787,0.058986,0.123351,0.371512
2431_122_1340_1370,5,5,0.047326,0.077219,0.043748,0.009376,0.022325,0.764674,0.035333
2431_121_472_626,1,1,0.280489,0.43978,0.05827,0.022553,0.072808,0.103196,0.022905
2431_121_315_341,1,1,0.144043,0.516449,0.046198,0.010894,0.230476,0.017362,0.034576
2431_121_31_75,1,5,0.14899,0.241773,0.115065,0.033703,0.04012,0.346107,0.074242
2431_122_376_444,5,5,0.058138,0.092402,0.028649,0.008935,0.032936,0.768306,0.010633
2431_122_1510_1658,0,0,0.586615,0.324642,0.027019,0.008009,0.022523,0.024823,0.006369
2431_121_808_834,5,5,0.041248,0.090502,0.051583,0.013286,0.021434,0.73972,0.042227
2431_122_646_794,1,1,0.152883,0.458771,0.051396,0.150752,0.0622,0.050823,0.073175
2435_122_31_200,1,1,0.403577,0.449868,0.032603,0.016702,0.052269,0.019204,0.025776
2435_121_1191_1384,0,1,0.239284,0.430607,0.029411,0.052627,0.178716,0.021862,0.047493
2435_121_222_333,1,3,0.073355,0.234249,0.075699,0.414764,0.100101,0.04847,0.053362
2435_121_1701_1816,0,0,0.472027,0.34045,0.026413,0.042523,0.085007,0.015224,0.018356
2435_122_1401_1667,0,0,0.65452,0.255396,0.012359,0.001926,0.02676,0.045265,0.003774
2435_122_889_1165,0,0,0.692495,0.244352,0.008528,0.001949,0.023755,0.026558,0.002364
2435_121_576_642,1,1,0.155818,0.448207,0.043471,0.047963,0.248532,0.008252,0.047756
2435_122_351_553,0,0,0.597871,0.329928,0.020358,0.003025,0.03271,0.011141,0.004967
2435_121_799_861,3,3,0.003261,0.005806,0.002373,0.970601,0.004356,0.007276,0.006325
2435_122_1837_2020,1,0,0.505948,0.371639,0.025599,0.011466,0.041894,0.019476,0.023978
2435_122_662_777,1,0,0.618636,0.320466,0.010757,0.004696,0.016218,0.022537,0.00669
2433_122_111_220,2,5,0.052268,0.231454,0.190073,0.04301,0.133217,0.269459,0.080518
2433_122_1269_1591,2,0,0.385083,0.284133,0.179039,0.029856,0.061029,0.039984,0.020876
2433_121_1121_1248,5,1,0.369793,0.373846,0.058384,0.007826,0.053518,0.121406,0.015228
2433_121_253_364,4,3,0.027755,0.128861,0.029565,0.36539,0.208069,0.017361,0.222999
2433_122_871_935,1,1,0.183596,0.227247,0.202478,0.101959,0.083156,0.116571,0.084993
2433_121_550_851,1,1,0.067694,0.323781,0.152574,0.134853,0.217617,0.041454,0.062028
2433_122_1685_1793,1,1,0.095692,0.326485,0.076323,0.056978,0.295847,0.04258,0.106095
2433_122_1002_1090,2,2,0.184943,0.265493,0.328333,0.020668,0.051768,0.098851,0.049944
2433_122_399_519,1,1,0.075834,0.241041,0.145518,0.155796,0.125576,0.032544,0.223691
2433_121_31_90,2,2,0.032834,0.140604,0.292279,0.075476,0.136038,0.186155,0.136614
2433_121_1611_1663,2,1,0.079544,0.375349,0.231062,0.00821,0.268622,0.027786,0.009427
2433_121_960_995,6,5,0.067808,0.113495,0.069453,0.03457,0.034663,0.612818,0.067193
2439_121_128_229,4,3,0.071082,0.151903,0.172512,0.209265,0.147255,0.13127,0.116713
2439_122_994_1417,3,4,0.044374,0.139593,0.086416,0.19961,0.429798,0.024268,0.075942
2439_122_1906_2074,3,3,0.02753,0.061022,0.033324,0.523116,0.27818,0.017273,0.059556
2439_121_1657_1889,4,4,0.004677,0.041138,0.078803,0.003165,0.860311,0.007328,0.004579
2439_122_245_333,5,5,0.091693,0.184299,0.081597,0.023983,0.146841,0.425742,0.045844
2439_121_1450_1553,4,4,0.008053,0.072114,0.050751,0.015605,0.828747,0.005381,0.01935
2439_121_615_979,4,4,0.039797,0.220254,0.069745,0.008701,0.629768,0.016002,0.015734
2439_122_560_592,4,4,0.019851,0.140477,0.143258,0.019023,0.574081,0.057682,0.045629
2439_121_357_545,4,4,0.004123,0.07162,0.168008,0.00578,0.726075,0.01127,0.013124
2439_122_31_107,5,5,0.05283,0.17696,0.111469,0.005133,0.105718,0.529572,0.018318
2439_122_1572_1633,4,4,0.054305,0.170158,0.057293,0.056159,0.554349,0.015162,0.092573
2436_121_88_197,5,5,0.027413,0.088339,0.128973,0.109339,0.194158,0.394617,0.05716
2436_121_1234_1339,3,3,0.018258,0.05594,0.034011,0.644415,0.072517,0.011643,0.163214
2436_122_1121_1209,3,5,0.01428,0.013104,0.021978,0.095045,0.03273,0.816834,0.006031
2436_122_1669_1872,4,4,0.065199,0.204156,0.083378,0.045858,0.507582,0.056485,0.037341
2436_122_212_343,4,1,0.221044,0.560913,0.069283,0.004837,0.120395,0.01887,0.004658
2436_122_1355_1494,4,4,0.050121,0.273977,0.049422,0.003902,0.602773,0.008119,0.011686
2436_121_944_1106,5,4,0.058741,0.157458,0.052137,0.116268,0.437458,0.159546,0.018392
2436_122_499_620,1,1,0.105617,0.598711,0.041394,0.015976,0.211399,0.014609,0.012293
2436_121_367_490,1,1,0.36913,0.484212,0.038356,0.013823,0.054915,0.027401,0.012164
2436_122_31_70,4,4,0.01554,0.130334,0.114835,0.003222,0.724247,0.007541,0.004282
2436_121_1515_1654,4,5,0.130945,0.235784,0.052662,0.078466,0.16524,0.271584,0.065319
2436_121_1888_2015,3,3,0.013199,0.020788,0.016529,0.904641,0.015758,0.008071,0.021014
2436_121_647_810,5,1,0.122643,0.41345,0.087332,0.0835,0.165381,0.071167,0.056528
2436_122_827_928,4,4,0.048879,0.228863,0.100656,0.08165,0.431309,0.023192,0.08545
2440_122_1147_1312,0,0,0.752996,0.197038,0.012917,0.001607,0.022357,0.011263,0.001822
2440_122_1388_1545,0,0,0.615426,0.282253,0.032806,0.006753,0.032953,0.020335,0.009474
2440_121_31_122,1,1,0.266317,0.453292,0.055967,0.021035,0.088587,0.054672,0.060129
2440_121_889_963,2,1,0.14288,0.514861,0.120483,0.01158,0.12309,0.072004,0.015101
2440_122_132_234,0,0,0.771481,0.186406,0.00805,0.001539,0.011474,0.017292,0.003757
2440_121_1332_1372,2,1,0.112092,0.576182,0.030839,0.004251,0.253569,0.005219,0.017848
2440_122_371_619,0,0,0.740812,0.216228,0.008679,0.001535,0.012988,0.018119,0.001639
2440_121_1051_1137,1,0,0.459128,0.446709,0.027006,0.002561,0.04051,0.018182,0.005906
2440_121_257_360,4,1,0.413795,0.46918,0.041741,0.001937,0.055734,0.012631,0.004983
2440_122_718_861,0,0,0.750759,0.195758,0.016846,0.003539,0.019456,0.009411,0.004232
2440_121_644_708,4,1,0.107905,0.54922,0.15025,0.005674,0.139004,0.034676,0.013271
2440_122_984_1033,0,0,0.685625,0.262141,0.015494,0.001511,0.017514,0.01395,0.003765
2434_122_112_151,3,5,0.053499,0.093694,0.153945,0.175644,0.069628,0.242246,0.211343
2434_122_941_1207,3,1,0.234189,0.303275,0.058527,0.172942,0.148189,0.041327,0.041551
2434_121_1651_1797,1,1,0.386144,0.498215,0.023981,0.011513,0.067444,0.00793,0.004773
2434_121_172_406,3,3,0.008613,0.022713,0.043344,0.720554,0.075845,0.012056,0.116877
2434_121_1417_1517,4,2,0.033125,0.293281,0.372492,0.015372,0.247788,0.014785,0.023157
2434_122_1303_1386,3,1,0.192087,0.426693,0.066513,0.110898,0.084101,0.06416,0.055548
2434_122_526_701,3,5,0.040089,0.066914,0.071867,0.094245,0.04429,0.646589,0.036007
2434_121_470_509,3,3,0.02148,0.019463,0.025904,0.800703,0.021923,0.080504,0.030024
2434_121_31_94,3,3,0.007375,0.016355,0.02812,0.848628,0.029158,0.021723,0.048642
2434_122_431_446,3,5,0.019876,0.05059,0.052755,0.021026,0.018954,0.796376,0.040424
2434_122_1535_1633,3,3,0.101083,0.155447,0.064589,0.369327,0.086518,0.199064,0.023971
2434_121_1236_1282,4,1,0.160462,0.610447,0.059201,0.01324,0.119497,0.026735,0.010418
2434_121_878_921,1,1,0.372869,0.391415,0.054982,0.027941,0.075805,0.058138,0.01885
2434_121_742_807,3,3,0.012523,0.039415,0.065873,0.75401,0.022339,0.02744,0.0784
2434_122_827_857,3,5,0.07039,0.151299,0.125158,0.064474,0.086752,0.344195,0.157733
3041_154_924_1000,1,1,0.183452,0.350636,0.034149,0.060004,0.052982,0.142571,0.176206
3041_154_191_228,6,6,0.027843,0.050127,0.054801,0.063855,0.043971,0.17169,0.587714
3041_154_1322_1441,1,4,0.022821,0.044284,0.106017,0.105043,0.60071,0.04605,0.075074
3041_154_529_685,1,6,0.061137,0.093322,0.067109,0.179901,0.216349,0.07608,0.306101
3041_154_286_444,5,5,0.048685,0.074266,0.053945,0.032961,0.040517,0.474596,0.275031
3041_153_447_500,6,5,0.064658,0.080849,0.048824,0.156956,0.061518,0.395516,0.191679
3041_154_31_92,6,5,0.062069,0.068039,0.056133,0.105456,0.052804,0.382333,0.273167
3041_154_771_815,1,5,0.026696,0.085906,0.080642,0.029633,0.056367,0.563145,0.157612
3044_153_31_211,6,3,0.249328,0.064075,0.133136,0.249898,0.120466,0.070192,0.112904
3044_154_1246_1341,1,6,0.055994,0.147974,0.051075,0.318305,0.074876,0.013737,0.338039
3044_153_1046_1236,0,5,0.05932,0.142444,0.10168,0.086834,0.052325,0.365536,0.191861
3044_154_1571_1715,2,1,0.171541,0.239623,0.061125,0.186751,0.062106,0.067348,0.211507
3044_154_1818_1913,1,3,0.026356,0.030609,0.015806,0.640552,0.068599,0.021481,0.196595
3044_154_1406_1461,1,3,0.217439,0.208574,0.031694,0.311361,0.062343,0.018112,0.150477
3044_154_826_981,1,1,0.165418,0.237741,0.052144,0.167565,0.158379,0.067054,0.151699
3044_154_496_606,1,3,0.035696,0.039147,0.022848,0.376136,0.137284,0.047824,0.341065
3044_153_646_816,0,0,0.57766,0.233387,0.016222,0.019587,0.069379,0.072308,0.011458
3044_153_376_410,1,5,0.077887,0.1053,0.047272,0.018473,0.027072,0.649978,0.074018
3044_153_1726_1751,0,5,0.028757,0.020221,0.016851,0.046773,0.01447,0.85061,0.022317
3045_154_31_129,1,4,0.157957,0.138598,0.030415,0.21715,0.302093,0.083706,0.070082
3045_154_1245_1331,2,5,0.079515,0.193846,0.090247,0.05055,0.068581,0.258809,0.258453
3045_153_1122_1245,6,6,0.046112,0.13853,0.050165,0.092352,0.132381,0.124914,0.415545
3045_154_219_348,1,1,0.150736,0.479174,0.060413,0.021312,0.137659,0.028556,0.12215
3045_153_1380_1520,3,3,0.038489,0.039199,0.011872,0.467158,0.234345,0.080327,0.128609
3045_154_699_938,1,1,0.189485,0.391144,0.033812,0.182777,0.071937,0.064246,0.066599
3045_153_940_1031,6,5,0.024061,0.053328,0.027414,0.065976,0.032511,0.594955,0.201755
3045_153_139_217,6,5,0.07603,0.083232,0.051333,0.120486,0.051575,0.354206,0.263138
3045_154_434_622,1,1,0.211523,0.422759,0.044817,0.022886,0.216295,0.027936,0.053783
3045_154_1045_1112,6,6,0.05566,0.14267,0.028814,0.059381,0.070541,0.036934,0.606001
3045_153_627_699,5,5,0.003373,0.005322,0.007159,0.01073,0.006401,0.953672,0.013343
3045_154_1520_1627,1,3,0.18737,0.111033,0.061204,0.409472,0.139682,0.079595,0.011643
3045_153_362_419,6,6,0.121804,0.172533,0.043242,0.091694,0.061863,0.223114,0.285751
3047_153_95_248,6,3,0.008034,0.023945,0.077393,0.384476,0.121228,0.039647,0.345278
3047_154_1068_1292,6,3,0.063807,0.17612,0.03084,0.533359,0.044022,0.079111,0.072742
3047_154_1582_1771,6,1,0.25258,0.350149,0.040292,0.087157,0.058317,0.17573,0.035774
3047_153_1310_1567,0,0,0.650712,0.125446,0.010671,0.017453,0.034728,0.150588,0.010403
3047_153_926_1060,0,0,0.463083,0.270093,0.027807,0.04996,0.038677,0.109519,0.040861
3047_153_586_674,6,6,0.036201,0.061421,0.040533,0.212083,0.047422,0.12735,0.474989
3047_153_329_449,3,6,0.012836,0.057152,0.09886,0.227426,0.040638,0.095477,0.46761
3047_154_456_571,1,5,0.058226,0.069528,0.025112,0.021757,0.033212,0.754507,0.03766
3047_154_31_87,6,6,0.039538,0.183826,0.126169,0.016934,0.117805,0.247113,0.268615
3047_154_680_903,1,0,0.545058,0.351242,0.007649,0.029548,0.037469,0.018473,0.01056
3047_154_268_305,5,5,0.114388,0.059481,0.018097,0.055203,0.017406,0.663174,0.07225
3048_154_31_163,1,4,0.065967,0.207561,0.135672,0.033043,0.316068,0.205648,0.036041
3048_154_1291_1381,3,0,0.349789,0.188048,0.08425,0.038305,0.047241,0.229669,0.062697
3048_154_212_310,1,0,0.403713,0.196038,0.064317,0.042711,0.04892,0.176997,0.067304
3048_153_1394_1568,0,0,0.562188,0.135251,0.022931,0.111009,0.02689,0.112186,0.029545
3048_154_833_950,1,0,0.327048,0.268473,0.032304,0.123437,0.050512,0.049936,0.148289
3048_154_432_725,1,0,0.611893,0.222249,0.041243,0.020057,0.051499,0.035412,0.017647
3048_154_1100_1181,1,0,0.39899,0.364849,0.029741,0.057712,0.050901,0.048841,0.048967
3048_153_314_413,5,5,0.096958,0.054786,0.031694,0.01588,0.027291,0.743653,0.029738
3048_153_958_1090,1,1,0.184979,0.381747,0.130003,0.080352,0.120246,0.051713,0.050961
3054_153_1239_1448,3,5,0.025416,0.034023,0.050423,0.232209,0.035088,0.319695,0.303146
3054_154_993_1197,6,6,0.01059,0.0439,0.081982,0.065982,0.080699,0.02255,0.694298
3054_154_243_290,6,6,0.010208,0.048539,0.084176,0.058203,0.075809,0.034971,0.688094
3054_153_1712_1822,1,2,0.021212,0.063671,0.341864,0.040241,0.172245,0.266418,0.094349
3054_154_1454_1658,1,6,0.009383,0.036833,0.110654,0.255378,0.029225,0.217105,0.341422
3054_154_669_932,1,5,0.019552,0.05934,0.088481,0.013209,0.153093,0.424265,0.24206
3054_153_942_982,6,6,0.012583,0.02177,0.073727,0.130706,0.026871,0.261645,0.472696
3054_153_192_233,6,6,0.020387,0.038282,0.047291,0.063728,0.044105,0.296037,0.49017
3054_153_592_659,6,6,0.014086,0.025492,0.108216,0.142639,0.062245,0.291747,0.355574
3054_154_139_190,6,6,0.019713,0.038888,0.05398,0.20424,0.054815,0.069131,0.559233
3054_153_303_369,6,5,0.01762,0.04082,0.118852,0.088598,0.041307,0.431762,0.261041
3054_154_382_551,6,6,0.01014,0.053081,0.050467,0.090634,0.019038,0.031551,0.745089
3054_153_31_109,6,6,0.015569,0.025459,0.067947,0.127143,0.036965,0.355888,0.371029
3055_153_1262_1354,0,0,0.767367,0.114526,0.011107,0.006233,0.01648,0.076523,0.007763
3055_154_1129_1243,3,0,0.419046,0.185597,0.027845,0.147091,0.038848,0.140976,0.040596
3055_153_2507_2715,6,1,0.256968,0.525263,0.017465,0.068981,0.076709,0.024872,0.029742
3055_154_2058_2093,3,6,0.098596,0.210005,0.054121,0.160802,0.114309,0.044271,0.317898
3055_153_1042_1129,0,3,0.088417,0.095858,0.065825,0.29604,0.060173,0.131165,0.262523
3055_154_1626_1776,3,1,0.149889,0.266255,0.039587,0.200799,0.044212,0.153597,0.145661
3055_153_578_696,0,0,0.771333,0.156341,0.007159,0.015271,0.024612,0.014457,0.010828
3055_154_2300_2483,6,1,0.289194,0.340718,0.041969,0.139008,0.091078,0.025005,0.073028
3055_153_1476_1617,1,0,0.641274,0.174992,0.023673,0.05752,0.028775,0.047771,0.025995
3055_153_2152_2283,1,1,0.352762,0.473481,0.024759,0.035397,0.05605,0.013084,0.044468
3055_153_1807_2008,0,0,0.763776,0.1517,0.005702,0.017919,0.0191,0.031148,0.010655
3055_154_699_914,3,1,0.216574,0.253946,0.043516,0.124067,0.057573,0.153635,0.150688
3055_154_1361_1440,1,0,0.760477,0.169558,0.00548,0.004617,0.013651,0.040307,0.00591
3055_153_315_478,1,0,0.332621,0.285827,0.020503,0.21991,0.0491,0.040975,0.051065
3055_154_496_558,3,3,0.068999,0.199405,0.090807,0.417881,0.073286,0.063836,0.085785
3055_154_11_40,6,0,0.327207,0.181909,0.06378,0.032458,0.231952,0.127859,0.034834
3051_153_31_200,5,5,0.017448,0.063415,0.089582,0.016169,0.118261,0.583141,0.111984
3051_154_1268_1383,5,5,0.062269,0.260002,0.132052,0.011499,0.043356,0.395979,0.094842
3051_153_1124_1248,1,5,0.116809,0.109659,0.063914,0.016364,0.059856,0.629966,0.003432
3051_154_204_295,5,5,0.011005,0.06257,0.076083,0.007414,0.033966,0.747963,0.060999
3051_154_1788_1897,2,6,0.097731,0.155651,0.174664,0.061511,0.06085,0.091602,0.357991
3051_153_1397_1522,1,0,0.493036,0.41837,0.010608,0.002917,0.056525,0.01586,0.002685
3051_153_939_970,2,5,0.144793,0.182037,0.041988,0.041306,0.045236,0.377317,0.167323
3051_153_483_596,2,1,0.193958,0.3361,0.092909,0.032657,0.057115,0.273897,0.013363
3051_154_975_1116,2,5,0.009492,0.039601,0.04224,0.021134,0.013969,0.781446,0.092118
3051_153_1709_1776,2,0,0.464505,0.189187,0.061386,0.028899,0.059152,0.180586,0.016284
3051_153_297_423,2,5,0.026665,0.089362,0.098712,0.030735,0.037948,0.56186,0.154718
3051_154_613_660,1,5,0.093142,0.187566,0.095803,0.190864,0.041688,0.327164,0.063773
3051_154_424_467,1,6,0.04171,0.197182,0.067443,0.03383,0.044422,0.031324,0.584088
3051_153_691_919,2,1,0.264143,0.371187,0.158808,0.014804,0.076577,0.084162,0.03032
3051_154_1538_1676,1,0,0.587684,0.236519,0.057425,0.003454,0.059171,0.040309,0.015438
3053_154_98_162,3,5,0.061839,0.063675,0.040821,0.106526,0.03407,0.550517,0.142552
3053_153_1004_1330,6,3,0.023566,0.061569,0.156312,0.380469,0.079979,0.035203,0.262901
3053_154_2008_2100,3,3,0.046682,0.085272,0.01165,0.622479,0.032074,0.017956,0.183887
3053_153_1656_1703,3,3,0.007034,0.011192,0.049968,0.769913,0.026389,0.027128,0.108375
3053_153_168_264,3,6,0.023298,0.041248,0.04411,0.351083,0.044099,0.024508,0.471655
3053_154_1810_1932,6,6,0.039213,0.069253,0.021798,0.375956,0.045733,0.056792,0.391255
3053_154_727_974,3,5,0.183218,0.199961,0.053653,0.080076,0.088433,0.287101,0.107558
3053_154_1342_1459,4,5,0.010058,0.0433,0.059847,0.07305,0.07074,0.626084,0.116922
3053_154_554_608,3,3,0.022115,0.012206,0.007512,0.690895,0.048774,0.155519,0.062979
3053_154_1717_1766,6,5,0.023957,0.021795,0.02695,0.081832,0.031407,0.551085,0.262973
3053_154_264_362,5,5,0.008341,0.01135,0.011816,0.062208,0.01762,0.848257,0.040408
3053_153_609_716,6,3,0.023124,0.065038,0.045466,0.442786,0.061636,0.095205,0.266745
3053_153_391_538,6,3,0.021486,0.019374,0.02461,0.665146,0.067503,0.0444,0.157481
3053_153_31_84,3,3,0.017729,0.012376,0.026043,0.717369,0.033571,0.079175,0.113738
3053_153_1468_1569,3,3,0.015544,0.044455,0.031118,0.554017,0.020822,0.036918,0.297126
3053_154_1580_1623,6,6,0.023752,0.044236,0.038385,0.380699,0.038425,0.032213,0.442289
3053_153_1776_1795,6,1,0.176062,0.227692,0.147058,0.104351,0.150547,0.035056,0.159235
3053_153_1947_1998,5,3,0.042536,0.032693,0.024179,0.717441,0.038271,0.036997,0.107883
3050_153_92_164,3,3,0.00929,0.012381,0.01399,0.893788,0.017465,0.020948,0.032139
3050_154_1203_1344,3,5,0.151098,0.041271,0.014216,0.270351,0.044236,0.45953,0.019298
3050_153_1139_1203,2,3,0.048206,0.139366,0.062056,0.465072,0.115474,0.03928,0.130546
3050_153_225_305,1,1,0.089687,0.268174,0.044429,0.232263,0.09174,0.037473,0.236234
3050_153_1701_1836,6,3,0.018645,0.041767,0.051688,0.476243,0.028247,0.095549,0.28786
3050_153_1377_1555,3,5,0.025299,0.030855,0.024631,0.316904,0.048989,0.43215,0.121172
3050_154_774_952,3,3,0.023436,0.004339,0.007559,0.551901,0.030873,0.376399,0.005493
3050_154_174_209,1,1,0.13775,0.27458,0.082269,0.067668,0.122283,0.116744,0.198705
3050_154_591_689,5,5,0.00555,0.011119,0.011438,0.008193,0.008763,0.933193,0.021743
3050_154_2049_2204,3,0,0.543222,0.128635,0.031263,0.130015,0.103972,0.025672,0.037221
3050_154_1046_1114,3,3,0.144304,0.029115,0.027514,0.405607,0.06442,0.31955,0.00949
3050_154_315_379,1,0,0.619382,0.248312,0.011807,0.012425,0.025676,0.069918,0.01248
3050_153_406_566,3,1,0.13424,0.218563,0.124672,0.108345,0.141482,0.179581,0.093117
3050_154_21_81,6,3,0.057269,0.081704,0.077672,0.414521,0.13564,0.082874,0.15032
3050_154_1838_1945,1,3,0.061611,0.224389,0.076458,0.257833,0.08603,0.232082,0.061596
3050_153_712_761,3,5,0.021545,0.051145,0.059481,0.143523,0.031166,0.413174,0.279966
3050_154_1569_1676,3,5,0.050912,0.0129,0.01519,0.369978,0.033216,0.508993,0.00881
3050_153_1974_2039,0,0,0.475904,0.190864,0.028694,0.100019,0.050933,0.105953,0.047632
3050_153_966_1022,3,3,0.041133,0.114714,0.036138,0.383827,0.10175,0.016293,0.306145
3057_153_31_129,1,1,0.096452,0.409714,0.081844,0.215572,0.072285,0.073399,0.050733
3057_153_1128_1953,0,1,0.182589,0.4215,0.056107,0.013147,0.241073,0.02363,0.061954
3057_153_2043_2205,1,4,0.026466,0.283064,0.065349,0.058764,0.346766,0.033108,0.186483
3057_153_203_260,1,6,0.052658,0.11246,0.033669,0.084242,0.07041,0.31619,0.330371
3057_153_781_966,1,1,0.041493,0.245447,0.087617,0.19547,0.188287,0.125737,0.115948
3057_153_2282_2334,0,4,0.023742,0.155385,0.05863,0.085381,0.384008,0.018551,0.274303
3057_153_523_668,1,1,0.040176,0.237905,0.126378,0.103342,0.156386,0.197972,0.137842
3057_154_147_193,6,6,0.01047,0.038204,0.031865,0.204137,0.059009,0.059584,0.596731
3057_154_272_365,1,6,0.094789,0.220895,0.036887,0.137632,0.048091,0.08301,0.378694
3057_154_976_1093,1,1,0.156002,0.384526,0.084731,0.071234,0.068457,0.062235,0.172815
3057_154_462_515,6,1,0.20717,0.55022,0.024643,0.011823,0.078837,0.02517,0.102137
3057_153_381_440,1,1,0.23491,0.547624,0.035947,0.021808,0.066234,0.051931,0.041546
3057_154_682_766,1,6,0.093695,0.167999,0.026003,0.178271,0.03322,0.105921,0.394892
3057_154_2222_2274,6,1,0.228263,0.353344,0.027433,0.027866,0.255186,0.019161,0.088748
3057_154_1967_2025,1,1,0.084684,0.501193,0.1597,0.019789,0.128402,0.053311,0.052921
3060_153_126_173,5,5,0.029857,0.056195,0.025985,0.068481,0.036233,0.734682,0.048567
3060_154_1286_1364,3,3,0.010001,0.028863,0.018461,0.670556,0.020422,0.019038,0.23266
3060_153_1101_1281,3,3,0.006976,0.008123,0.01175,0.787901,0.019096,0.049893,0.11626
3060_154_204_288,5,6,0.015755,0.061097,0.060852,0.086957,0.019499,0.042982,0.712858
3060_153_923_1022,3,3,0.007705,0.010978,0.006861,0.870483,0.031791,0.013759,0.058423
3060_154_531_617,3,6,0.025773,0.132592,0.121327,0.12655,0.037266,0.083991,0.472501
3060_154_326_381,6,6,0.040152,0.054103,0.024055,0.277851,0.015494,0.040903,0.547442
3060_153_627_649,3,6,0.014698,0.04703,0.047013,0.305285,0.09567,0.069722,0.420582
3060_154_1035_1073,3,3,0.01467,0.043903,0.086155,0.648809,0.078361,0.017375,0.110726
3060_154_31_106,6,5,0.057912,0.096752,0.040071,0.092066,0.03028,0.350367,0.332552
3060_154_437_463,6,5,0.033656,0.038303,0.033461,0.095569,0.020805,0.656161,0.122045
3060_153_723_836,3,3,0.014975,0.023661,0.020395,0.430082,0.059299,0.137245,0.314345
3060_154_662_703,6,6,0.028648,0.071873,0.043278,0.132714,0.028288,0.058247,0.636953
3060_153_388_436,5,5,0.006519,0.033509,0.073928,0.044162,0.036286,0.713643,0.091953
3060_154_846_896,6,5,0.021039,0.092672,0.070054,0.10241,0.044271,0.345351,0.324203
3060_153_494_514,6,3,0.015857,0.036151,0.016611,0.510413,0.044539,0.106733,0.269696
3060_153_300_324,5,5,0.021272,0.051676,0.070858,0.249239,0.075817,0.430937,0.1002
3063_153_115_178,6,6,0.007701,0.023529,0.020245,0.146685,0.030212,0.006923,0.764705
3063_154_1262_1310,4,1,0.183965,0.445692,0.051339,0.102595,0.067808,0.03063,0.117972
3063_153_1172_1250,3,3,0.009201,0.010204,0.033895,0.47954,0.038018,0.40883,0.020311
3063_154_201_279,5,5,0.005126,0.012696,0.019139,0.040299,0.016172,0.696414,0.210153
3063_154_1457_1547,3,6,0.010154,0.048294,0.049547,0.283327,0.020734,0.019238,0.568705
3063_154_923_945,6,5,0.064847,0.160909,0.101203,0.088188,0.102036,0.253346,0.229471
3063_153_1329_1440,6,3,0.015495,0.07635,0.152022,0.482898,0.05895,0.05335,0.160935
3063_154_1100_1155,3,3,0.013611,0.035111,0.045819,0.463185,0.029769,0.048653,0.363851
3063_153_595_664,3,3,0.027625,0.046273,0.052266,0.64422,0.050809,0.116087,0.062719
3063_153_450_477,4,3,0.020122,0.055804,0.1412,0.419003,0.07556,0.040057,0.248254
3063_154_31_100,6,5,0.017133,0.061404,0.159107,0.082841,0.046325,0.390166,0.243024
3063_153_758_914,6,3,0.010803,0.051074,0.040069,0.458256,0.056653,0.031586,0.35156
3063_154_693_752,6,6,0.04457,0.041049,0.072905,0.139183,0.032124,0.090581,0.579588
3063_154_347_402,6,5,0.007381,0.093752,0.227566,0.027013,0.025811,0.492807,0.12567
3063_153_1574_1637,3,3,0.014096,0.060914,0.089646,0.464581,0.071227,0.049343,0.250193
3063_154_517_584,3,5,0.025723,0.034435,0.026474,0.095022,0.025499,0.47953,0.313317
3063_153_1050_1089,6,5,0.032064,0.041839,0.045856,0.168534,0.027643,0.368708,0.315356
3063_153_299_331,6,6,0.009518,0.026875,0.06331,0.214419,0.061878,0.016027,0.607974
3066_154_1175_1268,0,2,0.053804,0.069063,0.615246,0.028272,0.068346,0.030601,0.134668
3066_153_230_334,2,6,0.026323,0.132977,0.193265,0.055054,0.107108,0.129252,0.356019
3066_154_1728_1896,0,0,0.246897,0.204003,0.098552,0.112511,0.052385,0.059854,0.225798
3066_154_1340_1611,0,0,0.417499,0.268163,0.032628,0.069711,0.041609,0.031888,0.138502
3066_154_891_1088,0,0,0.685041,0.183242,0.041311,0.00805,0.030907,0.029078,0.02237
3066_154_157_210,0,5,0.231527,0.180555,0.041811,0.042616,0.027247,0.346601,0.129643
3066_154_581_825,0,0,0.581308,0.213025,0.040815,0.016441,0.074026,0.039306,0.035079
3066_154_364_477,1,0,0.31262,0.212477,0.047053,0.051214,0.047767,0.199633,0.129236
3066_154_31_107,0,0,0.553752,0.171985,0.067134,0.026516,0.063712,0.091991,0.02491
3066_153_851_876,2,2,0.040269,0.1252,0.327652,0.029149,0.268702,0.134878,0.074149
3061_153_2445_2512,3,3,0.023588,0.049937,0.046865,0.504983,0.150077,0.018623,0.205926
3061_154_111_157,4,6,0.009774,0.060324,0.030603,0.088355,0.047471,0.044998,0.718475
3061_153_1281_1363,4,4,0.010692,0.075668,0.041175,0.027415,0.740716,0.037785,0.066548
3061_153_1993_2082,4,4,0.020148,0.092185,0.057515,0.124898,0.59113,0.01133,0.102794
3061_154_1083_1251,4,1,0.099453,0.43108,0.060102,0.04319,0.215553,0.050235,0.100387
3061_154_1508_1684,4,6,0.028784,0.113752,0.046124,0.246607,0.201497,0.074143,0.289094
3061_153_177_275,3,5,0.019886,0.039845,0.031291,0.054415,0.024521,0.685473,0.144569
3061_154_1782_1966,4,4,0.054671,0.322961,0.045652,0.045171,0.427813,0.023325,0.080408
3061_154_1363_1480,4,6,0.013261,0.065911,0.045954,0.143918,0.072203,0.112833,0.54592
3061_153_2201_2336,3,3,0.035708,0.080621,0.027281,0.352079,0.073592,0.085363,0.345356
3061_154_886_1013,4,1,0.05094,0.297314,0.116728,0.023559,0.192797,0.074398,0.244264
3061_154_467_601,4,3,0.029778,0.08835,0.011723,0.572685,0.091836,0.012216,0.193413
3061_153_1731_1767,4,6,0.025978,0.052849,0.128546,0.05905,0.036868,0.250788,0.44592
3061_154_293_337,4,6,0.073084,0.230464,0.016303,0.078967,0.120682,0.024575,0.455926
3061_153_1027_1073,5,5,0.011533,0.014507,0.011662,0.019445,0.01165,0.906157,0.025046
3061_153_31_111,4,3,0.008483,0.009315,0.035341,0.525809,0.079767,0.087852,0.253433
3061_153_337_452,5,5,0.005049,0.006195,0.005687,0.039262,0.015434,0.916124,0.012249
3061_153_1480_1508,4,5,0.013923,0.055561,0.073859,0.044167,0.089667,0.433675,0.289149
3061_153_807_857,3,6,0.008975,0.032255,0.095347,0.131059,0.284172,0.130864,0.317326
3061_153_642_683,3,5,0.024776,0.052549,0.049057,0.082808,0.028251,0.4296,0.332959
3061_154_2110_2194,4,6,0.008342,0.048211,0.065927,0.217845,0.101154,0.016004,0.542516
3061_154_704_802,4,6,0.023873,0.10656,0.148977,0.092827,0.159958,0.048728,0.419078
3061_154_2342_2416,4,3,0.04707,0.201652,0.06855,0.289817,0.210108,0.026508,0.156296
3065_153_1251_1378,6,6,0.025505,0.171458,0.045967,0.154848,0.085188,0.021608,0.495427
3065_154_1125_1234,6,6,0.017855,0.044648,0.025271,0.295631,0.055626,0.151,0.409969
3065_153_1675_1816,6,3,0.006337,0.010015,0.01199,0.899092,0.02581,0.022407,0.02435
3065_154_1402_1467,3,6,0.032294,0.072629,0.068483,0.231173,0.037336,0.025138,0.532947
3065_154_815_931,6,6,0.018852,0.092364,0.063291,0.210728,0.090018,0.022705,0.502041
3065_153_135_252,3,6,0.008922,0.047762,0.090298,0.123047,0.09068,0.015284,0.624006
3065_154_558_660,6,5,0.015806,0.073908,0.036227,0.006377,0.011868,0.814705,0.041109
3065_153_956_1120,6,3,0.003342,0.016941,0.021741,0.577964,0.015148,0.01716,0.347704
3065_153_477_548,6,6,0.012682,0.037356,0.033313,0.213094,0.039674,0.022553,0.641328
3065_154_31_106,6,6,0.057882,0.142794,0.117005,0.098743,0.068593,0.154231,0.360753
3065_154_384_460,6,5,0.022976,0.090478,0.080888,0.050318,0.029504,0.582093,0.143743
3065_153_1480_1570,6,3,0.012159,0.05267,0.039908,0.761773,0.029004,0.039232,0.065254
3065_154_717_755,6,3,0.009713,0.012969,0.018892,0.761271,0.01346,0.118508,0.065187
3065_154_1570_1662,3,5,0.097624,0.206837,0.025667,0.202325,0.043228,0.279952,0.144367
3065_153_765_815,6,3,0.006908,0.010841,0.015779,0.868894,0.02134,0.037164,0.039074
3065_153_338_379,3,3,0.011908,0.010716,0.02646,0.819289,0.051267,0.049223,0.031138
3065_154_275_330,6,3,0.013884,0.04754,0.046807,0.469937,0.035047,0.262192,0.124594
3065_153_674_692,6,6,0.011358,0.034357,0.059735,0.285314,0.045189,0.045069,0.518979
3073_154_1115_1244,1,1,0.196886,0.271176,0.10005,0.09946,0.051098,0.04789,0.233439
3073_154_1408_1462,1,3,0.06071,0.061286,0.071349,0.387298,0.032039,0.026972,0.360345
3073_154_148_220,1,1,0.145529,0.267305,0.12669,0.060249,0.053092,0.080693,0.266442
3073_154_415_547,0,0,0.630932,0.219341,0.033888,0.017047,0.021891,0.033178,0.043722
3073_154_750_833,0,0,0.677953,0.160338,0.030899,0.020604,0.030991,0.023748,0.055468
3068_153_1264_1298,5,3,0.011712,0.008235,0.006508,0.619284,0.036378,0.052392,0.265491
3068_154_1118_1230,3,3,0.009283,0.014734,0.01417,0.825071,0.011465,0.044427,0.08085
3068_153_216_402,5,6,0.009166,0.057586,0.036077,0.051784,0.053714,0.259256,0.532417
3068_154_1430_1491,6,6,0.011546,0.030624,0.021019,0.206809,0.019982,0.009944,0.700077
3068_154_1311_1384,6,6,0.009164,0.032806,0.026037,0.20908,0.023849,0.028673,0.67039
3068_153_519_666,6,6,0.007228,0.025229,0.016539,0.113523,0.015848,0.022517,0.799116
3068_154_156_189,6,6,0.025596,0.112414,0.049858,0.107709,0.036876,0.112564,0.554982
3068_153_1029_1118,5,3,0.006893,0.008972,0.003859,0.702083,0.026326,0.143615,0.108253
3068_154_420_506,5,6,0.018397,0.088172,0.054259,0.049812,0.017345,0.321198,0.450816
3068_153_31_90,6,6,0.011571,0.031888,0.031076,0.124427,0.012579,0.032519,0.75594
3068_153_1494_1518,6,6,0.01199,0.039882,0.02432,0.122163,0.062096,0.023544,0.716006
3068_154_674_826,6,6,0.00883,0.060624,0.039791,0.103928,0.067859,0.01368,0.705289
3068_153_1394_1430,3,6,0.018657,0.017993,0.012923,0.160423,0.021023,0.011343,0.757638
3068_153_840_881,5,5,0.006476,0.016857,0.018724,0.015659,0.011778,0.78044,0.150067
3068_154_987_1029,6,6,0.01741,0.054399,0.04032,0.142913,0.047507,0.066339,0.631112
3064_154_104_257,6,6,0.030086,0.132266,0.055469,0.104174,0.061751,0.055131,0.561122
3064_154_1285_1318,4,6,0.017508,0.160666,0.193028,0.050946,0.090613,0.167011,0.320227
3064_154_1996_2114,5,6,0.017439,0.083574,0.08151,0.057071,0.168107,0.282949,0.30935
3064_153_1546_1682,5,5,0.025703,0.057184,0.044851,0.166597,0.059126,0.392838,0.2537
3064_154_1711_1811,6,5,0.049469,0.052921,0.03163,0.113685,0.021861,0.479372,0.251062
3064_153_1338_1470,6,4,0.028573,0.129923,0.105365,0.083186,0.431774,0.057033,0.164147
3064_153_819_954,6,4,0.04752,0.159299,0.110398,0.149887,0.419731,0.064007,0.049159
3064_154_538_638,3,2,0.011761,0.176508,0.410085,0.041629,0.090325,0.055617,0.214076
3064_154_1124_1170,6,5,0.013136,0.059885,0.065565,0.022496,0.022522,0.574811,0.241585
3064_153_1041_1107,6,6,0.028227,0.172277,0.09612,0.082279,0.115645,0.056371,0.449082
3064_154_330_425,6,6,0.015283,0.173888,0.081638,0.076185,0.045507,0.045571,0.561929
3064_153_442_526,6,6,0.019379,0.04976,0.042375,0.381985,0.034611,0.012768,0.459121
3064_153_31_90,6,6,0.02297,0.04981,0.126803,0.096094,0.051465,0.187278,0.465579
3064_154_1487_1536,6,6,0.019218,0.127866,0.094261,0.17747,0.12971,0.078043,0.373433
3064_153_1190_1285,6,6,0.009272,0.036439,0.178698,0.069253,0.066718,0.267109,0.37251
3064_153_1825_1970,6,6,0.030143,0.113942,0.069418,0.161557,0.053358,0.263284,0.308298
3064_153_652_728,6,3,0.014858,0.040367,0.022445,0.736772,0.038502,0.042009,0.105045
3064_154_740_811,4,6,0.018946,0.024578,0.075646,0.196031,0.048219,0.120323,0.516257
3064_154_961_1033,4,6,0.018265,0.081838,0.042803,0.362086,0.032411,0.047192,0.415407
3064_153_272_330,6,6,0.012785,0.030626,0.050842,0.091951,0.012396,0.279854,0.521546
3070_153_31_162,6,3,0.013008,0.024233,0.04208,0.486235,0.064282,0.156746,0.213417
3070_153_1241_1446,6,6,0.011882,0.041181,0.045489,0.091046,0.054811,0.116019,0.639573
3070_153_1878_2145,3,6,0.021694,0.040495,0.084356,0.341022,0.130447,0.029326,0.352661
3070_154_1459_1730,5,6,0.012333,0.11744,0.157573,0.0467,0.091368,0.109489,0.465097
3070_153_1748_1805,5,5,0.019688,0.048023,0.038336,0.038595,0.097085,0.494188,0.264084
3070_154_923_968,6,6,0.027779,0.172029,0.129928,0.032373,0.216383,0.091668,0.32984
3070_154_182_223,3,1,0.061489,0.235563,0.179789,0.078304,0.16964,0.082769,0.192446
3070_154_459_643,5,3,0.024325,0.220285,0.120419,0.233708,0.069161,0.152393,0.179709
3070_153_1048_1159,6,5,0.002849,0.01574,0.020023,0.011102,0.022083,0.829427,0.098775
3070_153_259_448,6,5,0.023719,0.029293,0.012462,0.117156,0.04771,0.731408,0.038252
3070_153_643_892,6,6,0.024751,0.080552,0.080111,0.199094,0.242968,0.109258,0.263266
3070_154_1828_1849,6,6,0.013662,0.074528,0.071561,0.062086,0.159453,0.015323,0.603386
3070_154_1196_1216,6,6,0.027344,0.216131,0.121198,0.023489,0.267997,0.021603,0.322238
3070_154_2145_2213,6,6,0.013641,0.03966,0.064301,0.327044,0.150473,0.013484,0.391397
3074_154_1293_1357,1,6,0.009913,0.046528,0.1807,0.127553,0.055663,0.073433,0.506211
3074_153_1111_1270,4,6,0.011004,0.035048,0.062492,0.380278,0.027454,0.015722,0.468001
3074_154_1632_1766,1,3,0.043256,0.156432,0.077763,0.360545,0.099043,0.122724,0.140238
3074_154_184_305,3,6,0.008992,0.034838,0.049198,0.191453,0.038254,0.105752,0.571514
3074_153_1784_1852,4,3,0.01084,0.024663,0.045081,0.662564,0.049643,0.011941,0.195268
3074_153_1385_1551,3,6,0.014585,0.034885,0.030548,0.339814,0.02784,0.051018,0.50131
3074_153_701_953,3,3,0.008277,0.011669,0.044182,0.638995,0.009467,0.020845,0.266566
3074_154_444_626,3,6,0.010811,0.101824,0.127453,0.272937,0.045496,0.054544,0.386935
3074_154_1010_1083,3,6,0.011181,0.021656,0.040278,0.149017,0.01131,0.339743,0.426816
3074_153_348_406,3,3,0.012342,0.020884,0.033092,0.415155,0.016904,0.107166,0.394457
3071_153_31_209,3,6,0.024741,0.035765,0.037115,0.332826,0.150163,0.056201,0.36319
3071_153_1043_1308,1,0,0.498573,0.269274,0.011626,0.049066,0.087259,0.060623,0.023579
3071_153_1573_1707,3,3,0.010513,0.055251,0.048882,0.680132,0.032134,0.02188,0.151208
3071_154_209_389,3,3,0.059072,0.156665,0.017409,0.543523,0.052451,0.071849,0.09903
3071_153_897_975,1,1,0.221936,0.550384,0.032665,0.027039,0.09243,0.031581,0.043965
3071_154_1326_1397,3,3,0.026305,0.024102,0.013596,0.647489,0.014637,0.028339,0.245533
3071_154_499_637,1,6,0.096569,0.182469,0.045818,0.255724,0.081101,0.054319,0.284
3071_153_409_478,3,3,0.008602,0.01048,0.023518,0.472932,0.018983,0.032849,0.432636
3071_154_1473_1573,3,6,0.011754,0.04688,0.052791,0.094545,0.025249,0.064521,0.70426
3071_154_725_881,0,0,0.634555,0.225043,0.012299,0.024665,0.034397,0.034146,0.034895
3071_153_651_709,1,1,0.246767,0.505241,0.02281,0.037939,0.070025,0.040243,0.076977
3071_153_1419_1438,3,3,0.018098,0.021618,0.028527,0.729911,0.028267,0.033693,0.139886
3071_154_982_1009,3,6,0.040279,0.075208,0.02059,0.38546,0.034715,0.00918,0.434567
3071_154_1707_1746,3,3,0.072347,0.103788,0.024702,0.567571,0.039617,0.024461,0.167513
3067_153_110_140,6,5,0.009264,0.030855,0.032373,0.013428,0.028924,0.618932,0.266225
3067_154_1268_1376,4,1,0.093049,0.552353,0.050362,0.100955,0.141208,0.020131,0.041943
3067_153_1173_1255,4,3,0.033413,0.120262,0.069161,0.55975,0.113229,0.048652,0.055534
3067_153_194_255,3,5,0.008829,0.035019,0.024243,0.046141,0.06817,0.80745,0.010148
3067_153_1396_1528,6,3,0.019417,0.119726,0.052082,0.421088,0.177493,0.015217,0.194977
3067_153_867_944,3,3,0.015417,0.0469,0.045063,0.617876,0.02812,0.20938,0.037244
3067_154_581_683,3,3,0.019636,0.06128,0.032318,0.571011,0.036754,0.214151,0.064851
3067_154_152_184,6,6,0.029205,0.060176,0.057433,0.241904,0.028413,0.109079,0.47379
3067_154_1088_1132,4,4,0.10972,0.258397,0.050586,0.219898,0.295876,0.021352,0.044171
3067_154_255_340,3,3,0.016042,0.035798,0.013118,0.750287,0.018418,0.156313,0.010024
3067_153_1008_1056,3,3,0.011908,0.024145,0.028023,0.82624,0.039674,0.060871,0.009138
3067_154_31_88,3,5,0.012298,0.036874,0.027698,0.14342,0.031935,0.685098,0.062676
3067_154_436_453,3,1,0.058236,0.282371,0.103291,0.228145,0.124842,0.133717,0.069399
3067_154_823_854,5,3,0.021558,0.049749,0.038227,0.581633,0.021317,0.157393,0.130123
3067_153_703_781,3,3,0.011875,0.014008,0.048666,0.767582,0.071104,0.066783,0.019981
3067_153_384_425,4,5,0.011358,0.091685,0.255284,0.051969,0.097441,0.452004,0.040259
3067_154_1557_1606,4,4,0.041649,0.279253,0.056146,0.033937,0.546941,0.009487,0.032587
3067_153_479_581,3,5,0.006434,0.010691,0.017723,0.446341,0.019726,0.494534,0.004552
3067_154_962_991,3,3,0.009579,0.012238,0.012844,0.875485,0.016552,0.06309,0.010213
3077_153_1173_1346,4,1,0.267917,0.344444,0.06062,0.016409,0.272408,0.018123,0.020078
3077_153_214_344,0,0,0.408056,0.332447,0.022288,0.048919,0.104249,0.031425,0.052616
3077_153_1723_1950,4,4,0.109496,0.242523,0.137952,0.028497,0.409088,0.033167,0.039278
3077_154_1460_1644,4,4,0.045242,0.246662,0.201962,0.050444,0.341012,0.034168,0.08051
3077_154_31_122,1,1,0.210425,0.360833,0.042116,0.013548,0.111885,0.168395,0.092798
3077_154_920_1043,4,1,0.131736,0.385527,0.095356,0.035738,0.089112,0.045985,0.216546
3077_154_370_628,1,1,0.304273,0.470624,0.023163,0.032852,0.082279,0.022718,0.064091
3077_153_2066_2173,6,6,0.01743,0.058061,0.061143,0.262728,0.084249,0.025851,0.490539
3077_153_681_911,4,0,0.591469,0.244278,0.017915,0.018014,0.048067,0.060991,0.019266
3077_154_2002_2040,6,6,0.017351,0.02664,0.068611,0.081312,0.040734,0.208545,0.556808
3076_153_1436_1493,0,4,0.142722,0.272639,0.055976,0.048855,0.385581,0.062465,0.031762
3076_154_853_969,1,0,0.339249,0.32283,0.026686,0.023284,0.08271,0.165706,0.039535
3076_153_167_254,2,1,0.060297,0.294255,0.145479,0.051944,0.22947,0.094796,0.12376
3076_154_568_625,0,0,0.337987,0.320054,0.022689,0.038638,0.027918,0.073522,0.179193
3076_153_1082_1139,0,5,0.025584,0.05324,0.035277,0.108169,0.052438,0.547329,0.177963
3076_153_470_502,0,1,0.219857,0.322631,0.040293,0.051811,0.140252,0.056975,0.168182
3076_154_31_115,4,4,0.011569,0.254369,0.198539,0.010435,0.358074,0.017798,0.149215
3076_154_1186_1285,6,1,0.340829,0.359813,0.071905,0.007846,0.114705,0.084565,0.020337
3076_153_659_827,0,0,0.58305,0.272795,0.023891,0.012272,0.048107,0.042967,0.016918
3076_154_335_369,1,6,0.139693,0.21702,0.096334,0.016894,0.101599,0.166932,0.261529
3075_154_1157_1187,6,5,0.068706,0.208665,0.1937,0.022744,0.027365,0.378919,0.099901
3075_154_1606_1689,0,1,0.130037,0.60808,0.071981,0.015142,0.061485,0.018681,0.094594
3075_153_1767_1929,4,6,0.026357,0.070064,0.148017,0.094532,0.165521,0.239007,0.256502
3075_154_1298_1496,6,6,0.063086,0.216437,0.117791,0.042164,0.052125,0.040989,0.467408
3075_153_782_949,0,2,0.0876,0.2288,0.257447,0.029828,0.202855,0.086668,0.106802
3075_153_138_239,6,4,0.115176,0.127598,0.183628,0.042356,0.301376,0.146355,0.08351
3075_153_479_657,6,1,0.153518,0.304057,0.17294,0.016495,0.272395,0.037174,0.043422
3075_154_31_69,6,6,0.023779,0.043809,0.078304,0.178216,0.062109,0.125077,0.488706
3075_153_1242_1266,6,6,0.016129,0.045968,0.06087,0.145776,0.074838,0.046331,0.610087
3075_154_681_745,1,1,0.063182,0.259908,0.174123,0.027028,0.059988,0.209205,0.206567
3075_154_362_407,6,6,0.049673,0.156453,0.126803,0.061158,0.077338,0.252713,0.27586
3075_153_1571_1606,4,6,0.010693,0.023785,0.046676,0.272978,0.020089,0.012092,0.613689
3075_154_1940_1991,6,1,0.133166,0.617203,0.080989,0.018574,0.068372,0.016566,0.065128
3079_154_1183_1451,5,3,0.059245,0.02112,0.019966,0.48931,0.116219,0.251108,0.043031
3079_154_850_989,5,5,0.076024,0.100565,0.067449,0.158662,0.04225,0.393078,0.161973
3079_154_141_240,5,5,0.022715,0.04002,0.043046,0.055871,0.052863,0.415142,0.370344
3079_153_467_745,3,3,0.00881,0.007406,0.014809,0.811217,0.040893,0.043142,0.073723
3079_153_1005_1183,3,3,0.10724,0.060928,0.063144,0.499713,0.058157,0.098012,0.112805
3079_154_31_82,6,5,0.01167,0.016885,0.028626,0.057323,0.01063,0.66085,0.214017
3079_153_1476_1588,3,3,0.013794,0.025378,0.0594,0.716885,0.039124,0.010476,0.134943
3079_154_347_431,5,0,0.273036,0.120456,0.040061,0.135873,0.067703,0.232862,0.13001
3079_154_1588_1618,3,3,0.106718,0.065012,0.023439,0.608165,0.029421,0.030129,0.137116
3079_154_762_789,3,5,0.015756,0.021762,0.017684,0.103577,0.02072,0.599684,0.220816
3079_153_268_332,3,3,0.008295,0.015078,0.02075,0.589034,0.015143,0.006215,0.345485
3078_153_69_149,5,5,0.009622,0.007319,0.02599,0.204838,0.024202,0.662703,0.065325
3078_153_1218_1311,5,5,0.007402,0.010197,0.016344,0.054178,0.025188,0.841525,0.045165
3078_154_1148_1194,6,6,0.030702,0.079494,0.0227,0.193149,0.034166,0.024506,0.615284
3078_154_707_967,5,5,0.028967,0.022596,0.009255,0.20679,0.08069,0.601283,0.050418
3078_154_149_250,3,5,0.183581,0.038758,0.017501,0.148913,0.038107,0.544122,0.029018
3078_154_1326_1400,3,5,0.206354,0.136765,0.077633,0.06739,0.051898,0.398013,0.061948
3078_154_443_627,5,5,0.118539,0.035828,0.010314,0.026037,0.02721,0.775091,0.006981
3078_153_1015_1133,5,5,0.019394,0.016583,0.027434,0.160825,0.02613,0.697189,0.052445
3078_153_272_423,3,3,0.02512,0.017957,0.01931,0.659591,0.084241,0.074942,0.118839
3078_154_31_69,5,5,0.019325,0.013686,0.012624,0.049607,0.019192,0.841488,0.044078
3078_153_652_707,3,6,0.019385,0.06058,0.058785,0.233068,0.057307,0.019639,0.551236
3078_153_1424_1452,3,6,0.027953,0.084916,0.079516,0.261591,0.139159,0.136022,0.270843
3080_153_116_211,1,3,0.013375,0.040666,0.032924,0.584514,0.036538,0.020015,0.271968
3080_154_1212_1349,3,3,0.027751,0.03492,0.0277,0.494334,0.025001,0.090741,0.299554
3080_153_1979_2057,6,2,0.019024,0.056814,0.517392,0.11247,0.221457,0.025247,0.047596
3080_153_1593_1768,1,3,0.022489,0.059107,0.165276,0.297038,0.10229,0.198821,0.154979
3080_154_213_310,5,6,0.046334,0.076145,0.029213,0.201957,0.026106,0.279425,0.34082
3080_154_1789_1954,5,5,0.029098,0.062114,0.060544,0.22111,0.106414,0.326187,0.194533
3080_154_1401_1564,6,6,0.008039,0.025258,0.050614,0.367496,0.026951,0.040985,0.480658
3080_153_2181_2238,6,3,0.00712,0.005749,0.017429,0.65161,0.036379,0.267836,0.013877
3080_153_789_948,6,3,0.014256,0.035398,0.01778,0.709174,0.028095,0.011145,0.184153
3080_153_519_685,1,1,0.108172,0.248198,0.057739,0.178163,0.196225,0.081053,0.130451
3080_154_2057_2153,5,6,0.012801,0.048902,0.069897,0.313164,0.044936,0.054019,0.456282
3080_154_31_96,6,6,0.008045,0.010342,0.022037,0.353703,0.014313,0.026992,0.564567
3080_154_436_455,5,5,0.021523,0.038524,0.017087,0.015774,0.019657,0.767679,0.119755
3080_154_696_747,3,6,0.036719,0.181603,0.046597,0.20521,0.047139,0.116968,0.365765
3080_153_351_423,6,3,0.00711,0.018609,0.025081,0.497279,0.019516,0.012005,0.4204
3080_154_959_991,6,5,0.009734,0.010231,0.01469,0.32114,0.007697,0.423031,0.213477
3322_167_2476_2596,4,2,0.023434,0.091726,0.340617,0.105608,0.235011,0.009908,0.193697
3322_168_86_146,3,5,0.018659,0.020678,0.031514,0.103906,0.022469,0.627309,0.175465
3322_167_901_1329,3,6,0.065269,0.145678,0.059769,0.172883,0.228735,0.077496,0.250171
3322_167_1903_2298,3,4,0.034538,0.135501,0.199763,0.112609,0.262526,0.036609,0.218454
3322_167_1539_1809,5,3,0.034629,0.033858,0.025134,0.647676,0.144609,0.074266,0.039828
3322_167_171_261,5,5,0.047437,0.07988,0.245332,0.073778,0.141281,0.246396,0.165897
3322_168_1420_1461,3,4,0.015996,0.044866,0.12653,0.086723,0.421008,0.172928,0.131949
3322_168_581_685,3,6,0.01494,0.137751,0.132289,0.072022,0.284027,0.016665,0.342305
3322_168_2330_2436,5,3,0.017523,0.028844,0.025176,0.726971,0.129617,0.017414,0.054454
3322_168_312_396,5,6,0.018152,0.057991,0.130188,0.242838,0.095969,0.17512,0.279742
3322_167_426_531,3,5,0.023485,0.018444,0.024009,0.042555,0.018984,0.8352,0.037324
3322_168_821_866,3,5,0.01741,0.033434,0.038865,0.022531,0.026454,0.764577,0.096729
3322_167_716_769,5,6,0.025441,0.037637,0.158597,0.166466,0.10176,0.144752,0.365347
3322_168_1866_1875,5,5,0.011914,0.023425,0.020415,0.040296,0.023207,0.715103,0.16564
3322_167_31_46,5,5,0.023231,0.023847,0.048134,0.06195,0.027917,0.584075,0.230847
3328_167_1128_1561,3,3,0.092064,0.160576,0.070442,0.338779,0.153383,0.046508,0.138248
3328_167_1867_2070,3,3,0.089655,0.105662,0.085272,0.26611,0.058887,0.190366,0.204048
3328_168_1600_1849,3,3,0.080077,0.199405,0.0699,0.303247,0.151775,0.017269,0.178328
3328_167_2157_2243,3,1,0.097742,0.301145,0.063956,0.10812,0.095432,0.051892,0.281713
3328_168_936_1114,3,3,0.013639,0.010279,0.018453,0.477206,0.385866,0.046707,0.047851
3328_168_151_245,5,1,0.095773,0.252007,0.056233,0.073229,0.226393,0.091852,0.204513
3328_168_2276_2395,3,3,0.022488,0.060757,0.076869,0.642192,0.086481,0.011354,0.09986
3328_167_316_596,3,3,0.020185,0.028639,0.02033,0.598408,0.106657,0.024145,0.201636
3328_168_635_773,4,4,0.046404,0.208341,0.065755,0.133032,0.412615,0.038377,0.095476
3328_167_790_907,3,6,0.070456,0.105678,0.063536,0.307585,0.076711,0.037375,0.338659
3328_167_2395_2425,3,3,0.110445,0.025267,0.02889,0.594865,0.046762,0.152169,0.041603
3328_168_2100_2118,5,6,0.013737,0.057999,0.054154,0.146476,0.073601,0.011998,0.642035
3328_167_31_49,3,3,0.255567,0.03465,0.064683,0.319337,0.054431,0.244933,0.0264
3323_168_1219_1464,1,6,0.051164,0.232385,0.074456,0.11872,0.130049,0.076764,0.316461
3323_168_144_276,5,5,0.01756,0.052164,0.045062,0.096041,0.048334,0.707082,0.033757
3323_167_1704_1877,4,1,0.138056,0.326741,0.0297,0.22582,0.217949,0.032794,0.02894
3323_168_724_955,0,1,0.264152,0.478025,0.024171,0.011253,0.173289,0.019772,0.029338
3323_168_2224_2399,3,3,0.013711,0.037291,0.012113,0.64133,0.055403,0.01205,0.228101
3323_168_379_614,3,4,0.048726,0.251054,0.088806,0.124922,0.326042,0.044172,0.116277
3323_167_1027_1149,4,5,0.022055,0.05002,0.047369,0.259121,0.095901,0.285855,0.239678
3323_167_2053_2109,1,1,0.170207,0.29375,0.106895,0.103071,0.06845,0.093777,0.16385
3323_167_287_346,3,3,0.022817,0.027623,0.022469,0.510878,0.035665,0.193769,0.186778
3323_167_31_97,3,3,0.017521,0.016112,0.054102,0.46875,0.027453,0.091357,0.324706
3323_167_1504_1542,3,6,0.144506,0.20393,0.083779,0.087085,0.054303,0.149898,0.276499
3323_168_2492_2566,3,6,0.057338,0.259066,0.036719,0.151046,0.148666,0.076463,0.270702
3323_167_2407_2473,3,3,0.028908,0.03481,0.031412,0.491345,0.081746,0.156303,0.175475
3323_167_652_678,4,6,0.015743,0.124374,0.111279,0.137872,0.194545,0.07591,0.340276
3323_168_2114_2140,0,1,0.070647,0.271279,0.051047,0.16435,0.199006,0.017247,0.226423
3323_168_1914_1984,1,1,0.0711,0.314202,0.112234,0.025501,0.218409,0.052732,0.205821
3323_168_1556_1602,0,1,0.381085,0.502434,0.013663,0.028888,0.032878,0.011151,0.0299
3323_167_2156_2169,4,3,0.034456,0.05121,0.046036,0.355674,0.05018,0.13186,0.330586
3326_168_115_128,0,6,0.059693,0.127791,0.096007,0.078687,0.067387,0.109234,0.461201
3326_168_1096_1326,0,4,0.05629,0.336511,0.184799,0.008555,0.348409,0.017688,0.047747
3326_168_1933_2178,0,1,0.109065,0.286666,0.042015,0.170189,0.081829,0.258676,0.05156
3326_167_1790_1920,1,5,0.183661,0.221868,0.04691,0.023222,0.037105,0.446635,0.040599
3326_167_1346_1674,1,0,0.447708,0.415404,0.02899,0.008731,0.056775,0.030339,0.012053
3326_167_917_1079,0,0,0.401395,0.400732,0.020074,0.012414,0.083684,0.043832,0.037869
3326_167_133_225,1,3,0.056368,0.169906,0.075152,0.415172,0.068547,0.03154,0.183315
3326_167_570_720,1,1,0.135406,0.551263,0.0804,0.011693,0.145055,0.034179,0.042005
3326_168_1693_1781,0,1,0.17544,0.565708,0.02789,0.035715,0.08674,0.073021,0.035487
3326_167_278_374,0,0,0.622055,0.126879,0.013699,0.015942,0.014806,0.192992,0.013626
3326_168_415_523,0,2,0.016017,0.051242,0.363649,0.132344,0.270058,0.020117,0.146574
3326_168_753_894,1,2,0.039996,0.215805,0.325497,0.015904,0.293313,0.019022,0.090463
3326_167_60_110,3,3,0.013704,0.172649,0.112677,0.395154,0.136805,0.070398,0.098613
3326_168_230_250,1,6,0.101399,0.140201,0.086599,0.133222,0.058478,0.096544,0.383556
3326_168_31_50,0,6,0.038027,0.123366,0.131799,0.03862,0.110351,0.104523,0.453314
3327_167_31_139,5,6,0.040683,0.155018,0.131841,0.033673,0.165139,0.137785,0.335861
3327_168_1271_1444,1,1,0.101473,0.289475,0.064418,0.230645,0.109692,0.018955,0.185343
3327_167_1085_1203,4,4,0.035648,0.210948,0.17306,0.012168,0.389029,0.083798,0.095349
3327_168_1633_1683,5,6,0.029855,0.091028,0.074896,0.12513,0.055159,0.297916,0.326017
3327_168_161_279,1,5,0.01884,0.059489,0.050715,0.023845,0.044198,0.732809,0.070104
3327_167_1707_1813,5,6,0.022134,0.095918,0.061813,0.053711,0.088544,0.256011,0.421869
3327_167_926_959,4,6,0.050754,0.116632,0.056954,0.078802,0.050694,0.024994,0.62117
3327_167_493_719,0,4,0.118154,0.359067,0.033024,0.04015,0.389814,0.017332,0.042458
3327_168_2048_2070,1,1,0.063577,0.295142,0.117988,0.092636,0.277251,0.038967,0.114439
3327_168_981_1041,1,5,0.01447,0.032017,0.103979,0.060431,0.094623,0.495701,0.198779
3327_167_1471_1535,5,6,0.064163,0.131478,0.076301,0.144167,0.10482,0.169101,0.309969
3327_168_779_858,1,1,0.153119,0.576166,0.025578,0.02525,0.165399,0.02888,0.025608
3327_168_1826_1912,1,3,0.027174,0.086948,0.030879,0.520837,0.080103,0.126177,0.127881
3327_167_336_402,1,1,0.03456,0.306655,0.078622,0.034018,0.252736,0.036342,0.257067
3327_167_1938_2033,3,6,0.028102,0.105354,0.049251,0.100016,0.068626,0.020497,0.628155
3327_168_425_431,1,1,0.104793,0.274757,0.139006,0.036942,0.155576,0.136959,0.151967
3321_168_2356_2506,0,1,0.101422,0.368384,0.061445,0.070078,0.118196,0.178622,0.101853
3321_167_1276_1508,3,3,0.007206,0.005679,0.007739,0.905872,0.038527,0.009388,0.025589
3321_168_1156_1236,6,4,0.032535,0.1641,0.102514,0.150418,0.319302,0.018028,0.213101
3321_167_219_281,2,4,0.046024,0.14753,0.108549,0.032692,0.478879,0.076867,0.109459
3321_167_2876_2984,3,3,0.012143,0.023152,0.009667,0.745376,0.064349,0.026293,0.119019
3321_168_2656_2861,6,6,0.074119,0.1713,0.13323,0.133389,0.177321,0.083355,0.227286
3321_167_873_931,4,4,0.037147,0.163956,0.109867,0.064343,0.458717,0.029357,0.136614
3321_168_178_189,6,5,0.059827,0.15681,0.080746,0.048172,0.179088,0.289271,0.186085
3321_167_1056_1132,5,0,0.471425,0.235593,0.040466,0.03213,0.063035,0.126275,0.031077
3321_168_1746_1928,1,4,0.077602,0.33636,0.023104,0.062331,0.477001,0.007681,0.015921
3321_168_619_682,5,5,0.010476,0.022597,0.019049,0.015087,0.018957,0.855714,0.058119
3321_167_2136_2316,2,4,0.060546,0.121459,0.275704,0.030667,0.409359,0.044356,0.057908
3321_167_31_121,2,4,0.023238,0.10022,0.216122,0.055284,0.305353,0.137372,0.16241
3321_167_720_751,2,6,0.010404,0.042457,0.070456,0.104331,0.036935,0.057987,0.677431
3321_168_2041_2069,3,3,0.035306,0.168161,0.05019,0.564308,0.096413,0.029656,0.055967
3321_167_454_573,2,2,0.023384,0.086742,0.379127,0.064887,0.232744,0.051442,0.161674
3321_168_983_1006,1,5,0.117909,0.131963,0.028907,0.039286,0.021384,0.56872,0.091831
3321_167_2586_2596,3,6,0.024048,0.10098,0.155291,0.078011,0.203025,0.17795,0.260695
3321_168_319_371,6,1,0.069247,0.272073,0.149752,0.063912,0.198144,0.08421,0.162661
3321_167_1967_2009,6,5,0.013996,0.034785,0.029256,0.038535,0.014744,0.791314,0.07737
3321_168_786_840,0,1,0.096275,0.384857,0.029213,0.05656,0.264552,0.017972,0.15057
3321_167_1621_1653,6,6,0.077341,0.082689,0.170792,0.19958,0.065146,0.110913,0.293539
3321_168_1531_1565,6,5,0.056311,0.149737,0.069048,0.085551,0.108371,0.321541,0.209441
3330_167_31_143,0,5,0.285637,0.110589,0.026127,0.100931,0.067868,0.318084,0.090763
3330_167_1138_1305,1,0,0.617338,0.209459,0.017035,0.019121,0.039874,0.076179,0.020994
3330_168_2026_2117,1,4,0.038133,0.25023,0.16622,0.070749,0.318604,0.099039,0.057026
3330_167_1618_1724,0,0,0.700265,0.242426,0.009995,0.005245,0.019329,0.015209,0.00753
3330_167_229_347,0,0,0.593533,0.210061,0.017425,0.01881,0.027986,0.121924,0.01026
3330_168_1744_1907,1,3,0.103612,0.217387,0.048154,0.446288,0.073703,0.083379,0.027478
3330_168_1316_1466,0,0,0.545072,0.120286,0.023184,0.031851,0.024176,0.238749,0.016682
3330_167_689_986,1,5,0.183019,0.144938,0.020099,0.116923,0.067523,0.415876,0.051621
3330_168_163_218,6,5,0.051342,0.155858,0.056615,0.012642,0.058558,0.599259,0.065727
3330_168_590_668,1,1,0.137089,0.378158,0.030451,0.062588,0.075816,0.076525,0.239372
3330_168_1023_1124,0,0,0.486227,0.258281,0.028999,0.011935,0.050234,0.152965,0.011359
3330_167_468_573,4,5,0.13141,0.132092,0.047465,0.017919,0.088269,0.517316,0.065529
3330_168_363_456,1,1,0.196929,0.531128,0.040415,0.018475,0.073998,0.077272,0.061783
3330_168_1555_1595,0,1,0.278865,0.44513,0.043507,0.021918,0.082023,0.072813,0.055743
3330_167_1498_1535,1,0,0.475919,0.284761,0.02585,0.02355,0.024074,0.127357,0.03849
3330_167_1923_2004,1,3,0.029167,0.093084,0.017885,0.473196,0.022869,0.014401,0.349397
3324_167_31_146,2,0,0.534235,0.145394,0.046348,0.055972,0.034954,0.145189,0.037908
3324_168_1221_1368,3,4,0.136596,0.281334,0.08461,0.077128,0.299977,0.014829,0.105527
3324_167_1067_1199,1,0,0.806961,0.09311,0.018067,0.016771,0.030569,0.029963,0.004559
3324_168_1671_1710,1,1,0.159411,0.444347,0.060163,0.048496,0.119146,0.014999,0.153437
3324_167_221_257,4,5,0.019158,0.041211,0.083014,0.026148,0.037614,0.628906,0.163949
3324_168_877_955,1,1,0.099025,0.403667,0.069031,0.055323,0.176852,0.017044,0.179058
3324_167_431_607,1,0,0.274706,0.208143,0.086374,0.139345,0.094155,0.130105,0.067172
3324_168_181_200,1,5,0.048891,0.172808,0.079539,0.03883,0.122575,0.319775,0.217581
3324_167_325_375,4,0,0.249731,0.222397,0.101607,0.121107,0.071084,0.053421,0.180653
3324_168_625_731,1,1,0.260705,0.429087,0.060485,0.018736,0.132319,0.033831,0.064837
3324_168_1493_1536,3,1,0.13522,0.639892,0.016543,0.065665,0.118151,0.006445,0.018084
3324_168_383_419,1,1,0.129369,0.523916,0.02636,0.036677,0.185252,0.013605,0.08482
3324_167_1419_1438,1,3,0.140203,0.182328,0.069572,0.243181,0.117725,0.027181,0.219809
3324_167_738_782,2,0,0.566794,0.174343,0.040244,0.071413,0.03644,0.029857,0.080908
3324_167_1564_1611,3,3,0.011595,0.003954,0.008955,0.895687,0.031836,0.019468,0.028505
3324_167_963_995,1,0,0.463768,0.114294,0.040578,0.102818,0.03305,0.187423,0.05807
3324_168_1011_1031,1,4,0.070137,0.287636,0.083533,0.063039,0.341675,0.011037,0.142944
3324_167_1722_1730,3,3,0.054988,0.071407,0.076326,0.333412,0.073499,0.195592,0.194778
3324_168_278_316,1,1,0.104533,0.28268,0.080713,0.038192,0.125829,0.141011,0.227043
3333_168_2191_2602,3,3,0.026017,0.129445,0.060438,0.397515,0.291817,0.022071,0.072698
3333_167_1262_1351,1,1,0.101275,0.647012,0.021862,0.009258,0.166539,0.010466,0.043587
3333_168_1144_1241,1,1,0.108219,0.472077,0.021406,0.106992,0.190243,0.063034,0.038029
3333_167_241_581,4,1,0.102876,0.486246,0.054636,0.023567,0.238293,0.027807,0.066575
3333_167_1460_1735,0,1,0.095704,0.242844,0.034419,0.115208,0.108437,0.183671,0.219716
3333_167_761_1174,1,1,0.067276,0.42702,0.05267,0.00736,0.398913,0.017891,0.028871
3333_167_1819_2128,3,3,0.019237,0.02677,0.052231,0.472531,0.30005,0.059381,0.069799
3333_168_1747_1783,3,3,0.021779,0.02384,0.042377,0.678829,0.029371,0.169218,0.034586
3333_167_2621_2733,3,3,0.006307,0.004671,0.006243,0.907789,0.024613,0.017956,0.032422
3333_167_31_119,4,6,0.026184,0.049423,0.155224,0.104955,0.263487,0.110576,0.29015
3333_168_657_728,4,6,0.024434,0.236026,0.039455,0.184433,0.22879,0.016176,0.270685
3333_168_1371_1454,3,4,0.093905,0.226722,0.074221,0.042082,0.293623,0.192042,0.077404
3333_168_139_157,5,5,0.008452,0.017943,0.013515,0.009604,0.013573,0.912537,0.024377
3335_167_31_204,0,0,0.509011,0.062035,0.033092,0.040182,0.035893,0.30337,0.016418
3335_167_923_1394,1,0,0.270159,0.253844,0.07895,0.031831,0.085218,0.190831,0.089166
3335_167_1639_1754,1,6,0.071275,0.204059,0.160296,0.098552,0.10629,0.074692,0.284836
3335_168_1764_2000,1,0,0.311181,0.268143,0.120549,0.05178,0.120452,0.028061,0.099834
3335_168_1413_1625,6,4,0.214891,0.119712,0.131885,0.153031,0.258528,0.039888,0.082064
3335_167_565_737,0,0,0.498638,0.208329,0.093553,0.024585,0.079021,0.058841,0.037034
3335_167_276_466,0,0,0.471362,0.175506,0.080322,0.011883,0.041564,0.183629,0.035734
3335_168_787_914,6,4,0.046596,0.121107,0.097729,0.17886,0.440115,0.014777,0.100816
3335_168_504_551,1,2,0.026866,0.16684,0.41678,0.015855,0.10388,0.083161,0.186617
3335_167_2004_2036,0,0,0.648543,0.114929,0.018866,0.049629,0.01574,0.119922,0.032371
3335_168_214_224,5,5,0.016428,0.027281,0.019062,0.041958,0.020961,0.813021,0.061288
3332_167_2389_2517,3,3,0.006514,0.008029,0.016564,0.812303,0.031312,0.010802,0.114475
3332_168_1275_1404,6,6,0.028993,0.076582,0.09975,0.269409,0.113225,0.040813,0.371228
3332_168_1924_2072,3,6,0.019226,0.084459,0.047484,0.140517,0.126872,0.024555,0.556888
3332_167_1669_1714,2,3,0.03866,0.134624,0.064296,0.387534,0.050731,0.231091,0.093064
3332_168_1730_1808,6,1,0.058633,0.38824,0.044911,0.254389,0.129961,0.028197,0.09567
3332_167_1457_1489,2,5,0.009737,0.023285,0.016948,0.010589,0.008277,0.866795,0.06437
3332_168_749_1000,4,4,0.042301,0.251311,0.067641,0.069729,0.468916,0.007605,0.092496
3332_168_150_252,4,3,0.021039,0.082611,0.011928,0.608709,0.181263,0.014395,0.080055
3332_168_2227_2372,3,4,0.016427,0.132397,0.052321,0.080584,0.459016,0.015688,0.243566
3332_168_369_637,4,1,0.056733,0.36499,0.064918,0.180199,0.244385,0.028,0.060774
3332_167_1029_1182,3,3,0.012788,0.033238,0.025932,0.637787,0.05874,0.011336,0.220178
3332_167_270_355,3,3,0.015764,0.019219,0.019907,0.591836,0.031856,0.087158,0.23426
3332_167_31_104,3,3,0.023445,0.029631,0.037163,0.377884,0.231333,0.119724,0.180819
3332_168_1511_1650,6,6,0.024358,0.169961,0.062804,0.274901,0.092511,0.057698,0.317768
3332_167_1854_1898,2,5,0.030673,0.038241,0.039939,0.200008,0.059479,0.368405,0.263255
3332_167_655_738,4,6,0.024869,0.097533,0.066902,0.308309,0.081374,0.022239,0.398774
3332_167_2122_2207,3,3,0.016298,0.038727,0.051284,0.506413,0.045436,0.012063,0.32978
3334_168_31_147,1,1,0.160774,0.277314,0.070503,0.264009,0.097468,0.038852,0.09108
3334_168_1150_1395,1,3,0.056891,0.153726,0.044154,0.298245,0.205102,0.165045,0.076837
3334_168_2003_2136,3,3,0.047616,0.086355,0.065074,0.684001,0.058287,0.017278,0.041389
3334_168_1654_1914,3,3,0.112519,0.098901,0.058978,0.365435,0.048989,0.29037,0.024807
3334_168_232_258,1,3,0.142126,0.213337,0.06493,0.232692,0.197828,0.032678,0.116409
3334_167_1410_1644,5,0,0.330001,0.132399,0.050492,0.054335,0.070309,0.319049,0.043414
3334_167_2148_2251,1,0,0.747463,0.074763,0.043741,0.026186,0.021881,0.077487,0.008479
3334_167_880_1138,1,5,0.210337,0.112437,0.054895,0.078006,0.061454,0.455265,0.027607
3334_167_194_219,2,5,0.028865,0.072639,0.068876,0.041805,0.059048,0.546907,0.18186
3334_167_441_636,5,0,0.810688,0.104025,0.012836,0.010761,0.012974,0.045959,0.002758
3334_168_328_424,1,5,0.025499,0.036162,0.039047,0.204253,0.032423,0.44355,0.219066
3334_168_706_838,1,1,0.121131,0.295712,0.093178,0.04108,0.193308,0.165956,0.089634
3334_167_269_324,2,5,0.048576,0.086666,0.129997,0.051541,0.1163,0.49467,0.07225
3334_167_1924_1959,3,0,0.346017,0.261742,0.053709,0.073613,0.060431,0.102554,0.101934
3338_168_1250_1303,3,3,0.02241,0.057651,0.058752,0.694555,0.068387,0.059274,0.038971
3338_167_1147_1236,3,3,0.019122,0.037085,0.021199,0.737309,0.028015,0.092956,0.064314
3338_168_196_266,0,5,0.1718,0.139322,0.030204,0.013766,0.033907,0.59469,0.016312
3338_168_771_932,0,5,0.199638,0.26124,0.063805,0.02571,0.035105,0.353394,0.061109
3338_167_1324_1364,1,1,0.144723,0.274495,0.051534,0.150975,0.085094,0.110032,0.183147
3338_167_564_666,3,3,0.0147,0.028401,0.023903,0.618515,0.025176,0.036158,0.253148
3338_167_321_361,3,3,0.016334,0.028934,0.023786,0.553449,0.021566,0.020768,0.335161
3338_167_954_1059,4,2,0.026297,0.147702,0.235236,0.039964,0.103005,0.220601,0.227196
3338_167_466_492,1,3,0.046317,0.103095,0.025797,0.405708,0.098463,0.084196,0.236424
3338_167_31_64,6,3,0.01744,0.020985,0.031005,0.485952,0.033246,0.094053,0.317319
3338_168_389_448,5,5,0.005856,0.006467,0.009467,0.414265,0.012306,0.54054,0.011099
3338_168_1105_1122,5,5,0.14595,0.231056,0.082028,0.043039,0.060554,0.336699,0.100675
3338_168_82_100,1,3,0.020874,0.036909,0.012804,0.592787,0.173488,0.026479,0.136658
3338_167_716_756,1,3,0.113131,0.206532,0.025067,0.359529,0.074092,0.028605,0.193044
3338_168_506_542,0,3,0.005003,0.008525,0.004721,0.901975,0.015254,0.020703,0.04382
3338_167_136_167,5,5,0.012163,0.012559,0.012436,0.439964,0.016636,0.480462,0.025781
3338_168_687_698,5,5,0.133045,0.129947,0.03355,0.033358,0.036578,0.522402,0.11112
3343_168_1250_1350,1,1,0.058048,0.51539,0.071114,0.113293,0.143183,0.04433,0.054641
3343_167_2017_2095,3,1,0.101268,0.359889,0.046814,0.159786,0.181148,0.009848,0.141246
3343_167_1670_1799,3,1,0.292598,0.304571,0.037755,0.045108,0.125157,0.085357,0.109456
3343_168_1817_1986,0,1,0.231702,0.316301,0.028456,0.077124,0.117557,0.129856,0.099004
3343_167_1380_1476,0,5,0.018421,0.022703,0.015002,0.360646,0.062162,0.377254,0.143812
3343_168_951_968,5,3,0.013519,0.027722,0.01382,0.436923,0.040974,0.236673,0.230368
3343_167_508_660,0,6,0.067786,0.080252,0.039374,0.236289,0.036384,0.08029,0.459624
3343_167_1012_1168,3,1,0.206541,0.233496,0.054874,0.098973,0.114476,0.179139,0.1125
3343_167_141_190,3,6,0.047126,0.097842,0.031431,0.367332,0.044282,0.021796,0.390191
3343_168_317_344,1,1,0.168625,0.350814,0.054724,0.017796,0.067452,0.231947,0.108641
3343_168_401_493,1,5,0.051235,0.275176,0.063532,0.024719,0.088177,0.451612,0.045548
3343_168_1523_1630,3,6,0.03208,0.114163,0.02829,0.365387,0.05786,0.019494,0.382725
3343_167_801_878,0,3,0.112216,0.124259,0.042756,0.331291,0.043599,0.091165,0.254714
3343_168_2119_2179,1,1,0.054843,0.335126,0.105478,0.027556,0.232955,0.066883,0.177158
3343_168_713_787,1,1,0.137593,0.536975,0.022758,0.039448,0.096859,0.082077,0.084291
3343_167_2193_2217,1,6,0.070647,0.173904,0.081477,0.077938,0.100735,0.044452,0.450847
3343_167_31_52,6,0,0.256781,0.214414,0.073559,0.096349,0.062948,0.056266,0.239683
3343_168_96_103,5,1,0.129851,0.255914,0.082128,0.048971,0.129202,0.243926,0.110009
3343_167_354_371,3,6,0.025443,0.051789,0.08756,0.248637,0.08967,0.041227,0.455673
3341_167_2031_2221,3,4,0.212365,0.181457,0.033076,0.173765,0.253956,0.061655,0.083726
3341_168_1162_1263,1,1,0.098488,0.659263,0.039459,0.031107,0.130477,0.012253,0.028953
3341_167_1647_1750,6,4,0.060779,0.154059,0.181901,0.022437,0.373691,0.119662,0.087472
3341_167_252_311,4,0,0.460111,0.238897,0.031018,0.027526,0.039894,0.155527,0.047027
3341_168_1786_1976,5,5,0.386824,0.115614,0.053228,0.007931,0.036022,0.394201,0.00618
3341_167_1366_1511,6,4,0.052254,0.145894,0.135289,0.034531,0.368503,0.079498,0.184031
3341_167_31_122,6,6,0.046604,0.085992,0.053822,0.244079,0.128958,0.038237,0.402308
3341_168_862_977,1,1,0.067875,0.541011,0.0639,0.038925,0.207524,0.037874,0.042891
3341_168_181_239,1,1,0.216456,0.444504,0.101003,0.032005,0.108434,0.056176,0.041422
3341_167_541_649,5,5,0.010546,0.042075,0.05208,0.047939,0.047737,0.724352,0.075271
3341_167_996_1098,3,3,0.088402,0.141112,0.029104,0.334089,0.077506,0.020164,0.309623
3341_168_341_518,0,1,0.057376,0.393264,0.239542,0.030297,0.226133,0.029294,0.024094
3341_167_2433_2457,6,3,0.106214,0.251517,0.022821,0.351525,0.082869,0.028902,0.156152
3341_167_772_846,3,1,0.140132,0.373953,0.019887,0.209323,0.146701,0.017599,0.092405
3341_168_674_740,1,1,0.127559,0.42548,0.059412,0.029065,0.103939,0.088354,0.166192
3341_168_1544_1622,6,5,0.016173,0.069742,0.060383,0.006854,0.093174,0.696414,0.05726
3341_168_2381_2421,1,2,0.018922,0.050051,0.578576,0.015468,0.226167,0.022781,0.088035
3344_167_31_136,3,6,0.033024,0.085243,0.090806,0.162877,0.087209,0.104276,0.436566
3344_167_2044_2095,1,3,0.011949,0.019331,0.010505,0.684994,0.161106,0.010227,0.101888
3344_167_1179_1205,1,1,0.120621,0.351798,0.087296,0.050916,0.184297,0.027301,0.177772
3344_168_1481_1724,0,6,0.066217,0.165523,0.053195,0.059213,0.204355,0.185108,0.266388
3344_167_1743_1823,1,5,0.176945,0.210836,0.058404,0.048148,0.104923,0.212432,0.188312
3344_167_1311_1470,1,1,0.239088,0.268401,0.033107,0.076646,0.202196,0.091981,0.088581
3344_168_912_950,1,1,0.069991,0.338458,0.050864,0.244736,0.196563,0.0218,0.077588
3344_168_171_240,1,4,0.0327,0.230396,0.131223,0.032974,0.306073,0.044691,0.221943
3344_168_590_797,1,1,0.084987,0.42075,0.070566,0.048033,0.301973,0.04071,0.03298
3344_168_1084_1158,1,3,0.040088,0.123445,0.073816,0.588639,0.095096,0.039786,0.03913
3344_167_267_334,2,4,0.030923,0.113195,0.30591,0.02504,0.322702,0.050056,0.152174
3344_167_989_1062,1,4,0.164627,0.309305,0.02829,0.043077,0.360368,0.032002,0.06233
3344_167_425_576,2,1,0.238925,0.424975,0.049522,0.012907,0.144271,0.064028,0.065372
3344_168_1229_1288,1,1,0.16154,0.523832,0.034056,0.070196,0.101106,0.035913,0.073357
3344_167_807_883,1,5,0.218385,0.176517,0.012278,0.088762,0.029213,0.459355,0.015489
3344_168_1885_1914,1,6,0.054514,0.177576,0.035612,0.099153,0.075211,0.046141,0.511793
3344_168_376_400,1,1,0.111092,0.507797,0.091268,0.028684,0.108683,0.082268,0.070207
3340_167_1241_1386,1,1,0.332351,0.464473,0.013275,0.01475,0.069092,0.085141,0.020917
3340_168_1124_1218,1,1,0.125669,0.265283,0.079368,0.145198,0.145216,0.078456,0.160811
3340_167_1533_1708,1,3,0.068307,0.096566,0.012265,0.452397,0.20369,0.075432,0.091344
3340_167_228_262,0,1,0.318966,0.456279,0.028129,0.008205,0.067389,0.095278,0.025753
3340_168_1726_1894,0,1,0.16343,0.365209,0.019039,0.106821,0.173208,0.045885,0.126408
3340_168_1401_1520,1,5,0.049612,0.138308,0.032831,0.039533,0.031361,0.558544,0.149812
3340_167_853_962,2,5,0.040112,0.14291,0.141862,0.170947,0.119814,0.286524,0.097831
3340_168_180_211,0,6,0.048032,0.104918,0.058075,0.073426,0.06297,0.173409,0.479169
3340_168_574_632,1,1,0.175809,0.259388,0.025343,0.186121,0.101784,0.21737,0.034184
3340_168_276_350,0,0,0.312571,0.203081,0.077503,0.090959,0.049135,0.169981,0.09677
3340_167_364_541,2,5,0.057309,0.084919,0.016683,0.015225,0.044153,0.744185,0.037527
3340_168_31_90,4,5,0.178006,0.204697,0.045615,0.065535,0.047368,0.345454,0.113324
3340_168_696_826,0,5,0.081294,0.229842,0.051148,0.079953,0.04246,0.430438,0.084864
3340_167_651_691,0,6,0.102413,0.247892,0.041155,0.152388,0.102983,0.036061,0.317109
3340_168_973_997,1,5,0.084065,0.096001,0.032263,0.14319,0.04485,0.536078,0.063552
3340_167_140_144,2,1,0.068313,0.255294,0.113128,0.03543,0.248487,0.061084,0.218264
3340_167_1929_2010,0,0,0.660059,0.264087,0.005368,0.028866,0.020957,0.011986,0.008678
3340_167_1042_1081,2,4,0.096412,0.274778,0.110231,0.090765,0.278791,0.01491,0.134112
3342_167_1296_1560,0,5,0.131559,0.124206,0.014387,0.075474,0.089443,0.524855,0.040075
3342_168_1033_1270,0,1,0.233898,0.396835,0.055721,0.049902,0.081978,0.103929,0.077738
3342_167_1670_1733,4,1,0.118438,0.313346,0.020862,0.220151,0.105532,0.02809,0.193582
3342_167_235_370,0,0,0.653391,0.145936,0.005687,0.011637,0.029761,0.14799,0.005597
3342_168_931_983,0,1,0.330761,0.465127,0.022746,0.020999,0.059057,0.041306,0.060005
3342_168_188_204,3,6,0.043074,0.114344,0.026223,0.157585,0.060364,0.08987,0.508539
3342_168_563_709,0,0,0.59648,0.288314,0.010679,0.013797,0.022156,0.054021,0.014554
3342_167_460_553,0,0,0.513771,0.284376,0.023634,0.018882,0.03968,0.096711,0.022946
3342_167_31_84,5,5,0.110206,0.12605,0.051923,0.047821,0.059004,0.379492,0.225504
3342_168_416_450,5,1,0.202274,0.345218,0.018213,0.137834,0.071543,0.03149,0.193427
3342_168_752_843,5,1,0.363809,0.453524,0.043233,0.014746,0.043161,0.04227,0.039257
3342_168_107_119,3,6,0.061565,0.16995,0.05478,0.116587,0.103363,0.066503,0.427252
3342_167_720_747,1,1,0.210979,0.264903,0.024032,0.090765,0.083417,0.140112,0.185791
3342_168_1600_1661,0,6,0.02565,0.141322,0.122738,0.239375,0.134614,0.008279,0.328021
3342_167_863_906,0,0,0.492036,0.245314,0.037854,0.01232,0.029893,0.13093,0.051653
3342_167_138_158,5,5,0.133181,0.079894,0.046679,0.033595,0.030948,0.565644,0.110058
3342_167_999_1019,0,5,0.049099,0.047489,0.030459,0.03945,0.025649,0.581622,0.226233
3337_168_2271_2533,5,1,0.10021,0.30225,0.094576,0.063157,0.116445,0.165607,0.157754
3337_168_31_147,0,5,0.197613,0.245845,0.063515,0.015004,0.041086,0.403322,0.033615
3337_168_197_261,0,1,0.215884,0.424525,0.043049,0.077114,0.08963,0.099503,0.050296
3337_168_2630_2930,3,3,0.027239,0.069693,0.024116,0.75171,0.055204,0.027456,0.044582
3337_167_1450_1500,3,3,0.014417,0.013482,0.010899,0.651059,0.01478,0.288125,0.007238
3337_167_1556_2585,4,3,0.019722,0.122831,0.203008,0.264465,0.14783,0.107866,0.134278
3337_168_812_1018,1,1,0.144007,0.453735,0.062134,0.022204,0.093015,0.159831,0.065075
3337_168_1347_1424,0,1,0.094145,0.280202,0.03263,0.153004,0.167164,0.029715,0.243139
3337_168_1131_1147,5,6,0.061939,0.163741,0.034128,0.136278,0.107726,0.046959,0.449228
3337_167_160_188,5,6,0.050968,0.187272,0.114944,0.023258,0.20388,0.192021,0.227659
3337_167_1068_1120,3,6,0.023592,0.074078,0.07981,0.114947,0.055428,0.247225,0.404919
3337_168_1510_1751,3,3,0.071572,0.195147,0.061508,0.453568,0.105092,0.064911,0.0482
3337_167_572_608,5,4,0.028864,0.264253,0.122945,0.005985,0.346216,0.075958,0.15578
3337_167_1205_1285,3,1,0.157593,0.261435,0.03629,0.175495,0.070759,0.186758,0.111669
3337_167_2084_2137,4,1,0.192841,0.493055,0.045099,0.042658,0.133469,0.043267,0.04961
3337_168_1900_2054,4,1,0.064418,0.419034,0.068614,0.248429,0.113438,0.027178,0.058889
3337_168_656_722,1,1,0.105128,0.53457,0.030449,0.138457,0.130517,0.016976,0.043902
3337_167_1781_1887,4,6,0.01121,0.131113,0.061168,0.098183,0.034378,0.031635,0.632313
3337_167_346_457,4,2,0.02835,0.217241,0.343936,0.009273,0.250441,0.113099,0.03766
3337_168_477_498,1,5,0.009695,0.035177,0.025808,0.006251,0.013291,0.852595,0.057184
3337_168_1170_1180,6,5,0.06368,0.19033,0.121349,0.049612,0.188813,0.253807,0.13241
3337_167_766_803,3,1,0.055397,0.436907,0.093862,0.020927,0.227093,0.024348,0.141464
3346_167_31_150,6,2,0.046898,0.049712,0.326471,0.089161,0.193223,0.228684,0.06585
3346_167_1039_1279,3,6,0.011007,0.045992,0.11114,0.180957,0.032814,0.035715,0.582375
3346_168_189_323,6,6,0.032844,0.145314,0.15191,0.101101,0.1989,0.169534,0.200396
3346_167_1751_1832,3,3,0.013256,0.027969,0.020392,0.563644,0.040081,0.037114,0.297543
3346_168_479_619,5,5,0.006746,0.037147,0.048584,0.066895,0.037747,0.525418,0.277462
3346_167_336_461,2,6,0.042095,0.095587,0.151297,0.131055,0.213277,0.100391,0.266298
3346_168_1531_1599,1,1,0.118732,0.356342,0.035892,0.244304,0.12781,0.035907,0.081013
3346_167_1481_1508,3,3,0.056342,0.077541,0.048768,0.402765,0.062173,0.022084,0.330325
3346_167_808_920,3,6,0.015483,0.08882,0.07153,0.243328,0.127235,0.027022,0.426582
3346_168_1872_1927,6,3,0.014174,0.01947,0.028147,0.504924,0.042368,0.014912,0.376004
3346_167_641_694,6,6,0.01959,0.068687,0.045456,0.218027,0.054194,0.118053,0.475993
3346_167_1610_1678,3,6,0.028764,0.102338,0.117845,0.126219,0.071027,0.241555,0.312251
3346_168_1369_1458,3,3,0.014141,0.021717,0.009918,0.71198,0.048168,0.022485,0.171591
3346_168_1688_1696,5,5,0.02365,0.044412,0.026991,0.045514,0.029335,0.692804,0.137294
3346_168_727_785,1,6,0.043242,0.071683,0.057066,0.174965,0.050368,0.192917,0.40976
3346_168_963_1004,6,5,0.028717,0.071617,0.065619,0.088712,0.036305,0.356493,0.352538
3346_167_1942_1988,3,6,0.038353,0.060469,0.02595,0.365902,0.028926,0.011871,0.468529
3345_167_73_152,3,3,0.006722,0.003218,0.006878,0.753248,0.016727,0.193926,0.019281
3345_168_1271_1412,4,4,0.012406,0.085228,0.047644,0.108634,0.410436,0.012044,0.323607
3345_168_2026_2162,6,3,0.009202,0.026862,0.032022,0.4749,0.061882,0.008645,0.386487
3345_168_1558_1909,1,3,0.02476,0.127217,0.052788,0.292209,0.222375,0.066872,0.21378
3345_168_197_256,3,1,0.241822,0.522767,0.023959,0.040802,0.077039,0.059286,0.034325
3345_167_1429_1534,4,1,0.110271,0.283132,0.068005,0.148761,0.184766,0.062655,0.142411
3345_167_2177_2222,3,3,0.008667,0.00819,0.010011,0.740956,0.037331,0.157319,0.037526
3345_167_891_936,4,6,0.019904,0.099287,0.223796,0.044362,0.075583,0.156001,0.381067
3345_167_548_616,3,6,0.021287,0.074295,0.042431,0.181845,0.111858,0.056557,0.511728
3345_168_1101_1153,4,1,0.098807,0.442318,0.049876,0.035557,0.227249,0.021919,0.124273
3345_167_275_338,3,3,0.015661,0.019165,0.022884,0.584297,0.106919,0.164229,0.086846
3345_168_370_526,6,3,0.039962,0.113498,0.023598,0.537988,0.168348,0.035207,0.081398
3345_167_1188_1238,5,3,0.081012,0.069992,0.020456,0.405733,0.24121,0.057119,0.124478
3345_168_650_748,6,6,0.011977,0.037144,0.086325,0.085246,0.044761,0.269661,0.464887
3345_167_778_822,4,4,0.018624,0.185061,0.109136,0.065063,0.368994,0.012486,0.240636
3345_168_959_1024,6,6,0.008096,0.034225,0.024726,0.296974,0.114935,0.013041,0.508003
3345_168_31_52,3,6,0.016908,0.069446,0.039734,0.256076,0.095433,0.010357,0.512046
3345_168_847_873,6,5,0.035011,0.117773,0.069885,0.051492,0.053688,0.432782,0.239369
3345_167_1931_1975,3,6,0.020994,0.076191,0.05947,0.247378,0.102101,0.055563,0.438303
3345_167_1048_1059,3,6,0.026751,0.116159,0.133911,0.183931,0.227736,0.021978,0.289535
3351_168_100_400,3,4,0.017842,0.091169,0.064952,0.060598,0.6982,0.017169,0.05007
3351_167_1107_1226,4,4,0.032272,0.067989,0.061811,0.126023,0.636154,0.019535,0.056217
3351_167_1754_1846,6,3,0.014577,0.044661,0.060047,0.446196,0.124832,0.008557,0.30113
3351_168_1341_1466,3,3,0.012174,0.028039,0.064243,0.484209,0.277019,0.010879,0.123438
3351_168_877_984,4,4,0.012554,0.060208,0.067007,0.037134,0.637374,0.103504,0.082219
3351_167_600_849,4,4,0.012042,0.074266,0.131982,0.101047,0.561589,0.010819,0.108255
3351_167_31_64,3,3,0.013116,0.007384,0.017095,0.624771,0.254355,0.044508,0.038771
3351_167_415_448,3,3,0.00673,0.002516,0.006778,0.869342,0.064295,0.025735,0.024604
3351_167_1542_1667,3,3,0.014654,0.025724,0.01895,0.523441,0.185505,0.016575,0.21515
3351_168_500_580,6,4,0.019153,0.025375,0.101222,0.238686,0.441523,0.075735,0.098306
3351_168_1725_1735,3,3,0.033525,0.117566,0.06037,0.515686,0.129689,0.029439,0.113726
3350_168_31_151,1,1,0.070504,0.233608,0.046798,0.214098,0.184573,0.127698,0.122721
3350_168_1172_1308,1,1,0.090456,0.522411,0.040393,0.047264,0.268753,0.01623,0.014494
3350_167_1676_1755,3,3,0.022645,0.032273,0.045029,0.407002,0.169442,0.079912,0.243697
3350_167_165_328,2,4,0.033013,0.076504,0.148915,0.053856,0.571848,0.027832,0.088032
3350_168_1791_1907,4,3,0.010403,0.05258,0.045952,0.435493,0.198077,0.021681,0.235814
3350_168_1406_1495,5,5,0.025811,0.10399,0.05062,0.040027,0.076003,0.56662,0.13693
3350_167_895_1112,1,1,0.081025,0.233843,0.084981,0.048695,0.14044,0.211229,0.199786
3350_167_1332_1389,6,6,0.038542,0.080501,0.047312,0.092038,0.053023,0.203025,0.48556
3350_167_591_615,3,6,0.033365,0.086916,0.063004,0.329744,0.033112,0.059848,0.394011
3350_168_459_568,5,5,0.025795,0.061037,0.03821,0.179164,0.036542,0.486521,0.172731
3350_167_1507_1550,4,6,0.066732,0.15866,0.045774,0.143396,0.063619,0.151812,0.370007
3350_168_655_876,5,5,0.112142,0.181504,0.053958,0.087744,0.074509,0.400849,0.089294
3350_168_1583_1637,3,3,0.018836,0.045452,0.052568,0.720471,0.112577,0.037719,0.012378
3350_168_348_375,1,5,0.081507,0.198399,0.062257,0.050853,0.042436,0.387727,0.176821
3350_167_400_430,3,6,0.02199,0.047922,0.025225,0.359713,0.05916,0.014984,0.471006
3348_168_122_217,5,1,0.082955,0.470936,0.042403,0.14622,0.165677,0.033064,0.058745
3348_168_1246_1353,5,1,0.052219,0.384809,0.041381,0.262018,0.193793,0.019619,0.04616
3348_168_2037_2147,1,1,0.236137,0.340455,0.032737,0.221124,0.045877,0.07107,0.052601
3348_168_1167_1185,5,5,0.029582,0.064575,0.075967,0.034973,0.033416,0.501369,0.260119
3348_168_1640_1795,1,1,0.062093,0.369745,0.039791,0.093442,0.285632,0.030633,0.118665
3348_167_244_284,5,5,0.017138,0.033888,0.014682,0.01436,0.029572,0.842909,0.047452
3348_167_1821_1841,3,5,0.012711,0.039982,0.038752,0.064871,0.034875,0.569441,0.239368
3348_167_1379_1577,4,6,0.044193,0.205028,0.105397,0.07227,0.210532,0.0699,0.29268
3348_167_2188_2255,1,1,0.193766,0.363559,0.030397,0.056406,0.072737,0.195996,0.087138
3348_168_811_1011,3,3,0.021728,0.15476,0.079683,0.323935,0.066903,0.041215,0.311776
3348_168_528_662,4,3,0.023904,0.058201,0.080162,0.629461,0.075923,0.018255,0.114093
3348_167_1017_1143,1,6,0.031244,0.155606,0.05074,0.122883,0.188717,0.095189,0.35562
3348_168_300_427,4,1,0.092901,0.341508,0.047375,0.16652,0.215781,0.047849,0.088067
3348_167_454_498,1,1,0.059333,0.47956,0.062818,0.018583,0.329039,0.016189,0.03448
3348_167_31_101,5,5,0.013159,0.017971,0.01736,0.261584,0.030838,0.52795,0.131138
3348_168_1857_1958,1,1,0.072348,0.275044,0.076951,0.212018,0.161667,0.108583,0.093389
3348_167_739_778,5,6,0.040203,0.222527,0.074501,0.054651,0.130014,0.178842,0.299262
3348_167_1217_1230,4,4,0.033429,0.148212,0.134952,0.044895,0.231928,0.174775,0.23181
3348_167_1992_2025,0,0,0.618842,0.240066,0.015045,0.008571,0.024029,0.075979,0.017469
3349_167_112_137,3,6,0.016336,0.049074,0.116282,0.134196,0.049156,0.161869,0.473087
3349_167_1190_1304,3,6,0.024283,0.126735,0.127211,0.18604,0.224355,0.028097,0.283279
3349_167_1922_2064,3,4,0.025963,0.129056,0.121839,0.016442,0.669872,0.013092,0.023736
3349_168_1656_1836,1,1,0.148094,0.408505,0.032016,0.112562,0.116216,0.074639,0.107968
3349_167_233_292,5,5,0.025447,0.094797,0.101999,0.052221,0.090061,0.362755,0.27272
3349_167_1438_1469,3,6,0.044628,0.141352,0.08454,0.219708,0.141765,0.072622,0.295385
3349_168_2133_2308,3,1,0.10518,0.469639,0.065368,0.026938,0.182131,0.091665,0.05908
3349_168_937_985,3,1,0.095147,0.351474,0.091124,0.04299,0.204291,0.107365,0.10761
3349_168_152_207,5,5,0.018568,0.052069,0.03605,0.022161,0.022942,0.747332,0.100878
3349_168_1338_1391,3,5,0.015299,0.025871,0.062186,0.15947,0.040102,0.572342,0.124731
3349_168_584_628,0,6,0.055587,0.140101,0.117464,0.196682,0.072973,0.208152,0.209041
3349_168_1102_1137,3,6,0.043012,0.253991,0.08283,0.054221,0.103704,0.047877,0.414366
3349_168_321_457,5,1,0.053278,0.254741,0.173089,0.032384,0.214702,0.160896,0.11091
3349_167_637_740,1,0,0.397346,0.36381,0.048582,0.023559,0.091405,0.036887,0.038412
3349_167_1010_1046,3,1,0.085869,0.344633,0.058606,0.050899,0.141604,0.050639,0.267748
3349_167_477_537,3,6,0.031462,0.132166,0.109608,0.137922,0.10095,0.114223,0.373669
3349_168_31_83,0,3,0.103604,0.289762,0.050216,0.346275,0.058408,0.099059,0.052675
3349_168_754_859,3,3,0.048817,0.089564,0.031195,0.714662,0.035376,0.056125,0.024262
3349_167_1551_1619,3,6,0.020589,0.104682,0.059063,0.199765,0.102551,0.051376,0.461974
3349_168_1512_1526,3,3,0.019141,0.039856,0.038482,0.658925,0.036927,0.167258,0.039412
3349_167_893_913,3,1,0.073086,0.361318,0.082195,0.078764,0.140898,0.060914,0.202825
3356_168_71_225,5,5,0.104298,0.05103,0.012228,0.015739,0.018761,0.776747,0.021197
3356_168_1216_1345,4,0,0.620443,0.093953,0.004679,0.004047,0.013348,0.260665,0.002867
3356_168_1540_1759,4,0,0.436207,0.400636,0.02119,0.008461,0.088468,0.031539,0.013499
3356_167_240_362,4,1,0.134708,0.308244,0.038507,0.051513,0.262195,0.093895,0.110937
3356_167_1407_1527,0,1,0.176439,0.4777,0.043246,0.030932,0.149311,0.039135,0.083238
3356_168_943_1154,0,0,0.554503,0.292277,0.019086,0.043772,0.029657,0.04655,0.014156
3356_168_589_615,1,5,0.059724,0.131697,0.052551,0.027017,0.027197,0.520889,0.180924
3356_167_1681_1794,4,4,0.075661,0.178086,0.157587,0.091481,0.300196,0.016113,0.180875
3356_167_629_751,2,6,0.025862,0.072113,0.057684,0.326881,0.135847,0.022468,0.359144
3356_168_373_538,1,0,0.450568,0.339926,0.017515,0.014274,0.069211,0.064416,0.04409
3356_167_31_61,2,4,0.044405,0.228483,0.15747,0.045451,0.355974,0.027409,0.14081
3356_168_769_824,1,5,0.039037,0.045625,0.016602,0.026869,0.01465,0.77641,0.080806
3356_167_1186_1201,0,4,0.0266,0.21713,0.161277,0.039906,0.299706,0.021546,0.233834
3356_167_859_910,2,6,0.013914,0.139663,0.306083,0.05247,0.115722,0.047563,0.324585
3356_167_551_575,4,6,0.06903,0.259271,0.027747,0.096823,0.236107,0.022828,0.288195
3358_167_1278_1471,1,0,0.653887,0.246822,0.011952,0.008171,0.046176,0.025097,0.007896
3358_167_1004_1189,0,0,0.439144,0.255715,0.010424,0.015759,0.038998,0.229546,0.010414
3358_168_860_973,1,2,0.013525,0.098159,0.433942,0.027188,0.126919,0.010847,0.28942
3358_168_140_187,5,5,0.011419,0.025642,0.056827,0.093629,0.037792,0.611988,0.162703
3358_168_303_388,5,2,0.01075,0.042663,0.433426,0.052773,0.130469,0.036137,0.293782
3358_168_612_746,1,2,0.019107,0.045663,0.354143,0.169747,0.132633,0.009006,0.269701
3358_167_402_577,1,1,0.166729,0.24143,0.125913,0.043893,0.107632,0.175136,0.139267
3358_167_31_60,6,0,0.263535,0.197925,0.044654,0.150315,0.058715,0.074547,0.21031
3358_168_1520_1675,1,6,0.022995,0.079613,0.255294,0.162834,0.177673,0.019962,0.281628
3358_167_788_823,1,0,0.471688,0.231232,0.02142,0.025694,0.036266,0.167911,0.045789
3358_167_1680_1720,0,0,0.30207,0.299003,0.040009,0.123557,0.061247,0.04856,0.125553
3358_168_1197_1223,2,6,0.058978,0.190537,0.099615,0.15458,0.059189,0.093403,0.343698
3358_167_207_244,6,6,0.039202,0.08729,0.041445,0.271056,0.043551,0.020441,0.497015
3357_167_1252_1501,4,4,0.026977,0.068333,0.321773,0.012824,0.324604,0.171456,0.074033
3357_168_1181_1240,1,6,0.059979,0.196501,0.105883,0.070931,0.078483,0.106689,0.381534
3357_168_1593_1720,5,5,0.020171,0.149871,0.264608,0.004197,0.129638,0.382418,0.049098
3357_167_233_321,4,4,0.023774,0.121053,0.092064,0.115318,0.388233,0.016809,0.242748
3357_167_1745_2038,4,2,0.005269,0.029263,0.503513,0.002412,0.425808,0.008654,0.02508
3357_168_2116_2300,1,4,0.017754,0.169934,0.324422,0.008783,0.415691,0.02213,0.041287
3357_168_140_222,1,6,0.020906,0.061897,0.119618,0.166087,0.098514,0.047564,0.485413
3357_168_541_919,6,4,0.037072,0.240456,0.107716,0.028207,0.479891,0.028966,0.077692
3357_167_1126_1161,2,4,0.060805,0.226974,0.149273,0.026269,0.271539,0.122127,0.143013
3357_167_2322_2389,4,3,0.017419,0.021616,0.100694,0.459855,0.144743,0.032761,0.222912
3357_168_990_1107,1,6,0.027602,0.139835,0.120011,0.029127,0.2139,0.042966,0.426558
3357_167_386_521,2,6,0.019326,0.058451,0.086633,0.145356,0.159674,0.010482,0.520077
3357_167_31_104,4,6,0.019893,0.101613,0.213105,0.108476,0.196056,0.03855,0.322306
3357_167_956_963,5,5,0.009026,0.016693,0.014555,0.019022,0.012625,0.887599,0.04048
3357_168_2391_2421,1,6,0.022304,0.14574,0.112859,0.069516,0.236963,0.028783,0.383835
3357_168_343_363,1,5,0.019145,0.046036,0.052393,0.017672,0.030425,0.740366,0.093961
3359_167_2045_2089,5,5,0.340946,0.062212,0.013949,0.024267,0.014078,0.518581,0.025968
3359_168_1026_1202,1,6,0.075678,0.26879,0.127363,0.08496,0.128805,0.038817,0.275587
3359_167_1802_1900,0,3,0.131374,0.160129,0.043865,0.231551,0.106561,0.174134,0.152385
3359_168_1317_1540,1,1,0.129223,0.318577,0.110767,0.050111,0.151255,0.09005,0.150017
3359_167_898_1012,0,1,0.247478,0.355174,0.064125,0.039573,0.146923,0.097312,0.049413
3359_167_134_220,0,0,0.758845,0.071012,0.015753,0.023094,0.009203,0.113727,0.008366
3359_167_556_697,0,6,0.090868,0.184913,0.07034,0.250393,0.046154,0.035665,0.321667
3359_168_1728_1786,1,4,0.060048,0.176677,0.131953,0.057304,0.238117,0.12829,0.207613
3359_168_473_490,5,5,0.015065,0.029266,0.034429,0.032497,0.016086,0.732607,0.140051
3359_167_336_444,0,2,0.030011,0.073145,0.490606,0.045483,0.188826,0.029724,0.142205
3359_167_1212_1288,0,0,0.380002,0.372391,0.02986,0.049333,0.050251,0.040132,0.078031
3359_168_709_882,5,2,0.008659,0.078626,0.47972,0.056375,0.180764,0.076309,0.119548
3359_168_2110_2190,0,6,0.064312,0.157445,0.066784,0.261613,0.096304,0.056174,0.297369
3359_167_1552_1665,0,0,0.557263,0.266499,0.015424,0.028614,0.044199,0.063538,0.024464
3359_168_1936_2035,1,1,0.087738,0.267328,0.219697,0.026901,0.244827,0.021081,0.132428
3359_168_278_291,5,5,0.0077,0.015542,0.016874,0.025262,0.015304,0.841608,0.077711
3359_167_31_41,0,6,0.101727,0.205892,0.136876,0.166977,0.0657,0.043802,0.279025
3355_168_1975_2095,3,3,0.021592,0.06209,0.078905,0.642506,0.070931,0.050335,0.073641
3355_167_1066_1292,4,1,0.233687,0.325467,0.048406,0.036117,0.169319,0.085695,0.101308
3355_168_1616_1691,1,6,0.023116,0.055039,0.062307,0.273872,0.059174,0.116727,0.409763
3355_168_196_281,1,0,0.458163,0.394453,0.016684,0.031154,0.017457,0.060583,0.021506
3355_167_1751_1951,5,5,0.013627,0.036076,0.02626,0.078232,0.044428,0.705758,0.095619
3355_167_1391_1565,3,3,0.080088,0.146642,0.02176,0.379996,0.10908,0.052236,0.210199
3355_167_876_936,4,1,0.266299,0.331397,0.066594,0.080633,0.163931,0.035729,0.055417
3355_168_1308_1373,1,5,0.30937,0.159597,0.022947,0.025724,0.022427,0.337263,0.122672
3355_168_572_673,1,1,0.327365,0.41843,0.039307,0.024217,0.095956,0.059251,0.035474
3355_167_288_344,4,1,0.209874,0.250944,0.095044,0.060706,0.117841,0.072045,0.193546
3355_167_423_553,3,0,0.285059,0.276768,0.063751,0.041466,0.071965,0.094269,0.166722
3355_168_70_98,1,1,0.195726,0.557648,0.015609,0.102522,0.082034,0.018091,0.028371
3355_167_2121_2216,5,0,0.430931,0.316172,0.02142,0.034901,0.055845,0.062624,0.078107
3355_167_689_739,1,0,0.482308,0.348674,0.02344,0.016155,0.055761,0.038417,0.035246
3355_168_344_398,0,0,0.553518,0.336704,0.015489,0.008284,0.028512,0.041111,0.016382
3355_168_758_791,1,1,0.32325,0.524687,0.01882,0.022263,0.06327,0.015505,0.032205
3355_168_2260_2300,3,3,0.018282,0.065255,0.028493,0.784578,0.052747,0.019457,0.031187
3355_168_972_1027,0,5,0.219909,0.164122,0.036851,0.05061,0.030996,0.456083,0.041429
3355_167_134_162,4,1,0.220603,0.292708,0.050733,0.145099,0.068307,0.113974,0.108576
3355_167_31_50,6,6,0.123826,0.115373,0.036016,0.122461,0.062675,0.170493,0.369156
3352_167_1243_1301,0,1,0.212333,0.329734,0.15364,0.011833,0.182964,0.068509,0.040987
3352_168_1629_1697,4,3,0.019543,0.068385,0.034906,0.79833,0.034425,0.013185,0.031226
3352_167_241_285,5,0,0.568795,0.115471,0.042575,0.011044,0.029668,0.205087,0.02736
3352_168_88_126,5,5,0.051101,0.045638,0.025015,0.010373,0.011721,0.827952,0.028199
3352_168_915_943,0,1,0.229293,0.689787,0.007631,0.010661,0.037402,0.010937,0.014288
3352_168_200_221,5,5,0.069115,0.099186,0.036981,0.00787,0.020369,0.701294,0.065185
3352_168_1318_1460,0,0,0.539001,0.369854,0.016098,0.013144,0.019207,0.03557,0.007125
3352_167_1127_1154,3,5,0.102127,0.129724,0.151638,0.01473,0.117075,0.293341,0.191365
3352_167_1707_1768,0,1,0.187194,0.319194,0.041755,0.143347,0.103046,0.029264,0.176201
3352_168_611_651,1,3,0.035641,0.209276,0.095783,0.346594,0.068891,0.044412,0.199402
3352_167_1029_1044,5,1,0.215075,0.308144,0.088768,0.128777,0.106172,0.109585,0.043479
3352_168_468_550,5,5,0.06466,0.142614,0.110155,0.236519,0.039925,0.284065,0.122061
3352_167_31_79,5,5,0.224252,0.123388,0.079201,0.050564,0.059158,0.442561,0.020877
3352_167_1493_1586,3,0,0.597389,0.299616,0.015987,0.007807,0.037724,0.033601,0.007875
3352_167_731_875,0,0,0.833725,0.111926,0.010467,0.002248,0.012608,0.026085,0.002941
3352_168_1187_1235,2,6,0.019221,0.113338,0.086911,0.093561,0.126424,0.20764,0.352905
3352_167_554_587,0,0,0.538675,0.369461,0.011082,0.015074,0.021175,0.029689,0.014844
3352_168_1070_1100,4,5,0.07091,0.043736,0.018771,0.009323,0.012905,0.817199,0.027156
3352_167_351_373,0,1,0.351023,0.395439,0.035341,0.037381,0.09635,0.062881,0.021586
3352_167_140_157,5,0,0.439987,0.272706,0.070911,0.018576,0.066329,0.084926,0.046565
3352_168_310_331,0,5,0.014808,0.088519,0.080374,0.011989,0.031057,0.714472,0.05878
3801_191_31_131,3,5,0.020768,0.032288,0.032894,0.138256,0.048418,0.588443,0.138933
3801_191_1286_1367,6,6,0.025903,0.051478,0.053635,0.369002,0.041824,0.067264,0.390893
3801_191_1891_2050,1,5,0.091642,0.07962,0.035447,0.019325,0.103633,0.64591,0.024422
3801_192_1121_1262,5,1,0.057115,0.313339,0.09075,0.085414,0.112655,0.088339,0.252389
3801_192_1641_1862,3,5,0.014355,0.040418,0.042744,0.283548,0.034195,0.422186,0.162555
3801_191_2191_2240,1,3,0.010307,0.030486,0.019658,0.583428,0.092242,0.02188,0.241998
3801_192_884_956,5,5,0.024773,0.07147,0.026011,0.10328,0.030324,0.601077,0.143065
3801_192_141_241,3,5,0.008599,0.032805,0.064004,0.086066,0.037117,0.644232,0.127177
3801_191_509_646,1,5,0.086478,0.219168,0.04486,0.054706,0.066211,0.47338,0.055197
3801_192_2056_2180,5,5,0.064752,0.088993,0.01655,0.112437,0.030681,0.630566,0.05602
3801_191_968_1111,6,5,0.023721,0.077972,0.077207,0.048764,0.113718,0.524973,0.133646
3801_191_262_426,1,5,0.152608,0.224087,0.047509,0.030028,0.103934,0.38555,0.056284
3801_192_428_508,5,5,0.016089,0.037169,0.014621,0.020372,0.019508,0.867339,0.024901
3801_191_1462_1634,5,5,0.011707,0.095844,0.162955,0.029135,0.206011,0.433669,0.060679
3801_191_767_867,0,0,0.406388,0.275188,0.073869,0.020696,0.083154,0.120013,0.020691
3801_192_647_757,1,5,0.176593,0.111824,0.026127,0.210729,0.023976,0.335857,0.114894
3801_192_1378_1432,5,6,0.04059,0.152134,0.021966,0.27332,0.039798,0.035746,0.436445
3803_192_114_223,3,3,0.008089,0.020725,0.037848,0.507947,0.099966,0.038539,0.286886
3803_192_1092_1404,3,3,0.021543,0.047526,0.027999,0.612353,0.075932,0.076504,0.138143
3803_191_2030_2065,3,5,0.048593,0.116939,0.084493,0.150543,0.065696,0.406362,0.127374
3803_191_224_290,1,4,0.016715,0.184932,0.110843,0.009697,0.627747,0.015908,0.034158
3803_191_1688_1862,3,1,0.205249,0.315746,0.050787,0.015575,0.125119,0.2108,0.076724
3803_191_1424_1462,4,4,0.014111,0.23664,0.170861,0.009798,0.427613,0.046869,0.094108
3803_191_2200_2219,3,3,0.021213,0.024259,0.038143,0.608833,0.029721,0.222509,0.055323
3803_191_859_1002,1,1,0.129999,0.482155,0.031684,0.011001,0.295869,0.016525,0.032767
3803_191_2296_2317,3,3,0.021521,0.021548,0.033015,0.641495,0.029336,0.162138,0.090947
3803_191_524_648,4,5,0.017066,0.068886,0.092986,0.017909,0.308776,0.387543,0.106833
3803_192_2069_2141,3,3,0.049895,0.144849,0.050574,0.481719,0.045387,0.062445,0.165131
3803_192_294_505,1,2,0.013803,0.174727,0.346387,0.021691,0.300803,0.043484,0.099105
3803_191_31_104,1,1,0.036312,0.34745,0.295936,0.009443,0.191643,0.082428,0.036787
3803_192_1479_1669,3,3,0.036512,0.15008,0.034418,0.462413,0.064245,0.041439,0.210893
3803_192_664_840,3,5,0.012297,0.038036,0.144285,0.208734,0.052629,0.42471,0.11931
3803_192_1864_2006,3,3,0.013374,0.027463,0.051414,0.709029,0.027997,0.013225,0.157496
3803_192_2220_2289,3,3,0.01057,0.018402,0.03457,0.499086,0.012612,0.022328,0.402433
3808_192_118_275,5,5,0.011518,0.050666,0.033429,0.031082,0.035834,0.791753,0.045719
3808_192_1158_1537,6,5,0.017092,0.095393,0.073484,0.187087,0.04929,0.491922,0.085732
3808_192_1923_2047,3,3,0.033823,0.084349,0.058432,0.433594,0.045948,0.020383,0.323473
3808_191_1563_1700,5,5,0.074608,0.196009,0.064224,0.026222,0.134092,0.319688,0.185156
3808_192_1705_1868,6,6,0.012208,0.071616,0.047438,0.288808,0.033402,0.132727,0.413802
3808_192_733_1038,5,1,0.145515,0.316689,0.067064,0.146149,0.090134,0.183411,0.051038
3808_192_356_645,6,6,0.021975,0.103508,0.080691,0.17558,0.128615,0.092255,0.397377
3808_191_1050_1156,1,5,0.006939,0.042985,0.093175,0.041806,0.040727,0.552816,0.221553
3808_191_283_348,1,6,0.05069,0.252124,0.066449,0.048198,0.130887,0.05278,0.398873
3808_191_31_95,1,6,0.050851,0.125841,0.042048,0.155268,0.097,0.050069,0.478922
3808_191_1881_1906,3,3,0.018338,0.049527,0.023905,0.448209,0.044047,0.020956,0.395018
3808_191_648_732,1,4,0.010405,0.13944,0.203656,0.025694,0.42882,0.057644,0.134341
3802_191_31_211,5,6,0.042981,0.120529,0.061086,0.097148,0.105141,0.187898,0.385217
3802_192_1146_1356,5,6,0.014766,0.131368,0.14748,0.15257,0.135598,0.19286,0.225358
3802_191_2019_2124,1,5,0.027491,0.058762,0.029982,0.006972,0.033664,0.807414,0.035715
3802_192_1678_1714,3,5,0.026131,0.047982,0.042269,0.254038,0.023049,0.381366,0.225165
3802_192_218_408,3,5,0.010129,0.021002,0.023559,0.133588,0.027474,0.70587,0.078378
3802_191_1728_1824,3,6,0.07744,0.212403,0.069473,0.046903,0.155,0.040769,0.398012
3802_192_1461_1621,3,3,0.007422,0.017322,0.022373,0.500998,0.02058,0.328558,0.102747
3802_192_2136_2285,5,5,0.020858,0.030424,0.022132,0.072395,0.026331,0.717998,0.109861
3802_191_828_1146,6,6,0.011641,0.047975,0.036543,0.230184,0.220145,0.033818,0.419694
3802_191_2302_2425,5,5,0.008377,0.017559,0.021048,0.039796,0.050666,0.839447,0.023105
3802_192_603_686,3,3,0.015106,0.01431,0.018161,0.460613,0.034989,0.359244,0.097578
3802_191_418_566,1,1,0.055539,0.282804,0.040182,0.050437,0.214711,0.114945,0.241382
3802_192_2436_2463,3,6,0.019719,0.07105,0.052217,0.369101,0.050206,0.028987,0.408719
3802_192_1868_1990,5,3,0.085854,0.135088,0.034158,0.310653,0.06009,0.170486,0.203671
3802_191_698_765,6,2,0.027465,0.193708,0.291442,0.053495,0.173456,0.044201,0.216234
3802_191_1371_1460,1,5,0.01212,0.074674,0.088604,0.030074,0.11202,0.532568,0.149941
3802_191_1623_1677,3,3,0.006738,0.008922,0.018774,0.810702,0.013984,0.015409,0.12547
3802_192_768_822,3,5,0.002676,0.009265,0.009904,0.020686,0.006511,0.917659,0.033299
3804_191_31_166,3,3,0.031199,0.040697,0.041112,0.470807,0.060697,0.127627,0.227861
3804_191_1261_1371,3,4,0.039243,0.171808,0.071593,0.131133,0.422875,0.025957,0.137391
3804_192_1996_2104,3,3,0.015799,0.026062,0.015271,0.736127,0.028409,0.03265,0.145682
3804_192_1123_1242,0,1,0.286779,0.354371,0.05782,0.142023,0.05517,0.044078,0.05976
3804_191_1604_1714,1,0,0.474785,0.323903,0.0224,0.026366,0.071969,0.056433,0.024145
3804_191_231_337,3,3,0.03645,0.045791,0.021128,0.570208,0.027025,0.12878,0.170617
3804_192_1726_1834,3,3,0.055081,0.076325,0.023542,0.565238,0.039446,0.035658,0.204711
3804_191_1444_1487,1,5,0.023444,0.129401,0.11598,0.033176,0.163779,0.27862,0.255599
3804_192_781_976,1,0,0.443412,0.394633,0.03533,0.02921,0.035857,0.051996,0.009563
3804_192_171_205,1,3,0.053465,0.143086,0.063809,0.444067,0.064728,0.060155,0.17069
3804_192_566_626,5,5,0.039938,0.034453,0.019547,0.020276,0.015549,0.832675,0.037562
3804_191_987_1116,0,0,0.567206,0.236505,0.026841,0.017143,0.049525,0.090409,0.012371
3804_191_426_558,1,0,0.400203,0.315926,0.043905,0.043955,0.060451,0.058369,0.077191
3804_192_1511_1584,1,5,0.037342,0.087999,0.090688,0.105302,0.055252,0.432336,0.19108
3804_191_1846_1987,1,0,0.596921,0.319059,0.007434,0.005896,0.044811,0.021104,0.004774
3804_191_648_781,1,0,0.351902,0.341601,0.03989,0.038527,0.066543,0.069914,0.091623
3804_191_2122_2202,1,1,0.274011,0.462029,0.022453,0.035575,0.072969,0.063237,0.069726
3804_192_338_418,0,5,0.036771,0.059476,0.023006,0.012119,0.032065,0.821891,0.014672
3804_192_1384_1431,3,6,0.015287,0.045473,0.06958,0.331047,0.052379,0.072406,0.413828
3807_192_101_171,0,1,0.067633,0.280679,0.135771,0.111677,0.219944,0.060497,0.1238
3807_192_1100_1359,3,3,0.013759,0.032065,0.027716,0.750158,0.043734,0.058198,0.07437
3807_191_1593_1681,2,4,0.179285,0.268783,0.115444,0.019044,0.327731,0.026919,0.062793
3807_191_186_263,5,5,0.004661,0.010706,0.010435,0.006703,0.043477,0.907563,0.016455
3807_191_1391_1478,6,5,0.032175,0.127886,0.082138,0.041143,0.154794,0.344047,0.217816
3807_192_753_979,1,4,0.036743,0.102307,0.033295,0.0194,0.739455,0.046876,0.021925
3807_192_499_647,0,1,0.100205,0.298695,0.213795,0.027442,0.182395,0.076736,0.100732
3807_192_1731_1774,3,3,0.015182,0.039612,0.060279,0.757323,0.035372,0.048688,0.043543
3807_192_272_406,0,4,0.026545,0.139181,0.09136,0.069987,0.590417,0.026297,0.056213
3807_191_1014_1100,2,5,0.018355,0.082109,0.094346,0.027776,0.275481,0.45,0.051933
3807_191_31_90,6,6,0.020855,0.037011,0.042007,0.090284,0.080564,0.303099,0.426181
3807_191_419_468,2,5,0.008356,0.010466,0.017073,0.014786,0.031824,0.876503,0.040992
3807_192_1481_1571,3,1,0.211166,0.522361,0.064486,0.029629,0.091799,0.016663,0.063897
3807_191_649_735,5,6,0.094382,0.163898,0.169515,0.044248,0.162458,0.150836,0.214663
3813_192_31_134,1,5,0.044879,0.035566,0.029896,0.234356,0.036979,0.340601,0.277723
3813_192_1126_1382,1,1,0.195951,0.264057,0.030062,0.183457,0.203683,0.051692,0.071098
3813_192_2028_2082,0,0,0.369376,0.129978,0.08058,0.078211,0.068646,0.230203,0.043007
3813_192_1454_1890,0,0,0.34928,0.342952,0.027839,0.107907,0.087576,0.023807,0.060639
3813_192_222_400,1,0,0.317641,0.277637,0.0596,0.109498,0.076221,0.060218,0.099184
3813_192_720_973,0,0,0.556926,0.145778,0.015687,0.030867,0.035611,0.206669,0.008461
3813_191_169_209,6,6,0.08595,0.192403,0.040788,0.084369,0.119687,0.037796,0.439005
3813_192_516_626,0,0,0.492695,0.239014,0.049373,0.044069,0.037981,0.088976,0.047892
3813_191_991_1098,4,5,0.09709,0.277118,0.044295,0.015613,0.22897,0.299457,0.037458
3813_191_426_488,1,5,0.075417,0.276889,0.053071,0.073013,0.15491,0.283218,0.083482
3813_191_643_706,1,1,0.248877,0.430497,0.054008,0.045465,0.072688,0.12291,0.025555
3813_191_1917_1965,0,0,0.396562,0.166467,0.088605,0.074978,0.181035,0.050038,0.042315
3810_192_1041_1301,0,3,0.031008,0.075371,0.034514,0.535258,0.054041,0.040564,0.229244
3810_192_216_310,0,0,0.456095,0.173128,0.040901,0.018296,0.027507,0.241947,0.042127
3810_191_921_938,2,4,0.023978,0.291238,0.097396,0.033973,0.333382,0.026782,0.19325
3810_192_950_999,0,6,0.16617,0.232646,0.044293,0.163718,0.036767,0.077802,0.278605
3810_191_171_215,1,5,0.124312,0.272539,0.057753,0.026859,0.122312,0.339664,0.05656
3810_192_1347_1407,0,3,0.056023,0.206875,0.050105,0.269779,0.158306,0.028211,0.230703
3810_192_356_607,0,0,0.413617,0.366336,0.049173,0.016344,0.07343,0.06003,0.02107
3810_191_311_354,2,1,0.224549,0.55027,0.060303,0.008231,0.102158,0.024778,0.02971
3810_191_611_643,2,1,0.027485,0.426865,0.143288,0.010353,0.327996,0.013153,0.05086
3810_192_31_84,0,3,0.177831,0.084557,0.051936,0.372333,0.076477,0.124917,0.111948
3810_192_784_914,0,1,0.138911,0.251774,0.055157,0.234658,0.083891,0.037628,0.19798
3810_191_1311_1335,2,4,0.016642,0.196473,0.190001,0.011446,0.483419,0.020523,0.081497
3810_192_651_759,0,1,0.283628,0.440863,0.037418,0.032373,0.077564,0.057926,0.070229
3810_191_761_779,2,6,0.026823,0.194932,0.081128,0.111089,0.275168,0.035594,0.275266
3810_191_1001_1027,2,4,0.018797,0.201203,0.190849,0.020552,0.452515,0.022829,0.093255
3806_191_2315_2530,3,1,0.211282,0.447844,0.030813,0.11288,0.122091,0.03162,0.04347
3806_191_96_151,0,4,0.029278,0.10573,0.044368,0.015914,0.397714,0.30677,0.100226
3806_191_1278_1368,5,5,0.023641,0.046974,0.026527,0.007206,0.039293,0.827111,0.029248
3806_192_2039_2304,4,4,0.022108,0.075807,0.045649,0.295285,0.449837,0.033499,0.077815
3806_192_1020_1275,2,4,0.030881,0.179075,0.141268,0.011394,0.565522,0.036927,0.034934
3806_192_1625_1811,3,3,0.034865,0.079291,0.043151,0.557786,0.046743,0.027629,0.210535
3806_191_245_273,5,5,0.031147,0.034418,0.026789,0.056242,0.028271,0.634682,0.188451
3806_191_1812_2022,0,5,0.21363,0.190531,0.022302,0.031373,0.122485,0.4018,0.017879
3806_192_1385_1471,6,6,0.050597,0.205056,0.093487,0.119709,0.083155,0.080382,0.367613
3806_191_865_1009,2,5,0.030373,0.075583,0.026878,0.154308,0.175434,0.398365,0.139059
3806_192_155_229,2,1,0.139302,0.424105,0.040331,0.077788,0.142855,0.043502,0.132117
3806_192_556_646,5,5,0.02495,0.072202,0.044725,0.026404,0.062791,0.696723,0.072204
3806_192_292_447,5,1,0.079444,0.278566,0.12116,0.112385,0.237768,0.045986,0.124691
3806_191_458_544,4,5,0.014565,0.040291,0.023427,0.018553,0.16779,0.696926,0.038447
3806_191_31_55,6,6,0.078021,0.166873,0.072757,0.092578,0.188343,0.092838,0.30859
3806_191_1475_1623,6,5,0.022295,0.053963,0.034106,0.03931,0.060282,0.587339,0.202705
3806_192_815_853,2,1,0.060517,0.348619,0.071429,0.081174,0.227166,0.026865,0.184229
3806_192_57_87,6,5,0.01466,0.035933,0.028673,0.026685,0.021698,0.763805,0.108546
3806_191_660_810,0,4,0.163049,0.209954,0.023712,0.144852,0.279624,0.094246,0.084564
3806_192_2540_2580,3,3,0.004051,0.001428,0.010931,0.90462,0.030447,0.017422,0.031101
3814_192_2380_2493,3,3,0.02078,0.050896,0.084274,0.62371,0.140441,0.050972,0.028926
3814_192_80_176,2,5,0.010115,0.021033,0.025945,0.021976,0.028233,0.851188,0.041509
3814_192_946_1581,4,5,0.013854,0.058909,0.100857,0.025492,0.093407,0.677106,0.030374
3814_191_2047_2049,4,6,0.02011,0.152699,0.094118,0.067105,0.297266,0.029021,0.339682
3814_191_1597_1729,4,1,0.120048,0.587154,0.033701,0.00377,0.231465,0.011548,0.012314
3814_191_201_294,4,1,0.040206,0.385857,0.118344,0.007871,0.300559,0.073639,0.073524
3814_192_1746_1948,4,2,0.053777,0.175814,0.344017,0.024638,0.254853,0.087987,0.058914
3814_192_2079_2309,6,3,0.038278,0.118525,0.028368,0.519234,0.089497,0.021683,0.184416
3814_192_469_643,6,5,0.013693,0.070033,0.028371,0.021467,0.030853,0.805525,0.030057
3814_191_2325_2373,3,3,0.016319,0.047337,0.033072,0.575347,0.061459,0.024618,0.241849
3814_192_314_396,5,5,0.007284,0.019976,0.020771,0.013159,0.008091,0.906029,0.024691
3814_191_424_451,4,1,0.051161,0.576521,0.108758,0.009005,0.122189,0.03324,0.099125
3814_191_663_919,4,1,0.071045,0.377439,0.102019,0.023109,0.319836,0.016929,0.089623
3814_192_2005_2034,6,6,0.018816,0.030966,0.082372,0.317722,0.090403,0.117495,0.342226
3814_191_31_37,4,3,0.028963,0.047985,0.043252,0.498462,0.137882,0.062526,0.18093
3814_191_1963_1965,4,6,0.022355,0.143083,0.09893,0.064076,0.26035,0.039002,0.372204
3811_191_2464_2619,4,6,0.016602,0.077731,0.154729,0.041199,0.223362,0.065344,0.421033
3811_191_31_182,3,3,0.014097,0.021079,0.034113,0.443801,0.081021,0.12784,0.278049
3811_192_1081_1265,6,3,0.013545,0.035128,0.019,0.735312,0.031897,0.026295,0.138824
3811_192_212_408,3,3,0.008006,0.017891,0.021923,0.621953,0.026675,0.021665,0.281886
3811_191_2866_2945,4,5,0.022303,0.03504,0.056253,0.138304,0.098522,0.375596,0.273982
3811_192_2643_2834,2,5,0.012509,0.047338,0.164145,0.065758,0.133226,0.488806,0.088219
3811_192_3027_3506,4,4,0.035931,0.140636,0.167837,0.113311,0.352208,0.064619,0.125458
3811_191_917_1065,4,6,0.011455,0.038877,0.054433,0.176901,0.272319,0.099964,0.346051
3811_191_1319_1456,6,4,0.013649,0.052853,0.088427,0.165154,0.396711,0.127788,0.15542
3811_191_2003_2125,4,4,0.03197,0.193942,0.157978,0.015944,0.361784,0.048337,0.190045
3811_191_1752_1839,4,4,0.021682,0.240357,0.239838,0.011793,0.392464,0.05046,0.043406
3811_191_596_661,6,6,0.015668,0.031643,0.021426,0.313044,0.062285,0.008615,0.547319
3811_192_1484_1692,5,5,0.01954,0.032516,0.024103,0.108604,0.078075,0.668445,0.068716
3811_192_2221_2428,5,5,0.016652,0.035644,0.032522,0.008364,0.022905,0.875167,0.008747
3811_192_1859_1972,2,5,0.170512,0.241844,0.043321,0.038911,0.03598,0.406254,0.063177
3811_192_700_897,6,3,0.025497,0.039748,0.03041,0.534,0.041393,0.050562,0.278389
3811_191_3547_3641,4,0,0.395534,0.36409,0.035939,0.023195,0.105109,0.030763,0.045371
3811_192_515_570,6,5,0.090597,0.166768,0.065154,0.026904,0.04619,0.391604,0.212783
3811_191_3750_3789,3,3,0.060073,0.114486,0.02287,0.389574,0.071935,0.081744,0.259319
3811_191_432_493,6,6,0.022089,0.040435,0.05608,0.086329,0.061864,0.36435,0.368853
3811_192_3716_3726,3,5,0.012443,0.017909,0.013518,0.023497,0.01983,0.886484,0.026319
3816_191_31_159,1,1,0.104693,0.333955,0.064145,0.045993,0.130916,0.275646,0.04465
3816_192_1095_1300,6,4,0.068482,0.238856,0.102379,0.147771,0.289557,0.044517,0.108437
3816_192_1473_1869,6,3,0.062696,0.1373,0.047898,0.469753,0.097502,0.051162,0.13369
3816_192_867_947,5,5,0.046323,0.138693,0.097003,0.030896,0.056581,0.606848,0.023656
3816_192_178_237,5,5,0.004329,0.006816,0.010689,0.007838,0.010775,0.93469,0.024864
3816_191_1335_1450,0,0,0.408912,0.387887,0.039093,0.014161,0.057258,0.06693,0.025759
3816_192_595_748,6,5,0.070545,0.094567,0.051479,0.136454,0.230187,0.323908,0.09286
3816_191_977_1084,1,5,0.368028,0.126438,0.019723,0.014272,0.066082,0.389375,0.016083
3816_191_451_578,4,1,0.412425,0.469031,0.012087,0.015604,0.049184,0.027013,0.014656
3816_191_771_851,1,4,0.026628,0.09579,0.038962,0.15474,0.415306,0.038136,0.230438
3816_191_1884_1960,6,3,0.049559,0.136312,0.031251,0.544858,0.075106,0.014936,0.147977
3816_192_346_431,5,5,0.003734,0.011395,0.018085,0.010378,0.023595,0.908903,0.023909
3816_191_262_329,1,1,0.389877,0.438909,0.023438,0.005988,0.082005,0.037124,0.022659
3817_191_92_130,5,5,0.047755,0.117754,0.054448,0.027572,0.031496,0.600862,0.120113
3817_192_1183_1315,6,3,0.015713,0.065114,0.026047,0.550688,0.058363,0.082123,0.201952
3817_191_1625_1688,5,5,0.005225,0.013234,0.016279,0.014887,0.029456,0.90078,0.020138
3817_192_152_353,1,6,0.020539,0.133631,0.119332,0.203921,0.102714,0.102256,0.317607
3817_192_1700_1853,3,3,0.017168,0.082761,0.070786,0.397407,0.074209,0.036827,0.320841
3817_191_1344_1472,1,1,0.174196,0.612384,0.040965,0.017667,0.107425,0.022836,0.024528
3817_192_874_1038,6,6,0.009759,0.042084,0.060062,0.188409,0.036397,0.020943,0.642345
3817_192_493_793,1,6,0.028455,0.210945,0.11764,0.068457,0.088537,0.09151,0.394456
3817_191_1046_1178,5,5,0.018275,0.041374,0.019159,0.012508,0.046401,0.831149,0.031134
3817_191_377_480,1,5,0.026915,0.070418,0.027255,0.012061,0.029666,0.808594,0.025091
3817_191_31_64,5,4,0.04443,0.068287,0.061818,0.136759,0.390413,0.084803,0.213489
3817_192_1476_1608,3,5,0.038546,0.134148,0.169266,0.11442,0.129035,0.316744,0.097841
3817_191_809_857,1,5,0.030069,0.121294,0.06168,0.013656,0.072425,0.574704,0.126172
3817_192_71_91,6,5,0.012077,0.033981,0.03086,0.021617,0.025661,0.770204,0.1056
3815_191_2456_2619,0,1,0.214707,0.314141,0.076731,0.040487,0.148013,0.127537,0.078384
3815_192_681_1316,1,1,0.070636,0.28191,0.075075,0.11538,0.151061,0.094446,0.211493
3815_191_2688_2899,0,0,0.387179,0.174729,0.029036,0.12828,0.130312,0.090296,0.060168
3815_191_3101_3164,3,3,0.008867,0.004907,0.008382,0.666176,0.032346,0.271732,0.007591
3815_192_144_251,5,5,0.005959,0.019802,0.014461,0.014893,0.010697,0.911286,0.022902
3815_191_1337_1456,4,1,0.314996,0.339273,0.034214,0.090329,0.110136,0.018755,0.092297
3815_192_2927_3086,1,3,0.081397,0.133548,0.034901,0.445878,0.157022,0.023836,0.123417
3815_192_1466_1850,1,1,0.107702,0.486962,0.064005,0.081244,0.118127,0.026748,0.115211
3815_191_575_663,4,1,0.332893,0.33822,0.024457,0.064199,0.165009,0.021452,0.05377
3815_192_2097_2226,0,1,0.390197,0.426591,0.034103,0.034602,0.053856,0.030366,0.030285
3815_191_1882_1995,0,0,0.45903,0.323797,0.020692,0.047902,0.089344,0.021333,0.037903
3815_191_31_119,2,4,0.019968,0.084864,0.088236,0.131561,0.37591,0.15373,0.14573
3815_192_2645_2657,0,5,0.027355,0.043137,0.025206,0.033735,0.020843,0.783493,0.066232
3815_191_275_380,1,4,0.078644,0.240414,0.043029,0.045337,0.512899,0.032185,0.047493
3815_192_409_553,6,6,0.085952,0.277326,0.046016,0.13704,0.100889,0.048916,0.30386
3815_191_2256_2300,1,0,0.420387,0.408586,0.030832,0.010161,0.103475,0.015606,0.010952
3815_192_2397_2431,0,0,0.424893,0.178483,0.039721,0.060455,0.035631,0.232388,0.028428
3818_191_31_128,4,3,0.016482,0.056315,0.022042,0.307867,0.29533,0.066751,0.235213
3818_191_1149_1306,5,1,0.031887,0.447414,0.113283,0.036826,0.213174,0.100273,0.057143
3818_192_1465_1718,3,3,0.053961,0.171107,0.058306,0.354651,0.104441,0.11772,0.139815
3818_191_251_449,4,4,0.052702,0.106447,0.032595,0.202117,0.341313,0.096318,0.168509
3818_191_903_962,5,5,0.002394,0.006668,0.00814,0.0218,0.012172,0.939073,0.009753
3818_192_135_227,5,5,0.011865,0.03801,0.017716,0.02141,0.025295,0.859845,0.025859
3818_192_1318_1422,3,3,0.011988,0.023034,0.021986,0.794784,0.033182,0.014294,0.100733
3818_192_466_593,3,5,0.007691,0.022499,0.028078,0.052221,0.024888,0.82507,0.039554
3818_192_970_1132,3,6,0.01593,0.087451,0.052254,0.344222,0.056516,0.088065,0.355562
3818_191_1725_1783,3,3,0.030779,0.080061,0.096157,0.616637,0.08828,0.023466,0.06462
3818_191_606_698,6,3,0.004965,0.015122,0.008385,0.572987,0.021326,0.068691,0.308525
3818_192_709_890,3,3,0.010293,0.033707,0.019893,0.700985,0.042909,0.134499,0.057713
3818_191_1428_1455,3,3,0.02817,0.029903,0.02662,0.830477,0.025672,0.027919,0.03124
3821_191_31_129,1,6,0.011892,0.031679,0.036862,0.266406,0.078919,0.087589,0.486654
3821_191_1071_1312,6,3,0.01023,0.036342,0.02082,0.558514,0.065757,0.063167,0.24517
3821_192_1666_1719,3,5,0.02848,0.043076,0.038566,0.046073,0.022539,0.688041,0.133225
3821_192_139_367,5,5,0.050604,0.091176,0.03332,0.030965,0.068791,0.683961,0.041183
3821_191_1730_1839,3,3,0.005861,0.006954,0.011605,0.872205,0.019089,0.031476,0.05281
3821_192_1324_1521,3,3,0.007852,0.01939,0.03207,0.648408,0.02961,0.016547,0.246124
3821_192_906_1053,5,5,0.006993,0.023522,0.015636,0.12095,0.025421,0.751213,0.056265
3821_192_487_610,6,5,0.009672,0.038258,0.048029,0.122664,0.046841,0.464913,0.269623
3821_191_631_697,6,3,0.010719,0.027665,0.036144,0.410453,0.070177,0.064017,0.380824
3821_191_382_482,1,1,0.083336,0.400595,0.035494,0.036238,0.298243,0.020835,0.125259
3821_191_1524_1545,3,3,0.020015,0.017389,0.011331,0.835572,0.027392,0.053839,0.034461
3821_191_790_895,1,6,0.013798,0.072889,0.107864,0.074181,0.069927,0.144164,0.517177
3821_192_1853_2008,3,3,0.010337,0.030474,0.02305,0.586496,0.021343,0.029142,0.299157
3821_192_718_769,5,5,0.009351,0.028343,0.029245,0.035887,0.017194,0.830755,0.049224
3821_191_1615_1660,3,3,0.007964,0.005555,0.006833,0.906412,0.021554,0.034743,0.01694
3821_192_1568_1608,3,3,0.008918,0.00444,0.008285,0.89585,0.028871,0.047726,0.00591
3820_192_2452_2602,3,6,0.023844,0.11907,0.020669,0.327811,0.109432,0.026898,0.372276
3820_191_90_236,3,3,0.012078,0.017485,0.046641,0.660603,0.05346,0.139318,0.070415
3820_192_1984_2251,3,3,0.022873,0.043137,0.022441,0.529825,0.149237,0.054964,0.177523
3820_191_1170_1213,5,5,0.0092,0.016902,0.007332,0.006583,0.010109,0.925211,0.024662
3820_192_1618_1807,6,3,0.02998,0.133787,0.063488,0.379412,0.117143,0.087524,0.188666
3820_192_250_570,3,3,0.016152,0.042761,0.07046,0.42594,0.084637,0.040185,0.319866
3820_191_1353_1609,4,4,0.063656,0.232142,0.04016,0.05634,0.38407,0.085728,0.137903
3820_192_915_1006,6,6,0.017119,0.023432,0.015167,0.391448,0.049116,0.08592,0.417798
3820_191_2265_2438,4,5,0.019457,0.068989,0.079876,0.080079,0.209344,0.478393,0.063861
3820_191_582_627,1,5,0.070866,0.132737,0.03145,0.025057,0.049327,0.636197,0.054367
3820_192_1087_1161,3,3,0.027207,0.066376,0.045444,0.401586,0.038692,0.041615,0.379082
3820_191_1019_1072,1,1,0.090778,0.626266,0.029407,0.018462,0.186618,0.029946,0.018522
3820_192_1229_1290,6,6,0.029856,0.144788,0.057534,0.109308,0.058038,0.082338,0.518138
3820_192_644_854,3,3,0.013452,0.11857,0.124181,0.287903,0.132364,0.0478,0.275731
3820_191_1837_1977,4,4,0.031078,0.173503,0.126137,0.016932,0.313185,0.286047,0.053117
3820_191_859_901,5,5,0.032291,0.161716,0.205072,0.02156,0.121884,0.264936,0.192542
3820_191_2616_2653,1,4,0.031413,0.254175,0.124248,0.021651,0.495109,0.019932,0.053471
3820_192_61_80,6,5,0.009215,0.021243,0.018352,0.012838,0.012887,0.882489,0.042976
3820_191_31_50,6,6,0.08651,0.154755,0.073495,0.115596,0.127839,0.158275,0.283531
3824_192_127_146,5,5,0.007834,0.016068,0.013941,0.012549,0.012252,0.886541,0.050814
3824_192_1287_1402,3,4,0.115485,0.254113,0.044605,0.115207,0.320633,0.056403,0.093556
3824_191_1115_1252,3,3,0.009806,0.025308,0.010649,0.812382,0.048784,0.025082,0.067988
3824_192_1547_1689,3,1,0.199651,0.22203,0.02527,0.171488,0.147451,0.187311,0.046798
3824_191_1410_1533,3,3,0.012913,0.030548,0.022059,0.755145,0.061617,0.068951,0.048766
3824_192_910_989,6,6,0.01152,0.033232,0.133761,0.186966,0.042994,0.12598,0.465547
3824_191_162_254,6,6,0.021696,0.054088,0.033969,0.209361,0.072819,0.022706,0.58536
3824_192_532_628,1,5,0.047383,0.114468,0.077852,0.019798,0.049999,0.642394,0.048107
3824_192_1081_1108,3,5,0.018095,0.042655,0.026227,0.128582,0.02378,0.681208,0.079453
3824_192_1745_1777,3,3,0.005438,0.00264,0.012284,0.82488,0.029557,0.058156,0.067046
3824_192_263_370,1,5,0.026056,0.047918,0.066647,0.096462,0.041053,0.579121,0.142742
3824_191_1003_1062,3,3,0.019395,0.01165,0.009608,0.523945,0.016196,0.414243,0.004963
3824_191_383_515,6,6,0.042996,0.212395,0.085894,0.05903,0.240737,0.017801,0.341148
3824_191_31_117,6,6,0.028248,0.117458,0.128709,0.164418,0.239746,0.053723,0.267698
3824_192_729_828,1,6,0.012577,0.040386,0.046606,0.246653,0.031892,0.136644,0.485242
3824_191_648_715,1,6,0.093276,0.24,0.042226,0.092118,0.154546,0.042476,0.335358
3824_191_832_885,6,5,0.006946,0.039212,0.065645,0.061153,0.041349,0.478844,0.306851
3824_191_1693_1718,3,1,0.142342,0.428151,0.022883,0.127764,0.131099,0.036061,0.111701
3822_191_117_153,5,5,0.008,0.018209,0.025701,0.028085,0.027531,0.771568,0.120907
3822_192_1254_1339,3,3,0.016746,0.034205,0.039413,0.597788,0.04455,0.107403,0.159895
3822_191_1982_2208,4,1,0.105139,0.295434,0.087459,0.083716,0.227651,0.072613,0.127988
3822_191_1111_1236,4,6,0.017102,0.080041,0.064695,0.240304,0.125786,0.074277,0.397796
3822_191_1554_1684,1,3,0.018164,0.123999,0.055371,0.481195,0.081008,0.100563,0.139699
3822_191_228_291,1,1,0.050465,0.310218,0.093987,0.026435,0.193508,0.151849,0.173538
3822_191_1771_1919,3,3,0.004292,0.007838,0.009169,0.798472,0.015339,0.008025,0.156865
3822_192_1386_1537,3,3,0.012246,0.01625,0.030213,0.593886,0.038154,0.022828,0.286424
3822_191_900_976,3,3,0.02397,0.040981,0.025277,0.498094,0.058564,0.302102,0.051011
3822_192_167_211,3,5,0.019885,0.053024,0.058119,0.279887,0.048564,0.287997,0.252523
3822_191_1347_1366,3,3,0.01903,0.063352,0.046503,0.56918,0.062527,0.055101,0.184309
3822_192_2222_2320,3,3,0.006668,0.012967,0.018881,0.884711,0.012684,0.014034,0.050054
3822_192_563_893,3,3,0.040361,0.072236,0.037748,0.437702,0.09512,0.117174,0.19966
3822_192_1693_1763,3,3,0.010463,0.027926,0.012931,0.842386,0.028717,0.015696,0.061881
3822_192_302_414,3,5,0.038151,0.060268,0.032764,0.20842,0.050632,0.468144,0.141621
3822_192_987_1091,3,3,0.025426,0.044682,0.037379,0.63151,0.048073,0.059964,0.152967
3822_191_421_548,1,5,0.014458,0.062302,0.041608,0.028353,0.084858,0.689926,0.078494
3822_192_31_106,6,3,0.023946,0.08145,0.079865,0.339873,0.162994,0.028877,0.282995
3822_192_1930_1960,5,5,0.019005,0.052142,0.04598,0.071583,0.027725,0.657248,0.126318
3823_192_2414_2709,1,4,0.055911,0.158508,0.160519,0.088275,0.198196,0.175499,0.163092
3823_191_96_198,6,3,0.032473,0.038873,0.019454,0.288074,0.097274,0.250567,0.273285
3823_191_1285_1492,2,1,0.184293,0.391636,0.090023,0.077265,0.109821,0.069433,0.07753
3823_192_1073_1271,1,6,0.034486,0.102004,0.16978,0.238299,0.132926,0.023829,0.298675
3823_192_203_261,5,5,0.010757,0.024064,0.015338,0.011912,0.013286,0.894127,0.030517
3823_191_2727_2872,2,0,0.4371,0.404554,0.033954,0.004565,0.066923,0.034887,0.018017
3823_191_849_1035,1,4,0.085997,0.210256,0.03596,0.077449,0.245935,0.18139,0.163014
3823_192_2884_3042,0,1,0.062532,0.210601,0.140294,0.189274,0.16196,0.025174,0.210165
3823_191_1974_2152,1,1,0.287219,0.479466,0.050725,0.010458,0.071507,0.029588,0.071038
3823_192_1500_1777,1,2,0.057739,0.206039,0.272084,0.082702,0.162397,0.077677,0.141362
3823_191_452_631,1,4,0.051649,0.186426,0.130942,0.0312,0.32618,0.027446,0.246156
3823_191_2251_2351,1,1,0.083994,0.416296,0.046831,0.024129,0.190877,0.031339,0.206535
3823_192_2166_2233,5,5,0.024866,0.022485,0.014633,0.007242,0.013667,0.896912,0.020195
3823_192_1882_1957,0,3,0.046824,0.137712,0.121455,0.324855,0.072064,0.038692,0.258398
3823_192_652_831,1,5,0.014695,0.048028,0.055208,0.013502,0.051222,0.793836,0.023509
3823_191_1796_1879,2,6,0.025442,0.140901,0.125939,0.076956,0.15559,0.11418,0.360991
3823_191_3049_3086,6,5,0.037043,0.036671,0.026201,0.126179,0.036027,0.466059,0.271819
3823_191_275_395,1,1,0.292092,0.421469,0.030196,0.019958,0.107032,0.042619,0.086635
3823_192_409_430,5,5,0.010452,0.022322,0.01785,0.01054,0.014051,0.886869,0.037916
3823_192_60_76,5,5,0.01396,0.025047,0.014726,0.012748,0.015204,0.877492,0.040824
3823_191_31_56,3,6,0.033525,0.049618,0.040879,0.236178,0.09073,0.109156,0.439914
3831_191_2473_2548,1,5,0.071445,0.227157,0.081871,0.023245,0.096749,0.371403,0.128131
3831_191_31_222,6,5,0.059993,0.08027,0.031278,0.024615,0.071804,0.648285,0.083755
3831_191_1129_1389,6,4,0.069938,0.126853,0.043915,0.033431,0.257019,0.219339,0.249505
3831_191_1935_2089,6,5,0.030415,0.060098,0.023091,0.011273,0.061852,0.750315,0.062955
3831_192_1673_1935,6,3,0.013639,0.055052,0.05944,0.352879,0.034521,0.131619,0.352851
3831_192_222_432,6,6,0.035953,0.216218,0.115507,0.122483,0.105551,0.108787,0.295501
3831_192_1389_1546,1,5,0.017937,0.141782,0.247444,0.048887,0.057778,0.251149,0.235023
3831_192_2089_2473,6,5,0.009547,0.073727,0.119582,0.064177,0.089963,0.327798,0.315206
3831_192_879_1129,6,6,0.01695,0.062894,0.090943,0.157234,0.030137,0.074881,0.566961
3831_192_533_754,6,6,0.012401,0.070051,0.049522,0.22496,0.083264,0.165081,0.394721
3831_191_461_533,6,5,0.01907,0.084506,0.052237,0.014641,0.049352,0.586131,0.194063
3831_191_754_879,6,6,0.069977,0.154381,0.065723,0.076227,0.210875,0.135345,0.287474
3831_191_1546_1673,1,4,0.094141,0.25771,0.063752,0.138924,0.290658,0.025961,0.128853
3832_192_31_174,0,0,0.677967,0.180474,0.040545,0.009415,0.031978,0.04698,0.012642
3832_191_1247_1526,4,4,0.02299,0.149506,0.246018,0.009808,0.478535,0.046416,0.046727
3832_192_1886_2321,3,4,0.057344,0.152841,0.114216,0.145639,0.258141,0.070163,0.201656
3832_192_1086_1247,0,1,0.135139,0.422972,0.0851,0.058413,0.081247,0.065651,0.151477
3832_192_1526_1766,6,1,0.118355,0.365213,0.120928,0.072482,0.184824,0.033221,0.104977
3832_192_212_415,0,0,0.825054,0.119067,0.009077,0.004977,0.01448,0.022722,0.004623
3832_191_1766_1886,4,4,0.028525,0.166387,0.069164,0.027768,0.583444,0.03158,0.093132
3832_191_722_1086,2,1,0.137972,0.357964,0.062022,0.016887,0.343203,0.026494,0.055458
3832_191_174_212,4,1,0.106619,0.299091,0.067444,0.048991,0.173896,0.04201,0.261948
3832_192_563_722,0,0,0.758999,0.149804,0.013969,0.010641,0.020737,0.034945,0.010905
3832_191_2321_2358,4,4,0.015295,0.16119,0.209455,0.016556,0.446178,0.027699,0.123627
3832_192_448_529,0,0,0.581256,0.175284,0.03566,0.024144,0.037748,0.089668,0.056241
3832_191_415_448,4,1,0.093725,0.323882,0.072705,0.037207,0.202577,0.044153,0.225752
3832_191_529_563,4,6,0.064414,0.261936,0.069197,0.055702,0.204871,0.038051,0.305829
3827_191_104_157,5,5,0.017917,0.040936,0.014048,0.0052,0.015565,0.884697,0.021637
3827_191_1271_1426,6,5,0.015669,0.056899,0.021234,0.048956,0.055047,0.764672,0.037523
3827_191_2008_2201,2,1,0.235024,0.467878,0.09766,0.024578,0.078143,0.066957,0.02976
3827_192_1145_1255,3,3,0.023113,0.06543,0.017536,0.68343,0.052701,0.03576,0.12203
3827_191_1530_1688,6,6,0.043721,0.189823,0.039107,0.201471,0.111107,0.072165,0.342605
3827_192_1694_1963,1,5,0.012013,0.043297,0.03567,0.017705,0.053675,0.793006,0.044634
3827_192_1428_1521,5,5,0.005421,0.007947,0.00819,0.020933,0.010445,0.91765,0.029414
3827_192_2213_2315,1,3,0.078418,0.226985,0.101137,0.244043,0.126744,0.036003,0.186671
3827_191_919_942,5,5,0.009033,0.016265,0.013935,0.032285,0.016955,0.882809,0.028719
3827_192_184_253,1,5,0.008247,0.052867,0.07055,0.02283,0.029548,0.778199,0.037759
3827_191_554_665,2,6,0.050521,0.278307,0.034535,0.228353,0.080086,0.024124,0.304074
3827_191_2335_2375,6,1,0.120684,0.435389,0.053979,0.074774,0.150572,0.03539,0.129213
3827_191_1071_1138,1,1,0.12562,0.72127,0.013323,0.022244,0.064827,0.011445,0.041272
3827_192_952_1061,1,3,0.039723,0.078282,0.03661,0.477826,0.051554,0.039166,0.276839
3827_192_31_92,5,5,0.032581,0.054831,0.023412,0.018383,0.018378,0.821088,0.031328
3827_192_383_460,5,5,0.012472,0.011222,0.013229,0.039351,0.01425,0.891206,0.01827
3827_192_669_909,1,1,0.234455,0.382481,0.081372,0.063379,0.090319,0.071582,0.076412
3827_192_512_529,5,5,0.054368,0.037685,0.018409,0.02661,0.011642,0.775991,0.075295
3827_191_481_501,2,4,0.012959,0.213193,0.113632,0.030025,0.449117,0.015427,0.165647
3827_191_273_310,1,5,0.07734,0.123084,0.033897,0.041805,0.043328,0.641393,0.039153
3828_191_108_138,1,1,0.265059,0.425227,0.032236,0.030965,0.064793,0.118108,0.063612
3828_192_1241_1362,3,3,0.03808,0.201476,0.089595,0.266438,0.099691,0.051066,0.253653
3828_191_1132_1234,1,1,0.065871,0.294418,0.064431,0.064088,0.193448,0.211217,0.106527
3828_191_1613_1689,1,6,0.08045,0.239709,0.043758,0.155004,0.119275,0.118477,0.243328
3828_191_1394_1505,1,1,0.085991,0.43217,0.087149,0.026426,0.177256,0.066691,0.124318
3828_192_916_1129,3,3,0.018869,0.034346,0.016517,0.557252,0.054773,0.081141,0.237102
3828_192_145_252,1,1,0.160502,0.320809,0.069426,0.020716,0.163533,0.157081,0.107934
3828_191_524_622,1,1,0.115259,0.417253,0.048077,0.031603,0.110392,0.206123,0.071293
3828_191_305_334,4,5,0.014125,0.11529,0.11632,0.046409,0.175115,0.278889,0.253852
3828_192_633_675,1,5,0.081231,0.185493,0.06118,0.055056,0.04335,0.30701,0.266681
3828_192_432_510,1,5,0.127542,0.095957,0.02738,0.030558,0.029107,0.595208,0.094247
3828_192_31_95,1,0,0.301461,0.293784,0.050015,0.031688,0.060596,0.175591,0.086866
3828_192_1516_1602,3,6,0.052231,0.259706,0.037265,0.139133,0.083765,0.039576,0.388326
3828_192_802_877,1,6,0.056304,0.264344,0.057551,0.118929,0.121652,0.041091,0.34013
3828_191_693_779,1,0,0.484032,0.425185,0.024321,0.004349,0.036985,0.015786,0.009343
3828_192_348_389,0,6,0.098888,0.147261,0.058337,0.0893,0.034416,0.242334,0.329464
3828_191_884_905,5,5,0.012282,0.021034,0.013846,0.014009,0.012775,0.871994,0.05406
3828_191_399_421,1,6,0.154478,0.248379,0.053283,0.130674,0.069742,0.058754,0.28469
3825_192_101_206,3,5,0.009632,0.026002,0.048202,0.14661,0.031244,0.584668,0.153642
3825_192_1284_1514,3,6,0.05243,0.194182,0.044684,0.278271,0.112403,0.019171,0.298859
3825_192_1663_1722,3,5,0.085604,0.222658,0.070464,0.211408,0.055387,0.246479,0.107999
3825_191_221_281,1,1,0.16009,0.622094,0.022424,0.031377,0.087152,0.043938,0.032925
3825_192_1770_1904,3,3,0.06277,0.199298,0.031938,0.396417,0.066037,0.036815,0.206724
3825_192_919_986,6,6,0.008021,0.067524,0.188588,0.091429,0.039456,0.28745,0.317531
3825_191_573_676,1,4,0.020402,0.198381,0.070087,0.065646,0.490361,0.031013,0.12411
3825_192_1037_1174,1,3,0.024907,0.135194,0.036118,0.373778,0.049553,0.020153,0.360296
3825_191_2050_2076,3,3,0.035043,0.036863,0.035125,0.663548,0.035887,0.150019,0.043516
3825_192_294_344,3,3,0.007683,0.016575,0.009324,0.845527,0.020083,0.018776,0.082032
3825_192_439_559,3,3,0.00765,0.018699,0.014208,0.804383,0.015009,0.008531,0.13152
3825_191_31_79,1,5,0.018987,0.087185,0.084979,0.095359,0.195758,0.278216,0.239515
3825_191_1535_1652,1,1,0.225096,0.579225,0.032498,0.006827,0.106463,0.027592,0.022299
3825_191_1191_1271,1,1,0.077059,0.603937,0.058218,0.020584,0.157811,0.043297,0.039094
3825_191_802_903,1,3,0.0148,0.071379,0.019582,0.411615,0.074359,0.027768,0.380496
3825_191_1723_1759,6,3,0.054137,0.083392,0.042212,0.519445,0.066446,0.134895,0.099472
3825_192_704_782,5,6,0.018132,0.04694,0.04051,0.225734,0.024185,0.238066,0.406433
3825_191_363_426,6,5,0.010095,0.038899,0.032629,0.21336,0.043593,0.41715,0.244275
3825_191_1911_1937,3,5,0.009759,0.01022,0.007921,0.335042,0.015391,0.613411,0.008257
3825_192_1954_2041,3,3,0.065734,0.104915,0.02779,0.411399,0.044169,0.076862,0.269132
3825_191_993_1030,3,5,0.007363,0.021722,0.017154,0.041291,0.022102,0.811667,0.0787
3830_192_77_194,2,4,0.029277,0.115901,0.072116,0.032016,0.476009,0.237717,0.036963
3830_191_212_270,4,6,0.018134,0.166236,0.038262,0.093034,0.238684,0.054304,0.391347
3830_191_1443_1503,1,1,0.244167,0.539092,0.013108,0.021161,0.107602,0.02889,0.045981
3830_192_893_945,4,5,0.021389,0.130279,0.070091,0.04127,0.08098,0.332524,0.323468
3830_191_1309_1366,0,5,0.11076,0.127943,0.035724,0.102397,0.065431,0.362073,0.195673
3830_191_1129_1177,3,3,0.011756,0.024287,0.038256,0.4851,0.030789,0.307614,0.102199
3830_192_1009_1129,1,5,0.014736,0.068884,0.053514,0.094835,0.078972,0.460163,0.228896
3830_192_286_371,2,5,0.010321,0.0204,0.054368,0.054924,0.034564,0.660042,0.165381
3830_192_597_661,6,5,0.016507,0.038625,0.089824,0.045403,0.04701,0.514616,0.248014
3830_192_454_545,4,5,0.007862,0.029942,0.019472,0.019803,0.031908,0.798271,0.092742
3830_191_31_67,2,5,0.148031,0.099896,0.069336,0.11136,0.065567,0.361732,0.144078
3830_191_379_439,6,6,0.087923,0.269299,0.05121,0.059518,0.082107,0.033593,0.416351
3830_192_1503_1590,3,3,0.007745,0.01798,0.017715,0.542445,0.016076,0.044641,0.353396
3830_192_1191_1260,6,1,0.050194,0.329358,0.055677,0.084022,0.066005,0.264291,0.150452
3830_192_729_830,2,6,0.006429,0.02634,0.031511,0.223406,0.054314,0.125065,0.532934
3830_191_1597_1668,1,1,0.169915,0.316888,0.018654,0.166051,0.134551,0.051454,0.142487
3830_192_1366_1434,3,3,0.007291,0.011705,0.023014,0.698933,0.013379,0.024149,0.221529
3830_191_672_694,1,5,0.054755,0.147101,0.077718,0.083353,0.069174,0.378911,0.188987
3830_191_953_1009,3,3,0.009934,0.02115,0.010926,0.845304,0.016803,0.014938,0.080945
3830_191_830_866,6,6,0.019801,0.057656,0.021962,0.344754,0.075539,0.023083,0.457205
3830_191_546_568,6,6,0.016276,0.074202,0.028873,0.152375,0.123965,0.018161,0.586147
3839_191_114_194,1,6,0.021538,0.181338,0.284084,0.027527,0.065301,0.034777,0.385436
3839_191_1066_1402,1,1,0.061952,0.27684,0.257163,0.020956,0.208479,0.03289,0.141721
3839_191_1595_1786,1,4,0.104721,0.265683,0.046377,0.014024,0.29453,0.231176,0.04349
3839_192_233_316,1,5,0.006618,0.018302,0.014018,0.030509,0.014185,0.864658,0.051709
3839_192_1411_1585,1,3,0.045452,0.051822,0.052087,0.372382,0.110356,0.153984,0.213917
3839_192_941_1050,1,3,0.021843,0.014239,0.026319,0.594574,0.06137,0.214137,0.067518
3839_192_539_698,1,6,0.053226,0.091756,0.068259,0.202074,0.090699,0.246538,0.247448
3839_191_327_523,1,2,0.015723,0.202154,0.318207,0.020681,0.112547,0.027216,0.303473
3839_191_31_64,6,6,0.043696,0.164075,0.12877,0.058938,0.113379,0.072922,0.41822
3839_191_719_863,1,1,0.042158,0.310327,0.257888,0.022588,0.079212,0.051498,0.236329
3839_192_80_99,5,5,0.011755,0.026399,0.025892,0.057144,0.025806,0.717838,0.135166
3839_192_1901_2002,1,3,0.024159,0.022037,0.005982,0.807747,0.024392,0.017249,0.098433
3839_191_2013_2023,6,6,0.045591,0.062437,0.069114,0.263355,0.084092,0.205044,0.270367
3835_192_2344_2561,3,3,0.041206,0.112338,0.046199,0.616012,0.084111,0.062629,0.037505
3835_191_123_153,3,3,0.070008,0.068862,0.015781,0.648813,0.033366,0.027201,0.13597
3835_192_1077_1309,1,5,0.057451,0.183839,0.115027,0.058872,0.140024,0.347655,0.097132
3835_192_2026_2161,5,5,0.029746,0.044738,0.011734,0.036235,0.029066,0.83094,0.017542
3835_191_1646_1854,5,5,0.033183,0.131906,0.067387,0.027203,0.277395,0.399969,0.062958
3835_192_170_301,5,5,0.021358,0.038707,0.021732,0.127416,0.026768,0.702783,0.061237
3835_191_1316_1467,5,4,0.02983,0.139597,0.082098,0.009551,0.328305,0.324687,0.085932
3835_191_2166_2327,3,6,0.03047,0.105776,0.018492,0.321979,0.116012,0.054607,0.352664
3835_191_806_1073,6,4,0.022289,0.092336,0.016799,0.178863,0.32779,0.177991,0.183932
3835_191_519_602,1,5,0.083212,0.204,0.085378,0.025642,0.084126,0.389642,0.128
3835_191_306_349,5,5,0.051436,0.099975,0.069526,0.018983,0.039726,0.623427,0.096928
3835_192_628_803,3,3,0.027004,0.070393,0.027489,0.761646,0.027464,0.0591,0.026903
3835_192_361_506,1,3,0.057446,0.138124,0.105079,0.408722,0.091203,0.069035,0.130392
3835_192_31_119,3,3,0.008746,0.020051,0.022443,0.609153,0.027503,0.021646,0.290457
3835_192_1480_1633,2,3,0.029566,0.237021,0.096079,0.317199,0.218503,0.038595,0.063036
3835_192_1866_1940,3,3,0.011988,0.024399,0.032837,0.606104,0.019852,0.124418,0.180402
3835_191_1951_2006,3,3,0.02341,0.098618,0.014819,0.555642,0.139597,0.019629,0.148286
3836_192_2476_2570,3,3,0.007997,0.016512,0.016029,0.756966,0.017968,0.006595,0.177933
3836_191_31_138,3,3,0.016498,0.027435,0.054509,0.384591,0.066603,0.072392,0.377972
3836_192_1295_1428,3,3,0.011553,0.03329,0.033317,0.580011,0.031213,0.016531,0.294085
3836_192_2015_2108,3,3,0.01234,0.023648,0.02689,0.69225,0.027757,0.012261,0.204855
3836_191_1133_1288,2,4,0.046962,0.206815,0.10284,0.020923,0.461248,0.041349,0.119864
3836_191_1436_1844,5,3,0.019081,0.01904,0.012968,0.560483,0.037283,0.327785,0.02336
3836_191_239_568,1,4,0.026983,0.088235,0.05791,0.075899,0.505676,0.063996,0.181302
3836_191_2120_2286,3,3,0.006439,0.004408,0.007185,0.777539,0.023052,0.160612,0.020765
3836_191_744_937,4,1,0.118924,0.32613,0.066255,0.012396,0.308207,0.090701,0.077387
3836_192_949_1122,4,3,0.018515,0.041865,0.106184,0.368911,0.306204,0.042529,0.115792
3836_192_145_226,3,6,0.014584,0.038543,0.054301,0.36937,0.053566,0.010708,0.458928
3836_192_2290_2379,3,3,0.002925,0.004368,0.006955,0.898268,0.009515,0.004312,0.073658
3836_192_581_728,4,4,0.01608,0.066719,0.253147,0.081766,0.397552,0.020898,0.163838
3836_191_2391_2475,3,3,0.005623,0.00955,0.007699,0.709807,0.024706,0.008382,0.234233
3836_192_1845_1961,3,3,0.010761,0.027801,0.032376,0.680027,0.029358,0.009639,0.210037
3836_191_1966_2001,5,5,0.034575,0.076819,0.089069,0.057373,0.145843,0.357587,0.238735
3834_191_2479_2518,2,4,0.022771,0.200644,0.163449,0.008968,0.551946,0.008365,0.043857
3834_191_31_144,4,4,0.03673,0.259398,0.061884,0.015018,0.523478,0.028604,0.074887
3834_191_1167_1339,4,4,0.045616,0.234493,0.092469,0.018231,0.443779,0.050647,0.114767
3834_192_166_406,0,5,0.043157,0.061973,0.034127,0.135505,0.087864,0.528238,0.109136
3834_191_2731_2777,1,4,0.043816,0.21008,0.068181,0.047348,0.410294,0.023608,0.196673
3834_191_1440_1673,4,4,0.045623,0.31498,0.076873,0.013022,0.465378,0.015072,0.069054
3834_192_2518_2731,4,1,0.146328,0.233671,0.106897,0.187516,0.152864,0.043152,0.129572
3834_191_843_1085,4,4,0.019769,0.154722,0.121821,0.005408,0.631433,0.018893,0.047953
3834_192_1339_1440,0,5,0.324521,0.054346,0.016293,0.015321,0.019459,0.553369,0.016692
3834_192_1097_1167,0,0,0.565892,0.124212,0.01956,0.009597,0.016122,0.247253,0.017364
3834_191_1845_2200,2,4,0.08547,0.305991,0.04348,0.011364,0.522443,0.012601,0.018651
3834_192_1673_1810,0,1,0.186638,0.322426,0.088637,0.044615,0.265143,0.026831,0.065711
3834_191_565_646,4,4,0.029512,0.208509,0.070725,0.011308,0.570515,0.029243,0.080188
3834_192_2200_2476,1,1,0.228487,0.397062,0.146624,0.023741,0.088971,0.052826,0.062289
3834_192_656_745,5,5,0.010577,0.008819,0.007846,0.007306,0.006383,0.940759,0.018311
3834_191_406_514,4,4,0.049574,0.397216,0.026389,0.009886,0.456709,0.021457,0.038769
3834_192_514_555,1,5,0.033373,0.083594,0.084668,0.027378,0.058595,0.547362,0.16503
3834_192_789_837,0,5,0.343374,0.178753,0.023235,0.016553,0.030894,0.362662,0.044528
3834_191_745_768,4,4,0.016144,0.153149,0.122615,0.050668,0.380823,0.028179,0.24842
3838_191_2375_2552,2,1,0.069337,0.515649,0.070391,0.083554,0.136352,0.032488,0.09223
3838_191_1272_1469,6,6,0.010858,0.113603,0.06845,0.24867,0.090823,0.03638,0.431217
3838_192_244_321,3,6,0.01079,0.048054,0.059547,0.162756,0.048566,0.14261,0.527677
3838_192_2573_2750,3,3,0.037501,0.207518,0.116019,0.228723,0.146854,0.06091,0.202474
3838_192_748_963,3,3,0.015942,0.033807,0.062124,0.395736,0.040877,0.159455,0.292059
3838_191_1099_1174,5,1,0.068725,0.26506,0.051668,0.167197,0.186137,0.056113,0.2051
3838_191_2061_2221,3,3,0.024681,0.099567,0.07521,0.388992,0.103284,0.018112,0.290155
3838_192_169_198,5,5,0.060285,0.101617,0.058505,0.181122,0.040278,0.302963,0.255229
3838_192_1715_2047,3,6,0.021917,0.056467,0.024276,0.359265,0.058062,0.060824,0.419189
3838_191_489_739,6,6,0.02714,0.197937,0.030074,0.079311,0.159004,0.04475,0.461785
3838_191_1630_1692,1,1,0.023962,0.610377,0.092864,0.011331,0.212744,0.013437,0.035284
3838_192_1483_1605,3,3,0.021721,0.04497,0.044811,0.615309,0.066965,0.060811,0.145413
3838_192_2247_2344,5,5,0.012016,0.038163,0.014131,0.01573,0.019987,0.841143,0.05883
3838_192_1190_1261,5,6,0.053355,0.092714,0.034006,0.204759,0.038715,0.277059,0.299392
3838_191_81_124,1,6,0.037213,0.264051,0.056454,0.091394,0.195676,0.012252,0.342961
3838_192_1031_1087,1,5,0.057084,0.081508,0.027001,0.023129,0.033954,0.740102,0.037223
3838_191_981_1024,5,1,0.145467,0.43886,0.109025,0.034379,0.103967,0.051523,0.116779
3838_191_329_392,1,6,0.015235,0.22519,0.096356,0.032095,0.185648,0.022523,0.422954
3838_192_418_476,3,6,0.012744,0.053376,0.089416,0.073318,0.027337,0.357958,0.385851
3838_192_31_67,3,5,0.020355,0.039838,0.045808,0.133826,0.028163,0.385109,0.346901
3838_191_219_226,1,6,0.027392,0.147837,0.072944,0.091697,0.223462,0.015529,0.421139
3840_192_31_316,2,3,0.047819,0.084692,0.064039,0.36671,0.044336,0.054928,0.337476
3840_192_1294_1320,2,6,0.061079,0.200946,0.055549,0.161445,0.14244,0.035956,0.342585
3840_192_835_1184,2,0,0.406089,0.208977,0.105954,0.05701,0.110927,0.063033,0.04801
3840_192_1642_1726,1,6,0.058502,0.123587,0.053819,0.319826,0.060337,0.031868,0.35206
3840_192_1791_1908,2,6,0.095545,0.175753,0.119903,0.203212,0.063334,0.051203,0.291051
3840_192_1448_1484,5,5,0.013749,0.032122,0.027144,0.027815,0.023888,0.756793,0.118489
3840_192_483_592,2,3,0.073827,0.063509,0.050777,0.418913,0.046124,0.157803,0.189047
3840_191_1733_1782,1,1,0.073549,0.537458,0.057687,0.021379,0.079335,0.153297,0.077295
3840_191_317_348,1,6,0.060279,0.230979,0.032571,0.214403,0.182818,0.018662,0.260289
3840_191_599_634,1,1,0.112984,0.341922,0.037803,0.081077,0.122194,0.031088,0.272933
3840_192_369_452,2,3,0.014096,0.021785,0.021705,0.603613,0.02879,0.038332,0.27168
3840_191_454_463,6,6,0.024148,0.145279,0.033574,0.054365,0.164756,0.020173,0.557706
3840_191_1496_1548,1,6,0.085436,0.185641,0.162504,0.039153,0.192754,0.12291,0.211603
3840_191_1195_1264,1,1,0.116003,0.358689,0.079433,0.018702,0.150813,0.164249,0.112111
3840_191_726_823,1,1,0.16802,0.559122,0.024449,0.019136,0.157154,0.026067,0.046053
3840_192_647_713,2,5,0.053863,0.04016,0.03211,0.194051,0.050013,0.559281,0.070523
3840_191_1605_1628,6,6,0.153856,0.265915,0.039626,0.061253,0.061863,0.059558,0.357928
3840_191_1391_1420,5,1,0.140116,0.360052,0.087442,0.036914,0.183957,0.025173,0.166345
3840_192_1564_1576,5,5,0.026001,0.02882,0.0149,0.015735,0.01278,0.860686,0.041077
3925_198_117_429,1,4,0.198099,0.221305,0.08078,0.078421,0.321691,0.0599,0.039804
3925_197_1226_1329,1,1,0.300268,0.438489,0.037596,0.022983,0.072025,0.076212,0.052427
3925_198_1886_2358,1,1,0.092998,0.265261,0.072493,0.135442,0.141778,0.063485,0.228544
3925_198_1024_1201,1,1,0.082623,0.26561,0.061025,0.091512,0.050825,0.18391,0.264495
3925_198_1346_1684,1,4,0.091989,0.236011,0.050928,0.11488,0.255764,0.058073,0.192356
3925_197_1695_1860,0,0,0.629076,0.259491,0.024535,0.009413,0.03569,0.032363,0.009431
3925_197_877_990,0,1,0.221518,0.420347,0.065241,0.047867,0.073534,0.030265,0.141227
3925_198_541_864,1,1,0.200899,0.479816,0.054357,0.03879,0.139044,0.03588,0.051214
3925_197_439_528,1,1,0.276087,0.327243,0.050973,0.017798,0.032492,0.237662,0.057746
3925_197_31_79,1,1,0.115774,0.442353,0.155109,0.011772,0.133967,0.052346,0.088679
3925_197_2389_2481,1,3,0.047315,0.135531,0.072677,0.481308,0.091146,0.079045,0.092977
3928_198_31_149,5,5,0.03583,0.095049,0.139349,0.028798,0.18286,0.402574,0.115539
3928_197_1160_1356,4,3,0.026074,0.119613,0.027555,0.54033,0.181593,0.045562,0.059273
3928_198_1963_2172,1,3,0.029355,0.108027,0.021904,0.482267,0.163294,0.042276,0.152877
3928_198_1634_1781,1,6,0.129518,0.174451,0.049706,0.133324,0.065866,0.182653,0.264482
3928_198_248_318,1,5,0.056148,0.137977,0.068089,0.028359,0.074157,0.547051,0.088219
3928_197_1809_1962,3,3,0.026137,0.119131,0.115057,0.383021,0.207565,0.095641,0.053449
3928_198_1373_1584,0,5,0.0322,0.038421,0.039088,0.134676,0.038155,0.455382,0.262078
3928_198_929_1130,0,5,0.050074,0.217506,0.065392,0.07266,0.126698,0.264976,0.202694
3928_197_154_237,4,1,0.053559,0.313947,0.117645,0.182824,0.163706,0.081421,0.086899
3928_198_559_764,1,0,0.4581,0.247561,0.057012,0.010243,0.097032,0.115173,0.01488
3928_197_346_545,6,4,0.020839,0.183383,0.196232,0.135999,0.331317,0.042998,0.089231
3928_197_800_926,4,1,0.01731,0.262617,0.246463,0.039887,0.239993,0.015589,0.178141
3928_197_1604_1608,5,5,0.008592,0.031892,0.043895,0.030973,0.037222,0.76893,0.078496
3927_197_31_165,2,3,0.015133,0.027517,0.210799,0.33501,0.095135,0.025318,0.291088
3927_198_1209_1418,1,1,0.157947,0.506148,0.03339,0.032523,0.180994,0.037109,0.05189
3927_197_1622_1708,6,6,0.08311,0.211054,0.06543,0.244073,0.103631,0.022163,0.27054
3927_198_178_307,1,5,0.012647,0.038654,0.091658,0.065098,0.036505,0.637944,0.117493
3927_197_1418_1479,4,4,0.02896,0.334847,0.093173,0.009229,0.492801,0.009963,0.031026
3927_197_844_971,5,2,0.052447,0.225509,0.227945,0.031207,0.22205,0.128733,0.112108
3927_197_587_664,3,3,0.019587,0.027915,0.189449,0.571553,0.097357,0.021727,0.072412
3927_197_1119_1178,5,5,0.018186,0.04246,0.08204,0.094501,0.07697,0.383895,0.301948
3927_197_317_464,6,2,0.014528,0.083582,0.288842,0.281239,0.181583,0.019076,0.13115
3927_198_988_1101,1,6,0.043051,0.198798,0.110402,0.109784,0.087583,0.071137,0.379246
3927_198_465_571,5,5,0.011974,0.023589,0.025405,0.055236,0.038637,0.795583,0.049577
3927_198_1535_1611,4,4,0.03056,0.130943,0.164999,0.101002,0.319108,0.023945,0.229443
3927_198_674_833,3,3,0.016178,0.032632,0.032458,0.719017,0.046097,0.046764,0.106854
3931_198_99_156,6,6,0.098798,0.200932,0.106145,0.108291,0.068487,0.154752,0.262595
3931_197_1163_1346,1,1,0.247319,0.546937,0.019305,0.032505,0.121142,0.018426,0.014367
3931_197_1575_1691,1,1,0.273907,0.377909,0.051983,0.065596,0.090715,0.03558,0.10431
3931_198_231_256,6,6,0.108945,0.142411,0.17845,0.061782,0.08502,0.121574,0.301818
3931_198_1715_1870,0,1,0.341238,0.390962,0.048584,0.014924,0.050126,0.100939,0.053227
3931_198_1374_1563,0,1,0.23702,0.388086,0.044268,0.040402,0.100455,0.086638,0.103131
3931_198_918_1149,1,1,0.156916,0.303955,0.057864,0.043139,0.127032,0.140825,0.170269
3931_197_168_205,3,3,0.022369,0.092576,0.043399,0.650266,0.067101,0.023654,0.100634
3931_198_576_721,1,1,0.249067,0.367291,0.071522,0.017625,0.054374,0.189707,0.050414
3931_197_344_548,6,6,0.039933,0.245157,0.12472,0.072309,0.14566,0.086283,0.285939
3931_197_31_85,3,3,0.007888,0.008045,0.01733,0.869374,0.019661,0.016599,0.061104
3931_197_736_901,6,1,0.144382,0.435437,0.042976,0.077725,0.113713,0.059606,0.126162
3923_197_74_226,6,5,0.233652,0.252548,0.087857,0.027828,0.042542,0.269781,0.085794
3923_197_1189_1390,1,4,0.012035,0.232576,0.198047,0.00542,0.460504,0.02865,0.062769
3923_198_1956_2189,1,1,0.088577,0.365005,0.078757,0.088215,0.241036,0.041717,0.096692
3923_198_1594_1713,1,6,0.010379,0.071149,0.19866,0.060462,0.083001,0.046572,0.529778
3923_198_243_276,1,1,0.235477,0.361128,0.07405,0.074992,0.080752,0.04355,0.130052
3923_197_1727_1951,5,2,0.032161,0.238608,0.244205,0.010626,0.230321,0.173819,0.07026
3923_198_1417_1483,1,5,0.033334,0.189028,0.169002,0.05879,0.118836,0.254097,0.176912
3923_197_2208_2247,4,6,0.030293,0.177764,0.124792,0.123272,0.223159,0.027276,0.293445
3923_198_815_945,2,6,0.020519,0.140545,0.228218,0.047261,0.167704,0.096915,0.298838
3923_198_511_669,1,2,0.017329,0.073331,0.277029,0.093987,0.172838,0.142159,0.223328
3923_198_1045_1169,1,1,0.070773,0.315499,0.140198,0.038039,0.261634,0.054868,0.118989
3923_198_31_66,1,1,0.301717,0.324298,0.083419,0.01466,0.041301,0.166698,0.067906
3923_197_437_467,6,5,0.012889,0.056894,0.068428,0.009872,0.037287,0.697302,0.117329
3923_197_1487_1577,1,1,0.088296,0.537674,0.094909,0.012628,0.159093,0.039336,0.068064
3923_197_689_791,5,6,0.024827,0.12967,0.173157,0.022767,0.118268,0.186343,0.344968
3923_197_964_1033,5,5,0.01627,0.043054,0.028513,0.009859,0.01863,0.842575,0.0411
3933_198_112_200,3,3,0.016632,0.027267,0.024301,0.511438,0.02525,0.106503,0.288609
3933_197_1243_1344,3,3,0.051888,0.180926,0.037138,0.610394,0.040899,0.026391,0.052364
3933_198_1161_1240,5,5,0.026554,0.019916,0.014539,0.272593,0.024013,0.628886,0.013499
3933_197_1444_1699,5,5,0.02612,0.026472,0.015175,0.012041,0.017965,0.893715,0.008512
3933_198_253_332,1,1,0.212896,0.530929,0.031871,0.066574,0.054619,0.022563,0.080548
3933_197_858_1144,5,5,0.293391,0.084014,0.035104,0.018461,0.026773,0.526392,0.015866
3933_197_567_705,5,3,0.030724,0.026606,0.02378,0.559616,0.023875,0.311909,0.023489
3933_198_1709_1783,5,5,0.024994,0.015286,0.009771,0.081395,0.017016,0.836082,0.015455
3933_198_446_555,3,6,0.025642,0.057088,0.067276,0.33288,0.147387,0.021327,0.3484
3933_197_31_104,6,5,0.043853,0.066361,0.044439,0.129331,0.031697,0.372088,0.31223
3933_198_712_841,5,3,0.022433,0.027079,0.025467,0.426735,0.030499,0.423621,0.044166
3933_197_1831_1926,1,5,0.01049,0.044687,0.079508,0.024402,0.078878,0.647699,0.114336
3933_197_339_415,1,3,0.253265,0.21262,0.0358,0.293213,0.036224,0.066598,0.102281
3933_198_1374_1434,3,4,0.025262,0.166023,0.262664,0.076521,0.293442,0.040775,0.135313
3933_197_207_247,3,3,0.032172,0.046424,0.021935,0.765589,0.022221,0.015534,0.096126
3934_197_85_201,6,6,0.02099,0.10883,0.073523,0.179988,0.104264,0.050417,0.461987
3934_197_1210_1410,3,3,0.026275,0.054515,0.037727,0.634099,0.048783,0.022907,0.175693
3934_198_945_1201,3,5,0.026119,0.033197,0.05004,0.339234,0.06091,0.365747,0.124753
3934_198_1698_1881,1,6,0.084902,0.101584,0.089394,0.111678,0.102649,0.250663,0.25913
3934_198_1440_1560,1,1,0.122143,0.290771,0.257057,0.021388,0.211913,0.067985,0.028743
3934_197_510_609,1,1,0.334825,0.514771,0.019149,0.029523,0.051574,0.013134,0.037023
3934_197_264_356,3,6,0.022039,0.042154,0.064758,0.194273,0.06236,0.152239,0.462177
3934_198_616_677,3,1,0.158296,0.493659,0.019075,0.114665,0.09916,0.014077,0.101068
3934_198_365_506,3,1,0.193056,0.309577,0.040244,0.112331,0.042312,0.165604,0.136876
3934_198_31_76,5,5,0.014708,0.036117,0.109969,0.038813,0.053553,0.474378,0.272462
3934_197_693_919,3,3,0.022941,0.038891,0.041852,0.778611,0.036883,0.039525,0.041298
3934_197_1577_1649,5,5,0.021288,0.056499,0.029341,0.0195,0.031863,0.702504,0.139005
3934_198_212_243,3,5,0.010357,0.029912,0.04479,0.258204,0.035454,0.465342,0.155942
3936_197_126_210,5,5,0.021818,0.039039,0.020821,0.080424,0.014617,0.797497,0.025783
3936_198_1148_1426,3,3,0.019678,0.032809,0.064172,0.448466,0.061695,0.098645,0.274534
3936_197_1652_1709,3,3,0.013057,0.014145,0.029101,0.848933,0.020852,0.027337,0.046575
3936_198_221_446,3,3,0.032854,0.05703,0.024684,0.532861,0.15273,0.115876,0.083965
3936_197_1434_1514,3,3,0.016441,0.023332,0.010291,0.74104,0.030695,0.162399,0.015802
3936_197_928_979,6,1,0.031482,0.368399,0.097709,0.023017,0.248405,0.030187,0.200802
3936_198_556_654,3,3,0.010382,0.023817,0.021349,0.552725,0.15661,0.019871,0.215247
3936_197_1097_1126,3,3,0.025523,0.036141,0.124162,0.427115,0.038824,0.210496,0.137739
3936_198_1724_1790,3,3,0.014741,0.049958,0.047914,0.42806,0.037698,0.020523,0.401106
3936_198_994_1079,3,6,0.016163,0.055298,0.086293,0.383594,0.034651,0.025576,0.398425
3936_197_460_542,3,3,0.017298,0.062122,0.031649,0.728292,0.090498,0.032624,0.037518
3936_198_31_102,3,6,0.018467,0.028133,0.127888,0.274369,0.035757,0.166272,0.349114
3936_198_1532_1646,3,6,0.037368,0.069873,0.041572,0.279474,0.03691,0.092816,0.441986
3936_198_812_916,3,6,0.032301,0.146169,0.125529,0.096454,0.148199,0.047272,0.404075
3936_197_694_785,3,4,0.015036,0.157937,0.118184,0.21557,0.247842,0.02161,0.223821
3940_198_128_250,0,4,0.02961,0.126038,0.100146,0.086849,0.534031,0.030501,0.092825
3940_198_1180_1285,1,4,0.044039,0.308086,0.120606,0.014218,0.412215,0.024214,0.076623
3940_198_1657_1814,1,4,0.043379,0.288537,0.059247,0.047042,0.406775,0.023469,0.131551
3940_198_1396_1521,1,6,0.025257,0.1798,0.073924,0.085634,0.161817,0.021028,0.45254
3940_198_818_1024,1,1,0.157993,0.343969,0.077934,0.048984,0.109485,0.101163,0.160472
3940_197_1312_1386,1,4,0.031174,0.285215,0.050272,0.093359,0.443749,0.023356,0.072876
3940_197_1043_1168,4,1,0.080174,0.608984,0.030289,0.012717,0.238547,0.008721,0.020569
3940_198_307_403,4,6,0.039041,0.151669,0.070573,0.122035,0.072453,0.080697,0.463531
3940_198_600_721,1,1,0.057857,0.391916,0.047989,0.037536,0.370121,0.016907,0.077674
3940_197_403_589,3,5,0.017024,0.043998,0.054206,0.063095,0.140681,0.559457,0.121539
3940_197_31_108,3,5,0.025151,0.073332,0.061115,0.035073,0.052027,0.397746,0.355556
3940_197_721_805,1,1,0.063778,0.635244,0.022745,0.018198,0.232756,0.011944,0.015334
3940_197_1547_1628,4,1,0.087499,0.592685,0.057569,0.028948,0.206005,0.013216,0.014078
3940_197_267_287,5,5,0.02438,0.039812,0.01778,0.019162,0.020274,0.779157,0.099435
3938_197_31_131,5,3,0.033312,0.037493,0.025617,0.617383,0.039187,0.215494,0.031515
3938_197_1249_1473,3,1,0.087619,0.439813,0.022288,0.1581,0.232545,0.013876,0.045759
3938_197_223_365,3,3,0.033961,0.113695,0.042733,0.555822,0.061867,0.064651,0.127272
3938_197_919_945,3,3,0.035606,0.076007,0.03259,0.592553,0.058001,0.015207,0.190036
3938_198_138_216,3,3,0.045387,0.076867,0.023667,0.573939,0.061827,0.050062,0.168251
3938_198_550_715,4,3,0.022304,0.084982,0.088288,0.463491,0.134819,0.082968,0.123149
3938_197_1033_1170,3,3,0.057754,0.092236,0.022594,0.646355,0.039605,0.123372,0.018085
3938_198_453_488,3,6,0.043368,0.150872,0.077448,0.155119,0.117377,0.031486,0.424331
3938_197_411_445,5,5,0.013982,0.020981,0.043695,0.286954,0.028916,0.514428,0.091042
3938_198_1490_1595,3,3,0.0332,0.136792,0.026698,0.321255,0.198263,0.023829,0.259963
3938_198_385_391,3,6,0.009971,0.035222,0.036013,0.262146,0.045362,0.019959,0.591325
3938_197_508_542,3,3,0.053711,0.145693,0.042213,0.468934,0.052778,0.080222,0.15645
3938_198_827_905,5,5,0.007157,0.014677,0.027125,0.090276,0.04331,0.647316,0.170139
3938_197_730_816,4,1,0.045083,0.469274,0.044892,0.063157,0.208432,0.021423,0.147739
3938_198_964_1021,5,5,0.043296,0.116358,0.060998,0.180014,0.158472,0.286496,0.154367
3938_198_1215_1242,3,3,0.024928,0.089301,0.051722,0.418812,0.203095,0.056555,0.155587
3948_198_93_142,6,5,0.010735,0.023415,0.033242,0.026841,0.024738,0.816249,0.06478
3948_197_1222_1366,0,0,0.541644,0.192101,0.018913,0.021414,0.021949,0.18251,0.02147
3948_197_1811_2064,1,0,0.644747,0.118984,0.016615,0.035013,0.028276,0.14308,0.013285
3948_198_975_1191,1,5,0.201083,0.199295,0.058821,0.016565,0.044101,0.445117,0.035019
3948_198_1380_1795,0,0,0.610448,0.18113,0.010759,0.017476,0.021516,0.147657,0.011014
3948_197_163_260,6,1,0.045344,0.254379,0.067707,0.20627,0.088642,0.118776,0.218882
3948_198_2221_2384,1,1,0.119869,0.238196,0.095698,0.177554,0.053022,0.097113,0.218548
3948_197_486_779,1,1,0.218096,0.392543,0.039445,0.110768,0.07312,0.064634,0.101393
3948_198_287_465,6,6,0.0221,0.113631,0.074583,0.220679,0.057775,0.151864,0.359367
3948_197_31_71,2,6,0.044212,0.111786,0.070311,0.238162,0.076523,0.051314,0.407691
3948_198_802_901,1,4,0.017834,0.076532,0.31051,0.037919,0.431667,0.068572,0.056965
3948_197_2113_2206,0,0,0.521784,0.288117,0.020024,0.048758,0.026279,0.041928,0.05311
3948_197_2404_2421,1,6,0.02563,0.078377,0.042635,0.297521,0.045792,0.069135,0.44091
3948_197_937_946,5,5,0.015134,0.040879,0.032847,0.045062,0.048605,0.712304,0.105169
3948_198_2074_2103,1,1,0.31098,0.403896,0.038341,0.056818,0.0345,0.049533,0.105933
3949_197_1262_1418,3,3,0.027993,0.116664,0.04004,0.566468,0.135063,0.037627,0.076145
3949_197_1769_2063,6,3,0.016,0.118805,0.115766,0.493341,0.122775,0.029897,0.103416
3949_198_1504_1710,4,5,0.026092,0.157045,0.305541,0.009993,0.089252,0.361447,0.05063
3949_198_155_298,2,2,0.013748,0.112585,0.462647,0.011025,0.094532,0.042027,0.263436
3949_198_2110_2283,6,6,0.016868,0.082486,0.101404,0.150158,0.041301,0.019505,0.588277
3949_197_913_1171,6,2,0.017618,0.197237,0.234206,0.154755,0.200099,0.03273,0.163355
3949_198_479_599,5,5,0.011764,0.014297,0.008246,0.004537,0.00839,0.945442,0.007325
3949_197_315_461,3,3,0.009662,0.048061,0.044281,0.631677,0.023605,0.0413,0.201415
3949_198_31_75,2,2,0.017367,0.099992,0.558158,0.010572,0.18302,0.071863,0.059028
3949_198_799_880,4,5,0.024668,0.076294,0.094276,0.016315,0.027024,0.714509,0.046914
3949_197_644_767,3,3,0.019829,0.109043,0.095306,0.535596,0.106985,0.022527,0.110714
3949_197_103_115,3,6,0.024979,0.061375,0.042029,0.33701,0.050524,0.0276,0.456482
3949_198_1202_1247,5,5,0.016522,0.047384,0.020298,0.00661,0.011941,0.874972,0.022272
3953_198_114_257,1,5,0.04003,0.085177,0.085971,0.017523,0.08782,0.615376,0.068101
3953_197_2011_2131,3,3,0.016562,0.04654,0.044652,0.612011,0.038825,0.032173,0.209237
3953_197_1005_1205,3,3,0.015663,0.037395,0.034817,0.621251,0.027623,0.172775,0.090476
3953_197_1581_1691,3,6,0.078037,0.219142,0.107734,0.104371,0.133902,0.037198,0.319616
3953_198_1712_2009,3,6,0.01821,0.077085,0.149085,0.223899,0.085946,0.080705,0.365068
3953_198_737_975,1,6,0.026565,0.223541,0.146487,0.035609,0.238855,0.084234,0.244709
3953_197_1297_1451,3,3,0.017828,0.052891,0.043004,0.423889,0.044878,0.063206,0.354305
3953_198_378_606,1,6,0.021881,0.217174,0.136433,0.020422,0.104031,0.243596,0.256464
3953_197_290_378,4,5,0.006586,0.032156,0.038599,0.004252,0.01886,0.875428,0.024119
3953_197_607_730,4,1,0.076523,0.392999,0.103354,0.022362,0.237611,0.080018,0.087133
3953_197_31_114,3,3,0.013932,0.019413,0.045962,0.721294,0.021365,0.115474,0.06256
3953_198_1463_1569,6,6,0.021062,0.086228,0.059949,0.076026,0.049939,0.170364,0.536432
3953_198_1219_1293,5,5,0.009773,0.022331,0.031947,0.063729,0.019965,0.651916,0.200339
3951_198_2240_2692,1,6,0.01967,0.058774,0.101415,0.217927,0.116535,0.085829,0.399849
3951_198_124_402,6,6,0.011537,0.026831,0.035263,0.160785,0.096461,0.033608,0.635515
3951_197_1136_1389,3,3,0.02681,0.084784,0.084936,0.463939,0.086423,0.108183,0.144926
3951_197_2693_2976,3,3,0.015952,0.041335,0.031602,0.534059,0.038472,0.144995,0.193585
3951_198_1397_1869,1,6,0.02861,0.134591,0.12683,0.05165,0.258841,0.076053,0.323426
3951_198_3435_3552,6,6,0.026562,0.073029,0.086108,0.340689,0.053107,0.025337,0.395169
3951_197_3085_3432,3,6,0.025598,0.13402,0.118282,0.122263,0.136517,0.01999,0.443331
3951_198_698_1129,6,6,0.025897,0.080911,0.065271,0.086356,0.229882,0.034949,0.476734
3951_197_1870_2239,4,6,0.01758,0.12462,0.108815,0.083469,0.121684,0.108663,0.435168
3951_197_529_690,3,6,0.016826,0.058185,0.081775,0.100503,0.145732,0.222805,0.374175
3951_198_2986_3076,6,6,0.005525,0.014698,0.058788,0.360866,0.017563,0.037627,0.504933
3951_197_403_464,5,6,0.028107,0.068796,0.075514,0.080767,0.042505,0.260663,0.443649
3951_198_465_527,6,6,0.028164,0.068104,0.114306,0.128132,0.095251,0.048165,0.517878
3951_197_31_113,3,6,0.025543,0.061234,0.055055,0.219375,0.037821,0.232398,0.368573
3955_197_2351_2842,1,4,0.019134,0.068977,0.150239,0.146287,0.464026,0.012275,0.139063
3955_197_1232_1333,1,1,0.129037,0.411204,0.047907,0.056734,0.230656,0.042483,0.08198
3955_198_770_1217,4,4,0.149318,0.242266,0.026648,0.039654,0.486967,0.024545,0.030602
3955_198_169_625,1,4,0.060727,0.246205,0.049841,0.023522,0.535242,0.025158,0.059306
3955_198_1365_1947,1,4,0.169384,0.294443,0.065483,0.035071,0.314086,0.037781,0.083753
3955_197_3034_3473,1,4,0.030847,0.157102,0.069135,0.08848,0.47663,0.024654,0.153151
3955_198_2945_2971,1,6,0.014201,0.046377,0.171962,0.206872,0.07632,0.028182,0.456087
3955_198_2116_2328,1,4,0.160726,0.224912,0.156024,0.034775,0.272494,0.068719,0.08235
3955_197_31_125,1,4,0.038087,0.203734,0.17738,0.05517,0.309371,0.055789,0.160469
3955_197_643_737,1,1,0.095549,0.512873,0.03807,0.027573,0.291149,0.014334,0.020452
3955_197_1979_2055,1,4,0.047372,0.373064,0.037886,0.016869,0.463008,0.026512,0.035289
3955_198_3568_3703,1,4,0.019731,0.086472,0.076945,0.141699,0.463607,0.008443,0.203104
3954_198_1280_1668,1,4,0.051469,0.186453,0.098259,0.032528,0.459827,0.087578,0.083887
3954_197_150_272,1,5,0.020346,0.01994,0.014499,0.005791,0.010229,0.916763,0.012431
3954_198_1791_1923,1,4,0.033733,0.148693,0.246963,0.022601,0.418546,0.02364,0.105824
3954_198_2073_2261,1,1,0.072204,0.246874,0.124735,0.075653,0.214858,0.056223,0.209452
3954_198_31_127,4,4,0.053455,0.21666,0.102142,0.031814,0.550821,0.016808,0.028301
3954_198_569_1152,1,4,0.03707,0.142627,0.083887,0.028299,0.565707,0.051331,0.091078
3954_198_294_364,1,1,0.104111,0.470359,0.035381,0.017934,0.312915,0.023322,0.035978
3954_197_388_543,1,1,0.164837,0.377809,0.039457,0.022779,0.115899,0.207589,0.07163
3954_197_2281_2291,1,5,0.010307,0.032824,0.043207,0.032143,0.043732,0.702111,0.135676
3954_197_1200_1245,1,5,0.100304,0.258161,0.108784,0.018585,0.055391,0.41481,0.043965
3954_197_1931_2007,1,1,0.102429,0.4943,0.057931,0.03733,0.191781,0.049074,0.067155
3954_197_1709_1744,1,6,0.056383,0.186841,0.199464,0.03016,0.170261,0.132333,0.224559
3952_197_31_133,5,5,0.064903,0.087343,0.131324,0.079336,0.052618,0.304799,0.279675
3952_197_1272_1388,1,1,0.030396,0.415667,0.127052,0.007585,0.309728,0.01608,0.093491
3952_198_1606_1691,1,1,0.074998,0.272022,0.114345,0.02211,0.073012,0.238507,0.205006
3952_198_141_281,2,1,0.110963,0.230641,0.104496,0.045775,0.217279,0.173701,0.117146
3952_197_1447_1601,1,3,0.048611,0.172217,0.166062,0.237945,0.10712,0.070775,0.197271
3952_198_943_1060,1,6,0.093572,0.247851,0.04668,0.123953,0.081553,0.027813,0.378578
3952_197_510_683,1,1,0.059128,0.36366,0.125556,0.037598,0.154178,0.02835,0.231529
3952_197_1083_1182,1,1,0.075099,0.419764,0.120497,0.039791,0.166445,0.010798,0.167606
3952_197_1735_1776,0,4,0.019782,0.141451,0.104704,0.058271,0.3359,0.016125,0.323765
3952_197_292_407,0,1,0.152331,0.325018,0.08242,0.055776,0.04237,0.094844,0.247241
3952_198_417_501,5,5,0.016586,0.046678,0.06615,0.011897,0.020815,0.738628,0.099246
3952_198_1193_1255,2,6,0.042127,0.15198,0.132804,0.045634,0.043977,0.251343,0.332134
3952_198_699_829,1,5,0.028075,0.046731,0.048092,0.034104,0.035251,0.726788,0.080958
3952_198_1403_1433,1,5,0.013003,0.035545,0.028701,0.038031,0.02152,0.791371,0.071829
3952_197_871_906,1,3,0.025571,0.079924,0.073387,0.357447,0.119124,0.019933,0.324613
3959_197_31_146,3,3,0.014924,0.020555,0.100194,0.531843,0.187429,0.072037,0.073018
3959_198_1177_1586,4,4,0.051807,0.198144,0.08023,0.080358,0.432902,0.095825,0.060734
3959_198_2016_2170,5,5,0.007566,0.056204,0.123772,0.037736,0.266919,0.3512,0.156603
3959_197_1592_1732,4,4,0.036632,0.194895,0.035742,0.096286,0.58499,0.024558,0.026895
3959_198_174_395,6,4,0.016875,0.115601,0.043897,0.031549,0.697902,0.011139,0.083037
3959_197_1821_1982,5,5,0.009206,0.078397,0.111488,0.015366,0.10983,0.563306,0.112408
3959_198_1761_1809,5,5,0.011149,0.034644,0.041955,0.018845,0.041195,0.763015,0.089198
3959_197_2197_2247,5,5,0.023142,0.086941,0.103377,0.028939,0.094195,0.483229,0.180178
3959_198_760_947,6,6,0.027955,0.180111,0.062169,0.108767,0.281699,0.03386,0.305439
3959_197_436_605,4,4,0.024906,0.122264,0.048326,0.232698,0.471495,0.038416,0.061896
3959_197_1007_1174,2,4,0.013553,0.130099,0.111696,0.066267,0.547161,0.023569,0.107654
3959_198_629_699,6,4,0.041506,0.314867,0.074475,0.074742,0.318154,0.044947,0.131308
3959_197_715_734,4,3,0.030923,0.081381,0.058138,0.553747,0.075186,0.111578,0.089045
3958_198_2414_2753,3,4,0.147325,0.332378,0.063139,0.054647,0.333041,0.045299,0.024172
3958_197_31_238,5,5,0.021438,0.082547,0.099639,0.035053,0.047973,0.525284,0.188066
3958_197_1241_1511,5,3,0.029676,0.044983,0.016413,0.469315,0.247543,0.111214,0.080856
3958_198_1089_1219,6,1,0.03968,0.272953,0.122804,0.091965,0.175182,0.040849,0.256567
3958_197_2788_2954,1,1,0.097926,0.605143,0.048148,0.040606,0.158654,0.021212,0.028311
3958_197_808_1055,3,5,0.028142,0.054712,0.028445,0.337173,0.12138,0.404002,0.026145
3958_198_2050_2264,1,4,0.027108,0.093175,0.067222,0.134154,0.413958,0.041075,0.223307
3958_198_1532_1883,6,1,0.07226,0.252601,0.102033,0.078769,0.169375,0.178592,0.146371
3958_197_441_676,5,3,0.018999,0.075315,0.06048,0.578618,0.140893,0.076446,0.049249
3958_197_2276_2389,3,4,0.026092,0.165463,0.101163,0.118372,0.31956,0.097946,0.171404
3958_197_1884_2034,4,4,0.013451,0.209116,0.122203,0.051739,0.411275,0.101549,0.090667
3958_198_704_774,3,5,0.008936,0.028813,0.026766,0.043081,0.017582,0.826175,0.048647
3958_198_3013_3087,3,3,0.073442,0.111043,0.040429,0.587502,0.036154,0.037856,0.113574
3958_198_268_414,3,5,0.005683,0.015677,0.024291,0.02087,0.014336,0.875089,0.044054
3963_199_1213_1451,3,3,0.021964,0.052194,0.111102,0.35459,0.346996,0.02501,0.088144
3963_199_2040_2145,3,6,0.022763,0.097027,0.104653,0.308496,0.139363,0.015278,0.31242
3963_200_1017_1199,3,5,0.01014,0.024327,0.037732,0.271542,0.061945,0.41937,0.174944
3963_199_1575_1786,3,1,0.197755,0.419925,0.070558,0.064717,0.145605,0.03267,0.06877
3963_199_250_502,1,4,0.052975,0.125639,0.060407,0.071058,0.514664,0.118116,0.057141
3963_200_1803_2025,2,4,0.014914,0.075128,0.211898,0.130157,0.388936,0.039009,0.139959
3963_199_784_1009,3,3,0.009481,0.011159,0.040753,0.582085,0.039994,0.227088,0.089439
3963_200_130_248,5,5,0.011752,0.026435,0.012286,0.012987,0.015219,0.897813,0.023508
3963_200_518_657,1,3,0.034019,0.097123,0.055016,0.346673,0.166641,0.044398,0.256131
3963_199_31_110,5,3,0.017407,0.030202,0.111441,0.283104,0.146181,0.152484,0.259182
3963_200_1464_1560,3,3,0.052707,0.133647,0.039842,0.41271,0.047754,0.022363,0.290977
3963_199_670_728,3,3,0.012186,0.027019,0.04358,0.408859,0.052579,0.322179,0.133597
3963_200_735_771,5,5,0.00473,0.018125,0.016554,0.013482,0.013152,0.862347,0.071611
3963_200_2156_2178,3,3,0.024301,0.059733,0.024378,0.39359,0.062312,0.042488,0.393198
3966_199_31_131,1,5,0.028112,0.120007,0.138456,0.057098,0.213053,0.239669,0.203604
3966_199_1277_1659,1,1,0.227651,0.429771,0.034589,0.014671,0.24419,0.027435,0.021692
3966_199_1912_2131,3,3,0.011785,0.019593,0.030274,0.803761,0.049719,0.028938,0.05593
3966_200_1106_1262,1,1,0.133447,0.216507,0.026777,0.190875,0.205193,0.102645,0.124557
3966_199_244_342,1,6,0.057201,0.213879,0.061556,0.074535,0.261627,0.03384,0.297362
3966_200_1689_1799,0,1,0.449178,0.492421,0.00973,0.005151,0.024079,0.011347,0.008094
3966_199_928_1050,1,1,0.170561,0.405582,0.042454,0.046337,0.158852,0.132011,0.044203
3966_200_164_236,5,6,0.053394,0.245818,0.131862,0.057256,0.17539,0.036491,0.299789
3966_200_594_680,3,3,0.008008,0.021576,0.018886,0.590261,0.022398,0.08658,0.252291
3966_199_467_555,3,4,0.015099,0.174707,0.066818,0.060908,0.36622,0.062643,0.253605
3966_200_397_446,3,6,0.042451,0.202487,0.102778,0.076751,0.152748,0.121766,0.301019
3966_199_689_838,4,5,0.036004,0.12551,0.099689,0.038405,0.202424,0.365853,0.132114
3966_200_844_914,1,3,0.068556,0.175267,0.078143,0.293874,0.12324,0.048771,0.212149
3967_199_31_139,1,5,0.038189,0.072212,0.041049,0.015419,0.039853,0.751322,0.041955
3967_199_1144_1433,1,1,0.240894,0.291251,0.032235,0.058187,0.179271,0.127298,0.070864
3967_199_1581_1788,1,1,0.395466,0.429979,0.022207,0.012724,0.077578,0.046927,0.015119
3967_200_1822_2024,0,1,0.391402,0.481535,0.015018,0.006454,0.08866,0.010476,0.006455
3967_200_1455_1578,0,0,0.835541,0.110501,0.00517,0.00465,0.013579,0.02658,0.003978
3967_199_903_992,1,5,0.076337,0.057566,0.015912,0.006804,0.036791,0.786016,0.020575
3967_200_180_252,1,0,0.410949,0.404897,0.034901,0.005499,0.045599,0.068843,0.029311
3967_200_458_683,0,0,0.5323,0.331885,0.011868,0.026944,0.05352,0.022109,0.021373
3967_200_1017_1131,1,1,0.183985,0.644102,0.01737,0.010858,0.0503,0.023686,0.069699
3967_199_277_437,1,1,0.243183,0.425409,0.083381,0.011301,0.080147,0.095837,0.060741
3967_200_779_886,1,1,0.295471,0.590202,0.017849,0.002261,0.039173,0.027663,0.027381
3967_199_691_758,0,6,0.114819,0.200385,0.063215,0.04475,0.124451,0.175629,0.276751
3968_200_2018_2120,1,1,0.174392,0.312884,0.06332,0.078959,0.060424,0.179368,0.130653
3968_199_945_1269,3,3,0.067093,0.172932,0.030419,0.438611,0.126234,0.141887,0.022824
3968_200_159_310,3,5,0.283663,0.10846,0.01709,0.042086,0.042014,0.48346,0.023228
3968_199_1792_1983,3,3,0.098633,0.102109,0.039241,0.503874,0.090042,0.116753,0.049349
3968_199_1434_1645,3,3,0.042098,0.122025,0.015783,0.539579,0.214968,0.033048,0.032499
3968_200_1300_1408,1,3,0.044323,0.124335,0.024005,0.411301,0.055509,0.031096,0.309432
3968_200_1692_1790,4,3,0.110521,0.24909,0.023324,0.350307,0.099073,0.024055,0.143629
3968_199_327_499,3,3,0.038954,0.075178,0.044374,0.377122,0.281053,0.168337,0.014983
3968_199_594_812,3,3,0.054781,0.11475,0.019351,0.495646,0.150578,0.142514,0.02238
3968_199_31_117,3,3,0.003007,0.001148,0.004209,0.924692,0.017443,0.042459,0.007041
3968_199_2120_2206,1,1,0.235558,0.272847,0.054079,0.253524,0.041886,0.128602,0.013503
3968_200_827_918,1,0,0.327694,0.31024,0.038515,0.032831,0.049108,0.200774,0.04084
3968_200_552_577,0,5,0.200906,0.179611,0.035433,0.033518,0.028895,0.392416,0.12922
3971_199_31_294,4,1,0.255848,0.437261,0.045327,0.026028,0.134144,0.076555,0.024837
3971_200_1220_1311,1,0,0.672211,0.223828,0.009194,0.014974,0.021721,0.036064,0.022008
3971_199_2004_2226,1,1,0.352484,0.462524,0.01073,0.013122,0.139324,0.013299,0.008516
3971_199_968_1195,1,5,0.206844,0.219846,0.078492,0.019186,0.079427,0.376355,0.01985
3971_200_1653_1740,0,0,0.519729,0.352285,0.009509,0.025414,0.031143,0.018599,0.04332
3971_199_1773_1925,5,5,0.027313,0.076618,0.094314,0.010688,0.041256,0.720417,0.029394
3971_200_736_940,4,0,0.702227,0.226705,0.008469,0.013787,0.022419,0.016254,0.010139
3971_200_2260_2333,0,0,0.828042,0.091794,0.008717,0.013946,0.017741,0.030865,0.008895
3971_199_413_705,1,1,0.141589,0.325218,0.092632,0.057765,0.117374,0.147525,0.117896
3971_200_331_407,0,0,0.690723,0.204958,0.011804,0.005885,0.017054,0.060945,0.008632
3971_199_1532_1608,1,1,0.171825,0.581587,0.022583,0.018589,0.119403,0.033433,0.052579
3971_200_1962_1985,1,1,0.167688,0.393661,0.117819,0.018802,0.137441,0.09075,0.07384
3974_199_2056_2566,4,4,0.056853,0.125373,0.215262,0.132193,0.230416,0.078748,0.161155
3974_200_31_175,0,0,0.640976,0.115176,0.023648,0.027361,0.027278,0.150138,0.015424
3974_199_1214_1768,1,6,0.072642,0.128569,0.197899,0.090192,0.213427,0.07279,0.224481
3974_200_1030_1192,0,0,0.701731,0.124136,0.013575,0.082717,0.015328,0.04867,0.013844
3974_199_205_583,4,2,0.032154,0.133353,0.28648,0.109846,0.168328,0.023573,0.246267
3974_199_746_1002,4,6,0.043683,0.153724,0.232242,0.113737,0.125494,0.046705,0.284415
3974_200_607_714,0,0,0.848279,0.051453,0.009657,0.009782,0.011639,0.065051,0.004139
3974_200_2595_2702,0,0,0.675223,0.081388,0.033781,0.07302,0.024663,0.094753,0.017171
3974_199_2722_2746,4,4,0.050565,0.09186,0.164077,0.095957,0.401476,0.145993,0.050072
3974_200_1799_2040,0,0,0.805173,0.072855,0.025262,0.020342,0.015819,0.05095,0.009599
3970_199_31_132,1,5,0.030956,0.125623,0.083313,0.066092,0.064551,0.452984,0.176482
3970_199_1262_1349,1,1,0.175408,0.302909,0.034073,0.024947,0.0898,0.302715,0.070148
3970_199_1964_2166,1,1,0.066895,0.3703,0.125684,0.029834,0.173191,0.110273,0.123822
3970_200_1079_1234,3,1,0.259222,0.446024,0.038595,0.045296,0.137915,0.0323,0.040648
3970_199_1643_1809,1,1,0.094393,0.367448,0.035278,0.158554,0.190526,0.043414,0.110388
3970_199_244_410,1,1,0.304164,0.445719,0.018798,0.016582,0.059802,0.14276,0.012175
3970_199_1461_1572,1,1,0.177018,0.427585,0.060619,0.01872,0.198217,0.073676,0.044165
3970_199_559_1065,1,1,0.374292,0.449368,0.024119,0.017186,0.068869,0.039413,0.026753
3970_200_168_243,5,5,0.002627,0.005987,0.007276,0.005733,0.007882,0.948994,0.021502
3970_200_451_547,1,6,0.046081,0.127121,0.072103,0.131294,0.043882,0.037289,0.54223
3970_200_1829_1961,3,5,0.124048,0.201692,0.053959,0.019164,0.079602,0.420084,0.101451
3970_200_1374_1440,1,5,0.134676,0.254442,0.079476,0.050004,0.104674,0.307092,0.069636
3970_200_1591_1612,5,5,0.008837,0.021901,0.019365,0.027148,0.018209,0.831508,0.073033
3975_200_31_158,0,0,0.574286,0.148384,0.028679,0.144231,0.029208,0.048899,0.026312
3975_199_975_1399,3,3,0.043335,0.076538,0.067411,0.433015,0.10791,0.129243,0.142548
3975_199_1492_1735,3,3,0.063922,0.153075,0.065201,0.31702,0.151697,0.131772,0.117312
3975_199_177_305,4,3,0.052369,0.073708,0.107971,0.35816,0.178491,0.080501,0.148801
3975_200_1771_2026,3,4,0.08955,0.214343,0.094521,0.170808,0.239973,0.136323,0.054482
3975_200_1425_1490,5,5,0.009778,0.008396,0.046752,0.055787,0.025668,0.790586,0.063032
3975_199_479_867,3,3,0.025893,0.047831,0.109157,0.499524,0.117501,0.035794,0.164299
3975_199_2049_2155,3,1,0.039838,0.311952,0.10081,0.223898,0.092524,0.053206,0.177773
3969_199_112_273,4,5,0.013108,0.032594,0.133336,0.050797,0.215687,0.441444,0.113036
3969_199_2006_2108,3,3,0.011862,0.012313,0.10339,0.493024,0.045118,0.156851,0.177442
3969_199_1076_1240,3,3,0.015491,0.017475,0.083363,0.696025,0.077474,0.083774,0.026399
3969_200_1576_1756,3,3,0.026416,0.054881,0.075772,0.647903,0.085135,0.08102,0.028873
3969_199_1796_1922,3,3,0.023767,0.078327,0.088286,0.508134,0.120987,0.085428,0.095072
3969_200_942_1069,4,4,0.012229,0.144975,0.323437,0.006019,0.417289,0.068536,0.027515
3969_200_1317_1460,3,5,0.009722,0.016325,0.049092,0.380558,0.026362,0.494772,0.02317
3969_199_2224_2472,3,3,0.011181,0.020491,0.023969,0.813975,0.041114,0.029103,0.060167
3969_199_556_607,1,6,0.014392,0.03989,0.083258,0.120668,0.180514,0.028082,0.533196
3969_200_285_536,2,5,0.027154,0.061904,0.044362,0.064612,0.101233,0.626037,0.074698
3969_200_626_776,2,5,0.034581,0.168345,0.078317,0.013536,0.042434,0.622935,0.039852
3969_200_31_90,2,5,0.056445,0.251628,0.189005,0.013772,0.086194,0.352092,0.050865
3969_199_1466_1531,3,3,0.018475,0.035326,0.098228,0.483002,0.046454,0.213132,0.105385
3969_199_791_916,3,6,0.025442,0.048959,0.077149,0.185567,0.251316,0.096544,0.315024
3969_200_2157_2217,2,1,0.065602,0.26378,0.105586,0.080031,0.151302,0.155126,0.178572
3969_200_1953_1990,3,3,0.018097,0.07437,0.088307,0.429905,0.103817,0.229426,0.056078
3977_199_109_172,4,6,0.019277,0.122009,0.0519,0.082481,0.152951,0.054769,0.516614
3977_199_1263_1448,3,3,0.009739,0.034576,0.022289,0.619713,0.124304,0.01499,0.174389
3977_199_846_931,4,6,0.015872,0.044284,0.040532,0.363215,0.15653,0.015854,0.363714
3977_200_200_240,5,5,0.003221,0.006214,0.005816,0.004396,0.006477,0.95082,0.023056
3977_199_493_715,4,4,0.073645,0.32265,0.035396,0.028676,0.495108,0.019612,0.024913
3977_199_1018_1177,4,4,0.043465,0.248167,0.034445,0.187207,0.385105,0.020138,0.081474
3977_200_313_468,4,5,0.060796,0.123348,0.036811,0.034795,0.172467,0.546181,0.0256
3977_200_31_82,4,5,0.04129,0.068225,0.055668,0.054282,0.078246,0.448462,0.253828
3977_200_1469_1577,3,3,0.021779,0.015933,0.014729,0.769545,0.036473,0.089767,0.051774
3977_200_751_776,6,6,0.043513,0.071668,0.049221,0.116924,0.044643,0.211981,0.46205
3977_200_965_1015,4,1,0.017899,0.342066,0.177723,0.013944,0.205371,0.071811,0.171185
3977_200_1204_1246,3,3,0.015058,0.008804,0.018403,0.785938,0.034518,0.121712,0.015567
3977_199_259_291,4,6,0.018634,0.048851,0.040974,0.321938,0.151604,0.02428,0.393718
3981_200_128_214,5,5,0.006985,0.021948,0.016683,0.0307,0.02092,0.868986,0.033778
3981_199_1978_2159,4,1,0.111209,0.341319,0.105906,0.062233,0.105568,0.137552,0.136212
3981_200_970_1191,4,0,0.433986,0.300158,0.044011,0.02549,0.084447,0.055263,0.056645
3981_199_1533_1714,4,1,0.059258,0.30349,0.154849,0.095455,0.200465,0.067355,0.119128
3981_199_240_393,1,1,0.045581,0.225572,0.21251,0.041076,0.126934,0.211019,0.137309
3981_200_1732_1954,1,0,0.43549,0.275096,0.027906,0.064873,0.074989,0.082179,0.039467
3981_200_1319_1499,1,5,0.043877,0.05302,0.025657,0.014991,0.053657,0.780127,0.028672
3981_200_2185_2264,1,0,0.711082,0.157123,0.010943,0.013519,0.015604,0.077783,0.013946
3981_199_919_942,5,5,0.021678,0.062446,0.073776,0.036458,0.043967,0.577253,0.184423
3981_199_555_743,4,1,0.093918,0.371241,0.076881,0.096763,0.212782,0.061751,0.086664
3981_200_436_519,4,6,0.068225,0.258956,0.098233,0.05639,0.052805,0.150544,0.314847
3981_199_31_103,1,5,0.018795,0.049635,0.037744,0.008444,0.031297,0.799391,0.054693
3981_199_1225_1284,3,3,0.030349,0.096575,0.053239,0.394766,0.250921,0.131404,0.042747
3981_200_791_906,4,1,0.080056,0.636433,0.028967,0.003477,0.22832,0.012452,0.010295
3978_199_31_183,3,3,0.045695,0.147039,0.056872,0.277411,0.274765,0.13422,0.063998
3978_199_1270_1303,5,5,0.010041,0.018099,0.01593,0.020809,0.01243,0.869566,0.053125
3978_199_983_1193,3,5,0.144208,0.210952,0.040612,0.225718,0.074146,0.275815,0.02855
3978_199_1654_1725,5,5,0.053863,0.197447,0.108585,0.117206,0.139616,0.227188,0.156095
3978_200_227_304,3,3,0.021577,0.043462,0.037607,0.516774,0.039991,0.261776,0.078814
3978_200_1745_1848,6,3,0.015713,0.040865,0.009271,0.736743,0.037004,0.022737,0.137666
3978_199_1378_1470,4,1,0.086566,0.37017,0.046505,0.123689,0.159149,0.09867,0.11525
3978_200_844_971,1,3,0.021261,0.088467,0.035448,0.439183,0.075633,0.042798,0.297211
3978_200_1318_1361,6,6,0.015473,0.061635,0.032563,0.24761,0.02746,0.045898,0.569363
3978_199_568_719,3,3,0.007458,0.015773,0.010777,0.856701,0.027604,0.031653,0.050034
3978_199_322_394,3,5,0.009137,0.008985,0.013852,0.412512,0.024042,0.47913,0.05234
3978_200_412_541,3,3,0.005183,0.014313,0.009308,0.788243,0.018313,0.010831,0.153809
3978_200_1503_1636,1,6,0.034052,0.107002,0.020979,0.347794,0.055833,0.017571,0.416768
3978_199_798_823,6,5,0.017667,0.030209,0.026272,0.092876,0.018821,0.738358,0.075797
3978_200_756_780,3,3,0.017675,0.017471,0.030957,0.730693,0.07608,0.088983,0.03814
3978_200_1208_1241,1,6,0.077241,0.194105,0.099159,0.136672,0.101931,0.144888,0.246004
3984_199_124_220,5,5,0.01553,0.054026,0.070084,0.349306,0.050148,0.416492,0.044415
3984_199_1062_1399,3,3,0.024895,0.091642,0.03966,0.380027,0.352887,0.034093,0.076796
3984_199_2008_2105,3,3,0.009702,0.013585,0.008849,0.837306,0.023396,0.042821,0.064342
3984_200_1589_1726,3,3,0.005213,0.010027,0.005765,0.896478,0.015717,0.010826,0.055974
3984_200_221_553,3,3,0.011779,0.02435,0.023837,0.738026,0.087529,0.033507,0.080972
3984_199_1728_1823,5,3,0.018153,0.050348,0.070464,0.393216,0.061533,0.240633,0.165653
3984_200_1401_1519,3,3,0.016752,0.023945,0.016652,0.511822,0.052662,0.286414,0.091752
3984_200_2112_2348,3,3,0.029258,0.129719,0.025049,0.437487,0.129237,0.032973,0.216277
3984_200_31_122,3,4,0.042732,0.121251,0.051045,0.252967,0.254982,0.060554,0.21647
3984_199_774_990,3,3,0.011247,0.030855,0.016855,0.81725,0.04001,0.045825,0.037958
3984_199_553_636,3,3,0.005752,0.008627,0.010271,0.894445,0.016168,0.036928,0.02781
3984_200_638_773,1,6,0.009932,0.082629,0.060638,0.200787,0.045453,0.060697,0.539864
3984_200_990_1062,3,1,0.079149,0.225631,0.048526,0.150769,0.118969,0.201067,0.175889
3984_199_1526_1581,3,3,0.019389,0.080517,0.053194,0.630462,0.049754,0.021135,0.14555
3984_200_1829_2006,3,6,0.033404,0.161685,0.092283,0.137647,0.139581,0.097862,0.337538
3984_199_2356_2431,3,3,0.019416,0.116198,0.057062,0.566858,0.130426,0.07586,0.03418
3987_199_1260_1360,1,5,0.041787,0.121984,0.034041,0.029191,0.067127,0.643964,0.061906
3987_200_1875_2075,1,0,0.280986,0.229665,0.025457,0.215748,0.074132,0.084075,0.089936
3987_200_1039_1245,1,3,0.023437,0.04037,0.021183,0.767053,0.020485,0.0631,0.064373
3987_199_1569_1686,3,5,0.004368,0.006366,0.008884,0.255348,0.018569,0.690419,0.016046
3987_200_155_263,1,1,0.069831,0.508876,0.078484,0.042752,0.133616,0.095566,0.070875
3987_200_1702_1830,1,1,0.31242,0.481766,0.012321,0.036963,0.074362,0.028658,0.05351
3987_200_1378_1546,1,5,0.086635,0.097768,0.031793,0.105347,0.029079,0.538636,0.110744
3987_200_749_935,1,1,0.138545,0.340318,0.084957,0.072577,0.122247,0.16078,0.080575
3987_199_945_1025,5,5,0.016348,0.024674,0.016735,0.014943,0.020835,0.871161,0.035304
3987_199_569_734,1,3,0.056727,0.154526,0.08827,0.38775,0.151716,0.111017,0.049994
3987_200_356_552,1,4,0.027534,0.107049,0.10034,0.018482,0.70386,0.0244,0.018336
3987_199_31_98,1,1,0.138993,0.315747,0.061654,0.122387,0.073649,0.189482,0.098087
3987_199_273_333,1,1,0.044037,0.282873,0.078307,0.168043,0.211939,0.058278,0.156522
3987_199_1842_1849,1,5,0.030223,0.071072,0.047542,0.039197,0.109797,0.57772,0.124448
3983_200_31_130,3,5,0.011878,0.033517,0.044958,0.184402,0.030934,0.386462,0.307848
3983_199_1137_1299,3,3,0.013067,0.029957,0.037507,0.379835,0.166506,0.06187,0.311259
3983_199_2005_2135,3,4,0.051962,0.290559,0.083062,0.083974,0.373365,0.01058,0.106498
3983_200_1637_1715,3,3,0.012087,0.037581,0.018351,0.710064,0.029845,0.036356,0.155717
3983_199_130_267,3,6,0.017943,0.097753,0.120859,0.19431,0.236682,0.04993,0.282522
3983_199_1731_1862,1,3,0.043198,0.17476,0.062394,0.354673,0.113578,0.023361,0.228035
3983_199_1407_1630,3,3,0.009454,0.050984,0.137878,0.254193,0.241591,0.061498,0.244404
3983_199_812_969,1,4,0.046795,0.203267,0.026413,0.108133,0.493262,0.064347,0.057782
3983_200_1302_1398,1,1,0.058887,0.451043,0.104811,0.087311,0.086568,0.041898,0.169482
3983_200_581_625,3,3,0.011416,0.013459,0.01073,0.730488,0.14835,0.045821,0.039735
3983_200_978_1124,4,1,0.097479,0.401358,0.041972,0.166097,0.177842,0.078663,0.036589
3983_200_273_418,3,3,0.030108,0.150297,0.075103,0.322827,0.19142,0.029357,0.200888
3983_199_638_742,3,3,0.014715,0.030405,0.027766,0.382348,0.222226,0.01057,0.311969
3983_199_425_570,1,4,0.015561,0.095495,0.128111,0.15045,0.436447,0.032747,0.141188
3983_200_1883_1993,3,3,0.031065,0.09803,0.046124,0.511927,0.091711,0.02919,0.191954
3983_200_750_810,1,3,0.051939,0.225459,0.029677,0.288201,0.1356,0.020534,0.24859
3985_200_2414_2537,4,3,0.029806,0.067297,0.035067,0.576721,0.129099,0.032774,0.129236
3985_199_92_175,3,6,0.050822,0.183938,0.089228,0.155238,0.086709,0.038712,0.395355
3985_199_1184_1304,0,0,0.307329,0.180804,0.069542,0.078172,0.143237,0.127578,0.093339
3985_200_1964_2052,4,3,0.028059,0.096532,0.060572,0.348481,0.179727,0.017558,0.26907
3985_200_1574_1822,1,4,0.075025,0.220022,0.049525,0.093798,0.334318,0.120322,0.106991
3985_200_181_356,0,0,0.410889,0.208284,0.027794,0.039409,0.046226,0.220958,0.046439
3985_199_1446_1567,0,0,0.292118,0.286223,0.059633,0.032044,0.124528,0.126844,0.078609
3985_199_2059_2413,0,1,0.153498,0.348667,0.046339,0.111543,0.148183,0.057993,0.133778
3985_200_839_1025,4,4,0.053354,0.164868,0.044571,0.090332,0.473884,0.133309,0.039682
3985_200_1304_1439,4,3,0.099064,0.118163,0.031879,0.378326,0.076467,0.081889,0.214213
3985_200_576_632,5,5,0.054056,0.055048,0.016453,0.017617,0.014014,0.816305,0.026507
3985_200_1065_1182,1,1,0.133081,0.293803,0.052543,0.16726,0.080156,0.045722,0.227435
3985_199_632_837,1,6,0.039694,0.115396,0.036712,0.304093,0.05229,0.111633,0.340182
3985_199_1025_1065,1,5,0.019069,0.037644,0.032556,0.11149,0.028646,0.564564,0.206031
3985_199_364_554,1,1,0.183642,0.308576,0.04018,0.084665,0.156075,0.161786,0.065077
3985_200_31_84,1,6,0.091856,0.154682,0.0716,0.188584,0.039633,0.054357,0.399289
3985_199_1829_1953,0,0,0.309097,0.139921,0.042943,0.043255,0.146697,0.298088,0.019998
3994_200_2489_2632,5,1,0.220311,0.353734,0.059798,0.108902,0.088242,0.111089,0.057923
3994_199_31_205,3,3,0.0173,0.036812,0.06885,0.550259,0.108747,0.054484,0.163549
3994_200_1157_1576,6,6,0.018568,0.080476,0.118829,0.1915,0.147112,0.044816,0.3987
3994_199_1938_2285,4,4,0.041045,0.085905,0.071712,0.119652,0.327775,0.254652,0.099259
3994_199_1589_1749,4,5,0.011294,0.034517,0.054325,0.025095,0.093985,0.734655,0.046129
3994_200_232_475,3,3,0.014336,0.008809,0.019312,0.805197,0.054663,0.077629,0.020053
3994_200_1792_1922,6,3,0.030304,0.129704,0.166386,0.26211,0.109444,0.07931,0.222742
3994_199_857_1131,3,3,0.019597,0.02497,0.045315,0.603936,0.160306,0.081247,0.064628
3994_200_2298_2328,6,1,0.063592,0.247515,0.129297,0.099666,0.183518,0.123695,0.152717
3994_199_498_593,3,3,0.047543,0.189125,0.06773,0.435578,0.085217,0.111274,0.063533
3994_200_616_812,3,3,0.026426,0.048094,0.048741,0.45215,0.282942,0.055805,0.085843
3994_199_2359_2480,4,1,0.066855,0.224975,0.223212,0.104176,0.20925,0.035813,0.13572
3993_200_2330_2508,1,1,0.338269,0.506002,0.013012,0.015298,0.069784,0.02648,0.031156
3993_199_31_329,4,4,0.056561,0.29052,0.089894,0.033557,0.386842,0.096397,0.046229
3993_199_1117_1453,1,1,0.208002,0.446522,0.050351,0.029473,0.161674,0.054718,0.04926
3993_199_2541_2909,5,5,0.066181,0.061129,0.021293,0.042105,0.049587,0.737964,0.021741
3993_200_889_1082,1,1,0.239167,0.465919,0.013023,0.03712,0.108947,0.033473,0.10235
3993_200_2926_3036,0,0,0.760328,0.189087,0.004485,0.008753,0.022694,0.008123,0.006529
3993_199_1909_2305,1,3,0.10425,0.157267,0.047978,0.391612,0.129364,0.105063,0.064465
3993_200_1745_1875,0,6,0.177546,0.22605,0.049402,0.162763,0.052575,0.058681,0.272984
3993_200_1479_1562,1,1,0.054949,0.40427,0.05596,0.01028,0.187164,0.034789,0.25259
3993_200_346_615,1,0,0.529421,0.373112,0.008847,0.010936,0.031886,0.032729,0.013069
3993_199_645_866,4,4,0.053769,0.317952,0.088014,0.040254,0.399684,0.065013,0.035315
3993_199_1590_1666,2,4,0.024079,0.138606,0.234603,0.148759,0.280766,0.051079,0.122108
3993_199_3058_3084,1,1,0.064515,0.422563,0.069855,0.034078,0.369338,0.014334,0.025318
3992_200_116_253,1,1,0.196166,0.309484,0.028418,0.159659,0.093022,0.052431,0.16082
3992_200_1098_1359,1,0,0.40012,0.319127,0.027624,0.133114,0.048742,0.0395,0.031772
3992_200_1961_2213,0,0,0.482003,0.147136,0.009907,0.139737,0.157938,0.04536,0.01792
3992_200_1564_1797,0,0,0.891286,0.077478,0.002642,0.00347,0.011278,0.012008,0.001839
3992_199_1822_1947,1,1,0.113318,0.363313,0.081233,0.033026,0.127029,0.203709,0.07837
3992_199_1374_1547,4,4,0.051427,0.233428,0.19246,0.056739,0.343384,0.051473,0.071089
3992_199_893_1058,4,1,0.061212,0.221797,0.045539,0.21771,0.191339,0.126029,0.136375
3992_199_2254_2379,3,3,0.038418,0.098701,0.059388,0.572408,0.089681,0.058722,0.082682
3992_199_541_649,4,1,0.123663,0.300348,0.086703,0.040239,0.235806,0.154553,0.058688
3992_199_271_404,4,4,0.065903,0.203669,0.053566,0.053704,0.519149,0.030054,0.073955
3992_200_414_522,1,3,0.124032,0.196344,0.021294,0.33026,0.113677,0.02275,0.191643
3992_199_31_79,5,5,0.082716,0.200778,0.157049,0.022846,0.118855,0.311408,0.106348
3992_200_2399_2466,1,1,0.363297,0.385623,0.02893,0.042953,0.070894,0.071746,0.036556
3992_200_662_886,0,0,0.579262,0.280933,0.009911,0.018019,0.037776,0.059544,0.014556
3991_200_114_161,6,6,0.033396,0.069601,0.036771,0.096652,0.024062,0.020468,0.71905
3991_200_1161_1293,1,3,0.087488,0.132953,0.023754,0.457668,0.056389,0.088826,0.152922
3991_200_1434_1669,3,0,0.289805,0.253651,0.015816,0.227816,0.067653,0.053702,0.091558
3991_200_926_1032,4,1,0.035287,0.441127,0.030761,0.022448,0.231534,0.009453,0.229389
3991_199_177_243,5,1,0.091283,0.334432,0.066386,0.066017,0.15659,0.184007,0.101285
3991_199_1310_1412,4,1,0.046743,0.376064,0.078398,0.082396,0.210525,0.033768,0.172106
3991_199_546_644,4,4,0.017667,0.074655,0.223597,0.084693,0.406558,0.017748,0.175081
3991_199_1065_1133,4,4,0.01599,0.084398,0.280372,0.063873,0.308802,0.016053,0.230511
3991_200_256_417,3,3,0.017006,0.043521,0.018761,0.696741,0.103136,0.03464,0.086195
3991_199_432_502,4,2,0.013176,0.088672,0.366661,0.062269,0.356321,0.013165,0.099737
3991_199_31_84,5,6,0.014327,0.050565,0.225227,0.123114,0.04902,0.069292,0.468455
3991_199_720_907,4,3,0.030425,0.060668,0.089804,0.423292,0.239122,0.090373,0.066316
3991_200_659_703,4,1,0.125479,0.283678,0.10168,0.045608,0.102463,0.152313,0.188778
3991_200_515_529,5,5,0.010257,0.014157,0.012514,0.014413,0.010766,0.895199,0.042695
3996_199_31_147,1,4,0.039538,0.148007,0.058107,0.119863,0.526146,0.019248,0.089091
3996_200_1159_1393,1,3,0.018756,0.043319,0.050027,0.563395,0.162715,0.041622,0.120165
3996_199_2036_2162,4,4,0.065041,0.223045,0.066872,0.049923,0.511913,0.034612,0.048594
3996_200_1543_1774,1,1,0.118298,0.308707,0.141274,0.095758,0.105764,0.067039,0.16316
3996_200_175_455,1,1,0.129973,0.423804,0.040306,0.017961,0.353804,0.01785,0.016301
3996_199_1781_1868,1,5,0.0258,0.049087,0.088858,0.230353,0.092869,0.259598,0.253435
3996_199_1403_1502,4,4,0.025519,0.10894,0.055522,0.202415,0.409057,0.009276,0.189272
3996_200_887_1018,3,3,0.00983,0.013747,0.025326,0.744334,0.035237,0.021183,0.150344
3996_199_1025_1146,4,4,0.02493,0.148595,0.024998,0.103846,0.587724,0.036825,0.073082
3996_200_595_713,3,3,0.019461,0.02954,0.05765,0.660443,0.022244,0.133328,0.077333
3996_199_466_576,3,3,0.013821,0.05121,0.127193,0.436503,0.09873,0.014178,0.258365
3996_199_728_867,3,3,0.02679,0.129417,0.07419,0.298638,0.142053,0.129003,0.199909
3996_200_1888_2028,1,1,0.118142,0.27765,0.113109,0.081251,0.07292,0.193573,0.143354
3997_199_2257_2494,3,3,0.054354,0.130682,0.035781,0.479302,0.104626,0.134698,0.060557
3997_199_31_463,3,3,0.039924,0.083884,0.07617,0.401365,0.215039,0.107167,0.076451
3997_199_1289_1389,3,3,0.017478,0.02828,0.050471,0.699674,0.034829,0.100087,0.06918
3997_199_1942_2121,3,5,0.04411,0.051877,0.108149,0.187126,0.150301,0.343811,0.114626
3997_200_1107_1283,3,5,0.01629,0.029149,0.023857,0.30407,0.060744,0.528388,0.037502
3997_200_1529_1767,5,5,0.013982,0.032191,0.032844,0.083212,0.131267,0.622062,0.084442
3997_199_1796_1893,4,3,0.033791,0.111596,0.10422,0.423392,0.22581,0.044346,0.056845
3997_200_1407_1463,5,5,0.037991,0.037541,0.03132,0.065957,0.063554,0.533633,0.230004
3997_200_2170_2247,3,3,0.016806,0.054738,0.163995,0.495383,0.043579,0.162579,0.06292
3997_199_731_1091,4,3,0.040465,0.138684,0.086666,0.287772,0.28251,0.051459,0.112443
3997_200_484_698,3,3,0.113977,0.228277,0.024839,0.329394,0.165026,0.061862,0.076625
3997_199_1475_1513,3,6,0.019721,0.05764,0.09403,0.269986,0.076127,0.029394,0.453102
3997_200_1898_1927,5,5,0.00621,0.026541,0.032124,0.045358,0.025804,0.713308,0.150655
3999_200_2449_2577,1,5,0.005592,0.032279,0.041801,0.025373,0.082912,0.766845,0.045199
3999_200_126_385,3,3,0.020192,0.028566,0.023304,0.706634,0.06919,0.051264,0.10085
3999_200_820_1297,3,3,0.02448,0.051878,0.026454,0.608952,0.068199,0.125176,0.09486
3999_200_1815_2071,3,3,0.025676,0.067996,0.081773,0.618449,0.058542,0.090344,0.057219
3999_199_1506_1780,3,3,0.048381,0.129537,0.02269,0.425862,0.231232,0.088922,0.053376
3999_200_1421_1470,3,3,0.012189,0.024873,0.074013,0.589543,0.029017,0.099531,0.170836
3999_199_1310_1411,3,5,0.006997,0.019144,0.044912,0.062892,0.04234,0.686721,0.136993
3999_199_2305_2431,3,6,0.012156,0.064219,0.185195,0.118379,0.299396,0.012142,0.308512
3999_199_617_788,3,5,0.004898,0.004352,0.011908,0.249018,0.034667,0.685744,0.009413
3999_199_407_478,3,5,0.006732,0.004275,0.008402,0.455769,0.033006,0.479274,0.012542
3999_199_31_101,3,6,0.011007,0.021981,0.095573,0.263637,0.045605,0.261041,0.301157
3999_199_2116_2201,3,4,0.014705,0.078558,0.270959,0.085232,0.488185,0.026736,0.035625
3999_200_504_589,3,3,0.004779,0.004789,0.003935,0.905318,0.023595,0.019168,0.038415
3999_200_2240_2291,5,5,0.019231,0.067983,0.069045,0.03855,0.080839,0.461542,0.262808
4000_199_2328_2711,3,3,0.035117,0.080083,0.040796,0.440372,0.230544,0.083058,0.090029
4000_199_31_359,3,3,0.018504,0.030724,0.079289,0.470833,0.222005,0.02584,0.152806
4000_199_724_1385,3,3,0.015987,0.061887,0.161525,0.36811,0.131657,0.059972,0.200863
4000_200_2757_2946,1,3,0.024385,0.080655,0.091873,0.329291,0.257017,0.098092,0.118687
4000_200_1405_1608,5,5,0.005977,0.034336,0.031919,0.059074,0.017045,0.796944,0.054705
4000_199_1744_2168,3,3,0.018025,0.056703,0.121994,0.423834,0.221122,0.061636,0.096685
4000_199_474_610,3,3,0.017673,0.048005,0.061981,0.59696,0.124074,0.047671,0.103636
4000_200_2222_2318,1,3,0.029725,0.103633,0.073019,0.546911,0.06925,0.089477,0.087985
4000_199_2962_3070,3,3,0.02046,0.035845,0.025016,0.659925,0.130872,0.030185,0.097697
4000_200_650_720,5,5,0.036149,0.111865,0.032296,0.048278,0.042791,0.545208,0.183413
4000_200_386_454,5,5,0.01759,0.038334,0.046982,0.094759,0.042338,0.566324,0.193673
4000_199_1624_1677,3,4,0.026398,0.194258,0.188543,0.07301,0.335066,0.03841,0.144315
4000_200_1699_1727,5,5,0.01554,0.044646,0.05569,0.078671,0.036736,0.565873,0.202843
3995_200_31_171,1,0,0.724887,0.123184,0.024568,0.021858,0.033327,0.061887,0.010288
3995_199_1245_1381,1,0,0.554468,0.160036,0.019821,0.039735,0.031586,0.172205,0.02215
3995_200_1159_1222,0,0,0.763436,0.146428,0.007849,0.028323,0.011039,0.027317,0.015609
3995_200_232_417,0,0,0.757905,0.133783,0.010267,0.039691,0.022869,0.0209,0.014586
3995_200_1387_1504,0,0,0.398933,0.20349,0.054578,0.150189,0.03932,0.041054,0.112436
3995_199_833_971,1,1,0.28814,0.327559,0.078768,0.06361,0.068,0.075615,0.09831
3995_199_427_622,1,0,0.455953,0.140746,0.029208,0.025797,0.029924,0.29796,0.020412
3995_199_1114_1151,1,0,0.672146,0.110198,0.017517,0.011534,0.017605,0.160918,0.010082
3995_200_635_816,0,0,0.396464,0.205464,0.020887,0.271096,0.035373,0.040783,0.029934
3995_199_1511_1570,0,0,0.579646,0.22004,0.029146,0.025196,0.030933,0.075676,0.039363
3995_200_1574_1616,0,0,0.749392,0.080485,0.018106,0.085333,0.020949,0.017979,0.027756
3995_199_1623_1677,1,1,0.12854,0.263552,0.054923,0.151182,0.073997,0.171327,0.156479
4323_217_31_155,4,5,0.031106,0.031116,0.013662,0.144675,0.034784,0.621541,0.123116
4323_217_1277_1379,1,5,0.030233,0.152254,0.043177,0.047216,0.095541,0.5264,0.105179
4323_218_1098_1268,1,6,0.030803,0.177299,0.116481,0.113766,0.069992,0.109029,0.382629
4323_217_211_572,4,4,0.076553,0.155814,0.027564,0.198048,0.292465,0.058444,0.191111
4323_218_1398_1552,1,3,0.049454,0.256894,0.048772,0.28262,0.061158,0.091911,0.209192
4323_218_801_1048,0,1,0.02502,0.238623,0.167621,0.086955,0.106275,0.192021,0.183484
4323_218_166_183,5,5,0.017381,0.043125,0.031036,0.021755,0.022174,0.764397,0.100132
4323_217_1727_1786,1,1,0.058791,0.308441,0.073189,0.044705,0.11621,0.169295,0.229371
4323_218_604_731,4,5,0.037817,0.283809,0.113477,0.027451,0.076111,0.363405,0.09793
4323_217_1566_1672,1,6,0.028833,0.1879,0.048931,0.236644,0.154558,0.078315,0.264819
4323_218_1681_1716,3,5,0.037036,0.050695,0.029705,0.130013,0.014897,0.698817,0.038838
4323_217_743_756,2,5,0.027338,0.040011,0.041742,0.041506,0.030052,0.4133,0.406052
4323_217_1061_1078,1,5,0.009459,0.029383,0.020263,0.020484,0.014321,0.825408,0.080682
4322_218_118_331,1,0,0.434987,0.152748,0.015882,0.008795,0.047322,0.33417,0.006097
4322_218_1096_1297,3,3,0.040544,0.120962,0.056529,0.489025,0.055914,0.091601,0.145425
4322_218_1369_1478,3,1,0.2705,0.33313,0.025857,0.044712,0.046457,0.196468,0.082876
4322_218_899_1022,3,5,0.048941,0.062453,0.016033,0.399976,0.024957,0.416729,0.030911
4322_217_1302_1361,1,5,0.100916,0.282036,0.043467,0.096973,0.043443,0.353265,0.0799
4322_217_498_670,5,5,0.041559,0.091167,0.032458,0.135088,0.160367,0.468269,0.071092
4322_217_1029_1068,3,5,0.007608,0.028354,0.032798,0.254904,0.027333,0.575961,0.073041
4322_218_417_492,5,5,0.058841,0.052506,0.019197,0.00848,0.027652,0.810177,0.023146
4322_217_31_94,3,3,0.039693,0.053593,0.038995,0.528303,0.10154,0.016471,0.221406
4322_217_1489_1607,3,3,0.028348,0.044382,0.01201,0.6925,0.07861,0.01396,0.130189
4322_217_749_879,4,6,0.049811,0.200328,0.03156,0.144471,0.07725,0.029405,0.467175
4322_218_702_739,1,5,0.107161,0.168884,0.054878,0.032192,0.040393,0.467725,0.128767
4322_217_352_394,5,5,0.051368,0.050508,0.019022,0.012623,0.023987,0.807928,0.034564
4322_218_1623_1630,3,3,0.003923,0.005676,0.012007,0.793154,0.045769,0.012043,0.127428
4321_218_108_144,0,5,0.056276,0.106454,0.033488,0.011736,0.015877,0.751978,0.024191
4321_218_1193_1344,1,5,0.173148,0.175843,0.040323,0.123547,0.088553,0.276171,0.122415
4321_217_1126_1184,6,1,0.083072,0.260194,0.039118,0.160263,0.249121,0.036459,0.171774
4321_218_1657_1696,1,0,0.476855,0.231437,0.021914,0.034608,0.09164,0.127766,0.01578
4321_217_153_284,3,3,0.046651,0.091135,0.025089,0.423124,0.123622,0.099566,0.190814
4321_217_1360_1463,0,0,0.651896,0.230206,0.012823,0.007257,0.034866,0.053128,0.009824
4321_218_858_1115,0,0,0.380718,0.182328,0.044966,0.022171,0.138095,0.223076,0.008646
4321_217_486_659,1,1,0.117813,0.347182,0.053999,0.170109,0.166688,0.03625,0.107959
4321_218_304_462,4,1,0.065467,0.303492,0.039873,0.200956,0.062021,0.287513,0.040679
4321_217_31_88,3,5,0.09285,0.183929,0.026129,0.228576,0.056774,0.234632,0.177111
4321_218_1487_1559,0,1,0.28241,0.496739,0.048242,0.041659,0.03643,0.058946,0.035575
4321_217_795_846,1,1,0.172743,0.352048,0.029696,0.063523,0.079802,0.200653,0.101535
4321_218_664_789,5,5,0.181384,0.098649,0.022225,0.061218,0.040493,0.569182,0.02685
4321_217_1581_1635,0,3,0.027167,0.074002,0.024311,0.535056,0.057651,0.13463,0.147183
4324_217_31_437,4,6,0.052846,0.172138,0.071191,0.046041,0.260658,0.083047,0.314079
4324_218_1130_1214,1,6,0.08068,0.155434,0.0546,0.260947,0.034371,0.120996,0.292973
4324_217_1631_1750,1,1,0.144612,0.371782,0.027164,0.069116,0.178975,0.168316,0.040036
4324_218_1806_2038,3,1,0.08885,0.417969,0.080705,0.066371,0.24699,0.043868,0.055248
4324_217_1389_1535,1,5,0.015964,0.079177,0.041422,0.148132,0.075939,0.580617,0.058748
4324_218_611_1007,3,5,0.058165,0.160568,0.054347,0.222683,0.04763,0.256165,0.200442
4324_218_1298_1377,3,5,0.034408,0.133135,0.029223,0.103076,0.053076,0.606562,0.040519
4324_217_1027_1119,1,1,0.073481,0.46616,0.054393,0.014606,0.237659,0.113567,0.040133
4324_218_456_520,1,5,0.033954,0.080264,0.134103,0.062454,0.058614,0.424817,0.205793
4324_217_1247_1276,5,5,0.05283,0.06528,0.032754,0.026012,0.029158,0.742945,0.051022
4324_217_546_590,4,4,0.021919,0.20864,0.094159,0.029347,0.384215,0.024347,0.237374
4324_218_1571_1606,3,3,0.076571,0.073249,0.072359,0.351388,0.049821,0.206265,0.170346
4326_218_986_1315,3,3,0.015941,0.028099,0.038514,0.695977,0.027983,0.073455,0.120031
4326_218_166_273,6,6,0.012119,0.02579,0.031777,0.362582,0.042511,0.021409,0.503812
4326_218_1693_1805,3,3,0.012718,0.025363,0.038862,0.701326,0.04356,0.046181,0.13199
4326_218_1388_1590,3,3,0.03936,0.080242,0.058241,0.464914,0.057453,0.10307,0.196721
4326_217_31_127,1,6,0.025813,0.102362,0.250068,0.055646,0.153449,0.075721,0.336942
4326_218_457_606,3,3,0.015453,0.028674,0.030412,0.516874,0.033425,0.323405,0.051756
4326_217_305_426,1,6,0.018882,0.190273,0.161812,0.056317,0.201448,0.018061,0.353207
4326_217_634_705,1,2,0.008599,0.158213,0.502845,0.007351,0.225616,0.013502,0.083874
4326_217_1320_1345,1,1,0.046237,0.243162,0.123049,0.152152,0.075643,0.230057,0.1297
4326_217_810_921,1,6,0.052406,0.201575,0.121896,0.040214,0.119451,0.219623,0.244835
4326_217_1834_1905,1,6,0.008785,0.034497,0.07233,0.120583,0.179944,0.010919,0.572943
4326_218_721_779,3,3,0.023051,0.031804,0.02982,0.628176,0.03012,0.176214,0.080815
4326_217_1619_1675,1,6,0.047331,0.25262,0.042087,0.158149,0.17722,0.012521,0.310071
4325_217_1162_1223,0,0,0.446686,0.321439,0.014182,0.074505,0.038612,0.051947,0.05263
4325_218_193_265,0,5,0.271571,0.133232,0.022,0.016871,0.025482,0.517423,0.013421
4325_217_1314_1566,4,1,0.319849,0.336432,0.038769,0.062348,0.135786,0.028369,0.078447
4325_218_941_964,0,0,0.243098,0.228803,0.072604,0.15123,0.044905,0.164449,0.094911
4325_217_475_627,4,0,0.331187,0.208981,0.021747,0.109978,0.155214,0.131489,0.041403
4325_218_1082_1139,0,1,0.18478,0.340523,0.094455,0.081689,0.059129,0.037241,0.202183
4325_217_280_370,2,6,0.021055,0.047291,0.063018,0.302098,0.063741,0.145563,0.357234
4325_218_637_785,0,1,0.384673,0.407917,0.046383,0.030562,0.042054,0.074581,0.01383
4325_217_1003_1076,4,1,0.061111,0.415752,0.122203,0.019558,0.261811,0.065478,0.054086
4325_217_31_64,3,3,0.05073,0.087938,0.054712,0.542376,0.065045,0.096205,0.102994
4325_218_377_465,0,0,0.656355,0.208508,0.022098,0.005604,0.019101,0.084314,0.004019
4325_218_1235_1286,1,1,0.355999,0.486381,0.031626,0.020668,0.036567,0.020034,0.048725
4325_217_796_925,4,0,0.399553,0.291012,0.064084,0.080949,0.082468,0.036853,0.045081
4325_218_92_119,5,5,0.071147,0.173528,0.053182,0.03169,0.043677,0.573382,0.053394
4325_217_129_169,3,3,0.171667,0.180656,0.046878,0.338364,0.060124,0.162778,0.039533
4325_218_1594_1606,5,5,0.012764,0.020396,0.023207,0.024417,0.037538,0.836414,0.045264
4328_218_79_213,5,5,0.028693,0.012822,0.009456,0.045993,0.04132,0.842989,0.018727
4328_217_250_345,3,3,0.01137,0.015921,0.023896,0.76088,0.03747,0.056744,0.093718
4328_217_804_979,6,5,0.037477,0.122432,0.120461,0.064199,0.148954,0.451626,0.054852
4328_217_1303_1367,1,1,0.094793,0.569352,0.03832,0.032283,0.165427,0.014712,0.085112
4328_217_456_611,1,1,0.104771,0.32738,0.082124,0.046172,0.270039,0.094276,0.075238
4328_218_1051_1177,6,0,0.324185,0.276249,0.081205,0.057863,0.100576,0.119787,0.040136
4328_217_31_58,3,3,0.026094,0.028185,0.071803,0.636163,0.036156,0.033984,0.167615
4328_218_1517_1565,3,3,0.008556,0.008498,0.023219,0.643714,0.058992,0.05561,0.201412
4328_218_1252_1282,6,1,0.18518,0.321837,0.086121,0.073991,0.05186,0.078277,0.202733
4328_218_718_780,5,5,0.040444,0.061363,0.155478,0.097559,0.097583,0.275678,0.271896
4328_218_376_437,3,5,0.120817,0.162725,0.042859,0.027992,0.051129,0.522303,0.072175
4328_218_1391_1451,6,6,0.044596,0.050987,0.019756,0.339563,0.032998,0.021052,0.491048
4328_217_1199_1214,3,6,0.053523,0.136513,0.079031,0.194333,0.058716,0.067229,0.410656
4328_217_1472_1493,4,6,0.02295,0.10539,0.052938,0.184729,0.139749,0.024121,0.470122
4329_218_108_144,0,5,0.023913,0.083331,0.048294,0.024924,0.02955,0.66186,0.128129
4329_218_1218_1310,1,5,0.082954,0.091143,0.029548,0.02119,0.019492,0.690918,0.064755
4329_218_236_256,0,5,0.05971,0.136762,0.061089,0.021272,0.038884,0.548407,0.133876
4329_218_941_989,0,1,0.134954,0.414439,0.063773,0.02158,0.143343,0.14919,0.072722
4329_217_1337_1367,1,5,0.082414,0.257901,0.112236,0.030792,0.069814,0.281661,0.165182
4329_217_490_752,1,1,0.062994,0.335223,0.068414,0.147927,0.22209,0.043485,0.119867
4329_217_1013_1172,6,1,0.061523,0.466434,0.055874,0.043816,0.177967,0.030075,0.164311
4329_217_284_360,6,3,0.017108,0.071641,0.051522,0.42195,0.069091,0.037663,0.331025
4329_217_31_101,1,1,0.132586,0.530519,0.083494,0.012355,0.178516,0.039848,0.022683
4329_218_391_473,0,5,0.014207,0.058615,0.069721,0.0117,0.019757,0.780704,0.045295
4329_218_786_866,0,1,0.133857,0.330231,0.074801,0.075148,0.082308,0.04897,0.254684
4329_218_1386_1426,1,5,0.025833,0.137731,0.131839,0.046123,0.076347,0.339183,0.242945
4329_217_158_180,6,1,0.060191,0.352353,0.175029,0.027944,0.173532,0.118755,0.092196
4329_217_883_924,4,1,0.036121,0.367177,0.098848,0.057334,0.352624,0.018198,0.069699
4337_218_101_257,3,3,0.027895,0.104017,0.10808,0.561608,0.082455,0.05145,0.064494
4337_218_1253_1349,0,0,0.512876,0.259302,0.02057,0.019642,0.023392,0.154279,0.009939
4337_217_928_1231,1,3,0.091696,0.141425,0.044274,0.24454,0.215405,0.072255,0.190406
4337_217_1626_1830,0,5,0.157504,0.169389,0.053924,0.203847,0.050926,0.260705,0.103704
4337_217_1371_1490,0,0,0.346405,0.31211,0.017706,0.106737,0.063189,0.129243,0.024611
4337_217_576_691,1,1,0.098659,0.347251,0.03359,0.253383,0.089205,0.103986,0.073925
4337_217_282_365,5,5,0.013521,0.009425,0.012516,0.215184,0.014982,0.689892,0.044481
4337_218_405_557,3,3,0.01586,0.035997,0.058677,0.665017,0.039819,0.103785,0.080844
4337_217_31_69,3,5,0.009988,0.024488,0.047176,0.207389,0.020381,0.585515,0.105064
4337_218_1509_1623,0,0,0.524403,0.311108,0.012182,0.038441,0.016929,0.08556,0.011375
4337_218_721_891,0,5,0.116263,0.104483,0.038073,0.022744,0.024067,0.673838,0.020532
4337_218_1892_1926,4,2,0.034888,0.1402,0.275002,0.064477,0.19606,0.190488,0.098885
4336_218_31_150,3,6,0.021817,0.037257,0.040282,0.255729,0.019681,0.086477,0.538757
4336_218_1151_1201,0,4,0.084392,0.336208,0.127959,0.020965,0.343856,0.068819,0.017801
4336_218_803_929,0,5,0.339234,0.160681,0.033015,0.034129,0.057857,0.348159,0.026925
4336_217_938_1043,1,5,0.010906,0.02547,0.026407,0.287631,0.021402,0.585238,0.042946
4336_217_686_764,5,5,0.009316,0.017153,0.024044,0.062684,0.016289,0.824654,0.04586
4336_218_297_418,1,0,0.440753,0.280273,0.034488,0.043009,0.041718,0.130636,0.029122
4336_218_578_685,6,3,0.040253,0.093613,0.033392,0.552108,0.084646,0.037123,0.158866
4336_217_170_248,3,3,0.007671,0.013546,0.033774,0.698737,0.027381,0.022519,0.196372
4336_217_428_570,1,3,0.049587,0.082781,0.033605,0.572667,0.092008,0.075764,0.093587
4336_217_1126_1148,3,6,0.014736,0.040662,0.040704,0.219122,0.036683,0.177387,0.470706
4336_218_1077_1123,0,5,0.183377,0.112596,0.026401,0.019509,0.022919,0.57932,0.055878
4338_217_90_171,1,0,0.523691,0.284953,0.016654,0.034552,0.025728,0.094217,0.020205
4338_218_1044_1305,1,1,0.22016,0.28193,0.073116,0.105732,0.126461,0.090878,0.101723
4338_218_171_379,3,3,0.05976,0.117835,0.049223,0.408089,0.14732,0.065786,0.151988
4338_217_899_1044,1,0,0.265501,0.176143,0.041332,0.190529,0.083354,0.122362,0.12078
4338_217_1305_1362,3,3,0.026404,0.029646,0.033096,0.751241,0.029166,0.042906,0.087541
4338_218_583_745,1,5,0.027688,0.046124,0.026367,0.011045,0.032056,0.844377,0.012343
4338_217_379_583,1,0,0.480128,0.20934,0.025543,0.021158,0.042063,0.204497,0.017271
4338_218_31_90,3,3,0.053326,0.095565,0.021518,0.421338,0.050799,0.015586,0.341868
4338_218_802_899,5,5,0.008734,0.065229,0.080347,0.022665,0.062472,0.711175,0.049379
4338_218_1362_1442,3,5,0.152265,0.130713,0.067797,0.212728,0.046846,0.294693,0.094957
4338_217_745_802,1,5,0.015303,0.084509,0.080989,0.112063,0.036767,0.382163,0.288207
4331_217_126_298,5,5,0.008774,0.036484,0.054541,0.045719,0.071296,0.717008,0.066179
4331_217_1282_1313,6,4,0.027658,0.294258,0.069947,0.036345,0.456546,0.026859,0.088387
4331_218_1161_1269,6,6,0.015284,0.088026,0.058454,0.113272,0.029557,0.110587,0.58482
4331_217_1613_1715,0,6,0.039515,0.152299,0.105555,0.008811,0.271807,0.135178,0.286835
4331_218_1774_1859,1,1,0.15196,0.457692,0.044908,0.116779,0.143113,0.020316,0.065233
4331_217_1388_1526,0,1,0.071062,0.324528,0.08886,0.030937,0.122002,0.151413,0.211197
4331_218_949_1034,6,2,0.014786,0.087716,0.370685,0.036554,0.138792,0.069625,0.281843
4331_218_1338_1358,1,5,0.050613,0.081152,0.026781,0.014351,0.050138,0.65708,0.119885
4331_217_439_614,0,5,0.058346,0.28105,0.055664,0.019193,0.138161,0.42849,0.019096
4331_217_1059_1129,5,1,0.089184,0.304244,0.0868,0.023037,0.103924,0.28801,0.104801
4331_218_323_422,6,6,0.022941,0.074825,0.03101,0.191015,0.048528,0.026063,0.605618
4331_218_638_789,3,0,0.301451,0.26765,0.032542,0.229274,0.031803,0.098542,0.038737
4331_218_31_107,6,6,0.038386,0.084725,0.062256,0.163703,0.077291,0.052418,0.521221
4331_217_806_888,2,5,0.0927,0.190199,0.029834,0.060632,0.053889,0.456333,0.116413
4331_218_1541_1575,6,1,0.195124,0.222587,0.075612,0.024175,0.163653,0.165303,0.153546
4334_218_1168_1234,5,5,0.008725,0.097864,0.192717,0.013306,0.044813,0.614488,0.028087
4334_218_111_143,5,5,0.021182,0.065914,0.045548,0.073483,0.021389,0.664445,0.108041
4334_217_786_936,3,5,0.019666,0.042324,0.033271,0.283984,0.026585,0.566897,0.027274
4334_217_31_99,3,3,0.01035,0.019069,0.038381,0.649369,0.025102,0.026069,0.23166
4334_218_951_1024,0,5,0.28891,0.103798,0.021794,0.012127,0.025862,0.539894,0.007615
4334_218_638_765,0,5,0.049585,0.165141,0.040784,0.16637,0.055261,0.308453,0.214406
4334_218_397_456,3,1,0.090376,0.316871,0.045628,0.285248,0.045557,0.084709,0.13161
4334_217_261_383,5,5,0.00634,0.014489,0.013463,0.020454,0.010959,0.869913,0.064382
4334_217_151_213,6,6,0.014088,0.0441,0.039346,0.229436,0.028003,0.309215,0.335811
4334_217_1026_1148,1,5,0.037009,0.076412,0.018389,0.030173,0.035503,0.756246,0.046267
4334_217_462_636,1,5,0.027207,0.027513,0.00536,0.447157,0.020526,0.449272,0.022965
4334_218_215_244,5,5,0.01969,0.08065,0.071879,0.018425,0.036302,0.709603,0.063451
4335_217_2476_2618,0,0,0.260748,0.2091,0.031253,0.18729,0.087114,0.065351,0.159143
4335_217_31_226,3,3,0.03343,0.083983,0.095552,0.222334,0.193506,0.205213,0.165983
4335_217_1026_1311,3,3,0.02426,0.019388,0.011332,0.549265,0.061823,0.241299,0.092633
4335_217_2701_2773,3,1,0.170621,0.246195,0.052407,0.113805,0.155478,0.047514,0.213979
4335_218_1412_1656,1,4,0.038608,0.331527,0.172245,0.015094,0.333298,0.048912,0.060315
4335_218_911_1019,5,0,0.539949,0.211665,0.014991,0.00347,0.043042,0.177199,0.009684
4335_218_2793_2833,5,5,0.006289,0.010824,0.011536,0.012052,0.01194,0.904821,0.042537
4335_218_2007_2143,2,1,0.063013,0.511227,0.080497,0.019424,0.232615,0.025644,0.06758
4335_217_1703_1966,3,3,0.213883,0.115217,0.019272,0.302716,0.053504,0.257891,0.037517
4335_217_486_893,1,5,0.243735,0.243064,0.029135,0.046975,0.113101,0.253609,0.070382
4335_218_2626_2692,3,3,0.018399,0.028686,0.020943,0.450257,0.01704,0.448695,0.015979
4335_217_2156_2376,3,5,0.071081,0.120194,0.076952,0.153687,0.216279,0.281214,0.080592
4335_218_291_471,1,3,0.126536,0.209019,0.03544,0.273014,0.066651,0.158855,0.130484
4335_218_2408_2459,3,0,0.541999,0.219445,0.015114,0.024499,0.026646,0.159882,0.012414
4332_218_1218_1349,0,0,0.304872,0.281465,0.06409,0.046621,0.059378,0.164331,0.079244
4332_218_2031_2063,0,1,0.168033,0.401524,0.07361,0.040288,0.09303,0.111164,0.112351
4332_218_1653_1700,4,4,0.059541,0.22436,0.131387,0.067643,0.353574,0.007869,0.155625
4332_217_250_485,0,1,0.175153,0.47861,0.066015,0.00853,0.187088,0.059958,0.024646
4332_217_1723_1993,0,0,0.524471,0.244845,0.025466,0.02374,0.055621,0.084725,0.041133
4332_217_1378_1525,0,1,0.175291,0.43905,0.065655,0.012027,0.168169,0.097755,0.042053
4332_217_98_124,0,1,0.048982,0.487598,0.064251,0.010741,0.305632,0.014733,0.068063
4332_217_933_977,0,5,0.07921,0.052567,0.009752,0.04377,0.020762,0.739339,0.0546
4332_218_195_224,2,2,0.039541,0.173819,0.272384,0.066292,0.153408,0.133964,0.160592
4332_217_1060_1176,0,1,0.189427,0.330687,0.082726,0.034077,0.123794,0.063919,0.17537
4332_217_603_821,0,5,0.307182,0.115795,0.020137,0.02819,0.069263,0.435586,0.023846
4332_218_996_1035,1,1,0.073276,0.278844,0.091447,0.093855,0.087103,0.176277,0.199197
4332_218_31_57,2,5,0.016035,0.033768,0.115401,0.055975,0.044569,0.575383,0.15887
4332_218_858_895,0,4,0.039384,0.220163,0.194177,0.027881,0.274209,0.031712,0.212473
4332_218_540_574,4,4,0.02869,0.117419,0.094224,0.070723,0.644336,0.010461,0.034148
4341_218_111_477,0,1,0.082327,0.385645,0.167605,0.047633,0.238629,0.031373,0.046789
4341_218_1227_1490,0,0,0.450911,0.277182,0.073596,0.047271,0.03444,0.027211,0.089388
4341_217_1052_1227,1,0,0.561122,0.191022,0.018424,0.022508,0.053031,0.1443,0.009593
4341_218_1611_1745,1,0,0.524073,0.253293,0.021593,0.023398,0.118728,0.048173,0.010743
4341_218_846_1052,0,1,0.2424,0.370453,0.081533,0.071531,0.055551,0.040713,0.13782
4341_218_583_699,1,5,0.217956,0.192585,0.072053,0.090521,0.070419,0.261502,0.094963
4341_217_31_111,4,1,0.157739,0.312387,0.047283,0.130214,0.145313,0.149204,0.057861
4341_217_1490_1611,4,4,0.098863,0.300155,0.056302,0.036076,0.429534,0.048677,0.030391
4341_217_699_846,1,4,0.067992,0.223352,0.10219,0.053198,0.379069,0.109885,0.064313
4341_217_477_583,1,0,0.385268,0.202471,0.063174,0.029495,0.093551,0.183618,0.042423
4340_218_114_159,5,5,0.041301,0.063702,0.039403,0.045692,0.018027,0.717426,0.074449
4340_218_1262_1476,3,3,0.038592,0.078075,0.031935,0.38972,0.060291,0.375839,0.025549
4340_218_1058_1211,5,5,0.025724,0.043543,0.048217,0.333003,0.029819,0.494503,0.025191
4340_218_1595_1711,1,5,0.166641,0.200794,0.036396,0.038348,0.036417,0.467206,0.054198
4340_217_159_315,1,5,0.304984,0.141618,0.051134,0.047562,0.074363,0.355344,0.024994
4340_217_796_1058,0,0,0.481082,0.258426,0.022087,0.023809,0.057919,0.138912,0.017765
4340_217_350_704,1,0,0.532438,0.225152,0.021373,0.051727,0.054056,0.074814,0.040441
4340_218_315_350,5,5,0.012895,0.021731,0.020493,0.041153,0.016597,0.811981,0.075151
4340_217_31_114,0,1,0.189027,0.285026,0.057937,0.182407,0.0636,0.1385,0.083503
4340_217_1476_1595,6,6,0.014104,0.057006,0.041751,0.354005,0.019742,0.108346,0.405046
4340_217_1211_1262,3,3,0.022879,0.062211,0.074524,0.587754,0.053395,0.061813,0.137424
4340_218_704_796,5,3,0.068299,0.164646,0.076153,0.384873,0.041143,0.249087,0.015799
4339_218_2070_2548,3,3,0.021686,0.041578,0.115729,0.472314,0.090399,0.154168,0.104127
4339_218_31_195,4,3,0.029418,0.108973,0.056782,0.476691,0.077218,0.084419,0.166499
4339_218_1239_1618,1,5,0.012929,0.039151,0.08507,0.017661,0.039156,0.771376,0.034657
4339_217_1175_1239,5,5,0.003147,0.008647,0.011232,0.027464,0.00892,0.909112,0.031477
4339_217_195_285,4,5,0.009075,0.023664,0.023228,0.022675,0.030627,0.858222,0.032509
4339_218_2661_2999,3,3,0.014754,0.016315,0.016408,0.820358,0.041333,0.052635,0.038198
4339_217_2548_2661,3,5,0.006138,0.002993,0.007083,0.256711,0.010126,0.712153,0.004796
4339_218_848_1175,3,5,0.095403,0.07382,0.060061,0.030463,0.06397,0.640102,0.03618
4339_217_1965_2070,3,5,0.017417,0.027146,0.021028,0.376561,0.018705,0.515008,0.024135
4339_218_1717_1965,1,0,0.467449,0.2156,0.115175,0.012898,0.063859,0.076698,0.048322
4339_218_534_757,3,5,0.036853,0.072494,0.07424,0.173558,0.048303,0.546782,0.047771
4339_217_1618_1717,3,5,0.010962,0.006137,0.006737,0.264957,0.014367,0.682229,0.014612
4339_218_285_403,4,1,0.051693,0.248699,0.12156,0.092995,0.232407,0.078009,0.174638
4339_217_403_534,4,4,0.0399,0.140913,0.318521,0.011489,0.326802,0.095926,0.06645
4339_217_757_848,3,5,0.006469,0.011743,0.021372,0.079899,0.011727,0.841649,0.02714
4344_217_31_154,3,3,0.04138,0.023266,0.065877,0.486037,0.054008,0.161506,0.167926
4344_217_1167_1316,1,3,0.052295,0.066521,0.024597,0.500421,0.073963,0.130574,0.151629
4344_217_222_338,1,0,0.36106,0.230195,0.037452,0.040803,0.025992,0.270097,0.034402
4344_217_1453_1608,3,5,0.011921,0.007331,0.009477,0.446049,0.022962,0.49113,0.011131
4344_217_893_944,3,3,0.008271,0.010318,0.026077,0.785696,0.018505,0.025938,0.125194
4344_218_154_222,1,5,0.01437,0.043592,0.087601,0.06699,0.040306,0.514041,0.2331
4344_217_555_717,0,0,0.688883,0.141944,0.011371,0.011265,0.043273,0.099388,0.003875
4344_218_1009_1167,1,1,0.365405,0.401114,0.036691,0.036875,0.039017,0.082381,0.038517
4344_218_418_555,5,5,0.025032,0.024974,0.029269,0.039049,0.030634,0.828629,0.022412
4344_218_758_893,5,5,0.007959,0.008244,0.009127,0.058255,0.026848,0.86887,0.020696
4344_218_1365_1453,1,1,0.192337,0.320605,0.037635,0.224036,0.071022,0.037245,0.117119
4343_218_1227_1303,1,5,0.039045,0.053016,0.027107,0.150828,0.023337,0.605962,0.100705
4343_217_31_138,1,5,0.014052,0.064181,0.126221,0.043962,0.105874,0.54046,0.10525
4343_217_1117_1227,0,0,0.487359,0.273797,0.015563,0.05134,0.058961,0.094165,0.018815
4343_218_769_823,1,6,0.025862,0.15077,0.091995,0.097944,0.166083,0.040072,0.427274
4343_218_967_1117,1,1,0.209265,0.309724,0.060811,0.146258,0.074755,0.084574,0.114614
4343_217_694_769,1,1,0.184491,0.520077,0.045978,0.067153,0.053723,0.0637,0.064878
4343_217_238_297,1,1,0.095583,0.375965,0.0571,0.020593,0.053676,0.29417,0.102912
4343_217_370_501,1,0,0.431984,0.308597,0.022156,0.029518,0.022151,0.151453,0.034141
4343_218_501_694,1,3,0.018291,0.079156,0.046726,0.360903,0.020785,0.236115,0.238024
4343_218_138_238,6,3,0.013686,0.022179,0.052901,0.615572,0.047363,0.110172,0.138128
4343_217_823_967,3,3,0.018627,0.041682,0.027671,0.662637,0.045318,0.029962,0.174104
4343_218_297_370,1,3,0.031029,0.136761,0.047571,0.541719,0.034752,0.038183,0.169985
4346_217_31_166,1,1,0.244584,0.335701,0.043008,0.045943,0.09061,0.163951,0.076203
4346_217_1225_1320,1,3,0.047942,0.041133,0.012865,0.700677,0.050311,0.029151,0.117922
4346_218_815_1225,2,3,0.106995,0.205302,0.067394,0.284763,0.129883,0.019737,0.185927
4346_218_1433_1745,5,5,0.005869,0.006911,0.031154,0.059888,0.026465,0.846141,0.023571
4346_218_190_449,2,0,0.209563,0.208164,0.167902,0.080193,0.086371,0.174238,0.073568
4346_217_2122_2326,5,3,0.04064,0.030055,0.022227,0.583534,0.036377,0.278201,0.008966
4346_218_584_701,1,0,0.282385,0.193571,0.074826,0.077694,0.133735,0.138967,0.098823
4346_217_449_584,1,1,0.412227,0.446174,0.026605,0.006916,0.057444,0.042125,0.008507
4346_217_1860_1987,5,5,0.021767,0.054709,0.03719,0.008108,0.01842,0.838812,0.020994
4346_217_701_815,1,1,0.236431,0.6011,0.023309,0.014799,0.068115,0.019114,0.037132
4346_218_2071_2122,5,5,0.018457,0.04872,0.306598,0.013348,0.039695,0.517076,0.056107
4345_218_118_177,1,5,0.055872,0.117271,0.036889,0.025592,0.033404,0.690521,0.040451
4345_218_1252_1368,1,0,0.391217,0.163458,0.048784,0.005572,0.025287,0.344638,0.021044
4345_217_1097_1208,1,0,0.683312,0.235452,0.013363,0.007221,0.04404,0.011438,0.005174
4345_218_1549_1742,4,4,0.059951,0.179044,0.122164,0.085121,0.494001,0.026004,0.033716
4345_217_177_274,0,0,0.500774,0.208013,0.044213,0.073888,0.030048,0.117205,0.025859
4345_217_1368_1461,1,0,0.548673,0.332764,0.011454,0.009466,0.038234,0.056291,0.003118
4345_217_769_1013,1,0,0.635479,0.276578,0.012238,0.010695,0.038388,0.021156,0.005465
4345_217_378_599,0,0,0.868843,0.097029,0.002477,0.003954,0.009642,0.016884,0.001171
4345_218_274_378,5,5,0.128809,0.087863,0.032751,0.008191,0.031955,0.705266,0.005164
4345_217_31_118,0,0,0.33835,0.111882,0.033841,0.096751,0.056234,0.317459,0.045484
4345_218_663_769,5,1,0.11802,0.347885,0.132065,0.012955,0.053349,0.301039,0.034688
4345_218_1066_1097,4,4,0.035771,0.186532,0.176615,0.059114,0.341885,0.069313,0.13077
4348_217_31_202,1,2,0.014706,0.075395,0.318989,0.069354,0.161108,0.042179,0.318269
4348_217_1929_2075,3,3,0.00559,0.003001,0.005542,0.939346,0.016124,0.013759,0.016639
4348_217_1118_1241,4,2,0.067187,0.135967,0.480335,0.013916,0.261342,0.019424,0.021829
4348_218_1659_1753,3,3,0.015797,0.0347,0.021973,0.596172,0.020888,0.042327,0.268143
4348_218_244_319,1,2,0.017522,0.166733,0.596734,0.01316,0.071462,0.067905,0.066484
4348_218_1810_1929,3,3,0.012588,0.019481,0.021294,0.768529,0.035756,0.027508,0.114844
4348_217_1753_1810,3,3,0.008341,0.005221,0.011679,0.875588,0.015573,0.033508,0.050089
4348_218_1320_1591,1,2,0.128684,0.22467,0.399843,0.034988,0.084365,0.088348,0.039101
4348_217_793_958,1,4,0.07536,0.117155,0.124341,0.175778,0.264317,0.120837,0.122213
4348_218_462_793,1,1,0.056509,0.348096,0.234839,0.025276,0.176103,0.039379,0.119798
4348_218_989_1118,1,2,0.049567,0.232584,0.29589,0.129754,0.131661,0.074078,0.086466
4348_217_319_462,4,4,0.02713,0.247063,0.200073,0.027088,0.387928,0.032491,0.078227
4348_217_1591_1659,3,3,0.020702,0.016098,0.066214,0.71784,0.03158,0.060285,0.087281
4350_218_94_159,3,6,0.022596,0.069007,0.040481,0.361612,0.027201,0.101893,0.377211
4350_218_1213_1307,1,5,0.194759,0.190519,0.115224,0.059829,0.053711,0.24689,0.139067
4350_217_172_325,2,2,0.021573,0.09874,0.461723,0.087434,0.149537,0.055634,0.125359
4350_218_1454_1570,0,6,0.036732,0.067423,0.045809,0.253469,0.02457,0.068099,0.503898
4350_218_945_1075,0,0,0.313775,0.197005,0.040863,0.163086,0.049045,0.131133,0.105094
4350_217_1314_1393,1,6,0.028982,0.089524,0.167572,0.223922,0.063694,0.015828,0.410477
4350_218_577_783,1,0,0.696896,0.173285,0.043943,0.004796,0.033128,0.038632,0.009322
4350_217_1091_1152,2,2,0.045686,0.166305,0.442679,0.024446,0.184518,0.036664,0.099701
4350_218_326_401,1,1,0.291469,0.466792,0.037754,0.028975,0.072044,0.040172,0.062795
4350_217_420_557,3,6,0.087283,0.182637,0.092237,0.160354,0.176481,0.039444,0.261563
4350_217_31_87,3,6,0.04543,0.113066,0.082741,0.158331,0.056741,0.173523,0.370168
4350_217_795_904,4,1,0.221932,0.376857,0.052551,0.049332,0.102688,0.069925,0.126716
4349_218_127_267,3,3,0.008444,0.026509,0.022026,0.497898,0.035113,0.020914,0.389096
4349_217_1290_1415,1,1,0.323992,0.360826,0.030803,0.028057,0.193473,0.027609,0.03524
4349_218_932_1290,5,3,0.065924,0.068675,0.034797,0.503356,0.161084,0.119291,0.046874
4349_218_1491_1683,1,3,0.052685,0.079132,0.09193,0.29713,0.23524,0.226329,0.017554
4349_217_31_127,1,6,0.024169,0.051046,0.129708,0.199636,0.134427,0.102037,0.358977
4349_217_853_932,3,3,0.007072,0.016701,0.023971,0.462637,0.023023,0.035007,0.431589
4349_218_581_650,3,3,0.00455,0.002792,0.005554,0.920268,0.013473,0.013307,0.040057
4349_217_456_581,1,4,0.038992,0.113058,0.075336,0.110742,0.534199,0.0862,0.041474
4349_218_409_456,5,1,0.068884,0.308723,0.170986,0.142633,0.131935,0.038362,0.138477
4349_218_811_853,5,5,0.010119,0.020863,0.020631,0.011248,0.010129,0.895806,0.031204
4349_217_650_762,1,3,0.012248,0.024664,0.031978,0.468916,0.017492,0.257252,0.187449
4349_217_1683_1735,1,1,0.135256,0.465969,0.104108,0.036619,0.12294,0.098003,0.037106
4349_217_267_321,4,2,0.025147,0.10605,0.30724,0.03,0.09817,0.268507,0.164886
4351_218_109_245,5,5,0.026563,0.038813,0.015663,0.007026,0.015655,0.882821,0.013458
4351_217_1981_2068,1,6,0.065525,0.208819,0.065697,0.13604,0.054776,0.066201,0.402942
4351_218_1080_1190,0,0,0.41307,0.290913,0.048617,0.027172,0.031194,0.151325,0.037709
4351_218_1573_1716,5,5,0.013403,0.143915,0.131224,0.021511,0.03516,0.622513,0.032276
4351_217_1737_1806,0,5,0.085094,0.16617,0.045313,0.136718,0.088507,0.386347,0.091851
4351_217_1403_1520,1,1,0.085444,0.236083,0.104158,0.093832,0.182185,0.169915,0.128383
4351_217_884_1060,1,1,0.321826,0.323446,0.040815,0.031268,0.041455,0.183959,0.057232
4351_218_1344_1381,4,5,0.121218,0.185209,0.071046,0.02614,0.039263,0.477701,0.079423
4351_218_565_652,1,5,0.037696,0.049795,0.02076,0.01234,0.013348,0.844953,0.021108
4351_217_31_101,4,2,0.011115,0.075801,0.452123,0.012385,0.366326,0.0173,0.06495
4351_218_342_470,5,5,0.008742,0.012805,0.023325,0.005047,0.027631,0.908793,0.013658
4351_217_1210_1283,1,6,0.099917,0.187609,0.070353,0.144481,0.078942,0.13525,0.283448
4351_218_817_872,0,5,0.140018,0.102041,0.01673,0.015297,0.016132,0.687148,0.022634
4351_218_1840_1968,1,0,0.752603,0.148107,0.008108,0.004981,0.008932,0.07295,0.00432
4351_217_672_801,0,1,0.250505,0.421769,0.035362,0.057739,0.090517,0.111828,0.03228
4351_217_487_538,1,6,0.038868,0.15616,0.066126,0.26636,0.078017,0.119362,0.275107
4351_217_260_317,1,2,0.010159,0.054616,0.408669,0.036718,0.367837,0.029395,0.092606
4352_218_127_268,3,5,0.065545,0.192264,0.042797,0.009699,0.04261,0.624153,0.022933
4352_218_1281_1512,5,3,0.063683,0.071828,0.016208,0.538456,0.033512,0.249836,0.026479
4352_217_2010_2125,0,0,0.37713,0.250599,0.024681,0.031441,0.02853,0.261615,0.026004
4352_217_1059_1249,1,3,0.080296,0.146395,0.024785,0.338949,0.08126,0.22056,0.107754
4352_218_1620_1742,1,3,0.12627,0.255064,0.052053,0.308378,0.046843,0.134116,0.077275
4352_217_1761_1843,0,3,0.074277,0.154679,0.016342,0.368669,0.056978,0.095529,0.233525
4352_218_2154_2237,1,5,0.029793,0.106051,0.039668,0.020777,0.046285,0.732381,0.025045
4352_218_915_1052,0,5,0.122002,0.233184,0.014898,0.243239,0.05279,0.321424,0.012463
4352_217_540_604,5,6,0.020234,0.128834,0.043335,0.129727,0.06153,0.049319,0.567021
4352_217_294_443,3,0,0.295869,0.226068,0.022989,0.04279,0.073355,0.233145,0.105784
4352_218_626_703,3,3,0.023061,0.024711,0.016269,0.510346,0.054353,0.283828,0.087432
4352_217_31_108,3,6,0.03115,0.065072,0.060395,0.090921,0.071744,0.293753,0.386966
4352_217_1523_1578,0,1,0.155415,0.280221,0.036143,0.138905,0.060914,0.150159,0.178243
4352_217_715_892,1,5,0.130061,0.222113,0.013499,0.06799,0.03313,0.504938,0.028269
4352_218_1902_1989,3,1,0.128975,0.485253,0.068629,0.101639,0.144791,0.04223,0.028484
4352_218_488_522,3,3,0.031506,0.040644,0.017291,0.62749,0.022814,0.227657,0.032598
4352_217_2253_2270,5,5,0.027689,0.022155,0.019628,0.198263,0.018896,0.578591,0.134778
4354_218_2270_2520,3,3,0.007912,0.006432,0.023101,0.898686,0.021582,0.028105,0.014182
4354_218_1161_1331,3,3,0.14283,0.193192,0.052061,0.31457,0.096118,0.043991,0.157237
4354_217_1673_1773,0,1,0.128297,0.378274,0.056534,0.107962,0.098871,0.067385,0.162677
4354_218_151_330,3,3,0.016826,0.063978,0.095143,0.600178,0.076426,0.056336,0.091113
4354_218_1813_1963,3,3,0.009991,0.011743,0.017103,0.852491,0.024791,0.022474,0.061407
4354_218_1424_1670,3,1,0.281158,0.2837,0.03676,0.103296,0.056415,0.199,0.039671
4354_217_867_1104,1,6,0.045604,0.160636,0.038508,0.132011,0.248395,0.046622,0.328224
4354_218_469_643,4,1,0.172818,0.308665,0.11738,0.174596,0.075053,0.101621,0.049866
4354_218_2050_2207,3,3,0.005995,0.005251,0.011303,0.903268,0.018555,0.017923,0.037706
4354_217_31_116,6,2,0.024748,0.073293,0.366837,0.026448,0.17755,0.08515,0.245974
4354_217_358_445,1,6,0.100719,0.241526,0.048996,0.080615,0.068353,0.08956,0.370231
4354_217_664_815,1,4,0.028772,0.204562,0.162658,0.031832,0.437834,0.023466,0.110876
4354_217_1357_1402,2,1,0.050847,0.466213,0.058105,0.074666,0.126981,0.158765,0.064423
4354_217_2539_2596,1,2,0.021448,0.088612,0.426287,0.033541,0.206233,0.089895,0.133984
4354_217_2228_2247,5,5,0.014441,0.082888,0.079039,0.044441,0.044061,0.452828,0.282301
4354_218_828_847,3,5,0.012741,0.020263,0.017265,0.015149,0.013799,0.865237,0.055546
4354_217_1980_1995,4,4,0.020353,0.148218,0.243831,0.037881,0.319989,0.02312,0.206608
4355_217_31_137,3,6,0.014367,0.031144,0.1208,0.138868,0.058454,0.095208,0.54116
4355_218_1954_2123,4,0,0.450332,0.362456,0.033916,0.007759,0.040054,0.098874,0.006609
4355_218_1041_1189,0,1,0.207154,0.612127,0.038658,0.005456,0.109121,0.020992,0.006492
4355_218_1503_1716,0,5,0.124048,0.228582,0.054812,0.007785,0.035213,0.537045,0.012516
4355_218_149_262,4,5,0.018612,0.09319,0.144982,0.054919,0.064858,0.536838,0.0866
4355_217_1743_1925,1,3,0.044376,0.236077,0.039873,0.264625,0.166348,0.055653,0.193048
4355_217_1435_1488,1,6,0.007243,0.14414,0.161749,0.035221,0.161609,0.029025,0.461014
4355_217_2156_2326,3,3,0.093769,0.235118,0.027871,0.249315,0.070539,0.079187,0.244201
4355_217_846_946,3,1,0.120849,0.386546,0.028617,0.18355,0.082608,0.030183,0.167647
4355_218_431_662,1,1,0.301338,0.41382,0.109993,0.003432,0.081813,0.080111,0.009494
4355_217_293_379,3,5,0.009047,0.021709,0.022526,0.051102,0.013946,0.850425,0.031244
4355_217_1209_1295,1,1,0.17475,0.299586,0.09318,0.052676,0.11314,0.157821,0.108848
4355_217_2520_2608,3,2,0.02392,0.20525,0.236884,0.034807,0.165645,0.208553,0.124941
4355_218_2348_2480,5,5,0.014498,0.026139,0.074091,0.16111,0.032295,0.568547,0.12332
4355_217_693_727,3,6,0.015726,0.02919,0.077778,0.183214,0.060069,0.150707,0.483315
4355_218_1367_1402,1,1,0.137426,0.360482,0.049916,0.016798,0.046562,0.340401,0.048415
4355_218_799_820,4,2,0.030549,0.133646,0.514458,0.040425,0.171791,0.015671,0.09346
4359_218_31_129,3,0,0.366316,0.251616,0.025111,0.051984,0.050025,0.185229,0.069719
4359_217_1106_1231,0,1,0.074889,0.283973,0.08172,0.013343,0.10686,0.163907,0.275309
4359_217_1594_1721,0,1,0.144739,0.289398,0.051658,0.094465,0.089403,0.075066,0.25527
4359_218_217_344,3,5,0.179687,0.272389,0.064919,0.081573,0.053709,0.284727,0.062994
4359_218_1754_1886,1,1,0.151089,0.458194,0.100035,0.019471,0.110568,0.143721,0.016922
4359_218_1312_1364,2,2,0.009643,0.156509,0.493936,0.015435,0.149765,0.05008,0.124632
4359_218_519_598,3,3,0.05513,0.186091,0.058794,0.517232,0.055097,0.047036,0.080619
4359_217_152_184,1,6,0.028463,0.08193,0.104727,0.086505,0.059702,0.312673,0.326
4359_217_617_659,1,1,0.149867,0.358623,0.057547,0.01635,0.072334,0.204354,0.140925
4359_218_960_1080,0,5,0.214596,0.176831,0.038503,0.01774,0.044911,0.471391,0.036029
4359_217_361_489,0,1,0.074341,0.386043,0.073745,0.044808,0.132039,0.047972,0.241053
4359_218_1462_1573,0,5,0.224771,0.199628,0.015206,0.029812,0.025315,0.483781,0.021486
4359_217_783_920,1,1,0.170059,0.350037,0.036114,0.076075,0.140674,0.087632,0.13941
4359_218_680_732,1,6,0.091699,0.246507,0.04825,0.234336,0.06614,0.060482,0.252585
4359_217_1909_2028,0,1,0.171448,0.342373,0.037688,0.146244,0.080264,0.040439,0.181543
4359_217_1385_1433,1,1,0.080892,0.374802,0.124044,0.047336,0.149104,0.018995,0.204827
4357_218_115_316,3,2,0.024591,0.06705,0.387763,0.111229,0.178443,0.036145,0.194779
4357_217_1932_2096,0,1,0.222771,0.304843,0.04747,0.077928,0.148756,0.107244,0.090988
4357_218_1128_1229,6,2,0.022459,0.064397,0.484253,0.064702,0.126074,0.091606,0.146508
4357_217_1667_1756,1,3,0.014931,0.043585,0.020946,0.625529,0.070405,0.012619,0.211986
4357_218_1782_1921,5,3,0.06646,0.12355,0.076383,0.323942,0.072502,0.126366,0.210797
4357_218_1309_1637,3,3,0.02473,0.116151,0.061377,0.415681,0.061899,0.112333,0.207829
4357_218_918_1021,3,3,0.211032,0.152338,0.035438,0.306982,0.041199,0.163487,0.089523
4357_218_543_797,3,5,0.104949,0.152984,0.168707,0.101686,0.132762,0.310243,0.028667
4357_217_462_505,1,3,0.037667,0.170547,0.148119,0.216882,0.150576,0.086109,0.190101
4357_217_801_894,1,2,0.017091,0.091506,0.322944,0.081457,0.318336,0.024415,0.14425
4357_217_71_86,5,5,0.010728,0.034247,0.041917,0.031825,0.036857,0.709098,0.135327
4357_217_1040_1096,1,3,0.015233,0.047133,0.103116,0.595729,0.110237,0.02886,0.099692
4357_217_335_380,5,5,0.018285,0.055444,0.07462,0.074815,0.046656,0.571092,0.159088
4357_218_407_437,3,6,0.063818,0.198615,0.042209,0.198535,0.129538,0.013718,0.353567
4357_218_31_46,6,6,0.029706,0.098225,0.182788,0.05989,0.108528,0.121456,0.399408
4358_217_89_190,6,6,0.012223,0.033239,0.161673,0.21357,0.048369,0.144569,0.386357
4358_218_1188_1347,1,3,0.047017,0.090619,0.061044,0.302533,0.111082,0.123405,0.2643
4358_217_1918_2168,3,3,0.006526,0.003338,0.009752,0.872212,0.011853,0.082676,0.013644
4358_218_205_294,5,5,0.011659,0.032191,0.04532,0.018487,0.018727,0.848577,0.025039
4358_217_1687_1819,3,3,0.014861,0.020828,0.022296,0.757505,0.020696,0.015149,0.148664
4358_217_1365_1481,3,5,0.005915,0.005519,0.005552,0.078615,0.009392,0.887423,0.007584
4358_218_2212_2253,1,6,0.020627,0.067868,0.058029,0.210689,0.081932,0.023352,0.537503
4358_217_847_934,3,3,0.017636,0.06267,0.011177,0.728244,0.050452,0.007095,0.122728
4358_217_2269_2382,6,3,0.02227,0.072618,0.067885,0.493054,0.061879,0.024177,0.258117
4358_218_527_637,1,1,0.154819,0.367114,0.090522,0.045268,0.173361,0.057947,0.110969
4358_217_1028_1151,0,1,0.19096,0.511167,0.027143,0.092394,0.067317,0.036538,0.074482
4358_217_316_496,1,3,0.078884,0.106184,0.059779,0.353493,0.081081,0.185123,0.135455
4358_218_1506_1672,1,4,0.129753,0.170773,0.109257,0.14444,0.293693,0.0509,0.101184
4358_218_2431_2458,1,1,0.160731,0.400801,0.114404,0.045428,0.166501,0.042454,0.06968
4358_218_1879_1901,0,6,0.118584,0.232107,0.086321,0.069483,0.124919,0.093146,0.27544
4358_217_656_750,3,3,0.015872,0.0265,0.023053,0.713764,0.033396,0.016451,0.170964
4358_218_770_819,5,5,0.032228,0.061212,0.041113,0.025103,0.026435,0.756246,0.057664
4358_218_968_996,1,1,0.167491,0.307941,0.108283,0.071357,0.113756,0.133007,0.098166
4358_217_31_49,6,5,0.066125,0.067986,0.101177,0.109808,0.04572,0.311734,0.29745
4358_218_67_74,5,5,0.00749,0.025431,0.031341,0.029421,0.042008,0.738379,0.125931
4360_218_99_154,3,6,0.0095,0.019031,0.028345,0.43729,0.015373,0.045082,0.445379
4360_218_2016_2129,3,6,0.035148,0.189761,0.119319,0.152022,0.239035,0.024186,0.240529
4360_218_1107_1288,3,5,0.013739,0.021163,0.008877,0.29845,0.025621,0.604009,0.028141
4360_218_1688_1855,3,3,0.011591,0.013832,0.015416,0.597486,0.023999,0.233342,0.104334
4360_218_1457_1526,3,3,0.009819,0.031703,0.015667,0.613401,0.020954,0.022647,0.285808
4360_217_2178_2242,3,3,0.010741,0.012523,0.043969,0.816072,0.022119,0.024249,0.070326
4360_218_853_988,5,5,0.007772,0.015263,0.010333,0.010854,0.015906,0.921388,0.018485
4360_217_172_251,3,3,0.00858,0.016144,0.020247,0.653923,0.020795,0.018545,0.261765
4360_217_1321_1433,6,6,0.021462,0.083427,0.080824,0.264766,0.18296,0.052638,0.313924
4360_218_2278_2383,5,5,0.014178,0.02297,0.069938,0.214497,0.053619,0.459158,0.165641
4360_217_584_629,3,3,0.025597,0.051514,0.075222,0.387823,0.068054,0.295817,0.095973
4360_218_275_341,3,6,0.011269,0.046541,0.064644,0.197163,0.049355,0.042323,0.588704
4360_217_1018_1067,6,6,0.033294,0.176043,0.161351,0.034864,0.155956,0.033859,0.404633
4360_218_463_561,3,6,0.078113,0.163152,0.056768,0.232486,0.085745,0.105852,0.277885
4360_217_31_61,3,6,0.008176,0.011689,0.093372,0.162843,0.062242,0.023473,0.638205
4360_217_787_837,3,3,0.021687,0.076582,0.129785,0.36999,0.127943,0.037557,0.236455
4360_217_1878_1968,3,3,0.012651,0.017219,0.047642,0.555236,0.042799,0.2867,0.037753
4360_218_663_750,3,6,0.065722,0.148335,0.031176,0.277476,0.032287,0.12479,0.320215
4360_217_360_434,3,6,0.005365,0.020616,0.026544,0.450014,0.018448,0.009249,0.469764
4360_217_1551_1662,3,3,0.006006,0.014787,0.020128,0.748271,0.020253,0.01169,0.178865
4482_225_109_158,6,5,0.00613,0.008025,0.019473,0.11775,0.016765,0.740445,0.091411
4482_226_1167_1202,3,5,0.024559,0.062292,0.053217,0.160072,0.036632,0.519311,0.143918
4482_225_776_869,1,6,0.033632,0.064697,0.19173,0.048277,0.156426,0.063261,0.441975
4482_226_31_82,3,6,0.087112,0.175702,0.089331,0.136644,0.083236,0.21183,0.216145
4482_226_881_1070,2,5,0.063041,0.097125,0.043072,0.2406,0.075138,0.3791,0.101924
4482_226_615_718,3,3,0.106629,0.170256,0.085917,0.200215,0.107187,0.196523,0.133273
4482_225_257_302,6,5,0.008218,0.019982,0.096173,0.067217,0.038363,0.543176,0.226872
4482_226_179_233,1,6,0.02786,0.079716,0.068141,0.094496,0.035619,0.11628,0.577888
4482_225_559_595,1,6,0.043901,0.071722,0.076356,0.140285,0.173583,0.059439,0.434714
4482_225_1086_1136,6,6,0.023032,0.035241,0.051038,0.250181,0.146398,0.032525,0.461585
4482_226_443_547,5,5,0.003406,0.006865,0.007643,0.019532,0.007433,0.939673,0.01545
4482_226_314_395,3,5,0.012772,0.016773,0.012621,0.009342,0.019863,0.902325,0.026304
4482_225_402_416,6,6,0.103318,0.156795,0.067303,0.123032,0.052395,0.163894,0.333264
4484_225_1245_1333,1,0,0.648606,0.166217,0.013277,0.008722,0.02394,0.132443,0.006795
4484_226_922_1237,0,1,0.309797,0.547151,0.026965,0.006521,0.068172,0.026897,0.014498
4484_225_246_300,6,5,0.023038,0.064974,0.02929,0.014542,0.01826,0.791074,0.058822
4484_226_91_121,6,3,0.017838,0.035677,0.022109,0.590583,0.03704,0.016122,0.280632
4484_226_181_231,1,1,0.113378,0.396359,0.054317,0.046367,0.067584,0.05231,0.269686
4484_226_1349_1397,1,0,0.397989,0.368034,0.055153,0.020527,0.075432,0.030314,0.052549
4484_226_577_626,1,1,0.045655,0.306813,0.11831,0.032394,0.225586,0.042779,0.228464
4484_226_333_491,1,1,0.112063,0.48919,0.038966,0.057141,0.072762,0.030134,0.199745
4484_225_31_77,6,5,0.033924,0.041515,0.061212,0.120989,0.051717,0.438147,0.252497
4484_226_727_825,1,1,0.068108,0.369527,0.055019,0.051751,0.165277,0.029077,0.261241
4484_225_667_696,1,5,0.027334,0.048424,0.036077,0.020136,0.021103,0.782472,0.064454
4484_225_510_565,5,5,0.033018,0.046,0.01802,0.01022,0.043795,0.82755,0.021398
4484_225_837_922,4,0,0.405244,0.333973,0.045053,0.038627,0.06432,0.084374,0.028409
4484_225_135_164,1,5,0.019978,0.061751,0.04131,0.021344,0.02039,0.694181,0.141045
4485_225_114_163,6,6,0.039638,0.063087,0.050214,0.292387,0.047682,0.108508,0.398485
4485_226_1149_1286,5,3,0.028775,0.129198,0.053966,0.580358,0.037098,0.049264,0.121342
4485_226_879_1014,1,6,0.114725,0.195243,0.046577,0.182537,0.060039,0.17837,0.222509
4485_226_188_244,1,5,0.072258,0.167122,0.101777,0.117664,0.049509,0.291344,0.200325
4485_226_1350_1442,4,1,0.259762,0.592938,0.030489,0.003742,0.074478,0.019822,0.018769
4485_225_473_643,1,5,0.05523,0.084122,0.020246,0.026282,0.096777,0.691993,0.025349
4485_225_1037_1140,3,3,0.029749,0.03266,0.023178,0.614641,0.036405,0.157325,0.106042
4485_226_316_417,1,3,0.0462,0.155137,0.152055,0.27941,0.144863,0.107196,0.115138
4485_225_1309_1350,4,4,0.029884,0.176156,0.045234,0.068337,0.503652,0.020081,0.156656
4485_225_795_846,3,5,0.019244,0.020006,0.016841,0.05445,0.027917,0.833557,0.027985
4485_226_70_103,1,1,0.156454,0.409702,0.081738,0.024959,0.08619,0.195755,0.045202
4485_226_736_779,3,3,0.009575,0.038196,0.020032,0.80783,0.010528,0.015536,0.098303
4485_225_257_297,4,6,0.022014,0.031035,0.013924,0.427859,0.054954,0.021927,0.428287
4485_225_31_48,6,6,0.061621,0.085289,0.065177,0.222033,0.092118,0.083107,0.390656
4486_226_117_219,1,1,0.160447,0.710579,0.029516,0.004465,0.050001,0.012111,0.032882
4486_226_1118_1215,5,3,0.007358,0.015052,0.013368,0.668779,0.011444,0.05966,0.224338
4486_225_31_95,2,5,0.028402,0.041422,0.047944,0.23776,0.057734,0.339273,0.247464
4486_226_935_1034,0,0,0.573028,0.196074,0.011612,0.042844,0.025957,0.129449,0.021036
4486_225_725_799,6,6,0.071377,0.087103,0.039567,0.214895,0.259228,0.044692,0.283138
4486_225_239_274,6,5,0.028945,0.050775,0.031871,0.16955,0.022135,0.40934,0.287384
4486_225_353_474,3,3,0.016395,0.036315,0.04827,0.532189,0.03864,0.079804,0.248387
4486_225_602_667,3,3,0.052423,0.0588,0.015133,0.568365,0.05529,0.029723,0.220266
4486_226_678_714,1,5,0.141287,0.200999,0.034211,0.035032,0.04444,0.446367,0.097664
4486_225_1062_1118,3,6,0.215079,0.162991,0.045381,0.171321,0.070104,0.072921,0.262203
4486_226_811_841,5,5,0.017846,0.016043,0.01988,0.023857,0.016845,0.844941,0.060589
4486_226_286_333,1,6,0.078568,0.182704,0.048056,0.16183,0.030579,0.02529,0.472973
4486_225_849_901,6,6,0.015959,0.034976,0.030497,0.20143,0.038644,0.142461,0.536034
4486_226_495_589,4,1,0.257338,0.419742,0.05747,0.023443,0.043046,0.075699,0.123262
4487_226_120_168,1,5,0.012487,0.030158,0.03879,0.080469,0.02963,0.666905,0.141562
4487_226_1608_1739,6,5,0.037215,0.097468,0.049773,0.222444,0.162583,0.225824,0.204693
4487_226_1399_1551,3,5,0.073118,0.158484,0.065985,0.093763,0.138386,0.262603,0.207661
4487_226_572_937,6,6,0.036628,0.103083,0.059266,0.271444,0.135803,0.064763,0.329013
4487_225_191_241,4,5,0.02861,0.054597,0.047707,0.013794,0.021076,0.743674,0.090541
4487_225_1308_1391,4,4,0.016352,0.117728,0.171439,0.016536,0.548367,0.041972,0.087606
4487_226_1018_1149,4,6,0.038045,0.162479,0.040771,0.198789,0.084073,0.030745,0.445098
4487_226_258_474,1,5,0.067219,0.052379,0.043327,0.104338,0.06273,0.575317,0.09469
4487_225_31_101,6,6,0.032243,0.083268,0.065184,0.246895,0.12281,0.081209,0.368391
4487_226_1195_1292,4,6,0.058702,0.204958,0.091785,0.051264,0.105023,0.035908,0.45236
4487_225_481_551,2,6,0.053401,0.152807,0.120098,0.079369,0.095461,0.157437,0.341428
4487_225_955_994,4,6,0.026625,0.090664,0.108856,0.045118,0.062845,0.30233,0.363563
4487_225_1568_1606,1,1,0.104062,0.320868,0.068452,0.042488,0.118866,0.071057,0.274206
4487_225_1158_1181,4,4,0.018162,0.10432,0.213813,0.061927,0.303024,0.028636,0.270118
4495_226_111_137,3,5,0.076875,0.081354,0.052781,0.209985,0.045401,0.267068,0.266535
4495_225_1129_1170,3,3,0.008871,0.018787,0.02413,0.55284,0.023272,0.00594,0.36616
4495_226_733_901,6,3,0.007786,0.012378,0.023709,0.677918,0.044602,0.030116,0.203491
4495_225_31_99,2,6,0.030871,0.116928,0.103389,0.175831,0.069745,0.154583,0.348653
4495_226_965_1119,3,3,0.016563,0.032842,0.068658,0.465131,0.050041,0.051719,0.315047
4495_226_252_357,1,5,0.016101,0.016304,0.040347,0.032195,0.031478,0.809322,0.054253
4495_225_380_465,4,6,0.0255,0.067914,0.187849,0.103101,0.126827,0.060999,0.427809
4495_226_479_690,1,3,0.03449,0.063236,0.058553,0.214513,0.213354,0.209495,0.206359
4495_225_916_941,5,5,0.004466,0.010597,0.02196,0.013664,0.014932,0.884671,0.049709
4495_225_161_234,1,1,0.11169,0.306312,0.079892,0.059719,0.142431,0.074296,0.22566
4495_225_700_724,2,6,0.017096,0.076441,0.076307,0.117991,0.15884,0.020771,0.532553
4490_226_1146_1225,4,4,0.023591,0.114968,0.069475,0.039912,0.539855,0.046247,0.165952
4490_226_1542_1710,4,6,0.017814,0.090241,0.077529,0.3004,0.096305,0.025451,0.392261
4490_226_138_320,4,4,0.062282,0.114174,0.038905,0.160418,0.360664,0.085901,0.177655
4490_226_1335_1480,4,6,0.009008,0.024525,0.049161,0.258488,0.033608,0.01271,0.612499
4490_226_916_966,1,5,0.012778,0.028094,0.025919,0.060491,0.021952,0.521808,0.328958
4490_225_615_698,4,3,0.022687,0.055178,0.030046,0.355031,0.236576,0.017242,0.28324
4490_225_989_1088,4,6,0.045354,0.161228,0.039934,0.111042,0.246078,0.03828,0.358084
4490_225_353_477,6,4,0.026068,0.076362,0.052627,0.035903,0.700888,0.059044,0.049107
4490_225_31_115,4,5,0.01402,0.038235,0.036173,0.022771,0.093989,0.699007,0.095804
4490_225_1246_1278,4,4,0.02226,0.142095,0.295671,0.041813,0.33211,0.0482,0.117851
4490_226_711_817,1,5,0.004405,0.01418,0.024453,0.052091,0.015777,0.795178,0.093917
4490_226_501_582,4,5,0.008072,0.022944,0.044167,0.013452,0.059064,0.778207,0.074095
4490_225_828_909,4,4,0.035507,0.045739,0.056243,0.245009,0.316741,0.046069,0.254693
4490_225_1498_1525,5,5,0.010465,0.01507,0.009355,0.019199,0.009652,0.908307,0.027951
4490_225_1721_1754,3,3,0.091147,0.081218,0.03728,0.369783,0.059127,0.096327,0.265118
4496_226_77_168,6,3,0.008779,0.013735,0.024357,0.440113,0.020922,0.25828,0.233815
4496_226_1094_1315,3,3,0.024483,0.062265,0.115482,0.458474,0.100514,0.122544,0.116238
4496_226_1607_1712,2,3,0.034908,0.082133,0.048743,0.631735,0.034205,0.084742,0.083534
4496_226_1800_1861,3,3,0.003945,0.005929,0.004676,0.847339,0.006029,0.006656,0.125426
4496_226_1400_1524,3,3,0.005761,0.015948,0.017457,0.717781,0.01119,0.011052,0.220812
4496_226_812_959,4,4,0.022958,0.267108,0.080557,0.033508,0.523137,0.047789,0.024944
4496_225_176_254,2,6,0.010679,0.023651,0.090782,0.281136,0.030085,0.175139,0.388528
4496_225_1329_1385,3,5,0.015923,0.008446,0.00818,0.035936,0.013024,0.906464,0.012027
4496_225_570_787,4,5,0.012786,0.051741,0.218142,0.022322,0.162541,0.474834,0.057634
4496_225_1720_1792,3,3,0.054176,0.092062,0.031717,0.659193,0.028282,0.057177,0.077393
4496_226_259_394,3,5,0.009243,0.022591,0.023134,0.074947,0.024446,0.797924,0.047714
4496_225_1000_1080,4,4,0.030945,0.155277,0.078049,0.027561,0.61481,0.041833,0.051524
4496_226_459_558,4,4,0.0212,0.252034,0.262372,0.013825,0.322389,0.065264,0.062915
4496_225_31_65,6,6,0.011136,0.014295,0.04287,0.404183,0.028186,0.037251,0.462079
4496_225_1547_1590,3,3,0.011599,0.002785,0.009123,0.863557,0.053082,0.031922,0.027931
4496_225_405_433,3,6,0.026232,0.076418,0.042786,0.178828,0.041547,0.044079,0.59011
4497_226_73_180,1,5,0.032962,0.059807,0.038728,0.121151,0.040455,0.642275,0.064623
4497_226_1281_1341,4,6,0.026258,0.264244,0.030551,0.162699,0.105548,0.046768,0.363931
4497_225_1012_1272,1,6,0.029477,0.145595,0.15768,0.100538,0.124136,0.065773,0.3768
4497_226_1501_1710,6,3,0.009625,0.060001,0.045106,0.425751,0.056566,0.052832,0.350119
4497_225_196_319,5,5,0.005902,0.010343,0.010473,0.006393,0.008916,0.945234,0.012739
4497_226_1788_1889,3,6,0.052738,0.228996,0.048288,0.286978,0.071739,0.018746,0.292515
4497_225_1389_1477,5,5,0.067509,0.141412,0.0631,0.013109,0.08556,0.551696,0.077614
4497_226_537_597,3,5,0.015641,0.02298,0.012805,0.327826,0.01716,0.417761,0.185827
4497_225_1737_1788,3,3,0.013747,0.018174,0.013782,0.657244,0.047914,0.017482,0.231656
4497_226_328_418,1,1,0.165095,0.306031,0.045045,0.116288,0.068023,0.173583,0.125936
4497_225_613_674,5,6,0.008588,0.020773,0.028274,0.234817,0.015566,0.193316,0.498666
4497_225_430_522,2,5,0.011703,0.086454,0.091784,0.041045,0.057459,0.580327,0.131227
4497_225_817_922,4,4,0.01897,0.123314,0.102827,0.050432,0.416078,0.156683,0.131696
4497_226_681_773,6,6,0.017296,0.051912,0.023683,0.272277,0.037121,0.179265,0.418446
4497_226_963_1004,5,5,0.006717,0.015418,0.013717,0.013497,0.008815,0.898198,0.043637
4497_225_31_52,6,6,0.045226,0.065989,0.039926,0.254826,0.036271,0.075258,0.482504
4499_226_31_132,1,1,0.224224,0.228519,0.13612,0.041939,0.160691,0.090842,0.117665
4499_225_1219_1351,5,4,0.035489,0.093299,0.061342,0.20475,0.334949,0.064103,0.206066
4499_226_1109_1219,1,0,0.395389,0.280244,0.08168,0.056354,0.07636,0.044402,0.065571
4499_225_1559_1688,5,4,0.036115,0.05006,0.183464,0.066528,0.444463,0.166951,0.052419
4499_226_170_271,1,6,0.043604,0.169298,0.171914,0.087921,0.106178,0.098019,0.323066
4499_226_1351_1559,1,4,0.03791,0.10082,0.093813,0.302493,0.306988,0.034655,0.123321
4499_226_827_1062,1,1,0.194513,0.378949,0.102883,0.043663,0.155125,0.044201,0.080666
4499_226_506_736,1,6,0.065679,0.195883,0.092049,0.122296,0.154791,0.082871,0.286432
4499_225_1062_1109,5,5,0.075397,0.078737,0.035999,0.047482,0.057342,0.67148,0.033563
4499_226_309_456,1,6,0.023048,0.179102,0.206474,0.063491,0.139878,0.050681,0.337327
4499_225_456_506,5,5,0.0403,0.050757,0.024875,0.023616,0.028807,0.809376,0.022269
4499_225_736_827,5,6,0.033131,0.105269,0.116656,0.080169,0.122267,0.067963,0.474544
4499_226_1688_1729,3,3,0.00649,0.004375,0.0109,0.843496,0.026248,0.044067,0.064425
4499_225_271_309,1,5,0.008751,0.025209,0.050967,0.026294,0.058966,0.756515,0.073298
4498_226_76_142,6,3,0.013324,0.027991,0.034103,0.512282,0.022295,0.027231,0.362774
4498_225_1162_1450,4,4,0.048417,0.106283,0.268634,0.018585,0.358121,0.062193,0.137768
4498_225_2034_2058,6,6,0.014495,0.029038,0.031625,0.374142,0.044282,0.021843,0.484575
4498_226_1661_1839,3,3,0.011157,0.032661,0.020691,0.659495,0.056758,0.018508,0.200729
4498_225_155_267,2,5,0.017517,0.057552,0.10822,0.01349,0.073055,0.649502,0.080664
4498_226_800_932,4,4,0.080705,0.213606,0.153786,0.039417,0.264092,0.061899,0.186495
4498_225_941_996,5,5,0.006149,0.01316,0.013846,0.010128,0.007544,0.898067,0.051106
4498_226_555_689,4,4,0.08039,0.310529,0.141028,0.011568,0.393693,0.020177,0.042615
4498_226_1014_1123,4,1,0.174407,0.255538,0.049727,0.091477,0.071835,0.107393,0.249623
4498_226_291_374,2,5,0.034748,0.142847,0.158418,0.023976,0.151609,0.304536,0.183865
4498_225_398_521,4,2,0.080723,0.202365,0.31802,0.015593,0.271049,0.027917,0.084334
4498_225_31_67,6,6,0.053821,0.092914,0.045578,0.285142,0.052098,0.039006,0.43144
4498_226_1476_1565,3,4,0.019199,0.084853,0.155772,0.042268,0.610998,0.021952,0.064957
4498_225_1854_1949,2,1,0.165542,0.229654,0.124781,0.052388,0.145442,0.125872,0.156321
4498_225_714_782,1,6,0.082347,0.186357,0.060662,0.121748,0.10682,0.048727,0.39334
4498_225_1587_1646,4,4,0.023224,0.106582,0.15869,0.020345,0.643239,0.010282,0.037639
4498_226_1965_2034,3,3,0.018449,0.042133,0.021865,0.586102,0.055625,0.012964,0.262862
4502_226_31_154,0,0,0.461216,0.208546,0.067516,0.031193,0.065646,0.086608,0.079274
4502_225_1295_1355,3,3,0.011047,0.005298,0.016564,0.483061,0.030596,0.420411,0.033023
4502_226_1099_1295,1,3,0.045852,0.108534,0.057951,0.367246,0.077903,0.029071,0.313443
4502_226_1678_1727,1,3,0.042444,0.100977,0.039142,0.461716,0.084645,0.014506,0.25657
4502_226_193_363,0,0,0.411188,0.179439,0.083464,0.047945,0.120921,0.09847,0.058573
4502_226_1355_1501,1,0,0.238619,0.171233,0.057461,0.192674,0.119102,0.089591,0.131319
4502_226_796_936,5,1,0.105841,0.277871,0.063439,0.085844,0.118209,0.145182,0.203615
4502_225_936_1099,1,2,0.149929,0.174497,0.259139,0.025376,0.180888,0.085154,0.125018
4502_225_550_796,1,2,0.066261,0.081446,0.294399,0.021842,0.290917,0.052934,0.192202
4502_225_154_193,2,2,0.070162,0.197378,0.27729,0.019332,0.260035,0.038392,0.137411
4502_226_475_550,5,5,0.012678,0.015643,0.027391,0.017034,0.02776,0.852599,0.046895
4502_225_363_475,1,2,0.046258,0.088655,0.388595,0.010902,0.374142,0.047563,0.043886
4502_226_1522_1625,1,0,0.352188,0.201843,0.176596,0.053721,0.09169,0.069721,0.05424
4502_225_1625_1678,2,6,0.09921,0.213778,0.129852,0.119155,0.123222,0.03807,0.276714
4502_225_1501_1522,5,3,0.050084,0.037001,0.032962,0.364242,0.038726,0.196944,0.28004
4503_226_106_174,5,5,0.012837,0.030687,0.014891,0.129391,0.046736,0.656118,0.10934
4503_225_1256_1321,1,1,0.048603,0.319936,0.162431,0.012482,0.260937,0.150685,0.044926
4503_226_1178_1256,3,3,0.004001,0.006362,0.017507,0.811437,0.012553,0.015321,0.132819
4503_225_174_270,5,5,0.036879,0.033432,0.013511,0.163592,0.038766,0.643003,0.070817
4503_226_890_959,3,5,0.01086,0.069826,0.07165,0.123006,0.042481,0.630722,0.051455
4503_226_1321_1398,5,3,0.029307,0.055093,0.029924,0.419971,0.024084,0.126477,0.315144
4503_225_535_627,5,3,0.019314,0.046336,0.026026,0.422375,0.048414,0.06234,0.375196
4503_226_1059_1154,3,3,0.010457,0.021664,0.017284,0.803066,0.024755,0.03133,0.091444
4503_226_270_434,1,1,0.183825,0.5424,0.101562,0.005872,0.093866,0.043375,0.029099
4503_226_627_733,1,1,0.049931,0.583845,0.073499,0.009767,0.215965,0.042257,0.024736
4503_225_959_1059,3,3,0.014009,0.01644,0.009976,0.605895,0.048796,0.22316,0.081724
4503_225_434_482,6,6,0.008805,0.023705,0.021536,0.23655,0.036039,0.039885,0.63348
4503_225_31_106,1,4,0.054851,0.24636,0.029845,0.075794,0.332387,0.102646,0.158115
4503_225_733_890,5,3,0.046776,0.106326,0.050667,0.459587,0.044525,0.058856,0.233263
4503_226_482_535,1,5,0.093534,0.293424,0.10203,0.025889,0.046697,0.361316,0.077111
4503_225_1154_1178,5,5,0.009342,0.015824,0.01286,0.02785,0.009794,0.861191,0.063138
4500_226_118_282,1,5,0.05171,0.094323,0.091092,0.181391,0.084946,0.340626,0.155912
4500_225_1213_1329,4,4,0.057028,0.21431,0.031116,0.022708,0.599481,0.040504,0.034852
4500_226_1078_1213,1,6,0.018112,0.054964,0.045052,0.132769,0.106594,0.025187,0.617321
4500_225_1666_1772,1,4,0.015881,0.078147,0.046517,0.094392,0.438691,0.095137,0.231234
4500_225_1820_1892,5,6,0.061001,0.099814,0.066716,0.156146,0.115567,0.077265,0.423491
4500_226_1772_1820,5,5,0.013458,0.019445,0.018083,0.018672,0.023142,0.856396,0.050803
4500_225_1404_1562,5,5,0.101328,0.077248,0.122535,0.081398,0.150395,0.270392,0.196703
4500_226_901_1022,1,6,0.045487,0.149565,0.051886,0.115207,0.094261,0.07094,0.472654
4500_226_1329_1404,5,3,0.010149,0.046792,0.071761,0.37492,0.145047,0.156425,0.194905
4500_226_509_705,1,6,0.067118,0.136005,0.065792,0.097366,0.07184,0.145402,0.416476
4500_225_282_401,5,5,0.011903,0.030497,0.024229,0.012269,0.0246,0.860044,0.036458
4500_225_1022_1078,5,5,0.015974,0.054362,0.164507,0.01167,0.295682,0.348615,0.10919
4500_225_474_509,5,5,0.023686,0.041221,0.027648,0.038284,0.012888,0.623586,0.232687
4500_225_31_118,5,6,0.032476,0.100075,0.176372,0.050983,0.06541,0.246261,0.328424
4500_225_705_901,5,5,0.053765,0.066972,0.031315,0.046315,0.204566,0.53376,0.063306
4500_226_1892_2007,5,3,0.012257,0.044979,0.03887,0.530684,0.257212,0.031669,0.084329
4500_226_1562_1666,3,3,0.094377,0.157188,0.039592,0.30669,0.115432,0.088683,0.198038
4504_226_108_184,5,3,0.007461,0.020485,0.015832,0.503675,0.0244,0.047947,0.3802
4504_225_1212_1331,1,0,0.506952,0.204869,0.026098,0.073504,0.045121,0.022542,0.120914
4504_226_1148_1212,1,0,0.312043,0.269052,0.045411,0.015099,0.038018,0.192164,0.128213
4504_226_1605_1729,5,3,0.022707,0.094379,0.025879,0.693653,0.028338,0.071265,0.063778
4504_225_184_357,5,3,0.00669,0.022683,0.035665,0.562544,0.046386,0.167608,0.158424
4504_226_1331_1498,5,1,0.0783,0.369319,0.031748,0.095417,0.073349,0.031833,0.320035
4504_226_790_946,1,1,0.105267,0.548138,0.034921,0.014083,0.133558,0.013489,0.150545
4504_225_946_1020,1,4,0.059161,0.335578,0.073678,0.004523,0.494938,0.011286,0.020836
4504_226_564_679,1,1,0.296091,0.537145,0.018035,0.014719,0.073034,0.012124,0.048851
4504_225_1079_1148,0,0,0.653473,0.261991,0.021599,0.006628,0.033349,0.011546,0.011413
4504_226_1020_1079,1,1,0.110484,0.542424,0.049154,0.022134,0.176234,0.012439,0.087132
4504_226_357_504,5,6,0.045444,0.074079,0.029063,0.119488,0.052806,0.332483,0.346637
4504_225_31_108,5,5,0.063471,0.086067,0.051518,0.065393,0.032903,0.36676,0.333888
4504_225_1498_1605,1,0,0.352316,0.287319,0.018754,0.076541,0.159441,0.043628,0.062
4504_225_679_790,1,6,0.034166,0.260684,0.0421,0.040912,0.075068,0.050493,0.496577
4504_225_504_564,1,1,0.174143,0.242719,0.10692,0.035271,0.072757,0.225687,0.142502
4508_226_99_234,5,3,0.023236,0.071625,0.112697,0.335722,0.052083,0.22162,0.183017
4508_226_1219_1464,5,3,0.010568,0.02664,0.039049,0.575882,0.042677,0.02946,0.275724
4508_225_1129_1219,1,1,0.106048,0.459696,0.020529,0.007362,0.372763,0.008625,0.024977
4508_226_1613_1696,3,3,0.00293,0.007076,0.006697,0.658949,0.009744,0.015578,0.299028
4508_225_234_320,1,1,0.109768,0.612743,0.02346,0.019108,0.158958,0.021368,0.054594
4508_226_1751_1801,3,3,0.048689,0.069226,0.036328,0.520696,0.037798,0.048555,0.238707
4508_225_881_963,1,1,0.180329,0.511868,0.055528,0.015316,0.090277,0.112792,0.033891
4508_226_518_601,1,5,0.004844,0.019278,0.025459,0.038679,0.02472,0.775155,0.111866
4508_226_963_1129,1,3,0.014592,0.065059,0.037909,0.44603,0.119944,0.031637,0.284829
4508_226_320_468,5,4,0.02586,0.116673,0.138542,0.08209,0.290628,0.237869,0.108338
4508_225_601_684,5,6,0.068262,0.259634,0.047598,0.064312,0.156313,0.031761,0.37212
4508_225_468_518,1,6,0.060436,0.226017,0.021515,0.0986,0.255137,0.01877,0.319525
4508_225_31_99,1,1,0.094443,0.672733,0.051925,0.007912,0.123721,0.02596,0.023307
4508_225_1464_1613,3,5,0.008808,0.005632,0.006122,0.276686,0.030193,0.655114,0.017446
4508_226_684_881,1,1,0.099617,0.494006,0.079469,0.093828,0.129825,0.043315,0.05994
4508_225_1696_1751,3,5,0.039756,0.025862,0.01418,0.421776,0.051944,0.423369,0.023113
4507_226_106_165,5,5,0.012998,0.018645,0.019208,0.012013,0.014334,0.873195,0.049607
4507_226_1233_1424,1,6,0.03181,0.214157,0.109053,0.071106,0.211277,0.065536,0.297061
4507_225_1054_1233,1,1,0.195425,0.381814,0.020509,0.045938,0.106662,0.151272,0.098379
4507_226_1594_1729,3,6,0.033729,0.114349,0.059032,0.236001,0.074493,0.025788,0.456607
4507_225_165_294,3,6,0.014598,0.031501,0.017005,0.238845,0.093971,0.043371,0.560709
4507_226_1820_1941,5,6,0.012022,0.050297,0.089336,0.221353,0.069141,0.090462,0.467389
4507_225_1729_1820,3,3,0.029183,0.044049,0.05011,0.379417,0.043343,0.304082,0.149817
4507_225_1424_1594,1,4,0.17237,0.25733,0.016743,0.147079,0.280311,0.017602,0.108565
4507_226_727_932,5,1,0.155727,0.50162,0.029646,0.030373,0.157336,0.031155,0.094144
4507_225_932_958,5,5,0.028518,0.05016,0.017449,0.007688,0.018582,0.801696,0.075907
4507_226_470_610,1,6,0.058763,0.246774,0.033301,0.100298,0.155919,0.041752,0.363193
4507_226_294_403,5,5,0.020296,0.023306,0.016846,0.014353,0.029754,0.862697,0.032748
4507_225_610_727,5,5,0.058586,0.203157,0.037209,0.019349,0.17118,0.457424,0.053096
4507_226_958_1054,1,1,0.059723,0.310922,0.082554,0.051159,0.133226,0.08079,0.281626
4507_225_31_106,3,6,0.060777,0.098852,0.041391,0.146134,0.147478,0.071756,0.433612
4507_225_403_470,2,1,0.153621,0.44932,0.063319,0.021313,0.109025,0.089233,0.11417
4507_225_1941_2034,3,6,0.108527,0.207471,0.037875,0.165916,0.156285,0.074947,0.248979
4506_226_101_230,5,5,0.006723,0.029975,0.053907,0.110252,0.025288,0.658071,0.115785
4506_226_1281_1388,5,3,0.012241,0.018909,0.041828,0.428898,0.028477,0.388535,0.081112
4506_225_1172_1281,5,1,0.045483,0.220853,0.035431,0.211976,0.196188,0.105623,0.184446
4506_225_1560_1687,1,3,0.06482,0.142736,0.032165,0.453457,0.095705,0.095036,0.11608
4506_225_230_348,5,5,0.002335,0.004061,0.005937,0.030139,0.010539,0.925149,0.021838
4506_226_1437_1560,5,5,0.013073,0.046763,0.024847,0.040941,0.020311,0.82596,0.028106
4506_226_823_1016,5,3,0.045289,0.240074,0.068676,0.29588,0.166695,0.098685,0.084702
4506_225_539_618,3,3,0.018794,0.028393,0.021339,0.465301,0.029975,0.302814,0.133386
4506_226_1108_1172,3,3,0.041457,0.099116,0.027547,0.52038,0.098877,0.091753,0.120868
4506_225_1016_1108,1,5,0.023657,0.072483,0.019103,0.020553,0.027167,0.801187,0.03585
4506_226_618_674,3,5,0.022142,0.063446,0.080612,0.209795,0.035629,0.347663,0.240713
4506_226_420_539,1,5,0.043037,0.110574,0.036858,0.093436,0.041072,0.538221,0.136801
4506_225_31_101,5,5,0.003871,0.00998,0.016781,0.009607,0.007889,0.922673,0.029199
4506_225_674_823,1,4,0.011509,0.167273,0.170496,0.023229,0.433268,0.084269,0.109956
4506_225_380_420,3,5,0.00839,0.021601,0.025426,0.114191,0.013393,0.76538,0.05162
4506_225_1388_1437,3,6,0.022342,0.037264,0.017687,0.385644,0.023538,0.035543,0.477982
4506_226_348_380,5,6,0.011827,0.069142,0.047201,0.201892,0.048457,0.142778,0.478703
4510_226_90_154,5,5,0.003073,0.009153,0.017367,0.019382,0.008951,0.908166,0.033909
4510_225_1204_1464,4,4,0.015103,0.067392,0.289018,0.007648,0.567725,0.015399,0.037716
4510_226_1042_1204,4,3,0.029716,0.049367,0.080234,0.442942,0.159517,0.07945,0.158774
4510_225_1586_1688,5,5,0.003445,0.012003,0.046979,0.035705,0.038979,0.805747,0.057142
4510_226_246_367,5,5,0.002923,0.011771,0.03128,0.014591,0.012707,0.888874,0.037853
4510_226_1688_1910,3,3,0.027851,0.065902,0.10025,0.363873,0.061988,0.039987,0.340149
4510_225_849_1042,5,3,0.027405,0.044615,0.047768,0.340971,0.101316,0.216182,0.221743
4510_225_154_246,5,2,0.005719,0.022466,0.505959,0.023065,0.110832,0.262922,0.069036
4510_225_546_610,5,3,0.025485,0.063748,0.031901,0.406125,0.046726,0.086291,0.339725
4510_226_610_692,5,6,0.005223,0.020793,0.04867,0.183336,0.009934,0.125206,0.606837
4510_225_367_520,2,6,0.025159,0.102583,0.070398,0.216073,0.069719,0.07203,0.444038
4510_225_31_90,1,6,0.014289,0.022337,0.068899,0.360856,0.045806,0.053582,0.434231
4510_226_1464_1586,5,5,0.007703,0.01808,0.060309,0.133581,0.064835,0.59592,0.119572
4510_226_772_849,5,5,0.014792,0.052206,0.065229,0.092587,0.05775,0.489154,0.22828
4510_225_692_772,4,6,0.011805,0.029843,0.045389,0.205244,0.031051,0.032719,0.643949
4510_226_520_546,5,5,0.010702,0.024455,0.028275,0.048394,0.017153,0.709029,0.161993
4512_226_122_159,6,6,0.007663,0.02598,0.038431,0.169015,0.069256,0.068405,0.62125
4512_226_1198_1302,3,3,0.005521,0.005636,0.013113,0.890159,0.045287,0.009127,0.031156
4512_225_179_294,2,5,0.017258,0.028704,0.019946,0.024008,0.04818,0.79398,0.067924
4512_225_1312_1465,4,4,0.083454,0.262773,0.049097,0.026707,0.453281,0.05115,0.073538
4512_226_949_1022,4,5,0.056366,0.075164,0.081478,0.228992,0.089811,0.269209,0.198981
4512_225_581_920,6,4,0.083125,0.222997,0.064281,0.055712,0.249244,0.121583,0.203058
4512_225_1032_1140,3,6,0.01366,0.043639,0.017262,0.142706,0.074022,0.040343,0.668369
4512_226_322_464,6,6,0.024508,0.182745,0.092537,0.042758,0.282261,0.021187,0.354004
4512_225_474_536,4,4,0.025771,0.316086,0.097238,0.00332,0.459152,0.047315,0.051118
4512_225_31_90,6,5,0.022238,0.055512,0.070372,0.055893,0.11745,0.403874,0.274661
4512_225_1522_1610,6,6,0.009307,0.03701,0.055487,0.086446,0.124791,0.088045,0.598915
4512_226_566_573,5,5,0.027034,0.036241,0.022146,0.036825,0.022511,0.772622,0.082622
4512_226_1471_1492,5,5,0.026237,0.085906,0.076329,0.057128,0.094328,0.368186,0.291886
4509_226_71_150,5,3,0.048741,0.065489,0.047502,0.446187,0.031303,0.130649,0.23013
4509_225_1275_1386,2,2,0.004775,0.044493,0.652947,0.016942,0.108762,0.060246,0.111835
4509_225_1081_1192,5,5,0.019792,0.032715,0.034719,0.020441,0.024761,0.710966,0.156605
4509_226_1599_1725,3,3,0.015357,0.022942,0.01511,0.665169,0.026159,0.02271,0.232552
4509_226_204_361,5,5,0.009606,0.048083,0.034106,0.017771,0.03069,0.786856,0.072888
4509_226_1386_1544,5,3,0.015103,0.042792,0.033567,0.511373,0.034856,0.035924,0.326384
4509_225_879_957,5,5,0.009078,0.029899,0.131003,0.048972,0.040076,0.55287,0.188101
4509_225_150_204,5,5,0.008659,0.01304,0.024363,0.063443,0.025747,0.753622,0.111126
4509_226_531_654,5,5,0.021261,0.063867,0.047307,0.087714,0.044011,0.563525,0.172315
4509_226_957_1081,5,5,0.047653,0.115449,0.037961,0.145149,0.049143,0.524499,0.080146
4509_225_361_531,5,5,0.008303,0.034071,0.110692,0.029512,0.126529,0.559987,0.130906
4509_225_31_71,3,3,0.012637,0.021587,0.062205,0.480819,0.037813,0.033198,0.351741
4509_226_1192_1275,3,3,0.009826,0.017204,0.026121,0.693485,0.023145,0.039841,0.190376
4509_226_708_879,1,3,0.017032,0.044703,0.05119,0.452514,0.039993,0.034329,0.36024
4509_225_654_708,5,5,0.006302,0.01885,0.053221,0.03971,0.020931,0.583787,0.277198
4509_225_1544_1599,3,3,0.009634,0.014996,0.022704,0.767427,0.030333,0.014214,0.140692
4509_225_1725_1756,3,3,0.054584,0.029021,0.032743,0.534223,0.036175,0.201974,0.11128
4511_226_122_195,6,5,0.02667,0.08247,0.067042,0.19944,0.038838,0.300726,0.284814
4511_226_1273_1342,6,3,0.011072,0.014533,0.009396,0.637106,0.015474,0.123585,0.188835
4511_226_1176_1206,6,5,0.028817,0.038014,0.034598,0.080505,0.026794,0.512684,0.278588
4511_226_1384_1462,3,3,0.004094,0.009706,0.012092,0.489708,0.013783,0.03418,0.436436
4511_226_884_987,5,3,0.120614,0.163281,0.044687,0.281411,0.053242,0.22746,0.109305
4511_225_592_636,5,5,0.022306,0.065731,0.141588,0.015178,0.131049,0.387964,0.236184
4511_225_1021_1096,5,5,0.009282,0.024265,0.019877,0.010992,0.014854,0.860654,0.060076
4511_226_352_495,2,5,0.025324,0.102732,0.123967,0.071863,0.068206,0.412877,0.195029
4511_225_1219_1265,1,5,0.025473,0.036833,0.026249,0.248013,0.031188,0.496214,0.136031
4511_225_71_86,5,5,0.010019,0.043909,0.035037,0.016765,0.024037,0.711013,0.159221
4511_226_647_817,6,1,0.214852,0.359276,0.038616,0.0308,0.05829,0.220423,0.077743
4511_226_31_53,6,6,0.09164,0.220769,0.058037,0.150862,0.09045,0.117628,0.270613
4511_225_844_862,6,5,0.009351,0.01606,0.0343,0.028612,0.014711,0.68154,0.215426
4511_225_267_333,6,5,0.004109,0.00982,0.018525,0.008487,0.00783,0.905495,0.045733
4511_225_1365_1383,5,5,0.008013,0.01241,0.011355,0.015412,0.007725,0.918241,0.026844
4513_225_100_352,1,1,0.266235,0.495608,0.024368,0.012558,0.143482,0.02964,0.028108
4513_225_1166_1323,1,1,0.160311,0.380945,0.033553,0.043434,0.249226,0.034573,0.097959
4513_226_2001_2092,0,5,0.032104,0.035174,0.020194,0.014955,0.013378,0.85575,0.028444
4513_226_1653_1730,0,1,0.19194,0.460443,0.064402,0.025681,0.145705,0.071964,0.039865
4513_225_1730_2001,1,1,0.30452,0.456139,0.021389,0.016886,0.133616,0.038419,0.02903
4513_225_1460_1653,1,1,0.282376,0.320264,0.060417,0.012121,0.223057,0.057103,0.044661
4513_226_865_941,1,5,0.241107,0.159245,0.033494,0.013613,0.030887,0.458584,0.06307
4513_225_941_1070,1,1,0.102478,0.372078,0.058715,0.078128,0.139668,0.05655,0.192382
4513_226_1323_1460,0,0,0.534516,0.365765,0.016433,0.011308,0.034095,0.025894,0.011989
4513_225_423_612,1,4,0.080662,0.196533,0.063064,0.014303,0.463733,0.07274,0.108965
4513_226_1070_1166,5,5,0.075555,0.213476,0.050343,0.121006,0.126238,0.294876,0.118506
4513_226_612_743,1,1,0.18335,0.306976,0.048154,0.022825,0.097077,0.294295,0.047323
4513_226_31_100,1,5,0.012484,0.042291,0.043354,0.018794,0.033897,0.788195,0.060986
4513_225_743_865,1,5,0.102684,0.137876,0.060198,0.013106,0.11047,0.523963,0.051703
4513_226_352_423,1,5,0.128822,0.158949,0.029256,0.026437,0.049636,0.572326,0.034574
4514_226_127_234,3,6,0.009236,0.021902,0.074172,0.098741,0.075954,0.248844,0.471152
4514_226_1281_1332,6,6,0.018551,0.112607,0.052905,0.08367,0.042979,0.21918,0.470107
4514_226_1164_1216,5,5,0.044451,0.052959,0.020463,0.015369,0.015457,0.806169,0.045132
4514_225_234_330,5,5,0.003406,0.008079,0.008648,0.013068,0.013139,0.936798,0.016861
4514_225_1332_1534,1,5,0.163004,0.151847,0.010758,0.005128,0.059003,0.594651,0.015609
4514_225_31_127,6,5,0.010391,0.025049,0.028875,0.056136,0.032286,0.676777,0.170486
4514_226_850_1079,3,5,0.012138,0.054777,0.046105,0.048137,0.060025,0.460971,0.317847
4514_226_514_704,3,5,0.018289,0.153994,0.074072,0.040163,0.098669,0.455032,0.159781
4514_225_1079_1164,5,5,0.006916,0.011982,0.008261,0.006352,0.015679,0.934127,0.016684
4514_226_330_387,3,6,0.01583,0.049027,0.036483,0.192166,0.054051,0.023295,0.629147
4514_225_387_514,5,5,0.025465,0.111601,0.04326,0.010313,0.095054,0.652814,0.061492
4514_226_1534_1628,3,6,0.039883,0.202761,0.108971,0.132259,0.130961,0.04121,0.343956
4514_225_1216_1281,1,5,0.102493,0.135985,0.018831,0.006716,0.030167,0.6332,0.072608
4514_225_704_850,5,5,0.095796,0.324434,0.030602,0.017916,0.104348,0.373781,0.053122
4518_225_2291_2523,2,4,0.064534,0.198138,0.073358,0.050845,0.301492,0.047508,0.264125
4518_226_84_214,5,5,0.00241,0.004445,0.008462,0.012251,0.014909,0.929688,0.027835
4518_225_1255_1438,4,5,0.035235,0.069384,0.104922,0.020183,0.308729,0.350381,0.111166
4518_225_1678_2066,1,4,0.056901,0.11582,0.063121,0.038787,0.563374,0.040304,0.121694
4518_226_1159_1223,1,4,0.020715,0.034181,0.11649,0.078591,0.402274,0.09911,0.24864
4518_225_224_495,3,3,0.039411,0.038726,0.039364,0.27469,0.208289,0.194919,0.2046
4518_226_2110_2268,4,4,0.026373,0.172636,0.315971,0.012771,0.321208,0.035317,0.115724
4518_226_2544_2624,4,6,0.013555,0.044323,0.0992,0.124141,0.05965,0.010002,0.64913
4518_225_862_1134,4,4,0.057379,0.327817,0.057839,0.011937,0.329192,0.034541,0.181295
4518_226_514_674,1,6,0.008723,0.024883,0.03666,0.209531,0.06691,0.118381,0.534911
4518_225_31_68,6,6,0.027728,0.110026,0.071537,0.088378,0.160889,0.029107,0.512335
4518_226_1473_1667,6,6,0.028702,0.063729,0.036613,0.186059,0.23594,0.049815,0.399143
4518_226_817_846,5,5,0.009147,0.021649,0.023436,0.011129,0.020377,0.863487,0.050776
4518_225_699_808,4,4,0.026393,0.085966,0.113101,0.013786,0.515674,0.039835,0.205246
4516_226_96_190,5,5,0.007079,0.021532,0.023926,0.009104,0.069345,0.809265,0.059748
4516_226_1040_1204,1,1,0.11828,0.369448,0.077562,0.112245,0.155985,0.045661,0.120818
4516_226_712_831,1,5,0.034956,0.158528,0.10266,0.026461,0.086583,0.491347,0.099465
4516_225_31_67,4,1,0.092454,0.453919,0.019592,0.016374,0.347736,0.017886,0.05204
4516_225_936_1015,4,6,0.053344,0.260652,0.03578,0.107501,0.252711,0.012658,0.277354
4516_225_191_295,1,1,0.135849,0.436344,0.027284,0.016145,0.198748,0.043876,0.141753
4516_225_369_436,5,6,0.042896,0.139396,0.039239,0.056705,0.066451,0.183409,0.471903
4516_225_635_698,1,4,0.035089,0.225666,0.061845,0.011705,0.44192,0.026057,0.197719
4516_226_587_620,1,5,0.021543,0.056933,0.088452,0.034831,0.084644,0.504941,0.208656
4516_226_441_518,5,5,0.005411,0.015682,0.010824,0.007153,0.028251,0.898674,0.034005
4516_225_836_870,1,5,0.016523,0.11654,0.106811,0.01708,0.061556,0.501086,0.180405
4516_226_316_358,4,5,0.012631,0.076682,0.099889,0.008611,0.056787,0.66645,0.07895
4516_226_882_921,1,6,0.005547,0.057822,0.117896,0.033687,0.026955,0.347782,0.410311
4516_225_521_565,6,6,0.061622,0.10454,0.02475,0.175082,0.040837,0.124559,0.46861
4520_226_802_1360,1,5,0.033607,0.049737,0.06472,0.045862,0.084393,0.665493,0.056188
4520_225_1938_2110,1,1,0.277243,0.337705,0.038307,0.031467,0.139747,0.133875,0.041656
4520_225_1609_1697,5,5,0.012365,0.044444,0.129597,0.035351,0.124238,0.550813,0.103191
4520_226_129_282,1,4,0.142834,0.226898,0.196259,0.009531,0.369306,0.034232,0.020941
4520_226_1749_1899,1,1,0.110506,0.293866,0.135276,0.066299,0.149976,0.124047,0.120029
4520_225_1409_1506,1,0,0.496418,0.228935,0.079646,0.010823,0.080908,0.090664,0.012604
4520_225_2210_2325,1,1,0.247494,0.403261,0.063335,0.021552,0.210816,0.031763,0.021779
4520_226_520_639,1,1,0.25076,0.273025,0.06253,0.018044,0.101673,0.24597,0.047998
4520_225_335_507,6,1,0.281287,0.305783,0.045121,0.013685,0.23861,0.077469,0.038044
4520_225_31_83,1,4,0.11355,0.353402,0.046874,0.008281,0.453169,0.016653,0.00807
4520_226_1522_1576,1,1,0.187508,0.343683,0.053386,0.024008,0.282983,0.027503,0.080929
4520_225_646_784,6,2,0.100076,0.159203,0.199153,0.037041,0.171863,0.169748,0.162918
4520_226_2346_2413,3,3,0.020948,0.033294,0.032419,0.527067,0.040465,0.017456,0.328351
4520_226_2141_2188,3,4,0.021828,0.053814,0.044204,0.182875,0.639639,0.014238,0.043403
4723_238_124_266,1,1,0.238381,0.567192,0.046396,0.005325,0.066696,0.051383,0.024627
4723_237_1294_1309,5,5,0.019094,0.05395,0.042966,0.026109,0.025884,0.752255,0.079742
4723_238_1181_1286,6,6,0.034921,0.274986,0.080687,0.089372,0.086702,0.050792,0.382542
4723_237_1500_1699,1,5,0.126574,0.264111,0.122224,0.007134,0.137291,0.318972,0.023695
4723_238_1350_1487,5,5,0.043151,0.183721,0.04663,0.061573,0.074551,0.409754,0.18062
4723_237_904_996,5,5,0.040592,0.04755,0.021815,0.009362,0.028792,0.837091,0.014798
4723_237_428_617,0,1,0.326439,0.465786,0.041832,0.004416,0.114494,0.031217,0.015816
4723_237_1039_1167,1,1,0.048171,0.385267,0.083545,0.017985,0.305511,0.125668,0.033853
4723_238_1717_1775,1,1,0.212546,0.516536,0.087866,0.014751,0.070375,0.053042,0.044885
4723_238_332_421,1,5,0.011323,0.162917,0.208513,0.034199,0.058004,0.318018,0.207025
4723_238_622_710,1,1,0.057156,0.473286,0.057976,0.013837,0.338479,0.027705,0.03156
4723_237_31_110,1,5,0.004896,0.034635,0.061624,0.022608,0.029829,0.796512,0.049896
4723_238_811_897,6,5,0.011736,0.089447,0.073089,0.10426,0.02553,0.476308,0.21963
4723_237_721_798,1,5,0.067443,0.321887,0.097352,0.016439,0.095912,0.334157,0.066809
4723_238_1004_1034,1,6,0.03191,0.22916,0.087665,0.056304,0.109371,0.081942,0.403648
4723_237_277_322,1,5,0.017796,0.146787,0.215662,0.018813,0.060173,0.374431,0.166339
4727_238_117_190,5,5,0.008906,0.051884,0.031047,0.009416,0.012434,0.858533,0.027781
4727_238_1241_1398,1,4,0.036828,0.258071,0.055451,0.095852,0.437906,0.036884,0.079008
4727_237_1092_1241,1,1,0.148621,0.447471,0.039618,0.074369,0.076853,0.121021,0.092048
4727_237_1398_1680,1,1,0.213815,0.450052,0.049686,0.015119,0.223477,0.026446,0.021404
4727_237_190_368,1,5,0.036622,0.131934,0.053731,0.106711,0.073524,0.398601,0.198878
4727_237_776_933,3,6,0.01104,0.059958,0.071652,0.308559,0.095645,0.017856,0.43529
4727_238_933_1092,1,4,0.013544,0.111734,0.194432,0.057357,0.37012,0.087021,0.165792
4727_237_466_684,5,6,0.0097,0.153316,0.202015,0.074688,0.216346,0.027841,0.316094
4727_237_31_117,5,6,0.004395,0.014732,0.104404,0.217027,0.01934,0.075515,0.564587
4727_238_368_466,5,2,0.013382,0.22612,0.310642,0.020747,0.111999,0.19197,0.12514
4727_238_1680_1759,5,1,0.066694,0.299873,0.117225,0.09694,0.179171,0.020698,0.219399
4727_238_684_776,5,5,0.008049,0.04732,0.098582,0.060945,0.040786,0.639708,0.104611
4728_238_107_170,5,5,0.017985,0.060502,0.062736,0.044974,0.041734,0.67933,0.092739
4728_237_1187_1340,1,1,0.10525,0.537436,0.034674,0.08463,0.137982,0.041798,0.05823
4728_238_1080_1187,5,3,0.02476,0.150902,0.077041,0.295622,0.036862,0.266865,0.147948
4728_237_170_290,5,5,0.005085,0.013133,0.022115,0.027847,0.068087,0.809465,0.054268
4728_238_1340_1502,3,5,0.049936,0.186123,0.034975,0.138493,0.083534,0.315998,0.190942
4728_238_841_959,5,5,0.005081,0.012639,0.024225,0.017943,0.03129,0.876886,0.031937
4728_238_579_684,5,5,0.017844,0.090657,0.150873,0.02124,0.044457,0.594141,0.080789
4728_238_290_400,3,3,0.012132,0.053607,0.0319,0.61921,0.064626,0.132868,0.085658
4728_237_959_1080,1,1,0.02864,0.264359,0.148516,0.051482,0.243849,0.061342,0.201812
4728_237_440_579,3,3,0.019956,0.051951,0.04359,0.504577,0.188652,0.070579,0.120696
4728_237_31_107,5,5,0.009209,0.024558,0.059025,0.040281,0.038053,0.689761,0.139112
4728_237_1502_1543,5,3,0.01558,0.053263,0.092275,0.420919,0.048041,0.240998,0.128923
4728_237_684_841,5,5,0.070832,0.260645,0.131028,0.016698,0.117715,0.323265,0.079818
4724_238_125_208,1,5,0.012857,0.096807,0.054914,0.010207,0.034492,0.764512,0.026212
4724_238_1286_1468,3,6,0.030102,0.163863,0.078655,0.137302,0.103298,0.045233,0.441547
4724_237_1586_1700,1,1,0.101486,0.521775,0.045563,0.009516,0.246706,0.040446,0.034508
4724_237_218_279,5,5,0.002818,0.009255,0.019405,0.004492,0.015443,0.937412,0.011175
4724_238_1717_1812,1,0,0.356344,0.327162,0.05814,0.019231,0.050699,0.122715,0.065709
4724_238_847_984,4,1,0.067063,0.578589,0.043733,0.018389,0.189966,0.027588,0.074674
4724_237_548_617,4,5,0.015203,0.158765,0.096775,0.01547,0.107575,0.549852,0.05636
4724_238_1104_1175,6,6,0.011566,0.050811,0.072486,0.229208,0.050142,0.069846,0.515941
4724_238_293_533,1,1,0.076077,0.413057,0.076363,0.025818,0.225724,0.026677,0.156283
4724_237_1002_1083,1,4,0.049894,0.292828,0.139399,0.07302,0.308457,0.018077,0.118326
4724_237_31_112,1,5,0.044595,0.18473,0.075517,0.005968,0.101442,0.547904,0.039844
4724_238_1527_1579,1,6,0.007975,0.034176,0.087992,0.14552,0.026204,0.035311,0.662821
4724_237_1187_1265,5,5,0.028086,0.055744,0.020361,0.003445,0.021354,0.860382,0.010627
4724_237_1482_1512,5,5,0.00661,0.033814,0.058015,0.005681,0.014998,0.814013,0.066869
4724_237_724_830,4,3,0.022905,0.123718,0.130924,0.253535,0.15088,0.066659,0.251377
4724_238_641_716,4,5,0.023779,0.111453,0.105688,0.035072,0.038547,0.521017,0.164443
4729_238_126_208,5,5,0.008708,0.052183,0.056827,0.032381,0.021963,0.736906,0.091033
4729_238_1174_1327,5,4,0.044855,0.267916,0.069334,0.062887,0.344661,0.113036,0.097311
4729_238_1656_1801,1,1,0.351833,0.452124,0.015184,0.028405,0.101886,0.030754,0.019814
4729_237_208_388,5,6,0.00698,0.046535,0.082174,0.126529,0.020597,0.171076,0.54611
4729_237_1801_1925,1,3,0.019736,0.112972,0.144355,0.511112,0.109476,0.024088,0.078262
4729_237_1327_1476,1,1,0.042964,0.344679,0.091925,0.03342,0.276638,0.04888,0.161493
4729_237_31_126,5,3,0.010962,0.034417,0.064165,0.39887,0.049788,0.158893,0.282905
4729_237_760_947,5,6,0.024206,0.108765,0.129457,0.070756,0.048537,0.055505,0.562775
4729_238_947_1042,1,1,0.029096,0.371848,0.165322,0.011785,0.163978,0.232936,0.025035
4729_237_470_635,5,1,0.10913,0.372935,0.121891,0.033973,0.142842,0.06942,0.149809
4729_237_1042_1174,1,1,0.041158,0.252928,0.129343,0.208186,0.130828,0.048897,0.18866
4729_238_635_760,1,5,0.014958,0.081459,0.121555,0.085324,0.047521,0.37011,0.279073
4729_238_388_470,5,5,0.00859,0.029815,0.062413,0.095181,0.037903,0.668032,0.098066
4729_238_1476_1554,1,1,0.061873,0.23824,0.111523,0.067262,0.100357,0.204099,0.216646
4729_237_1554_1656,1,4,0.009568,0.057521,0.031338,0.082832,0.793683,0.010237,0.014822
4732_238_75_202,5,5,0.004048,0.029138,0.024592,0.131106,0.016724,0.664416,0.129976
4732_237_1256_1330,3,3,0.005658,0.017432,0.021262,0.88768,0.014709,0.009732,0.043527
4732_237_1037_1194,3,3,0.024449,0.228006,0.065563,0.498601,0.094576,0.028105,0.060701
4732_237_202_323,3,3,0.008114,0.071418,0.063537,0.515971,0.035917,0.04009,0.264953
4732_237_649_956,3,5,0.015397,0.157205,0.073218,0.147637,0.0742,0.334733,0.19761
4732_238_1330_1368,3,3,0.004349,0.002656,0.002887,0.939376,0.022191,0.018305,0.010235
4732_237_380_602,6,2,0.040241,0.267088,0.273136,0.034424,0.108243,0.069085,0.207783
4732_238_323_380,5,5,0.004637,0.029888,0.03704,0.015258,0.012112,0.864093,0.036971
4732_238_602_649,3,5,0.011344,0.025761,0.011302,0.14162,0.019992,0.76805,0.021931
4732_238_956_1037,3,5,0.032491,0.178868,0.048302,0.091713,0.044896,0.554634,0.049096
4732_237_31_75,3,6,0.013899,0.027537,0.024516,0.345954,0.026338,0.031202,0.530555
4732_238_1194_1256,3,3,0.010511,0.042994,0.010787,0.603011,0.032322,0.012094,0.28828
4733_238_2408_2504,2,6,0.03611,0.165334,0.196472,0.164505,0.070634,0.026096,0.34085
4733_238_127_307,5,5,0.065389,0.15662,0.039677,0.011297,0.047519,0.661875,0.017623
4733_238_1095_1386,2,1,0.295614,0.443546,0.023167,0.014617,0.036065,0.156497,0.030494
4733_238_1948_2105,2,1,0.031088,0.29308,0.123249,0.045083,0.111413,0.122961,0.273126
4733_237_1623_1744,2,4,0.014917,0.174149,0.182673,0.028376,0.43675,0.053942,0.109193
4733_238_1744_1887,2,6,0.031833,0.189019,0.083436,0.154636,0.109054,0.125565,0.306458
4733_238_1450_1623,2,1,0.245646,0.346052,0.038011,0.043552,0.042269,0.240253,0.044216
4733_238_2138_2284,2,6,0.030221,0.17301,0.06833,0.23291,0.141218,0.058334,0.295977
4733_237_31_127,4,4,0.011586,0.086202,0.137933,0.110961,0.552269,0.029064,0.071986
4733_237_862_1095,1,4,0.019287,0.156201,0.146422,0.049402,0.353153,0.031239,0.244296
4733_237_2284_2408,2,4,0.013057,0.116345,0.325125,0.002424,0.497093,0.019921,0.026037
4733_237_307_705,1,4,0.037222,0.205132,0.228222,0.015899,0.387863,0.05517,0.070492
4733_238_705_862,5,5,0.002624,0.005736,0.011124,0.014822,0.009481,0.943007,0.013206
4733_237_1887_1948,2,2,0.006005,0.089095,0.349236,0.020903,0.279451,0.143356,0.111954
4733_237_2105_2138,5,5,0.014815,0.039272,0.028854,0.015898,0.020506,0.824407,0.056248
4733_237_1386_1450,2,5,0.023318,0.127647,0.101952,0.043516,0.097506,0.347068,0.258993
4741_237_31_179,1,5,0.065072,0.22805,0.0387,0.05479,0.085494,0.506096,0.021797
4741_237_988_1353,1,1,0.139309,0.496424,0.147141,0.008286,0.169102,0.018541,0.021197
4741_238_1638_1740,6,3,0.030349,0.055659,0.018565,0.519406,0.26682,0.051332,0.057869
4741_238_202_414,3,3,0.02777,0.145802,0.070128,0.496518,0.08668,0.04621,0.126893
4741_237_1762_1866,1,4,0.020389,0.028318,0.026637,0.358648,0.481085,0.051234,0.033689
4741_238_1378_1524,1,4,0.02915,0.172434,0.076851,0.024585,0.486668,0.147794,0.062518
4741_237_808_943,1,1,0.103513,0.45518,0.161125,0.010937,0.192655,0.040583,0.036007
4741_237_436_592,1,4,0.023061,0.186185,0.044361,0.182446,0.494846,0.021308,0.047793
4741_238_614_791,1,4,0.042048,0.239978,0.042414,0.167992,0.295487,0.122469,0.089611
4741_237_1541_1586,1,4,0.023362,0.26898,0.141543,0.013956,0.462659,0.017107,0.072393
4741_238_953_969,5,5,0.014433,0.043074,0.027097,0.013715,0.020473,0.859708,0.021501
4740_237_86_306,1,4,0.022133,0.190421,0.256789,0.043496,0.320121,0.034872,0.132168
4740_237_1025_1440,5,4,0.063883,0.172558,0.086367,0.014838,0.555738,0.089528,0.017088
4740_237_2031_2348,1,6,0.023755,0.091742,0.087853,0.146471,0.115561,0.118077,0.416541
4740_237_1773_1895,1,5,0.046669,0.212865,0.117033,0.014454,0.12354,0.338398,0.147041
4740_238_1459_1640,3,5,0.03091,0.12421,0.045348,0.246552,0.233303,0.280906,0.038769
4740_238_2383_2487,3,5,0.050177,0.134869,0.034661,0.201263,0.157027,0.34104,0.080964
4740_238_615_1002,1,4,0.025425,0.188008,0.021371,0.063177,0.569441,0.018755,0.113824
4740_238_316_422,1,5,0.018773,0.161193,0.084222,0.034426,0.205465,0.42698,0.068941
4740_237_430_590,1,4,0.038209,0.294971,0.118114,0.059932,0.333645,0.087088,0.068041
4740_238_31_73,3,6,0.069104,0.243482,0.095512,0.019452,0.050304,0.260304,0.261842
4740_238_1692_1744,5,5,0.014282,0.134419,0.247771,0.006984,0.058035,0.371003,0.167507
4740_238_1921_2021,3,6,0.026327,0.151253,0.152371,0.05649,0.078398,0.245871,0.289289
4740_237_1659_1670,5,5,0.005454,0.019791,0.020782,0.007352,0.014317,0.896119,0.036185
4739_238_1294_1484,1,6,0.011171,0.200432,0.147304,0.070884,0.098676,0.04838,0.423154
4739_237_1163_1263,5,5,0.014754,0.119138,0.127557,0.013196,0.03655,0.578694,0.110111
4739_237_1509_1723,1,5,0.044022,0.161875,0.085303,0.107058,0.06951,0.31686,0.215372
4739_238_137_278,1,6,0.015217,0.138355,0.079303,0.082751,0.212078,0.027392,0.444904
4739_238_1736_1805,1,6,0.026711,0.140532,0.114554,0.155099,0.033297,0.18564,0.344168
4739_237_2063_2263,1,3,0.019984,0.079208,0.055746,0.402156,0.151535,0.031332,0.260038
4739_238_937_1143,1,6,0.023465,0.223531,0.108435,0.065055,0.256233,0.036303,0.286978
4739_238_2281_2342,3,6,0.032164,0.160263,0.02277,0.250852,0.074228,0.031759,0.427965
4739_237_310_598,5,4,0.047825,0.145752,0.043689,0.176,0.397406,0.092185,0.097143
4739_238_627_690,1,1,0.066881,0.404171,0.030688,0.048621,0.253685,0.031335,0.164618
4739_237_31_95,6,6,0.017624,0.075449,0.143096,0.070183,0.097374,0.291022,0.305252
4739_237_717_907,5,5,0.029227,0.072298,0.036249,0.022522,0.049312,0.72164,0.068752
4739_237_1824_1959,1,6,0.007305,0.030557,0.066966,0.174255,0.047799,0.20455,0.468569
4739_238_1984_2046,1,6,0.01068,0.06112,0.065869,0.212067,0.068496,0.05749,0.524277
4738_238_31_129,6,1,0.031125,0.284373,0.234083,0.01497,0.280242,0.027133,0.128074
4738_238_1062_1544,4,4,0.016208,0.146648,0.08884,0.024415,0.567139,0.041858,0.114892
4738_237_1974_2238,4,4,0.020976,0.117236,0.082104,0.147684,0.502107,0.030182,0.099711
4738_238_1639_1687,6,5,0.064761,0.189493,0.135292,0.033591,0.057132,0.365043,0.154688
4738_237_159_273,5,5,0.007945,0.028502,0.046472,0.014006,0.034188,0.844705,0.024181
4738_237_1715_1812,6,4,0.026164,0.148976,0.185383,0.090127,0.25596,0.124529,0.168861
4738_238_823_961,6,6,0.029852,0.181217,0.081839,0.059292,0.22324,0.167618,0.256942
4738_238_605_693,4,4,0.028055,0.230847,0.112341,0.024141,0.514819,0.034298,0.055499
4738_238_354_475,4,1,0.044479,0.500846,0.039957,0.017362,0.267306,0.021799,0.108251
4738_238_1835_1949,6,5,0.01441,0.052491,0.046688,0.022791,0.046942,0.785616,0.031062
4738_237_718_799,5,1,0.04049,0.216625,0.176558,0.020074,0.213301,0.137459,0.195493
4738_237_1556_1599,3,3,0.009868,0.014098,0.020854,0.8486,0.054817,0.015873,0.03589
4738_237_489_573,6,4,0.01873,0.117348,0.122706,0.053637,0.622145,0.049595,0.015839
4738_237_982_1033,3,5,0.009719,0.021666,0.016432,0.250655,0.060935,0.616341,0.024252
4738_238_2259_2276,6,6,0.014122,0.082141,0.106068,0.040852,0.245909,0.146129,0.36478
4742_237_1141_1491,2,4,0.013239,0.07254,0.191289,0.026864,0.479279,0.120421,0.096369
4742_237_1849_2064,2,4,0.021633,0.198206,0.268424,0.023715,0.330741,0.032145,0.125135
4742_237_1621_1718,2,4,0.049908,0.201915,0.244557,0.01504,0.30256,0.079582,0.106438
4742_238_134_283,5,5,0.023086,0.078896,0.043379,0.005751,0.053347,0.774907,0.020634
4742_238_1763_1831,5,5,0.085084,0.096276,0.045058,0.011063,0.031658,0.691427,0.039433
4742_237_909_991,2,2,0.015901,0.149849,0.319013,0.084799,0.091821,0.123503,0.215113
4742_238_578_669,5,5,0.009121,0.043276,0.051153,0.008912,0.027663,0.820013,0.039861
4742_238_1004_1112,1,1,0.060367,0.440162,0.115443,0.035332,0.126459,0.069698,0.152539
4742_237_313_559,2,4,0.035507,0.066371,0.144812,0.038806,0.491002,0.127945,0.095558
4742_237_31_108,2,6,0.017843,0.051769,0.247075,0.069749,0.108709,0.222969,0.281886
4742_238_1508_1610,5,5,0.004915,0.042101,0.06926,0.009292,0.026212,0.799534,0.048687
4742_238_798_856,5,5,0.010313,0.087466,0.139118,0.009976,0.058093,0.656554,0.038481
4742_237_728_778,1,4,0.028866,0.260334,0.128241,0.076364,0.263292,0.018989,0.223915
4743_237_31_599,2,2,0.045667,0.196145,0.320286,0.013355,0.305275,0.055785,0.063487
4743_237_1036_1325,2,4,0.038633,0.097005,0.323091,0.006712,0.46152,0.053252,0.019787
4743_237_1648_1812,2,1,0.187404,0.384824,0.084801,0.008518,0.276254,0.035477,0.022722
4743_237_1418_1587,1,4,0.037792,0.150072,0.273348,0.005434,0.281213,0.167613,0.084529
4743_237_746_955,2,4,0.034995,0.140701,0.265664,0.006335,0.385098,0.10408,0.063127
4743_238_1346_1392,4,2,0.009753,0.080682,0.329048,0.010364,0.161909,0.284703,0.123542
4743_238_630_723,1,5,0.014234,0.075408,0.179697,0.014638,0.079398,0.583037,0.053587
4743_237_1896_1995,2,4,0.102188,0.256595,0.123808,0.085855,0.304689,0.066801,0.060064
4743_238_1598_1625,2,5,0.016019,0.142355,0.177182,0.006399,0.069326,0.515421,0.073296
4743_238_1840_1879,5,5,0.017957,0.092531,0.128842,0.006621,0.026049,0.599402,0.128598
4743_238_968_998,1,5,0.010333,0.063313,0.165743,0.012308,0.129391,0.546582,0.07233
4743_238_1999_2036,2,1,0.091751,0.29911,0.077838,0.11065,0.200598,0.172617,0.047436
4744_237_942_1188,4,4,0.035499,0.201175,0.143307,0.038794,0.303962,0.229457,0.047806
4744_237_149_290,1,2,0.027439,0.216001,0.317255,0.051109,0.30569,0.018105,0.064402
4744_238_1421_1474,1,4,0.034187,0.199205,0.106355,0.163769,0.298186,0.05279,0.145508
4744_238_31_124,1,1,0.232068,0.408402,0.049598,0.016323,0.042905,0.22582,0.024884
4744_237_1297_1391,4,4,0.06943,0.241605,0.067665,0.043505,0.317212,0.222805,0.037778
4744_238_574_647,1,1,0.030755,0.373795,0.132655,0.071322,0.239594,0.068252,0.083628
4744_238_326_453,1,1,0.114377,0.598505,0.066874,0.021682,0.085033,0.047492,0.066038
4744_237_472_511,4,4,0.017196,0.066014,0.119847,0.03044,0.728976,0.01038,0.027147
4744_237_1494_1609,4,4,0.031117,0.252401,0.13049,0.025406,0.505698,0.015226,0.039662
4744_238_1201_1280,0,5,0.067277,0.213858,0.068932,0.042528,0.03067,0.530125,0.046611
4744_238_813_923,1,5,0.041068,0.100152,0.028146,0.022159,0.034802,0.750184,0.023491
4744_237_673_782,4,4,0.020584,0.111548,0.168201,0.046535,0.472906,0.030917,0.149309
4746_237_31_175,3,3,0.013799,0.069512,0.02811,0.581024,0.038781,0.187868,0.080907
4746_238_1795_2048,4,3,0.035244,0.226724,0.039034,0.372723,0.146813,0.028266,0.151195
4746_238_1112_1199,4,1,0.101225,0.493218,0.064903,0.013113,0.175815,0.117881,0.033845
4746_238_1601_1687,4,1,0.035548,0.269696,0.111318,0.135547,0.23816,0.052601,0.157129
4746_238_194_259,5,5,0.008976,0.064325,0.048401,0.012033,0.02334,0.82041,0.022515
4746_237_1451_1579,4,4,0.024771,0.145716,0.237923,0.015091,0.371467,0.150159,0.054873
4746_237_931_1090,1,2,0.020583,0.168534,0.258053,0.134236,0.095625,0.128537,0.194433
4746_238_1309_1423,4,6,0.012405,0.152203,0.114043,0.03684,0.147067,0.08514,0.452302
4746_238_545_912,4,4,0.016412,0.108527,0.139683,0.096661,0.358507,0.060574,0.219635
4746_237_1707_1767,4,1,0.111629,0.437226,0.018794,0.006535,0.409712,0.010583,0.005522
4746_237_274_528,3,4,0.041579,0.295072,0.222082,0.036603,0.332904,0.029624,0.042136
4746_237_1209_1284,5,5,0.002707,0.004408,0.014063,0.010039,0.010348,0.954027,0.004407
4745_238_31_156,1,2,0.011284,0.258101,0.287902,0.018531,0.165144,0.220206,0.038831
4745_238_1286_1373,3,6,0.00958,0.039,0.072662,0.243005,0.038011,0.06058,0.537163
4745_237_1136_1262,3,3,0.018832,0.083343,0.116276,0.452015,0.084656,0.076223,0.168655
4745_237_1649_1736,1,3,0.02194,0.086605,0.12724,0.351261,0.182284,0.0244,0.20627
4745_237_180_398,1,2,0.022694,0.143921,0.223075,0.114153,0.209813,0.089943,0.196401
4745_237_1793_1948,1,4,0.0353,0.196566,0.139513,0.179953,0.242757,0.037594,0.168318
4745_237_1388_1530,3,3,0.008178,0.026854,0.090379,0.567815,0.045525,0.032833,0.228417
4745_237_913_1000,6,6,0.013292,0.060258,0.110205,0.16546,0.051423,0.166713,0.432649
4745_237_575_739,4,1,0.066876,0.384679,0.042298,0.096582,0.293322,0.02895,0.087293
4745_238_1028_1115,3,6,0.009896,0.051723,0.079836,0.311701,0.026251,0.028385,0.492207
4745_238_1747_1773,1,5,0.007817,0.037916,0.071277,0.052861,0.01286,0.780579,0.036691
4745_238_422_557,1,6,0.01501,0.031799,0.107707,0.250718,0.059489,0.244816,0.290461
4745_238_753_888,4,5,0.018181,0.097701,0.065823,0.082722,0.246431,0.268202,0.220941
4745_238_1559_1637,3,3,0.006412,0.008863,0.016596,0.713108,0.014646,0.137968,0.102407
4745_238_1964_2002,5,5,0.00245,0.007791,0.014202,0.016125,0.010633,0.938522,0.010276
4751_237_31_177,5,5,0.011426,0.018752,0.037524,0.029388,0.052455,0.813667,0.036787
4751_238_1237_1298,5,5,0.006011,0.042515,0.052899,0.086219,0.024307,0.701223,0.086825
4751_237_942_1237,5,5,0.032072,0.051263,0.024792,0.01416,0.044483,0.824844,0.008386
4751_237_1635_1784,5,3,0.0624,0.178147,0.104046,0.41388,0.065034,0.051493,0.125
4751_238_177_290,3,3,0.019409,0.089457,0.158285,0.341955,0.181423,0.08031,0.129161
4751_238_1784_2022,1,6,0.036828,0.242491,0.095905,0.185709,0.11772,0.077434,0.243913
4751_238_1428_1635,1,1,0.198992,0.387567,0.053206,0.029098,0.091064,0.197441,0.042632
4751_238_785_942,5,5,0.021834,0.171016,0.134912,0.100409,0.051273,0.289421,0.231134
4751_237_1298_1428,5,2,0.109873,0.16924,0.201337,0.034486,0.167029,0.171272,0.146763
4751_237_552_785,1,5,0.147632,0.24006,0.04144,0.017747,0.100534,0.40987,0.042717
4751_237_290_412,5,3,0.016423,0.028679,0.017805,0.46609,0.119916,0.316627,0.034461
4751_238_412_552,1,1,0.046851,0.233466,0.146858,0.087324,0.191726,0.17409,0.119683
4752_237_127_267,1,4,0.048791,0.26161,0.039801,0.09927,0.476246,0.044081,0.030202
4752_237_1249_1359,5,2,0.013772,0.157646,0.36684,0.107365,0.251318,0.041914,0.061145
4752_238_1147_1249,5,5,0.007337,0.035637,0.044317,0.005157,0.018509,0.871804,0.017239
4752_237_1592_1763,5,4,0.062388,0.192364,0.180374,0.03861,0.217506,0.168309,0.14045
4752_238_1763_1866,1,1,0.14847,0.490608,0.09983,0.028158,0.097286,0.046873,0.088776
4752_238_1359_1592,5,2,0.014605,0.213914,0.326669,0.017126,0.206337,0.078753,0.142595
4752_238_31_127,5,6,0.011506,0.062879,0.231834,0.066108,0.167346,0.14815,0.312177
4752_237_717_982,5,4,0.02162,0.124444,0.167358,0.044575,0.313947,0.273832,0.054225
4752_238_530_717,5,2,0.01561,0.132061,0.345489,0.025807,0.251654,0.11986,0.109519
4752_237_1036_1147,1,4,0.014287,0.054824,0.249726,0.027364,0.318472,0.019703,0.315623
4752_238_267_344,5,4,0.013988,0.108291,0.3012,0.011974,0.381188,0.126905,0.056454
4752_238_982_1036,5,4,0.00869,0.150136,0.208416,0.016068,0.512802,0.065891,0.037998
4752_237_344_530,1,4,0.0157,0.17717,0.210736,0.007343,0.508014,0.01533,0.065708
4750_237_31_154,5,5,0.013527,0.039113,0.057717,0.010861,0.065428,0.762805,0.050549
4750_237_1270_1537,1,1,0.068006,0.365121,0.046962,0.09951,0.282634,0.044574,0.093193
4750_238_1141_1270,5,2,0.029938,0.204939,0.251958,0.049305,0.143291,0.236026,0.084544
4750_237_1624_1749,1,4,0.008796,0.06558,0.059552,0.01023,0.728808,0.105276,0.021759
4750_237_241_350,1,5,0.027076,0.163575,0.183365,0.017092,0.138969,0.307546,0.162376
4750_237_1800_1850,1,2,0.020098,0.145913,0.324433,0.043963,0.292603,0.026523,0.146466
4750_238_1749_1800,5,5,0.005684,0.046053,0.147294,0.026664,0.044865,0.632121,0.09732
4750_238_820_1007,1,3,0.013027,0.048847,0.184651,0.358602,0.069173,0.040253,0.285448
4750_238_154_241,5,6,0.02588,0.115521,0.14366,0.111125,0.073998,0.06214,0.467677
4750_237_477_820,5,4,0.02681,0.047413,0.176915,0.037325,0.35739,0.272991,0.081157
4750_237_1007_1141,1,4,0.050819,0.328258,0.114835,0.018289,0.362438,0.029083,0.096278
4750_238_350_477,5,4,0.01775,0.212464,0.213654,0.024748,0.368315,0.01965,0.143419
4750_238_1850_1988,1,1,0.025679,0.349483,0.276753,0.018093,0.078277,0.163899,0.087817
4750_238_1537_1624,5,4,0.008767,0.032077,0.081335,0.313973,0.409172,0.053572,0.101105
4754_238_902_1295,4,1,0.024723,0.3139,0.273057,0.011641,0.281588,0.040055,0.055035
4754_238_1538_1829,4,1,0.131417,0.477834,0.102671,0.012296,0.231824,0.03354,0.010417
4754_237_235_319,5,5,0.027562,0.080196,0.059158,0.006123,0.038582,0.753829,0.034551
4754_237_1332_1495,5,5,0.064087,0.044858,0.029816,0.01117,0.02801,0.818989,0.00307
4754_237_2210_2242,0,1,0.133881,0.428686,0.064219,0.039747,0.091099,0.105362,0.137005
4754_238_2067_2178,4,2,0.008531,0.102555,0.435435,0.006647,0.15883,0.109782,0.17822
4754_238_625_745,4,2,0.015085,0.159915,0.485339,0.006888,0.216751,0.036709,0.079313
4754_238_369_502,4,2,0.005417,0.094779,0.40162,0.009668,0.400224,0.03794,0.050351
4754_237_31_71,5,1,0.226059,0.265684,0.062651,0.030252,0.066421,0.235775,0.113158
4754_237_782_842,5,5,0.00752,0.032648,0.052162,0.004081,0.011278,0.854757,0.037552
4754_237_1857_1948,2,5,0.082477,0.234197,0.118268,0.015373,0.048648,0.434301,0.066737
4754_237_2011_2031,5,5,0.028762,0.101484,0.084655,0.031958,0.072615,0.500205,0.180322
4754_238_1978_2006,4,4,0.034915,0.204333,0.09649,0.089734,0.278176,0.032384,0.263969
4754_238_188_194,4,4,0.015272,0.072292,0.352809,0.031209,0.477373,0.020631,0.030414
4754_237_546_563,5,5,0.194688,0.114422,0.025581,0.0305,0.026156,0.579531,0.029123
4753_237_111_149,1,1,0.075324,0.499936,0.082483,0.024212,0.23587,0.01737,0.064804
4753_237_1011_1353,5,1,0.059368,0.438611,0.190149,0.010441,0.125411,0.087767,0.088253
4753_237_1458_1876,1,1,0.173547,0.489381,0.070638,0.044223,0.10223,0.059345,0.060635
4753_238_177_222,6,5,0.062682,0.202954,0.070436,0.010662,0.075003,0.512407,0.065855
4753_237_542_627,6,3,0.009138,0.037583,0.097188,0.682683,0.037086,0.039203,0.097119
4753_237_257_378,1,2,0.016175,0.184618,0.474077,0.008543,0.186966,0.073865,0.055757
4753_238_403_520,3,1,0.092571,0.566875,0.043289,0.015111,0.193395,0.032038,0.056721
4753_238_31_84,6,2,0.010558,0.057994,0.408671,0.036678,0.308441,0.048843,0.128815
4753_237_761_907,4,1,0.108813,0.49123,0.129967,0.011904,0.155162,0.02764,0.075282
4753_238_682_736,5,5,0.007847,0.025132,0.038229,0.016768,0.014026,0.848057,0.049942
4753_238_1383_1432,6,3,0.043044,0.152346,0.025279,0.343667,0.087963,0.034824,0.312876
4753_238_952_1009,1,5,0.086198,0.170233,0.051656,0.021129,0.032148,0.510052,0.128584
4753_238_1931_2036,5,5,0.009531,0.116852,0.194359,0.010222,0.059868,0.545878,0.063291
4758_238_1922_2123,1,4,0.042235,0.159105,0.040542,0.198661,0.272879,0.019854,0.266725
4758_237_1113_1271,0,0,0.797366,0.115122,0.004883,0.006687,0.016073,0.057959,0.00191
4758_238_1600_1817,1,4,0.043448,0.247633,0.07379,0.098858,0.353573,0.028206,0.154493
4758_238_1311_1471,1,4,0.039378,0.309865,0.139622,0.020396,0.404773,0.021703,0.064264
4758_238_827_1107,1,1,0.048396,0.277872,0.144759,0.1078,0.223435,0.024185,0.173554
4758_238_130_225,1,1,0.055941,0.279447,0.063265,0.263161,0.104969,0.021526,0.21169
4758_237_259_573,1,0,0.562839,0.298533,0.012205,0.014045,0.026618,0.076564,0.009198
4758_238_640_701,3,1,0.067878,0.399269,0.119458,0.09248,0.144456,0.086458,0.090002
4758_237_31_90,0,5,0.308185,0.178251,0.021737,0.006933,0.030339,0.443906,0.010649
4758_237_1483_1570,0,1,0.279061,0.505795,0.037909,0.060125,0.038261,0.039566,0.039284
4758_237_725_801,1,5,0.088617,0.108873,0.045915,0.016103,0.038527,0.683709,0.018256
4758_237_1839_1857,0,1,0.043666,0.285925,0.206586,0.028331,0.219512,0.173917,0.042063
4757_238_1216_1383,0,1,0.414718,0.445997,0.024785,0.02858,0.031043,0.017404,0.037473
4757_238_1798_2093,1,1,0.32322,0.57271,0.008258,0.005396,0.072806,0.013905,0.003705
4757_237_1087_1186,4,1,0.150108,0.584523,0.020503,0.012118,0.20249,0.024471,0.005787
4757_237_1669_1780,4,4,0.043547,0.232813,0.030406,0.018507,0.55503,0.072,0.047697
4757_238_133_318,1,1,0.167084,0.563993,0.0374,0.03033,0.135115,0.051094,0.014984
4757_237_1398_1526,4,4,0.025446,0.118003,0.106271,0.008884,0.692275,0.038786,0.010336
4757_237_789_955,1,0,0.450388,0.410601,0.018272,0.01269,0.040625,0.055793,0.011632
4757_238_2226_2392,4,4,0.073195,0.313389,0.064456,0.051068,0.382063,0.026063,0.089766
4757_237_342_662,4,1,0.186976,0.478244,0.052303,0.008807,0.225905,0.035212,0.012552
4757_238_971_1064,0,1,0.285907,0.412325,0.053279,0.080998,0.053007,0.023453,0.091031
4757_237_31_100,4,4,0.018136,0.058148,0.254328,0.0237,0.563516,0.029967,0.052204
4757_237_2415_2469,4,4,0.047791,0.285595,0.168353,0.016309,0.328121,0.121005,0.032825
4757_237_2111_2205,4,4,0.026866,0.169872,0.285046,0.006113,0.453251,0.019226,0.039626
4757_238_694_779,0,0,0.492207,0.371439,0.027185,0.007956,0.026364,0.059767,0.015081
4757_238_1542_1649,1,1,0.19203,0.615139,0.027372,0.012629,0.114757,0.020611,0.017463
4760_238_87_148,2,4,0.020303,0.07275,0.133004,0.073806,0.354591,0.07435,0.271196
4760_238_1180_1437,4,4,0.013012,0.050275,0.028027,0.108649,0.701732,0.056256,0.04205
4760_238_1738_2063,3,4,0.05795,0.367823,0.073185,0.025182,0.38475,0.024119,0.06699
4760_237_1595_1717,1,1,0.311938,0.556567,0.014706,0.033639,0.041665,0.032556,0.008928
4760_237_162_256,1,1,0.026406,0.437063,0.088559,0.033814,0.299106,0.016644,0.098409
4760_237_1447_1477,3,3,0.014559,0.057105,0.041676,0.746479,0.057846,0.019959,0.062375
4760_238_2210_2463,2,1,0.071131,0.358454,0.0662,0.059763,0.261806,0.048571,0.134074
4760_237_864_1151,5,1,0.049631,0.297649,0.206767,0.01961,0.124184,0.236735,0.065425
4760_238_576_677,1,4,0.038085,0.159734,0.091162,0.085779,0.411828,0.059702,0.153708
4760_238_282_429,1,4,0.027268,0.315238,0.044237,0.017978,0.44886,0.02836,0.118061
4760_237_438_563,3,3,0.006909,0.019857,0.017172,0.774241,0.042872,0.029264,0.109684
4760_237_31_58,3,5,0.021705,0.04179,0.062024,0.098146,0.036085,0.494714,0.245536
4760_238_1505_1580,5,1,0.061773,0.324601,0.091612,0.174946,0.106675,0.06535,0.175042
4760_238_794_849,2,6,0.0404,0.128646,0.155682,0.060289,0.203139,0.175723,0.236122
4760_237_2074_2183,1,1,0.069287,0.424955,0.033931,0.11325,0.271604,0.013988,0.072984
4760_237_692_766,1,6,0.018921,0.132583,0.183563,0.075508,0.171764,0.036808,0.380854
4759_237_106_171,4,1,0.095383,0.572924,0.089385,0.00556,0.190582,0.023453,0.022713
4759_237_1659_1771,4,1,0.126957,0.615952,0.039614,0.010673,0.1749,0.017404,0.0145
4759_238_215_311,5,1,0.342085,0.347858,0.045663,0.010588,0.027486,0.209951,0.016369
4759_238_1792_1875,1,1,0.282208,0.552657,0.029716,0.014848,0.041801,0.049333,0.029437
4759_237_1411_1541,0,1,0.19314,0.523505,0.062697,0.017535,0.063961,0.113879,0.025283
4759_238_921_979,5,1,0.089298,0.292287,0.176977,0.017681,0.157939,0.180109,0.085708
4759_238_1319_1385,5,5,0.006675,0.028517,0.035073,0.010378,0.021841,0.847001,0.050516
4759_238_576_741,5,0,0.370953,0.29618,0.021388,0.013982,0.02846,0.260087,0.00895
4759_237_992_1125,4,1,0.421005,0.480767,0.013783,0.011524,0.042695,0.019276,0.01095
4759_237_402_560,1,1,0.122904,0.523076,0.066466,0.065246,0.123346,0.045424,0.053538
4759_238_31_75,5,5,0.018426,0.066615,0.099634,0.012104,0.029023,0.687752,0.086446
4759_237_1192_1267,0,5,0.038478,0.236158,0.234092,0.020181,0.133398,0.311083,0.026611
4759_237_762_906,4,1,0.120924,0.560268,0.052671,0.015177,0.180996,0.029788,0.040176
4759_237_1896_2044,4,1,0.075714,0.41141,0.099487,0.025117,0.333074,0.028534,0.026664
4759_238_1557_1644,1,1,0.110949,0.604675,0.022824,0.019038,0.200297,0.024282,0.017936
4759_238_1151_1178,5,5,0.021647,0.090584,0.071312,0.015925,0.025422,0.728277,0.046833
4922_247_31_143,2,6,0.031406,0.106348,0.044453,0.309926,0.12435,0.029675,0.353842
4922_247_1239_1321,1,4,0.027558,0.134015,0.206659,0.054071,0.340879,0.053003,0.183814
4922_248_1173_1238,5,5,0.007454,0.049647,0.161817,0.008822,0.029726,0.658459,0.084075
4922_248_160_305,5,1,0.105078,0.448576,0.070198,0.049712,0.079797,0.154252,0.092387
4922_247_897_991,3,6,0.007914,0.023156,0.023863,0.41183,0.026007,0.024427,0.482803
4922_248_1351_1452,5,5,0.022269,0.132467,0.112806,0.060985,0.109878,0.379089,0.182507
4922_247_543_687,1,4,0.01185,0.061117,0.091422,0.076299,0.386218,0.013088,0.360007
4922_247_1082_1156,1,5,0.010643,0.071308,0.160587,0.027202,0.109768,0.400008,0.220484
4922_247_322_424,3,3,0.009379,0.031629,0.054122,0.478252,0.046762,0.023531,0.356325
4922_248_1017_1080,5,5,0.014224,0.100377,0.155815,0.024004,0.052459,0.598463,0.054658
4922_248_452_531,5,5,0.031028,0.079336,0.086984,0.134643,0.047586,0.446687,0.173737
4922_247_769_860,3,6,0.016851,0.123725,0.051502,0.192021,0.121898,0.047998,0.446005
4922_248_692_753,4,4,0.005335,0.07575,0.247422,0.017101,0.493049,0.127733,0.03361
4922_248_861_883,5,5,0.00975,0.033041,0.041805,0.02184,0.015,0.801394,0.077169
4921_247_1204_1274,2,2,0.02496,0.175851,0.403934,0.020692,0.2409,0.055158,0.078505
4921_248_31_191,6,6,0.037626,0.074014,0.090006,0.262178,0.038076,0.209833,0.288266
4921_248_1063_1178,6,5,0.019033,0.059997,0.079751,0.108453,0.017249,0.54167,0.173847
4921_247_743_808,2,4,0.069693,0.10971,0.104017,0.047366,0.44774,0.131019,0.090455
4921_247_982_1046,2,4,0.017649,0.052286,0.082407,0.326891,0.399981,0.020676,0.10011
4921_248_411_545,6,1,0.065709,0.238589,0.200689,0.079028,0.170177,0.092792,0.153015
4921_248_637_732,6,6,0.026298,0.114775,0.071755,0.232494,0.214931,0.026305,0.313442
4921_248_260_344,5,5,0.006323,0.013498,0.016087,0.080671,0.006848,0.844732,0.031839
4921_248_1299_1349,5,5,0.094353,0.262224,0.092901,0.077672,0.031996,0.371947,0.068906
4921_248_835_963,5,5,0.020846,0.08831,0.160685,0.12282,0.089393,0.437325,0.080622
4921_247_199_245,2,6,0.016846,0.053121,0.107488,0.209681,0.093881,0.022457,0.496525
4921_247_550_619,1,5,0.09206,0.118709,0.061849,0.003584,0.029219,0.68136,0.013219
4921_247_349_405,2,5,0.010492,0.02203,0.146586,0.03315,0.032375,0.418831,0.336536
4924_247_31_167,1,4,0.019188,0.151695,0.310412,0.008555,0.432607,0.030117,0.047425
4924_247_1210_1410,3,3,0.023107,0.037693,0.094462,0.573596,0.070685,0.095463,0.104994
4924_248_1026_1209,5,5,0.009726,0.057155,0.04516,0.115291,0.037341,0.608993,0.126334
4924_247_1660_1734,4,2,0.008988,0.066706,0.480713,0.003805,0.39782,0.019796,0.022172
4924_248_169_341,5,5,0.031985,0.165017,0.043062,0.033626,0.045456,0.644635,0.036218
4924_248_1422_1495,5,5,0.043512,0.189286,0.169051,0.105132,0.116508,0.243606,0.132905
4924_248_755_939,5,5,0.021862,0.045833,0.041845,0.263471,0.07027,0.484703,0.072017
4924_247_581_753,3,3,0.010824,0.033012,0.031565,0.51572,0.048305,0.055142,0.305432
4924_248_1742_1773,5,5,0.031683,0.066375,0.038635,0.013901,0.017379,0.792525,0.039501
4924_247_349_485,3,3,0.018825,0.067665,0.045192,0.404624,0.260675,0.048477,0.154542
4924_248_1552_1648,1,5,0.03701,0.102015,0.076869,0.169392,0.064539,0.432006,0.118168
4924_248_494_580,5,5,0.009993,0.027564,0.022505,0.041562,0.00837,0.839992,0.050013
4924_247_953_989,3,3,0.042371,0.050957,0.064446,0.484266,0.03557,0.159292,0.163097
4924_247_1509_1529,1,5,0.008989,0.030738,0.043961,0.022084,0.021121,0.813006,0.060101
4923_247_31_139,1,2,0.012597,0.263472,0.31972,0.042444,0.193831,0.040756,0.127181
4923_248_1289_1311,5,5,0.038586,0.061742,0.03152,0.016551,0.017064,0.795283,0.039253
4923_248_1169_1227,5,5,0.042064,0.213872,0.128485,0.046594,0.049503,0.32037,0.199112
4923_247_1661_1784,1,4,0.025864,0.287208,0.138226,0.020038,0.385735,0.0318,0.111129
4923_247_229_324,3,6,0.00566,0.05681,0.300571,0.166225,0.140838,0.017611,0.312285
4923_248_1800_1859,5,1,0.054786,0.272624,0.187003,0.026858,0.077091,0.253098,0.12854
4923_248_1399_1529,5,1,0.124328,0.532709,0.065546,0.018779,0.078989,0.123343,0.056306
4923_248_743_980,1,4,0.021388,0.161378,0.148679,0.052059,0.314037,0.162425,0.140034
4923_248_168_210,5,6,0.046274,0.229081,0.175057,0.051186,0.066647,0.160523,0.271232
4923_247_1319_1391,1,1,0.155267,0.43214,0.09998,0.009782,0.167649,0.108433,0.02675
4923_247_439_724,1,4,0.025004,0.185031,0.266657,0.013823,0.416291,0.022096,0.071098
4923_247_990_1167,4,3,0.008365,0.02851,0.024219,0.60811,0.081206,0.018574,0.231015
4923_248_332_422,5,5,0.021867,0.094446,0.10694,0.018571,0.04323,0.66919,0.045757
4923_247_1532_1560,4,4,0.022134,0.163047,0.28038,0.052013,0.297029,0.037625,0.147773
4923_247_1243_1270,1,6,0.020566,0.104656,0.121417,0.121521,0.219276,0.027703,0.384861
4923_248_1602_1633,5,5,0.044143,0.198711,0.116151,0.021067,0.067597,0.451383,0.100948
4925_247_31_140,1,4,0.035523,0.113661,0.133646,0.128169,0.315184,0.043491,0.230326
4925_248_1255_1721,1,4,0.031854,0.206907,0.173226,0.013239,0.429425,0.031557,0.113793
4925_247_2012_2051,3,3,0.008519,0.012843,0.069751,0.799902,0.036504,0.020308,0.052173
4925_248_1120_1204,5,2,0.03195,0.143845,0.305687,0.024059,0.167872,0.280013,0.046574
4925_247_250_420,1,4,0.016337,0.05457,0.292668,0.015973,0.545282,0.017935,0.057235
4925_248_1752_2004,1,4,0.036295,0.139896,0.058287,0.178348,0.336313,0.022406,0.228455
4925_248_835_942,5,1,0.055048,0.26879,0.089675,0.06067,0.074771,0.209004,0.242042
4925_247_950_1108,1,4,0.017175,0.109988,0.101854,0.03348,0.608642,0.022602,0.10626
4925_248_145_245,5,5,0.018486,0.061214,0.037028,0.008747,0.014155,0.835467,0.024902
4925_247_490_623,1,6,0.010905,0.041255,0.1931,0.165727,0.137505,0.013604,0.437904
4925_248_640_696,5,5,0.038972,0.078276,0.048914,0.086649,0.023423,0.41604,0.307726
4925_248_424_449,5,5,0.020409,0.03432,0.022013,0.019183,0.014091,0.869534,0.020449
4925_247_710_823,1,6,0.008299,0.034081,0.088793,0.278257,0.148219,0.028055,0.414295
4925_247_1215_1238,5,5,0.007441,0.023012,0.0293,0.017647,0.017049,0.848497,0.057056
4925_247_1722_1750,5,5,0.004318,0.013673,0.020857,0.016329,0.012364,0.912773,0.019685
4927_248_31_136,0,5,0.116744,0.305164,0.083737,0.039815,0.054625,0.320398,0.079517
4927_248_961_1343,6,1,0.093053,0.349008,0.191301,0.055451,0.157291,0.050157,0.103739
4927_247_1596_1755,2,2,0.008398,0.044103,0.631559,0.001927,0.292661,0.016494,0.004859
4927_247_141_265,2,5,0.009493,0.057579,0.198954,0.024233,0.068161,0.601784,0.039797
4927_248_1760_1936,4,1,0.081084,0.461096,0.111763,0.039851,0.243177,0.02008,0.042948
4927_247_1415_1489,2,1,0.037644,0.310541,0.14335,0.03028,0.249388,0.066703,0.162095
4927_247_791_957,5,2,0.030302,0.081983,0.514709,0.007897,0.141752,0.205366,0.017992
4927_248_280_599,0,1,0.052472,0.317452,0.188901,0.065548,0.145115,0.110468,0.120044
4927_247_601_670,5,5,0.008818,0.056427,0.094017,0.013859,0.028278,0.777724,0.020877
4927_248_1494_1591,5,5,0.063239,0.270544,0.15178,0.020372,0.058001,0.395464,0.040601
4927_248_674_787,0,5,0.028532,0.061481,0.046577,0.02097,0.024261,0.782109,0.036071
4927_247_1353_1375,5,2,0.011365,0.104023,0.54723,0.00827,0.247833,0.049776,0.031502
4927_248_1380_1411,1,5,0.032281,0.074487,0.06253,0.030299,0.031412,0.713668,0.055323
4926_247_122_206,1,5,0.122173,0.177306,0.095709,0.049459,0.117479,0.313307,0.124568
4926_248_1135_1324,0,0,0.417842,0.340397,0.090715,0.02867,0.055652,0.035893,0.030831
4926_247_2042_2129,1,0,0.572304,0.215638,0.088938,0.00799,0.07521,0.032922,0.006999
4926_247_1675_1750,5,5,0.001632,0.007431,0.028372,0.010249,0.01622,0.916974,0.019122
4926_248_223_359,1,6,0.051029,0.120412,0.176725,0.183284,0.095396,0.05307,0.320085
4926_248_1764_2036,1,3,0.089507,0.142323,0.047519,0.330287,0.11357,0.072962,0.203833
4926_248_874_1062,1,1,0.144639,0.319214,0.103426,0.050334,0.248045,0.070574,0.063768
4926_247_1329_1417,0,0,0.7745,0.138683,0.027163,0.005546,0.025319,0.023216,0.005575
4926_248_480_782,1,4,0.091369,0.168723,0.203842,0.116294,0.205686,0.051816,0.162269
4926_247_1063_1124,1,4,0.079247,0.087056,0.028438,0.237417,0.294955,0.035134,0.237754
4926_248_31_107,6,6,0.042275,0.058226,0.073583,0.349738,0.053653,0.049334,0.373192
4926_247_362_466,0,0,0.44359,0.324532,0.030859,0.011145,0.123009,0.040404,0.026461
4926_248_1464_1657,0,1,0.324469,0.348854,0.053037,0.073911,0.109649,0.038572,0.051508
4926_247_787_856,1,5,0.010781,0.023309,0.024468,0.014301,0.025254,0.870738,0.031149
4930_247_1264_1328,5,5,0.015455,0.049821,0.061043,0.0694,0.064321,0.618394,0.121566
4930_248_1118_1250,0,1,0.309608,0.445053,0.056322,0.011412,0.051927,0.098184,0.027493
4930_248_131_269,0,5,0.061349,0.291732,0.149984,0.012874,0.044766,0.359542,0.079752
4930_248_1336_1614,0,1,0.411052,0.415133,0.047969,0.006719,0.036654,0.070984,0.011488
4930_248_803_981,0,1,0.173134,0.488627,0.063909,0.020915,0.093929,0.114169,0.045318
4930_247_1000_1105,2,1,0.101171,0.312715,0.097142,0.043076,0.165205,0.056275,0.224416
4930_247_598_659,2,3,0.027705,0.114392,0.097988,0.466411,0.118416,0.081125,0.093963
4930_247_31_114,0,5,0.031796,0.080538,0.059805,0.012904,0.038911,0.729081,0.046964
4930_247_423_469,2,1,0.085526,0.356708,0.127531,0.044821,0.14292,0.051827,0.190668
4930_248_682_739,0,5,0.163718,0.250215,0.073629,0.020455,0.072147,0.286468,0.133368
4930_248_349_407,0,5,0.06638,0.172398,0.168247,0.012744,0.037263,0.459195,0.083773
4930_248_480_579,5,5,0.014924,0.032821,0.026748,0.003816,0.0129,0.892186,0.016605
4930_247_755_782,5,5,0.006779,0.018193,0.042177,0.012671,0.013759,0.881881,0.02454
4930_247_299_321,4,2,0.012137,0.111414,0.475316,0.02412,0.246481,0.039263,0.091269
4931_247_31_216,5,5,0.038856,0.138774,0.150932,0.012335,0.051207,0.597139,0.010757
4931_248_1148_1373,0,0,0.478711,0.424551,0.024086,0.00479,0.015522,0.03728,0.01506
4931_248_1671_1815,0,0,0.484761,0.426813,0.019952,0.007028,0.024136,0.026633,0.010676
4931_248_233_617,0,1,0.347126,0.491579,0.040975,0.005354,0.033935,0.057925,0.023106
4931_247_1386_1478,0,0,0.532714,0.218788,0.060678,0.006221,0.041879,0.126873,0.012847
4931_247_926_1146,0,1,0.383182,0.398381,0.064301,0.007,0.070237,0.068249,0.008651
4931_247_631_681,1,5,0.007427,0.099998,0.285903,0.015356,0.063038,0.488145,0.040134
4931_248_1484_1567,0,1,0.176432,0.267483,0.049064,0.07617,0.062109,0.146711,0.222031
4931_247_783_892,1,2,0.009439,0.144791,0.383729,0.025448,0.149867,0.194638,0.092087
4931_248_1875_1984,0,1,0.217126,0.437008,0.094884,0.023569,0.063618,0.112809,0.050986
4931_248_698_777,0,5,0.261401,0.224805,0.04941,0.023096,0.027899,0.361852,0.051537
4931_247_1571_1658,0,1,0.181403,0.473333,0.094236,0.054146,0.087794,0.065989,0.043099
4931_247_1828_1859,0,5,0.076545,0.236219,0.086341,0.017945,0.066885,0.489774,0.02629
4931_248_892_918,5,5,0.058557,0.057841,0.025578,0.011361,0.013883,0.790215,0.042565
4936_247_31_141,4,4,0.040301,0.110231,0.215599,0.036195,0.302112,0.167891,0.127671
4936_247_1166_1333,1,1,0.09207,0.464296,0.042842,0.099725,0.159899,0.072517,0.068651
4936_247_249_367,6,3,0.01453,0.066328,0.054706,0.475975,0.100156,0.113172,0.175134
4936_247_1382_1527,3,6,0.018833,0.056413,0.0595,0.326983,0.054271,0.138438,0.345563
4936_248_742_951,3,4,0.027149,0.134808,0.058568,0.254056,0.368797,0.068443,0.08818
4936_248_179_215,3,5,0.029236,0.062342,0.042993,0.094537,0.080685,0.520235,0.169974
4936_248_1345_1360,5,5,0.007625,0.036499,0.161976,0.229455,0.034487,0.386954,0.143005
4936_247_411_683,3,3,0.074401,0.099967,0.047816,0.394719,0.091016,0.118666,0.173414
4936_248_1044_1156,4,4,0.015119,0.138227,0.086245,0.21775,0.315036,0.043844,0.183778
4936_248_386_391,5,5,0.029946,0.072682,0.061969,0.092363,0.086524,0.400207,0.25631
4936_247_1620_1674,4,2,0.038157,0.234756,0.269663,0.021669,0.166637,0.200158,0.06896
4936_248_1559_1604,5,5,0.052822,0.249743,0.130596,0.103827,0.059765,0.26039,0.142858
4936_247_973_981,3,3,0.010769,0.013531,0.101299,0.66551,0.073679,0.112243,0.02297
4934_247_31_160,3,3,0.028173,0.055118,0.041833,0.556949,0.087592,0.051552,0.178783
4934_248_1295_1326,3,3,0.008372,0.018034,0.053147,0.704933,0.04145,0.068941,0.105123
4934_247_1105_1273,3,3,0.029249,0.062484,0.033139,0.622418,0.138758,0.031862,0.082091
4934_247_1368_1502,0,2,0.038811,0.152351,0.470962,0.017444,0.157928,0.110551,0.051954
4934_247_917_984,3,6,0.015658,0.048703,0.041921,0.350247,0.05559,0.090294,0.397589
4934_248_189_247,5,5,0.005088,0.019413,0.019742,0.103993,0.017879,0.765514,0.06837
4934_247_518_614,3,3,0.009887,0.022038,0.06195,0.626164,0.056535,0.020533,0.202893
4934_247_278_464,3,3,0.005387,0.009166,0.032341,0.860822,0.020623,0.030118,0.041545
4934_248_630_722,3,4,0.033231,0.191843,0.114311,0.12932,0.285379,0.168745,0.077169
4934_248_1006_1067,3,2,0.027265,0.227421,0.295624,0.073069,0.217639,0.092774,0.066209
4934_248_1540_1563,5,5,0.028284,0.152866,0.112185,0.046761,0.044662,0.53472,0.080522
4934_248_864_891,5,5,0.047143,0.162373,0.105162,0.067844,0.059204,0.379064,0.179211
4934_247_742_815,3,3,0.007437,0.009143,0.023996,0.859438,0.035062,0.03269,0.032235
4934_248_486_502,5,5,0.023904,0.052773,0.039053,0.073516,0.025257,0.541993,0.243504
4935_247_1242_1306,0,0,0.39115,0.30085,0.067489,0.024473,0.046044,0.12069,0.049304
4935_248_1176_1213,1,1,0.073271,0.455875,0.147207,0.038407,0.091677,0.057915,0.13565
4935_247_188_287,4,4,0.016194,0.116526,0.258303,0.036278,0.289287,0.02765,0.255762
4935_247_1432_1521,0,5,0.047426,0.105829,0.132052,0.103331,0.079047,0.506152,0.026163
4935_247_943_1144,0,2,0.218649,0.23957,0.239838,0.008713,0.228209,0.030199,0.034823
4935_248_1328_1403,6,2,0.01111,0.159715,0.48548,0.029195,0.113233,0.094034,0.107234
4935_247_435_663,4,4,0.081786,0.190776,0.28212,0.005024,0.416721,0.010767,0.012806
4935_248_320_396,1,1,0.028943,0.37499,0.240813,0.061942,0.140833,0.056673,0.095807
4935_247_31_120,4,4,0.091441,0.25567,0.155215,0.015386,0.329792,0.035794,0.116701
4935_247_784_849,5,5,0.047312,0.136963,0.20417,0.062468,0.08646,0.411349,0.051278
4935_248_693_754,6,2,0.017104,0.149124,0.321939,0.173292,0.064793,0.015926,0.257822
4935_248_1554_1587,3,2,0.013896,0.201535,0.458765,0.056944,0.127914,0.040058,0.100888
4935_248_865_893,6,3,0.028648,0.096925,0.076692,0.407769,0.059578,0.029685,0.300703
4935_248_145_169,5,5,0.029348,0.080159,0.101972,0.049119,0.050907,0.453593,0.234902
4939_248_31_154,1,1,0.11048,0.461514,0.050244,0.083969,0.154476,0.119113,0.020203
4939_247_1163_1386,5,5,0.243701,0.153708,0.103833,0.016371,0.160702,0.289185,0.0325
4939_248_1844_2083,1,1,0.062627,0.357897,0.151698,0.018176,0.228754,0.090995,0.089852
4939_247_1631_1827,1,0,0.354302,0.28939,0.050577,0.012521,0.159188,0.11446,0.019562
4939_248_1427_1617,1,6,0.034546,0.228922,0.138009,0.094663,0.186855,0.046112,0.270892
4939_247_2089_2260,1,0,0.615719,0.199527,0.02708,0.007347,0.085083,0.056384,0.00886
4939_247_897_1088,1,0,0.35074,0.211571,0.109213,0.009962,0.142217,0.155828,0.020469
4939_248_2305_2358,1,5,0.102033,0.176033,0.071046,0.116977,0.030755,0.293,0.210156
4939_247_568_702,5,5,0.030688,0.039473,0.115105,0.015001,0.032983,0.749398,0.017353
4939_248_1090_1151,5,5,0.009466,0.017387,0.029446,0.004519,0.007342,0.916194,0.015645
4939_247_263_347,5,5,0.102809,0.038702,0.039872,0.016491,0.01716,0.759748,0.025218
4939_248_402_556,5,6,0.015816,0.102493,0.147732,0.107175,0.06657,0.153454,0.406759
4939_248_733_888,1,5,0.017834,0.082309,0.090796,0.102295,0.041861,0.442731,0.222175
4939_247_2372_2431,5,5,0.05551,0.061232,0.091565,0.119944,0.065664,0.484754,0.12133
4937_248_1273_1419,1,1,0.061934,0.31149,0.132756,0.114844,0.196815,0.06475,0.117411
4937_247_130_264,6,2,0.01427,0.092052,0.36288,0.036365,0.173893,0.157914,0.162626
4937_247_1435_1493,5,5,0.077925,0.258684,0.080359,0.031393,0.097703,0.398777,0.05516
4937_247_798_1076,1,3,0.013328,0.058079,0.136777,0.467905,0.084919,0.07959,0.159402
4937_248_1088_1181,4,6,0.027637,0.174757,0.0821,0.209989,0.153773,0.086129,0.265615
4937_248_290_348,1,6,0.047434,0.21692,0.11747,0.016654,0.180486,0.173453,0.247583
4937_247_601_700,1,1,0.09378,0.331961,0.087748,0.115891,0.096761,0.126722,0.147136
4937_247_361_504,1,5,0.029369,0.150633,0.193213,0.025061,0.224249,0.285981,0.091494
4937_248_31_109,6,1,0.063687,0.28736,0.108193,0.128561,0.144317,0.078996,0.188886
4937_248_1522_1652,3,3,0.015616,0.082747,0.065268,0.398049,0.098221,0.201816,0.138282
4937_248_732_771,1,1,0.06465,0.290304,0.08062,0.159398,0.05772,0.127279,0.220028
4937_248_542_588,1,6,0.044801,0.280488,0.036494,0.072794,0.230602,0.020571,0.314252
4937_247_1205_1242,5,5,0.04615,0.123987,0.120625,0.045241,0.11178,0.283135,0.269083
4940_248_101_303,5,3,0.013521,0.035988,0.194195,0.220625,0.135534,0.209098,0.191039
4940_248_1087_1359,6,3,0.023546,0.096098,0.174775,0.263923,0.158503,0.048416,0.234739
4940_247_1669_1717,3,3,0.022619,0.048344,0.028141,0.60389,0.045692,0.029619,0.221695
4940_247_1811_1874,3,1,0.213862,0.298155,0.103689,0.09148,0.081687,0.096576,0.114551
4940_248_1738_1808,3,6,0.065028,0.135231,0.065208,0.290024,0.097128,0.036014,0.311366
4940_247_868_1075,6,2,0.030927,0.126474,0.293012,0.061858,0.131142,0.129943,0.226644
4940_247_488_613,3,5,0.010931,0.011552,0.028864,0.311381,0.050626,0.569804,0.016842
4940_247_309_404,5,5,0.006871,0.014657,0.034686,0.021461,0.03084,0.871247,0.020239
4940_248_624_866,3,4,0.054917,0.145183,0.172916,0.08728,0.215899,0.203549,0.120256
4940_248_408_483,6,6,0.009122,0.058236,0.090232,0.209205,0.046466,0.08899,0.497749
4940_247_31_91,5,5,0.073085,0.063967,0.075887,0.010214,0.045306,0.693299,0.038243
4940_248_1472_1658,6,6,0.017392,0.082177,0.090857,0.227089,0.12784,0.031742,0.422902
4940_247_1362_1449,1,4,0.073082,0.125971,0.035496,0.104607,0.435457,0.054737,0.17065
4938_247_2400_2491,6,5,0.013516,0.051701,0.128483,0.01999,0.031686,0.707641,0.046983
4938_247_31_231,6,2,0.016406,0.053209,0.762584,0.007921,0.064862,0.071367,0.023651
4938_248_1235_1365,6,1,0.035624,0.333729,0.145921,0.081521,0.125817,0.100629,0.176759
4938_247_1172_1232,6,5,0.024121,0.068784,0.172723,0.047923,0.16239,0.317175,0.206885
4938_248_1615_1892,1,1,0.163255,0.475327,0.099233,0.030805,0.107326,0.057793,0.06626
4938_247_1409_1587,1,2,0.048745,0.146003,0.45893,0.021407,0.155,0.083729,0.086186
4938_248_2210_2374,1,2,0.010929,0.234225,0.284062,0.053961,0.162945,0.107006,0.146872
4938_248_2550_2641,3,3,0.032246,0.112881,0.083365,0.365846,0.046187,0.085108,0.274367
4938_248_730_1137,6,6,0.032375,0.225827,0.064998,0.055534,0.091485,0.085552,0.444229
4938_248_274_338,5,5,0.042422,0.220803,0.023446,0.205776,0.147035,0.278496,0.082023
4938_247_616_713,6,5,0.022493,0.101471,0.182437,0.044651,0.062741,0.367368,0.218839
4938_247_364_501,3,3,0.040753,0.063512,0.105896,0.514445,0.069414,0.067479,0.138502
4938_247_2085_2188,6,6,0.070062,0.143232,0.182774,0.099061,0.128388,0.18224,0.194242
4938_247_1905_2011,6,3,0.109639,0.086397,0.18568,0.230388,0.149993,0.133584,0.104319
4938_248_518_572,3,3,0.016688,0.057159,0.025642,0.570964,0.083869,0.030007,0.215671
4938_248_2022_2041,3,5,0.137766,0.147545,0.072776,0.158847,0.065596,0.260979,0.15649
4942_248_31_289,1,4,0.055058,0.21273,0.252671,0.057313,0.261535,0.028947,0.131746
4942_248_891_1338,1,4,0.021826,0.226815,0.215799,0.018975,0.365019,0.033557,0.118009
4942_248_2501_2776,1,4,0.035561,0.193926,0.270938,0.022516,0.41048,0.031303,0.035276
4942_248_1426_1579,1,6,0.035056,0.10192,0.059678,0.141618,0.185769,0.082963,0.392997
4942_247_1342_1406,1,0,0.530303,0.134901,0.021025,0.008488,0.01775,0.268146,0.019386
4942_248_2041_2349,2,4,0.018919,0.169597,0.155514,0.043385,0.464931,0.027795,0.119858
4942_247_1641_1818,0,0,0.546916,0.239716,0.018319,0.019114,0.058877,0.097512,0.019547
4942_248_490_746,1,1,0.078773,0.307836,0.133222,0.032259,0.272983,0.034833,0.140095
4942_248_1833_1924,1,4,0.013604,0.139348,0.086157,0.060673,0.427635,0.028505,0.244078
4942_247_1931_2032,1,1,0.084075,0.500835,0.173567,0.007188,0.186514,0.020646,0.027176
4942_247_302_473,3,5,0.048051,0.189929,0.181758,0.06572,0.195828,0.207981,0.110733
4942_247_2374_2448,1,0,0.314728,0.309807,0.039597,0.092749,0.072905,0.06009,0.110123
4942_247_753_856,1,1,0.139951,0.212458,0.117875,0.141827,0.137428,0.075822,0.174639
4941_247_112_258,0,0,0.68422,0.179806,0.019108,0.020184,0.054427,0.032662,0.009595
4941_248_1140_1321,1,1,0.087546,0.313658,0.130607,0.051732,0.109107,0.124077,0.183273
4941_247_1529_1749,0,1,0.190435,0.244932,0.089756,0.124257,0.172665,0.03021,0.147745
4941_247_1801_1861,0,0,0.509696,0.083176,0.018998,0.036785,0.035823,0.303856,0.011666
4941_248_1764_1799,1,3,0.043647,0.114557,0.081466,0.306826,0.120444,0.058822,0.274238
4941_247_1323_1482,0,0,0.656451,0.22263,0.014653,0.01475,0.029483,0.049212,0.012821
4941_247_915_1121,0,0,0.434563,0.283963,0.025714,0.046854,0.142684,0.030388,0.035834
4941_247_502_667,0,1,0.240696,0.248206,0.055733,0.120785,0.118639,0.097286,0.118656
4941_248_264_393,2,4,0.049352,0.184866,0.205313,0.133143,0.219847,0.050089,0.15739
4941_248_469_497,5,5,0.006736,0.018145,0.017906,0.017558,0.012406,0.880234,0.047015
4941_248_31_97,2,4,0.036344,0.188649,0.197609,0.069999,0.202565,0.148626,0.156208
4941_247_395_462,0,0,0.435378,0.206363,0.037126,0.067452,0.047331,0.135712,0.070638
4941_248_1484_1520,1,2,0.013576,0.060247,0.610748,0.005221,0.293571,0.006366,0.010271
4941_248_679_912,1,4,0.026135,0.164665,0.281422,0.024618,0.30603,0.026434,0.170695
4946_248_31_133,6,6,0.021541,0.086719,0.0907,0.229816,0.155434,0.105308,0.310483
4946_248_1232_1390,4,4,0.015353,0.269357,0.171059,0.020837,0.452825,0.010788,0.05978
4946_247_1992_2067,3,5,0.006044,0.007756,0.008761,0.288283,0.013666,0.67263,0.002861
4946_247_1174_1193,5,5,0.030473,0.037256,0.01608,0.012504,0.016228,0.851234,0.036225
4946_248_1619_1701,4,5,0.009838,0.039002,0.031034,0.039216,0.023243,0.818116,0.039551
4946_248_247_380,4,4,0.012662,0.108971,0.210266,0.045815,0.32723,0.171502,0.123554
4946_247_1708_1839,3,6,0.010118,0.038159,0.100246,0.31556,0.030524,0.075873,0.42952
4946_247_1406_1611,0,1,0.097248,0.456637,0.056697,0.055656,0.263926,0.039804,0.030032
4946_247_927_1015,4,3,0.040411,0.029634,0.020148,0.507949,0.258465,0.045086,0.098307
4946_247_142_230,1,3,0.00923,0.02579,0.017426,0.516145,0.137779,0.057211,0.236419
4946_247_584_729,1,4,0.057975,0.310003,0.120165,0.008334,0.418289,0.050672,0.034563
4946_248_1030_1162,4,3,0.023572,0.115829,0.063074,0.360531,0.261401,0.027067,0.148526
4946_248_452_545,4,3,0.023447,0.062054,0.118993,0.233651,0.194186,0.198435,0.169234
4946_248_753_911,1,5,0.036857,0.107866,0.077005,0.148021,0.260296,0.263936,0.10602
4946_248_1860_1976,4,3,0.010344,0.075383,0.213754,0.285085,0.107439,0.027126,0.280868
4946_247_386_435,5,5,0.018254,0.076587,0.086522,0.028213,0.067924,0.655674,0.066826
4948_248_65_140,3,5,0.024306,0.064293,0.059017,0.230261,0.053004,0.408619,0.1605
4948_248_1201_1315,5,5,0.008277,0.057172,0.128353,0.009214,0.053599,0.714073,0.029311
4948_247_1119_1191,2,2,0.041876,0.195293,0.251266,0.030341,0.21219,0.039735,0.229298
4948_247_1662_1740,3,6,0.027681,0.101047,0.08835,0.268884,0.082825,0.054176,0.377036
4948_247_147_265,2,3,0.013333,0.015943,0.053452,0.493359,0.096195,0.14196,0.185758
4948_247_867_976,3,6,0.015577,0.032466,0.047932,0.269754,0.047345,0.037169,0.549758
4948_247_1326_1455,1,6,0.014727,0.038892,0.032527,0.342949,0.040015,0.024848,0.506041
4948_247_568_708,4,6,0.068092,0.159309,0.151355,0.090855,0.174215,0.066234,0.289939
4948_248_281_430,6,3,0.024487,0.135184,0.08633,0.317914,0.181646,0.071822,0.182618
4948_248_982_1096,3,3,0.044467,0.289809,0.0829,0.356137,0.119335,0.073436,0.033915
4948_247_438_540,1,5,0.060964,0.169225,0.171545,0.062236,0.131133,0.289213,0.115684
4948_247_31_61,3,3,0.085107,0.095838,0.039491,0.306401,0.142583,0.059876,0.270704
4948_248_1465_1657,2,3,0.012583,0.031032,0.045618,0.760485,0.041012,0.044144,0.065126
4948_248_724_863,3,5,0.092846,0.25028,0.11792,0.085712,0.069787,0.319038,0.064417
4948_248_544_564,1,5,0.02542,0.115282,0.080727,0.064698,0.03154,0.529587,0.152746
4949_248_1279_1420,1,5,0.063843,0.186768,0.144219,0.115745,0.077878,0.358967,0.05258
4949_247_1091_1261,5,5,0.012707,0.019334,0.024444,0.048782,0.028593,0.836982,0.029158
4949_248_1490_1703,6,3,0.020115,0.064398,0.074009,0.41701,0.042316,0.22616,0.155992
4949_247_240_376,0,1,0.169925,0.374092,0.121412,0.025784,0.074764,0.169905,0.064118
4949_248_1796_1965,1,5,0.098,0.232547,0.076557,0.075574,0.030701,0.345635,0.140986
4949_247_1438_1478,5,6,0.033348,0.119225,0.171705,0.102681,0.156977,0.18305,0.233014
4949_247_873_938,5,5,0.084827,0.177527,0.095269,0.025042,0.060895,0.466231,0.090209
4949_248_948_1063,1,6,0.018241,0.243132,0.152672,0.117043,0.061204,0.072046,0.335661
4949_248_134_208,6,6,0.019906,0.063717,0.045082,0.3574,0.030446,0.122519,0.36093
4949_247_500_604,1,5,0.040016,0.085939,0.020299,0.042449,0.033924,0.740581,0.036793
4949_247_1721_1794,5,2,0.011001,0.076848,0.353406,0.014702,0.074338,0.198211,0.271495
4949_248_607_869,3,6,0.012856,0.067085,0.057908,0.162713,0.062942,0.191208,0.445289
4949_248_381_487,1,3,0.018229,0.045488,0.037474,0.308875,0.049518,0.25696,0.283456
4949_247_31_80,3,5,0.029203,0.063832,0.084974,0.120154,0.074612,0.47015,0.157075
4943_248_116_170,1,1,0.212825,0.375377,0.065772,0.031001,0.052982,0.174668,0.087374
4943_247_1266_1342,1,2,0.012343,0.129456,0.446395,0.013067,0.130079,0.118383,0.150277
4943_248_1091_1265,1,6,0.0646,0.212205,0.114925,0.105246,0.166388,0.091939,0.244696
4943_247_1672_1764,3,6,0.026312,0.042288,0.034153,0.207156,0.038245,0.063175,0.588671
4943_248_1791_1896,6,3,0.036388,0.085144,0.101283,0.351451,0.06507,0.039255,0.321411
4943_247_1451_1617,5,6,0.063109,0.115175,0.086849,0.093946,0.274968,0.070793,0.295161
4943_248_859_1010,1,6,0.015643,0.071334,0.127609,0.092284,0.170674,0.033979,0.488477
4943_247_192_243,2,5,0.003175,0.029656,0.058872,0.016734,0.029315,0.77414,0.088108
4943_247_522_594,5,6,0.129302,0.175227,0.073547,0.079106,0.084425,0.226705,0.231689
4943_248_625_723,5,6,0.010218,0.057124,0.251408,0.042231,0.046741,0.228705,0.363572
4943_247_1021_1079,5,5,0.040947,0.059024,0.035344,0.015492,0.026006,0.781822,0.041365
4943_248_406_521,1,5,0.030162,0.124919,0.150022,0.026524,0.144542,0.344186,0.179644
4943_248_31_65,5,6,0.033498,0.120982,0.100191,0.103425,0.067142,0.251242,0.32352
4943_247_724_841,2,6,0.014619,0.064873,0.167988,0.145455,0.111263,0.040078,0.455724
4943_247_1897_1927,3,2,0.02417,0.104467,0.222607,0.21968,0.121873,0.171613,0.135589
4943_247_71_96,5,5,0.005365,0.01443,0.013705,0.01409,0.010138,0.900476,0.041798
4943_247_339_398,2,4,0.049288,0.198708,0.14679,0.02841,0.291535,0.051299,0.23397
4943_248_1361_1435,1,4,0.038993,0.223851,0.161575,0.038689,0.326898,0.088297,0.121696
4943_248_1618_1657,1,5,0.008455,0.024598,0.023055,0.018229,0.011165,0.841042,0.073456
4943_248_268_319,1,5,0.051772,0.106892,0.137998,0.036336,0.067033,0.481443,0.118527
4947_248_80_133,5,5,0.019183,0.042459,0.0361,0.060487,0.014189,0.746291,0.081291
4947_248_1204_1388,3,6,0.02961,0.086624,0.053214,0.245608,0.088951,0.162295,0.333698
4947_247_1096_1192,3,3,0.021776,0.048912,0.044007,0.4387,0.071972,0.208306,0.166327
4947_248_182_367,5,5,0.067583,0.082105,0.033981,0.019394,0.030237,0.73935,0.027349
4947_247_1401_1558,3,4,0.040109,0.169906,0.060553,0.249151,0.258388,0.021774,0.20012
4947_248_854_972,3,5,0.023228,0.054745,0.058429,0.131896,0.090671,0.587107,0.053924
4947_248_517_749,3,5,0.02837,0.085275,0.051695,0.177078,0.118096,0.505159,0.034328
4947_247_986_1038,3,3,0.013379,0.028402,0.031937,0.657281,0.042811,0.092073,0.134117
4947_247_466_512,3,6,0.109972,0.145526,0.071144,0.16635,0.089456,0.068498,0.349055
4947_247_31_74,3,3,0.00872,0.010918,0.02761,0.716859,0.021406,0.03053,0.183957
4947_248_412_463,5,5,0.116749,0.149007,0.091321,0.068041,0.060553,0.4269,0.08743
4947_248_1562_1633,3,3,0.016656,0.034471,0.024028,0.651902,0.023095,0.178897,0.070951
4947_247_775_815,3,6,0.083116,0.119481,0.06483,0.220787,0.072045,0.147715,0.292027
4947_248_1045_1094,3,5,0.028419,0.062501,0.026424,0.044682,0.014933,0.795377,0.027665
4947_247_137_172,3,6,0.151654,0.169286,0.062147,0.218251,0.081085,0.089426,0.22815
4947_247_367_384,3,3,0.027598,0.045655,0.046052,0.631637,0.031809,0.079029,0.13822
4953_248_31_283,6,4,0.019941,0.183617,0.152683,0.027774,0.352156,0.083926,0.179902
4953_248_1258_1343,6,1,0.069518,0.38094,0.073911,0.028606,0.204321,0.163676,0.079029
4953_248_2035_2170,4,6,0.013426,0.210712,0.128106,0.092852,0.215542,0.070094,0.269268
4953_247_879_1209,4,4,0.052594,0.252592,0.141684,0.031174,0.415974,0.090108,0.015874
4953_247_1823_1844,6,5,0.022805,0.069713,0.055131,0.01882,0.041706,0.566724,0.225102
4953_247_1388_1661,1,4,0.069091,0.234891,0.082855,0.00671,0.546701,0.041443,0.018309
4953_247_2191_2280,5,5,0.005442,0.01005,0.019512,0.040675,0.053682,0.861689,0.00895
4953_248_407_605,6,6,0.022024,0.220373,0.087352,0.075508,0.190487,0.089315,0.314941
4953_248_1693_1798,6,6,0.013793,0.216397,0.189107,0.060427,0.236909,0.033182,0.250186
4953_247_319_388,5,5,0.1161,0.255943,0.07668,0.007264,0.093205,0.384527,0.06628
4953_247_629_749,4,5,0.01345,0.062823,0.045519,0.013151,0.107439,0.740906,0.016712
4953_248_778_840,1,1,0.116272,0.637261,0.036503,0.032146,0.099949,0.018704,0.059166
4953_247_1896_2012,6,6,0.041611,0.162736,0.145168,0.036168,0.16531,0.188209,0.260798
4953_248_1871_1878,6,6,0.012352,0.052578,0.03126,0.252671,0.032203,0.04862,0.570316
4953_248_2312_2331,0,6,0.015095,0.0635,0.052509,0.093636,0.043085,0.309422,0.422754
4950_247_1291_1334,3,6,0.040686,0.070145,0.026596,0.352462,0.088681,0.04643,0.375
4950_247_1091_1191,5,5,0.004904,0.006161,0.010166,0.026404,0.011147,0.93347,0.007748
4950_248_1620_1774,3,3,0.011197,0.028565,0.015449,0.719797,0.0727,0.105213,0.04708
4950_248_135_293,0,6,0.026207,0.18717,0.104511,0.211957,0.03965,0.072467,0.358038
4950_247_1416_1599,3,3,0.01298,0.031614,0.020349,0.459108,0.065441,0.026328,0.384182
4950_247_31_121,3,5,0.043768,0.162189,0.163613,0.068309,0.073419,0.245996,0.242706
4950_248_920_1071,2,6,0.011267,0.199742,0.12838,0.117008,0.034014,0.132687,0.376902
4950_248_509_620,1,4,0.021046,0.201232,0.215465,0.038853,0.279048,0.159548,0.084808
4950_247_297_384,1,5,0.041241,0.087911,0.080741,0.020771,0.041572,0.584493,0.143272
4950_247_628_914,3,5,0.012106,0.024831,0.044249,0.065683,0.111283,0.658621,0.083226
4950_247_454_489,1,5,0.031285,0.066478,0.04222,0.012957,0.020912,0.697672,0.128476
4950_248_401_446,1,6,0.045005,0.154606,0.111039,0.261479,0.075887,0.048641,0.303343
4950_248_1201_1272,1,5,0.040351,0.092872,0.059705,0.112549,0.017952,0.618316,0.058255
4950_248_1362_1408,3,5,0.061802,0.194482,0.064981,0.06816,0.027709,0.515711,0.067154
4951_248_115_184,5,5,0.019475,0.133124,0.131891,0.067259,0.025062,0.326623,0.296567
4951_248_1221_1331,4,4,0.045004,0.215781,0.044951,0.06994,0.550508,0.036218,0.037599
4951_247_199_276,1,5,0.062324,0.200422,0.12325,0.025924,0.144949,0.233513,0.209618
4951_248_891_943,6,5,0.012369,0.068081,0.233836,0.048128,0.240758,0.262216,0.134613
4951_247_539_594,6,5,0.035593,0.069529,0.108766,0.058876,0.077176,0.374053,0.276007
4951_248_1080_1130,6,1,0.061062,0.375904,0.089844,0.053673,0.153379,0.12933,0.136809
4951_248_297_349,6,6,0.019621,0.076399,0.122042,0.152082,0.077685,0.048386,0.503785
4951_248_613_753,1,1,0.042792,0.271781,0.141124,0.053783,0.130374,0.259498,0.100649
4951_247_971_1038,5,5,0.005194,0.023878,0.082889,0.048555,0.136939,0.614499,0.088046
4951_248_475_515,1,6,0.06723,0.21886,0.059124,0.211573,0.085776,0.045243,0.312194
4951_247_31_91,6,3,0.063013,0.072353,0.122762,0.294511,0.139999,0.056571,0.250791
4951_247_383_460,6,6,0.028968,0.082794,0.090318,0.054288,0.091818,0.318619,0.333195
4951_247_769_854,6,5,0.005326,0.019158,0.043057,0.024423,0.032261,0.809472,0.066302
4951_247_1356_1431,1,1,0.120902,0.284191,0.086987,0.136281,0.189,0.109574,0.073065
4951_247_1159_1165,3,3,0.042657,0.055667,0.047744,0.295092,0.042923,0.265147,0.25077
4956_248_31_150,6,6,0.010258,0.06233,0.124524,0.167395,0.030572,0.066989,0.537933
4956_248_1227_1326,6,6,0.020812,0.131896,0.150989,0.062537,0.100649,0.106466,0.426651
4956_247_171_325,5,5,0.004026,0.006689,0.013935,0.015605,0.020004,0.928531,0.011211
4956_247_1370_1508,6,5,0.077375,0.159593,0.087862,0.020987,0.173697,0.372808,0.107678
4956_248_792_930,4,4,0.004608,0.063395,0.209439,0.024659,0.5228,0.063058,0.112041
4956_247_939_1019,5,5,0.005444,0.012535,0.01617,0.005077,0.020843,0.927798,0.012134
4956_247_426_630,6,5,0.004335,0.007637,0.01615,0.036339,0.037114,0.867962,0.030462
4956_247_1124_1183,5,5,0.007524,0.017636,0.024645,0.00637,0.0182,0.883221,0.042404
4956_248_1028_1102,6,6,0.017887,0.129037,0.11753,0.085954,0.098796,0.105381,0.445416
4956_248_1531_1643,6,6,0.014653,0.24363,0.153201,0.01754,0.154575,0.070303,0.346098
4956_248_663_687,6,6,0.030135,0.077246,0.161907,0.106778,0.078626,0.026397,0.518911
4956_247_722_747,4,4,0.040744,0.05635,0.030194,0.325948,0.357441,0.04006,0.149263
4956_248_347_387,6,6,0.026655,0.11373,0.049368,0.273248,0.072509,0.167262,0.297228
4956_247_1661_1676,4,5,0.013982,0.120656,0.181116,0.017988,0.146413,0.464284,0.05556
4957_247_1289_1358,1,1,0.254651,0.415774,0.045914,0.016575,0.075108,0.155738,0.03624
4957_247_1103_1235,5,5,0.016885,0.071792,0.073774,0.016291,0.140111,0.616494,0.064653
4957_248_1505_1758,5,5,0.021921,0.125154,0.144561,0.045685,0.174127,0.413097,0.075455
4957_247_193_417,1,1,0.205556,0.407141,0.044826,0.017447,0.211254,0.07584,0.037936
4957_247_1767_1921,5,5,0.039223,0.091192,0.019588,0.016847,0.095939,0.69561,0.041601
4957_247_1402_1500,1,6,0.014762,0.073405,0.042038,0.165045,0.21073,0.204832,0.289189
4957_247_917_950,5,5,0.012032,0.073217,0.10881,0.040719,0.063676,0.508376,0.193169
4957_248_429_915,1,1,0.037685,0.327582,0.15428,0.045211,0.287322,0.074031,0.073888
4957_248_952_1083,1,1,0.036575,0.38798,0.164604,0.036662,0.08839,0.125338,0.160451
4957_248_31_58,5,5,0.040672,0.078057,0.037067,0.024768,0.019925,0.741294,0.058217
4957_248_1236_1272,1,1,0.035983,0.393038,0.089936,0.04764,0.044576,0.2617,0.127128
4957_247_63_94,4,6,0.03065,0.099617,0.073867,0.234072,0.19922,0.106436,0.256138
4957_248_1362_1391,5,5,0.036763,0.133265,0.042969,0.022409,0.024741,0.704157,0.035696
4957_248_141_178,3,5,0.048314,0.190667,0.059435,0.243551,0.035479,0.290207,0.132347
4957_248_1932_2015,1,4,0.013904,0.249162,0.233827,0.053568,0.287252,0.052024,0.110262
4959_247_763_849,0,5,0.090407,0.28692,0.063118,0.129155,0.043568,0.357255,0.029576
4959_248_31_101,0,1,0.237306,0.321034,0.085435,0.085504,0.045028,0.144573,0.08112
4959_248_1002_1070,1,1,0.073561,0.461885,0.124574,0.03361,0.120295,0.131982,0.054094
4959_247_385_429,1,5,0.025935,0.15678,0.145175,0.050199,0.121508,0.44929,0.051113
4959_248_569_659,1,1,0.066469,0.356044,0.060853,0.035357,0.15663,0.246532,0.078115
4959_247_666_703,1,5,0.01588,0.089685,0.1183,0.078691,0.107708,0.541951,0.047786
4959_247_934_968,1,5,0.035194,0.207128,0.142648,0.054007,0.063731,0.345686,0.151605
4959_248_858_932,1,1,0.087582,0.626202,0.055626,0.026625,0.102841,0.055614,0.04551
4959_247_1073_1091,1,3,0.017181,0.053282,0.067649,0.646432,0.050175,0.055997,0.109285
4959_248_441_498,1,5,0.013968,0.031949,0.033158,0.017344,0.016231,0.866954,0.020395
4959_247_273_300,5,5,0.034976,0.044239,0.021854,0.013973,0.016741,0.840457,0.02776
4959_248_321_374,5,5,0.1063,0.210295,0.111366,0.018184,0.035568,0.439233,0.079053
4959_248_705_727,1,1,0.035559,0.325227,0.128293,0.035079,0.068602,0.187709,0.21953
4959_247_502_564,0,5,0.13117,0.084806,0.046255,0.006115,0.037643,0.672698,0.021314
4958_247_31_391,0,0,0.427974,0.387273,0.021337,0.003457,0.069175,0.083595,0.007188
4958_247_1224_1338,1,1,0.221791,0.402766,0.032041,0.034265,0.14016,0.084886,0.08409
4958_248_1176_1222,1,5,0.090505,0.223247,0.055484,0.016136,0.024917,0.538939,0.050772
4958_248_1361_1510,1,5,0.033011,0.148171,0.054977,0.028516,0.070207,0.611055,0.054062
4958_247_938_1014,1,4,0.049081,0.200826,0.187725,0.017607,0.268584,0.223979,0.0522
4958_247_1123_1161,1,5,0.231548,0.19685,0.048327,0.024464,0.044645,0.343559,0.110607
4958_248_1021_1122,1,1,0.044243,0.350048,0.106905,0.152653,0.089071,0.162818,0.094263
4958_248_603_649,5,5,0.047901,0.20936,0.057687,0.026216,0.028076,0.56679,0.06397
4958_247_434_578,1,4,0.029803,0.183564,0.059689,0.039594,0.541961,0.034028,0.11136
4958_247_1516_1621,1,0,0.463519,0.428588,0.014126,0.004114,0.032658,0.048185,0.008809
4958_247_650_676,5,5,0.024409,0.054334,0.038536,0.022649,0.019332,0.784568,0.056172
4958_248_696_731,5,5,0.021326,0.092453,0.05315,0.018315,0.017731,0.721555,0.07547
4958_248_832_918,5,5,0.024157,0.1118,0.053074,0.020316,0.017646,0.721938,0.051069
4958_247_743_818,5,1,0.161425,0.398743,0.044584,0.04332,0.092249,0.068535,0.191145
4958_248_392_420,5,5,0.034189,0.112153,0.065152,0.032879,0.021252,0.663548,0.070826
5161_259_31_315,0,1,0.220793,0.506471,0.021975,0.007645,0.114008,0.101518,0.027591
5161_259_1215_1419,0,1,0.226195,0.559991,0.021625,0.004724,0.142967,0.033021,0.011477
5161_260_2024_2104,3,1,0.294868,0.458732,0.053264,0.016408,0.049071,0.115234,0.012424
5161_260_1101_1209,3,1,0.081318,0.623738,0.034738,0.042573,0.190788,0.008411,0.018434
5161_259_1594_1728,3,3,0.026016,0.063482,0.010418,0.71433,0.07316,0.021742,0.090852
5161_260_1739_1835,3,1,0.060744,0.513836,0.02232,0.11515,0.133902,0.012673,0.141376
5161_260_1439_1592,3,1,0.096954,0.452663,0.031458,0.166635,0.176581,0.022067,0.053642
5161_260_934_1007,3,6,0.038122,0.152291,0.107629,0.277504,0.04046,0.059173,0.324821
5161_259_590_689,1,4,0.021332,0.140406,0.143148,0.036659,0.411101,0.066041,0.181313
5161_259_1017_1099,1,1,0.163298,0.664818,0.010201,0.021469,0.088583,0.015956,0.035675
5161_260_341_570,3,5,0.022909,0.051312,0.018703,0.40033,0.037993,0.406233,0.062521
5161_259_776_884,1,6,0.027719,0.264327,0.090311,0.028801,0.070431,0.224676,0.293735
5161_259_1849_2002,1,1,0.131927,0.552424,0.019143,0.041749,0.08337,0.018089,0.153299
5161_260_699_774,3,1,0.048379,0.241964,0.15847,0.062492,0.045285,0.224939,0.218471
5162_260_76_206,1,5,0.049374,0.087926,0.03938,0.213302,0.068967,0.313655,0.227397
5162_259_1291_1399,3,1,0.253622,0.535678,0.019665,0.053725,0.046465,0.051231,0.039614
5162_260_1988_2063,3,1,0.09617,0.293495,0.053515,0.208665,0.111573,0.029482,0.207101
5162_260_941_1278,3,1,0.086539,0.299648,0.061971,0.160378,0.180055,0.062466,0.148944
5162_259_1541_1986,3,1,0.14404,0.5162,0.031149,0.017809,0.186273,0.044822,0.059706
5162_259_216_335,1,1,0.16908,0.536738,0.040862,0.032685,0.099974,0.020211,0.100449
5162_260_1433_1525,3,1,0.207568,0.363933,0.038988,0.128763,0.066571,0.057813,0.136364
5162_260_2121_2293,3,6,0.151531,0.247698,0.05314,0.16964,0.07581,0.0429,0.259281
5162_259_721_931,4,4,0.026492,0.303864,0.135336,0.006041,0.410815,0.029898,0.087552
5162_259_2305_2375,3,3,0.035196,0.052501,0.01569,0.428131,0.36871,0.033146,0.066626
5162_260_586_669,1,5,0.082117,0.230952,0.111824,0.050318,0.064454,0.354078,0.106256
5162_259_2066_2120,3,0,0.451133,0.305841,0.018818,0.024359,0.025038,0.0683,0.106511
5162_259_426_575,1,1,0.305194,0.485717,0.026642,0.004932,0.059918,0.089432,0.028165
5162_259_31_74,1,1,0.106415,0.54945,0.020787,0.024331,0.1942,0.007924,0.096891
5162_260_337_416,1,1,0.149325,0.459411,0.041658,0.066083,0.163119,0.026775,0.093628
5166_259_31_172,3,4,0.029585,0.174494,0.045582,0.056039,0.371231,0.053415,0.269654
5166_260_1253_1297,3,6,0.082103,0.165769,0.077954,0.185443,0.054588,0.178108,0.256035
5166_259_1087_1232,3,5,0.101736,0.193806,0.047653,0.079906,0.100754,0.373676,0.102469
5166_259_1592_1730,4,4,0.025646,0.297171,0.086356,0.004668,0.507641,0.012058,0.066459
5166_260_1742_1834,3,3,0.026812,0.063571,0.026552,0.657809,0.036111,0.134196,0.05495
5166_259_1317_1507,3,6,0.031777,0.181498,0.054031,0.218395,0.081198,0.025583,0.407519
5166_260_878_1077,3,3,0.075336,0.242527,0.015815,0.514356,0.0871,0.041445,0.023421
5166_260_200_247,3,5,0.044487,0.072431,0.054902,0.077364,0.033713,0.612473,0.10463
5166_259_265_602,3,3,0.019034,0.046474,0.059468,0.387198,0.137578,0.166695,0.183552
5166_260_629_711,3,3,0.021064,0.048588,0.074292,0.528085,0.025015,0.176304,0.126652
5166_259_735_852,3,3,0.024897,0.133772,0.047961,0.338527,0.098398,0.213653,0.142793
5166_260_1540_1577,3,3,0.013449,0.022995,0.010174,0.896388,0.00895,0.009837,0.038206
5164_260_1217_1433,3,1,0.196117,0.343414,0.105743,0.051729,0.034727,0.16092,0.107349
5164_259_977_1215,3,5,0.028057,0.072339,0.03586,0.010044,0.041978,0.743925,0.067797
5164_260_1585_1697,1,1,0.05416,0.544376,0.079868,0.052156,0.123656,0.042457,0.103326
5164_259_1698_1872,5,5,0.04774,0.12224,0.020557,0.011377,0.063024,0.691822,0.043241
5164_259_1437_1461,5,5,0.016697,0.034193,0.02492,0.010719,0.017744,0.830864,0.064862
5164_260_747_977,3,5,0.14167,0.20025,0.041908,0.143003,0.062077,0.348009,0.063084
5164_259_139_252,3,5,0.027652,0.056251,0.064068,0.285807,0.050043,0.42101,0.095169
5164_260_560_619,3,3,0.032322,0.102838,0.029406,0.744718,0.022147,0.042386,0.026182
5164_260_278_376,3,1,0.149176,0.499816,0.038057,0.19343,0.056985,0.025825,0.036711
5164_259_621_728,3,3,0.030978,0.041368,0.024137,0.500224,0.037637,0.063494,0.302162
5164_259_377_558,3,0,0.477817,0.425878,0.011169,0.01707,0.0287,0.02792,0.011446
5164_260_31_112,3,3,0.136532,0.19258,0.025359,0.500057,0.06676,0.042381,0.03633
5164_259_1511_1577,4,1,0.083289,0.638575,0.033943,0.003685,0.162943,0.025384,0.05218
5164_260_1874_2005,3,1,0.050132,0.454792,0.107318,0.046879,0.195236,0.03893,0.106713
5164_260_1467_1493,3,0,0.389268,0.322332,0.028433,0.065994,0.052117,0.041264,0.100592
5168_259_70_331,3,1,0.187325,0.424437,0.042578,0.092011,0.058791,0.086547,0.10831
5168_259_1637_1686,5,5,0.04873,0.299634,0.07801,0.021136,0.051111,0.326651,0.174728
5168_259_1437_1520,3,3,0.013392,0.034515,0.053588,0.431907,0.103884,0.021047,0.341667
5168_260_804_949,3,6,0.045527,0.180025,0.176191,0.146383,0.083275,0.132719,0.23588
5168_260_1320_1355,3,3,0.08491,0.182489,0.024947,0.264818,0.133293,0.067938,0.241606
5168_259_584_619,1,1,0.061426,0.478303,0.075278,0.020198,0.164952,0.10276,0.097083
5168_259_1084_1107,3,6,0.02384,0.108878,0.132102,0.035336,0.09313,0.117811,0.488904
5168_260_334_436,3,1,0.046517,0.300316,0.158619,0.105351,0.07431,0.102335,0.212552
5168_260_621_678,1,6,0.034852,0.204808,0.156946,0.216194,0.092916,0.015722,0.278562
5168_259_455_514,4,2,0.015859,0.253593,0.27892,0.011181,0.181421,0.145162,0.113864
5168_260_31_68,3,1,0.092675,0.255927,0.135018,0.041403,0.042172,0.247406,0.185399
5168_259_705_786,3,6,0.022364,0.097155,0.097805,0.07493,0.082005,0.020924,0.604817
5168_260_1569_1623,3,3,0.005226,0.006416,0.004702,0.885182,0.008326,0.036048,0.054099
5168_260_515_574,3,6,0.030923,0.142293,0.189118,0.122752,0.065814,0.014943,0.434157
5172_259_126_134,5,5,0.006328,0.019665,0.018315,0.042781,0.024785,0.659678,0.228447
5172_259_1238_1436,6,6,0.052431,0.241787,0.104043,0.034092,0.12383,0.099668,0.344149
5172_260_1143_1200,6,6,0.021382,0.08301,0.043359,0.27733,0.135737,0.035595,0.403587
5172_259_1520_1719,6,6,0.015229,0.1427,0.061406,0.199836,0.109277,0.09642,0.375133
5172_259_251_492,6,5,0.022096,0.091232,0.061715,0.204852,0.119647,0.407359,0.093098
5172_260_1816_1839,3,4,0.040572,0.081587,0.080304,0.292665,0.325104,0.021666,0.158102
5172_259_884_1115,6,6,0.01813,0.145556,0.047212,0.060238,0.082009,0.028534,0.618322
5172_259_580_819,6,5,0.040167,0.221835,0.069449,0.009117,0.053308,0.487964,0.11816
5172_260_1477_1499,3,3,0.013406,0.053301,0.027815,0.626495,0.07145,0.011882,0.195652
5172_260_508_553,6,5,0.043273,0.143022,0.061039,0.038179,0.016088,0.641566,0.056833
5172_260_171_182,3,3,0.026332,0.054579,0.053322,0.511922,0.049357,0.099189,0.205299
5172_260_31_53,3,3,0.01839,0.034323,0.043456,0.7215,0.03009,0.075231,0.07701
5172_260_834_869,5,5,0.022681,0.146558,0.105958,0.023454,0.052448,0.479194,0.169706
5167_259_1194_1435,3,3,0.011117,0.024217,0.076651,0.405564,0.082277,0.102353,0.297822
5167_260_1088_1189,1,6,0.019101,0.110112,0.208276,0.030092,0.080242,0.220065,0.332111
5167_260_1673_1710,1,6,0.029986,0.255801,0.093269,0.05127,0.09906,0.116212,0.354402
5167_260_247_289,1,4,0.007347,0.191946,0.201744,0.014728,0.428656,0.02178,0.133799
5167_259_179_225,3,6,0.01635,0.151128,0.159186,0.049547,0.149507,0.096188,0.378093
5167_260_397_606,1,4,0.035368,0.244637,0.148745,0.023925,0.325189,0.064724,0.157411
5167_259_324_377,3,6,0.086433,0.241184,0.054157,0.055526,0.108305,0.047045,0.407349
5167_259_609_833,3,1,0.036576,0.444175,0.08907,0.007705,0.166065,0.155405,0.101004
5167_259_960_1076,2,5,0.008374,0.033535,0.069525,0.052187,0.040891,0.708079,0.087408
5167_259_31_65,3,3,0.009114,0.02029,0.062933,0.568201,0.022729,0.027577,0.289157
5167_259_1524_1620,3,6,0.022201,0.161742,0.16656,0.082763,0.057047,0.119272,0.390416
5167_260_1471_1520,1,2,0.023921,0.234467,0.337184,0.014378,0.140321,0.193636,0.056093
5167_260_71_113,1,6,0.0162,0.064416,0.122423,0.125719,0.09477,0.045568,0.530905
5167_260_835_898,1,4,0.013692,0.139842,0.166464,0.035901,0.299401,0.246749,0.097951
5175_259_31_159,6,1,0.18261,0.560467,0.039312,0.006563,0.085606,0.0516,0.073843
5175_259_733_1203,6,1,0.41735,0.440304,0.018268,0.005119,0.046126,0.055408,0.017426
5175_260_1626_1698,1,5,0.038572,0.125071,0.082585,0.049005,0.041445,0.604632,0.058691
5175_260_174_335,4,1,0.061944,0.32075,0.063785,0.137864,0.277705,0.031777,0.106175
5175_260_523_717,6,1,0.212016,0.416773,0.040403,0.061181,0.113445,0.128682,0.027501
5175_260_1328_1349,4,1,0.154082,0.555454,0.044585,0.048356,0.130461,0.020532,0.046532
5175_259_349_497,4,1,0.233374,0.432445,0.024926,0.017851,0.076927,0.18612,0.028357
5175_259_1466_1591,1,0,0.65946,0.281197,0.014981,0.002067,0.0125,0.023748,0.006047
5175_260_1244_1268,4,1,0.214251,0.604119,0.03123,0.011934,0.08941,0.018111,0.030945
5175_259_1360_1377,6,5,0.160665,0.240147,0.057175,0.006311,0.045692,0.415579,0.07443
5175_260_1404_1430,2,3,0.02284,0.065729,0.053538,0.709342,0.041048,0.018849,0.088654
5175_259_1306_1314,3,1,0.193707,0.40403,0.050749,0.00835,0.110925,0.047604,0.184636
5173_259_1223_1294,6,3,0.037319,0.041942,0.033558,0.611181,0.030794,0.050149,0.195057
5173_259_115_201,5,5,0.008078,0.024933,0.021325,0.006642,0.013104,0.873925,0.051994
5173_260_1162_1210,3,3,0.139148,0.139379,0.024872,0.394232,0.074182,0.053904,0.174283
5173_259_784_920,6,6,0.015737,0.055943,0.072667,0.108942,0.056698,0.055269,0.634745
5173_260_935_1027,3,3,0.016867,0.007806,0.003464,0.877028,0.010693,0.052787,0.031355
5173_260_388_502,1,1,0.130152,0.303661,0.045551,0.153739,0.169659,0.065058,0.132179
5173_259_524_675,6,6,0.015074,0.137337,0.061748,0.195851,0.234917,0.04208,0.312994
5173_260_70_87,3,6,0.044053,0.04495,0.050117,0.263179,0.027837,0.128155,0.441709
5173_260_693_744,3,3,0.008523,0.011937,0.006359,0.740341,0.01159,0.009754,0.211496
5173_259_1039_1123,3,1,0.157877,0.420021,0.024054,0.036596,0.148343,0.038221,0.174889
5173_259_273_364,1,2,0.015981,0.12915,0.265066,0.063833,0.110082,0.209774,0.206115
5173_260_214_234,3,6,0.067154,0.119456,0.039103,0.155398,0.037241,0.088332,0.493316
5173_259_31_38,5,5,0.007354,0.027498,0.021175,0.01991,0.031021,0.783266,0.109776
5171_259_31_155,4,1,0.056951,0.267479,0.121313,0.049298,0.208717,0.205101,0.091141
5171_260_2026_2095,6,1,0.12439,0.522469,0.064092,0.077258,0.092326,0.041704,0.077761
5171_259_1156_1197,4,1,0.11606,0.598528,0.052328,0.002667,0.183006,0.016549,0.030862
5171_260_1566_1702,1,1,0.105882,0.520965,0.0792,0.02697,0.103334,0.066525,0.097125
5171_260_205_467,6,1,0.163632,0.361657,0.075598,0.05971,0.134101,0.155776,0.049526
5171_259_1726_2010,1,1,0.176616,0.574619,0.023571,0.007534,0.172604,0.014086,0.030969
5171_259_1326_1530,6,1,0.116693,0.492876,0.02802,0.021497,0.220689,0.021888,0.098337
5171_260_2203_2287,6,1,0.09609,0.518482,0.087449,0.014963,0.158405,0.081895,0.042715
5171_259_798_1067,4,1,0.098128,0.632063,0.037415,0.004313,0.139238,0.043827,0.045015
5171_259_2304_2406,1,1,0.128783,0.47164,0.104923,0.009458,0.06321,0.185564,0.036422
5171_259_497_660,4,1,0.065627,0.550508,0.071303,0.026929,0.186767,0.068068,0.030799
5171_260_1082_1127,6,1,0.123412,0.57706,0.05844,0.042479,0.05769,0.026061,0.114858
5171_260_1211_1293,6,1,0.104355,0.452039,0.059137,0.083089,0.066353,0.052906,0.182121
5171_260_707_752,3,1,0.176471,0.415172,0.03212,0.188353,0.054942,0.056187,0.076755
5171_259_2131_2182,6,1,0.172222,0.41072,0.105394,0.010362,0.066648,0.186237,0.048417
5178_259_31_158,6,1,0.085022,0.452516,0.10754,0.007536,0.09674,0.146588,0.104058
5178_259_1191_1320,6,5,0.041849,0.162768,0.066082,0.014181,0.03734,0.611185,0.066594
5178_259_1504_1802,4,5,0.051953,0.158451,0.041489,0.023627,0.226184,0.439146,0.05915
5178_260_182_287,1,1,0.218051,0.447845,0.034745,0.12774,0.043034,0.091065,0.037519
5178_259_542_651,5,5,0.07279,0.153758,0.067691,0.002946,0.027441,0.661357,0.014018
5178_260_1122_1147,6,1,0.108058,0.372128,0.154226,0.020195,0.09476,0.180333,0.0703
5178_259_328_447,5,5,0.050395,0.124322,0.053175,0.050506,0.032633,0.648176,0.040792
5178_260_1859_1908,3,1,0.096014,0.280221,0.068372,0.262509,0.04107,0.072819,0.178995
5178_260_680_792,5,5,0.263385,0.172847,0.056371,0.02782,0.031494,0.418193,0.02989
5178_260_1368_1454,1,3,0.0352,0.101945,0.024042,0.390777,0.036579,0.368213,0.043245
5178_260_978_1016,5,5,0.097311,0.231507,0.048466,0.015981,0.026475,0.554136,0.026123
5178_259_1060_1100,5,5,0.026459,0.183223,0.13697,0.004233,0.0567,0.521787,0.070627
5178_260_484_519,5,5,0.147483,0.326507,0.067427,0.012026,0.037642,0.377435,0.031479
5178_259_904_919,5,5,0.16317,0.315843,0.04159,0.003902,0.027956,0.406864,0.040676
5182_259_31_373,3,4,0.043696,0.315907,0.038894,0.058058,0.337356,0.060169,0.14592
5182_260_1008_1311,4,1,0.062622,0.296376,0.151587,0.061231,0.204303,0.068182,0.155701
5182_259_1915_2099,4,3,0.009514,0.042517,0.043177,0.368131,0.135167,0.100964,0.30053
5182_260_1679_1872,3,3,0.007887,0.035091,0.033296,0.544674,0.033851,0.02944,0.315761
5182_259_1312_1673,4,5,0.038675,0.207539,0.079601,0.054498,0.092383,0.287107,0.240197
5182_259_941_1004,5,6,0.014012,0.028662,0.121235,0.131774,0.067358,0.214371,0.422589
5182_259_526_690,3,3,0.009799,0.029341,0.017219,0.669444,0.029476,0.044558,0.200162
5182_260_387_506,4,3,0.018334,0.063196,0.022101,0.527453,0.068263,0.05272,0.247932
5182_260_802_919,3,6,0.007405,0.038982,0.042588,0.206351,0.023037,0.024924,0.656713
5182_260_2125_2146,3,3,0.014443,0.049162,0.017666,0.522003,0.029346,0.038878,0.328501
5182_260_715_753,4,1,0.094998,0.207809,0.098144,0.169114,0.113045,0.127443,0.189446
5182_259_774_789,5,5,0.016102,0.067798,0.06757,0.011239,0.043809,0.715359,0.078123
5183_259_31_202,3,3,0.008394,0.013598,0.009024,0.823839,0.035456,0.039634,0.070055
5183_259_1213_1355,5,5,0.01426,0.08907,0.109497,0.07378,0.052468,0.507002,0.153924
5183_260_2038_2118,3,1,0.016337,0.272168,0.16879,0.083303,0.161523,0.06906,0.228819
5183_260_1077_1194,4,1,0.031122,0.294216,0.073769,0.202237,0.106978,0.070166,0.221513
5183_259_1424_1747,3,5,0.108674,0.281732,0.046929,0.056539,0.113873,0.326264,0.065989
5183_260_203_353,3,3,0.005715,0.007113,0.006068,0.875493,0.027462,0.025324,0.052826
5183_260_1789_1828,3,3,0.062706,0.211744,0.069934,0.351908,0.048549,0.158848,0.096312
5183_259_740_1075,4,1,0.065106,0.353554,0.040708,0.090261,0.336049,0.02583,0.088493
5183_260_586_702,4,1,0.101544,0.376757,0.052441,0.119743,0.144758,0.035517,0.16924
5183_260_466_526,4,1,0.128763,0.51466,0.026523,0.140903,0.08348,0.074029,0.031642
5183_259_1842_2033,5,1,0.125428,0.41293,0.114802,0.030402,0.114175,0.030088,0.172176
5183_259_354_431,3,3,0.008591,0.013344,0.014032,0.857551,0.012842,0.063546,0.030094
5183_260_1375_1395,5,5,0.031341,0.088076,0.055836,0.033419,0.035637,0.561142,0.19455
5183_259_560_566,5,5,0.017443,0.058332,0.08727,0.048805,0.073552,0.604179,0.110418
5186_259_31_263,0,1,0.296558,0.575006,0.01435,0.003371,0.067219,0.027984,0.015511
5186_260_1275_1639,0,0,0.715444,0.212106,0.008318,0.009531,0.030554,0.019797,0.00425
5186_259_1671_1787,4,1,0.259743,0.60979,0.020248,0.002012,0.060875,0.024017,0.023315
5186_260_1789_2033,0,0,0.549763,0.258045,0.023886,0.011663,0.0352,0.101537,0.019905
5186_259_2081_2452,4,1,0.369814,0.546629,0.012264,0.002495,0.050131,0.009021,0.009645
5186_260_933_1173,0,0,0.821327,0.140076,0.005653,0.00368,0.013419,0.013481,0.002364
5186_260_318_399,4,1,0.257785,0.593005,0.016136,0.01982,0.064045,0.015585,0.033624
5186_260_601_824,4,4,0.04708,0.176074,0.079645,0.11093,0.416484,0.022927,0.14686
5186_259_405_556,4,1,0.20401,0.616788,0.020628,0.007481,0.117361,0.010556,0.023176
5186_259_1199_1275,2,1,0.096696,0.597677,0.061467,0.004333,0.163661,0.029969,0.046197
5186_259_851_912,0,0,0.497358,0.396608,0.025026,0.002276,0.020762,0.048826,0.009144
5180_260_126_205,6,3,0.020639,0.069723,0.039585,0.586953,0.033218,0.019273,0.230609
5180_259_1247_1354,6,6,0.070584,0.197412,0.029329,0.109717,0.038013,0.015481,0.539464
5180_259_1878_2086,6,6,0.027588,0.182735,0.059591,0.113391,0.03774,0.191318,0.387638
5180_260_1183_1223,3,3,0.018505,0.068039,0.016383,0.663838,0.021422,0.009238,0.202575
5180_259_1553_1722,6,6,0.056015,0.197011,0.054171,0.084842,0.082244,0.085993,0.439725
5180_259_228_542,3,6,0.017632,0.191184,0.043244,0.166737,0.161391,0.029932,0.389881
5180_260_1726_1865,3,3,0.011216,0.031753,0.05474,0.746089,0.018574,0.033378,0.10425
5180_259_1461_1476,6,1,0.158718,0.316438,0.053368,0.039519,0.055202,0.091384,0.28537
5180_260_924_1014,3,3,0.039388,0.131879,0.010036,0.70272,0.02553,0.040709,0.049738
5180_260_584_704,6,5,0.041154,0.095078,0.030045,0.310072,0.056338,0.317519,0.149794
5180_259_1058_1140,3,3,0.076747,0.1265,0.007474,0.644435,0.036882,0.007631,0.100331
5180_259_31_102,6,6,0.055829,0.244952,0.096601,0.064442,0.079655,0.148937,0.309584
5180_260_1492_1531,6,6,0.051594,0.132436,0.058446,0.307026,0.03113,0.016158,0.40321
5180_259_779_910,4,1,0.035288,0.315483,0.064149,0.035662,0.21737,0.233734,0.098314
5180_260_1393_1455,6,1,0.141701,0.256388,0.072848,0.112217,0.08144,0.230386,0.10502
5187_260_31_371,0,0,0.619874,0.303949,0.006849,0.009428,0.029382,0.023985,0.006533
5187_260_1192_1585,4,4,0.082651,0.343839,0.04986,0.025898,0.442063,0.015845,0.039843
5187_259_1855_2071,4,1,0.219372,0.531602,0.018617,0.002144,0.210069,0.011312,0.006884
5187_259_1668_1691,4,4,0.005337,0.065768,0.15325,0.002189,0.75374,0.006959,0.012756
5187_260_927_975,1,1,0.153122,0.715991,0.014925,0.008393,0.082439,0.007997,0.017134
5187_260_521_755,0,0,0.692602,0.236094,0.012969,0.006862,0.023057,0.023813,0.004603
5187_260_1724_1764,4,4,0.048143,0.136657,0.058268,0.198082,0.311727,0.012312,0.234811
5187_259_1035_1058,4,1,0.054195,0.594896,0.057813,0.00444,0.248691,0.013593,0.026372
5187_259_452_487,4,4,0.018812,0.18618,0.149019,0.009576,0.604595,0.012169,0.019649
5187_259_812_887,4,4,0.014886,0.130019,0.103237,0.008041,0.714113,0.012069,0.017635
5189_260_120_208,5,6,0.01354,0.012717,0.030141,0.365501,0.024631,0.160296,0.393175
5189_259_1758_2084,4,4,0.157663,0.355468,0.04746,0.00362,0.392818,0.028275,0.014697
5189_259_1133_1277,4,6,0.045616,0.234299,0.0944,0.075805,0.107226,0.076651,0.366004
5189_260_1606_1717,3,1,0.169435,0.441625,0.037517,0.106855,0.080763,0.047442,0.116363
5189_259_210_387,4,1,0.071339,0.343092,0.01972,0.100036,0.267006,0.017864,0.180944
5189_260_1308_1498,3,3,0.018289,0.096551,0.0278,0.399228,0.02675,0.034763,0.39662
5189_259_729_1031,5,1,0.16863,0.312265,0.069099,0.013449,0.210271,0.194984,0.031302
5189_260_498_692,4,1,0.101458,0.227767,0.105481,0.167032,0.11024,0.19693,0.091092
5189_260_1033_1128,3,3,0.044694,0.187015,0.01655,0.479137,0.052067,0.018805,0.201732
5189_259_446_481,4,6,0.027064,0.117779,0.0256,0.151048,0.166185,0.024127,0.488196
5189_259_31_93,4,4,0.038685,0.417222,0.068328,0.005698,0.431068,0.020483,0.018516
5189_259_1503_1584,4,5,0.027625,0.166598,0.072361,0.031246,0.08089,0.441606,0.179674
5189_260_397_432,5,6,0.026201,0.041256,0.044062,0.204669,0.049333,0.092876,0.541603
5191_259_2456_2558,4,4,0.063988,0.282858,0.271732,0.004852,0.292474,0.03806,0.046034
5191_260_115_262,3,5,0.029004,0.038452,0.036075,0.285401,0.159989,0.312193,0.138887
5191_259_1262_1535,0,1,0.108786,0.523316,0.030126,0.004893,0.297958,0.01592,0.019001
5191_260_1134_1262,6,1,0.027239,0.248896,0.232637,0.043433,0.157547,0.17581,0.114438
5191_260_2558_2905,4,1,0.080027,0.376201,0.122023,0.066196,0.207904,0.031693,0.115956
5191_260_618_940,5,2,0.046499,0.230082,0.344293,0.059811,0.146437,0.087695,0.085183
5191_260_2005_2368,3,3,0.079881,0.2501,0.050058,0.398037,0.13333,0.040411,0.048184
5191_259_1065_1134,4,4,0.008166,0.166912,0.101274,0.004381,0.632354,0.018455,0.068458
5191_259_1726_1972,4,4,0.070265,0.253057,0.299387,0.003158,0.310834,0.044472,0.018827
5191_260_1535_1726,5,1,0.076323,0.367039,0.091357,0.211859,0.131083,0.065592,0.056748
5191_260_351_417,3,6,0.048952,0.098434,0.085574,0.113622,0.110795,0.089814,0.452809
5191_259_484_538,0,4,0.045403,0.278957,0.201182,0.015877,0.290837,0.051127,0.116618
5191_259_297_351,6,6,0.006092,0.061375,0.06426,0.10598,0.159958,0.018117,0.584217
5191_259_31_61,4,6,0.037672,0.086178,0.076717,0.120256,0.184071,0.109878,0.385229
5192_259_31_191,6,1,0.104295,0.577851,0.026083,0.002917,0.252969,0.006872,0.029013
5192_260_1236_1404,3,3,0.007564,0.007027,0.010851,0.883444,0.024109,0.026625,0.04038
5192_259_1178_1236,4,4,0.041418,0.227034,0.075586,0.09145,0.371496,0.00857,0.184447
5192_259_1577_1713,3,1,0.078693,0.4137,0.054566,0.064344,0.202866,0.087401,0.098431
5192_260_251_282,3,1,0.067702,0.274273,0.071804,0.139086,0.153725,0.04167,0.25174
5192_260_1435_1577,5,6,0.063091,0.168831,0.032291,0.289981,0.063825,0.068489,0.313492
5192_260_804_1028,3,1,0.088603,0.396617,0.058858,0.124226,0.24276,0.019857,0.06908
5192_260_423_630,3,1,0.14936,0.463842,0.078996,0.04618,0.196757,0.030192,0.034674
5192_259_630_732,4,1,0.136212,0.44089,0.047949,0.005705,0.344259,0.011563,0.013421
5192_259_1404_1435,3,5,0.044159,0.110194,0.058142,0.04634,0.048124,0.621893,0.071148
5192_259_392_423,4,4,0.01621,0.095103,0.054689,0.008794,0.789325,0.009847,0.026033
5193_260_81_292,6,6,0.015446,0.083866,0.020744,0.337756,0.052728,0.014678,0.474782
5193_260_1071_1459,3,3,0.056394,0.204534,0.033783,0.471727,0.052069,0.067881,0.113612
5193_259_1459_1722,6,1,0.069521,0.379894,0.040372,0.077292,0.160651,0.018965,0.253304
5193_260_1722_1869,3,3,0.022802,0.078137,0.050908,0.572108,0.064262,0.032241,0.179542
5193_260_791_975,5,6,0.038393,0.192597,0.111228,0.187443,0.052828,0.058064,0.359448
5193_260_467_621,6,1,0.186976,0.499832,0.027441,0.064669,0.054911,0.118976,0.047195
5193_259_292_351,5,5,0.056911,0.149518,0.055787,0.040421,0.030377,0.439058,0.227929
5193_259_621_791,1,1,0.0404,0.431801,0.028627,0.089981,0.23254,0.022633,0.154019
5193_259_975_1071,6,1,0.183124,0.356486,0.033348,0.089493,0.047663,0.210687,0.079199
5193_259_31_81,6,6,0.04721,0.096596,0.066042,0.068601,0.071337,0.113995,0.536219
5193_259_389_467,1,1,0.131072,0.540775,0.028115,0.060354,0.081546,0.051179,0.106959
5193_259_1869_2038,6,2,0.048859,0.295088,0.311368,0.015842,0.174977,0.049236,0.104629
5193_260_351_389,6,6,0.038203,0.161847,0.024612,0.132083,0.038804,0.023216,0.581235
5197_259_2397_2670,2,4,0.063998,0.358259,0.071457,0.003584,0.466158,0.022467,0.014077
5197_259_31_136,1,1,0.034156,0.328245,0.164508,0.012393,0.31122,0.069727,0.07975
5197_259_1811_2318,0,1,0.077333,0.478447,0.038565,0.014323,0.270729,0.020953,0.099649
5197_260_849_1267,0,1,0.228412,0.441322,0.035449,0.037364,0.065382,0.152495,0.039576
5197_259_1304_1712,2,4,0.056512,0.35757,0.031961,0.00506,0.486219,0.015771,0.046907
5197_260_151_293,4,1,0.055679,0.361595,0.021163,0.18681,0.094496,0.040238,0.24002
5197_259_333_596,4,1,0.126758,0.680644,0.020039,0.002911,0.13392,0.022547,0.013181
5197_260_2327_2383,1,1,0.183938,0.409377,0.071984,0.022993,0.054014,0.204233,0.053461
5197_260_1745_1781,1,5,0.019557,0.058733,0.050496,0.024882,0.0193,0.764514,0.062518
5197_260_607_646,1,5,0.066749,0.165449,0.090929,0.039286,0.034092,0.353813,0.249682
5197_259_677_829,0,1,0.075059,0.582111,0.030873,0.008173,0.243342,0.019827,0.040614
5194_259_31_170,4,1,0.045006,0.278408,0.09336,0.00856,0.198699,0.217857,0.158111
5194_260_1196_1316,5,5,0.023573,0.027925,0.012881,0.007316,0.007397,0.897814,0.023094
5194_259_826_1187,3,1,0.043143,0.252366,0.076827,0.18104,0.177694,0.035734,0.233196
5194_259_1667_1712,6,6,0.040307,0.083178,0.046649,0.314328,0.033378,0.081863,0.400298
5194_259_211_438,2,5,0.045854,0.176158,0.034218,0.006342,0.111244,0.589058,0.037127
5194_260_1717_1883,4,5,0.065645,0.156504,0.055119,0.049106,0.071873,0.506124,0.095629
5194_259_1317_1499,3,6,0.098394,0.287998,0.06374,0.0302,0.117204,0.096302,0.306162
5194_259_538_782,3,4,0.04947,0.192971,0.022496,0.276737,0.289819,0.078383,0.090124
5194_260_171_198,1,1,0.073182,0.470129,0.068092,0.071349,0.119624,0.014332,0.183291
5194_260_441_531,4,1,0.095368,0.462959,0.029302,0.015041,0.314136,0.063767,0.019428
5194_260_1502_1666,1,5,0.033816,0.199462,0.132961,0.166599,0.039815,0.215877,0.21147
5194_260_801_824,3,3,0.02098,0.034821,0.032045,0.503737,0.02133,0.244149,0.142938
5194_259_1884_1997,4,4,0.024563,0.294969,0.18531,0.007692,0.413492,0.057819,0.016155
5195_259_115_228,1,6,0.02269,0.200751,0.027458,0.04596,0.295134,0.012418,0.395589
5195_259_1249_1575,0,1,0.260985,0.5576,0.022483,0.004159,0.104135,0.02859,0.022047
5195_260_1059_1215,1,1,0.244826,0.440827,0.070758,0.047067,0.037478,0.108865,0.050178
5195_260_1580_1692,2,1,0.128054,0.420242,0.099823,0.144618,0.132061,0.030721,0.044481
5195_260_240_268,3,5,0.040562,0.090783,0.0592,0.199998,0.022863,0.522674,0.06392
5195_260_852_975,3,1,0.107312,0.421738,0.151246,0.109793,0.057628,0.063182,0.0891
5195_259_288_353,2,1,0.070266,0.497213,0.02647,0.012739,0.244342,0.009674,0.139296
5195_260_612_699,3,3,0.052019,0.153695,0.021717,0.419459,0.071937,0.036988,0.244184
5195_259_976_1058,3,5,0.089496,0.192111,0.064325,0.092004,0.035047,0.475188,0.051828
5195_259_465_552,3,1,0.107354,0.50724,0.022415,0.127659,0.093124,0.042244,0.099965
5195_260_31_96,3,6,0.032001,0.047707,0.042775,0.26031,0.033065,0.141347,0.442794
5195_259_713_850,3,5,0.020778,0.112044,0.107988,0.013489,0.061779,0.600463,0.083459
5195_260_358_414,3,5,0.147059,0.207396,0.02648,0.193016,0.023315,0.315939,0.086795
5200_259_1128_1313,4,4,0.037791,0.197475,0.066551,0.031341,0.424884,0.007567,0.234391
5200_260_1633_1718,2,1,0.050425,0.326262,0.114085,0.011456,0.157846,0.279689,0.060237
5200_259_207_368,6,4,0.032228,0.195086,0.103743,0.035174,0.334026,0.010388,0.289355
5200_259_1761_1867,4,4,0.014257,0.205386,0.08742,0.008105,0.598231,0.00559,0.081011
5200_259_1411_1598,1,1,0.090191,0.609828,0.021159,0.010684,0.170524,0.013004,0.084609
5200_259_778_934,6,1,0.053661,0.405981,0.084712,0.009825,0.290978,0.027311,0.127531
5200_260_950_1039,4,6,0.073894,0.200845,0.067634,0.184145,0.153877,0.018647,0.300958
5200_260_1342_1371,2,5,0.110039,0.290113,0.084627,0.020063,0.042584,0.401588,0.050985
5200_260_391_604,0,1,0.212398,0.344757,0.041174,0.041828,0.088083,0.176118,0.095642
5200_260_132_195,1,5,0.035249,0.063792,0.055181,0.06532,0.032009,0.64017,0.108279
5200_259_627_702,6,1,0.081769,0.519362,0.033823,0.015076,0.140308,0.029632,0.18003
5200_259_31_111,1,1,0.089622,0.374211,0.06076,0.051488,0.178563,0.019896,0.22546
5200_260_712_762,0,1,0.081298,0.419069,0.063423,0.032806,0.099345,0.093556,0.210502
5199_259_31_160,4,4,0.062298,0.316356,0.130169,0.017908,0.38465,0.027766,0.060852
5199_259_1211_1296,1,1,0.024199,0.438709,0.071804,0.027707,0.344321,0.014673,0.078586
5199_260_995_1184,1,5,0.140923,0.288897,0.054021,0.032047,0.065069,0.364992,0.054051
5199_259_1521_1800,2,1,0.130201,0.550474,0.019779,0.029841,0.127344,0.029219,0.113142
5199_260_175_300,3,1,0.250984,0.351478,0.046766,0.044689,0.035792,0.211976,0.058315
5199_260_1322_1500,3,6,0.064885,0.28161,0.047336,0.19016,0.087845,0.023829,0.304335
5199_260_507_617,3,1,0.121026,0.377622,0.048715,0.113354,0.079963,0.117037,0.142284
5199_259_308_504,1,1,0.141742,0.624386,0.041324,0.010053,0.078634,0.030523,0.073339
5199_259_631_654,1,5,0.034423,0.057263,0.027639,0.020107,0.020029,0.78352,0.057018
5199_260_658_833,3,0,0.413074,0.213311,0.03106,0.062413,0.038472,0.207075,0.034595
5199_259_1891_1957,4,1,0.120766,0.553606,0.027017,0.040237,0.113888,0.017806,0.12668
5199_260_1824_1870,4,1,0.086687,0.26965,0.100418,0.079809,0.0633,0.173078,0.227059
5199_259_857_926,0,1,0.285384,0.528031,0.046446,0.016452,0.058056,0.030256,0.035376
123_8_2371_2493,6,1,0.095271,0.323608,0.062529,0.100312,0.137208,0.019542,0.26153
123_8_78_219,6,5,0.027374,0.047587,0.051624,0.025303,0.052073,0.638319,0.15772
123_7_1200_1318,3,5,0.079753,0.230336,0.114169,0.153854,0.065815,0.234093,0.121979
123_8_1047_1199,1,6,0.135068,0.212317,0.084858,0.105458,0.187422,0.055343,0.219533
123_7_228_370,6,5,0.03526,0.105327,0.062717,0.034028,0.043778,0.617123,0.101766
123_7_2875_2961,1,5,0.01025,0.028699,0.021597,0.030522,0.019634,0.869545,0.019754
123_8_2634_2850,0,0,0.33003,0.288728,0.12132,0.025464,0.11033,0.081086,0.043042
123_7_1453_1667,3,3,0.112389,0.177406,0.027156,0.4667,0.04937,0.066717,0.100263
123_7_2502_2619,3,3,0.092876,0.141055,0.083908,0.322701,0.060178,0.065169,0.234112
123_7_871_1022,1,5,0.146548,0.201725,0.076534,0.074049,0.077615,0.319003,0.104527
123_8_1969_2171,0,0,0.37734,0.096062,0.06923,0.130709,0.045909,0.248323,0.032427
123_8_1673_1763,1,1,0.107859,0.525789,0.065639,0.125545,0.054266,0.04599,0.074912
123_8_598_850,1,0,0.291574,0.250411,0.031879,0.026727,0.196112,0.13352,0.069778
123_7_2198_2367,3,3,0.191565,0.111875,0.054645,0.283959,0.051989,0.182803,0.123163
123_7_1785_1968,6,3,0.070938,0.19452,0.032628,0.308588,0.053859,0.155294,0.184173
123_8_1352_1430,1,1,0.168922,0.428653,0.05732,0.032135,0.118323,0.146713,0.047934
123_8_2962_3023,0,0,0.695558,0.121681,0.07031,0.017495,0.026424,0.04513,0.023402
123_7_487_584,6,1,0.065048,0.297318,0.136647,0.101161,0.075029,0.054674,0.270122
123_8_381_477,1,5,0.030134,0.043342,0.036125,0.084969,0.087347,0.62888,0.089203
123_7_31_73,6,5,0.06995,0.067283,0.051364,0.108936,0.034612,0.504179,0.163676
130_8_127_246,5,5,0.004827,0.005865,0.009615,0.010298,0.014767,0.920633,0.033995
130_8_1238_1363,2,5,0.04866,0.124198,0.100155,0.142625,0.062574,0.34643,0.175358
130_8_1996_2190,3,3,0.032776,0.054699,0.045801,0.553357,0.055069,0.212754,0.045544
130_7_1101_1238,6,3,0.014858,0.046476,0.031164,0.687435,0.037935,0.021677,0.160454
130_7_1658_1762,1,1,0.048773,0.246487,0.112101,0.090131,0.165162,0.113089,0.224257
130_7_246_353,6,3,0.004953,0.005729,0.011362,0.767113,0.015566,0.010452,0.184825
130_8_1769_1909,2,3,0.021021,0.05388,0.069525,0.599835,0.092765,0.070988,0.091986
130_7_1398_1486,2,1,0.130345,0.398422,0.084007,0.051426,0.15109,0.045698,0.139012
130_7_2191_2294,3,3,0.005088,0.010772,0.022048,0.605273,0.012843,0.037812,0.306165
130_7_31_126,3,3,0.004856,0.004205,0.015865,0.758145,0.018304,0.059627,0.138999
130_7_836_1005,1,1,0.120792,0.235826,0.032456,0.228884,0.16672,0.120193,0.095129
130_8_2305_2427,3,3,0.024111,0.067501,0.034269,0.712568,0.036015,0.037193,0.088344
130_7_599_727,1,3,0.045152,0.280042,0.043198,0.302043,0.106127,0.028632,0.194806
130_8_1010_1100,1,3,0.035925,0.067971,0.031627,0.645849,0.053287,0.086904,0.078438
130_7_410_499,6,3,0.021135,0.040124,0.033463,0.441037,0.041338,0.045554,0.37735
130_8_1495_1653,2,3,0.021575,0.058712,0.035653,0.497734,0.053773,0.274221,0.05833
130_8_727_833,3,3,0.016263,0.006234,0.007333,0.675243,0.018151,0.269793,0.006984
130_8_359_405,3,3,0.040885,0.066775,0.031733,0.501986,0.032233,0.286396,0.039992
130_7_1910_1996,6,6,0.045637,0.199421,0.0607,0.277231,0.06865,0.021918,0.326442
130_8_508_590,5,3,0.021186,0.024605,0.024685,0.513652,0.030172,0.291427,0.094273
132_7_31_139,6,6,0.029204,0.051711,0.087536,0.083784,0.073453,0.294999,0.379313
132_7_1231_1373,3,5,0.017591,0.048488,0.051023,0.188751,0.030377,0.56165,0.102119
132_8_1925_2088,6,5,0.10714,0.267481,0.088493,0.128334,0.069013,0.274818,0.064721
132_8_1605_1775,1,0,0.245353,0.219036,0.10712,0.046538,0.060851,0.218925,0.102177
132_7_1784_1925,1,1,0.124867,0.403601,0.129011,0.018408,0.084011,0.118257,0.121845
132_8_1387_1539,6,3,0.014813,0.047101,0.071049,0.451791,0.028287,0.306529,0.080429
132_8_807_929,6,5,0.03105,0.026746,0.010957,0.009301,0.017223,0.868995,0.035729
132_7_951_1086,1,1,0.100023,0.385884,0.127689,0.021393,0.18801,0.150357,0.026645
132_8_146_229,6,5,0.014039,0.016,0.012441,0.017394,0.013185,0.881207,0.045733
132_8_1102_1182,6,3,0.038102,0.103607,0.075336,0.30782,0.047793,0.24327,0.184072
132_7_256_405,4,1,0.066683,0.396963,0.13561,0.010208,0.278354,0.048762,0.063419
132_7_593_769,6,5,0.033705,0.093847,0.107481,0.084299,0.05327,0.376545,0.250852
132_8_426_550,1,6,0.078124,0.161733,0.057425,0.159528,0.107473,0.063469,0.372247
132_7_2097_2212,1,6,0.017764,0.140086,0.134401,0.051175,0.307341,0.032695,0.316538
132_7_1545_1595,5,5,0.008707,0.020573,0.014641,0.007583,0.009157,0.895628,0.043711
132_8_2222_2298,6,6,0.035347,0.106178,0.091494,0.15409,0.086463,0.07308,0.453348
136_8_120_170,5,5,0.012105,0.024039,0.018819,0.016836,0.017653,0.862437,0.04811
136_7_1171_1329,6,6,0.029031,0.211558,0.157542,0.032723,0.101117,0.124821,0.343207
136_7_1528_1746,3,3,0.0256,0.089867,0.238272,0.365152,0.057275,0.116159,0.107675
136_8_243_297,6,5,0.013906,0.102638,0.117411,0.031383,0.043664,0.649105,0.041893
136_8_1755_1873,3,3,0.00986,0.026434,0.033506,0.800733,0.025312,0.027792,0.076363
136_8_1360_1506,4,5,0.006,0.041829,0.061587,0.092186,0.018441,0.62364,0.156316
136_7_825_1000,6,1,0.04214,0.328032,0.205236,0.024862,0.095271,0.179878,0.124582
136_7_185_223,5,5,0.032331,0.102181,0.120682,0.022469,0.029112,0.657265,0.03596
136_8_513_699,1,5,0.004839,0.021818,0.023278,0.020909,0.026659,0.875107,0.02739
136_8_1003_1169,4,5,0.007427,0.019772,0.016213,0.015593,0.05526,0.851191,0.034545
136_7_297_488,5,5,0.011581,0.1955,0.263521,0.012566,0.121242,0.340275,0.055314
136_7_31_117,6,5,0.015436,0.103465,0.1649,0.029565,0.076688,0.446406,0.16354
136_7_1888_1978,3,3,0.009227,0.021288,0.034089,0.828614,0.016927,0.018293,0.071563
136_7_699_753,5,5,0.012662,0.037649,0.044819,0.075914,0.023149,0.766632,0.039175
136_8_769_820,5,5,0.033416,0.055675,0.021756,0.009739,0.015301,0.835527,0.028586
137_7_2391_2507,6,3,0.011842,0.043074,0.101342,0.377511,0.026285,0.218576,0.221371
137_8_1031_1328,3,3,0.016681,0.049293,0.045844,0.599225,0.032343,0.072786,0.183828
137_7_212_302,6,6,0.013356,0.078687,0.196796,0.076206,0.063735,0.051791,0.519429
137_8_2864_3077,3,3,0.015933,0.023297,0.038012,0.734725,0.021749,0.058437,0.107846
137_7_2703_2858,6,6,0.009529,0.095477,0.109842,0.055,0.07465,0.150303,0.505199
137_7_1328_1596,5,6,0.018443,0.159431,0.146031,0.205542,0.11104,0.114256,0.245257
137_8_3472_3576,3,3,0.008508,0.007293,0.031633,0.879804,0.012975,0.019546,0.040241
137_7_3090_3224,6,6,0.062789,0.261425,0.090207,0.091793,0.100135,0.080959,0.312693
137_8_3230_3323,6,3,0.017502,0.030688,0.080445,0.535536,0.022221,0.157377,0.156232
137_8_2507_2702,6,3,0.01357,0.019425,0.034427,0.629265,0.018462,0.061142,0.223709
137_7_923_1031,5,1,0.091969,0.440907,0.08673,0.021231,0.062159,0.119095,0.177909
137_7_3324_3472,3,3,0.007866,0.009062,0.033013,0.815342,0.014253,0.033976,0.086488
137_8_131_205,3,3,0.016264,0.013944,0.028773,0.565048,0.017617,0.257728,0.100626
137_8_1973_2164,3,3,0.012867,0.020711,0.034249,0.780762,0.014818,0.052303,0.08429
137_8_1596_1844,6,3,0.013476,0.013618,0.032851,0.789388,0.019471,0.044785,0.086411
137_7_583_672,5,6,0.014227,0.0535,0.093497,0.052335,0.029216,0.213164,0.544062
137_8_2280_2391,6,3,0.020289,0.015298,0.029748,0.730983,0.026179,0.071161,0.106342
137_7_2165_2279,5,3,0.013699,0.048067,0.119603,0.292668,0.024312,0.228002,0.273649
137_7_1859_1973,5,5,0.022757,0.078394,0.04257,0.037033,0.028723,0.661317,0.129207
137_7_79_119,6,3,0.010957,0.011287,0.017524,0.777079,0.009385,0.108679,0.065089
137_8_675_891,3,3,0.011713,0.02709,0.033294,0.675944,0.017827,0.045579,0.188553
137_8_308_564,3,3,0.009568,0.011649,0.020831,0.817247,0.021565,0.067889,0.05125
137_8_31_78,3,3,0.014029,0.009922,0.024217,0.758582,0.022111,0.114729,0.05641
201_12_1205_1249,3,3,0.026634,0.04565,0.031642,0.652321,0.025154,0.021164,0.197435
201_12_93_238,3,5,0.031497,0.031427,0.050986,0.302117,0.125947,0.356485,0.101541
201_11_1138_1204,3,6,0.038718,0.119615,0.26516,0.13756,0.096078,0.027776,0.315092
201_11_795_935,6,3,0.01794,0.049626,0.032341,0.652529,0.043986,0.029566,0.174012
201_11_31_93,3,3,0.021857,0.080968,0.192217,0.322877,0.039911,0.036384,0.305786
201_12_937_1010,3,3,0.039255,0.071119,0.029669,0.576247,0.058926,0.066421,0.158361
201_12_645_779,6,3,0.014578,0.026233,0.038914,0.627426,0.05823,0.032084,0.202535
201_11_238_395,3,1,0.136197,0.215031,0.122547,0.103467,0.071026,0.176675,0.175057
201_11_1024_1057,6,6,0.088048,0.198318,0.102275,0.187938,0.034505,0.115001,0.273915
201_12_403_461,3,3,0.021305,0.117008,0.067401,0.40792,0.134209,0.016276,0.235881
201_11_579_644,5,5,0.028446,0.031704,0.042497,0.355278,0.026695,0.381005,0.134376
201_12_1057_1093,3,3,0.020347,0.045905,0.02318,0.535614,0.033543,0.014734,0.326677
201_11_465_504,3,3,0.015934,0.016874,0.017592,0.783896,0.034785,0.094654,0.036266
201_12_504_571,3,3,0.028232,0.040245,0.01201,0.593636,0.085996,0.06106,0.178821
202_12_1282_1320,5,5,0.009322,0.022175,0.015515,0.012588,0.021744,0.883089,0.035568
202_12_944_1210,6,3,0.042438,0.105106,0.069011,0.316898,0.101163,0.070006,0.295378
202_11_1631_1734,3,3,0.036781,0.025575,0.041508,0.663691,0.047075,0.160019,0.02535
202_11_195_261,1,3,0.097912,0.129883,0.067263,0.33865,0.032899,0.063458,0.269935
202_12_1399_1601,6,1,0.192753,0.322548,0.071074,0.106003,0.122413,0.042974,0.142236
202_11_611_944,2,1,0.248652,0.296108,0.129871,0.05211,0.102599,0.08199,0.088669
202_11_1324_1398,6,1,0.331894,0.397202,0.029956,0.088531,0.048552,0.058529,0.045337
202_12_571_609,6,6,0.051048,0.121601,0.065956,0.247475,0.079213,0.054621,0.380086
202_12_155_191,6,5,0.022323,0.029004,0.02022,0.031862,0.02108,0.803689,0.071822
202_11_312_406,1,1,0.328617,0.40252,0.056636,0.036212,0.038258,0.102506,0.035251
202_12_431_489,1,5,0.128436,0.147635,0.071942,0.129603,0.037955,0.288085,0.196344
202_11_31_116,1,0,0.511256,0.118786,0.039547,0.067927,0.036615,0.199937,0.025933
202_11_1223_1274,6,0,0.329479,0.290074,0.060371,0.041238,0.057833,0.148514,0.072492
202_11_489_570,1,1,0.222422,0.373932,0.037253,0.172128,0.050884,0.048351,0.09503
202_12_265_311,6,5,0.003776,0.014706,0.017194,0.010003,0.010418,0.915361,0.028542
205_12_1262_1308,0,0,0.759057,0.125317,0.01301,0.006075,0.021739,0.070206,0.004597
205_11_1095_1230,0,0,0.670871,0.246984,0.013557,0.015557,0.019726,0.020244,0.01306
205_12_243_389,3,5,0.01306,0.022118,0.022095,0.265374,0.025286,0.631926,0.020141
205_11_844_939,1,0,0.646335,0.232364,0.018389,0.01183,0.020629,0.062378,0.008075
205_12_942_1091,1,1,0.166936,0.402436,0.055907,0.051468,0.100185,0.178595,0.044473
205_11_197_243,1,5,0.326492,0.206857,0.028313,0.027701,0.013998,0.358564,0.038075
205_11_1308_1390,0,0,0.816607,0.134972,0.00891,0.003812,0.013263,0.017762,0.004674
205_11_535_687,1,1,0.122211,0.432095,0.059615,0.213114,0.050263,0.062312,0.06039
205_12_160_187,6,5,0.025431,0.04068,0.041576,0.312692,0.040888,0.415359,0.123373
205_12_451_485,3,3,0.05053,0.091651,0.121297,0.428585,0.061608,0.191506,0.054823
205_11_31_90,0,0,0.35103,0.098765,0.040541,0.322529,0.028311,0.133268,0.025555
205_11_396_451,2,5,0.011507,0.024127,0.020762,0.021825,0.008783,0.871985,0.041012
205_11_1470_1517,1,0,0.575104,0.240322,0.021333,0.044772,0.020557,0.069433,0.028479
205_12_687_844,3,3,0.03625,0.077277,0.025679,0.490357,0.057654,0.198537,0.114246
205_12_1396_1460,1,0,0.735187,0.206885,0.009752,0.005173,0.022848,0.015179,0.004976
209_12_1211_1595,3,3,0.016248,0.028129,0.017419,0.806669,0.031156,0.032556,0.067822
209_11_1042_1211,1,0,0.459642,0.325053,0.015626,0.054327,0.026909,0.105717,0.012728
209_11_1595_1691,1,1,0.07074,0.404855,0.05155,0.055181,0.369897,0.025308,0.02247
209_12_204_365,6,5,0.041383,0.092062,0.058264,0.325802,0.039827,0.327768,0.114894
209_11_1748_1803,0,1,0.276055,0.342948,0.074504,0.114028,0.061756,0.069778,0.06093
209_12_897_960,6,6,0.027272,0.108725,0.063289,0.190784,0.097232,0.059086,0.453611
209_11_155_204,6,1,0.260622,0.620771,0.017378,0.025322,0.030517,0.033246,0.012145
209_11_552_658,1,1,0.364055,0.512782,0.015222,0.035046,0.024883,0.037333,0.01068
209_12_1010_1042,6,5,0.058763,0.189855,0.113377,0.075402,0.095917,0.248437,0.21825
209_11_410_506,6,1,0.119416,0.435212,0.060583,0.114097,0.068654,0.144116,0.057922
209_12_31_106,3,3,0.037875,0.059366,0.050822,0.397642,0.047031,0.136809,0.270456
209_12_744_843,6,3,0.028989,0.056322,0.041882,0.608341,0.067757,0.088136,0.108573
209_12_658_704,3,5,0.029316,0.073509,0.090572,0.069325,0.210582,0.373799,0.152898
209_11_704_744,1,5,0.127785,0.11075,0.037671,0.016729,0.018935,0.634572,0.053558
209_12_1691_1748,6,3,0.020634,0.052085,0.025648,0.681233,0.0493,0.016102,0.154999
209_12_506_552,1,1,0.207225,0.492285,0.037196,0.011154,0.049485,0.161362,0.041294
209_11_960_1010,5,5,0.12747,0.073088,0.025719,0.082269,0.01877,0.632782,0.039902
209_11_882_897,1,5,0.044376,0.080275,0.039451,0.063698,0.03045,0.630972,0.110778
366_20_1116_1244,1,1,0.123947,0.276532,0.062047,0.102339,0.101733,0.178053,0.155348
366_20_108_230,3,6,0.013197,0.034037,0.017098,0.373229,0.038405,0.0185,0.505534
366_19_1258_1290,3,3,0.039149,0.108928,0.025378,0.521118,0.066507,0.014235,0.224686
366_19_779_827,3,5,0.039885,0.12227,0.063297,0.0573,0.027741,0.349624,0.339884
366_19_31_106,3,6,0.030731,0.056711,0.067907,0.254761,0.045225,0.173988,0.370678
366_20_832_1049,3,3,0.014967,0.024505,0.017061,0.570946,0.091368,0.112208,0.168945
366_20_685_773,1,1,0.054604,0.230499,0.078189,0.187563,0.115583,0.118315,0.215247
366_19_246_306,3,6,0.033688,0.086363,0.039545,0.319789,0.052676,0.022721,0.445219
366_20_318_545,2,5,0.051505,0.067032,0.0503,0.110945,0.088248,0.556156,0.075813
366_19_553_676,3,6,0.011128,0.059252,0.039586,0.284452,0.062079,0.025774,0.517728
366_19_1059_1101,2,6,0.031191,0.098369,0.079184,0.203171,0.039517,0.222211,0.326358
372_19_126_179,3,6,0.006812,0.015754,0.012687,0.330684,0.020787,0.018737,0.594539
372_20_1141_1182,6,6,0.111428,0.210196,0.048052,0.140377,0.104987,0.018737,0.366223
372_19_631_823,1,1,0.106608,0.355462,0.066424,0.058536,0.192353,0.039744,0.180873
372_20_31_112,5,6,0.033705,0.051295,0.042857,0.238175,0.062486,0.218014,0.353469
372_20_962_1040,6,3,0.043761,0.05589,0.026493,0.397636,0.09406,0.117659,0.264502
372_20_186_263,5,3,0.045483,0.051997,0.020099,0.411905,0.05215,0.367193,0.051172
372_19_277_419,3,1,0.26645,0.413742,0.047062,0.100048,0.06106,0.067247,0.044391
372_19_885_949,6,3,0.10737,0.21872,0.059225,0.364232,0.060757,0.054769,0.134927
372_20_435_611,6,1,0.163353,0.47477,0.018465,0.0443,0.16769,0.057663,0.073759
372_19_1048_1117,3,3,0.081968,0.202153,0.028472,0.360344,0.04454,0.066913,0.215611
372_20_836_876,1,3,0.07022,0.215114,0.033786,0.377179,0.197196,0.05025,0.056255
377_19_31_158,6,3,0.012341,0.014344,0.0216,0.540063,0.025306,0.073591,0.312756
377_19_1296_1445,3,1,0.186344,0.222443,0.048117,0.063497,0.086585,0.207658,0.185356
377_20_1101_1275,5,5,0.025134,0.044042,0.017499,0.00986,0.099879,0.76888,0.034706
377_20_184_311,1,5,0.084827,0.13076,0.026811,0.078486,0.241371,0.313797,0.123947
377_20_1461_1593,6,5,0.154477,0.232661,0.04188,0.048184,0.195865,0.286236,0.040698
377_19_880_1087,3,3,0.009236,0.014388,0.008202,0.767497,0.030609,0.027885,0.142184
377_19_548_636,6,6,0.024473,0.060453,0.036798,0.169533,0.058844,0.088776,0.561123
377_20_445_529,6,4,0.048821,0.077356,0.056128,0.060026,0.292284,0.1881,0.277284
377_20_652_865,5,5,0.012581,0.016786,0.009425,0.098892,0.100141,0.715266,0.04691
377_19_335_425,6,6,0.123546,0.147949,0.030935,0.210434,0.069185,0.130839,0.287112
383_19_31_144,3,6,0.017426,0.054735,0.060098,0.201339,0.067552,0.198666,0.400183
383_19_1270_1431,4,6,0.027222,0.210386,0.087311,0.047727,0.100467,0.200272,0.326616
383_19_1570_1749,6,6,0.006101,0.107058,0.095762,0.029554,0.097704,0.056525,0.607295
383_20_161_350,6,5,0.006838,0.03939,0.060313,0.029481,0.078306,0.681766,0.103908
383_19_1815_1880,3,6,0.042856,0.225765,0.067872,0.135217,0.09519,0.02199,0.41111
383_20_1444_1544,6,5,0.015833,0.091702,0.159758,0.039974,0.089198,0.358922,0.244613
383_19_904_1174,1,1,0.039935,0.330114,0.073825,0.038117,0.14949,0.075227,0.293293
383_20_571_888,1,1,0.094915,0.395896,0.038621,0.038694,0.338626,0.055537,0.037711
383_20_1756_1790,6,4,0.019381,0.07708,0.048565,0.112137,0.492833,0.052965,0.197039
383_19_381_554,6,1,0.064199,0.437081,0.050457,0.033272,0.168438,0.119582,0.126972
383_20_1191_1256,6,6,0.021728,0.064835,0.142305,0.165337,0.108915,0.213439,0.283441
383_20_1896_2015,3,3,0.008899,0.023536,0.037224,0.485962,0.04523,0.105528,0.293621
390_20_1096_1275,3,3,0.02548,0.029378,0.020492,0.394124,0.046559,0.290651,0.193317
390_20_1399_1696,3,3,0.024407,0.018353,0.009257,0.553466,0.04065,0.209544,0.144323
390_19_143_285,3,6,0.020676,0.096983,0.034055,0.119814,0.061089,0.020548,0.646835
390_19_1726_1810,3,1,0.095476,0.502335,0.057931,0.095331,0.116006,0.088624,0.044298
390_20_763_977,3,3,0.008102,0.00349,0.004997,0.556006,0.024891,0.385903,0.01661
390_19_1297_1375,3,3,0.157527,0.237106,0.030003,0.354832,0.058403,0.106899,0.05523
390_20_563_634,6,6,0.060291,0.108465,0.07422,0.283997,0.094313,0.022994,0.35572
390_20_300_368,6,6,0.007679,0.019883,0.011891,0.353925,0.02404,0.016336,0.566245
390_19_1007_1080,0,1,0.190214,0.348467,0.038527,0.079711,0.100897,0.170083,0.072102
390_19_397_546,1,6,0.030949,0.11449,0.105037,0.095741,0.098617,0.073528,0.481639
390_20_31_115,3,3,0.008885,0.010337,0.015834,0.509482,0.019755,0.070693,0.365014
390_19_678_756,3,3,0.030394,0.071681,0.028686,0.4822,0.047427,0.06291,0.276702
392_20_126_321,5,3,0.04066,0.099958,0.052054,0.370823,0.070348,0.302577,0.063581
392_20_1117_1330,3,3,0.058642,0.159713,0.036884,0.292599,0.132475,0.254151,0.065536
392_20_1446_1582,3,3,0.056481,0.072436,0.026834,0.622859,0.060476,0.080107,0.080807
392_19_866_1107,3,3,0.057782,0.092158,0.026045,0.474496,0.101399,0.193305,0.054814
392_19_1346_1445,3,3,0.02903,0.028201,0.019207,0.650799,0.040344,0.202816,0.029603
392_19_599_754,3,3,0.098383,0.16306,0.021884,0.456459,0.108014,0.072123,0.080077
392_20_459_569,1,5,0.089545,0.266362,0.060631,0.040896,0.062097,0.3317,0.14877
392_19_31_110,3,3,0.024832,0.009279,0.009327,0.755441,0.015009,0.16661,0.019501
392_19_347_452,3,3,0.064063,0.157874,0.02162,0.505081,0.081715,0.092384,0.077264
392_20_769_815,1,1,0.191404,0.468473,0.033006,0.122527,0.070687,0.05775,0.056153
396_19_31_153,3,5,0.024595,0.054938,0.073598,0.097182,0.033074,0.438777,0.277837
396_19_1295_1390,4,6,0.013907,0.183916,0.157913,0.061536,0.110509,0.022587,0.449634
396_20_1156_1285,5,5,0.007769,0.037551,0.146262,0.026614,0.141289,0.604885,0.035629
396_20_173_377,3,3,0.021321,0.056243,0.063224,0.385799,0.143457,0.03665,0.293306
396_20_1396_1666,4,6,0.025616,0.129382,0.152267,0.151223,0.251123,0.023762,0.266626
396_20_810_988,4,3,0.03215,0.055711,0.055636,0.475241,0.075915,0.024392,0.280955
396_20_540_643,4,1,0.07341,0.285748,0.161831,0.026568,0.207384,0.033823,0.211235
396_19_1001_1147,1,6,0.012482,0.062311,0.140026,0.086685,0.107571,0.251206,0.339719
396_19_385_524,3,3,0.018021,0.032539,0.023675,0.413682,0.096763,0.28997,0.125351
396_19_670_801,3,6,0.038819,0.208339,0.12881,0.040224,0.115401,0.050103,0.418303
618_31_1247_1449,5,5,0.006104,0.005357,0.01122,0.144511,0.010944,0.787505,0.034358
618_32_1067_1241,6,5,0.026381,0.043667,0.027152,0.033891,0.029086,0.745461,0.094362
618_31_2514_2703,3,3,0.009593,0.013057,0.017771,0.763712,0.025262,0.027804,0.1428
618_31_920_980,1,6,0.016567,0.069067,0.045805,0.180662,0.064955,0.035061,0.587882
618_32_137_254,5,6,0.035801,0.067795,0.097519,0.115685,0.040873,0.260034,0.382292
618_31_1809_2334,6,6,0.032283,0.104236,0.042335,0.241247,0.108046,0.090051,0.381802
618_32_1570_1807,5,5,0.0197,0.026307,0.032783,0.27155,0.029251,0.433275,0.187134
618_32_540_890,6,3,0.030996,0.084093,0.082963,0.328461,0.136406,0.156488,0.180592
618_32_2372_2477,6,6,0.099344,0.110869,0.036924,0.163401,0.035069,0.100693,0.4537
618_31_273_526,6,3,0.026303,0.067808,0.065608,0.335478,0.129402,0.208254,0.167147
618_31_31_107,6,5,0.007922,0.02751,0.130906,0.040591,0.025217,0.481694,0.286161
618_32_2730_2745,3,3,0.010596,0.011078,0.039872,0.729089,0.030922,0.021515,0.156928
624_31_31_244,2,4,0.055178,0.199257,0.052877,0.085092,0.473798,0.088979,0.044819
624_32_1048_1434,6,5,0.080646,0.196219,0.145234,0.036874,0.097972,0.229253,0.213803
624_31_2047_2116,1,5,0.113292,0.237624,0.078854,0.054631,0.063928,0.239081,0.21259
624_31_1480_1733,1,5,0.112249,0.163573,0.087622,0.030082,0.173358,0.364469,0.068648
624_32_1772_2031,0,1,0.335865,0.462206,0.021058,0.0347,0.059696,0.019537,0.066938
624_32_2132_2349,1,0,0.240185,0.215762,0.19743,0.056257,0.132914,0.078567,0.078885
624_32_691_965,1,4,0.060768,0.242199,0.093498,0.035126,0.349103,0.06929,0.150017
624_31_414_676,6,1,0.072498,0.416879,0.098504,0.046176,0.158883,0.045981,0.161078
624_32_268_397,6,6,0.079277,0.159883,0.147138,0.058362,0.135443,0.142914,0.276983
624_31_990_1031,1,1,0.116378,0.537977,0.066566,0.026664,0.16292,0.020254,0.069241
628_31_31_164,5,5,0.039496,0.014871,0.012228,0.191901,0.015432,0.693469,0.032602
628_32_1125_1364,6,3,0.006819,0.017949,0.020515,0.674347,0.016324,0.010881,0.253165
628_32_1973_2048,6,3,0.010536,0.005972,0.015702,0.807277,0.011732,0.101105,0.047676
628_32_1619_1815,6,3,0.149947,0.123347,0.013275,0.469011,0.049843,0.166252,0.028325
628_32_170_329,3,3,0.017403,0.029807,0.050898,0.569906,0.059627,0.062266,0.210093
628_31_1364_1618,1,5,0.064496,0.136835,0.107,0.065133,0.127852,0.32064,0.178044
628_31_878_1074,6,6,0.022787,0.078532,0.039639,0.324283,0.030342,0.030115,0.474302
628_31_331_705,3,1,0.121703,0.260025,0.062351,0.090794,0.137707,0.094365,0.233056
628_32_713_852,6,3,0.015359,0.01406,0.007956,0.757571,0.047572,0.018615,0.138867
628_31_1852_1972,6,3,0.065818,0.025159,0.026907,0.670065,0.07978,0.047956,0.084315
630_32_118_234,5,5,0.045419,0.057609,0.08186,0.040027,0.034999,0.617948,0.122138
630_31_1024_1352,6,6,0.01805,0.059892,0.04366,0.174918,0.108241,0.01697,0.578269
630_32_1856_2206,3,3,0.042025,0.043591,0.019875,0.430389,0.053231,0.161128,0.249762
630_32_1353_1786,6,6,0.093066,0.198327,0.13229,0.076344,0.156588,0.116543,0.226842
630_31_1798_1856,6,3,0.016353,0.033522,0.027074,0.505028,0.042155,0.02939,0.346478
630_32_807_994,6,1,0.107622,0.23579,0.114434,0.071666,0.122414,0.185562,0.162512
630_31_522_807,1,1,0.073195,0.269972,0.124335,0.058113,0.264065,0.070148,0.140172
630_31_263_366,4,6,0.041035,0.118723,0.034613,0.258858,0.124092,0.018035,0.404643
630_32_374_496,5,0,0.542698,0.156721,0.017699,0.008583,0.025173,0.233149,0.015977
630_31_31_115,6,3,0.019361,0.020383,0.047969,0.497878,0.038741,0.070525,0.305144
633_32_2472_2897,1,1,0.175293,0.408514,0.047555,0.030717,0.211388,0.044315,0.082218
633_31_31_243,3,3,0.025404,0.018045,0.02568,0.532369,0.14554,0.149075,0.103887
633_32_956_1504,1,6,0.057667,0.215059,0.091866,0.059894,0.072303,0.140368,0.362843
633_32_245_586,6,6,0.034239,0.15148,0.05901,0.233753,0.09341,0.081676,0.346432
633_32_3044_3171,6,1,0.160239,0.388988,0.036059,0.018197,0.218231,0.02879,0.149496
633_31_2931_3022,4,2,0.015118,0.137187,0.345389,0.033561,0.23963,0.009707,0.219409
633_31_1558_1785,2,4,0.037959,0.11836,0.132693,0.027226,0.406118,0.088725,0.188919
633_31_620_916,6,4,0.073047,0.204479,0.13738,0.02668,0.335944,0.045744,0.176726
633_31_2264_2452,6,6,0.016794,0.060109,0.078212,0.149518,0.072069,0.080725,0.542573
633_32_1823_1982,1,0,0.347496,0.322944,0.048399,0.009446,0.065819,0.137077,0.068819
640_32_119_407,6,3,0.040881,0.091581,0.054871,0.515025,0.045781,0.075984,0.175878
640_31_1175_1431,5,5,0.032999,0.044814,0.0444,0.114751,0.043396,0.565341,0.154299
640_32_1969_2061,6,3,0.025719,0.062647,0.034207,0.485744,0.027245,0.013696,0.350742
640_31_1700_1949,5,3,0.031556,0.052387,0.055017,0.352374,0.041036,0.295584,0.172045
640_32_1449_1667,6,6,0.022124,0.089971,0.053186,0.234541,0.084929,0.050446,0.464803
640_31_2097_2258,6,6,0.026009,0.038506,0.079891,0.254636,0.050107,0.094655,0.456198
640_32_874_1135,3,3,0.020161,0.050548,0.026504,0.632212,0.04428,0.042103,0.184191
640_32_2274_2396,6,3,0.030271,0.063349,0.048104,0.545535,0.060098,0.137563,0.11508
640_31_420_862,6,6,0.01997,0.039618,0.044475,0.35101,0.09632,0.079586,0.369021
640_31_31_106,3,3,0.069392,0.092456,0.05726,0.265047,0.13053,0.222387,0.162929
682_35_1165_1210,1,1,0.184757,0.431391,0.060207,0.046625,0.117207,0.038069,0.121743
682_36_765_827,1,1,0.323852,0.419128,0.049992,0.009141,0.062888,0.087486,0.047513
682_36_965_1087,1,1,0.326066,0.519773,0.032311,0.01267,0.046766,0.011563,0.050851
682_35_679_757,1,1,0.266112,0.372142,0.053303,0.089271,0.040316,0.094886,0.083969
682_35_237_284,1,5,0.081744,0.169793,0.025176,0.038992,0.04961,0.600434,0.034252
682_36_537_653,2,1,0.144106,0.540303,0.082825,0.012977,0.110438,0.012601,0.096751
682_35_83_119,5,5,0.122534,0.159296,0.054368,0.019168,0.019478,0.580212,0.044942
682_35_891_932,1,1,0.161826,0.335195,0.062365,0.016768,0.046098,0.286996,0.090752
682_36_160_212,6,6,0.038713,0.235558,0.098628,0.037779,0.129121,0.168945,0.291256
682_35_470_511,0,6,0.055051,0.173964,0.074353,0.193091,0.058727,0.140666,0.304148
682_36_294_395,1,1,0.190236,0.493125,0.073934,0.008735,0.116504,0.055707,0.061759
682_36_31_59,1,1,0.052701,0.390619,0.096704,0.012313,0.343578,0.015672,0.088412
687_35_1246_1296,3,3,0.028116,0.055047,0.040381,0.561171,0.076947,0.105882,0.132456
687_36_1166_1192,6,5,0.040148,0.081774,0.054373,0.214675,0.031993,0.360458,0.216579
687_35_1631_1682,2,2,0.032349,0.188966,0.25613,0.041379,0.139979,0.211775,0.129422
687_36_233_380,6,6,0.025789,0.048516,0.026032,0.327965,0.017844,0.02237,0.531484
687_35_1453_1523,1,1,0.04231,0.223927,0.164929,0.108263,0.220224,0.026674,0.213672
687_36_31_126,6,6,0.017753,0.070549,0.043479,0.233626,0.029905,0.072888,0.5318
687_36_883_952,1,6,0.027992,0.13588,0.080008,0.085217,0.058874,0.217096,0.394934
687_36_589_678,5,5,0.059754,0.172321,0.073445,0.046569,0.044475,0.40785,0.195586
687_35_983_1153,3,6,0.012682,0.037112,0.054704,0.25216,0.098553,0.02064,0.524149
687_35_403_452,2,3,0.10381,0.113338,0.068631,0.242754,0.092347,0.239753,0.139367
687_35_778_864,3,6,0.087948,0.130837,0.052962,0.147484,0.058299,0.190595,0.331874
687_36_718_765,1,1,0.148176,0.419897,0.058574,0.100308,0.121384,0.093499,0.058161
687_36_1354_1413,5,3,0.008026,0.015269,0.025739,0.462467,0.017042,0.017742,0.453714
687_36_1547_1630,1,5,0.20416,0.132881,0.019842,0.051115,0.026874,0.530127,0.035
687_35_523_583,6,6,0.022437,0.048833,0.066616,0.163403,0.103899,0.018483,0.57633
687_35_678_701,2,3,0.044459,0.152175,0.072284,0.344932,0.142025,0.054461,0.189663
687_36_483_508,5,5,0.062967,0.084679,0.024163,0.025613,0.020547,0.706886,0.075145
687_35_138_161,2,6,0.029241,0.10669,0.118626,0.154381,0.099276,0.063292,0.428494
689_35_123_137,3,6,0.028996,0.039708,0.047285,0.203598,0.10015,0.248014,0.332248
689_36_1208_1313,4,4,0.023988,0.062561,0.051416,0.120634,0.445528,0.049942,0.245931
689_36_1604_1679,6,6,0.017488,0.107864,0.076375,0.208468,0.048484,0.23155,0.309771
689_35_215_255,3,6,0.016457,0.04464,0.092083,0.334059,0.070262,0.039399,0.403098
689_35_1376_1543,6,6,0.015947,0.028959,0.042869,0.214335,0.023658,0.050377,0.623854
689_36_568_616,5,5,0.013531,0.039123,0.030363,0.073988,0.038784,0.684646,0.119566
689_35_1120_1176,6,5,0.009105,0.019347,0.081399,0.037345,0.247745,0.498522,0.106538
689_36_161_190,6,6,0.030256,0.120676,0.070695,0.106943,0.069821,0.300631,0.300978
689_35_632_751,1,2,0.057001,0.150012,0.233825,0.035656,0.215964,0.078447,0.229096
689_36_955_1086,6,6,0.015349,0.057949,0.039637,0.213058,0.038094,0.040781,0.595133
689_35_364_553,2,6,0.016697,0.032643,0.061873,0.124974,0.065987,0.040083,0.657743
689_36_796_832,6,6,0.008921,0.04635,0.092055,0.210282,0.055322,0.146818,0.440252
689_36_65_91,5,5,0.033868,0.045739,0.023985,0.062845,0.023397,0.735632,0.074535
689_35_865_906,2,2,0.014287,0.083818,0.368657,0.015366,0.175995,0.036791,0.305087
689_36_307_316,6,6,0.101381,0.139555,0.066181,0.180397,0.050997,0.124884,0.336605
689_35_31_43,3,3,0.030515,0.024428,0.039802,0.714389,0.036295,0.092787,0.061784
690_35_82_254,6,6,0.017613,0.051672,0.050291,0.152626,0.059864,0.125803,0.542132
690_36_1341_1516,6,6,0.010685,0.033115,0.018759,0.410528,0.018601,0.017912,0.4904
690_36_941_988,1,2,0.011754,0.228754,0.285175,0.070367,0.219292,0.016882,0.167776
690_35_1016_1166,6,6,0.006147,0.017158,0.0255,0.248126,0.013613,0.041044,0.648412
690_35_318_421,2,6,0.033151,0.066088,0.091988,0.058971,0.055948,0.202261,0.491593
690_36_613_655,1,5,0.022901,0.162786,0.131621,0.049661,0.068975,0.291819,0.272236
690_36_438_517,6,6,0.009658,0.071665,0.053318,0.16318,0.036229,0.044573,0.621377
690_36_31_71,6,6,0.102538,0.206397,0.064584,0.122275,0.040638,0.15581,0.307758
690_36_1194_1284,6,6,0.036504,0.12214,0.054161,0.109279,0.02581,0.114606,0.537499
690_35_676_914,1,6,0.016235,0.11286,0.151447,0.05258,0.101408,0.149245,0.416226
690_35_537_583,1,6,0.004899,0.053704,0.154397,0.085048,0.066094,0.118516,0.517343
690_36_293_310,6,3,0.037922,0.114407,0.018401,0.519037,0.184902,0.043796,0.081535
690_35_1305_1312,3,6,0.017444,0.051041,0.07316,0.271271,0.063219,0.028419,0.495445
690_35_1541_1553,3,3,0.010289,0.017788,0.011115,0.636858,0.021744,0.038664,0.263542
691_36_31_74,1,1,0.170885,0.404632,0.080206,0.044264,0.107332,0.136045,0.056635
691_36_743_752,5,5,0.029211,0.056487,0.037996,0.055536,0.035966,0.652702,0.132102
691_36_994_1065,1,1,0.24174,0.286326,0.050385,0.181824,0.028915,0.163177,0.047633
691_35_687_708,6,6,0.063069,0.164259,0.045696,0.245675,0.083731,0.11741,0.280161
691_36_145_183,1,5,0.041674,0.195874,0.08691,0.06832,0.038789,0.473354,0.095079
691_35_80_114,5,6,0.01987,0.073088,0.115094,0.023403,0.060199,0.350263,0.358082
691_35_947_971,3,0,0.264163,0.111325,0.057315,0.200737,0.060728,0.20904,0.096693
691_35_433_454,6,2,0.022103,0.018502,0.438403,0.063312,0.13249,0.173547,0.151642
691_36_339_396,1,1,0.055251,0.308845,0.170235,0.017638,0.294158,0.019634,0.134239
691_35_283_308,5,5,0.016334,0.027753,0.023735,0.032583,0.025564,0.857698,0.016332
691_36_657_675,2,5,0.086256,0.14995,0.042742,0.028734,0.050636,0.525897,0.115785
691_35_605_631,6,5,0.060962,0.093014,0.08769,0.152561,0.042865,0.357339,0.205568
691_35_853_872,5,3,0.225924,0.098188,0.055362,0.258561,0.029653,0.126018,0.206293
691_36_895_906,1,5,0.08956,0.09367,0.034156,0.060866,0.023345,0.652019,0.046383
691_36_488_572,6,1,0.157367,0.500114,0.06446,0.053261,0.113767,0.059284,0.051746
692_35_91_179,3,5,0.094246,0.073754,0.018256,0.04013,0.025309,0.703554,0.044751
692_35_1169_1275,3,3,0.022355,0.072345,0.023819,0.742434,0.035688,0.021206,0.082152
692_36_228_360,3,5,0.051105,0.138106,0.046796,0.221292,0.09054,0.300135,0.152027
692_36_530_676,3,4,0.092817,0.220607,0.035589,0.099966,0.48966,0.042343,0.019018
692_36_1101_1117,2,6,0.072572,0.191656,0.088096,0.128737,0.101553,0.196198,0.221187
692_35_390_481,3,3,0.018779,0.153701,0.116435,0.476736,0.08428,0.111928,0.038141
692_35_1542_1644,3,6,0.043849,0.100284,0.043584,0.307156,0.067921,0.02161,0.415596
692_36_1375_1435,3,3,0.053391,0.021983,0.029812,0.671461,0.04087,0.021087,0.161397
692_36_1688_1716,3,3,0.051499,0.022907,0.021129,0.781339,0.027845,0.046059,0.049221
692_36_857_890,6,6,0.032039,0.068902,0.17971,0.08202,0.06961,0.234655,0.333065
692_35_752_805,3,4,0.026277,0.158674,0.129011,0.034334,0.396808,0.028834,0.226062
692_35_957_1010,6,5,0.027671,0.101256,0.093233,0.128572,0.030342,0.432467,0.186459
692_36_31_42,3,3,0.035998,0.096128,0.017825,0.658117,0.076651,0.073718,0.041563
699_36_1251_1300,1,5,0.056095,0.16722,0.048051,0.021119,0.027186,0.646241,0.034087
699_35_1176_1200,6,5,0.011937,0.10692,0.121402,0.028204,0.024564,0.646829,0.060146
699_36_252_315,5,5,0.068557,0.199594,0.058141,0.014582,0.027215,0.589746,0.042166
699_35_170_217,5,1,0.153838,0.342126,0.105407,0.016416,0.080584,0.153548,0.148081
699_36_573_609,2,6,0.059541,0.20131,0.050768,0.151521,0.076088,0.04925,0.411522
699_35_437_502,2,5,0.09617,0.27276,0.063447,0.022233,0.047354,0.385311,0.112724
699_35_31_73,5,5,0.063843,0.09948,0.065136,0.024337,0.023376,0.615658,0.10817
699_36_1495_1641,1,0,0.33573,0.211831,0.080777,0.052641,0.036031,0.251113,0.031878
699_36_772_910,1,6,0.1268,0.249504,0.067337,0.154278,0.052254,0.084834,0.264994
699_35_1361_1423,6,5,0.006422,0.04372,0.035578,0.011765,0.012119,0.815876,0.07452
699_35_1682_1741,1,6,0.015601,0.095034,0.178625,0.045955,0.182334,0.062229,0.420222
699_35_335_375,5,5,0.050805,0.171078,0.15945,0.034681,0.059755,0.303122,0.22111
699_36_129_142,5,5,0.072094,0.155277,0.059497,0.008366,0.030552,0.590723,0.083492
699_35_612_616,2,6,0.019901,0.057775,0.043507,0.263137,0.043357,0.021015,0.551308
699_36_376_380,5,5,0.044317,0.072505,0.065873,0.049678,0.051331,0.629099,0.087197
703_36_122_178,6,5,0.123869,0.166731,0.031125,0.033127,0.045358,0.545474,0.054316
703_35_1271_1312,1,5,0.115625,0.263537,0.07292,0.007766,0.019852,0.463805,0.056495
703_36_1069_1259,1,1,0.217291,0.426746,0.059847,0.052773,0.090125,0.065676,0.087542
703_35_941_1048,4,4,0.016892,0.17583,0.057057,0.0318,0.556219,0.0764,0.085802
703_36_1314_1423,0,0,0.267176,0.266097,0.05261,0.059212,0.040068,0.183647,0.131189
703_36_592_618,6,5,0.053256,0.065567,0.032635,0.031183,0.021791,0.699622,0.095945
703_36_288_340,6,6,0.026773,0.042456,0.034678,0.175787,0.040546,0.28595,0.39381
703_35_628_716,1,1,0.242304,0.519747,0.035145,0.016205,0.076657,0.025624,0.084318
703_36_414_470,1,3,0.032031,0.130888,0.086137,0.283643,0.122462,0.111404,0.233434
703_36_717_750,1,1,0.095807,0.352583,0.05779,0.125603,0.173461,0.061393,0.133364
703_35_383_410,5,5,0.028177,0.139652,0.109176,0.086716,0.079054,0.341733,0.215492
703_35_515_579,4,1,0.128493,0.423006,0.059664,0.039867,0.233648,0.048814,0.066509
703_35_752_818,4,1,0.389536,0.413237,0.038149,0.006987,0.039473,0.072824,0.039795
703_35_31_51,4,1,0.098014,0.300392,0.087736,0.088974,0.229073,0.095804,0.100008
703_36_880_922,1,5,0.020747,0.125247,0.065082,0.083828,0.092205,0.31734,0.295551
703_35_211_248,4,1,0.069971,0.2663,0.099574,0.065956,0.214996,0.090136,0.193065
704_36_31_221,0,1,0.216354,0.237348,0.033791,0.230418,0.091051,0.15043,0.040609
704_35_1262_1393,1,3,0.029705,0.166607,0.265277,0.29715,0.128381,0.035025,0.077856
704_36_1060_1237,1,3,0.055047,0.129855,0.046442,0.308556,0.228615,0.202165,0.029321
704_35_1781_1935,1,1,0.089232,0.487438,0.067569,0.046573,0.260072,0.031975,0.017141
704_36_1442_1552,1,5,0.064994,0.168923,0.018574,0.089959,0.037049,0.570507,0.049994
704_36_2155_2288,4,1,0.139142,0.444668,0.021867,0.046937,0.295109,0.020807,0.03147
704_35_820_942,2,4,0.03646,0.185285,0.107624,0.100462,0.282667,0.149629,0.137873
704_35_591_670,2,5,0.022963,0.084192,0.033798,0.04327,0.035851,0.721413,0.058514
704_36_2053_2116,4,4,0.026592,0.114151,0.113755,0.046216,0.386715,0.099001,0.21357
704_36_301_352,1,3,0.012487,0.009774,0.011304,0.768542,0.023535,0.085945,0.088413
704_35_391_445,6,5,0.019829,0.047426,0.017263,0.254364,0.025919,0.473464,0.161736
704_35_2120_2142,5,5,0.028289,0.030813,0.014373,0.009212,0.012002,0.86238,0.04293
704_36_702_784,1,0,0.386275,0.319895,0.013293,0.12931,0.035455,0.073507,0.042265
704_36_1686_1738,2,5,0.043073,0.152226,0.229481,0.052762,0.105706,0.287343,0.129409
704_35_1555_1604,1,5,0.034813,0.093809,0.064524,0.050573,0.051979,0.558521,0.145781
704_36_507_582,1,5,0.142319,0.15944,0.047384,0.019276,0.028951,0.550157,0.052472
704_35_260_270,6,6,0.047227,0.15128,0.102385,0.048958,0.117109,0.203313,0.329727
706_35_1165_1231,0,0,0.789923,0.155101,0.006226,0.003574,0.022392,0.017716,0.005068
706_35_1372_1507,1,0,0.687812,0.115726,0.009904,0.012675,0.036301,0.128461,0.00912
706_36_31_127,1,5,0.186032,0.243392,0.044838,0.033367,0.035119,0.387622,0.06963
706_36_948_1013,1,5,0.287425,0.241184,0.019811,0.020855,0.04518,0.364159,0.021386
706_35_178_211,6,3,0.013475,0.038599,0.025265,0.437086,0.017316,0.0334,0.434859
706_36_1297_1369,0,5,0.300294,0.201599,0.028493,0.027858,0.033088,0.362084,0.046583
706_36_1121_1164,0,0,0.363943,0.311944,0.022003,0.135441,0.034308,0.031951,0.10041
706_35_307_351,0,5,0.259527,0.168736,0.043953,0.023813,0.032036,0.431955,0.039982
706_35_626_711,0,0,0.671519,0.251887,0.007886,0.004417,0.017539,0.039716,0.007035
706_36_604_617,1,5,0.042933,0.064621,0.030165,0.032031,0.019906,0.650585,0.159758
706_35_518_559,0,5,0.262809,0.14384,0.031691,0.013747,0.020874,0.488609,0.038429
706_35_853_888,0,0,0.737671,0.197737,0.007488,0.00409,0.03241,0.017519,0.003084
706_36_737_796,1,1,0.227005,0.284642,0.018043,0.282447,0.065612,0.028142,0.094109
706_35_1058_1103,0,1,0.224162,0.368216,0.055209,0.044349,0.074156,0.047255,0.186653
706_36_482_517,1,6,0.014031,0.126888,0.077631,0.093121,0.047283,0.107649,0.533397
706_36_213_249,6,3,0.09622,0.119108,0.053415,0.263646,0.042891,0.197402,0.227318
708_35_1127_1236,1,0,0.497668,0.291228,0.022758,0.030712,0.067783,0.068723,0.021128
708_35_1678_1740,0,0,0.676198,0.26425,0.008324,0.00273,0.027465,0.01936,0.001673
708_35_179_313,1,5,0.234395,0.150405,0.029205,0.011455,0.131165,0.419345,0.02403
708_35_1374_1524,1,0,0.69432,0.209766,0.014753,0.006264,0.045169,0.022777,0.00695
708_36_801_966,1,0,0.600417,0.240251,0.015802,0.011383,0.019856,0.097576,0.014715
708_36_1337_1374,0,1,0.346554,0.45277,0.034697,0.043345,0.046467,0.040591,0.035576
708_35_511_672,1,4,0.172879,0.249031,0.027186,0.019618,0.311378,0.197105,0.022802
708_36_1072_1127,0,0,0.536449,0.160638,0.041779,0.032301,0.02916,0.175954,0.023718
708_36_313_389,1,5,0.077429,0.083817,0.01604,0.161159,0.032465,0.55921,0.069879
708_35_966_1072,1,0,0.421884,0.266218,0.018672,0.067314,0.030587,0.155176,0.040148
708_36_452_511,1,5,0.023837,0.071149,0.047913,0.018588,0.024853,0.754397,0.059262
708_35_31_101,1,5,0.267449,0.146179,0.023495,0.014154,0.030959,0.484512,0.033252
708_35_389_452,5,5,0.009219,0.017628,0.016262,0.018299,0.01998,0.899808,0.018804
708_36_1524_1652,1,1,0.215515,0.384369,0.03433,0.062964,0.068519,0.110558,0.123744
708_35_722_761,1,1,0.216284,0.404473,0.038673,0.014833,0.121274,0.156864,0.047599
708_36_672_722,0,1,0.200178,0.507325,0.032658,0.043583,0.050693,0.115401,0.050161
708_36_146_179,1,5,0.028563,0.087712,0.065624,0.012107,0.025921,0.682681,0.097392
717_36_124_223,3,6,0.015815,0.05219,0.032227,0.294357,0.042546,0.031745,0.53112
717_36_1060_1194,3,3,0.014156,0.034755,0.04347,0.515149,0.020436,0.249421,0.122613
717_36_1650_1706,5,5,0.031803,0.042379,0.021428,0.068474,0.0189,0.775163,0.041853
717_35_223_347,3,3,0.011505,0.025125,0.045129,0.695947,0.03644,0.044138,0.141715
717_35_1791_1859,1,1,0.090721,0.30822,0.089171,0.080468,0.165695,0.085583,0.180142
717_35_1461_1606,1,2,0.016847,0.119033,0.458133,0.014792,0.079496,0.241292,0.070407
717_36_928_949,3,6,0.011762,0.065474,0.044082,0.272452,0.018635,0.035102,0.552493
717_35_949_1016,3,3,0.018905,0.055214,0.030974,0.422798,0.03039,0.391766,0.049952
717_36_1330_1396,5,5,0.011707,0.036782,0.022084,0.021332,0.019925,0.812632,0.075537
717_36_543_817,3,3,0.034803,0.050437,0.013019,0.606906,0.035992,0.144229,0.114615
717_36_417_485,3,3,0.011123,0.032018,0.019351,0.702921,0.02148,0.133457,0.079649
717_35_31_85,3,5,0.036228,0.04605,0.045367,0.256487,0.024688,0.497618,0.093562
717_35_1194_1285,1,5,0.007258,0.058951,0.082207,0.023825,0.028059,0.734062,0.065638
717_35_485_523,3,5,0.013052,0.017948,0.012856,0.086223,0.007925,0.808178,0.053819
717_35_861_895,5,5,0.049596,0.079598,0.011951,0.022562,0.016895,0.775445,0.043953
961_50_123_165,6,1,0.069298,0.329804,0.03167,0.174319,0.156376,0.041105,0.197427
961_49_1170_1288,1,1,0.116482,0.358121,0.105486,0.135472,0.119897,0.13143,0.033111
961_49_905_1025,4,1,0.227006,0.406245,0.047258,0.04192,0.227314,0.02675,0.023506
961_49_182_241,1,1,0.238812,0.420164,0.086012,0.050784,0.049338,0.10746,0.04743
961_50_1302_1443,0,0,0.409913,0.347425,0.026114,0.043316,0.038794,0.095078,0.03936
961_49_577_649,1,1,0.248039,0.440938,0.083313,0.040066,0.077977,0.018235,0.091431
961_50_1064_1145,1,3,0.099642,0.187901,0.035797,0.28807,0.112314,0.142455,0.133821
961_49_340_486,6,1,0.144485,0.531776,0.045707,0.059574,0.137892,0.038911,0.041654
961_49_31_98,3,3,0.024635,0.058912,0.069418,0.3835,0.045828,0.182868,0.234838
961_49_1470_1520,0,0,0.323261,0.263074,0.059385,0.13656,0.050432,0.102096,0.065192
961_50_697_740,1,1,0.078261,0.294994,0.028181,0.289156,0.167392,0.023581,0.118434
961_50_502_572,5,5,0.016876,0.048017,0.053427,0.042478,0.048836,0.712961,0.077405
961_50_842_895,1,1,0.154301,0.402451,0.04617,0.117027,0.129424,0.049052,0.101575
961_49_752_813,1,3,0.090384,0.256478,0.033796,0.348114,0.130195,0.09785,0.043183
961_50_272_326,0,0,0.371417,0.359672,0.024944,0.053817,0.051521,0.062727,0.075901
963_49_1287_1336,1,5,0.15823,0.169566,0.06006,0.014291,0.03728,0.417445,0.143129
963_50_254_294,3,6,0.026904,0.06546,0.063576,0.151906,0.050491,0.094947,0.546716
963_50_1354_1477,2,3,0.072897,0.135338,0.032243,0.509348,0.171417,0.023804,0.054951
963_49_905_946,3,3,0.037556,0.15907,0.033358,0.397215,0.079133,0.015017,0.278652
963_49_133_232,6,1,0.05583,0.495496,0.040619,0.029965,0.175146,0.026882,0.176063
963_49_553_610,1,1,0.292527,0.424733,0.037373,0.025237,0.052115,0.109127,0.058886
963_49_1084_1172,5,5,0.156093,0.089003,0.016958,0.010791,0.028369,0.672107,0.026679
963_49_315_425,4,1,0.055094,0.340551,0.097854,0.025609,0.19436,0.044148,0.242383
963_50_977_1061,1,3,0.127399,0.242945,0.041933,0.267946,0.129672,0.036274,0.153831
963_50_442_522,6,4,0.034409,0.126193,0.067177,0.036192,0.634552,0.021242,0.080234
963_50_31_89,3,3,0.022998,0.078287,0.115389,0.316625,0.115211,0.05892,0.29257
963_49_1507_1575,3,3,0.03648,0.113118,0.024433,0.707127,0.037133,0.016445,0.065264
963_50_1185_1272,2,3,0.05855,0.148529,0.059958,0.411478,0.17686,0.063913,0.080712
963_49_738_825,3,3,0.058191,0.116343,0.012972,0.450535,0.104045,0.202583,0.055331
963_50_645_696,3,3,0.043844,0.086499,0.020217,0.578939,0.152286,0.052486,0.06573
963_50_850_884,3,4,0.020289,0.023218,0.126766,0.354219,0.382265,0.009585,0.083659
964_49_1233_1441,3,3,0.070815,0.151168,0.040127,0.450658,0.05444,0.208568,0.024223
964_50_1183_1231,3,3,0.052439,0.12763,0.012067,0.658459,0.034815,0.017824,0.096767
964_49_149_271,5,5,0.014699,0.111143,0.115579,0.016671,0.076228,0.608562,0.057117
964_50_95_125,6,6,0.018638,0.067758,0.077606,0.123321,0.07069,0.041342,0.600644
964_50_902_965,1,6,0.018664,0.05233,0.015815,0.42167,0.028792,0.010929,0.4518
964_49_575_646,5,1,0.087378,0.278942,0.101865,0.028156,0.041838,0.199938,0.261882
964_50_1140_1175,3,3,0.048131,0.050535,0.006443,0.725628,0.021531,0.038428,0.109304
964_49_985_1117,3,3,0.022105,0.037183,0.013259,0.604401,0.020171,0.291645,0.011236
964_50_272_341,3,3,0.017313,0.048194,0.03606,0.444431,0.023724,0.047442,0.382836
964_50_467_538,1,6,0.025667,0.193094,0.087799,0.109493,0.215053,0.012742,0.356151
964_49_31_80,5,5,0.009299,0.017861,0.025154,0.039888,0.04083,0.733052,0.133917
964_50_1475_1541,3,3,0.16933,0.212591,0.05764,0.3203,0.094663,0.025791,0.119686
964_49_798_858,6,5,0.142911,0.22369,0.045822,0.050749,0.09944,0.318449,0.118939
964_50_661_753,1,3,0.026168,0.076013,0.023984,0.442869,0.086177,0.051699,0.293089
964_49_365_431,5,5,0.046904,0.106154,0.037392,0.040559,0.021239,0.503817,0.243936
964_49_1176_1183,3,3,0.04981,0.078652,0.042267,0.629463,0.032219,0.121192,0.046397
977_50_112_210,0,0,0.728289,0.130205,0.005791,0.015743,0.011218,0.102014,0.006741
977_50_1186_1524,1,1,0.084028,0.292887,0.048327,0.228247,0.166666,0.037356,0.142489
977_49_1540_1687,3,0,0.491895,0.255974,0.03479,0.025915,0.018686,0.147018,0.025721
977_49_237_288,0,0,0.671981,0.210883,0.00594,0.001758,0.013418,0.089781,0.006238
977_50_930_972,1,3,0.088037,0.095318,0.02001,0.418196,0.020963,0.018393,0.339083
977_50_558_603,1,1,0.216198,0.333908,0.020464,0.181148,0.043608,0.026045,0.178628
977_49_1026_1178,3,3,0.027858,0.06306,0.040318,0.707424,0.033046,0.025234,0.103061
977_50_312_400,0,0,0.670585,0.205063,0.023795,0.007599,0.017392,0.057933,0.017633
977_49_628_687,0,0,0.436475,0.377393,0.025937,0.008019,0.044759,0.074486,0.03293
977_49_428_517,1,1,0.42076,0.477385,0.013564,0.006237,0.03397,0.025281,0.022803
977_49_31_109,3,1,0.038001,0.390174,0.144906,0.021406,0.24641,0.016286,0.142817
977_49_794_909,1,1,0.170833,0.415421,0.054915,0.032676,0.090069,0.101064,0.135021
977_50_706_777,1,1,0.200797,0.342635,0.029903,0.172119,0.043418,0.045276,0.165853
980_50_31_133,3,3,0.012036,0.004537,0.011405,0.86451,0.06005,0.019047,0.028415
980_50_1161_1350,3,3,0.021655,0.01822,0.013753,0.602367,0.280075,0.010766,0.053164
980_49_1366_1489,3,3,0.013443,0.005834,0.005714,0.785029,0.036202,0.145218,0.00856
980_50_907_983,3,3,0.010645,0.019511,0.020241,0.780876,0.02798,0.029725,0.111022
980_49_155_219,5,5,0.01103,0.023554,0.0101,0.011315,0.010957,0.916492,0.016551
980_49_581_644,5,0,0.533853,0.169146,0.011145,0.007223,0.023823,0.242859,0.011951
980_49_1009_1093,3,3,0.008035,0.004924,0.007416,0.857249,0.021784,0.096678,0.003913
980_49_393_487,5,5,0.01067,0.024766,0.029926,0.008649,0.009305,0.898375,0.018308
980_50_1501_1583,3,3,0.009567,0.003759,0.003369,0.897134,0.061016,0.010528,0.014626
980_50_671_738,3,3,0.061879,0.100248,0.015522,0.655791,0.04601,0.010257,0.110293
980_50_511_580,3,3,0.009666,0.007531,0.006367,0.865692,0.022003,0.046298,0.042443
980_49_824_883,3,5,0.003974,0.004981,0.006662,0.154077,0.007231,0.818017,0.005057
980_50_276_319,3,3,0.038527,0.079574,0.050907,0.567773,0.063393,0.033047,0.166779
987_50_2401_2535,4,4,0.015342,0.225572,0.092252,0.019994,0.536821,0.022772,0.087248
987_50_2012_2137,4,1,0.101085,0.388151,0.064195,0.081178,0.172785,0.095294,0.097312
987_50_1113_1280,4,4,0.025687,0.163465,0.126717,0.027449,0.544562,0.030076,0.082043
987_50_1540_1715,4,1,0.109251,0.482516,0.032348,0.094681,0.150885,0.05367,0.076649
987_49_1774_1975,1,4,0.140979,0.268765,0.07646,0.046204,0.375461,0.040177,0.051955
987_49_1315_1484,1,3,0.057933,0.19998,0.058937,0.439673,0.120694,0.094113,0.02867
987_49_2182_2360,1,1,0.129984,0.379191,0.067114,0.029054,0.137855,0.080136,0.176666
987_49_2573_2654,1,1,0.097693,0.431731,0.046141,0.068197,0.086568,0.041542,0.228128
987_49_154_221,6,6,0.0279,0.06063,0.043686,0.098236,0.038501,0.165862,0.565184
987_50_573_640,0,1,0.074967,0.322068,0.068235,0.042888,0.217254,0.19889,0.0757
987_50_277_395,4,4,0.026262,0.293552,0.164077,0.017383,0.315385,0.037832,0.145507
987_49_963_1064,1,6,0.09271,0.21775,0.060684,0.090373,0.074079,0.09336,0.371044
987_49_425_514,1,1,0.247307,0.403717,0.03321,0.052421,0.035658,0.167991,0.059695
987_50_31_109,1,1,0.077122,0.470737,0.047117,0.021963,0.330435,0.013219,0.039406
987_49_680_787,1,1,0.169555,0.345893,0.049144,0.033303,0.116141,0.246725,0.03924
987_50_827_913,2,1,0.168364,0.379817,0.050591,0.139612,0.101636,0.053745,0.106236
999_49_1238_1331,3,3,0.034119,0.115357,0.045482,0.481359,0.031405,0.261641,0.030637
999_49_2026_2092,3,3,0.017167,0.020649,0.013596,0.833871,0.016761,0.065081,0.032876
999_50_1175_1225,3,1,0.088962,0.270818,0.054316,0.246259,0.098763,0.13957,0.101312
999_50_1673_1705,5,5,0.108998,0.13091,0.036252,0.181459,0.030547,0.256041,0.255792
999_49_185_265,5,5,0.016618,0.132976,0.033465,0.103011,0.03748,0.620981,0.055467
999_49_1740_1884,3,3,0.049674,0.099914,0.021657,0.661699,0.037216,0.099387,0.030454
999_50_1370_1559,3,6,0.014527,0.051435,0.030785,0.364907,0.041948,0.072049,0.424349
999_49_806_940,3,3,0.017726,0.097922,0.02503,0.656263,0.035921,0.038374,0.128764
999_49_574_662,5,5,0.013037,0.011708,0.006887,0.278297,0.006023,0.656261,0.027786
999_49_1097_1151,3,3,0.021904,0.019522,0.011447,0.692054,0.023467,0.196036,0.03557
999_50_301_371,1,3,0.052561,0.200575,0.038317,0.348305,0.138565,0.084295,0.137381
999_50_988_1070,3,3,0.017489,0.026844,0.017917,0.690072,0.069128,0.054546,0.124005
999_50_468_561,1,3,0.01309,0.02482,0.019838,0.381706,0.168283,0.022908,0.369355
999_50_31_120,1,1,0.046083,0.280656,0.054918,0.224114,0.24353,0.038493,0.112206
999_49_395_458,5,5,0.016467,0.041064,0.026525,0.1383,0.019487,0.678297,0.079859
999_50_713_773,6,3,0.023315,0.07368,0.015202,0.459339,0.155527,0.028731,0.244205
999_49_1582_1661,5,5,0.137848,0.178079,0.020526,0.028374,0.018815,0.584463,0.031895
999_50_1904_2012,5,5,0.007597,0.004829,0.012248,0.193874,0.016586,0.725661,0.039205
1664_84_2206_2504,3,3,0.025475,0.053166,0.02896,0.594153,0.034816,0.233724,0.029705
1664_84_31_190,3,3,0.02873,0.047139,0.06447,0.61601,0.037285,0.174567,0.031798
1664_84_1201_1344,3,3,0.108643,0.230854,0.037301,0.390374,0.07491,0.12564,0.032277
1664_83_1119_1189,3,3,0.039052,0.052263,0.032703,0.711329,0.027515,0.107664,0.029475
1664_84_249_549,3,3,0.034799,0.06817,0.035933,0.529449,0.063741,0.222325,0.045584
1664_84_2732_2800,3,3,0.046036,0.04859,0.024199,0.682182,0.021837,0.164172,0.012985
1664_84_1392_1844,5,3,0.076336,0.163152,0.124777,0.28925,0.085028,0.208311,0.053147
1664_83_2509_2729,3,3,0.012112,0.009677,0.005632,0.891684,0.025298,0.033818,0.02178
1664_83_854_940,3,6,0.04788,0.163622,0.065121,0.271614,0.047573,0.123302,0.280888
1664_83_191_242,5,5,0.008642,0.042922,0.062946,0.045948,0.024609,0.616932,0.198002
1664_83_1345_1382,3,3,0.050722,0.200815,0.073779,0.503844,0.047697,0.08806,0.035083
1664_84_1911_2158,3,3,0.018291,0.023744,0.009356,0.857047,0.026866,0.034422,0.030274
1664_84_941_1117,3,3,0.056348,0.063467,0.023922,0.491299,0.038616,0.31018,0.016168
1664_83_554_713,3,3,0.027783,0.0419,0.021907,0.654459,0.031301,0.20005,0.0226
1664_83_2160_2203,3,3,0.043636,0.115898,0.04332,0.561927,0.047569,0.154737,0.032915
1664_83_1849_1910,5,5,0.005805,0.019493,0.039123,0.050624,0.016752,0.849791,0.018412
1664_84_719_847,5,3,0.030341,0.124974,0.077144,0.38472,0.037338,0.22417,0.121313
1674_84_2198_2536,1,1,0.117021,0.435162,0.045025,0.110054,0.091872,0.050743,0.150123
1674_83_97_238,2,6,0.021492,0.085762,0.043521,0.306439,0.116677,0.066056,0.360052
1674_83_1172_1297,1,6,0.045138,0.118757,0.034717,0.313439,0.068907,0.028593,0.39045
1674_83_2756_2884,2,6,0.087791,0.206552,0.15634,0.096852,0.114482,0.111626,0.226358
1674_84_1444_1529,1,0,0.322038,0.300971,0.020317,0.048182,0.022624,0.269627,0.016241
1674_83_3072_3193,1,5,0.061922,0.111253,0.033334,0.056413,0.038005,0.627254,0.07182
1674_84_3208_3325,1,1,0.233555,0.346566,0.046634,0.123001,0.067257,0.133725,0.049263
1674_83_2559_2671,2,3,0.026192,0.093081,0.020703,0.415496,0.044575,0.018455,0.3815
1674_83_911_1030,2,6,0.010051,0.034648,0.042914,0.348877,0.037574,0.036084,0.489852
1674_84_1312_1351,1,1,0.031288,0.3266,0.115238,0.206332,0.203988,0.044385,0.072167
1674_84_2885_3058,1,0,0.399061,0.367889,0.023163,0.063556,0.028666,0.078993,0.03867
1674_84_1051_1161,1,1,0.116543,0.449076,0.048572,0.136233,0.105313,0.089344,0.054919
1674_83_2050_2163,1,1,0.185429,0.441739,0.042205,0.09024,0.054961,0.131757,0.053669
1674_84_1728_2038,1,3,0.207606,0.249361,0.018331,0.26355,0.055705,0.150355,0.055092
1674_83_1538_1714,1,1,0.15021,0.40996,0.046089,0.041746,0.107734,0.163114,0.081147
1674_83_602_627,1,1,0.062421,0.463827,0.062847,0.138842,0.082377,0.077119,0.112566
1674_84_641_727,1,1,0.089225,0.497711,0.035913,0.161093,0.035681,0.128783,0.051594
1674_83_1363_1435,1,1,0.170104,0.468488,0.035928,0.102394,0.117858,0.030888,0.074341
1674_84_821_892,3,3,0.014961,0.070464,0.033182,0.652251,0.070529,0.061812,0.0968
1674_84_447_596,1,5,0.028535,0.080588,0.019781,0.031621,0.043265,0.762442,0.033768
1674_83_333_428,1,1,0.038591,0.44167,0.050674,0.086215,0.205611,0.053167,0.124072
1674_84_2686_2742,1,5,0.099107,0.213239,0.031451,0.018463,0.02591,0.560018,0.051813
1674_84_31_81,3,3,0.008141,0.011914,0.043076,0.687383,0.027876,0.027027,0.194584
1674_84_259_312,3,3,0.005794,0.013731,0.031495,0.606803,0.01612,0.032446,0.29361
1674_83_740_794,1,6,0.020552,0.037683,0.023604,0.17765,0.036022,0.304798,0.399692
1676_84_31_135,1,3,0.056285,0.117099,0.095379,0.303147,0.04912,0.145525,0.233444
1676_83_1215_1336,1,1,0.109195,0.298544,0.031383,0.217499,0.056565,0.077745,0.20907
1676_84_2012_2077,1,1,0.046437,0.51326,0.191587,0.016338,0.152418,0.049152,0.030809
1676_84_1127_1210,1,6,0.032363,0.097888,0.066058,0.181847,0.026204,0.273287,0.322353
1676_83_1660_1800,1,1,0.1958,0.431484,0.083951,0.033064,0.097388,0.075025,0.083288
1676_84_198_349,0,1,0.376788,0.397529,0.026758,0.022271,0.026321,0.119973,0.030359
1676_84_1812_1856,1,1,0.273234,0.384498,0.038762,0.014896,0.019498,0.251134,0.017978
1676_83_1459_1488,6,1,0.076675,0.319258,0.061004,0.122566,0.1019,0.034404,0.284194
1676_84_804_1093,1,1,0.16966,0.458445,0.051002,0.044707,0.131974,0.041731,0.102482
1676_83_538_661,1,6,0.047744,0.13498,0.035414,0.274309,0.034837,0.049712,0.423003
1676_83_1100_1126,2,5,0.055075,0.08509,0.041713,0.074706,0.017794,0.635421,0.090202
1676_84_476_531,1,5,0.10298,0.129814,0.064008,0.055771,0.016573,0.407735,0.223119
1676_83_357_452,2,1,0.190627,0.407222,0.039358,0.080526,0.076425,0.092468,0.113375
1676_84_1496_1653,4,1,0.111731,0.299964,0.045097,0.137905,0.233754,0.097147,0.074402
1676_83_1869_1998,1,1,0.276933,0.306962,0.057751,0.045112,0.132912,0.0504,0.12993
1676_84_661_718,1,3,0.12117,0.155634,0.012141,0.512236,0.048621,0.116668,0.033531
1676_83_2077_2196,1,3,0.146868,0.207776,0.023667,0.317181,0.092764,0.075826,0.135918
1676_84_1366_1454,1,1,0.054499,0.269551,0.250171,0.03445,0.061487,0.24763,0.082211
1676_83_742_785,6,5,0.017166,0.043024,0.030704,0.027927,0.016442,0.807771,0.056966
1676_83_135_163,1,5,0.06196,0.08556,0.023595,0.024561,0.023244,0.70908,0.072001
1678_84_2276_2529,0,1,0.126481,0.315476,0.0858,0.252201,0.081135,0.051136,0.087771
1678_83_31_142,2,5,0.03271,0.060713,0.043575,0.17641,0.091347,0.450703,0.144541
1678_84_1278_1498,2,1,0.242151,0.493878,0.02772,0.029277,0.138903,0.049628,0.018444
1678_83_229_365,1,5,0.05017,0.131852,0.093545,0.0738,0.058744,0.431792,0.160097
1678_83_2542_2720,1,4,0.059376,0.213599,0.065073,0.148021,0.290564,0.076948,0.146418
1678_83_918_967,1,5,0.072788,0.163346,0.075237,0.136866,0.053158,0.296178,0.202428
1678_84_154_219,2,5,0.017309,0.094192,0.123109,0.280993,0.045497,0.335964,0.102935
1678_84_1103_1181,2,5,0.159728,0.29066,0.040166,0.028761,0.023122,0.415572,0.041991
1678_83_1925_2073,1,5,0.085195,0.202014,0.0595,0.121843,0.122584,0.351874,0.05699
1678_84_1571_1921,2,1,0.244366,0.356923,0.057103,0.087258,0.133647,0.103398,0.017305
1678_84_604_663,2,3,0.041142,0.187482,0.146339,0.324052,0.159186,0.064409,0.07739
1678_83_1498_1558,1,1,0.062921,0.350175,0.044686,0.10817,0.14569,0.036586,0.251771
1678_83_1193_1264,1,5,0.126223,0.189136,0.056257,0.059221,0.033401,0.450176,0.085586
1678_83_2186_2257,2,1,0.106637,0.336726,0.198568,0.024009,0.197904,0.061056,0.0751
1678_84_2091_2170,1,0,0.380773,0.268045,0.037576,0.08146,0.04313,0.153918,0.035098
1678_84_707_755,1,1,0.094821,0.350048,0.1294,0.117093,0.113143,0.073685,0.121809
1678_84_844_918,1,1,0.09436,0.347367,0.114263,0.177543,0.120292,0.065435,0.080741
1678_83_561_589,2,5,0.018307,0.052126,0.04659,0.024705,0.013013,0.79259,0.052668
1678_83_1025_1084,1,1,0.054566,0.267094,0.120137,0.099985,0.132717,0.166899,0.158602
1678_84_996_1016,5,5,0.016544,0.048672,0.038665,0.041513,0.01589,0.784867,0.053848
1678_83_668_702,1,1,0.13419,0.32928,0.082322,0.060039,0.104029,0.187208,0.102931
1678_84_495_556,1,2,0.023023,0.101092,0.271144,0.269756,0.197506,0.059183,0.078296
1678_83_431_488,2,5,0.025815,0.057461,0.080994,0.101773,0.045837,0.524844,0.163277
1678_84_379_410,2,6,0.030263,0.158545,0.091603,0.231814,0.162574,0.042424,0.282776
1678_83_768_812,1,5,0.13095,0.217088,0.06993,0.034335,0.032156,0.443844,0.071696
1969_99_31_137,3,3,0.038674,0.093245,0.136418,0.380698,0.100098,0.079969,0.170899
1969_100_749_812,6,2,0.012526,0.266132,0.297257,0.03732,0.059535,0.139444,0.187786
1969_99_953_982,5,5,0.02024,0.023418,0.059666,0.005985,0.043468,0.842102,0.005121
1969_100_1004_1025,3,3,0.113947,0.113998,0.059597,0.53573,0.036546,0.1154,0.024783
1969_100_401_485,6,6,0.009297,0.092863,0.05005,0.198273,0.023275,0.116756,0.509488
1969_100_618_668,3,3,0.028538,0.194881,0.170796,0.243882,0.042252,0.235729,0.083921
1969_99_256_378,6,5,0.031431,0.249432,0.166756,0.007052,0.111125,0.394241,0.039963
1969_100_902_931,5,1,0.102767,0.378767,0.143254,0.034843,0.216854,0.046436,0.077079
1969_100_170_232,6,5,0.015855,0.058362,0.054202,0.140636,0.024373,0.422215,0.284357
1969_99_1049_1102,1,0,0.595135,0.243093,0.033344,0.015755,0.061678,0.044496,0.006499
1969_99_833_852,2,5,0.005763,0.040099,0.12493,0.017336,0.049607,0.650388,0.111877
1969_99_690_725,5,5,0.123537,0.220262,0.086824,0.008517,0.058669,0.466618,0.035573
1969_99_511_562,6,5,0.094362,0.329336,0.081465,0.01446,0.081265,0.330346,0.068766
1975_100_126_266,5,0,0.512412,0.246276,0.020923,0.02389,0.032134,0.145864,0.018501
1975_100_1230_1402,0,0,0.423193,0.415583,0.016556,0.022733,0.028595,0.087669,0.00567
1975_100_1971_2130,3,3,0.015705,0.018606,0.014006,0.7777,0.022893,0.113228,0.037863
1975_99_1007_1198,0,1,0.419426,0.508586,0.012892,0.004753,0.04371,0.006758,0.003874
1975_100_1675_1904,4,5,0.0805,0.141403,0.052953,0.248364,0.101878,0.324865,0.050038
1975_99_1430_1625,0,0,0.743913,0.196633,0.009118,0.002761,0.024371,0.020711,0.002493
1975_100_935_995,5,5,0.009961,0.014284,0.008137,0.007807,0.007351,0.94326,0.009199
1975_100_583_608,5,5,0.014876,0.031106,0.01546,0.006313,0.007259,0.884765,0.040221
1975_99_285_358,1,0,0.628705,0.304495,0.013975,0.005343,0.028956,0.011765,0.006761
1975_99_622_678,0,0,0.732179,0.199026,0.008538,0.006612,0.030508,0.019025,0.004111
1975_100_380_482,5,0,0.736019,0.165689,0.007066,0.003424,0.008018,0.077116,0.002667
1975_99_31_95,1,1,0.217527,0.450051,0.057639,0.012254,0.159724,0.067964,0.034841
1975_100_711_824,1,1,0.145433,0.418944,0.037735,0.019182,0.061648,0.233294,0.083762
1975_99_506_557,0,0,0.607638,0.241205,0.047953,0.005062,0.038751,0.048465,0.010927
1975_99_840_912,4,1,0.066195,0.404803,0.112727,0.005516,0.327712,0.046744,0.036303
1975_99_1919_1955,5,0,0.299293,0.191722,0.076633,0.02724,0.108771,0.266156,0.030185
1976_99_117_156,1,1,0.161024,0.505525,0.075747,0.009236,0.094786,0.134222,0.019459
1976_100_1261_1522,0,0,0.762733,0.18478,0.012159,0.002274,0.011834,0.021345,0.004876
1976_100_1962_2064,0,1,0.442321,0.465127,0.013389,0.008319,0.025151,0.036943,0.008751
1976_100_916_1191,5,0,0.561035,0.139354,0.011597,0.005857,0.01353,0.264555,0.004072
1976_100_1673_1859,0,0,0.593336,0.324016,0.011068,0.013568,0.017112,0.031463,0.009437
1976_100_172_252,5,5,0.153139,0.07981,0.024242,0.050563,0.023863,0.654309,0.014075
1976_99_510_675,0,0,0.635861,0.166408,0.017037,0.004031,0.024861,0.147937,0.003867
1976_100_349_494,5,5,0.355817,0.216798,0.021511,0.008094,0.022143,0.366177,0.009459
1976_100_31_88,0,6,0.106666,0.285202,0.112095,0.061875,0.071252,0.054155,0.308755
1976_100_685_823,1,0,0.662783,0.235739,0.019762,0.010613,0.020859,0.038033,0.012212
1976_99_1873_1926,1,0,0.580484,0.328313,0.011239,0.020965,0.027882,0.026043,0.005074
1976_99_2071_2144,0,0,0.810715,0.109607,0.009947,0.005212,0.013154,0.048958,0.002407
1976_99_1543_1656,1,0,0.791087,0.144523,0.006396,0.012846,0.014454,0.028713,0.00198
1976_99_824_902,1,0,0.40391,0.254147,0.019114,0.026588,0.040551,0.240086,0.015603
1976_99_1207_1240,0,0,0.781579,0.116938,0.008575,0.002685,0.009122,0.078911,0.00219
1976_99_274_319,0,0,0.621528,0.302098,0.013571,0.004072,0.018509,0.033476,0.006745
1981_100_1234_1300,1,5,0.074001,0.168764,0.042729,0.019634,0.023851,0.572427,0.098595
1981_99_1155_1215,1,2,0.02796,0.299608,0.366247,0.01187,0.208316,0.047827,0.038172
1981_100_131_259,3,5,0.05393,0.104296,0.027281,0.377171,0.034119,0.384052,0.019152
1981_99_1457_1564,1,4,0.089302,0.240599,0.054253,0.116291,0.369017,0.027882,0.102656
1981_99_887_1031,1,1,0.073894,0.359976,0.285995,0.003525,0.241667,0.015681,0.019263
1981_99_1312_1370,4,1,0.1136,0.522918,0.096363,0.024901,0.135509,0.045207,0.061503
1981_100_1056_1144,5,5,0.031036,0.112885,0.09158,0.018504,0.02529,0.641753,0.078952
1981_100_1752_1792,1,1,0.416667,0.483108,0.023418,0.011467,0.025834,0.024621,0.014885
1981_100_615_713,1,5,0.009035,0.045938,0.101929,0.009953,0.018092,0.758594,0.056457
1981_100_345_480,3,3,0.025845,0.029635,0.011231,0.70392,0.026536,0.188728,0.014105
1981_99_31_110,6,4,0.034743,0.11807,0.329095,0.046146,0.393509,0.025776,0.052661
1981_100_814_868,1,5,0.188541,0.221065,0.023365,0.00611,0.016764,0.530899,0.013256
1981_100_1584_1674,1,0,0.510384,0.368413,0.017931,0.005004,0.017488,0.071934,0.008846
1981_100_1385_1445,1,5,0.050118,0.22174,0.068435,0.009656,0.018856,0.598068,0.033127
1981_99_1690_1739,4,1,0.166004,0.503336,0.100879,0.01385,0.118065,0.047632,0.050234
1981_99_495_579,3,3,0.035804,0.165001,0.144453,0.246979,0.076603,0.148166,0.182994
1981_99_729_790,1,2,0.045882,0.321927,0.355316,0.008432,0.127459,0.100104,0.040879
1981_99_266_324,3,5,0.091551,0.048459,0.034428,0.11747,0.065912,0.614794,0.027384
1983_99_2487_2541,1,2,0.073734,0.198182,0.525544,0.012578,0.128138,0.054002,0.007821
1983_99_127_247,5,5,0.094462,0.104219,0.07254,0.021663,0.202542,0.462867,0.041708
1983_100_1121_1323,2,3,0.043362,0.144064,0.100053,0.326716,0.037701,0.323029,0.025074
1983_100_1999_2186,1,1,0.052573,0.27858,0.132446,0.072048,0.042496,0.219635,0.202222
1983_99_1650_1698,5,5,0.029425,0.031206,0.023223,0.010653,0.011278,0.873604,0.020611
1983_100_1716_1872,5,5,0.012269,0.023078,0.01361,0.40243,0.012084,0.485759,0.05077
1983_100_1443_1633,1,3,0.017637,0.135703,0.187582,0.224484,0.084086,0.158506,0.192002
1983_99_2190_2309,2,1,0.360265,0.371305,0.062439,0.009353,0.14016,0.050668,0.005811
1983_100_723_997,6,1,0.029795,0.278942,0.107173,0.123665,0.095623,0.160809,0.203992
1983_99_1340_1418,1,0,0.457501,0.239353,0.068526,0.021122,0.042005,0.157963,0.01353
1983_100_571_629,3,5,0.02092,0.075392,0.070159,0.268524,0.029887,0.48036,0.054758
1983_100_2330_2473,1,5,0.070289,0.064564,0.009261,0.015619,0.015508,0.817428,0.007331
1983_100_273_490,3,3,0.06331,0.122965,0.024754,0.48734,0.055444,0.122602,0.123585
1983_99_1014_1100,1,5,0.163264,0.252345,0.047444,0.021856,0.064197,0.408832,0.042064
1983_100_31_110,3,3,0.006315,0.008449,0.01231,0.888577,0.010316,0.022837,0.051195
1983_99_1887_1978,5,5,0.026291,0.046407,0.052994,0.018062,0.083302,0.760222,0.012722
1983_99_646_700,1,5,0.02257,0.035477,0.021757,0.005844,0.016656,0.883987,0.01371
1983_99_503_550,5,5,0.112553,0.218665,0.203739,0.008081,0.161378,0.243483,0.052102
1996_99_1103_1283,6,0,0.377864,0.226063,0.030401,0.094761,0.092355,0.143961,0.034594
1996_99_1662_1783,1,4,0.10761,0.216005,0.097169,0.102917,0.338959,0.080914,0.056426
1996_100_196_287,3,3,0.054353,0.188705,0.044866,0.276631,0.07934,0.135656,0.220449
1996_99_1421_1484,1,1,0.225176,0.475293,0.048381,0.021233,0.167565,0.035771,0.02658
1996_100_798_1076,3,5,0.012775,0.024672,0.010216,0.125503,0.020475,0.76016,0.046198
1996_100_1308_1397,3,6,0.012799,0.045128,0.024195,0.322297,0.04348,0.024617,0.527483
1996_99_307_368,5,5,0.019803,0.032202,0.033924,0.010614,0.018181,0.859138,0.026137
1996_100_624_671,3,5,0.055662,0.114675,0.033658,0.227278,0.020628,0.322717,0.225381
1996_99_473_588,1,0,0.382468,0.371039,0.045528,0.007721,0.063339,0.109015,0.02089
1996_100_31_112,6,3,0.078804,0.231208,0.046756,0.236019,0.075437,0.160959,0.170817
1996_100_396_459,6,3,0.041242,0.113048,0.042688,0.42783,0.044212,0.27232,0.058659
1996_100_1528_1644,3,3,0.044347,0.069886,0.018659,0.635714,0.020123,0.093429,0.117842
1996_99_689_776,3,3,0.088657,0.199278,0.041183,0.24168,0.056083,0.207567,0.165552
1996_99_135_177,5,5,0.171803,0.148082,0.047172,0.025971,0.068346,0.493394,0.045232
1998_100_118_211,5,5,0.044259,0.112362,0.032008,0.180128,0.029543,0.421435,0.180264
1998_99_1241_1386,1,0,0.563607,0.312887,0.016286,0.010103,0.064293,0.024941,0.007883
1998_100_1067_1225,5,0,0.44376,0.384795,0.012,0.025062,0.04172,0.069892,0.022771
1998_100_1634_1717,1,1,0.28225,0.486383,0.010337,0.020637,0.039722,0.145083,0.015587
1998_99_229_314,1,0,0.411038,0.24287,0.048559,0.011685,0.067306,0.190332,0.028211
1998_100_1412_1519,5,0,0.371547,0.28317,0.011671,0.018346,0.017725,0.285189,0.012353
1998_99_926_1044,1,0,0.641601,0.203597,0.011752,0.006461,0.072063,0.057401,0.007126
1998_99_468_607,1,0,0.425012,0.341742,0.033083,0.016415,0.087108,0.058644,0.037995
1998_100_329_450,1,0,0.513649,0.300978,0.015914,0.012206,0.0181,0.124417,0.014736
1998_100_634_716,2,5,0.109992,0.297519,0.104902,0.015792,0.060299,0.37574,0.035756
1998_99_31_96,5,0,0.259744,0.182869,0.048936,0.137727,0.097265,0.190563,0.082895
1998_99_1533_1619,1,0,0.644476,0.206002,0.019266,0.007557,0.056887,0.058415,0.007398
1998_100_803_907,3,3,0.070123,0.103605,0.020115,0.420228,0.036598,0.332551,0.01678
1998_99_730_785,1,1,0.297833,0.411169,0.057184,0.0127,0.159221,0.026727,0.035166
1999_100_31_162,2,5,0.055024,0.226671,0.093081,0.038683,0.043596,0.284773,0.258173
1999_99_1147_1340,1,4,0.112226,0.24992,0.242768,0.005489,0.326438,0.050814,0.012344
1999_99_1951_2137,2,0,0.390665,0.286037,0.067576,0.005989,0.085308,0.150717,0.013708
1999_100_1652_1947,1,1,0.044465,0.332418,0.08982,0.027707,0.071388,0.132681,0.301521
1999_99_179_259,5,5,0.021634,0.142952,0.133782,0.063617,0.050944,0.522819,0.064252
1999_100_2161_2256,3,6,0.023699,0.117311,0.0331,0.292942,0.040497,0.088616,0.403836
1999_99_731_959,2,5,0.021519,0.121799,0.1655,0.017966,0.096715,0.553813,0.022688
1999_100_1349_1457,1,5,0.023993,0.084477,0.065763,0.051897,0.074902,0.593704,0.105263
1999_99_2275_2342,6,6,0.026577,0.076174,0.083345,0.321115,0.100618,0.034133,0.358038
1999_99_403_596,5,5,0.070809,0.046425,0.036241,0.00735,0.041194,0.790794,0.007187
1999_100_967_1129,2,1,0.036203,0.300883,0.130035,0.074398,0.098541,0.187184,0.172755
1999_100_283_386,5,5,0.16851,0.263228,0.065964,0.011482,0.022242,0.348894,0.11968
1999_100_607_706,2,1,0.125378,0.263384,0.048577,0.092906,0.02544,0.241685,0.202628
1999_99_1473_1634,5,5,0.099814,0.225055,0.184461,0.014475,0.149156,0.289202,0.037836
2000_99_31_136,5,5,0.110853,0.173798,0.136337,0.050099,0.18174,0.231633,0.115539
2000_100_1095_1300,3,3,0.089098,0.163348,0.087774,0.338699,0.055545,0.093692,0.171844
2000_99_1628_1745,4,0,0.253868,0.252734,0.13069,0.022689,0.115384,0.188574,0.03606
2000_99_251_384,2,1,0.079551,0.443635,0.102322,0.038166,0.262516,0.025902,0.047909
2000_100_1765_1850,1,1,0.118272,0.257284,0.080082,0.132806,0.071155,0.233731,0.106669
2000_99_1308_1476,2,1,0.295474,0.33821,0.087878,0.017777,0.202188,0.034474,0.023999
2000_100_921_989,5,0,0.424337,0.298483,0.041488,0.008203,0.021095,0.167148,0.039247
2000_100_152_235,5,5,0.014421,0.017064,0.007468,0.010923,0.009021,0.914958,0.026146
2000_99_519_676,2,4,0.169017,0.246877,0.178382,0.013784,0.273336,0.08952,0.029084
2000_99_999_1079,4,1,0.228619,0.50705,0.06914,0.015405,0.131077,0.032154,0.016555
2000_100_408_503,1,6,0.050821,0.179657,0.045027,0.044251,0.043079,0.09273,0.544435
2000_100_1497_1613,1,0,0.418236,0.326861,0.035603,0.055767,0.056949,0.077498,0.029087
2000_99_795_903,2,5,0.043074,0.129479,0.172511,0.116924,0.145162,0.219674,0.173175
2000_99_1864_1941,3,3,0.166935,0.153317,0.095694,0.250274,0.123388,0.050033,0.16036
2000_100_691_779,5,5,0.030024,0.14182,0.077275,0.016258,0.035577,0.671547,0.027499
2201_112_128_153,1,4,0.017092,0.187495,0.192039,0.012789,0.307185,0.249023,0.034376
2201_111_1257_1389,1,0,0.657184,0.289828,0.009509,0.005977,0.014957,0.016646,0.005899
2201_112_912_1257,1,0,0.780043,0.135459,0.007774,0.010592,0.013857,0.04711,0.005165
2201_111_1534_1697,0,1,0.265255,0.588267,0.03564,0.021934,0.053412,0.01243,0.023062
2201_111_174_264,1,5,0.234661,0.188948,0.054122,0.009356,0.020962,0.475522,0.01643
2201_112_1718_1830,1,1,0.19811,0.430281,0.106831,0.105439,0.070479,0.051322,0.037538
2201_112_1394_1531,0,0,0.716856,0.176603,0.00949,0.014875,0.013163,0.064825,0.004189
2201_112_502_677,1,0,0.455699,0.153902,0.008928,0.005614,0.017035,0.353722,0.005099
2201_112_285_399,1,0,0.481773,0.304917,0.023053,0.068828,0.024807,0.045539,0.051084
2201_111_417_488,3,3,0.036876,0.135381,0.091749,0.418723,0.061315,0.081253,0.174703
2201_111_31_102,5,5,0.022609,0.04111,0.046398,0.010939,0.010762,0.856326,0.011855
2201_112_759_868,0,1,0.434342,0.457519,0.015069,0.00889,0.036453,0.034965,0.012761
2201_111_868_912,1,0,0.49263,0.371131,0.0279,0.01095,0.028447,0.051426,0.017516
2201_111_678_707,1,1,0.165703,0.368197,0.127651,0.062979,0.083614,0.162195,0.029662
2203_111_31_222,6,2,0.033474,0.244177,0.401736,0.033757,0.06331,0.117136,0.10641
2203_112_1224_1403,5,1,0.047648,0.229798,0.061363,0.22864,0.124248,0.220304,0.087997
2203_111_1060_1196,3,3,0.016372,0.072717,0.099735,0.534758,0.096839,0.087486,0.092093
2203_112_1603_1691,4,3,0.026457,0.140729,0.075434,0.521509,0.100771,0.035752,0.099348
2203_112_235_274,5,1,0.166242,0.388676,0.05808,0.015152,0.06051,0.220207,0.091132
2203_111_1701_1876,4,4,0.022479,0.185813,0.080644,0.220476,0.295615,0.146246,0.048727
2203_111_1428_1593,5,3,0.055092,0.234564,0.060126,0.286157,0.241154,0.088694,0.034212
2203_112_754_1045,5,1,0.0565,0.384324,0.097181,0.104833,0.231521,0.052058,0.073582
2203_112_488_634,5,5,0.016102,0.043259,0.030915,0.040797,0.05138,0.766329,0.051217
2203_111_288_476,6,1,0.033061,0.328781,0.151791,0.052978,0.170325,0.09197,0.171094
2203_112_1887_2013,4,3,0.02374,0.175151,0.074023,0.295674,0.115107,0.036428,0.279878
2203_111_650_727,3,3,0.03768,0.227908,0.080336,0.323298,0.082772,0.106634,0.141372
2205_111_31_216,5,5,0.031756,0.085198,0.101203,0.020176,0.03865,0.681439,0.041578
2205_112_1238_1387,0,1,0.097759,0.420271,0.110105,0.110652,0.101082,0.042445,0.117686
2205_111_1071_1229,5,5,0.35371,0.15812,0.020428,0.014033,0.017144,0.429111,0.007452
2205_111_1668_1793,1,1,0.082006,0.423936,0.170684,0.056808,0.094573,0.073543,0.09845
2205_112_242_323,1,1,0.102939,0.659644,0.02984,0.027571,0.143667,0.012345,0.023994
2205_112_1442_1662,0,1,0.187488,0.506165,0.115574,0.025433,0.063905,0.065117,0.036318
2205_112_753_1050,0,1,0.033801,0.268971,0.235656,0.036988,0.111121,0.073832,0.239632
2205_112_468_693,1,2,0.045022,0.268776,0.325911,0.048559,0.094822,0.059261,0.157649
2205_111_340_450,5,5,0.021567,0.042261,0.039609,0.015987,0.022909,0.842131,0.015535
2205_111_694_741,5,5,0.166174,0.089312,0.034806,0.017263,0.015001,0.652717,0.024728
2205_111_1387_1412,1,1,0.086832,0.29465,0.179811,0.06285,0.130462,0.152791,0.092604
2205_112_1825_1860,1,1,0.033269,0.465089,0.058166,0.017181,0.409924,0.003669,0.012704
2206_111_31_190,5,5,0.131521,0.115482,0.03765,0.006082,0.04199,0.656982,0.010291
2206_111_1290_1375,1,5,0.050928,0.181951,0.121675,0.043327,0.046791,0.413355,0.141972
2206_111_1865_2068,1,1,0.191076,0.333007,0.119247,0.053609,0.068514,0.091476,0.143071
2206_111_1126_1184,5,5,0.101488,0.292401,0.128847,0.004618,0.032665,0.398461,0.041521
2206_111_1606_1778,0,1,0.144417,0.4422,0.126491,0.033299,0.137316,0.059399,0.056878
2206_112_231_315,4,4,0.014644,0.203575,0.219023,0.014058,0.514587,0.013869,0.020244
2206_112_1788_1811,5,1,0.051984,0.333063,0.20394,0.03673,0.205725,0.096472,0.072086
2206_112_1398_1605,5,5,0.081012,0.110889,0.049442,0.107464,0.09804,0.541649,0.011502
2206_111_2163_2218,3,3,0.025179,0.068382,0.029067,0.619276,0.057583,0.034178,0.166336
2206_111_751_934,5,5,0.123217,0.146479,0.068494,0.008566,0.041146,0.60021,0.011888
2206_112_939_1112,1,1,0.035997,0.258227,0.117424,0.091292,0.207445,0.053721,0.235895
2206_112_425_750,1,1,0.044422,0.372639,0.27824,0.007102,0.183067,0.055984,0.058546
2206_112_2068_2153,3,3,0.008242,0.015763,0.023667,0.744292,0.028149,0.038136,0.141751
2206_111_316_402,5,5,0.031613,0.030231,0.01375,0.004902,0.008395,0.898136,0.012973
2206_112_1194_1285,4,4,0.02003,0.180455,0.214777,0.025102,0.273014,0.109507,0.177114
2206_112_2222_2246,3,3,0.019711,0.045119,0.032225,0.742173,0.031161,0.04615,0.083461
2208_111_121_148,5,5,0.094451,0.219572,0.064305,0.018366,0.037524,0.511118,0.054665
2208_112_1276_1308,1,1,0.139328,0.300228,0.04707,0.209728,0.045024,0.056908,0.201714
2208_112_1110_1188,1,6,0.096245,0.244727,0.063168,0.148525,0.052062,0.059828,0.335444
2208_112_161_281,0,0,0.39778,0.360625,0.044503,0.017966,0.036585,0.085879,0.056662
2208_112_818_975,0,1,0.232348,0.408285,0.053274,0.044837,0.06583,0.113459,0.081967
2208_111_1318_1409,5,0,0.455005,0.393779,0.029785,0.020516,0.035088,0.042402,0.023424
2208_112_438_666,0,1,0.257525,0.516978,0.020449,0.050759,0.048058,0.075584,0.030647
2208_111_301_426,1,1,0.185714,0.584959,0.032757,0.024282,0.097803,0.051928,0.022558
2208_111_988_1086,1,1,0.096096,0.438276,0.185209,0.013208,0.132391,0.106488,0.028332
2208_112_31_103,0,0,0.402117,0.241686,0.045177,0.040578,0.042204,0.19274,0.035498
2208_111_1205_1262,5,5,0.027078,0.019437,0.031464,0.006845,0.014559,0.898193,0.002423
2208_111_679_807,1,0,0.426855,0.373217,0.02828,0.012445,0.054389,0.091239,0.013575
2208_112_1410_1449,1,6,0.1594,0.282797,0.020765,0.087595,0.047558,0.077735,0.324151
2209_112_1267_1432,0,1,0.043578,0.392987,0.2264,0.016988,0.167617,0.104212,0.048218
2209_112_2034_2166,3,1,0.029519,0.313983,0.114435,0.127461,0.256716,0.016029,0.141857
2209_111_1074_1254,1,1,0.069948,0.373732,0.281989,0.008437,0.205522,0.041037,0.019335
2209_112_1579_1759,1,1,0.133968,0.49413,0.076326,0.017937,0.178253,0.047368,0.052018
2209_111_1795_1825,2,1,0.055049,0.45837,0.098281,0.021011,0.327797,0.018636,0.020857
2209_111_1443_1578,1,4,0.030378,0.233839,0.274394,0.011726,0.376357,0.043348,0.029958
2209_111_781_946,1,4,0.034857,0.24044,0.280873,0.01707,0.387255,0.014112,0.025392
2209_112_136_245,5,5,0.111286,0.236545,0.074626,0.017968,0.055596,0.435096,0.068882
2209_111_512_675,1,2,0.061773,0.22274,0.347936,0.055934,0.18949,0.084759,0.037368
2209_111_261_335,1,4,0.03018,0.238891,0.25758,0.046798,0.335019,0.048173,0.043359
2209_112_962_1068,0,5,0.084125,0.145115,0.026643,0.007905,0.040595,0.676384,0.019233
2209_112_353_488,5,5,0.08905,0.24583,0.1163,0.047554,0.103365,0.299167,0.098733
2209_111_31_103,1,1,0.167101,0.536181,0.083287,0.023863,0.14868,0.035452,0.005437
2209_112_1834_1926,3,1,0.098214,0.539066,0.06802,0.043769,0.147405,0.027967,0.07556
2209_112_712_765,5,0,0.461751,0.264563,0.015777,0.004968,0.018926,0.220869,0.013146
2209_111_1947_2018,2,4,0.008213,0.086967,0.396502,0.00858,0.486809,0.003086,0.009843
2211_111_31_215,1,4,0.02603,0.09044,0.095239,0.168861,0.485305,0.031714,0.102411
2211_111_839_1316,5,5,0.060209,0.328261,0.159088,0.014235,0.072017,0.343977,0.022213
2211_112_2031_2083,2,6,0.065206,0.134406,0.039916,0.143287,0.091639,0.021528,0.504018
2211_111_1643_1825,1,4,0.039666,0.286032,0.148978,0.056195,0.406641,0.031434,0.031053
2211_112_240_357,3,5,0.019646,0.043503,0.030157,0.11277,0.061294,0.687132,0.045498
2211_111_1451_1497,6,2,0.02993,0.240988,0.326218,0.097662,0.177321,0.032103,0.095778
2211_112_1342_1437,5,5,0.00758,0.036047,0.032136,0.010406,0.027366,0.826459,0.060007
2211_112_519_601,5,5,0.056317,0.135685,0.036889,0.045445,0.060141,0.547668,0.117855
2211_111_612_761,1,1,0.043294,0.381629,0.116491,0.062711,0.11363,0.178773,0.103472
2211_111_378_493,1,1,0.084628,0.53977,0.111811,0.008705,0.228181,0.019505,0.0074
2211_112_1526_1634,5,5,0.043829,0.115578,0.069495,0.053874,0.06502,0.355748,0.296456
2211_112_778_823,5,5,0.01026,0.042787,0.026485,0.018317,0.01471,0.813212,0.074228
2211_112_1831_1915,5,6,0.046571,0.140226,0.107246,0.195176,0.086504,0.081259,0.343018
2211_111_1926_2025,1,1,0.030218,0.389315,0.197294,0.012143,0.335071,0.0148,0.021159
2415_121_84_222,0,1,0.236222,0.587253,0.032712,0.009958,0.115941,0.009877,0.008036
2415_122_1240_1609,0,0,0.698975,0.242849,0.012502,0.001363,0.028913,0.012838,0.00256
2415_121_1024_1225,1,1,0.330354,0.368443,0.076803,0.016124,0.157473,0.037036,0.013767
2415_122_1666_1953,0,0,0.486637,0.325165,0.056931,0.013145,0.086188,0.014449,0.017486
2415_122_227_498,0,0,0.654158,0.302933,0.008421,0.001046,0.022098,0.00944,0.001903
2415_122_710_1013,0,0,0.653228,0.271466,0.018182,0.002667,0.023194,0.027549,0.003714
2415_122_558_638,0,0,0.593831,0.317664,0.029997,0.001015,0.036646,0.019244,0.001603
2415_122_31_59,0,0,0.399742,0.241851,0.046231,0.005063,0.02239,0.262261,0.022461
2415_121_656_696,2,1,0.071941,0.351037,0.213542,0.005131,0.345302,0.007445,0.005601
2415_121_1619_1645,1,2,0.02795,0.164933,0.338464,0.067821,0.211649,0.072769,0.116415
2415_121_512_543,2,2,0.037417,0.27072,0.29612,0.024806,0.275888,0.042647,0.052401
2415_121_1977_2006,1,4,0.016667,0.148896,0.310859,0.026781,0.427002,0.021681,0.048115
2427_122_31_233,1,5,0.096632,0.178109,0.078635,0.012608,0.097968,0.50846,0.027587
2427_122_1244_1312,1,1,0.257308,0.560831,0.043536,0.017984,0.058064,0.01886,0.043416
2427_121_1083_1224,4,1,0.208462,0.40413,0.116027,0.028028,0.111084,0.101835,0.030433
2427_122_1538_1739,4,1,0.142711,0.454035,0.038448,0.008447,0.34113,0.00849,0.006739
2427_121_1348_1495,4,1,0.448691,0.472367,0.015676,0.004577,0.039513,0.014766,0.004409
2427_121_681_945,4,1,0.142978,0.477429,0.047638,0.014852,0.29068,0.014945,0.011479
2427_122_370_666,1,1,0.210651,0.406301,0.030289,0.042018,0.245235,0.02196,0.043547
2427_121_1753_1796,4,4,0.019144,0.307693,0.115154,0.005543,0.491373,0.011686,0.049406
2427_121_278_340,4,1,0.112625,0.360013,0.075985,0.048081,0.26289,0.026621,0.113786
2427_122_973_1069,1,1,0.280631,0.436694,0.049297,0.041329,0.052562,0.075015,0.064471
2424_122_31_210,1,1,0.378889,0.438897,0.014322,0.023352,0.122577,0.007609,0.014354
2424_121_1092_1446,3,3,0.051235,0.112089,0.061108,0.58019,0.118713,0.023286,0.053379
2424_121_220_435,1,4,0.083508,0.301031,0.031586,0.240131,0.307876,0.013713,0.022156
2424_122_1453_1572,3,1,0.158564,0.344197,0.082415,0.179795,0.059566,0.04896,0.126502
2424_121_836_993,6,1,0.058465,0.291028,0.097155,0.158064,0.139037,0.026655,0.229595
2424_122_1006_1082,1,1,0.296728,0.458493,0.047781,0.014489,0.06843,0.092588,0.021491
2424_122_445_486,1,0,0.394,0.382802,0.042921,0.014838,0.057595,0.056515,0.051328
2424_122_600_636,1,5,0.171926,0.203586,0.049215,0.008865,0.021438,0.479137,0.065833
2424_122_720_827,1,0,0.355824,0.305064,0.036079,0.009892,0.075417,0.185125,0.032599
2424_121_642_709,3,3,0.027552,0.062705,0.085007,0.571229,0.023603,0.037901,0.192003
2424_121_495_589,3,3,0.009822,0.013034,0.023286,0.889386,0.024609,0.019446,0.020418
2425_122_31_176,1,0,0.446292,0.377385,0.025648,0.010718,0.03022,0.098622,0.011115
2425_122_1251_1312,1,1,0.261194,0.42524,0.064092,0.017936,0.08074,0.07309,0.077707
2425_121_1031_1237,4,4,0.037444,0.150353,0.157627,0.129435,0.400541,0.049281,0.075318
2425_121_184_278,4,4,0.032184,0.339792,0.190241,0.015518,0.382135,0.020783,0.019347
2425_122_1420_1619,1,0,0.547829,0.379566,0.017615,0.004015,0.036781,0.007858,0.006336
2425_121_880_942,4,1,0.072025,0.350942,0.257881,0.00785,0.279438,0.016311,0.015553
2425_121_1321_1402,5,5,0.107373,0.22151,0.243036,0.040112,0.103718,0.264399,0.019852
2425_122_510_595,5,5,0.174713,0.237332,0.038553,0.015337,0.037252,0.442501,0.054313
2425_122_289_368,5,5,0.025736,0.066835,0.081009,0.006497,0.027869,0.782085,0.00997
2425_121_602_728,4,4,0.035385,0.189457,0.167957,0.018019,0.557438,0.016877,0.014867
2425_121_376_476,4,2,0.015991,0.132282,0.423556,0.009531,0.365757,0.018834,0.034049
2425_122_742_868,0,0,0.473421,0.355495,0.032654,0.01343,0.041879,0.036945,0.046176
2425_122_953_1019,5,1,0.156898,0.360395,0.041551,0.031207,0.114163,0.097523,0.198264
2432_121_31_295,4,4,0.029414,0.156309,0.125905,0.144391,0.320585,0.075183,0.148213
2432_122_1213_1601,4,1,0.183627,0.52571,0.04763,0.018569,0.182769,0.025101,0.016595
2432_121_913_1186,4,1,0.293006,0.495129,0.034087,0.007447,0.148044,0.016728,0.005559
2432_121_1654_1743,4,1,0.277979,0.457173,0.027568,0.006342,0.139015,0.068314,0.023609
2432_122_1770_1911,4,4,0.054076,0.3163,0.045559,0.039285,0.485448,0.013978,0.045353
2432_122_321_402,4,1,0.07635,0.415191,0.085091,0.004512,0.379012,0.023812,0.016033
2432_121_620_728,4,1,0.24948,0.526875,0.066194,0.013916,0.091031,0.036099,0.016405
2432_121_427_485,4,1,0.107,0.311021,0.21556,0.01498,0.22915,0.08592,0.036369
2432_122_760_879,4,1,0.02955,0.282799,0.203852,0.052262,0.251841,0.015121,0.164575
2432_122_516_587,4,1,0.059218,0.398701,0.240061,0.00707,0.232253,0.040196,0.022502
2438_121_31_166,0,1,0.056548,0.277142,0.090962,0.129972,0.191394,0.030746,0.223237
2438_121_1108_1379,2,2,0.069723,0.282617,0.356644,0.01697,0.21269,0.036869,0.024487
2438_122_1533_1710,0,1,0.408188,0.429551,0.045209,0.012766,0.057861,0.019953,0.026471
2438_122_187_272,5,0,0.343842,0.311461,0.102097,0.010292,0.034803,0.167158,0.030346
2438_122_1389_1486,0,1,0.370329,0.404261,0.049409,0.007554,0.041005,0.112085,0.015358
2438_121_855_946,3,1,0.140151,0.309514,0.042522,0.218307,0.110782,0.043385,0.135339
2438_121_296_608,1,4,0.112281,0.337436,0.091981,0.029809,0.353994,0.026751,0.047748
2438_122_626_844,1,5,0.021535,0.072747,0.063755,0.00987,0.030517,0.780882,0.020695
2438_122_964_1087,5,1,0.206568,0.344985,0.124493,0.024839,0.078896,0.128558,0.091661
2438_121_1500_1520,5,5,0.058623,0.165366,0.079964,0.014023,0.046582,0.54126,0.094183
3043_153_1128_1386,1,2,0.107767,0.157781,0.302572,0.054642,0.188024,0.019596,0.169616
3043_153_165_274,0,5,0.100097,0.053767,0.051142,0.046735,0.094448,0.611044,0.042766
3043_154_1399_1470,2,3,0.033971,0.047182,0.096647,0.317114,0.079686,0.143768,0.281632
3043_154_503_610,2,2,0.018099,0.041544,0.357794,0.049112,0.337299,0.108999,0.087154
3043_154_299_397,2,2,0.019281,0.03587,0.795835,0.003086,0.06977,0.022831,0.053327
3043_153_636_755,1,5,0.069266,0.100167,0.102634,0.030706,0.184765,0.495125,0.017337
3043_154_1014_1090,2,6,0.057059,0.074188,0.169417,0.176849,0.091477,0.023745,0.407263
3043_153_402_482,0,0,0.742696,0.073728,0.015015,0.014968,0.013625,0.132911,0.007057
3043_154_31_114,5,2,0.021352,0.046737,0.517729,0.039023,0.14183,0.167245,0.066084
3043_153_1507_1567,1,6,0.131961,0.177209,0.203362,0.059755,0.128943,0.063866,0.234904
3043_154_767_852,2,0,0.187779,0.155444,0.143523,0.069084,0.175287,0.119438,0.149444
3043_154_1567_1671,2,2,0.013455,0.057039,0.547901,0.080805,0.15385,0.02522,0.12173
3052_154_95_183,2,2,0.012185,0.071218,0.439307,0.030101,0.105704,0.077004,0.264482
3052_154_1132_1206,2,6,0.016974,0.072585,0.153523,0.168259,0.059119,0.046439,0.483101
3052_153_1569_1717,0,3,0.009664,0.022691,0.041315,0.690226,0.025593,0.070217,0.140295
3052_153_1813_1837,1,6,0.015712,0.045305,0.057315,0.366772,0.050297,0.016043,0.448556
3052_154_1727_1801,3,5,0.081118,0.025184,0.018027,0.091546,0.023728,0.721365,0.039031
3052_153_1335_1483,6,3,0.012798,0.0242,0.033026,0.489087,0.021875,0.147982,0.271032
3052_153_943_1127,3,5,0.026199,0.081936,0.038251,0.082805,0.063961,0.520376,0.186472
3052_153_31_82,3,3,0.015239,0.022342,0.059468,0.541659,0.029282,0.021351,0.310659
3052_154_1497_1540,1,2,0.030606,0.20792,0.329166,0.017463,0.282556,0.081728,0.05056
3052_154_776_888,1,6,0.010096,0.108211,0.21299,0.151614,0.058713,0.040951,0.417424
3052_154_383_433,4,2,0.014383,0.125028,0.387304,0.020999,0.272886,0.075647,0.103753
3052_154_258_321,3,2,0.066599,0.108153,0.448853,0.072386,0.133576,0.045252,0.125181
3059_153_90_235,4,3,0.009072,0.029104,0.040569,0.366855,0.157323,0.036206,0.360871
3059_154_1215_1324,4,3,0.024831,0.040657,0.030676,0.478471,0.09399,0.152082,0.179295
3059_153_1993_2056,5,5,0.052581,0.156517,0.127669,0.047904,0.127541,0.334623,0.153165
3059_153_1113_1198,6,3,0.020667,0.043294,0.027557,0.486293,0.216742,0.049112,0.156336
3059_153_1665_1699,6,4,0.016652,0.04687,0.059129,0.148671,0.341495,0.090528,0.296655
3059_154_247_317,6,6,0.010959,0.031624,0.010492,0.225595,0.025546,0.028052,0.667732
3059_154_1701_1960,4,6,0.042568,0.206398,0.109432,0.092163,0.181405,0.056431,0.311603
3059_154_1383_1653,4,4,0.032036,0.145329,0.098453,0.083965,0.487724,0.019627,0.132866
3059_154_886_937,4,6,0.011341,0.0234,0.021439,0.256924,0.024361,0.031143,0.631393
3059_153_1344_1362,4,5,0.023238,0.056952,0.050439,0.088777,0.068112,0.409022,0.303459
3059_154_475_808,3,3,0.084817,0.141347,0.038671,0.418905,0.167647,0.063522,0.08509
3059_153_332_475,5,4,0.012186,0.027421,0.027695,0.238257,0.264823,0.190453,0.239166
3059_154_1031_1097,4,4,0.038324,0.050935,0.067809,0.130964,0.534375,0.038891,0.138702
3059_154_31_86,1,6,0.007778,0.020179,0.009812,0.074849,0.026837,0.068624,0.791921
3059_153_825_885,4,6,0.059862,0.134527,0.198136,0.094334,0.132613,0.180266,0.200261
3059_153_953_984,6,5,0.024099,0.094213,0.14799,0.123162,0.169629,0.312311,0.128596
3058_154_31_144,6,3,0.170062,0.213947,0.079107,0.227248,0.066079,0.048385,0.195171
3058_153_1169_1353,4,0,0.549965,0.343616,0.013697,0.00902,0.053512,0.024425,0.005765
3058_153_1927_2088,4,0,0.431528,0.38431,0.03771,0.028724,0.06833,0.022353,0.027046
3058_153_1629_1787,4,5,0.052443,0.224303,0.140729,0.006962,0.144251,0.400514,0.030798
3058_154_253_298,6,6,0.145663,0.178546,0.057563,0.182769,0.046047,0.02702,0.362394
3058_154_1822_1901,3,1,0.13257,0.348505,0.085124,0.087548,0.269159,0.025735,0.051359
3058_154_1385_1491,6,5,0.091911,0.150621,0.182695,0.069595,0.143246,0.225563,0.136369
3058_154_860_965,3,1,0.175588,0.267334,0.047508,0.115182,0.073255,0.237695,0.083439
3058_153_2286_2361,4,3,0.033991,0.138958,0.109866,0.398322,0.179833,0.032425,0.106605
3058_153_636_685,4,1,0.242005,0.607352,0.024996,0.008741,0.065371,0.032717,0.018819
3058_153_965_1049,4,0,0.519198,0.385045,0.015394,0.008736,0.047451,0.017071,0.007103
3058_153_787_850,4,5,0.148906,0.207727,0.034278,0.032328,0.059527,0.412642,0.104591
3058_154_2123_2196,3,0,0.473555,0.315239,0.0465,0.058649,0.043831,0.026422,0.035804
3058_154_705_743,6,5,0.069036,0.070684,0.026468,0.030452,0.028082,0.689989,0.085288
3058_154_1049_1085,3,3,0.079349,0.120244,0.019346,0.519603,0.064641,0.041644,0.155173
3058_153_213_253,1,6,0.03824,0.240928,0.08253,0.027093,0.228037,0.034199,0.348974
3058_154_536_566,5,5,0.014159,0.045245,0.038679,0.019729,0.064788,0.725479,0.091922
3062_153_107_178,5,5,0.006807,0.012875,0.013352,0.053648,0.010561,0.845725,0.057031
3062_153_1195_1347,1,1,0.098543,0.307095,0.163684,0.044058,0.216514,0.081569,0.088537
3062_154_1939_2061,3,5,0.280942,0.104128,0.038975,0.113387,0.032098,0.358792,0.071678
3062_154_1143_1187,5,5,0.022304,0.050472,0.034096,0.020995,0.021959,0.776694,0.07348
3062_154_1558_1759,3,3,0.02612,0.037835,0.011402,0.578413,0.082101,0.034986,0.229143
3062_153_224_285,4,6,0.136236,0.236099,0.032289,0.103443,0.11315,0.119937,0.258846
3062_153_1768_1937,5,3,0.109905,0.126158,0.015595,0.491109,0.053391,0.046865,0.156977
3062_154_899_963,3,3,0.040028,0.105225,0.059587,0.322253,0.036697,0.163734,0.272477
3062_154_1347_1446,4,3,0.069196,0.103611,0.043349,0.402052,0.046266,0.11548,0.220045
3062_153_2061_2134,1,0,0.337005,0.163555,0.023689,0.260987,0.03643,0.146466,0.031867
3062_154_178_199,3,6,0.011749,0.038749,0.02446,0.192646,0.040518,0.033649,0.658229
3062_153_964_1126,3,5,0.017274,0.045138,0.057607,0.119277,0.03922,0.62687,0.094615
3062_154_285_355,3,3,0.142743,0.074245,0.01464,0.660317,0.021205,0.036347,0.050503
3062_154_600_719,3,3,0.086841,0.147051,0.029933,0.348156,0.060958,0.060919,0.266142
3062_154_452_485,3,5,0.032651,0.022405,0.009454,0.368832,0.031294,0.502178,0.033185
3062_154_31_98,3,3,0.031996,0.088683,0.022002,0.62884,0.052429,0.022096,0.153954
3062_153_402_447,3,3,0.02501,0.035017,0.035326,0.683062,0.032242,0.081148,0.108195
3062_153_1482_1543,3,3,0.00883,0.014093,0.0109,0.791969,0.039448,0.028464,0.106296
3062_153_736_899,5,3,0.011881,0.020808,0.027223,0.588318,0.059405,0.175123,0.117243
3062_153_519_588,5,6,0.10124,0.145449,0.08725,0.137009,0.137581,0.098809,0.292663
3069_154_31_128,1,6,0.018527,0.090606,0.1541,0.037491,0.048983,0.151916,0.498377
3069_153_1296_1326,3,3,0.140528,0.20829,0.053971,0.31905,0.042552,0.041473,0.194135
3069_154_1157_1259,0,6,0.149767,0.143346,0.016512,0.110963,0.038641,0.036377,0.504395
3069_153_1641_1707,4,1,0.133474,0.415302,0.058137,0.20824,0.090343,0.031394,0.063109
3069_154_219_291,1,5,0.022673,0.214626,0.248221,0.017639,0.060064,0.33096,0.105817
3069_153_1454_1523,1,0,0.417884,0.275142,0.021,0.012477,0.025656,0.218272,0.029568
3069_154_888_932,3,5,0.052135,0.071527,0.055867,0.030447,0.040083,0.591517,0.158424
3069_153_1126_1157,5,5,0.017586,0.030007,0.012343,0.018529,0.0158,0.869978,0.035758
3069_153_167_185,5,5,0.02881,0.036081,0.020806,0.040106,0.022707,0.729184,0.122306
3069_154_634_730,1,1,0.089206,0.26465,0.067262,0.175225,0.058622,0.106467,0.238569
3069_154_995_1041,3,0,0.367308,0.336888,0.027005,0.056307,0.042172,0.029025,0.141297
3069_154_471_548,6,6,0.04177,0.085882,0.035733,0.285364,0.02083,0.03539,0.49503
3069_153_342_447,1,1,0.175444,0.333337,0.053049,0.038257,0.047205,0.113845,0.238863
3069_153_811_872,1,6,0.018221,0.044047,0.041326,0.114213,0.108157,0.141834,0.532202
3069_154_1384_1422,1,1,0.189497,0.237349,0.040298,0.117982,0.21847,0.060643,0.13576
3069_154_1548_1585,1,1,0.269928,0.359685,0.051391,0.035189,0.121436,0.095135,0.067236
3069_153_564_580,5,5,0.030047,0.074816,0.06722,0.048159,0.071404,0.464054,0.2443
3069_153_961_979,5,5,0.045633,0.149671,0.141237,0.037663,0.133592,0.277108,0.215097
3329_168_124_241,0,1,0.100135,0.372442,0.08636,0.036285,0.176357,0.1776,0.050821
3329_167_1262_1396,4,0,0.441009,0.3681,0.013539,0.032684,0.055461,0.035143,0.054063
3329_168_1154_1216,3,1,0.290833,0.408597,0.039031,0.080684,0.051451,0.096976,0.032428
3329_167_1631_1878,4,1,0.244536,0.340657,0.055296,0.01431,0.282084,0.028654,0.034464
3329_168_1421_1597,0,1,0.273192,0.520804,0.030821,0.010006,0.114218,0.032236,0.018723
3329_168_856_992,1,5,0.118134,0.273257,0.076716,0.031883,0.042866,0.394803,0.062339
3329_168_542_596,1,3,0.067156,0.163013,0.121873,0.413237,0.087078,0.126195,0.021447
3329_167_1026_1132,4,1,0.371257,0.503962,0.013189,0.008192,0.048498,0.029544,0.025356
3329_167_260_518,1,1,0.145698,0.463892,0.033351,0.007999,0.259892,0.068633,0.020534
3329_167_616_837,0,0,0.43624,0.386046,0.015081,0.012451,0.063084,0.062557,0.02454
3329_167_31_78,3,3,0.020687,0.051854,0.082881,0.40224,0.043351,0.040003,0.358984
3329_168_1906_2033,0,1,0.214037,0.378453,0.037923,0.019909,0.146815,0.180462,0.022401
3325_167_2240_2492,4,2,0.046995,0.085384,0.378625,0.025585,0.297725,0.125432,0.040254
3325_168_126_204,1,2,0.011426,0.025873,0.42692,0.088495,0.071062,0.027887,0.348337
3325_168_1269_1318,1,6,0.008435,0.021238,0.021502,0.143787,0.029629,0.014449,0.76096
3325_167_1948_2151,0,0,0.737155,0.134656,0.007178,0.009647,0.013347,0.092305,0.005711
3325_167_1048_1268,5,5,0.022565,0.051922,0.041808,0.02301,0.050657,0.765345,0.044692
3325_167_1340_1811,3,3,0.12853,0.195421,0.049474,0.209232,0.093839,0.132815,0.190689
3325_167_221_537,5,4,0.111645,0.245914,0.091887,0.038175,0.360856,0.078962,0.07256
3325_167_941_971,1,6,0.033846,0.070327,0.051314,0.078227,0.043342,0.320922,0.402021
3325_168_558_627,1,6,0.015805,0.067971,0.108561,0.068326,0.071416,0.029807,0.638114
3325_167_31_58,3,6,0.035029,0.072583,0.046389,0.15689,0.037099,0.061851,0.590157
3325_168_2495_2568,1,1,0.091626,0.409452,0.057456,0.048035,0.270458,0.015249,0.107723
3325_167_665_861,0,0,0.298394,0.244119,0.073113,0.051481,0.215685,0.081054,0.036153
3325_168_1831_1935,0,1,0.128085,0.422023,0.039318,0.069178,0.130165,0.039453,0.171777
3325_168_992_1006,1,6,0.025971,0.070581,0.027668,0.05998,0.028831,0.196482,0.590487
3325_168_2163_2201,0,6,0.094586,0.173757,0.047831,0.106408,0.056761,0.125416,0.395241
3325_168_894_914,1,6,0.020521,0.026354,0.030741,0.064418,0.022249,0.152793,0.682923
3339_168_1198_1230,4,1,0.04424,0.291729,0.059481,0.183833,0.259317,0.033528,0.127872
3339_167_1110_1163,3,6,0.030329,0.094236,0.097787,0.109632,0.071389,0.28079,0.315836
3339_167_31_95,4,6,0.019404,0.037238,0.112791,0.08827,0.256201,0.096285,0.38981
3339_167_752_798,3,6,0.013973,0.027974,0.016224,0.452514,0.017159,0.013401,0.458756
3339_167_200_451,3,5,0.02711,0.148672,0.184301,0.02715,0.188157,0.296991,0.12762
3339_167_1017_1027,3,6,0.020489,0.033081,0.040965,0.289549,0.040804,0.163159,0.411953
3339_168_673_718,3,6,0.017266,0.065452,0.121892,0.170595,0.071088,0.104918,0.448788
3339_168_136_184,4,5,0.033758,0.158584,0.133568,0.142886,0.089736,0.261953,0.179515
3339_168_929_950,1,6,0.085379,0.185643,0.076351,0.18628,0.063326,0.070503,0.332518
3339_167_527_644,3,6,0.029588,0.08727,0.049465,0.268845,0.034742,0.086069,0.444021
3339_168_818_832,3,3,0.016894,0.044765,0.094481,0.606297,0.142276,0.025327,0.069959
3339_168_473_499,3,5,0.018604,0.058258,0.064979,0.07088,0.113735,0.552243,0.121302
3339_167_879_905,3,6,0.018862,0.035581,0.053796,0.231846,0.025572,0.098241,0.536103
3339_168_1064_1082,3,6,0.051741,0.340697,0.037376,0.091565,0.077381,0.012333,0.388907
3336_167_1247_1322,4,4,0.019502,0.16609,0.068539,0.010043,0.708193,0.011014,0.016619
3336_168_1987_2122,1,1,0.148019,0.353269,0.063159,0.047674,0.071472,0.048386,0.268021
3336_168_1014_1237,1,1,0.081691,0.418448,0.040029,0.070123,0.34439,0.016024,0.029296
3336_167_1668_1699,5,5,0.018051,0.029269,0.020707,0.016492,0.012794,0.809621,0.093066
3336_168_222_283,1,5,0.02209,0.038602,0.042013,0.026968,0.024081,0.788105,0.058141
3336_168_1713_1874,1,1,0.071239,0.41912,0.046373,0.054313,0.292181,0.010706,0.106068
3336_168_1357_1536,0,1,0.150688,0.529365,0.058817,0.021355,0.158041,0.02254,0.059192
3336_167_2198_2227,1,6,0.021806,0.122771,0.124887,0.079171,0.248524,0.022679,0.380162
3336_167_31_124,1,4,0.00764,0.055902,0.15098,0.002793,0.760602,0.004753,0.01733
3336_167_914_1007,1,4,0.015584,0.319447,0.145487,0.004465,0.35524,0.007058,0.152719
3336_168_517_727,1,3,0.030445,0.111317,0.131838,0.276088,0.234001,0.131897,0.084414
3336_167_310_504,1,4,0.030465,0.296108,0.147445,0.002738,0.492121,0.014179,0.016943
3336_167_745_830,1,1,0.041765,0.438843,0.117468,0.005558,0.288613,0.027459,0.080295
3336_168_1604_1662,6,6,0.042728,0.155322,0.125792,0.209696,0.097089,0.010758,0.358615
3336_167_1558_1589,2,4,0.031131,0.179122,0.192902,0.157115,0.268588,0.030381,0.14076
3336_168_852_896,1,5,0.020152,0.049675,0.106021,0.070369,0.069868,0.45197,0.231945
3336_167_1931_1965,5,5,0.277885,0.156321,0.020704,0.006413,0.024742,0.466871,0.047064
3353_168_31_135,3,6,0.022409,0.053796,0.038999,0.333707,0.042892,0.026757,0.481441
3353_167_685_812,3,1,0.110958,0.316381,0.056546,0.135342,0.121426,0.045028,0.214318
3353_168_845_1035,3,3,0.007807,0.014085,0.052145,0.759943,0.03973,0.011014,0.115277
3353_168_202_258,3,6,0.022107,0.063345,0.051118,0.330498,0.043206,0.037938,0.451789
3353_167_415_447,3,3,0.134694,0.187174,0.03415,0.240464,0.199358,0.059984,0.144175
3353_168_618_670,3,3,0.021474,0.02756,0.039889,0.750792,0.042486,0.071694,0.046105
3353_167_584_601,3,6,0.050286,0.08585,0.086776,0.128368,0.039502,0.196717,0.412501
3353_168_326_406,3,6,0.022732,0.199938,0.11039,0.090472,0.098016,0.08182,0.396632
3353_167_273_311,5,1,0.162374,0.218258,0.051911,0.216457,0.161937,0.106829,0.082233
3353_167_156_172,5,1,0.10843,0.285787,0.102274,0.061544,0.10187,0.156229,0.183866
3353_168_501_508,5,5,0.019725,0.041363,0.070973,0.13958,0.060468,0.554976,0.112915
3354_168_31_161,0,1,0.085695,0.360069,0.121094,0.026885,0.359136,0.027864,0.019258
3354_168_1102_1373,0,1,0.196382,0.366743,0.036947,0.050352,0.170459,0.130152,0.048965
3354_168_242_461,0,1,0.099975,0.376589,0.107859,0.029737,0.260198,0.079973,0.04567
3354_168_2698_3134,1,4,0.040626,0.146841,0.042383,0.033064,0.628472,0.012963,0.09565
3354_167_3148_3173,3,3,0.042974,0.168426,0.052779,0.280675,0.153771,0.039262,0.262113
3354_167_2517_2641,4,2,0.010097,0.051315,0.354898,0.028502,0.306681,0.015429,0.233078
3354_168_2204_2488,1,4,0.043272,0.246168,0.039162,0.081094,0.390106,0.01594,0.184257
3354_167_920_929,4,6,0.015112,0.060271,0.094005,0.033928,0.351004,0.017763,0.427917
3354_167_1924_2096,0,1,0.212016,0.396157,0.048377,0.020027,0.26915,0.034969,0.019305
3354_167_175_183,2,6,0.030429,0.122025,0.139732,0.097337,0.257306,0.024981,0.32819
3354_168_1644_1900,1,1,0.1283,0.359411,0.069144,0.036232,0.232685,0.12568,0.048548
3354_167_625_648,1,5,0.072805,0.241276,0.185144,0.031415,0.147713,0.256633,0.065015
3354_167_1464_1576,4,4,0.017412,0.072393,0.143779,0.03823,0.455752,0.099911,0.172524
3354_168_688_774,0,1,0.329044,0.416791,0.048464,0.013653,0.080157,0.058928,0.052963
3354_168_533_587,0,1,0.140317,0.419034,0.054033,0.055011,0.17489,0.0349,0.121814
3354_167_491_519,2,4,0.018324,0.151547,0.161589,0.03352,0.352626,0.021268,0.261125
3354_167_800_838,2,4,0.091838,0.271292,0.234396,0.01995,0.286225,0.037466,0.058834
3354_168_856_872,0,5,0.245432,0.224423,0.027333,0.019287,0.028087,0.371508,0.08393
3922_197_31_156,3,3,0.01695,0.024303,0.023868,0.797698,0.016005,0.040477,0.080698
3922_198_1588_1791,1,6,0.085248,0.293445,0.109862,0.086131,0.057658,0.035568,0.332087
3922_198_164_284,3,3,0.008742,0.01584,0.007769,0.733864,0.017331,0.005439,0.211015
3922_197_1413_1574,1,0,0.547724,0.324175,0.02471,0.006615,0.038719,0.044043,0.014014
3922_198_933_1145,1,5,0.018655,0.050367,0.100682,0.227515,0.041103,0.344978,0.2167
3922_198_1308_1405,1,6,0.02312,0.149167,0.08649,0.077374,0.203519,0.020707,0.439622
3922_197_590_714,3,3,0.068051,0.19011,0.020969,0.601906,0.036287,0.070314,0.012363
3922_197_307_393,3,3,0.034083,0.054293,0.035156,0.772696,0.016679,0.039463,0.04763
3922_198_414_587,3,3,0.109718,0.249688,0.0202,0.362826,0.038942,0.048839,0.169787
3922_197_1223_1290,5,5,0.01976,0.043033,0.030183,0.019739,0.027378,0.788487,0.071421
3922_197_788_848,3,3,0.103327,0.069608,0.034933,0.525661,0.041027,0.120321,0.105123
3922_197_1839_2030,1,3,0.137435,0.253602,0.033953,0.31272,0.113284,0.069153,0.079854
3922_198_751_783,3,6,0.037213,0.094161,0.028438,0.253701,0.023088,0.015039,0.548359
3921_197_31_139,1,2,0.084247,0.242658,0.282625,0.017261,0.07187,0.182874,0.118464
3921_197_1142_1369,0,0,0.801245,0.090595,0.010361,0.007564,0.018856,0.065005,0.006374
3921_197_1615_1705,0,0,0.722463,0.133157,0.01716,0.010075,0.017134,0.089422,0.01059
3921_197_210_278,0,0,0.491953,0.388467,0.014703,0.004226,0.031127,0.063909,0.005615
3921_198_1716_1812,1,0,0.606834,0.263085,0.011114,0.014991,0.013265,0.07745,0.01326
3921_198_1376_1614,0,0,0.70998,0.217702,0.014175,0.007112,0.016976,0.018123,0.015933
3921_197_874_1011,0,0,0.491932,0.364584,0.023414,0.022352,0.036888,0.036322,0.024508
3921_198_539_625,1,1,0.28678,0.29087,0.096543,0.029951,0.051739,0.126796,0.117322
3921_198_148_193,1,1,0.161937,0.501107,0.045761,0.044952,0.1527,0.038424,0.055119
3921_198_1040_1138,1,1,0.279367,0.375861,0.053552,0.052258,0.039279,0.053673,0.14601
3921_198_296_387,1,1,0.174616,0.460687,0.079675,0.023443,0.108841,0.034476,0.118263
3921_197_630_724,1,0,0.498704,0.353305,0.023466,0.012393,0.036754,0.061713,0.013664
3921_197_396_539,0,0,0.388327,0.223387,0.0649,0.031675,0.046029,0.175466,0.070215
3921_198_743_870,1,0,0.437499,0.274004,0.023064,0.035443,0.023679,0.161922,0.044389
3930_198_110_225,6,6,0.011637,0.022568,0.061903,0.336787,0.038114,0.191793,0.337199
3930_198_1199_1316,6,6,0.01276,0.049954,0.296874,0.085834,0.11134,0.117079,0.326159
3930_197_1623_1732,4,4,0.014378,0.092472,0.259247,0.05024,0.409411,0.062087,0.112164
3930_197_246_385,1,4,0.017964,0.214429,0.132606,0.141091,0.31305,0.012457,0.168404
3930_198_1411_1584,1,5,0.025265,0.082391,0.075193,0.037065,0.055775,0.531861,0.19245
3930_198_940_992,6,6,0.021323,0.064561,0.101048,0.126861,0.024609,0.134634,0.526962
3930_198_577_789,3,3,0.016331,0.104167,0.066614,0.343076,0.065496,0.098955,0.30536
3930_197_1013_1142,6,6,0.020863,0.134456,0.077394,0.101524,0.208317,0.043207,0.414239
3930_197_1328_1346,6,6,0.013312,0.042538,0.054215,0.320068,0.073276,0.005155,0.491436
3930_197_475_547,5,5,0.01745,0.067313,0.089345,0.052183,0.070699,0.581415,0.121596
3930_197_31_104,6,6,0.011263,0.055907,0.0771,0.116418,0.091431,0.029355,0.618527
3930_198_399_470,3,5,0.013053,0.031326,0.062684,0.126799,0.095685,0.618996,0.051457
3930_197_792_908,4,4,0.035092,0.281702,0.082012,0.137624,0.332345,0.044949,0.086275
3930_198_1768_1784,1,4,0.042236,0.159852,0.228706,0.028537,0.357598,0.127994,0.055076
3932_197_31_210,2,5,0.06529,0.162203,0.133129,0.018904,0.155425,0.423661,0.041389
3932_197_2035_2211,4,1,0.285583,0.464607,0.012839,0.022738,0.174204,0.028329,0.011699
3932_198_1149_1260,1,4,0.030651,0.159326,0.088866,0.065316,0.346397,0.100646,0.208798
3932_197_1605_1924,2,4,0.064324,0.344164,0.054973,0.072617,0.35153,0.015331,0.097061
3932_198_233_400,6,4,0.033045,0.15718,0.075541,0.060547,0.333271,0.170514,0.169902
3932_198_1440_1587,2,4,0.050813,0.355672,0.121773,0.006964,0.369914,0.03319,0.061676
3932_197_749_942,2,1,0.104333,0.44201,0.046014,0.023369,0.311614,0.024271,0.048388
3932_198_950_1080,1,1,0.111347,0.448214,0.042953,0.107085,0.134585,0.027318,0.128498
3932_197_1313_1423,1,1,0.084473,0.39899,0.051594,0.099469,0.222616,0.042818,0.100041
3932_198_562_721,6,1,0.074352,0.379611,0.046422,0.058276,0.328269,0.02725,0.08582
3932_197_1088_1127,0,1,0.163751,0.378641,0.095447,0.04513,0.151052,0.029107,0.136872
3932_197_415_543,0,1,0.095234,0.426334,0.123184,0.01975,0.180633,0.091687,0.063178
3932_198_1954_2022,4,4,0.046773,0.134494,0.063913,0.085985,0.569254,0.010912,0.088669
3935_198_2489_2573,5,0,0.626472,0.144768,0.009573,0.04621,0.036475,0.123518,0.012986
3935_198_96_128,3,6,0.027902,0.09585,0.018758,0.299695,0.044747,0.006466,0.506583
3935_197_1029_1498,1,6,0.072373,0.180916,0.084109,0.199047,0.133145,0.065321,0.26509
3935_197_179_275,1,0,0.428126,0.36385,0.031449,0.018625,0.045233,0.071746,0.04097
3935_197_2616_2871,5,5,0.093304,0.021722,0.007129,0.016475,0.012818,0.84537,0.003182
3935_197_3031_3206,0,1,0.320804,0.339707,0.134974,0.005638,0.140521,0.043622,0.014735
3935_197_680_935,5,1,0.101493,0.257065,0.075789,0.228363,0.153984,0.048676,0.13463
3935_198_2897_2975,3,0,0.458216,0.344414,0.035124,0.04134,0.052016,0.043721,0.025168
3935_198_1958_2255,5,1,0.113903,0.215391,0.121166,0.096212,0.0994,0.189872,0.164057
3935_197_1615_1931,6,5,0.047404,0.058618,0.033723,0.044199,0.089581,0.60741,0.119065
3935_198_575_679,1,1,0.118772,0.258456,0.086529,0.059285,0.12921,0.235467,0.11228
3935_198_1522_1562,1,1,0.109472,0.303746,0.038987,0.051009,0.061667,0.270928,0.16419
3935_198_956_1014,5,6,0.105102,0.240352,0.134132,0.102358,0.10242,0.058911,0.256724
3935_198_295_400,1,5,0.160163,0.193117,0.019022,0.072463,0.029283,0.44065,0.085302
3935_197_2309_2453,6,6,0.120169,0.151739,0.051502,0.181952,0.108318,0.143649,0.242671
3935_197_461_561,6,3,0.107666,0.200882,0.020743,0.494056,0.072659,0.046693,0.0573
3935_197_31_81,6,6,0.033955,0.096783,0.063324,0.118136,0.04354,0.266649,0.377614
3945_198_1269_1313,1,1,0.093362,0.306383,0.121776,0.033474,0.129158,0.182462,0.133384
3945_198_1589_1812,1,1,0.159566,0.371921,0.135621,0.008508,0.066579,0.168986,0.088819
3945_198_140_357,6,6,0.008826,0.056381,0.078611,0.062939,0.033043,0.023583,0.736618
3945_198_1407_1461,0,5,0.063803,0.240143,0.199076,0.00857,0.041881,0.334316,0.11221
3945_198_833_1178,6,6,0.017003,0.110611,0.147516,0.086248,0.042773,0.096117,0.49973
3945_197_1341_1353,5,5,0.008573,0.037635,0.027686,0.012008,0.024364,0.810267,0.079466
3945_198_479_731,6,6,0.01701,0.091138,0.072354,0.057919,0.057959,0.045237,0.658384
3945_197_380_454,6,6,0.010882,0.099012,0.137529,0.14213,0.083267,0.010079,0.5171
3945_197_1486_1535,5,5,0.007104,0.059953,0.108032,0.017553,0.055505,0.671296,0.080557
3945_197_1832_1911,4,4,0.026753,0.270853,0.230064,0.050807,0.270931,0.080398,0.070194
3945_197_1189_1198,6,6,0.020794,0.107987,0.095794,0.127281,0.111896,0.018798,0.517449
3945_197_745_798,6,6,0.018743,0.140483,0.110578,0.116438,0.127066,0.023151,0.463543
3945_198_1948_2022,0,1,0.061967,0.227014,0.106135,0.119861,0.133713,0.127252,0.224057
3945_197_100_109,3,3,0.019443,0.08122,0.116003,0.415822,0.093105,0.013894,0.260513
3945_198_31_36,1,6,0.026952,0.098092,0.066918,0.151483,0.052398,0.049736,0.554421
3946_197_31_198,3,5,0.053507,0.079979,0.044798,0.077083,0.048756,0.658466,0.037412
3946_198_1225_1331,3,1,0.11202,0.370578,0.0433,0.202268,0.094846,0.127229,0.049758
3946_197_1101_1196,4,1,0.08759,0.485639,0.020473,0.069934,0.241178,0.035096,0.06009
3946_198_219_360,3,1,0.075451,0.403601,0.059408,0.067703,0.115175,0.186928,0.091734
3946_197_1356_1472,5,5,0.160182,0.30908,0.059023,0.069455,0.039811,0.317709,0.04474
3946_198_909_1080,6,1,0.075932,0.40756,0.068567,0.025949,0.335903,0.027476,0.058614
3946_197_573_639,1,5,0.029825,0.079714,0.040309,0.047597,0.071926,0.581837,0.148793
3946_197_375_478,1,1,0.071659,0.440477,0.049669,0.063841,0.173763,0.044725,0.155866
3946_198_1510_1594,3,5,0.009541,0.016151,0.008072,0.318376,0.017333,0.626255,0.004271
3946_197_798_873,4,4,0.040583,0.248265,0.049542,0.069836,0.48108,0.009887,0.100808
3946_198_660_781,5,5,0.026628,0.10169,0.045191,0.286446,0.069537,0.436326,0.034182
3946_197_1620_1657,6,6,0.02069,0.085317,0.114991,0.07198,0.045074,0.236207,0.425742
3946_198_487_494,5,5,0.025907,0.06867,0.053615,0.015393,0.037502,0.721232,0.077682
3942_198_109_305,3,3,0.014015,0.030239,0.018184,0.498586,0.202587,0.033431,0.202959
3942_197_1292_1368,3,3,0.045087,0.179273,0.047556,0.349984,0.26321,0.017421,0.097469
3942_198_1163_1276,1,1,0.297659,0.449281,0.019789,0.053547,0.032179,0.118552,0.028994
3942_198_1819_1864,3,3,0.066238,0.187644,0.048451,0.279476,0.084295,0.171658,0.162239
3942_197_1699_1804,3,5,0.030979,0.088266,0.139433,0.200263,0.070723,0.395982,0.074353
3942_198_1393_1477,1,6,0.093909,0.127053,0.058568,0.150549,0.068426,0.165308,0.336188
3942_198_899_1057,1,3,0.034356,0.061518,0.013412,0.420838,0.16879,0.22961,0.071475
3942_197_509_687,3,3,0.025498,0.162058,0.073525,0.35879,0.201042,0.043157,0.135929
3942_197_1082_1143,3,3,0.045421,0.057453,0.039885,0.573144,0.019882,0.179551,0.084664
3942_197_305_390,5,5,0.005692,0.010426,0.007903,0.051353,0.018371,0.885532,0.020722
3942_197_31_97,3,6,0.012495,0.028508,0.053898,0.264491,0.072641,0.171064,0.396903
3942_198_402_454,3,6,0.021654,0.098306,0.039741,0.139332,0.056954,0.028461,0.615552
3942_197_1503_1609,3,3,0.028224,0.15325,0.019411,0.435714,0.134156,0.020838,0.208407
3942_197_751_888,3,3,0.029366,0.121648,0.039805,0.537569,0.206855,0.032219,0.032538
3942_198_715_750,0,5,0.148998,0.193941,0.037461,0.083108,0.045042,0.298167,0.193284
3942_198_1629_1665,4,3,0.009497,0.019527,0.017491,0.463629,0.154975,0.067465,0.267415
3947_198_1260_1418,4,4,0.042153,0.16263,0.192749,0.004949,0.571867,0.014394,0.011258
3947_198_1962_2107,1,1,0.25275,0.368909,0.067292,0.012161,0.082607,0.162138,0.054144
3947_197_1114_1191,4,1,0.084881,0.477334,0.032262,0.025495,0.348546,0.009256,0.022227
3947_198_1554_1688,4,4,0.013705,0.128346,0.126421,0.040194,0.318319,0.066723,0.306292
3947_198_151_353,2,5,0.033446,0.088348,0.171307,0.068609,0.152222,0.420998,0.06507
3947_197_1727_1818,4,6,0.051844,0.225641,0.050143,0.199618,0.100159,0.022247,0.350347
3947_198_837_971,6,1,0.047973,0.358064,0.076322,0.038402,0.172669,0.048078,0.258492
3947_197_604_825,4,1,0.164601,0.654046,0.02768,0.015744,0.113628,0.015778,0.008524
3947_198_1034_1060,0,1,0.186021,0.513561,0.075005,0.020656,0.073501,0.064235,0.067021
3947_197_393_501,1,5,0.068687,0.196899,0.0506,0.013873,0.055459,0.556399,0.058083
3947_197_31_113,1,1,0.431906,0.438501,0.016829,0.023382,0.032082,0.023503,0.033797
3947_197_1474_1505,5,5,0.050846,0.22696,0.089504,0.010881,0.055328,0.471849,0.094632
3947_198_1852_1903,5,1,0.153643,0.391261,0.057843,0.004413,0.103761,0.206444,0.082637
3947_197_2119_2196,0,0,0.615424,0.298909,0.010445,0.020973,0.019236,0.020078,0.014933
3947_198_518_575,2,2,0.011068,0.150972,0.428918,0.009749,0.286509,0.041854,0.07093
3947_197_990_1023,4,1,0.31537,0.527864,0.024881,0.015545,0.065795,0.016844,0.033701
3947_198_2219_2230,0,5,0.09277,0.063396,0.023691,0.019342,0.01512,0.72932,0.056361
3947_197_1924_1951,6,6,0.074713,0.263088,0.050156,0.116558,0.073222,0.036959,0.385303
3956_197_2453_3358,1,4,0.01296,0.122384,0.11155,0.022678,0.64523,0.005556,0.079642
3956_197_31_224,1,4,0.015325,0.19378,0.088932,0.007709,0.647048,0.007352,0.039854
3956_197_1206_1384,1,4,0.048148,0.344446,0.054233,0.010247,0.486732,0.019443,0.036752
3956_198_1413_1485,1,6,0.015342,0.03873,0.166418,0.044475,0.244628,0.088279,0.402128
3956_198_3429_3664,1,6,0.010672,0.031495,0.076985,0.177729,0.182645,0.010694,0.509781
3956_198_918_1153,1,4,0.037468,0.146149,0.099223,0.043079,0.560526,0.026357,0.087197
3956_197_1918_2080,1,4,0.033058,0.285943,0.051063,0.023889,0.490548,0.017249,0.09825
3956_197_573_882,1,4,0.015523,0.192985,0.085584,0.007429,0.653,0.005219,0.040259
3956_197_1613_1730,1,4,0.020626,0.125625,0.1282,0.007278,0.646854,0.018898,0.05252
3956_198_2134_2364,1,4,0.047272,0.172408,0.121693,0.014742,0.520171,0.021195,0.10252
3956_197_3760_3804,1,4,0.011018,0.148227,0.147071,0.004161,0.613029,0.014698,0.061796
3956_198_1778_1881,1,6,0.013965,0.064176,0.061167,0.159084,0.240879,0.005518,0.455211
3956_198_3868_3962,0,6,0.011546,0.038774,0.058562,0.053914,0.170766,0.023458,0.64298
3956_198_270_502,1,4,0.011845,0.113594,0.169499,0.013119,0.606715,0.030215,0.055013
3960_197_31_205,0,0,0.714667,0.151417,0.007761,0.015148,0.017215,0.088282,0.00551
3960_198_889_1270,0,0,0.846268,0.091986,0.0052,0.006067,0.010982,0.037587,0.00191
3960_198_219_406,5,5,0.060407,0.031606,0.012007,0.024316,0.02944,0.833833,0.008391
3960_197_2775_2999,0,0,0.818774,0.104391,0.003847,0.028183,0.016757,0.024394,0.003655
3960_197_1305_1762,0,0,0.804457,0.080417,0.004773,0.004768,0.011572,0.091711,0.002303
3960_197_3495_3601,0,0,0.663885,0.200386,0.019117,0.033652,0.030833,0.038095,0.014033
3960_198_3027_3453,1,0,0.460241,0.136499,0.024506,0.056905,0.072528,0.228129,0.021193
3960_198_2519_2744,0,5,0.227112,0.052582,0.01968,0.014913,0.061308,0.613784,0.01062
3960_197_1944_2486,0,0,0.750818,0.065884,0.007547,0.008805,0.015224,0.14896,0.002761
3960_198_564_787,0,0,0.697778,0.094547,0.011489,0.010674,0.068986,0.11187,0.004656
3960_198_1783_1937,0,0,0.681362,0.197823,0.006946,0.036055,0.020261,0.052205,0.005348
3960_197_410_552,0,0,0.431056,0.239018,0.023901,0.132376,0.043443,0.095687,0.034518
3960_197_789_847,0,0,0.841146,0.100574,0.005928,0.006084,0.011124,0.030528,0.004615
3960_198_3627_3649,0,5,0.20649,0.055272,0.016642,0.05187,0.019985,0.605732,0.04401
3962_200_1188_1423,3,3,0.059145,0.201905,0.042696,0.425752,0.129125,0.041791,0.099586
3962_199_1679_2056,1,3,0.033131,0.086012,0.04051,0.474432,0.102115,0.228273,0.035527
3962_199_151_320,3,3,0.029716,0.065305,0.042752,0.46456,0.075334,0.280792,0.041541
3962_199_1442_1486,5,3,0.01924,0.047534,0.028206,0.538279,0.042413,0.253335,0.070994
3962_200_670_936,3,3,0.023229,0.076797,0.020408,0.550944,0.086591,0.045172,0.196859
3962_199_944_1009,3,3,0.011667,0.02307,0.038458,0.703136,0.038468,0.148235,0.036965
3962_199_402_663,3,3,0.015865,0.068134,0.028986,0.677436,0.055744,0.088206,0.06563
3962_199_1057_1160,3,3,0.009199,0.018824,0.030726,0.642928,0.019041,0.153465,0.125816
3962_200_1011_1037,5,5,0.008485,0.024607,0.027239,0.033175,0.021411,0.794918,0.090165
3962_200_31_112,3,3,0.07331,0.188475,0.071959,0.24905,0.066299,0.148924,0.201983
3962_200_1498_1668,1,3,0.137465,0.245351,0.034577,0.276337,0.06942,0.093159,0.14369
3962_200_335_378,3,3,0.008761,0.005733,0.007648,0.711369,0.022779,0.233928,0.009781
3961_199_84_180,3,3,0.014431,0.02789,0.035804,0.76462,0.027372,0.033436,0.096447
3961_200_874_1297,3,5,0.007594,0.004658,0.003091,0.164989,0.013796,0.800219,0.005653
3961_199_1549_1749,3,3,0.01901,0.084674,0.092109,0.419978,0.180097,0.042213,0.161919
3961_199_230_361,3,3,0.019678,0.052804,0.074706,0.50914,0.067861,0.14159,0.13422
3961_200_1757_1853,5,5,0.093254,0.208413,0.043915,0.178738,0.118655,0.268454,0.08857
3961_200_188_209,5,5,0.02529,0.035308,0.033578,0.038453,0.02098,0.64784,0.198552
3961_199_1319_1453,3,3,0.009802,0.010322,0.012324,0.846686,0.017347,0.055989,0.04753
3961_199_582_784,3,3,0.044877,0.220615,0.03139,0.446436,0.150232,0.034554,0.071895
3961_200_364_566,5,5,0.045271,0.050768,0.013011,0.044973,0.06236,0.763036,0.020581
3961_200_31_78,5,5,0.020852,0.025999,0.021758,0.048966,0.022872,0.786132,0.073421
3961_200_1478_1516,3,5,0.029971,0.071988,0.035431,0.081726,0.023729,0.581572,0.175583
3961_200_789_826,3,3,0.024285,0.146646,0.050582,0.406578,0.140876,0.044615,0.186418
3961_199_1862_1907,3,3,0.049848,0.230386,0.045319,0.404676,0.084624,0.020184,0.164962
3961_199_836_861,3,3,0.013344,0.017664,0.011987,0.861825,0.041403,0.021706,0.032072
3961_200_1915_1934,3,3,0.015943,0.040615,0.044595,0.740396,0.03133,0.064815,0.062306
3965_199_31_174,3,3,0.012264,0.022832,0.151057,0.286109,0.182828,0.095067,0.249843
3965_200_1231_1482,0,0,0.449874,0.281846,0.021957,0.072144,0.080865,0.06686,0.026454
3965_200_1850_2084,0,0,0.508921,0.273541,0.016227,0.041625,0.085832,0.051814,0.02204
3965_199_995_1207,3,3,0.058795,0.193435,0.062706,0.332901,0.216874,0.061548,0.073742
3965_199_1530_1833,3,3,0.011276,0.032351,0.024652,0.585096,0.074444,0.025248,0.246933
3965_200_222_324,1,3,0.042609,0.098758,0.188223,0.312308,0.13482,0.028306,0.194976
3965_199_2100_2297,3,3,0.026759,0.055831,0.033905,0.524809,0.054197,0.029681,0.274817
3965_200_825_994,0,1,0.255593,0.489258,0.031328,0.056688,0.106369,0.026176,0.034588
3965_200_410_593,1,4,0.028275,0.228611,0.12066,0.058907,0.410332,0.033994,0.11922
3965_200_2310_2421,1,0,0.543253,0.31737,0.019104,0.020804,0.046921,0.037404,0.015144
3965_199_622_799,1,1,0.070895,0.425003,0.088318,0.048293,0.196844,0.041693,0.128954
3965_199_367_395,4,5,0.006832,0.013004,0.02617,0.028373,0.007787,0.862821,0.055012
3972_199_31_184,4,4,0.060031,0.176636,0.080039,0.219403,0.274218,0.085836,0.103837
3972_200_1250_1370,4,1,0.330832,0.485877,0.017442,0.043161,0.045048,0.028683,0.048957
3972_199_868_1218,4,4,0.066004,0.210967,0.028794,0.253782,0.290808,0.051389,0.098256
3972_200_1572_1682,1,1,0.350623,0.466605,0.022337,0.042931,0.047521,0.021769,0.048214
3972_200_222_443,1,0,0.565791,0.332726,0.009989,0.020945,0.049032,0.014639,0.006877
3972_199_1388_1526,1,1,0.107371,0.465467,0.052291,0.085704,0.193532,0.02721,0.068425
3972_199_2143_2464,3,3,0.068614,0.197867,0.020459,0.285987,0.208455,0.135297,0.083321
3972_200_2055_2110,4,1,0.082967,0.474476,0.047803,0.018524,0.236231,0.009637,0.130362
3972_199_455_573,3,3,0.220227,0.218173,0.027713,0.275524,0.187451,0.047849,0.023063
3972_200_665_849,4,1,0.31321,0.543594,0.010185,0.011815,0.097418,0.013568,0.010211
3972_199_1713_1756,3,3,0.0175,0.034954,0.029932,0.76764,0.061649,0.012233,0.076093
3973_200_118_163,4,6,0.020644,0.05556,0.083227,0.052025,0.116822,0.034425,0.637297
3973_199_1155_1300,0,0,0.678446,0.234924,0.016288,0.005105,0.021798,0.036507,0.006931
3973_199_1553_1833,1,1,0.180444,0.263685,0.031028,0.137079,0.254695,0.080247,0.052823
3973_199_177_289,5,5,0.206292,0.193654,0.028223,0.018343,0.033174,0.504132,0.016183
3973_200_1323_1503,1,0,0.595043,0.267347,0.008171,0.013192,0.044203,0.06153,0.010513
3973_199_786_974,1,1,0.417089,0.425981,0.017224,0.022061,0.067557,0.030567,0.019522
3973_199_527_604,1,0,0.327235,0.261714,0.035595,0.099916,0.061839,0.146953,0.066747
3973_200_1003_1134,1,0,0.396493,0.185109,0.01377,0.242467,0.036796,0.065415,0.05995
3973_200_325_470,1,3,0.158505,0.13768,0.0189,0.238079,0.036,0.216331,0.194505
3973_200_633_772,0,0,0.830416,0.130184,0.005283,0.004348,0.010809,0.014904,0.004055
3973_199_31_88,5,5,0.014422,0.019888,0.038057,0.170711,0.026335,0.39358,0.337007
3973_200_1907_1975,0,0,0.573025,0.202038,0.057588,0.052656,0.047971,0.037413,0.029309
3979_200_1219_1332,3,3,0.018509,0.02749,0.05031,0.81118,0.028963,0.01333,0.050219
3979_199_1133_1207,3,5,0.032767,0.109046,0.053881,0.13981,0.045921,0.576907,0.041669
3979_200_234_337,1,3,0.157852,0.226743,0.026721,0.345929,0.062516,0.079197,0.101041
3979_200_1436_1556,3,3,0.006653,0.009264,0.006082,0.894442,0.020984,0.017089,0.045487
3979_199_891_968,3,3,0.024194,0.104737,0.033871,0.602839,0.111348,0.071838,0.051172
3979_199_1346_1423,3,3,0.041397,0.077848,0.03078,0.489233,0.11714,0.224411,0.019191
3979_200_591_619,6,3,0.033583,0.13424,0.027002,0.366049,0.17601,0.027906,0.235212
3979_199_145_197,1,5,0.125018,0.155527,0.042557,0.066619,0.042449,0.518335,0.049496
3979_200_984_1122,3,3,0.020753,0.035428,0.023968,0.52546,0.072548,0.077817,0.244026
3979_199_638_667,3,3,0.028788,0.095135,0.049166,0.385354,0.042592,0.366774,0.03219
3979_200_438_542,6,3,0.026453,0.030892,0.012898,0.713359,0.036069,0.035906,0.144423
3979_200_31_104,1,3,0.153034,0.138129,0.049922,0.335214,0.037024,0.114123,0.172554
3979_200_689_862,3,3,0.023982,0.106461,0.011898,0.725941,0.053288,0.032238,0.046191
3979_199_366_420,5,5,0.008228,0.020231,0.015337,0.024958,0.012407,0.868687,0.050152
3979_199_562_580,3,3,0.0224,0.085237,0.028989,0.587201,0.052178,0.155318,0.068675
3988_199_117_177,1,5,0.00467,0.020006,0.045135,0.018584,0.034466,0.755071,0.122068
3988_199_1188_1416,1,6,0.024429,0.072814,0.078504,0.142051,0.201208,0.046104,0.434891
3988_200_236_271,1,1,0.087423,0.226942,0.20014,0.055621,0.133333,0.077443,0.219098
3988_199_1698_1831,1,6,0.032894,0.18722,0.100673,0.103264,0.131472,0.050028,0.39445
3988_200_1460_1658,1,4,0.018338,0.12554,0.300639,0.011234,0.436963,0.070387,0.036899
3988_199_870_989,6,6,0.020232,0.084872,0.053576,0.188644,0.064371,0.172776,0.415528
3988_200_1002_1165,1,1,0.131531,0.313053,0.080455,0.029183,0.183844,0.216571,0.045364
3988_199_292_427,1,6,0.015281,0.078789,0.150605,0.159334,0.086596,0.046852,0.462543
3988_199_618_689,1,5,0.016375,0.050974,0.067187,0.017603,0.03777,0.745398,0.064693
3988_200_442_572,1,5,0.030999,0.080937,0.065005,0.02671,0.047156,0.615225,0.133969
3988_200_31_104,1,5,0.225248,0.098914,0.047823,0.045103,0.048491,0.507436,0.026985
3988_200_743_831,1,5,0.060526,0.08618,0.073976,0.025453,0.241291,0.4442,0.068374
3988_200_1855_1961,1,4,0.021917,0.302469,0.09153,0.012234,0.531156,0.020672,0.020022
3989_199_1282_1359,3,3,0.015523,0.052454,0.025366,0.720855,0.030934,0.062206,0.092662
3989_199_1535_1702,3,3,0.0336,0.080497,0.033246,0.623442,0.06194,0.095778,0.071496
3989_199_253_333,3,3,0.038391,0.093962,0.060556,0.573704,0.065977,0.049858,0.117551
3989_200_1365_1523,3,3,0.01311,0.041271,0.016882,0.751973,0.026708,0.013934,0.136122
3989_200_899_1030,6,3,0.041358,0.1118,0.029774,0.645166,0.070003,0.057021,0.044878
3989_200_139_243,6,1,0.243218,0.396625,0.025371,0.017848,0.066895,0.163163,0.086879
3989_199_453_634,3,3,0.030127,0.120678,0.039782,0.526329,0.100551,0.106608,0.075926
3989_199_1041_1148,3,3,0.040879,0.084786,0.03972,0.636297,0.067261,0.09454,0.036516
3989_199_31_97,3,3,0.021805,0.055182,0.086555,0.374544,0.054302,0.228537,0.179075
3989_200_348_448,5,5,0.004518,0.013049,0.009091,0.004014,0.009877,0.946342,0.01311
3989_200_1193_1276,3,3,0.021195,0.084413,0.051615,0.577655,0.046359,0.055975,0.162788
3989_199_768_873,3,3,0.018046,0.04447,0.030709,0.74862,0.047099,0.025902,0.085154
3989_200_644_747,3,5,0.012598,0.0332,0.037693,0.226807,0.029584,0.537134,0.122984
3989_200_1710_1757,3,3,0.011942,0.029075,0.008487,0.878428,0.020542,0.03961,0.011916
3986_200_2015_2223,1,5,0.057101,0.174791,0.048034,0.054051,0.095905,0.541661,0.028457
3986_200_178_296,1,1,0.077831,0.210915,0.095945,0.111638,0.183497,0.179299,0.140876
3986_200_1712_1801,1,5,0.040175,0.155525,0.126442,0.053817,0.062294,0.336382,0.225365
3986_199_736_966,1,2,0.051879,0.162757,0.270196,0.081395,0.169533,0.034755,0.229485
3986_200_1310_1456,1,3,0.044909,0.155365,0.052566,0.318846,0.100535,0.029218,0.298561
3986_199_529_631,1,2,0.0082,0.124847,0.359633,0.043672,0.175523,0.124165,0.16396
3986_200_988_1175,1,1,0.150594,0.35061,0.030605,0.248534,0.087756,0.084855,0.047047
3986_200_2321_2458,1,3,0.051981,0.22389,0.06616,0.295229,0.146928,0.019757,0.196055
3986_200_390_493,1,6,0.035968,0.176525,0.101355,0.150743,0.147664,0.048096,0.339649
3986_199_1490_1650,1,4,0.043283,0.229882,0.243138,0.043257,0.331069,0.027622,0.081749
3986_199_1207_1264,1,4,0.034111,0.138382,0.145274,0.051199,0.355227,0.031925,0.243882
3986_199_1845_1959,1,6,0.021967,0.098966,0.047881,0.143144,0.056108,0.018136,0.613799
3986_200_648_705,1,3,0.066631,0.184204,0.099317,0.312883,0.133132,0.041541,0.162291
3986_199_2245_2266,1,2,0.009069,0.054313,0.49142,0.026664,0.352899,0.014676,0.050959
4333_217_31_215,1,4,0.105882,0.325997,0.09223,0.021676,0.381408,0.030101,0.042708
4333_217_913_1310,1,1,0.111911,0.401078,0.053573,0.022797,0.314175,0.040806,0.05566
4333_217_2033_2132,3,3,0.024095,0.089755,0.031759,0.410068,0.049623,0.06838,0.32632
4333_217_1461_1775,0,0,0.392167,0.373484,0.031044,0.018273,0.103845,0.033617,0.047571
4333_218_232_367,3,3,0.039783,0.087257,0.039864,0.480752,0.039859,0.038219,0.274266
4333_218_1807_1837,3,5,0.065766,0.133234,0.111445,0.214059,0.055596,0.35179,0.06811
4333_218_1332_1456,3,6,0.068468,0.135218,0.087678,0.197493,0.053673,0.06182,0.395651
4333_217_376_708,0,5,0.082494,0.119246,0.036271,0.168916,0.048785,0.450088,0.0942
4333_218_733_889,3,6,0.022254,0.06389,0.047976,0.207247,0.023343,0.055599,0.579692
4333_217_1854_1895,3,3,0.006358,0.010063,0.017315,0.823595,0.013,0.013301,0.116369
4333_218_1934_2032,6,1,0.139004,0.341964,0.066126,0.257439,0.069952,0.073743,0.051773
4483_225_1295_1350,5,5,0.021171,0.046073,0.026817,0.020642,0.03264,0.770397,0.082259
4483_226_1179_1270,1,4,0.04383,0.214994,0.059166,0.215562,0.254402,0.082457,0.129589
4483_226_225_343,1,1,0.314599,0.443725,0.040677,0.011992,0.081724,0.077084,0.030198
4483_226_1368_1480,1,4,0.047158,0.351355,0.066892,0.048078,0.383354,0.023345,0.079818
4483_225_827_952,4,5,0.018855,0.055424,0.040295,0.102734,0.222324,0.459758,0.10061
4483_225_559_765,6,4,0.036251,0.154557,0.037281,0.016846,0.687489,0.018469,0.049106
4483_225_139_190,6,5,0.048806,0.10902,0.101047,0.051004,0.203079,0.319414,0.16763
4483_226_963_1035,1,1,0.054665,0.312452,0.199806,0.081943,0.114866,0.143207,0.093061
4483_226_457_526,3,5,0.027352,0.107181,0.090693,0.102613,0.060315,0.473851,0.137995
4483_226_69_96,1,4,0.026739,0.213418,0.129054,0.015166,0.329315,0.182505,0.103803
4483_225_362_427,3,4,0.049588,0.112531,0.031476,0.14576,0.384647,0.032967,0.243031
4483_226_774_815,1,5,0.03606,0.090798,0.080013,0.151558,0.075929,0.351489,0.214154
4483_225_1056_1100,1,1,0.149764,0.252607,0.02426,0.14984,0.129472,0.083382,0.210675
4483_225_31_53,6,6,0.038324,0.073876,0.063239,0.254148,0.138399,0.043092,0.388921
4488_225_31_226,4,1,0.138018,0.241426,0.127196,0.047695,0.210232,0.076366,0.159066
4488_226_1104_1301,6,3,0.010442,0.016472,0.026048,0.469586,0.03206,0.059193,0.386198
4488_226_1663_1690,3,6,0.042745,0.18905,0.090874,0.104816,0.10697,0.140472,0.325074
4488_226_244_353,1,0,0.227324,0.197446,0.060045,0.048761,0.068942,0.188039,0.209443
4488_226_1361_1630,3,6,0.020722,0.0626,0.034309,0.32628,0.037595,0.074135,0.444359
4488_225_883_962,4,6,0.083486,0.123754,0.147196,0.051187,0.218602,0.080616,0.29516
4488_225_1308_1356,5,5,0.005354,0.013739,0.017493,0.030778,0.014916,0.846749,0.070971
4488_226_503_628,4,5,0.151677,0.260186,0.044065,0.06103,0.137881,0.2849,0.060262
4488_225_636_701,4,2,0.01339,0.083141,0.529832,0.01375,0.267883,0.043651,0.048353
4488_226_976_1062,6,6,0.012959,0.056849,0.061442,0.236241,0.050663,0.053598,0.528248
4488_225_394_489,4,1,0.096478,0.334857,0.136573,0.015881,0.305653,0.034335,0.076224
4488_226_714_867,4,4,0.032255,0.080072,0.076813,0.041619,0.687266,0.018057,0.063918
4488_225_1073_1097,5,5,0.003222,0.005764,0.014227,0.017069,0.008682,0.903334,0.047703
4488_225_1634_1659,5,5,0.00349,0.006137,0.008905,0.012103,0.009546,0.94494,0.014879
4493_225_113_242,6,6,0.011817,0.080104,0.174104,0.041137,0.179633,0.059486,0.453718
4493_226_1127_1277,4,6,0.040863,0.160823,0.090624,0.085851,0.22086,0.09178,0.309199
4493_226_1613_1700,3,3,0.044401,0.076632,0.030058,0.653844,0.04537,0.01468,0.135016
4493_226_251_374,1,6,0.020658,0.119455,0.15828,0.141446,0.159282,0.031554,0.369326
4493_226_1372_1537,5,5,0.066778,0.115209,0.042518,0.059624,0.050857,0.623836,0.041178
4493_226_915_964,4,4,0.019235,0.118821,0.101081,0.179923,0.313241,0.029737,0.237962
4493_225_1299_1356,6,5,0.006744,0.006042,0.005283,0.148507,0.016625,0.797188,0.019612
4493_226_555_649,2,4,0.009333,0.10377,0.244259,0.04878,0.444678,0.060252,0.088927
4493_225_1031_1105,5,5,0.12448,0.176884,0.061409,0.019901,0.128438,0.326516,0.162372
4493_225_415_525,6,6,0.061577,0.144121,0.088593,0.037639,0.228598,0.066808,0.372664
4493_226_31_98,2,5,0.02569,0.078744,0.060854,0.112556,0.033948,0.384812,0.303396
4493_225_660_707,6,6,0.027872,0.023767,0.038332,0.029161,0.043673,0.090155,0.74704
4493_225_1548_1600,6,3,0.014663,0.004191,0.012271,0.596669,0.018816,0.322628,0.030761
4493_225_842_903,1,2,0.006465,0.089545,0.293644,0.017851,0.150198,0.246303,0.195994
4493_226_741_818,1,6,0.005365,0.018123,0.109678,0.104281,0.037734,0.030103,0.694716
4492_225_117_144,6,5,0.007582,0.013943,0.027787,0.02021,0.023655,0.810651,0.096172
4492_226_31_114,3,3,0.019255,0.033376,0.052964,0.598692,0.044502,0.108402,0.142809
4492_225_691_789,4,6,0.032892,0.048322,0.034927,0.089204,0.364507,0.029612,0.400535
4492_225_231_255,2,5,0.008583,0.029366,0.083727,0.017357,0.067066,0.622001,0.1719
4492_225_988_1084,4,6,0.031011,0.097921,0.115237,0.037525,0.304396,0.039686,0.374223
4492_226_284_461,1,4,0.070415,0.218499,0.16478,0.082611,0.239072,0.026078,0.198545
4492_226_637_670,6,5,0.024782,0.046798,0.076066,0.037567,0.076746,0.425492,0.312549
4492_226_916_958,4,5,0.01758,0.045094,0.03219,0.03276,0.02769,0.669963,0.174722
4492_225_578_621,6,6,0.007352,0.042305,0.235061,0.048097,0.144646,0.224208,0.29833
4492_226_168_199,3,6,0.020249,0.045312,0.031659,0.383053,0.043283,0.040784,0.435659
4492_226_1092_1138,4,5,0.011689,0.051054,0.056325,0.163026,0.182797,0.402256,0.132853
4492_226_807_855,3,6,0.026671,0.070406,0.097648,0.141319,0.039991,0.176934,0.44703
4492_225_468_498,3,3,0.01477,0.014067,0.205123,0.458612,0.221,0.02847,0.057958
4492_225_863_893,1,6,0.020447,0.076711,0.154571,0.09701,0.104208,0.072221,0.474832
4492_226_536_571,3,6,0.04924,0.092408,0.088032,0.088183,0.039174,0.255457,0.387505
4501_225_108_183,1,6,0.021234,0.066598,0.082591,0.111382,0.042916,0.042769,0.63251
4501_225_1261_1398,1,1,0.037655,0.353611,0.128106,0.039713,0.275779,0.094492,0.070645
4501_226_1126_1261,1,4,0.021973,0.118182,0.154498,0.016713,0.499839,0.165319,0.023476
4501_225_1605_1712,1,6,0.056352,0.239559,0.06419,0.057502,0.192194,0.040226,0.349979
4501_225_249_329,1,2,0.051993,0.105008,0.355588,0.03506,0.265722,0.023524,0.163107
4501_226_1712_1866,4,2,0.038246,0.145995,0.285045,0.097156,0.264718,0.028484,0.140357
4501_226_1398_1605,1,4,0.033969,0.107829,0.218623,0.042347,0.436337,0.069702,0.091193
4501_226_853_995,1,5,0.021287,0.140543,0.222393,0.034876,0.091531,0.38023,0.109141
4501_226_183_249,5,5,0.015724,0.039958,0.051998,0.144826,0.038045,0.409439,0.300009
4501_226_507_598,1,5,0.039207,0.035145,0.015798,0.016759,0.01834,0.85811,0.016642
4501_225_995_1126,5,6,0.008957,0.060537,0.3,0.10925,0.042223,0.17332,0.305712
4501_225_598_853,1,2,0.034931,0.12912,0.255934,0.046137,0.243188,0.070358,0.220332
4501_225_365_507,1,4,0.052059,0.18701,0.201752,0.016514,0.412813,0.029204,0.100647
4501_225_31_68,2,6,0.011405,0.015854,0.053114,0.417037,0.033999,0.033992,0.434598
4501_226_68_108,5,3,0.014055,0.012148,0.02627,0.47154,0.012824,0.147616,0.315548
4517_226_122_188,6,6,0.020658,0.096835,0.044649,0.145288,0.091415,0.049656,0.5515
4517_225_1263_1481,2,4,0.036898,0.230374,0.039842,0.018275,0.547339,0.019141,0.108132
4517_226_1125_1238,4,5,0.015192,0.042273,0.025635,0.022718,0.036877,0.782043,0.075263
4517_225_208_287,5,5,0.004061,0.012253,0.018793,0.011847,0.024608,0.900754,0.027683
4517_225_863_934,5,5,0.019391,0.021097,0.005131,0.404359,0.032249,0.491271,0.026502
4517_226_939_964,3,5,0.036207,0.10459,0.07522,0.194137,0.061209,0.337855,0.190781
4517_226_515_664,1,6,0.01024,0.050219,0.031515,0.202353,0.046826,0.034179,0.624667
4517_225_981_1110,1,4,0.045354,0.302654,0.062175,0.015873,0.438231,0.01785,0.117863
4517_226_311_362,1,2,0.014136,0.116782,0.285004,0.016668,0.273083,0.151959,0.142367
4517_225_391_504,5,5,0.012002,0.045934,0.037847,0.01921,0.088296,0.749279,0.047432
4517_225_31_97,6,5,0.019086,0.041207,0.076952,0.043309,0.049838,0.390002,0.379607
4517_226_1506_1558,1,6,0.016654,0.048451,0.133508,0.089212,0.119005,0.197985,0.395186
4517_226_814_839,3,5,0.024085,0.083722,0.111286,0.226802,0.075976,0.294433,0.183697
4517_225_677_802,5,5,0.005842,0.009142,0.015954,0.052914,0.035218,0.832828,0.048101
4515_226_120_173,1,5,0.012631,0.034338,0.019726,0.012592,0.017751,0.863077,0.039885
4515_225_1281_1314,2,2,0.015673,0.16554,0.405261,0.011543,0.296757,0.008825,0.096401
4515_226_1149_1262,1,5,0.041211,0.043798,0.024683,0.014504,0.019672,0.826402,0.02973
4515_225_181_281,1,1,0.046466,0.711849,0.027254,0.009585,0.133253,0.015983,0.05561
4515_225_1411_1472,1,1,0.07296,0.532419,0.106146,0.004887,0.206463,0.043524,0.033602
4515_226_799_937,1,5,0.00498,0.024462,0.036955,0.030689,0.027681,0.829253,0.045981
4515_225_945_970,4,2,0.020743,0.189372,0.277261,0.008441,0.275107,0.053805,0.17527
4515_226_1322_1394,1,1,0.237251,0.339569,0.039194,0.141339,0.051209,0.064976,0.126462
4515_225_570_770,1,1,0.168322,0.461822,0.033691,0.036498,0.164654,0.057219,0.077793
4515_225_1095_1126,1,4,0.020071,0.200319,0.253662,0.007225,0.402105,0.023091,0.093526
4515_226_302_404,1,3,0.029764,0.111963,0.031624,0.317075,0.242186,0.029316,0.238072
4515_226_996_1066,1,5,0.074582,0.109839,0.065246,0.021193,0.057281,0.397867,0.273992
4515_226_438_550,3,3,0.005362,0.017577,0.026506,0.488832,0.020648,0.182048,0.259027
4515_225_31_101,4,4,0.026262,0.196854,0.136181,0.007349,0.279569,0.077359,0.276427
4515_225_411_429,5,5,0.012693,0.023722,0.015266,0.011857,0.018466,0.874031,0.043966
4721_238_119_248,1,5,0.012518,0.06081,0.096248,0.022784,0.0443,0.684413,0.078926
4721_238_1225_1324,4,6,0.021723,0.098634,0.074724,0.249223,0.194929,0.015719,0.345048
4721_237_1005_1224,4,5,0.025645,0.037256,0.022707,0.094677,0.297914,0.496611,0.025189
4721_237_1600_1727,4,4,0.013073,0.06218,0.075027,0.012935,0.779776,0.025686,0.031323
4721_237_250_507,1,4,0.027546,0.096001,0.176835,0.013634,0.408203,0.110606,0.167175
4721_237_1330_1473,4,4,0.019263,0.116125,0.164445,0.016038,0.620639,0.012405,0.051083
4721_238_726_1000,1,2,0.014308,0.192167,0.351027,0.021966,0.177756,0.048057,0.19472
4721_238_520_641,4,4,0.008294,0.081831,0.283881,0.011294,0.361296,0.11262,0.140784
4721_238_1744_1796,1,4,0.02572,0.241474,0.199484,0.028696,0.280655,0.028753,0.195218
4721_237_31_108,5,5,0.012356,0.019226,0.022004,0.028865,0.021955,0.785653,0.109941
4721_238_1503_1588,4,1,0.038755,0.299912,0.079073,0.114618,0.287955,0.02841,0.151277
4721_237_641_710,5,5,0.00422,0.019524,0.04176,0.009233,0.024177,0.885574,0.015512
4726_237_2182_2490,1,4,0.021075,0.229362,0.169526,0.091943,0.292207,0.016715,0.179171
4726_237_31_297,2,4,0.00591,0.092972,0.256191,0.002644,0.603763,0.013972,0.024547
4726_238_1099_1391,6,4,0.045509,0.243219,0.089482,0.050589,0.33859,0.020626,0.211984
4726_237_2864_3037,5,1,0.093284,0.372621,0.093729,0.044992,0.220828,0.085458,0.089088
4726_238_2661_2864,1,3,0.036971,0.153089,0.083237,0.264817,0.178539,0.022778,0.260569
4726_237_1391_1715,1,4,0.013735,0.221441,0.264171,0.016838,0.389884,0.023049,0.070882
4726_238_2490_2612,5,4,0.040435,0.132575,0.055505,0.125926,0.532689,0.07103,0.04184
4726_238_828_935,5,6,0.037085,0.127735,0.079237,0.170451,0.262001,0.052162,0.271329
4726_238_1715_2182,1,4,0.022775,0.097488,0.064702,0.175154,0.512317,0.046326,0.081238
4726_238_297_703,5,5,0.012852,0.13405,0.191602,0.082158,0.188683,0.200653,0.190002
4726_237_703_828,5,5,0.007903,0.063567,0.078069,0.009715,0.093887,0.732599,0.014261
4726_237_935_1099,1,1,0.047801,0.423507,0.096569,0.003309,0.372767,0.026995,0.029053
4726_237_2612_2661,1,4,0.034496,0.204351,0.118075,0.059135,0.460768,0.037368,0.085805
4725_237_31_144,4,4,0.004867,0.091131,0.203178,0.004576,0.618666,0.027395,0.050186
4725_238_1196_1317,1,1,0.07851,0.481126,0.081073,0.036403,0.136084,0.036555,0.15025
4725_237_1666_1753,4,6,0.017187,0.086186,0.068342,0.207786,0.040467,0.020165,0.559866
4725_237_254_474,1,4,0.048959,0.265868,0.206916,0.003888,0.304617,0.120339,0.049414
4725_238_1768_1842,4,6,0.010454,0.048023,0.107492,0.203116,0.101119,0.048776,0.48102
4725_238_1420_1505,1,6,0.029832,0.166181,0.056798,0.090732,0.141755,0.036935,0.477768
4725_237_838_961,1,1,0.02866,0.38308,0.163039,0.02017,0.133054,0.098403,0.173594
4725_238_156_230,5,5,0.021618,0.118927,0.093552,0.011215,0.055079,0.669175,0.030434
4725_237_1339_1393,6,6,0.03303,0.104245,0.081901,0.089767,0.029151,0.113947,0.54796
4725_238_489_622,1,1,0.242008,0.579213,0.038993,0.00599,0.08203,0.031322,0.020444
4725_237_1106_1182,5,5,0.046651,0.157318,0.054659,0.005431,0.034488,0.66618,0.035272
4725_238_988_1089,4,2,0.022591,0.175908,0.404201,0.007749,0.165526,0.133738,0.090286
4725_237_1523_1566,2,6,0.005449,0.046476,0.189525,0.043477,0.022247,0.197043,0.495782
4725_237_643_729,1,1,0.119719,0.454553,0.078074,0.01959,0.172761,0.040772,0.114531
4725_238_1574_1649,6,6,0.010309,0.094528,0.234348,0.046037,0.116804,0.094565,0.40341
4725_238_770_821,1,5,0.023402,0.204842,0.218006,0.004687,0.169616,0.2985,0.080947
4730_238_107_203,5,4,0.018571,0.286953,0.041859,0.047789,0.496137,0.034504,0.074186
4730_238_1271_1373,5,6,0.038657,0.155323,0.039065,0.156405,0.144822,0.059246,0.406482
4730_237_1100_1271,5,5,0.005998,0.022927,0.017601,0.056983,0.033348,0.831331,0.031813
4730_237_1625_1748,3,3,0.009477,0.032708,0.073453,0.722308,0.06196,0.01083,0.089264
4730_237_203_298,5,5,0.021927,0.078205,0.104537,0.052875,0.033997,0.364123,0.344336
4730_237_1373_1478,5,5,0.030247,0.09663,0.035459,0.008748,0.02877,0.791454,0.008692
4730_237_835_941,1,1,0.062744,0.622625,0.041207,0.115741,0.07092,0.052829,0.033933
4730_238_941_1100,3,6,0.010631,0.056828,0.046896,0.194505,0.026893,0.060198,0.604049
4730_238_551_620,5,5,0.016348,0.068994,0.030196,0.016104,0.019184,0.770758,0.078416
4730_238_1748_1774,5,6,0.023132,0.093274,0.07362,0.245385,0.088195,0.061771,0.414622
4730_238_298_455,5,5,0.023664,0.17191,0.097324,0.029843,0.107624,0.401146,0.168489
4730_237_620_762,5,5,0.021037,0.21568,0.214913,0.025102,0.132352,0.311281,0.079635
4730_237_455_551,1,6,0.016552,0.150867,0.035237,0.211177,0.126282,0.120071,0.339815
4730_237_31_107,1,4,0.028569,0.135085,0.074358,0.180737,0.234205,0.137723,0.209323
4730_238_1478_1625,1,6,0.044694,0.260253,0.087903,0.209036,0.100282,0.029023,0.268809
4730_238_762_835,3,6,0.009289,0.033097,0.033174,0.22086,0.021993,0.030462,0.651126
4737_238_2455_2500,6,5,0.040383,0.13301,0.04633,0.027137,0.062873,0.543409,0.14686
4737_238_31_237,6,4,0.017219,0.1124,0.128401,0.109041,0.300695,0.109746,0.222499
4737_237_1282_1369,3,5,0.010003,0.02556,0.046632,0.293588,0.060387,0.543619,0.020212
4737_238_940_1265,6,4,0.027127,0.112493,0.067311,0.153878,0.285571,0.133044,0.220576
4737_237_2524_2901,6,5,0.019816,0.104282,0.15902,0.022664,0.062501,0.434428,0.197289
4737_237_1502_1947,5,4,0.008691,0.064974,0.270344,0.00826,0.58953,0.025497,0.032703
4737_238_505_649,3,5,0.008357,0.019921,0.036023,0.016598,0.028093,0.87217,0.018837
4737_238_2273_2342,6,4,0.030236,0.245384,0.10672,0.066276,0.340177,0.028554,0.182653
4737_237_2075_2269,3,4,0.035605,0.137641,0.146987,0.13138,0.352421,0.126184,0.069782
4737_237_679_881,5,5,0.002818,0.004365,0.010795,0.006504,0.010185,0.960869,0.004465
4737_238_1404_1454,6,5,0.014943,0.080562,0.22717,0.011576,0.060083,0.450881,0.154786
4737_238_2003_2049,6,4,0.020533,0.106815,0.101753,0.015002,0.585096,0.100078,0.070723
4737_237_264_488,2,5,0.007077,0.03092,0.093059,0.01252,0.095729,0.739355,0.021341
4737_237_2370_2429,6,5,0.023613,0.067813,0.051465,0.053905,0.063815,0.509575,0.229813
4747_237_31_183,1,1,0.078828,0.262661,0.140599,0.025114,0.163213,0.129426,0.200159
4747_238_1222_1471,1,6,0.013189,0.052063,0.124664,0.108063,0.128981,0.048463,0.524576
4747_237_1915_2142,4,4,0.047877,0.196904,0.012552,0.138134,0.497682,0.016915,0.089936
4747_237_976_1193,1,5,0.116577,0.204345,0.042832,0.024255,0.079879,0.487774,0.044339
4747_238_205_312,6,1,0.117098,0.511922,0.066593,0.029005,0.106536,0.076372,0.092473
4747_238_1690_1900,4,1,0.032241,0.393116,0.102442,0.082237,0.23006,0.075211,0.084693
4747_238_782_952,4,6,0.012946,0.058855,0.080714,0.073051,0.080552,0.240108,0.453773
4747_237_2228_2319,1,5,0.053587,0.091514,0.03194,0.009966,0.089875,0.702836,0.020283
4747_237_584_737,1,5,0.012876,0.031255,0.029348,0.006998,0.04031,0.865936,0.013278
4747_238_2336_2391,4,1,0.02785,0.328029,0.216049,0.021255,0.229595,0.064493,0.112728
4747_237_1497_1655,5,5,0.05963,0.092575,0.027208,0.121154,0.082638,0.532447,0.084348
4747_237_342_403,5,5,0.003825,0.017009,0.025628,0.011911,0.014397,0.899537,0.027694
4747_238_486_568,6,2,0.009404,0.092191,0.478882,0.015029,0.084492,0.232191,0.087811
4747_238_2157_2209,4,1,0.072535,0.44687,0.043575,0.093257,0.211534,0.03519,0.097038
4933_247_87_258,4,4,0.014156,0.057492,0.357264,0.011153,0.492269,0.049277,0.018389
4933_248_1225_1336,6,2,0.015486,0.112331,0.290671,0.066395,0.238241,0.091977,0.184898
4933_248_1901_2065,1,1,0.01436,0.370267,0.12793,0.028758,0.337521,0.02207,0.099094
4933_247_1030_1196,4,4,0.005953,0.030238,0.437515,0.011878,0.440462,0.0484,0.025554
4933_248_1555_1794,6,4,0.012508,0.133162,0.162515,0.035794,0.338891,0.065469,0.251663
4933_247_1815_1873,0,1,0.09141,0.358451,0.082432,0.024398,0.179223,0.043724,0.220361
4933_247_1360_1531,4,2,0.010434,0.121013,0.499367,0.018825,0.147403,0.105481,0.097477
4933_248_823_998,4,4,0.015604,0.204812,0.22396,0.066716,0.271839,0.016241,0.200828
4933_248_292_469,4,4,0.007605,0.078001,0.084669,0.068967,0.615236,0.02018,0.125341
4933_248_598_708,3,1,0.076749,0.38484,0.02797,0.061954,0.042644,0.352208,0.053636
4933_247_508_579,1,5,0.069908,0.258835,0.057368,0.055195,0.070498,0.431092,0.057105
4933_247_741_766,6,5,0.034009,0.116972,0.167793,0.032908,0.067864,0.429006,0.151447
4933_248_31_47,6,6,0.011339,0.062858,0.063468,0.133194,0.084635,0.010454,0.634053
4932_247_31_162,3,5,0.037317,0.10608,0.244952,0.029859,0.078244,0.42008,0.083468
4932_247_1176_1308,3,5,0.130719,0.133008,0.147889,0.14188,0.065444,0.251563,0.129498
4932_247_1552_1689,2,5,0.006865,0.019827,0.060149,0.020641,0.081251,0.792779,0.018489
4932_248_173_269,3,5,0.010317,0.056864,0.08522,0.069553,0.031412,0.647223,0.09941
4932_248_1701_1826,4,6,0.01242,0.123149,0.150905,0.096008,0.242018,0.0379,0.3376
4932_248_1412_1550,4,3,0.029796,0.104794,0.053062,0.373278,0.202894,0.075734,0.160443
4932_247_864_949,1,2,0.020712,0.220592,0.269813,0.059518,0.180032,0.196335,0.052998
4932_247_1351_1402,2,5,0.054521,0.153391,0.142356,0.042295,0.060347,0.346888,0.200202
4932_247_576_694,5,1,0.141475,0.466208,0.071626,0.023434,0.066852,0.187877,0.042528
4932_248_969_1165,3,1,0.065781,0.416573,0.059034,0.18918,0.102989,0.071313,0.09513
4932_247_277_450,3,5,0.005292,0.011438,0.041406,0.022341,0.013679,0.893946,0.011897
4932_248_458_572,6,1,0.038347,0.449903,0.106009,0.077182,0.048903,0.096723,0.182933
4932_248_721_845,3,1,0.059391,0.358814,0.101821,0.125428,0.064317,0.057692,0.232536
4932_247_1845_1903,4,5,0.078531,0.103864,0.045252,0.012391,0.046533,0.674396,0.039033
4932_248_1308_1333,3,6,0.023151,0.102515,0.066023,0.253558,0.029688,0.076458,0.448607
4944_248_68_131,5,5,0.024559,0.093577,0.05044,0.034707,0.033788,0.68132,0.081608
4944_248_1050_1319,1,4,0.019229,0.15932,0.113322,0.092309,0.435619,0.065729,0.114472
4944_247_1957_2050,5,5,0.037396,0.039755,0.118339,0.109332,0.093537,0.56003,0.04161
4944_247_1601_1759,1,4,0.039233,0.143416,0.15126,0.021271,0.53225,0.067555,0.045016
4944_248_249_349,5,5,0.063085,0.207454,0.063481,0.043846,0.042078,0.555103,0.024953
4944_248_1782_1956,1,4,0.016937,0.121754,0.064446,0.104121,0.591517,0.026111,0.075113
4944_248_1426_1577,6,1,0.047702,0.438374,0.06398,0.060478,0.286187,0.023687,0.079592
4944_248_762_970,5,3,0.029339,0.088579,0.038746,0.33815,0.215233,0.219619,0.070335
4944_247_132_210,5,5,0.029445,0.095665,0.126225,0.028477,0.094275,0.566873,0.05904
4944_247_1322_1425,5,3,0.04094,0.061719,0.039685,0.493312,0.105616,0.118772,0.139956
4944_248_528_598,5,1,0.185784,0.389005,0.048857,0.017371,0.028933,0.309494,0.020556
4944_247_626_749,1,4,0.008872,0.04075,0.120953,0.108086,0.507466,0.032377,0.181495
4944_247_351_504,5,4,0.043866,0.165402,0.217238,0.021527,0.451899,0.058178,0.041889
4944_247_31_60,1,3,0.031829,0.074916,0.136503,0.249029,0.17124,0.142288,0.194195
4944_247_971_1023,1,1,0.193938,0.381183,0.109871,0.050042,0.088075,0.084887,0.092004
4945_248_117_171,6,5,0.021374,0.079552,0.046587,0.022565,0.019374,0.773013,0.037535
4945_248_1223_1357,5,3,0.023301,0.087384,0.116289,0.269664,0.17518,0.188758,0.139424
4945_247_1088_1220,3,3,0.024149,0.077805,0.057013,0.307854,0.164735,0.290183,0.078262
4945_247_1660_1834,5,3,0.010591,0.021212,0.035864,0.717611,0.029869,0.139772,0.04508
4945_247_175_293,5,6,0.036135,0.09817,0.111357,0.215095,0.131655,0.060329,0.347259
4945_247_1361_1599,5,3,0.022001,0.030528,0.021779,0.595702,0.17269,0.059399,0.097901
4945_248_894_1083,6,3,0.035582,0.214495,0.115089,0.294475,0.178736,0.046595,0.115028
4945_248_569_690,1,1,0.085245,0.451146,0.076562,0.044097,0.189112,0.100073,0.053765
4945_248_298_382,1,1,0.15359,0.350839,0.109211,0.0307,0.055875,0.270486,0.029298
4945_247_386_564,4,3,0.098364,0.171801,0.098374,0.199025,0.104037,0.137798,0.190602
4945_247_31_112,3,5,0.043379,0.122955,0.148292,0.172728,0.08419,0.271511,0.156943
4945_247_695_890,4,2,0.045466,0.224335,0.397589,0.03771,0.160339,0.066681,0.067879
4945_248_1837_1920,6,1,0.017154,0.298376,0.23411,0.059552,0.282888,0.037201,0.07072
4945_248_1604_1655,3,5,0.072223,0.158685,0.06775,0.065758,0.038929,0.452012,0.144643
4945_247_1924_2025,2,3,0.04815,0.114619,0.104584,0.357784,0.082798,0.224908,0.067159
4955_247_31_249,1,4,0.091847,0.267337,0.056316,0.034457,0.333166,0.115529,0.101348
4955_248_1294_1349,6,6,0.019008,0.080168,0.096547,0.034084,0.153203,0.052267,0.564724
4955_247_1136_1273,6,4,0.063942,0.086201,0.090428,0.048977,0.320157,0.16587,0.224425
4955_247_1676_1756,0,3,0.043492,0.13683,0.034582,0.313775,0.079476,0.222427,0.169418
4955_248_1405_1599,6,6,0.008261,0.062733,0.063488,0.130831,0.033986,0.177341,0.52336
4955_248_864_1095,1,6,0.016286,0.173607,0.141416,0.030288,0.164714,0.128247,0.345442
4955_248_577_633,6,6,0.016674,0.176365,0.133956,0.038825,0.162931,0.031824,0.439425
4955_248_293_500,1,1,0.067031,0.22227,0.089236,0.0908,0.161352,0.163965,0.205347
4955_247_788_841,6,5,0.074351,0.195179,0.125102,0.02204,0.145361,0.267557,0.170412
4955_247_651_686,1,5,0.110541,0.22224,0.075976,0.014705,0.054082,0.40319,0.119266
4955_248_704_738,6,1,0.073713,0.37759,0.086358,0.023284,0.113662,0.075958,0.249435
4955_247_1362_1381,5,5,0.07593,0.204212,0.06663,0.018019,0.057554,0.484034,0.093621
4955_247_1617_1630,3,6,0.056411,0.081323,0.042225,0.241005,0.052373,0.150858,0.375805
4955_248_1650_1667,6,3,0.013138,0.017195,0.028044,0.392132,0.051361,0.207631,0.290499
4955_247_525_542,6,5,0.017208,0.067437,0.109583,0.02534,0.069612,0.522813,0.188008
5165_259_31_262,5,5,0.046285,0.156798,0.043857,0.006937,0.072271,0.650292,0.023561
5165_260_1206_1363,3,1,0.052961,0.381626,0.080425,0.073157,0.150677,0.132789,0.128364
5165_259_921_1203,1,1,0.0898,0.343094,0.043707,0.023673,0.187767,0.14313,0.168828
5165_259_1591_1773,1,1,0.075363,0.421211,0.036191,0.019786,0.19584,0.061179,0.19043
5165_260_1792_1841,3,5,0.145664,0.353052,0.046722,0.010022,0.027426,0.391997,0.025116
5165_259_1366_1551,1,1,0.133249,0.307571,0.032522,0.006977,0.129726,0.283035,0.10692
5165_260_476_599,3,4,0.029144,0.175465,0.105209,0.138071,0.22378,0.203096,0.125235
5165_259_329_458,1,1,0.213654,0.671863,0.012636,0.004185,0.06796,0.018543,0.01116
5165_259_609_710,1,1,0.027389,0.338234,0.072871,0.021031,0.212358,0.050103,0.278014
5165_260_772_907,3,1,0.121377,0.47322,0.155263,0.030826,0.084983,0.062586,0.071745
5165_259_1842_1971,1,1,0.095176,0.413188,0.039724,0.022591,0.122767,0.071148,0.235405
5165_260_1577_1590,3,3,0.027798,0.069522,0.074979,0.502529,0.045669,0.183042,0.096461
5165_260_275_300,3,1,0.056563,0.427327,0.076606,0.044004,0.200652,0.051988,0.14286
5169_260_31_252,1,1,0.033044,0.430495,0.089806,0.092384,0.105747,0.03337,0.215154
5169_259_1171_1478,3,1,0.051543,0.457413,0.045132,0.03076,0.183094,0.036926,0.195132
5169_260_2042_2092,3,3,0.024488,0.097557,0.090374,0.527951,0.060805,0.104352,0.094473
5169_259_1608_1694,5,5,0.032732,0.249896,0.106387,0.089855,0.083373,0.356637,0.081121
5169_260_1705_1907,3,1,0.019961,0.357617,0.057836,0.086193,0.235401,0.033546,0.209446
5169_259_2105_2280,3,3,0.013037,0.045479,0.041552,0.566794,0.017452,0.241639,0.074046
5169_259_2318_2487,3,1,0.056361,0.361355,0.055329,0.136467,0.131117,0.063057,0.196313
5169_259_788_983,3,5,0.018949,0.129421,0.031026,0.021872,0.038013,0.662031,0.098688
5169_260_2288_2316,3,1,0.058262,0.295168,0.102368,0.21461,0.056356,0.031431,0.241806
5169_260_528_785,1,6,0.019031,0.205285,0.182305,0.090012,0.035837,0.086423,0.381107
5169_260_984_1169,3,6,0.014207,0.097289,0.095614,0.16849,0.072368,0.111463,0.440568
5169_259_258_381,3,6,0.021952,0.121533,0.035037,0.118943,0.02713,0.2817,0.393705
5169_260_383_481,3,1,0.040308,0.359092,0.145479,0.082934,0.101156,0.043598,0.227433
5169_260_1504_1587,1,1,0.034464,0.477246,0.092104,0.083905,0.132027,0.02429,0.155965
5169_259_483_522,5,5,0.024999,0.100187,0.044864,0.004969,0.013039,0.756865,0.055077
5169_259_1921_2013,3,3,0.013195,0.015121,0.025778,0.654451,0.023194,0.241952,0.026309
5174_259_1174_1493,3,1,0.049597,0.271607,0.077586,0.019691,0.265529,0.095852,0.220138
5174_260_159_408,6,6,0.031582,0.239576,0.0911,0.061129,0.26373,0.046565,0.266318
5174_259_1705_1863,3,6,0.042892,0.146036,0.070103,0.062629,0.061931,0.266896,0.349512
5174_259_31_126,4,1,0.069117,0.274169,0.085895,0.021324,0.108892,0.173391,0.267211
5174_259_819_1118,6,5,0.0598,0.219624,0.14127,0.011398,0.127548,0.245641,0.194718
5174_260_582_606,6,5,0.023749,0.043399,0.027684,0.02469,0.018512,0.679241,0.182725
5174_260_1138_1150,5,5,0.03491,0.099832,0.067237,0.025553,0.047236,0.583049,0.142182
5174_260_2053_2111,3,1,0.06512,0.333524,0.067518,0.278506,0.102781,0.070344,0.082208
5174_259_447_560,6,6,0.014047,0.050371,0.052644,0.127632,0.086353,0.156831,0.512122
5174_260_1872_1915,5,5,0.06381,0.135456,0.062588,0.047497,0.042837,0.545718,0.102095
5174_259_659_754,6,6,0.016236,0.117117,0.032961,0.083872,0.095719,0.103064,0.551031
5174_260_1537_1675,6,6,0.042707,0.259272,0.077009,0.095611,0.080244,0.075585,0.369571
5174_260_769_791,5,5,0.025793,0.038523,0.043447,0.065017,0.016431,0.600161,0.210628
5174_259_1953_2029,3,6,0.037777,0.133046,0.034146,0.258145,0.066344,0.022709,0.447832
5177_260_31_154,1,0,0.482721,0.347048,0.039654,0.046948,0.028044,0.038696,0.016889
5177_259_1284_1357,1,1,0.37965,0.446993,0.035875,0.00522,0.028862,0.08656,0.016839
5177_259_1966_2063,0,0,0.839843,0.106296,0.004755,0.001733,0.006302,0.038636,0.002434
5177_260_1101_1260,0,0,0.503847,0.345817,0.036604,0.014348,0.04922,0.040352,0.009812
5177_259_1551_1796,0,0,0.808697,0.10555,0.00734,0.001594,0.008846,0.06582,0.002152
5177_259_254_495,1,0,0.774219,0.186634,0.007014,0.003536,0.011729,0.013344,0.003524
5177_260_1817_1950,1,0,0.748892,0.211939,0.00635,0.003433,0.011346,0.014807,0.003232
5177_260_1384_1521,1,1,0.27153,0.596892,0.010957,0.038548,0.056259,0.01071,0.015104
5177_259_857_1077,1,0,0.650886,0.260827,0.010808,0.001974,0.017606,0.054146,0.003754
5177_259_2234_2325,1,0,0.550492,0.353424,0.010367,0.012369,0.017916,0.026097,0.029335
5177_260_505_841,0,0,0.556911,0.372539,0.012583,0.013353,0.0184,0.019084,0.00713
5177_260_2349_2452,0,0,0.663515,0.287784,0.011056,0.006602,0.011296,0.015518,0.00423
5177_260_2086_2195,1,0,0.470776,0.436592,0.017261,0.019386,0.029401,0.019715,0.006869
5179_260_31_190,1,5,0.149365,0.246331,0.04549,0.021769,0.027188,0.477087,0.032771
5179_260_1160_1381,3,6,0.043096,0.144684,0.039043,0.27159,0.124175,0.089749,0.287663
5179_259_2003_2108,4,1,0.066479,0.306434,0.051317,0.05361,0.249218,0.09277,0.180172
5179_259_247_689,4,1,0.068098,0.411381,0.024351,0.057474,0.299349,0.020581,0.118766
5179_259_1786_1904,4,1,0.186383,0.459754,0.071242,0.006942,0.125497,0.115976,0.034207
5179_259_1420_1637,3,6,0.043376,0.134644,0.039037,0.149954,0.108687,0.252305,0.271996
5179_260_2153_2219,3,3,0.088291,0.131443,0.054205,0.456565,0.049475,0.164982,0.055038
5179_259_825_1078,4,1,0.037585,0.320255,0.105305,0.009423,0.300278,0.109312,0.117842
5179_259_2256_2357,4,1,0.157486,0.343992,0.082364,0.020872,0.100316,0.164426,0.130543
5179_260_740_778,6,6,0.061834,0.147137,0.083191,0.24801,0.041998,0.095468,0.322362
5179_260_2378_2399,3,3,0.058102,0.174797,0.103661,0.210673,0.089748,0.210132,0.152888
5179_260_1930_1988,6,5,0.173301,0.29194,0.057498,0.046672,0.062795,0.302811,0.064983
5179_260_1717_1740,5,1,0.302464,0.489917,0.050877,0.009571,0.055083,0.062444,0.029645
5184_260_128_266,4,6,0.032338,0.101155,0.048091,0.207217,0.086142,0.111842,0.413216
5184_259_895_1350,3,3,0.049915,0.133565,0.028626,0.308547,0.236946,0.099611,0.142791
5184_259_1667_1715,3,6,0.01544,0.089169,0.084621,0.306765,0.109023,0.054396,0.340585
5184_260_1443_1529,3,3,0.010058,0.013328,0.084329,0.732832,0.027015,0.03309,0.099348
5184_259_420_666,1,4,0.007346,0.174515,0.252989,0.008589,0.446333,0.023714,0.086514
5184_260_1758_1787,3,3,0.014387,0.058319,0.079448,0.46393,0.066999,0.03171,0.285207
5184_259_294_355,5,1,0.043538,0.396694,0.056925,0.03074,0.284673,0.136399,0.051032
5184_259_31_114,5,5,0.004648,0.015913,0.016867,0.004964,0.008984,0.934752,0.013872
5184_260_1891_1908,3,3,0.017544,0.054961,0.074235,0.559384,0.063854,0.031183,0.198839
5184_260_372_403,5,5,0.034005,0.064688,0.089564,0.062582,0.030521,0.435164,0.283476
5184_259_744_790,5,5,0.056103,0.087246,0.048153,0.013532,0.04166,0.622076,0.13123
5184_260_689_699,5,5,0.120288,0.13551,0.085111,0.09138,0.073746,0.272395,0.221569
5184_260_838_866,5,1,0.146987,0.311956,0.085889,0.049931,0.078554,0.094611,0.232072
5184_259_1853_1865,3,3,0.016427,0.081156,0.089521,0.423715,0.099852,0.053893,0.235436
5196_260_2152_2496,3,1,0.068711,0.38008,0.024597,0.29861,0.053956,0.062941,0.111105
5196_260_1204_1381,1,1,0.079871,0.395574,0.052739,0.135802,0.174128,0.025816,0.13607
5196_259_1135_1191,4,1,0.114009,0.379254,0.08414,0.011256,0.044028,0.271451,0.095863
5196_260_243_417,0,5,0.100378,0.19551,0.029242,0.092323,0.038127,0.438927,0.105493
5196_260_2664_2901,3,6,0.041228,0.197602,0.03925,0.174712,0.088707,0.117379,0.341122
5196_259_1403_1484,6,6,0.04264,0.089375,0.06424,0.087706,0.068041,0.165861,0.482136
5196_259_2520_2654,2,1,0.028867,0.513434,0.060905,0.050832,0.162697,0.042222,0.141042
5196_259_183_220,4,6,0.055508,0.200805,0.039249,0.05427,0.102414,0.037721,0.510034
5196_259_1860_2147,5,5,0.012556,0.042119,0.020232,0.031029,0.040243,0.833542,0.020279
5196_260_1048_1111,1,5,0.08865,0.18172,0.067113,0.098871,0.036779,0.454186,0.07268
5196_260_606_677,1,1,0.082281,0.359177,0.117555,0.062263,0.043569,0.160707,0.174448
5196_260_1519_1655,4,3,0.069959,0.214844,0.042436,0.258456,0.173225,0.079523,0.161558
5196_259_698_850,2,6,0.030944,0.146682,0.06231,0.182435,0.073271,0.084798,0.41956
5196_259_1688_1748,1,5,0.017471,0.084335,0.14985,0.006017,0.096054,0.554341,0.091931
5196_260_1767_1843,3,1,0.170305,0.187999,0.085878,0.147462,0.082547,0.175023,0.150785
5196_259_947_1022,2,1,0.097046,0.539645,0.040416,0.038333,0.114133,0.024368,0.14606
5196_259_449_579,4,4,0.039664,0.290124,0.08826,0.04813,0.32231,0.035599,0.175913
5196_260_31_98,6,3,0.109576,0.22461,0.049657,0.25092,0.081978,0.077864,0.205396
5196_260_883_904,1,2,0.041822,0.151502,0.29906,0.052147,0.075791,0.130491,0.249187
127_8_107_234,6,5,0.023243,0.070997,0.129124,0.043204,0.066276,0.462587,0.204569
127_8_1176_1296,0,0,0.588688,0.188065,0.022482,0.014075,0.034254,0.065845,0.086592
127_8_1971_2054,0,0,0.420996,0.261971,0.017602,0.096717,0.051207,0.05692,0.094587
127_7_1562_1762,0,0,0.749734,0.143968,0.008693,0.022087,0.01811,0.04863,0.008779
127_8_1766_1901,0,0,0.708053,0.176694,0.010982,0.03008,0.019801,0.040072,0.014318
127_8_1434_1561,1,0,0.75577,0.103202,0.009464,0.00276,0.013337,0.110298,0.005168
127_7_859_940,6,4,0.037024,0.362352,0.055884,0.011592,0.492872,0.00533,0.034946
127_8_950_1033,0,1,0.260022,0.309006,0.049352,0.025719,0.171334,0.043637,0.14093
127_7_1310_1433,0,5,0.288161,0.16764,0.018334,0.080913,0.04594,0.379833,0.019179
127_7_1052_1175,0,0,0.512401,0.208397,0.01974,0.004022,0.015149,0.231714,0.008577
127_7_262_371,2,1,0.067069,0.440147,0.107551,0.009844,0.293014,0.047685,0.034689
127_7_609_726,6,6,0.032562,0.208769,0.140174,0.102145,0.13562,0.084236,0.296495
127_8_380_578,1,6,0.148313,0.198799,0.122399,0.029723,0.125674,0.173097,0.201995
127_7_31_106,2,6,0.034397,0.158048,0.078887,0.083321,0.097965,0.09072,0.456662
127_7_1901_1967,0,0,0.568637,0.267267,0.034908,0.018211,0.024533,0.043151,0.043294
127_8_733_806,1,2,0.065038,0.142001,0.252172,0.012504,0.2081,0.081393,0.238792
128_8_2381_2552,3,3,0.007127,0.008879,0.015751,0.862442,0.010548,0.031399,0.063853
128_7_31_148,3,3,0.01761,0.022411,0.025583,0.62728,0.036081,0.059109,0.211926
128_7_1232_1318,3,3,0.020573,0.071028,0.028473,0.406614,0.021043,0.402419,0.049849
128_8_1074_1214,3,3,0.008527,0.0083,0.005322,0.869398,0.013723,0.083457,0.011273
128_8_169_259,3,3,0.003433,0.001511,0.002635,0.944482,0.012307,0.029725,0.005908
128_8_2784_2935,3,3,0.021569,0.021485,0.013171,0.823908,0.035535,0.071877,0.012456
128_7_2604_2775,3,3,0.006428,0.00813,0.004645,0.895117,0.012854,0.019216,0.053611
128_7_1399_1645,6,3,0.062475,0.196557,0.045267,0.334132,0.083967,0.091497,0.186104
128_8_895_1004,3,3,0.020289,0.019281,0.010117,0.836889,0.026665,0.070276,0.016483
128_8_1321_1398,5,5,0.012056,0.021824,0.018083,0.010063,0.01318,0.885738,0.039055
128_8_2043_2177,3,3,0.015829,0.017515,0.021496,0.835055,0.018808,0.067292,0.024005
128_8_1648_1881,3,5,0.008438,0.005735,0.004984,0.330874,0.018392,0.625131,0.006446
128_7_574_658,3,5,0.003833,0.005149,0.006518,0.100431,0.006799,0.872925,0.004346
128_7_2181_2372,3,3,0.019994,0.053085,0.026849,0.656104,0.021949,0.16301,0.05901
128_7_1893_2042,3,3,0.01107,0.015141,0.023025,0.855316,0.01349,0.050356,0.031602
128_8_658_819,3,3,0.034357,0.029341,0.022136,0.672108,0.021708,0.167738,0.052612
128_7_826_891,3,5,0.004845,0.005564,0.007351,0.204378,0.01387,0.751752,0.012241
128_8_460_572,3,3,0.019628,0.024247,0.017377,0.605571,0.030789,0.210334,0.092055
128_7_1004_1073,3,3,0.025808,0.055336,0.018435,0.752083,0.042704,0.087245,0.01839
128_7_260_459,3,3,0.016091,0.036738,0.023217,0.729987,0.057604,0.030389,0.105975
145_7_31_134,3,3,0.00817,0.006534,0.036514,0.880238,0.021729,0.017383,0.029431
145_7_1151_1270,0,1,0.060361,0.341006,0.104922,0.081569,0.14353,0.046811,0.221801
145_7_240_369,3,6,0.00818,0.054171,0.169719,0.213804,0.041016,0.108693,0.404417
145_7_815_931,0,6,0.029814,0.073133,0.072261,0.320026,0.055312,0.077935,0.37152
145_8_139_216,5,5,0.003088,0.012212,0.017555,0.01987,0.011315,0.880723,0.055237
145_8_1297_1379,0,6,0.082288,0.182563,0.112074,0.0201,0.078719,0.181207,0.343049
145_7_572_642,1,1,0.071021,0.332023,0.135607,0.194169,0.100884,0.04889,0.117406
145_8_972_1131,4,5,0.084942,0.209782,0.095298,0.114778,0.075744,0.241209,0.178248
145_8_405_540,2,5,0.198864,0.257889,0.055172,0.019798,0.045122,0.341264,0.081891
145_8_652_811,0,5,0.196624,0.239776,0.068772,0.051809,0.072791,0.333411,0.036817
146_7_1162_1230,3,3,0.014105,0.012717,0.032806,0.834268,0.018465,0.058096,0.029542
146_8_114_177,5,5,0.029575,0.152636,0.102895,0.122878,0.031452,0.42293,0.137635
146_7_672_820,3,3,0.074357,0.143573,0.036953,0.539507,0.060146,0.124728,0.020736
146_7_31_99,3,3,0.008916,0.013054,0.038573,0.640324,0.025008,0.11032,0.163805
146_7_966_1092,3,5,0.040441,0.059139,0.089569,0.34736,0.038924,0.358589,0.065978
146_7_184_272,3,3,0.017684,0.059525,0.05611,0.606523,0.062337,0.112685,0.085135
146_7_373_510,3,3,0.027093,0.06588,0.074514,0.560375,0.074684,0.1164,0.081054
146_8_520_670,3,3,0.017909,0.020145,0.014004,0.826205,0.02379,0.074571,0.023376
146_8_820_953,3,3,0.014813,0.050405,0.061105,0.499869,0.033671,0.288243,0.051895
146_8_1094_1151,3,3,0.016507,0.068806,0.033205,0.522311,0.018371,0.299983,0.040815
146_8_301_371,5,6,0.018963,0.092091,0.034222,0.108522,0.036683,0.181836,0.527683
147_7_98_220,3,3,0.010551,0.011326,0.018531,0.685508,0.019327,0.171361,0.083397
147_7_1050_1223,4,2,0.024573,0.091202,0.373185,0.048674,0.216504,0.040304,0.205558
147_7_764_928,4,5,0.032138,0.158121,0.197167,0.085277,0.137,0.21437,0.175927
147_8_13_94,3,3,0.004933,0.003947,0.009934,0.905066,0.008544,0.042182,0.025394
147_8_955_1034,2,5,0.026421,0.04234,0.253548,0.006333,0.20633,0.352908,0.11212
147_8_225_325,3,3,0.008598,0.008911,0.009417,0.831312,0.019156,0.05883,0.063777
147_8_382_506,3,3,0.021657,0.029508,0.035875,0.686861,0.044006,0.116523,0.065571
147_8_646_750,3,3,0.011811,0.00933,0.026272,0.815846,0.020786,0.093246,0.022709
147_7_506_640,2,1,0.1164,0.45722,0.123033,0.038631,0.0671,0.128193,0.069423
147_7_325_378,3,3,0.018031,0.015489,0.022589,0.70233,0.016484,0.193765,0.031311
203_12_31_130,3,3,0.010403,0.030009,0.021913,0.733697,0.012975,0.018983,0.17202
203_12_1178_1332,6,6,0.032641,0.090077,0.104671,0.249627,0.056372,0.034701,0.431912
203_12_1593_1748,6,3,0.012176,0.02799,0.041825,0.757288,0.020647,0.015865,0.124211
203_12_165_329,3,6,0.02153,0.102757,0.118747,0.288673,0.062733,0.097978,0.307582
203_12_1403_1493,6,6,0.039531,0.131348,0.067802,0.313917,0.047289,0.032687,0.367427
203_12_906_1126,6,3,0.012366,0.039146,0.039778,0.467838,0.026963,0.043648,0.37026
203_11_1332_1403,6,3,0.02441,0.085842,0.076829,0.386883,0.110765,0.014042,0.301228
203_12_382_700,6,3,0.020823,0.07361,0.055394,0.425681,0.049629,0.069316,0.305547
203_11_1126_1178,1,6,0.012663,0.082846,0.09001,0.143858,0.044997,0.263137,0.362489
203_11_1748_1793,6,3,0.035779,0.073398,0.059292,0.350918,0.037385,0.294777,0.14845
203_11_329_381,2,5,0.004377,0.025145,0.028649,0.061348,0.021059,0.808664,0.050757
203_11_1493_1562,6,6,0.072645,0.173318,0.057267,0.252337,0.078663,0.049089,0.316682
203_12_743_859,6,3,0.011845,0.042133,0.026435,0.472634,0.025181,0.040078,0.381695
203_11_700_743,1,6,0.038022,0.167921,0.126816,0.091263,0.106981,0.185414,0.283584
203_11_859_906,5,5,0.008833,0.016072,0.012971,0.023543,0.007991,0.878237,0.052353
203_11_130_165,3,3,0.006963,0.005226,0.01561,0.831122,0.043226,0.024658,0.073195
215_12_782_839,5,1,0.149099,0.285884,0.214691,0.026321,0.076427,0.196666,0.050912
215_11_31_125,1,0,0.420585,0.356352,0.051957,0.061313,0.035457,0.054587,0.01975
215_12_959_1005,6,3,0.081176,0.168925,0.032896,0.357886,0.049944,0.020971,0.288202
215_11_721_782,0,0,0.360338,0.341637,0.050788,0.080316,0.037437,0.039237,0.090246
215_11_236_284,6,6,0.091322,0.155154,0.174288,0.099643,0.050092,0.077171,0.352331
215_11_1005_1055,1,1,0.313338,0.433595,0.043873,0.056819,0.049142,0.035784,0.06745
215_12_409_465,6,1,0.155429,0.43663,0.093785,0.052328,0.090351,0.063248,0.10823
215_11_588_670,0,1,0.365576,0.420531,0.053355,0.039839,0.071252,0.019568,0.029878
215_12_670_721,6,3,0.052358,0.113711,0.034811,0.534264,0.031919,0.023716,0.209222
215_11_839_950,0,0,0.416819,0.315618,0.019052,0.058768,0.085656,0.064209,0.039878
215_12_1055_1113,6,3,0.048304,0.095606,0.031028,0.468334,0.043272,0.026822,0.286635
215_11_465_527,0,1,0.212312,0.412741,0.105023,0.040593,0.071682,0.053437,0.104212
215_11_357_409,1,1,0.134405,0.430546,0.059339,0.080653,0.098925,0.066865,0.129267
215_12_284_323,5,5,0.072761,0.054453,0.0168,0.011168,0.014565,0.794695,0.035558
215_12_223_236,5,5,0.033211,0.074571,0.050411,0.014651,0.041907,0.630829,0.154419
215_12_527_588,3,3,0.094702,0.255259,0.041042,0.391673,0.030345,0.154852,0.032126
219_11_31_225,1,3,0.06183,0.162283,0.119792,0.455518,0.092859,0.053253,0.054466
219_11_841_961,2,1,0.111196,0.35579,0.08557,0.142743,0.083813,0.083798,0.13709
219_12_1338_1369,1,1,0.118524,0.367174,0.041709,0.14999,0.13897,0.031816,0.151817
219_12_534_728,0,0,0.549758,0.309477,0.040634,0.007519,0.044294,0.032851,0.015467
219_11_1028_1151,1,0,0.441096,0.270619,0.068765,0.034449,0.048878,0.09984,0.036353
219_11_299_380,2,0,0.3396,0.331785,0.039419,0.028912,0.058196,0.132122,0.069966
219_11_1318_1338,2,4,0.075373,0.21606,0.066289,0.053725,0.526176,0.019565,0.042812
219_12_423_503,0,0,0.642759,0.204731,0.033505,0.007448,0.038057,0.059742,0.013757
219_12_1203_1284,0,1,0.234281,0.545591,0.043161,0.01475,0.070192,0.029322,0.062703
219_12_806_841,0,0,0.612791,0.225791,0.069307,0.002453,0.050283,0.031918,0.007457
219_11_503_534,5,5,0.011356,0.020652,0.015734,0.040263,0.013229,0.828115,0.070651
219_11_728_759,2,5,0.03075,0.040672,0.023944,0.061812,0.018793,0.751826,0.072203
219_12_961_1028,1,1,0.385255,0.422746,0.04063,0.013811,0.04256,0.054741,0.040257
219_12_225_254,1,1,0.269024,0.435796,0.048072,0.075135,0.068948,0.018654,0.08437
222_12_104_242,3,6,0.012821,0.050008,0.053089,0.387504,0.040287,0.020128,0.436163
222_12_1108_1428,3,3,0.016551,0.049175,0.08855,0.458194,0.059148,0.060553,0.267828
222_11_1760_2149,3,3,0.028129,0.04418,0.024662,0.453759,0.186214,0.080544,0.182511
222_12_1674_1760,3,3,0.011897,0.03528,0.063315,0.733005,0.019575,0.015906,0.121022
222_11_249_275,0,5,0.080846,0.135619,0.062085,0.064742,0.041663,0.38388,0.231164
222_11_1428_1520,5,5,0.103352,0.171818,0.066376,0.041253,0.025429,0.495404,0.096368
222_12_2167_2221,3,3,0.007443,0.003219,0.011016,0.88195,0.011693,0.068766,0.015913
222_12_923_951,3,3,0.016696,0.053036,0.089983,0.390065,0.063201,0.045641,0.341379
222_11_2222_2354,3,3,0.058518,0.126132,0.048,0.382197,0.052568,0.118996,0.213589
222_12_474_818,3,3,0.017765,0.062045,0.079799,0.569755,0.054106,0.065515,0.151014
222_11_1006_1107,5,3,0.010827,0.034658,0.027782,0.332214,0.015259,0.331698,0.24756
222_12_316_423,3,3,0.00794,0.012697,0.040123,0.6749,0.046969,0.009509,0.207861
222_11_31_104,0,6,0.02194,0.047926,0.047122,0.244741,0.086694,0.082243,0.469335
222_11_437_465,5,5,0.022947,0.029568,0.023097,0.026533,0.012394,0.830152,0.055309
222_12_1520_1615,3,3,0.014469,0.021759,0.033966,0.801041,0.034185,0.040465,0.054115
222_11_850_920,5,5,0.036939,0.154182,0.114229,0.049307,0.090724,0.473049,0.08157
222_12_2354_2397,3,3,0.023377,0.051062,0.096344,0.537224,0.047548,0.182718,0.061727
222_11_1634_1674,3,5,0.09147,0.149456,0.051787,0.036262,0.01795,0.576215,0.07686
234_11_121_304,0,5,0.01546,0.018758,0.032124,0.03188,0.021903,0.829166,0.05071
234_12_1207_1301,4,2,0.018761,0.119197,0.362168,0.066796,0.218144,0.100563,0.114371
234_11_1018_1207,1,1,0.082331,0.274631,0.086708,0.049716,0.250948,0.162246,0.093421
234_11_1586_1712,1,5,0.017429,0.055494,0.069447,0.035794,0.039091,0.709295,0.07345
234_12_1718_1867,2,2,0.01188,0.037374,0.505786,0.03314,0.288081,0.012332,0.111407
234_12_1353_1549,2,6,0.011987,0.026766,0.08156,0.223724,0.105103,0.071396,0.479465
234_12_71_121,3,3,0.021509,0.06169,0.058032,0.604758,0.053376,0.035599,0.165037
234_11_862_935,1,5,0.075141,0.060989,0.040434,0.040393,0.028572,0.641581,0.112889
234_12_935_1008,3,3,0.009825,0.01926,0.036873,0.415486,0.080975,0.031084,0.406498
234_11_1301_1353,1,5,0.015872,0.031664,0.059035,0.103809,0.013317,0.558378,0.217925
234_11_505_688,1,5,0.014417,0.125868,0.210842,0.047035,0.14949,0.240795,0.211553
234_12_304_359,3,3,0.011236,0.012124,0.035533,0.782865,0.019835,0.028611,0.109796
234_12_472_505,3,3,0.027008,0.075032,0.127815,0.405433,0.118452,0.0543,0.191961
234_11_31_71,0,5,0.005007,0.018455,0.023247,0.037819,0.017529,0.761792,0.136151
234_11_359_472,5,5,0.015583,0.020819,0.028309,0.056571,0.027648,0.792289,0.05878
234_12_820_862,3,3,0.024425,0.032785,0.044141,0.499386,0.088991,0.10021,0.210063
234_11_1867_1965,1,5,0.030822,0.112749,0.147654,0.053029,0.091455,0.462847,0.101444
234_12_688_747,4,4,0.03248,0.176632,0.220767,0.038113,0.224773,0.220977,0.086257
234_11_760_820,0,5,0.017514,0.036351,0.058751,0.056437,0.042417,0.512361,0.276168
234_12_1965_2032,4,2,0.032256,0.156914,0.234327,0.061342,0.164734,0.217747,0.13268
235_11_31_196,1,2,0.041168,0.184804,0.305125,0.068822,0.122007,0.061397,0.216677
235_11_1257_1389,5,3,0.023737,0.014506,0.011095,0.735985,0.04116,0.136576,0.036941
235_11_1139_1228,5,5,0.086167,0.11244,0.049253,0.133287,0.090231,0.481222,0.047401
235_12_239_277,3,3,0.010262,0.021193,0.07801,0.466671,0.017114,0.186829,0.21992
235_12_901_1139,3,3,0.050758,0.06508,0.051251,0.392285,0.177639,0.112383,0.150605
235_12_503_614,3,3,0.026201,0.051893,0.073617,0.535657,0.045754,0.025684,0.241194
235_12_314_428,3,3,0.058509,0.105998,0.068439,0.307348,0.086311,0.083827,0.289567
235_11_614_640,6,6,0.009298,0.037439,0.028576,0.255253,0.034961,0.044457,0.590016
235_11_467_503,5,6,0.038456,0.073205,0.067545,0.355689,0.029016,0.049864,0.386225
235_12_1228_1257,3,3,0.01513,0.017176,0.029825,0.634586,0.010404,0.268954,0.023927
235_12_754_878,3,1,0.096731,0.317517,0.125898,0.0809,0.159114,0.075535,0.144305
235_12_640_687,3,5,0.059556,0.191964,0.216401,0.027366,0.186827,0.245206,0.072681
235_11_694_754,6,5,0.026337,0.088082,0.121207,0.132285,0.083856,0.31891,0.229323
235_11_878_901,5,5,0.063955,0.091541,0.064369,0.058698,0.057095,0.512711,0.15163
235_11_277_314,5,5,0.020853,0.057952,0.062294,0.062279,0.035039,0.605249,0.156334
361_20_102_335,3,4,0.018997,0.047692,0.031527,0.138905,0.420656,0.25029,0.091933
361_20_1157_1380,4,4,0.023989,0.113865,0.108003,0.037761,0.521471,0.036275,0.158637
361_19_1899_2079,3,6,0.029314,0.09219,0.05763,0.145915,0.196125,0.06509,0.413737
361_19_1699_1828,6,4,0.028971,0.072602,0.044124,0.184933,0.273721,0.236854,0.158794
361_19_1400_1498,6,6,0.036584,0.165011,0.061739,0.097853,0.066329,0.09429,0.478194
361_19_2177_2272,3,3,0.009002,0.01188,0.008046,0.809717,0.061125,0.010083,0.090149
361_20_894_1059,4,4,0.03709,0.154461,0.06158,0.115646,0.408218,0.108938,0.114067
361_20_2281_2328,3,3,0.005067,0.00178,0.00976,0.834415,0.054676,0.028605,0.065698
361_20_437_645,4,4,0.057054,0.206914,0.04578,0.115264,0.24004,0.197673,0.137276
361_19_1072_1127,4,6,0.025736,0.148119,0.083588,0.064382,0.129234,0.093582,0.455358
361_19_31_93,3,3,0.021612,0.020603,0.060897,0.321433,0.170143,0.102741,0.30257
361_20_1520_1658,4,4,0.033738,0.078728,0.05512,0.174598,0.435551,0.138125,0.084139
361_19_652_877,6,2,0.025659,0.115262,0.228529,0.096824,0.200675,0.181226,0.151824
361_20_2081_2166,6,6,0.013154,0.080826,0.052984,0.191589,0.156884,0.012363,0.492199
361_19_345_430,3,6,0.020614,0.060044,0.098183,0.109217,0.127395,0.166895,0.417652
361_20_1854_1887,3,6,0.010473,0.055036,0.102444,0.12815,0.224718,0.214725,0.264453
362_20_31_333,1,1,0.136288,0.221517,0.197272,0.034229,0.185715,0.102227,0.122752
362_20_1245_1445,0,0,0.508351,0.231584,0.070112,0.017835,0.064108,0.075733,0.032276
362_19_1101_1234,0,0,0.661088,0.185788,0.022415,0.013296,0.022105,0.08199,0.01332
362_19_1651_1705,1,0,0.63482,0.194515,0.046735,0.011029,0.052539,0.03435,0.026012
362_19_1789_1872,0,0,0.332646,0.268004,0.060433,0.123969,0.055308,0.039419,0.120221
362_19_1451_1531,1,0,0.468479,0.223064,0.066687,0.026479,0.052776,0.130474,0.032041
362_19_915_1022,0,0,0.595225,0.248102,0.030774,0.011319,0.03948,0.039973,0.035127
362_20_524_651,1,5,0.112772,0.19697,0.088707,0.044282,0.132013,0.340427,0.084829
362_20_1725_1778,0,0,0.622324,0.141128,0.051508,0.015139,0.089553,0.065582,0.014767
362_20_1031_1083,0,0,0.403497,0.391647,0.02124,0.043836,0.061896,0.054943,0.022942
362_19_412_500,1,0,0.466979,0.236647,0.056785,0.016006,0.057715,0.10026,0.065608
362_20_782_904,0,0,0.532768,0.249244,0.05165,0.026074,0.048243,0.048088,0.043934
362_19_689_766,1,0,0.243936,0.201756,0.03797,0.079518,0.091825,0.132585,0.212409
362_20_1545_1637,0,0,0.360588,0.213158,0.07222,0.053156,0.035811,0.064542,0.200524
371_20_96_244,5,5,0.017128,0.011224,0.017409,0.235879,0.066269,0.598074,0.054017
371_19_1140_1299,6,6,0.026065,0.116941,0.027693,0.296842,0.187906,0.039995,0.304557
371_20_1556_1691,3,3,0.022725,0.056808,0.015276,0.617351,0.119665,0.049824,0.118351
371_20_1809_1892,3,3,0.021924,0.035998,0.056603,0.389718,0.172555,0.016369,0.306833
371_19_1429_1550,3,3,0.04736,0.064777,0.021547,0.639767,0.088196,0.025874,0.112479
371_20_921_961,2,5,0.013788,0.026073,0.030269,0.021262,0.057071,0.75799,0.093547
371_20_1308_1416,3,3,0.045031,0.049702,0.019568,0.414532,0.31291,0.069989,0.088268
371_20_541_605,3,3,0.026126,0.080173,0.046604,0.527526,0.16849,0.056329,0.094751
371_20_1040_1114,5,5,0.010753,0.054363,0.025583,0.031251,0.125968,0.623076,0.129005
371_19_1726_1793,3,6,0.067295,0.215135,0.040017,0.097782,0.198509,0.073617,0.307645
371_20_310_423,3,3,0.05001,0.04688,0.02119,0.464039,0.156506,0.209804,0.05157
371_19_621_659,3,4,0.029997,0.18015,0.03445,0.184035,0.382555,0.016647,0.172166
371_19_445_519,3,6,0.03879,0.140643,0.050283,0.154431,0.151533,0.041251,0.423068
371_19_31_89,3,4,0.014911,0.016472,0.06138,0.219915,0.34141,0.03893,0.306982
371_19_761_907,6,6,0.044702,0.176246,0.027575,0.260517,0.155435,0.05253,0.282994
371_20_671_741,5,3,0.013323,0.020833,0.015353,0.804164,0.020153,0.060377,0.065797
371_19_983_1029,6,6,0.018881,0.070805,0.051601,0.092544,0.025776,0.18148,0.558913
371_19_258_297,3,3,0.016488,0.03702,0.028867,0.443284,0.235905,0.045605,0.192831
374_20_78_163,5,5,0.017732,0.053567,0.060328,0.080637,0.07297,0.501848,0.212917
374_19_1223_1454,1,1,0.094538,0.374752,0.070393,0.058296,0.179213,0.032681,0.190126
374_20_1115_1217,5,6,0.033587,0.187057,0.06577,0.056666,0.207675,0.193905,0.25534
374_19_178_379,3,6,0.034455,0.12947,0.044692,0.156709,0.083263,0.231934,0.319477
374_19_927_1105,5,1,0.184235,0.224391,0.080007,0.067977,0.12925,0.20865,0.105491
374_19_511_716,3,3,0.100603,0.129572,0.024175,0.346147,0.09319,0.107993,0.19832
374_20_407_505,5,4,0.028674,0.12386,0.115152,0.039707,0.270157,0.210117,0.212335
374_19_31_70,3,5,0.020812,0.021676,0.020333,0.081598,0.033754,0.62909,0.192738
374_20_1483_1613,4,4,0.022759,0.094258,0.041919,0.022203,0.744843,0.012024,0.061994
374_20_738_917,5,5,0.01639,0.05776,0.100272,0.101851,0.097749,0.409284,0.216693
379_20_31_137,2,5,0.00613,0.05164,0.076113,0.050105,0.047127,0.651545,0.11734
379_20_1290_1343,5,5,0.030295,0.100817,0.07125,0.028225,0.039125,0.626847,0.103442
379_20_1168_1219,2,5,0.014402,0.089934,0.106467,0.04501,0.061241,0.359214,0.323731
379_20_255_424,2,2,0.01912,0.144743,0.324772,0.013834,0.129277,0.252929,0.115325
379_20_853_1054,2,2,0.055321,0.256464,0.291618,0.019226,0.117198,0.146964,0.113208
379_19_164_235,1,5,0.007687,0.047442,0.048237,0.011248,0.029535,0.767409,0.088441
379_20_558_685,2,5,0.015772,0.128827,0.176259,0.015903,0.072976,0.547399,0.042864
379_19_1072_1124,5,5,0.106737,0.118299,0.16904,0.037973,0.060938,0.324496,0.182516
379_19_461_545,2,5,0.020043,0.052974,0.067071,0.007888,0.02177,0.800503,0.029751
379_19_1229_1268,1,6,0.029412,0.113601,0.076393,0.136401,0.050977,0.178904,0.414312
379_19_715_830,2,0,0.26012,0.224665,0.172656,0.021567,0.094899,0.136993,0.089101
379_19_1379_1433,1,5,0.143737,0.131524,0.043493,0.017458,0.049991,0.571661,0.042137
384_20_1178_1333,3,3,0.022961,0.081709,0.03333,0.51657,0.117751,0.043199,0.18448
384_20_1692_1821,5,4,0.032514,0.11594,0.022658,0.204281,0.488948,0.037179,0.09848
384_19_1357_1674,6,4,0.020517,0.131249,0.040402,0.05291,0.509583,0.020323,0.225016
384_19_929_1159,3,3,0.01509,0.043242,0.02308,0.492876,0.094771,0.151059,0.179882
384_20_144_254,3,6,0.086894,0.241411,0.038678,0.145492,0.105764,0.114516,0.267245
384_19_267_366,5,5,0.013933,0.037447,0.027415,0.207862,0.03115,0.572302,0.109891
384_20_600_920,3,3,0.007385,0.014062,0.007166,0.833383,0.027803,0.039709,0.070492
384_20_384_489,3,3,0.051275,0.152666,0.039883,0.338181,0.089729,0.077746,0.250519
384_19_31_116,3,3,0.008784,0.011939,0.025246,0.721868,0.025251,0.069404,0.137508
384_19_508_579,3,3,0.013531,0.038362,0.027307,0.641343,0.013283,0.179114,0.087061
397_19_31_151,3,3,0.015114,0.023184,0.028654,0.591898,0.019399,0.167933,0.153817
397_20_1089_1267,5,5,0.009991,0.034333,0.042678,0.117972,0.079616,0.371762,0.343649
397_20_165_384,3,6,0.015751,0.039972,0.052894,0.255341,0.129144,0.113369,0.393529
397_20_1436_1574,3,6,0.028135,0.080339,0.1187,0.286471,0.096567,0.01829,0.3715
397_19_894_1071,3,1,0.147914,0.310806,0.079128,0.053746,0.081744,0.189764,0.1369
397_19_1299_1418,3,6,0.059159,0.239515,0.066423,0.097298,0.071237,0.018125,0.448241
397_20_542_642,3,6,0.030933,0.115276,0.09143,0.124525,0.113137,0.025328,0.499371
397_19_412_528,3,6,0.070006,0.146611,0.05238,0.187882,0.090101,0.075285,0.377735
397_20_771_875,1,6,0.009621,0.119242,0.25306,0.029507,0.13323,0.060616,0.394724
397_19_659_752,3,6,0.010371,0.032645,0.026558,0.151921,0.022913,0.063438,0.692155
605_31_31_391,6,3,0.012499,0.023628,0.028686,0.535959,0.051146,0.042465,0.305618
605_31_1223_1621,6,4,0.026623,0.169676,0.167109,0.016344,0.307061,0.047677,0.26551
605_32_1014_1186,0,0,0.319155,0.293855,0.063343,0.021934,0.063613,0.146883,0.091217
605_32_1629_1918,0,0,0.442431,0.345689,0.036491,0.00948,0.058682,0.074879,0.032348
605_31_846_996,6,6,0.015477,0.048219,0.026632,0.187911,0.050253,0.033802,0.637705
605_31_593_678,6,2,0.066028,0.24392,0.293782,0.023382,0.258162,0.052943,0.061783
605_32_396_519,5,6,0.030338,0.064457,0.04078,0.085547,0.023699,0.306289,0.44889
605_32_711_761,1,1,0.065559,0.411971,0.078268,0.012162,0.186994,0.024105,0.22094
605_31_1943_1968,6,4,0.044254,0.126475,0.201048,0.031957,0.497035,0.063562,0.035668
606_32_117_255,6,6,0.011333,0.030405,0.017085,0.309044,0.07362,0.012948,0.545566
606_32_1971_2130,6,6,0.022915,0.143968,0.175753,0.050875,0.174295,0.136655,0.29554
606_31_974_1286,1,1,0.074867,0.413977,0.05701,0.021232,0.342809,0.040982,0.049123
606_32_1619_1696,6,6,0.104004,0.244149,0.037749,0.086899,0.04816,0.047581,0.431459
606_31_1747_1940,1,4,0.071269,0.290188,0.055159,0.01735,0.515507,0.015933,0.034593
606_31_1345_1583,1,1,0.124034,0.419544,0.064236,0.014057,0.308238,0.033928,0.035963
606_32_2227_2404,0,0,0.573949,0.246597,0.031589,0.016411,0.036141,0.058578,0.036734
606_32_464_680,3,3,0.009589,0.011651,0.006123,0.873775,0.020363,0.036519,0.041979
606_31_289_451,5,3,0.04159,0.04215,0.016609,0.30163,0.187121,0.23269,0.178209
606_31_31_90,6,6,0.026348,0.052416,0.03715,0.288548,0.063989,0.078654,0.452895
606_32_822_916,5,5,0.060384,0.047945,0.029305,0.009397,0.020231,0.781705,0.051033
606_31_695_803,1,4,0.037482,0.291787,0.072177,0.024992,0.381962,0.027599,0.164
606_31_2161_2216,1,4,0.026687,0.114979,0.202705,0.026181,0.322088,0.122786,0.184574
606_32_1305_1316,5,5,0.118092,0.06141,0.020629,0.019372,0.012832,0.694676,0.07299
609_31_31_152,1,1,0.303364,0.510312,0.027303,0.017663,0.101075,0.026471,0.013811
609_31_1212_1449,1,1,0.148094,0.507509,0.0319,0.018072,0.183835,0.048194,0.062396
609_31_1929_2195,6,4,0.044063,0.241816,0.104421,0.022257,0.485768,0.034665,0.067009
609_32_857_1192,6,1,0.217919,0.488562,0.019037,0.024247,0.092882,0.056077,0.101275
609_32_1471_1896,1,0,0.387561,0.25365,0.025664,0.011503,0.059745,0.198498,0.063379
609_32_164_299,0,0,0.580649,0.261326,0.024971,0.00562,0.040922,0.057048,0.029462
609_32_2219_2358,0,1,0.101913,0.400738,0.052875,0.061488,0.078232,0.04987,0.254884
609_31_331_578,1,1,0.210193,0.444324,0.031295,0.057404,0.138509,0.041852,0.076422
609_32_601_785,6,6,0.029948,0.053132,0.025117,0.147155,0.184786,0.022696,0.537166
609_31_803_831,6,6,0.08875,0.194247,0.089206,0.05626,0.066155,0.218288,0.287094
612_32_2392_2532,6,6,0.069288,0.119225,0.101703,0.132244,0.037077,0.076398,0.464067
612_31_31_199,0,0,0.777052,0.097747,0.025962,0.017886,0.01447,0.058176,0.008707
612_31_1263_1594,1,0,0.461375,0.140599,0.023235,0.016747,0.047357,0.292306,0.01838
612_32_876_1237,2,6,0.190784,0.213344,0.093617,0.02608,0.155295,0.076667,0.244212
612_32_229_547,2,6,0.045713,0.093098,0.062713,0.145889,0.056641,0.050058,0.545887
612_31_1691_2022,0,0,0.583039,0.221529,0.044978,0.020733,0.042981,0.049535,0.037207
612_31_2166_2386,0,0,0.625233,0.20923,0.021324,0.015549,0.050382,0.059459,0.018823
612_32_2068_2128,5,5,0.031144,0.045981,0.074987,0.100021,0.057859,0.516775,0.173234
612_31_597_833,1,0,0.530892,0.279795,0.025302,0.025965,0.046238,0.062287,0.029521
612_32_1594_1641,5,5,0.029423,0.04678,0.036707,0.048885,0.02461,0.657973,0.155622
620_31_1103_1556,6,6,0.013977,0.04273,0.035385,0.155888,0.056366,0.099962,0.595693
620_32_163_340,1,0,0.415256,0.362343,0.018059,0.016563,0.075996,0.083796,0.027987
620_31_2536_2913,1,1,0.179978,0.263816,0.043897,0.077448,0.223036,0.092699,0.119126
620_32_2366_2488,1,1,0.402631,0.493265,0.017027,0.016137,0.030809,0.026786,0.013345
620_32_2938_3084,6,1,0.10801,0.373384,0.038426,0.079476,0.291527,0.019756,0.08942
620_31_1664_2338,0,6,0.08856,0.215379,0.063638,0.081376,0.063187,0.159022,0.328838
620_31_619_898,1,1,0.099343,0.20151,0.081455,0.166087,0.129492,0.133458,0.188655
620_31_31_124,1,6,0.08116,0.111378,0.05262,0.229693,0.076405,0.139948,0.308797
620_32_1573_1646,6,4,0.023483,0.128844,0.061079,0.10429,0.431747,0.051147,0.199409
620_32_943_1069,6,5,0.22306,0.239543,0.060893,0.025187,0.051982,0.282988,0.116347
620_32_458_574,5,5,0.128115,0.095892,0.027355,0.00707,0.019788,0.670938,0.050841
620_31_367_437,1,1,0.248049,0.426126,0.031504,0.06506,0.087662,0.043765,0.097834
681_35_98_148,1,1,0.021146,0.350403,0.176962,0.008515,0.340547,0.071078,0.031349
681_36_1290_1461,1,6,0.029582,0.221686,0.041766,0.185944,0.075793,0.058079,0.38715
681_35_1106_1276,1,1,0.134141,0.446467,0.07055,0.025566,0.1497,0.025872,0.147705
681_35_918_1017,6,6,0.012853,0.138818,0.134964,0.128918,0.058926,0.180595,0.344926
681_36_548_643,1,6,0.071309,0.185592,0.055134,0.239021,0.047757,0.137384,0.263802
681_36_156_201,1,1,0.277293,0.431554,0.029968,0.036093,0.041364,0.142768,0.040959
681_35_332_339,6,6,0.049817,0.163065,0.112287,0.07208,0.152566,0.054137,0.396047
681_36_1032_1092,6,1,0.191885,0.50182,0.025184,0.035694,0.060608,0.069887,0.114921
681_35_415_528,1,1,0.176573,0.546993,0.04251,0.022635,0.092249,0.03221,0.086829
681_36_31_64,1,1,0.064752,0.592649,0.027397,0.08304,0.143342,0.029172,0.059649
681_35_1473_1538,1,2,0.024871,0.209307,0.243505,0.026506,0.08036,0.237798,0.177653
681_36_804_913,6,6,0.033624,0.252271,0.049021,0.146389,0.034616,0.027355,0.456723
681_35_664_791,3,3,0.01414,0.043549,0.024671,0.638705,0.037067,0.052646,0.189222
681_36_362_406,1,1,0.054231,0.238967,0.058866,0.218015,0.085226,0.131116,0.213579
681_36_259_331,6,6,0.088076,0.285547,0.062934,0.096404,0.031868,0.117214,0.317958
681_35_224_250,1,6,0.02008,0.133139,0.106996,0.118642,0.127492,0.179923,0.313727
697_35_31_131,6,6,0.01707,0.042498,0.053513,0.152808,0.01829,0.343961,0.371859
697_36_1290_1336,6,6,0.037754,0.123257,0.049125,0.094474,0.029936,0.089587,0.575868
697_35_1394_1471,6,1,0.049184,0.309122,0.088205,0.040418,0.24817,0.069964,0.194936
697_35_910_1058,6,3,0.022008,0.037537,0.022264,0.505801,0.07178,0.040629,0.299982
697_36_176_249,6,6,0.034486,0.120294,0.07931,0.201305,0.04415,0.114682,0.405774
697_36_1095_1180,6,3,0.011646,0.070533,0.042596,0.389382,0.049232,0.058028,0.378583
697_36_302_533,6,6,0.012368,0.055492,0.031732,0.215505,0.038997,0.072018,0.573888
697_36_601_635,5,6,0.085914,0.183101,0.081833,0.089246,0.051089,0.202517,0.306301
697_36_1527_1622,1,3,0.026999,0.245762,0.057072,0.421642,0.134975,0.012716,0.100835
697_35_1206_1259,5,5,0.012816,0.034039,0.053906,0.042559,0.011419,0.651613,0.193647
697_36_749_873,1,6,0.007827,0.027753,0.029546,0.441586,0.015584,0.03138,0.446325
697_35_687_706,1,4,0.031093,0.126376,0.202029,0.028675,0.267086,0.252442,0.092299
697_35_555_582,6,5,0.007133,0.020593,0.029029,0.02901,0.015178,0.820728,0.078328
697_35_262_274,6,5,0.028779,0.03107,0.021036,0.018523,0.011024,0.798426,0.091142
707_36_31_176,3,5,0.073452,0.120121,0.061766,0.218505,0.056768,0.302916,0.166473
707_35_1110_1417,1,5,0.024148,0.309316,0.182488,0.005958,0.098085,0.350192,0.029813
707_36_1417_1461,5,5,0.010596,0.031498,0.023438,0.024852,0.016964,0.817088,0.075564
707_36_888_944,5,5,0.091255,0.131861,0.061985,0.069675,0.037276,0.474941,0.133007
707_35_944_1003,6,5,0.03008,0.060072,0.037541,0.013976,0.016941,0.773463,0.067927
707_35_176_212,6,1,0.14003,0.371653,0.077643,0.051743,0.132178,0.083521,0.143233
707_36_1034_1110,4,5,0.099412,0.231425,0.070887,0.060232,0.1183,0.324232,0.095512
707_36_1703_1771,6,0,0.363617,0.355568,0.029015,0.050464,0.023552,0.083496,0.094288
707_35_333_420,1,3,0.051231,0.149578,0.162028,0.224793,0.127277,0.156307,0.128785
707_35_614_657,3,5,0.088394,0.179578,0.086439,0.124229,0.060564,0.276783,0.184014
707_35_1508_1572,1,1,0.1551,0.429009,0.039247,0.006201,0.288332,0.029315,0.052795
707_35_801_888,5,6,0.092757,0.219323,0.073831,0.069667,0.127613,0.075278,0.341532
707_36_1572_1617,6,2,0.022807,0.107217,0.333738,0.019291,0.247366,0.230998,0.038584
707_35_1617_1654,4,6,0.05693,0.193014,0.161485,0.037145,0.12456,0.120433,0.306433
707_36_481_554,6,5,0.059866,0.059078,0.03103,0.083415,0.035276,0.586574,0.144761
707_36_728_745,4,5,0.011423,0.039176,0.054769,0.031945,0.024492,0.692306,0.145889
707_36_277_333,4,5,0.020473,0.051192,0.019361,0.015111,0.026132,0.823187,0.044544
709_35_88_189,5,5,0.006138,0.036255,0.067115,0.079603,0.013708,0.42835,0.368832
709_35_1249_1326,3,3,0.065849,0.103312,0.06851,0.366191,0.034388,0.199781,0.161968
709_36_1644_1800,1,5,0.285346,0.227964,0.037015,0.065432,0.031287,0.308048,0.044907
709_36_222_281,6,5,0.063259,0.201526,0.085207,0.053151,0.063687,0.297483,0.235687
709_35_1800_1874,3,3,0.11109,0.186695,0.029936,0.502624,0.038587,0.080301,0.050767
709_35_1441_1593,3,3,0.100817,0.247062,0.041902,0.35458,0.055534,0.1366,0.063505
709_36_938_955,5,5,0.024804,0.041598,0.025798,0.044854,0.016257,0.73499,0.111699
709_36_1326_1416,1,5,0.017647,0.065296,0.039153,0.044591,0.024262,0.768049,0.041003
709_36_554_673,6,6,0.014854,0.088878,0.098832,0.070605,0.021432,0.257342,0.448057
709_35_955_1157,3,3,0.032098,0.08052,0.042602,0.490466,0.052764,0.222427,0.079123
709_35_281_371,5,5,0.016417,0.034258,0.02413,0.010903,0.018066,0.849618,0.046608
709_36_371_521,1,5,0.015239,0.039358,0.023987,0.03734,0.017957,0.804927,0.061192
709_36_31_88,6,1,0.087703,0.364411,0.099493,0.033356,0.102346,0.150922,0.161769
709_35_769_901,3,3,0.025046,0.035413,0.017639,0.488552,0.030458,0.378748,0.024144
709_36_1190_1249,1,5,0.148174,0.041431,0.011872,0.027623,0.00918,0.733305,0.028414
709_35_521_554,5,5,0.003129,0.010276,0.011534,0.009716,0.007103,0.895844,0.062398
975_49_95_159,5,5,0.014832,0.031178,0.018267,0.009026,0.015716,0.874223,0.036757
975_50_1106_1199,5,5,0.042176,0.165467,0.07461,0.031102,0.063262,0.539951,0.083432
975_49_1819_1893,1,1,0.210261,0.51828,0.029613,0.081449,0.060624,0.056745,0.043027
975_50_1325_1546,6,1,0.075589,0.321012,0.170903,0.034483,0.222896,0.036342,0.138774
975_50_184_248,5,5,0.058539,0.068664,0.032041,0.019197,0.027025,0.727838,0.066696
975_49_482_753,6,5,0.014717,0.0839,0.133579,0.013548,0.116894,0.581263,0.056099
975_50_1723_1780,1,0,0.512649,0.364433,0.016394,0.014332,0.018154,0.057272,0.016766
975_49_997_1064,3,3,0.012778,0.023376,0.019831,0.458522,0.034436,0.432978,0.01808
975_50_31_71,6,1,0.159512,0.201812,0.059803,0.113679,0.070867,0.193164,0.201162
975_50_375_462,6,5,0.024586,0.107887,0.068733,0.010395,0.065083,0.687803,0.035514
975_49_1225_1284,6,0,0.456518,0.26929,0.066474,0.025519,0.051023,0.055186,0.075989
975_50_813_903,6,1,0.134052,0.426559,0.094515,0.031085,0.155218,0.030412,0.128158
975_49_1578_1673,1,1,0.131463,0.350932,0.049881,0.009879,0.123734,0.302343,0.031768
975_49_283_331,6,5,0.112152,0.121174,0.038849,0.070757,0.054409,0.339224,0.263436
979_49_31_175,4,6,0.023952,0.047234,0.027937,0.213297,0.270502,0.040365,0.376714
979_49_1295_1649,3,4,0.0413,0.100734,0.047884,0.045585,0.476282,0.047546,0.240669
979_50_1113_1273,4,4,0.034596,0.184836,0.025057,0.045418,0.664084,0.018853,0.027155
979_50_1664_1819,1,1,0.09613,0.437797,0.011209,0.027036,0.40191,0.009624,0.016294
979_50_218_332,5,5,0.026737,0.068631,0.02297,0.037656,0.0358,0.718818,0.089388
979_50_893_987,1,4,0.035501,0.13685,0.1646,0.041262,0.339457,0.170443,0.111887
979_50_492_594,1,4,0.052158,0.064334,0.023387,0.127359,0.534185,0.137448,0.06113
979_49_1003_1096,5,4,0.039761,0.174549,0.083922,0.025367,0.295049,0.106719,0.274633
979_49_594_639,5,5,0.003878,0.010652,0.008643,0.009335,0.005671,0.943338,0.018481
979_49_353_467,4,4,0.019434,0.219012,0.148919,0.02418,0.330639,0.037098,0.220718
979_49_763_885,5,4,0.044334,0.145975,0.072015,0.034517,0.29675,0.214069,0.192341
979_49_1841_1939,3,6,0.027511,0.108527,0.053853,0.165062,0.138441,0.019163,0.487443
979_50_678_726,1,1,0.072864,0.455707,0.009478,0.072035,0.339559,0.00697,0.043388
988_49_123_266,3,3,0.031009,0.168992,0.017637,0.431978,0.241894,0.017574,0.090917
988_49_1183_1291,4,1,0.024729,0.212129,0.180038,0.183392,0.203472,0.049593,0.146647
988_50_1668_2000,1,4,0.093424,0.306811,0.040807,0.021756,0.454987,0.046275,0.03594
988_49_857_995,4,1,0.120755,0.390004,0.062865,0.058766,0.246658,0.079799,0.041152
988_50_1314_1443,4,1,0.05329,0.358596,0.035953,0.064327,0.34772,0.025867,0.114246
988_50_515_626,4,4,0.038065,0.169146,0.033399,0.063759,0.630458,0.016011,0.049163
988_50_1063_1133,4,4,0.037766,0.298003,0.027469,0.024404,0.58482,0.015167,0.01237
988_50_321_397,5,3,0.023388,0.055234,0.011505,0.526597,0.325154,0.015238,0.042883
988_50_31_83,6,3,0.076373,0.153085,0.036635,0.377558,0.108863,0.15203,0.095457
988_49_416_458,3,5,0.110061,0.162411,0.024096,0.217766,0.021105,0.343164,0.121397
988_49_1504_1609,4,4,0.057379,0.242583,0.027193,0.018134,0.593835,0.01264,0.048234
988_49_648_704,3,1,0.109311,0.39225,0.042183,0.27742,0.081956,0.07013,0.026749
988_50_742_814,4,1,0.187182,0.43855,0.044594,0.117317,0.142402,0.03041,0.039544
997_50_31_132,3,3,0.030645,0.043357,0.073685,0.546341,0.100917,0.057114,0.147942
997_49_1223_1853,2,5,0.145428,0.218593,0.045044,0.073458,0.061333,0.356333,0.09981
997_50_1101_1204,2,6,0.036805,0.085392,0.124168,0.200339,0.090802,0.129055,0.333439
997_49_865_955,5,5,0.008186,0.030429,0.077654,0.004465,0.034459,0.795344,0.049463
997_49_144_243,3,1,0.04336,0.369192,0.056958,0.104467,0.154339,0.089793,0.181891
997_50_501_622,2,3,0.047381,0.047224,0.102893,0.246599,0.148728,0.172912,0.234264
997_50_275_441,2,4,0.024702,0.043225,0.20808,0.200115,0.236025,0.052618,0.235235
997_49_1014_1087,2,1,0.244042,0.501267,0.065554,0.024611,0.068685,0.077332,0.018508
997_49_460_487,2,5,0.020043,0.09415,0.144197,0.011017,0.085141,0.554313,0.091141
997_50_731_836,2,3,0.016404,0.0321,0.050721,0.577928,0.112819,0.020257,0.189772
997_50_1873_1951,2,3,0.068759,0.216001,0.058498,0.492307,0.042911,0.064542,0.056982
997_49_644_707,2,1,0.182649,0.390831,0.111347,0.033886,0.073458,0.178062,0.029767
997_50_964_995,2,3,0.017443,0.042841,0.110179,0.359764,0.04365,0.27005,0.156073
1645_83_2458_2547,3,3,0.01275,0.033599,0.049749,0.506211,0.04334,0.034498,0.319853
1645_84_120_146,3,3,0.021029,0.076625,0.049415,0.572734,0.043456,0.066736,0.170004
1645_83_1272_1322,5,5,0.006225,0.029895,0.073417,0.076099,0.027848,0.733957,0.052559
1645_84_1146_1270,1,1,0.219101,0.583116,0.043301,0.028316,0.079148,0.021414,0.025604
1645_83_153_307,5,6,0.051083,0.175231,0.10046,0.099105,0.08891,0.096854,0.388357
1645_83_2863_2965,3,6,0.01702,0.050113,0.094887,0.36466,0.036307,0.047226,0.389787
1645_83_2646_2760,6,6,0.00714,0.043197,0.050164,0.151406,0.028409,0.009256,0.710428
1645_84_1329_1494,0,1,0.150809,0.25104,0.063204,0.177518,0.044791,0.122624,0.190014
1645_84_2549_2640,3,3,0.015684,0.040418,0.044334,0.469723,0.029369,0.203519,0.196953
1645_83_756_984,6,6,0.009869,0.096941,0.106093,0.10696,0.04385,0.044201,0.592087
1645_84_2771_2862,3,3,0.031753,0.06277,0.035306,0.59112,0.050075,0.027303,0.201673
1645_84_2059_2119,6,3,0.025874,0.124598,0.038082,0.633134,0.040186,0.042471,0.095655
1645_83_1058_1138,5,6,0.006306,0.086746,0.270188,0.06576,0.038448,0.097811,0.434742
1645_83_1688_1781,5,5,0.025045,0.165077,0.087551,0.073246,0.048868,0.401024,0.199188
1645_83_373_688,1,6,0.061799,0.204249,0.103113,0.118051,0.132641,0.125314,0.254833
1645_84_1633_1685,3,3,0.021374,0.093344,0.033204,0.48168,0.037107,0.036786,0.296504
1645_83_1518_1619,5,6,0.021245,0.095409,0.317738,0.068373,0.078629,0.099031,0.319575
1645_83_2140_2332,5,5,0.050523,0.155184,0.051249,0.056238,0.056437,0.595939,0.03443
1645_84_1782_1914,5,3,0.018566,0.154472,0.027558,0.402185,0.045625,0.030587,0.321006
1645_83_31_119,5,6,0.077581,0.279653,0.075886,0.14478,0.076549,0.021077,0.324473
1645_84_696_735,3,3,0.014949,0.025179,0.040702,0.693213,0.013677,0.073899,0.138382
1645_83_1927_2055,5,5,0.029078,0.096714,0.096351,0.016785,0.040132,0.677893,0.043049
1645_83_3068_3151,5,5,0.011774,0.009421,0.01442,0.332277,0.0181,0.59788,0.016127
1645_84_309_356,3,3,0.018791,0.117268,0.320954,0.353609,0.040644,0.121982,0.026752
1645_84_2333_2454,3,1,0.129995,0.316804,0.047399,0.23015,0.085593,0.140253,0.049806
1645_84_2969_3065,3,3,0.006954,0.01007,0.010268,0.889748,0.014128,0.025043,0.043789
1645_84_999_1025,3,3,0.037812,0.05873,0.035454,0.725721,0.023234,0.056419,0.06263
1652_83_2398_2490,3,6,0.028177,0.059422,0.045818,0.272513,0.02872,0.02548,0.539871
1652_83_31_220,3,3,0.052548,0.139024,0.034831,0.247152,0.087803,0.224731,0.213911
1652_84_1123_1415,3,3,0.022283,0.105183,0.067573,0.410665,0.131249,0.038097,0.224949
1652_83_1837_2081,5,5,0.054678,0.071326,0.067608,0.095007,0.196803,0.407707,0.106871
1652_84_1611_1830,3,1,0.058578,0.272206,0.156653,0.104312,0.179586,0.067197,0.161468
1652_84_230_303,3,3,0.020451,0.054833,0.040489,0.73299,0.043476,0.077237,0.030524
1652_83_1423_1584,5,5,0.022981,0.055041,0.051094,0.034431,0.060761,0.721611,0.054081
1652_84_2089_2392,3,1,0.110985,0.328517,0.05782,0.256115,0.10067,0.08191,0.063983
1652_84_2496_2637,3,3,0.010439,0.021713,0.029261,0.848145,0.018058,0.024782,0.047601
1652_83_924_938,5,5,0.021844,0.035852,0.021839,0.029944,0.017848,0.814673,0.058001
1652_84_943_969,3,5,0.031806,0.156332,0.115349,0.162313,0.048971,0.31645,0.168779
1652_83_535_592,1,6,0.060344,0.210259,0.059366,0.081058,0.027455,0.079038,0.48248
1652_83_312_402,0,5,0.056601,0.102182,0.046435,0.080754,0.027377,0.428253,0.258399
1652_84_596_657,3,3,0.046184,0.133016,0.044755,0.446634,0.070263,0.19452,0.064627
1652_84_1004_1073,3,1,0.154367,0.280848,0.083277,0.18354,0.071483,0.133583,0.092901
1652_84_411_447,3,5,0.029744,0.072416,0.050328,0.253059,0.024512,0.496985,0.072956
1652_83_449_473,0,6,0.089822,0.289409,0.04346,0.137252,0.050739,0.075242,0.314075
1652_84_768_920,3,6,0.024676,0.151689,0.183075,0.238416,0.094828,0.054989,0.252326
1652_83_665_760,0,5,0.067214,0.148038,0.053603,0.086997,0.026746,0.367167,0.250236
1652_83_1083_1093,5,5,0.025206,0.054025,0.05908,0.067859,0.056408,0.408594,0.328828
1652_83_972_995,5,5,0.089701,0.202552,0.074429,0.069,0.041411,0.390845,0.132062
1652_84_495_522,3,5,0.022153,0.086295,0.038156,0.043327,0.014736,0.743252,0.052081
1656_84_31_174,3,5,0.022727,0.044108,0.087951,0.248856,0.038038,0.403773,0.154546
1656_83_1214_1476,3,6,0.04354,0.180197,0.058035,0.153716,0.081964,0.047761,0.434787
1656_84_1970_2102,3,3,0.033828,0.136267,0.094312,0.581406,0.05386,0.047559,0.052768
1656_84_1029_1204,3,3,0.03417,0.212438,0.135465,0.321756,0.155905,0.071151,0.069115
1656_83_1608_1719,1,1,0.083877,0.391594,0.209142,0.029991,0.181027,0.045816,0.058554
1656_84_250_299,3,3,0.020215,0.060617,0.070285,0.326488,0.06726,0.282678,0.172457
1656_83_1781_1940,4,1,0.189234,0.579786,0.047721,0.008679,0.106126,0.023781,0.044673
1656_83_2136_2269,4,2,0.013311,0.183602,0.32535,0.03015,0.305154,0.012451,0.129983
1656_84_923_938,3,3,0.027491,0.077369,0.059384,0.496173,0.057833,0.154958,0.126791
1656_83_201_216,3,1,0.093324,0.272676,0.098663,0.041003,0.08913,0.267634,0.13757
1656_83_515_659,6,6,0.023342,0.135561,0.072895,0.108946,0.074903,0.02805,0.556302
1656_83_328_367,3,3,0.053549,0.208243,0.089515,0.367195,0.095712,0.049692,0.136093
1656_84_372_504,1,5,0.084032,0.174859,0.125286,0.021511,0.048925,0.509331,0.036057
1656_84_1498_1586,3,3,0.005917,0.004498,0.008849,0.912578,0.033054,0.022073,0.013031
1656_83_802_911,3,1,0.054927,0.353438,0.017024,0.267354,0.074752,0.012886,0.219619
1656_84_694_785,1,3,0.036027,0.101825,0.059842,0.354314,0.049029,0.050391,0.348573
1656_83_970_1009,3,6,0.03985,0.178154,0.022929,0.22754,0.055613,0.024448,0.451466
1656_84_1746_1756,5,5,0.024226,0.054354,0.036697,0.044157,0.028881,0.685813,0.125871
1662_84_31_179,0,0,0.317562,0.315446,0.074202,0.007907,0.045665,0.224283,0.014936
1662_83_1209_1347,2,1,0.044255,0.252693,0.216343,0.032384,0.10352,0.219944,0.130861
1662_83_2040_2224,1,4,0.084267,0.229384,0.244167,0.021611,0.303586,0.059286,0.057699
1662_84_1102_1208,5,2,0.00558,0.109226,0.399119,0.006872,0.077469,0.32659,0.075143
1662_83_1545_1780,5,5,0.114718,0.26392,0.091996,0.044447,0.126717,0.291276,0.066927
1662_83_193_269,2,1,0.100722,0.430037,0.091279,0.018004,0.167617,0.07891,0.11343
1662_84_1788_1849,1,1,0.056012,0.338524,0.111773,0.03421,0.262663,0.077046,0.119771
1662_84_1361_1544,0,1,0.053376,0.277856,0.19373,0.034418,0.093726,0.087111,0.259783
1662_83_880_1099,2,5,0.106605,0.186975,0.078379,0.061888,0.146146,0.33033,0.089678
1662_84_2228_2365,1,4,0.080779,0.386977,0.0623,0.009199,0.416521,0.018515,0.02571
1662_83_366_700,1,1,0.243724,0.349895,0.091883,0.028911,0.143011,0.068972,0.073604
1662_84_276_353,0,6,0.047573,0.237593,0.128605,0.094688,0.060499,0.153039,0.278002
1662_84_714_878,1,6,0.03258,0.204012,0.118405,0.09176,0.223937,0.101882,0.227424
1662_84_1908_2023,1,1,0.095003,0.423011,0.073059,0.024511,0.12546,0.239067,0.01989
1662_83_1852_1881,1,1,0.078257,0.355089,0.056663,0.078814,0.174697,0.05311,0.203371
1671_83_1286_1390,6,6,0.014152,0.077809,0.048025,0.106128,0.048655,0.042499,0.662733
1671_84_2017_2064,3,3,0.03138,0.114497,0.064796,0.593948,0.064171,0.048326,0.082881
1671_84_1116_1217,6,3,0.031399,0.147477,0.054047,0.451543,0.053868,0.053485,0.208182
1671_84_1606_1848,6,3,0.019091,0.09113,0.080956,0.439346,0.059412,0.046731,0.263334
1671_83_1455_1585,5,5,0.009875,0.058563,0.08029,0.045002,0.030344,0.655559,0.120366
1671_84_932_1022,6,3,0.02228,0.190643,0.056502,0.342075,0.066912,0.052949,0.26864
1671_83_137_247,6,5,0.037678,0.157252,0.081885,0.044396,0.05402,0.362945,0.261825
1671_83_383_732,6,5,0.017548,0.054367,0.047129,0.138,0.075532,0.60039,0.067034
1671_84_263_364,3,3,0.012171,0.034914,0.031212,0.763977,0.021124,0.041687,0.094915
1671_84_31_115,3,3,0.015544,0.085781,0.052196,0.653295,0.103093,0.022006,0.068086
1671_84_758_824,3,3,0.024516,0.085301,0.043137,0.713547,0.031544,0.041279,0.060675
1671_83_1866_2000,6,5,0.013596,0.057452,0.069579,0.145384,0.221429,0.365061,0.1275
1671_84_1397_1425,6,3,0.03643,0.215941,0.058542,0.35394,0.075147,0.043513,0.216487
1671_83_858_914,6,6,0.063581,0.221052,0.092426,0.060989,0.037031,0.231415,0.293507
1671_83_1058_1098,6,6,0.064345,0.190286,0.074796,0.037432,0.054102,0.270852,0.308187
1671_83_2096_2122,1,6,0.103132,0.201677,0.064792,0.08857,0.042876,0.230505,0.268448
1675_84_31_307,1,3,0.041038,0.138436,0.017347,0.68033,0.045599,0.05313,0.024119
1675_84_1119_1363,1,6,0.01345,0.114021,0.110028,0.307254,0.063492,0.067465,0.32429
1675_83_2849_2929,2,2,0.011246,0.106903,0.360847,0.024369,0.320987,0.029071,0.146577
1675_84_2490_2830,1,1,0.170274,0.607241,0.023746,0.051292,0.057598,0.035252,0.054598
1675_84_1441_1577,3,3,0.0128,0.077053,0.022166,0.778141,0.02993,0.024982,0.054928
1675_84_2944_3205,1,6,0.049416,0.264818,0.051341,0.243007,0.077343,0.028628,0.285447
1675_83_749_958,2,1,0.045606,0.269438,0.044974,0.197867,0.107708,0.140054,0.194352
1675_84_2054_2216,1,1,0.034695,0.470143,0.085954,0.060206,0.078987,0.143614,0.126402
1675_83_1072_1119,1,5,0.1257,0.129589,0.046815,0.037142,0.023464,0.461095,0.176193
1675_84_1760_1801,5,5,0.016159,0.03973,0.023048,0.060799,0.014869,0.805768,0.039627
1675_84_519_749,1,1,0.187612,0.534009,0.060546,0.044543,0.082934,0.055218,0.035139
1675_83_2439_2483,1,1,0.241682,0.333133,0.040789,0.038407,0.035107,0.237956,0.072926
1675_83_1591_1752,2,5,0.03952,0.112365,0.041409,0.177401,0.083886,0.312558,0.23286
1675_84_2269_2435,1,6,0.010288,0.102969,0.072216,0.373754,0.035185,0.029329,0.376259
1675_83_1806_2040,2,5,0.017366,0.056701,0.035393,0.165314,0.036575,0.378669,0.309982
1675_83_3212_3316,2,6,0.01408,0.076115,0.140098,0.115914,0.127843,0.25933,0.26662
1675_83_1379_1427,6,3,0.045422,0.189383,0.017077,0.353869,0.069032,0.035381,0.289836
1675_84_964_1058,3,3,0.018862,0.070139,0.053857,0.488157,0.047414,0.277484,0.044087
1675_83_320_498,1,5,0.09272,0.244585,0.044413,0.103254,0.1296,0.268851,0.116577
1675_83_2223_2255,2,5,0.011256,0.07004,0.104428,0.026632,0.031582,0.639681,0.116382
1965_99_31_145,2,2,0.02046,0.150687,0.455333,0.009619,0.232363,0.048583,0.082955
1965_100_1246_1318,2,1,0.107246,0.344972,0.111519,0.092516,0.083224,0.037901,0.222622
1965_99_1058_1246,2,1,0.05178,0.337437,0.321018,0.008439,0.246898,0.018875,0.015553
1965_99_218_382,2,1,0.128461,0.41132,0.172491,0.004959,0.180536,0.064558,0.037675
1965_100_927_1058,2,4,0.015127,0.099144,0.126464,0.013177,0.643251,0.065012,0.037825
1965_100_145_218,5,5,0.009917,0.010842,0.006327,0.010566,0.005064,0.940998,0.016285
1965_99_1318_1391,2,2,0.027148,0.234817,0.553268,0.003538,0.13908,0.033308,0.008841
1965_99_516_726,2,2,0.03795,0.260696,0.45957,0.007257,0.170563,0.037744,0.02622
1965_100_382_516,2,1,0.344216,0.439027,0.044423,0.010043,0.029737,0.113139,0.019415
1965_99_787_927,4,1,0.059255,0.294135,0.189194,0.057037,0.084596,0.091161,0.224622
1965_100_726_787,6,5,0.070871,0.158768,0.111992,0.017292,0.060421,0.291886,0.288771
1977_99_31_167,2,5,0.110828,0.141999,0.133412,0.119278,0.119723,0.204795,0.169965
1977_100_1199_1356,5,0,0.491931,0.107377,0.010671,0.00405,0.012597,0.368927,0.004448
1977_99_1884_2155,1,0,0.653857,0.147863,0.027415,0.018119,0.097168,0.049456,0.006122
1977_100_193_347,1,1,0.045735,0.271071,0.227683,0.033827,0.141734,0.227296,0.052654
1977_99_1700_1813,1,0,0.55142,0.240637,0.039305,0.026728,0.081802,0.048789,0.011319
1977_99_1374_1485,1,5,0.27791,0.144999,0.023625,0.052821,0.088914,0.385918,0.025814
1977_100_2181_2297,1,1,0.144725,0.536346,0.046366,0.036885,0.155215,0.022078,0.058385
1977_99_920_1167,1,0,0.551369,0.267567,0.018766,0.009937,0.092175,0.050753,0.009434
1977_100_496_749,5,0,0.61757,0.140853,0.007893,0.019122,0.035004,0.171299,0.008258
1977_99_2310_2394,1,0,0.53895,0.265356,0.048573,0.011651,0.11053,0.017271,0.007669
1977_99_359_481,4,1,0.435391,0.454599,0.017617,0.005829,0.054501,0.022957,0.009107
1977_100_1534_1678,0,1,0.223341,0.478158,0.033319,0.086569,0.068956,0.050609,0.059047
1977_100_2413_2480,5,5,0.049814,0.018805,0.01397,0.007689,0.008214,0.895848,0.005659
1977_99_755_826,1,0,0.354293,0.236989,0.04128,0.051189,0.0731,0.189322,0.053826
1977_100_847_908,5,1,0.125578,0.359454,0.146989,0.027621,0.098607,0.160776,0.080975
1977_100_1829_1856,5,5,0.026785,0.018231,0.009776,0.009371,0.006299,0.91807,0.011468
1978_100_1270_1590,1,5,0.172578,0.115849,0.033405,0.135996,0.047389,0.423638,0.071145
1978_99_1832_2082,1,1,0.158778,0.316852,0.068872,0.094479,0.123294,0.096182,0.141543
1978_100_888_1192,3,3,0.015218,0.010902,0.011712,0.779025,0.01691,0.149396,0.016837
1978_100_232_351,3,3,0.231657,0.181522,0.02468,0.397195,0.033808,0.118499,0.01264
1978_99_2198_2277,1,1,0.378088,0.474143,0.023384,0.012278,0.045468,0.047414,0.019225
1978_99_142_213,1,1,0.098712,0.576552,0.049218,0.025972,0.185543,0.030383,0.033619
1978_99_518_667,1,1,0.288563,0.376214,0.027048,0.076634,0.126821,0.061742,0.042977
1978_100_1721_1777,5,5,0.158067,0.267089,0.052319,0.02234,0.030792,0.3964,0.072993
1978_100_442_506,1,5,0.146696,0.057595,0.010164,0.004353,0.008963,0.765757,0.006472
1978_100_31_113,3,3,0.020227,0.024864,0.030887,0.776143,0.02244,0.064886,0.060554
1978_99_788_838,4,1,0.190505,0.547334,0.044989,0.026801,0.066172,0.08927,0.034929
1978_100_2113_2181,1,5,0.019348,0.028903,0.013697,0.021013,0.007978,0.894831,0.014231
1978_100_689_775,3,3,0.019189,0.085295,0.051115,0.508964,0.023435,0.287878,0.024124
1978_99_362_415,1,1,0.222748,0.478073,0.046621,0.018166,0.111997,0.085309,0.037087
1978_99_1605_1672,1,0,0.379994,0.354066,0.041554,0.019693,0.043374,0.134015,0.027303
1978_99_1212_1251,1,2,0.035304,0.253416,0.265986,0.014082,0.119539,0.260865,0.050809
1988_99_87_160,5,5,0.011477,0.073586,0.129773,0.021025,0.039481,0.675409,0.049249
1988_100_1127_1427,5,1,0.252677,0.331629,0.021275,0.187915,0.052914,0.110594,0.042997
1988_99_1633_1766,1,1,0.23175,0.356742,0.056788,0.025215,0.054879,0.251884,0.022742
1988_99_217_329,1,1,0.215959,0.386325,0.038205,0.027201,0.115591,0.158595,0.058125
1988_99_1427_1530,5,3,0.008196,0.015169,0.047095,0.655221,0.036024,0.040263,0.198033
1988_100_926_1049,5,5,0.091788,0.286561,0.031607,0.041092,0.04503,0.451304,0.052619
1988_100_160_217,1,5,0.013448,0.092452,0.052552,0.026975,0.017308,0.682409,0.114856
1988_100_570_643,3,3,0.044755,0.125587,0.036695,0.455587,0.029074,0.121227,0.187075
1988_99_1049_1127,1,1,0.054405,0.382361,0.101726,0.076491,0.244433,0.044455,0.096129
1988_100_329_496,3,3,0.039302,0.124152,0.022493,0.400011,0.026824,0.126487,0.260731
1988_100_31_87,3,6,0.021115,0.069898,0.054294,0.294733,0.024346,0.210489,0.325124
1988_100_1530_1633,5,5,0.220304,0.114192,0.028415,0.205488,0.023327,0.389578,0.018695
1988_100_717_839,5,5,0.023501,0.112266,0.062621,0.165075,0.026614,0.473705,0.136218
1988_99_643_717,1,1,0.271826,0.460365,0.061329,0.079805,0.045089,0.073097,0.00849
1988_99_496_570,1,1,0.04598,0.56601,0.045437,0.035471,0.205576,0.029449,0.072076
1988_99_839_926,1,0,0.731385,0.206769,0.009705,0.00635,0.023562,0.020331,0.001898
1989_99_91_374,5,3,0.119326,0.145263,0.060167,0.221953,0.10888,0.187954,0.156457
1989_99_1208_1313,1,0,0.737185,0.19859,0.015789,0.002218,0.016809,0.027338,0.00207
1989_100_1151_1208,1,3,0.051293,0.075784,0.050621,0.439527,0.079973,0.295002,0.0078
1989_99_1468_1795,1,0,0.350482,0.270908,0.101497,0.026795,0.150992,0.082162,0.017163
1989_100_1795_1888,5,5,0.157234,0.202022,0.052104,0.039534,0.032959,0.507847,0.0083
1989_100_1313_1468,1,3,0.104778,0.148887,0.092802,0.359732,0.175838,0.08241,0.035553
1989_100_813_1042,1,1,0.048166,0.311145,0.17128,0.078002,0.14851,0.084136,0.158761
1989_100_588_734,1,2,0.02472,0.206071,0.327034,0.037404,0.223413,0.103336,0.078021
1989_99_1042_1151,1,1,0.378848,0.401691,0.035476,0.012336,0.065679,0.090509,0.015461
1989_100_374_478,5,5,0.019007,0.061387,0.053611,0.012634,0.028163,0.811769,0.01343
1989_99_31_55,5,3,0.06068,0.033773,0.030137,0.593207,0.047938,0.063744,0.170521
1989_99_1888_1938,1,0,0.699689,0.190351,0.028462,0.006017,0.025691,0.041927,0.007863
1989_100_55_91,5,5,0.017631,0.0358,0.02273,0.011047,0.014355,0.835167,0.06327
1989_99_478_588,1,5,0.247642,0.202258,0.044155,0.008871,0.046207,0.427995,0.022872
1989_99_734_813,5,5,0.018692,0.028811,0.026597,0.004084,0.010261,0.902485,0.00907
1993_100_1288_1441,6,3,0.061074,0.272537,0.027265,0.473075,0.056363,0.088481,0.021205
1993_99_782_1287,4,1,0.2672,0.335203,0.036583,0.018465,0.289054,0.031591,0.021903
1993_100_1624_1691,3,1,0.027368,0.232936,0.186167,0.167589,0.104061,0.103543,0.178335
1993_100_217_367,1,6,0.025696,0.089776,0.023055,0.253517,0.021933,0.052024,0.533998
1993_100_1800_1858,1,3,0.025422,0.079596,0.045571,0.669747,0.040507,0.04777,0.091387
1993_99_553_635,4,1,0.053635,0.396799,0.137476,0.010468,0.324736,0.05195,0.024937
1993_99_132_197,4,5,0.146804,0.191173,0.066666,0.027333,0.053136,0.448617,0.066272
1993_99_1692_1771,0,5,0.135687,0.168556,0.077734,0.006996,0.067208,0.514831,0.028988
1993_100_433_552,5,5,0.024517,0.048196,0.014071,0.038237,0.016326,0.836415,0.022237
1993_100_31_117,3,3,0.008138,0.012921,0.044442,0.733923,0.025602,0.076177,0.098797
1993_99_1465_1601,4,1,0.188492,0.206681,0.171475,0.019004,0.13531,0.1757,0.103336
1993_100_641_775,3,3,0.056499,0.071767,0.015329,0.39851,0.061428,0.374651,0.021815
1993_99_384_427,4,2,0.033105,0.290597,0.317262,0.00886,0.220488,0.100351,0.029337
2212_111_31_349,6,5,0.074971,0.155333,0.290735,0.031793,0.078365,0.298607,0.070196
2212_112_1213_1476,6,6,0.032113,0.142481,0.035975,0.248928,0.087221,0.041797,0.411485
2212_111_1856_2240,1,1,0.081962,0.297394,0.160608,0.037744,0.115717,0.264504,0.04207
2212_111_1004_1198,6,5,0.043903,0.18466,0.128197,0.114248,0.132589,0.323607,0.072797
2212_112_1658_1830,1,1,0.03099,0.32174,0.095199,0.177874,0.178233,0.046027,0.149938
2212_111_2604_2667,0,1,0.074556,0.327293,0.201899,0.138666,0.083137,0.091423,0.083024
2212_112_743_990,6,3,0.033961,0.202211,0.070285,0.28505,0.149572,0.050744,0.208177
2212_112_2254_2377,1,1,0.294829,0.498447,0.029629,0.021134,0.040824,0.10087,0.014267
2212_111_561_728,5,5,0.021086,0.129511,0.065675,0.028476,0.032335,0.695467,0.02745
2212_112_370_540,1,6,0.038971,0.16313,0.081441,0.176596,0.101296,0.20835,0.230216
2212_111_1507_1628,1,5,0.042562,0.237864,0.248544,0.06355,0.071571,0.259017,0.076892
2212_112_2503_2587,1,1,0.050417,0.308078,0.134207,0.188886,0.05626,0.027388,0.234764
2212_111_2377_2463,1,1,0.0811,0.43837,0.154664,0.103724,0.154012,0.039374,0.028756
2212_112_2669_2683,0,1,0.259893,0.419747,0.092734,0.02861,0.06486,0.09769,0.036466
2221_112_1228_1573,1,1,0.088317,0.349536,0.074853,0.114288,0.240344,0.055433,0.077229
2221_111_1921_2070,1,5,0.11707,0.158909,0.058227,0.090676,0.077794,0.459756,0.037568
2221_111_1021_1214,1,0,0.580653,0.301734,0.015248,0.009296,0.028958,0.051742,0.012369
2221_111_1596_1691,1,1,0.349924,0.501566,0.034358,0.00895,0.039034,0.04428,0.021887
2221_111_246_311,3,6,0.047553,0.1247,0.056154,0.274419,0.107728,0.017918,0.371529
2221_112_1706_1913,1,1,0.138831,0.536662,0.112147,0.010353,0.161726,0.029618,0.010663
2221_112_734_1012,1,1,0.342106,0.413473,0.047136,0.030028,0.058192,0.057701,0.051363
2221_112_138_234,1,1,0.235625,0.26946,0.053065,0.039773,0.056158,0.264226,0.081692
2221_111_519_690,5,3,0.054087,0.113681,0.082955,0.396978,0.084764,0.055165,0.212371
2221_112_322_492,1,5,0.086216,0.146818,0.045165,0.024415,0.051464,0.56027,0.085652
2221_111_31_114,3,1,0.133245,0.296664,0.097319,0.116357,0.161966,0.031378,0.163071
2221_112_2083_2196,1,0,0.808107,0.157673,0.004964,0.005005,0.007053,0.013137,0.00406
2228_111_1217_1352,1,3,0.025948,0.138041,0.059668,0.357973,0.304989,0.045036,0.068345
2228_112_1055_1201,1,3,0.016362,0.083025,0.02635,0.408416,0.049858,0.030168,0.385821
2228_111_225_313,3,3,0.011515,0.024395,0.026833,0.680289,0.018882,0.017038,0.221048
2228_112_1355_1545,4,1,0.038644,0.328404,0.074747,0.19732,0.099283,0.02295,0.238652
2228_111_782_1037,4,5,0.04104,0.114091,0.048465,0.23237,0.097487,0.369866,0.096682
2228_112_144_210,1,1,0.258388,0.378351,0.022874,0.069147,0.035963,0.099121,0.136155
2228_111_590_663,3,3,0.024404,0.047954,0.043687,0.545945,0.038674,0.238515,0.060822
2228_112_334_419,1,1,0.052088,0.618429,0.025964,0.014735,0.192107,0.009828,0.086848
2228_112_475_577,3,3,0.004642,0.012447,0.009488,0.836387,0.008866,0.043394,0.084776
2228_111_31_110,1,1,0.064799,0.362612,0.056673,0.077631,0.245686,0.037803,0.154796
2228_111_437_461,3,5,0.018653,0.053645,0.043177,0.124634,0.020329,0.672855,0.066707
2228_112_687_767,3,3,0.006447,0.025013,0.03516,0.592417,0.015674,0.030744,0.294546
2406_121_31_150,4,2,0.041134,0.24855,0.350804,0.018903,0.286895,0.032467,0.021248
2406_121_1118_1412,2,4,0.041932,0.16568,0.202164,0.023127,0.522627,0.019905,0.024565
2406_121_1516_1730,1,4,0.030429,0.149173,0.138269,0.068121,0.578746,0.011017,0.024244
2406_121_235_565,1,1,0.100705,0.465522,0.072448,0.007145,0.334693,0.012076,0.007411
2406_122_1737_2008,1,4,0.082624,0.157901,0.105812,0.20829,0.283232,0.022658,0.139482
2406_122_1413_1492,1,1,0.076192,0.410464,0.068346,0.013354,0.361999,0.019937,0.049707
2406_122_909_1100,1,4,0.07346,0.261141,0.118515,0.026555,0.438233,0.033361,0.048734
2406_122_160_219,1,5,0.035528,0.069847,0.067143,0.003914,0.039538,0.775531,0.0085
2406_122_570_703,2,2,0.050384,0.147909,0.19907,0.046982,0.19721,0.19729,0.161155
2406_121_714_897,1,1,0.049443,0.429518,0.074439,0.008418,0.422603,0.009388,0.006193
2404_122_31_178,2,5,0.169607,0.086515,0.051003,0.137514,0.04673,0.465339,0.043292
2404_122_1280_1440,1,0,0.483073,0.378493,0.015728,0.035861,0.0454,0.026255,0.015191
2404_121_1056_1280,1,5,0.022884,0.050356,0.083588,0.312955,0.066165,0.375738,0.088314
2404_121_1641_1727,3,3,0.007551,0.014472,0.011331,0.867948,0.023183,0.013304,0.062212
2404_122_252_370,1,3,0.201817,0.207028,0.064355,0.246425,0.041601,0.077681,0.161093
2404_121_1810_1832,3,3,0.01371,0.036403,0.030971,0.730715,0.027308,0.029603,0.13129
2404_122_1732_1810,1,5,0.027555,0.097595,0.270781,0.02741,0.042185,0.491728,0.042746
2404_121_1455_1520,1,4,0.044348,0.165836,0.113198,0.214827,0.267942,0.05169,0.142159
2404_122_907_1046,1,0,0.519322,0.346755,0.02436,0.005496,0.021787,0.075544,0.006737
2404_121_184_252,1,5,0.02442,0.087319,0.100737,0.025474,0.030829,0.698127,0.033093
2404_122_540_729,1,5,0.266879,0.250128,0.052377,0.021176,0.041234,0.340876,0.027329
2404_121_407_539,1,0,0.509128,0.34263,0.035199,0.028279,0.032595,0.035134,0.017035
2404_122_1527_1630,3,5,0.019175,0.063931,0.145824,0.030437,0.036358,0.666109,0.038167
2404_121_744_895,1,0,0.54344,0.307874,0.035429,0.02533,0.030207,0.040397,0.017324
2414_121_100_187,3,3,0.012385,0.029185,0.057973,0.746289,0.022572,0.074135,0.05746
2414_122_1161_1379,3,3,0.032466,0.031845,0.014412,0.724497,0.065211,0.0911,0.040468
2414_122_1632_2129,3,3,0.074701,0.061186,0.032134,0.549368,0.139954,0.117103,0.025554
2414_122_197_454,5,5,0.030381,0.031276,0.031093,0.20229,0.027873,0.655828,0.021259
2414_121_1407_1622,6,3,0.039841,0.095363,0.110853,0.630799,0.05328,0.029632,0.040233
2414_121_923_1153,4,3,0.045088,0.141626,0.155787,0.355007,0.222321,0.041645,0.038526
2414_121_464_604,5,3,0.011969,0.008535,0.07076,0.655274,0.06917,0.178371,0.00592
2414_122_612_910,5,0,0.279949,0.258299,0.039686,0.114595,0.149995,0.099708,0.057769
2414_122_31_87,5,5,0.117833,0.158968,0.07916,0.025814,0.026365,0.555079,0.036781
2414_121_2142_2189,3,3,0.005053,0.004946,0.013777,0.910088,0.014461,0.029721,0.021954
2416_121_121_132,5,5,0.057532,0.122575,0.056054,0.026526,0.039905,0.628758,0.06865
2416_121_1159_1330,1,1,0.352715,0.479923,0.042367,0.021243,0.0849,0.012689,0.006161
2416_121_1552_1777,0,1,0.25414,0.552181,0.034235,0.019925,0.123236,0.008024,0.008259
2416_122_157_314,0,0,0.525569,0.390952,0.02252,0.003234,0.030138,0.020708,0.00688
2416_122_1346_1535,2,1,0.228298,0.458752,0.067554,0.015695,0.194002,0.022504,0.013195
2416_122_897_988,1,0,0.594034,0.342437,0.015212,0.00453,0.025053,0.013237,0.005497
2416_122_454_653,0,0,0.56139,0.332742,0.025616,0.003395,0.043879,0.025911,0.007067
2416_122_1049_1130,1,1,0.247583,0.476626,0.067143,0.021831,0.15326,0.014114,0.019442
2416_121_328_440,0,0,0.434958,0.273905,0.037693,0.051903,0.060481,0.09881,0.04225
2416_122_31_114,1,1,0.209167,0.251608,0.111092,0.025942,0.055505,0.240176,0.10651
2416_121_673_881,0,0,0.627211,0.293399,0.023488,0.008469,0.034441,0.010461,0.002532
2416_121_999_1028,1,1,0.371441,0.461377,0.031192,0.011511,0.061565,0.037232,0.025682
2428_121_1240_1340,3,3,0.003493,0.008541,0.016329,0.898661,0.013728,0.009127,0.050121
2428_122_823_1206,4,1,0.10688,0.459847,0.105729,0.027261,0.165051,0.024332,0.1109
2428_122_1604_1750,1,1,0.094242,0.491055,0.060636,0.006283,0.323921,0.007458,0.016406
2428_122_198_469,1,1,0.142782,0.545327,0.077773,0.003284,0.205852,0.015217,0.009765
2428_122_575_654,1,1,0.113689,0.605539,0.07333,0.010951,0.110572,0.026929,0.05899
2428_122_31_97,4,1,0.069902,0.45787,0.08817,0.020992,0.218095,0.014975,0.129996
2428_121_1472_1575,3,3,0.02847,0.063371,0.048046,0.689927,0.046174,0.006281,0.117732
2428_121_690_816,2,1,0.113118,0.341708,0.140879,0.024221,0.120866,0.179757,0.079451
2428_122_1379_1434,1,1,0.231376,0.523807,0.081757,0.00406,0.139263,0.009102,0.010636
2428_121_499_573,4,1,0.214502,0.418461,0.062106,0.014056,0.102437,0.154436,0.034002
2428_121_130_167,2,1,0.109579,0.398244,0.099201,0.011394,0.118195,0.202621,0.060766
2430_121_31_262,1,1,0.217497,0.501584,0.047742,0.054831,0.114713,0.031388,0.032245
2430_121_1269_1364,4,5,0.120025,0.27851,0.066395,0.01948,0.102939,0.351397,0.061254
2430_122_1126_1258,1,1,0.233878,0.473997,0.022906,0.056267,0.106578,0.022633,0.083741
2430_122_1382_1515,1,1,0.115597,0.408791,0.04601,0.121299,0.097364,0.021281,0.189657
2430_122_776_1011,1,1,0.370218,0.465031,0.027913,0.031283,0.046592,0.025888,0.033075
2430_121_584_761,4,1,0.296121,0.512355,0.033117,0.006502,0.120656,0.025156,0.006094
2430_122_426_577,1,1,0.158192,0.547209,0.089347,0.044354,0.091038,0.04785,0.022011
2430_121_343_423,4,0,0.511589,0.414468,0.013556,0.010122,0.02672,0.014931,0.008614
2430_121_1047_1098,1,1,0.189378,0.361229,0.068788,0.07764,0.10326,0.064903,0.134802
2430_122_277_307,4,1,0.194064,0.344571,0.076729,0.014852,0.043342,0.266229,0.060213
2437_121_31_131,3,5,0.043961,0.098956,0.118262,0.055955,0.088828,0.520887,0.073151
2437_121_1092_1304,3,3,0.108569,0.245868,0.057598,0.290823,0.123705,0.145087,0.028349
2437_121_244_447,5,5,0.036853,0.090636,0.059963,0.050197,0.2144,0.529241,0.018709
2437_122_1319_1561,5,1,0.10879,0.253511,0.111121,0.035096,0.230383,0.191641,0.069458
2437_121_913_989,3,1,0.207945,0.312213,0.085279,0.066664,0.09462,0.09835,0.13493
2437_122_145_226,3,1,0.210745,0.323536,0.074256,0.066952,0.103665,0.105336,0.115511
2437_121_565_651,3,1,0.10993,0.255454,0.07611,0.104505,0.172374,0.066502,0.215124
2437_122_1007_1070,3,1,0.218964,0.322218,0.11522,0.112282,0.069633,0.067071,0.094613
2437_122_457_543,3,1,0.208248,0.418938,0.094786,0.020625,0.140831,0.054503,0.062069
2437_122_673_891,3,1,0.225656,0.457713,0.047286,0.019545,0.158719,0.055651,0.03543
2437_122_1615_1650,1,1,0.122686,0.400057,0.143386,0.077328,0.166518,0.036659,0.053366
2437_121_1579_1605,1,1,0.417013,0.437693,0.036181,0.008166,0.036026,0.054234,0.010687
3042_154_1119_1499,0,1,0.385247,0.402543,0.023452,0.02788,0.111408,0.029229,0.020241
3042_154_234_375,3,5,0.102827,0.071722,0.012993,0.053845,0.024706,0.697039,0.036868
3042_154_923_993,4,1,0.071013,0.300576,0.078346,0.11776,0.120603,0.079911,0.231791
3042_154_495_669,3,0,0.306718,0.15664,0.025042,0.257028,0.043276,0.130784,0.080512
3042_154_31_102,3,0,0.536139,0.154009,0.039085,0.016968,0.03792,0.20465,0.011229
3042_153_719_920,1,5,0.234024,0.08313,0.046815,0.054241,0.046402,0.500512,0.034876
3042_153_1538_1628,1,1,0.165609,0.256283,0.072099,0.152814,0.221591,0.069752,0.061852
3046_154_31_139,6,0,0.345778,0.291046,0.031255,0.075386,0.064457,0.033391,0.158687
3046_153_1198_1348,0,0,0.878953,0.089179,0.003575,0.002447,0.007348,0.016483,0.002015
3046_154_1071_1184,1,0,0.821385,0.130783,0.005456,0.004842,0.011484,0.018557,0.007493
3046_154_211_288,6,0,0.324474,0.309769,0.051589,0.145464,0.041947,0.021173,0.105584
3046_154_1407_1518,0,1,0.18024,0.293018,0.046655,0.037181,0.086931,0.265758,0.090218
3046_153_883_1050,0,0,0.746777,0.145676,0.013863,0.007925,0.013545,0.058662,0.013553
3046_153_155_205,0,0,0.484225,0.255094,0.037283,0.057387,0.027351,0.092528,0.046133
3046_154_421_653,1,0,0.592229,0.280139,0.017823,0.029765,0.022002,0.028769,0.029274
3046_153_304_401,0,0,0.684134,0.156885,0.016861,0.026884,0.031871,0.060287,0.023078
3046_153_1524_1569,0,1,0.154593,0.337447,0.048716,0.07377,0.112015,0.038508,0.234951
3046_154_779_864,1,0,0.767899,0.123571,0.011069,0.013795,0.018774,0.051619,0.013272
3046_153_664_747,1,0,0.814041,0.11202,0.006454,0.008526,0.01075,0.040168,0.008041
3049_154_100_207,6,6,0.037419,0.120091,0.112424,0.191514,0.165176,0.122174,0.251201
3049_154_1270_1453,6,4,0.0393,0.058459,0.054241,0.336704,0.358134,0.035752,0.117409
3049_153_999_1261,3,3,0.033136,0.048408,0.078861,0.409118,0.258117,0.038493,0.133867
3049_153_1518_1701,4,4,0.019617,0.060171,0.225497,0.146814,0.339685,0.073576,0.13464
3049_153_219_360,4,3,0.012031,0.017667,0.072688,0.61343,0.12492,0.029722,0.129541
3049_154_1715_1861,6,3,0.07453,0.092989,0.054887,0.362703,0.086562,0.018267,0.310062
3049_154_737_987,3,3,0.079427,0.067008,0.023644,0.500035,0.21117,0.036726,0.08199
3049_153_558_733,4,3,0.00557,0.004908,0.016795,0.859401,0.057773,0.012403,0.04315
3049_154_379_544,3,3,0.050652,0.105544,0.097998,0.295198,0.245569,0.041102,0.163938
3049_153_31_89,3,5,0.028923,0.079284,0.163077,0.146002,0.220988,0.241074,0.120653
3049_153_1869_2000,4,3,0.01302,0.008991,0.065803,0.653362,0.084674,0.1552,0.01895
3056_154_122_181,6,6,0.020931,0.143527,0.203855,0.05887,0.125697,0.037461,0.40966
3056_153_1183_1457,1,6,0.059959,0.215544,0.173548,0.061252,0.180338,0.05906,0.2503
3056_153_1536_1685,6,6,0.009871,0.051414,0.106671,0.256553,0.055999,0.01297,0.506523
3056_153_200_313,3,3,0.013533,0.042069,0.048707,0.428044,0.037057,0.01862,0.411971
3056_153_1737_1821,3,3,0.01621,0.029236,0.031852,0.71992,0.043264,0.008546,0.150972
3056_154_1460_1530,1,6,0.024481,0.19784,0.089355,0.127291,0.208807,0.080497,0.271728
3056_153_509_1103,1,6,0.016199,0.032732,0.062509,0.378429,0.042607,0.014667,0.452857
3056_154_315_357,1,6,0.018116,0.052061,0.037179,0.19443,0.047991,0.014595,0.635629
3056_154_467_498,6,1,0.06083,0.246766,0.169201,0.044587,0.223915,0.181223,0.073478
3056_153_31_103,3,3,0.009297,0.010171,0.026883,0.636011,0.064577,0.032478,0.220583
3056_154_1847_1926,1,3,0.009908,0.030187,0.0353,0.553572,0.035323,0.011748,0.323962
3056_154_1121_1133,6,6,0.025729,0.111889,0.074801,0.126518,0.207092,0.014991,0.438981
3056_154_1703_1730,1,6,0.01507,0.082932,0.11161,0.089754,0.164471,0.02799,0.508174
3072_153_31_213,0,0,0.395025,0.117456,0.048221,0.099052,0.113835,0.182959,0.043451
3072_154_1281_1369,2,6,0.047863,0.100962,0.159477,0.245292,0.089169,0.019812,0.337425
3072_153_889_1262,0,0,0.78651,0.084005,0.014342,0.007343,0.03503,0.067809,0.004962
3072_154_249_273,4,2,0.020527,0.059902,0.523465,0.054899,0.23276,0.020221,0.088226
3072_154_589_664,4,2,0.018271,0.181048,0.438342,0.022482,0.148897,0.017341,0.17362
3072_153_333_447,0,0,0.766559,0.130247,0.023524,0.010695,0.036667,0.02694,0.005367
3072_154_465_499,4,2,0.019314,0.057546,0.523797,0.035748,0.242073,0.015916,0.105605
3072_154_770_863,3,6,0.019458,0.119554,0.156047,0.028184,0.062546,0.172073,0.442139
3331_167_31_160,3,5,0.103913,0.065387,0.087432,0.061125,0.050851,0.487348,0.143943
3331_167_1026_1342,5,5,0.063224,0.076424,0.063139,0.138881,0.090999,0.465436,0.101898
3331_167_2014_2084,0,5,0.09839,0.093119,0.122927,0.031603,0.058145,0.581495,0.014322
3331_168_914_1221,6,6,0.061227,0.133515,0.124532,0.124584,0.03862,0.106382,0.41114
3331_167_1679_1708,5,5,0.016697,0.040629,0.036138,0.032038,0.017965,0.812815,0.043718
3331_168_178_321,6,5,0.049881,0.154689,0.104113,0.034878,0.05572,0.479988,0.12073
3331_168_1725_1845,6,6,0.021983,0.113703,0.179837,0.101694,0.085604,0.044314,0.452866
3331_168_1385_1632,3,6,0.04827,0.114746,0.177393,0.246852,0.054442,0.089022,0.269275
3331_168_2025_2229,1,1,0.298211,0.556183,0.020543,0.019521,0.063771,0.025862,0.015909
3331_167_2245_2421,4,0,0.539483,0.169457,0.069774,0.00819,0.141671,0.066634,0.004792
3331_168_479_682,1,1,0.22202,0.461426,0.076162,0.021386,0.107404,0.042559,0.069043
3331_167_424_455,6,5,0.182518,0.178954,0.110483,0.032104,0.076833,0.338985,0.080123
3331_167_720_873,5,5,0.007445,0.007558,0.006412,0.254982,0.011267,0.692102,0.020235
3331_167_1894_1923,6,0,0.26417,0.200583,0.047001,0.237513,0.048108,0.032544,0.170081
3331_168_1934_1941,5,5,0.012038,0.02338,0.01478,0.00967,0.014323,0.897186,0.028624
3347_167_127_153,3,6,0.020437,0.019817,0.070343,0.325369,0.082695,0.048379,0.432961
3347_167_1268_1470,5,5,0.026875,0.055185,0.035759,0.138881,0.104447,0.364904,0.273949
3347_167_2032_2114,3,3,0.035504,0.058492,0.021661,0.484733,0.080173,0.193522,0.125915
3347_167_1671_1748,4,6,0.016899,0.050249,0.022259,0.21365,0.046854,0.015909,0.63418
3347_167_234_268,3,6,0.026636,0.038934,0.040717,0.119796,0.194268,0.033618,0.546031
3347_168_1769_1847,3,6,0.020486,0.060512,0.085896,0.357599,0.059708,0.053033,0.362766
3347_167_895_1161,5,6,0.059964,0.086027,0.16854,0.129938,0.095638,0.215022,0.244871
3347_168_175_217,5,6,0.039692,0.03976,0.053056,0.15454,0.052869,0.125725,0.534358
3347_168_565_701,3,3,0.035911,0.163732,0.053857,0.267437,0.266884,0.044065,0.168115
3347_168_414_463,3,1,0.077051,0.591976,0.040118,0.039268,0.187859,0.013526,0.050203
3347_168_1482_1643,5,4,0.030296,0.180758,0.089955,0.087244,0.256727,0.242985,0.112036
3347_168_812_883,0,1,0.17321,0.294171,0.080812,0.131429,0.133967,0.062265,0.124146
3347_167_1847_1969,1,5,0.02257,0.052478,0.024862,0.104116,0.045667,0.601965,0.148341
3347_168_1191_1249,5,5,0.009408,0.032093,0.025421,0.018503,0.015822,0.823718,0.075035
3347_167_711_789,4,4,0.070065,0.300148,0.035933,0.042886,0.312053,0.025548,0.213367
3347_167_480_544,3,1,0.0628,0.431621,0.024392,0.114358,0.27834,0.014224,0.074265
3347_167_339_371,3,6,0.034162,0.172439,0.067397,0.158398,0.112608,0.039114,0.415882
3347_168_304_324,5,6,0.027445,0.043314,0.029586,0.184723,0.025073,0.217889,0.471969
3347_168_1988_2012,5,6,0.029231,0.152022,0.041356,0.055415,0.070774,0.047544,0.603657
3360_167_1077_1387,2,0,0.607144,0.174736,0.080057,0.022983,0.060094,0.043255,0.011731
3360_168_234_299,6,1,0.187657,0.348616,0.156232,0.051618,0.093939,0.02466,0.137278
3360_168_1449_1528,1,1,0.078804,0.345551,0.135444,0.034022,0.309765,0.01612,0.080293
3360_168_832_1011,0,0,0.306387,0.206247,0.160892,0.036257,0.120862,0.051683,0.117673
3360_168_562_688,0,6,0.058504,0.191412,0.124004,0.060968,0.139197,0.021679,0.404236
3360_167_300_341,5,6,0.068664,0.222981,0.04881,0.108682,0.108068,0.0527,0.390095
3360_168_450_476,1,6,0.076114,0.161413,0.119519,0.044644,0.18769,0.169266,0.241354
3360_167_66_85,1,6,0.077605,0.209772,0.091245,0.09224,0.130066,0.077285,0.321787
3360_167_494_534,1,6,0.083855,0.23749,0.034474,0.082703,0.118876,0.015472,0.42713
3360_167_730_806,2,0,0.242504,0.238347,0.156853,0.040744,0.098461,0.139797,0.083295
3360_168_31_51,6,6,0.060462,0.068053,0.059904,0.148841,0.037722,0.166733,0.458286
3360_168_146_168,6,6,0.07607,0.080153,0.075246,0.070584,0.043191,0.312531,0.342225
3360_167_186_198,1,1,0.109438,0.318932,0.075198,0.086981,0.07766,0.066808,0.264984
3805_192_111_269,6,6,0.012948,0.099443,0.189475,0.193015,0.058576,0.091235,0.355308
3805_191_1261_1305,3,3,0.016114,0.021867,0.032329,0.427884,0.024993,0.1052,0.371613
3805_191_1674_1726,3,3,0.016932,0.015507,0.01201,0.802975,0.020367,0.119774,0.012435
3805_191_1416_1506,2,1,0.16901,0.231667,0.038738,0.168778,0.146061,0.171924,0.073821
3805_192_880_1126,6,6,0.018115,0.100727,0.044661,0.307237,0.089153,0.063427,0.376679
3805_192_1306_1409,6,3,0.006974,0.040341,0.101503,0.371099,0.038176,0.103507,0.338401
3805_192_536_670,1,5,0.034321,0.125102,0.055669,0.129386,0.059556,0.463683,0.132284
3805_191_1140_1181,3,5,0.008407,0.014153,0.015165,0.057807,0.010326,0.790404,0.103738
3805_192_1738_1794,3,3,0.063593,0.149629,0.170233,0.258605,0.057681,0.083367,0.216892
3805_192_321_395,6,5,0.052463,0.093621,0.081591,0.100131,0.053491,0.474679,0.144024
3805_191_408_530,2,1,0.079806,0.391335,0.069763,0.048222,0.186089,0.0534,0.171385
3805_191_31_110,4,5,0.071143,0.205001,0.099772,0.062362,0.137925,0.220449,0.203348
3805_192_1525_1658,3,3,0.014733,0.071555,0.054107,0.477023,0.04139,0.027025,0.314167
3805_191_682_856,6,5,0.017155,0.173473,0.073158,0.089784,0.189717,0.23178,0.224933
3805_192_1210_1246,3,5,0.010626,0.02131,0.020492,0.138166,0.01024,0.617185,0.181981
3805_191_271_321,0,5,0.012119,0.037217,0.027707,0.010026,0.013767,0.848247,0.050917
3812_192_31_210,0,5,0.207629,0.22663,0.055106,0.019536,0.051682,0.418184,0.021232
3812_191_1296_1437,4,2,0.011145,0.285018,0.338946,0.003583,0.330425,0.01518,0.015704
3812_192_1864_2194,4,4,0.087503,0.231639,0.16191,0.052992,0.32399,0.060708,0.081257
3812_192_905_1263,0,1,0.293201,0.362044,0.064639,0.023567,0.127854,0.089891,0.038805
3812_191_1606_1830,4,2,0.011184,0.172391,0.363705,0.010642,0.321929,0.03992,0.08023
3812_191_231_298,4,1,0.040847,0.633815,0.015707,0.01002,0.261083,0.007992,0.030535
3812_191_2216_2243,2,2,0.010819,0.212117,0.407144,0.002802,0.32973,0.019323,0.018064
3812_191_2578_2635,2,3,0.055334,0.185579,0.048971,0.409275,0.081103,0.061531,0.158206
3812_192_2260_2413,6,6,0.041392,0.149559,0.101913,0.262627,0.113634,0.02172,0.309155
3812_192_590_783,0,0,0.478723,0.385456,0.033217,0.006251,0.032017,0.049292,0.015044
3812_192_310_498,0,0,0.537059,0.33654,0.016896,0.006742,0.023597,0.070497,0.00867
3812_192_1488_1588,4,5,0.025761,0.117816,0.157319,0.030112,0.051578,0.531047,0.086366
3812_192_2491_2562,3,3,0.007628,0.020317,0.030604,0.583594,0.013594,0.00994,0.334323
3812_191_800_895,1,1,0.230318,0.473657,0.074757,0.025778,0.1042,0.020191,0.071098
3812_191_2444_2456,3,3,0.033081,0.083531,0.046877,0.567037,0.099398,0.047675,0.122401
3809_192_31_131,3,3,0.019237,0.033719,0.050865,0.563549,0.058097,0.092413,0.182119
3809_192_1138_1347,3,3,0.008548,0.019597,0.018808,0.786905,0.025064,0.011463,0.129615
3809_191_227_323,1,5,0.044174,0.15241,0.050983,0.031629,0.186764,0.433796,0.100244
3809_192_1416_1578,3,3,0.016329,0.032388,0.030351,0.76687,0.027698,0.023592,0.102771
3809_191_2492_2622,3,3,0.006436,0.004744,0.007919,0.908985,0.019874,0.025407,0.026635
3809_192_860_1080,6,6,0.021203,0.065341,0.071071,0.300376,0.212629,0.024482,0.304897
3809_191_1092_1118,5,5,0.011825,0.045874,0.096078,0.021594,0.04728,0.66738,0.10997
3809_192_1725_1827,3,3,0.004813,0.006785,0.012953,0.804594,0.006553,0.011153,0.15315
3809_192_449_655,4,6,0.006588,0.04221,0.116983,0.284411,0.094052,0.015732,0.440023
3809_192_2635_2707,3,3,0.007532,0.005935,0.009301,0.89872,0.013637,0.040789,0.024086
3809_192_2347_2482,3,3,0.004822,0.004286,0.010759,0.913588,0.007947,0.018779,0.03982
3809_191_1589_1722,3,6,0.034816,0.056163,0.036839,0.274894,0.05527,0.172561,0.369457
3809_191_2275_2322,3,3,0.013802,0.018607,0.01913,0.778962,0.0435,0.047848,0.07815
3809_192_2173_2265,3,3,0.008961,0.010257,0.027702,0.758732,0.018023,0.033402,0.142921
3809_191_1833_1911,2,2,0.006975,0.039824,0.36666,0.008633,0.331148,0.141733,0.105027
3809_191_2075_2170,2,6,0.045324,0.116243,0.071433,0.100561,0.149757,0.19234,0.324342
3809_191_660_860,1,5,0.128154,0.164498,0.040577,0.013492,0.068394,0.56353,0.021356
3809_191_1358_1415,3,6,0.023951,0.041384,0.034657,0.338016,0.036244,0.140319,0.385429
3809_192_1926_2059,3,6,0.012533,0.046072,0.041279,0.364905,0.053752,0.017773,0.463687
3809_191_342_449,2,5,0.042699,0.107813,0.048135,0.045111,0.046434,0.587483,0.122325
3809_192_323_342,3,3,0.037185,0.11829,0.058511,0.563568,0.046235,0.022832,0.153378
3819_191_31_132,1,5,0.009969,0.048287,0.125839,0.095998,0.115859,0.449502,0.154545
3819_192_1281_1374,1,3,0.033931,0.098143,0.045498,0.493854,0.086926,0.023354,0.218294
3819_192_2026_2129,3,3,0.007703,0.023638,0.023564,0.717237,0.026285,0.023601,0.177972
3819_191_1658_1695,1,5,0.021623,0.044723,0.019993,0.012455,0.020458,0.84093,0.039817
3819_191_210_437,4,3,0.01413,0.051104,0.036253,0.304507,0.301573,0.026295,0.266138
3819_192_1721_1867,4,6,0.014529,0.064033,0.071377,0.158921,0.103541,0.167031,0.420568
3819_191_1394_1498,6,3,0.006201,0.016092,0.008701,0.731365,0.022098,0.031267,0.184277
3819_192_939_989,1,5,0.013867,0.23506,0.200902,0.027658,0.055709,0.361067,0.105736
3819_192_441_649,1,3,0.010968,0.035556,0.06721,0.535988,0.034313,0.22324,0.092725
3819_192_1104_1180,2,2,0.017584,0.234611,0.334736,0.045955,0.15005,0.08031,0.136754
3819_192_144_197,1,5,0.026676,0.090972,0.034773,0.031931,0.026554,0.746487,0.042608
3819_191_1004_1053,1,5,0.018524,0.082486,0.062862,0.018629,0.0732,0.647841,0.096458
3819_192_1531_1650,5,5,0.00745,0.029522,0.042791,0.112418,0.037416,0.623562,0.146841
3819_191_1199_1261,1,1,0.27257,0.331373,0.037982,0.086826,0.05537,0.062432,0.153446
3819_191_1876_2011,3,3,0.013809,0.021139,0.008129,0.843857,0.043619,0.037693,0.031753
3819_191_668_713,1,5,0.02677,0.175589,0.159537,0.023914,0.125661,0.341301,0.147229
3819_191_835_925,1,1,0.083714,0.391841,0.05335,0.081552,0.073835,0.08377,0.231939
3819_192_725_815,6,6,0.009684,0.047033,0.047848,0.269902,0.043796,0.051839,0.529897
3826_192_101_128,1,5,0.05011,0.088679,0.042317,0.019199,0.01945,0.711999,0.068246
3826_191_1250_1388,3,3,0.007458,0.007074,0.005983,0.887287,0.043435,0.041408,0.007355
3826_191_2008_2130,3,3,0.013718,0.035611,0.033413,0.705097,0.060725,0.078048,0.073388
3826_192_1049_1247,1,3,0.065205,0.186767,0.072421,0.295664,0.113067,0.079017,0.187858
3826_192_1576_1710,2,1,0.109763,0.407142,0.089073,0.065924,0.078211,0.059968,0.189921
3826_191_148_301,5,3,0.05542,0.024633,0.032072,0.560945,0.08033,0.24,0.006599
3826_192_1806_1884,3,6,0.026851,0.074653,0.05511,0.334477,0.059071,0.014206,0.435632
3826_192_1402_1467,2,5,0.023972,0.061192,0.098733,0.112552,0.052282,0.340327,0.310942
3826_192_2133_2233,3,3,0.034752,0.17223,0.044584,0.361945,0.089165,0.09627,0.201055
3826_191_868_1033,4,1,0.16765,0.346504,0.086286,0.007403,0.338892,0.042398,0.010867
3826_191_469_728,2,5,0.048391,0.142176,0.055355,0.037049,0.248271,0.438005,0.030752
3826_191_1734_1779,2,2,0.007199,0.093626,0.443249,0.004341,0.403866,0.028538,0.019181
3826_191_31_88,5,5,0.035963,0.029856,0.025572,0.33642,0.047182,0.520058,0.004949
3826_192_400_450,1,5,0.230367,0.174195,0.044934,0.042551,0.025435,0.346482,0.136036
3826_191_1488_1568,2,5,0.004388,0.026055,0.038078,0.083172,0.048879,0.628602,0.170826
3826_192_738_848,1,0,0.472726,0.275192,0.02147,0.014843,0.034738,0.148037,0.032993
3826_191_1898_1942,3,3,0.00431,0.002472,0.005571,0.543683,0.012748,0.42619,0.005026
3826_191_350_385,3,3,0.045342,0.063048,0.053114,0.654001,0.0381,0.062052,0.084342
3826_192_1963_1998,3,3,0.065706,0.091611,0.036335,0.423995,0.062579,0.247048,0.072727
3826_192_305_328,6,5,0.04882,0.075594,0.035362,0.025521,0.022606,0.731667,0.060431
3829_191_31_137,6,5,0.01055,0.077606,0.149012,0.045024,0.144054,0.426429,0.147324
3829_191_1269_1309,0,1,0.108897,0.326248,0.03294,0.086072,0.163779,0.1024,0.179664
3829_191_2014_2070,0,5,0.092594,0.21633,0.088073,0.011632,0.128711,0.404256,0.058404
3829_192_1067_1269,1,3,0.092103,0.136662,0.027963,0.361548,0.05289,0.126188,0.202646
3829_192_1645_1700,1,1,0.209483,0.356618,0.032655,0.061889,0.053906,0.074839,0.210609
3829_192_140_266,1,5,0.022143,0.133524,0.036945,0.016064,0.028195,0.728005,0.035124
3829_191_1713_1952,4,1,0.122156,0.305494,0.02334,0.167257,0.180083,0.019828,0.181841
3829_192_1443_1549,1,1,0.119543,0.348712,0.059398,0.086446,0.085789,0.032239,0.267874
3829_192_2070_2329,1,1,0.318875,0.390021,0.038181,0.058298,0.065257,0.048497,0.08087
3829_192_874_971,1,5,0.276796,0.20241,0.026618,0.03246,0.031747,0.405919,0.02405
3829_192_1309_1374,1,5,0.073677,0.224796,0.042544,0.227363,0.125477,0.264651,0.041492
3829_192_451_692,1,5,0.01307,0.08771,0.063112,0.088735,0.047354,0.539523,0.160495
3829_191_2332_2442,4,4,0.020955,0.224222,0.070051,0.041561,0.531361,0.012284,0.099565
3829_191_266_451,6,1,0.062624,0.348437,0.070133,0.041108,0.089826,0.25606,0.131812
3829_191_978_1067,0,1,0.301083,0.359971,0.03429,0.03898,0.092897,0.149538,0.02324
3829_191_692_874,1,1,0.170218,0.502642,0.019911,0.016319,0.225703,0.019681,0.045526
3829_191_1563_1635,0,1,0.172062,0.394709,0.030232,0.067219,0.061751,0.037351,0.236676
3829_191_1374_1443,0,4,0.087311,0.350877,0.030323,0.020234,0.403495,0.058027,0.049732
3829_192_2442_2466,3,6,0.014255,0.054666,0.052367,0.223534,0.062972,0.044032,0.548174
3829_192_1952_2007,1,5,0.362519,0.158142,0.027654,0.01432,0.018649,0.369563,0.049153
3833_192_85_165,5,5,0.003001,0.007098,0.008415,0.010953,0.008862,0.932536,0.029135
3833_191_1248_1362,3,3,0.003554,0.003434,0.004524,0.938593,0.029975,0.012159,0.007762
3833_192_1031_1248,3,0,0.289449,0.25237,0.049241,0.214266,0.060431,0.097981,0.036263
3833_191_1528_1705,3,6,0.04583,0.075976,0.037306,0.317911,0.167633,0.034662,0.320683
3833_192_1721_1850,3,3,0.011511,0.023026,0.018221,0.838987,0.018868,0.031054,0.058333
3833_192_1371_1520,3,3,0.0151,0.014222,0.017099,0.754883,0.048893,0.132933,0.01687
3833_191_884_1023,3,6,0.040306,0.212723,0.066852,0.223087,0.175896,0.011848,0.269288
3833_191_193_239,4,4,0.033812,0.237121,0.109141,0.028362,0.355443,0.011644,0.224477
3833_191_388_735,4,4,0.0271,0.23681,0.161867,0.019217,0.364207,0.082513,0.108286
3833_192_294_373,3,3,0.014125,0.031656,0.024997,0.619752,0.034365,0.017508,0.257596
3833_191_31_85,0,6,0.030995,0.059088,0.220561,0.096982,0.245114,0.053706,0.293554
3833_192_735_884,3,5,0.012554,0.021144,0.021905,0.116127,0.035237,0.712358,0.080675
3833_191_1850_1954,3,3,0.01982,0.02577,0.034389,0.749998,0.027488,0.107304,0.035231
3833_192_1954_2027,3,3,0.002012,0.000973,0.001259,0.971707,0.011117,0.004966,0.007966
3837_192_2409_2561,3,3,0.024206,0.071945,0.021143,0.681046,0.066454,0.010035,0.125172
3837_191_31_380,3,3,0.009602,0.023632,0.031055,0.542208,0.070627,0.059528,0.263347
3837_192_1984_2285,3,3,0.020654,0.058669,0.04548,0.574077,0.085707,0.14806,0.067354
3837_191_1115_1291,0,1,0.148772,0.451107,0.038213,0.013312,0.224702,0.035609,0.088285
3837_192_1611_1746,3,3,0.01088,0.049685,0.166382,0.392129,0.058133,0.097195,0.225596
3837_191_1761_1968,3,4,0.01855,0.14851,0.095268,0.134039,0.327164,0.073394,0.203075
3837_192_1309_1486,1,3,0.018566,0.085775,0.039359,0.350806,0.126847,0.059893,0.318755
3837_191_927_991,3,3,0.024537,0.038436,0.011709,0.425845,0.202583,0.018762,0.278128
3837_191_2301_2384,1,1,0.097657,0.276402,0.03613,0.064872,0.216415,0.259001,0.049522
3837_192_584_688,3,3,0.014201,0.019221,0.013736,0.654361,0.08859,0.108405,0.101486
3837_192_999_1109,1,5,0.03483,0.047668,0.034577,0.070052,0.064317,0.637196,0.111361
3837_192_386_460,5,5,0.007213,0.011185,0.012571,0.255155,0.024385,0.65649,0.033001
3837_191_1509_1598,3,3,0.013657,0.014154,0.02596,0.593119,0.052668,0.054125,0.246317
3837_192_786_842,3,3,0.019093,0.021742,0.019033,0.714846,0.070765,0.066251,0.08827
3837_191_697_774,3,3,0.013899,0.024346,0.013358,0.808636,0.04776,0.041453,0.050548
3837_191_478_575,3,3,0.01186,0.018131,0.010644,0.806278,0.043179,0.058971,0.050938
3837_191_851_872,3,3,0.059759,0.116869,0.058511,0.257937,0.227556,0.06864,0.210728
3837_192_888_897,3,5,0.009775,0.029073,0.024859,0.043928,0.026222,0.73274,0.133402
3924_198_116_164,1,5,0.023992,0.070851,0.083965,0.008458,0.031709,0.731641,0.049384
3924_198_1124_1322,1,6,0.103411,0.236221,0.109765,0.133554,0.065759,0.057922,0.293367
3924_197_843_1000,6,6,0.045452,0.187378,0.085503,0.111961,0.078087,0.05569,0.43593
3924_197_189_251,1,4,0.040608,0.264884,0.173425,0.013505,0.283534,0.042242,0.181802
3924_197_1326_1357,6,6,0.02334,0.059205,0.046742,0.383747,0.049951,0.018642,0.418373
3924_198_471_598,1,5,0.059967,0.104078,0.049173,0.091718,0.025578,0.413215,0.256272
3924_197_1085_1111,6,6,0.029384,0.086741,0.053634,0.242129,0.04981,0.048751,0.489551
3924_198_298_397,0,0,0.443774,0.33924,0.057314,0.007574,0.042873,0.099041,0.010183
3924_198_1005_1083,1,5,0.028254,0.069739,0.063057,0.031596,0.020535,0.627748,0.159071
3924_197_31_115,0,1,0.047319,0.255432,0.241466,0.030761,0.120359,0.099803,0.204859
3924_197_602_630,0,6,0.036315,0.131875,0.080387,0.120531,0.069269,0.054141,0.507481
3924_197_405_451,1,6,0.050498,0.160033,0.110735,0.077477,0.058332,0.086091,0.456834
3924_198_651_843,1,1,0.370974,0.444832,0.036797,0.010594,0.062882,0.055823,0.018098
3926_197_31_143,2,3,0.018815,0.082626,0.153301,0.308875,0.10097,0.03703,0.298383
3926_198_1195_1523,4,6,0.043874,0.118875,0.033955,0.318117,0.100411,0.046624,0.338143
3926_198_1613_1713,6,6,0.0289,0.119115,0.034262,0.241001,0.142299,0.025187,0.409237
3926_198_1805_1836,3,3,0.020115,0.075846,0.034076,0.402055,0.044129,0.037964,0.385813
3926_197_930_998,3,3,0.006632,0.006861,0.029367,0.79551,0.01494,0.01629,0.130398
3926_198_167_254,1,6,0.016511,0.053047,0.040652,0.33398,0.041696,0.022255,0.491858
3926_197_538_614,5,5,0.021846,0.116318,0.094236,0.146867,0.063938,0.428408,0.128388
3926_198_1009_1132,4,3,0.042381,0.136008,0.015772,0.416935,0.161812,0.037442,0.18965
3926_197_1748_1798,1,1,0.050944,0.365227,0.051542,0.323126,0.12784,0.060582,0.020739
3926_197_269_362,3,3,0.01977,0.024897,0.042729,0.606129,0.044352,0.156574,0.105549
3926_198_635_694,6,6,0.016511,0.030431,0.049133,0.229684,0.0466,0.167047,0.460594
3926_198_370_512,4,5,0.027661,0.144578,0.148694,0.040775,0.180029,0.33657,0.121693
3926_198_791_918,3,3,0.01276,0.030969,0.018135,0.615374,0.060554,0.032114,0.230094
3926_197_709_772,3,3,0.017006,0.022973,0.041371,0.69283,0.044104,0.031065,0.150651
3926_197_1537_1598,4,1,0.028533,0.247653,0.177254,0.129848,0.228939,0.095277,0.092495
3926_197_1154_1182,5,5,0.011468,0.038585,0.025955,0.010883,0.018798,0.833319,0.060992
3929_198_1245_1434,2,5,0.104668,0.143294,0.062743,0.027968,0.069631,0.560789,0.030907
3929_198_1932_2168,1,1,0.135273,0.480453,0.088263,0.038524,0.149791,0.036016,0.071679
3929_197_1038_1228,4,4,0.026453,0.199886,0.136772,0.086699,0.278177,0.01809,0.253923
3929_198_1474_1709,1,4,0.121592,0.268956,0.056177,0.056962,0.359976,0.032171,0.104166
3929_198_139_296,6,3,0.014636,0.0407,0.022555,0.419665,0.095441,0.014655,0.392349
3929_197_1725_1921,4,4,0.064007,0.205026,0.111327,0.01897,0.412679,0.11652,0.07147
3929_198_946_1021,1,6,0.012596,0.022943,0.023844,0.345971,0.033083,0.182371,0.379192
3929_197_300_381,3,3,0.016058,0.053863,0.089161,0.449928,0.088119,0.006956,0.295916
3929_197_593_656,6,3,0.011216,0.027632,0.025213,0.598911,0.037249,0.010114,0.289665
3929_197_459_539,3,6,0.018167,0.05673,0.038555,0.357855,0.134278,0.013388,0.381026
3929_197_31_83,3,3,0.011822,0.016173,0.033343,0.75018,0.025473,0.017897,0.145113
3929_198_402_440,6,6,0.014688,0.019795,0.035821,0.120391,0.046274,0.216408,0.546623
3929_198_702_838,3,5,0.013791,0.075709,0.029676,0.276056,0.076155,0.459493,0.06912
3929_197_843_928,6,6,0.025136,0.138471,0.078139,0.291067,0.086468,0.072996,0.307724
3929_198_553_588,6,6,0.028283,0.03741,0.048757,0.063523,0.036157,0.246414,0.539456
3929_197_1440_1444,5,5,0.008794,0.021427,0.030336,0.038343,0.02881,0.790665,0.081626
3937_197_31_180,5,1,0.073123,0.381326,0.066419,0.011026,0.364077,0.063334,0.040695
3937_197_1207_1342,5,1,0.049907,0.342184,0.116332,0.048491,0.197597,0.091991,0.1535
3937_198_1103_1193,6,6,0.029716,0.133421,0.049113,0.169748,0.075554,0.115365,0.427082
3937_198_1624_1683,5,5,0.017898,0.025174,0.018563,0.187664,0.201547,0.449396,0.099758
3937_198_190_305,3,3,0.031468,0.16518,0.049443,0.304418,0.137689,0.07125,0.240553
3937_198_1820_1925,3,3,0.031633,0.052677,0.039636,0.348863,0.126593,0.25308,0.147518
3937_197_1383_1604,5,1,0.03506,0.204839,0.119322,0.03815,0.19354,0.204586,0.204502
3937_197_923_1091,5,3,0.025114,0.051751,0.043875,0.358053,0.075237,0.218291,0.227679
3937_197_581_733,3,3,0.038664,0.205792,0.058404,0.247397,0.139795,0.2134,0.096548
3937_197_1692_1785,5,6,0.018413,0.124704,0.098835,0.102911,0.177313,0.032472,0.445352
3937_197_309_406,5,1,0.040285,0.261123,0.126491,0.044863,0.145977,0.160919,0.220342
3937_198_419_578,3,6,0.033642,0.149088,0.074028,0.090897,0.122115,0.100165,0.430064
3937_198_736_910,3,6,0.028116,0.109078,0.069294,0.226423,0.176701,0.049784,0.340605
3937_198_1360_1373,5,5,0.017866,0.054324,0.046501,0.03184,0.040235,0.661121,0.148114
3939_197_31_222,1,1,0.02618,0.229938,0.100322,0.087251,0.210477,0.133697,0.212134
3939_197_1291_1355,3,5,0.038514,0.101237,0.063457,0.019645,0.09101,0.509503,0.176633
3939_198_1176_1288,4,6,0.073609,0.181661,0.039908,0.148784,0.053922,0.212262,0.289854
3939_197_1657_1695,1,1,0.07921,0.397893,0.033042,0.094448,0.12275,0.042509,0.230148
3939_198_251_411,0,6,0.026298,0.16738,0.057675,0.073715,0.129319,0.031879,0.513733
3939_197_1425_1475,5,5,0.112085,0.162482,0.02722,0.026266,0.028848,0.609507,0.033591
3939_198_824_1052,4,3,0.043886,0.221119,0.045453,0.249039,0.173495,0.10361,0.163397
3939_198_501_650,4,6,0.00902,0.07136,0.045524,0.112571,0.081642,0.035998,0.643885
3939_197_1063_1167,5,5,0.019227,0.081079,0.037345,0.012121,0.046471,0.767988,0.035769
3939_198_1716_1795,0,6,0.02398,0.109672,0.072621,0.135759,0.151295,0.165984,0.340689
3939_197_415_489,1,1,0.096059,0.570241,0.020422,0.01607,0.243659,0.010408,0.043142
3939_198_1497_1640,1,1,0.137285,0.422824,0.052058,0.043,0.141194,0.104186,0.099454
3939_197_666_780,1,4,0.043919,0.328469,0.012365,0.055192,0.490672,0.018172,0.051211
3939_198_1366_1413,4,6,0.018802,0.055324,0.049817,0.1104,0.081878,0.071691,0.612089
3944_198_120_280,3,6,0.0154,0.056919,0.085671,0.115809,0.10228,0.19672,0.427202
3944_197_1195_1331,3,3,0.024757,0.061957,0.059238,0.296133,0.220378,0.136647,0.200891
3944_198_1800_1966,3,3,0.031353,0.081718,0.055565,0.430512,0.03736,0.023647,0.339845
3944_198_1350_1660,3,6,0.040479,0.110874,0.14809,0.140121,0.116926,0.169749,0.273761
3944_197_919_1071,1,1,0.073215,0.506023,0.060593,0.014314,0.261298,0.015221,0.069336
3944_197_1680_1790,3,4,0.014098,0.060645,0.215179,0.110997,0.425368,0.032639,0.141075
3944_197_431_487,1,2,0.012505,0.203482,0.403637,0.022355,0.255288,0.017454,0.08528
3944_197_31_104,4,6,0.027813,0.079059,0.119668,0.092083,0.176613,0.120244,0.38452
3944_197_643_722,1,1,0.031696,0.5507,0.127419,0.025127,0.215703,0.01551,0.033845
3944_198_336_406,3,6,0.01515,0.05781,0.063925,0.322097,0.039551,0.13019,0.371277
3944_197_295_326,5,5,0.041776,0.08141,0.042161,0.057748,0.075573,0.511972,0.189361
3941_198_119_185,5,5,0.006207,0.013939,0.016015,0.01731,0.012622,0.875084,0.058822
3941_197_1102_1285,3,4,0.031274,0.192908,0.137198,0.173602,0.263311,0.022034,0.179672
3941_197_1649_1817,3,3,0.020987,0.130412,0.043518,0.365287,0.11496,0.026643,0.298193
3941_197_202_333,1,4,0.04697,0.235065,0.125027,0.042959,0.38856,0.059425,0.101993
3941_197_1372_1488,3,6,0.017919,0.079448,0.025384,0.263703,0.101195,0.010547,0.501804
3941_197_828_949,0,1,0.155388,0.564901,0.031685,0.025724,0.119709,0.024885,0.077707
3941_198_1303_1360,3,5,0.008545,0.015479,0.018366,0.099187,0.043053,0.707498,0.107871
3941_198_557_634,1,1,0.039627,0.305164,0.195938,0.044058,0.201387,0.066338,0.147489
3941_198_974_1090,0,2,0.017337,0.171838,0.349062,0.038989,0.163803,0.026008,0.232963
3941_197_442_529,1,6,0.024043,0.108551,0.051335,0.15927,0.209482,0.067389,0.37993
3941_197_31_100,4,6,0.040901,0.181468,0.111505,0.089466,0.187505,0.024856,0.364299
3941_198_1507_1631,3,3,0.022566,0.054946,0.028016,0.65246,0.071926,0.024956,0.14513
3941_197_655_730,1,4,0.021281,0.268406,0.088986,0.082673,0.349122,0.005879,0.183653
3941_198_352_435,4,5,0.008258,0.014829,0.033549,0.07745,0.081786,0.679604,0.104525
3941_198_747_818,4,6,0.020914,0.044997,0.045356,0.245986,0.056189,0.091519,0.495038
3941_198_1841_1867,0,3,0.010996,0.032674,0.01707,0.367524,0.22526,0.199397,0.147078
3943_198_81_192,3,5,0.021748,0.077038,0.039463,0.054593,0.038278,0.623576,0.145303
3943_197_1192_1327,3,6,0.014784,0.075563,0.122207,0.193651,0.086016,0.240295,0.267485
3943_197_1566_1704,3,3,0.012147,0.053109,0.06316,0.396572,0.105767,0.020087,0.349158
3943_197_216_329,1,1,0.034521,0.292828,0.109749,0.05857,0.268235,0.047106,0.188991
3943_198_1345_1562,3,3,0.010223,0.035089,0.034375,0.423834,0.047952,0.08533,0.363196
3943_198_770_939,3,6,0.019541,0.078111,0.124437,0.160791,0.057519,0.081905,0.477696
3943_197_940_1070,1,1,0.088082,0.603722,0.014655,0.066973,0.119687,0.010268,0.096613
3943_198_553_664,1,6,0.021887,0.124941,0.067486,0.200462,0.083456,0.032525,0.469242
3943_198_1083_1183,3,6,0.021996,0.08312,0.111005,0.230548,0.052216,0.047844,0.453272
3943_197_31_66,3,5,0.031305,0.125532,0.083497,0.009517,0.034515,0.612598,0.103036
3943_198_339_469,1,6,0.055563,0.142171,0.070226,0.178269,0.066651,0.148571,0.338548
3943_198_1714_1758,3,6,0.006868,0.026819,0.023106,0.331051,0.030545,0.037396,0.544215
3943_197_676_756,0,1,0.090491,0.561061,0.084867,0.010236,0.171098,0.037574,0.044672
3943_197_486_544,1,5,0.0195,0.110424,0.105765,0.059263,0.125576,0.452531,0.126941
3957_198_31_164,3,0,0.300197,0.196997,0.058376,0.139531,0.046793,0.160235,0.097871
3957_197_1251_1471,4,1,0.101509,0.563666,0.019804,0.042124,0.182253,0.012589,0.078057
3957_198_1887_2099,3,3,0.046498,0.097821,0.029335,0.522195,0.136074,0.072906,0.095171
3957_198_1055_1236,1,3,0.098003,0.116963,0.036231,0.383167,0.075258,0.137649,0.152729
3957_197_1613_1850,1,3,0.065405,0.196356,0.094853,0.240071,0.140828,0.193746,0.068741
3957_197_185_409,1,3,0.147358,0.268337,0.062279,0.299297,0.059048,0.053187,0.110494
3957_197_729_1034,4,4,0.064344,0.32119,0.117942,0.02366,0.377149,0.026381,0.069334
3957_198_2260_2319,1,5,0.086935,0.186522,0.11539,0.037038,0.207988,0.230325,0.135803
3957_197_473_649,1,1,0.11673,0.415899,0.073323,0.105175,0.195258,0.022819,0.070797
3957_198_424_454,3,3,0.055443,0.109987,0.045229,0.596603,0.027936,0.081855,0.082947
3957_198_1500_1597,1,1,0.126717,0.400657,0.043902,0.088829,0.101185,0.03858,0.200131
3957_198_679_719,3,6,0.030248,0.080031,0.081188,0.091711,0.063713,0.311372,0.341737
3957_197_2128_2203,1,1,0.11909,0.60708,0.014871,0.052483,0.15832,0.015681,0.032474
3950_197_31_176,2,2,0.021427,0.06936,0.365768,0.09546,0.170624,0.037836,0.239526
3950_198_1202_1339,6,5,0.016113,0.097113,0.096482,0.053473,0.035592,0.363185,0.338041
3950_198_1882_2052,6,6,0.030062,0.103345,0.052412,0.119069,0.034765,0.074284,0.586064
3950_197_1071_1190,6,5,0.022961,0.088294,0.173454,0.05158,0.261942,0.271182,0.130586
3950_198_205_255,1,6,0.033843,0.113882,0.049883,0.041682,0.055013,0.321835,0.383862
3950_197_1791_1850,6,3,0.071976,0.224908,0.060323,0.403519,0.086443,0.073207,0.079624
3950_198_1461_1573,6,6,0.065319,0.18374,0.085811,0.040471,0.032544,0.174361,0.417754
3950_198_2170_2326,6,6,0.018444,0.077328,0.045754,0.106748,0.023969,0.049925,0.677832
3950_197_846_936,4,6,0.022384,0.104467,0.057762,0.239676,0.111785,0.013174,0.450752
3950_198_1717_1767,1,5,0.049894,0.137188,0.081291,0.057663,0.053009,0.419983,0.200972
3950_197_304_413,4,6,0.024762,0.199651,0.213547,0.06133,0.160044,0.017847,0.322819
3950_197_611_675,4,4,0.030673,0.20208,0.180473,0.017898,0.41786,0.021594,0.129422
3950_198_963_1048,1,6,0.025409,0.095255,0.098243,0.134244,0.049712,0.159356,0.437782
3950_198_431_572,1,2,0.015267,0.140813,0.348668,0.008561,0.152171,0.073304,0.261216
3950_197_2076_2144,5,5,0.015536,0.095883,0.192129,0.049147,0.167075,0.314816,0.165413
3950_198_719_795,6,6,0.04722,0.150445,0.093887,0.132253,0.124019,0.04693,0.405247
3950_197_1367_1444,5,5,0.014379,0.060898,0.047638,0.037913,0.043614,0.649444,0.146113
3950_197_2381_2396,4,4,0.02033,0.185212,0.195968,0.024027,0.402191,0.0189,0.153372
3950_197_1659_1670,1,6,0.01671,0.079354,0.06798,0.095626,0.135277,0.015116,0.589938
3964_199_31_252,3,3,0.012786,0.007859,0.045908,0.692825,0.037112,0.156161,0.047349
3964_199_1258_1451,3,3,0.038926,0.058928,0.052866,0.477904,0.185747,0.141342,0.044287
3964_200_1071_1229,0,0,0.528306,0.207619,0.027544,0.046165,0.084223,0.071071,0.035072
3964_199_1654_1717,1,3,0.02791,0.150164,0.193821,0.263471,0.223627,0.074051,0.066957
3964_200_1745_1894,0,0,0.595187,0.30132,0.011412,0.028533,0.039565,0.012214,0.011769
3964_200_1461_1632,0,0,0.547944,0.368437,0.00727,0.011877,0.038368,0.014822,0.011282
3964_200_741_929,1,1,0.173637,0.388113,0.102097,0.047601,0.114925,0.027119,0.146508
3964_200_541_653,1,1,0.373997,0.480006,0.039503,0.006186,0.035763,0.020958,0.043586
3964_200_284_341,5,5,0.032666,0.07017,0.044913,0.198626,0.036381,0.423502,0.193741
3964_199_954_1046,3,2,0.035862,0.165538,0.21283,0.194457,0.132354,0.197785,0.061172
3964_199_454_518,3,3,0.016037,0.024801,0.072872,0.623926,0.029551,0.092572,0.140242
3964_199_346_400,3,3,0.024271,0.028567,0.039762,0.595087,0.034506,0.130328,0.147479
3964_200_410_433,6,6,0.034635,0.24977,0.064215,0.051268,0.226139,0.027711,0.346263
3964_199_674_691,5,5,0.005603,0.012149,0.014142,0.02588,0.011057,0.900802,0.030367
3976_199_1105_1189,3,3,0.015064,0.027788,0.030583,0.594016,0.047074,0.08567,0.199804
3976_199_183_322,3,1,0.058214,0.270962,0.068928,0.214831,0.231145,0.019127,0.136792
3976_199_940_1014,4,3,0.04895,0.060075,0.04271,0.329964,0.192007,0.084913,0.241381
3976_200_1318_1365,3,3,0.008622,0.010167,0.007749,0.801049,0.032069,0.048776,0.091568
3976_199_485_657,4,4,0.009302,0.092003,0.222924,0.066072,0.505394,0.020913,0.083393
3976_200_1035_1070,4,4,0.054834,0.257267,0.017233,0.073894,0.296995,0.012498,0.287279
3976_199_31_114,3,5,0.016605,0.055756,0.084922,0.136695,0.068088,0.40042,0.237513
3976_200_345_456,1,6,0.036538,0.199392,0.02617,0.164315,0.179873,0.030116,0.363596
3976_199_786_856,4,4,0.030392,0.213457,0.062658,0.131741,0.30504,0.032323,0.22439
3976_200_682_755,1,3,0.0285,0.088993,0.019563,0.56006,0.109518,0.025944,0.167421
3976_199_1259_1292,3,1,0.06006,0.399542,0.070764,0.214415,0.142969,0.044832,0.067417
3976_200_869_907,4,4,0.065025,0.316608,0.05741,0.026243,0.337015,0.022088,0.175611
3976_200_1208_1247,5,3,0.009766,0.026639,0.013191,0.686801,0.052697,0.034039,0.176868
3976_200_133_173,4,6,0.037817,0.1293,0.03215,0.042034,0.059755,0.022914,0.67603
3980_200_1262_1368,5,5,0.006151,0.01558,0.019278,0.008025,0.016596,0.920998,0.013373
3980_199_1157_1248,4,2,0.011888,0.087458,0.295962,0.070317,0.243902,0.103683,0.18679
3980_199_1675_1741,3,3,0.020724,0.046043,0.042916,0.524658,0.248403,0.038544,0.078712
3980_200_1760_1862,4,4,0.058931,0.345675,0.02724,0.027107,0.475761,0.036076,0.029209
3980_199_1395_1474,4,1,0.032356,0.24999,0.104596,0.189055,0.247981,0.083066,0.092955
3980_199_867_949,4,1,0.088549,0.419269,0.055756,0.083546,0.239206,0.044032,0.069643
3980_200_138_249,1,6,0.037765,0.163899,0.072183,0.016001,0.239006,0.027925,0.443221
3980_200_965_1135,1,5,0.106588,0.119436,0.056292,0.161446,0.116505,0.260732,0.179
3980_199_261_415,6,5,0.015822,0.031426,0.058027,0.102123,0.160385,0.561733,0.070483
3980_199_602_740,6,3,0.008945,0.006774,0.008306,0.797548,0.0843,0.040419,0.053708
3980_200_436_586,3,3,0.025991,0.039886,0.036986,0.472773,0.168776,0.144065,0.111522
3980_199_31_106,4,2,0.009848,0.050605,0.290373,0.038766,0.172381,0.226241,0.211787
3980_200_760_856,1,3,0.033688,0.05456,0.010877,0.745222,0.039748,0.029049,0.086855
3980_199_1877_1995,3,4,0.031822,0.129193,0.08168,0.295048,0.307748,0.028436,0.126072
3980_200_1571_1653,4,6,0.029555,0.04101,0.036731,0.169741,0.040673,0.292123,0.390167
3982_199_2482_2656,3,3,0.021348,0.069541,0.039204,0.432439,0.321831,0.077802,0.037835
3982_200_79_146,5,5,0.007809,0.021709,0.02856,0.022906,0.018852,0.871954,0.02821
3982_200_1168_1405,4,4,0.018196,0.091262,0.040837,0.019845,0.695449,0.013086,0.121325
3982_199_204_333,4,4,0.058691,0.221043,0.152942,0.035994,0.339236,0.083742,0.108352
3982_200_2723_2790,3,3,0.015904,0.039244,0.046431,0.741549,0.085973,0.028858,0.04204
3982_199_1443_1498,5,5,0.005429,0.016316,0.021938,0.112234,0.017792,0.532897,0.293395
3982_200_824_979,4,4,0.008213,0.056545,0.143637,0.016593,0.70409,0.035093,0.035829
3982_200_1953_2170,4,4,0.046883,0.288527,0.053639,0.008117,0.528558,0.007485,0.06679
3982_199_1004_1129,5,5,0.013087,0.041064,0.08974,0.069582,0.26187,0.359208,0.16545
3982_200_1760_1831,4,6,0.040606,0.190989,0.015341,0.166522,0.14366,0.016754,0.426127
3982_200_353_650,4,1,0.238761,0.425492,0.042998,0.004978,0.256263,0.018532,0.012976
3982_199_1559_1715,4,5,0.021018,0.048338,0.034913,0.279712,0.098625,0.415958,0.101437
3982_200_1505_1530,4,4,0.023561,0.234381,0.064934,0.018552,0.545752,0.009398,0.103421
3982_199_672_774,3,3,0.016265,0.093582,0.023689,0.543214,0.081226,0.012567,0.229458
3982_199_1852_1878,4,6,0.017408,0.026486,0.062552,0.092983,0.035391,0.371366,0.393814
3982_199_2216_2267,4,4,0.016075,0.039189,0.053124,0.19542,0.448313,0.064302,0.183577
3982_200_2318_2449,4,4,0.036516,0.149884,0.088693,0.024461,0.523947,0.016737,0.159762
3990_199_31_182,1,5,0.122717,0.198528,0.096937,0.064857,0.132592,0.314932,0.069437
3990_200_1198_1343,1,3,0.090374,0.174635,0.056602,0.411036,0.064304,0.021089,0.18196
3990_199_1082_1192,1,1,0.098342,0.289243,0.096329,0.10485,0.175134,0.106304,0.129799
3990_200_1504_1729,0,0,0.573026,0.181228,0.049362,0.032847,0.061697,0.081413,0.020426
3990_200_205_387,1,5,0.116366,0.200527,0.048586,0.019921,0.041701,0.520906,0.051992
3990_199_1738_1813,1,3,0.039003,0.106795,0.092828,0.226116,0.123349,0.19455,0.217359
3990_199_1355_1473,1,1,0.142405,0.392233,0.039879,0.018408,0.33736,0.03514,0.034575
3990_199_833_933,1,1,0.106828,0.377902,0.05165,0.053972,0.172259,0.079252,0.158138
3990_200_951_1060,0,0,0.32624,0.32076,0.065765,0.09232,0.054482,0.028535,0.111899
3990_200_547_622,0,0,0.211315,0.194977,0.029831,0.204833,0.114696,0.176565,0.067784
3990_199_636_684,1,1,0.210682,0.356639,0.054517,0.044608,0.11284,0.086612,0.134102
3990_199_395_535,1,5,0.010278,0.041414,0.045871,0.038695,0.048162,0.735597,0.079982
3990_200_1827_1965,0,0,0.416338,0.389112,0.024833,0.028243,0.028309,0.098868,0.014298
3990_200_690_821,1,0,0.413896,0.171252,0.06478,0.034223,0.069741,0.20963,0.036477
3998_199_2435_2589,3,3,0.017599,0.044146,0.042193,0.530475,0.097458,0.088366,0.179764
3998_199_31_138,3,3,0.031974,0.105546,0.073767,0.3637,0.1801,0.075148,0.169764
3998_199_1934_2210,2,3,0.02062,0.023219,0.100701,0.499706,0.176548,0.079947,0.099258
3998_199_1069_1276,3,3,0.020732,0.022902,0.178917,0.414532,0.072507,0.108507,0.181903
3998_199_1588_1753,1,5,0.017868,0.045984,0.056593,0.189677,0.152945,0.427815,0.109118
3998_200_160_422,3,3,0.021108,0.056254,0.037109,0.338652,0.230143,0.084394,0.232339
3998_200_1304_1548,6,5,0.016176,0.075028,0.088612,0.033495,0.140083,0.542497,0.104109
3998_200_659_940,1,1,0.10411,0.264623,0.031087,0.260391,0.219394,0.052336,0.06806
3998_199_951_1017,3,3,0.039048,0.10592,0.096139,0.425201,0.100764,0.14347,0.089458
3998_200_2245_2425,3,3,0.031488,0.051897,0.035747,0.515029,0.047616,0.212137,0.106087
3998_199_448_643,3,3,0.007728,0.007524,0.007357,0.872283,0.065788,0.033878,0.005443
3998_200_1836_1906,3,3,0.036371,0.064024,0.12432,0.44995,0.076877,0.204662,0.043796
3998_200_1040_1054,5,5,0.007411,0.019635,0.022278,0.031141,0.021768,0.796057,0.10171
4327_217_31_235,0,0,0.77041,0.115444,0.013685,0.013432,0.026334,0.053632,0.007061
4327_217_1116_1449,1,1,0.292666,0.322677,0.078781,0.018682,0.060042,0.17748,0.049673
4327_218_1575_1800,0,0,0.59165,0.277944,0.039253,0.014335,0.041646,0.022409,0.012762
4327_217_705_972,1,0,0.414083,0.298137,0.04017,0.026009,0.041463,0.13748,0.042658
4327_217_554_617,1,1,0.339861,0.388943,0.024386,0.072297,0.041984,0.060645,0.071883
4327_218_286_409,0,0,0.662128,0.129923,0.013697,0.006719,0.014315,0.165926,0.007293
4327_217_433_482,1,1,0.309862,0.586287,0.01455,0.010324,0.047044,0.01375,0.018182
4327_218_657_682,5,5,0.124934,0.114808,0.045411,0.019349,0.024666,0.602347,0.068484
4327_218_1047_1089,0,0,0.499902,0.259584,0.05788,0.033102,0.045397,0.083651,0.020485
4327_218_492_507,5,5,0.029733,0.089167,0.149939,0.01341,0.070747,0.505896,0.141107
4330_218_109_237,1,5,0.287544,0.13559,0.056299,0.018493,0.022453,0.439686,0.039935
4330_217_1125_1370,2,4,0.010322,0.090528,0.187292,0.010764,0.356857,0.069524,0.274712
4330_217_1522_1684,6,6,0.01677,0.103231,0.215675,0.028463,0.254176,0.100012,0.281673
4330_218_1749_1933,1,0,0.519657,0.333948,0.033545,0.005333,0.024206,0.07106,0.01225
4330_218_1409_1486,1,5,0.098095,0.260613,0.106487,0.029959,0.054301,0.282943,0.1676
4330_217_822_964,2,1,0.100971,0.393068,0.083988,0.022187,0.247841,0.047909,0.104036
4330_217_394_643,6,1,0.040232,0.258102,0.083816,0.089932,0.096117,0.209385,0.222416
4330_218_997_1096,1,0,0.513489,0.254316,0.03932,0.012068,0.036562,0.100452,0.043793
4330_217_31_75,6,6,0.053179,0.101154,0.042568,0.202081,0.048586,0.026259,0.526173
4330_218_682_796,1,1,0.28394,0.40151,0.072366,0.079689,0.057665,0.068927,0.035903
4330_218_342_372,1,5,0.104386,0.206519,0.097589,0.028588,0.041395,0.393911,0.127612
4330_217_1979_2016,0,0,0.723791,0.157802,0.012466,0.007749,0.017786,0.065042,0.015364
4330_217_267_318,5,1,0.161877,0.454168,0.061986,0.037833,0.094437,0.099881,0.089819
4342_218_110_218,1,5,0.171622,0.14678,0.03584,0.01101,0.025202,0.599391,0.010154
4342_218_1175_1321,1,0,0.445899,0.411317,0.020016,0.038147,0.021161,0.045286,0.018174
4342_217_1565_1719,3,3,0.03048,0.046514,0.025795,0.625524,0.024464,0.077959,0.169263
4342_217_218_335,1,3,0.012175,0.02537,0.083041,0.357033,0.138442,0.090238,0.2937
4342_218_1719_1869,1,5,0.074745,0.268565,0.056706,0.044927,0.033298,0.494752,0.027009
4342_218_1436_1565,1,5,0.051959,0.250298,0.160959,0.065807,0.072065,0.268503,0.130408
4342_218_854_952,1,0,0.660645,0.063129,0.010475,0.004192,0.018664,0.238174,0.00472
4342_217_1321_1436,1,1,0.278928,0.300427,0.01583,0.146338,0.05189,0.156993,0.049594
4342_218_557_757,1,0,0.688161,0.173496,0.013799,0.017018,0.024419,0.073381,0.009727
4342_217_952_1175,1,1,0.352358,0.475784,0.016668,0.025726,0.05707,0.034577,0.037818
4342_217_414_557,4,5,0.018834,0.100506,0.060582,0.237919,0.090981,0.296164,0.195013
4342_217_31_110,3,3,0.014347,0.026111,0.054294,0.711608,0.073967,0.019573,0.100101
4342_217_757_854,1,0,0.694895,0.169333,0.019721,0.014768,0.039889,0.046896,0.014498
4342_218_335_414,1,5,0.009439,0.017964,0.010483,0.005966,0.006315,0.943108,0.006726
4347_217_82_142,1,5,0.039778,0.257516,0.132919,0.014726,0.103568,0.321399,0.130094
4347_218_1217_1317,5,0,0.384244,0.250424,0.02868,0.011762,0.033461,0.267841,0.023587
4347_217_1014_1217,1,0,0.572019,0.227317,0.009719,0.005814,0.023657,0.155388,0.006085
4347_218_1657_1794,3,3,0.112529,0.253649,0.064798,0.261066,0.048558,0.120581,0.13882
4347_217_225_380,5,5,0.017582,0.056153,0.034343,0.218567,0.037683,0.450781,0.184889
4347_217_1794_1836,3,3,0.025845,0.066129,0.050147,0.591578,0.032021,0.072176,0.162103
4347_217_1317_1521,1,0,0.643286,0.238234,0.01485,0.006379,0.032685,0.057773,0.006793
4347_218_878_1014,5,5,0.036535,0.027606,0.012497,0.009034,0.022044,0.882578,0.009707
4347_218_142_225,5,6,0.077763,0.121216,0.051808,0.192056,0.030341,0.202808,0.324009
4347_218_380_609,3,3,0.034988,0.089961,0.056636,0.494497,0.0473,0.189548,0.087071
4347_217_609_688,5,5,0.015959,0.021856,0.012107,0.026931,0.01609,0.839795,0.067263
4347_218_31_82,3,0,0.261627,0.121236,0.040008,0.094729,0.028456,0.225491,0.228454
4347_217_803_878,1,5,0.022004,0.115352,0.060197,0.11987,0.058178,0.46056,0.16384
4347_218_735_803,3,3,0.011666,0.016324,0.027539,0.815473,0.028272,0.053671,0.047056
4353_218_105_248,5,5,0.016575,0.080396,0.092468,0.044475,0.031239,0.688714,0.046133
4353_217_1182_1390,1,6,0.031781,0.219147,0.132365,0.085345,0.091477,0.080423,0.359462
4353_218_1580_1775,3,1,0.323021,0.350871,0.032164,0.024793,0.026463,0.223615,0.019074
4353_217_1800_1870,3,6,0.039108,0.113223,0.131975,0.151036,0.053271,0.051699,0.459689
4353_217_2127_2301,0,1,0.130608,0.305326,0.071455,0.128632,0.07423,0.049429,0.240321
4353_217_858_1004,0,1,0.35455,0.484266,0.02539,0.017641,0.066044,0.030338,0.021771
4353_218_474_639,1,3,0.039523,0.113811,0.187828,0.398697,0.054281,0.163388,0.042472
4353_218_1060_1161,1,5,0.067321,0.098261,0.025162,0.08263,0.013221,0.695205,0.018201
4353_217_271_451,1,4,0.054279,0.238334,0.209101,0.034434,0.316821,0.065378,0.081652
4353_217_31_94,3,6,0.020064,0.05147,0.203387,0.170477,0.149705,0.106842,0.298054
4353_217_1487_1526,1,5,0.066323,0.097214,0.073242,0.132026,0.034398,0.32097,0.275828
4353_218_765_833,0,1,0.09679,0.383707,0.133556,0.162434,0.094073,0.073908,0.055532
4353_217_656_743,3,1,0.062049,0.287776,0.108696,0.091884,0.172961,0.176636,0.099998
4353_218_1902_1979,1,0,0.509487,0.218204,0.02743,0.003669,0.039777,0.195342,0.006091
4353_218_1422_1442,5,0,0.404695,0.281591,0.029873,0.013341,0.021491,0.218571,0.030438
4353_217_1998_2043,0,5,0.129691,0.238672,0.098468,0.034394,0.07327,0.328654,0.09685
4353_218_2071_2096,1,2,0.046008,0.238166,0.28025,0.025103,0.216361,0.115166,0.078947
4356_218_95_191,3,5,0.005196,0.01123,0.019726,0.271488,0.02705,0.611302,0.054007
4356_218_1256_1565,1,4,0.031312,0.237061,0.101726,0.072419,0.283337,0.054849,0.219295
4356_217_2035_2078,6,5,0.009188,0.046878,0.061281,0.071225,0.039861,0.578848,0.192719
4356_217_1033_1193,5,5,0.026038,0.107795,0.067454,0.120299,0.048951,0.539564,0.0899
4356_217_1581_1696,5,5,0.027928,0.069932,0.011019,0.177488,0.022516,0.676852,0.014266
4356_217_203_261,2,2,0.012543,0.078483,0.442006,0.061295,0.121186,0.035245,0.249243
4356_218_1724_2024,1,0,0.467188,0.296908,0.028839,0.021667,0.03966,0.123087,0.022652
4356_218_2109_2299,1,1,0.080042,0.283733,0.066681,0.062208,0.070519,0.192107,0.24471
4356_218_2503_2673,1,3,0.051544,0.216348,0.062755,0.28087,0.043138,0.111664,0.23368
4356_218_898_1010,4,2,0.037933,0.157979,0.247216,0.034969,0.207499,0.175353,0.13905
4356_217_532_855,6,5,0.033307,0.102994,0.071526,0.089476,0.103589,0.462541,0.136568
4356_217_302_365,6,5,0.020095,0.067579,0.058767,0.055537,0.041225,0.47151,0.285288
4356_218_403_510,5,5,0.034461,0.058098,0.039664,0.020608,0.036427,0.782557,0.028186
4356_217_31_63,2,6,0.00877,0.014616,0.10677,0.283426,0.066792,0.017919,0.501706
4356_217_2348_2468,3,4,0.012466,0.169883,0.199314,0.04078,0.398992,0.018728,0.159836
4356_218_275_287,6,6,0.016299,0.04586,0.053686,0.077717,0.109982,0.341136,0.355319
4481_225_1218_1312,5,5,0.007231,0.012839,0.018168,0.05755,0.017703,0.806799,0.079709
4481_226_1114_1197,3,3,0.008123,0.024753,0.030791,0.515604,0.014264,0.029692,0.376774
4481_226_799_1047,1,6,0.012209,0.049266,0.042642,0.24886,0.117224,0.220637,0.309161
4481_226_133_239,3,6,0.024348,0.082792,0.029993,0.306085,0.033758,0.030495,0.492528
4481_226_1336_1448,3,3,0.004945,0.018548,0.013244,0.571614,0.011232,0.014863,0.365554
4481_225_320_373,5,6,0.032813,0.057272,0.127557,0.190325,0.092632,0.137223,0.362178
4481_225_605_654,6,5,0.028234,0.144729,0.162261,0.048061,0.102266,0.279741,0.234708
4481_226_391_591,3,6,0.009061,0.035924,0.029679,0.342739,0.025978,0.141631,0.414987
4481_225_31_94,2,4,0.023772,0.098967,0.14507,0.049813,0.456205,0.036517,0.189657
4481_226_1520_1556,3,0,0.33616,0.182699,0.02828,0.065412,0.021819,0.257084,0.108546
4481_225_1481_1515,6,6,0.045376,0.113806,0.052356,0.218183,0.044745,0.063452,0.462082
4481_226_667_746,5,5,0.04536,0.127753,0.074062,0.050387,0.046112,0.44186,0.214466
4481_225_1560_1627,3,6,0.007754,0.012967,0.028739,0.307372,0.041371,0.02142,0.580378
4481_225_760_794,6,6,0.025636,0.03321,0.054402,0.220963,0.099081,0.152176,0.414533
4481_225_1055_1103,5,6,0.020516,0.061478,0.111752,0.06366,0.063349,0.33147,0.347776
4489_225_31_150,6,5,0.10353,0.083561,0.03337,0.023759,0.060781,0.613709,0.08129
4489_225_1239_1321,3,4,0.12208,0.162426,0.101277,0.036052,0.221291,0.150225,0.206648
4489_226_1131_1208,1,5,0.014675,0.013764,0.009015,0.006393,0.009208,0.932478,0.014468
4489_226_171_366,1,5,0.02717,0.061484,0.049988,0.156214,0.104376,0.446555,0.154214
4489_225_887_968,5,5,0.008811,0.012838,0.013729,0.014084,0.027535,0.902224,0.020779
4489_226_1340_1408,3,1,0.255963,0.385206,0.03058,0.103691,0.106947,0.044256,0.073356
4489_226_472_618,4,6,0.017097,0.055238,0.053313,0.059,0.131587,0.241716,0.442049
4489_225_1075_1123,3,3,0.070616,0.191394,0.072907,0.283911,0.066071,0.146576,0.168526
4489_225_625_647,5,5,0.012843,0.021064,0.01379,0.015695,0.013442,0.860117,0.063049
4489_226_981_1051,3,3,0.062308,0.139806,0.09227,0.290777,0.07452,0.108656,0.231663
4489_226_776_878,1,1,0.263437,0.281564,0.08578,0.080579,0.100578,0.099061,0.089002
4489_226_659_710,3,5,0.014736,0.027251,0.041784,0.116579,0.067243,0.589899,0.142508
4489_225_715_764,5,5,0.033116,0.045801,0.058487,0.034396,0.064482,0.655444,0.108274
4489_225_368_406,5,5,0.008564,0.021762,0.026909,0.011987,0.033514,0.834537,0.062727
4491_226_904_1365,1,1,0.03716,0.30414,0.099909,0.077172,0.270987,0.060069,0.150562
4491_225_219_278,1,6,0.008318,0.03548,0.091699,0.208922,0.101375,0.171614,0.382592
4491_226_1454_1638,2,3,0.013465,0.03465,0.05763,0.562318,0.055362,0.077784,0.198789
4491_225_90_127,4,5,0.007759,0.021252,0.044688,0.071716,0.041646,0.532398,0.280541
4491_226_546_723,4,1,0.207511,0.512064,0.077894,0.040754,0.104862,0.03282,0.024096
4491_226_162_185,2,5,0.013487,0.045917,0.047041,0.031918,0.027082,0.751513,0.083041
4491_226_302_434,4,4,0.005652,0.150857,0.387117,0.006823,0.418698,0.009854,0.020997
4491_225_456_501,4,5,0.123307,0.216154,0.052968,0.020542,0.074028,0.425664,0.087337
4491_225_755_861,4,5,0.045008,0.103591,0.061118,0.031972,0.214078,0.442044,0.102189
4491_226_65_87,6,5,0.00691,0.035054,0.033315,0.039836,0.018791,0.780707,0.085387
4491_225_1394_1436,4,5,0.01623,0.045418,0.087999,0.074478,0.063148,0.396702,0.316026
4491_225_31_52,6,0,0.238685,0.123822,0.073943,0.146926,0.103879,0.146562,0.166184
4494_226_123_174,6,5,0.015561,0.040697,0.061705,0.167914,0.035161,0.488399,0.190564
4494_226_1197_1497,6,6,0.010251,0.041621,0.039931,0.22046,0.084109,0.030743,0.572886
4494_225_1115_1188,2,6,0.050095,0.161031,0.106027,0.073498,0.179626,0.103503,0.326219
4494_225_190_259,2,2,0.009327,0.037241,0.628013,0.007783,0.221265,0.030931,0.06544
4494_225_936_953,4,6,0.015387,0.057079,0.072494,0.134624,0.148944,0.0197,0.551773
4494_225_581_725,2,5,0.023823,0.054514,0.212764,0.017033,0.222823,0.370074,0.098968
4494_225_324_407,2,6,0.008414,0.020343,0.044357,0.202318,0.024453,0.096173,0.603942
4494_226_970_1103,1,6,0.030632,0.100382,0.126042,0.16708,0.151731,0.161965,0.262167
4494_226_422_572,6,6,0.009704,0.050202,0.033949,0.323286,0.082644,0.068042,0.432173
4494_225_31_105,2,6,0.025553,0.069885,0.081208,0.260895,0.124834,0.079341,0.358284
4494_225_1512_1545,4,4,0.020461,0.126718,0.198707,0.057965,0.329266,0.026053,0.24083
4494_226_745_928,1,6,0.042747,0.182526,0.064733,0.162307,0.121318,0.127888,0.298481
4494_226_267_312,1,5,0.018076,0.053216,0.105534,0.048399,0.034378,0.464029,0.276368
4505_225_31_164,5,6,0.015161,0.053251,0.130823,0.064313,0.141183,0.218245,0.377024
4505_226_1293_1391,5,5,0.016612,0.107617,0.086093,0.285541,0.037199,0.445407,0.021532
4505_226_1977_2170,3,3,0.007136,0.008524,0.007823,0.895396,0.022115,0.036132,0.022874
4505_225_1134_1293,5,3,0.027949,0.136174,0.046499,0.332277,0.156358,0.085457,0.215284
4505_225_1649_1801,1,4,0.042215,0.152477,0.025147,0.118305,0.510013,0.072583,0.079261
4505_226_164_293,5,5,0.007823,0.048202,0.027088,0.123352,0.056075,0.412649,0.324809
4505_226_1801_1861,3,3,0.009995,0.017011,0.026262,0.597524,0.031765,0.243375,0.074068
4505_225_1391_1553,5,5,0.01274,0.039147,0.028389,0.03764,0.142035,0.621862,0.118186
4505_225_872_984,1,6,0.017894,0.246632,0.079135,0.081396,0.233661,0.02809,0.313193
4505_225_533_675,5,6,0.014645,0.023156,0.038838,0.27609,0.114548,0.157319,0.375403
4505_226_984_1134,3,3,0.023426,0.05933,0.048805,0.455207,0.141959,0.227319,0.043956
4505_225_293_460,5,5,0.001785,0.004073,0.004001,0.055386,0.008925,0.913963,0.011867
4505_226_460_533,5,3,0.016131,0.049398,0.027105,0.666079,0.052675,0.04485,0.143763
4505_226_675_872,5,5,0.010882,0.038003,0.04844,0.092443,0.114836,0.636255,0.05914
4505_225_1861_1977,3,3,0.016851,0.018167,0.015466,0.550756,0.229632,0.053281,0.115846
4505_226_1553_1649,5,1,0.035951,0.256158,0.061806,0.131516,0.150982,0.16243,0.201157
4519_225_84_136,5,5,0.004296,0.008973,0.013181,0.016944,0.00826,0.917119,0.031226
4519_225_1144_1235,0,0,0.334317,0.321625,0.040164,0.051447,0.076899,0.125555,0.049993
4519_226_148_293,1,6,0.025812,0.130251,0.130121,0.102838,0.10428,0.096826,0.409873
4519_226_1445_1500,0,3,0.005419,0.005251,0.002077,0.910784,0.048854,0.01027,0.017345
4519_225_949_1029,4,1,0.073219,0.312813,0.091368,0.085947,0.2045,0.024912,0.207241
4519_225_1311_1422,1,1,0.254051,0.438565,0.052378,0.034261,0.093294,0.023535,0.103916
4519_226_479_637,1,0,0.458456,0.357886,0.02631,0.011777,0.064419,0.043238,0.037915
4519_226_1038_1132,6,6,0.013999,0.035466,0.021906,0.33463,0.024765,0.015813,0.553422
4519_225_315_459,1,5,0.152236,0.157284,0.046946,0.011444,0.067777,0.517623,0.04669
4519_226_31_66,1,6,0.218906,0.144778,0.047343,0.09429,0.040044,0.207014,0.247624
4519_225_1513_1556,3,6,0.035875,0.104337,0.06188,0.26219,0.129044,0.04452,0.362156
4519_226_806_925,1,1,0.214372,0.270082,0.26855,0.014005,0.135814,0.042436,0.054741
4519_225_659_784,6,1,0.080512,0.286435,0.082541,0.091401,0.129016,0.081178,0.248917
4519_226_1259_1291,1,5,0.118222,0.108529,0.024254,0.03732,0.019497,0.634408,0.057769
4519_226_1573_1617,1,4,0.067866,0.188885,0.044286,0.052724,0.521265,0.106183,0.018791
4722_238_110_174,4,4,0.072723,0.207183,0.061225,0.117283,0.259483,0.075095,0.207009
4722_238_1290_1392,3,3,0.012222,0.064275,0.014451,0.470399,0.040706,0.021126,0.376821
4722_237_1141_1273,1,4,0.033441,0.10124,0.047769,0.215711,0.297344,0.026556,0.277939
4722_238_1540_1700,1,6,0.009633,0.069807,0.07337,0.285958,0.040643,0.014584,0.506005
4722_238_242_459,1,6,0.018267,0.214436,0.099542,0.055746,0.246014,0.023357,0.342637
4722_237_1403_1527,3,3,0.014975,0.026637,0.014725,0.650427,0.035268,0.215316,0.042652
4722_238_901_951,6,5,0.009016,0.040495,0.067921,0.035144,0.013217,0.579864,0.254343
4722_237_181_222,5,5,0.002634,0.004821,0.009705,0.015069,0.007686,0.945718,0.014366
4722_238_525_777,4,6,0.010867,0.070571,0.066773,0.116661,0.123353,0.013148,0.598627
4722_238_1084_1133,1,1,0.022667,0.52631,0.107025,0.052086,0.115652,0.042521,0.133739
4722_237_1711_1768,3,4,0.132463,0.264989,0.058914,0.059788,0.321108,0.107569,0.05517
4722_237_961_1070,1,6,0.025563,0.113564,0.033366,0.155491,0.104042,0.039457,0.528517
4722_237_470_511,5,5,0.012883,0.031458,0.04502,0.064145,0.014244,0.674271,0.157978
4722_237_31_86,5,5,0.028638,0.080496,0.093172,0.040506,0.047896,0.536078,0.173213
4722_237_787_889,4,3,0.021262,0.033188,0.012156,0.59918,0.122284,0.098482,0.113448
4734_237_31_136,3,3,0.006513,0.010313,0.027393,0.729705,0.009846,0.079297,0.136932
4734_238_1213_1423,1,1,0.220442,0.26398,0.035483,0.134256,0.065922,0.208628,0.071289
4734_237_1030_1213,2,1,0.033196,0.20773,0.204787,0.161407,0.064321,0.140586,0.187972
4734_238_1638_1761,6,1,0.242546,0.525465,0.036117,0.045628,0.040641,0.054739,0.054863
4734_237_188_374,3,5,0.009822,0.057838,0.120416,0.277783,0.027391,0.30551,0.20124
4734_237_1423_1638,1,1,0.167333,0.489453,0.052693,0.028018,0.138516,0.087033,0.036954
4734_238_838_1030,5,0,0.330739,0.257831,0.038826,0.027753,0.04729,0.267581,0.029981
4734_237_464_652,5,1,0.22473,0.306474,0.048506,0.042285,0.064856,0.278416,0.034733
4734_238_136_188,6,5,0.072172,0.229338,0.080535,0.030434,0.059045,0.286137,0.242339
4734_238_374_464,2,5,0.01879,0.058771,0.087962,0.101154,0.063298,0.403271,0.266755
4734_237_762_838,6,6,0.015245,0.07366,0.126842,0.250615,0.035998,0.08035,0.417292
4734_238_652_762,5,5,0.028101,0.091069,0.032576,0.006726,0.016941,0.802631,0.021957
4731_238_106_186,5,5,0.007118,0.024986,0.017915,0.002529,0.011607,0.923479,0.012367
4731_237_1077_1303,1,1,0.19958,0.510011,0.028896,0.019872,0.164773,0.05927,0.017597
4731_238_2021_2141,1,1,0.048594,0.371598,0.082583,0.013816,0.34162,0.111375,0.030414
4731_238_1648_1811,6,5,0.037184,0.078403,0.033604,0.222465,0.138269,0.345882,0.144192
4731_237_197_262,1,4,0.018389,0.113476,0.115483,0.051366,0.555133,0.025564,0.120589
4731_238_1314_1461,1,5,0.004929,0.007716,0.00805,0.038713,0.0155,0.913026,0.012066
4731_237_2171_2262,4,1,0.048107,0.474028,0.030165,0.016631,0.376216,0.011117,0.043736
4731_237_685_956,1,1,0.044703,0.520881,0.093146,0.020402,0.22337,0.032354,0.065144
4731_238_2285_2374,1,4,0.033613,0.292194,0.219208,0.023488,0.30564,0.053299,0.072558
4731_238_573_660,5,5,0.00928,0.055422,0.06403,0.014808,0.036158,0.78566,0.034641
4731_238_279_405,1,5,0.020227,0.107373,0.066182,0.00766,0.030571,0.740764,0.027223
4731_238_969_1064,4,5,0.013758,0.059971,0.068861,0.015544,0.032074,0.763944,0.045849
4731_237_426_562,1,1,0.045835,0.547125,0.058709,0.003466,0.288758,0.022611,0.033497
4731_237_31_101,4,4,0.018454,0.076817,0.128457,0.113882,0.530341,0.012904,0.119146
4731_237_1484_1624,1,4,0.013771,0.210994,0.091473,0.099029,0.445819,0.024872,0.114041
4731_237_1838_1999,4,4,0.009614,0.150737,0.280769,0.079009,0.378247,0.012766,0.088858
4736_238_1176_1404,4,6,0.007243,0.074874,0.203799,0.057296,0.232347,0.190337,0.234104
4736_238_1670_1779,6,4,0.023093,0.068101,0.086996,0.211665,0.330909,0.036546,0.24269
4736_238_156_317,3,4,0.041021,0.130441,0.05602,0.197286,0.207939,0.160362,0.206932
4736_237_1812_2008,5,5,0.027763,0.078889,0.164989,0.008676,0.152135,0.535244,0.032304
4736_237_1425_1622,6,6,0.008968,0.078984,0.138981,0.178973,0.11463,0.081825,0.397638
4736_238_876_968,3,4,0.014942,0.268493,0.105952,0.018651,0.448998,0.013161,0.129804
4736_237_995_1148,5,5,0.008917,0.0356,0.05657,0.012053,0.049563,0.800014,0.037283
4736_238_604_704,4,1,0.059985,0.386818,0.100454,0.02803,0.276044,0.048984,0.099684
4736_237_346_575,6,1,0.050843,0.229602,0.091576,0.170025,0.22531,0.166432,0.066213
4736_237_31_108,3,5,0.083927,0.091058,0.074512,0.234258,0.068263,0.333297,0.114686
4736_237_736_842,5,4,0.109576,0.217745,0.041406,0.123316,0.230778,0.115469,0.16171
4735_238_84_203,1,6,0.01747,0.074508,0.032255,0.15181,0.0439,0.034883,0.645173
4735_238_1269_1423,1,1,0.192212,0.621266,0.037144,0.019836,0.052056,0.034261,0.043224
4735_237_1134_1269,1,1,0.070745,0.574438,0.079501,0.012369,0.169751,0.067979,0.025218
4735_237_1663_1776,1,1,0.104949,0.644937,0.021265,0.045979,0.135928,0.021753,0.025188
4735_237_203_412,1,4,0.016953,0.203149,0.222801,0.010129,0.451149,0.068163,0.027657
4735_238_1776_1862,6,6,0.024475,0.073016,0.039254,0.300282,0.056615,0.021864,0.484494
4735_237_1423_1492,1,1,0.126091,0.583526,0.043981,0.064583,0.087136,0.065888,0.028796
4735_237_902_1028,1,1,0.118218,0.47175,0.094271,0.029866,0.067164,0.184677,0.034053
4735_237_581_814,0,1,0.342291,0.378489,0.032089,0.001918,0.047051,0.191668,0.006494
4735_238_1028_1134,1,1,0.039962,0.341532,0.203306,0.023423,0.131359,0.048059,0.212358
4735_238_412_581,1,1,0.107793,0.539246,0.081652,0.008448,0.129932,0.054514,0.078416
4735_237_31_84,1,6,0.0189,0.067436,0.106586,0.043087,0.063069,0.338328,0.362595
4735_238_1492_1663,1,6,0.035071,0.231193,0.200054,0.056185,0.070311,0.087947,0.319238
4735_238_814_902,1,1,0.167479,0.589709,0.05816,0.005311,0.093431,0.032708,0.053203
4735_237_1862_1900,6,3,0.018898,0.081558,0.037955,0.547924,0.067259,0.047036,0.19937
4748_238_2389_2529,3,5,0.042938,0.100877,0.099021,0.089874,0.049052,0.535641,0.082596
4748_237_31_415,1,4,0.031169,0.082528,0.031516,0.300103,0.423316,0.048339,0.08303
4748_237_1286_1453,1,1,0.136393,0.680398,0.027977,0.01416,0.098037,0.026408,0.016626
4748_238_2033_2195,5,4,0.035006,0.139291,0.028365,0.20029,0.340315,0.088423,0.168312
4748_238_1050_1286,1,4,0.017205,0.183959,0.057424,0.008515,0.675145,0.018398,0.039354
4748_237_1662_2033,1,4,0.011355,0.031219,0.014222,0.058383,0.830963,0.027124,0.026734
4748_238_1453_1662,5,4,0.00786,0.06008,0.094809,0.052033,0.506648,0.108711,0.169859
4748_237_2195_2389,5,1,0.310288,0.417295,0.015072,0.004096,0.108095,0.139151,0.006001
4748_237_2529_2642,1,3,0.186363,0.190188,0.129203,0.321101,0.095492,0.057151,0.020501
4748_237_835_1050,5,4,0.030659,0.049087,0.034273,0.245899,0.349754,0.258221,0.032107
4748_238_415_835,6,4,0.02115,0.191714,0.10462,0.030624,0.507142,0.022457,0.122292
4749_237_1946_2568,3,5,0.014722,0.023309,0.044139,0.149979,0.057153,0.617323,0.093375
4749_237_95_415,5,5,0.012193,0.014897,0.014951,0.104134,0.066778,0.74676,0.040286
4749_238_1246_1300,1,4,0.012359,0.091851,0.259575,0.037168,0.54137,0.022143,0.035534
4749_237_1045_1246,5,4,0.042501,0.238899,0.029352,0.212161,0.39149,0.027528,0.058069
4749_238_1345_1640,1,4,0.016284,0.131893,0.192503,0.008537,0.581753,0.017464,0.051567
4749_238_2568_2616,1,4,0.050801,0.126021,0.109104,0.09694,0.380946,0.074315,0.161872
4749_238_809_1045,5,4,0.03469,0.11206,0.058513,0.12295,0.469917,0.148972,0.052899
4749_237_1640_1849,1,4,0.076115,0.26697,0.060706,0.027615,0.297179,0.235075,0.036341
4749_237_612_809,1,3,0.032751,0.096499,0.084611,0.613613,0.067147,0.032742,0.072636
4749_238_2661_2741,1,6,0.016074,0.139234,0.130666,0.106835,0.257446,0.023105,0.326641
4749_238_415_612,3,2,0.018698,0.091005,0.267343,0.181682,0.209243,0.021235,0.210793
4749_238_1849_1946,5,5,0.009654,0.056143,0.056578,0.062701,0.054898,0.639573,0.120454
4749_237_1300_1345,5,5,0.021592,0.04301,0.051978,0.00949,0.044024,0.794022,0.035885
4749_237_2616_2661,5,5,0.005107,0.015293,0.015748,0.014458,0.012403,0.891056,0.045935
4749_238_31_95,3,1,0.084329,0.26139,0.22888,0.105442,0.092734,0.07335,0.153875
4755_237_1296_1420,2,1,0.246847,0.543835,0.038108,0.045777,0.050399,0.061736,0.013297
4755_237_1970_2111,6,1,0.126634,0.405001,0.10199,0.012013,0.067241,0.270689,0.016432
4755_238_933_1267,6,2,0.05082,0.265981,0.277429,0.015408,0.108352,0.111234,0.170776
4755_237_1585_1767,2,1,0.268053,0.450595,0.055296,0.014437,0.063348,0.125105,0.023167
4755_237_252_381,2,1,0.315621,0.469419,0.044291,0.006157,0.081638,0.070634,0.012241
4755_238_1783_1901,6,4,0.052114,0.3629,0.101739,0.017527,0.3842,0.022043,0.059477
4755_238_2152_2246,3,3,0.025503,0.052623,0.024024,0.634957,0.054712,0.043732,0.164449
4755_238_148_220,3,1,0.02763,0.281439,0.143614,0.088459,0.163169,0.05257,0.243119
4755_238_429_805,6,2,0.031057,0.198948,0.312945,0.037562,0.179691,0.059264,0.180532
4755_237_31_78,2,5,0.025339,0.159351,0.109708,0.013138,0.045321,0.554201,0.092942
4755_238_1481_1554,6,1,0.096735,0.368232,0.104725,0.06658,0.074555,0.085853,0.203319
4755_237_824_909,2,5,0.076477,0.269985,0.129641,0.014919,0.059118,0.284815,0.165045
4756_238_94_162,4,5,0.015991,0.129804,0.147624,0.013778,0.046176,0.574643,0.071983
4756_237_1176_1300,4,6,0.038202,0.120732,0.126085,0.051001,0.180155,0.237204,0.246621
4756_238_1992_2102,4,5,0.02028,0.042268,0.022876,0.157592,0.107031,0.633977,0.015976
4756_238_1624_1692,5,5,0.055907,0.096421,0.066298,0.015952,0.028082,0.726778,0.010562
4756_238_232_421,2,5,0.037036,0.13576,0.122196,0.009072,0.067071,0.607645,0.02122
4756_238_1803_1868,0,6,0.06212,0.232572,0.093039,0.145761,0.041729,0.148646,0.276133
4756_237_1362_1608,4,4,0.071221,0.294899,0.137615,0.010298,0.322145,0.090627,0.073196
4756_237_949_1083,1,1,0.105004,0.356038,0.119374,0.006037,0.267945,0.098923,0.04668
4756_237_177_214,4,5,0.010799,0.035094,0.120529,0.036261,0.072114,0.595555,0.129648
4756_238_575_775,0,1,0.36967,0.452065,0.040426,0.015453,0.058666,0.049324,0.014396
4756_238_1105_1144,5,5,0.010546,0.028888,0.016805,0.026165,0.015019,0.873685,0.028892
4756_237_1707_1790,1,1,0.226478,0.371403,0.126422,0.004967,0.077536,0.146708,0.046486
4756_238_1314_1348,5,5,0.029554,0.126623,0.041269,0.130457,0.060492,0.487437,0.124168
4756_237_444_553,4,4,0.044475,0.195099,0.20842,0.016461,0.429455,0.067427,0.038663
4756_237_31_70,4,4,0.032177,0.109716,0.105445,0.145593,0.46808,0.02927,0.109719
4756_237_789_853,4,1,0.221128,0.520617,0.029511,0.029744,0.132116,0.029918,0.036965
4756_237_1890_1976,4,1,0.147249,0.456374,0.022963,0.082896,0.227454,0.034248,0.028816
4756_238_881_927,5,5,0.030538,0.140204,0.107211,0.031835,0.051298,0.550115,0.088799
4928_247_31_186,2,2,0.015997,0.047152,0.557869,0.005889,0.342985,0.016433,0.013675
4928_247_1240_1374,4,4,0.01595,0.132816,0.391654,0.008531,0.421836,0.020176,0.009038
4928_247_2034_2066,5,5,0.009127,0.01964,0.049374,0.003251,0.008472,0.897586,0.01255
4928_248_955_1235,4,2,0.0427,0.261163,0.261678,0.036822,0.216897,0.117665,0.063075
4928_247_1574_1756,2,4,0.021516,0.064084,0.392051,0.061,0.393769,0.049028,0.018551
4928_248_208_335,3,5,0.044404,0.103986,0.057245,0.020604,0.041003,0.698305,0.034454
4928_248_1773_2030,0,4,0.042204,0.301089,0.237643,0.007429,0.368085,0.016566,0.026985
4928_248_1389_1556,0,1,0.214888,0.568047,0.067952,0.018862,0.071468,0.027408,0.031375
4928_248_2078_2223,0,1,0.094947,0.363179,0.107024,0.03466,0.06082,0.238742,0.100628
4928_247_847_934,4,2,0.02154,0.089956,0.489168,0.013521,0.268585,0.043696,0.073534
4928_247_544_737,4,4,0.011248,0.03521,0.182644,0.018855,0.712139,0.014609,0.025295
4928_248_463_504,1,5,0.102401,0.217871,0.098334,0.019121,0.062283,0.427832,0.072157
4928_248_754_828,1,2,0.073564,0.240801,0.310086,0.020508,0.134985,0.113459,0.106597
4928_247_352_403,4,2,0.004118,0.036937,0.647555,0.005802,0.26842,0.016204,0.020964
4929_248_120_229,0,6,0.044958,0.200308,0.123774,0.136315,0.157836,0.050213,0.286596
4929_247_1267_1327,4,6,0.056995,0.296375,0.051851,0.111827,0.130344,0.037232,0.315375
4929_247_1130_1211,2,2,0.013641,0.111332,0.456811,0.016559,0.284048,0.016815,0.100795
4929_247_240_269,5,5,0.010409,0.045927,0.072257,0.013051,0.015629,0.794604,0.048124
4929_248_939_1118,0,1,0.088403,0.329216,0.10666,0.021034,0.063081,0.311931,0.079675
4929_248_1345_1424,0,1,0.243911,0.362637,0.103308,0.014761,0.037839,0.190135,0.047409
4929_248_289_363,3,5,0.03704,0.113854,0.185864,0.06356,0.05019,0.30782,0.241672
4929_247_593_714,2,1,0.059702,0.353122,0.240232,0.033183,0.179705,0.068416,0.065641
4929_248_463_584,1,6,0.056173,0.213965,0.126656,0.074143,0.081215,0.157916,0.289932
4929_247_31_105,2,5,0.017786,0.036148,0.166821,0.034477,0.064561,0.568895,0.111312
4929_247_367_448,5,5,0.004988,0.024576,0.059039,0.008595,0.013438,0.865261,0.024103
4929_248_1217_1254,0,5,0.059408,0.123452,0.079071,0.010316,0.022182,0.634463,0.071108
4929_248_718_877,0,5,0.013346,0.054024,0.070884,0.010472,0.023516,0.786143,0.041617
4929_247_885_913,5,5,0.009913,0.029365,0.054119,0.013258,0.02047,0.8084,0.064475
4952_248_1253_1378,1,6,0.021065,0.206658,0.147279,0.060748,0.142365,0.094243,0.327642
4952_247_1088_1215,6,3,0.009778,0.027958,0.032332,0.439772,0.036602,0.048264,0.405295
4952_247_148_257,1,1,0.183006,0.479095,0.063569,0.023303,0.075366,0.150836,0.024825
4952_247_1401_1485,0,5,0.055408,0.095795,0.052242,0.012431,0.044076,0.709404,0.030644
4952_247_916_942,6,3,0.038738,0.110261,0.19656,0.265243,0.171171,0.047811,0.170217
4952_247_577_694,1,3,0.020573,0.091472,0.162751,0.348364,0.148869,0.129708,0.098265
4952_248_293_351,1,1,0.036574,0.31788,0.101142,0.060566,0.179183,0.030016,0.274639
4952_248_989_1071,6,5,0.030352,0.120984,0.14292,0.081926,0.069082,0.340973,0.213763
4952_247_387_530,1,3,0.0226,0.096607,0.057018,0.484232,0.167335,0.092359,0.079848
4952_248_31_114,1,1,0.04982,0.5156,0.098644,0.042928,0.082232,0.12564,0.085137
4952_248_1527_1597,6,6,0.017545,0.223038,0.188573,0.043505,0.201688,0.079163,0.246488
4952_248_749_888,1,3,0.019919,0.128641,0.061947,0.453514,0.045502,0.029468,0.26101
4952_247_1621_1636,5,5,0.094072,0.237772,0.13543,0.026973,0.079955,0.318744,0.107054
4952_248_541_546,3,5,0.061775,0.06427,0.039193,0.130368,0.055958,0.57882,0.069616
4954_247_1141_1310,5,5,0.04346,0.097462,0.139446,0.190469,0.103444,0.320107,0.105613
4954_248_1519_1735,6,6,0.019856,0.190495,0.090651,0.16921,0.237298,0.021755,0.270734
4954_247_1764_1864,1,1,0.030378,0.504378,0.154072,0.01108,0.248079,0.023132,0.028881
4954_247_1368_1481,3,3,0.010891,0.012983,0.00809,0.773851,0.055206,0.12422,0.014759
4954_247_31_122,6,5,0.008385,0.034634,0.068821,0.009843,0.075826,0.745097,0.057395
4954_248_933_1119,6,1,0.025315,0.371869,0.225232,0.020019,0.124695,0.051625,0.181244
4954_247_175_232,6,5,0.005894,0.024482,0.058534,0.013815,0.03749,0.779319,0.080466
4954_248_523_632,6,6,0.018354,0.127575,0.156904,0.139266,0.169816,0.067924,0.320161
4954_248_259_404,1,1,0.022634,0.28662,0.146311,0.037274,0.286269,0.04176,0.179133
4954_247_425_497,1,1,0.132039,0.376628,0.076672,0.010614,0.156103,0.189182,0.058761
4954_247_794_906,5,5,0.01579,0.036003,0.047966,0.013598,0.038286,0.79943,0.048927
4954_248_1894_1908,6,5,0.02272,0.092664,0.101807,0.135226,0.064971,0.394927,0.187684
4954_248_1321_1336,6,3,0.036856,0.167564,0.067946,0.282984,0.057037,0.176045,0.211568
4954_247_648_720,6,5,0.011119,0.054802,0.047675,0.00552,0.017442,0.83148,0.031962
4954_248_744_759,6,6,0.028526,0.081221,0.150644,0.294942,0.093071,0.056093,0.295503
4954_248_145_156,6,6,0.095392,0.248405,0.06224,0.109408,0.071176,0.130371,0.283008
4960_247_31_131,1,4,0.04074,0.227465,0.136059,0.051568,0.377658,0.062983,0.103527
4960_247_1068_1202,1,1,0.154486,0.221942,0.132227,0.100574,0.15292,0.08133,0.156521
4960_248_1618_1719,5,6,0.011309,0.059532,0.092537,0.220396,0.019748,0.116909,0.47957
4960_248_156_365,5,5,0.021811,0.082753,0.078596,0.12423,0.092196,0.388026,0.212388
4960_247_1738_1831,1,1,0.234193,0.576876,0.030194,0.010717,0.091621,0.020424,0.035975
4960_248_1428_1476,5,5,0.04948,0.120887,0.041635,0.043473,0.021977,0.668954,0.053593
4960_247_929_1006,1,5,0.058102,0.226731,0.13594,0.063955,0.039789,0.308846,0.166637
4960_247_1299_1420,1,1,0.155444,0.585681,0.031454,0.003958,0.197808,0.017415,0.008239
4960_248_577_804,1,2,0.019345,0.255144,0.26405,0.054423,0.222048,0.063157,0.121833
4960_247_367_569,0,5,0.223324,0.260938,0.06731,0.008469,0.101564,0.309864,0.028529
4960_247_1487_1611,1,4,0.053761,0.330063,0.086707,0.01821,0.43395,0.044191,0.033119
4960_248_1211_1275,3,5,0.040038,0.283359,0.112969,0.115091,0.03867,0.348298,0.061574
4960_247_805_835,5,5,0.011841,0.021069,0.016472,0.021353,0.016624,0.881078,0.031563
4960_248_1842_1915,1,4,0.019204,0.241731,0.273889,0.036478,0.322154,0.035498,0.071046
4960_248_850_921,1,5,0.036618,0.112901,0.055651,0.292763,0.052953,0.341433,0.10768
4960_248_1008_1033,5,5,0.037946,0.068734,0.031938,0.018781,0.011683,0.802672,0.028246
5163_259_126_248,3,1,0.056125,0.499285,0.035704,0.024685,0.158968,0.025664,0.199569
5163_260_1294_1437,3,4,0.041636,0.308999,0.05799,0.063292,0.456273,0.027887,0.043922
5163_259_961_1252,3,4,0.034869,0.13141,0.025775,0.207865,0.34825,0.040279,0.211552
5163_260_1516_1746,3,3,0.111593,0.311154,0.032872,0.331405,0.056275,0.093456,0.063245
5163_260_248_299,3,5,0.017895,0.077941,0.046252,0.222101,0.076732,0.488198,0.070881
5163_259_1456_1497,3,1,0.072199,0.543913,0.054489,0.077375,0.063193,0.140399,0.048431
5163_260_638_946,3,3,0.030741,0.103459,0.018727,0.593054,0.075066,0.039504,0.139449
5163_259_577_625,3,5,0.011058,0.105964,0.093024,0.016775,0.021734,0.620056,0.131389
5163_259_321_339,3,5,0.026392,0.058903,0.020311,0.008561,0.011995,0.825578,0.048259
5163_259_416_507,3,5,0.041799,0.108643,0.015348,0.019044,0.02925,0.762211,0.023705
5163_260_31_93,3,3,0.036655,0.102521,0.151893,0.231513,0.142694,0.14344,0.191284
5163_260_342_406,3,3,0.02842,0.151948,0.076969,0.377651,0.105238,0.075149,0.184624
5163_260_508_564,3,6,0.017195,0.136243,0.050462,0.164093,0.043863,0.052059,0.536085
5170_260_104_212,3,1,0.166113,0.586765,0.04523,0.033394,0.053453,0.081422,0.033622
5170_260_1263_1516,3,1,0.179889,0.567425,0.058472,0.053407,0.057232,0.050609,0.032967
5170_259_1915_2375,1,1,0.222181,0.534014,0.02691,0.004405,0.175656,0.025695,0.011139
5170_259_971_1261,1,1,0.158003,0.468056,0.043304,0.023987,0.184085,0.037989,0.084576
5170_259_1544_1820,4,1,0.171032,0.490413,0.107135,0.004285,0.16201,0.032044,0.03308
5170_259_223_610,1,1,0.111875,0.540987,0.063146,0.00877,0.14796,0.059594,0.067668
5170_260_825_950,1,1,0.364054,0.47217,0.041012,0.007809,0.031741,0.062257,0.020958
5170_259_31_56,1,1,0.047445,0.376174,0.14208,0.02601,0.154088,0.177411,0.076791
5170_260_2378_2453,1,1,0.427173,0.445454,0.019854,0.010598,0.014166,0.073363,0.009393
5170_260_1832_1898,3,1,0.256566,0.571056,0.040029,0.007694,0.044271,0.064766,0.015617
5170_260_645_743,1,1,0.199537,0.43958,0.080536,0.021996,0.053341,0.163671,0.041339
5170_259_743_807,3,5,0.014658,0.039804,0.027782,0.02691,0.012122,0.80827,0.070454
5176_260_104_151,6,1,0.169003,0.606231,0.032933,0.072929,0.057211,0.029891,0.031801
5176_260_1162_1222,2,5,0.084686,0.315248,0.064351,0.015709,0.031822,0.450029,0.038154
5176_259_31_92,1,1,0.24741,0.558856,0.035068,0.005707,0.07658,0.04731,0.029069
5176_259_915_1133,6,5,0.024595,0.280003,0.14256,0.004215,0.113195,0.357134,0.078298
5176_259_623_781,5,5,0.139209,0.281577,0.061627,0.032134,0.039065,0.362502,0.083885
5176_259_167_365,1,1,0.239198,0.509314,0.054182,0.004314,0.076137,0.078484,0.038372
5176_260_382_440,3,1,0.090272,0.59343,0.082789,0.032058,0.079827,0.04127,0.080354
5176_260_583_607,4,1,0.11939,0.373316,0.061233,0.119395,0.109212,0.062649,0.154806
5176_260_808_863,5,5,0.026522,0.092107,0.040055,0.011108,0.020214,0.78788,0.022113
5176_259_477_568,6,1,0.11725,0.336069,0.034914,0.093678,0.074613,0.039207,0.304269
5181_259_101_227,5,1,0.035211,0.248536,0.074762,0.114397,0.075487,0.229179,0.222427
5181_259_1267_1372,4,1,0.048817,0.360494,0.041828,0.058901,0.250164,0.072719,0.167078
5181_260_1042_1238,4,4,0.0366,0.231239,0.041541,0.114171,0.397969,0.058534,0.119946
5181_259_1601_1773,3,6,0.011679,0.04201,0.035945,0.181581,0.149029,0.01769,0.562065
5181_260_231_301,4,3,0.009689,0.063994,0.016158,0.448078,0.053035,0.019571,0.389475
5181_260_1806_1829,4,6,0.044629,0.091657,0.11502,0.034065,0.091937,0.293351,0.32934
5181_260_1386_1589,4,1,0.052648,0.267122,0.088903,0.19657,0.136014,0.054716,0.204027
5181_260_711_941,4,6,0.055182,0.163027,0.059205,0.177673,0.21716,0.049001,0.278752
5181_260_536_593,3,3,0.018225,0.156041,0.078071,0.319952,0.115992,0.079675,0.232044
5181_259_309_534,5,5,0.018807,0.088862,0.034902,0.097064,0.147736,0.42425,0.188379
5181_260_31_61,4,6,0.040089,0.136571,0.082137,0.263812,0.050775,0.03461,0.392005
5181_259_646_689,3,6,0.020303,0.044551,0.07155,0.230317,0.033525,0.145923,0.453832
5181_259_955_1017,5,6,0.016526,0.066526,0.040709,0.056657,0.066951,0.158744,0.593886
5185_259_90_240,5,4,0.019519,0.159481,0.228836,0.007613,0.278991,0.245457,0.060102
5185_259_1223_1332,4,1,0.161694,0.619232,0.023317,0.003448,0.14281,0.027079,0.02242
5185_260_1163_1221,1,3,0.123918,0.331399,0.020096,0.361458,0.058549,0.039818,0.064763
5185_259_1427_1767,4,1,0.125354,0.444673,0.013635,0.016231,0.324004,0.023499,0.052603
5185_260_252_420,4,1,0.04781,0.528686,0.100084,0.03977,0.181622,0.048271,0.053756
5185_260_1785_1900,3,3,0.015368,0.046987,0.025128,0.755873,0.040271,0.023102,0.093271
5185_259_807_984,4,4,0.077602,0.417598,0.014116,0.009032,0.455265,0.005026,0.021362
5185_260_515_608,4,6,0.022145,0.152943,0.050846,0.181665,0.09113,0.035294,0.465977
5185_259_1039_1162,4,1,0.138549,0.580968,0.008392,0.007478,0.232022,0.008772,0.023819
5185_260_985_1039,1,3,0.042834,0.068287,0.020872,0.666952,0.042356,0.080259,0.078439
5185_259_448_512,4,6,0.064745,0.184197,0.095392,0.062742,0.072129,0.166187,0.354608
5185_260_31_89,1,4,0.015045,0.195809,0.170516,0.014899,0.560827,0.010625,0.032279
5185_259_643_714,4,1,0.02964,0.366148,0.100573,0.007808,0.328167,0.044145,0.123518
5185_260_719_777,3,3,0.0408,0.130942,0.014425,0.595432,0.082087,0.036102,0.100212
5185_260_1353_1390,4,3,0.022649,0.078872,0.010768,0.717023,0.054562,0.014764,0.101363
5188_259_1235_1349,4,6,0.00792,0.028304,0.037299,0.309345,0.055394,0.042803,0.518935
5188_260_1132_1214,5,5,0.013343,0.023958,0.017278,0.049705,0.021356,0.731775,0.142584
5188_260_1579_1793,4,6,0.018329,0.036088,0.021099,0.408664,0.043578,0.028175,0.444067
5188_259_237_313,5,6,0.04681,0.080304,0.063001,0.178378,0.082058,0.253368,0.296079
5188_260_1386_1466,4,5,0.065562,0.112699,0.074369,0.094401,0.07293,0.296159,0.28388
5188_259_702_1085,4,6,0.012288,0.03095,0.052818,0.178111,0.126412,0.254936,0.344485
5188_260_130_220,5,6,0.010029,0.055279,0.157396,0.13638,0.054716,0.07827,0.50793
5188_260_538_687,4,6,0.013132,0.047594,0.025294,0.372699,0.031758,0.045961,0.463563
5188_260_332_419,3,6,0.037414,0.111222,0.064933,0.170212,0.085315,0.070029,0.460876
5188_259_438_500,5,6,0.020626,0.072444,0.099012,0.051129,0.202828,0.068868,0.485094
5188_259_31_99,4,6,0.01986,0.027278,0.038902,0.362514,0.085471,0.028629,0.437345
5188_259_1472_1511,6,6,0.013451,0.031655,0.014568,0.293097,0.04367,0.010242,0.593317
5188_260_1914_1976,4,6,0.038802,0.111023,0.071631,0.304697,0.058284,0.026707,0.388857
5188_259_1828_1855,5,4,0.01765,0.105218,0.208113,0.034339,0.305599,0.090201,0.238879
5190_259_124_247,5,5,0.013983,0.046296,0.033684,0.008771,0.026917,0.83172,0.038629
5190_260_1174_1313,4,3,0.025139,0.058813,0.04251,0.741895,0.043787,0.038613,0.049242
5190_259_1980_2152,3,3,0.057815,0.120438,0.023254,0.634431,0.06774,0.048939,0.047384
5190_260_1559_1698,5,4,0.050425,0.181529,0.093755,0.144297,0.202819,0.137508,0.189667
5190_260_247_278,3,1,0.139296,0.461739,0.049276,0.157185,0.040965,0.026339,0.125199
5190_259_1710_1854,3,3,0.028748,0.055171,0.015908,0.712045,0.03214,0.00875,0.147238
5190_259_1337_1529,1,1,0.150152,0.41239,0.075484,0.045402,0.178654,0.022327,0.115591
5190_260_2182_2280,3,1,0.197068,0.358671,0.022149,0.311158,0.031471,0.04378,0.035703
5190_260_682_967,3,5,0.047871,0.095575,0.039421,0.076245,0.048555,0.621886,0.070447
5190_259_2302_2378,3,3,0.011295,0.018787,0.004326,0.892707,0.026091,0.026108,0.020686
5190_259_579_661,4,6,0.025195,0.142933,0.092051,0.031101,0.098518,0.014359,0.595843
5190_259_999_1106,1,1,0.084878,0.559235,0.027332,0.028192,0.192162,0.020836,0.087364
5190_259_346_481,4,4,0.022177,0.302689,0.105834,0.02213,0.39266,0.019026,0.135484
5190_260_31_90,3,3,0.023642,0.035954,0.049002,0.702752,0.034625,0.040128,0.113898
5190_260_1859_1976,3,3,0.094614,0.200934,0.038023,0.560464,0.027912,0.027661,0.050392
5190_260_489_570,5,5,0.073985,0.109603,0.034806,0.008135,0.02567,0.704942,0.042858
5198_260_31_185,3,0,0.364121,0.284182,0.043896,0.053755,0.026346,0.211048,0.016652
5198_260_1239_1304,1,0,0.448595,0.270761,0.016759,0.013099,0.020158,0.209331,0.021297
5198_259_2016_2133,0,1,0.114283,0.446721,0.022946,0.122762,0.112129,0.013879,0.167282
5198_259_1110_1233,1,1,0.170681,0.53205,0.021766,0.03439,0.088951,0.029177,0.122985
5198_259_1630_1785,1,1,0.082348,0.773564,0.033176,0.00811,0.061873,0.016888,0.024041
5198_259_231_322,3,3,0.047794,0.073854,0.038638,0.311906,0.078371,0.294143,0.155293
5198_260_1810_2011,3,1,0.14758,0.425725,0.049919,0.140322,0.059725,0.072134,0.104594
5198_260_1377_1620,1,5,0.076421,0.159678,0.035296,0.027525,0.049859,0.617265,0.033955
5198_259_782_992,1,1,0.165688,0.308048,0.034948,0.050074,0.061699,0.28635,0.093194
5198_259_1308_1359,1,1,0.184715,0.611614,0.030276,0.005675,0.051329,0.050028,0.066362
5198_259_585_705,1,5,0.062587,0.107555,0.047492,0.004348,0.038607,0.695871,0.043541
5198_260_992_1108,3,1,0.157372,0.334691,0.056823,0.146453,0.044481,0.160369,0.09981
5198_260_346_579,3,3,0.01502,0.015417,0.015448,0.638486,0.040908,0.237145,0.037577
5198_260_710_772,3,1,0.300439,0.322094,0.048818,0.104385,0.036941,0.046691,0.140632
